:1000000000040020810A000015070000610A0000BA
:100010001F07000029070000330700000000000050
:10002000000000000000000000000000A50A000021
:100030003D070000000000004707000051070000D6
:100040005B070000650700006F07000079070000EC
:10005000830700008D07000097070000A10700003C
:10006000AB070000B5070000BF070000C90700008C
:10007000D3070000DD070000E7070000F1070000DC
:10008000FB070000050800000F0800001908000029
:10009000230800002D080000370800004108000078
:1000A0004B080000550800005F08000069080000C8
:1000B000730800007D080000870800009108000018
:1000C0009B080000A5080000AF080000B908000068
:1000D000C3080000CD080000D7080000E1080000B8
:1000E000EB080000F5080000FF0800000909000007
:1000F000130900001D090000270900003109000054
:100100003B0900001FB500F003F88DE80F001FBD8C
:1001100000F0ACBC40F6FC7108684FF01022401CA7
:1001200008D00868401C09D00868401C04D0086842
:1001300000F037BA9069F5E79069F9E7704770B554
:100140000B46010B184400F6FF70040B4FF0805073
:100150000022090303692403406943431D1B104621
:1001600000F048FA29462046BDE8704000F042BA47
:10017000F0B54FF6FF734FF4B4751A466E1E11E0DA
:10018000A94201D3344600E00C46091B30F8027B3B
:10019000641E3B441A44F9D19CB204EB134394B25D
:1001A00004EB12420029EBD198B200EB134002EBB2
:1001B000124140EA0140F0BDF34992B00446D1E952
:1001C0000001CDE91001FF224021684600F0F4FB58
:1001D00094E80F008DE80F00684610A902E004C8FB
:1001E00041F8042D8842FAD110216846FFF7C0FF7C
:1001F0001090AA208DF8440000F099F9FFF78AFFCB
:1002000040F6FC7420684FF01025401C0FD0206889
:1002100010226946803000F078F92068401C08D030
:100220002068082210A900F070F900F061F9A869AF
:10023000EEE7A869F5E74FF080500369406940F6A2
:10024000FC71434308684FF01022401C06D0086838
:1002500000F58050834203D2092070479069F7E788
:100260000868401C04D00868401C03D00020704778
:100270009069F9E70420704770B504460068C34DE3
:10028000072876D2DFE800F033041929631E250021
:10029000D4E9026564682946304600F062F92A46CE
:1002A0002146304600F031F9AA002146304600F0E0
:1002B00057FB002800D0032070BD00F009FC4FF46C
:1002C000805007E0201D00F040F90028F4D100F034
:1002D000FFFB60682860002070BD241D94E80700C3
:1002E000920000F03DFB0028F6D00E2070BDFFF715
:1002F000A2FF0028FAD1D4E901034FF0805100EBAE
:10030000830208694D69684382420ED840F6F8704E
:1003100005684FF010226D1C09D0056805EB8305B8
:100320000B6949694B439D4203D9092070BD55694A
:10033000F4E70168491C03D00068401C02D003E0C8
:100340005069FAE70F2070BD2046FFF735FFFFF731
:1003500072FF0028F7D1201D00F0F7F80028F2D135
:1003600060680028F0D100F0E2F8FFF7D3FE00F05B
:10037000BFF8072070BD10B50C46182802D0012028
:10038000086010BD2068FFF777FF206010BD41684E
:10039000054609B1012700E0002740F6F8742068FF
:1003A0004FF01026401C2BD02068AA68920000F065
:1003B000D7FA38B3A86881002068401C27D020688D
:1003C000FFF7BDFED7B12068401C22D026684FF051
:1003D0008050AC686D68016942695143A9420DD9EA
:1003E000016940694143A14208D92146304600F0E5
:1003F000B8F822462946304600F087F800F078F831
:100400007069D2E700F093F8FFF784FEF6E77069B1
:10041000D6E77669DBE740F6FC7420684FF01026DB
:10042000401C23D02068401C0CD02068401C1FD0EA
:100430002568206805F18005401C1BD027683879A5
:10044000AA2819D040F6F8700168491C42D001680A
:10045000491C45D00168491C3ED001680968491C07
:100460003ED00168491C39D000683EE0B069DAE747
:10047000B569DEE7B769E2E710212846FFF778FEA5
:100480003968814222D12068401C05D0D4F8001080
:1004900001F18002C03107E0B169F9E730B108CA63
:1004A00051F8040D984201D1012000E000208A4259
:1004B000F4D158B1286810B1042803D0FEE72846CB
:1004C000FFF765FF3149686808600EE0FFF722FE1C
:1004D00000F00EF87169BBE77169BFE7706904E06D
:1004E0004FF480500168491C01D000F0CBFAFEE7C0
:1004F000BFF34F8F26480168264A01F4E06111439B
:100500000160BFF34F8F00BFFDE72DE9F0411746B3
:100510000D460646002406E03046296800F054F8EF
:10052000641C2D1D361DBC42F6D3BDE8F08140F69B
:10053000FC700168491C04D0D0F800004FF48051D1
:10054000FDE54FF010208069F8E74FF080510A690F
:10055000496900684A43824201D810207047002050
:10056000704770B50C4605464FF4806608E0284693
:1005700000F017F8B44205D3A4F5806405F5805562
:10058000002CF4D170BD0000F40A0000000000202F
:100590000CED00E00400FA05144801680029FCD0C5
:1005A0007047134A0221116010490B68002BFCD0E0
:1005B0000F4B1B1D186008680028FCD0002010603D
:1005C00008680028FCD07047094B10B501221A605A
:1005D000064A1468002CFCD0016010680028FCD08A
:1005E0000020186010680028FCD010BD00E4014015
:1005F00004E5014070B50C46054600F073F810B9EB
:1006000000F07EF828B121462846BDE8704000F091
:1006100007B821462846BDE8704000F037B8000012
:100620007FB5002200920192029203920A0B000B06
:100630006946012302440AE0440900F01F0651F80C
:10064000245003FA06F6354341F82450401C8242F8
:10065000F2D80D490868009A10430860081D016827
:10066000019A1143016000F03DF800280AD00649C4
:1006700010310868029A10430860091D0868039A3F
:10068000104308607FBD00000006004030B50F4CED
:10069000002200BF04EB0213D3F800582DB9D3F8A1
:1006A000045815B9D3F808581DB1521C082AF1D3C3
:1006B00030BD082AFCD204EB0212C2F80008C3F8CD
:1006C00004180220C3F8080830BD000000E0014013
:1006D0004FF08050D0F83001082801D0002070473A
:1006E000012070474FF08050D0F83011062905D016
:1006F000D0F83001401C01D0002070470120704725
:100700004FF08050D0F830010A2801D00020704707
:100710000120704708208F490968095808471020B0
:100720008C4909680958084714208A4909680958FA
:100730000847182087490968095808473020854923
:100740000968095808473820824909680958084744
:100750003C20804909680958084740207D490968BC
:100760000958084744207B49096809580847482028
:1007700078490968095808474C207649096809589A
:10078000084750207349096809580847542071499F
:1007900009680958084758206E49096809580847E8
:1007A0005C206C4909680958084760206949096854
:1007B00009580847642067490968095808476820AC
:1007C00064490968095808476C2062490968095852
:1007D000084770205F4909680958084774205D4937
:1007E00009680958084778205A490968095808478C
:1007F0007C205849096809580847802055490968EC
:10080000095808478420534909680958084788202F
:1008100050490968095808478C204E490968095809
:10082000084790204B4909680958084794204949CE
:10083000096809580847982046490968095808472F
:100840009C204449096809580847A0204149096883
:1008500009580847A4203F49096809580847A820B3
:100860003C49096809580847AC203A4909680958C1
:100870000847B0203749096809580847B420354966
:10088000096809580847B8203249096809580847D3
:10089000BC203049096809580847C0202D4909681B
:1008A00009580847C4202B49096809580847C82037
:1008B0002849096809580847CC2026490968095879
:1008C0000847D0202349096809580847D4202149FE
:1008D000096809580847D8201E4909680958084777
:1008E000DC201C49096809580847E02019490968B3
:1008F00009580847E4201749096809580847E820BB
:100900001449096809580847EC2012490968095830
:100910000847F0200F49096809580847F4200D4995
:10092000096809580847F8200A490968095808471A
:10093000FC2008490968095808475FF48070054998
:10094000096809580847000003480449024A034B54
:100950007047000000000020000B0000000B0000AA
:1009600040EA010310B59B070FD1042A0DD310C82C
:1009700008C9121F9C42F8D020BA19BA884201D97E
:10098000012010BD4FF0FF3010BD1AB1D30703D0C6
:10099000521C07E0002010BD10F8013B11F8014B7C
:1009A0001B1B07D110F8013B11F8014B1B1B01D198
:1009B000921EF1D1184610BD02F0FF0343EA032254
:1009C00042EA024200F005B87047704770474FF0A6
:1009D00000020429C0F0128010F0030C00F01B800C
:1009E000CCF1040CBCF1020F18BF00F8012BA8BF1A
:1009F00020F8022BA1EB0C0100F00DB85FEAC17CDE
:100A000024BF00F8012B00F8012B48BF00F8012B90
:100A100070474FF0000200B51346944696462039C1
:100A200022BFA0E80C50A0E80C50B1F12001BFF4A7
:100A3000F7AF090728BFA0E80C5048BF0CC05DF80D
:100A400004EB890028BF40F8042B08BF704748BF5B
:100A500020F8022B11F0804F18BF00F8012B7047CF
:100A6000014B1B68DB6818470000002009480A4951
:100A70007047FFF7FBFFFFF745FB00BD20BFFDE719
:100A8000064B1847064A1060016881F308884068E1
:100A900000470000000B0000000B000017040000DE
:100AA000000000201EF0040F0CBFEFF30881EFF3ED
:100AB0000981886902380078182803D100E0000015
:100AC000074A1047074A12682C3212681047000084
:100AD00000B5054B1B68054A9B58984700BD0000B0
:100AE0007703000000000020F00A0000040000006E
:100AF000001000000000000000FFFFFF0090D00386
:10100000B00F002021AE010065B0000087AD0100E7
:1010100065B0000065B0000065B000000000000091
:10102000000000000000000000000000ADAE010064
:1010300065B000000000000065B0000065B0000071
:1010400015AF01001BAF010065B0000065B00000E6
:1010500065B0000065B0000065B0000065B000003C
:1010600021AF010065B0000065B0000027AF0100AE
:1010700065B000002DAF010033AF010039AF0100B2
:1010800065B0000065B0000065B0000065B000000C
:1010900065B0000065B0000065B0000065B00000FC
:1010A00065B000003FAF010065B0000065B0000012
:1010B00065B0000065B0000065B0000065B00000DC
:1010C00045AF010065B0000065B0000065B00000EC
:1010D00065B0000065B0000065B0000065B00000BC
:1010E00065B0000065B0000065B0000065B00000AC
:1010F00065B0000065B0000065B0000065B000009C
:1011000065B0000065B0000000F002F819F077FE4D
:101110000AA090E8000C82448344AAF10107DA4552
:1011200001D119F06CFEAFF2090EBAE80F0013F00E
:10113000010F18BFFB1A43F00103184770A201000A
:1011400090A201000A4410F8014B14F00F0508BFEB
:1011500010F8015B240908BF10F8014B6D1E05D083
:1011600010F8013B6D1E01F8013BF9D1641E03D05C
:10117000641E01F8015BFBD19142E4D3704700008B
:101180000023002400250026103A28BF78C1FBD890
:10119000520728BF30C148BF0B6070471FB500F031
:1011A00003F88DE80F001FBD19F026BE70B51B4C6B
:1011B00005460A202070A01C00F0D7F85920A08016
:1011C00029462046BDE8704006F0FEBE06F00CBF82
:1011D00070B50C461249097829B1A0F160015E2969
:1011E00008D3012013E0602804D0692802D043F21C
:1011F00001000CE020CC0B4E94E80E0006EB8000C2
:10120000A0F58050241FD0F8806E2846B04720609B
:1012100070BD0120704706207047000008000020C4
:101220001800002074AF01003249884201D2012029
:1012300070470020704770B50446A0F500002E4EA0
:10124000B0F1786F02D23444A4F5000429488442F6
:1012500001D2012500E0002500F043F848B125B98E
:10126000B44204D32548006808E0012070BD002086
:1012700070BD002DF9D1B442F9D321488442F6D291
:10128000F3E710B50446A0F50000B0F1786F03D283
:1012900019480444A4F5000400F023F84FF08041FD
:1012A00030B11648006804E08C4204D2012003E00B
:1012B00013488442F8D2002080F0010010BD10B520
:1012C00020B1FFF7DEFF08B1012010BD002010BDE6
:1012D00010B520B1FFF7AFFF08B1012010BD00200D
:1012E00010BD084808490068884201D101207047B4
:1012F0000020704700C00100000000201C000020FA
:101300000800002058000020BEBAFECA10B50446EE
:101310000021012000F041F800210B2000F03DF8F1
:101320000021082000F039F80421192000F035F8D8
:1013300004210D2000F031F804210E2000F02DF8DA
:1013400004210F2000F029F80421C84300F025F8FB
:101350000621162000F021F80621152000F01DF8C6
:101360002046FFF723FF002010BDCC2101807047ED
:10137000FFF72CBF1148704710487047104A10B54E
:1013800014680F4B0F4A08331A60FFF721FF0C480F
:10139000001D046010BD704770474907090E002802
:1013A00004DB00F1E02080F80014704700F00F002B
:1013B00000F1E02080F8141D7047000003F900429E
:1013C000100502400100000130B5FF4D0446062C17
:1013D000A9780ED2DFE804F0030E0E0E0509FFDF38
:1013E00008E0022906D0FFDF04E0032902D0FFDF76
:1013F00000E0FFDFAC7030BDF34810B5407E41081F
:10140000F14800F11A0005D00DF043FBBDE8104093
:1014100006F07ABC0DF024FBF8E730B50446A1F1E4
:1014200020000D460A2847D2DFE800F005070C1916
:10143000202532373C41FFDF3FE0207820283CD197
:10144000FFDF3AE0E0488078052836D0207824286D
:1014500033D0252831D023282FD0FFDF2DE020786E
:1014600022282AD0232828D8FFDF26E02078222827
:1014700023D0FFDF21E0207822281ED024281CD092
:1014800026281AD0272818D0292816D0FFDF14E0E4
:101490002078252811D0FFDF0FE0207825280CD0F8
:1014A000FFDF0AE02078252807D0FFDF05E020785D
:1014B000282802D0FFDF00E0FFDF257030BD1FB518
:1014C0000022ADF800200C88ADF802404B88ADF842
:1014D0000430CA88ADF808208988ADF806100021CC
:1014E000ADF80A10ADF80C1080B14FF6FF70062170
:1014F000844201D1ADF80210834201D1ADF804104D
:10150000824203D14FF44860ADF8080068460DF000
:10151000BEFB06F0F9FB04B010BD70B514460D46D5
:101520000646FFF788FE60B90DB1A54201D90C202F
:1015300070BD002409E000BF56F82400FFF77BFED1
:1015400008B1102070BD641CE4B2AC42F4D300209A
:1015500070BD2DE9F04105461F4690460E46002419
:101560000068FFF7B5FE30B9A98828680844401E16
:10157000FFF7AEFE10B11020BDE8F081286800280A
:10158000A88802D0B84202D850E00028F4D0092040
:10159000F2E72968085DB8B1671CCA5D152A2ED02C
:1015A0003CDC152A3AD2DFE802F039122222282840
:1015B0002A2A313139393939393939393939220019
:1015C000085D30BB641CA4B2A242F9D833E0022803
:1015D000DDD1A01C085C88F80000072801D2400774
:1015E00001D40A20C8E7307840F0010015E0C1437B
:1015F000C90707E0012807D010E00620BCE7010773
:10160000A1F180510029F5D01846B5E7307881075F
:1016100001D50B20B0E740F0020030702868005D73
:10162000384484B2A888A04202D2B0E74FF44853AD
:1016300082B2A242ADD800209EE710B502785408CD
:1016400009D0012243F20223012C07D0022C0DD035
:10165000032C13D10FE00020087005E080790324EB
:10166000B4EB901F0AD10A70002010BD8079B2EB54
:10167000901F03D1F7E780798009F4D0184610BD98
:1016800008B500208DF800004F4890F8221051B1A5
:1016900090F8230002280FD003280FD0FFDF00BFEF
:1016A0009DF8000008BD48486946193001F0C6F9A8
:1016B0000028F5D0FFDFF3E7032000E001208DF8DC
:1016C0000000EDE738B50C460546694601F0B6F96D
:1016D00000280DD19DF80010207861F3470020709C
:1016E00055F8010FC4F80100A888A4F805000020EF
:1016F00038BD38B51378C0B1022816D033A46D4672
:10170000246800944C7905EB9414247864F347031F
:10171000137003280ED003F0FE0010700868C2F8A2
:1017200001008888A2F8050038BD23F0FE0313707D
:101730000228EED1D8B240F00100EEE702210EF00F
:10174000BDBC38B50C460978222901D2082038BD25
:10175000ADF800008DF8022068460DF0D9F906F0CA
:10176000D3FA050003D121212046FFF756FE284673
:1017700038BD1CB500208DF80000CDF80100ADF893
:101780000500114890F82200022801D0012000E055
:1017900000208DF8070068460DF024FA002800D0DC
:1017A000FFDF1CBD2DE9FF478CB00025BDF834607C
:1017B00082461C4690468DF81C50700703D5606821
:1017C000FFF739FD90B903E0A00100200302FF01FB
:1017D000FE4F4FF0010997F8220058B197F8230007
:1017E000022807D16068FFF773FD18B1102010B010
:1017F000BDE8F087300702D5A089802815D870078A
:1018000004D4B8F1000F01D0387E70B1E07DC0F390
:1018100000108DF81B00617D072041B1012906D021
:101820000229E4D00429E2D117E00720DFE78DF890
:1018300017908DF819908DF81580606878B107A918
:10184000FFF7FBFE0028D2D1606850F8011FCDF8E9
:101850000F108088ADF8130005E00620C7E7CDF82B
:101860000F50ADF81350E07B0028F6D1207C002803
:10187000F3D1607C0028F0D1A07C0028EDD1E07C81
:10188000C006EAD18DF800A0BDF83400ADF8020022
:10189000A0680190A0680290CDA0D0E90010CDE929
:1018A0000A10E07C0AA901EB501000788DF80C00BA
:1018B000FFF7E6FE8DF80D009DF81C008DF80E0078
:1018C0008DF818508DF816508DF81A5009A96846F1
:1018D0000DF02CFA06F018FA89E7F0B58FB0002465
:1018E0008DF830408DF814408DF8344006468DF860
:1018F0002840019402940394049419B10FC901ADD6
:1019000085E80F00B14DA878052801D004280CD136
:1019100001986968884200D120B90398E968884233
:1019200003D110B108200FB0F0BD1F273B460DAA10
:1019300005A903A8FFF70DFE0028F4D13B460AAA2B
:101940000CA901A8FFF705FE0028ECD19DF81400B2
:10195000C00701D00A20E6E7A88A410708D4A97D7C
:1019600031B19DF82810890702D043F20120DAE74F
:101970009DF82810C90709D0400707D4288818B156
:1019800044F25061884201D90720CCE78DF8184015
:101990008DF81960BDF80800ADF81A00019807909D
:1019A00006A80DF0CEF906F0AFF90028BBD18DF8EE
:1019B00020408DF82160BDF81000ADF8220003989A
:1019C000099008A80DF0DFF906F09EF90028AAD1C9
:1019D00001AC2D1D94E80F0085E80F000020A2E760
:1019E00070B50646FFF7AAFE054606F06FFB040039
:1019F00000D1FFDF6680207820F00F00801C20F0EF
:101A0000F000203020700320207295F83E006072B4
:101A1000BDE8704006F05EBB2DE9F04385B00400E0
:101A200000D1FFDF2078694E20F00F00801C20F0ED
:101A3000F0007030207060680178C91F14292AD224
:101A4000DFE801F04DF3290AF3F33AF2292966F2AF
:101A5000F2F129F2F2F0EFF286883046FFF76EFEDF
:101A60000546304608F0BDF8C0B16068807985F859
:101A70003E0021212846FFF7D0FC304603F0FAF95A
:101A8000304604F0ADFB3146012012F047F9A87F43
:101A900020F01000A87705B0BDE8F083207820F092
:101AA000F00020302070032020726680606880790A
:101AB000607206F00FFBDCE785882846FFF73EFEE4
:101AC00000B9FFDF60688078012800D0FFDF606820
:101AD000817905B02846BDE8F04308F04ABA868807
:101AE0003046FFF72BFE050000D1FFDF06F0F2FACB
:101AF00060683146C08828816068008968816068B4
:101B00004089A881012012F009F90020A875C2E7D8
:101B1000807828B10228BED03C28BCD0FFDFBAE7CD
:101B200006F0D8FA6568A879AD1C00B9FFDFF77830
:101B3000B5F80290B046384606F05FF8060000D1CE
:101B4000FFDF0022022148460EF0AFFA040000D168
:101B5000FFDF22212046FFF760FCA17F012060F318
:101B60000101A177298B2181698B6181A98BA181D9
:101B700084F822708DF80800B0680090F068019039
:101B80006A46032148460EF090FA00B9FFDFB0889C
:101B9000ADF81000B0788DF8120004AA052148466F
:101BA0000EF083FA00B9FFDFB088ADF80C00F078D2
:101BB0008DF80E0003AA042148460EF076FA00B90B
:101BC000FFDF062105F1120006E00000A001002061
:101BD000070605040302010000F04DFF30B36879E9
:101BE000800700D5FFDF6979E07D61F34700E0758C
:101BF000D5F80600A0616889A083062105F10C00D4
:101C000000F039FFE0B198F819104A08617862F3E2
:101C100047016170D8F81A10C4F80210B8F81E0015
:101C200017E028E020E033E02DE017E0E07D20F031
:101C3000FE00801CE075D5F81200A061E88ADBE7A1
:101C4000607820F0FE00801C6070E868C4F8020034
:101C5000288AE0800320FFF7B7FB1CE705B0204689
:101C6000BDE8F04301F092BC06F034FA16F8240FF8
:101C700040F0020005E006F02DFA16F8240F40F0BF
:101C80000400307007E705B0BDE8F04306F022BA63
:101C9000B178052909D00429DFD106F01BFA02200A
:101CA00005B0BDE8F043FFF78FBB80780028D4D0A3
:101CB000F07800F0AAFE06F00DFA0320F0E72DE917
:101CC000F047054600780027000991460C463E463D
:101CD000012871D0022870D007280AD00A286DD0B8
:101CE000FFDF00BFA9F800600CB1278066800020EC
:101CF0007EE5D5F804C0DFF8448804F108009CF8BC
:101D000000204FF0010AD21F4FF6FF71142A76D23D
:101D1000DFE802F00AF9F9F9F9F9F91DF9F926C035
:101D2000889DF91061D476EE12271026BCF80400C5
:101D30002146F3E01C270A26ECB3BCF80200A08081
:101D4000686800792072686840796072CAE71B276A
:101D5000092684B30320207268684088A080C1E708
:101D60009CF802103C29BDD010272C260CF1020C47
:101D70000CB3BCF80210A180BCF818106182BCF84A
:101D800018102182BCF81A10A182BCF81C10E18244
:101D90009CF8053002460CF106011846FFF7A9FC35
:101DA0009CF8040001289DD184F80FA00020207623
:101DB00008F1040003E00BE0A8E0B2E0EAE090E8FC
:101DC0000E00D8F81000C4E90930C4E9071289E709
:101DD000A9F800608BE720271126002CF8D0A180FD
:101DE000686804F10A02807820726868807A6072FC
:101DF00069680B1DC8781946FFF77BFC72E782E023
:101E000021270A26002CE3D0BCF80200A0806868D5
:101E10000079207268684079607298F8241021F087
:101E2000040162E022270B26002CD1D0BCF804006C
:101E3000A0806868807820726868807900F02AFE47
:101E400060726868C07900F025FEA0724AE7262714
:101E50001C26002CBCD0A1806868C07860726868BD
:101E60008079A07208F1040090E80E00D8F8100004
:101E7000C4E90530C4E90312686880783C2803D0BF
:101E8000432804D0FFDF2DE784F808A02AE70220CA
:101E9000207227E724271026002C99D0BCF80200D6
:101EA000A0806868007920816868007A608168682D
:101EB000C088A08168684089E08113E72327102645
:101EC000002C85D0BCF80200A08068688088208142
:101ED0006868C088608168680089A08168684089F6
:101EE000E08198F8241021F0020188F82410F9E626
:101EF0002F272A26002C86D0A18069682222891CDF
:101F00000BF017FAEEE64A46214644E0287A02280A
:101F100001D0FFDFE6E612271026688800F098FD62
:101F2000E0E6287AB0B3012835D0022833D0032860
:101F300001D0FFDFD6E611270926002C8AD0B5F89C
:101F400002804046FFF7FAFB90F822A0A4F8048034
:101F5000687A2072042140460EF0C2F805214046FE
:101F60000EF0BEF8002140460EF0BAF801214046BE
:101F70000EF0B6F8032140460EF0B2F802214046BA
:101F80000EF0AEF8062140460EF0AAF8504600F0DA
:101F90003CFDA7E6FFE72846BDE8F04701F02CBC72
:101FA00070B5012801D0FFDF70BD8DB22846FFF764
:101FB000C5FB040000D1FFDF20782128F4D006F013
:101FC00085F880B1017821F00F01891C21F0F00122
:101FD000103101700221017245800020A075BDE81A
:101FE000704006F077B821462846BDE870401322BD
:101FF000FFF7A7BB2DE9F04116460C00804600D143
:10200000FFDF307820F00F00801C20F0F00010304F
:1020100030702078022802D0FFDFBDE8F081404612
:10202000FFF78CFB050000D1FFDFA1884FF6FF70A2
:102030000027814202D1E288824203D0814201D14D
:10204000E08840B106F046F894E80F00083686E8CC
:102050000F00AF75E1E7A87D0128DED178230022CB
:10206000414611F0B1FD0220A875D6E738B5054606
:102070000C460846FFF7DFF8A8B9242D31D006DC5E
:10208000202D0AD0212D0AD0222D04D124E0252D87
:102090001BD03F2D2DD0072038BD062038BD6068ED
:1020A000FFF70DF908B1102038BD618820886A4615
:1020B0000CF0E1FF05F028FE0028F5D16168002949
:1020C000F2D0BDF800200A8038BDA07800F00101F0
:1020D00020880DF001F808E02068BDE8384001F0E4
:1020E000C0BD618820880CF05FFFBDE8384005F076
:1020F0000BBE207800F001008DF8000068460CF05F
:10210000BDFD05F001FE38BD70B505460C4608461C
:10211000FFF7B7F808B1102070BD202D07D0212D92
:102120000DD0222D0BD0252D09D0072070BD208881
:10213000A11C0CF03CFDBDE8704005F0E5BD06209B
:1021400070BDFE481930704708B528220021FB48B1
:102150000BF019F90120FFF737F9F84968461A31F1
:1021600005F04AFFF5489DF80020417E62F34701E3
:1021700021F001014176002180F822104FF46171B5
:102180000184022180F82310FFF736F900B1FFDF48
:1021900000F0AEFC01F0CCF908BD10B50C464022B1
:1021A000002120460BF0EFF8A07F20F00300A0777D
:1021B000202020700020A07584F8230010BD7047F7
:1021C0002DE9FC410746FFF736F810B11020BDE8B5
:1021D000FC81DA4E06F11901D6F819000090B6F824
:1021E0001D50ADF80450F47F8DF806403846FFF7D7
:1021F00069FA0028EBD1FFF7FFF80028E7D0009933
:1022000046F8191FB580B471E1E710B50446FFF731
:1022100038F808B1102010BDC848C8492246407E91
:102220001A314008FFF765FA002010BD3EB504469C
:102230000D460846FFF725F808B110203EBD14B141
:1022400043F204003EBDBD488078052803D0042831
:1022500001D008203EBD694602A80BF01AFB2A46B1
:1022600069469DF80800FFF744FA00203EBDFEB520
:102270000D4604004FF0000711D00822FFF74DF97A
:10228000002811D1002608E054F826006946FFF71F
:10229000D4F9002808D1761CF6B2AE42F4D30CF083
:1022A00037FB10B143F20320FEBDA44E3776FCB1DC
:1022B00000271AE054F8270002A9FFF7BEF900B181
:1022C000FFDF9DF808008DF8000054F8270050F853
:1022D000011FCDF801108088ADF8050068460CF0AC
:1022E0003CFB00B1FFDF7F1CFFB2AF42E2D335768B
:1022F0000020FEBD2DE9F0478AB01546894604004E
:102300001DD00F4608222946FFF707F9002810D1F3
:10231000002612E054F826006946103000F08EFBCB
:10232000002806D13FB157F82600FEF784FF10B110
:1023300010200AB0DCE4761CF6B2AE42EAD30026E6
:10234000A5F101081CE000BF06F1010A0AF0FF0731
:1023500012E000BF54F82600017C4A0854F8271008
:102360000B7CB2EB530F05D10622113011310AF06C
:10237000B3FF58B17F1CFFB2AF42EBD30AF0FF06A8
:102380004645E1DB4E4624B1012003E043F205203F
:10239000CFE700200CF000FB10B90CF009FB10B1E6
:1023A00043F20420C5E75CB300270DF1170825E0D0
:1023B00054F827006946103000F040FB00B1FFDF01
:1023C00054F82700102250F8111FCDF80110808812
:1023D000ADF8050054F827100DF107000AF0A9FF29
:1023E00096B156F82710102240460AF0A2FF684620
:1023F0000CF098FA00B1FFDF7F1CFFB2AF42D7D3D9
:10240000FFF7B7F9002094E7404601F01EFCEEE725
:1024100030B585B00446FEF70EFF18B96068FEF7C8
:1024200057FF10B1102005B030BD60884AF2B811D6
:10243000884206D82078414D28B1012806D00228CC
:1024400004D00720EFE7FEF7D7FF18E060780228F6
:1024500004D0032802D043F20220E4E785F82300E9
:10246000C1B200200090ADF8040002292CD003294D
:1024700027D0FFDF68460CF00CFB05F045FC002878
:10248000D1D1606801F0D4FB207858B101208DF8DB
:1024900000000DF1010001F0D8FB68460CF075FE5C
:1024A00000B1FFDF207885F82200FFF762F960882D
:1024B00060B1288480B20CF067FA00B1FFDF002021
:1024C000B1E78DF80500D5E74020FAE74FF46170D9
:1024D000EFE710B50446FEF7D4FE20B9606838B1C6
:1024E000FEF7EDFE08B1102010BD606801F0ADFBF5
:1024F000124830F8201F6180C178617080782070A8
:10250000002010BD2DE9F843144689460646FEF723
:10251000B8FEB8B94846FEF7DBFE98B92046FEF78C
:10252000D7FE78B9054DA878012800D154B131788B
:10253000FF2909D061B143F2040001E0A0010020AD
:10254000BDE8F8831020F8E7012801D00420F4E763
:10255000CCB3052811D004280FD06946204600F0DE
:10256000A4FA0028E9D1217D49B1012909D0022925
:1025700009D0032909D00720DFE70820DDE702465C
:1025800004E0012202E0022200E00322804623460A
:10259000174600200099FFF705F90028CDD1A08942
:1025A0002880A07BE875BDF80000A882AF75BDF853
:1025B0000010090701D5A18931B1A1892980C0077F
:1025C00004D0032003E006E08021F7E70220FEF7B5
:1025D000FBFE86F800804946BDE8F8430020FFF77F
:1025E0007CB92DE9FC41FF4C06460D46A078022837
:1025F00003D0032801D00820E9E516B143F2040016
:10260000E5E506200DF00EFD10B9A078032849D0AD
:102610000FF07CFC074610F0DBFE381A00F0FF08D4
:1026200006200DF0F7FC074606200DF0FBFC391ADA
:10263000A078042809D000221144A8EB010111F070
:10264000FF0F04D0032804D00DE00122F4E713208B
:10265000BDE5284605F0D1FA10B3407810B32846FE
:1026600005F0D6FDE570FFF70BF80BF054F80120EC
:102670008DF800008DF801008DF802602088ADF81B
:102680000400E07D8DF8060068460CF050FC05F073
:102690003BFB0028B0D1A078032805D0042010E02F
:1026A000052094E5122092E5E07805F0A6FA0400F2
:1026B00000D1FFDF607800B9FFDF6078401E6070F6
:1026C0000520FEF781FE002081E51CB510B143F224
:1026D00004001CBDC34CA078042803D0052801D0F9
:1026E00008201CBD00208DF8000001218DF801108C
:1026F0008DF8020068460CF01AFC05F005FB002876
:10270000EFD1A078052805D05FF00200FEF75CFE4F
:1027100000201CBDE07800F078F90320F6E72DE9F1
:10272000FC4180460D4603260846FEF7D1FD08B160
:1027300010204CE54046FFF701F8040004D0207853
:10274000222804D2082042E543F202003FE5A07FA0
:1027500000F003073DB1012F0AD000202946FEF703
:10276000AEFE0600E5D1012F04D0FFDF30462EE596
:102770000120F3E7A07D2946022801D011B107E02E
:10278000112024E5684600F0E7FA0028D1D1694617
:10279000404607F0CEFB0600E8D10120A075E5E732
:1027A00070B50C460546FEF7C9FF010005D022466C
:1027B0002846BDE87040FEF7C4BF43F2020070BD7A
:1027C00010B5012807D1874B9B78012B00D011B1A0
:1027D00043F2040010BD0CF009F9BDE8104005F00B
:1027E00093BA012300F01BB900231A46194600F0E2
:1027F00016B970B5064615460C460846FEF741FD6B
:1028000018B92846FEF73DFD08B1102070BD2A46D4
:10281000214630460CF017FC05F076FA0028F5D179
:1028200021787F29F2D1052070BD7CB505460C4684
:102830000846FEF700FD08B110207CBD2846FEF7D3
:102840007DFF20B10078222804D208207CBD43F20D
:1028500002007CBD634890F82400400701D5112098
:102860007CBD2178C80802D16078C20801D0072059
:102870007CBD890801D1800801D006207CBDADF85F
:10288000005020788DF8020060788DF80300022057
:10289000ADF8040068460BF00FFF05F035FA7CBD7B
:1028A00070B586B014460D460646FEF747FF28B1C0
:1028B0000078222805D2082006B070BD43F202003D
:1028C000FAE72846FEF704FD20B944B12046FEF79A
:1028D000F6FC08B11020EFE700202060A0804148FE
:1028E00090F82400800701D51120E5E703A93046C0
:1028F0000BF01FFF18B100BF05F006FADCE7ADF8DA
:102900000060BDF81400ADF80200BDF81600ADF887
:102910000400BDF81000BDF81210ADF80600ADF8C7
:1029200008107DB1298809B1ADF80610698809B190
:10293000ADF80210A98809B1ADF80810E98809B10D
:10294000ADF80410DCB1BDF80610814201D9081AB7
:102950002080BDF80210BDF81400814201D9081A88
:102960006080BDF80800BDF80410BDF816200144D1
:10297000BDF812001044814201D9081AA0806846AF
:102980000BF074FFB8E770B505460C460846FEF735
:1029900078FC08B1102070BD214628460CF04AF999
:1029A000BDE8704005F0B0B93EB505460C46084696
:1029B000FEF767FC08B110203EBD0020009001909A
:1029C0000290ADF800502089ADF8080020788DF80D
:1029D0000200606801902089ADF808006089ADF8B8
:1029E0000A0001E0A001002068460CF031F905F072
:1029F0008BF93EBD0EB5ADF8000000200190684691
:102A00000CF026F905F080F90EBD10B505F0F5F8CB
:102A1000040000D1FFDF6078401C607010BD1CB561
:102A2000ADF800008DF802308DF803108DF8042009
:102A300068460CF0D7FA05F067F91CBD0278520819
:102A400004D0012A02D043F202207047FEF7F5BD00
:102A500070B50C0006460DD0FEF770FE050000D1E3
:102A6000FFDFA68028892081288960816889A0816C
:102A7000A889E08170BD10B500231A4603E0845C8C
:102A80002343521CD2B28A42F9D30BB1002010BDAD
:102A9000012010BD00B530B1012803D0022801D0BB
:102AA000FFDF002000BDFF2000BD00220A8092B29F
:102AB00022F060020A800078062817D2DFE800F0D2
:102AC000160306090C1142F0110007E042F01D0048
:102AD00009E042F0150006E042F0100040F002006C
:102AE00001E042F010000880002070470720704786
:102AF000FD48002101604160018170472DE9FF4FD1
:102B000093B09B46209F160004460DD01046FEF75A
:102B100092FB18B1102017B0BDE8F08F31460120AC
:102B2000FEF7CDFC0028F6D101258DF842504FF478
:102B3000C050ADF84000002210A9284603F016FE50
:102B40000028E8D18DF84250A8464FF428500025BF
:102B5000ADF840001C222946684607950AF013FC90
:102B60009DF81C000DF11C0A20F00F00401C20F005
:102B7000F00010308DF81C0020788DF81D00617871
:102B80009DF81E000DF1400961F3420040F0010084
:102B90008DF81E009DF8000008AA40F002008DF894
:102BA00000002089ADF83000ADF832506089ADF8F2
:102BB0003400CDF82CA060680E900AA9CDF82890BA
:102BC000684603F0C8FB0028A5D16068FEF777FBD4
:102BD00040B16068FEF77CFB20B9607800F003002C
:102BE000022801D0012000E00020BF4C08AA0AA959
:102BF0002072BDF8200020808DF8428042F601202E
:102C0000ADF840009DF81E0020F00600801C20F06A
:102C100001008DF81E000220ADF83000ADF8340040
:102C200014A80E90684603F096FB002889D1BDF8E1
:102C30002000608036B1211D304600F059F900288F
:102C4000C2D109E0BBF1000F05D00AF017F9E8BBCB
:102C50000AF014F9D0BBA58017B1012F43D04AE088
:102C60008DF8428042F6A620ADF8400046461C2270
:102C70000021684607950AF086FB9DF81C00ADF818
:102C8000346020F00F00401C20F0F00010308DF870
:102C90001C009DF81D0020F0FF008DF81D009DF820
:102CA0001E0020F0060040F00100801C8DF81E0080
:102CB0009DF800008DF8446040F002008DF800009F
:102CC000CDE90A9AADF8306011A800E011E00E904D
:102CD00008AA0AA9684603F03EFB0028A6D1BDF861
:102CE0002000E08008E00AF0C9F810B90AF0C6F840
:102CF00008B103200FE7E58000200CE73EB504464D
:102D0000794D0820ADF80000A88828B12046FEF7CC
:102D100092FA18B110203EBD06203EBD214601208A
:102D2000FEF7CDFB0028F8D12088ADF804006088BC
:102D3000ADF80600A088ADF80800E088ADF80A00FC
:102D4000A88801AB6A46002103F00CFFBDF8001013
:102D50000829E2D003203EBD7FB5634D0446A88814
:102D600068B1002002900820ADF80800CDF80CD022
:102D70002046FEF760FA20B1102004B070BD062096
:102D8000FBE7A98802AA4FF6FF7004F02DF900288E
:102D9000F3D1BDF80810082901D00320EDE7BDF8F4
:102DA00000102180BDF802106180BDF80410A180E0
:102DB000BDF80610E180E0E701B582B00220ADF871
:102DC0000000494802AB6A464088002103F0CAFE71
:102DD000BDF80010022900D003200EBD1CB5002153
:102DE00000910221ADF800100190FEF74AFA08B1F7
:102DF00010201CBD3C486A4641884FF6FF7004F025
:102E0000F3F8BDF800100229F3D003201CBDFEB575
:102E1000354C06461546207A0F46C00705D00846B1
:102E2000FEF709FA18B11020FEBD0F20FEBDF82DE7
:102E300001D90C20FEBD3046FEF7FDF918BB2088F5
:102E400001A902F08AFF0028F4D130788DF805003E
:102E5000208801A903F064FE0028EBD100909DF8C2
:102E600000009DF8051040F002008DF800000907F1
:102E700003D040F008008DF800002088694603F078
:102E8000ECFD0028D6D1ADF8085020883B4602AAB8
:102E9000002103F067FEBDF80810A942CAD0032044
:102EA000FEBD7CB505460020009001900888ADF875
:102EB00000000C4628460195FEF701FA18B9204695
:102EC000FEF7DFF908B110207CBD15B1BDF8000098
:102ED00060B105486A4601884FF6FF7004F084F837
:102EE000BDF8001021807CBDC80100200C20FAE74D
:102EF00030B5044693B000200D46014600901422E0
:102F000001A80AF040FA1C22002108A80AF03BFAA6
:102F10009DF80000CDF808D020F00F00401C20F0F4
:102F2000F00010308DF800009DF8010006AA20F096
:102F3000FF008DF801009DF8200001A940F002007B
:102F40008DF8200001208DF8460042F60420ADF8EF
:102F5000440011A801902088ADF83C006088ADF8CD
:102F60003E00A088ADF84000E088ADF842009DF832
:102F7000020020F00600801C20F001008DF8020005
:102F80000820ADF80C00ADF810000FA8059008A8B7
:102F900003F0E1F9002803D1BDF8180028800020D3
:102FA00013B030BD0A4810B5046809490948083112
:102FB00008600FF0BEFE0648001D046010BD064903
:102FC000002008604FF0E0210220C1F88002704725
:102FD0001005024001000001FC1F00400548064AA0
:102FE0000168914201D1002101600449012008607B
:102FF0007047000058000020BEBAFECA40E50140FC
:103000002CFFFFFFDBE5B15100C00100CC00FFFF4A
:1030100071000000C1CF6A00FEA0D9111C1006C3C8
:1030200089CCFC7A7B3B49141906A8C010B504462C
:10303000FEF701F908B1102010BD2078C0F302108E
:10304000042807D86078072804D3A178102901D86C
:10305000814201D2072010BDE078410706D42179D2
:103060004A0703D4000701D4080701D5062010BD84
:10307000002010BD70B514460D46064605F026F832
:1030800080B10178182221F00F01891C21F0F00194
:10309000A03100F8081B21460AF04BF9BDE870404A
:1030A00005F018B829463046BDE870401322FEF7F7
:1030B00048BB2DE9F047064608A8904690E8300442
:1030C00089461F461422002128460AF05CF9002197
:1030D000CAF80010B8F1000F03D0B9F1000F03D106
:1030E00014E03878C00711D02068FEF7CAF8C0BBDA
:1030F000B8F1000F07D12068123028602068143022
:1031000068602068A8602168CAF8001038788007D5
:1031100024D56068FEF7D3F818BBB9F1000F21D0B1
:10312000FFF70FF80168C6F868118188A6F86C11DE
:10313000807986F86E0101F034FAF84FEF6062682A
:1031400062B196F8680106F2691140081032FEF784
:10315000D0FA1022394660680AF0EBF80020BDE88A
:10316000F08706E0606820B1E8606068C6F8640136
:10317000F4E71020F3E730B5054608780C4620F058
:103180000F00401C20F0F001103121700020607011
:1031900095F8230030B104280FD0052811D0062857
:1031A00014D0FFDF20780121B1EB101F04D295F875
:1031B000200000F01F00607030BD21F0F0002030D2
:1031C00002E021F0F00030302070EBE721F0F00059
:1031D0004030F9E7F0B591B0022715460C46064697
:1031E0003A46ADF80870092103AB05F070FD049074
:1031F000002810D004208DF804008DF80170E03410
:10320000099605948DF818500AA968460EF051FCED
:1032100000B1FFDF012011B0F0BD2DE9F84F0646E7
:10322000808A0C4680B28246FEF788FA0546BB4F7C
:103230003078203F4FF002094FF000080F287CD271
:10324000DFE800F07BA39D082C5B6A7CBADAFD976F
:1032500048979700012150460CF030FF040000D140
:10326000FFDF97F85C00C00701D0386E0BE0032148
:1032700004F11D0010F06BFAD4F81D00A849B0FB52
:10328000F1F201FB1200C4F81D0070686067B068BD
:10329000A0672878252872D0FFDF70E00121504612
:1032A0000CF00CFF060000D1FFDF3078810702D55B
:1032B0002978252904D040F001003070BDE8F88F4E
:1032C00084F80090307F207106F11D002D36C4E98E
:1032D0000206F3E7012150460CF0F0FE050000D194
:1032E000FFDF2878C10604D5072020703D356560D2
:1032F000E4E740F008002870E0E7E87F000700D529
:10330000FFDF307CB28800F0010301B05046BDE819
:10331000F04F092106F06FBD05B9FFDF716821B1DB
:10332000102205F124000AF004F828212846FEF7AF
:1033300074F8307A85F82000C0E7F7E001215046A4
:103340000CF0BCFE050000D1FFDF022105F1850075
:1033500010F0FDF90420207005F5B4706060B5F838
:10336000850020826D4810387C356561C4E90270A3
:10337000A4E7012150460CF0A1FE00B9FFDF324660
:1033800029465046BDE8F84F74E605B9FFDF2878B6
:10339000212893D93079012803D1E87F40F0080033
:1033A000E877324629465046FFF764FE2846BDE8D6
:1033B000F84F2321FEF731B83279A28004F10803D7
:1033C0000921504605F083FCE06010B10520207013
:1033D00074E74546012150460CF070FE040000D110
:1033E000FFDF04F1620102231022081F0CF0FFFC32
:1033F00005703179417061E7012150460CF05EFEA5
:10340000040000D1FFDF94F8840000F003000128DD
:1034100059D1E87F10F0010003D194F8A010C9073A
:103420002AD0D4F8602132B394F88330117C63F34E
:1034300087011174AA7FD30963F3410100E071E0B1
:10344000D4F860211174D4F8602160F30001117484
:1034500090B1D4F86001102205F12401883409F0FC
:1034600068FF207E40F001002076207820F00100E7
:1034700004F8880919E0C0B994F88810C90714D075
:10348000D4F85C218AB194F88330117C63F387010E
:103490001174AA7FD309D4F85C2163F3410111743C
:1034A000D4F85C2160F30001117494F8880080075F
:1034B00009D594F87C00D4F86421400804F17D011A
:1034C0001032FEF716F98DF8009094F884006A46E1
:1034D00000F003008DF8010094F888108DF80210B8
:1034E00094F8A0008DF803002946504601F042F8F8
:1034F0002878252805D0212807D0FFDF2878222822
:1035000003D922212846FDF788FF012150460CF0FF
:10351000E7FD00283FF4DDAEFFDFCFE6F401002039
:1035200040420F00716881F80180C7E6FFDFC5E601
:1035300070B5FE4C002584F85C5025660EF085FAC7
:1035400004F11001204604F07DFD84F8305070BD78
:1035500070B50D46FEF7F2F8040000D1FFDF4FF41E
:10356000B8720021284609F00EFF2434012105F12C
:10357000E0002C610EF06AFA002800D0FFDF70BD79
:103580000A46014602F1E0000EF081BA70B5054628
:10359000406886B00178082906D00B2933D00C2961
:1035A0002FD0FFDF06B070BD46883046FEF7C6F864
:1035B000040000D1FFDF20782128F3D028281BD178
:1035C000686802210C3000F0A0FFA8B168680821EB
:1035D000001D00F09AFF78B104F1240130460BF091
:1035E000A8FC04F091FB00B1FFDF06B02046BDE867
:1035F00070402921FDF711BF06B0BDE8704004F00E
:1036000069BD01218171686886883046FEF796F8A9
:10361000040000D1FFDF20782128C3D068688179B9
:1036200009B1807808B1FFDFBCE704F053FDA07F4B
:10363000000622D5E07FC00705D094F8200000F0F6
:103640001F00102817D0052084F82300207829288F
:1036500015D02428A6D13146042010F05FFB22218A
:103660002046FDF7DAFE012130460CF039FD002836
:1036700098D0FFDF96E70620E6E70420E4E7012183
:1036800030460CF01BFD050000D1FFDF2521204650
:10369000FDF7C3FE03208DF80000694605F1E00048
:1036A0000EF0ECF90228BFD00028BDD0FFDF79E78B
:1036B0002DE9F04788B09A46164688468146FEF7BF
:1036C0003DF805003AD02878222837D3232835D072
:1036D000E87F000732D40027012148460CF0EEFCB9
:1036E000040005D10121002248460CF0DEFC04460E
:1036F000694600F066FF009800B9FFDF00983CB112
:10370000E03404612878222804D0242802D005E07F
:10371000076103E025212846FDF77FFE009801217F
:103720004170C0F824908680C0E9028A01A90EF099
:10373000C0F9022802D0002800D0FFDF08B00EE553
:1037400070B586B00546FDF7F9FF0078222814D938
:10375000012128460CF0B2FC04002CD1FFDF2AE046
:10376000B4F85E0004F1620630440178427829B171
:1037700021462846FFF72EFDB0B913E7ADF8042027
:103780000921284602AB05F0A2FA03900028F4D0E4
:1037900005208DF80000694604F1E0000EF06EF996
:1037A000022801D000B1FFDF02231022314604F1CC
:1037B0005E000CF052FBB4F860000028D0D1F1E6B6
:1037C00010B586B00446FDF7B9FF0078222811D95C
:1037D000012120460CF072FC040000D1FFDF06201E
:1037E0008DF80000694604F1E0000EF047F900286A
:1037F00000D0FFDF06B010BD2DE9F84F0546007878
:103800000C460027010904F1080090463E46BA46DE
:10381000009002297ED0072902D00A2909D142E06E
:1038200068680178082905D00B292CD00C292AD0EA
:10383000FFDF72E114271C26002C6CD04088A0808A
:10384000FDF77CFF5FEA000900D1FFDF99F8170060
:1038500009F118014008009AFDF74BFF686880895C
:10386000208268684168C4F812108068C4F81600A5
:10387000A07E20F0060040F00100A07699F81E001E
:1038800040F020014FE01A270A26002CD5D080886E
:10389000A080FDF753FF050000D1FFDF2846009907
:1038A000FFF769FC39E10CB1A88BA080287A4FF0B2
:1038B000010B0B287ED006DC01287CD0022808D022
:1038C000032804D137E00D2876D00E2875D0FFDF0D
:1038D00023E11E270926002CAFD0A088FDF72EFF7C
:1038E0005FEA000900D1FFDF287B00F00300012818
:1038F000207A1DD020F001002072297B890861F315
:1039000041002072297BC90861F382002072297B63
:10391000090901E0F7E0AEE061F3C300207299F815
:103920001E0040F0400189F81E10F6E0D40100208E
:1039300040F00100E0E713270D26002CA6D0A08858
:10394000FDF7FCFE81460121A0880CF0B7FB0500C5
:1039500000D1FFDF686F817801F003010129217A2E
:1039600050D021F00101217283789B0863F341015B
:1039700021728378DB0863F38201217283781B094B
:1039800063F3C3012172037863F306112172437854
:1039900063F3C711217284F809A0C178A17202797A
:1039A000E17A62F30001E1720279520862F34101A7
:1039B000E17203E029E067E04EE05FE002799208FF
:1039C00062F38201E1720279D20862F3C301E1720B
:1039D0004279217B62F3000121734279520862F33C
:1039E000410121734279920862F382012173407987
:1039F000C00860F3C301217399F8000023282AD975
:103A0000262139E041F00101ADE71827102694B3D3
:103A1000A088FDF793FE00900121A0880CF04EFBDA
:103A20005FEA000900D1FFDFE868A06099F80000B4
:103A300040F0040189F8001099F80100800708D5CA
:103A400084F80CB000980078232866D927210098C4
:103A500052E084F80CA060E015270F265CB1A08826
:103A6000FDF76CFE81460622E868009909F0E9FC42
:103A700084F80EB085E042E048463DE0162709266E
:103A8000ECB3287B207248E0287B19270E26B4B3BC
:103A9000C4F808A0A4F80CA0012807D0022808D078
:103AA00003280CD004280AD0FFDF15E084F808B002
:103AB00001E002202072607A20F003000BE0697BB5
:103AC000042801F00F0141F080012172F3D1607AE6
:103AD00020F00300401C6072A088FDF72FFE054611
:103AE0000078212819D0232800D0FFDF0121A088E9
:103AF0000CF0F6FA22212846FDF78FFC0DE0FFE7D7
:103B0000A8F800600EE00CB16888A080287A10B395
:103B1000012809D002283AD0FFDFA8F800600CB1D4
:103B200027806680002007E415270F26002CE7D0A9
:103B3000A088FDF703FE0121A0880CF0BFFA050064
:103B400000D1FFDFD5F81D000622009909F079FCAD
:103B500084F80EA0E1E717270926002CD0D0A08812
:103B6000FDF7ECFD81460121A0880CF0A7FA0500C5
:103B700000D1FFDF6878800701D5022000E0012036
:103B8000207299F800002328C7D9272174E7192744
:103B90000E26002CB4D0A088FDF7D0FD5FEA000906
:103BA00000D1FFDFC4F808A0A4F80CA084F808A096
:103BB000A07A40F00300A07299F81E10C90961F3C1
:103BC0008200A07299F81F2099F81E1012EAD11FE6
:103BD00005D099F8201001F01F01102925D020F000
:103BE0000800A07299F81F10607A61F3C300607238
:103BF000697A01F0030101298FD140F0040060725D
:103C0000E87A217B60F300012173AA7A607B62F37A
:103C100000006073EA7A520862F341012173A97AC5
:103C2000490861F34100607377E740F00800D8E786
:103C300010B5F84C30B10146102204F1200009F013
:103C400078FB012084F8300010BD10B5044600F068
:103C5000A8FCF04920461022BDE81040203109F0B0
:103C600068BB70B5EB4D06004FF0000412D0FDF7B5
:103C7000E2FA08B110240BE00621304609F0C8FB37
:103C8000411C04D02866012085F85C0000E0072470
:103C9000204670BD0020F7E7007810F00F0204D036
:103CA000012A05D0022A0CD110E0000909D10AE04E
:103CB0000009012807D0022805D0032803D00428D2
:103CC00001D0072070470870002070470620704719
:103CD00005282AD2DFE800F003070F171F00087835
:103CE00020F0FF001EE0087820F00F00401C20F0BC
:103CF000F000103016E0087820F00F00401C20F093
:103D0000F00020300EE0087820F00F00401C20F07A
:103D1000F000303006E0087820F00F00401C20F062
:103D2000F0004030087000207047072070472DE9F0
:103D3000F043804687B00D464FF000090846FDF776
:103D4000C7FAA8B94046FDF7F9FC060003D0307861
:103D500022280BD104E043F2020007B0BDE8F08353
:103D600035B1B07FC10601D4000703D50820F4E7C0
:103D70001020F2E7F07F000701D50D20EDE70027C6
:103D8000012140460CF09AF9040006D101210022DD
:103D900040460CF08AF9040005D0694600F011FC99
:103DA000009818B901E00420D7E7FFDF009802214E
:103DB000E0344170C0F82480446107810121017121
:103DC000297801F00102017E62F3010101762A786F
:103DD000520862F3820101762A78920862F3C301E5
:103DE00001762A78D20862F3041101762421304644
:103DF000FDF713FB01A900980DF05BFE022801D02E
:103E000000B1FFDF4846A8E72DE9FF4F0E46824983
:103E1000904697B09A4607C914AB4FF0000983E863
:103E200007001798FDF78AFC050006D02878262899
:103E300006D008201BB0BDE8F08F43F20200F9E77E
:103E400026B94046FFF7F2F80028F3D10121179870
:103E50000CF034F9040000D1FFDF852E27D007DCF9
:103E6000EEB1812E1DD0822E1DD0832E08D11CE0F4
:103E7000862E1ED0882E1ED0892E1ED08A2E1ED0B1
:103E80000F2020710F281CD004F020F9D8B1012098
:103E90008DF83400201D0E902079B0B126E100206D
:103EA000EFE70120EDE70220EBE70320E9E705203B
:103EB000E7E70620E5E70820E3E70920E1E70A2035
:103EC000DFE70720B6E71120B4E798F80000D4E94F
:103ED0001D764208A87F002162F3C710A87798F8E2
:103EE00000008208E87F62F30000E87798F800009D
:103EF000C209607862F34100607098F8000002091E
:103F0000207862F34710207098F80000C2086078AB
:103F100062F30000607098F80100607198F800008A
:103F200000F00102B07862F30100B070AA7FD209FC
:103F300062F38200B070EA7F62F3C300B07062780F
:103F400062F30410B0702278C0F3C00052093270DE
:103F50006278C2F34002727098F80220F2707171B8
:103F60003171B978C1F3C00108405FEA000B2ED06F
:103F70005046FDF760F978BBDAF80C00FDF75BF905
:103F800050BBDAF81C00FDF756F928BBDAF80C0034
:103F9000A060DAF81C00E06060787A7842EA5001AC
:103FA00061F341006070B978C0B200EA111161F3A9
:103FB000000060700020207705F117006061681C28
:103FC000A061B07800F00300012806D046E06078D8
:103FD0007A7802EA5001E3E719E0B87800F00300CC
:103FE00001283BD1321D711D404600F099FA31790C
:103FF000387901408DF8281070797A7910408DF861
:10400000300001432AD05046FDF715F930B1102099
:1040100010E70000D4010020E8B001000AF1100010
:1040200004F5AE7304F18C028DE80D0000210AAB9B
:104030005A462046FFF73DF80028E9D104F5B07252
:1040400004F1A403CDF800A0CDE9013201210CABAD
:104050005A462046FFF72DF80028D9D1607880070E
:1040600022D4B078B978C0F38000C1F3800108434E
:104070001AD0307814AA397832F810204B00DA4080
:1040800002F00309B9F1030F01D14FF00209BBF1AE
:10409000000F09D0012801D0042805D1012901D041
:1040A000042901D14FF00409A87F40F08000A877CF
:1040B000E97F6BF30001E9776078800706D503207C
:1040C000A071BBF1000F11D100202CE00220B9F14A
:1040D000020F1AD0B9F1010F19D0B9F1040F2AD08B
:1040E0000020A071A87F20F08000A8772521284615
:1040F000FDF793F90DA904F1E0000DF0BFFC10B13C
:10410000022800D0FFDF002094E6A071DCE7A07158
:104110000D22002104F1200009F035F9207840F04B
:104120000200207001208DF84C0013AA2946179830
:1041300000F020FADAE70120A071D7E72DE9F0437B
:1041400087B09046894604460025FDF7F7FA070038
:1041500004D03878272804D00820FEE543F2020076
:10416000FBE5012120460BF0A9FF040000D1FFDF91
:10417000A6795FEA090005D0012821D0B9F1020F24
:1041800026D110E0B8F1000F22D1012E05D0022E69
:1041900005D0032E05D0FFDF2EE00C252CE00125F5
:1041A0002AE0022528E04046FDF745F8B0B9032E85
:1041B0000ED11022414604F11D0009F0BAF81BE0AF
:1041C000012E02D0022E03D104E0B8F1000F13D06B
:1041D0000720C2E54046FDF72EF808B11020BCE5E7
:1041E0001022002104F11D0009F0CDF806214046FF
:1041F00009F00EF9C4F81D002078252140F00200D6
:1042000020703846FDF709F92078C10713D020F057
:104210000100207002208DF8000004F11D000290C2
:104220008DF804506946C3300DF028FC022803D0F5
:1042300010B1FFDF00E0257700208EE530B587B0B4
:104240000D460446FDF77AFA60B1012120460BF0D5
:1042500035FF04000CD02846FCF7EDFF28B11020F4
:1042600007B030BD43F20200FAE72078400701D4DE
:104270000820F5E7294604F13D002022054609F013
:1042800058F8207840F01000207001070FD520F07A
:104290000800207007208DF80000694604F1E00056
:1042A00001950DF0EBFB022801D000B1FFDF0020EB
:1042B000D6E770B50D460646FDF740FA18B100780E
:1042C000272817D102E043F2020070BD01213046D9
:1042D0000BF0F4FE040000D1FFDFA079022809D121
:1042E0006078C00706D02A4621463046FEF772FFA6
:1042F00010B10FE0082070BDB4F860000E280BD29A
:1043000004F1620102231022081F0BF070FD01214D
:1043100001704570002070BD112070BD70B506465B
:1043200014460D460846FCF786FF18B92046FCF7F0
:10433000A8FF08B1102070BDA6F57F40FF380ED051
:104340003046FDF7FBF938B1417822464B08811C15
:104350001846FDF7CEF907E043F2020070BD204693
:10436000FDF753FF0028F9D11021E01D0FF0EFF900
:10437000E21D294604F1170000F033F9002070BD5A
:104380002DE9F04104468AB015460E46002708463E
:10439000FCF79EFF18B92846FCF79AFF18B11020C9
:1043A0000AB0BDE8F0812046FDF7C8F95FEA0008D1
:1043B00004D098F80000272810D102E043F2020050
:1043C000EEE7012120460BF079FE040000D1FFDF6B
:1043D0002078400702D56078800701D40820DFE705
:1043E000D4E91D01497801B18DB1407800B176B1B1
:1043F000ADB1EA1D06A8E16800F0F3F8102206A9A5
:1044000005F1170008F068FF18B1042707E007203E
:10441000C6E71022E91D04F12D0008F08AFF2EB135
:104420001022F11D04F11D0008F083FF20782521E2
:1044300040F0020020704046FCF7EFFF2078C107F3
:1044400015D020F00100207002208DF8000004F14A
:104450001D000290103003908DF804706946B3304F
:104460000DF00CFB022803D010B1FFDF00E027772E
:10447000002095E770B50D4606460BB1072070BDCC
:10448000FDF75CF9040007D02078222802D3A07F32
:10449000800604D4082070BD43F2020070BDADB1A7
:1044A000294630460AF045FD03F02EFC297C4A08D7
:1044B000A17F62F3C711A177297CE27F61F300023B
:1044C000E277297C890884F8201004E030460AF05D
:1044D00053FD03F019FCA17F21F02001A17770BDED
:1044E00070B50D46FDF72AF9040005D02846FCF703
:1044F000C8FE20B1102070BD43F2020070BD2946F5
:104500002046FEF738FE002070BD04E010F8012BB5
:104510000AB100207047491E89B2F7D201207047C6
:1045200010B5C4780B7864F300030B70C47864088A
:1045300064F341030B70C478A40864F382030B7026
:10454000C478E40864F3C3030B700379117863F350
:104550000001117003795B0863F341011170037965
:104560009B0863F3820111700079C00860F3C301F6
:10457000117010BD70B51546064603F0A7FD040086
:1045800000D1FFDF207820F00F00801C20F0F00029
:104590002030207066802868A060BDE8704003F07D
:1045A00099BD10B5134C94F83000002808D104F1DF
:1045B0002001A1F110000DF0A3FA012084F83000D1
:1045C00010BD10B190F8B9202AB10A4890F8350012
:1045D00018B1002003E0B83001E00648343008602C
:1045E000704708B50023009313460A460BF065FF99
:1045F00008BD0000D4010020F0B5007B059F1E46D9
:1046000014460D46012800D0FFDF0C2030803A20F0
:104610003880002C08D0287A032806D0287B01286F
:1046200000D0FFDF17206081F0BDA889FBE72DE9EE
:10463000F04786B0144691F80C900E9A0D46B9F1E9
:10464000010F0BD01021007B2E8A8846052807D049
:10465000062833D0FFDF06B0BDE8F0870221F2E77D
:10466000E8890C2100EB400001EB4000188033206A
:104670001080002CEFD0E889608100271AE00096B6
:10468000688808F1020301AA696900F086FF06EB59
:104690000800801C07EB470186B204EB4102BDF81D
:1046A000040090810DF1060140460E320DF09EFA95
:1046B0007F1CBFB26089B842E1D8CCE734201080BB
:1046C000E889B9F1010F11D0122148430E3018804A
:1046D000002CC0D0E88960814846B9F1010F00D0B4
:1046E0000220207300270DF1040A1FE00621ECE7E9
:1046F0000096688808F1020301AA696900F04DFF7D
:1047000006EB0800801C86B2B9F1010F12D007EB4E
:10471000C70004EB4000BDF80410C18110220AF16B
:104720000201103008F005FE7F1CBFB26089B8425C
:10473000DED890E707EB470104EB4102BDF8040027
:10474000D0810AF10201404610320DF04FFAEBE73A
:104750002DE9F0470E4688B090F80CC096F80C8012
:10476000378AF5890C20109902F10C044FF0000AE9
:10477000BCF1030F08D0BCF1040F3FD0BCF1070F10
:104780007ED0FFDF08B067E705EB850C00EB4C003F
:10479000188031200880002AF4D0A8F1060000F02B
:1047A000FF09558126E01622002101A808F0EBFD43
:1047B00000977088434601AA716900F0EEFEBDF8CB
:1047C00004002080BDF80600E080BDF808002081CC
:1047D000A21C0DF10A0148460DF008FAB9F1000FCC
:1047E00000D018B184F804A0A4F802A007EB0800D8
:1047F00087B20A346D1EADB2D5D2C3E705EB850C86
:1048000000EB4C00188032200880002ABAD0A8F1B2
:10481000050000F0FF09558137E000977088434696
:1048200001AA716900F0B9FE9DF80600BDF80410F8
:10483000E1802179420860F3000162F341018208BE
:1048400062F38201C20862F3C301020962F3041138
:10485000420962F34511820962F386112171C00990
:104860006071BDF80700208122460DF1090148461C
:104870000DF0BCF918B184F802A0A4F800A000E083
:1048800007E007EB080087B20A346D1EADB2C4D250
:1048900078E7A8F1020084B205FB08F000F10E0CE5
:1048A000A3F800C035230B80002AA6D0558194813F
:1048B000009783B270880E32716900F06EFE61E776
:1048C0002DE9F84F1E460A9D0C4681462AB1607AB2
:1048D00000F58070D080E089108199F80C000C27D9
:1048E0004FF000084FF00E0A0D2872D2DFE800F0FA
:1048F0009D070E1B272F374554697272720021469F
:1049000048460095FFF778FEBDE8F88F207B91467A
:10491000082802D0032800D0FFDF3780302009E0CC
:10492000A9F80A80F0E7207B9146042800D0FFDF39
:10493000378031202880B9F1000FF1D1E4E7207BE6
:104940009146042800D0FFDF37803220F2E7207B39
:104950009146022800D0FFDF37803320EAE7207B32
:104960001746022800D0FFDF3420A6F800A02880D8
:10497000002FC9D0A7F80A80C6E7207B1746042875
:1049800000D0FFDF3520A6F800A02880002FBBD084
:104990004046A7F80A8012E0207B1746052802D07F
:1049A000062800D0FFDF1020308036202880002F1E
:1049B000AAD0E0897881A7F80E80B9F80E00B881F6
:1049C000A2E7207B9146072800D0FFDF3780372001
:1049D000B0E72AE04FF0120018804FF038001700BF
:1049E000288091D0E0897881A7F80E80A7F8108000
:1049F00099F80C000A2805D00B2809D00C280DD0F6
:104A0000FFDF81E7207B0A2800D0FFDF01200AE0DA
:104A1000207B0B2800D0FFDF042004E0207B0C2843
:104A200000D0FFDF052038736EE7FFDF6CE770B55D
:104A30000C460546FCF782FE20B10078222804D2FD
:104A4000082070BD43F2020070BD052128460BF01E
:104A500035FB206008B1002070BD032070BD30B46C
:104A60004880087820F00F00C01C20F0F000903043
:104A700001F8080B1DCA81E81D0030BC03F02ABBF9
:104A80002DE9FF4784B00027824602970798904699
:104A90008946123006F043FB401D20F003060798BC
:104AA00028B907A95046FFF7C2FF002854D1B9F131
:104AB000000F05D00798017B19BB052504681BE092
:104AC00098F80000092803D00D2812D0FFDF46E037
:104AD000079903254868B0B3497B428871439142E6
:104AE00039D98AB2B3B2011D0BF06DF904460780C3
:104AF00002E0079C042508340CB1208810B1032D76
:104B000029D02CE007980121123006F03AFBADF8CD
:104B10000C00024602AB2946504604F0D8F80700C4
:104B200001D1A01C029007983A461230C8F8040040
:104B3000A8F802A003A94046029B06F02FFBD8B1BB
:104B40000A2817D200E006E0DFE800F00709141495
:104B5000100B0D141412132014E6002012E611207D
:104B600010E608200EE643F203000BE6072009E6F4
:104B70000D2007E6032005E6BDF80C002346CDE92D
:104B800000702A465046079900F017FD57B9032DCB
:104B900008D10798B3B2417B406871438AB2011DC6
:104BA0000BF025F9B9F1000FD7D0079981F80C90D7
:104BB000D3E72DE9FE4F91461A881C468A46804667
:104BC000FAB102AB494604F082F8050019D040461C
:104BD000A61C27880BF0B7FB3246072629463B4622
:104BE00000960AF0D6FF20882346CDE900504A46B9
:104BF0005146404600F0E1FC002020800120BDE845
:104C0000FE8F0020FBE710B586B01C46AAB1042336
:104C10008DF800301388ADF808305288ADF80A20BE
:104C20008A788DF80E200988ADF80C1000236A46AA
:104C30002146FFF725FF06B010BD1020FBE770B539
:104C40000D4605210BF03AFA040000D1FFDF29469A
:104C500004F11200BDE8704006F07CBA2DE9F8437B
:104C60000D468046002603F031FA044628781028C5
:104C700078D2DFE800F0773B3453313112313131F3
:104C80000831313131312879001FC0B2022801D0FA
:104C9000102810D114BBFFDF35E004B9FFDF052178
:104CA00040460BF00BFA007B032806D004280BD0FB
:104CB000072828D0FFDF072655E02879801FC0B2DB
:104CC000022820D050B1F6E72879401FC0B2022850
:104CD00019D0102817D0EEE704B9FFDF13E004B9AC
:104CE000FFDF287901280ED1172137E00521404642
:104CF0000BF0E4F9070000D1FFDF07F11201404695
:104D000006F005FA2CB12A4621464046FFF7A7FED9
:104D100029E013214046FDF743FD24E004B9FFDFFD
:104D2000052140460BF0CAF9060000D1FFDF6946B5
:104D300006F1120006F0F5F9060000D0FFDFA988A1
:104D4000172901D2172200E00A46BDF8000082426E
:104D500002D9014602E005E01729C5D3404600F01C
:104D60003CFCD0E7FFDF3046BDE8F883401D20F073
:104D7000030219B102FB01F0001D00E00020104405
:104D8000704713B5009848B1002468460AF0C5FF83
:104D9000002C02D1F74A009911601CBD01240020AB
:104DA000F4E72DE9F0470C46154624220021204661
:104DB00008F0E9FA05B9FFDFA87860732888DFF802
:104DC000B4A3401D20F00301AF788946DAF8000053
:104DD0000AF0C1FF060000D1FFDF4FF00008266097
:104DE000A6F8008077B109FB07F1091D0AD0DAF8AF
:104DF00000000AF0B0FF060000D1FFDF6660C6F8D1
:104E0000008001E0C4F80480298804F11200BDE8A4
:104E1000F04706F06DB92DE9F047804601F1120028
:104E20000D46814606F07BF9401DD24F20F003026B
:104E30006E7B1446296838680AF0B8FF3EB104FB5F
:104E400006F2121D03D0696838680AF0AFFF05202A
:104E50000BF0E0F8044605200BF0E4F8201A0128D6
:104E600002D138680AF06CFF49464046BDE8F04779
:104E700006F054B970B5054605210BF01FF9040082
:104E800000D1FFDF04F112012846BDE8704006F0B2
:104E90003EB92DE9F04F91B04FF0000BADF834B0B2
:104EA000ADF804B047880C460546924605213846C1
:104EB0000BF004F9060000D1FFDF24B1A780A4F8AD
:104EC00006B0A4F808B0297809220B20B2EB111F14
:104ED0007ED12A7A04F1100138274FF00C084FF0E8
:104EE00001090391102A74D2DFE802F073F3F2F1A2
:104EF0008008D3898EA03DDCF4EFB7B7307B022861
:104F000000D0FFDFA88908EBC001ADF80410302104
:104F1000ADF83410002C25D06081B5F80E90002734
:104F20001DE004EBC708317C88F80E10F189A8F861
:104F30000C10CDF800906888042304AA296900F0B9
:104F40002CFBBDF81010A8F8101009F10400BDF8F2
:104F500012107F1C1FFA80F9A8F81210BFB26089E6
:104F6000B842DED80EE1307B022800D0FFDFE989AD
:104F700008EBC100ADF804003020ADF83400287B08
:104F80000A90001FC0B20F90002CEBD06181B5F8E1
:104F90001090002726E000BFCDF80090688869696E
:104FA00003AA0A9B00F0F9FA0A9804EBC7084844E0
:104FB0001FFA80F908F10C0204A90F980CF016FEF4
:104FC00018B188F80EB0A8F80CB0BDF80C1001E0CC
:104FD000D4E0D1E0A8F81010BDF80E107F1CA8F89E
:104FE0001210BFB26089B842D6D8CBE00DA80090AD
:104FF00001AB224629463046FFF719FBC2E0307B61
:10500000082805D0FFDF03E0307B082800D0FFDF51
:10501000E8891030ADF804003620ADF83400002CDB
:105020003FD0A9896181F189A18127E0307B0928DE
:1050300000D0FFDFA88900F10C01ADF80410372182
:10504000ADF83410002C2CD06081E8890090AB8939
:10505000688804F10C02296956E0E889392110308A
:1050600080B2ADF80400ADF83410002C74D0A989DA
:105070006181287A0E280AD002212173E989E18111
:10508000288A0090EB8968886969039A3CE00121CD
:10509000F3E70DA8009001AB224629463046FFF702
:1050A00057FB6FE0307B0A2800D0FFDF1220ADF8FD
:1050B0000400ADF834704CB3A9896181A4F810B034
:1050C000A4F80EB084F80C905CE020E002E031E03F
:1050D00039E042E0307B0B2800D0FFDF288AADF8B2
:1050E00034701230ADF8040084B104212173A98911
:1050F0006181E989E181298A2182688A00902B8A6D
:10510000688804F11202696900F047FA3AE0307BDE
:105110000C2800D0FFDF1220ADF80400ADF8347089
:105120003CB305212173A4F80AB0A4F80EB0A4F88A
:1051300010B027E00DA8009001AB2246294630466A
:10514000FFF75AFA1EE00DA8009001AB224629464F
:105150003046FFF7B5FB15E034E03B21ADF8040025
:10516000ADF8341074B3A4F80690A4F808B084F82D
:105170000AB007E010000020FFDF03E0297A0129D0
:1051800017D0FFDFBDF80400AAF800006CB1BDF82D
:1051900034002080BDF804006080BDF83400392858
:1051A00003D03C2801D086F80CB011B00020BDE837
:1051B000F08F3C21ADF80400ADF8341014B1697AD9
:1051C000A172DFE7AAF80000EFE72DE9F84356885F
:1051D0000F4680461546052130460AF06FFF040051
:1051E00000D1FFDF123400943B46414630466A68E6
:1051F00006F008F9B8E570B50D4605210AF05EFF26
:10520000040000D1FFDF294604F11200BDE8704020
:1052100005F092BF70B50D4605210AF04FFF04005E
:1052200000D1FFDF294604F11200BDE8704005F00F
:10523000B0BF70B5054605210AF040FF040000D15B
:10524000FFDF04F1080321462846BDE87040042230
:10525000AFE470B5054605210AF030FF040000D127
:10526000FFDF214628462368BDE870400522A0E400
:1052700070B5064605210AF021FF040000D1FFDFCA
:1052800004F1120005F04BFF401D20F0030511E072
:10529000011D00880322431821463046FFF789FC90
:1052A00000280BD0607BABB2684382B26068011DFE
:1052B0000AF0D3FD606841880029E9D170BD70B55E
:1052C0000E46054602F002FF040000D1FFDF012078
:1052D000207266726580207820F00F00C01C20F0DC
:1052E000F00030302070BDE8704002F0F3BE2DE9D0
:1052F000F0438BB00D461446814606A9FFF797FB95
:10530000002814D14FF6FF7601274FF420588CB1B6
:1053100003208DF800001020ADF8100007A80590BC
:1053200007AA204604A90CF080FC78B107200BB036
:10533000BDE8F0830820ADF808508DF80E708DF8A8
:105340000000ADF80A60ADF80C800CE00698A1787A
:1053500001742188C1818DF80E70ADF80850ADF848
:105360000C80ADF80A606A4602214846069BFFF7AA
:1053700087FBDCE708B501228DF8022042F6020225
:10538000ADF800200A4603236946FFF73CFC08BD40
:1053900008B501228DF8022042F60302ADF8002084
:1053A0000A4604236946FFF72EFC08BD00B587B006
:1053B00079B102228DF800200A88ADF808204988CA
:1053C000ADF80A1000236A460521FFF759FB07B024
:1053D00000BD1020FBE709B1072314E40720704744
:1053E00070B588B00D461446064606A9FFF71FFBA8
:1053F00000280ED17CB10620ADF808508DF80000D1
:10540000ADF80A40069B6A460821DC813046FFF76A
:1054100037FB08B070BD05208DF80000ADF80850CE
:10542000F0E700B587B059B107238DF80030ADF82B
:105430000820039100236A460921FFF721FBC6E7F4
:105440001020C4E770B588B00C460646002506A9B2
:10545000FFF7EDFA0028DCD106980121123005F0A3
:1054600090FE9CB12178062921D2DFE801F02005C9
:1054700005160318801E80B2C01EE28880B20AB1F1
:10548000A3681BB1824203D90C20C2E71020C0E7F9
:10549000042904D0A08850B901E00620B9E7012909
:1054A00013D0022905D004291CD005292AD00720B1
:1054B000AFE709208DF800006088ADF80800E088AB
:1054C000ADF80A00A068039023E00A208DF80000E0
:1054D0006088ADF80800E088ADF80A00A0680A25E9
:1054E000039016E00B208DF800006088ADF80800EE
:1054F000A088ADF80A00E088ADF80C00A0680B2584
:10550000049006E00C208DF8000060788DF808000B
:105510000C256A4629463046069BFFF7B1FA78E724
:1055200000B587B00D228DF80020ADF808100023DB
:105530006A461946FFF7A4FA49E700B587B071B18A
:1055400002228DF800200A88ADF808204988ADF8BD
:105550000A1000236A460621FFF792FA37E7102067
:1055600035E770B586B0064601200D46ADF8081047
:105570008DF80000014600236A463046FFF780FAA6
:10558000040008D12946304601F006FB00213046D0
:1055900001F020FB204606B070BDF8B51C4615464C
:1055A0000E46069F0AF0BDFE2346FF1DBCB23146E3
:1055B0002A4600940AF0B9FAF8BD30B41146DDE984
:1055C00002423CB1032903D0002330BC04F013BCD9
:1055D0000123FAE71A8030BC704770B50C460546C7
:1055E000FFF72DFB2146284601F0E5FA2846BDE8E5
:1055F0007040012101F0EEBA18B18178012938D14B
:1056000001E010207047018842F60112881A914289
:1056100031D018DC42F60102A1EB020091422AD0FF
:105620000CDC41B3B1F5C05F25D06FF4C050081851
:1056300021D0A0F57060FF381BD11CE001281AD0E2
:1056400002280AD117E0B0F5807F14D008DC0128C9
:1056500011D002280FD003280DD0FF2809D10AE06D
:10566000B0F5817F07D0A0F58070033803D0012802
:1056700001D0002070470F2070470A281FD008DC97
:105680000A2818D2DFE800F0191B1F1F171F231D5F
:105690001F21102815D008DC0B2812D00C2810D0A0
:1056A0000D2816D00F2806D10DE011280BD0842824
:1056B0000BD087280FD003207047002070470520AB
:1056C0007047072070470F2070470420704706205E
:1056D00070470C20704743F20200704738B50C4603
:1056E000050041D06946FEF7D7FA002819D19DF888
:1056F0000010607861F3020060706946681CFEF774
:10570000CBFA00280DD19DF80010607861F3C50038
:105710006070A978C1F34101012903D0022905D0A5
:10572000072038BD217821F0200102E0217841F0E6
:1057300020012170410704D0A978C90861F38610BF
:105740006070607810F0380F07D0A978090961F30C
:10575000C710607010F0380F02D16078400603D592
:10576000207840F040002070002038BD70B504461D
:105770000020088015466068FFF7B0FF002816D1AA
:105780002089A189884211D860688078C0070AD032
:10579000B1F5007F0AD840F20120B1FBF0F200FB26
:1057A0001210288007E0B1F5FF7F01D90C2070BDF1
:1057B00001F201212980002070BD10B50478137812
:1057C00064F3000313700478640864F341031370F6
:1057D0000478A40864F3820313700478E40864F383
:1057E000C30313700478240964F30413137004785A
:1057F000640964F3451313700078800960F386131D
:10580000137031B10878C10701D1800701D501209B
:1058100000E0002060F3C713137010BD42785307F7
:1058200002D002F0070306E012F0380F02D0C2F3F4
:10583000C20300E001234A7863F302024A70407811
:1058400010F0380F02D0C0F3C20005E0430702D0C9
:1058500000F0070000E0012060F3C5024A707047C5
:105860002DE9F04F95B00D00824613D01222002191
:10587000284607F088FD4FF6FF7B05AA0121584610
:1058800007F049FB0024264637464FF420586FF4B2
:10589000205972E0102015B0BDE8F08F9DF81E0071
:1058A00001280AD1BDF81C1041450BD011EB0900AD
:1058B0000AD001280CD002280CD0042C0ED0052CC4
:1058C0000FD10DE0012400E00224BDF81A6008E0C9
:1058D000032406E00424BDF81A7002E0052400E069
:1058E0000624BDF81A10514547D12C74BEB34FF0B1
:1058F000000810AA4FF0070ACDE90282CDE900A8FE
:105900000DF13C091023CDF810904246314658461F
:1059100007F0D1FB08BBBDF83C002A46C0B210A975
:105920000CF064F9C8B9AE81CFB1CDE900A80DF192
:10593000080C0AAE40468CE8410213230022394687
:10594000584607F0B8FB40B9BDF83C00F11CC01E3A
:10595000C0B22A1D0CF04AF910B103209BE70AE0FF
:10596000BDF82900E881062C05D19DF81E00A8721B
:10597000BDF81C00288100208DE705A807F0D7FAA4
:1059800000288BD0FFF779FE85E72DE9F0471C460C
:10599000DDE90978DDF8209015460E00824600D139
:1059A000FFDF0CB1208818B1D5B11120BDE8F08718
:1059B000022D01D0012100E0002106F1140006F0C3
:1059C00073F9A8F8000002463B462946504603F00A
:1059D0007EF9C9F8000008B9A41C3C600020E5E786
:1059E0001320E3E7F0B41446DDE904528DB100233F
:1059F00014B1022C09D101E0012306E00D7CEE0771
:105A000003D025F0010501230D742146F0BC04F0FC
:105A1000F2B91A80F0BC70472DE9FE4F91461A8802
:105A20001C468A468046FAB102AB494603F04FF95C
:105A3000050019D04046A61C27880AF084FC32468F
:105A4000072629463B4600960AF0A3F820882346FD
:105A5000CDE900504A4651464046FFF7C3FF0020BB
:105A600020800120BDE8FE8F0020FBE72DE9F047F4
:105A700086B082460EA8904690E8B000894604AAF7
:105A800005A903A88DE807001E462A462146504670
:105A9000FFF77BFF039901B101213970002818D16C
:105AA000FA4904F1140204AB0860039805998DE8E3
:105AB000070042464946504606F0A9FCA8B109280D
:105AC00011D2DFE800F005080510100A0C0C0E00DA
:105AD000002006B06AE71120FBE70720F9E708205D
:105AE000F7E70D20F5E70320F3E7BDF81010039862
:105AF000CDE9000133462A4621465046FFF772FFA2
:105B0000E6E72DE9F04389B01646DDE910870D463A
:105B100081461C461422002103A807F034FC012012
:105B200002218DF810108DF80C008DF81170ADF871
:105B3000146064B1A278D20709D08DF81600E0880D
:105B4000ADF81A00A088ADF81800A068079008A862
:105B50000095CDE90110424603A948466B68FFF75E
:105B600085FF09B0BDE8F083F0B58BB00024064690
:105B7000069407940727089405A8099401940097B0
:105B80000294CDE903400D4610232246304607F02B
:105B900092FA78B90AA806A9019400970294CDE96F
:105BA0000310BDF8143000222946304607F021F8D2
:105BB000002801D0FFF761FD0BB0F0BD06F0B2BECA
:105BC0002DE9FC410C468046002602F07FFA05468E
:105BD00020780D287ED2DFE800F0BC0713B325BD86
:105BE00049496383AF959B00A848006820B141787C
:105BF00041F010014170ADE0404602F099FAA9E091
:105C0000042140460AF05AFA070000D1FFDF07F1ED
:105C10001401404605F0DDFFA5BB13214046FCF70B
:105C2000BFFD97E0042140460AF048FA070000D182
:105C3000FFDFE088ADF800000020B8819DF800008B
:105C4000010704D5C00602D5A088B88105E09DF8FB
:105C5000010040067ED5A088F88105B9FFDF224605
:105C60002946404601F0C0FC022673E0E188ADF809
:105C700000109DF8011009060FD5072803D006284B
:105C80000AD00AE024E0042140460AF017FA060090
:105C900000D1FFDFA088F0810226CDB9FFDF17E039
:105CA000042140460AF00AFA070000D1FFDF07F19D
:105CB000140006F06EFE90F0010F02D1E0790006AC
:105CC00048D5387C022640F00200387405B9FFDF61
:105CD000224600E03DE02946404601F085FC39E0DF
:105CE000042140460AF0EAF9017C002D01F0020689
:105CF000C1F340016171017C21F002010174E7D11F
:105D0000FFDFE5E702260121404602F043FA21E0E9
:105D1000042140460AF0D2F90546606800902089C7
:105D2000ADF8040001226946404602F054FA287C8E
:105D300020F0020028740DE0002DC9D1FFDFC7E775
:105D4000022600214046FFF765FA002DC0D1FFDF93
:105D5000BEE7FFDF3046BDE8FC813EB50C0009D050
:105D600001466B4601AA002007F02AFA20B1FFF78E
:105D700084FC3EBD10203EBD00202080A0709DF818
:105D8000050002A900F00700FDF7A2FF50B99DF839
:105D9000080020709DF8050002A9C0F3C200FDF7BD
:105DA00097FF08B103203EBD9DF8080060709DF884
:105DB0000500C109A07861F30410A0709DF80510DA
:105DC000890961F3C300A0709DF80410890601D50C
:105DD000022100E0012161F342009DF8001061F30F
:105DE0000000A07000203EBD70B5144606460D466A
:105DF00051EA040005D075B10846FBF760FA78B99E
:105E000001E0072070BD2946304607F040FA10B186
:105E1000BDE8704031E454B12046FBF750FA08B1B8
:105E2000102070BD21463046BDE8704095E7002047
:105E300070BD2DE9FC5F0C469046054600270178B1
:105E40000822007A3E46B2EB111F7DD104F10A010F
:105E500000910A31821E4FF0020A04F1080B0191F1
:105E6000092A72D2DFE802F0EDE005F528287BAAC6
:105E7000CE00688804210AF021F9060000D1FFDF76
:105E8000B08928B152270726C3E00000380200205D
:105E900051271026002C7DD06888A0800120A07199
:105EA000A88900220099FFF79FFF002873D1A889D5
:105EB0002081288AE081D1E0B5F81290072824D10A
:105EC000E87B000621D5512709F1140086B2002C89
:105ED000E1D0A88900220099FFF786FF00285AD157
:105EE0006888A08084F806A0A88920810120A0737A
:105EF000288A2082A4F81290A88A009068884B46CD
:105F0000A969019A01F04CFBA8E0502709F11200A1
:105F100086B2002C3ED0A88900225946FFF764FFC4
:105F2000002838D16888A080A889E080287A0728CE
:105F300013D002202073288AE081E87BC0096073B7
:105F4000A4F81090A88A01E085E082E000906888BB
:105F50004B4604F11202A969D4E70120EAE7B5F83B
:105F60001290512709F1140086B2002C66D068887F
:105F700004210AF0A3F883466888A080A88900223B
:105F80000099FFF731FF00286ED184F806A0A88998
:105F9000208101E052E067E00420A073288A20827B
:105FA000A4F81290A88A009068884B46A969019AC3
:105FB00001F0F6FAA989ABF80E104FE06888FBF7FC
:105FC000BDFB0746688804210AF078F8064607B941
:105FD000FFDF06B9FFDF687BC00702D05127142618
:105FE00001E0502712264CB36888A080502F06D0BD
:105FF00084F806A0287B594601F0E2FA2EE0287BBF
:10600000A11DF9E7FE49A8894989814205D1542794
:1060100006269CB16888A08020E053270BE06888A2
:10602000A080A889E08019E0688804210AF046F879
:1060300000B9FFDF55270826002CF0D1A8F8006032
:1060400011E056270726002CF8D06888A080002091
:1060500013E0FFDF02E0012808D0FFDFA8F80060AE
:106060000CB1278066800020BDE8FC9F57270726DB
:10607000002CE3D06888A080687AA071EEE7401D0C
:1060800020F0030009B14143091D01EB40007047B6
:1060900013B5DB4A00201071009848B1002468460F
:1060A00009F03BFE002C02D1D64A009911601CBDBC
:1060B00001240020F4E770B50D461446064686B06C
:1060C0005C220021284607F05EF904B9FFDFA078C2
:1060D0006874A2782188284601F09DFA0020A881E2
:1060E000E881228805F11401304605F056FD6A4624
:1060F0000121304606F00FFF1AE000BF9DF80300B3
:10610000000715D5BDF806103046FFF72DFD9DF8A8
:106110000300BDF8061040F010008DF80300BDF834
:106120000300ADF81400FF233046059A07F077F816
:10613000684606F0FCFE0028E0D006B070BD10B541
:106140000C4601F1140005F060FD0146627C20461A
:10615000BDE8104001F094BA30B50446A84891B0AB
:106160004FF6FF75C18905AA284606F0D4FE30E037
:106170009DF81E00A0422AD001282AD1BDF81C009B
:10618000B0F5205F03D042F60101884221D1002002
:1061900002AB0AAA0CA9019083E80700072000902F
:1061A000BDF81A1010230022284606F084FF38B9E3
:1061B000BDF828000BAAC0B20CA90BF017FD10B156
:1061C000032011B030BD9DF82E00A04201D1002067
:1061D000F7E705A806F0ABFE0028C9D00520F0E7D8
:1061E00070B50546042109F069FF040000D1FFDF06
:1061F00004F114010C46284605F0EBFC2146284624
:10620000BDE8704005F0ECBC70B58AB00C4606469F
:10621000FBF794FA050014D02878222827D30CB174
:10622000A08890B101208DF80C0003208DF810009B
:1062300000208DF8110054B1A088ADF81800206836
:1062400007E043F202000AB070BD0920FBE7ADF899
:10625000180005900421304609F030FF040000D1F9
:10626000FFDF04F1140005F0E6FC000701D408206C
:10627000E9E701F02BFF60B108A802210094CDE905
:10628000011095F8232003A930466368FFF7EEFB61
:10629000D9E71120D7E72DE9F04FB2F802A08346E5
:1062A00089B0154689465046FBF748FA074604214F
:1062B000504609F003FF0026044605964FF00208F9
:1062C0000696ADF81C6007B9FFDF04B9FFDF414651
:1062D000504603F0DAFE50B907AA06A905A88DE8D2
:1062E00007004246214650466368FFF74EFB44488C
:1062F00007AB0660DDE9051204F11400CDF800904B
:10630000CDE90320CDE9013197F8232059465046C5
:106310006B6805F0D9FC06000AD0022E04D0032ECB
:1063200014D0042E00D0FFDF09B03046BDE8F08F56
:10633000BDF81C000028F7D00599CDE900104246B1
:10634000214650466368FFF74DFBEDE7687840F063
:1063500008006870E8E72DE9F04F99B004464FF067
:1063600000082748ADF81C80ADF82080ADF82480E7
:10637000A0F80880ADF81480ADF81880ADF82C8036
:10638000ADF82880007916460D464746012808D00A
:10639000022806D0032804D0042802D0082019B00F
:1063A000C4E72046FAF747FF70BB2846FAF743FFD9
:1063B00050BB6068FAF78CFF30BB606848B16089F9
:1063C0002189884202D8B1F5007F01D90C20E6E787
:1063D00080460EAA06A92846FFF7C8F90028DED194
:1063E00068688078C0F34100022808D19DF8190040
:1063F00010F0380F03D02869FAF761FF20B904E0E4
:10640000380200201400002022E005A92069FFF7CF
:1064100065F90028C3D1206948B1607880079DF8EC
:10642000150000F0380001D5F0B300E0E0BB9DF8A6
:10643000140080060ED59DF8150010F0380F03D01B
:106440006068FAF73CFF18B96068FAF741FF08B1D5
:106450001020A4E70AA96069FFF740F900289ED13F
:10646000606940B19DF8290000F0070101293CD185
:1064700010F0380F39D00BA9A069FFF72FF90028C9
:106480008DD19DF8280080062FD49DF82C00800621
:106490002BD4A06950B19DF82D0000F0070101290F
:1064A00023D110F0380F00E01FE01ED0E06818B1D3
:1064B0000078D0B11C2818D20FAA611C2046FFF723
:1064C0007CF90121384661F30F2082468DF8521085
:1064D000B94642F603000F46ADF850000DF13F02F9
:1064E00018A928680BF0A1FB08B1072057E79DF811
:1064F000600015A9CDF80090C01CCDE9019100F015
:10650000FF0B00230BF20122514614A806F02EFCCB
:10651000F0BBBDF854000C90FE482A89296900920E
:10652000CDE901106B89BDF838202868069906F07E
:106530001DFC01007ED120784FF0020AC10601D473
:1065400080062BD5CDF80C90606950B90AA906A831
:10655000FFF764F99DF8290020F00700401C8DF832
:1065600029009DF8280008A940F0C8008DF82800EF
:106570008DF8527042F60210ADF8500003AACDF823
:1065800000A0CDE90121002340F2032214A800E07D
:106590001EE00A9906F0EAFB01004BD1DD484D46AA
:1065A00008385B460089ADF83D000FA8CDE90290A0
:1065B000CDF80490CDF810904FF007090022CDF8E7
:1065C0000090BDF854104FF6FF7006F012FB10B1AA
:1065D000FFF753F8E3E69DF83C00000624D5294672
:1065E000012060F30F218DF852704FF42450039571
:1065F000ADF8500062789DF80C00002362F30000B3
:106600008DF80C006278CDF800A0520862F34100CA
:106610008DF80C0003AACDE9012540F2032214A84D
:1066200006F0A4FB010005D1606888B32069A8B911
:1066300005A900E084E006A8FFF7F0F8607880077D
:1066400006D49DF8150020F038008DF8150005E0FF
:106650009DF8140040F040008DF814008DF8527041
:1066600042F60110ADF85000208940F20121B0FB44
:10667000F1F201FB1202606809ABCDF80080CDE9B0
:106680000103002314A8059906F070FB010057D1FF
:106690002078C00728D00395A06950B90BA906A897
:1066A000FFF7BCF89DF82D0020F00700401C8DF886
:1066B0002D009DF82C008DF8527040F040008DF8B0
:1066C0002C0042F60310ADF8500007A903AACDF83C
:1066D00000A0CDE90121002340F2032214A80B9968
:1066E00006F044FB01002BD1E06868B32946012085
:1066F00060F30F218DF8527042F60410ADF850008F
:10670000E068002302788DF8582040788DF8590011
:10671000E06816AA4088ADF85A00E06800798DF864
:106720005C00E068C088ADF85D00CDF80090CDE970
:1067300001254FF4027214A806F018FB010003D0E3
:106740000C9800F0C9FF2AE672480321083801714D
:1067500056B100893080BDF824007080BDF820005B
:10676000B080BDF81C00F080002018E670B501254F
:106770008AB016460B46012802D0022816D104E042
:106780008DF80E504FF4205003E08DF80E5042F675
:106790000100ADF80C005BB10024601C60F30F2415
:1067A00004AA08A918460BF040FA18B107204AE5D8
:1067B000102048E504A99DF820205648CDE9002185
:1067C000801E02900023214603A802F2012206F057
:1067D000CDFA10B1FEF751FF35E54E4808380EB13D
:1067E000C1883180057100202DE5F0B593B00746D2
:1067F00001268DF83E6041F60100ADF83C0012AA7A
:106800000FA93046FFF7B2FF002849D1414C0025BF
:10681000083CEFB31C22002102A806F0B4FD9DF84D
:1068200008008DF83E6040F020008DF8080042F628
:106830000520ADF83C000E959DF83A00119520F02A
:106840000600801C8DF83A009DF838006A4620F05A
:10685000FF008DF838009DF8390009A920F0FF00ED
:106860008DF839000420ADF82C00ADF830000EA8EA
:106870000A9011A80D900FA80990ADF82E5002A80B
:10688000FFF769FD00280BD1BDF80000608100E032
:1068900008E0BDF80400A081401CE08125710020C3
:1068A00013B0F0BD6581A581BDF84800F4E72DE97E
:1068B000F74F1849A0B00024083917940A79A14667
:1068C000012A04D0022A02D0082023B02EE5CA886B
:1068D000824201D00620F8E721988A46824201D1FF
:1068E0000720F2E70120214660F30F21ADF84800B0
:1068F0004FF6FF780691ADF84A808DF86E0042F6AB
:10690000020B8DF872401CA9ADF86CB0ADF8704068
:10691000139101E040020020ADF8508012A806F06B
:1069200035FB00252E462F460DAB072212A9404607
:1069300006F02FFB78B10A285DD195B38EB3ADF880
:106940006450ADF866609DF85E008DF8144019AC97
:10695000012864D06BE09DF83A001FB3012859D19B
:10696000BDF8381059451FD118A809A901940294FF
:10697000CDE9031007200090BDF836101023002247
:10698000404606F098FBB0BBBDF86000042801D07B
:1069900006284AD1BDF82410219881423AD10F200F
:1069A00093E73AE0012835D1BDF83800B0F5205F13
:1069B00003D042F6010188422CD1BAF80600BDF896
:1069C0003610884201D1012700E0002705B19EB1B1
:1069D000219881421ED118A809AA01940294CDE9F8
:1069E0000320072000900D4610230022404606F0A9
:1069F00062FB00B902E02DE04E460BE0BDF86000FE
:106A0000022801D0102810D1C0B217AA09A90BF092
:106A1000EDF850B9BDF8369086E7052055E705A991
:106A200017A8221D0BF001F908B103204DE79DF8CE
:106A300014000023001DC2B28DF814202298009289
:106A4000CDE901401BA8069906F090F910B9022281
:106A50008AF80420FEF711FE37E710B50B46401EFA
:106A600088B084B205AA00211846FEF7A6FE0020D1
:106A70000DF1080C06AA05A901908CE80700072073
:106A800000900123002221464FF6FF7006F0B1F876
:106A90000446BDF81800012800D0FFDF2046FEF7AD
:106AA000ECFD08B010BDF0B5F74F044687B038795B
:106AB0000E46032804D0042802D0082007B0F0BDF9
:106AC00004AA03A92046FEF751FE0500F6D160682E
:106AD0008078C0F3410002280AD19DF80D0010F023
:106AE000380F05D02069FAF7EAFB08B11020E5E776
:106AF000208905AA21698DE807006389BDF8102067
:106B00002068039906F032F910B1FEF7B6FDD5E71B
:106B100016B1BDF814003080042038712846CDE746
:106B2000F8B50C0006460CD001464FF6FF75002361
:106B30006A46284606F044FB28B100BFFEF79DFDDB
:106B4000F8BD1020F8BD69462046FEF7C7FD0028B5
:106B5000F8D1A078314600F001032846009A06F0EB
:106B60005EFBEBE730B587B0144600220DF1080C50
:106B700005AD01928CE82C00072200920A460146DE
:106B800023884FF6FF7006F034F8BDF8141021800A
:106B9000FEF773FD07B030BD70B50D46042109F056
:106BA0008DFA040000D1FFDF294604F11400BDE88E
:106BB000704005F039B870B50D46042109F07EFA31
:106BC000040000D1FFDF294604F11400BDE8704045
:106BD00005F04DB870B50D46042109F06FFA0400B8
:106BE00000D1FFDF294604F11400BDE8704005F034
:106BF00065B870B50546042109F060FA040000D1BB
:106C0000FFDF214628462368BDE870400122FEF7D9
:106C100003BF70B50646042109F050FA040000D104
:106C2000FFDF04F1140004F0F0FF401D20F0030525
:106C300011E0011D00880022431821463046FEF76E
:106C4000EBFE00280BD0607CABB2684382B2A06838
:106C5000011D09F002F9A06841880029E9D170BD41
:106C600070B50546042109F029FA040000D1FFDFC0
:106C7000214628466368BDE870400222FEF7CCBE7C
:106C800070B50E46054601F021FA040000D1FFDF81
:106C90000120207266726580207820F00F00001DB0
:106CA00020F0F00040302070BDE8704001F012BAD2
:106CB00010B50446012900D0FFDF2046BDE8104092
:106CC0000121FEF7A7BA2DE9F04F97B04FF0000A67
:106CD0000C008346ADF814A0D04619D0E06830B15E
:106CE000A068A8B10188ADF81410A0F800A058461B
:106CF000FAF724FD070043F2020961D03878222810
:106D00005CD30421584609F0D9F9050005D103E008
:106D1000102017B0BDE8F08FFFDF05F1140004F07C
:106D200074FF401D20F00306A078012803D002283C
:106D300001D00720EDE7218807AA584606F0EBF8B6
:106D400030BB07A806F0F3F810BB07A806F0EFF871
:106D500048B99DF82600012805D1BDF82400A0F50A
:106D60002451023902D04FF45050D2E7E068B0B15C
:106D7000CDE902A00720009005AACDF804A0049256
:106D8000A2882188BDF81430584605F032FF10B1B2
:106D9000FEF773FCBDE7A168BDF8140008809DF8FC
:106DA0001F00C00602D543F20140B2E70B9838B18C
:106DB000A1780078012905D080071AD40820A8E717
:106DC0004846A6E7C007F9D002208DF83C00A86825
:106DD0004FF00009A0B1697C4288714391420FD9FC
:106DE0008AB2B3B2011D08F0EEFF8046A0F800A001
:106DF00006E003208DF83C00D5F800804FF0010933
:106E00009DF8200010F0380F00D1FFDF9DF8200022
:106E10001E49C0F3C200084497F8231010F8010C73
:106E2000884201D90F2074E72088ADF8400014A9EA
:106E30000095CDE90191434607220FA95846FEF778
:106E400015FE002891D19DF8500050B9A078012876
:106E500007D1687CB3B2704382B2A868011D08F004
:106E6000C6FF002055E770B5064615460C46084695
:106E7000FEF7C2FB002805D12A4621463046BDE870
:106E8000704073E470BD12E538020020F2B00100DA
:106E900070B51E4614460D0009D044B1616831B189
:106EA00038B1FC49C988814203D0072070BD102049
:106EB00070BD2068FEF7A0FB0028F9D132462146BC
:106EC0002846BDE87040FFF746BA70B515460C007D
:106ED00006D038B1EF490989814203D0072070BD3F
:106EE000102070BD2068FEF787FB0028F9D12946E5
:106EF0002046BDE87040D6E570B5064686B00D4622
:106F000014461046FAF7BDF9D0BB6068FAF7E0F90D
:106F1000B0BBA6F57F40FF3803D03046FAF70EFC31
:106F200080B128466946FEF79BFC00280CD19DF8ED
:106F300010100F2008293DD2DFE801F008060606F0
:106F4000060A0A0843F2020006B070BD0320FBE700
:106F50009DF80210012908D1BDF80010B1F5C05FFD
:106F6000F2D06FF4C052D142EED09DF80610012944
:106F70000DD1BDF80410A1F52851062907D200E073
:106F800029E0DFE801F0030304030303DCE79DF8D5
:106F90000A1001290FD1BDF80810B1F5245FD3D034
:106FA000A1F60211B1F50051CED00129CCD00229B1
:106FB00001D1C9E7FFDF606878B9002305AA294637
:106FC000304606F0FDF810B1FEF757FBBCE79DF820
:106FD0001400800601D41020B6E7618822462846B6
:106FE0006368FFF7BFFDAFE72DE9F043814687B047
:106FF000884614461046FAF744F918B1102007B035
:10700000BDE8F083002306AA4146484606F0D8F8BA
:1070100018B100BFFEF731FBF1E79DF81800C0067C
:1070200002D543F20140EAE70025072705A80195AC
:1070300000970295CDE9035062884FF6FF734146F1
:10704000484606F038F8060013D16068FAF719F9D7
:1070500060B960680195CDE90250009704952388D6
:1070600062884146484606F026F80646BDF81400F8
:1070700020803046CEE739B1864B0A889B899A42F8
:1070800002D843F2030070471DE610B586B0814C6C
:107090000423ADF81430638943B1A4898C4201D232
:1070A000914205D943F2030006B010BD0620FBE76C
:1070B000ADF81010002100910191ADF800300221CF
:1070C0008DF8021005A9029104A90391ADF81220D0
:1070D0006946FFF7F8FDE7E72DE9FC4781460D46D5
:1070E0000846FAF7A8F888BB4846FAF727FB5FEA94
:1070F00000080AD098F80000222829D30421484625
:1071000008F0DCFF070005D103E043F20200BDE810
:10711000FC87FFDF07F1140004F08DFD0646287898
:10712000012803D0022804D00720F0E7B0070FD5CC
:1071300002E016F01C0F0BD0A8792C1DC00709D057
:10714000E08838B1A068FAF776F818B11020DEE7C9
:107150000820DCE721882A780720B1F5847F35D024
:107160001EDC40F20315A1F20313A94226D00EDC67
:10717000B1F5807FCBD003DCF9B1012926D1C6E778
:10718000A1F58073013BC2D0012B1FD113E0012B6D
:10719000BDD0022B1AD0032BB9D0042B16D112E08C
:1071A000A1F20912082A11D2DFE802F00B04041040
:1071B00010101004ABE7022AA9D007E0012AA6D0DC
:1071C00004E0320700E0F206002AA0DACDB200F0B7
:1071D0007DFF50B198F82300CDE90005FA892346D8
:1071E00039464846FEF78DFC91E711208FE72DE9DF
:1071F000F04F8BB01F4615460C4683460026FAF723
:107200009DFA28B10078222805D208200BB081E52C
:1072100043F20200FAE7B80801D00720F6E7032F8F
:1072200000D100274FF6FF79CCB1022D73D3204651
:10723000FAF74EF830B904EB0508A8F10100FAF7A7
:1072400047F808B11020E1E7AD1E38F8028CAAB269
:107250002146484606F007F940455CD1ADB20D49DC
:10726000B80702D58889401C00E001201FFA80F889
:10727000F80701D08F8900E04F4605AA41465846DD
:1072800005F049FE4FF0070A4FF00009DCB3204635
:107290000BE0000038020020408810283BD8361D43
:1072A000304486B2AE4236D2A01902884245F3D3AA
:1072B00051E000BF9DF8170002074CD594B304EBD2
:1072C0000608361DB8F80230B6B2102B23D89A192A
:1072D000AA4220D8B8F8002091421CD1C0061CD583
:1072E000CDE900A90DF1080C0AAAA11948468CE8BD
:1072F0000700B8F800100022584605F07AFC20B1CB
:10730000FEF7BBF982E726E005E0B8F80200BDF819
:107310002810884201D00B2078E7B8F802003044EA
:1073200086B207E0FFE7C00604D55846FEF71CFC0E
:10733000002888D19DF81700BDF81A1020F0100021
:107340008DF81700BDF81700ADF80000FF23584670
:10735000009A05F064FF05A805F0E9FD18B9BDF82D
:107360001A10B942A6D90421584608F0A7FE040015
:1073700000D1FFDFA2895AB1CDE900A94D46002313
:1073800021465846FEF7BDFB0028BBD1A5813DE74D
:1073900000203BE72DE9FF4F8BB01E4617000D463E
:1073A0004FF0000412D0B00802D007200FB0B1E4B3
:1073B000032E00D100265DB10846F9F780FF28B9F9
:1073C0003888691E0844F9F77AFF08B11020EDE704
:1073D000C74AB00701D5D18900E00121F0074FF677
:1073E000FF7802D0D089401E00E0404686B206AA4F
:1073F0000B9805F090FD4FF000094FF0070B0DF1D1
:10740000140A38E09DF81B00000734D5CDF804902D
:10741000CDF800B0CDF80890CDE9039A434600229C
:107420000B9805F048FE60BB05B3BDF814103A8810
:1074300021442819091D8A4230D3BDF81E2020F8A6
:10744000022BBDF8142020F8022BCDE900B9CDE9BC
:107450000290CDF810A0BDF81E10BDF81430002227
:107460000B9805F028FE08B103209FE7BDF8140033
:107470002044001D84B206A805F059FD20B10A2859
:1074800006D0FEF7FAF891E7BDF81E10B142B9D95F
:1074900034B17DB13888A11C884203D20C2085E725
:1074A000052083E722462946404605F0DCFF0146D9
:1074B00028190180A41C3C80002077E710B5044601
:1074C000F9F7DFFE08B1102010BD8948C08920807F
:1074D000002010BDF0B58BB00D46064614220021E9
:1074E00003A805F050FF01208DF80C008DF8100066
:1074F00000208DF81100ADF814503046FAF71EF94F
:1075000048B10078222812D30421304608F0D6FD75
:10751000040005D103E043F202000BB0F0BDFFDF31
:1075200004F11400074604F086FB800601D408200D
:10753000F3E7207C022140F00100207409A80094A8
:10754000CDE90110072203A930466368FEF78EFAE1
:1075500020B1217C21F001012174DEE7294630466B
:10756000FDF749FE08A9384604F054FB00B1FFDFDF
:10757000BDF82040172C01D2172000E02046A84279
:1075800001D92C4602E0172C00D2172421463046A0
:10759000FFF711FB21463046FDF751FB0020BCE709
:1075A000F8B51C4615460E46069F08F0BAFE23465F
:1075B000FF1DBCB231462A46009408F0B6FAF8BD69
:1075C00070B50C4605460E220021204605F0DBFE74
:1075D000002020802DB1012D01D0FFDF70BD0620DD
:1075E00000E00520A07170BD10B5488008781346F2
:1075F00020F00F00001D20F0F00080300C460870D5
:107600001422194604F1080005F093FE00F062FD13
:107610003748046010BD2DE9F047DFF8D890491DC8
:10762000064621F0030117460C46D9F8000008F081
:1076300092FB050000D1FFDF4FF000083560A5F890
:1076400000802146D9F8000008F085FB050000D134
:10765000FFDF7560A5F800807FB104FB07F1091D0D
:107660000BD0D9F8000008F076FB040000D1FFDF52
:10767000B460C4F80080BDE8F087C6F80880FAE777
:107680002DE9F0411746491D21F00302194D064628
:1076900001681446286808F089FB2246716828684A
:1076A00008F084FB3FB104FB07F2121D03D0B16860
:1076B000286808F07BFB042008F0ACFC044604209A
:1076C00008F0B0FC201A012804D12868BDE8F04178
:1076D00008F036BBBDE8F08110B50C4605F0EAFBBA
:1076E00000B1FFDF2046BDE81040FDF7C6BF000037
:1076F00038020020140000204FF0E0214FF4004039
:10770000C1F88001BFF34F8FBFF36F8F00F021B836
:1077100010B5044600F01DF8002C09D0124A12489A
:1077200012491432124B012C03D0022C07D0FFDF78
:1077300010BD0224046011604FF0407004E0032487
:10774000046011604FF40000186010BD00B5FFDF49
:1077500000BD054800210160016005494FF06070DF
:10776000091D08607047000000F500404802002035
:1077700004F501402DE9F05FDFF850A44FF0000858
:107780008B4606469AF80940474645469AF80190C6
:1077900008E0284601F00EF8817B407811FB007765
:1077A0006D1CEDB24D45F4D19AF8090020442044F7
:1077B00020440744FF2F01D94FF013083068C01C44
:1077C00020F0030232605BEA080021D1FF48FBB2DF
:1077D000062120300CF0C8F9002408E0062C0FD256
:1077E000DFE804F005030A0A0C05F94800E0F9484F
:1077F0000CF0DAF9054604E0F748F9E7F748F7E74F
:10780000FFDFA54200D0FFDF641CE4B2062CE5D305
:10781000306800EB071030604046BDE8F09F38B597
:107820000C468288817B19B14189914200D90A4670
:107830002280C188121D90B26A4607F081FCBDF813
:107840000000032800D30320C1B2208800F0D1FF3C
:1078500038BD38B50C468288817B19B101899142C7
:1078600000D90A462280C188121D90B26A4607F0EC
:1078700067FCBDF80000022800D30220C1B22088B6
:1078800000F0B7FF401CC0B238BD2DE9FF5F824653
:107890008B46D34814460BF10302D0E90110CDE921
:1078A000021022F0030201A84421019208F035FAE7
:1078B000C64E002C02D1CB49019A8A60019901443D
:1078C0000191B57E05F1010504D1E8B20AF026F96F
:1078D00000B1FFDF019800EB0510C01C20F0030190
:1078E000019144B9727A00200870B08B80B205F023
:1078F00040F900B1FFDF0198F16908440190214689
:1079000001A8FFF737FF80460198C01C20F0030054
:107910000190717A04B1002008F0F5FA0199084449
:107920000190214601A800F06FFFA84800273D46BE
:1079300090F801900CE0284600F03CFF0646817864
:107940008088FDF713FA71786D1C00FB0177EDB2AA
:107950004D45F0D10198C01C20F00300019004B106
:1079600000203946FDF70DFA0199002708440190DF
:1079700096483D4690F801900CE0284600F01AFF2A
:107980000646C1788088FEF77AFB71786D1C00FB93
:107990000177EDB24D45F0D10198C01C20F00300F5
:1079A000019004B100203946FEF772FB01994FF0B7
:1079B00000090844019085484D4647780EE0284666
:1079C00000F0F8FE0646807B30B106F1080002F0B8
:1079D0009DF8727800FB02996D1CEDB2BD42EED1AC
:1079E0000198C01C20F00300019004B100207D49E3
:1079F0004A78494602F08EF80199084401902146E0
:107A000001A800F0B3FE0198C01D20F0070001900E
:107A1000DAF80010814204D3A0EB0B01B1F5803FEE
:107A200004DB4FF00408CAF8000004E0CAF80000C4
:107A3000B8F1000F02D0404604B0EEE674BB6A49CC
:107A40000020019A0CF0FEF9FAF77EFB5F4C207ED5
:107A50000090607E012823D0002318B300225B48E9
:107A600000210C30FBF74AF800B1FFDFE07EFEF7A3
:107A7000BCFE00B1FFDF55484FF4F67200213830EC
:107A800005F081FC51480421383080F8E91180F874
:107A9000EA11062180F8EB11032101710020CBE7E8
:107AA0000123DAE702AADAE770B5484C0646383413
:107AB000207804EB4015E078083598B9A01990F8C3
:107AC000E80100280FD0A0780F2800D3FFDF202284
:107AD0000021284605F057FC687866F302006870BC
:107AE0000120E070284670BD2DE9F04105460C46A6
:107AF00000270078052190463E46B1EB101F00D0CC
:107B0000FFDF287A50B101280ED0FFDFA8F800600F
:107B10000CB1278066800020BDE8F081012709268E
:107B200074B16888A08008E00227142644B16888F0
:107B3000A0802869E060A88A2082287B2072E5E77F
:107B4000A8F80060E7E730B5204C01200021207044
:107B50006170207260726176217621730521A182A5
:107B60001F21E182607321A121610A21A176E076C3
:107B70001C4D4FF4B060E0616868C11C21F0030146
:107B8000814200D0FFDF6868606030BD30B5154CC1
:107B90001568636810339D4202D20420136030BD23
:107BA0000A4B5D785A6802EB051210705170032081
:107BB000D080172090800120D070907000209073AA
:107BC0005878401C58706068103013E0540300204F
:107BD000A11F0000359C0000A9B000000F19010092
:107BE000F8B0010018000020000000206E52463559
:107BF000780000006060002030BD70B50646F8488F
:107C00000024457807E0204600F0D4FD0178B14219
:107C100004D0641CE4B2AC42F5D1002070BDF7B5CD
:107C2000074608780C4610B3FFF7E7FF0546A7F1B3
:107C30002006202F06D0052E19D2DFE806F00F2BE4
:107C40002B151A0000F0C2FD0DB1697800E000218B
:107C5000401AA17880B20844FF2808D8A07830B133
:107C6000A088022824D202E06088172820D20720AA
:107C7000FEBD207AE0B161881729F8D3A1881729C1
:107C8000F5D3A1790029F2D0E1790029EFD040287D
:107C900004D9ECE7242F0BD1207A48B161884FF644
:107CA000FB70814202D8A188814201D90420FEBD27
:107CB00065B9207802AA0121FFF768FF0028F6D1F4
:107CC0002078FFF79AFF050000D1FFDF052E18D2BC
:107CD000DFE806F0030B0E081100A0786870A0889A
:107CE000E8800FE06088A8800CE0A078A87009E028
:107CF000A078E87006E054F8020FA8606068E860B9
:107D000000E0FFDF0020FEBD1A2835D00DDC13286F
:107D100032D2DFE800F01B31203131272723252D17
:107D2000313129313131312F0F00302802D003DCBD
:107D30001E2821D1072070473A3809281CD2DFE8D5
:107D400000F0151B0F1B1B1B1B1B0700002070479F
:107D500043F20400704743F202007047042070476A
:107D60000D2070470F207047082070471120704782
:107D700013207047062070470320704710B5007825
:107D800000F0010007F0D2F9BDE81040BCE710B5E3
:107D9000007800F0010007F0CEF9BDE81040B3E72D
:107DA0000EB5017801F001018DF80010417801F065
:107DB00001018DF801100178C1F340018DF8021026
:107DC0004178C1F340018DF80310017889088DF8DE
:107DD0000410417889088DF8051081788DF8061017
:107DE000C1788DF8071000798DF80800684606F014
:107DF0005DFEFFF789FF0EBD2DE9F84F784CDFF8E7
:107E0000E481383400261FE0012000F048FD012005
:107E1000FFF74AFE054644214746D8F8080007F018
:107E20009AFF686000B9FFDF686806F03BFDA8B103
:107E30002846F9F7F1FD284600F036FD20B9442226
:107E40006968B86807F0B2FF94F9E9010428DBDA41
:107E5000022008F0DFF807460025A6E04422696802
:107E6000D8F8080007F0A2FFF2E7B8F80210404681
:107E7000491C89B2A8F80210B94201D300214180FF
:107E80000221B8F8020008F019F9002865D0B8F806
:107E90000200694607F0C8F8FFF736FF00B1FFDFC0
:107EA0009DF8000078B1B8F8020008F04CFA5FEADB
:107EB000000900D1FFDF484607F0CBFC18B1B8F845
:107EC000020002F0D0F8B8F8020008F02AFA5FEADF
:107ED000000900D1FFDF484607F0B3FCE8BB0321EF
:107EE000B8F8020008F0EAF85FEA000B48D1FFDFBB
:107EF00046E000BFDBF8100010B10078FF2849D041
:107F0000022000F0CCFC0220FFF7CEFD824648465E
:107F100007F0A3FDCAF8040000B9FFDFDAF8040097
:107F200007F06BFE002100900170B8F80210504677
:107F3000AAF8021001F0BAFF484607F060FE00B947
:107F4000FFDF504600F0B0FC18B99AF801000007B6
:107F500004D50099CBF8101012E024E0DBF81000F3
:107F600038B10178491C11F0FF01017008D1FFDF21
:107F700006E000221146484600F0F6FB00B9FFDF9C
:107F800094F9EA01022805DBB8F8020001F055FF78
:107F90000028AFD194F9E901042804DB484607F032
:107FA00092FE00B101266D1CEDB2BD4204D294F9DF
:107FB000EA010228BFF659AF002E7FF423AFBDE8D7
:107FC000F84F032000F06BBC10B5064CE060086869
:107FD0002061AFF2DB1002F0C8FF607010BD00003E
:107FE0005403002018000020F74800210170F748D2
:107FF0000170F7494160704770B505464FF08050F9
:108000000C46D0F8A410491C05D1D0F8A810C943DB
:108010000904090C0BD050F8A01F01F001012970D0
:10802000416821608068A080287830B970BD062141
:1080300020460BF08CFB01202870607940F0C000D6
:10804000607170BD70B54FF080540D46D4F880104B
:10805000491C0BD1D4F88410491C07D1D4F88810DE
:10806000491C03D1D4F88C10491C0CD0D4F88010D2
:108070000160D4F884104160D4F888108160D4F88D
:108080008C10C16002E010210BF061FBD4F890006D
:10809000401C0BD1D4F89400401C07D1D4F89800B0
:1080A000401C03D1D4F89C00401C09D054F8900F18
:1080B000286060686860A068A860E068E86070BDDB
:1080C0002846BDE8704010210BF041BBBE48383057
:1080D0000079E9E470B5BC4C3834E07830B32078EE
:1080E00004EB4010407A00F00700204490F9E801CA
:1080F000002800DCFFDF2078002504EB4010407AE8
:1081000000F00700011991F8E801401E81F8E8012C
:108110002078401CC0B220700F2800D12570A078B4
:10812000401CA0700BF09CF9E57070BDFFDF70BDC6
:108130003EB50546032107F0C1FF0446284608F076
:10814000F0F8054604B9FFDF206918B10078FF2870
:1081500000D1FFDF01AA6946284600F005FB60B99F
:10816000FFDF0AE0002202A9284600F0FDFA00B96C
:10817000FFDF9DF8080000B1FFDF9DF80000411E01
:108180008DF80010EED220690199884201D10020BB
:1081900020613EBD70B50546A0F57F400C46FF3816
:1081A00000D1FFDF012C01D0FFDF70BDFFF78EFF94
:1081B000040000D1FFDF207820F00F00401D20F0E8
:1081C000F000503020706580002020720120207364
:1081D000BDE870407EE72DE9F04116460D460746A2
:1081E000FFF774FF040000D1FFDF207820F00F00BC
:1081F000401D20F0F0005030207067800120207278
:1082000028682061A888A0822673BDE8F04161E754
:108210007FB5FFF7F2FC040000D1FFDF02A9204682
:10822000FFF7FDFA054603A92046FFF712FB8DF87C
:1082300000508DF80100BDF80800001DADF80200E7
:10824000BDF80C00001DADF80400E088ADF8060094
:10825000684606F053FF002800D0FFDF7FBD2DE900
:10826000F05F5A4E8146307810B10820BDE8F09F8B
:108270004846F9F706F808B11020F7E7524C207885
:1082800008B9FFF760FC647A4D4600F09FFAA042FF
:1082900007D2201AC1B22A460020FFF777FC002837
:1082A000E4D171684848C91C002721F003017160BE
:1082B000B3463E463D46BA463C4690F801800AE049
:1082C000204600F077FA4178807B0E4410FB015580
:1082D000641CE4B27F1C4445F2D10AEB870000EB3A
:1082E000C600DBF8041000EB850045185C4601224F
:1082F00029464846FFF7C9FA060013D00020FFF7C9
:108300007CFC05000CD005F11300616820F003002F
:10831000884200D0FFDF2C484178491E41706560DB
:108320003046A3E7002229464846FFF7AEFA00B1DF
:10833000FFDFD9F8000060604FF6FF706080012019
:108340002070002092E72DE9F04104461F481746AF
:108350000E46007810B10820BDE8F0810846F8F715
:108360006AFF08B11020F7E7174D287808B9FFF722
:10837000EAFB601E1E2807D8012C22D13078FE2887
:108380001FD8A8760020E7E7A4F120001F2805D811
:10839000E0B23A463146BDE8F04140E4A4F1400085
:1083A0001F2805D831462046BDE8F04100F0A2BAAA
:1083B000A4F1A0001F2804D80020A02C0AD0A12CD2
:1083C0000DD00720C8E7000054030020180000204B
:1083D00048100020317801F00101E976BCE73168EE
:1083E0000922F82901D38B0701D01046B4E76B7B33
:1083F00003F00303012B04D1EB8AD7339CB28C42E8
:10840000F3D8E961A8E72DE9F04781460E46084612
:10841000F8F737FF48B94846F8F751FF28B909F18E
:10842000030020F00301494502D01020BDE8F08789
:10843000FC484FF0000A817869B14178804600EB32
:1084400041140834378832460021204600F039FABA
:10845000050004D027E0A6F800A00520E6E7B9F162
:10846000000F24D03088B84201D90C251FE0607875
:1084700000F00705284600F012FA08EB050732461F
:1084800097F8E8014946401C87F8E801204607F5BF
:10849000F47700F016FA05463878401E387003204D
:1084A00000F0FDF92DB10C2D01D0A6F800A0284652
:1084B000BCE76078DC4E00F00701012923D00229D7
:1084C0000CD0032933D0FFDF98F801104046491C37
:1084D000C9B288F801100F2934D035E0616821B1A4
:1084E000000702D46088FFF723FE98F8EA014746A8
:1084F000012802D1707802F057FD97F9EA010428AB
:10850000E2DBFFDFE0E7616819B14422B06807F001
:108510004DFC98F8E9014746032802D1707802F033
:1085200043FD97F9E9010428CEDBFFDFCCE7C00665
:1085300002D56088FFF7FCFD98F9EB010628C3DB44
:10854000FFDFC1E780F801A08178491E8170617862
:1085500001F0070101EB080090F8E811491C80F8D0
:10856000E811A4E770B50D460446F8F764FE18B9A3
:108570002846F8F786FE08B1102070BD294620462F
:10858000BDE8704009F002BB70B5054609F021FB5B
:10859000C4B22846F8F793FE08B1102070BD35B17B
:1085A00028782C7018B1A04201D0072070BD204659
:1085B000FDF7D2FD052805D109F00FFB012801D0F8
:1085C000002070BD0F2070BD70B5044615460E46E4
:1085D0000846F8F730FE18B92846F8F752FE08B1F9
:1085E000102070BD022C03D0102C01D0092070BDCA
:1085F0002A463146204609F0F9FA0028F7D005202E
:1086000070BD70B514460D460646F8F714FE38B92D
:108610002846F8F736FE18B92046F8F750FE08B19C
:10862000102070BD22462946304609F0FEFA002887
:10863000F7D0072070BD3EB50446F8F722FE08B11A
:1086400010203EBD684606F0C0F9FFF75DFB00282C
:10865000F7D19DF806002070BDF808006080BDF8D5
:108660000A00A08000203EBD70B505460C460846B5
:10867000F8F725FE20B93CB12068F8F702FE08B1F2
:10868000102070BDA08828B121462846BDE8704062
:10869000FDF7BABD092070BD70B505460C46084609
:1086A000F8F7C9FD30B9681E1E2814D82046F8F71F
:1086B000C2FD08B1102070BD032D01D9072070BD87
:1086C00005B9FFDF594800EB850050F8041C20462F
:1086D000BDE870400847A5F120001F2805D82146B5
:1086E0002846BDE87040F9F7C1BCF02D0AD0BF2D77
:1086F000E4D1A078218800F0010001F08DFA68B182
:10870000002070BDA068F8F796FD0028D2D1204661
:1087100006F04CFDBDE87040FFF7F6BA082070BDCA
:1087200070B504460D460846F8F7ABFD30B9601E3B
:108730001E280FD82846F8F77EFD08B1102070BD1E
:10874000012C03D0022C01D0032C01D1062070BDD6
:10875000072070BDA4F120001F28F9D82946204623
:10876000BDE87040F9F7D0BC07F03AB81CB5002955
:108770001FD104F02AFE2C4800224178C06805F081
:108780001DFF29481030C0788DF8000010B1012875
:1087900002D004E0012000E000208DF800006846CF
:1087A00006F06BF9214824380068019001A806F012
:1087B000BFFA1CBD30B51B4D0446383D6878A04259
:1087C00000D8FFDF686800EB041030BD70B51548B5
:1087D000002538382C46467807E02046FFF7EAFFA8
:1087E0004078641C2844C5B2E4B2B442F5D12846AE
:1087F00070BD021D5143452900D245210844C01CCB
:10880000B0FBF2F0C0B270472DE9FC5F06460548A8
:108810004FF0000838388B464746444690F80190A0
:1088200029E000008C030020180000201CB101008A
:108830002046FFF7BFFF050000D1FFDF68786946DB
:108840003844C7B22846FEF7EAFF824601A9284607
:10885000FEF7FFFF0346BDF804005246001D81B23B
:10886000BDF80000001D80B207F0A6FC6A78641C09
:1088700000FB0288E4B24C45DAD13068C01C20F01D
:1088800003003060BBF1000F00D0002042463946A3
:1088900007F0A0FC316808443060BDE8FC9F5649F1
:1088A00008710020C87070475349CA782AB10A7805
:1088B00001EB42110831814201D0012070470020B4
:1088C00070472DE9F04106460078154600F00F0488
:1088D00000201080601E0F46052800D3FFDF4748A8
:1088E0002A4600EB8400394650F8043C3046BDE887
:1088F000F04118472DE9F0413F4E0C46383E4028E4
:1089000006D041281AD0422822D0432826D11AE086
:1089100020786578012801D913201DE5FF2D08D89E
:1089200009F0F4FA07460AF053FD381A401EA8422F
:1089300001DA122010E5208830810DE0BDE8F04119
:10894000084600F00DB80878022807D8307603E012
:108950000878022802D870760020FDE40720FBE4A6
:1089600038B50446407800F00300012803D00228FF
:108970000BD0072038BD606858B1F8F7A9FCD0B912
:108980006068F8F79CFC20B915E06068F8F753FCC4
:1089900088B969462046FBF77FF90028EAD160785C
:1089A00000F00300022808D19DF8000028B160689B
:1089B000F8F785FC08B1102038BD6189F8290ED878
:1089C000208988420BD8607800F003020A483838C2
:1089D000012A06D1D731C26989B28A4201D209205F
:1089E00038BD94E80E0000F10C0585E80E000AB9C8
:1089F00000218182002038BD8C03002004B10100D9
:108A00002DE9F041074614468846084601F024FD4A
:108A1000064608EB88001C22796802EBC0000D189E
:108A2000688C58B14146384601F025FD014678680A
:108A30000078C200082305F120000CE0E88CA8B102
:108A40004146384601F01EFD01467868082340780B
:108A5000C20005F1240007F000FA38B106212172A6
:108A60006681D0E90010C4E9031009E028780928DC
:108A70000BD00520207266816868E06000202870B5
:108A80002046BDE8F04101F0C8BC07202072668195
:108A9000F4E72DE9F04116460D460746406801EB24
:108AA00085011C2202EBC1014418204601F00CFD97
:108AB00040B10021708865F30F2160F31F4105204C
:108AC0000BF02CF909202070324629463846BDE8C3
:108AD000F04195E72DE9F0410E46074600241C21A0
:108AE000F07816E004EB8403726801EBC303D25CF8
:108AF0006AB1FFF7EBFA050000D1FFDF6F802A466D
:108B000021463046FFF7C5FF0120BDE8F081641C17
:108B1000E4B2A042E6D80020F7E770B5064600248C
:108B20001C21C0780AE000BF04EB8403726801EBEB
:108B3000C303D5182A782AB1641CE4B2A042F3D842
:108B4000402070BD28220021284604F01CFC7068DB
:108B500080892881204670BD70B5034600201C2501
:108B6000DC780CE000EB80065A6805EBC606324460
:108B7000167816B1128A8A4204D0401CC0B28442D0
:108B8000F0D8402070BDF0B5044600201C26E578E2
:108B90000EE000BF00EB8007636806EBC7073B44AD
:108BA0001F788F4202D15B78934204D0401CC0B240
:108BB0008542EFD84020F0BD0078032801D0002086
:108BC0007047012070470078022801D000207047CC
:108BD000012070470078072801D00020704701204D
:108BE00070472DE9F041064688461078F178154621
:108BF000884200D3FFDF2C781C27641CF078E4B295
:108C0000A04201D8201AC4B204EB8401706807EBBB
:108C1000C1010844017821B14146884708B12C7050
:108C200073E72878A042E8D1402028706DE770B53E
:108C300014460B880122A240134207D113430B8034
:108C400001230A22011D07F0D2F8047070BD2DE93E
:108C5000FF4F81B00878DDE90E7B9A4691460E46BB
:108C600040072CD4019807F06EFB040000D1FFDF11
:108C700007F1040820461FFA88F106F0BDFC050044
:108C800000D1FFDF204629466A4606F008FF00981B
:108C9000A0F80370A0F805A0284606F0AEFF017802
:108CA00069F306016BF3C711017020461FFA88F1C2
:108CB00006F0E5FC00B9FFDF019805F027FC06EBA4
:108CC0000900017F491C017705B0BDE8F08F2DE94F
:108CD000F84F0E469A4691460746032107F0EEF9F3
:108CE0000446008DDFF87C85002518B198F8000057
:108CF000B0421ED1384607F026FB070000D1FFDF47
:108D000009F10401384689B206F076FC050010D05E
:108D1000384629466A4606F0C2FE009800210A46F7
:108D20000180817005F067FC0098C01DCAF8000042
:108D300021E098F80000B04216D104F1260734F87B
:108D4000341F012000FA06F911EA090F00D0FFDFF5
:108D50002088012340EA090020800A22391D384674
:108D600007F060F8067006E0324604F1340104F1C1
:108D70002600FFF75CFF0A2188F800102846BDE8AE
:108D8000F88FFEB515460C46064602AB0C220621AE
:108D9000FFF79DFF002827D00299607812220A7001
:108DA000801C487008224A80A070029829880523F8
:108DB00081806988C180A9880181E9884181002575
:108DC0000C20CDE90005062221463046FFF73FFF83
:108DD0002946002266F31F41F02310460AF0F4FEF4
:108DE0006078801C60700120FEBD2DE9FE430C46BA
:108DF000804644E002AB0E2207214046FFF767FFA2
:108E0000002841D060681C2267788678BF1C06EB7A
:108E1000860102EBC10145180298142101704770C8
:108E20000A214180698A0181E98A4181A98881807A
:108E3000A9898181304601F00FFB029905230722A1
:108E4000C8806F700420287000250E20CDE9000531
:108E500021464046FFF7FBFE294666F30F2168F3E3
:108E60001F41F023002205200AF0AEFE6078FE4983
:108E7000801C607062682046921CFFF7B2FE60683A
:108E800080784028B6D10120BDE8FE83FEB50D46AE
:108E9000064638E002AB0E2207213046FFF717FFE7
:108EA000002835D068681C23C17801EB810203EBF0
:108EB000C2028418029815220270627842700A2257
:108EC0004280A2894281A2888281084601F0C4FAC8
:108ED000014602988180618AC180E18A0181A0886F
:108EE000B8B10020207000210E20CDE9000105233B
:108EF000072229463046FFF7AAFE6A68DB49284662
:108F0000D21CFFF76EFE6868C0784028C2D10120ED
:108F1000FEBD0620E6E72DE9FE430C46814644E00F
:108F2000204601F0BBFAD0B302AB08220721484625
:108F3000FFF7CDFE0028A7D060681C22657806796F
:108F4000AD1C06EB860102EBC10147180298B7F889
:108F5000108006210170457004214180304601F0E7
:108F60007BFA0146029805230722C180A0F80480FD
:108F70007D70082038700025CDE90005214648465F
:108F8000FFF765FE294666F30F2169F31F41F023C1
:108F9000002205200AF018FE6078801C607062686C
:108FA000B3492046121DFFF71CFE60680179402975
:108FB000B6D1012068E72DE9F34F83B00D4691E06B
:108FC000284601F06BFA00287ED068681C2290F8D1
:108FD00006A00AEB8A0102EBC1014418514628465B
:108FE00001F050FAA178CB0069684978CA000146BF
:108FF00004F1240006F04DFF07468188E08B4FF016
:109000000009091A8EB208B1C84607E04FF00108FE
:10901000504601F00CFA08B9B61CB6B2208BB0422B
:1090200000D80646B34602AB324607210398FFF745
:109030004EFE060007D0B8F1000F0BD0504601F0ED
:10904000F6F910B106E000203EE60299B8884FF02C
:10905000020908800196E28B3968ABEB09001FFA20
:1090600080F80A4403984E46009207F06CF9DDE957
:109070000021F61D4346009606F08BFDE08B404430
:1090800080B2E083B988884201D1012600E0002641
:10909000CDE900B6238A072229460398FFF7D7FDBA
:1090A000504601F0C4F910B9E089401EE0815EB17C
:1090B000A078401CA0706868E978427811FB02F142
:1090C000CAB20123816900E006E00E3006F08FFE8F
:1090D00080F800A00020E0836A6866492846921D57
:1090E000FFF77FFD6868817940297FF469AF01202F
:1090F000EAE570B5064648680D4614468179402970
:1091000010D104EB84011C2202EBC101084401F0E0
:10911000FCF9002806D06868294684713046BDE80D
:10912000704048E770BDFEB50C460746002645E096
:10913000204601F0B3F9D8B360681C22417901EBF5
:10914000810102EBC1014518688900B9FFDF02AB5C
:10915000082207213846FFF7BAFD002833D00299CC
:10916000607816220A70801C48700420488060686D
:10917000407901F071F901460298052307228180A8
:109180006989C1800820CDE9000621463846FFF7ED
:109190005EFD6078801C6070A88969890844B0F51C
:1091A000803F00D3FFDFA88969890844A8816E81C8
:1091B000626831492046521DFFF713FD606841790E
:1091C0004029B5D10120FEBD30B5438C458BC3F39A
:1091D000C704002345B1838B641EED1AC38A6D1E3C
:1091E0001D4495FBF3F3E4B22CB1008918B1A04201
:1091F00000D8204603444FF6FF70834200D3034655
:1092000013800C7030BD2DE9FC41074616460D4613
:10921000486802EB86011C2202EBC10144186A4631
:1092200001A92046FFF7D0FFA089618901448AB2D5
:10923000BDF80010914212D0081A00D500206081BC
:109240006868407940280AD1204601F054F9002886
:1092500005D06868294646713846FFF764FFBDE8C7
:10926000FC8100002C000020B98B0000C78B00009F
:10927000D58B00000BA50000F7A400002DE9FE4FE0
:109280000F46814615465088032106F017FF0190CE
:10929000B9F8020001F0D3F882460146019801F0C6
:1092A000FDF8002824D001981C2241680AEB8A00AE
:1092B00002EBC0000C18204601F006F9002817D177
:1092C000B9F80000E18A88420ED8A18961B1B8429C
:1092D0000ED100265146019801F0CDF8218C01EB0A
:1092E0000008608B30B114E0504601F0A0F8A0B344
:1092F000BDE8FE8F504601F09AF808B1678308E098
:10930000022FF5D3B9F804006083618A884224D81B
:109310000226B81B87B2B8F80400A28B801A002876
:1093200014DD874200DA38461FFA80FB68886968D6
:109330000291D8F800100A44009206F0F2FFF61DE0
:10934000009A5B460299009606F0EFFBA08B38442A
:1093500080B2A083618B884207D96888019903B0E5
:109360005246BDE8F04F01F0EDB81FD14FF00900B3
:109370002872B9F802006881D8E90010C5E9041024
:10938000608BA881284601F048F85146019801F009
:1093900072F801460198082340680078C20004F181
:1093A000200006F05AFD0020A0836083504601F0A3
:1093B0003EF810B9A089401EA0816888019903B0C9
:1093C0000AF0FF02BDE8F04F1DE72DE9F041064627
:1093D00015460F461C461846F7F72DFF18B92068AA
:1093E000F7F74FFF08B110201AE47168688C09780C
:1093F000B0EBC10F01D3132012E43946304601F01F
:109400003AF80146706808230078C20005F1200090
:1094100006F0EDFCD4E90012C0E90012002005E4DA
:1094200010B50446032106F049FE014600F114027E
:109430002046BDE81040A4E470B50446032106F0C0
:109440003DFE054601462046FFF765FD002816D083
:1094500029462046FFF767FE002810D029462046FF
:10946000FFF714FD00280AD029462046FFF7BDFC6F
:10947000002804D029462046BDE870409BE570BD19
:109480002DE9F0410C4680461EE0E178427811FB60
:1094900002F1CAB2816901230E3006F0DEFC0778C2
:1094A00060681C22C179491EC17107EB87016068A1
:1094B00002EBC10146183946204600F0EFFF18B113
:1094C000304600F0FAFF20B16068C1790029DCD194
:1094D0008AE7FEF7FBFD050000D1FFDF0A202872B6
:1094E000384600F0B9FF68813946204600F0CAFFCF
:1094F0000146606808234078C20006F1240006F0A7
:10950000ACFCD0E90010C5E90310A5F8028028469C
:1095100000F083FFB07800B9FFDFB078401EB07074
:1095200062E770B50C460546032106F0C7FD01460B
:109530004068C2792244C2712846BDE870409FE766
:109540002DE9FE4F8246507814460F464FF0000832
:10955000002850D0012807D0022822D0FFDF206841
:10956000B8606068F860C3E602AB0E22082150467E
:10957000FFF7ADFB0028F2D00298152105230170FA
:10958000217841700A214180C0F80480C0F8088029
:10959000A0F80C80628882810E20CDE900080822A4
:1095A00021E0A678304600F057FF054606EB86011D
:1095B0002C22786802EBC1010822465A02AB114600
:1095C0005046FFF784FB0028C9D00298072101709C
:1095D000217841700421418008218580C680CDE931
:1095E000001805230A4639464FEA0A00FFF72FFB09
:1095F00087F808807CE6A678022516B1022E13D0E3
:10960000FFDF2A1D914602AB08215046FFF75FFBA2
:109610000028A4D002980121022E01702178417007
:109620004580868002D005E00625EAE7A188C18052
:10963000E1880181CDE9009805230822394650468A
:10964000D4E710B50446032106F038FD014600F1C9
:1096500008022046BDE8104072E72DE9F04F0F46A2
:10966000054687B014465088032106F027FD4FF0C9
:1096700000088DF808800646ADF80A80042F5CD3F8
:109680006A78002A59D028784FF6FF794FF01C0AE3
:10969000132815D006DC01286FD006282BD0072808
:1096A00006D16EE0142869D0152868D0162867D036
:1096B000CDF80080CDF8048068788DF8000037E0A0
:1096C000B078904239D13078010736D5062F34D1A1
:1096D00020F0080030706088414660F31F41002090
:1096E0000AF01CFB02208DF80800ADF80C90A88849
:1096F000ADF80E00F4E0082F1FD1A888EF8881464E
:1097000000F09DFE80460146304600F0C7FE18B1CD
:10971000404600F08CFE98B1FA48D0E90010CDE93F
:1097200000106878ADF804908DF80000ADF8067070
:1097300060886A463146FFF703FF07B0BDE8F08F47
:10974000716808EB88002C2202EBC000085AB8426E
:10975000F3D1EC486A46D0E90210CDE900106878F0
:109760008DF8000008F0FF058DF802506088314642
:10977000FFF7E6FE2246294623E097E025E0CEE00B
:1097800023E1082FD9D1B5F80480E88800F057FE0E
:1097900007460146304600F081FE0028CDD007EB99
:1097A000870271680AEBC2000844028A4245C4D1AC
:1097B00001780829C1D1407869788842BDD1F9B2D1
:1097C00022463046FFF765F9B7E70E2F7FF470AFFA
:1097D000E9886F898B46B5F808903046FFF7BCF9E9
:1097E000ABF14001402901D3092048E0B9F1170F3E
:1097F00001D3172F01D20B2041E040280ED000EBFF
:10980000800271680AEBC20008440178012903D183
:1098100040786978884290D00A2030E03046FFF7DF
:109820007CF940282AD000EB800372680AEBC30160
:1098300002EB0108012288F800206A7888F80120EC
:109840007168AA884989B94200D93946AD8903238C
:109850002372A282E7812182A4F80C90658200F035
:10986000FBFD6081A8F81490A8F81870A8F80E50B5
:10987000A8F810B0204600F0D0FD5EE704200521D6
:109880002172A4F80A80E081012121739D49D1E968
:109890000421CDE9002169788DF80010ADF80200AF
:1098A00060886A463146FFF74BFEE3E7062F8BD30D
:1098B000B07890421AD13078010717D520F008000F
:1098C00030706088414660F31F4100200AF026FA9C
:1098D00002208DF80800A888ADF80C00ADF80E90B5
:1098E0006088224602A9F8F785FB26E70421304666
:1098F000FFF749F905464028BFD0022083030090B6
:1099000022462946304600F0E6FD4146608865F370
:109910000F2160F31F4105200AF000FA0DE70E2F1A
:10992000ABD104213046FFF72EF981464028A4D060
:109930004146608869F30F2160F31F4105200AF05A
:10994000EDF9A88906906889009070682F89408990
:10995000B84200D938468346B5F80680A8880190F9
:10996000484600F079FD6081069818B10220009009
:10997000069B24E0B8F1170F1ED3172F1CD3042029
:10998000207200986082E781A4F810B0A4F80C80DF
:1099900009EB890271680AEBC2000D18DDE90002CB
:1099A000A5F81480A5F818B0E8812A82204600F0B6
:1099B00034FD06202870C0E601200B2300902246CB
:1099C0004946304600F087FDB7E6082F8DD1A988BB
:1099D0003046FFF7C1F80746402886D000F027FD43
:1099E00000289BD107EB870271680AEBC20008448C
:1099F000804600F069FD002890D1ED88B8F80E008F
:109A00002844B0F5803F05D360883A46314600F0DF
:109A100099FD92E6002DCED0A8F80E0060883A4657
:109A20003146FFF766FB08202072384600F014FD2F
:109A30006081A5811EE72DE9F05F0C4601281ED04C
:109A4000957992F80480567905EB85011F2202EB87
:109A5000C10121F0030B08EB060111FB05F14FF6E4
:109A6000FF7202EAC10909F1030115FB0611264F35
:109A700021F0031ABB6840B101283ED125E061689E
:109A8000E57891F800804E78DEE75946184606F0F2
:109A900062F9606000B9FFDF5A460021606803F098
:109AA00072FCE5705146B86806F055F96168486186
:109AB00000B9FFDF6068426902EB090181616068FB
:109AC00080F800806068467017E06068524641691F
:109AD000184606F06BF95A466168B86806F066F9F0
:109AE000032006F097FA0446032006F09BFA201A9A
:109AF000012802D1B86806F023F90BEB0A00BDE893
:109B0000F09F000028B101002C0000200246002137
:109B1000022090E7F7B5FF4C0A2016462070009807
:109B200060B100254FEA0D0006F0F7F80021A170A2
:109B30006670002D01D10099A160FEBD01250020B5
:109B4000F2E770B50C46154638220021204603F096
:109B50001AFC012666700A22002104F11C0003F0A1
:109B600012FC05B9FFDF297A207861F3010020702B
:109B7000A87900282DD02A4621460020FFF75BFF58
:109B800061684020E34A88706168C8706168087144
:109B900061684871616888716168288808816168B6
:109BA00068884881606886819078002811D0616853
:109BB0000620087761682888C885616828884886F3
:109BC0006068068560686988928801868186468516
:109BD000828570BDC878002802D0002201202AE7C3
:109BE000704770B50546002165F31F4100200AF05B
:109BF00095F80321284606F061FA040000D1FFDF42
:109C000021462846FEF766FF002804D0207840F061
:109C100010002070012070BD70B505460C46032071
:109C200006F0EAF908B1002070BDBA48857084805A
:109C3000012070BD2DE9FF4180460E460F0CFEF756
:109C400045FA050007D06F800321384606F036FA42
:109C5000040008D106E004B03846BDE8F041132105
:109C6000F8F79EBDFFDF5FEA080005D0B8F1050FE9
:109C700018D0FFDFBDE8FF8120782A4620F00800D9
:109C800020700020ADF8020002208DF800004FF691
:109C9000FF70ADF80400ADF8060069463846F8F7E5
:109CA000A9F9E7E7C6F3072101EB81021C236068ED
:109CB00003EBC202805C042803D008280AD0FFDF2F
:109CC000D8E7012000904FF440432A46204600F098
:109CD00002FCCFE704B02A462046BDE8F041FEF77B
:109CE000D8BE2DE9F05F05464089002790460C4616
:109CF0003E46824600F0A3FB8146287AC01E082813
:109D00006BD2DFE800F00D04192058363C4772276B
:109D10001026002C6CD0D5E90301C4E902015CE0F7
:109D200070271226002C63D00A2205F10C0104F1E1
:109D3000080003F0FEFA50E071270C26002C57D0E3
:109D4000E868A06049E0742710269CB3D5E90301B8
:109D5000C4E902016888032106F0B0F98346FEF7E2
:109D6000B5F902466888508049465846FEF748FED5
:109D700033E075270A26ECB1A88920812DE07627EB
:109D80001426BCB105F10C0004F1080307C883E8F0
:109D9000070022E07727102664B1D5E90301C4E962
:109DA00002016888032106F089F901466888FFF7F7
:109DB00067FB12E01CE073270826CCB168880321FA
:109DC00006F07CF901460078C00606D56888FEF7E3
:109DD00081FE10B96888F7F703FEA8F800602CB17F
:109DE0002780A4F806A066806888A080002086E608
:109DF000A8F80060FAE72DE9FC410C461E4617461C
:109E00008046032106F05AF905460A2C0AD2DFE8FB
:109E100004F005050505050509090907042303E004
:109E2000062301E0FFDF0023CDE900762246294624
:109E30004046FEF70CFFBDE8FC81F8B50546A0F5ED
:109E40007F40FF382BD0284606F06BFA040000D183
:109E5000FFDF204605F001FE002821D001466A46BA
:109E6000204605F01CFE00980321B0F80560284646
:109E700006F024F90446052E13D0304600F0DFFA30
:109E800005460146204600F009FB40B1606805EB3D
:109E900085013E2202EBC101405A002800D001207A
:109EA000F8BD007A0028FAD00020F8BDF8B50446C5
:109EB000408806F036FA050000D1FFDF6A462846E2
:109EC000616800F0A8FA01460098091F8BB230F8CB
:109ED000032F0280428842800188994205D1042ADA
:109EE00008D0052A20D0062A16D022461946FFF7A8
:109EF000C5F9F8BD001D0E4605460146224630460E
:109F0000FBF763F90828F4D1224629463046FCF7CE
:109F1000C2F9F8BD2C000020636864880A46011D60
:109F20002046F9F7C5FBF4E72246001DFFF795FB35
:109F3000EFE770B50D460646032106F0BFF80400B2
:109F400004D02078000704D5112070BD43F2020030
:109F500070BD2A4621463046FEF713FF18B928681F
:109F600060616868A061207840F0080020700020DF
:109F700070BD2DE9F04F0E4691B08046032106F0EA
:109F80009DF80446404606F0DEF90746002007909B
:109F900008900990ADF830000A9002900390049068
:109FA00004B9FFDF0DF10809FFB9FFDF1DE03846F6
:109FB0000BA9002205F014FC9DF82C0000F07F0591
:109FC0000A2D00D3FFDF6019017F491E01779DF83C
:109FD0002C00000609D52A460CA907A8FEF727FE83
:109FE00019F80510491C09F80510761EF6B2DED2E4
:109FF00004F13400F84D04F1260BDFF8E0A304F17E
:10A000002A07069010E05846069900F08DFA064699
:10A0100028700A2800D3FFDF5AF8261040468847E8
:10A02000E08CC05DB04202D0208D0028EBD10A2028
:10A030002870EA4D4E4628350EE00CA907A800F01E
:10A0400073FA0446375D55F8240000B9FFDF55F870
:10A050002420394640469047BDF81E000028ECD128
:10A0600011B0BDE8F08F10B5032106F027F8040009
:10A0700000D1FFDF0A22002104F11C0003F083F964
:10A08000207840F00400207010BD10B50C4603216C
:10A0900006F014F82044007F002800D0012010BDF5
:10A0A0002DE9F84F894615468246032106F006F849
:10A0B000070004D02846F7F7BEF840B903E043F2A2
:10A0C0000200BDE8F88F4846F7F7DBF808B110202A
:10A0D000F7E7786828B169880089814201D90920A9
:10A0E000EFE7B9F800001C2488B100F0A8F9804619
:10A0F0000146384600F0D2F988B108EB880079684B
:10A1000004EBC000085C01280BD00820D9E73846D2
:10A11000FEF703FD8046402807D11320D1E7052034
:10A12000CFE7FDF7D3FF06000BD008EB8800796876
:10A1300004EBC0000C18B9F8000020B1E88910B198
:10A1400013E01120BDE72888172802D36888172854
:10A1500001D20720B5E7686838B12B1D2246414679
:10A160003846FFF732F90028ABD104F10C026946FA
:10A170002046FFF729F8288860826888E082B9F8CD
:10A18000000030B102202070E889A080E889A0B1E9
:10A190002BE003202070A889A0807868817840296E
:10A1A00005D180F8028039465046FEF71EFE404633
:10A1B00000F052F9A9F8000021E07868218B40896D
:10A1C000884200D908462083A6F802A004203072F5
:10A1D000B9F800007081E0897082F181208B3082B3
:10A1E000A08AB081304600F018F97868C17840291B
:10A1F00005D180F8038039465046FEF747FE00201F
:10A200005FE770B50D460646032105F057FF0400D1
:10A210000ED0284600F013F905460146204600F00E
:10A220003DF918B1284600F002F920B1052070BDB3
:10A2300043F2020070BD05EB85011C22606802EB51
:10A24000C101084400F040F908B1082070BD2A4659
:10A250002146304600F076F9002070BD2DE9F0412E
:10A260000C4617468046032105F028FF0546204688
:10A2700000F0E5F8044695B10146284600F00EF9D5
:10A2800080B104EB84011C22686802EBC10146180E
:10A29000304600F019F938B10820BDE8F08143F2EA
:10A2A0000200FAE70520F8E73B46324621462846F9
:10A2B000FFF78BF80028F0D1E2B229464046FEF7BE
:10A2C000A2FF708C0838082803D24348407800F079
:10A2D0006BFE0020E1E72DE9F0410D461746804670
:10A2E000032105F0EBFE0446284600F0A8F80646D8
:10A2F00024B13846F6F79FFF38B902E043F2020076
:10A30000CBE73868F6F797FF08B11020C5E731466C
:10A31000204600F0C3F860B106EB86011C2260689D
:10A3200002EBC1014518284600F0CEF818B108200C
:10A33000B3E70520B1E7B888A98A884201D90C2083
:10A34000ABE76168E88C4978B0EBC10F01D313200B
:10A35000A3E73146204600F095F8014660680823DF
:10A360004078C20005F1240005F041FDD7E9001254
:10A37000C0E90012F2B221464046FEF7BAFE0020C4
:10A380008BE72DE9F0470D461F4690468146032195
:10A3900005F094FE0446284600F051F806463CB10C
:10A3A0004DB13846F6F78BFF50B11020BDE8F0876D
:10A3B00043F20200FAE7606858B1A0F80C8028E088
:10A3C0003146204600F06AF818B1304600F02FF808
:10A3D00030B10520EAE700002C00002040B1010068
:10A3E00006EB86011C22606802EBC1014518284675
:10A3F00000F06AF808B10820D8E7A5F80880F2B2A2
:10A4000021464846FEF7FFFE1FB1A8896989084426
:10A4100038800020CAE705F042BB017821F00F0127
:10A42000491C21F0F00110310170FDF753BE20B935
:10A430004E48807808B101207047002070474B4992
:10A440008988884201D100207047402801D24020ED
:10A4500000E0403880B2704710B50446402800D96B
:10A46000FFDF2046FFF7E3FF10B14048808810BDB2
:10A470004034A0B210BD406842690078484302EB06
:10A48000C0007047C2784068037812FB03F243783B
:10A49000406901FB032100EBC1007047C2788A428A
:10A4A00009D9406801EB81011C2202EBC101405C2B
:10A4B00008B101207047002070470078062801D9B4
:10A4C00001207047002070470078062801D0012045
:10A4D000704700207047F0B401EB81061C274468E8
:10A4E00007EBC6063444049D05262670E3802571DB
:10A4F000F0BCFEF785BA10B5418911B1FFF7DDFF59
:10A5000008B1002010BD012010BD10B5C18C8278AB
:10A51000B1EBC20F04D9C18911B1FFF7CEFF08B169
:10A52000002010BD012010BD10B50C4601230A22E9
:10A53000011D05F092FC00782188012282409143A0
:10A54000218010BDF0B402EB82051C264C6806EB9E
:10A55000C505072363554B681C79402C03D11A713C
:10A56000F0BCFEF7D8BCF0BC704700002C00002007
:10A5700070B50B2000F0BDF9082000F0BAF90021F9
:10A580000B2000F0D4F90021082000F0D0F9F44CA1
:10A5900001256560A5600020C4F84001C4F84401AD
:10A5A000C4F848010B2000F0B5F9082000F0B2F91A
:10A5B0000B2000F091F9256070BD10B50B2000F064
:10A5C00098F9082000F095F9E54801214160816083
:10A5D000E4490A68002AFCD10021C0F84011C0F803
:10A5E0004411C0F848110B2000F094F9BDE8104068
:10A5F000082000F08FB910B50B2000F08BF9BDE8F2
:10A600001040082000F086B900B530B1012806D00E
:10A61000022806D0FFDF002000BDD34800BDD3488C
:10A6200000BDD248001D00BD70B5D1494FF00040BB
:10A630000860D04DC00BC5F80803CF480024046063
:10A64000C5F840410820C43500F053F9C5F83C4135
:10A65000CA48047070BD08B5C14A002128B101285C
:10A6600011D002281CD0FFDF08BD4FF48030C2F8A3
:10A670000803C2F84803BB483C300160C2F84011EF
:10A68000BDE80840D0E74FF40030C2F80803C2F834
:10A690004803B44840300160C2F84411B3480CE0AC
:10A6A0004FF48020C2F80803C2F84803AD48443094
:10A6B0000160C2F84811AD48001D0068009008BD57
:10A6C00070B516460D460446022800D9FFDF002269
:10A6D000A348012304F110018B4000EB8401C1F871
:10A6E000405526B1C1F84021C0F8043303E0C0F85A
:10A6F0000833C1F84021C0F8443370BD2DE9F04162
:10A700001D46144630B1012833D0022838D0FFDF6F
:10A71000BDE8F081891E002221F07F411046FFF73D
:10A72000CFFF012D23D00020944D924F0126687059
:10A730003E61914900203C3908600220091D0860F3
:10A740008D490420303908608B483D34046008206E
:10A750006C6000F0DFF83004C7F80403082000F054
:10A76000BBF88349F007091F08602E70D0E701206D
:10A77000DAE7012B02D00022012005E00122FBE7ED
:10A78000012B04D000220220BDE8F04198E701220D
:10A79000F9E774480068704770B500F0D8F8704C5D
:10A7A0000546D4F840010026012809D1D4F8080351
:10A7B000C00305D54FF48030C4F80803C4F84061E5
:10A7C000D4F8440101280CD1D4F80803800308D53B
:10A7D0004FF40030C4F80803C4F84461012008F0C5
:10A7E00014FAD4F8480101280CD1D4F80803400326
:10A7F00008D54FF48020C4F80803C4F8486102204B
:10A8000008F003FA5E48056070BD70B500F09FF86F
:10A810005A4D0446287850B1FFF706FF687818B102
:10A820000020687008F0F1F95548046070BD0320FD
:10A83000F8E74FF0E0214FF40010C1F80002704734
:10A84000152000F067B84B4901200861082000F08E
:10A8500061B848494FF47C10C1F808030020024653
:10A8600001EB8003C3F84025C3F84021401CC0B26F
:10A870000628F5D37047410A43F609525143C0F305
:10A88000080010FB02F000F5807001EB50207047CB
:10A8900010B5430B48F2376463431B0C5C020C6039
:10A8A000384C03FB0400384B4CF2F72443435B0D58
:10A8B00013FB04F404EB402000F58070401210708C
:10A8C00008681844086010BD2C4840687047294942
:10A8D0000120C1F800027047002809DB00F01F02C8
:10A8E000012191404009800000F1E020C0F80011F2
:10A8F000704700280DDB00F01F0201219140400944
:10A90000800000F1E020C0F88011BFF34F8FBFF34B
:10A910006F8F7047002809DB00F01F020121914072
:10A920004009800000F1E020C0F88012704749071C
:10A93000090E002804DB00F1E02080F800147047C5
:10A9400000F00F0000F1E02080F8141D70470C4863
:10A95000001F00680A4A0D49121D1160704700006F
:10A9600000B0004004B500404081004044B10040C8
:10A9700008F501400080004040850040380000207C
:10A9800014050240F7C2FFFF6F0C01000100000137
:10A9900010B5EFF3108000F0010472B6FC48417866
:10A9A000491C41704078012801D108F081FD002C3C
:10A9B00000D162B610BD70B5F54CA07848B901253C
:10A9C000A570FFF7E5FF08F084FD20B1002008F036
:10A9D0004EFD002070BD4FF08040E570C0F804537C
:10A9E000F7E770B5EFF3108000F0010572B6E84CA0
:10A9F000607800B9FFDF6078401E6070607808B949
:10AA000008F05AFD002D00D162B670BDE04810B5C7
:10AA1000817821B10021C1708170FFF7E2FF002031
:10AA200010BD10B5044608F054FDD9498978084096
:10AA300000D001202060002010BD10B5FFF7A8FF56
:10AA400008F047FD02220123D149540728B1D1481B
:10AA5000026023610320087202E00A72C4F8043322
:10AA60000020887110BD2DE9F84FDFF8249342785B
:10AA7000817889F80420002689F80510074689F8AE
:10AA800006600078DFF810B3354620B1012811D0F8
:10AA9000022811D0FFDF08F02EFD4FF0804498B15E
:10AAA00008F030FDB0420FD1304608F02FFD0028ED
:10AAB000FAD042E00126EEE7FFF76AFF5846016848
:10AAC000C907FCD00226E6E70120E060C4F8045183
:10AAD000B2490E600107D1F84412B04AC1F34231C5
:10AAE00024321160AD49343108604FF0020AC4F8D5
:10AAF00004A3A060AA480168C94341F3001101F111
:10AB00000108016841F01001016001E010F030F926
:10AB1000D4F804010028F9D0304608F0F7FC0028EA
:10AB2000FAD0B8F1000F04D19D48016821F010015E
:10AB30000160C4F808A3C4F8045199F805004E4612
:10AB400080B1387870B908F0C4FC804608F0CAFEBD
:10AB50006FF00042B8F1000F02D0C6E9032001E017
:10AB6000C6E90302DBF80000C00701D008F0ADFC25
:10AB7000387810B13572BDE8F88F4FF01808C4F876
:10AB800008830127A7614FF42070ADF8000000BFD3
:10AB9000BDF80000411EADF80010F9D2C4F80C5108
:10ABA000C4F810517A48C01D08F030FD3570FFF729
:10ABB00044FF67617949307920310860C4F8048323
:10ABC000D9E770B5050000D1FFDF4FF080424FF0AC
:10ABD000FF30C2F808030021C2F80011C2F80411C6
:10ABE000C2F80C11C2F81011694C617008F07DFCBC
:10ABF00010B10120A070607067480068C00701D0E4
:10AC000008F063FC2846BDE870402CE76048007AF5
:10AC1000002800D0012070472DE9F04F61484FF027
:10AC2000000A85B0D0F800B0D14657465D4A5E496B
:10AC3000083211608406D4F8080110B14FF0010801
:10AC400001E04FF0000808F0B4FC78B1D4F824011A
:10AC500000B101208246D4F81C0100B101208146D8
:10AC6000D4F8200108B1012700E00027D4F8000142
:10AC700000B101200490D4F8040100B10120039038
:10AC8000D4F80C0100B101200290D4F8100100B1F9
:10AC900001203F4D0190287800260090B8F1000F68
:10ACA00004D0C4F80861012008F0E1FBBAF1000FFC
:10ACB00004D0C4F82461092008F0D9FBB9F1000FD1
:10ACC00004D0C4F81C610A2008F0D1FB27B1C4F8F5
:10ACD00020610B2008F0CBFB2D48C01D08F09EFC26
:10ACE00000B1FFDFDFF8AC800498012780B1C4F821
:10ACF0000873E87818B1EE70002008F0B8FB287AE5
:10AD0000022805D1032028720221C8F8001027610B
:10AD1000039808B1C4F80461029850B1C4F80C61FA
:10AD2000287A032800D0FFDFC8F800602F72FFF7F1
:10AD300058FE019838B1C4F81061287A012801D171
:10AD400000F05CF86761009838B12E70287A01280D
:10AD500001D1FFF772FEFFF744FE0D48C01D08F059
:10AD600073FC1049091DC1F800B005B0BDE8F08FB3
:10AD7000074810B5C01D08F051FC0549B0B10120CD
:10AD800008704FF0E021C1F80002BDE81040FFE577
:10AD900040000020340C00400C0400401805004026
:10ADA00010ED00E01005024001000001087A0128C2
:10ADB00001D1FFF742FEBDE81040244808F044BC32
:10ADC00070B5224CE41FA07808B908F075FB01208B
:10ADD0008507A861207A0026032809D1D5F80C013F
:10ADE00020B9002008F092FB0028F7D1C5F80C61CB
:10ADF00026724FF0FF30C5F8080370BD70B5134CD4
:10AE0000E41F6079F0B1012803D0A179401E81428E
:10AE100018DA08F05EFB054608F064FD6179012947
:10AE200002D9A179491CA1710DB1216900E0E16845
:10AE3000411A022902DA11F1020F06DC0DB120617C
:10AE400000E0E060BDE87040F7E570BD470000201D
:10AE5000374901200860704770B50D2000F049F8AF
:10AE6000344C0020C4F800010125C4F804530D201F
:10AE700000F050F825604FF0E0216014C1F80001A7
:10AE800070BD10B50D2000F034F82A480121416052
:10AE90000021C0F80011BDE810400D2000F03AB8C4
:10AEA000254810B504682449244808310860214920
:10AEB000D1F80001012804D0FFDF1F48001D046005
:10AEC00010BD1B48001D00680022C0B2C1F800215F
:10AED00008F05FFCF1E710B5164800BFD0F800118C
:10AEE0000029FBD0FFF7DCFFBDE810400D2000F08B
:10AEF00011B800280DDB00F01F020121914040092C
:10AF0000800000F1E020C0F88011BFF34F8FBFF345
:10AF10006F8F7047002809DB00F01F02012191406C
:10AF20004009800000F1E020C0F880127047000066
:10AF300004D5004000D0004010050240010000018F
:10AF40004FF0E0214FF00070C1F8800101F5C071B1
:10AF5000BFF34F8FBFF36F8FC1F80001394B8022D1
:10AF600083F8002441F8800C704700B502460420A5
:10AF7000354903E001EBC0031B792BB1401EC0B281
:10AF8000F8D2FFDFFF2000BD41F8302001EBC00107
:10AF900000224A718A7101220A7100BD2A4A0021E9
:10AFA00002EBC0000171704710B50446042800D3BD
:10AFB000FFDF254800EBC4042079012800D0FFDF23
:10AFC0006079A179401CC0B2814200D060714FF01D
:10AFD000E0214FF00070C1F8000210BD70B50425EB
:10AFE000194E1A4C16E0217806EBC1000279012AAD
:10AFF00008D1427983799A4204D04279827156F815
:10B00000310080472078401CC0B22070042801D352
:10B01000002020706D1EEDB2E5D270BD0C4810B559
:10B0200004680B490B4808310860064890F8000492
:10B030004009042800D0FFDFFFF7D0FF0448001DBF
:10B04000046010BD19E000E07805002054000020E5
:10B0500010050240010000010F4A12680D498A42A2
:10B060000CD118470C4A12680A4B9A4206D101B516
:10B0700008F00AFC08F0DDFEBDE801400749096858
:10B080000958084706480749054A064B704700001B
:10B0900000000000BEBAFECA5800002004000020D4
:10B0A000B00F0020B00F002070B50C46054600F030
:10B0B00045FB21462846BDE8704001F026BC000053
:10B0C000F8B51D46DDE906470E000AD005F03BF94C
:10B0D0002346FF1DBCB231462A46009404F059FDB8
:10B0E000F8BDD0192246194602F023F92046F8BDD2
:10B0F00070B50D4604461022002102F044F9258166
:10B1000017206081A07B40F00A00A07370BD4FF64D
:10B11000FF720A800146022008F000BE70470089D5
:10B120007047827BD30701D1920703D480890880BE
:10B130000020704705207047827B920700D58181EF
:10B14000704701460020098841F6FE52114200D0A6
:10B150000120704700B50346807BC00701D0052061
:10B1600000BD59811846FFF7ECFFC00703D0987B5C
:10B1700040F004009873987B40F001009873002021
:10B1800000BD827B520700D509B140897047172066
:10B190007047827B61F3C302827370472DE9FC5FC5
:10B1A0000E46044601789646012000FA01F14DF65C
:10B1B000FF5201EA020962684FF6FF7B1188594588
:10B1C00002D10920BDE8FC9FB9F1000F05D041F67E
:10B1D000FE55294201D00120F4E741EA090111801E
:10B1E0001D0014D000232B7094F800C00521032209
:10B1F0001F464FF0020ABCF10E0F76D2DFE80CF0CA
:10B20000F909252F47646B77479193B4D1D804206F
:10B21000D8E7616820898B7B9B0767D517284AD3BD
:10B220000B89834247D38989172901D3814242D1AF
:10B2300085F800A0A5F80100328061688881606807
:10B24000817B21F002018173C6E0042028702089EF
:10B25000A5F801006089A5F803003180BCE0208AD0
:10B260003188C01D1FFA80F8414524D3062028707C
:10B270002089A5F801006089A5F80300A089A5F838
:10B2800005000721208ACDE90001636941E00CF047
:10B29000FF00082810D0082028702089A5F8010098
:10B2A0006089A5F8030031806A1D694604F10C002D
:10B2B00006F0BBFC10B15EE01020EDE730889DF891
:10B2C00000100844308087E00A2028702089A5F803
:10B2D0000100328044E00C2028702089A5F801008C
:10B2E0006089A5F8030031803AE082E064E02189BA
:10B2F000338800EB41021FFA82F843453BD3B8F193
:10B30000050F38D30E222A700BEA4101CDE9001057
:10B31000E36860882A467146FFF7D2FEA6F80080EF
:10B320005AE04020287060893188C01C1FFA80F8DC
:10B33000414520D32878714620F03F001230287014
:10B340002089A5F801006089CDE9000260882A46BD
:10B35000E368FFF7B5FEA6F80080287840063BD4E6
:10B3600061682089888037E0A0893288401D1FFAF3
:10B3700080F8424501D204273DE01620287020893C
:10B38000A5F801006089A5F80300A089CDE90001B6
:10B3900060882A4671462369FFF792FEA6F800806E
:10B3A000DEE718202870207A6870A6F800A013E065
:10B3B00061680A88920401D405271CE0C9882289A3
:10B3C000914201D0062716E01E2129703080606866
:10B3D000018821F400510180B9F1000F0BD0618880
:10B3E00078230022022008F0EFFB61682078887043
:10B3F00006E0338003276068018821EA09010180A3
:10B400003846DFE62DE9FF4F85B01746129C0D0048
:10B410001E461CD03078C10703D000F03F00192829
:10B4200001D9012100E000212046FFF7AAFEA84231
:10B430000DD32088A0F57F41FF3908D03078410630
:10B4400001D4000605D5082009B0BDE8F08F07201B
:10B45000FAE700208DF800008DF8010030786B1EAF
:10B4600000F03F0C0121A81E4FF0050A4FF0020921
:10B470004FF0030B9AB2BCF1200F75D2DFE80CF04D
:10B480008B10745E7468748C749C74B574BA74C8D0
:10B4900074D474E1747474F174EF74EE74ED748B9D
:10B4A000052D78D18DF80090A0788DF80400708873
:10B4B000ADF8060030798DF80100707800F03F009B
:10B4C0000C2829D00ADCA0F10200092863D2DFE8A9
:10B4D00000F0126215621A621D622000122824D048
:10B4E00004DC0E281BD01028DBD11BE016281FD04F
:10B4F0001828D6D11FE02078800701E02078400787
:10B50000002848DAEEE020780007F9E72078C00646
:10B51000F6E720788006F3E720784006F0E7207809
:10B520000006EDE72088C005EAE720884005E7E748
:10B5300020880005E4E72088C004E1E72078800740
:10B5400029D5032D27D18DF800B0B6F8010081E090
:10B55000217849071FD5062D1DD381B270780128A7
:10B5600003D0022817D102E0C9E0022000E0102039
:10B5700004228DF8002072788DF80420801CB1FB25
:10B58000F0F2ADF8062092B242438A4203D103970B
:10B59000ADF80890A6E079E02078000776D598B25B
:10B5A00082088DF800A0ADF80420B0EB820F6DD1B9
:10B5B0000297ADF8061095E02178C90666D5022DF0
:10B5C00064D381B206208DF80000707802285DD324
:10B5D000B1FBF0F28DF80400ADF8062092B24243C0
:10B5E0008A4253D1ADF808907BE0207880064DD593
:10B5F000072003E0207840067FD508208DF8000062
:10B60000A088ADF80400ADF80620ADF8081068E099
:10B610002078000671D50920ADF804208DF80000CF
:10B62000ADF8061002975DE02188C90565D5022DA9
:10B6300063D381B20A208DF80000707804285CD3AF
:10B64000C6E72088400558D5012D56D10B208DF82E
:10B650000000A088ADF8040044E021E026E016E0F8
:10B66000FFE72088000548D5052D46D30C208DF82E
:10B670000000A088ADF80400B6F803006D1FADF817
:10B680000850ADF80600ADF80AA02AE035E02088A1
:10B69000C00432D5012D30D10D208DF8000021E0FD
:10B6A0002088800429D4B6F80100E080A07B000740
:10B6B00023D5032D21D3307800F03F001B2818D06C
:10B6C0000F208DF80000208840F40050A4F80000FE
:10B6D000B6F80100ADF80400ED1EADF80650ADF867
:10B6E00008B0039769460598F9F7B8FA050008D03D
:10B6F00016E00E208DF80000EAE7072510E0082587
:10B700000EE0307800F03F001B2809D01D2807D03C
:10B710000220059908F002FB208800F400502080E8
:10B72000A07B400708D52046FFF70BFDC00703D1DB
:10B73000A07B20F00400A073284685E61FB50228F0
:10B7400006D101208DF8000088B26946F9F786FA23
:10B750001FBD0000F8B51D46DDE906470E000AD002
:10B7600004F0F1FD2346FF1DBCB231462A46009489
:10B7700004F00FFAF8BDD0192246194601F0D9FDA0
:10B780002046F8BD2DE9FF4F8DB09B46DDE91B57E4
:10B79000DDF87CA00C46082B05D0E06901F0FEF82E
:10B7A00050B11020D2E02888092140F010002880F4
:10B7B0008AF80010022617E0E16901208871E26929
:10B7C0004FF420519180E1698872E06942F60101ED
:10B7D0000181E069002181732888112140F0200057
:10B7E00028808AF80010042638780A900A203870D9
:10B7F0004FF0020904F118004D460C9001F0C6FB11
:10B80000B04681E0BBF1100F0ED1022D0CD0A9EB98
:10B810000800801C80B20221CDE9001005AB524621
:10B820001E990D98FFF796FFBDF816101A988142E1
:10B8300003D9F74800790F9004E003D10A9808B1C2
:10B8400038702FE04FF00201CDE900190DF1160319
:10B8500052461E990D98FFF77DFF1D980088401BEA
:10B86000801B83B2C6F1FF00984200D203461E99A6
:10B870000BA8D9B15FF00002DDF878C0CDE9032054
:10B8800009EB060189B2CDE901C10F980090BDF81E
:10B89000161000220D9801F00EFC387070B1C0B285
:10B8A000832807D0BDF8160020833AE00AEB09018F
:10B8B0008A19E1E7022011B0BDE8F08FBDF82C0035
:10B8C000811901F0FF08022D0DD09AF801204245A0
:10B8D00006D1BDF82010814207D0B8F1FF0F04D087
:10B8E0009AF801801FE08AF80180C9480068017851
:10B8F000052902D1BDF81610818009EB08001FFA56
:10B9000080F905EB080085B2DDE90C1005AB0F9A54
:10B9100001F03FFB28B91D980088411B4145BFF647
:10B9200071AF022D13D0BBF1100F0CD1A9EB0800A1
:10B93000801C81B20220CDE9000105AB52461E9960
:10B940000D98FFF707FF1D98058000203870002034
:10B95000B1E72DE9F8439C46089E13460027B26BD9
:10B960009AB3491F8CB2F18FA1F57F45FF3D05D0F9
:10B970005518AD882944891D8DB200E0002529198C
:10B98000B6F83C800831414520D82A44BCF8011063
:10B9900022F8021BBCF8031022F8021B984622F87A
:10B9A000024B914604F0BDFC4FF00C0C41464A4658
:10B9B0002346CDF800C004F0B8F8F587B16B00203D
:10B9C0002944A41D2144088003E001E0092700E088
:10B9D00083273846BDE8F88310B50B88848F9C42D6
:10B9E0000CD9846BE018048844B1848824F40044A2
:10B9F000A41D23440B801060002010BD0A2010BD40
:10BA00002DE9F0478AB00025904689468246ADF878
:10BA1000185007274BE0059806888088000446D414
:10BA2000A8F8006007A8019500970295CDE903509A
:10BA30004FF4007300223146504601F03CFB0400F5
:10BA40003CD1BDF81800ADF8200005980488818825
:10BA5000B44216D10A0414D401950295039521F439
:10BA600000410097049541F48043428821465046A6
:10BA700001F0BFF804000BD10598818841F4004122
:10BA8000818005AA08A94846FFF7A6FF0400DCD07C
:10BA90000097059802950195039504950188BDF8D6
:10BAA0001C300022504601F0A4F80A2C06D105AA49
:10BAB00006A94846FFF790FF0400ACD0ADF8185037
:10BAC00004E00598818821F40041818005AA06A937
:10BAD0004846FFF781FF0028F3D00A2C03D0204608
:10BAE0000AB0BDE8F0870020FAE710B50C46896B74
:10BAF00086B051B10C218DF80010A18FADF808105F
:10BB0000A16B01916946FAF75BF800204FF6FF71CF
:10BB1000A063E187A08706B010BD2DE9F0410D4676
:10BB20000746896B0020069E1446002911D0012B80
:10BB30000FD1324629463846FFF762FF002808D168
:10BB4000002C06D0324629463846BDE8F04100F0C8
:10BB500034BFBDE8F0812DE9FC411446DDE9087CE5
:10BB60000E46DDE90A15521DBCF800E092B296457A
:10BB700002D20720BDE8FC81ACF8002017222A7011
:10BB8000A5F80160A5F803300522CDE900423B4647
:10BB90002A46FFF7DFFD0020ECE770B50C4615469E
:10BBA00048220021204601F0EEFB04F1080044F891
:10BBB0001C0F00204FF6FF71E06161842084A58492
:10BBC0001720E08494F82A0040F00A0084F82A0044
:10BBD00070BD4FF6FF720A800146032008F09EB840
:10BBE00030B585B00C460546FFF77FFFA18E28468D
:10BBF00029B101218DF800106946F9F7E1FF002015
:10BC0000E0622063606305B030BDB0F8400070476B
:10BC10005C00002090F84620920703D440880880FA
:10BC20000020F4E70620F2E790F846209207EED5D0
:10BC3000A0F84410EBE70146002009880A0700D568
:10BC4000012011F0F00F01D040F00200CA0501D52B
:10BC500040F004008A0501D540F008004A0501D5EE
:10BC600040F010000905D2D540F02000CFE700B524
:10BC7000034690F84600C00701D0062000BDA3F897
:10BC800042101846FFF7D7FF10F03E0F05D093F88B
:10BC9000460040F0040083F8460013F8460F40F0D9
:10BCA00001001870002000BD90F84620520700D512
:10BCB00011B1B0F84200AAE71720A8E710F8462F04
:10BCC00061F3C3020270A2E72DE9FF4F9BB00E00A3
:10BCD000DDE92B34DDE92978289D24D02878C107B7
:10BCE00003D000F03F00192801D9012100E0002114
:10BCF0002046FFF7D9FFB04215D32878410600F05F
:10BD00003F010CD41E290CD0218811F47F6F0AD179
:10BD10003A8842B1A1F57F42FF3A04D001E01229EE
:10BD200001D1000602D504201FB0C5E5FA491D98CF
:10BD30004FF0000A08718DF818A08DF83CA00FAAEA
:10BD40000A60ADF81CA0ADF850A02978994601F022
:10BD50003F02701F5B1C04F1180C4FF0060E4FF0F1
:10BD6000040BCDF858C01F2A7ED2DFE802F07D7D9B
:10BD7000107D267DAC7DF47DF37DF27DF17DF47D3B
:10BD8000F07D7D7DEF7DEE7D7D7D7D7DED0094F808
:10BD90004610B5F80100890701D5032E02D08DF8B1
:10BDA00018B01EE34FF40061ADF85010608003211D
:10BDB0008DF83C10ADF84000D4E2052EEFD1B5F877
:10BDC00001002083ADF81C00B5F80310618308B1B1
:10BDD000884201D9012079E10020A07220814FF62C
:10BDE000FF702084169801F0D1F8052089F8000032
:10BDF0000220029083460AAB1D9A16991B9801F007
:10BE0000C8F890BB9DF82E00012804D0022089F8C4
:10BE10000100102003E0012089F8010002200590B4
:10BE2000002203A90BA805F000FFE8BB9DF80C0059
:10BE3000059981423DD13988801CA1EB0B018142DB
:10BE400037DB02990220CDE900010DF12A034A46B1
:10BE500041461B98FFF77EFC02980BF1020B801CF9
:10BE600081B217AA029101E09CE228E003A90BA885
:10BE700005F0DBFE02999DF80C00CDE9000117AB3F
:10BE80004A4641461B98FFF765FC9DF80C000AAB3B
:10BE90000BEB00011FFA81FB02991D9A084480B246
:10BEA000029016991B9800E003E001F072F8002858
:10BEB000B6D0BBF1020F02D0A7F800B04FE20A20C3
:10BEC0008DF818004BE200210391072EFFF467AFB5
:10BED000B5F801002083ADF81C00B5F8032062839B
:10BEE00000283FF477AF90423FF674AF0120A07274
:10BEF000B5F8050020810020A073E06900F04EFD38
:10BF000078B9E16901208871E2694FF4205191808C
:10BF1000E1698872E16942F601000881E069002167
:10BF20008173F01F20841E98606207206084169839
:10BF300001F02CF8072089F80000012004900290FD
:10BF40000020ADF82A0028E019E29FE135E1E5E0A4
:10BF500012E2A8E080E043E00298012814D0E069F2
:10BF60008079012803D1BDF82800ADF80E000498AF
:10BF700003ABCDE900B04A4641461B98FFF7EAFB08
:10BF80000498001D80B20490BDF82A00ADF80C00A2
:10BF9000ADF80E00059880B202900AAB1D9A169972
:10BFA0001B9800F0F6FF28B902983988001D05900B
:10BFB0008142D1D20298012881D0E069807901289C
:10BFC00003D1BDF82800ADF80E00049803ABCDE90D
:10BFD00000B04A4641461B98FFF7BCFB0298BDE102
:10BFE000072E02D0152E7FF4DAAEB5F801102183AA
:10BFF000ADF81C10B5F80320628300293FF4EAAEC7
:10C0000091423FF6E7AE0121A1724FF0000BA4F878
:10C0100008B084F80EB0052E07D0C0B2691DE269E1
:10C0200005F0E4FD00287FF44AAF4FF6FF7020844E
:10C0300001A906AA14A8CDF800B081E885032878E4
:10C04000214600F03F031D9A1B98FFF79BFB824699
:10C05000208BADF81C0082E10120032EC3D14021CA
:10C06000ADF85010B5F801102183ADF81C100AAAE4
:10C07000B8F1000F00D00023CDE9020304921D980F
:10C08000CDF80480009038880022401E83B21B98AF
:10C0900001F011F88DF8180090BB0B2089F8000012
:10C0A000BDF8280035E04FF0010C052E9BD1802013
:10C0B000ADF85000B5F801102183B5F803002084D5
:10C0C000ADF81C10B0F5007F03D907208DF81800DB
:10C0D00087E140F47C4222840CA8B8F1000F00D024
:10C0E0000023CDE90330CDE9018C1D9800903888FC
:10C0F000401E83B21B9800F0DEFF8DF8180018B1C7
:10C100008328A8D10220BFE00D2189F80010BDF8D6
:10C110003000401C22E100005C000020032E04D20D
:10C1200048067FF53CAE002018E1B5F80110ADF8E7
:10C130001C102878400602D58DF83CE002E007206C
:10C140008DF83C004FF000080320CDE902081E9B4B
:10C15000CDF810801D980193A6F1030B00901FFAF3
:10C160008BF342461B9800F044FD8DF818008DF8C3
:10C170003C80297849060DD52088C00506D5208B3E
:10C18000BDF81C10884201D1C4F8248040468DF8C7
:10C190001880E3E0832801D14FF0020A4FF4807049
:10C1A000ADF85000BDF81C002083A4F820B01E9804
:10C1B0006062032060841321CDE0052EFFF4EFAD13
:10C1C000B5F80110ADF81C10A28F6AB3A2F57F4339
:10C1D000FE3B29D008228DF83C2000BF4FF0000B19
:10C1E0000523CDE9023BDDF878C0CDF810B01D9AEB
:10C1F00080B2CDF804C040F400430092B5F80320AB
:10C200001B9800F0F6FC8DF83CB04FF400718DF8EF
:10C210001800ADF85010832810D0F8B1A18FA1F507
:10C220007F40FE3807D0DCE00B228DF83C204FF633
:10C23000FE72A287D2E7A4F83CB0D2E000942B466D
:10C2400031461E9A1B98FFF784FB8DF8180008B141
:10C2500083284BD1BDF81C00208353E700942B4664
:10C2600031461E9A1B98FFF774FB8DF81800E8BB47
:10C27000E18FA06B0844831D8DE888034388828882
:10C2800001881B98FFF767FC824668E095F80180FB
:10C29000022E70D15FEA080002D0B8F1010F6AD116
:10C2A00009208DF83C0007A800908DF84080434697
:10C2B000002221461B98FFF730FC8DF842004FF01A
:10C2C000000B8DF843B050B9B8F1010F12D0B8F19E
:10C2D000000F04D1A18FA1F57F40FF380AD0A08FB5
:10C2E00040B18DF83CB04FF4806000E037E0ADF82D
:10C2F00050000DE00FA91B98F9F762FC82468DF8FB
:10C300003CB04FF48060ADF85000BAF1020F06D097
:10C31000FC480068C07928B18DF8180027E0A4F81F
:10C32000188044E0BAF1000F03D081208DF8180086
:10C330003DE007A800904346012221461B98FFF7E5
:10C34000ECFB8DF8180021461B98FFF7CEFB9DF8FB
:10C35000180020B9192189F80010012038809DF8B3
:10C360003C0020B10FA91B98F9F72AFC8246BAF1CC
:10C37000000F33D01BE018E08DF818E031E0207892
:10C38000000712D5012E10D10A208DF83C00E0885C
:10C39000ADF8400003201B9907F0C0FC0820ADF861
:10C3A0005000C0E648067FF5FAAC4FF0040A20883A
:10C3B000BDF8501008432080BDF8500080050BD513
:10C3C000A18FA1F57F40FE3806D11E98E062289823
:10C3D0002063A6864FF0030A5046A5E49DF8180096
:10C3E00078B1012089F80000297889F80110BDF89A
:10C3F0001C10A9F802109DF8181089F804100520E7
:10C4000038802088BDF8501088432080E4E72DE96B
:10C41000FF4F8846087895B0012181404FF209000E
:10C42000249C0140ADF820102088DDF88890A0F50C
:10C430007F424FF0000AFF3A06D039B1000705D518
:10C44000012019B0BDE8F08F0820FAE7239E4FF0D5
:10C45000000B0EA886F800B018995D460988ADF863
:10C460003410A8498DF81CB0179A0A718DF838B0AD
:10C47000086098F8000001283BD0022809D0032862
:10C480006FD1307820F03F001D303070B8F80400D4
:10C49000E08098F800100320022904D1317821F0BF
:10C4A0003F011B31317094F84610090759D505AB8F
:10C4B000B9F1000F13D0002102AA82E80B00072077
:10C4C000CDE90009BDF83400B8F80410C01E83B2ED
:10C4D0000022159800F0EFFD0028D1D101E0F11CF9
:10C4E000EAE7B8F80400A6F80100BDF81400C01C83
:10C4F00004E198F805108DF81C1098F80400012844
:10C5000006D04FF4007A02282CD00328B8D16CE171
:10C510002188B8F8080011F40061ADF8201020D08F
:10C5200017281CD3B4F84010814218D3B4F8441033
:10C53000172901D3814212D1317821F03F01C91C62
:10C540003170A6F801000321ADF83410A4F84400BE
:10C5500094F8460020F0020084F8460065E10525C5
:10C560007EE177E1208808F1080700F4FE60ADF86D
:10C57000200010F0F00F1BD010F0C00F03D038884F
:10C58000228B9042EBD199B9B878C00710D0B96826
:10C590000720CDE902B1CDF804B00090CDF810B07D
:10C5A000FB88BA883988159800F023FB0028D6D17B
:10C5B0002398BDF82010401C80294ED006DC10299D
:10C5C0000DD020290BD0402987D124E0B1F5807F00
:10C5D0006ED051457ED0B1F5806F97D1DEE0C806B0
:10C5E00001D5082000E0102082460DA907AA0520E9
:10C5F000CDE902218DF83800ADF83CB0CDE90496C4
:10C6000008A93888CDE9000153460722214615982C
:10C61000FFF7B8F8A8E09DF81C2001214FF00A0AA6
:10C62000002A9BD105ABB9F1000F00D00020CDE965
:10C6300002100720CDE90009BDF834000493401E24
:10C6400083B2218B0022159800F035FD8DF81C0077
:10C650000B203070BDF8140020E09DF81C20012153
:10C660004FF00C0A002A22D113ABB9F1000F00D011
:10C670000020CDE902100720CDE900090493BDF8A0
:10C680003400228C401E83B2218B159800F013FDDC
:10C690008DF81C000D203070BDF84C00401CADF82A
:10C6A000340005208DF83800208BADF83C00BCE04C
:10C6B0003888218B88427FF452AF9DF81C004FF0E0
:10C6C000120A00281CD1606AA8B1B878C0073FF4EC
:10C6D00046AF00E018E0BA680720CDE902B2CDF815
:10C6E00004B00090CDF810B0FB88BA88159800F01F
:10C6F00080FA8DF81C00132030700120ADF8340052
:10C7000093E000005C0000203988208B8142D2D168
:10C710009DF81C004FF0160A0028A06B08D0E0B36B
:10C720004FF6FF7000215F46ADF808B0019027E09A
:10C7300068B1B978C907BED1E18F0DAB0844821D3D
:10C7400003968DE80C0243888288018809E0B87856
:10C75000C007BCD0BA680DAB03968DE80C02BB884D
:10C76000FA881598FFF7F7F905005ED0072D72D00B
:10C7700076E0019005AA02A92046FFF72DF90146AF
:10C78000E28FBDF80800824201D00029F1D0E08F8D
:10C79000A16B084407800198E08746E09DF81C00E3
:10C7A0004FF0180A40B1208BC8B138882083214649
:10C7B0001598FFF79AF938E004F118000090237EED
:10C7C000012221461598FFF7A8F98DF81C000028D2
:10C7D000EDD1192030700120ADF83400E7E70525D0
:10C7E00021461598FFF781F93AE0208800F400709F
:10C7F000ADF8200050452DD1A08FA0F57F41FE3926
:10C8000001D006252CE0D8F808004FF0160A48B1F0
:10C81000A063B8F80C10A1874FF6FF71E187A0F86C
:10C8200000B002E04FF6FF70A087BDF8200030F4A2
:10C830007F611AD0782300220320159907F0C4F9EC
:10C8400098F8000020712088BDF82010084320804F
:10C850000EE000E007252088BDF8201088432080E6
:10C86000208810F47F6F1CD03AE02188814321801A
:10C870009DF8380020B10EA91598F9F7A1F90546E1
:10C880009DF81C000028EBD086F801A00120307034
:10C89000208B70809DF81C0030710520ADF83400AD
:10C8A000DEE7A18EE1B118980DAB0088ADF8340039
:10C8B0002398CDE90304CDE90139206B0090E36AA8
:10C8C000179A1598FFF700FA054601208DF83800F1
:10C8D0000EA91598F9F774F900B10546A4F834B01B
:10C8E00094F8460040070AD52046FFF7A4F910F057
:10C8F0003E0F04D114F8460F20F004002070189861
:10C90000BDF83410018028469BE500B585B00328AA
:10C9100006D102208DF8000088B26946F9F750F977
:10C9200005B000BD10B5384C0B782268012B02D041
:10C93000022B2AD111E013780BB1052B01D104236E
:10C94000137023688A889A802268CB88D3802268F3
:10C950000B891381498951810DE08B88938022686E
:10C96000CB88D38022680B8913814B8953818B89B3
:10C970009381096911612168F9F722F92268002180
:10C980000228117003D0002800D0812010BD832020
:10C9900010BD806B002800D00120704781780129EC
:10C9A00009D10088B0F5205F03D042F6010188422A
:10C9B00001D10020704707207047F0B587B00024F0
:10C9C00015460E460746ADF8184011E00598008858
:10C9D000288005980194811DCDE902410721049426
:10C9E0000091838842880188384600F002F930B906
:10C9F00005AA06A93046FEF7EFFF0028E6D00A2870
:10CA000000D1002007B0F0BD5C00002010B58B788D
:10CA100083B102789A4205D10B885BB102E08B7931
:10CA2000091D4BB18B789A42F9D1B0F801300C88CE
:10CA3000A342F4D1002010BD812010BD072826D0CC
:10CA400012B1012A27D103E0497801F0070102E081
:10CA50004978C1F3C20105291DD2DFE801F00318AE
:10CA6000080C12000AB10320704702207047042806
:10CA70000DD250B10DE0052809D2801E022808D33E
:10CA800003E0062803D0032803D0052070470020C8
:10CA900070470F20704781207047C0B282060BD4C8
:10CAA000000607D5FA48807A4143C01D01EBD0004B
:10CAB00080B27047084670470020704770B51388F1
:10CAC0000B800B781C0625D5F14CA47A844204D83F
:10CAD00043F010000870002070BD956800F0070654
:10CAE00005EBD0052D78F54065F304130B70137832
:10CAF000D17803F0030341EA032140F20123B1FBA3
:10CB0000F3F503FB15119268E41D00FB012000EB17
:10CB1000D40070BD906870BD37B51446BDF80410E0
:10CB20001180117841F0040111709DF804100A067B
:10CB30001ED5D74AA368C1F30011927A824208D861
:10CB4000FE2811D1D21DD2084942184600F01BFC24
:10CB50000AE003EBD00200F00703012510789D40A6
:10CB6000A843994008431070207820F010002070EE
:10CB70003EBD2DE9F0410746C81C0E4620F00300DB
:10CB8000B04202D08620BDE8F081C14D002034467D
:10CB90002E60AF802881AA72E8801AE0E988491CDB
:10CBA000E980810614D4E17800F0030041EA002016
:10CBB00040F20121B0FBF1F201FB12012068FFF706
:10CBC0006CFF2989084480B22881381A3044A0605B
:10CBD0000C3420784107E1D40020D4E7AC4801228E
:10CBE0000189C08800EB400002EB8000084480B25D
:10CBF00070472DE9FF4F89B01646DDE9168A0F46CA
:10CC0000994623F44045084600F054FB040002D046
:10CC10002078400703D401200DB0BDE8F08F0998BB
:10CC200003F016FA02902078000606D59848817A1B
:10CC30000298814201D88720EEE7224601A9029896
:10CC4000FFF73CFF834600208DF80C004046B8F10A
:10CC5000070F1AD001222146FFF7F0FE0028DBD192
:10CC60002078400611D502208DF80C00ADF8107028
:10CC7000BDF80400ADF81200ADF814601898ADF8D6
:10CC80001650CDF81CA0ADF818005FEA094004D595
:10CC900000252E46A84601270CE02178E07801F017
:10CCA000030140EA012040F20121B0FBF1F280468D
:10CCB00001FB12875FEA494009D5B84507D1A17841
:10CCC000207901F0030140EA0120B04201D3BE42C5
:10CCD00001D90720A0E7A8191FFA80F9B94501D9A1
:10CCE0000D2099E79DF80C0028B103A90998F8F7E1
:10CCF00065FF002890D1B84507D1A0784FEA1921E7
:10CD000061F30100A07084F804901A9800B10580C6
:10CD1000199850EA0A0027D0199830B10BEB060099
:10CD20002A46199900F005FB0EE00BEB0608574662
:10CD3000189E099803F0F5FA2B46F61DB5B2394650
:10CD40004246009502F0F1FE224601A90298FFF743
:10CD5000B5FE9DF80400224620F010008DF8040076
:10CD6000DDE90110FFF7D8FE002055E72DE9FF4F60
:10CD7000DFF81C91824685B0B9F80610D9F800009A
:10CD800001EB410100EB810440F20120B2FBF0F124
:10CD9000174600FB1175DDE9138B4E4629460698B0
:10CDA000FFF77BFE0346FFF719FF1844B1880C30EC
:10CDB000884202D9842009B02FE70698C6B230060F
:10CDC00003D5B00601D50620F5E7B9F80620521CB8
:10CDD00092B2A9F80620BBF1000F01D0ABF80020F9
:10CDE000B00602D5C4F808800AE0B9F808201A4451
:10CDF00092B2A9F80820D9F80000891A0844A06066
:10CE00002246FE200699FFF787FEE77025712078FD
:10CE1000390A61F301002A0AA17840F0040062F3A4
:10CE20000101A17020709AF802006071BAF8000048
:10CE3000E08000252573300602D599F80A7000E0DD
:10CE40000127B00601D54FF000084E4600244FF0F0
:10CE500007090FE0CDE902580195CDF8009004953F
:10CE6000F1882046129B089AFFF7C3FE0028A2D142
:10CE7000641CE4B2BC42EDD300209CE700B5FFF790
:10CE8000ADFE03490C308A88904203D9842000BD4E
:10CE900098050020CA88086802EB420300EB830073
:10CEA000521C037823F004030370CA80002101732D
:10CEB0000846ECE72DE9F047804600F0FBF9070053
:10CEC00005D000264446F74D40F2012916E0012026
:10CED000BDE8F087204600F0EDF90278C17802F055
:10CEE000030241EA0222B2FBF9F309FB13210068B5
:10CEF000FFF7D3FD3044641C86B2A4B2E988601EFB
:10CF00008142E7DCA8F10100E8802889801B2881A4
:10CF100000203870DCE710B5144631B1491E21807D
:10CF200003F096F8A070002010BD012010BD70B570
:10CF30000446DC48C188036801E0401C208020884A
:10CF4000884207D200EB400213EB820202D0157830
:10CF50006D07F2D580B2884216D2AAB15079A0727C
:10CF6000D08820819178107901F0030140EA0120F6
:10CF7000A081A078E11CFFF7A1FD20612088401C62
:10CF80002080E080002070BD0A2070BD0121018258
:10CF900070472DE9FF4F85B04FF6FF798246A3F821
:10CFA000009048681E460D4680788DF80600486857
:10CFB0000088ADF8040000208DF80A00088A0C886B
:10CFC000A04200D304462C8251E03878400708D4B0
:10CFD000641C288AA4B2401C288208F10100C0B257
:10CFE00046E0288A401C2882781D6968FFF70EFDFC
:10CFF000D8BB3188494501D1601E30803188A1EB12
:10D00000080030806888A04238D3B878397900F0B9
:10D01000030041EA002801A9781DFFF7F7FC20BBB7
:10D02000298949452ED0002239460798FFF706FD89
:10D03000D8B92989414518D1E9680391B5F80AC0E2
:10D04000D7F808B05046CDF800C003F06AF9DDF813
:10D0500000C05A460CF1070C1FFA8CFC434603999A
:10D06000CDF800C002F02BFD60B1641CA4B200201A
:10D070008046204600F01EF90700A6D1641E2C82CF
:10D080000A2098E674807879B071F888B080397891
:10D09000F87801F0030140EA01207081A6F80C80C5
:10D0A000504602F0D5FF3A4606F10801FFF706FDAB
:10D0B000306100207FE62DE9FF4F87B081461C4696
:10D0C0009246DDF860B0DDF85480089800F0F2F880
:10D0D000050002D02878400702D401200BB09CE55F
:10D0E000484602F0B5FF2978090605D56D49897AC9
:10D0F000814201D88720F1E7CAF309062A4601A92F
:10D10000FFF7DCFC0746149807281CD000222946AC
:10D11000FFF794FC0028E1D12878400613D50120C0
:10D120008DF808000898ADF80C00BDF80400ADF8C3
:10D130000E00ADF81060ADF8124002A94846F8F7AD
:10D140003DFD0028CAD12978E87801F0030140EAC2
:10D150000121AA78287902F0030240EA022056450C
:10D1600007D0B1F5007F04D9611E814201DD0B209B
:10D17000B4E7864201D90720B0E7801B85B2A542FB
:10D1800000D92546BBF1000F01D0ABF8005017982D
:10D1900018B1B9192A4600F0CCF8B8F1000F0DD03B
:10D1A0003E4448464446169F03F0CDF82146FF1DF5
:10D1B000BCB232462B46009402F0EBFC00208DE717
:10D1C0002DE9F04107461D461646084600F072F864
:10D1D000040002D02078400701D40120D3E438466F
:10D1E00002F036FF2178090605D52E49897A814259
:10D1F00001D88720C7E422463146FFF75FFC65B1BE
:10D200002178E07801F0030140EA0120B0F5007FC9
:10D2100001D8012000E0002028700020B3E42DE9AF
:10D22000F04107461D461646084600F043F8040044
:10D2300002D02078400701D40120A4E4384602F04F
:10D2400007FF2178090605D51649897A814201D858
:10D25000872098E422463146FFF75EFCFF2D14D06C
:10D260002178E07801F0030240EA022040F2012236
:10D27000B0FBF2F302FB130015B900F2012080B2FB
:10D28000E070000A60F30101217000207BE410B51A
:10D290000C4600F00FF810B10178490704D40120C2
:10D2A00010BD000098050020C18821804079A07041
:10D2B0000020F5E70749CA88824209D340B10968CE
:10D2C00000EB40006FF00B0202EB80000844704757
:10D2D000002070479805002070B504460D46214691
:10D2E0002B460AB9002070BD01E0491C5B1C501E92
:10D2F000021E03D008781E78B042F6D008781E7857
:10D30000801BF0E730B50C4601462346051B9542CD
:10D3100006D202E0521E9D5C8D54002AFAD107E02D
:10D3200004E01D780D70491C5B1C521E002AF8D1C8
:10D3300030BDF0B50E460146334680EA030404F0E2
:10D340000304B4B906E002B9F0BD13F8017B01F89B
:10D35000017B521E01F00307002FF4D10C461D463D
:10D3600002E080CD80C4121F042AFAD221462B4647
:10D3700000BF04E013F8014B01F8014B521E002AD4
:10D38000F8D100BFE0E7F0B50C460146E6B204E094
:10D3900002B9F0BD01F8016B521E01F00307002F26
:10D3A000F6D10B46E5B245EA052545EA054501E01B
:10D3B00020C3121F042AFBD2194602E001F8016BB8
:10D3C000521E002AFAD100BFE3E710B506F0F7FEBF
:10D3D000FAF792F906F09CFDBDE8104006F02EBE6B
:10D3E000202801D2012070470020704701224FF011
:10D3F000A043824011B1C3F80C257047C3F808253B
:10D4000070474FF0A04101228240C1F818257047B3
:10D4100070B50346002002466FF02F050EE09C5CBD
:10D42000A4F130060A2E02D34FF0FF3070BD00EB9E
:10D43000800005EB4000521C2044D2B28A42EED359
:10D4400070BD30B50A230BE0B0FBF3F403FB14040A
:10D45000B0FBF3F08D183034521E05F8014CD2B2F7
:10D46000002AF1D130BD30B500234FF6FF7510E032
:10D47000040A44EA002084B2C85C6040C0F303148C
:10D48000604005EA00344440E0B25B1C84EA40108E
:10D490009BB29342ECD330BDF94A137882F88B30BB
:10D4A000A2F88C0082F88A10012082F8880092F895
:10D4B000640008B192F8600082F88E00704710B5E1
:10D4C0000B46114658B11846FFF7E6FFED48806855
:10D4D000008802F026FFBDE8104002F0CDBBBDE899
:10D4E00010404FF6FF70D7E770B50026044646702F
:10D4F000E44D1120207029682022A01C6831FFF71C
:10D5000018FF0121A171286800F8666F8078002853
:10D5100011D1DB48B0F86A20A0F89220AA68537BAA
:10D5200080F8943080F89010108802F0FAFEBDE880
:10D53000704002F0B0BB70BD70B5D24D296891F853
:10D5400096200024012A11D091F89020012A1CD0A5
:10D5500091F86620012A22D091F88820012A21D052
:10D5600091F8A020012A2ED0002070BD447017220F
:10D57000027051F8972FC0F802204A68C0F80620C0
:10D580000A7A827201F8014C1BE044700522027095
:10D59000D1F89220C0F8022081F8904011E0FFF706
:10D5A000A3FF0EE091F86620012AF8D044701422FF
:10D5B000027051F88A2FC0F802208A88C28001F8D0
:10D5C000024C012070BD44701A2200F8022B222266
:10D5D000A131FFF7AEFE286880F8A040F1E7A94826
:10D5E000006890F8661011B1B0F86A0070474FF605
:10D5F000FF70704770B5A34C206800B9FFDF20684A
:10D60000417811B10C25284670BD0025C422294659
:10D61000FFF7B9FE2168FF2008707F2081F83700EE
:10D6200013204884282081F86500012081F85C00DF
:10D63000002081F85F0007F0AFF906F091FCE2E707
:10D6400070B5904C0546206800B9FFDF21680020C6
:10D6500048706560FFF7CEFF002800D0FFDF70BD87
:10D66000884909680978814201D10120704700206A
:10D670007047844800B5016891F82400498CC0F3D4
:10D680008002C0F340031A4400F001001044132943
:10D6900015D004DC102909D0122904D10FE0152976
:10D6A00008D01D2904D0FFDF002000BD764903E02B
:10D6B000764800BD7449083131F8100000BD724948
:10D6C0000839F9E76F4840F271210068806A4843E1
:10D6D00070476C48006890F83600002800D00120A0
:10D6E000704710B5664C207B00F074FD40B1207D82
:10D6F00004F115010BF034FB082801D0012010BD06
:10D70000207B30B1022804D00120BDE8104007F092
:10D71000A6BC0020F9E75A490873704759490968BF
:10D7200081F83000704770B50646554890F82D00D6
:10D730000BF0A4FA050018D010210BF076FD00289C
:10D7400013D1504C012032462168C87628461C313E
:10D7500007F092FCD4E900101C310BF0BFFF6068A9
:10D76000BDE8704001210BF0C8BF70BD2DE9F0414C
:10D77000434C074694F82D000BF0FDFA064694F84A
:10D780002F0004F10E0528B126B194F82D000BF0FE
:10D7900018FAA0B194F83000002824D094F82E0094
:10D7A000002820D0607B294600F025FDA8B10BF0B1
:10D7B0008AFB3A462946BDE8F04107F05DBC0120EE
:10D7C00060733A462946304607F056FC94F82D100F
:10D7D0002846BDE8F0410BF065BB39462846BDE858
:10D7E000F04107F07EBCBDE8F08170B5254C2168A2
:10D7F000087BB0B1022814D0012048730E3107F025
:10D8000018FC2068007B00F0E5FC216881F82F00FF
:10D81000082081F82D00487B0E3100F0E3FC40B970
:10D8200001E00020E9E72168487B0E3100F0E3FCCD
:10D8300000B10120216881F82E0091F82F0018B95D
:10D8400091F82200400706D5087D15310BF088FAC3
:10D85000216881F82D0020680025456004F0ADFDA9
:10D86000216888600020FFF781FF2068C57690F866
:10D87000220040070CD5BDE87040002053E70000AF
:10D88000A405002064000020A0B101008F891300CE
:10D8900070BDFB4A1268137B0370D2F80E0008605B
:10D8A000508A8880704778B5F6490446F44D407B2D
:10D8B00008732A68207810706088ADF8000080B284
:10D8C00000F00101C0F3400341EA4301C0F38003CB
:10D8D00041EA8301C0F3C00341EAC301C0F300136E
:10D8E00041EA0311C0F3401341EA4311C0F3801031
:10D8F00041EA80105084E07D012825D0022825D0FF
:10D90000FFDF286880F85E60217B80F82410418C5E
:10D910001D291DD061688162617D80F83610A17B70
:10D92000C1B1022916D00121017554F80F1FC0F8AA
:10D930001510A188A0F81910217B012900D0002121
:10D9400080F83410002078BD0126DAE70226D8E7F7
:10D950000021E0E70021E7E7C948006890F82200CD
:10D96000C0F38000704700B5FFF7F6FF08B1002054
:10D9700000BD1F2000BD00B5FFF7F5FF002800D057
:10D98000012000BDBE49002209680A664B8C1D2B90
:10D9900002D081F86400704781F864207047B84A6B
:10D9A0000023126882F85D3042F84C1F90800120FD
:10D9B00050747047B24A0023126882F85C30A2F8B3
:10D9C000580042F8541F012010727047AC49096892
:10D9D00081F835007047AA49096881F85F007047EF
:10D9E000A748006890F95F007047A548006890F864
:10D9F000220000F001007047A148006890F8220062
:10DA0000C0F340007047002070479D48006890F8C0
:10DA10002200C0F3C000704701207047012070470A
:10DA20000120704770B500F0FAFB954C2068016E3C
:10DA3000491C016690F83300002530B106F0ACFFB8
:10DA400006F08EFA206880F833502068457090F810
:10DA5000381009B102201AE090F86410B1B1006EDC
:10DA6000814213D8022007F095FF206890F8220029
:10DA7000C00704D0A06843220188012003E04322AC
:10DA80004FF6FF710020BDE8704018E50020BDE8AA
:10DA9000704007F07FBF10B501280DD002280DD0CF
:10DAA00004280FD0FFDF7648006890F85E10BDE8CC
:10DAB0001040252006F0FEBB252000E0262006F0C1
:10DAC000D3FCF0E72720FAE702460020D30701D075
:10DAD000CB0705D0930705D58B0703D402207047E9
:10DAE000012070475207FCD54907FAD4042070473B
:10DAF0002DE9F041624C86B0206800B9FFDF206854
:10DB00004178E9BB0178FF2942D0002580F83150E7
:10DB1000A0F85A50857080F83850284606F09EFECE
:10DB2000182259496846FFF704FC684606F08AFE49
:10DB300006F0CCFB206890F95F0006F085FC5248A7
:10DB40001D3806F087FC5048203806F06CFE6068EF
:10DB500006F087FE2068002190F82400FFF7B4FF4C
:10DB6000FFF799FF206880F82C5006F071FE2068BE
:10DB700090F85E10002006F030FD0F21052000E037
:10DB800006E006F038FC206890F82E1051B902E04B
:10DB90000C2006B027E690F82F1019B990F8220053
:10DBA00040072BD504F009FC804620684146806878
:10DBB00005F004F9354F064690FBF7F007FB1060BF
:10DBC0004142404604F0CDF82168886096FBF7F0AA
:10DBD0004A68104448600BF0BFF821684A689042D8
:10DBE0000CD8C1E901580120FFF7C0FD206890F86A
:10DBF0002200400702D50120FFF795FD2068417BF8
:10DC00000E3006F0EAFB206890F85C1039B1B0F8ED
:10DC10005810A0F84810416D416480F85C5090F8AD
:10DC20005D1041B1B0F85010A0F84010C16C40F840
:10DC30003C1F80F821500BF0FCF8032160680BF0CA
:10DC40002FF9216881F833000020A2E70C49886091
:10DC500070472DE9F0410A4C0746002620683146FE
:10DC6000C57E6068068000F0D1FA2068408C1328D9
:10DC700040D00DDC102861D012280DD15CE00000EE
:10DC800064000020A4050020B0B1010040420F0054
:10DC9000152838D01D2836D0FFDF00BF00F0CAFAA3
:10DCA0002068418C1D2907D0152905D0B0F84820DF
:10DCB000416C60680BF028FD206890F82C1090F8FB
:10DCC0002400FFF701FF05463FB1FFF7E4FE012204
:10DCD0004FF49671002006F01EFD206890F82C107D
:10DCE000294380F82C1090F824208A434FF001013A
:10DCF00029D02DE0002160680BF0C4FC0121606890
:10DD000000F084FACAE7012160680BF0BBFC012136
:10DD1000606800F07BFAD4E9001025B11C310BF0EB
:10DD2000DDFC012104E015310BF0D8FC2068017DF9
:10DD300060680BF0E2FCB1E7062100E002216068B8
:10DD40000BF0A0FCAAE7428C1D2A0BD080F8311002
:10DD50004170418C13290ED007DC10290AD01229FA
:10DD600007D108E080F82C60F2E7152903D01D29BF
:10DD700001D0FFDF37E590F85E20BDE8F0410121DA
:10DD8000084606F05ABEF84810B50068417841B917
:10DD90000078FF2805D00021084600F059FA00203D
:10DDA00010BD00F03CFA0C2010BD2DE9F041EE4D05
:10DDB0000446174628680E4690F8660000B1FFDF5B
:10DDC0002968002F81F868704ED12088A1F86A0078
:10DDD0006088A1F88000A088A1F88200E088A1F8FE
:10DDE000840094F88C0181F8860091F82F0020B10E
:10DDF000487B0E3100F0FFF940B9296891F83000F6
:10DE000060B1487B0E3100F0EDF938B12868D0F8E8
:10DE10000E104167418AA0F8781003E02868476730
:10DE2000A0F878706968FF2E0878C0F380106076DB
:10DE3000D1F80300C4F81A00B1F80710E18314D038
:10DE4000296801F16E02C1F87A00E08BA1F87E002A
:10DE500030466D310AF099FF00B9FFDF286810F8ED
:10DE60006D1F41F002010170BDE42868C0F87A70AE
:10DE7000A0F87E70617E80F86D10D4F81A1040F81A
:10DE80006E1FE18B8180AEE470B5FFF7BEFDB64C2E
:10DE9000012538B13C22FF21A068FFF786FF2068EA
:10DEA00080F86650206890F82200C00704D0A0686F
:10DEB0003C220188012003E03C224FF6FF71002044
:10DEC000FFF7FDFA206880F8385070BDA649096850
:10DED00081F83200704770B5002507F0BAFC50B1E8
:10DEE000A14C20684178012908D0022901D00329DA
:10DEF00036D0FFDF70BDBDE8704093E58178002922
:10DF0000F8D1418C102913D090F8330020B106F0DD
:10DF100019F8402006F02DFD206890F822104907DE
:10DF200010D490F83610012904D0032902D002E061
:10DF3000002119E0102590F85E2045F00E01002028
:10DF400006F07BFD206890F8340008B106F054FD1F
:10DF50000021962006F0B1FC21680220487070BDB7
:10DF600081780029FBD18178BDE87040012000F064
:10DF70006FB957E510B57C4C206890F8340008B1B3
:10DF800000F07AF9206890F8330018B106F004FD2B
:10DF900005F0E6FF07F05DFC88B1206840780228B4
:10DFA00000D0FFDF0021012000F052F92068417805
:10DFB000002903D04078012800D0FFDF10BDBDE864
:10DFC00010402FE510B50AF0CBFE04460AF07DFFA5
:10DFD00038B120460AF052FE18B110210BF025F995
:10DFE00008B1002010BD012010BD2DE9F047DFF879
:10DFF00078910E460746032809D0FFF7F6FC044641
:10E00000D9F8000090F8320020B1012003E0FFF7BA
:10E01000F3FC04460020804606F018FA0546032F5C
:10E020002BD0012734EA080453D0D9F800004C461D
:10E0300090F8330068B10AF0E2FE30700146FF2824
:10E0400007D06068C01C0AF0B7FE30780AF0E1FE25
:10E05000054360680178C1F3801221680B7D9A4204
:10E0600005D10622C01C1531FFF736F938B1002062
:10E070003178FF290BD0D8B903E00227D2E701207D
:10E08000F6E7206890F82D00884211D008E038B1FA
:10E09000616811F8030BC0F38010FFF793FF38B1EC
:10E0A0000020216891F82210490703D5A0B910E09B
:10E0B0000120F6E785B92D4890F8360008B1B8423E
:10E0C00007D1616811F8030BC0F38010FFF77AFFE6
:10E0D00010B10020BDE8F0870120FBE7F8B5224C25
:10E0E0000746002520684078022800D0FFDF20681E
:10E0F00090F8340008B100F0BFF860680BF0E4FA63
:10E1000006460FB306F073F9F0B1052E1DD1606815
:10E1100090F8240000F01F00102816D9206890F80D
:10E12000350090B1FF208DF80000012569460520DB
:10E13000FFF75BFF40B1206880F8A05061682222A1
:10E14000A130C91CFFF7F5F815E060680BF0FCFA88
:10E1500088B1062E0FD2DFE806F00E0E0E030E0B6E
:10E1600000F0CDF806E0000064000020A4050020C7
:10E1700000F091F800B90125206890F8330018B13B
:10E1800006F00AFC05F0ECFE1DB10021012000F0B4
:10E190005FF820684178002906D04178012903D032
:10E1A0004078032800D0FFDFF8BD70B59F4E0546CC
:10E1B0000C463068807800280BD106F02FF8034613
:10E1C0003068214690F85E202846BDE8704007F090
:10E1D000C1BD70BD022803D0032801D000207047C4
:10E1E00001207047012802D14879800901D0002020
:10E1F000704701207047012806D148790121B1EB11
:10E20000901F01D101207047002070470278202321
:10E2100022F0200203EA41110A430270704710B550
:10E2200006F09AFB06F079FB06F0C8FABDE810404C
:10E2300006F0FFBA10B57D4C7D4960680BF048FAD6
:10E240007B480E38417B6068BDE810400BF04CBA4B
:10E25000764A10B5126892F831303BB1508C1D28C7
:10E2600000D1FFDFBDE81040FFF7DCBB002902D181
:10E27000BDE81040EDE410BD10B56C4C206837309F
:10E2800006F0C5FB18B921687F2081F83700BDE88A
:10E29000104006F0A7BB38B5FF208DF8000001251F
:10E2A00069460520FFF7A1FE30B3604C20688078F6
:10E2B00008BB6268A0681278417BC2F3401211402B
:10E2C0004173012100F04AF800229DF80010A06877
:10E2D000FFF76BFD2068012100F8661F82788188B6
:10E2E0000120FFF7ECF8216800204870FFF797FF46
:10E2F000012007F04FFB00E00025284638BD38B567
:10E30000FF208DF80000012569460320FFF76DFE10
:10E31000464C002820681CD090F8341031B190F899
:10E32000960018B99DF8000000F04CF860680021D4
:10E33000018004210BF0A6F9FFF77CFF2068B0F8FC
:10E340004020C16B60680BF0EFF921680320487032
:10E3500002E0807800B90025284638BD70B5334DFD
:10E360000446686850F80F2FC4F80E208288628235
:10E3700082792275C27962750289E282428962805D
:10E380008289A280C289E2800269A260027D227332
:10E39000427D02F01F022276407D400984F88C0104
:10E3A00084F8641084F86510002104F130000BF04B
:10E3B0002AFB286890F8651004F8661F90F85F0043
:10E3C000607070BD70B5194C0122216881F89620EB
:10E3D0000A7881F89720FF280DD001F19902983131
:10E3E0000AF0D3FC00B9FFDF206810F8981F41F055
:10E3F000020101700CE060680278C2F3801281F8BB
:10E400009820D0F8032041F8992FB0F807008880B1
:10E41000256895F837009F357F2800D1FFDF2068F9
:10E4200010F8371F29707F21017070BD6400002033
:10E43000B20500202DE9FC470C460646694600F06F
:10E4400010FF002860D1FFF7CAF8B0425CD0214627
:10E45000304608F0DEFF28BB019D95F82C01703591
:10E4600018B9287F08B1012000E00020814695F806
:10E4700039004FF000084FF0010AA0B195F83A00BA
:10E48000800710D584F8018084F800A084F8028009
:10E49000A68095F83B10A171A98F2181E98F618138
:10E4A00085F839802DE0304601F04DFF070000D19E
:10E4B000FFDF384601F06DF940B184F801800D218D
:10E4C0002170A680E08084F802A01AE0304601F0B6
:10E4D00028FF070000D1FFDFB9F1000F14D0384644
:10E4E00001F0AFF980B1304606F01EFD84F80180DE
:10E4F0000A21217084F80280A680697FA17185F8C5
:10E500001C800120BDE8FC870020FBE71CB56946A4
:10E5100000F0A7FE00B1FFDF684600F0AFFEF9494A
:10E5200000208968A1F8F2001CBD2DE9FC410446D9
:10E530000E46062001F06EFD00250746A84606445B
:10E5400017E02088401C80B22080B04202D34046B1
:10E55000A4F8008080B2B84204D3B04202D20020B6
:10E56000BDE8FC81694600F07CFE0028F8D06D1CF7
:10E57000EDB2AE42E5D84FF6FF7020801220EFE7F3
:10E5800010B506F043FD0AF026FBDF484FF6FF7199
:10E5900000234182818203701B2141804FF4A472C9
:10E5A0008280C180028103228275C2758272042436
:10E5B000C4728181C1810282837610BD70B5D14C55
:10E5C0000D466060217006F0ADFC00F063FEFFF7C1
:10E5D000D7FF207809F09EFD284607F04DFACA487B
:10E5E0002838FFF72DF82178606808F0F6FFBDE8BD
:10E5F00070400AF0F0BA10B501240AB1002010BD35
:10E6000021B1012903D00024204610BD02210BF0C6
:10E61000CBF8F9E7887800B90320C97801B903215C
:10E62000107019700020704730B587B0044600881C
:10E63000694600F016FE002806D1A08830B10128F6
:10E6400004D0022802D0122007B030BD05AB04AAC6
:10E6500021466846FFF7DEFF0400F5D1019901204D
:10E6600081F8C501019991F81012002539B9019975
:10E6700091F8C41119B9019991F8971009B13A2488
:10E6800015E00199039581F8C40101989DF81020C7
:10E6900080F8C621019B9DF8140083F8C7018DF80E
:10E6A0000C208DF80D0003AA01200AF0F4FE019859
:10E6B00080F8C5512046C7E710B504460020A17870
:10E6C00001B90120E2780AB940F0020000F0F6FD3D
:10E6D000002803D12046BDE81040A5E710BD70B565
:10E6E0000D4604460189002380880AF0C9FE696A44
:10E6F00081421DD2401A401CA1884008091A8AB2E2
:10E70000A2802189081A2081668895F86410104635
:10E710000AF08DFE864200D230466080E68895F889
:10E72000651020890AF083FE864200D23046E080E0
:10E7300070BDF0B585B00D46064603A900F091FD09
:10E7400000282AD104990022FB20B1F84E30FB2B7F
:10E7500000D30346B1F85040FB20FB2C00D3044605
:10E76000DFF8A8C19CE8811000900197CDF808C09F
:10E77000ADF80230ADF806406846FFF7B0FF6E8096
:10E78000BDF80400E880BDF808006881BDF802000B
:10E79000A880BDF806002881002005B0F0BD2DE955
:10E7A000F04186B004460088694600F05AFD002812
:10E7B00059D12189E08800F09BFD002853D1A18820
:10E7C000608800F095FD00284DD12189E08800F097
:10E7D00085FD002847D1A188608800F07FFD0600F4
:10E7E00041D1208802A9FFF7A4FF00B1FFDFBDF8E7
:10E7F000101062880920914235D3BDF80C10E288D0
:10E80000914230D3BDF81210BDF80E202389114477
:10E81000A2881A44914226D3019D01274FF0000897
:10E8200085F8BB71019890F8FC0105F5DD7508B11C
:10E830003A2615E0E08868806088E880218940F603
:10E840004800814200D30146A980A188814200D2BC
:10E8500008462881002228460199FFF740FF2F70C3
:10E8600085F80180304606B0BDE8F08197E710B525
:10E870000446FEF761FE002813D0207814280FD13B
:10E88000A07868B1A088062101F018FC40B100888A
:10E8900006F04AFBA088062101F022FC00B1FFDF50
:10E8A000012010BD2DE9F041060000D1FFDF164820
:10E8B000022114308046FFF738FE00B1FFDF124C12
:10E8C0000620A78A01F0A6FB0546A08AA84203D12C
:10E8D0003046FFF7CCFF20B9A08A3146FFF7AAFDEA
:10E8E00030B1304600F012FD0028EED10120BBE728
:10E8F00002214046FFF719FE10B9A08AB842E4D1C0
:10E900000020B1E77000002090060020C8B101008F
:10E9100010B500F083FC08B10C2010BD0AF096F988
:10E92000002010BD10B50446007818B1012801D0B0
:10E93000122010BD00F07DFC20B10AF0FDF908B1F5
:10E940000C2010BD207800F053FCE21D04F11703E9
:10E95000611CBDE810400AF09BB910B5044600F0F8
:10E960005DFC08B10C2010BD207818B1012801D041
:10E97000122010BD00F03CFC611C0AF041F908B106
:10E98000002010BD072010BD10B50AF0D9F908B15C
:10E99000002010BD302010BD10B5044600F049FC29
:10E9A00008B10C2010BD20460AF0C2F9002010BDAD
:10E9B00010B500F03EFC20B10AF0BEF908B10C2001
:10E9C00010BD0AF0A7F9002010BDFF2181704FF69D
:10E9D000FF718180F84949680A7882718A880281CA
:10E9E0004988418101214170002070471CB50024F5
:10E9F00012F1080F15D00CDC12F1280F11D012F112
:10EA0000140F0ED012F1100F0BD012F10C0F0CD10D
:10EA100007E012F1040F04D01AB1032A01D0042A2E
:10EA200003D1012804D0032806D0122420461CBD9F
:10EA30001046FEF7D0FFF9E708461446694600F095
:10EA400010FC08B10224F1E7019880F86740002427
:10EA5000ECE710B5134601220AF003FC002010BDBC
:10EA600010B5044600F0E5FB08B10C2010BD2146AE
:10EA7000002006F0CCFA002010BD10B5044607F0C7
:10EA800095F920B1207807F003F8002010BD0C2084
:10EA900010BD10B5044600F0CCFB08B10C2010BD31
:10EAA0002146012006F0B3FA002010BD38B5044617
:10EAB0004FF6FF70ADF80000A079E179884216D0DA
:10EAC0002079FEF78DFC90B16079FEF789FC70B17A
:10EAD0000022A07911460BF0DBFB40B90022E0795F
:10EAE00011460BF0D5FB10B9207A072801D9122066
:10EAF00038BD07F067F948B900216846FFF715FDF2
:10EB000020B1204605F0ADFB002038BD0C2038BDFB
:10EB10002DE9FC41817804461A2925D00EDC1629FE
:10EB20002DD2DFE801F02C2C2C2C2C212C2C2C2C81
:10EB30002C2C2C2C2C2C2C2C2C2121212A291ED0A5
:10EB40000BDCA1F11E010C2919D2DFE801F0181825
:10EB50001818181818181818180D3A3904290ED250
:10EB6000DFE801F00D020D022088B0F5706F06D2CB
:10EB70000127694600F075FB18B10220F0E412206D
:10EB8000EEE4019D68462E4605F5C87506F291161D
:10EB900000F05AFB08B1287808B10C20E0E42F708F
:10EBA000A0783070684600F069FB0020D8E41CB5FE
:10EBB0000C46694600F055FB002118B12160217117
:10EBC00002201CBD0198024610F1700080F842102E
:10EBD00093682360137B237190F84230002BF5D1AA
:10EBE00000201CBD10B5044600F023FB20B10AF044
:10EBF000A3F808B10C2010BD207800F0F9FAE279F2
:10EC0000611C0AF06EF908B1002010BD022010BD91
:10EC100010B5886E60B1002241F8682F0120CA71DA
:10EC2000897988400BF028FB002800D01F2010BDF8
:10EC30000C2010BD1CB50C46694600F012FB0028E4
:10EC400005D10198B0F87000401C208000201CBD48
:10EC50001CB504460088694600F003FB08B1022099
:10EC60001CBD606828B1DDE90001224600F09CFB74
:10EC70001CBDDDE90001FFF7CBFF1CBD10B500781E
:10EC8000012800D00020FEF7A1FE002010BDF0B545
:10EC900044888188C288038945898089A71F40F6F6
:10ECA0007B46B74215D28F1FB74212D28C4210D882
:10ECB000B2F5FA7F0DD2A3F10A04361FB44208D28E
:10ECC000521C4A43B2EB830F03DA854201D800207D
:10ECD000F0BD3020F0BDF8B515460E46044607F0ED
:10ECE00071F808B10C20F8BD204600F09CFB00280C
:10ECF000F9D1A078C1064FF01100F4D5E17D0329C8
:10ED0000F1D0FEF76DFE3070A07555B9FF208DF87B
:10ED1000000069460020FEF74DFE69460020FEF720
:10ED20003EFE2046BDE8F840FEF7BDBD0022D2E71A
:10ED30000078C10801D01220704720498876002051
:10ED4000704710B504460078C00704D1608810B140
:10ED5000FEF711FE80B12078618800F00102607832
:10ED600000F0ACFB002806D1FEF7FDFD01466088EF
:10ED7000884203D9072010BD122010BD6168FEF73C
:10ED800019FE002010BD10B504460078C00704D15C
:10ED9000608810B1FEF730FE90B12078618800F0F5
:10EDA0000102607800F08AFB002804D16088616865
:10EDB000FEF7F5FD002010BD700000209006002039
:10EDC0001220F8E77CB5044640784225012808D88F
:10EDD000A078FEF745FC20B120781225012802D04A
:10EDE00090B128467CBDFEF710FE20B1A088002817
:10EDF000F7D08028F5D8FEF70FFE60B160780028C4
:10EE0000EFD02078012808D006F07EF9044606F0FD
:10EE100009FE00287FD00C207CBDFEF762FC10B9F3
:10EE2000FEF7F1FD90B306F0CDFF0028F3D1FEF719
:10EE3000D6FBA0F57F41FF39EDD1FEF7D6FCA688C1
:10EE400042F210704643A079FEF79CFDFEF7CDFD1F
:10EE5000F8B10022062101A801F002F9040058D0FF
:10EE6000F7480021846020460AF01EF92046FEF78C
:10EE7000EDFEF44D04F13000AA89E989C2830184D2
:10EE8000FEF7CCFD60B1288A01210DE0FFE71220DA
:10EE90007CBD3146002006F0FEFD88B3FFDF44E074
:10EEA000FEF7BEFD0146288A06F090FE0146A062EC
:10EEB0000022204606F02BF9FEF7B0FD38B9FEF728
:10EEC000AFFD0246214601200AF0E3FAD0B1DD4A47
:10EED0002146163201200AF0DEFAE87A0090AB7A79
:10EEE000EA89A989208801F0A5F900B1FFDF20880F
:10EEF00006F019F83146204606F0CDFD00B1FFDFDF
:10EF000013E008E00621BDF8040001F0E9F800B1C3
:10EF1000FFDF09207CBD44B1208806F005F8208879
:10EF2000062101F0DDF800B1FFDF00207CBD0021EB
:10EF300048E770B50D46062101F0C0F8040003D083
:10EF400094F8930110B10AE0022070BD94F87D009E
:10EF5000142801D0152802D194F8E00108B10C2042
:10EF600070BD1022294604F5CA70FEF7E2F90120AF
:10EF700084F89301002070BD10B5062101F09EF8C1
:10EF800018B190F8931111B107E0022013E790F83F
:10EF90007D10142903D0152901D00C200BE7022184
:10EFA00080F89311002006E72DE9FC410D464BF651
:10EFB00080321221954213D895B1694600F051F97B
:10EFC00000280CD1019EB41C703627882A46394689
:10EFD00030460AF02AF82088B842F6D10020CDE564
:10EFE0000846CBE51CB504460088694600F039F9AF
:10EFF000002808D10199A378084691F82C20703197
:10F000009A4201D10C201CBD7F220A728A72002212
:10F01000CA72E17880F82D10217980F82E10A1783D
:10F0200080F82C1010461CBD1CB50C46694600F03B
:10F0300018F9002806D1019890F88C0000B1012041
:10F04000207000201CBD7CB50D461446694600F0BA
:10F0500008F9002805D1019890F82C00012801D06A
:10F060000C207CBD019890F87810297090F87900F8
:10F07000207000207CBD70B50D461646062101F0BB
:10F080001DF818B381880124C388428804EB410429
:10F09000AC4217D842F210746343A4106243B3FB2E
:10F0A000F2F2521E94B24FF4FA72944200D914460E
:10F0B000A54200D22C46491C641CB4FBF1F24A4321
:10F0C000521E91B290F8CC211AB901E0022070BD15
:10F0D00001843180002070BD10B50C46062100F07F
:10F0E000EDFF48B180F8FF4024B190F8FD1009B160
:10F0F00006F083FD00205EE602205CE6017899B10F
:10F10000417889B141881B290ED381881B290BD3F3
:10F11000C188022908D34B490268283941F8322FA7
:10F1200040684860002070471220704710B506F014
:10F130001EFD00203FE610B506F01CFD00203AE65B
:10F1400070B514460A46064600250121104606F011
:10F150003DFD002800D8284605460121304600F034
:10F160004EF806460121002000F049F8311801222E
:10F1700096318D4206D901F19600691AB1FBF0F083
:10F18000401C82B22280002070BD10B5044600F001
:10F1900050F808B10C200EE6601C09F08FFE2078B4
:10F1A00000F00100FEF7BAFA002004E610B50446AC
:10F1B000062000F021FF08B10C20FCE52078C007F4
:10F1C00010D00022607811460BF062F808B11220CE
:10F1D000F1E5A06808F073FD6078616808F078FDDB
:10F1E0000020E8E5002008F06AFD00210846F5E768
:10F1F00018B1022801D0012070470020704710B5D7
:10F20000012904D0022905D0FFDF2046D3E5C00044
:10F21000503001E080002C3084B2F6E710B506F0E3
:10F22000D1FD20B1FEF755FA08B10120C3E5002059
:10F23000C1E510B506F0C6FD002800D00120BAE5F2
:10F240007000002090060020416891F82C0191F890
:10F250008C1021B918B1042801D00120704700207A
:10F26000704710B50C46062100F028FF606018B109
:10F270000120207000209EE502209CE5416891F865
:10F28000FD20002A05D0002281F8FD20406806F00C
:10F29000B4BC704708B54FF6FF70ADF8000006E04B
:10F2A0000621BDF8000000F01BFF00B1FFDF0021C8
:10F2B0006846FFF73AF90028F2D008BD70B5144649
:10F2C0000546012200F00EF9002806D12146284605
:10F2D000BDE87040002200F005B970BDFB2803D8DE
:10F2E00040F64800814201D9112070470020704744
:10F2F0001B38E12806D2B1F5A47F03D344F2902055
:10F30000814201D912207047002070471FB58E49F5
:10F31000897ECA0702D10278192A0AD08A0702D444
:10F320000278182A24D0490739D40178122933D019
:10F3300035E04088ADF8000002A9FFF792FF00B168
:10F34000FFDF039810F8601F8DF8021040788DF8E9
:10F3500003000020ADF8040001B9FFDF9DF80300B1
:10F3600000B9FFDF6846FFF7A7F9D8B1FFDF19E062
:10F370004088ADF8000040F64800FB21ADF80400DD
:10F38000ADF80800ADF80210ADF806106846FFF7BA
:10F390006DFA38B1FFDF05E0007BC00702D0002026
:10F3A00004B008E50120FBE7F8B50646508914468D
:10F3B0000F4640B1B0F5004F05D20022A0781146AB
:10F3C0000AF066FF08B11220F8BDB86E394607F1A1
:10F3D000700530B1A07891F86E20904201D00C20D9
:10F3E000F8BD012081F86F00A07881F86E00606898
:10F3F00041F8680F608988802089A884002087F8F8
:10F400006F0020886946FFF715FCA88CBDF8001036
:10F41000081A00B2002804DD39463046FFF7F8FB31
:10F42000DDE70020F8BD38B504460078EF2841D864
:10F430006088ADF80000009800F061F888B361883A
:10F44000080708D4D4E90120824233D8202A31D3D6
:10F45000B0F5804F2ED8207B18B307282AD8607BC0
:10F4600028B1012803D0022801D0032822D14A075D
:10F4700003D4022801D0032805D1A07B08B10128BC
:10F4800018D1480707D4607D28B1012803D002288D
:10F4900001D003280ED1C806E07D03D5012809D18B
:10F4A00004E007E0012801D0032803D1E07E18B171
:10F4B000012801D0122038BD002038BD70B50C469F
:10F4C0000546FF2904D8FEF7A9FA18B11F2C01D967
:10F4D000122070BD2846FEF7C3F808B1002070BDA9
:10F4E000422070BD0AB1012200E00222024202D194
:10F4F000880802D109B1002070471120704780B2FE
:10F50000C1060BD401071CD481064FEAC07101D596
:10F51000B9B900E099B1800713D410E0410610D4C6
:10F5200081060ED4C1074FEA807104D0002902DBA6
:10F53000400704D405E0010703D4400701D40120AB
:10F5400070470020704700009006002030B5058805
:10F5500025F4004421448CB24FF4004194420AD275
:10F56000121B92B21B339A4201D2A94307E005F461
:10F570000041214303E0A21A92B2A9431143018042
:10F5800030BD0844083050434A31084480B27047C7
:10F5900070B51D4616460B46044629463046049A69
:10F5A000FFF7EFFF0646B34200D2FFDF282200211B
:10F5B0002046FDF7E8FE4FF6FF70A082283EB0B26D
:10F5C00065776080B0F5004F00D9FFDF618805F1F5
:10F5D0003C00814200D2FFDF60880835401B343890
:10F5E00080B220801B2800D21B2020800020A07722
:10F5F00070BD8161886170472DE9F05F0D46C1885B
:10F60000044600F12809008921F4004620F400484E
:10F6100000F063FB10B10020BDE8F09F4FF0000A3E
:10F620004FF0010BB0450CD9617FA8EB0600401AE2
:10F630000838854219DC09EB06000021058041806D
:10F640001AE06088617F801B471A083F0DD41B2F8A
:10F6500000DAFFDFBD4201DC294600E0B9B2681ADA
:10F660000204120C04D0424502DD84F817A0D2E750
:10F6700009EB06000180428084F817B0CCE770B532
:10F68000044600F12802C088E37D20F400402BB13D
:10F6900010440288438813448B4201D2002070BD7D
:10F6A00000258A4202D30180458008E0891A0904B6
:10F6B000090C418003D0A01D00F01FFB08E0637F10
:10F6C00000880833184481B26288A01DFFF73EFF0E
:10F6D000E575012070BD70B5034600F12804C588AA
:10F6E000808820F400462644A84202D100201882D7
:10F6F00070BD98893588A84206D3401B75882D1A9D
:10F700002044ADB2C01E05E02C1AA5B25C7F204497
:10F710003044401D0C88AC4200D90D809C8924B136
:10F72000002414700988198270BD0124F9E770B5AE
:10F73000044600F12801808820F400404518208A02
:10F74000002825D0A189084480B2A08129886A8830
:10F750001144814200D2FFDF2888698800260844CE
:10F76000A189884212D1A069807F2871698819B166
:10F77000201D00F0C2FA08E0637F2888083318448F
:10F7800081B26288201DFFF7E1FEA681268201205A
:10F7900070BD2DE9F041418987880026044600F1BB
:10F7A0002805B94219D004F10A0800BF21F400402D
:10F7B0002844418819B1404600F09FFA08E0637F71
:10F7C00000880833184481B262884046FFF7BEFEC5
:10F7D000761C6189B6B2B942E8D13046BDE8F08105
:10F7E0002DE9F04104460B4627892830A68827F4E6
:10F7F0000041B4F80A8001440D46B74201D100200F
:10F80000ECE70AB1481D106023B1627F691D1846FC
:10F81000FDF78FFD2E88698804F1080021B18A194F
:10F8200096B200F06AFA06E0637F6288083399199D
:10F8300089B2FFF78BFE474501D1208960813046B0
:10F84000CCE78188C088814201D101207047002027
:10F85000704701898088814201D1012070470020D2
:10F86000704770B58588C38800F1280425F40042EC
:10F8700023F4004114449D421AD08389058A5E19FD
:10F8800025886388EC18A64214D313B18B4211D398
:10F890000EE0437F08325C192244408892B2801AFD
:10F8A00080B22333984201D211B103E08A4201D1E0
:10F8B000002070BD012070BD2DE9F0478846C18849
:10F8C0000446008921F4004604F1280720F400458D
:10F8D00007EB060900F001FA002178BBB54204D914
:10F8E000627FA81B801A002503E06088627F801B6E
:10F8F000801A083823D4E28962B1B9F80020B9F837
:10F9000002303BB1E81A2177404518DBE0893844E2
:10F91000801A09E0801A217740450ADB607FE1897F
:10F920000830304439440844C01EA4F81280BDE8B1
:10F93000F087454503DB01202077E7E7FFE7618299
:10F940000020F4E72DE9F74F044600F12805C088B0
:10F95000884620F4004A608A05EB0A0608B1404553
:10F9600002D20020BDE8FE8FE08978B13788B6F872
:10F97000029007EB0901884200D0FFDF207F4FF0A3
:10F98000000B50EA090106D088B33BE00027A07FB6
:10F99000B9463071F2E7E18959B1607F29440830F6
:10F9A00050440844B4F81F1020F8031D94F82110A7
:10F9B0008170E28907EB080002EB0801E1813080E9
:10F9C000A6F802B002985F4650B1637F30880833D2
:10F9D000184481B26288A01DFFF7B8FDE78121E0DD
:10F9E000607FE18908305044294408442DE0FFE756
:10F9F000E089B4F81F102844C01B20F8031D94F8B8
:10FA00002110817009EB0800E28981B202EB080045
:10FA1000E081378071800298A0B1A01D00F06DF9DF
:10FA2000A4F80EB0A07F401CA077A07D08B1E088AC
:10FA3000A08284F816B000BFA4F812B084F817B002
:10FA400001208FE7E0892844C01B30F8031DA4F88B
:10FA50001F10807884F82100EEE710B5818800F14E
:10FA6000280321F400442344848AC288A14212D08E
:10FA7000914210D0818971B9826972B11046FFF745
:10FA8000E8FE50B91089283220F40040104419795A
:10FA90000079884201D1002010BD184610BD00F148
:10FAA0002803407F08300844C01E1060088808B949
:10FAB000DB1E136008884988084480B270472DE92E
:10FAC000F04100F12806407F1C460830904643185C
:10FAD00008884D88069ADB1EA0B1C01C80B29042F7
:10FAE00014D9801AA04200DB204687B298183A4603
:10FAF0004146FDF7F1FB002816D1E01B84B2B84463
:10FB0000002005E0ED1CADB2F61EE8E7101A80B249
:10FB10000119A94206D8304422464146BDE8F041C9
:10FB2000FDF7DABB4FF0FF3058E62DE9F04100F168
:10FB30002804407F1E460830904643180025088858
:10FB40004F88069ADB1E90B1C01C80B2904212D939
:10FB5000801AB04200DB304685B299182A464046EA
:10FB6000FDF7E7FB701B86B2A844002005E0FF1CF0
:10FB7000BFB2E41EEAE7101A80B28119B94206D872
:10FB8000211832464046FDF7D4FBA81985B2284615
:10FB900024E62DE9F04100F12804407F1E4608309C
:10FBA00090464318002508884F88069ADB1E90B1BE
:10FBB000C01C80B2904212D9801AB04200DB30469D
:10FBC00085B298182A464146FDF7B3FB701B86B2F2
:10FBD000A844002005E0FF1CBFB2E41EEAE7101AAB
:10FBE00080B28119B94206D8204432464146FDF719
:10FBF000A0FBA81985B22846F0E5401D704710B556
:10FC0000044600F12801C288808820F4004319448A
:10FC1000904206D0A28922B9228A12B9A28A9042C1
:10FC200001D1002010BD0888498831B1201D00F0A5
:10FC300064F800202082012010BD637F62880833B1
:10FC4000184481B2201DFFF781FCF2E70021C18139
:10FC500001774182C1758175704703881380C2891D
:10FC600042B1C28822F4004300F128021A440A601B
:10FC7000C08970470020704710B50446808AA0F5FF
:10FC80007F41FF3900D0FFDFE088A082E08900B12A
:10FC90000120A07510BD4FF6FF7181820021817592
:10FCA000704710B50446808AA0F57F41FF3900D126
:10FCB000FFDFA07D28B9A088A18A884201D1002059
:10FCC00010BD012010BD8188828A914201D1807DC2
:10FCD00008B1002070470120704720F4004221F451
:10FCE00000439A4207D100F4004001F400418842E9
:10FCF00001D0012070470020704730B504460088CD
:10FD00000D4620F40040A84200D2FFDF21884FF4C6
:10FD1000004088432843208030BD70B50C00054664
:10FD200009D0082C00D2FFDF1DB1A1B2286800F075
:10FD300044F8201D70BD0DB100202860002070BD6A
:10FD40000021026803E093881268194489B2002AEE
:10FD5000F9D100F032B870B500260D4604460829E6
:10FD600000D2FFDF206808B91EE0044620688188C1
:10FD7000A94202D001680029F7D181880646A9422C
:10FD800001D100680DE005F1080293B2002299420A
:10FD900009D32844491B02608180216809682160D9
:10FDA0000160206000E00026304670BD00230B603B
:10FDB0008A8002680A600160704700234360021D68
:10FDC000018102607047F0B50F46018840881546F2
:10FDD0000C181E46AC4200D3641B3044A84200D924
:10FDE000FFDFA019A84200D9FFDF3819F0BD2DE9C7
:10FDF000F041884606460188408815460C181F4683
:10FE0000AC4200D3641B3844A84200D9FFDFE0199C
:10FE1000A84200D9FFDF70883844708008EB0400E6
:10FE2000BDE8F0812DE9F041054600881E461746E1
:10FE3000841B8846BC4200D33C442C8068883044F4
:10FE4000B84200D9FFDFA019B84200D9FFDF6888A7
:10FE50003044688008EB0400E2E72DE9F0410688B1
:10FE60001D460446701980B2174688462080B84265
:10FE700001D3C01B20806088A84200D2FFDF701928
:10FE8000B84200D9FFDF6088401B608008EB0600A5
:10FE9000C6E730B50D460188CC18944200D3A41AA9
:10FEA0004088984200D8FFDF281930BD2DE9F04185
:10FEB000BF4D04469046A8780E46A04200D8FFDF0A
:10FEC00005EB8607786A50F8240000B1FFDFB868B8
:10FED000002816D0304600F032F90146B868FFF726
:10FEE0003AFF05000CD0786A072E40F8245000D362
:10FEF000FFDFB0484246294650F826302046984752
:10FF00002846BDE8F0812DE9F84305000C46009530
:10FF100024D00026E81C20F00300A84200D0FFDF18
:10FF2000DFF88C820027314688F8007088F801409D
:10FF300088F8024088F8034088F8044088F80540B3
:10FF400088F80640684600F003F900204246009910
:10FF5000C91C21F00301009116B10FE00126D9E779
:10FF600002EB80035962002106E000BFD3F824C0F1
:10FF70004CF82170491CC9B2A142F7D30099401C2A
:10FF800001EB8401C0B200910728E0D3481BBDE813
:10FF9000F88310B50446F1F774F908B1102010BDCC
:10FFA0002078834A618802EB800092780EE0436AF1
:10FFB00053F8213043B14A1C6280A180406A50F856
:10FFC0002100A060002010BD491C89B28A42EED8F1
:10FFD0006180052010BD70B505460C460846F1F756
:10FFE00050F908B1102070BD072D01D3072070BD56
:10FFF00025700020608070BD0EB56946FFF7EBFFED
:020000040001F9
:1000000000B1FFDF6846FFF7C4FF08B100200EBD56
:1000100001200EBD10B50446072800D3FFDF644859
:10002000005D10BD3EB5054600246946FFF7D3FFCD
:1000300018B1FFDF01E0641CE4B26846FFF7A9FFD6
:100040000028F8D02846FFF7E5FF001BC0B23EBDF0
:1000500057498978814201D9C0B27047FF20704763
:100060002DE9F04106291BD1514C00273B464FF6A4
:10007000FF7604EB810514F801C00AE0DC19D5F81D
:1000800024E0A4B25EF824E0BEF1000F04D05B1CB3
:100090009BB29C45F2D8344604802046B44201D13C
:1000A00000202EE7BDE8F04100E7A0F57F43FF3BCD
:1000B00001D0072901D300207047F7E6A0F57F4261
:1000C000FF3A0BD0072909D2394A9378834205D9E0
:1000D00002EB8101496A51F8200070470020704707
:1000E0002DE9F04104460D46A4F57F4143F202009C
:1000F000FF3902D0072D01D3072002E72C494FF02A
:1001000000088A78A242F8D901EB8506726A52F893
:100110002470002FF1D0274839461C3050F8252094
:1001200020469047716A284641F8248000F007F87D
:1001300002463946B068FFF739FE0020E1E61D4966
:10014000383131F810004FF6FC71C01C0840704780
:100150002DE9F843164E8846054600242868C01C41
:1001600020F0030028602046FFF7E9FF315D484397
:10017000B8F1000F01D0002200E02A680146009289
:1001800032B100274FEA0D00FFF7C7FD1FB106E0AF
:1001900001270020F8E706EB8401009A8A602968AD
:1001A000641C0844E4B22860072CD7D3EFE60000B3
:1001B000AC060020D4B1010070B50E461D461146B4
:1001C00000F0D5F804462946304600F0D9F820441E
:1001D000001D70BD2DE9F04190460D4604004FF022
:1001E000000610D00027E01C20F00300A04200D041
:1001F000FFDFE5B141460020FFF78FFD0C3000EB3B
:10020000850617B113E00127EDE7624F04F10C00FA
:10021000AA003C602572606000EB85002060002130
:100220006068FDF7B0F841463868FFF776FD304664
:10023000BDE8F0812DE9FF4F564C804681B0206823
:100240009A46934600B9FFDF2068027A424503D9F7
:10025000416851F8280020B143F2020005B0BDE822
:10026000F08F5146029800F082F886B258460E99F7
:1002700000F086F885B27019001D87B22068A1468B
:1002800039460068FFF767FD04001FD067802580AE
:100290002946201D0E9D07465A4601230095FFF76B
:1002A00077F92088314638440123029ACDF800A01E
:1002B000FFF76EF92088C1193846FFF79AF9D9F887
:1002C00000004168002041F82840C7E70420C5E746
:1002D00070B5304C0546206800B9FFDF2068017A10
:1002E000A9420ED9426852F8251051B1002342F8B4
:1002F00025304A880068FFF759FD216800200A7AF6
:1003000008E043F2020070BD4B6853F8203033B967
:10031000401CC0B28242F7D80868FFF711FD0020E8
:1003200070BD70B51B4E05460024306800B9FFDF74
:100330003068017AA94204D9406850F8250000B11C
:10034000041D204670BD70B5124E0546002430686D
:1003500000B9FFDF3068017AA94206D9406850F839
:10036000251011B131F8040B4418204670BD10B5AA
:100370000A460121FFF705F9C01C20F0030010BD5B
:1003800010B50A460121FFF7FCF8C01C20F003005D
:1003900010BD00007C00002070B50446C2F11005BD
:1003A0002819FCF7C6FF15F0FF0109D0491ECAB293
:1003B0008020A0542046BDE870400021FCF7E3BF38
:1003C00070BD30B505E05B1EDBB2CC5CD55C6C402B
:1003D000C454002BF7D130BD10B5002409E00B78D0
:1003E000521E44EA430300F8013B11F8013BD2B22C
:1003F000DC09002AF3D110BD2DE9F04389B01E4677
:10040000DDE9107990460D00044622D002460846E8
:10041000F949FEF71EFB102221463846FFF7DCFFA4
:10042000E07B000606D5F44A394610231032084610
:10043000FFF7C7FF102239464846FFF7CDFFF87B8C
:10044000000606D5EC4A4946102310320846FFF74D
:10045000B8FF102200212046FCF795FF0DE0103E6A
:10046000B6B208EB0601102322466846FFF7A9FF43
:10047000224628466946FEF7ECFA102EEFD818D02F
:10048000F2B241466846FFF787FF10234A466946A5
:1004900004A8FFF796FF1023224604A96846FFF739
:1004A00090FF224628466946FEF7D3FA09B0BDE818
:1004B000F08310233A464146EAE770B59CB01E46E9
:1004C0000546134620980C468DF808002022194650
:1004D0000DF10900FCF72DFF202221460DF1290026
:1004E000FCF727FF17A913A8CDE90001412302AAB1
:1004F00031462846FFF780FF1CB070BD2DE9FF4F45
:100500009FB014AEDDE92D5410AFBB49CDE90076A4
:10051000202320311AA8FFF76FFF4FF000088DF855
:1005200008804FF001098DF8099054F8010FCDF8BB
:100530000A00A088ADF80E0014F8010C1022C0F3D8
:1005400040008DF8100055F8010FCDF81100A88873
:10055000ADF8150015F8010C2C99C0F340008DF88A
:10056000170006A88246FCF7E4FE0AA8834610227C
:100570002299FCF7DEFEA0483523083802AA40681D
:100580008DF83C80CDE900760E901AA91F98FFF7F0
:1005900033FF8DF808808DF809902068CDF80A00A7
:1005A000A088ADF80E0014F8010C1022C0F3400032
:1005B0008DF810002868CDF81100A888ADF8150056
:1005C00015F8010C2C99C0F340008DF81700504627
:1005D000FCF7AFFE584610222299FCF7AAFE864887
:1005E0003523083802AA40688DF83C90CDE90076A2
:1005F0000E901AA92098FFF7FFFE23B0BDE8F08FF8
:10060000F0B59BB00C460546DDE922101E461746A4
:10061000DDE92032D0F801C0CDF808C0B0F805C03F
:10062000ADF80CC00078C0F340008DF80E00D1F892
:100630000100CDF80F00B1F80500ADF813000878FF
:100640001946C0F340008DF815001088ADF816006B
:1006500090788DF818000DF119001022FCF769FE52
:100660000DF1290010223146FCF763FE0DF139002F
:1006700010223946FCF75DFE17A913A8CDE9000149
:10068000412302AA21462846FFF7B6FE1BB0F0BD63
:10069000F0B5A3B017460D4604461E46102202A828
:1006A0002899FCF746FE06A820223946FCF741FEB1
:1006B0000EA820222946FCF73CFE1EA91AA8CDE967
:1006C0000001502302AA314616A8FFF795FE16989E
:1006D000206023B0F0BDF0B589B00446DDE90E0717
:1006E0000D463978109EC1F340018DF80010317825
:1006F0009446C1F340018DF801101968CDF802103D
:100700009988ADF8061099798DF808100168CDF830
:1007100009108188ADF80D1080798DF80F00102335
:100720006A46614604A8FFF74CFE2246284604A903
:10073000FEF78FF9D6F801000090B6F80500ADF885
:100740000400D7F80100CDF80600B7F80500ADF8B1
:100750000A000020039010236A46214604A8FFF7F0
:1007600030FE2246284604A9FEF773F909B0F0BD11
:100770001FB51C6800945B6801931368029352686C
:100780000392024608466946FEF763F91FBD10B59D
:1007900088B00446106804905068059000200690C8
:1007A000079008466A4604A9FEF753F9BDF8000011
:1007B000208008B010BD1FB51288ADF800201A883F
:1007C000ADF80220002201920292039202460846EE
:1007D0006946FEF73EF91FBD7FB5074B1446054637
:1007E000083B9A1C6846FFF7E6FF22466946284602
:1007F000FFF7CDFF7FBD000022B2010070B50446B7
:1008000000780E46012813D0052802D0092813D1FC
:100810000EE0A06861690578042003F07FFA052DD9
:100820000AD0782300220420616903F0CDF903E0A7
:100830000420616903F072FA31462046BDE8704039
:1008400001F08AB810B500F12D03C2799C78411DE2
:10085000144064F30102C271D2070DD04A795C7969
:1008600022404A710A791B791A400A718278C97844
:100870008A4200D9817010BD00224A71F5E74178A3
:10088000012900D00C21017070472DE9F04F93B081
:100890004FF0000B0C690D468DF820B00978012649
:1008A0000C2017464FF00D084FF0110A4FF00809C1
:1008B0001B2975D2DFE811F01B00C40207031F03D8
:1008C0005E037103A303B803F9031A0462049504D9
:1008D000A204EF042D05370555056005F30536061E
:1008E000390668068406FE062207EB06F00614B1F8
:1008F00020781D282AD0D5F808805FEA08004FD05C
:1009000001208DF82000686A02220D908DF82420C5
:100910000A208DF82500A8690A90A8880028EED042
:1009200098F8001091B10F2910D27DD2DFE801F0C4
:100930007C1349DEFCFBFAF9F8F738089CF6F50061
:1009400002282DD124B120780C2801D00026F0E314
:100950008DF82020CBE10420696A03F0DFF9A88834
:100960000728EED1204600F0F2FF022809D02046E9
:1009700000F0EDFF032807D9204600F0E8FF072824
:1009800002D20120207004E0002CB8D02078012889
:10099000D7D198F80400C11F0A2902D30A2061E0C8
:1009A000C4E1A070D8F80010E162B8F80410218604
:1009B00098F8060084F83200012028700320207087
:1009C00044E00728BDD1002C99D020780D28B8D15B
:1009D00098F8031094F82F20C1F3C000C2F3C002AE
:1009E000104201D0062000E00720890707D198F8BF
:1009F00005100142D2D198F806100142CED194F8E8
:100A0000312098F8051020EA02021142C6D194F86C
:100A1000322098F8061090430142BFD198F80400A4
:100A2000C11F0A29BAD200E008E2617D81427CD868
:100A3000D8F800106160B8F80410218198F8060019
:100A4000A072012028700E20207003208DF8200055
:100A5000686A0D9004F12D000990601D0A900F3016
:100A60000B9022E12875FCE3412891D1204600F04B
:100A70006EFF042802D1E078C00704D1204600F0C0
:100A800066FF0F2884D1A88CD5F80C8080B24FF077
:100A9000400BE669FFF745FC324641465B464E4651
:100AA000CDF80090FFF741F80B208DF82000686A20
:100AB0000D90E0690990002108A8FFF79FFE2078BB
:100AC000042806D0A07D58B1012809D003280AD0F7
:100AD0004AE305202070032028708DF82060CEE1C5
:100AE00084F800A032E712202070EAE11128BCD17E
:100AF000204600F02CFF042802D1E078C00719D06E
:100B0000204600F024FF062805D1E078C00711D167
:100B1000A07D02280ED0204608E0CCE084E072E1FF
:100B200051E124E103E1E9E019E0B0E100F00FFF59
:100B300011289AD1102208F1010104F13C00FCF7C0
:100B4000F8FB607801286ED012202070E078C00792
:100B500060D0A07D0028C8D00128C6D05AE0112856
:100B600090D1204600F0F3FE082804D0204600F083
:100B7000EEFE132886D104F16C00102208F1010169
:100B80000646FCF7D6FB207808280DD014202070EC
:100B9000E178C8070DD0A07D02280AD06278022A29
:100BA00004D00328A1D035E00920F0E708B10128DE
:100BB00037D1C80713D0A07D02281DD00020009097
:100BC000D4E9062133460EA8FFF777FC10220EA9C0
:100BD00004F13C00FCF780FBC8B1042042E7D4E9F3
:100BE0000912201D8DE8070004F12C0332460EA8DF
:100BF000616BFFF770FDE9E7606BC1F34401491ECB
:100C00000068C84000F0010040F08000D7E720787D
:100C1000092806D185F800908DF8209036E32870D9
:100C2000EFE30920FBE79EE1112899D1204600F06F
:100C30008EFE0A2802D1E078C00704D1204600F0D9
:100C400086FE15288CD104F13C00102208F1010128
:100C50000646FCF76EFB20780A2816D01620207076
:100C6000D4E90932606B611D8DE80F0004F15C036B
:100C700004F16C0247310EA8FFF7C2FC10220EA946
:100C80003046FCF729FB18B1F9E20B20207073E223
:100C90002046FFF7D7FDA078216AC0F110020B189B
:100CA00000211846FCF76FFB26E3394608A8FFF73A
:100CB000A5FD06463CE20228B7D1204600F047FEDB
:100CC000042804D3204600F042FE082809D3204619
:100CD00000F03DFE0E2829D3204600F038FE1228F1
:100CE00024D2A07D0228A0D10E208DF82000686AB1
:100CF0000D9098F801008DF82400F5E3022894D1B6
:100D0000204600F024FE002810D0204600F01FFEF0
:100D10000128F9D0204600F01AFE0C28F4D0042057
:100D20008DF8240098F801008DF8250060E2112864
:100D3000FCD1002CFAD020781728F7D16178606AAE
:100D4000022912D05FF0000101EB4101182606EBE9
:100D5000C1011022405808F10101FCF7EAFA042011
:100D6000696A00F0E7FD2670F0E50121ECE70B2849
:100D7000DCD1002CDAD020781828D7D16078616ACD
:100D800002281CD05FF0000000EB4002102000EBB6
:100D9000C2000958B8F8010008806078616A02282A
:100DA0000FD0002000EB4002142000EBC2000958D5
:100DB000404650F8032F0A604068486039E001203F
:100DC000E2E70120EEE71128B0D1002CAED0207868
:100DD0001928ABD16178606A022912D05FF0000156
:100DE00001EB41011C2202EBC1011022405808F125
:100DF0000101FCF79EFA0420696A00F09BFD1A20AD
:100E0000B6E00121ECE7082890D1002C8ED02078A4
:100E10001A288BD1606A98F80120017862F34701A3
:100E20000170616AD8F8022041F8012FB8F8060075
:100E300088800420696A00F07DFD90E2072011E6B9
:100E40003878012894D1182204F114007968FCF74D
:100E500070FAE079C10894F82F0001EAD001E07837
:100E600061F30000E070217D002974D1217803290D
:100E700009D0C00725D0032028708DF82090686A1B
:100E80000D90412008E3607DA178884201D90620B9
:100E9000E8E502262671E179204621F0E001E171C2
:100EA000617A21F0F0016172A17A21F0F001A17262
:100EB000FFF7C8FC2E708DF82090686A0D9007200F
:100EC000EAE20420ABE6387805289DD18DF82000B1
:100ED000686A0D90B8680A900720ADF824000A9857
:100EE0008DF830B06168016021898180A17A8171BB
:100EF00004202070F8E23978052985D18DF820107A
:100F0000696A0D91391D09AE0EC986E80E004121AE
:100F1000ADF824108DF830B01070A88CD7F80C8084
:100F200080B24026A769FFF70EFA41463A4633469B
:100F3000C846CDF80090FEF72CFE002108A8FFF768
:100F40005DFCE07820F03E00801CE07020780528F1
:100F500002D00F200CE04AE1A07D20B1012802D090
:100F6000032802D002E10720BEE584F80080EDE40A
:100F70002070EBE4102104F15C0002F0E8FB606BF0
:100F8000B0BBA07D18B1012801D00520FDE00620EE
:100F90002870F8486063A063C2E23878022894D1D0
:100FA000387908B12875B7E3A07D022802D003285C
:100FB00005D022E0B8680028F5D060631CE06078B6
:100FC000012806D0A07994F82E10012805D0E94810
:100FD00006E0A17994F82E00F7E7B8680028E2D07F
:100FE0006063E078C00701D0012902D0E14803E046
:100FF00003E0F8680028D6D0A06306200FE68DF83D
:101000002090696A0D91E1784846C90709D0617856
:10101000022903D1A17D29B1012903D0A17D032992
:1010200000D00720287033E138780528BBD120781C
:1010300007281ED084F800A005208DF82000686ADB
:101040000D90B8680A90ADF824A08DF830B0032157
:101050000170E178CA070FD0A27D022A1AD00021C0
:101060000091D4E9061204F15C03401CFFF725FA55
:101070006BE384F80090DFE7D4E90923211D8DE8B4
:101080000E0004F12C0304F15C02401C616BFFF7BD
:1010900022FB5AE3626BC1F34401491E1268CA4045
:1010A00002F0010141F08001DAE738780528BDD16E
:1010B0008DF82000686A0D90B8680A90ADF824A0F9
:1010C0008DF830B0042100F8011B102204F15C01FE
:1010D000FCF72FF9002108A8FFF790FB20780928DA
:1010E00001D0132044E70A2020709AE5E078C10778
:1010F00042D0A17D012902D0022927D038E06178B1
:1011000008A8012916D004F16C010091D4E9061257
:1011100004F15C03001DFFF7BBFA0A2028700326C8
:101120008DF82080686A0D90002108A8FFF766FB03
:10113000E1E2C7E204F15C010091D4E9062104F187
:101140006C03001DFFF7A4FA0026E9E7C0F3440191
:1011500014290DD24FF0006101EBB0104FEAB060DE
:10116000E0706078012801D01020BDE40620FFE681
:10117000607801283FF4B6AC0A2050E5E178C90751
:1011800008D0A17D012903D10B202870042030E074
:1011900028702EE00E2028706078616B012818D02E
:1011A00004F15C0304F16C020EA8FFF7E1FA20469B
:1011B000FFF748FBA0780EAEC0F1100230440021CA
:1011C000FCF7E1F806208DF82000686A09960D907A
:1011D0009BE004F16C0304F15C020EA8FFF7C8FA6F
:1011E000E8E73978022903D139790029D0D0297567
:1011F00092E28DF82000686A0D9056E5387807284D
:10120000F6D1D4E909216078012808D004F16C00F6
:10121000CDE90002029105D104F16C0304E004F170
:101220005C00F5E704F15C0304F14C007A680646C3
:10123000216AFFF763F96078012822D1A078216A3A
:10124000C0F110020B1800211846FCF79CF8D4E9F5
:101250000923606B04F12D018DE80F0004F15C039C
:1012600000E05BE204F16C0231460EA8FFF7C8F91A
:1012700010220EA904F13C00FCF72EF808B10B2057
:10128000ACE485F8008000BF8DF82090686A0D906E
:101290008DF824A009E538780528A9D18DF820001B
:1012A000686A0D90B8680A90ADF824A08DF830B047
:1012B00080F80080617801291AD0D4E9092104F16D
:1012C0002D03A66B03910096CDE9013204F16C0366
:1012D00004F15C0204F14C01401CFFF791F900217C
:1012E00008A8FFF78BFA6078012805D015203FE6A3
:1012F000D4E90912631DE4E70E20287006208DF85A
:101300002000686ACDF824B00D90A0788DF82800F0
:10131000CBE438780328C0D1E079C00770D00F2023
:101320002870072065E7387804286BD11422391D0E
:1013300004F11400FBF7FDFF616A208CA1F809009D
:10134000616AA078C871E179626A01F003011172E3
:10135000616A627A0A73616AA07A81F824001620B1
:101360005DE485F800A08DF82090696A50460D91E3
:1013700092E0000022B201003878052842D1B86816
:10138000A8616178606A022901D0012100E0002192
:1013900001EB4101142606EBC1014058082102F07F
:1013A000D6F96178606A022901D0012100E00021AC
:1013B00001EB410106EBC101425802A8E169FFF7C8
:1013C0000BFA6078626A022801D0012000E0002058
:1013D00000EB4001102000EBC1000223105802A9CD
:1013E0000932FEF7EEFF626AFD4B0EA80932A169D1
:1013F000FFF7E1F96178606A022904D0012103E076
:1014000044E18DE0BFE0002101EB4101182606EB2D
:10141000C101A27840580EA9FBF78BFF6178606A82
:10142000022901D0012100E0002101EB410106EB7E
:10143000C1014158A0780B18C0F1100200211846D4
:10144000FBF7A1FF05208DF82000686A0D90A869C0
:101450000A90ADF824A08DF830B0062101706278B2
:10146000616A022A01D0012200E0002202EB42025E
:1014700006EBC202401C89581022FBF75AFF0021DC
:1014800008A8FFF7BBF91220C5F818B028708DF82E
:101490002090686A0D900B208DF8240005E43878C0
:1014A000052870D18DF82000686A0D90B8680A9000
:1014B0000B20ADF824000A98072101706178626A58
:1014C000022901D0012100E0002101EB410310219C
:1014D00001EBC30151580988A0F801106178626AD4
:1014E000022902D0012101E02FE1002101EB41039B
:1014F000142101EBC30151580A6840F8032F4968D1
:10150000416059E01920287001208DF8300074E600
:10151000162028708DF830B0002108A8FFF76EF96A
:10152000032617E114202870AEE6387805282AD162
:101530008DF82000686A0D90B8680A90ADF824A074
:101540008DF830B080F800906278616A4E46022AC9
:1015500001D0012200E0002202EB42021C2303EB37
:10156000C202401C89581022FBF7E3FE002108A8A4
:10157000FFF744F9152028708DF82060686A0D90F7
:101580008DF8246039E680E0387805287DD18DF823
:101590002000686A0D90B8680A90ADF8249009217F
:1015A00001706169097849084170616951F8012F3A
:1015B000C0F802208988C18020781C28A8D1A1E722
:1015C000E078C00702D04FF0060C01E04FF0070CA6
:1015D000607802280AD000BF4FF0000000EB040141
:1015E00001F1090105D04FF0010004E04FF00100C6
:1015F000F4E74FF000000B78204413EA0C030B7063
:1016000010F8092F02EA0C02027004D14FF01B0CF3
:1016100084F800C0D2B394F801C0BCF1010F00D02F
:101620009BB990F800C0E0465FEACC7C04D028F07B
:1016300001060670102606E05FEA887C05D528F0D2
:101640000206067013262E70032694F801C0BCF122
:10165000020F00D092B991F800C05FEACC7804D0B4
:101660002CF001060E70172106E05FEA8C7805D594
:101670002CF002060E701921217000260078D0BBD4
:10168000CAB3C3BB1C20207035E012E002E03878FA
:10169000062841D11A2015E4207801283CD00C28D6
:1016A0003AD02046FFF7EBF809208DF82000686A51
:1016B0000D9031E03878052805D0062038700326D3
:1016C0001820287046E005208DF82000696A0D91E9
:1016D000B9680A910221ADF8241001218DF830106B
:1016E0000A990870287D4870394608A8FFF786F8DF
:1016F000064618202870012E0ED02BE001208DF810
:101700002000686A0D9003208DF82400287D8DF854
:10171000250085F814B012E0287D80B11D202070CE
:10172000172028708DF82090686A0D9002208DF89F
:101730002400394608A8FFF761F806460AE00CB114
:10174000FE2020709DF8200020B1002108A8FFF79E
:1017500055F80CE413B03046BDE8F08F2DE9F043A6
:1017600087B00C464E6900218DF8041001202578C1
:10177000034602274FF007094FF0050C85B1012DF4
:1017800053D0022D39D1FE2030708DF80030606AC0
:10179000059003208DF80400207E8DF8050063E09D
:1017A0002179012925D002292DD0032928D0042907
:1017B00023D1B17D022920D131780D1F042D04D30E
:1017C0000A3D032D01D31D2917D12189022914D3E4
:1017D0008DF80470237020899DF80410884201E080
:1017E0001AB2010018D208208DF80000606A059036
:1017F00057E070780128EBD0052007B0BDE8F083F2
:101800001D203070E4E771780229F5D131780C2978
:10181000F3D18DF80490DDE7083402F804CB94E8A6
:101820000B0082E80B000320E7E71578052DE4D1D3
:101830008DF800C0656A0595956802958DF81010C1
:1018400094F80480B8F1010F13D0B8F1020F2DD035
:10185000B8F1030F1CD0B8F1040FCED1ADF804706D
:101860000E202870207E687000216846FEF7C6FFB3
:101870000CE0ADF804700B202870207E002100F0F1
:101880001F0068706846FEF7B9FF37700020B4E7A4
:10189000ADF804708DF8103085F800C0207E6870B7
:1018A000277011466846FEF7A9FFA6E7ADF8049039
:1018B0002B70207F6870607F00F00100A870A07F0F
:1018C00000F01F00E870E27F2A71C0071CD094F876
:1018D000200000F00700687194F8210000F0070074
:1018E000A87100216846FEF789FF2868F062A88881
:1018F0003086A87986F83200A0694078707528791A
:10190000B0700D203070C1E7A9716971E9E700B5C9
:1019100087B004280CD101208DF800008DF8040058
:10192000002005918DF8050001466846FEF766FF28
:1019300007B000BD70B50C46054602F0EFF9214630
:101940002846BDE870407823002202F03DB908B176
:10195000007870470C20704770B50C0005784FF088
:1019600000010CD021702146F1F757FC694821781D
:10197000405D884201D1032070BD022070BDF1F7A7
:101980004CFC002070BD0279012A05D000220A70AB
:101990004B78012B02D003E0042070470A758A615E
:1019A00002799300521C0271C15003207047F0B5B8
:1019B00087B00F4605460124287905EB800050F8D2
:1019C000046C7078411E02290AD252493A460839FD
:1019D00001EB8000314650F8043C28469847044605
:1019E0000CB1012C11D12879401E10F0FF00287194
:1019F00001D00324E0E70A208DF80000706A05900A
:101A0000002101966846FFF7A7FF032CD4D007B04A
:101A10002046F0BD70B515460A46044629461046D4
:101A2000FFF7C5FF064674B12078FE280BD1207C55
:101A300030B100202870294604F10C00FFF7B7FFF1
:101A40002046FEF71CFF304670BD704770B50E464D
:101A500004467C220021FBF796FC0225012E03D0D0
:101A6000022E04D0052070BD0120607000E065707A
:101A70002046FEF704FFA575002070BD28B1027C4A
:101A80001AB10A4600F10C01C4E70120704710B5F5
:101A9000044686B0042002F041F92078FE2806D0E2
:101AA00000208DF8000069462046FFF7E7FF06B0EA
:101AB00010BD7CB50E4600218DF804104178012937
:101AC00003D0022903D0002405E0046900E0446942
:101AD0000CB1217C89B16D4601462846FFF753FFC2
:101AE000032809D1324629462046FFF793FF9DF887
:101AF0000410002900D004207CBD04F10C05EBE7A4
:101B000030B40C460146034A204630BC024B0C3A26
:101B1000FEF751BE60B201001AB2010070B50D4669
:101B2000040012D08DB1220100212846FBF72BFCC6
:101B3000102255492846FBF7FCFB53480121083881
:101B4000018044804560002070BD012070BD70B5EB
:101B50004D4E00240546083E10E07068AA7B00EB5D
:101B60000410817B914208D1C17BEA7B914204D170
:101B70000C222946FBF7B0FB30B1641C308884424C
:101B8000EBDB4FF0FF3070BD204670BD70B50D46E9
:101B9000060006D02DB1FFF7DAFF002803DB401C5A
:101BA00014E0102070BD384C083C20886288411C2D
:101BB000914201D9042070BD6168102201EB001030
:101BC0003146FBF7B6FB2088401C2080287000209F
:101BD00070BD2D480838008870472B49083908889F
:101BE000012802D0401E08800020704770B51446BE
:101BF0000D0018D0BCB10021A170022802D010281D
:101C000011D105E0288870B10121A170108008E091
:101C10002846FFF79CFF002805DB401CA070A88920
:101C20002080002070BD012070BD70B505461446AF
:101C30000E000BD000203070A878012808D005D9FC
:101C40001149A1F108010A8890420AD9012070BD0A
:101C500024B1287820702888000A5070022008706B
:101C60000FE064B14968102201EB001120461039E1
:101C7000FBF75FFB287820732888000A6073102028
:101C80003070002070BD0000880000202DE9F04178
:101C900090460C4607460025C2EB4811FE48072F28
:101CA00000EB410607D2DFE807F007070707040447
:101CB0000400012500E0FFDF06F81470002D13D0AA
:101CC000F5487C3000EB880191F827001F2803D0ED
:101CD00006EB4000447001E081F8264006EB440228
:101CE0001F20507081F82740BDE8F081F0B51F46F5
:101CF00014460E4605461F2A00D1FFDFE648C7EB13
:101D0000471100EB410CE4490CEB44007C3101EB42
:101D100087021F2E07D00CEB460140784B784870A5
:101D200018461F210AE092F82530407882F82500F5
:101D3000F6E701460CEB410005704078A142F8D16E
:101D400092F827401F2C03D00CEB4404637001E091
:101D500082F826300CEB41041F23637082F82710B1
:101D6000F0BD30B50D46CD4B44190022181A72EB68
:101D7000020100D2FFDFCA48854200DDFFDFC8480C
:101D80004042854200DAFFDFC448401C844207DA43
:101D9000002C01DB204630BDC048401C201830BD5F
:101DA000BE48C043FAE710B504460168407ABD4A10
:101DB00052F82020114450B10220084420F07F4006
:101DC000F8F759FD94F90810BDE81040C9E7042060
:101DD000F3E72DE9F047B04E7C3696F82D50DFF84A
:101DE000B89206EB850090F8264036E0C5EB451129
:101DF00009EB41074FF0070817F81400012806D037
:101E000004282ED005282ED0062800D0FFDF01F0B0
:101E100045F9014607EB4400427806EB850080F85F
:101E2000262090F82720A24202D11F2280F82720E6
:101E3000084601F03EF92A4621460120FFF726FF19
:101E40009948414600EB041002682046904796F8F6
:101E50002D5006EB850090F826401F2CC6D1BDE81A
:101E6000F087022000E003208046D0E710B58A4CBE
:101E70001F217C3484F8251084F8261084F827105C
:101E8000002084F8280084F82D0084F82E10411ECC
:101E9000A16044F8100B2074607420736073A07309
:101EA0008249E07720750870487000217A4A103C1A
:101EB00002F81100491CC9B21F29F9D30120F8F713
:101EC000CAFB0020F8F7C7FB012084F82200F9F7CD
:101ED00037F87748F9F749F8744CA41E2070754814
:101EE000F9F743F86070BDE81040F8F741BB10B552
:101EF000F8F763FB6D4CA41E2078F9F74FF8607873
:101F0000F9F74CF8BDE8104001F000B91F20704708
:101F10000020F8F779BB70B5054601240E46AC40A9
:101F20005AB1FFF7F5FF0146634800EBC500C0F862
:101F30001015C0F81465614801E06048001D046098
:101F400070BD2DE9F34F544D00247C3505EB810A1B
:101F500089B09AF825001F2823D0611E02915249AA
:101F6000009401EB0017391D03AB07C983E8070094
:101F700005F11400A0460189ADF81C10807A8DF897
:101F80001E009DF81500C8B10226464951F82040B0
:101F90000399A219114421F07F41019184B10221DA
:101FA0000FE00120F8F757FB0020F8F754FBF8F793
:101FB00022FB01F0ABF885F82F40A9E00426E4E706
:101FC00000218DF81810022801D0012820D1039893
:101FD00001190998081A801C9DF81C1020F07F40F8
:101FE00001B10221353181420BD203208DF8150059
:101FF0000398C4F13201401A20F07F40322403904C
:102000000CE095F8240018B901F063FA002863D0B9
:10201000322C03D214B101F06DF801E001F076F832
:10202000224A107818B393465278039B121B002162
:102030009DF81840994601281AD0032818D000208E
:102040008DF81E00002A04DD981A039001208DF8F7
:1020500018009DF81C0000B102210398184A20F0D6
:102060007F40039003AB099801F05CF810B110E0D9
:102070000120E5E79DF81D0018B99BF80000032832
:1020800029D08DF81C80CDF80C908DF818408DF873
:102090001E809DF8180015E0DC080020FF7F841EDC
:1020A0000020A10770B20100EC0600209A00002079
:1020B000773A0100D31D010000F0014004F5014012
:1020C000FFFF3F0058B103980123811900221846F1
:1020D000F8F714FB06E000200BB0BDE8F08F0120FC
:1020E000F8F7B9FA97F90C20012300200199F8F7C5
:1020F00005FBF87BC00701D0F8F7E9FB012085F864
:102100002F008AF8288020226946FE48FBF711F943
:102110000120E1E72DE9F05FDFF8E883064608EBF0
:10212000860090F825501F2D21D0A8F17C01C6EB28
:1021300046102C4601EB4007A1F5F879DFF8C8B34B
:1021400005E0A24607EB4A0044781F2C0AD0F8F7B6
:1021500020FB09EB04135A4601211B1D00F0E2FF8E
:102160000028EED0AC4202D0334652461EE0E7488B
:1021700008B1AFF30080F8F70CFB98F82F206AB194
:10218000D8F80C20411C891A0902CA1701EB126108
:102190000912002902DD0020BDE8F09F3146FFF75B
:1021A000D0FE08B10120F7E733462A461F2104205C
:1021B000FFF79CFDEFE72DE9F041D24C2569F8F7D8
:1021C000E8FA401B0002C11700EB1160001200D4B6
:1021D000FFDF94F8220000B1FFDF012784F82270AE
:1021E00094F82E001F2800D1FFDF94F82E601F20E6
:1021F00084F82E00002584F82F5084F8205084F8AD
:102200002150C34825600078022835D0032833D0F8
:1022100000202077A068401C05D04FF0FF30A06060
:102220000120F8F718FA0020F8F715FAF8F711FB73
:10223000F8F709FBF8F7DFF908F0C6F8B5480560CC
:1022400005604FF0E0214FF40040B846C1F880022D
:10225000F0F7B5FE94F82D703846FFF75BFF0028C5
:10226000FAD0A849C7EB47107C3901EB400010F8C1
:102270001600022802D006E00120CAE73A4631469D
:102280000620FFF703FD84F8238004EB870090F815
:1022900026001F2804D09E48801E4078F8F784FE50
:1022A000207F002803D0F8F7C4FA257765771BE56F
:1022B000944910B591F82D20924B0024C2EB4211A5
:1022C0007C3B03EB410100BF11F814302BB1641CBF
:1022D000E4B21F2CF8D31F2010BD8F4901EB04116D
:1022E00008600020C87321460120FFF7CFFC20467C
:1022F00010BD10B5012801D0032800D181B3814A57
:1023000092F82D307F4C0022C3EB43137C3C04EB4E
:10231000430300BF13F812400CB1082010BD521C3B
:10232000D2B21F2AF6D37A4A48B1022807D0072929
:1023300017D2DFE801F01606080A0C0E1000002183
:102340000AE01B2108E03A2106E0582104E0772149
:1023500002E0962100E0B52151701070002010BD00
:10236000FFE70720FBE76A4810B54078F8F783FAE3
:1023700080B2F4E710B51F2815D2624991F82D20DC
:10238000C2EB4213A1F17C0202EB430414F81030BB
:102390004BB191F82D30C3EB431302EB430212F81B
:1023A0001020012A01D00020D9E791F82D20014604
:1023B0000020FFF76BFC0120D1E710B5F8F7E9F931
:1023C000BDE81040F8F757BA2DE9F0410E464D4FE1
:1023D00001781F257C3FC3EB43130C4607EB4303F7
:1023E00003E0254603EB45046478944202D01F2C99
:1023F000F7D108E01F2C06D0A14206D103EB410122
:102400004978017007E000206EE403EB440003EB21
:10241000450140784870414F7EB127B1002140F21C
:102420002D40AFF300803078A04206D127B10021C3
:102430004FF48660AFF30080357027B1002140F281
:102440003540AFF3008001204EE410B542680B68C0
:102450009A1A1202D41702EB1462121216D4497A95
:1024600091B1427A82B92E4A006852F8211012685E
:1024700019441044001D891C081A0002C11700EB02
:1024800011600012322801DB012068E7002066E7B6
:102490002DE9F0478146204EC1EB411006F5F87159
:1024A0009846144601EB400713E000BF06EB041505
:1024B000291D4846FFF7C9FF68B988F80040A97B85
:1024C00099F80A00814201D80020C8E407EB4400D3
:1024D00044781F2CEAD10120C1E42DE9F04782465F
:1024E00008480E4600EB8600DFF82C8090F8254067
:1024F0001F201070C1EB46109946154608F5F8717B
:1025000010E0000058090020FFFF3F00000000001D
:102510009A00002000F50040EC06002000000000BA
:1025200070B2010001EB40070BE000BF08EB0410A4
:102530005146001DFFF789FF28B107EB44002C70BE
:1025400044781F2CF2D1297889F800104B46224696
:1025500031465046BDE8F0479AE72DE9FC410E466A
:1025600007460024FE4D08E09DF8000005EB001032
:102570008168384600F0EAFD01246B4601AA314625
:102580003846FFF7AAFF0028EED02046BDE8FC81C0
:1025900070B50446C0EB44110125F248A54300EB99
:1025A0004101C5EB451200EB42003E22FAF7C1FEA5
:1025B000ED4E26B100214FF49360AFF30080E9485F
:1025C0007C3000EB850100EB8400D0F82500C1F8D9
:1025D000250026B1002140F29C40AFF30080284640
:1025E00070BD8A4203D003460520FFF77FBB1F2939
:1025F00008D0DC4AC0EB401002EB400000EB410089
:1026000040787047D7497C3101EB800090F8250075
:102610007047D34901EB0010001DFFF7C4BB7CB528
:102620001D46134604460E4600F108022146184690
:10263000F8F72EF994F908000F2804DD1F382072EE
:102640002068401C206096B10220C84951F826102D
:10265000461820686946801B20F07F40206094F96E
:1026600008002844C01C1F2803DA012009E00420C8
:10267000EBE701AAF8F70CF99DF8040010B10098F7
:10268000401C00900099206831440844C01C20F090
:102690007F4060607CBDFEB50C46064609786079D7
:1026A000907220791F461546507279B12179002227
:1026B0002846A368FFF7B3FFAA4928467C3191F862
:1026C0002E201F2A0AD00969491D0DE0D4E90223F2
:1026D000217903B02846BDE8F040A0E7A449497835
:1026E000052900D20521314421F07F4100F02EFD63
:1026F00039462846FFF731FFD4E90232217968468E
:10270000FFF78DFF2B4600213046019A00F00AFDAD
:10271000002806D103B031462846BDE8F04000F05D
:1027200015BDFEBD2DE9FE4F814600F0CBFC38B152
:102730005FF0000799F8000020B10020BDE8FE8F8F
:102740000127F7E7874D884C4FF0000A7C3524B10C
:10275000002140F2FF40AFF3008095F82D8085F80E
:1027600023A0002624B1002140F20450AFF30080E2
:102770001FB94046FFF70CFF804624B1002140F20C
:102780000C50AFF30080F8F704F843466A46494618
:10279000FFF781FF24B1002140F21250AFF3008017
:1027A00095F82E001F280CD029690098401A0002C5
:1027B000C21700EB1260001203D5684600F0C6FC99
:1027C000012624B1002140F21C50AFF3008095F89F
:1027D00023000028BBD124B1002140F22250AFF3E6
:1027E0000080F7F7D6FF6B46624A002100F09AFCA2
:1027F0000028A3D027B941466846FFF7AEFE06433E
:1028000026B16846FFF7CFFAC9F8080024B10021C5
:1028100040F23550AFF3008001208FE72DE9F04FF3
:1028200089B08B46824600F04DFC4E4C7C3428B378
:102830009BF80000002710B1012800D0FFDF4A4DAF
:1028400025B1002140F2F750AFF300804449012048
:1028500001EB0A18A94607905FEA090604D0002197
:1028600040F2FF50AFF30080079800F022FC94F88C
:102870002D50002084F8230067B119E094F82E0051
:1028800001271F2800D1FFDF9BF800000028D6D0C9
:10289000FFDFD4E72846FFF77BFE054626B100217F
:1028A00040F20960AFF3008094F823000028D3D1F0
:1028B00026B1002140F21360AFF30080F7F769FF03
:1028C0002B4602AA59460790FFF7E5FE98F80F003D
:1028D0005FEA060900F001008DF8130004D0002122
:1028E00040F21D60AFF300803B462A4602A9CDF8B6
:1028F00000A0079800F035FC064604EB850090F830
:1029000028000090B9F1000F04D0002140F22460AB
:10291000AFF3008000F0C2FB0790B9F1000F04D0C4
:10292000002140F22A60AFF3008094F823000028D1
:1029300092D1B9F1000F04D0002140F23260AFF320
:1029400000800DF1080C9CE80E00C8E90112C8F8DF
:102950000C30BEB35FEA090612D000210CE0000083
:10296000EC060020DC0800200000000070B201002E
:102970009A000020FFFF3F0040F23F60AFF300806D
:102980000098B84312D094F82E001F280ED126B11B
:10299000002140F24460AFF300802846FFF7BAFB05
:1029A00020B99BF80000D8B3012849D0B9F1000F35
:1029B00004D0002140F26160AFF30080284600F0AF
:1029C00066FB01265FEA090504D0002140F26A6037
:1029D000AFF30080079800F06CFB25B1002140F2B6
:1029E0006E60AFF300808EB194F82D0004EB800090
:1029F00090F826001F2809D025B1002140F275600B
:102A0000AFF30080F9484078F8F7CEFA25B10021FD
:102A100040F27A60AFF3008009B03046BDE8F08F35
:102A2000FFE7B9F1000F04D0002140F24C60AFF392
:102A3000008094F82D2051460420FFF727F9C0E7C5
:102A4000002E3FF409AF002140F25760AFF3008041
:102A500002E72DE9F84FE64D814695F82D004FF03D
:102A60000008E44C4FF0010B474624B100214FF41D
:102A7000D160AFF30080584600F01BFB85F823704F
:102A800024B1002140F28D60AFF3008095F82D0055
:102A9000FFF77EFD064695F8230028B1002CE4D010
:102AA000002140F293604DE024B1002140F2976094
:102AB000AFF30080CE49C6EB46107C3901EB4001F4
:102AC00011F81900032856D1334605EB830A4A460C
:102AD0009AF82500904201D1012000E000200090EA
:102AE0000AF125000021FFF76FFC01460098014222
:102AF00003D001228AF82820AF77E1B324B1002166
:102B000040F29C60AFF30080324649460120FFF757
:102B1000BDF89AF828A024B1002140F2A760AFF3D5
:102B2000008000F0BBFA834624B1002140F2AC6083
:102B3000AFF3008095F8230038B1002C95D0002128
:102B40004FF4D660AFF300808FE7BAF1000F07D0E3
:102B500095F82E001F2803D13046FFF7DBFAE0B1CD
:102B600024B1002140F2C460AFF30080304600F091
:102B70008EFA4FF0010824B1002140F2CD60AFF38E
:102B80000080584600F095FA24B1002140F2D1604F
:102B9000AFF300804046BDE8F88F002CF1D0002153
:102BA00040F2BF60AFF30080E6E70120F7F72CBDED
:102BB0008E48007870472DE9F0418D4C94F82E0036
:102BC0001F2821D194F82D6004EB860797F8255033
:102BD0001F2D00D1FFDF8649C6EB46107C3901EB83
:102BE000400000EB4500407807F8250F0120F87001
:102BF00084F82300294684F82E50324602202234DD
:102C0000FFF744F8002020701EE42DE9F0417A4ED1
:102C1000774C012538B1012821D0022879D003282A
:102C20007DD0FFDF10E400F065FAFFF7C4FF207EDF
:102C300000B1FFDF84F821500020F7F70CFDA168F8
:102C4000481C04D0012300221846F7F757FD14F85A
:102C50002E0F217806EB01110A68012154E0FFF7DD
:102C6000AAFF0120F7F7F7FC94F8210050B1A06803
:102C7000401C07D014F82E0F217806EB01110A68CA
:102C8000062141E0207EDFF86481002708F1020878
:102C9000012803D002281ED0FFDFB5E7A777F7F79A
:102CA000C8FD98F80000032801D165772577607D7D
:102CB000524951F8200094F8201051B948B1616888
:102CC0000123091A00221846F7F718FD0220207682
:102CD0009AE7277698E784F8205000F00BFAA07F57
:102CE00050B198F8010061680123091A00221846C2
:102CF000F7F704FD257600E0277614F82E0F2178EB
:102D000006EB01110A680021BDE8F041104700E020
:102D100005E036480078BDE8F041F8F745B9FFF71F
:102D20004AFF14F82E0F217806EB01110A680521DD
:102D3000EAE710B52E4C94F82E001F2800D1FFDFD3
:102D400014F82E0F21782C4A02EB01110A68BDE815
:102D50001040042110477CB5254C054694F82E0000
:102D60001F2800D1FFDFA068401C00D0FFDF94F8CF
:102D70002E00214901AA01EB0010694690F90C00D0
:102D80002844F7F785FD9DF904000F2801DD012097
:102D900000E00020009908446168084420F07F4169
:102DA000A16094F82100002807D002B00123BDE8FB
:102DB000704000221846F7F7A1BC7CBD30B5104A20
:102DC0000B1A541CB3EB940F1ED3451AB5EB940F9A
:102DD0001AD3934203D9101A43185B1C14E095428E
:102DE00010D9511A0844401C43420DE098000020BD
:102DF0005809002000000000EC06002070B201001D
:102E0000FF7F841EFFDF0023184630BD0123002210
:102E100001460220F7F772BC0220F7F71CBCF7F757
:102E2000B8BC2DE9FE4FF24C05468A4694F82E00B8
:102E30001F2800D1FFDFEE4E94F82E10A04620464A
:102E4000A6F51B7202EB01141F218DF8001090F8FB
:102E50002D10376900EB8101D8F8000091F825901A
:102E6000284402AA01A90C36F7F712FD9DF90800C3
:102E7000002802DD0198401C0190A0680199642D92
:102E8000084453D3DB4B00225B1B72EB02014DD392
:102E90006168411A21F07F41B1F5800F46D220F0E0
:102EA0007F40706086F80AA098F82D1044466B4663
:102EB0004A463046FFF7ECFAB8B3A068401C10D081
:102EC000F7F767FCA168081A0002C11700EB116050
:102ED000001202282CDD0120F7F7BDFB4FF0FF3078
:102EE000A06094F82D009DF800201F210F34FFF7FB
:102EF00078FBA17FBE4AC1EB41117C3A02EB410154
:102F0000E27F01EB4201487054F80F0C284444F86A
:102F10000F0C012020759DF800001F2803D0B64833
:102F20004078F8F741F8012008E401E0002005E4CA
:102F30007760FBE72DE9F047AD4C074694F82D008C
:102F4000A4F17C06C0EB401006EB400010F817001F
:102F500000B9FFDF94F82D50A046A84C24B1002101
:102F600040F6E800AFF30080C5EB451040F6F409E9
:102F700040F6FD0A06EB400616F81700012819D0A6
:102F8000042811D005280FD006280DD01CB100212F
:102F90004846AFF3008007F0EBFE002CECD0002198
:102FA0005046AFF30080E7E72A4639460120FEF796
:102FB0006DFEF2E74FF0010A4FF00009454624B1DB
:102FC000002140F60410AFF30080504600F071F885
:102FD00085F8239024B1002140F60910AFF300805A
:102FE00095F82D00FFF7D4FA064695F8230028B18E
:102FF000002CE4D0002140F60F101FE024B1002186
:1030000040F61310AFF3008005EB860000F12701B6
:1030100033463A462630FFF7D7F924B1002140F66F
:103020001710AFF3008000F039F8824695F82300BE
:1030300038B1002CC3D0002140F61D10AFF3008042
:10304000BDE785F82D60012085F82300504600F08B
:1030500030F8002C04D0002140F62A10AFF3008095
:10306000BDE8F08730B5044661480D4690F82D0064
:103070005F49C0EB40107C3901EB400010F81400B0
:1030800000B9FFDF5E4800EB0410C57330BD58493E
:1030900081F82D00012081F82300704710B55948B0
:1030A00008B1AFF30080EFF3108000F0010072B6BA
:1030B00010BD10B5002804D1534808B1AFF300800B
:1030C00062B610BD51480068C005C00D10D0103860
:1030D00040B2002804DB00F1E02090F8000405E095
:1030E00000F00F0000F1E02090F8140D4009704747
:1030F0000820704710B53E4C94F82400002804D1F5
:10310000F7F746FC012084F8240010BD10B5384CB8
:1031100094F82400002804D0F7F763FC002084F81A
:10312000240010BD10B51C685B68241A181A24F01E
:103130007F4420F07F40A14206D8B4F5800F03D22F
:10314000904201D8012010BD002010BDD0E900320E
:10315000D21A21F07F43114421F07F41C0E90031B0
:1031600070472DE9FC418446214815460F46C2EBC5
:1031700045117C38089C00EB410616F81400012824
:1031800004D0022802D00020BDE8FC813B46204A42
:1031900001216046FFF7C6FFF0B101AB6A46294640
:1031A0003846FFF79AF9B8B19DF804209DF8001051
:1031B0002846FFF716FA06EB440148709DF8000018
:1031C0001F280DD006EB400044702A4621460320FC
:1031D000FEF75CFD0120D7E72A4621460420F7E7E9
:1031E0000348012100EB850000F8254FC170ECE792
:1031F00058090020FF1FA1079800002000000000D0
:10320000EC060020000000000000000004ED00E0DB
:10321000FFFF3F002DE9F041044680074FF0000515
:103220004FF001060CD56B480560066000F0DEF932
:1032300020B16948016841F48061016024F0020412
:10324000E0044FF0FF3705D564484660C0F80873C6
:1032500024F48054600003D56148056024F0804464
:10326000E0050FD55F48C0F80052C0F808735E490A
:103270000D60091D0D605C4A04210C32116006616D
:1032800024F48074A00409D558484660C0F8005260
:10329000C0F808735648056024F40054C4F3803025
:1032A000C4F3C031884200D0FFDF14F4404F14D083
:1032B00050484660C0F808734F488660C0F8005216
:1032C000C0F808734D490D600A1D16608660C0F88D
:1032D00008730D60166024F4404420050AD5484860
:1032E00046608660C0F80873C0F8487345480560BA
:1032F00024F4006407F042F84348044200D0FFDFA2
:10330000BDE8F081F0B50022202501234FEA020438
:1033100020FA02F1C9072DD051B2002910DB00BFFD
:103320004FEA51174FEA870701F01F0607F1E02720
:1033300003FA06F6C7F88061BFF34F8FBFF36F8FB4
:103340000CDB00BF4FEA51174FEA870701F01F0659
:1033500007F1E02703FA06F6C7F8806204DB01F103
:10336000E02181F8004405E001F00F0101F1E021C6
:1033700081F8144D02F10102AA42C9D3F0BD10B583
:10338000224C20600846F7F71CFC2068FFF742FF3C
:103390002068FFF7B7FF06F031FC00F088F906F06F
:1033A000EDFF06F02CFFF7F7CBFDBDE8104006F06F
:1033B000D9BC10B5154C2068FFF72CFF2068FFF72B
:1033C000A1FF06F0DBFFF7F7FBFC0020206010BD3B
:1033D0000A207047FC1F00403C17004000C000401E
:1033E00004E50140008000400485004000D000401A
:1033F00004D5004000E0004000F0004000F500402F
:1034000000B0004008B50040FEFF0FFD9C0000200A
:1034100070B526490A680AB30022154601244B6894
:103420005B1C4B600C2B00D34D600E7904FA06F345
:103430000E681E420FD0EFF3108212F0010272B636
:1034400000D001220C689C430C6002B962B6496846
:103450000160002070BD521C0C2AE0D3052070BD15
:103460004FF0E0214FF48000C1F800027047EFF305
:10347000108111F0010F72B64FF0010202FA00F252
:103480000A48036842EA0302026000D162B6E7E735
:1034900006480021016041607047012181400348D6
:1034A0000068084000D0012070470000A000002004
:1034B00001208107086070470121880741600021D1
:1034C000C0F80011184801707047174901200870B2
:1034D00070474FF08040D0F80001012803D0124817
:1034E0000078002800D00120704710480068C0070D
:1034F00000D0012070470D480C300068C00700D094
:10350000012070470948143000687047074910319E
:103510000A68D20306D5096801F00301814201D18E
:103520000120704700207047A800002008040040D8
:103530004FF08050D0F830010A2801D000207047A9
:103540000120704700B5FFF7F3FF20B14FF0805026
:10355000D0F8340108B1002000BD012000BD4FF0BB
:103560008050D0F83001062803D0401C01D0002044
:103570007047012070474FF08050D0F830010D287F
:1035800001D000207047012070474FF08050D0F8E4
:103590003001082801D000207047012070474FF00B
:1035A0008050D0F83001102801D000207047012051
:1035B000704700B5FFF7F3FF30B9FFF7DCFF18B92C
:1035C000FFF7E3FF002800D0012000BD00B5FFF7A2
:1035D000C6FF38B14FF08050D0F83401062803D32D
:1035E000401C01D0002000BD012000BD00B5FFF748
:1035F000B6FF48B14FF08050D0F83401062803D30D
:10360000401C01D0012000BD002000BD0021017040
:10361000084670470146002008707047EFF310819C
:1036200001F0010172B60278012A01D0012200E006
:1036300000220123037001B962B60AB1002070476D
:103640004FF400507047E9E7EFF3108111F0010FDC
:1036500072B64FF00002027000D162B600207047CF
:10366000F2E700002DE9F04115460E46044600271A
:1036700000F0EBF8A84215D3002341200FE000BF73
:1036800094F84220A25CF25494F84210491CB1FB19
:10369000F0F200FB12115B1C84F84210DBB2AB426B
:1036A000EED3012700F0DDF83846BDE8F08172491D
:1036B00010B5802081F800047049002081F8420094
:1036C00081F84100433181F8420081F841004331E3
:1036D00081F8420081F841006948FFF797FF684888
:1036E000401CFFF793FFF7F7B3FBBDE8104000F075
:1036F000B8B840207047614800F0A7B80A460146B4
:103700005E48AFE7402070475C48433000F09DB80A
:103710000A46014659484330A4E740210170002081
:10372000704710B504465548863000F08EF820707A
:10373000002010BD0A460146504810B58630FFF7FC
:1037400091FF08B1002010BD42F2070010BD70B516
:103750000C460646412900D9FFDF4A480068103868
:1037600040B200F054F8C5B20D2000F050F8C0B2DD
:10377000854201D3012504E0002502E00DB1F7F7F1
:10378000AAFB224631463D48FFF76CFF0028F5D0E2
:1037900070BD2DE9F0413A4F0025064617F10407A8
:1037A00057F82540204600F041F810B36D1CEDB2EB
:1037B000032DF5D33148433000F038F8002825D0E8
:1037C0002E4800F033F8002820D02C48863000F036
:1037D0002DF800281AD0F7F754FB2948FFF71EFFF1
:1037E000B0F5005F00D0FFDFBDE8F0412448FFF7EF
:1037F0002BBF94F841004121265414F8410F401C7E
:10380000B0FBF1F201FB12002070D3E74DE7002876
:1038100004DB00F1E02090F8000405E000F00F0068
:1038200000F1E02090F8140D4009704710F8411F96
:103830004122491CB1FBF2F302FB13114078814293
:1038400001D1012070470020704710F8411F4078D7
:10385000814201D3081A02E0C0F141000844C0B21D
:10386000704710B50648FFF7D9FE002803D1BDE820
:103870001040F7F7F1BA10BD0DE000E08809002014
:10388000AC00002004ED00E070B5154D2878401C18
:10389000C4B26878844202D000F0DBFA2C7070BDAC
:1038A0002DE9F0410E4C4FF0E02600BF00F0C6FAC3
:1038B00007F05EFA40BF20BF677820786070D6F8C6
:1038C0000052EDF759FD854305D1D6F8040210B931
:1038D0002078B842EAD000F0ACFA0020BDE8F081D0
:1038E000BC0000202DE9F04101264FF0E022310319
:1038F0004FF000084046C2F88011BFF34F8FBFF36E
:103900006F8F204CC4F800010C2000F02EF81E4DE3
:103910002868C04340F30017286840F01000286072
:10392000C4F8046326607F1C02E000BF07F020FAA1
:10393000D4F800010028F9D01FB9286820F0100041
:103940002860124805686660C4F80863C4F80081FE
:103950000C2000F00AF82846BDE8F08110B50446B6
:10396000FFF7C0FF2060002010BD002809DB00F039
:103970001F02012191404009800000F1E020C0F8C1
:103980008012704700C0004010ED00E008C5004004
:103990002DE9F047FF4C0646FF21A06800EB061218
:1039A00011702178FF2910D04FF0080909EB01119F
:1039B00009EB06174158C05900F0F4F9002807DD5B
:1039C000A168207801EB061108702670BDE8F08729
:1039D00094F8008045460DE0A06809EB05114158B8
:1039E000C05900F0DFF9002806DCA068A84600EB0B
:1039F00008100578FF2DEFD1A06800EB061100EB51
:103A000008100D700670E1E7F0B5E24B04460020A7
:103A100001259A680C269B780CE000BF05EB001787
:103A2000D75DA74204D106EB0017D7598F4204D0C7
:103A3000401CC0B28342F1D8FF20F0BD70B5FFF743
:103A4000EEF9D44C08252278A16805EB02128958BA
:103A500000F0A8F9012808DD2178A06805EB011124
:103A60004058BDE87040FFF7D1B9FFF7A1F8BDE8B5
:103A70007040F7F799BA2DE9F041C64C2578FFF769
:103A8000CEF9FF2D6ED04FF00808A26808EB05169E
:103A9000915900F087F90228A06801DD80595DE0A6
:103AA00000EB051109782170022101EB0511425C40
:103AB0005AB1521E4254815901F5800121F07F41D3
:103AC00081512846FFF764FF34E00423012203EB11
:103AD000051302EB051250F803C0875CBCF1000F20
:103AE00010D0BCF5007F10D9CCF3080250F806C006
:103AF0000CEB423C2CF07F4C40F806C0C3589A1A9D
:103B0000520A09E0FF2181540AE0825902EB4C324B
:103B100022F07F428251002242542846FFF738FFAC
:103B20000C21A06801EB05114158E06850F82720EE
:103B3000384690472078FF2814D0FFF770F9227894
:103B4000A16808EB02124546895800F02BF90128BC
:103B500093DD2178A06805EB01114058BDE8F041E4
:103B6000FFF754B9BDE8F081F0B51D4614460E4686
:103B70000746FF2B00D3FFDFA00700D0FFDF8548FB
:103B8000FF210022C0E90247C57006710170427032
:103B900082701046012204E002EB0013401CE15445
:103BA000C0B2A842F8D3F0BD70B57A4C064665782D
:103BB0002079854200D3FFDFE06840F82560607817
:103BC000401C6070284670BD2DE9FF5F1D468B4686
:103BD0000746FF24FFF723F9DFF8B891064699F866
:103BE0000100B84200D8FFDF00214FF001084FF07C
:103BF0000C0A99F80220D9F808000EE008EB01132E
:103C0000C35CFF2B0ED0BB4205D10AEB011350F869
:103C100003C0DC450CD0491CC9B28A42EED8FF2C47
:103C200002D00DE00C46F6E799F803108A4203D162
:103C3000FF2004B0BDE8F09F1446521C89F8022012
:103C400008EB04110AEB0412475440F802B00421B7
:103C5000029B0022012B01EB04110CD040F8012043
:103C60004FF4007808234FF0020C454513D9E905BD
:103C7000C90D02D002E04550F2E7414606EB413261
:103C800003EB041322F07F42C250691A0CEB0412BA
:103C9000490A81540BE005B9012506EB453103EBD8
:103CA000041321F07F41C1500CEB0411425499F8E8
:103CB00000502046FFF76CFE99F80000A84201D0A2
:103CC000FFF7BCFE3846B4E770B50C460546FFF773
:103CD000A6F8064621462846FFF796FE0446FF282A
:103CE0001AD02C4D082101EB0411A8684158304628
:103CF00000F058F800F58050C11700EBD140401398
:103D00000221AA6801EB0411515C09B100EB4120CA
:103D1000002800DC012070BD002070BD2DE9F047B7
:103D200088468146FFF770FE0746FF281BD0194DD5
:103D30002E78A8683146344605E0BC4206D02646B7
:103D400000EB06121478FF2CF7D10CE0FF2C0AD000
:103D5000A6420CD100EB011000782870FF2804D097
:103D6000FFF76CFE03E0002030E6FFF755F8414610
:103D70004846FFF7A9FF0123A968024603EB041395
:103D8000FF20C854A878401EB84200D1A87001EBAB
:103D9000041001E0540A002001EB061100780870BD
:103DA000104613E6081A0002C11700EB116000125A
:103DB0007047000010B5202000F07FF8202000F0B0
:103DC0008DF84D49202081F80004EDF7D3FA4B49D6
:103DD00008604B48D0F8041341F00101C0F8041307
:103DE000D0F8041341F08071C0F804134249012057
:103DF0001C39C1F8000110BD10B5202000F05DF89D
:103E00003E480021C8380160001D01603D4A481E3F
:103E100010603B4AC2F80803384B1960C2F8000131
:103E2000C2F8600138490860BDE81040202000F069
:103E300055B834493548091F08607047314933483F
:103E4000086070472D48C8380160001D521E02608E
:103E500070472C4901200860BFF34F8F70472DE950
:103E6000F0412849D0F8188028480860244CD4F83C
:103E700000010025244E6F1E28B14046EDF7D4F90D
:103E800040B9002111E0D4F8600198B14046EDF747
:103E9000CBF948B1C4F80051C4F860513760BDE8AF
:103EA000F041202000F01AB831684046BDE8F041EA
:103EB00006F068BFFFDFBDE8F08100280DDB00F0F1
:103EC0001F02012191404009800000F1E020C0F86C
:103ED0008011BFF34F8FBFF36F8F7047002809DB4E
:103EE00000F01F02012191404009800000F1E02014
:103EF000C0F880127047000020E000E0C8060240D1
:103F000000000240180502400004024001000001C8
:103F1000454800210170417010218170704770B5D3
:103F2000054616460C460220F3F7F2FB3E490120F7
:103F3000F61E08703D4806603C4808380560001FC2
:103F4000046070BD10B50220F3F7E2FB3649012092
:103F5000087000F051F836494FF40000086010BDB9
:103F600010B5314C207888B131494FF40000091D5B
:103F7000086000F04AF8002120B1012060702D484F
:103F8000006801E061701020A0702170BDE8104051
:103F90000020F3F7BDBB244810B5017859B126487D
:103FA000D0F8000128B100F030F8002800D001203E
:103FB00010BD022010BD407810BD10B5C824641E8D
:103FC000E4B2FFF7E8FF022803D0012800D0002068
:103FD00010BD002CF3D1FFDFF9E7134810B50178CD
:103FE00041B100F012F818B112480068C0B210BD1B
:103FF000102010BD807810BD0F480021C0F80011BE
:10400000C0F80411C0F8081170470B48D0F800112F
:1040100029B1D0F8041111B1D0F8080108B100207D
:104020007047012070470000BE00002010F50040DE
:1040300004F5014000F4004000F000404748002132
:1040400001704170704770B5064614460D46012058
:10405000F3F75EFB42480660001D0460001D05602A
:1040600070BD70B53D4901250D7040EA02413C4AE2
:1040700041F08071121F11603A4C0026C4F80461AF
:10408000394A4FF04071116058B1012800D0FFDF6C
:10409000C4F80062256034494FF00070091F0860C1
:1040A00070BDC4F80052256070BD2C48017871B114
:1040B0002D4A4FF0407111602A49D1F804210021A6
:1040C0001AB12A4A1268427000E041700170002063
:1040D000F3F71EBB2148017841B12248D0F8040112
:1040E000002802D021480068C0B27047407870476D
:1040F0002DE9F04700282AD01848007800B9FFDFE2
:10410000184DD5F80401002821D10227C5F8047301
:10411000174C2068C04340F30016206840F01000A0
:1041200020604FF400484FF0E029761C04E000BF07
:10413000C9F8808206F01CFED5F804010028F7D0EB
:104140001EB9206820F010002060C5F80873BDE893
:10415000F08704490120886070470000C1000020FA
:1041600008F5004000F0004008F5014000F4004070
:1041700010ED00E010B541F6A474012802D0022829
:1041800002D0FFDF204610BD41F2883010BD38B5A7
:10419000FE4D0024C5F80041C5F80C41C5F810419A
:1041A000C5F80441C5F81441C5F81841FFF70EFAE7
:1041B00008B1C5F82841F6480068009038BD70B5D0
:1041C000F44D00246C702C7000F0D2FD85F8254071
:1041D000EC620922002105F11800AC63F9F7D3F86D
:1041E000ED49601E0860091D0860091D0C60091D6D
:1041F0000860091D0C60091D0860091D0860091D83
:104200000860091D0860091D0860091D0860091D76
:104210000860091D0860091D086070BDDF4800B511
:10422000016801F00F01032905D0006800F00F00BC
:10423000042802D0FFDF012000BD022000BD00B530
:10424000012802D0022800D0FFDF002000BD00B509
:10425000012802D0022802D0FFDF282000BD18204C
:1042600000BD10B5CB4902681839CA4C0A634268D0
:104270004A63007A81F83800207E50B1207FF9F738
:10428000C0F8A07E08B1012100E00021207FF9F7ED
:10429000ADF8607E00280CD0607FF9F7B2F8E07EC0
:1042A00008B1012100E00021607FBDE81040F9F76E
:1042B0009DB810BD00F063BD10B500F060FDB348BF
:1042C000D0F80001002800D0FFDF10BD70B501203C
:1042D00000F030FDB2480025056001260660FFF7BA
:1042E00085F9B04C18B1206840F480602060FFF779
:1042F00036F928B12068AC4920F0770008432060E7
:10430000FFF764F938B1A748001D016821F47F4127
:1043100041F4B0510160A349A4483C310860FFF763
:1043200055F99C4C60B19D490220503184F8210020
:104330000860A0499E48086095481030091F086031
:104340004FF01020806C411C05D094497C310A68E4
:1043500060F317420A60914940F25B6028310860BF
:10436000091F40F203100860081F06608B490320F4
:1043700008608C48EC38066094F8211011B14FF4B5
:10438000C02100E08C498B4A41F46021943A1160CD
:104390008749884A091F083211607D490839121F70
:1043A0001160016821F440710160016841F480717D
:1043B0000160012000F0CFFC74491020C1F8040313
:1043C00084F83150E56270BD76483830016821F0DC
:1043D000010141F08071016070476E4A0368183A2C
:1043E000C2F81A308088D0836A48017270476948E1
:1043F00090F825007047674A517010707047F0B50B
:104400000546840061488B882044C0F820360B782C
:10441000D1F8011043EA0121C0F8001605F10800A7
:104420000127604C07FA00F6FC3C52B1012A00D08B
:10443000FFDF2068304320602068AF4038432060B1
:10444000F0BD2068B043F6E706F0E8B8514890F8B0
:1044500032007047514AC1781432116000684F49E8
:1044600000020C3108607047252807D0262807D0A5
:10447000272807D00A2807D8042206E0022107E0EF
:104480001A2105E0502103E0062202EB4001C9B2E7
:10449000424A083A116041494431086070473D483A
:1044A000817A012917D0022914D1417E002911D027
:1044B000827F0121C37F01FA02F299400A433D49FC
:1044C00094390A6090F820003C4A002102EB8000F9
:1044D000C0F810157047017EE8E72DE9F0472D4C34
:1044E000A17A01290BD0022975D1627E002A72D0EF
:1044F000012906D0677FE17E59B101260AE0227EBC
:10450000F4E7277FA17E09B1012600E000261121F2
:1045100001E000262421DFF898804FF0010AA8F17D
:104520004408C8F84CA0DFF898904518D9F8000066
:10453000A84200D3FFDF0021C8F84C11C9F8005091
:10454000380286F0010140EA015040F0031294F86D
:1045500020101A4800EB8103C3F8102500EB8101FD
:10456000A27F184800EBC203C3F81415164DC3F818
:104570001055E37F00EBC300C0F814150449083957
:10458000C0F810150AFA02F120E024E00010004003
:10459000181100407C0A0020000E00401015004059
:1045A000FC1F00403C170040880000802C00008960
:1045B000448000409CF5014000000404006000407D
:1045C0004C85004000F001404C8100400AFA03F0A5
:1045D0000143F9480160BDE8F0872DE9F0410E463E
:1045E000F64907460320C1F80002F54C94F8210073
:1045F00010B14FF4C02000E0F248EF4D2860304683
:1046000006F036F817B1012F0FD017E0FEF7DEFFE6
:1046100010B1304600F0C9FB0120A072A06B40F43D
:104620008010A0634FF4801007E00220A072A06BFE
:1046300040F40010A0634FF400102860F6F744F92E
:104640003146BDE8F04148E72DE9F05FDB4C074615
:1046500003200E469346C4F80002D94D95F8210078
:1046600010B14FF4C02100E0D649DFF84C93C9F8EF
:104670000010104605F0FCFFDFF83C834FF0010A04
:1046800008F1A808A7B3012F3ED0FFDFCE4806608F
:10469000C949CE48A4310860A86B40F40020A86343
:1046A000D4F800721025C4F808530020C4F80002A2
:1046B000C1494FF48028091DC1F8008004F5007439
:1046C000FFF765FD2760C9F80080C4F80451E903CD
:1046D000C9F80010BE49C1F84CA0BB48001D0068D5
:1046E000B04200D3FFDF59463046BDE8F05FF4E644
:1046F000FFE7FEF76BFF10B1584600F056FBC8F815
:10470000004085F80AA0C1E7AC49091DC8F80010AF
:104710000220A872BAE72DE9F041A94C064690465E
:1047200094F831000F46002500B9FFDF16B1012EC5
:1047300012D01DE094F83100012806D094F8302002
:104740004146384605F0A2FF10E094F8301042468A
:10475000384605F0DCFF09E094F8310094F8301099
:1047600001284246384609D005F0F8FFE16A4518AD
:10477000424629463046BDE8F04165E705F0A8FF0E
:10478000F4E708B5FF208DF800008C480021C0F840
:1047900010110121016104E09DF80010491E8DF8FF
:1047A00000109DF8001019B1D0F810110029F3D0B5
:1047B0009DF80000002800D1FFDF08BD2DE9F04181
:1047C0007E4CD4F8000220F00307D4F804034FF025
:1047D0001008C0F30016C4F808830025C4F800527E
:1047E000774890F8210010B14FF4C02000E07548E0
:1047F000714940F46020091D0860FFF750FEFFF783
:10480000C0FFC4F81051FEF7E1FE08B1C4F828510A
:1048100000F0AEFAC4F80072002E01D0C4F8048390
:10482000BDE8F081ADE700686A4920F07F4008608C
:10483000704710B5012000F07DFABDE8104001205E
:1048400000F089BA01465E4818221838F8F771BDA1
:104850004FF0E0210220C1F8000170475E49087066
:1048600070475C4938390860704770B50546F6F7FF
:104870002BF8534C2844E16A884200D8FFDF01201E
:104880002074F6F721F82844606194F8211041B1B2
:10489000084460614948D0F8001241F04001C0F876
:1048A00000124B490020C1F8440147496069091FC3
:1048B0000860BDE8704000F0A2BA70B5404C0646F2
:1048C00002200D462074FFF7A9FC024694F831003F
:1048D00094F8301001281BD0304605F081FF60614C
:1048E00094F8210048B16169084460613348D0F808
:1048F000001241F04001C0F8001235490020C1F813
:1049000044016169E06A08442F49091F086070BDCD
:104910002B46304605F037FFE1E727494FF480008A
:10492000091D08602648816B21F480018163002104
:10493000017470472A4A10B502EBC002274BC2F837
:104940001035C2F81415012181401B4801601C4834
:10495000826B0A43826310BD1D4801214160C16022
:104960000021C0F844111848001F01601448C162BA
:10497000704710B50446FEF729FE10B1104880F8C4
:1049800021401448243004600C48D0F8001241F053
:104990004001C0F8001210BD084810B5D0F8001250
:1049A00021F04001C0F80012FEF710FE0949243141
:1049B00000B10220086010BD04F501400010004065
:1049C0007C0A002000000404488500404881004023
:1049D000008000403C150040C3000020041100404E
:1049E00000F00140F948D0F8001221F01001C0F8A1
:1049F0000012012181617047F4480021C0F81C11A8
:104A0000D0F8001241F01001C0F800127047EF49D1
:104A100008B5D1F81C21012A01D0002008BDEC4ABC
:104A2000126802F07F02524202700020C1F81C019D
:104A3000E84800680090012008BDF0B517460C005A
:104A4000064600D1FFDFE44DE0072F7302D0012CB2
:104A500000D0FFDF46B102206872EC72012802D05C
:104A6000022800D0FFDFF0BD0120F5E770B5DA4C79
:104A70000021E27A930703D5830701D5430713D4B6
:104A8000D30605D594F8333013B194F835305BB1C3
:104A9000130702D594F8243033B9520702D594F89D
:104AA00025200AB1C00700D00121607A012518B184
:104AB000A1B1BDE8704081E694F8210010B14FF437
:104AC000C02000E0C548C6490860C048D0F80012C0
:104AD00021F00301C0F80012E57270BD012803D077
:104AE000022808D0FFDF70BD00F042F9A5729621C0
:104AF000227B002006E000F03BF90220A072227B1E
:104B000096210120BDE8704005E62DE9F05FDFF851
:104B1000D4B29BF80000042800D3FFDFB248D0F8DD
:104B20004C0108B1FFF7BBFCAB4CAD49A06B086072
:104B30004FF00008C4F8388000F06BF9DFF8AC9251
:104B40000546D9F80010A16294F8210008B1081AAE
:104B5000A062A648001F0068E062FFF75FFB84F8D0
:104B60003000A07ADFF868A2012184F83100AAF1B0
:104B7000440A022808D1607830B1DAF800201278AF
:104B800002402078904310D084F82480924EA807E9
:104B9000A6F1180605D5F5F797FEA16A081A31693E
:104BA0008847E80704D0002709E084F82410EDE7DF
:104BB000A80701D5012702E0280707D50227F5F746
:104BC00083FEE16A7269081A394690479BF8000033
:104BD000C0071CD1DAF800005746007800F00F003B
:104BE000072812D239680622A01C0931F8F774FB95
:104BF00038B9207A39680978B0EBD11F01D101208A
:104C000000E0002084F8250001E084F82580284693
:104C1000FFF72CFFE80701D030682FE0A80726D562
:104C200068071ED4FEF7D2FCD8B9FEF7DFFCC0B986
:104C30006748F4380168001F0068C0F3425CC0F3A5
:104C4000006700F00F03C0F30312C0F3032047B165
:104C50000BB102B128B921B1BCF1030F01D245F06B
:104C6000040545F380007168401C884709E0280767
:104C700001D5B06802E0E80602D5F068804700E0A0
:104C8000FFDFA07A02281BD1207C002818D0564ACA
:104C9000C2F8448102280FD0012800D0FFDFE16A6A
:104CA0006069884200D8FFDFD4F81410C9F80010FA
:104CB000BDE8F05F00F0A3B86169E06A0144F5E780
:104CC000BDE8F09F70B5054641F2643441F66A06CE
:104CD000022806D0012D12D0022D0CD0FFDF304665
:104CE00070BDFEF72FFC0028F6D1FEF738FC002837
:104CF000F2D141F6583441F29A00204470BD42F698
:104D0000CE3070BD324808300168032904D00068F5
:104D1000022801D000207047012070472C4808303D
:104D200001680B2904D000680A2801D000207047D0
:104D30000120704700280DDB00F01F020121914087
:104D40004009800000F1E020C0F88011BFF34F8FD0
:104D5000BFF36F8F7047002809DB00F01F020121AD
:104D600091404009800000F1E020C0F880127047B7
:104D700019480021417281720121C172704730B51A
:104D800000240546012902D002290BD0FFDF184874
:104D900004430F4834380460164805430C48303843
:104DA000056030BD4FF08074F1E7094A4032116868
:104DB00053060228D3F820031ED0C0F3062000BFFC
:104DC00021F4FE4141EA00201060704700100040CD
:104DD000481500401C1100407C0A0020000004041B
:104DE00008F50140C30000200080004044850040D9
:104DF0000801100000000302C0F30660E0E7354838
:104E0000816B41F48001816333494FF48000086075
:104E1000DBE7F8B52F4C314E0020217C19B1D6F8D4
:104E20004411012907D00023A27A2D49012A04D078
:104E3000022A0AD019E00123F6E7D1F80C01012873
:104E400001D0002011E008200FE0D1F80C0101286A
:104E500006D0002223480068012803D0042002E085
:104E60000222F7E7002010431843D1F81021012A4D
:104E70002ED0002505431C48026812F0FF0F03D016
:104E8000D1F81421012A00D0002284F832200068D1
:104E900010F0FF0F03D0D1F81801012800D0002036
:104EA00084F833000F481030006884F83400FFF7AE
:104EB00072F8012800D0002084F83500FFF767F968
:104EC0000020C6F844010948006800902846F8BD53
:104ED0001025CFE77C0A002004F501400080004047
:104EE0000010004000140040401600404481004083
:104EF00010B5444822220021F8F745FA4148002421
:104F0000017821F010010170012104F04DFC3D49B0
:104F10004FF6FF70263981F8224088843A4908808C
:104F2000488010BDE4E7704700F05FB83549016084
:104F30007047354908807047324926398A8CA2F576
:104F40007F43FF3B02D00021016008E091F822205E
:104F50002C492639012A02D0016001207047002027
:104F600070472848263810F8221F012908D001214F
:104F7000017025482349263900888884012070471C
:104F8000002070472049488070471E491E4B263933
:104F90008A8C5B889A4205D191F8222012B1016077
:104FA00001207047002070471648174A2638818C28
:104FB0005288914209D14FF6FF71818410F8221F67
:104FC00019B10021017001207047002070470D4881
:104FD0000D4A2638818C5288914204D190F82200E3
:104FE00008B10020704701207047064926398A8C95
:104FF000824205D1002081F822004FF6FF7088849C
:1050000070470000DE0A0020C400002070473D4ABF
:10501000012338B1012804D1137008689060888892
:105020009081704753700868C2F802008888D08069
:105030007047344A10B1012807D00EE0507860B1B3
:10504000D2F802000860D08804E0107828B1906897
:1050500008609089888001207047002070472949A6
:1050600010B1012802D005E0487800E0087808B1C6
:10507000012070470020704730B50C4605468DB0C2
:105080004FF0030104F1030012B1FEF741FB01E010
:10509000FEF75DFB60790D2220F0C00040F040007B
:1050A0006071002104A8F8F76EF9E0788DF81F0010
:1050B00020798DF81E0060798DF81D001022294698
:1050C0006846F8F736F9684604F036FE9DF82F007A
:1050D00020709DF82E0060709DF82D00A0700DB01E
:1050E00030BD10B5002904464FF0060102D0FEF78E
:1050F0000FFB01E0FEF72BFB607920F0C000607130
:1051000010BD0000C8000020FE48406870472DE92F
:10511000F0410E46074601461446012004F011FDF9
:10512000054697F86500FFF725F84AF2B1210844D3
:105130004FF47A71B0FBF1F1788840F2712250435C
:10514000C1EB4000041BA4F2663402F0BBFD00B1C9
:105150001E3CAE4201D2284600E03046A04204D2B6
:10516000AE4201D22C4600E034467C62BDE8F081BC
:1051700030B502460020002914D0A2FB01104C0AD1
:1051800044EAC054400A641C40F100000021D4F1FC
:10519000FF3240F2A175814100D2FFDF04F5F464D3
:1051A000B4FBF5F030BD2DE9FF4F8BB0044690F80D
:1051B00065008A460990DDE90D1008430890D24841
:1051C0000026007800F004FE054694F88C0100F0FB
:1051D000FFFD284480B2009094F87D000D2804D093
:1051E000002007900D9810B131E00120F9E794F804
:1051F0002C0103282BD1079848B3B4F8AE115145C0
:1052000025D1D4F83401C4F82001608840F2E2418D
:105210004843C4F82401B4F87A01B4F806110844EC
:10522000C4F82801204602F057FDB4F8B201E0822C
:1052300094F8B0016075B4F8B4016080B4F8B601B8
:10524000A080B4F8B801E080022084F82C01D4F8E2
:1052500084010590D4F880010390B4F80681B4F875
:105260007811D4F8740106900D9820B194F840019B
:1052700000287DD108E004F580700290743004901D
:1052800004F5B075001D07E004F5AA700290001D3A
:10529000049004F5A275001D0A90B4F87020AAEBE2
:1052A00002000FFA80F9AAEB010007B2002F05DA1D
:1052B000D4F87001069001204F46089092484FF0B4
:1052C000000B007970B3F5F7A1FC58B3B4F81801DE
:1052D000022827D394F82C01022823D094F8430104
:1052E00000BB94F88C0100F073FD00F5C86080B23B
:1052F000009094F82C01012845D0608840F2E241EA
:1053000048430099FFF734FF08EB0901CA1BD4F8A2
:10531000341180B2431A02FB03BBC4F834010120EC
:1053200084F8430194F82C0100286DD001287DD029
:1053300002287CD003287BD0FFDF00BFA6EB0B0147
:105340000698FCF70EFD0499012640F271220860D0
:105350000A990020A1F800A028702E710498006816
:10536000A8606088D4F834115043C1EB400000E0DD
:10537000BFE16549A0F23630C861896981427DD9B3
:10538000029908607BE194F88000032833D0012162
:10539000002004F0CDF8E18A40F27122514300EB85
:1053A00041000190D4F82401B8340099FFF7E0FEE1
:1053B000A16E226F431AA066DDE9001002FB03BB59
:1053C000FFF7D6FEA16FA067421A34F8B60C40F280
:1053D000E241484393440099FFF7CAFE08EB0901F4
:1053E000226FC91B8A1AE16F521E431A02FB03BBCC
:1053F000E067B83C93E7E08A40F27122D4F82411C8
:10540000504301EB4000CCE7039800B9FFDF0121D6
:10541000002004F08DF80646E08A40F271214843EE
:1054200006EB40000099FFF7A3FE02E0C0E058E061
:10543000DDE0C4F83001608840F2E2414843009961
:10544000FFF796FEC4F8340182B22046A16AFFF746
:105450005EFE14F8650FFEF7F2FE4FF47A7800F264
:10546000E140B0FBF8F1039801EB00092078FEF76A
:10547000E6FE07462078FEF77DFE00E0FDE03844BA
:105480004AF2AB310144B1FBF8F134F84F0C40F271
:105490007122504306EB4000411AD4F8CB0040F291
:1054A000E2430A1A02EB0906227814F8501C11FB99
:1054B00003F1203E00F0B9FC1349801C886114F808
:1054C0006509FEF7BCFE00F2E140B0FBF8F103987D
:1054D0000844301A40F2F6218842BFF42FAFFFDFB4
:1054E0002CE7E08A40F27122D4F82411504301EBFA
:1054F00040000099FFF73CFEC4F83001608840F29C
:10550000E24103E0000B0020D8000020484300994E
:10551000FFF72EFEC4F8340182B22046A16AFFF7DD
:10552000F6FDB8F1000F21D10E98F8B194F865603E
:105530003046FEF71FFE4AF2B12101444FF47A7063
:10554000B1FBF0F0D4F8301140F271230144E08A4D
:10555000D4F82421584302EB4000471A3046FEF7A6
:1055600076FE0599081A3E18203E0AE0E08A40F2CD
:105570007122D4F82411504301EB4000D4F83011CB
:10558000461AD4F82821D4F82011D4F8300140F27A
:10559000E24301FB020094F86520617D11FB03F1F9
:1055A00000F043FCF9498861012084F82C01C5E62C
:1055B000608840F271225043D4F83411D4F8282185
:1055C000C1EB40067E4308EB0900801AD4F8207135
:1055D000D4F83031401E07FB023200FB012094F862
:1055E0006520617D40F2E24311FB03F140E06088F9
:1055F00040F27122D4F834115043C1EB400694F8C4
:105600007C007E43242803D094F87D0024280AD10E
:10561000B4F8AE11AAEB010000B2002803DB94F845
:10562000B10100B109900898D8B1B8F1000F18D1B4
:10563000059808B1039800B9FFDF94F86500FEF7FC
:1056400099FD4AF2B12101444FF47A70B1FBF0F0B8
:10565000361A94F86500FEF7FAFD0599081A064413
:10566000203ED4F8341108EB090048430021099A80
:1056700000F0DBFBC549886160E602980160029892
:10568000616A0068084400F5D370E86002F01AFB14
:1056900010B1E8681E30E8606E71B4F8F010A1EB4C
:1056A0000A0000B2002801DD032068710798002875
:1056B0000E9822D0C0B100BFB4F81811B1B3B4F83D
:1056C0001A0100BFA4F81A0194F81C21401C42439F
:1056D0008A4209D26879401E002805DD6E71B4F84F
:1056E0001A01401CA4F81A010D9830B394F8400137
:1056F000F8B102200FB0BDE8F08F0028DCD194F89B
:105700002C010028F0D0608840F27122D4F83411C6
:105710005043C1EB4001284603F04EFE0004000C4C
:10572000E2D0189901B108800120E3E7FFE70020EB
:10573000C8E794F87C01FDF78CF994F87C012946C0
:1057400000F059FB20B10D9880F0010084F8410170
:105750000020CFE77CB50446FCF72FFE0146D4F8C5
:105760007001FDF72BFB214600F076FB94F87D10CD
:105770000D290AD0B4F87020B4F83E1113189942DC
:1057800006DB491CA4F83E1106E0B4F83E010CE02B
:10579000401C1044A4F83E0194F8420140B9B4F80A
:1057A0003E01B4F8F410884202D1401CA4F83E0136
:1057B000B4F87A0101AE401CA4F87A01B4F89A005A
:1057C000B4F89810401AB4F87010401E084485B21E
:1057D00009E000231A4620460096FFF7E4FCD0B10A
:1057E00001282ED0FFDFB4F83E11681A00B200285D
:1057F000EFDA082084F88D00012084F88C00204620
:1058000001F0F5FE204600F0F8FA60484079BDE866
:105810007C40F5F7C9BBA06E002811D0B4F83E015A
:10582000B4F89420801A01B2002909DD34F86C0F15
:105830000144491E91FBF0F189B201FB0020208553
:105840007CBDB4F83E01BDF804100844A4F83E0144
:10585000C9E770B54E4C607A08B1002070BD94F86D
:10586000300030B1616B606A884202D9F8F70CFBF6
:10587000F3E7A06AC8B1F7F725FF0546F7F7F9FE89
:10588000284442F210714618FCF797FD0546294658
:10589000E06AFDF793FAE562A16A8219914202D2A9
:1058A0000120A062E2E7081AA062012070BD70B575
:1058B000374C012500202575207494F8300004F140
:1058C000100650B14FF47A71A069FCF74AFAA06152
:1058D0000021304603F070FD10E0002000F00DFBC9
:1058E0000546F7F7EFFE05442946A069FCF739FAAB
:1058F000A0612946304603F05FFD451C208C411C09
:105900000A2901D228442084606828B1208C401CD8
:105910000A2801D3022000E003206075FFF799FFF9
:1059200038B1207B314600F066FA002800D1FFDF55
:1059300070BD00F0DAFA15484079BDE87040F5F71F
:1059400033BB38B50025044680F82C51A0F87851B7
:105950002B462A4629460095FFF725FC00B1FFDFBC
:10596000C4F828510120C4F8205184F82C01A4F86F
:105970003E51A4F83C5184F8425134F8700F401E57
:1059800024F8B80B0020A4F8525038BDD8000020ED
:10599000000B002010B530B1F749012807D00228CC
:1059A0000BD0FFDF10BDBDE8104000F0EABA486A36
:1059B000BDE81040002100F0B5BA002081F83000A9
:1059C000FCF7F9FBED484079BDE81040F5F7ECBA7B
:1059D0002DE9F0410646E8480F460178E74D0329D6
:1059E00009D1017BB14206D1406868613846BDE803
:1059F000F04100F0EEBA304600F0F3F90621FAF774
:105A00005DFB040000D1FFDF304600F0EAF9218899
:105A1000884200D0FFDF214638466C61BDE8F04186
:105A200000F027BA10B5D44C207848B1012060723C
:105A3000F8F74CFA2078032804D0207A002800D008
:105A40000C2010BD207BFDF704F8207BFDF772FAD7
:105A5000207BFCF78FFC00B9FFDF0020207010BD19
:105A600010B5FFF7DFFF00F0F1FAC348002180F81E
:105A70003010C172084610BDC049487100208870BE
:105A800001220A7048700A71C870BB490870E7E7C4
:105A9000BA49087070472DE9F047B74C07460E46E3
:105AA000207800284BD1B648FCF702FC20731F2851
:105AB00045D04FF00309676084F8009000256572B7
:105AC000257287B1012107F58E70FDF740FE062093
:105AD000FAF7A0FA97F81C11B1FBF0F200FB1210D4
:105AE000401C87F81C01FCF73EFC40F2F65188424E
:105AF00000D2084600F23F101FFA80F8F7F7B9FD10
:105B0000E061F7F7DFFD0127E0B1A772FCF755FC74
:105B10008246002000F0F1F900EB08015046FCF746
:105B200020F9A061C4E90A6A277584F815909249A2
:105B30002574207B103100F05EF990B910E00C2044
:105B4000BDE8F087FCF739FC4146FCF70AF9A06193
:105B5000A57284F83070A6F28B566663A562E3E7FF
:105B6000FFDF25840020F8F7B1F90020E8E783493A
:105B7000487070478149087170472DE9F0417F4CAA
:105B80000746E088401CE080D4E902516078D7F8ED
:105B9000806120B13246284603F036FC0546A068F5
:105BA000854205D02169281A08442061FDF7D3F801
:105BB000A560AE4205D897F82C01012801D0E07805
:105BC00010B10020BDE8F0810120FBE710B50446CC
:105BD0000846FEF7CFFA4AF2B12108444FF47A7131
:105BE000B0FBF1F040F2E2414C4300F23630844227
:105BF00001D9201A10BD002010BD7CB5044600203C
:105C000084F8400194F8FE0000283FD194F82C015C
:105C100003283BD1FCF7D1FB0146D4F87001FDF716
:105C2000CDF8002832DD214600F016F9411CB4F809
:105C300070000144A4F83C11B4F83C11B4F8F4200D
:105C4000511A09B2002921DD012184F84211B4F86A
:105C50009A10B4F8982001AE891A491E084485B2FA
:105C60000EE00096B4F83C11002301222046FFF715
:105C70009AFA00280AD0012809D0022806D0FFDFAE
:105C8000B4F83C01281A00B20028EADA7CBDB4F866
:105C90003C01BDF804100844A4F83C01F0E738B515
:105CA00000250446012902D13448C07868B1042097
:105CB00084F82C01FCF77FFAA4F87A51B4F870004C
:105CC000A4F83E0184F842515FE60095B4F8F41060
:105CD000012300222046FFF766FA0028EAD0FFDF02
:105CE000E8E710B5062916D2DFE801F00509030C34
:105CF0000C0D002100E00121BDE81040CFE7032199
:105D000080F82C1110BDB0F834118AB2816ABDE858
:105D10001040FFF7FCB9FFDF10BD70B5174CA1783C
:105D2000022916D1E188002913D16569C5F88401DB
:105D300095F86500FEF78BFAD5F88411081AA1686A
:105D40000144A160E1680844E060BDE8704000F0F3
:105D5000A9B970BD70B5054608488478022C11D0E9
:105D6000054C243401B34FF47A7601290ED0022970
:105D700010D0FFDF70BD0000000B0020D800002015
:105D8000D1590100446904F5C074EBE71846FEF7E9
:105D900056FA02E01046FEF795FF00F2E140B0FB34
:105DA000F6F0281A2060E5E72560E3E7FE4810B525
:105DB000007808B1002010BD0620FAF71DF980F028
:105DC000010010BDF8480078002800D0012070477D
:105DD00010B504460C2800D3FFDFF44830F8140057
:105DE00010BD10B504461F2800D3FFDFEE48383041
:105DF00030F8140010BDFCF711BD70B5044600204A
:105E000084F82C0194F87C514FF6FF761F2D00D3B7
:105E1000FFDFE548383020F8156094F87C01FCF786
:105E2000A9FA1F2084F87C01A4E770B505460C464A
:105E300016461046FEF79EF94AF2B12108444FF487
:105E40007A71B0FBF1F000EB450004443046FEF7F8
:105E5000FEF9204460308DE7002809D0D1F83421C4
:105E6000498840F271235943C2EB4101B0FBF1F084
:105E700070472DE9F04101250226CD4F0C46082838
:105E800031D2DFE800F0040E161611301A23204636
:105E900000F0ADF9204600F064F984F84051BE707E
:105EA00090E601F00AFF01E0FEF72FFE84F8405172
:105EB00088E62046BDE8F0414CE4FEF7B3FCFEF76F
:105EC00024FE4FF0E020C0F880627BE694F82C01BD
:105ED000042800D0FFDF2046FFF78FFF7879BDE868
:105EE000F041F5F761B8FFDF6CE610B5AE4C207BF2
:105EF000FCF740FA0020207010BD08B500284FF0D4
:105F00000101684602D0FDF703FC01E0FDF7F6FB56
:105F10009DF8000042F210710002B0FBF1F201FBAB
:105F2000120008BD2DE9F0419F4C0746002084F87F
:105F30003000A669E07220700120207201216068A3
:105F400003F0B2F86068C0F87061257B80F87C517E
:105F5000C0F88071C0F8746106881F2D00D3FFDF80
:105F60009148383020F815606068FFF7EAFC00B10E
:105F7000FFDFFCF720F98E484079BDE8F041F5F7E6
:105F800013B870B5884C0025A07A18B10120FFF72E
:105F9000B4FF0546F7F796FB4119A069FBF7E1FE50
:105FA000A061002525740320607501202075607AAA
:105FB00030B97D49207B1031FFF71DFF00B9FFDFAD
:105FC0002584FCF7F8F87A484079BDE87040F4F78A
:105FD000EBBF70B5744D04462878032800D0FFDF6E
:105FE000082C31D2DFE804F0040E2A2A2630302DA6
:105FF00000206862F7F77CFD00B1FFDF6C490320E9
:106000008870B7E6F7F735FBE9690446A14206D286
:10601000601A0421FCF705FFEC6108B906E0E861AD
:10602000F7F7B1FE0028ECD0FFDFA3E6BDE8704033
:106030000020AFE4BDE87040FEF767BDBDE87040EA
:1060400035E4BDE8704050E7FFDF93E6FEB5584CFD
:106050000120E0704FF6FF750CE00621FAF72EF8EC
:10606000060000D1FFDF96F87C01FCF763FF3046A5
:10607000FFF7C3FE69460620F9F7ADFF50B1FFDF19
:1060800008E0029830B190F82C1119B10088A842AC
:10609000E3D104E06846F9F77CFF0028F1D0002046
:1060A000E070FEBD2DE9F0474148446994F8431182
:1060B000002955D094F82C11032951D194F86590FA
:1060C0000078FFF785FE054694F88C01FFF780FE07
:1060D000284486B294F88C01FFF77AFE00F5C86078
:1060E0001FFA80F84846FEF7B2F8D4F884110D1A6A
:1060F0004846FEF73FF84FF47A7A00F2E730B0FBFB
:10610000FAF02D1A4846FEF7A2F8D4F800110F1A3B
:106110004846FEF72FF84AF2B1210144B1FBFAF0EC
:106120003A1AA2F160007043B0FBF8F1292000EBAD
:1061300052006031A0EB510200EB5100AA4201D89D
:10614000854201D3F4F714FE608840F2E2414843EF
:106150003146FFF70DF8C4F83401002084F84301FC
:10616000EEE470B50446FCF7FEF8054694F86500C9
:10617000FEF700F84AF2B12108444FF47A71B0FBFF
:10618000F1F0D4F8341140F2712201446088504398
:10619000C1EB4006303EB72D00D8B725214601207F
:1061A00003F0CFFC284405E0000B002088B201007A
:1061B000D8000020351A21460120A5F21B3503F036
:1061C000C0FC616A9C30814201D9081A00E00020BD
:1061D0002C49A842CD6000D328468860D4F86C01D1
:1061E000A0F5D3700861BDE87040FCF7B4BD10B5F0
:1061F000044624490020C4F88001C880C4F8840102
:1062000094F8410138B9FCF7D8F8D4F84C11FCF7F0
:10621000D5FD002813DCB4F83E11B4F870008142BB
:1062200001D1B4F8F410081AA4F8F600A4F870101C
:10623000D4F86801C4F84C01C4F870011CE0B4F84B
:106240003C01B4F87010401AA4F8F600B4F83C0110
:10625000A4F87000D4F84C01C4F86801C4F87001C7
:10626000D4F85401C4F80001D4F85801C4F87401FA
:10627000B4F85C01A4F878012046BDE8104001F0B4
:1062800006BC0000D80000202DE9F0410E4604466F
:1062900003F06FFB0546204603F06DFB044603F058
:1062A000FDF8FB4F010015D0386990F864208A4250
:1062B00010D090F8C4311BB190F8C63123421FD0E2
:1062C0002EB990F85D30234201D18A4218D890F857
:1062D000C401A8B1284603F0E1F870B1396991F81A
:1062E0006520824209D091F8C40118B191F8C70124
:1062F000284205D091F8C40110B10120BDE8F08119
:106300000020FBE730B5E24C85B0E06900285ED0A4
:10631000142200216846F7F736F8206990F86500E6
:10632000FDF728FF4FF47A7100F5FA70B0FBF1F534
:10633000206990F86500FDF78AFF2844ADF8060053
:1063400020690188ADF80010B0F87010ADF80410A5
:106350004188ADF8021090F8A60130B1A069C11CC7
:10636000039103F01FFA8DF81000206990F8A50141
:106370008DF80800E169684688472069002180F8A7
:10638000A61180F8A5110399002920D090F8A41136
:1063900000291CD190F87C10272918D09DF81010E6
:1063A000039A002913D013780124FF2B11D0072B57
:1063B0000DD102290BD15178FF2908D180F8A441D1
:1063C0000399C0F8A8119DF8101080F8A71105B026
:1063D00030BD1B29F2D9FAE770B5AD4C206990F8B1
:1063E0007D001B2800D0FFDF2069002580F8A75022
:1063F00090F8D80100B1FFDF206990F8A81041B1F2
:1064000080F8A8500188A0F8DC1180F8DA510C213E
:1064100008E00188A0F8DC1180F8DA51012180F849
:10642000DE110B2180F8D8110088F9F77AFFF9F70F
:1064300023FC2079F4F7B8FD206980F87D5070BD09
:1064400070B5934CA07980072CD5A078002829D16D
:1064500062692046D37801690D2B01F170005FD08D
:106460000DDCA3F102034FF001050B2B19D2DFE87D
:1064700003F01A1844506127182C183A6400152BA1
:106480006FD008DC112B4BD0122B5AD0132B62D0BB
:10649000142B06D166E0162B71D0172B70D0FF2B72
:1064A0006FD0FFDF70BD91F87F200123194602F005
:1064B00038FF0028F6D12169082081F87F0070BDDF
:1064C0001079BDE8704001F0A2BC91F87E00C007D1
:1064D00000D1FFDF01F05AFC206910F87E1F21F087
:1064E0000101017070BD91F87D00102800D0FFDF20
:1064F0002069112180F8A75008E091F87D00142848
:1065000000D0FFDF2069152180F8A75080F87D10AA
:1065100070BD91F87D00152800D0FFDF172005E041
:1065200091F87D00152800D0FFDF1920216981F83E
:106530007D0070BDBDE870404EE7BDE8704001F0E1
:106540003ABC91F87C200123002102F0EAFE00B958
:10655000FFDF0E200FE011F87E0F20F0040008701E
:106560001DE00FE091F87C200123002102F0D9FE0C
:1065700000B9FFDF1C20216981F87C0070BD12E0AA
:106580001BE022E091F87E00C0F30110012800D04A
:10659000FFDF206910F87E1F21F010010170BDE8B7
:1065A000704001F0F3BB91F87C200123002102F040
:1065B000B8FE00B9FFDF1F20DDE791F87D0021283C
:1065C00001D000B1FFDF2220B0E7BDE8704001F04C
:1065D000E9BB2F48016991F87E20130702D50121FC
:1065E0008170704742F0080281F87E208069C0788F
:1065F00081F8E10001F0C1BB10B5254C21690A8882
:10660000A1F81A2281F8180291F8640001F0A9FBA0
:10661000216981F81C0291F8650001F0A2FB216953
:1066200081F81D02012081F81602002081F8C401C2
:106630002079BDE81040F4F7B7BC10B5144C052123
:106640002069FFF74EFB206990F85A10012908D005
:1066500000F5F77103F048FA2079BDE81040F4F72F
:10666000A3BC022180F85A1010BD10B5084C0123BC
:106670000921206990F87C20703002F052FE48B168
:106680002169002001F8960F087301F81A0C10BD5B
:10669000F80000200120A070F9E770B5FE4D01233D
:1066A00029462869896990F87C2009790E2A01D148
:1066B000122903D000241C2A03D004E0BDE8704056
:1066C000D3E7142902D0202A07D008E080F87C40C4
:1066D00080F8A240BDE87040AFE7162906D0262A10
:1066E00001D1162902D0172909D00CE000F87C4FFF
:1066F00080F82640407821280CD01A2017E090F826
:106700007D20222A07D0EA69002A03D0FF2901D17F
:1067100080F8A63132E780F87D4001F037FB286928
:1067200080F8974090F8C4010028F3D00020BDE81D
:10673000704061E72DE9F843D74C206990F87C1050
:10674000202909D05FF0000790F87D10222905D09C
:106750007FB300F17C0503E00127F5E700F17D053B
:1067600010F8B01F41F004010170A06903F007F9AF
:106770004FF00108002608B33946A069FFF784FDF1
:10678000E0B16A46A169206902F096FE90B3A06963
:1067900003F0F3F82169A1F8AE01B1F8701001F02F
:1067A000C6FA40B32069282180F88D1080F88C80CB
:1067B00048E0FFE70220A070BDE8F883206990F868
:1067C000C40110B11E20FFF717FFAFB1A069216906
:1067D000C07881F8E20008FA00F1C1F3006000B966
:1067E000FFDF20690A2180F87C1090F8A20040B9F0
:1067F000FFDF06E009E01AE02E7001F0C7FAFFF7AC
:10680000E8FE206980F89760D6E7206990F8C40117
:1068100018B10020FFF7F0FE2E70206900F17D0115
:1068200080F897608D420DD180F87D600AE0206984
:106830009DF8001080F8B0119DF8011080F8B1119A
:1068400024202870206900F17D018D4203D1BDE82C
:10685000F84301F09BBA80F8A260ADE770B58E4CAA
:1068600001230B21206990F87D20703002F059FD42
:10687000202650BB20690123002190F87D20703034
:1068800002F04FFD0125F0B1206990F87C0024282A
:106890001BD0A06903F063F8C8B1206990F8B0106C
:1068A00041F0040180F8B010A1694A7902F00702B2
:1068B00080F85D20097901F0070180F85C1090F8FC
:1068C000C5311BBB06E0A57058E6A67056E6BDE8CC
:1068D00070407EE690F8C431C3B900F164035E787D
:1068E0008E4205D11978914202D180F897500DE07F
:1068F00000F504710D7002884A8090F85C200A71DE
:1069000090F85D0048712079F4F74EFB2169212051
:1069100081F87D00BDE8704001F02FBAF8B55E4CFB
:10692000206990F87E0010F0300F04D0A07840F07D
:106930000100A070F8BDA06902F0FAFF50B3A06991
:1069400002F0F0FF0746A06902F0F0FF0646A069DA
:1069500002F0E6FF0546A06902F0E6FF0146009757
:10696000206933462A46303003F046F8A079800784
:1069700003D56069C07814280FD0216991F87C0094
:106980001C280AD091F85A0001280ED091F8BB01BA
:1069900058B907E0BDE8F8401BE62169012081F8FD
:1069A0005A0002E091F8BA0130B1206910F87E1F58
:1069B00041F0100101700EE091F87E0001F5FE72C9
:1069C00040F0200081F87E0031F8300B03F080F8B1
:1069D0002079F4F7E9FABDE8F84001F0CEB970B5D6
:1069E0002D4C206990F87E10890707D590F87C20FF
:1069F00001230821703002F094FCE8B1206990F87E
:106A0000AA00800712D4A06902F073FF216981F8FF
:106A1000AB00A06930F8052FA1F8AC204088A1F8A0
:106A2000AE0011F8AA0F40F002000870206990F83B
:106A3000AA10C90703D00FE00120A0709EE590F8CE
:106A40007E00800700D5FFDF206910F87E1F41F02F
:106A50000201017001F091F92069002590F87C1085
:106A6000062906D180F87C5080F8A2502079F4F7EE
:106A70009BFA206990F8AC110429DFD180F8AC5161
:106A80002079F4F791FA206990F87C100029D5D18B
:106A900080F8A25072E50000F800002070B5FE4CAE
:106AA00001230021206990F87D20703002F039FC2C
:106AB000012578B9206990F87D20122A0AD0012397
:106AC0000521703002F02DFC10B10820A07055E5B2
:106AD000A57053E5206990F8A80008B901F04DF9B8
:106AE0002169A06901F5847102F0F1FE2169A069B4
:106AF000D83102F0F2FE206990F8E00100B1FFDF2A
:106B000021690888A1F8E20101F5F271A06902F09B
:106B1000D6FE2169A06901F5F67102F0D5FE206963
:106B200080F8E051142180F87D102079BDE8704094
:106B3000F4F73ABA70B5D84C01230021206990F8D7
:106B40007D20703002F0EDFB0125A8B1A06902F0B4
:106B50008CFE98B1A0692169B0F80D00A1F8AE01D2
:106B6000B1F8701001F0E3F858B12069282180F8DD
:106B70008D1080F88C5001E5A570FFE4BDE87040F1
:106B800027E5A0692169027981F8B021B0F80520D4
:106B9000A1F8B22102F060FE2169A1F8B401A06958
:106BA00002F05DFE2169A1F8B601A06902F05AFE6B
:106BB0002169A1F8B8010D2081F87D00DEE47CB5E3
:106BC000B54CA079C00738D0A06901230521C5784C
:106BD000206990F87D20703002F0A3FB68B1AD1EF3
:106BE0000A2D06D2DFE805F00909050509090505A2
:106BF0000909A07840F00800A070A07800281CD1F6
:106C0000A06902F0FFFD00287AD0A0690226C578AD
:106C10001DB1012D01D0162D18D1206990F87C00EE
:106C200002F067FB90B1206990F87C101F290DD00D
:106C3000202903D0162D16D0A6707CBD262180F801
:106C40007C10162D02D02A20FFF7D6FC0C2D58D030
:106C50000CDC0C2D54D2DFE805F033301D44A7A71F
:106C6000479E57A736392020A0707CBD0120152DE6
:106C700075D008DC112D73D0122D69D0132D64D07E
:106C8000142D3DD178E0162D7CD0182D7DD0FF2D10
:106C900036D183E020690123194690F87F207030B7
:106CA00002F03FFBF8B9A06902F007FE216981F804
:106CB0009201072081F87F0078E001F044F975E047
:106CC000FFF738FF72E001F01EF96FE0206990F8DD
:106CD0007D10112901D0A67068E0122180F87D1086
:106CE00064E0FFF7DBFE61E0206990F87D00172883
:106CF000F1D101F04BF821691B2081F87D0055E0AE
:106D000052E0FFF76CFE51E0206990F87E00C0076A
:106D100003D0A07840F001001FE06946A06902F0AE
:106D2000EAFD9DF8000000F02501206900F8B01F81
:106D30009DF8011001F04101417001F01EF8206939
:106D400010F87E1F41F0010114E0FFF78EFC2DE0EA
:106D5000216991F87E10490705D5A07026E00EE064
:106D600016E00FE011E001F008F8206910F87E1F2E
:106D700041F00401017019E0FFF7D0FD16E001F0C9
:106D80008AF813E0FFF76AFD10E0FFF7D3FC0DE08F
:106D900001F060F80AE0FFF780FC07E0E16919B153
:106DA000216981F8A60101E0FFF713FC2069F0E9F1
:106DB0003012491C42F10002C0E900127CBD70B5DE
:106DC000354CA07900074AD5A078002847D1206922
:106DD00090F8E400FE2800D1FFDF2069FE210025A5
:106DE00080F8E41090F87D10192906D180F8A7509A
:106DF00000F0CCFF206980F87D50206990F87C106D
:106E00001F2902D0272921D119E090F87D0002F036
:106E100070FA78B120692621012380F87C1090F85F
:106E20007D200B21703002F07CFA78B92A20FFF720
:106E3000E3FB0BE02169202081F87C0006E00121C2
:106E400080F8A51180F87C5080F8A250206990F855
:106E50007F10082903D10221217080F8E41059E441
:106E600010B50D4C216991F8B0210AB991F8642050
:106E700081F8642091F8B1210AB991F8652081F870
:106E8000652010B10020FFF7B7FB206902F0D4FDA8
:106E9000002809D0206901E0F8000020BDE810407A
:106EA00000F5F77102F020BE10BD70B5FC4C06462F
:106EB0000D46206990F8E400FE2800D0FFDF22692B
:106EC000002082F8E46015B1A2F8A40022E422F8C0
:106ED0009E0F012010711DE470B5F14C01230021BB
:106EE000206990F87C20703002F01BFA002869D0ED
:106EF000206990F8BA1111B190F8BB1139B190F82E
:106F0000C41100295DD090F8C51111B359E090F873
:106F10007D1024291BD090F87C10242917D0002341
:106F200000F5D87200F5DD7102F058FD21690020EE
:106F300081F8BA0101461420FFF7B7FF216901F17A
:106F40003000C28A21F8E62F408B48803FE00123C1
:106F5000E6E790F87D2001230B21703002F0E1F983
:106F600078BB206990F8640000F0FBFE05462069BC
:106F700090F8650000F0F5FE0646206990F8C6110D
:106F8000284600F0E0FE50B1206990F8C711304665
:106F900000F0D9FE18B10020FFF72EFB11E02069A8
:106FA0000123032190F87D20703002F0BAF940B936
:106FB00020690123022190F87D20703002F0B1F9A0
:106FC00008B1002080E400211620FFF76EFF0120A9
:106FD0007AE410B5F0BBB24C206990F87E10CA0775
:106FE00002D00121092051E08A070AD501210C2095
:106FF000FFF75BFF206910F8AA1F41F00101017043
:1070000046E04A0702D5012113203FE00A0705D5D3
:1070100010F8E11F41710121072037E011F0300F16
:107020003AD090F8BB11A9B990F8BA11D9B190F83B
:107030007D1024292ED090F87C1024292AD00023FA
:1070400000F5D87200F5DD7102F0C8FC216911F875
:107050007E0F00E020E020F0200040F010000870DB
:10706000002081F83C01206990F87E10C90613D5F4
:1070700002F0E2FCFFF7E1FA216901F13000C28A77
:1070800021F8E62F408B488001211520FFF70DFFE6
:10709000012010BD0123D3E7002010BD70B5804C46
:1070A000206990F8E410FE2978D1A178002975D1E3
:1070B00090F87F2001231946703002F032F9002841
:1070C0006CD1206990F8901149B10021A0F89C1072
:1070D00090F8911180F8E610002102205BE090F812
:1070E0007D2001230421703002F01BF90546FFF7D3
:1070F00070FF002852D1284600F089FF00284DD1AA
:1071000020690123002190F87C20703002F009F9F9
:1071100078B120690123042190F87D20703002F0BD
:1071200000F930B9206990F8960010B100211220C2
:1071300031E0206990F87C200A2A0DD0002D2DD155
:1071400001230021703002F0ECF878B1206990F84A
:10715000AC1104290AD105E010F8E21F01710021E9
:10716000072018E090F8AA00800718D0FFF7B4FEB7
:10717000002813D120690123002190F87C20703071
:1071800002F0CFF8002809D0206990F8A401002867
:1071900004D00021FF20BDE8704086E609E0002110
:1071A0000C20FFF782FE206910F8AA1F41F00101B0
:1071B000017043E43EB505466846FDF7BDFE00B9E3
:1071C000FFDF222200210098F6F7DDF80321009866
:1071D00002F0FFFA0098017821F0100101702946B1
:1071E00002F01DFB2E4C0D2D40D00BDCA5F102054D
:1071F0000B2D19D2DFE805F01F184719191F185673
:1072000018192400152D5ED008DC112D25D0122D63
:107210000BD0132D09D0142D06D154E0162D29D0F2
:10722000172D69D0FF2D73D0FFDFFDF79AFE0028E0
:1072300000D1FFDF3EBD2169009891F8E61017E00C
:10724000E26800981178017191884171090A817191
:107250005188C171090A0172E7E70321009802F021
:10726000A6FB0621009802F0A6FBDEE700980621A7
:107270000171DAE70098216991F8C621027191F84D
:10728000C7114171D1E72169009801F5887102F0B9
:1072900028FB21690098DC3102F028FBC5E70000DB
:1072A000F8000020F849D1E90001CDE90101206989
:1072B00001A990F8B00000F025008DF804000098B6
:1072C00002F048FBB1E72069B0F84810009802F0DE
:1072D00017FB2069B0F8E810009802F015FB206950
:1072E000B0F84410009802F013FB2069B0F8E610E3
:1072F000009802F011FB98E7216991F8C401002879
:107300000098B9D111F8642F02714978B9E7FFE705
:10731000206990F8A721D0F8A811009802F08DFA02
:1073200083E7DA4810B5006990F8821041B990F807
:107330007D2001230621703001F0F3FF002800D0EA
:10734000012010BD70B5D14D286990F8801039B179
:10735000012905D0022906D0032904D0FFDF0AE461
:10736000B0F8F41037E090F87F10082936D0B0F864
:107370009810B0F89A2000248B1C9A4206D3511A18
:10738000891E0C04240C01D0641EA4B290F896103F
:1073900039B190F87C2001230921703001F0C1FF40
:1073A00040B3FFF7BEFF78B129690020B1F8902003
:1073B000B1F88E108B1C9A4203D3501A801E00D055
:1073C000401EA04200D284B20CB1641EA4B228694F
:1073D000B0F8F4102144A0F8F01040E5B0F898108F
:1073E0000329BDD330F8701F428D1144491CA0F809
:1073F000801034E50024EAE770B50C4605464FF4EA
:10740000087200212046F5F7BEFF258027E5F8F732
:107410005FBF2DE9F0410D4607460621F8F74EFE05
:10742000041E3ED094F8CC010026B8B16E7007203F
:1074300028700DE0268484F8CC61D4F8CE01C5F81C
:107440000200D4F8D201C5F80600B4F8D60168816C
:1074500094F8CC010028EDD1AE70B6E094F8D801D4
:1074600090B394F8D8010B2813D00C2801D0FFDF7B
:10747000ABE02088F8F755FF0746F8F712FC78B91B
:107480006E700C20287094F8DA01A8702088A8800B
:1074900014E02088F8F745FF0746F8F702FC10B122
:1074A0000020BDE8F0816E700B20287094F8DA019E
:1074B000A8702088A88094F8DE01A87184F8D861AB
:1074C0003846F8F7E8FB80E0FFE794F80E0230B1A9
:1074D0006E700E20287084F80E626F8075E094F84C
:1074E000E00180B16E700820287020886880D4F890
:1074F000E4116960D4F8E811A960B4F8EC01A8813E
:1075000084F8E06161E094F8080270B16E701620B2
:10751000287005E084F80862D4F80A02C5F8020071
:1075200094F808020028F5D14FE094F8EE01B0B1CC
:107530006E70122028700DE084F8EE61D4F8F0012E
:10754000C5F80200D4F8F401C5F80600D4F8F80133
:10755000C5F80A0094F8EE010028EDD135E094F862
:10756000FC0180B16E701820287084F8FC61D4F89A
:10757000FE01C5F80200D4F80202C5F80600B4F80E
:107580000602688121E094F8100240B119202870A9
:1075900084F81062D4F81202C5F8020015E094F8DD
:1075A000160200283FF47DAF6E701320287008E0AB
:1075B00084F81662D4F81802C5F80200B4F81C0268
:1075C000E88094F816020028F2D1012069E72F48DC
:1075D0000021C16101620846704730B52B4D0C4651
:1075E000E860FFF7F4FF00B1FFDF2C7130BD002130
:1075F00080F87C1080F87D1080F8801090F8FE10E4
:1076000009B1022100E00321FEF76BBB2DE9F04137
:107610001E4C0546206909B1002104E0B0F80611AE
:10762000B0F8F6201144A0F8061190F8901139B97D
:1076300090F87F2001231946703001F072FE30B1BE
:10764000206930F89C1FB0F85A201144018020694D
:1076500090F8A23033B1B0F89E10B0F8F620114483
:10766000A0F89E1090F9A670002F06DDB0F8A410C7
:10767000B0F8F6201144A0F8A41001213D263DB138
:1076800080F88D6018E00000A0B20100F800002032
:107690002278022A0AD0012A11D0A2782AB380F8CF
:1076A0008C1012F0140F0DD01E2113E090F8E6207C
:1076B000062A3CD016223AE080F88C1044E090F87C
:1076C000922134E0110702D580F88D603CE09106EC
:1076D00003D5232180F88D1036E0900700D1FFDF1D
:1076E00021692A2081F88D002AE02BB1B0F89E2074
:1076F000B0F8A0309A4210D2002F05DDB0F8A420D7
:10770000B0F8A0309A4208D2B0F89C30B0F89A2075
:10771000934204D390F890310BB1222207E090F805
:1077200080303BB1B0F89830934209D3082280F8FA
:107730008D20C1E7B0F89820062A01D33E22F6E753
:10774000206990F88C1019B12069BDE8F0414EE72E
:10775000BDE8F0410021FEF7C4BA2DE9F047FF4C27
:1077600081460D4620690088F8F7EDFD060000D13E
:10777000FFDFA0782843A070A0794FF000058006B5
:10778000206904D5A0F8985080F8045103E030F83F
:10779000981F491C0180FFF7C4FD012740B3E08812
:1077A000000506D5206990F8821011B1A0F88E501E
:1077B0001EE02069B0F88E10491C89B2A0F88E1026
:1077C000B0F890208A4201D3531A00E00023B4F8A5
:1077D00008C00CF1050C634501D880F89670914201
:1077E00006D3A0F88E5080F80E722079F3F7DCFBF8
:1077F000A0794FF0020810F0600F0ED0206990F8C9
:10780000801011B1032908D102E080F8807001E0F6
:1078100080F880800121FEF764FA206990F88010DA
:10782000012904D1E188C90501D580F88080B9F12A
:10783000000F71D1E188890502D5A0F8185104E044
:10784000B0F81811491CA0F8181100F0A7FBFEF7BA
:1078500059FDFFF723FC00F0B2FD0028206902D09B
:10786000A0F8F85003E030F8F81F491C018000F040
:10787000A9FD38B1206990F80411022907D8491CE4
:1078800080F80411206990F80401022804D92069C5
:1078900020F8F85F4580057320690123002190F8E6
:1078A0007D20703001F03DFD20B9206990F87D0009
:1078B0000C286AD120690123002190F87C207030C7
:1078C00001F02FFD48B320690123002190F87F20AB
:1078D000703001F026FD00B3206990F88010022975
:1078E00053D190F80401C0B93046F7F7AAFFA0B110
:1078F000216991F8E400FE2847D1B1F8F20001288F
:1079000043D981F8FD70B1F89A20B1F89800931E20
:10791000984203DB012004E043E036E0101A401EE9
:1079200080B2B1F8F82023899A4201D3012202E003
:107930009A1A521C92B2904200D91046012801D1E5
:1079400081F8FD5091F86F206AB98A6E5AB1B1F88A
:107950009420B1F87030D21A12B2002A03DD90429E
:1079600000DB104680B291F8892192B1B1F8FA207B
:10797000B1F88A118A4201D3012102E0891A491C17
:1079800089B2884205D9084603E02169012081F8BF
:10799000FD502169B1F870201044A1F8F400FFF700
:1079A000D1FCE088C0F340214846FFF72FFE206954
:1079B00080F8FE50BDE8F047FDF7F6BA6749024689
:1079C0008878CB78184312D10846006942B189798A
:1079D000090703D590F87F00082808D001207047D8
:1079E000B0F84C10028E914201D8FEF7C6B80020C4
:1079F000704770B5594C05460E46E0882843E08034
:107A0000A80703D5E80700D0FFDF6661EA074FF05B
:107A100000014FF001001AD0A661F278062A02D0C8
:107A20000B2A14D10AE0226992F87D30172B0ED16F
:107A30000023E2E92E3302F8370C08E0226992F8BD
:107A40007D30112B03D182F8811082F8A800AA079B
:107A500018D56269D278052A02D00B2A12D10AE021
:107A6000216991F87D20152A0CD10022E1E930220C
:107A700001F83E0C06E0206990F87D20102A01D123
:107A800080F88210280601D50820E07067E42DE90F
:107A9000F84F324C00254FF00108E580A570E570E5
:107AA0004146257061F3070220619246814680F8C5
:107AB000FE800088F8F747FC070000D1FFDF20694F
:107AC0000088FDF736FA20690088FDF75BFA206927
:107AD000B0F8F21071B190F8E410FE290FD190F8CF
:107AE000901189B190F87F2001231946703001F080
:107AF00018FC78B1206990F8E400FE2804D02069D1
:107B000090F8E400FFF756FB206990F8FF1089B168
:107B1000258118E02069A0F89C5090F8911180F818
:107B2000E61000210220FFF7C0F9206980F8FD501F
:107B30000220E7E790F8CC1119B9018C82889142B4
:107B400000D881882181B0F8F610491E8EB2B0F8B5
:107B5000F8103144A0F8F81002E00000F80000200E
:107B600090F8FC1021B1A0F8FA5080F8FC5004E025
:107B7000B0F8FA103144A0F8FA1030F8981F3144E8
:107B80000180FFF7CEFB20B1206930F88E1F314411
:107B900001802069B0F8F210012902D8491CA0F830
:107BA000F2100EB180F8045190F8FD10A1B1B0F8B8
:107BB000F800218988420FD23846F7F742FE58B1C3
:107BC000206990F8891139B1B0F8FA10B0F88A013B
:107BD000814201D300F0F9FB206980F8FD5090F854
:107BE0007D100B2901D00C2916D1B0F87020B0F807
:107BF000AE31D21A12B2002A0EDBD0F8B011816079
:107C000090F8B4110173032101F04EFA206980F855
:107C10007D5080F8B28026E0242910D1B0F8701091
:107C2000B0F8AE21891A09B2002908DB90F8C40126
:107C3000FFF716F9206900F87D5F857613E090F86C
:107C40007C10242901D025290DD1B0F87010B0F88E
:107C5000AE01081A00B2002805DB0120FFF700F989
:107C6000206980F87C5020690146B0F8F620703019
:107C700001F0C8FA206990F8891109B1A0F8FA500A
:107C8000F6480090F64BF74A4946504600F0DEFAB7
:107C9000216A11B16078FCF74DFE206901230521AE
:107CA00090F87D20703001F03CFB002803D0BDE847
:107CB000F84F00F038BABDE8F88F00F045BBEA494C
:107CC000C8617047E848C069002800D001207047AB
:107CD000E54A50701162704710B50446B0F8B421FF
:107CE0004388B0F8B611B0F8B8019A4205D1A3881C
:107CF000994202D1E38898420FD02388A4F8D0316A
:107D0000A4F8D221A4F8D411A4F8D601012084F853
:107D1000CC01D5480079F3F747F90221204601F05C
:107D2000C3F9002004F87D0F0320E07010BD401A55
:107D300000B247F6FE71884201DC002801DC012018
:107D4000704700207047012802D0022805D102E0C8
:107D5000012904D001E0022901D000207047012050
:107D6000704710B5012804D0022804D0FFDF204658
:107D700010BD0124FBE70224F9E7BB48002100699C
:107D800020F8A41F8178491C81707047B64800B55F
:107D9000016911F8A60F401E40B20870002800DAF1
:107DA000FFDF00BDB0482721006980F87C1000216A
:107DB00080F8A411704710B5AB4C206990F8AC1155
:107DC000042916D190F87C2001230021703001F0A5
:107DD000A8FA00B9FFDF206990F8AA10890703D438
:107DE000062180F87C1004E0002180F8A21080F8C1
:107DF000AC11206990F87E00800707D5FFF7C6FF19
:107E0000206910F87E1F21F00201017010BD964913
:107E100010B5096991F87C200A2A09D191F8E2206D
:107E2000824205D1002081F87C0081F8A20010BDBB
:107E300091F87E20130706D522F0080081F87E0015
:107E4000BDE81040A2E7FF2801D0FFDF10BDBDE86C
:107E50001040A7E710B5844C206910F8B01F41F01E
:107E600004010170A06901F0A4FD162806D1206963
:107E700090F87C00202802D0262805D010BDA069EB
:107E800001F09BFDFEF7B8FB2169002081F87C0022
:107E900081F8A20010BDF8B5734C01230A212069B6
:107EA00090F87C20703001F03CFA38B3A06901F002
:107EB0003FFDC8B1A06901F035FD0746A06901F09A
:107EC00035FD0646A06901F02BFD0546A06901F0CD
:107ED0002BFD01460097206933462A46303001F0D9
:107EE0008BFD206901F0A8FD2169002081F8A20026
:107EF00081F87C00BDE8F840FEF79FBBA07840F019
:107F00000100A070F8BD10B5574C01230021206975
:107F100090F87D20703001F004FA30B1FFF72DFFAA
:107F20002169102081F87D0010BD20690123052101
:107F300090F87D20703001F0F4F908B1082000E0DD
:107F40000120A07010BD70B5474C012300212069AD
:107F500090F87D20703001F0E4F9012588B1A06926
:107F600001F0A8FC2169A1F8AE01B1F87010FFF78B
:107F7000DEFE40B12069282180F88D1080F88C50F9
:107F800084E5A57082E52169A06901F5D87101F049
:107F90008CFC21690B2081F87D0077E510B5FEF798
:107FA0000EFFFEF70CFE304CA079400708D5A078F4
:107FB00030B9206990F87F00072801D10120207096
:107FC000FEF73EFAA079C00609D5A07838B9206935
:107FD00090F87D100B2902D10C2180F87D10E078FB
:107FE00000070ED520690123052190F87D2070300F
:107FF00001F097F930B10820A0702169002081F8C4
:10800000D80110BDBDE81040002000F016BB10B52F
:10801000154C216991F87D2040B3102A06D0142A0E
:1080200007D0152A23D01B2A35D123E001210B20AC
:1080300022E0FBF769FB0C2820D32069082100F51A
:108040008870FBF765FB28B120690421DC30FBF761
:108050005FFB00B9FFDF012104200DE05B77010029
:10806000BD790100F3790100F800002008E000F07C
:1080700017F803E001210620FEF717FF012010BDCD
:10808000212A08D191F8970038B991F8C40110B1AC
:1080900091F8C50108B1002010BD01211720EBE7C0
:1080A00070B5184C0025206990F8931101290AD069
:1080B000022925D190F8A810A9B1062180F8E61070
:1080C0000121022017E090F8D811002918D100F101
:1080D000C80300F58471002200F5CA7001F0C1F8F0
:1080E0000121052007E090F8B000400701D51120DC
:1080F00000E00D200121FEF7D8FE206980F89351A1
:10810000C4E40000F8000020F9480078002800D0FE
:108110000C20704710B50446FFF7F6FF00B1FFDFF3
:10812000F348047210BDF2490120C871704770B560
:108130000C460546082B01D0194600E004211046E4
:1081400001F075F9844200D220460DB1001D80B2C5
:10815000C0B270BD70B5E64934314C6804F17005A9
:1081600060B1628F218F94F86530A87CFFF7DFFF44
:1081700094F86510BDE87040FCF79EB8FF2094F8B5
:108180006410F7E72DE9F0478146D9483430446858
:10819000002004F17005628F218F94F86530FFF79D
:1081A000C6FFD34F0646D34878620120FFF7D2FFBF
:1081B000A87C4FF0000840B305F15801CE4891E883
:1081C0000E1000F1080A8AE80E10A96EC0F82110FE
:1081D000E96EC0F82510FE38FCF743FBC6480121C4
:1081E00008300176D5E91412C0E90412A0F58372B3
:1081F000796AFBF728FF94F8650000F0A7FB0246B8
:1082000031460120FBF72DFF04E0786AFCF729FBDB
:10821000FBF74BFFB9F1000F03D141469620FCF765
:108220004CFB94F8642001210020FCF706FC94F834
:108230002C00012801D1FCF7DFFB02203870FCF78D
:1082400061FD002800D0FFDFBDE8F0872DE9F04395
:10825000A74D87B0804628780E9F1C461646894653
:1082600010B90EB104B107B9FFDFEF61C5E90564CC
:108270000020C5E90D89E871A871E870A87028711F
:108280009B4F6871A8813437E8817E68344636F8A0
:10829000700BF8F758F8E8622088F8F742F828637E
:1082A000FCF714F894F96700FCF7CEF804F112001B
:1082B000FCF7B9FA04F10E00FCF7CCF80120FCF74A
:1082C000CDFA18228D496846F5F733F88C480490AA
:1082D0006846FCF7B7FAF07EFCF7C6F8FCF7B8FA88
:1082E00094F86F0078B9A06E68B1B08C318888427C
:1082F00009D1B4F86C1001220844B08494F86E00DF
:10830000A16EF9F708FE628F218F94F86530B07C7A
:10831000FFF70DFF94F865402146FBF7CDFF786825
:1083200090F8880108B1FCF74FF821460120FCF7CE
:1083300054F97868D0F80001FCF797FA0120FFF7AC
:1083400021FF07B0BDE8F083694800B50078022836
:1083500000D0FFDF00BD664810B534304468FCF73C
:10836000FBFAFCF7DAFAFCF729FAFCF762FAFBF7FA
:108370009CFE94F82C00012801D1FCF733FB94F803
:108380006F0038B9A06E28B1002294F86E00114633
:10839000F9F7C1FD564CE08900F0E2FAE269A179F3
:1083A000A07890470020207010BD514810B500788B
:1083B000022800D0FFDFBDE81040CCE7CBE74C48F7
:1083C000007970474A48C078704749490120487190
:1083D00070472DE9FC474648454E3430A0F114075C
:1083E00044684FF0000A254694F875004FF00108E4
:1083F000703458B3012868D002286AD0032876D098
:10840000FFDF316AB1460826087820F008000870BE
:10841000A37906EAC303184320F004000870E37947
:10842000042606EA8303184320F0100008706779D9
:10843000D9F82C00F7F715FA0646FCF7C8FD022F0D
:1084400067D0012F65D0032F66D068E000F094FA62
:10845000AA8E0146104600F0EAFF298E814200D222
:1084600008464C21ADF8040048533846FCF78DFD12
:1084700048B14FF48060316A00F077FA03206071F0
:1084800084F80380BDE76A4601A9F06A00F05CFA4F
:10849000306210B194F8371029B13846FCF746FD28
:1084A00084F80580ADE79DF8001031B9A0F800A070
:1084B00080F802A0012101F08CF9BDF80410306AA7
:1084C00001F07DFA022060719BE73846FCF72EFD33
:1084D00097E7B5F84C00ADF804006A4601A9F06AC8
:1084E00000F032FA306200288BD1FFDF89E709E023
:1084F0001C010020780B0020780D0020A8B201009C
:108500001B5D01003846FCF740FD0028BAD1FFDFB3
:1085100077E7B04301D002E00EB1012100E0002175
:10852000D9F820004E46027842EA01110170617CC0
:1085300051B36179012927D004F15801F7488EC958
:1085400000F1080989E88E00A16EC0F82110E16EE3
:10855000C0F82510FE38FCF784F9F048083080F8A0
:1085600018A0D4E91212C0E90412A0F58371326A8E
:10857000FBF769FD95F8640000F0E8F90246FB217D
:108580000020FBF76EFD03E0FCF76BF9FBF78DFDB8
:10859000012195F865200846FCF74FFA86F804801B
:1085A000316A0A8832828978B17486F80080FCF7D3
:1085B000B5FB002800D0FFDFBDE8FC8770B5D84CC4
:1085C000054639B9012D05D1E078401CC0B2E070F4
:1085D000012820D8A16928468847E0B16179D148AF
:1085E00031B1012D04D1417811B90178C90612D5F4
:1085F000A17981B98DB9CA4910310978CA0602D466
:108600000078C00607D5A08928B9A06A28B9608972
:1086100018B1C80601D4012070BD002070BD10B58E
:10862000BF4CA06A00B9FFDF6289D4E90910D21CEF
:10863000F4F77FFEA06A606210BD2DE9F0470600E6
:10864000B748B74D00F134004468686A04F170041B
:10865000477801D0012E03D1296B02F0EDF8687044
:1086600068784FF000084FF0010938B1012816D0A2
:1086700002282FD0032844D0FFDFE5E5012E30D0BB
:10868000FFF7CDFF39460122286BF7F75BF926E0AB
:1086900084F8078030E000BF84F807902CE0012EBA
:1086A00008D0FFF7BCFF39460022286BF7F74AF9DC
:1086B000022EE2D0D4E91401401C41F10001C4E9CA
:1086C0001401E079012802D084F80790BCE584F811
:1086D0000780B9E5012E04D0286BF7F7B7FA022E10
:1086E000CBD0D4E91401401C41F10001C4E91401CC
:1086F000E0790128D0D1CBE7287ABDE8F047F2F73E
:1087000053BC012EB9D0286BF7F7A0FAF4E770B587
:108710008349834A343100264C68516A01257034FC
:108720000B7803F00303012B14D0022B12D0032B80
:1087300003D0907940F0040023E0A570D08940F484
:108740000060D081012000F010F91CE0E67170BDDE
:10875000E57170BD4978B1B1D38943F40063D38129
:10876000936A002BF5D0FB2908D8D17921B1BDE857
:108770007040802000F0F4B8057070BD907940F032
:108780001000907170BDE0790128E1D1DEE770B58D
:108790006348634D3430446828787034012800D031
:1087A000FFDFA07838B10020A0700146042000F05F
:1087B000DCF801202071296A0878C043800705D1C0
:1087C000A889400502D5022000F0CFF80121002041
:1087D000FFF7F4FE10B1BDE87040BCE5BDE87040A5
:1087E0000020CFE42DE9F84F4D4F4D4C3437002693
:1087F0007D6882468DF8006020787035022800D0B0
:10880000FFDFE08940F40070E0810020FFF7A2FC68
:10881000A87CBAF1000F5BD0FBF76AFCFBF75AFCAF
:108820004FF0010968B9A87C58B1606A417841B13C
:108830000078E979C0F3C000884202D184F8029040
:1088400059E0606A4178618121B1206BF7F734F813
:10885000A06200E0A662E089B84640F02000E08116
:10886000E670786800F17007064690F82C00012841
:1088700016D1FCF7B7F83946304600F010FD78B154
:10888000D8F804003188A0F80A12397A80F80C125E
:10889000797A80F80D1280F80892207AF2F784FB3A
:1088A000606AA9790078C0F38000884205D000F0A2
:1088B00094F8E08940F48070E081606AE97900789A
:1088C000C0F3C00088420AD16846FFF720FF06E0E7
:1088D00008B1FBF73EFCE08940F04000E0815146E2
:1088E0000120FFF76BFE00289DF8000007D010B1B3
:1088F0000020FFF7A2FEFFF72EFDBDE8F88F10B1B4
:108900000120FFF79AFEFFF764FD9DF800000028A4
:10891000F3D00220FFF791FEEFE70000780D002072
:108920001C010020780B002070B5064654480D4607
:108930004468FBF773FC034694F8642029463046EC
:10894000BDE87040FDF706BAF6F7C5BE00B50128D0
:1089500002D0022802D0FFDF002000BD012000BDB0
:10896000474A0021343A52691047454A343A9389BC
:108970000343938152691047414810B5446804F19C
:108980007001087B24280ED0497B24290BD01F2896
:108990000CD020280AD0222912D094F86400042890
:1089A00000D1082010BD94F8B01106E0222907D0AC
:1089B00094F8C60100F04FF8014694F8640008E00E
:1089C00094F8C60114F85D1F084000F044F8014611
:1089D000E079BDE8104000F048B870B52848446818
:1089E00094F875007034002832D0022810D1244D3C
:1089F000343DE86AF6F79BFE00B9FFDFD4E91201C7
:108A0000401C41F10001C4E91201287AF2F7CCFAC6
:108A100000256571207920B1257100211020FFF714
:108A2000A4FFE07878B1E570FCF7BEFA00B9FFDF8B
:108A300000210820FFF799FFD4E91201401C41F101
:108A40000001C4E91201A079012802D00120A0711F
:108A500070BDA57170BDC10701D0012070478007AE
:108A600001D50220704700207047002904D001285A
:108A700003D0012901D00220704701207047000077
:108A8000500100202DE9F0410F4606460024FE4D1E
:108A90000FE000BF05EBC40090F85311B14206D1BE
:108AA0000622394600F5AA70F4F716FC38B1641CAA
:108AB000E4B22878A042EDD81020BDE8F08120462D
:108AC000FBE7F0B50746F04816460478621C0270D2
:108AD00000EBC4050868C5F854018888A5F858015A
:108AE000102C00D3FFDF85F8537185F85A612046BA
:108AF000F0BD70B5054600F017FA10281CD1E24C05
:108B00002078401EC0B22070A84215D004EBC002ED
:108B100004EBC50102F58070D2F85321C1F853214E
:108B2000D0F85700C1F85701207800F0FDF910285F
:108B300002D0204480F8035170BD2DE9F047D24C9B
:108B40000646A719A078401EC5B2A57097F8038104
:108B5000AE422AD004EB051A04EB06190AF1030110
:108B600009F103001022F4F7E4FB0AF1830109F193
:108B700083001022F4F7DDFB601905EB450290F845
:108B8000031187F8031106EB460104EB420204EBE4
:108B90004101D2F80B31C1F80B31B2F80F21A1F825
:108BA0000F2190F83B0187F83B0104EBC80090F8D7
:108BB0005A01C00703D14046BDE8F04799E7BDE838
:108BC000F087B1498A78824203D9084490F843017A
:108BD00070470020704710B540F2D3120021AA4818
:108BE000F4F7D1FB0822FF21A848F4F7CCFBA748F3
:108BF00000210C38417081704FF46171818010BD8B
:108C000070B50D460646FFF73DFF9F4C102807D074
:108C100004EBC00191F85A11C90701D0012070BDC1
:108C20006178082910D2102808D004EBC000012177
:108C300080F85A116078401C6070EFE701222946E5
:108C40003046FFF73EFFF5E7002070BD70B58E4D52
:108C50002878401E44B20AE005EBC40090F85A019F
:108C6000C00702D0E0B200F070F9641E64B2002CBC
:108C7000F2DA864900200C39887070BD82498A7802
:108C8000824203D901EB0010C01C704700207047DE
:108C90002DE9F047984691460C460546FFF7F2FE4F
:108CA0000646102805D000F03FF9102801D0122008
:108CB00085E7754FB87808282AD2102E05D10022F2
:108CC00021462846FFF7FDFE0646BC781022601CB0
:108CD000B87007EB0415E81C494600F0B5FA05F139
:108CE00083001022414600F0AFFA1021404600F008
:108CF0009CFA3C44102184F84301484604F59674DC
:108D000000F093FAE07704F8296C0020E07356E74E
:108D1000072054E75C4810B58078401E44B204E058
:108D2000E0B2FFF70AFF641E64B2002CF8DA10BD4F
:108D300056490C394870704754480C384078704791
:108D400040B14AF2B811884204D850490C398880A1
:108D500001207047002070474C480C3880887047CD
:108D600010B5FFF78FFE102803D000F0DDF81028B3
:108D700000D1082010BD44498A78824203D901EB12
:108D8000001083307047002070473F4B10B59C782F
:108D900084420FD9184490F8030103EBC00090F807
:108DA00053310B70D0F854111160B0F85801908015
:108DB000012010BD002010BD334A114491F8032159
:108DC00032490C390A700268C1F80620808848814F
:108DD000704770B52D4B0C3B5B7873B12A4B9C7878
:108DE0005CB1451821460AB1D81C01E02648833001
:108DF0002A46FBF794F8012070BD002070BD10B525
:108E0000FBF7DBF818B1BDE81040FBF7E6B8FF2030
:108E100010BD1D498A78824209D9084490F803019F
:108E200001EBC00090F85A0100F0010070470020EB
:108E300070472DE9F04100242546134E2CE02846CA
:108E400000F072F88046FFF719FF06EBC50797F8A8
:108E50005A11C9071ED060B1B8F1100F05D006EB4A
:108E6000080191F83B11012903D0102100F0DDF930
:108E700080B10649204601F80480641C97F853210C
:108E800007F5AA71E4B203E0A80D002064010020F8
:108E9000FBF7B5FA6D1CEDB23078A842CFD80CE6DE
:108EA000012296E72E4A01EB410102EB41010268E3
:108EB000C1F80B218088A1F80F01704701461022EC
:108EC000284800F0C1B92748704725498A7882426E
:108ED00003D9084490F83B0108B1002070470120F5
:108EE00070472DE9F0410E460746154606213046EB
:108EF00000F09BF91A4C58B1002004E02118401CE6
:108F000081F83B51C0B2A1788142F7D80120D4E565
:108F100031463846FFF724FF082803D0204480F864
:108F20003B51F3E70020C8E50D4910B5034600208A
:108F30008A7806E00C1894F803419C4204D0401C47
:108F4000C0B28242F6D8102010BD05494A78521EA0
:108F50004A7001EBC001002281F85A21C9E50000E6
:108F6000A80D00207B0F002000F00101400800F058
:108F700001021144400800F001021144400800F0D1
:108F800001021144400800F001021144400800F0C1
:108F900001021144400800F00102114401EB5000AD
:108FA000704710B500240485848DDB004C43B3FB6F
:108FB000F2F394FBF2F45B1C84859BB203FB02F496
:108FC0004385B4F5C84F01DD5B1E43854FF4FA437A
:108FD000B3FBF2F35B1C0386438C02EBC3035B1E03
:108FE000B3FBF2F30384C38B4B43B3FBF2F1C183B6
:108FF00010BD70B50546087B0E4600F01F000873D3
:109000000020687604463019007AFFF7ADFF291971
:10901000641C0875697EE4B208446876052CF2D3B6
:10902000C0B2252800D9FFDF70BD0023C38342846E
:1090300001EBC202521EB2FBF1F101847047F0B5A0
:109040006FF01F02010C02EA90261F25A1F5AA402D
:1090500054380DD0A1F5AA40553809D0A1F52850B3
:10906000AA3805D0A1F52A40AA3801D0012000E095
:10907000002000221346144682EA0107FF431F43E3
:109080007F1C0FD006F00107520842EAC73205F0F4
:1090900001075B0876086D08641C43EAC733162C89
:1090A000EAD3F0BD0020F0BD2DE9F04101260446D1
:1090B000002500F1700751B1012974D0022971D047
:1090C00003296CD101463846BDE8F04191E7802282
:1090D00000213846F4F757F9BD71FD713D737D737A
:1090E000FD733D747D71BD76FD76212087F84000CB
:1090F000412087F84100FE2087F8740027887022FD
:1091000000212046F4F73FF9278084F8646084F852
:109110006560282084F8660004F1300000210746CD
:1091200000F071FC1B21F9833984A4F85210A4F8D3
:1091300054104FF4A470A4F85600A4F858006673B5
:109140004FF448606080A4F8F050A4F8F250A4F8FE
:10915000F450A4F8F650A4F8F850A4F8FA5084F8A3
:10916000FD5084F8FF50A4F8065184F80451A4F887
:109170001851A4F81A5184F8BA5184F8BB5184F8F4
:10918000C45184F8C55184F8895184F8905184F809
:10919000935184F8AC51C4F8A451C4F8A851BDE867
:1091A000F08100E025E0A4F8065184F8FE506188C3
:1091B000FE480A460844B0FBF1F0A4F890004BF6D4
:1091C0008030A4F89200E3883846FFF7EAFE214693
:1091D0003846FFF70EFFFAF7F9F920B1D4F80E0080
:1091E000FFF72DFF10B184F88851D8E784F8886123
:1091F000D5E74188B4F8B831B4F8B4213846BDE8B1
:10920000F041CEE6437E0BB1252B01D912207047E9
:109210002AB14B7B2BB1012B05D01F2070470020BA
:10922000704700F0EEB900F092B910B500231A466D
:1092300003E0845C2343521CD2B28A42F9D30BB1BF
:10924000002010BD012010BD30B5134606E0CC183B
:10925000D51A14F8014C5B1E4455DBB2002BF6D135
:1092600030BD70B50E468CB0144601461D46102226
:109270006846FFF7E9FF1022314604A8FFF7E4FF34
:10928000684600F059FD08A94FF0100228461CB1AD
:10929000FFF7DAFF0CB070BDF4F74BF8FAE738B51A
:1092A00005460C466846FBF7B2FB002820D09DF926
:1092B00000002072E17E617294F90A100022411AC6
:1092C00000D5494295F82D308B4210DCFF2B0ED093
:1092D000E17A491CC9B2E17295F82E30994202D860
:1092E000A17A7F2903D1A0720020E07201221046EA
:1092F00038BD0C2813D00B2811D00D280FD01F28F3
:109300000DD020280BD0212809D0222807D02328CF
:1093100005D0242803D0262801D000207047012042
:10932000704710B5A2F10F030C2941D2DFE801F01C
:1093300006080D1215181C40243E272EAAB337E04C
:10934000072A37D0082A35D032E00C2A32D00B2A2F
:1093500030D02DE00D2A2DD02AE00C2B2AD927E081
:10936000103A0B2A26D923E0032B23D990F8380092
:10937000F0B11B2A1ED91BE0062A1BD018E01C2ABC
:1093800018D01D2A16D01E2A14D011E01F2A11D081
:10939000202A0FD0212A0DD0222A0BD0232A09D02F
:1093A000242A07D0262A05D002E003E00E2A01D0A5
:1093B000002010BD012010BD2DE9F0410C460546EE
:1093C00040F23577866805E0F8F7F7FF3946F8F799
:1093D000C8FCA8602846F9F7A5F90028F4D08CB19C
:1093E0003046A968F9F7EAFC00280BDD2044401E4E
:1093F000B0FBF4F707FB04F13046F8F7B2FCA860C5
:109400003846CCE60020CAE670B5044690420BD23E
:10941000101B642800D2642025188D4205D8042131
:10942000F9F7FFFC08B1284670BD204670BD11F069
:109430000C0F19D04A074FF41671002A03DA00BF47
:109440004FF0100201E04FF0400201DA4FF09601B8
:1094500001F5BC71A0EB0103884202D993FBF2F045
:1094600000E0002080B27047022904D06FF00D01A7
:1094700001EBD000F6E76FF00E0101EB9000F1E791
:109480000844184498300AB1042100E0002108443F
:10949000704701207047106808667047C10701D007
:1094A00001207047810701D502207047400701D590
:1094B00008207047002070472DE9F0410546164608
:1094C00088460124084600F054FA0746404600F05A
:1094D00052FA0346FFF7E2FF02463846FFF7DEFF87
:1094E00052EA000100D10024990700D10022B907F7
:1094F00000D1002095F86410914200D10022327012
:1095000095F86510814200D10020707072B968B979
:10951000404600F032FAB5F87010401A00B247F633
:10952000FE71884201DC002800DC0024204636E67B
:1095300010B540F6C4125410012903D0022902D0FC
:10954000FFDF02E008B1104610BD204610BDF0B5A7
:109550000C7C8B7BCD7B5C404B7C02886B4044EA6F
:109560000324467E62400023D5B2120A95FAA5F57F
:1095700092FAA2F22D0E120E45EA022202EB02121C
:109580005B1C2244DBB292B2032BEDD36240252355
:10959000B2FBF3F403FB142301EBD304837603F053
:1095A00007070125247A05FA07F701E0FFDB05002C
:1095B0003C4201D0C3761AE05643320C521CD2B260
:1095C000002403191B7D934213D300230E19367A0E
:1095D00005FA03F73E4201D0521ED2B222B15B1C03
:1095E000DBB2082BF4D306E003EBC401C176002004
:1095F000F0BDD21AD2B2641CE4B2052CE1D31F2014
:10960000F0BDF0B5837E0C7E012504FB02322523DC
:10961000B2FBF3F403FB142201EBD204827602F0D6
:109620000703247A05FA03F31C4201D0C2761EE038
:10963000437EB2FBF3F403FB1422521CD2B200238C
:10964000C418247D944214D30024CE1896F80860E0
:1096500005FA04F73E4201D0521ED2B222B1641C78
:10966000E4B2082CF4D306E004EBC301C176002079
:10967000F0BD121BD2B25B1CDBB2052BE0D31F2066
:10968000F0BD000030B50546007801F00F0220F073
:109690000F0010432870092912D2DFE801F00507F6
:1096A00005070509050B0F0006240BE00C2409E053
:1096B000222407E001240020E87003E00E2401E0EA
:1096C0000024FFDF6C7030BD007800F00F007047A1
:1096D0000A6840F8032F8988818070470A6840F83B
:1096E000092F8988818070470278402322F0400248
:1096F00003EA81110A4302707047027822F0800267
:1097000042EAC1120270704770B514460E46054613
:109710001F2A00D9FFDF2246314605F10900F3F781
:1097200008FEA41D6C7070BD70B514460E4605464B
:109730001F2A00D9FFDF2246314605F10900F3F761
:10974000F8FDA41D6C7070BD30B5017801F00F01FB
:10975000032920D0052921D14578B0F81910B0F897
:109760001B40B0F81730827D222D17D1062915D362
:109770004FF44865A94211D8B4F5FA7F0ED26AB108
:10978000082A0BD88A4209D28B4207D8B0F81D00AC
:10979000A84205D902E040780C2801D0002030BD55
:1097A000012030BD4078704700B5027801F0030316
:1097B00022F003021A430270012905D0022903D0C6
:1097C000032903D0FFDF00BD002100E0012141702B
:1097D00000BD00B5027801F0030322F003021A4332
:1097E0000270012905D0022903D0032903D0FFDF2D
:1097F00000BD002100E00121417000BD007800F0B3
:1098000003007047417841B1C078192803D2704AEB
:10981000105C884201D1012070470020704730B5AC
:1098200001240546C170192902D26948445C02E04E
:10983000FF2900D0FFDF6C7030BD70B514460E46B6
:1098400005461B2A00D9FFDF6C7022463146E81C12
:10985000BDE87040F3F76DBDB0F807007047B0F891
:1098600009007047B0F80B00704770B5B0F80720DA
:10987000B0F80940B0F805300179951F40F67A46F6
:10988000B54210D8B4F5FA7F0DD261B108290AD8D3
:10989000914208D2934206D8B0F80B00B0F5486F59
:1098A00001D8012070BD002070BD42680A60007AB6
:1098B00008717047B0F80900704700797047426836
:1098C0000A6080684860704780890880704750F857
:1098D0000E2F0A60406848607047D0F81600086094
:1098E00070470A6842604968816070470968C160D2
:1098F00070470079704742680A6080684860704726
:109900000171090A417170478171090AC17170477B
:109910000172090A417270478172090AC172704767
:1099200080887047C08870470089704740897047B9
:1099300001891B290CD341894FF4A472914207D3AA
:1099400081881B2904D3C088904201D3012070472D
:10995000002070470A684260496881607047017959
:10996000490704D04079400701D00120704700200A
:1099700070470079704740797047C08870470CB5D0
:1099800014A2D2E90012CDE900120179407901F068
:10999000070269461DF80220012A04D800F00700DA
:1099A000085C012801D900200CBD01200CBD01710B
:1099B000704700797047417170474079704730B502
:1099C0000C460546FB2900D9FFDF6C7030BD000056
:1099D000C0B20100000101020102020310B58C882F
:1099E0000A894B88C988A0F84430A0F84810A0F82C
:1099F0004640A0F84A2010BD10B5029C8181C2816A
:109A00000382448210BD1B2202838282C281828132
:109A100042800281028042848284828300290AD1AA
:109A20004FF4A4714183C18241820182C18041818E
:109A30008180C18401857047F0B5B0F84830818FCE
:109A4000458EC48E8B4200D30B46B0F84A10B0F856
:109A50004020914200D20A464386C286068F478F35
:109A600000F130019E4200D21E46974200D21746B6
:109A70000E814F81AB4201D1A24201D0012400E00E
:109A80000024B0F84420C38F068E858E9A4200D3FE
:109A90001A46B0F84670B0F842309F4200D23B46BA
:109AA00090F85A70022F08D1964200D232469D4259
:109AB00000D22B46002780F85A700A808B80B24271
:109AC00001D1AB4201D0012000E000202043F0BDD5
:109AD000508088899080C889D080088A1081488AFF
:109AE000508101201070704770B502884A80048E42
:109AF0008C80838ECB80428E0A81C58E4D81B0F8DA
:109B00005660AE420BD1B0F85250954207D1B0F832
:109B100058509D4203D1B0F85430A34201D00123E4
:109B200000E000230B73A0F852204A89A0F85620C9
:109B30008A88A0F85420CA88A0F85820012008700C
:109B400070BD70B50C46088E91F8641000F016F8E0
:109B5000A18E0546A94200D20D46208F94F86510CB
:109B600000F00CF8618F814200D208460146284679
:109B7000BDE8704000221346FFF782BC11F00C0FC5
:109B800004D04FF4747101EB801006E0022902D07A
:109B9000C000703001E080003C3080B270470000AF
:109BA0002DE9F0410C4612490D68114A114908325D
:109BB0001160A0F12001312901D301200CE04128DE
:109BC00010D040CC0C4F94E80E0007EB8000241F0F
:109BD00050F8807C3046B84720600548001D05607D
:109BE000BDE8F081204601F0B9F8F5E7062070479E
:109BF0001005024001000001DCB2010010B555481B
:109C0000F9F704FD00B1FFDF5248401CF9F7FEFCF4
:109C1000002800D0FFDF10BD2DE9F14F4E4E82B07D
:109C2000D6F800B001274B48F9F7F8FCDFF824819B
:109C300020B9002708F10100F9F706FD474C00257F
:109C40004FF0030901206060C4F80051C4F80451CA
:109C5000029931602060DFF808A11BE0DAF800000B
:109C6000C00617D50E2000F068F8EFF3108010F052
:109C7000010072B600D001200090C4F80493D4F81B
:109C8000000120B9D4F8040108B901F071F8009876
:109C900000B962B6D4F8000118B9D4F8040100285C
:109CA000DCD0D4F804010028CCD137B1C6F800B01C
:109CB00008F10100F9F7B2FC11E008F10100F9F731
:109CC000ADFC0028B6D1C4F80893C4F80451C4F818
:109CD00000510E2000F031F81E48F9F7B5FC0020C5
:109CE000BDE8FE8F2DE9F0438DB00D4606460024F9
:109CF0000DF110090DF1200818E000BF04EB440736
:109D0000102255F827106846F3F713FB05EB870779
:109D1000102248467968F3F70CFB6846FFF77CFF92
:109D200010224146B868F3F704FB641CB442E5DB3B
:109D30000DB00020BDE8F0836EE7002809DB00F0DD
:109D40001F02012191404009800000F1E020C0F88D
:109D5000801270476C01002004E5004000E00040E4
:109D600010ED00E0B64900200870704770B5B54DA1
:109D700001232B60B44B1C68002CFCD0002407E0AE
:109D80000E6806601E68002EFCD0001D091D641CB4
:109D90009442F5D30020286018680028FCD070BDDC
:109DA00070B5A74E0446A94D3078022800D0FFDFD9
:109DB000AC4200D3FFDF7169A548012903D847F2FF
:109DC0003052944201DD03224271491C7161291B0A
:109DD000C1609F49707800F030F9002800D1FFDFA2
:109DE00070BD70B5964C0D466178884200D0FFDF9B
:109DF000964E082D4BD2DFE805F04A041E2D4A4A44
:109E00004A382078022800D0FFDF03202070A07895
:109E1000012801D020B108E0A06800F041FD04E075
:109E200004F1080007C8FFF7A1FF05202070BDE876
:109E30007040F8F7C0B9F8F7C0FA01466068F8F763
:109E4000BDFFB04202D2616902290BD30320F9F7AA
:109E50000EFB12E0F8F7B1FA01466068F8F7AEFFC2
:109E6000B042F3D2BDE870409AE7207802280AD0C9
:109E7000052806D0FFDF04202070BDE8704000F008
:109E8000D2B8022000E00320F9F7F1FAF3E7FFDF90
:109E900070BD70B50546F8F790FA694C606020789F
:109EA000012800D0FFDF6A490120087000200871F6
:109EB00004208D6048716548C86002202070607879
:109EC00000F0BBF8002800D1FFDF70BD10B55C4C7E
:109ED000207838B90220F9F7E0FA18B90320F9F729
:109EE000DCFA08B1112010BD5A48F8F7E1F96070AA
:109EF0001F2804D0012020700020606110BD0320C5
:109F000010BD2DE9F0471446054600EB84000E46CF
:109F1000A0F1040800F0D7FC07464FF0805001691B
:109F20004F4306EB8401091FB14201D2012100E039
:109F3000002189461CB10069B4EB900F02D90920B9
:109F4000BDE8F0872846E7F76FF990B9A84510D328
:109F5000BD4205D2B84503D245EA0600800701D0CC
:109F60001020EDE73046E7F75FF910B9B9F1000FBF
:109F700001D00F20E4E7384838490068884205D00E
:109F8000224631462846FFF7F1FE1AE0FFF79EFF12
:109F90000028D5D12A4800218560C0E9036481707A
:109FA000F9F7DDFA08B12E4801E04AF2F870604393
:109FB0004FF47A7100F2E730B0FBF1F01830FFF7A0
:109FC00068FF0020BCE770B505464FF0805004697B
:109FD0006C432046E7F728F908B10F2070BD00F068
:109FE00072FCA84201D8102070BD1B481B490068B4
:109FF000884203D0204600F053FC10E0FFF766FFD4
:10A000000028F1D10E48012184608170F9F7A7FA88
:10A0100008B1144800E014481830FFF73AFF002058
:10A0200070BD00F053BE10B5054C6078F8F7A2F98A
:10A0300000B9FFDF0020207010BDF8F7EFBB000073
:10A040007001002004E5014000E40140105C0C00B8
:10A050008C0F0020E39D010058000020BEBAFECA0C
:10A0600050280500645E0100A85B01007149096881
:10A070000160002070476F4908600020704701218F
:10A080008A0720B1012804D042F20400704791678A
:10A0900000E0D1670020704767490120086042F264
:10A0A0000600704708B50423634A1907103230B11F
:10A0B000C1F80433106840F0010010600BE0106834
:10A0C00020F001001060C1F808330020C1F8080139
:10A0D0005A4800680090002008BD011F0B2909D8CC
:10A0E000554910310A6822F01E0242EA4000086019
:10A0F0000020704742F205007047000100F18040E7
:10A10000C0F8041900207047000100F18040C0F839
:10A11000081900207047000100F18040D0F80009C4
:10A12000086000207047012801D907207047444A81
:10A1300052F8200002680A4302600020704701289C
:10A1400001D9072070473E4A52F8200002688A432E
:10A15000026000207047012801D907207047384A63
:10A1600052F820000068086000207047020035495E
:10A170004FF0000003D0012A01D0072070470A6089
:10A18000704708B54FF40072510510B1C1F80423AF
:10A1900008E0C1F808230020C1F8240127481C303A
:10A1A00000680090002008BD08B58022D10510B1DC
:10A1B000C1F8042308E0C1F808230020C1F81C01FD
:10A1C0001E48143000680090002008BD08B54FF408
:10A1D0008072910510B1C1F8042308E0C1F808238A
:10A1E0000020C1F8200115481830006800900020B8
:10A1F00008BD10493831096801600020704770B50A
:10A200004FF080450024C5F80841F9F7B4F910B9BA
:10A21000F9F7BBF928B1C5F82441C5F81C41C5F8C8
:10A2200020414FF0E020802180F800140121C0F887
:10A23000001170BD0004004000050040080100400E
:10A24000A0B30100780500406249634B0A68634986
:10A250009A42096801D1C1F31001016000207047E2
:10A260005C495D4B0A685D49091D9A4201D1C0F302
:10A2700010000860002070475649574B0A6857493C
:10A2800008319A4201D1C0F31000086000207047E5
:10A2900030B5504B504D1C6842F20803AC4202D01E
:10A2A000142802D203E0112801D3184630BDC300A0
:10A2B0004B481844C0F81015C0F81425002030BDD4
:10A2C0004449454B0A6842F209019A4202D00628E5
:10A2D00002D203E0042801D308467047404A012116
:10A2E00042F83010002070473A493B4B0A6842F26E
:10A2F00009019A4202D0062802D203E0042801D3C1
:10A3000008467047364A012102EBC0004160002038
:10A31000704770B52F4A304E314C156842F2090330
:10A3200004EB8002B54204D0062804D2C2F800181B
:10A3300007E0042801D3184670BDC1F31000C2F82D
:10A340000008002070BD70B5224A234E244C1568C9
:10A3500042F2090304EB8002B54204D0062804D27D
:10A36000D2F8000807E0042801D3184670BDD2F8DF
:10A370000008C0F310000860002070BD174910B538
:10A380000831184808601120154A002102EBC0036B
:10A39000C3F81015C3F81415401C1428F6D3002078
:10A3A00006E0042804D302EB8003C3F8001807E09A
:10A3B00002EB8003D3F80048C4F31004C3F800484C
:10A3C000401C0628EDD310BD04490648083108603A
:10A3D0007047000058000020BEBAFECA00F50140D8
:10A3E00000F001400000FEFF814B1B6803B198475D
:10A3F000BFF34F8F7F4801687F4A01F4E06111434A
:10A400000160BFF34F8F00BFFDE710B5EFF3108081
:10A4100010F0010F72B601D0012400E0002400F01A
:10A42000DDF850B1E6F7A4FFF7F761FDF8F7C1FFDB
:10A43000F9F7E2FC71490020086004B962B6002017
:10A4400010BD2DE9F0410C460546EFF3108010F0E9
:10A45000010F72B601D0012600E0002600F0BEF820
:10A4600020B106B962B60820BDE8F08100F006FD13
:10A47000E6F782FF0246002001234709BF0007F1EB
:10A48000E02700F01F01D7F80071CF40F9071BD07B
:10A49000202803D222FA00F1C90727D141B20029AE
:10A4A00004DB01F1E02191F8001405E001F00F0157
:10A4B00001F1E02191F8141D4909082916D203FA87
:10A4C00001F717F0EC0F11D0401C6428D5D3F9F731
:10A4D00071FC4B4A4B490020F9F7B4FC47494A4804
:10A4E00008602046E6F7A7FE60B904E006B962B648
:10A4F00041F20100B8E73E4804602DB12846E6F776
:10A50000E7FE18B1102428E0404D19E02878022811
:10A5100002D94FF4805420E007240028687801D045
:10A52000D8B908E0C8B1202817D8A878212814D8AD
:10A53000012812D001E0A87878B9E8780B280CD867
:10A54000E6F71AFF2946F8F71AFFF7F78FFC00F035
:10A55000EDF92846E6F7DAFE044606B962B61CB104
:10A56000FFF753FF20467FE700207DE710B5044644
:10A5700000F034F800B101202070002010BD244903
:10A5800008600020704770B50C4622490D682149CB
:10A59000214E08310E60102807D011280CD0122847
:10A5A0000FD0132811D0012013E0D4E90001FFF7E8
:10A5B00048FF354620600DE0FFF727FF00252060AB
:10A5C00008E02068FFF7D2FF03E011492068086027
:10A5D000002020600F48001D056070BD07480A4933
:10A5E0000068884201D101207047002070470000B8
:10A5F000880100200CED00E00400FA05580000205E
:10A600004810002000000020BEBAFECAA8B3010016
:10A6100004000020100502400100000100B585493A
:10A6200010F1080F19D00CDC10F1280F1DD010F11B
:10A63000140F18D010F1100F13D010F10C0F08D117
:10A640000DE010F1040F06D080B103280ED00428CD
:10A650000CD0FFDF00BDFC2008E0F82006E0F4206D
:10A6600004E0F02002E0EC2000E0D820086000BD0B
:10A67000704900B5091D012803D0022803D0FFDF6F
:10A6800000BD032000E00420086000BD2DE9F0417A
:10A6900005460C4617461046F9F76CFD4FF47A76DE
:10A6A000022C10D0012C10D040F63401441838464A
:10A6B000F9F7C5FD204449F679710844B0FBF6F07E
:10A6C000281ABDE8F0813146F0E74FF4C861EDE7A4
:10A6D00070B505460C460846FAF7F4FA022C10D07D
:10A6E000012C11D04FF4AF5149F6CA62511A0844F7
:10A6F0004FF47A7100F2E140B0FBF1F0281A801EAD
:10A7000070BD40F24C41EFE740F63401ECE770B524
:10A71000064615460C460846FAF7D4FA4FF47A7105
:10A7200040F63402022D11D0012D11D01346022C17
:10A7300011D0012C01D04FF4AF529A1A104449F6AF
:10A74000FC621044B0FBF1F0301A70BD0B46EEE72E
:10A750004FF4C863EBE740F24C42EEE770B50446B5
:10A760000E460846F9F706FD05463046F9F767FD3F
:10A7700028444AF2AB3108444FF47A71B0FBF1F04F
:10A78000201A801E70BD2DE9F04106461D460C467C
:10A790001746104600F045F806EB4601C1EBC6111E
:10A7A00000EBC100022C15D0012C16D04FF4AF5194
:10A7B00046182046FAF786FA301A4FF47A7100F6F6
:10A7C000B730B0FBF1F43846F9F741FD2044284496
:10A7D000401D76E740F24C41EAE740F63401E7E7F6
:10A7E00070B5044615460E460846F9F7C3FC04EB5F
:10A7F0004401C1EBC411C0EBC1043046F9F71FFDA1
:10A80000241A284600F00DF820444FF47A7100F61F
:10A81000B730B0FBF1F42846F9F719FD2044401D8C
:10A8200070BD082803D0042801D0F9F7A3BC4EF668
:10A83000283070470C150040F0B585B00C46054631
:10A84000FEF7DCFF07466E78204603A96A46F5F757
:10A8500004FA81198EB258B1012F02D0032005B03D
:10A86000F0BD204604AA0399F5F719F9049D01E00B
:10A87000022F0FD1ED1C042E0FD32888BDF8001035
:10A88000001D80B2884201D8864202D14FF00000FC
:10A89000E5E702D34FF00200E1E74FF00100DEE709
:10A8A0000B4A022111600B490B68002BFCD0084BAE
:10A8B0001B1D186008680028FCD000201060086884
:10A8C0000028FCD070474FF080504069704700006E
:10A8D00004E5014000E4014002000B464FF0000097
:10A8E000014620D0012A04D0022A04D0032A0DD127
:10A8F00003E0012002E0022015E00320072B05D22F
:10A90000DFE803F00406080A0C0E10000720704769
:10A91000012108E0022106E0032104E0042102E015
:10A92000052100E00621F7F7E4BC0000E24805211C
:10A9300081700021017041707047E0490A78012A56
:10A9400005D0CA681044C8604038F8F704BA8A686D
:10A9500010448860F8E7002819D00378D849D94A0C
:10A9600013B1012B0ED011E00379012B00D06BB98C
:10A9700043790BB1012B09D18368643B8B4205D22B
:10A98000C0680EE00379012B02D00BB100207047A4
:10A9900043790BB1012BF9D1C368643B8B42F5D2EB
:10A9A00080689042F2D801207047C44901220A70A1
:10A9B000027972B100220A71427962B104224A71AD
:10A9C000826852328A60C068C860BB4902208870C1
:10A9D00070470322EFE70322F1E770B5B74D044655
:10A9E00000202870207988B100202871607978B122
:10A9F0000420B14E6871A168F068F7F7B2F9A86059
:10AA0000E0685230E8600320B07070BD0120ECE7D0
:10AA10000320EEE72DE9F04105460226F8F7C5F8D8
:10AA2000006800B1FFDFA44C01273DB12878B8B120
:10AA3000012805D0022811D0032814D027710DE079
:10AA40006868C82808D30421F8F7EBF920B16868D2
:10AA5000FFF773FF012603E0002601E000F014F980
:10AA60003046BDE8F08120780028F7D16868FFF70C
:10AA700072FF0028E2D06868017879B1A0780428D4
:10AA800000D0FFDF01216868FFF7A7FF8B49E0785E
:10AA900000F003F90028E1D1FFDFDFE7FFF785FFD2
:10AAA0006770DBE72DE9F041834C0F46E17888427F
:10AAB00000D0FFDF00250126082F7DD2DFE807F058
:10AAC000040B28283D434F57A0780328C9D00228FB
:10AAD000C7D0FFDFC5E7A078032802D0022800D046
:10AAE000FFDF0420A07025712078B8BB0020FFF79D
:10AAF00024FF72480178012906D08068E06000F0E8
:10AB0000F9F82061002023E0E078F7F782FDF5E70F
:10AB1000A078032802D0022800D0FFDF207880BB75
:10AB2000022F08D05FF00500F8F7A1FCA0780328F9
:10AB300040D0A57095E70420F6E7A078042800D05F
:10AB4000FFDF022004E0A078042800D0FFDF01200E
:10AB5000A1688847FFF75EFF054633E003E0A07871
:10AB6000042800D0FFDFBDE8F04100F08DB8A078E8
:10AB7000042804D0617809B1022800D0FFDF2078D2
:10AB800018B1BDE8F04100F08AB8207920B1062064
:10AB9000F8F76DFC25710DE0607840B14749E07829
:10ABA00000F07BF800B9FFDF65705AE704E007208A
:10ABB000F8F75DFCA67054E7FFDF52E73DB1012DC9
:10ABC00003D0FFDF022DF9D14BE70420C0E70320BB
:10ABD000BEE770B5050004D0374CA078052806D133
:10ABE00001E0102070BD0820F8F757FC08B11120D3
:10ABF00070BD3548F7F75CFBE0701F2806D00121D7
:10AC0000F8F730FA0020A560A07070BD032070BD79
:10AC1000294810B5017809B1112010BD81780529A6
:10AC200006D0012906D029B101210170002010BDF4
:10AC30000F2010BD00F033F8F8E770B51E4C054644
:10AC4000A07808B1012809D155B12846FFF783FE45
:10AC500040B1287840B1A078012809D00F2070BDFC
:10AC6000102070BD072070BD2846FFF79EFE03E050
:10AC700000212846FFF7B1FE1049E07800F00DF8FA
:10AC800000B9FFDF002070BD0B4810B5006900F06F
:10AC900029F8BDE81040F7F78EBAF7F7BFBD0648B0
:10ACA00010B5C078F7F766FB00B9FFDF0820F8F7AA
:10ACB000DEFBBDE8104039E68C0100209C0F00202F
:10ACC0003D860100FF1FA107A5AA010010B5134C86
:10ACD0002060201D0160114810300260001D0360DB
:10ACE000002010BD0E490A6848F202139A4302433D
:10ACF0000A6070470A4A116848F2021301EA030029
:10AD0000994311607047054B02465B421020134483
:10AD1000FC2B01D8116000207047000000060040A5
:10AD2000C806024070477047704700001EF0040FCD
:10AD30000CBFEFF30880EFF30980014A10470000D1
:10AD40005F3E010001B41EB400B5F8F7A9FD01B4DF
:10AD50000198864601BC01B01EBD0000826903490E
:10AD600081614FF0010010447047000045AD0100C3
:10AD70000FF20C0000F10000694641F8080C20BFFA
:10AD800070470000FEDF18490978F9B904207146C0
:10AD900008421BD10699154A914217DC06990229EF
:10ADA00014DB02394878DF2810D10878FE2807D054
:10ADB000FF280BD14FF001004FF000020C4B184759
:10ADC00041F201000099019A094B1847094B002BE9
:10ADD00002D01B68DB6818474FF0FF3071464FF018
:10ADE0000002034B1847000028ED00E000C00100FE
:10ADF000E9A3010004000020174818497047FFF735
:10AE0000FBFFE6F7CBF900BD1548164909688842F3
:10AE100003D1154A13605B68184700BD20BFFDE7EA
:10AE20000F4810490968884210D1104B18684FF03C
:10AE3000FF318842F2D080F308884FF02021884209
:10AE400004DD0B48026803210A4302600948804779
:10AE500009488047FFDF0000B00F0020B00F00203E
:10AE600000100000000000200400002000C00100CD
:10AE700014090040DD2F000009AE0100F0B4404687
:10AE8000494652465B460FB402A0013001B5064860
:10AE9000004700BF01BC86460FBC804689469246EB
:10AEA0009B46F0BC70470000091100000420714669
:10AEB000084202D0EFF3098101E0EFF308818869CD
:10AEC00002380078102813DB20280FDB2C280BDB3E
:10AED0000A4A12680A4B9A4203D1602804DB094AE5
:10AEE0001047022008607047074A1047074A10477A
:10AEF000074A12682C3212681047000058000020E0
:10AF0000BEBAFECA7D130000A19B010087A5010007
:10AF1000040000200D4B0E4908470E4B0C49084712
:10AF20000D4B0B4908470D4B094908470C4B084985
:10AF300008470C4B064908470B4B054908470B4B84
:10AF4000034908470A4B02490847000019AC0000B2
:10AF500059B00000A52F00000BA8000099A7000021
:10AF6000A1AE0000991300004D7700001DB0000055
:10AF70002DAD01005F8200000784000065850000A0
:10AF8000C98500000386000037860000698600003E
:10AF90009986000021870000478300008985000012
:10AFA00013120000C12100000B2200006F220000DC
:10AFB000F522000011240000D32400000525000024
:10AFC000E3250000CB2600001F270000A12700007A
:10AFD000C1270000B92D0000DD2D0000FD2C000070
:10AFE000592D00000F2E0000A32E00002F3D000061
:10AFF000093E00003D4100003D420000B342000018
:10B000001D4300008143000017120000754400003A
:10B01000E1440000E3270000E927000017120000C8
:10B02000171200001712000017120000F32700008B
:10B030002B280000A12800001712000017120000A2
:10B040002D22000087290000A9290000F529000011
:10B05000131200001312000013120000131200005C
:10B06000EF5200007553000091530000AD530000F3
:10B070003B550000D7530000E1530000235400006B
:10B0800045540000215500006355000013120000D4
:10B0900013120000676E0000876E0000916E0000C2
:10B0A000CB6E0000F96E0000E96F000077700000C1
:10B0B0008B700000D9700000EF71000095730000E4
:10B0C000BD740000E95D0000D5740000131200009B
:10B0D00013120000A1A0000003A200005DA2000066
:10B0E000D7A2000083A30000100110013A02000063
:10B0F0001A0200040506000007000000FFFFFFFF22
:10B100000000FFFFE39C0000BF1C0000934E000006
:10B11000335E0000E97A000000000000A17D00001D
:10B120007D7D00008F7D0000000002000000000017
:10B13000000200000000000000010000000000000C
:10B14000136C0000F36B0000616C00007152000092
:10B150003352000053520000219400003994000043
:10B160004396000041370000816C000000000000A1
:10B17000B16C0000BF5200000000000000000000A1
:10B18000000000002395000000000000C13700000F
:10B19000555555D6BE898E0000006406640C6412B5
:10B1A00000000803AC055008000054044408340CA7
:10B1B00075DF0000DDE00000D7DE000073DF000077
:10B1C0001B5D0100ABE1000000000000480800002A
:10B1D0004808000051350000513500009B21000057
:10B1E000439B0000B7600000A34D0000F97301000D
:10B1F0008135000081350000BF210000D59B000093
:10B200003F610000174E00000F74010070017001D3
:10B21000400038005C002400200200000300656C40
:10B220007462000000000000000000000000000048
:10B230000000870000000000000000000000000087
:10B240000000BE83605ADB0B376038A5F5AA9183F6
:10B25000886C0000010000008B0801005D170100F0
:10B2600000000001020603040500000007000000C2
:10B2700000000000060000000A000000320000008C
:10B2800073000000B4000000F401FA0096006400AE
:10B290004B0032001E0014000A00050002000100ED
:10B2A0000041000000000000AB830100E5870100C1
:10B2B0008F870100BD830100000000002989010083
:10B2C0000C0802170D010102090901010602091803
:10B2D00018030101090903030500000049A2010048
:10B2E00061A2010079A2010091A20100C1A20100A6
:10B2F000E9A2010013A3010047A30100C79F0100B9
:10B30000039F010023A0010007AD01000D360100DD
:10B310001D360100493601001B37010023370100AB
:10B32000353701007FA0010099A001006DA0010048
:10B3300077A00100A5A00100DBA00100ED9B0100AA
:10B34000FBA0010009A1010017A1010027A1010034
:10B350003FA1010057A101006DA10100ED9B01007B
:10B3600000000000B7A900000DAA000023AA0000F9
:10B37000D9A80100199C0100E59C0100D3AB010094
:10B3800011AC01003BAC0100113401005D3901003A
:10B3900083A10100A9A10100CDA10100F3A1010039
:10B3A0001C0500402005004000100200CCB3010045
:10B3B00008000020980100004411000000B40100C2
:10B3C000A0010020100E00008011000001150545AD
:10B3D000481000200519A40500203601000100884E
:10B3E0003720FB349B5F80041F8000100D9DCB092C
:10B3F0000020880900200E0A0020024810000000EA
:10C0000000000220FD9F030025A0030027A00300DD
:10C0100029A003002BA003002DA0030000000000B6
:10C020000000000000000000000000002FA003003E
:10C0300031A003000000000033A0030035A003007E
:10C0400037A00300DDF902009D9E0300619E0300FE
:10C05000759E030037A00300F986030001750300F5
:10C060009D9A0300A59A0300AD9A030037A0030030
:10C0700037A0030037A0030037A0030037A0030058
:10C0800037A003006DA8030037A0030037A003000A
:10C0900037A0030037A00300A9DD030037A0030089
:10C0A00037A0030037A00300B59A0300BD9A030030
:10C0B00037A0030037A003000000000000000000CC
:10C0C00037A0030037A0030037A00300899E0300B8
:10C0D00037A0030037A0030037A0030037A00300F8
:10C0E000C59E0300000000000000000000000000EA
:10C0F0000000000037A0030000000000B19E030014
:10C10000000000000000000000000000000000002F
:10C11000000000000000000000000000000000001F
:10C12000000000000000000000000000000000000F
:10C1300000000000000000000000000000000000FF
:10C1400000000000000000000000000000000000EF
:10C1500000000000000000000000000000000000DF
:10C1600000000000000000000000000000000000CF
:10C1700000000000000000000000000000000000BF
:10C1800000000000000000000000000000000000AF
:10C19000000000000000000000000000000000009F
:10C1A000000000000000000000000000000000008F
:10C1B000000000000000000000000000000000007F
:10C1C000000000000000000000000000000000006F
:10C1D000000000000000000000000000000000005F
:10C1E000000000000000000000000000000000004F
:10C1F000000000000000000000000000000000003F
:10C200002DE9F04F85B003910778A7F10903042BBE
:10C21000044607F07F0200F10100F5D9202AF3D08F
:10C220002B2F04BF677804462D2F75D09FED427BDE
:10C230008DED007B4FF000084FF000099FB34FF0E9
:10C24000000C25464FF0000ADFF8FCB0644619E008
:10C2500028F09EF880468946304628F02FF842465E
:10C260004B4627F0DFFE5246804689465B46DDE9B5
:10C2700000013CB328F0B6F9CDE90001A44615F859
:10C28000017F7FB1A7F13006092E52465B4640463A
:10C290004946DDD9CCB92E2F17D115F8017F0124DD
:10C2A000002FEFD12C4642464B46DDE9000128F035
:10C2B0006FF880468946039B404649461C6005B09E
:10C2C000BDE8F08F4FF0010CD9E72C46BCF1000F10
:10C2D00029D042464B46DDE9000128F059F807F025
:10C2E000DF07452F80468946E5D10399681C0A225D
:10C2F00027F066FE14490246002028F0A9FB0246FA
:10C300000B464046494628F043F880468946404659
:10C31000494605B0BDE8F08F9FED097B67788DED4C
:10C32000007B013486E7DFF824904FF00008404698
:10C33000494605B0BDE8F08F000000000000F03F66
:10C34000000000000000F0BF000024400000F87F63
:10C350002DE9F0470023144600228046894628F044
:10C3600089FA28B109F1004399462D23237001343D
:10C37000002200234046494628F072FA28B13022B4
:10C38000002322706370BDE8F0874046494625F0DF
:10C390004FFB28F0ADFA73A3D3E9002307464946C3
:10C3A000404628F067FA00284ED170A3D3E9002355
:10C3B0004046494628F07CFA002845D10E2F07F167
:10C3C000010540F3B980A7F10E063246002062490C
:10C3D00028F03EFB02460B464046494628F002F94B
:10C3E00000225E4B27F01EFE28F06EFB002DA7F109
:10C3F0000F0E4FF0010C4DDD594FDFF8788101220F
:10C4000045F6F3294FF02E0A494508BF40454FF045
:10C4100030030AD3B0EB080061EB0901494508BFBE
:10C42000404503F10103F5D2DBB2237050EA01036A
:10C4300004F101084AD1954252DD0132102A4FD051
:10C44000444677E90289DFE7002F33DB3A460020D4
:10C45000414928F0FDFA02460B464046494628F07D
:10C46000C1F83BA3D3E90023804689460125002675
:10C470004046494627F08CFF0022384B27F0D2FD7A
:10C4800028F022FB002DBC464FF0FF3E37464FF010
:10C490000006B1DC234630224FF02E0803F8022BB1
:10C4A00084F80180FC4345D01C4403F8012BA342CF
:10C4B000FBD1A1E77A420020274928F0C9FA0246B9
:10C4C0000B464046494627F063FFCAE7954202F112
:10C4D000010204BF84F801A004F10208102AAFD1C0
:10C4E0006EB14246302102F8011BC2F101037344D0
:10C4F0004344002BF7DC2EEAEE7301339844BCF181
:10C50000010F12D0BCF1000F4FF0650388F8003026
:10C51000C5BF2B2388F8013008F1010108F10201A1
:10C520006046BDE8F04713F041BC002388F80030B6
:10C53000BDE8F0871C465FE7C7F10E020020064900
:10C5400028F086FA3E4602460B46012790E700BFD8
:10C550000000901EC4BCD642000024400000E03F12
:10C56000685704008DEDB5A0F7C6B03E50EFE2D697
:10C57000E41A4B4400407A1070B54FF0FF3005F0DC
:10C580002FFF04466FF07F4005F02AFF0646204645
:10C5900027F084FE00220C4B27F0FAFE04463046BA
:10C5A0000D4627F07BFE06A3D3E9002328F01AF8F6
:10C5B00002460B462046294627F034FD70BD00BFD9
:10C5C0000000E0DFFFFF6F430000F03D00000000CF
:10C5D0002DE9F843036B044618680D4627F080FEEA
:10C5E000064668680F4668B327F068FE25F020FA13
:10C5F000236B95ED037AD3ED007A77EE677A804668
:10C60000894617EE900A27F06BFE42464B4627F00C
:10C61000BFFE10A3D3E9002327F0E4FF3B463246D8
:10C6200027F000FD28F0ACF907EE900AF5EEC07A8D
:10C63000F1EE10FA4FF0000354BFC4ED137AE36437
:10C64000BDE8F88300200249D0E700BFAFF30080C7
:10C650000000F03F333333333333FF3F000000003B
:10C660004389DA0700F103822DE9F04F43F001031B
:10C670004FF080424381D2F80034B94A97B0054662
:10C680000B92002B00F0E28113680133136010F06D
:10C6900063FD05F1B8031C46002128460A9311F0FA
:10C6A00031FE204613F070FEAE4C04F1F00654F853
:10C6B000043F184613B11B681B689847A642F6D181
:10C6C000284609F07BFCA84B0A9E0024CDE91234D1
:10C6D00012AB93E8030010238DE803002246029377
:10C6E00040F2FD312B46304611F0B8FD9F4BCDE9AD
:10C6F000143416AB13E90300C0238DE80300029342
:10C7000064222B4640F2FD31304611F0A7FD6889C6
:10C71000974BA0216022802640F4C040E02468812D
:10C7200083F8094383F80A13402483F81A2383F813
:10C730001B2383F8071383F81C1383F8216383F802
:10C74000222305F2947283F8016305F5E160164631
:10C75000079283F8024383F806430AF08DF985496E
:10C76000304616F071FF84490746304616F06CFFDC
:10C770002B68824A5B680990934240F07481642080
:10C7800014F038F80B9B4FF0000A1B68089305F172
:10C790000C0B0FF2BC19D9E9008954465B4656468A
:10C7A000A3469A46089B032B00F0938005F654009D
:10C7B00016F05EFE002840F0A280002F00F0E0801E
:10C7C000FF233246214605F2F47019F04BFC2B682A
:10C7D0005B681420694A934240F08D8014F00AF897
:10C7E0000134E4B2052C0BF1010B02D1731CDEB253
:10C7F0000024BBF1190F00F09180002FD2D05D49C9
:10C80000079817F055F8384628F0FAFA099828F0F2
:10C81000F7FA0B9A0023136009F01AFC01460CA8E2
:10C8200019F0A2FF1DF0D6F942464B46CDE90401AE
:10C8300028F0F6F80EA8114619F082FF42464B4642
:10C84000DDE9040128F0ECF842464B4628F0E8F810
:10C850000FAB1146184619F073FF3FA3D3E900232D
:10C86000DDE9040128F0DCF8014610A819F068FFA2
:10C870000FAA10A911A81AF005F80EAA11A90DA85F
:10C880001AF000F811A819F03BFF10A819F038FFB2
:10C890000FA819F035FF0EA819F032FF079A0123EF
:10C8A0000CA9CDE9002350460A9B0DAA0EF096FA7A
:10C8B0000DA819F025FF0CA819F022FF05F6540267
:10C8C00005F2E47150460EF05BF8089B032B7FF4F1
:10C8D0006DAFBBF1180F25DCFF233246214605F270
:10C8E000F47019F0BFFB2B68244A5B6893424FF049
:10C8F0000A003FF473AF01462846984770E705F6F3
:10C90000780016F0B5FD00283FF457AFBBF1180FC3
:10C910007FF756AF002F7FF453AF05E0002F3FF4B1
:10C9200072AF6CE7002FD7D1099B6BB3FF23324660
:10C93000214605F2F47019F095FB089A2B68032A3A
:10C9400014BF14200A205B6844E700BFAFF30080E7
:10C9500000CA9A3B00000000000064A7B3B6E00DD7
:10C9600030200020D03900203DDE020029DE020008
:10C9700000E100E0586A0400206D0400D9DD0200E7
:10C98000099B002B7FF41CAF09F062FB01460CA849
:10C9900019F0EAFE1DF01EF939A3D3E9002306467B
:10C9A0000F4628F03DF80EA8114619F0C9FE34A331
:10C9B000D3E900233046394628F032F830A3D3E9D2
:10C9C000002328F02DF80FA8114619F0B9FE2EA368
:10C9D000D3E900233046394628F022F8014610A852
:10C9E00019F0AEFE0FAA10A911A819F04BFF0EAA5C
:10C9F00011A90DA819F046FF11A819F081FE10A881
:10CA000019F07EFE0FA819F07BFE0EA819F078FE33
:10CA10000024079B00930DAA0A9B01940CA9504681
:10CA20000EF0DCF90DA819F06BFE0CA819F068FEE9
:10CA300011F0CEF92B68104A5B6893420CD10A20A2
:10CA400013F0D8FE204617B0BDE8F08F4FF47A708F
:10CA5000136014F04DFA1AE628460A21984720463A
:10CA600017B0BDE8F08F6421284698478AE603484E
:10CA7000704700BFAFF30080D9DD020016FCFFFF56
:10CA800000CA9A3B00000000000064A7B3B6E00DA6
:10CA90002DE9F04F2DED028B044683B0C06827F0DE
:10CAA0000DFC80462069894627F008FC82466069B3
:10CAB0008B4627F003FC024601F1004306460F4671
:10CAC0004046494624F068FE27F05AFFE0620546DA
:10CAD00024F01AFD0190284624F0CAFC019B05466B
:10CAE000184627F0FDFB42464B4627F051FC804696
:10CAF0002846894627F0F4FB32463B4627F048FC9F
:10CB000002460B464046494627F08AFA02460B4643
:10CB10005046594624F040FE27F032FF002208EE2E
:10CB2000100A00233046394627F0C2FE28B3B5EE7E
:10CB3000C08AF1EE10FA1CDD11A7D7E9006718EEE4
:10CB4000100A27F0CDFB02460B463046394627F047
:10CB500067FA32463B4627F065FA27F011FFA062DC
:10CB6000E38843F00203E38003B0BDEC028BBDE831
:10CB7000F08F05A7D7E90067E1E784ED0A8AEFE7C0
:10CB8000EA2E4454FB21F93FEA2E4454FB21F9BF1D
:10CB900008B514F0C3FBDFED0C7A07EE100A67EE60
:10CBA000277A17EE900A27F09BFB05A3D3E9002311
:10CBB00027F018FD27F09CFE08BD00BFAFF30080F2
:10CBC000EA2E4454FB2119400000B4430000000049
:10CBD00008B514F0B1FBDFED0C7A07EE100A67EE32
:10CBE000277A17EE900A27F07BFB05A3D3E90023F1
:10CBF00027F0F8FC27F07CFE08BD00BFAFF30080F3
:10CC0000EA2E4454FB2119400000B4430000000008
:10CC100070B52DED068B044684B0406CDFED34AA70
:10CC200014F08AFB0646606C14F078FB0222214661
:10CC3000054601A814F0A0FCDDED027AB8EEE78A03
:10CC4000DDED037A3046B8EEE79A24F05DFC0AEE9B
:10CC5000100A304624F00CFC09EE900A284624F015
:10CC600053FC08EE900A284624F002FC68EE287A6D
:10CC70009DED017A06EE900AB8EEC77A67EE8A7AE1
:10CC800029EEC88AE7EE267A69EE288AA9EE0A8A92
:10CC9000E8EEA97A18EE101A17EE900A25F00CF8B3
:10CCA00007EE900A67EEAA7A17EE900A27F018FBB3
:10CCB0000DA3D3E9002327F095FC27F061FEDFEDFB
:10CCC0000D7A07EE100A77EEC77AF5EEC07AF1EE2C
:10CCD00010FA48BF77EEAA7AFDEEE77A17EE900ACF
:10CCE00004B0BDEC068B70BDEA2E4454FB21194004
:10CCF0000000B4430000B44200B585B001220146F3
:10CD000001A814F039FCDDED027AF8EEE77A17EEAF
:10CD1000901ADDED017AF8EEE77A17EE900A24F02A
:10CD2000CBFFDFED137A07EE100A67EE277A17EED6
:10CD3000900A27F0D5FA0CA3D3E9002327F052FC80
:10CD400027F01EFE07EE900AF5EEC07AF1EE10FA1B
:10CD500044BF9FED087A77EE877AFDEEE77A17EE0B
:10CD6000900A05B05DF804FBEA2E4454FB2109400B
:10CD7000000034430000B443494A21F00043934289
:10CD80002DE9704304460D4649DC464A93420E465F
:10CD90000EDC3FA3D3E9002327F044F90022424BE5
:10CDA00027F086FD00284AD020462946BDE870833A
:10CDB0003E4A934239DCB3F1804F40DD24F046FA1D
:10CDC0002246804689462B462046294627F0E0FA2F
:10CDD0000022354B27F026F925F0E6FA42464B466D
:10CDE00027F020F902460B4600202F4927F0FAFBD6
:10CDF000424604460D464B464046494627F012F946
:10CE000002460B462046294627F00CF901F0A0FE09
:10CE1000002E08DC01F100431946BDE8708302468C
:10CE20000B4627F0FFF8BDE8708324F00FFA01F0FD
:10CE30008FFE19A3D3E9002327F0F4F8E8E7224690
:10CE40002B462046294627F0A3FA804689462046ED
:10CE5000294624F0FBF9002204460D46124B4046B9
:10CE6000494627F0DFF825F09FFA00220E4B27F005
:10CE7000D9F802460B464046494627F0B3FB224606
:10CE80002B4627F0CFF800F0A7FAC1E7AFF30080F8
:10CE90009C7500883CE4377EEF39FAFE422EE63F6F
:10CEA000FFFFEF7FFFFF2F3E0000F03F0000B0418B
:10CEB0002DE9F84FBE4B21F000469E4204460D4638
:10CEC0008A460EDDBB4B9E4200F3B18000F0AC8081
:10CED000BAF1000F40F3EA8099A1D1E90001BDE861
:10CEE000F88FB54B9E4200F3BA80A3F1DE739E42E9
:10CEF00040F3A5804FF0FF3B22462B4620462946B3
:10CF000027F046FA02460B468046894627F040FA4B
:10CF10008DA3D3E9002306460F4627F039FA8CA3E8
:10CF2000D3E9002327F07EF832463B4627F030FA5B
:10CF300089A3D3E9002327F075F832463B4627F052
:10CF400027FA87A3D3E9002327F06CF832463B4643
:10CF500027F01EFA84A3D3E9002327F063F83246B2
:10CF60003B4627F015FA82A3D3E9002327F05AF8AD
:10CF700042464B4627F00CFA7FA3D3E900238046B4
:10CF800089463046394627F003FA7DA3D3E90023CA
:10CF900027F046F832463B4627F0FAF97AA3D3E960
:10CFA000002327F03DF832463B4627F0F1F978A3FD
:10CFB000D3E9002327F034F832463B4627F0E8F95E
:10CFC00075A3D3E9002327F02BF832463B4627F020
:10CFD000DFF902460B464046494627F023F8224631
:10CFE0002B4627F0D5F9BBF1FF3F02460B4661D037
:10CFF000724B734E4FEACB0B5B44D3E9002327F00F
:10D000000FF822462B4627F00BF8B34402460B4696
:10D01000DBE9000127F004F8BAF1000F0DDA01F1A5
:10D0200000431946BDE8F88F00283FF451AF22466F
:10D030002B462046294626F0F5FFBDE8F88F58A379
:10D04000D3E9002326F0EEFF00225E4B27F030FCF0
:10D0500000283FF44FAF20462946BDE8F88F24F062
:10D06000F5F8594B9E4204460D4629DCA3F55023A2
:10D070009E424EDC02460B4626F0D4FF0022514B66
:10D0800026F0CEFF002206460F464FF08043204692
:10D09000294626F0C7FF02460B463046394627F0A0
:10D0A000A1FA4FF0000B04460D4625E73EA1D1E959
:10D0B0000001C2E72046294626F0B2FFBDE8F88FFE
:10D0C000424B9E421ADC0022414B26F0A9FF00226F
:10D0D00006460F463E4B2046294627F059F90022C6
:10D0E000384B26F09FFF02460B463046394627F064
:10D0F00079FA4FF0020B04460D46FDE602460B4658
:10D100000020344927F06EFA4FF0030B04460D4619
:10D11000F2E600222B4B26F083FF002206460F4644
:10D12000284B2046294626F07DFF02460B46304616
:10D13000394627F057FA4FF0010B04460D46DBE65F
:10D14000182D4454FB21F93F11DA22E33AAD903F08
:10D15000EB0D76244B7BA93F513DD0A0660DB13F2E
:10D160006E204CC5CD45B73FFF8300922449C23F96
:10D170000D5555555555D53F2F6C6A2C44B4A2BF5B
:10D180009AFDDE522DDEAD3F6D9A74AFF2B0B33F23
:10D19000711623FEC671BC3FC4EB98999999C93F9B
:10D1A0009C7500883CE4377E182D4454FB21F9BF60
:10D1B000FFFF0F440000F07FFFFFDB3F90570400AC
:10D1C000705704000000F03FFFFFF23FFF7F034075
:10D1D0000000F83F0000F0BF2DE9F041C1F30A570D
:10D1E000A7F2FF35132D02460B460C46884606462D
:10D1F00020DC002D4ADB364F2F4101EA070C5CEAA8
:10D20000000C1CD030A3D3E9002326F00BFF002232
:10D21000002327F04DFB48B1002C04DD4FF48013B0
:10D2200043FA05F5A84428EA0704002621463046BB
:10D23000BDE8F081332D06DDB5F5806F38D010469E
:10D240001946BDE8F081A7F213474FF0FF3C2CFAD6
:10D2500007F70742F3D01CA3D3E9002326F0E2FE30
:10D260000022002327F024FB0028DFD0002C09DD5A
:10D27000142D22D00123C5F1340503FA05F5AE19AA
:10D2800028BF984426EA07064446CFE70EA3D3E911
:10D29000002326F0C7FE0022002327F009FB002808
:10D2A000C4D0002C0CDB264305D00026094CBDE77A
:10D2B00026F0B8FEC5E73446B8E704F10108E1E717
:10D2C00000264FF00044B1E79C7500883CE4377EAF
:10D2D000FFFF0F000000F03F2DE9F041C1F30A57B6
:10D2E000A7F2FF35132D02460B460C46884606462C
:10D2F0001DDC002D3CDB364F2F4101EA070C5CEAB8
:10D30000000C19D030A3D3E9002326F08BFE0022B5
:10D31000002327F0CDFAC8B3002C04DA4FF48013B1
:10D3200043FA05F5A84428EA070400262EE0332D29
:10D3300006DDB5F5806F2DD010461946BDE8F081A9
:10D34000A7F213474FF0FF3C2CFA07F70742F3D040
:10D350001DA3D3E9002326F065FE0022002327F059
:10D36000A7FA98B1002C21DB26EA070644460DE017
:10D3700015A3D3E9002326F055FE0022002327F051
:10D3800097FA18B1002C08DB0026344621463046B7
:10D39000BDE8F08126F046FED0E724F000430D4AB8
:10D3A0001E43002E18BF14460026EFE7142D08D0A8
:10D3B0000123C5F1340503FA05F5AE1928BF9844D9
:10D3C000D2E704F10108CFE79C7500883CE4377E82
:10D3D000FFFF0F000000F0BF2DE9F04FD84B99423E
:10D3E00087B08046894643DDD64B99420E4600F30E
:10D3F000F480D54B994240F32D819FEDBB7B8DEDA1
:10D40000047B4FEA215A0446AAF2FF3ACF4BC6F3F7
:10D4100013069E4246F07F5500F3128145F44015F5
:10D42000204629460022CA4B26F0FAFD0022044677
:10D430000D46C84B26F0ACFF22462B4626F0A8FF2F
:10D44000A046CDE90201A946CDE90001002E3AD15E
:10D45000002200232046294627F002FA002800F087
:10D460001B81BAF1000F40F0858100200021B8E057
:10D47000B94B21F000449C420A460FDD0022B74B15
:10D4800027F0EEF9002800F0AF80002200230020F2
:10D49000B34927F0A7F807B0BDE8F08FB14B9C4225
:10D4A00040F3AF80B04B1A449A4240F2D38000223E
:10D4B000A84B26F06DFF42464B4626F069FFCDE9AA
:10D4C00000014FF0000A00224FF0804340464946D9
:10D4D00026F0A8FD02460B464046494627F082F852
:10D4E00002460B4606460F4626F052FF80A3D3E9BC
:10D4F000002304460D4626F04BFF7FA3D3E900230B
:10D5000026F090FD22462B4626F042FF7CA3D3E96D
:10D51000002326F087FD22462B4626F039FF7AA30A
:10D52000D3E9002326F07EFD22462B4626F030FF6D
:10D5300077A3D3E9002326F075FD22462B4626F07B
:10D5400027FF75A3D3E9002326F06CFD22462B4666
:10D5500026F01EFF72A3D3E9002326F063FD2246C6
:10D560002B4626F015FFDDE9002326F05BFD324651
:10D570003B4626F00DFF04460D46BAF1000F00F0C1
:10D58000A880504626F09AFE67A3D3E9002382467E
:10D590008B4626F0FDFE66A3D3E9002306460F4620
:10D5A0005046594626F0F4FEDDE9042326F03AFD04
:10D5B00022462B4626F036FD02460B46DDE90001E9
:10D5C00026F02EFD42464B4626F02AFD02460B462B
:10D5D0003046394626F024FD03E002460B4626F08D
:10D5E00021FD07B0BDE8F08F42464B464046494614
:10D5F00026F016FD02460B4626F0F4FF07B0BDE804
:10D60000F08F0022594B26F00DFD0022002327F059
:10D610004FF910B1564B9C4262DD42464B464046A4
:10D62000494626F0B5FE00224A4B26F0B1FE0246DE
:10D630000B464046494626F0F3FC07B0BDE8F08FA4
:10D6400045F40015C6F5801620462946B6100AF1A5
:10D65000010AE7E600223E4B4046494626F0E2FC3E
:10D660004FEA215AAAF2FF3ABAF1000F04460D46DA
:10D670000E4640F3BD8042464B4626F0D1FC0246A2
:10D680000B460020324926F0CBFC22462B4626F0E2
:10D69000A9FFCDE90401B9E627A3D3E90023204679
:10D6A000294626F075FE02460B460020284926F042
:10D6B000B7FCDDE9022326F06BFE06460F46BAF101
:10D6C000000F75D102460B462046294626F0A8FCDD
:10D6D00087E702460B46DDE9000126F0A1FCA6E73C
:10D6E000404649467DE700BF000000000000000002
:10D6F00044523EDF12F1C23F9FC678D0099AC33F21
:10D70000DE03CB966446C73FAF788E1DC571CC3F14
:10D71000599322942449D23F04FA97999999D93F71
:10D72000935555555555E53F0000E0FE422EE63F26
:10D73000763C7935EF39EA3D555555555555E53F18
:10D740007982DA3FFFFFEF7FFFFF3F439DA0060096
:10D750000000F03F0000E03FFFFFEF3F0000F0BFA0
:10D76000000050C3FFFF1F3E3C412D4000005043CE
:10D77000FFFF8F3C504626F0A1FD24A3D3E90023F0
:10D7800006460F4626F004FEDDE9042326F04AFC97
:10D7900020A3D3E9002304460D463046394626F03F
:10D7A000F7FD02460B462046294626F03BFC18E7CB
:10D7B000504626F083FD17A3D3E9002382468B460B
:10D7C00026F0E6FD11A3D3E90023804689465046A2
:10D7D000594626F0DDFDDDE9042326F023FC024650
:10D7E0000B463046394626F01BFC22462B4674E792
:10D7F0000022054B26F014FC02460B4640464946E3
:10D8000026F00EFC41E700BF0000F03F763C793582
:10D81000EF39EA3D0000E0FE422EE63F0000000046
:10D8200008B524F087F804A3D3E9002326F0DAFE34
:10D8300008BD00BFAFF30080EF39FAFE422EE63F8D
:10D840002DE9F043DFF8B4808BB004460D4600F0BC
:10D8500057FF98F90030013306460F462CD0224678
:10D860002B462046294627F02DF8814620BB20462E
:10D87000294623F0EBFC1FA3D3E9002327F018F877
:10D88000D0B1194A98F90030CDF820900321CDE9A4
:10D890000445CDE90245CDE9001293B113490020BA
:10D8A000022BCDE9060111D126F032FB22230360C1
:10D8B000089B9BB9DDE90667304639460BB0BDE8E9
:10D8C000F0830B4B4FF06042CDE90623684625F00C
:10D8D000CBFF0028E8D0089B002BEBD026F018FBEC
:10D8E000089B0360E6E700BF808004000000F07F33
:10D8F000FFFFEF477DF8B98FCE3386407E230020AF
:10D900002DE9F043DFF8E4808BB004460D4600F0CB
:10D91000A7FF98F90030013306460F4633D0204662
:10D92000294625F09BFF70B32CA3D3E900232046A2
:10D93000294626F0BDFF814650BB2AA3D3E9002328
:10D940002046294626F096FFE8B198F90030204A93
:10D95000CDF82090002000210426022BCDE90445BB
:10D96000CDE902450096CDE90601019229D068462D
:10D9700025F07AFF28B3089B1BB126F0C9FA089B53
:10D980000360DDE90667304639460BB0BDE8F08339
:10D990000F4A98F90030019203210022CDE9044595
:10D9A000CDE90245009108922BB90A4B4FF0604235
:10D9B000CDE90623DBE708490020022BCDE906016B
:10D9C000D5D126F0A5FA22230360D4E7AFF3008077
:10D9D00088800400FFFFEF470000F07FEF39FAFE78
:10D9E000422E864051302DD5104987C07E2300201D
:10D9F0002DE9F84FC44E21F00043B34204460D46D2
:10DA00000DDD03F1404303F58013034340F0B9807B
:10DA1000002940F3408100200021BDE8F88FBB4E73
:10DA2000B34208DCBA4A934200F3B5809CA1D1E925
:10DA30000001BDE8F88F0029C0F2708102460B4654
:10DA40000020B44926F0ECFA0022B34B26F0A0FCEB
:10DA500004460D4624F0A8FC93A3D3E9002389468D
:10DA600080462946204626F093FC91A3D3E9002363
:10DA700026F0D8FA22462B4626F08AFC8EA3D3E95C
:10DA8000002326F0CDFA22462B4626F081FC8CA3FB
:10DA9000D3E9002326F0C6FA22462B4626F078FC6E
:10DAA00089A3D3E9002326F0BBFA22462B4626F0B1
:10DAB0006FFC87A3D3E9002326F0B4FA22462B4655
:10DAC00026F066FC84A3D3E9002382468B462046D9
:10DAD000294626F05DFC82A3D3E9002326F0A0FAB4
:10DAE00022462B4626F054FC7FA3D3E9002326F0E0
:10DAF00099FA22462B4626F04BFC7DA3D3E900235E
:10DB000026F08EFA22462B4626F042FC0022814B5C
:10DB100026F088FA02460B465046594626F062FD2A
:10DB200042464B4626F034FC002682468B4632465F
:10DB30004B463046494626F02BFC02460B46204613
:10DB4000294626F06DFA324604460D464B464046BD
:10DB5000494626F067FA02460B462046294626F03B
:10DB600041FD02460B465046594626F05BFA3246C6
:10DB70004B4626F057FA02460B4626F053FABDE80C
:10DB8000F88F02460B4626F04BFA02460B4626F06B
:10DB900029FDBDE8F88F02460B4626F0F9FB42A3AB
:10DBA000D3E9002306460F4626F0F2FB40A3D3E953
:10DBB000002326F037FA32463B4626F0E9FB3EA327
:10DBC000D3E9002326F02CFA32463B4626F0E0FB50
:10DBD0003BA3D3E9002326F025FA32463B4626F044
:10DBE000D7FB39A3D3E9002326F01AFA32463B4685
:10DBF00026F0CEFB36A3D3E9002326F013FA3246F3
:10DC00003B4626F0C5FB34A3D3E900238046894672
:10DC10003046394626F0BCFB31A3D3E9002326F079
:10DC2000FFF932463B4626F0B3FB2FA3D3E900238E
:10DC300026F0F8F932463B4626F0AAFB2CA3D3E99E
:10DC4000002326F0EDF932463B4626F0A1FB0022E8
:10DC5000304B26F0E7F902460B464046494626F08F
:10DC6000C1FC22462B4626F093FB02460B4622A11E
:10DC7000D1E9000126F0D4F902460B462046294698
:10DC800026F0CEF902460B4605A1D1E9000126F0A7
:10DC9000C7F9BDE8F88F1AA1D1E9000179E700BF03
:10DCA000182D4454FB21F93F09F7FD0DE13D023FDA
:10DCB00088B20175E0EF493F3B8F68B52882A43FE9
:10DCC0005544880E55C1C93F7D6FEB0312D6D43F32
:10DCD000555555555555C53F82922EB1C5B8B33FE0
:10DCE00059018D1B6C06E63FC88A599CE52A004005
:10DCF0004B2D8A1C273A0340075C143326A6913C1F
:10DD0000182D4454FB210940FFFFEF3FFFFFDF3F89
:10DD10000000603C0000F03F0000E03F00225C4B50
:10DD200026F080F900225B4B26F032FB40A3D3E9BA
:10DD3000002304460D4626F02BFB3FA3D3E9002326
:10DD400026F070F922462B4626F022FB3CA3D3E9AD
:10DD5000002326F065F922462B4626F019FB3AA34C
:10DD6000D3E9002326F05EF922462B4626F010FB6D
:10DD700037A3D3E9002326F053F922462B4626F099
:10DD800007FB35A3D3E9002326F04CF922462B46A6
:10DD900026F0FEFA804689462046294624F004FBF8
:10DDA0002FA3D3E9002306460F462046294626F036
:10DDB000EFFA2DA3D3E9002326F032F922462B46B1
:10DDC00026F0E6FA2AA3D3E9002326F02BF922460F
:10DDD0002B4626F0DDFA28A3D3E9002326F020F90C
:10DDE00022462B4626F0D4FA0022294B26F01AF9B7
:10DDF00002460B464046494626F0F4FB32463B4677
:10DE000026F0C6FA1EA3D3E9002326F009F932460C
:10DE10003B4626F007F902460B4626F003F9024678
:10DE20000B4619A1D1E9000126F0FAF8B1E600BFCE
:10DE300009F7FD0DE13D023F88B20175E0EF493F72
:10DE40003B8F68B52882A43F5544880E55C1C93F11
:10DE50007D6FEB0312D6D43F555555555555C53FEB
:10DE600082922EB1C5B8B33F59018D1B6C06E63FB7
:10DE7000C88A599CE52A00404B2D8A1C273A03404A
:10DE8000075C143326A6913C182D4454FB2109400D
:10DE90000000F03F0000E03F414A91422DE9F84385
:10DEA00004460D4637DD3F4A91420B4608DD02F13C
:10DEB000795291423DDD024626F0B4F8BDE8F88380
:10DEC00001F1404202F5801202432ED0B1F1804FA1
:10DED00037DC0022344B26F0A3F802460B460446FA
:10DEE0000D4626F09FF8224606460F462B46204652
:10DEF000294626F04DFA02460B463046394626F0B2
:10DF000091F824F051FA22462B4626F08BF8BDE812
:10DF1000F843FFF761BA02460B4626F081F8024645
:10DF20000B4626F05FFBBDE8F88300200021BDE82A
:10DF3000F88300F00DFE18A3D3E9002326F072F851
:10DF4000F1E7024626F024FA0022174B26F068F883
:10DF500024F02AFA2246804689462B462046294646
:10DF600026F060F8224606460F462B4640464946B4
:10DF700026F058F802460B4600200B4926F032FBEB
:10DF80000B4602463946304626F04AF8BDE8F843CB
:10DF900000F0DEBDAFF30080EF39FAFE422EE63F1F
:10DFA000FFFFEF3FFFFFAF410000F03F0000000028
:10DFB0002DE9F04FAE4B21F000479F4287B0044659
:10DFC0000D4611DD07F1404707F5801703463B4337
:10DFD00021D002460B4626F023F802460B4626F0D7
:10DFE00001FB07B0BDE8F08FA24B9F420E4629DC33
:10DFF000B7F1795F80F2468181A3D3E9002326F04F
:10E0000011F800229C4B26F053FCD8B1204629463B
:10E0100007B0BDE8F08F7CA3D3E9002326F0B8F960
:10E020007BA3D3E9002306460F462046294626F067
:10E03000AFF902460B463046394625F0F3FF07B0EC
:10E04000BDE8F08F2046294623F000F902460B4632
:10E050000020894925F0E4FF0022884B26F098F93A
:10E060006DA3D3E9002304460D4626F091F96CA375
:10E07000D3E9002325F0D6FF22462B4626F088F967
:10E0800069A3D3E9002325F0CBFF22462B4626F0D7
:10E090007FF967A3D3E9002325F0C4FF22462B466E
:10E0A00026F076F964A3D3E9002325F0B9FF2246D0
:10E0B0002B4626F06DF962A3D3E9002325F0B2FFC9
:10E0C00022462B4626F064F95FA3D3E90023CDE96D
:10E0D00000012046294626F05BF95DA3D3E9002321
:10E0E00025F09EFF22462B4626F052F95AA3D3E98B
:10E0F000002325F097FF22462B4626F049F958A326
:10E10000D3E9002325F08CFF22462B4626F040F968
:10E11000594B002225F086FF82468B462046294631
:10E12000CDE902AB24F040F9554B9F428046894629
:10E1300000F3198102460B4625F074FFDDE9022346
:10E14000CDE90401DDE9000126F04CFA02460B4658
:10E15000DDE9040126F01CF94FF0000ACDE90001C9
:10E1600052464B465046494626F012F902460B46A7
:10E170002046294625F054FF524604460D464B469C
:10E180004046494625F04EFF02460B4620462946AA
:10E1900026F028FA02460B4625F044FF02460B46BD
:10E1A0001BA1D1E9000125F03BFF02460B46DDE94A
:10E1B000000125F035FF524604460D464B465046B9
:10E1C000494625F02FFF02460B4627A1D1E9000161
:10E1D00025F026FF02460B462046294625F020FF63
:10E1E00002460B4620A1D1E9000125F019FF002EBF
:10E1F0003FF7F7AE01F100431946F2E6AFF30080B6
:10E200009C7500883CE4377E182D4454FB21F93F6F
:10E21000075C143326A6913C09F7FD0DE13D023F52
:10E2200088B20175E0EF493F3B8F68B52882A43F73
:10E230005544880E55C1C93F7D6FEB0312D6D43FBC
:10E24000555555555555C53F82922EB1C5B8B33F6A
:10E2500059018D1B6C06E63FC88A599CE52A00408F
:10E260004B2D8A1C273A0340182D4454FB21E93FCB
:10E27000FFFFEF3FFFFFDF3F0000F03F0000E03F08
:10E280003233EF3F02460B4626F082F84BA3D3E928
:10E29000002306460F4626F07BF84AA3D3E9002365
:10E2A00025F0C0FE32463B4626F072F847A3D3E97C
:10E2B000002325F0B5FE32463B4626F069F845A31B
:10E2C000D3E9002325F0AEFE32463B4626F060F847
:10E2D00042A3D3E9002325F0A3FE32463B4626F0B5
:10E2E00057F840A3D3E9002325F09CFE32463B4675
:10E2F00026F04EF83DA3D3E90023804689463046F8
:10E30000394626F045F83BA3D3E9002325F088FEE3
:10E3100032463B4626F03CF838A3D3E9002325F0EB
:10E3200081FE32463B4626F033F836A3D3E900237C
:10E3300025F076FE32463B4626F02AF800221E4B98
:10E3400025F070FE02460B464046494626F04AF943
:10E3500022462B4626F01CF822462B4625F062FE6C
:10E3600007B0BDE8F08F52465B46DDE9000126F0BC
:10E3700039F942464B4626F00BF842464B4625F00B
:10E3800051FE02460B4625F04DFE07A3D3E90023BC
:10E3900025F046FE02460B4605A1D1E9000125F015
:10E3A0003FFE24E7AFF30080075C143326A6913CC0
:10E3B000182D4454FB21F93F0000F03F09F7FD0DF3
:10E3C000E13D023F88B20175E0EF493F3B8F68B500
:10E3D0002882A43F5544880E55C1C93F7D6FEB0389
:10E3E00012D6D43F555555555555C53F82922EB13D
:10E3F000C5B8B33F59018D1B6C06E63FC88A599CCE
:10E40000E52A00404B2D8A1C273A034000000000FB
:10E410002DE9F84F1D465342134325F00049DFF81C
:10E42000C8C149EAD3736345144606460F4626D849
:10E43000C0F1000848EA000821F0004A4AEAD8780A
:10E44000E04503468B461AD805F1404808F5801888
:10E4500058EA0208AE4643D04FEAA57808F0020811
:10E460005AEA030348EAD17811D1B8F1020F55D026
:10E47000B8F1030F09D14AA1D1E9000105E0324604
:10E480003B462046294625F0CDFDBDE8F88F59EAE8
:10E49000020329D0E1452ED0E24525D0AAEB090997
:10E4A0004FEA2959B9F13C0F3CDC002D3EDA19F155
:10E4B0003C0F3BDA00200021B8F1010F4ED0B8F13B
:10E4C000020F3ED0B8F1000FDFD037A3D3E900230D
:10E4D00025F0A6FD36A3D3E9002325F0A1FDD4E75E
:10E4E000BDE8F84FFEF7E4BCBBF1000F12DB32A130
:10E4F000D1E90001C9E7CA4534D0B8F1020F0DD007
:10E50000B8F1030FB7D0B8F1010F4FF0000036D0CB
:10E510000021BAE72AA1D1E90001B6E724A1D1E997
:10E520000001B2E724A1D1E90001C5E722462B464C
:10E530003046394626F056F822F088FEFEF7B8FC41
:10E54000BAE719A3D3E9002325F06AFD02460B467A
:10E5500017A1D1E9000125F063FD96E701F1004321
:10E56000194692E7B8F1020F14D0B8F1030F0DD09D
:10E57000B8F1010F06D014A1D1E9000185E74FF0F1
:10E58000004182E712A1D1E900017EE712A1D1E9A1
:10E5900000017AE712A1D1E9000176E7AFF300802C
:10E5A000182D4454FB2109C0075C143326A6A13C56
:10E5B000182D4454FB210940182D4454FB21F93FE8
:10E5C000182D4454FB21F9BF182D4454FB21E93F79
:10E5D000182D4454FB21E9BFD221337F7CD902C0DE
:10E5E000D221337F7CD902400000F07F0000000080
:10E5F00043422DE9F047034321F000463C4A46EAF6
:10E60000D373934204460D462AD8964240D0394BE4
:10E610009E428A462EDD384B9E4235463FDD3346CC
:10E620000246314625F0FEFC224606460F462B46A2
:10E6300000202F4925F0F4FC02460B4630463946AF
:10E6400025F0D0FFFEF7C8FE00222C4B25F0A0FEDF
:10E65000BAF1000F0CDA01F100431946BDE8F0876A
:10E6600002460B4625F0DCFC02460B4625F0BAFFBD
:10E67000BDE8F0871CA3D3E9002325F0D3FC0022DA
:10E68000002326F015F948B120462946BDE8F08759
:10E690000022002325F0A6FFBDE8F087354622467C
:10E6A0002B462046294625F0BDFC22462B46064631
:10E6B0000F4625F06DFE2246804689462B460020F7
:10E6C0000B4925F0ADFC02460B464046494625F075
:10E6D00089FF32463B4625F0A5FCFEF77DFE002271
:10E6E000064B25F055FEB3E79C7500883CE4377E69
:10E6F0000000F03FFFFF2F3EFFFFDF3F0000E03F45
:10E700002DE9F8434E4B21F000449C4206460F464B
:10E710001BDC4C4B9C4222DD4B4B9C4254DD4B4B53
:10E720009C4246DD4A4B9C426FDD01339C4269D0DE
:10E7300041A3D3E900231046194625F029FE0646D9
:10E740000F4630463946BDE8F88302460B4625F0B1
:10E750001FFE06460F4630463946BDE8F88322F0D4
:10E7600075FD01F0F9FE00223A4B8046894625F0FE
:10E7700059FCB4F1725F06460F46ECDB42464B464D
:10E780004046494625F004FE32463B4604460D46C7
:10E790003046394625F046FC02460B4620462946BF
:10E7A00025F020FF00222B4B25F03CFC06460F46AF
:10E7B000D1E722F04BFD00F053F80022264B25F064
:10E7C000E7FD06460F46C6E722F040FD00F048F898
:10E7D0000022214B06460F4625F0DAFD324604465C
:10E7E0000D463B4600201C4925F0FCFE02460B4628
:10E7F0002046294625F016FC06460F463046394687
:10E80000BDE8F883154B984292D83046394622F03D
:10E810001DFD0022104B25F0BBFD00F021F8002269
:10E8200004460D460C4B25F0B3FD22462B4625F041
:10E83000AFFD06460F468EE79C7500883CE4377EA8
:10E84000FFFFEF7F422ED63FFFFF3540412E86402F
:10E85000CD3386400000F03F0000E03F7DF8B98FE7
:10E860002DE9F047B04F21F00042BA4284B004468F
:10E870000D464FEAD17610D9AC4FBA4240F28A80A9
:10E88000C1F313030343024640F0F180002E7ED013
:10E890000020002104B0BDE8F087A54B9A4200F2A9
:10E8A000B680A44B9A4240F2D1804FF0000A224633
:10E8B0002B462046294625F06BFD85A3D3E900238E
:10E8C00006460F4625F064FD83A3D3E9002325F017
:10E8D000A7FB32463B4625F05BFD81A3D3E900232D
:10E8E00025F0A0FB32463B4625F052FD7EA3D3E93E
:10E8F000002325F095FB32463B4625F049FD7CA3DD
:10E90000D3E9002325F08EFB32463B4625F040FD3F
:10E9100002460B462046294625F082FB02460B465E
:10E9200006460F462046294625F032FD8046894698
:10E93000BAF1000F00F0AB8032463B4600204FF0AA
:10E94000804125F06DFB02460B464046494625F0C6
:10E9500049FE02460B46DDE9020125F061FBDDE9D7
:10E96000002325F05DFB0B4602467349002025F08D
:10E9700057FB6FF47F739A4580F2A3800AF57A7A89
:10E9800001EB0A5100224FF0B87325F001FD04B0ED
:10E99000BDE8F08758A3D3E9002325F089FF0028BC
:10E9A0006BD157A3D3E900232046294625F062FF07
:10E9B00000287FF46DAF614953A3D3E9002301EB35
:10E9C000C6062046294625F0E3FCD6E9002325F0BB
:10E9D00029FB25F08DFF824625F070FC4CA3D3E97E
:10E9E000002306460F4625F0D3FC02460B46204680
:10E9F000294625F015FB48A3D3E90023CDE9000102
:10EA00003046394625F0C4FCCDE9020115E04C4BF7
:10EA10009A42D0D84B4BF4002344D3E9002325F08D
:10EA2000FFFA494B234493ED007BCDE900018DEDC6
:10EA3000027BC6F1010AAAEB060ADDE90223DDE941
:10EA4000000125F0EDFA04460D4630E734A3D3E982
:10EA5000002325F0E7FA0022374B25F029FFA8B361
:10EA6000204629460022344B25F0DCFA8FE70B467E
:10EA700025F0D8FA04B0BDE8F08729A3D3E9002334
:10EA80001046194625F084FC04B0BDE8F0873046F6
:10EA9000394600224FF0804325F0C2FA02460B4669
:10EAA0004046494625F09EFD22462B4625F0B8FA01
:10EAB00002460B460020204925F0B2FA04B0BDE81A
:10EAC000F08701EB0A5104B0BDE8F0878246EEE61C
:10EAD000D0A4BE726937663EF16BD2C541BDBB3E64
:10EAE0002CDE25AF6A56113F93BDBE166CC1663F42
:10EAF0003E5555555555C53FEF39FAFE422E8640D5
:10EB000051302DD5104987C0FE822B654715F73F40
:10EB10000000E0FE422EE63F763C7935EF39EA3DD3
:10EB20009C7500883CE4377E412E8640FFFFEF7FD6
:10EB3000422ED63FFFFF2F3E0000F03FB0570400AB
:10EB4000B1A2F03FC0570400D057040000000000FD
:10EB50002DE9F04FB1F5801F85B006460F460B46F4
:10EB600080F2D08021F00042024300F0DA800029D8
:10EB7000C0F2E9800022D64B25F00AFCD54A0B46AC
:10EB8000934206460F466FF0350E00F3C180C3F383
:10EB9000130505F5152C0CF6647C0CF4801C8CF028
:10EBA0007F5282F440121C1542EA0507A4F2FF349A
:10EBB00074440022C84B3046394604EB1C5425F0FF
:10EBC0002FFAAB1CC3F31303022B82468B464FF084
:10EBD000000240F3AF804FF0804325F023FA024655
:10EBE0000B465046594625F0FDFC064620460F468A
:10EBF00025F064FB3246CDE902013B4630463946FA
:10EC0000CDE9006725F0C4FB02460B4680468946E5
:10EC100025F0BEFB9AA3D3E9002306460F4625F054
:10EC2000B7FB99A3D3E9002325F0FCF932463B4614
:10EC300025F0AEFB96A3D3E9002325F0F3F9324685
:10EC40003B4625F0A5FB94A3D3E9002325F0EAF980
:10EC500042464B4625F09CFB91A3D3E90023804616
:10EC600089463046394625F093FB8FA3D3E900232C
:10EC700025F0D8F932463B4625F08AFB8CA3D3E930
:10EC8000002325F0CFF932463B4625F081FB0B46A9
:10EC900002464946404625F0C5F9A5F5C223C5F50B
:10ECA000D725A3F27A4351351D43002D06460F4662
:10ECB00040F387800022894B5046594625F068FB77
:10ECC00052465B4625F064FB02460B468046894669
:10ECD0003046394625F0A6F9DDE9002325F058FB3A
:10ECE00006460F46002C40F0818002460B46404607
:10ECF000494625F095F902460B465046594625F0FF
:10ED00008FF90BE0734A93424FF0000E7FF73FAF4D
:10ED100032463B463046394625F084F905B0BDE819
:10ED2000F08F0022002300206D4925F05BFC05B028
:10ED3000BDE8F08F002325F093FD60B1002C7CD15D
:10ED400000200021EAE7024625F06AF900220023AC
:10ED500025F048FCE2E758A3D3E900235046594682
:10ED600025F016FB02460B4600205C4925F058F9B9
:10ED7000524606460F465B465046594625F008FB6C
:10ED800002460B463046394625F002FB06460F4642
:10ED90002CB3204625F092FA49A3D3E900238046FC
:10EDA000894625F0F5FA48A3D3E9002304460D4629
:10EDB0004046494625F0ECFA02460B4630463946B5
:10EDC0002CE002460B465046594625F029F9DDE96C
:10EDD000002325F0DDFA06460F46002C47D13246C7
:10EDE0003B465046594625F01BF997E734A3D3E933
:10EDF0000023DDE9020125F0CBFA33A3D3E9002398
:10EE000004460D46DDE9020125F0C2FA32463B46D2
:10EE100025F008F902460B464046494625F000F920
:10EE200052465B4625F0FCF802460B462046294632
:10EE300025F0F6F805B0BDE8F08F204625F03EFA43
:10EE40001FA3D3E9002306460F4625F0A1FA1EA30F
:10EE5000D3E9002304460D463046394625F098FA9A
:10EE600002460B462046294625F0DCF856E7DDE948
:10EE7000028913A3D3E900234046494691E700BF26
:10EE800044523EDF12F1C23FDE03CB966446C73FD9
:10EE9000599322942449D23F935555555555E53FF2
:10EEA0009FC678D0099AC33FAF788E1DC571CC3FFD
:10EEB00004FA97999999D93F555555555555D53FC8
:10EEC0000000E0FE422EE63F763C7935EF39EA3D20
:10EED00000005043FFFFEF7F0000F03F0000E03FE5
:10EEE000000050C300000000B1F5801F2DE9F84379
:10EEF00004460D460B4619DA21F00042024359D070
:10EF000000295FDB00223A4B25F042FA394A0D46D0
:10EF10002B46934204466FF035010CDD22462B460A
:10EF20002046294625F07EF8BDE8F883314A934211
:10EF30004FF00001F2DC1815A0F2FF3008444FEA50
:10EF4000D0794844C3F3130825F0B8F9C9F57F73A5
:10EF5000033348EA035506460F4620462946FFF785
:10EF6000F7FD1DA3D3E90023804689463046394684
:10EF700025F00EFA1AA3D3E9002304460D464046B5
:10EF8000494625F005FA02460B462046294625F05B
:10EF900049F815A3D3E9002304460D463046394607
:10EFA00025F0F6F902460B462046294625F03AF8A8
:10EFB000BDE8F8830022002300200F4925F012FB52
:10EFC000BDE8F883024625F02BF80022002325F047
:10EFD00009FBA9E7AFF30080362BF111F3FE593D91
:10EFE0000EE526157BCBDB3F00609F501344D33FDB
:10EFF00000005043FFFFEF7F000050C300000000FF
:10F000002DE9F047CA4B21F000479F4290B080465F
:10F01000894640F38F80C74B9F420C46924626DCC0
:10F020000029B9A3D3E9002340F38F8024F0F8FF2F
:10F03000C14B9F4204460D4600F04781B4A3D3E97B
:10F04000002324F0EDFF02460B46CAE900232046C8
:10F05000294624F0E5FFAEA3D3E9002324F0E0FF26
:10F060000125CAE90201284610B0BDE8F087B34B7C
:10F070009F4240F38980B24B9F4200F31C813D15B3
:10F08000A5F21645A7EB055319461F46064625F07F
:10F090002FFC25F013F98046894642464B46304600
:10F0A0003946CDE90A8924F0BBFF0022A54B25F0A3
:10F0B0006FF98946804625F01BFC25F0FFF80646CF
:10F0C0000F4632463B4640464946CDE90C6724F0A0
:10F0D000A7FF00229B4B25F05BF900220023CDE91E
:10F0E0000E0125F0BDFB002800F0608100233046B2
:10F0F0003946002225F0B4FB002814BF0123022367
:10F10000914A019202212A4600910AA8514600F034
:10F1100087FB002C054614DADAF80420DAF80C3004
:10F1200002F1004203F100434542CAF80420CAF844
:10F130000C3006E000200021C2E90089C2E902018A
:10F140000025284610B0BDE8F08724F06BFF7A4B0D
:10F150009F4204460D4600F00B816DA3D3E90023C6
:10F1600024F060FF02460B46CAE9002329462046E8
:10F1700024F056FF66A3D3E9002324F053FF4FF099
:10F18000FF35CAE90201DCE722F060F862A3D3E9A7
:10F1900000238046894625F0FBF800226B4B24F0C3
:10F1A00041FF25F0A5FB054625F088F856A3D3E9D5
:10F1B0000023CDE9060125F0EBF802460B46404658
:10F1C000494624F02DFF52A3D3E900238046894607
:10F1D000DDE90601CDE9028925F0DAF81F2D0246A6
:10F1E0000B46CDE9042340F3B380DDE90423DDE9D8
:10F1F000020124F015FF804689463F15C9F30A53E2
:10F20000FB1A102B40F3B18045A3D3E90023DDE9BD
:10F21000060125F0BDF88046894602460B46DDE929
:10F22000020124F0FDFE02460B46DDE90201CDE9B4
:10F23000082324F0F5FE42464B4624F0F1FE3AA3A3
:10F24000D3E9002380468946DDE9060125F0A0F8D0
:10F2500042464B4624F0E4FE0B46CDE9040102464B
:10F26000DDE9080124F0DCFEC1F30A53FF1A312F57
:10F270008046894600F39C809DED087BCAE90089A1
:10F280008DED027B42464B46DDE9020124F0C8FECB
:10F29000DDE9042324F0C4FE002CCAE90201BFF614
:10F2A00050AF09F1004401F100436D42CAE9008406
:10F2B000CAE9020345E702460B4624F0B1FE0025E9
:10F2C000CAE90201CAE900013BE715A3D3E900231B
:10F2D00024F0A6FE14A3D3E900230D46044624F02F
:10F2E0009FFE02460B46CAE900232946204624F029
:10F2F00097FE0DA3D3E9002324F092FE0125CAE96D
:10F3000002011EE7AFF3008000004054FB21F93FEB
:10F310003163621A61B4D03D83C8C96D305FE43F88
:10F320000000601A61B4D03D7370032E8A19A33BAC
:10F33000FB21E93F7BD90240FB21F93FFB21394109
:10F34000FFFFEF7F00007041488104000000E03FB4
:10F350004046494624F064FE394B6A1E804653F805
:10F360002230BB4289463FF448AFCAE9008989E7A9
:10F370002BA3D3E9002324F055FE2BA3D3E90023CC
:10F380000D46044624F04EFE02460B46CAE9002311
:10F390002946204624F044FE23A3D3E9002324F089
:10F3A00041FE4FF0FF35CAE90201CAE60323A7E692
:10F3B0001FA3D3E90023DDE9060124F0E9FF064697
:10F3C0000F4602460B46DDE9080124F029FE80467F
:10F3D000894602460B46DDE90801CDE9028924F0A1
:10F3E0001FFE32463B4624F01BFE13A3D3E9002345
:10F3F00006460F46DDE9060124F0CAFF32463B46C9
:10F4000024F00EFE02460B4640464946CDE9042351
:10F4100024F006FE80468946A7E700BFAFF30080D0
:10F420000000601A61B4D03D7370032E8A19A33BAB
:10F430000000002E8A19A33BC14920259A837B39FD
:10F44000C880040000000000574A2DE9F84F21F061
:10F450000048904506460F462CDC544B0029B4BFAB
:10F46000534D544D98454FF0000411DC524B9845D4
:10F4700026DC4BA3D3E9002324F0D4FD00224F4B1C
:10F4800025F016FA002840D030463946BDE8F88FFE
:10F490004B4B984530DD4B4B984568DD0133984523
:10F4A00062D0304639463EA3D3E9002324F070FFF2
:10F4B000BDE8F88F02460B4624F0B4FDBDE8F88F96
:10F4C00021F0C4FE01F048F83F4B984506460F4630
:10F4D00023DD0022394B24F0A5FD02460B463046C1
:10F4E000394625F07FF832463B4624F09BFD224604
:10F4F0002B4624F04DFFE1E721F0A8FEFFF7B0F91D
:10F5000022462B4624F044FFD8E73046394621F006
:10F510009DFE01F021F806460F4632463B46304636
:10F52000394624F07FFD324682468B463B463046C4
:10F53000394624F02DFF0022804689461F4B304675
:10F54000394624F06FFD02460B464046494625F0F9
:10F5500049F802460B465046594624F061FD2246C2
:10F560002B4624F015FFA9E7184B984299D830464E
:10F57000394621F06BFE00220E4B24F009FFFFF705
:10F580006FF906460F4602460B462046294624F0F0
:10F59000FFFE32463B4624F0FBFE8FE7AFF30080D0
:10F5A0003374AC3C1F7BAC7FFFFFEF7FFFFF354028
:10F5B0000000E0BF0000E03FFFFF2F3E0000F03FF3
:10F5C000412E8640CD338640FFFFEF3F7DF8B98F57
:10F5D0002DE9F04F21F00048B8F1795F85B006467B
:10F5E0000F4692469B466BDA25F082F9002800F020
:10F5F000E18032463B463046394624F0C9FE74A3CA
:10F60000D3E9002304460D4624F0C2FE72A3D3E9D9
:10F61000002324F007FD22462B4624F0B9FE70A3F8
:10F62000D3E9002324F0FCFC22462B4624F0B0FE54
:10F630006DA3D3E9002324F0F5FC22462B4624F0E9
:10F64000A7FE6BA3D3E9002324F0EAFC22462B4655
:10F6500024F09EFE68A3D3E9002324F0E3FC2246B5
:10F660002B4624F095FECDE900010022664B204692
:10F67000294624F08DFEDDE9002380468946204698
:10F68000294624F085FE524604460D465B46304628
:10F69000394624F07DFE02460B462046294624F0DA
:10F6A000BFFC02460B464046494624F0B9FC0246E0
:10F6B0000B460020554924F0B3FC05B0BDE8F08F9F
:10F6C00002460B4624F064FE41A3D3E9002304461E
:10F6D0000D4624F05DFE40A3D3E9002324F0A2FCF4
:10F6E00022462B4624F054FE3DA3D3E9002324F008
:10F6F00097FC22462B4624F04BFE3BA3D3E9002384
:10F7000024F090FC22462B4624F042FE38A3D3E995
:10F71000002324F085FC22462B4624F039FE36A334
:10F72000D3E9002324F07EFC2B46224624F030FE51
:10F73000374B9845CDE9000197DD364B98453EDCC7
:10F74000A8F500130022002030499046994624F085
:10F7500067FCCDE9020100222B4B2046294624F00C
:10F7600017FE42464B4624F05BFCDDE90023804651
:10F7700089462046294624F00BFE524604460D4693
:10F780005B463046394624F003FE02460B462046CF
:10F79000294624F045FC02460B464046494624F0E3
:10F7A0003FFC02460B46DDE9020124F039FC05B0BE
:10F7B000BDE8F08F1549002005B0BDE8F08F9FED42
:10F7C000107B4FF000088DED027BDFF84C90C2E714
:10F7D000D43888BEE9FAA8BDC4B1B4BD9EEE213EBE
:10F7E000AD529C804F7E923E9015CB19A001FA3EFF
:10F7F0007751C1166CC1563F4C5555555555A53FCF
:10F80000000000000000E73F0000E03F0000F03F84
:10F810003233D33F0000E93F0000D23F0000000038
:10F820002DE9F04FADF5197DBE4CA29EBE4D54F8AA
:10F8300026600793D41E85FB0475E417C4EBA5046A
:10F8400024EAE4741D46631CA3EB8303013D02EB31
:10F85000C3030593731904960994019503900B91C2
:10F86000A4EB05071AD43B44002400255E1C0DF1CF
:10F870008008DDF88C9208E059F8270024F01EFD7E
:10F880000137B742E8E8020108D0002FF4DA013767
:10F8900020462946B742E8E80201F6D1049B002B36
:10F8A000079B4FEAC30302932ADB039A20A902EBCA
:10F8B000030801EB0309049B72AA02EBC30B0DF5CD
:10F8C000E07A019B002B4FF000064FF0000711DBA0
:10F8D000039C4D4675E90223F4E8020124F058FD2B
:10F8E00002460B463046394624F09CFB444506460A
:10F8F0000F46EFD1EAE80267DA4509F10809E0D1DD
:10F90000DDE90204049920448B0082460BA8A3F190
:10F910000802C31808930CAB13440A938B4698ABA8
:10F9200003EBCB03BBF1000F53E9284529DD70AB96
:10F9300003EBCB080DF1300900227C4B2046294611
:10F9400024F026FD24F0D4FF24F0B8FC0022784BEC
:10F9500006460F4624F01CFD02460B46204629466B
:10F9600024F05EFB24F0C4FF78E9022349F8040B7D
:10F970003946304624F056FB70AB984504460D4698
:10F98000DAD1DDF81490204629464A4601F030F8D5
:10F9900000224FF07F5304460D4624F0F9FCFDF79A
:10F9A0009BFC0022634B24F0F3FC02460B462046EE
:10F9B000294624F035FB0D46044624F099FF804685
:10F9C00024F07CFC0B4602462946204624F028FB06
:10F9D0004B46002B06460F4640F3E1800BF1FF3209
:10F9E0000CA9C9F1180351F8225045FA03F101FAA4
:10F9F00003F30CA8EB1A40F82230C9F1170588442C
:10FA000043FA05F5002D2CDDBBF1000F08F10108CC
:10FA100040F381820C9C002C40F0A780BBF1010FC9
:10FA20000AD00CA9012251F8044F531C002C40F0BD
:10FA30009E809B451A46F6D1059B002B0EDD012BBF
:10FA400000F0D980022B09D10BF1FF320CAB0CA9CD
:10FA500053F82230C3F3150341F82230022D00F091
:10FA6000AF80002200233046394624F0F9FE0028FA
:10FA700000F05382049B0BF1FF394B4510DC0BF176
:10FA800080430CAA013B089802EB8303002253F841
:10FA90000419834242EA0102F9D1002A40F0B680FB
:10FAA000049B0CAA013B52F82330002B40F0A180AC
:10FAB0000A9A012352F8041901330029FAD05B4451
:10FAC0000BF10109994506934CDC099A079909EB5A
:10FAD000020801EB0B0508F1804802EB030BA39B26
:10FAE00008F1FF3803EB880870AB03EBC909A39B4F
:10FAF00020A903EB8B0301EBC505029358F8040F13
:10FB000024F0DCFB0B4601990246002905F1080BA5
:10FB1000C5E900234FF000064FF000071CDB039CF3
:10FB20000CE000BFE8850400ABAAAA2A0000703EE2
:10FB3000000070410000204075E90223F4E8020152
:10FB400024F026FC02460B463046394624F06AFA79
:10FB5000544506460F46EFD1029B9845E9E80267F7
:10FB60005D46CBD1DDF818B0D9E6012300220CA9FF
:10FB7000C4F180749B4541F822400EDD51F82320EA
:10FB800001EB8B0001EB83036FF07F4100E01A680B
:10FB90008A1A43F8042B8342F9D101244CE706D199
:10FBA0000BF1FF330CAA52F82350ED152AE700227F
:10FBB0007B4B24F073FE002840F0A381054650E7FC
:10FBC00032463B460020774924F02AFA06460F4683
:10FBD000002C3FF446AF059A7249002000F008FF60
:10FBE00002460B463046394624F01AFA06460F46BE
:10FBF00037E7012363E70BF1FF320CAB0CA953F895
:10FC00002230C3F3160341F8223027E70CAB059AE4
:10FC100053F82930183ACDE9068505926BB909F1F8
:10FC20008043013B0CA901EB830353F8041909F14C
:10FC3000FF39183A0029F8D00592059A5949002051
:10FC400000F0D6FEB9F1000F04460D46C0F2C081A7
:10FC50004FEAC90370AA02EB030808930CAB03EB4D
:10FC60008906DFF844B14FF0000A08F108070436AE
:10FC700056F8040D24F022FB22462B4624F088FB84
:10FC80005B4667E9020152462046294624F080FB84
:10FC90000CAB9E4204460D46EAD148AB0393019358
:10FCA000CDF8149009F10103DDF810900293C346DA
:10FCB0004FF0000AB9F1000FC0F22A81DFF8EC80A2
:10FCC0005D4635A3D3E9002300260027002403E086
:10FCD000544510DCF8E80223F5E8020124F058FB53
:10FCE00002460B463046394624F09CF90134A145C2
:10FCF00006460F46ECDA019BE3E802670193029B9C
:10FD00000AF1010A9A45ABF1080BD3D1A29BDDF8A9
:10FD10001490032B39D8DFE813F0D9000600060051
:10FD20004D0048AB0393B9F1000F4FF000004FF0C6
:10FD3000000109DB039D05EBC904083474E90223C3
:10FD400024F070F9A542F9D1079B002B40F01E81E9
:10FD50000B9BC3E900010B4603990246D1E9000160
:10FD600024F05EF9B9F1000F0CDD4AAD0124013435
:10FD7000F5E8022324F056F9A145F8DA079B002B99
:10FD800040F014810B9BC3E90201069B03F00700BE
:10FD90000DF5197DBDE8F08F00000040FB21F93F13
:10FDA0000000E03F0000F03F0000703EF857040004
:10FDB00048AB0393B9F1000F40F32781039ACDF8C4
:10FDC00010904FEAC9030193D318D3E900AB09F1AE
:10FDD0000053013B02EBC9080293914678E90267A0
:10FDE00052465B463046394624F01CF904460D461F
:10FDF00002460B463046394624F012F952465B461D
:10FE000024F010F9C145A246AB46C8E90201C8E991
:10FE10000045E3D1DDF81090B9F1010F40F3F58012
:10FE2000019B039A02991344C900D3E9006701F1C9
:10FE3000080A019192440DF5947B7AE902893246D1
:10FE40003B464046494624F0EDF804460D4602463E
:10FE50000B464046494624F0E3F832463B4624F040
:10FE6000E1F8D34526462F46CAE90201CAE9004512
:10FE7000E3D1019C039B1034002000211C4403F1BA
:10FE8000100574E9022324F0CDF8A542F9D1039CB2
:10FE9000079ED4E90023D4E90245002E00F08A80B1
:10FEA00003F1004701F100430B99C1E90403069BEC
:10FEB0002646944605F1004403F00700C1E900C757
:10FEC000C1E902640DF5197DBDE8F08F089C039D22
:10FED0000834002000212C4474E9022324F0A2F805
:10FEE000A542F9D1079B13B101F1004319460B9BC1
:10FEF000C3E90001069B03F007000DF5197DBDE87D
:10FF0000F08FBBF1000F08F1010874DD022581E5D7
:10FF100000260027EFE600248EE5CDE90685059D45
:10FF2000304639466A4200F063FD0022384B0646EF
:10FF30000F4624F0B3FC00B30022364B304639465E
:10FF400024F026FA24F0D4FC044624F0B7F9002269
:10FF50002F4B24F01DFA0B4602463946304624F05A
:10FF60005FF824F0C5FC0BF101090CAB183543F820
:10FF70002B00059543F829405FE63046394624F0CA
:10FF8000B7FC0CABD94643F82B0056E60B9C01F1AD
:10FF90000043C4E900030B4603990246D1E900017E
:10FFA00024F03EF8B9F1000F3FF7DFAE01F1004356
:10FFB0001946E7E60B9EC6E90023069BC6E9040145
:10FFC00003F00700C6E902450DF5197DBDE8F08F85
:10FFD000A29B032B3FF6D9AE01A252F823F000BF3B
:10FFE000F1FF010023FD010023FD0100B1FD01002F
:10FFF0000020002176E732463B460020064924F0E7
:020000040002F8
:100000000FF8022506460F462BE5002000213EE7AB
:10001000000070410000703E0000F03F0000000052
:100020002DE9F04F21F00046B6F1795F85B0044626
:100030000D469046994604DA24F05AFC002800F058
:10004000858022462B462046294624F0A1F9064603
:100050000F4602460B462046294624F099F941A353
:10006000D3E9002382468B463046394624F090F986
:100070003EA3D3E9002323F0D3FF32463B4624F0CE
:1000800087F93CA3D3E9002323F0CCFF32463B465B
:1000900024F07EF939A3D3E9002323F0C1FF3246CF
:1000A0003B4624F075F937A3D3E9002323F0BAFFC8
:1000B0000E9BCDE900019BB30022294B40464946E7
:1000C00024F066F9DDE90023CDE9020150465946E6
:1000D00024F05EF902460B46DDE9020123F0A0FFA1
:1000E00032463B4624F054F942464B4623F098FFF3
:1000F00019A3D3E9002306460F465046594624F07B
:1001000047F902460B463046394623F08BFF02463C
:100110000B462046294623F083FF05B0BDE8F08F4B
:1001200002460B463046394624F032F90AA3D3E999
:10013000002323F075FF52465B4624F029F922463E
:100140002B4623F06FFF05B0BDE8F08F204629460F
:1001500005B0BDE8F08F00BF495555555555C53F11
:100160000000E03F7CD5CF5A3AD9E53DEB9C2B8A85
:10017000E6E55A3E7DFEB157E31DC73ED561C11984
:10018000A0012A3FA6F810111111813F00000000C4
:100190002DE9F04FC04C21F0004687B0A6428246C0
:1001A0008B460F46CDE900231ADC24F0A1FB002882
:1001B0003FD1109B524601331343334300F0B781C4
:1001C000109B012B00F0C0815B460020B34924F056
:1001D00009FA04460D462046294607B0BDE8F08FCF
:1001E000AF4B9E4225DD002909DADDE900452246B4
:1001F00005F10043CDE900230BF100418B46524647
:100200005B4685A1D1E9000123F00AFFDDE9002367
:1002100004460D4682A1D1E9000123F001FF9FEDC4
:10022000827B22462B468DED007B23F0FBFE82462F
:100230008B4652465B465046594624F0A9F8024682
:100240000B468046894624F0A3F8424604460D46F4
:100250004B465046594624F09BF875A3D3E900233A
:10026000CDE902012046294624F092F872A3D3E991
:10027000002323F0D7FE22462B4624F089F870A3F2
:10028000D3E9002323F0CEFE22462B4624F080F84B
:100290006DA3D3E9002323F0C5FE22462B4624F0AC
:1002A00077F86BA3D3E9002323F0BCFE22462B464C
:1002B00024F06EF868A3D3E9002323F0B3FE42468E
:1002C0004B4624F065F866A3D3E90023CDE9040189
:1002D0002046294624F05CF863A3D3E9002323F0E9
:1002E000A1FE22462B4624F053F861A3D3E9002354
:1002F00023F098FE22462B4624F04AF85EA3D3E969
:10030000002323F08FFE22462B4624F041F85CA305
:10031000D3E9002323F086FE22462B4624F038F84A
:1003200059A3D3E9002323F07DFE02460B46DDE905
:10033000040123F077FEDDE9022324F029F8DDE94A
:10034000004522462B4623F06DFE42464B4624F0E4
:100350001FF822462B4623F065FE4DA3D3E9002368
:1003600004460D46DDE9020124F012F822462B4630
:1003700023F058FE0B4602468046894650465946B1
:1003800023F050FE464B9E4204460D4600F38C80FF
:10039000109B012B3BD002460B4600203F4924F026
:1003A00021F9002406460F462046294652465B4660
:1003B000CDE90067CDE90201009423F031FEDDE9CB
:1003C00000AB02460B464046494623F029FE524602
:1003D0005B4623F0DDFF524604460D465B46DDE9F1
:1003E000020123F0D5FF00222E4B23F01BFE024614
:1003F0000B462046294623F015FE32463B4623F0A5
:10040000C7FF52465B4623F00DFE04460D462046CC
:10041000294607B0BDE8F08F182D4454FB21E93F71
:10042000075C143326A6813C000000000000000099
:10043000D47ABF74702AFB3EE9A7F0320FB8123F9E
:1004400068108D1AF726303F1583E0FEC8DB573F52
:1004500093846EE9E326823FFE41B31BBAA1AB3F12
:10046000735360DBCB75F3BEA69237A0887E143F32
:100470000165F2F2D844433F280356C9226D6D3F0F
:1004800037D60684F464963F7AFE10111111C13FED
:10049000635555555555D53FFFFF2F3E0000F0BF22
:1004A0002794E53F0000F03F109823F007FF224615
:1004B000CDE900012B462046294623F069FFDDE9FE
:1004C0000023CDE902012046294623F0ABFD024678
:1004D0000B46DDE9020124F085F842464B4623F045
:1004E0009FFD02460B465046594623F099FD0246B1
:1004F0000B4623F097FD02460B46DDE9000123F091
:100500008FFD0446B81700F00200C0F101000D464F
:1005100023F0D4FE02460B462046294623F038FF3E
:1005200004460D462046294607B0BDE8F08F5046E8
:10053000594620F08BFE02460B460020044924F069
:1005400051F804460D4662E754465D465FE700BF3A
:100550000000F03F000000002DE9F04FCC4A21F0F0
:100560000043934285B082468B460C4620D9C94A47
:10057000934200F2D780002C80F2A481ACA3D3E98F
:1005800000235046594623F04DFD0022002324F05D
:1005900071F9002840F0D180A7A3D3E90023504689
:1005A000594623F0F5FE02460B460020BA4994E175
:1005B000BA4A934200F2E580B94A934240F22E8152
:1005C000002301930022B74B5046594623F0E0FE2A
:1005D00006460F4602460B465046594623F0D8FEC3
:1005E00097A3D3E9002304460D4623F0D1FE96A33A
:1005F000D3E9002323F016FD22462B4623F0C8FE44
:1006000093A3D3E9002323F00BFD22462B4623F0CE
:10061000BFFE91A3D3E9002323F004FD22462B461D
:1006200023F0B6FE8EA3D3E9002323F0F9FC224683
:100630002B4623F0ADFE00229B4B23F0F3FC8046BB
:10064000894602460B463046394623F0A1FE024653
:100650000B460020954923F0E3FC064602460B4674
:100660000F464046494623F0DBFC32468046894629
:100670003B465046594623F08BFE02460B4600206F
:100680008B4923F0CDFC02460B464046494623F0F9
:10069000A9FF22462B4623F07BFE019E02460B4615
:1006A000002E4DD0DDE9026732463B4623F0B8FC10
:1006B00052465B4623F06CFE32463B4623F0B0FCCC
:1006C0002B46224623F0ACFC019B013306460F4625
:1006D00000F02381019B012B7BD0019A531C392B05
:1006E0004FEA025500F22881019A132A40F35581FE
:1006F000019BC3F57F7403340022230523F092FC91
:1007000002460B465046594623F08AFC0022664BAF
:1007100023F088FC824605EB010B5046594605B094
:10072000BDE8F08F634A93421BD9C1F3130303431F
:10073000024640F012810029EFDA00205E490DE008
:100740005046594623F024FE22462B4623F068FCEF
:1007500002460B465046594623F062FC05B0BDE800
:10076000F08F41A3D3E9002324F0A2F800283FF43E
:1007700002AF3FA3D3E900231046194623F008FE39
:10078000ECE74E4A934200F2EC8000293AA3D3E909
:10079000002339DA23F046FC39A7D7E900674FF088
:1007A000FF3380468946019332463B4640464946E0
:1007B00023F036FC02460B4682468B4640464946AD
:1007C00023F02EFC32463B4623F02AFCCDE9020101
:1007D000F8E600223A4B5046594624F04BF80028E0
:1007E00000F0CC805046594600222E4B23F01AFCD4
:1007F00002460B463046394623F012FC00224FF0E9
:10080000404323F0C5FDA9E723F00AFC01238046FD
:10081000894601931CA7D7E90067C5E714A3D3E96C
:10082000002323F0FFFB02460B468FE7AFF3008067
:1008300059F3F8C21F6EA501FE822B654715F73FDD
:100840002DC3096EB7FD8ABE3952E686CACFD03EA7
:10085000B7DBAA9E19CE143F8555FE19A0015A3F59
:10086000F41011111111A13FEF39FAFE422E86400A
:100870009C7500883CE4377E0000E0FE422EE63F97
:10088000763C7935EF39EABD763C7935EF39EA3D8A
:1008900079684340412E86400000E0BF422ED63F9B
:1008A000FFFF8F3C0000E03F0000F03F00000840E9
:1008B00000001840FFFFEF7F0000F0BFB1A2F03F43
:1008C0000000D0BF44A3D3E900235046594623F08B
:1008D0005FFD02460B460020414923F0A3FB24F0B4
:1008E00007F8019023F0EAFC37A3D3E9002306467A
:1008F0000F4623F04DFD02460B465046594623F065
:100900008FFB33A3D3E9002380468946304639461E
:1009100023F03EFD06460F4646E702460B4650468C
:10092000594623F07DFB00222D4B23F031FD0022A0
:100930002B4B23F075FB11E752465B4623F070FB0F
:1009400002460B460020274923F06AFB6B18194624
:100950000022244B23F064FB00E70B4623F062FBEC
:10096000FCE61DA3D3E9002323F012FD002C024670
:100970000B464FF00000AFDA1B49AEE732463B466C
:100980005046594623F04CFB02460B4623F04AFBE7
:100990000022144B23F046FBE0E64FF4001343FA29
:1009A00002F452465B4623F03BFBC4F17F5700261E
:1009B00007F5401702460B463046394623F030FB18
:1009C000A8E600BFAFF300800000E0FE422EE63F45
:1009D000763C7935EF39EA3DFE822B654715F73FC6
:1009E0000000E03F0000F03F0000E0BF000000001A
:1009F000F8B5C1F30A5304460D460E4617460BBB25
:100A000021F00046034633431BD0354B002223F030
:100A1000BFFC344B9F4204460D4635DBC1F30A53FD
:100A20000E46363B3B4440F2FE72934232DC002BD2
:100A300011DD26F0FF4626F4E00646EA035520467F
:100A40002946F8BD40F2FF729342EBD102460B46B5
:100A500023F0E8FAF8BD13F1350F28DA4CF25033E1
:100A60009F4222462B460ADD19A1D1E9000123F05D
:100A700033FA17A3D3E9002323F08AFCF8BD16A1AB
:100A8000D1E9000123F028FA13A3D3E9002323F0CE
:100A90007FFCF8BD22462B460DA1D1E9000123F0D1
:100AA0001BFA0BA3D3E9002323F072FCF8BD26F058
:100AB000FF4626F4E006363346EA0355204629462B
:100AC0000022094B23F064FCF8BD00BFAFF30080A7
:100AD0009C7500883CE4377E59F3F8C21F6EA5016F
:100AE00000005043B03CFFFF0000903C10B5054CA7
:100AF000237833B9044B13B10448AFF300800123CA
:100B0000237010BD603800200000000068870400DA
:100B100008B5034B1BB103490348AFF3008008BD80
:100B2000000000006438002068870400154B002B8B
:100B300008BF134B9D46A3F5803A00218B460F4614
:100B40001348144A121A24F0BDF90F4B002B00D0A1
:100B500098470E4B002B00D098470020002104003E
:100B60000D000D48002802D00C4805F005FC23F0CC
:100B7000E9F92000290004F033FE23F0CFF900BF8B
:100B8000000008000000022000000000000000003B
:100B9000002400204C430020796302000000000084
:100BA0000120704701EB810100EB410020307047CC
:100BB000F0B5044685B00D4600F10C060AF00AFBBC
:100BC000144B2360A56004F12000002509F0E4F92E
:100BD0002046E56025616561A561E5610E490AF081
:100BE00017FB20464FF2E6510AF026FB20460B4940
:100BF0000AF00EFB082714222046CDE901270092B7
:100C0000334629464FF2E6520AF026FB204605B04D
:100C1000F0BD00BF385804007C5804006C58040034
:100C20002DE9F04F83B0884617461C4606460AF069
:100C3000A1FB60B3002F2ADD002C06F10C0314BFCA
:100C40006FF07F0B6FF03F0B06F10D0A019300254B
:100C50007C1B132CA8BF13244BEA0403224608EB89
:100C600005013373504624F009F9336800211B69EC
:100C700030469847814630460AF06AFB25440146D3
:100C800014234846019A09F0A1F9AF42E0DC03B011
:100C9000BDE8F08F10B5382024F0B9F8044A3C23A1
:100CA000116B3D2204460CF0B5FD024B1C6010BDDB
:100CB000002500208038002070B50B4E34680D46AA
:100CC0003CB12046AA88A91D0023BDE87040FFF76B
:100CD000A7BF2C2024F09BF8044B0446196BFFF7A8
:100CE00067FF3460EDE700BF7C380020002500205E
:100CF00008B5282024F08BF8034BD3F81C29196B76
:100D0000BDE8084009F0C6B80025002008B520203D
:100D100024F07DF8024B196BBDE808400AF030BEA4
:100D20000025002008B57C2024F071F8034AA2F5C4
:100D30004B73196BBDE808400BF038BB2C28002022
:100D400008B5482024F063F8034AA2F2E473196B53
:100D5000BDE808400BF0FEBCE42C002008B52420C0
:100D600024F055F8034AA2F60813196BBDE80840B1
:100D70000CF0BEBB082E002008B5402024F047F838
:100D8000034BD3F82029196BBDE808400BF026BFB0
:100D900000250020024B1B6803B17047FFF77ABFA4
:100DA0008038002070B50C4E346882B005467CB1A6
:100DB000B5F90420A91D01A815F01AFD01A9022208
:100DC00020460CF055FE01A815F09AFC02B070BD4B
:100DD000FFF760FF3468EBE78038002070B5124EF3
:100DE000346882B00546DCB1B5F90420A91D684617
:100DF00015F0FEFC6A460223214601A80CF0A0FE75
:100E00000198B0F90210043001F0B4FA044601A8C8
:100E100015F076FC684615F073FC204602B070BDF4
:100E2000FFF738FF3468DFE78038002070B5084DE1
:100E30002B68044643B16268184604F10801022396
:100E4000BDE870400CF06CBDFFF724FF2B68F2E7A3
:100E50008038002070B51B4D286870B30CF038FF47
:100E60000146002001F088FA044600F1080603F06C
:100E70001FF931462868626802230CF003FE011E48
:100E800011DB63688B4208D0304601F075FA0546E5
:100E9000204603F01BF9284670BD2046254603F086
:100EA00015F9284670BD0021084601F065FA05468F
:100EB000204603F00BF9284670BDFFF7EBFE2868CB
:100EC000CCE700BF80380020F0B5104E346883B006
:100ED00005460F46B4B1B5F90420A91D01A815F0C7
:100EE00087FC01A9002220460CF014FE01A815F091
:100EF00007FC3A46102301214FF4966001F01EF9D9
:100F000003B0F0BDFFF7C6FE3468E4E78038002088
:100F10000246102301214FF47A7001F00FB900BF8F
:100F20000246102302214FF47A7001F007B900BF86
:100F30002DE9F041104B114C81F3030584B013F9F6
:100F400005801746811DB0F904204FF4C87603A828
:100F500015F04EFC42463B4603A92046009609F098
:100F600049FC03A815F0CCFB2946204609F0B2FA4B
:100F700004B0BDE8F08100BF8C5804000C250020AF
:100F80004368102B00D0704710B582B081F3030185
:100F9000074B009204464FF4C8725B56019204F16D
:100FA000080104F11202034809F02EFC02B010BD42
:100FB0008C5804000C25002080F30301014809F03F
:100FC00089BA00BF0C250020014809F02FBB00BFE3
:100FD0000C25002008B501F0A5FDFCF721FCBDE8BB
:100FE000084001F0F7BA00BF08B501F09BFDFCF71F
:100FF00087FCBDE8084001F0EDBA00BF08B501F07C
:1010000091FD20F099F9BDE8084001F0E3BA00BF76
:1010100008B501F087FD20F08BFDBDE8084001F028
:10102000D9BA00BF08B501F07DFDFCF709FCBDE8A9
:10103000084001F0CFBA00BF08B501F073FD20F001
:10104000ADFBBDE8084001F0C5BA00BF08B501F02E
:1010500069FDFBF791FEBDE8084001F0BBBA00BF97
:1010600008B501F05FFD20F0EFFABDE8084001F09F
:10107000B1BA00BF10B584B00C46014603A814F005
:10108000BFFF002303A900931A460194034812F0FE
:1010900015F803A814F09EFF04B010BD202D002009
:1010A00010B50129B8BF012182B00C4690B18288E9
:1010B00082B1012A17D0811D12B201A815F098FB48
:1010C000224601A90C4812F059F801A815F018FBA6
:1010D00002B010BD094807F069FA04EB84000FF074
:1010E00089FB02B010BD01EB81028179024811F049
:1010F000BBFF02B010BD00BF202D0020E42C00205B
:10110000014814F0A5BF00BFF42C002010B584B036
:101110000C46014603A814F073FF0023224603A9DE
:10112000CDE900330448052312F092F803A814F027
:1011300051FF04B010BD00BF202D002000B585B0C8
:10114000014602A814F05CFF02A903A814F050FFA6
:10115000002303A9CDE900331A46064811F0AEFF7B
:1011600003A814F037FF02A814F034FF05B05DF8AF
:1011700004FB00BF202D002000F060BB0FF03ABB45
:1011800070B5049E96420C4624DB15466BB9042AC2
:1011900019D0022A02D110F0010310D001462A46CC
:1011A000204623F06BFE002070BD10440D4410F863
:1011B000013D01F8013B8D42F9D1002070BD02884C
:1011C0000A80184670BD10F00303E7D102680A6078
:1011D000184670BD0846002123F074FE4FF0FF3022
:1011E00070BD00BF0830704740B1002905DB43687F
:1011F0008B4202DD0844007A70470020704700BF30
:1012000030B1002904DB43688B42C4BF401802722E
:10121000704700BF40B1002905DB4368994202DAFC
:101220000844007A70470020704700BF830704D14C
:10123000030F0CBF0120002070470120704700BF42
:1012400030B1002904DB43689942BCBF40180272E8
:10125000704700BFF8B5002B20DB00291EDB466875
:101260008E421BDB5468761AE51AB542A8BF354694
:10127000002D13DB824202F108070C4600F108063C
:101280002A4605D0F918301923F0F8FD0020F8BDE2
:10129000F118381923F0FDFD0020F8BD4FF0FF30A4
:1012A000F8BD00BF4068704710B4141E10DB4268E0
:1012B000A2420DDB33EA230328BF1346121B08307A
:1012C0009A422044A8BF1A465DF8044B23F0FABDA9
:1012D0005DF8044B704700BF10B443688B4200F1C7
:1012E00008041846A8BF084632EA220128BF19465A
:1012F0001B1A99422044A8BF19465DF8044B01F01F
:101300003BB800BF70B5002BBCBF43689B1A002AD6
:101310000E4620DB44689918A1421CDC91421ADB7E
:10132000CBB136F0004116D05942B14214DAB34283
:1013300012DD0830002E00EB020515DB9C1B224657
:10134000A919284623F0A5FD324628190021BDE839
:10135000704023F0B7BD70BD002211464FF0FF333F
:10136000BDE87040FFF7A0BF74429A1929462819BA
:1013700023F08FFD224628460021BDE8704023F06F
:10138000A1BD00BF03460830596800F0F3BF00BF9D
:1013900070B5054600206968490000F0C7FF6B681A
:1013A000002B14DD0A4EEB1D02465C782411991FB8
:1013B000345D94715C7804F00F04491B345DD47182
:1013C0006C688C4202F1020203F10103EDDC70BD96
:1013D00094580400002BBCBF43689B1A002A30DBE2
:1013E00070B445689C18AC4229DC944227DB33B3C7
:1013F00031F0004423D00029B8BF01EB032191FB59
:10140000F3F403FB1411002900F10800B8BFC91858
:10141000024411448A42134411D00C4604E08A422B
:1014200004460FD094420AD02046157810F8016B7C
:1014300002F8016B83422570F1D10C46F2E770BCD3
:10144000704770470146EDE700B583B04FF0FF33BA
:1014500000930023FFF7FEFE03B05DF804FB00BF1E
:1014600010B50C1E0EDD4168083002F0A3F91F2CE8
:1014700007DC0123A34020FA04F4013B444004EAC2
:10148000030010BD002010BD0146002000F074BF15
:1014900003460630998800F06FBF00BF30B5013AAF
:1014A00083B004460D460F2A13D8DFE802F0141467
:1014B00008086114141B1B734A2554675A381846D0
:1014C00001F0C2FB012D04DD80B2E20754BF208091
:1014D000208003B030BD184601F0B6FB002DF8DDCA
:1014E0002070F6E7184601F0AFFB012DF1DDC0F3E7
:1014F000072360702370ECE7184601F03BFB032DD7
:101500000090E6DD9DF800009DF801109DF8022096
:101510009DF803302370E070A1706270D9E718461F
:1015200001F000FB072DCDE90001D2DD0DF1FF3206
:1015300004F1080312F8011F03F8011D9C42F9D1C0
:10154000C7E7184601F016FB032DC2DDA3070CBF49
:1015500020602060BDE7184601F00EFC032DF5DC8D
:10156000B7E7184601F008FC032D0090CADCB0E78D
:10157000184601F069FB032DE8DCAAE7184601F0E4
:10158000D1FA072DCDE90001A3DD6B4603CB206026
:1015900061609EE7184601F057FB032D0090B1DC17
:1015A00097E700BF30B4141E07DB456808300A46D1
:1015B0002044291B30BCFFF771BF30BC704700BF0F
:1015C00000B5013A85B00F2A00F28880DFE802F00A
:1015D0001623303D4A56595C5F62657174808308FA
:1015E0000091012308220DEB0201FFF7C9FDDDE99F
:1015F000020100F0EFFF05B05DF804FB009100234D
:10160000012202A9FFF7BCFD9DF9080001F0D8F8FE
:1016100005B05DF804FB00910023012202A9FFF749
:10162000AFFD9DF8080001F0CBF805B05DF804FBB4
:1016300000910023022202A9FFF7A2FDBDF90800D4
:1016400001F0BEF805B05DF804FB00910023022212
:1016500002A9FFF795FDBDF8080001F0B1F805B04B
:101660005DF804FB00910023042202A9FFF788FD26
:10167000029801F0A5F805B05DF804FB0123009184
:10168000BEE701230091C8E700910123D2E7009152
:101690000123DCE700910123E6E700910023042207
:1016A00002A9FFF76DFD029801F094F805B05DF80E
:1016B00004FB00910123F2E700910023042202A918
:1016C000FFF75EFD029801F073F805B05DF804FBCA
:1016D0000091002386E700910123EFE700208AE7CD
:1016E000131E09DB10B4446808300A461844E11A96
:1016F0005DF8044BFFF764BF002001F061B800BF44
:10170000054B1A6810B4146B0023A4461A461946F8
:101710005DF8044B604700BFD038002030B585B07D
:101720006C4684E80F0094E80F000A4C089D84E89A
:101730000F00BDF8020001F043F8074B1A68146B64
:10174000002301461A462846A44605B0BDE83040AD
:10175000604700BF20380020D038002008B502F0D4
:10176000B5FCBDE808400FF0DBB800BF08B5064E79
:10177000054632680023146B19461A462846A047CE
:1017800014200FF037F8F4E7D038002010B5034BE1
:101790000360044615F0ECFE204610BDB05804006E
:1017A00010B5054B0360044615F0E2FE204623F019
:1017B00027FB204610BD00BFB05804000A46022394
:1017C0000146014810F012BB702B002010B50446F2
:1017D0000EF086FD034638B100200CB144F82030ED
:1017E0001B6A0130002BF8D110BD00BF10B50446B4
:1017F00018F0E6F903F0DAFE2046BDE8104004F0E8
:1018000077BC00BF08B50A48FAF72AFF01200FF09D
:10181000BBF940F20443984200D808BD01200FF004
:10182000B3F9BDE80840A0F5806002F0C1B900BF7F
:10183000002500200FF074B80FF05CBB50B110B55C
:10184000044602F035FC2146034A0448BDE8104036
:101850000EF0C4BE704700BF550903006D170200AB
:1018600050B110B5044602F023FC2146034A044857
:10187000BDE810400EF0B2BE704700BF5D17020019
:101880000117020089B280B20EF0DABF08B5042059
:1018900004F028FC6FF0004004F0CCFBBDE80840E9
:1018A00000F08CBD074B10B51C6800F0E5FF4FF051
:1018B000805213691269013B23441844524210407C
:1018C00010BD00BFD0380020024B1B7803B1704719
:1018D000FFF774BF0C430020024B186800B1406A48
:1018E000704700BFC43A0020014B1B685862704724
:1018F000C43A00202DE9F04FDFF8DC80D8F8003042
:1019000085B0002B52D00EF0EBFC0346002857D0D8
:1019100000241B6A0134002BFBD14FEA840A504695
:101920000FF092F90190FFF751FFA04239D1002C3E
:101930002FDD019BA3F10409CA4459F8047F7E6A94
:101940002EB30436D8F8003034689F4227D0386868
:10195000D7F808B018F088F9D8F800207568ABEB14
:1019600000009742044407D03868D7F808B018F050
:101970007BF9ABEB00000544A54205D954F8040BF4
:1019800002F0C0F8AC42F9D3B668002EDAD1CA45ED
:10199000D3D1019805B0BDE8F04F0FF07BB9756861
:1019A000EAE74FF44B70FFF721FFC0E701200FF08B
:1019B0004BF90390039805B0BDE8F04F0FF06AB9FA
:1019C0000FF042F90190FFF701FF0028E1D04FF43A
:1019D0004B70FFF70BFFDCE7C43A002010B5074C53
:1019E00020460CF0B5FA2046054A064923F00AFACB
:1019F0000548BDE8104014F0B3BA00BF0025002030
:101A0000402000200D1A020020380020684B03F10E
:101A10003C022DE9F0470446C0E9003200F594503D
:101A2000644F654E04F0BEFD002504F6381004F046
:101A300043F904F60810C4F80879A4F80E590EF01A
:101A40002BFB04F50E60C4F8E078A4F8E6580EF01D
:101A500023FB04F6AC0012F0E5FE584BC4F89C38AA
:101A600004F69C000FF062FA04F6780011F02CFCEA
:101A700004F6540011F028FC04F2E47004F094FC25
:101A800004F2847006F002FB04F5EB6005F0E2FA64
:101A900004F5E16004F098FDC4F8F06604F5DE603A
:101AA00015F066FDC4F8D86604F5DB6015F060FD3E
:101AB00004F5CE6017F0AEFB414BC4F82C3304F5AF
:101AC0004B7604F26C6014F089FD3046C4F82C7338
:101AD000A4F832530EF0E0FA3A4BC4F8EC3204F5B5
:101AE0003B7013F099F8384BC4F8E0302833C4F851
:101AF000E83004F1E00904F5377804F5397600E0C0
:101B00002E46351F284614F069FDA845F8D1DFF8A8
:101B1000C0A0283E04F1FC0846F818AC3C3D304615
:101B200013F0BCF905F1080014F058FDA845A6F122
:101B30003C06F1D100254846C4F8E070A4F8E65010
:101B40000EF0AAFA04F1B80012F0AAFA04F180002B
:101B500010F036FF04F16400A4F86A5067660EF0D6
:101B60009BFA04F14C00A4F85250E7640EF094FA8A
:101B7000264604F13400658767630EF08DFA134B37
:101B800046F80C3F04F1200014F0BAFD04F11C00EB
:101B900014F0B6FD30466582E7600EF07DFA201D38
:101BA000658167600EF078FA2046BDE8F08700BFD7
:101BB000F46E0400BC700400B058040048740400C3
:101BC000546F04007C7E0400B07C0400786A04003A
:101BD000887C04002DE9F84F684B694F694E03F18A
:101BE0003C02A0F10408044640E9013208F5945093
:101BF00004F0D8FC002504F6341004F05DF804F677
:101C00000410C4F80479A4F80A590EF045FA04F651
:101C1000DC00C4F8DC78A4F8E2580EF03DFA04F6D3
:101C2000A80012F0FFFD584BC4F8983804F698004D
:101C30000FF07CF904F6740011F046FB04F5056022
:101C400011F042FB04F5FC6004F0AEFB04F5F0601B
:101C500006F01CFA04F2547005F0FCF904F204706A
:101C600004F0B2FCC4F8EC6604F2EC6015F080FC01
:101C7000C4F8D46604F2D46015F07AFC04F26C6007
:101C800017F0C8FA414BC4F8283304F54A7604F536
:101C9000CD6014F0A3FC3046C4F82873A4F82E538A
:101CA0000EF0FAF93A4BC4F8E83204F53A7012F043
:101CB000B3FF384BC4F8DC302833C4F8E43004F107
:101CC000DC0904F5367A04F5387600E02E46351F37
:101CD000284614F083FCAA45F8D1DFF8C0A0283EBE
:101CE00004F1F80B46F818AC3C3D304613F0D6F83A
:101CF00005F1080014F072FCAB45A6F13C06F1D1E9
:101D000000254846C4F8DC70A4F8E2500EF0C4F98F
:101D100004F1B40012F0C4F904F17C0010F050FE9C
:101D200004F16000A4F8665027660EF0B5F904F1DE
:101D30004800A4F84E50A7640EF0AEF9264604F110
:101D40003000E58627630EF0A7F9134B46F8083FED
:101D500004F11C0014F0D4FC04F1180014F0D0FCC1
:101D60003046E581A7600EF097F92046E5802760B0
:101D70000EF092F94046BDE8F88F00BFF46E040003
:101D8000BC700400B058040048740400546F040090
:101D90007C7E0400B07C0400786A0400887C040027
:101DA0002DE9F84F694B6A4F6A4E03F13C02A0F1EE
:101DB0000408044640E9013208F5945004F0F2FBAF
:101DC000002504F6341003F077FF04F60410C4F87D
:101DD0000479A4F80A590EF05FF904F6DC00C4F89F
:101DE000DC78A4F8E2580EF057F904F6A80012F0D7
:101DF00019FD594BC4F8983804F698000FF096F87E
:101E000004F6740011F060FA04F5056011F05CFA54
:101E100004F5FC6004F0C8FA04F5F06006F036F949
:101E200004F2547005F016F904F2047004F0CCFBCF
:101E3000C4F8EC6604F2EC6015F09AFBC4F8D466C2
:101E400004F2D46015F094FB04F26C6017F0E2F930
:101E5000424BC4F8283304F54A7604F5CD6014F0FB
:101E6000BDFB3046C4F82873A4F82E530EF014F9C5
:101E70003B4BC4F8E83204F53A7012F0CDFE394B12
:101E8000C4F8DC302833C4F8E43004F1DC0904F58C
:101E9000367A04F5387600E02E46351F284614F0D1
:101EA0009DFBAA45F8D1DFF8C4A0283E04F1F80B49
:101EB00046F818AC3C3D304612F0F0FF05F1080042
:101EC00014F08CFBAB45A6F13C06F1D10025484649
:101ED000C4F8DC70A4F8E2500EF0DEF804F1B400AF
:101EE00012F0DEF804F17C0010F06AFD04F16000ED
:101EF000A4F8665027660EF0CFF804F14800A4F865
:101F00004E50A7640EF0C8F8264604F13000E5866E
:101F100027630EF0C1F8144B46F8083F04F11C008B
:101F200014F0EEFB04F1180014F0EAFB3046E581F2
:101F3000A7600EF0B1F82046E58027600EF0ACF8FF
:101F4000404622F05DFF4046BDE8F88FF46E040085
:101F5000BC700400B058040048740400546F0400BE
:101F60007C7E0400B07C0400786A0400887C040055
:101F7000694B03F13C022DE9F0470446C0E9003209
:101F800000F59450654F664E04F00CFB002504F6F6
:101F9000381003F091FE04F60810C4F80879A4F88C
:101FA0000E590EF079F804F50E60C4F8E078A4F844
:101FB000E6580EF071F804F6AC0012F033FC594B01
:101FC000C4F89C3804F69C000EF0B0FF04F67800CC
:101FD00011F07AF904F6540011F076F904F2E47085
:101FE00004F0E2F904F2847006F050F804F5EB60B6
:101FF00005F030F804F5E16004F0E6FAC4F8F066A4
:1020000004F5DE6015F0B4FAC4F8D86604F5DB60B8
:1020100015F0AEFA04F5CE6017F0FCF8424BC4F8A8
:102020002C3304F54B7604F26C6014F0D7FA30468A
:10203000C4F82C73A4F832530EF02EF83B4BC4F8BE
:10204000EC3204F53B7012F0E7FD394BC4F8E03098
:102050002833C4F8E83004F1E00904F5377804F5D2
:10206000397600E02E46351F284614F0B7FAA84509
:10207000F8D1DFF8C4A0283E04F1FC0846F818ACFB
:102080003C3D304612F00AFF05F1080014F0A6FAB4
:10209000A845A6F13C06F1D100254846C4F8E070F9
:1020A000A4F8E6500DF0F8FF04F1B80011F0F8FFC5
:1020B00004F1800010F084FC04F16400A4F86A507C
:1020C00067660DF0E9FF04F14C00A4F85250E76494
:1020D0000DF0E2FF264604F13400658767630DF0DA
:1020E000DBFF144B46F80C3F04F1200014F008FB12
:1020F00004F11C0014F004FB30466582E7600DF02B
:10210000CBFF201D658167600DF0C6FF204622F0E1
:1021100077FE2046BDE8F087F46E0400BC70040032
:10212000B058040048740400546F04007C7E04001E
:10213000B07C0400786A0400887C04002DE9F0413A
:102140004FF0000C8CB04FF0100E1FFA81F887B2E0
:10215000CDE900CE05461C463946174B164602A867
:1021600042460EF0DFFD02A9144811F081FE02A8DC
:102170000EF0F4FD0F2DA4B201D1C02C0FD12820F8
:1021800022F045FE39460546CDE9006442460A4B39
:102190000EF0C8FD2946094811F0B6FE28B93046B0
:1021A00001F086FF0CB0BDE8F08128460EF0D6FDA8
:1021B000284622F025FEF2E71D170200B825002070
:1021C00008B510F0FFFB08BD08B510F00BFC20F0BF
:1021D000404008BDFFF744BBFFF754BB03F07EBF90
:1021E000704700BFC117FFF727BB00BF00B585B020
:1021F000D3B28AB281B2684613F092FE05B05DF8A0
:1022000004FB00BF002B08BF1023FFF797BF00BFE0
:10221000014B5888704700BF20380020014B986858
:10222000704700BF2038002008B503F011FF4FF0C1
:10223000FF31BDE8084000F09DB800BF00B583B095
:102240000E49684604F056FBBDF80430A3F5194367
:10225000033B032B10D8DFE803F002020D0D00232F
:10226000074A52F823004FF0FF3103B05DF804EB4A
:1022700000F080B80123F3E70223F1E7082C0020E7
:102280004420002003F0E0BE0821014800F074B8AB
:1022900060000010704700BF084619B189880630F9
:1022A000FFF712BB704700BF08B512F09BF808BDDE
:1022B000704700BF704700BF014820F06040704782
:1022C00000000220012001F0BDBC00BF08B50220C3
:1022D00001F0B8FC40F29330BDE80840FFF786BA41
:1022E000014B1860704700BF84380020704700BF62
:1022F0000020704780880A30800870470630704799
:102300008088704783888B4226BF063040180020A3
:10231000704700BF0320704740680B30800870474B
:1023200080887047704700BF704700BF70B50C1EB3
:10233000064603DB3CB90D4D284670BD22F0FEFD7C
:102340000446002CF7D0E01D01F0AEFD054608B1B3
:10235000074B0360AC8026B131462246A81D22F00F
:102360008DFD2C440023A371284670BDB85904008C
:10237000FC580400FFF7DABF70B50D1E12DD0646EB
:1023800005F1080001F090FD044608B1094B036017
:10239000656004F108002A46314636B122F06EFD30
:1023A000204670BD044C204670BD22F08BFD2046B7
:1023B00070BD00BF2C590400AC590400014B1860DB
:1023C000704700BF50200020034A044B116803FBF4
:1023D00000F048401060704750200020CB5725CABD
:1023E00030B40E4D2A68044621460020930983EA42
:1023F000D273534083EA121383EA92035208534084
:1024000042EAC37202F00103490843EA4000EDD1F9
:102410008442E9D32A6030BC704700BF50200020BE
:1024200000487047B859040000B583B002AB0022E1
:10243000ADF8042003F8040D01211846FFF776FFDC
:1024400003B05DF804FB00BF2DE9F0410D4688B1F3
:102450001C4B39B198422BD09D4204460FD12046E7
:10246000BDE8F081984221D08688174D0446311D81
:10247000042707E0144CF9B1124B9D42EFD0A68817
:10248000AF88F1190020FFF751FF04F10608831D02
:10249000044641461846324622F0F0FC3A463044A3
:1024A000A91D22F0EBFC2046BDE8F081064CD6E7E2
:1024B0000C462046BDE8F081042725463E4608210B
:1024C000E0E700BFB85904000C5A0400884212D05B
:1024D00030B48B88828806309A4228BF1A4605316C
:1024E000034613F8015B11F8014FA54205D009D34B
:1024F000012030BC7047002070471C1A9442F0D96C
:102500000020F6E74FF0FF30F3E700BF8088704708
:10251000002A1ADD10B484880029BCBF631823EA9E
:10252000E371631A934206DC002B03DC08485DF874
:10253000044B70471A46A1423ABF063040180020AB
:1025400011465DF8044BFFF7F1BE0148704700BF2C
:10255000B859040078B371B32DE9F047858822EAB1
:10256000E272AA4223D200F1060818EB0204A5EB9E
:1025700002058F881BD0BD4219D391F806A001F146
:10258000060902E0AF42344611D82378534505F1DD
:10259000FF3504F10106F5D13A464946204622F0BE
:1025A0005EFC0028EED1A4EB0800BDE8F0874FF0F8
:1025B000FF30BDE8F0874FF0FF30704708B5FFF7F8
:1025C000C9FF013018BF012008BD00BF80F0010025
:1025D000704700BF0A1E38B511D138B302460B460A
:1025E00004460D4622F06EF9002841D10C2001F07E
:1025F0005BFC08B11F4B0360C0E9014538BDC2F365
:102600000A54A4F2FF331D2B12D8142B054618DCF4
:102610000028E3D1A4F2F33412FA04F4DED1D0029C
:10262000C3F11F0340F00040D8401AE0012038BD3C
:102630001E2BD3D10028D1D10F4B9A42CED10F48B7
:1026400038BDA4F2134410FA04F4C7D1D002C3F188
:102650001F0140F00040C3F13403C84025FA03F3E2
:102660001843002AB8BF4042400040F0010038BD86
:102670000E2038BD5C5904000000D0C1010000806C
:102680002DE9F04182B0063001A9F9F7B9FD002229
:10269000002306460F4622F0E3F860BB27F0004512
:1026A000304629464FF0FF321F4B34464FF00108A9
:1026B00022F008F938B94FF0FF321B4B304629465B
:1026C00022F0F6F8F0B118F0FF0F1FD100224FF4FE
:1026D0008013204629464FF0010822F0F3F838B95C
:1026E0002046294600224FF4801322F0C3F8B0B1EF
:1026F00018F0FF0F0AD130463946FFF76BFF02B0E2
:10270000BDE8F081804618F0FF0FDFD0074F0026AC
:1027100030463946FFF75EFF02B0BDE8F0818046E3
:1027200018F0FF0FE7D0F1E7FFFFEF7F0000F87F21
:1027300008B521F0C3FDBDE80840FFF74BBF00BF5F
:1027400001448879400040F00100704720B1002921
:1027500002DB8288914201DB0F48704710B582B0DE
:10276000FFF7EEFF0E2804460DD0C3070ED502A8D2
:1027700000236410ADF80430012100F8044DFFF788
:10278000D5FD02B010BD044802B010BD40F271305A
:10279000FFF72CF8EBE700BFB859040020B100297F
:1027A00002DB8288914201DB0E207047FFF7C8BF31
:1027B00008B521F095FDBDE80840FFF70BBF00BF4D
:1027C0004300B0EB630F01D0FFF7B2BF43F001004D
:1027D000704700BFB0F1804F08B503D2400040F011
:1027E000010008BD21F05AFDBDE80840FFF7F2BE28
:1027F000002814BF42200A20704700BF08B5F9F72F
:10280000BBFEBDE80840FFF7E5BE00BF01FB00F0DE
:10281000704700BF90FBF1F0704700BF10B50C206F
:1028200001F042FB044608B102F0ACFC204610BDAA
:1028300000897047043002F041BC00BF03460A46DD
:102840000430198902F01ABC043002F047BC00BF02
:1028500003894268994234BF52F821000020704732
:10286000043002F00BBC00BF043002F045BC00BFD6
:10287000043002F065BC00BF024B1B68588CC000DE
:10288000704700BFD0380020704700BF002070475D
:1028900038B51C4B1B688BB15C6AACB1236898429D
:1028A0002DD08BB1002300E072B1023354F8232005
:1028B0008242F9D101339B00E05838BD124B1C68AD
:1028C00044F21022944216D00D460446FFF7DEFF74
:1028D00078B103689C4210D05BB1002300E042B1A4
:1028E000023350F82320A242F9D101339B00C05893
:1028F00038BD284638BD5B68CEE70423F7E70423DC
:10290000DAE700BFD0380020C051040040687047AB
:102910004160704710B5082001F0C6FA044608B1BE
:1029200002F038FC204610BD70B50C1E0546164658
:102930000EDB83889C420BDA05EB8404E36823B149
:102940000B2140F2863002F069FCE660284670BD3B
:102950000A2140F2863002F061FCEDE7FEF746BF47
:1029600018B1024B984208BF00207047B8590400C4
:10297000003018BF0120704710B5142001F094FA00
:10298000044608B102F00EFC204610BD10B5044606
:1029900002F012FC002806DB238AE268984202D289
:1029A00052F8200010BD002010BD00BF2E4B1B6848
:1029B0002DE9F047DF6ABA683B68824203F1FF31D4
:1029C00007F1040703D857F82120824230D20029AA
:1029D00045DD5B1057F82320904226D0B0F80490D4
:1029E0004FF0010C00F105080DE034BF03F1010CBC
:1029F00003F1FF318C4532DC0CEB01035B1057F81F
:102A00002320824211D094884C4528BF4C46063280
:102A100026464546144614F801AB15F801EFF24579
:102A2000E3D1A4EB020E7645F5D21846BDE8F08757
:102A3000002914DD5B1057F823209042F5D00124C3
:102A400003E057F823208242EFD090428CBF5C1CF9
:102A500003F1FF310B19A1424FEA6303F1DA0023BE
:102A60001846BDE8F08700BFD0380020034B1B6834
:102A70000131DB6A53F82110FFF788BFD0380020FE
:102A8000F8B504460F46164602F096FB011E04F107
:102A90000C0505DB32462846BDE8F84002F0EEBAE8
:102AA0003A462189201D02F0E9FA3246218A284659
:102AB000BDE8F84002F0E2BA034B1B680131DB6A63
:102AC00053F82110FFF7DCBFD0380020014B186805
:102AD000704700BFCC380020704700BF820708B5A0
:102AE00008D130B1036823F00103DA78F92A13D151
:102AF000987808BD0028FCD0C3070FD40E280DD04D
:102B000042280DD00A280BD0062805D040F22130EB
:102B1000FEF76CFE042008BD042008BD022008BD9D
:102B2000012008BD0E281FD010B5044670B915E06D
:102B3000FFF7D4FF0346022B204612D0032B0DD102
:102B4000FFF79EFD0E28044608D03CB1A30720469F
:102B5000EED000F00FF821F0B1FB10BD00200449C9
:102B600010BDD4E9010110BD00200149704700BF2C
:102B70000000F87FC107034651D4820704D59B09A2
:102B800014BF01200020704700284AD02DE9F041F1
:102B9000FFF7C8FF21F000450F464FF0FF322946EE
:102BA000274B064604464FF0010821F08BFE40B942
:102BB0004FF0FF32224B3046294621F079FE00B912
:102BC000804618F0FF0F2ED100224FF480132046CC
:102BD00029464FF0010821F075FE40B920462946EC
:102BE00000224FF4801321F045FE00B9804618F012
:102BF000FF0F18D1304639461EF00EFC0022114B53
:102C00001EF038FE0022002304460D4621F032FE5D
:102C100060B92046294621F093FEBDE8F0814010BE
:102C20007047002070470020BDE8F081204629460B
:102C30000022044B21F0F6F904460D46E9E700BFF7
:102C4000FFFFEF7F0000F041FFF794BF38B50D465E
:102C5000FFF790FF04462846FFF78CFF00F01F00A7
:102C600004FA00F04300B0EB630F03D0BDE8384036
:102C7000FFF75EBD43F0010038BD00BF38B50D461B
:102C8000FFF778FF04462846FFF774FF00F01F00A7
:102C900044FA00F04300B0EB630F03D0BDE83840C6
:102CA000FFF746BD43F0010038BD00BF38B50D4603
:102CB000FFF760FF04462846FFF75CFF60404300D3
:102CC000B0EB630F03D0BDE83840FFF731BD43F0F0
:102CD000010038BD38B50D46FFF74CFF04462846C5
:102CE000FFF748FF20434300B0EB630F03D0BDE87C
:102CF0003840FFF71DBD43F0010038BD08B5FFF7B0
:102D000039FFC0434300B0EB630F03D0BDE8084078
:102D1000FFF70EBD43F0010008BD00BF38B50D46FA
:102D2000FFF728FF04462846FFF724FF2040430012
:102D3000B0EB630F03D0BDE83840FFF7F9BC43F0B8
:102D4000010038BD38B50D46FFF714FF044628468C
:102D5000FFF710FF00F01F0024FA00F0B0F1804FE1
:102D600003D2400040F0010038BD21F097FABDE8E1
:102D70003840FFF72FBC00BF0E2816D008B5034619
:102D8000C0B19B0708D0FFF7F5FE07EE900AF8EEFA
:102D9000E77A17EE900A08BDFFF7C4FE21F0F0FDB8
:102DA00007EE900A17EE900A08BDDFED057A17EEE0
:102DB000900A7047DFED027A17EE900A08BD00BF57
:102DC0000000C07F70B50E46FFF7ACFE04463046EB
:102DD0000D46FFF7A7FE02460B462046294621F086
:102DE00021F9BDE87040FFF7F5BB00BF70B50E4696
:102DF000FFF798FE044630460D46FFF793FE024665
:102E00000B462046294621F00BF9BDE87040FFF73C
:102E1000E1BB00BF01F00103184203D0C31301332B
:102E2000012B12D9D0B50C46FFF77CFE0646204692
:102E30000F46FFF777FE02460B463046394621F033
:102E4000A7FABDE8D040FFF7C5BBCB130133012B78
:102E5000E8D84310481000FB03F04300B0EB630FC9
:102E600002D143F001007047FFF762BC032912D082
:102E7000D0B50C46FFF756FE064620460F46FFF734
:102E800051FE02460B463046394621F0ABFBBDE809
:102E9000D040FFF79FBB7047F8B50C46C10703460B
:102EA00003D5E20701D5620811D11846FFF73AFEB3
:102EB000064620460F46FFF735FE0B4602463946CA
:102EC00030461EF0D7FCBDE8F840FFF783BBFFF7A4
:102ED00051FE05462046FFF74DFE95FBF0F303FB40
:102EE00010504300B0EB630F03D0BDE8F840FFF78C
:102EF0001FBC43F00100F8BD2DE9F0410C468046AF
:102F0000FFF710FE064620460F46FFF70BFE04466D
:102F10000D46FAF7E1F922462B4621F0A1FC28BB29
:102F2000002200233046394621F0C2FC80B900223D
:102F300000233046394621F093FC20B32046294631
:102F40000022002321F096FC28BB4046BDE8F0811A
:102F5000304639461EF0EEFC22462B4621F018FA88
:102F6000FAF7CEFCBDE8F041FFF734BB2946204616
:102F700021F0BEFC39460246304621F069FDBDE82D
:102F8000F041FFF727BB304639461EF0D3FCBDE8C1
:102F9000F041FFF71FBB0C2000F086FF08B1034B88
:102FA0000360034B0022C0E90123CFE75C59040012
:102FB0000000F07FC2072DE9F8430C460BD5CB0784
:102FC00009D540104C10844241DB3DD1640044F0EF
:102FD0000100BDE8F883FFF7A5FD064620460F4631
:102FE000FFF7A0FD04460D4602460B463046394623
:102FF00021F05EFC90B922462B463046394621F03E
:103000002FFC28B130463946BDE8F843FFF7E2BA55
:1030100022462B4634463D4616461F46F9F7ACFA83
:103020002246804689462B463046394620F0F8FF36
:1030300042464B4621F0ACF922462B4620F0F2FFE7
:10304000BDE8F843FFF7C6BA234604461846001BFE
:10305000FFF7C6F920444400B0EB640F02D144F0FE
:103060000100B6E7BDE8F843FFF762BB08B5FFF71C
:1030700059FD1EF05FFCBDE80840FFF7ABBA00BF8A
:1030800008B5FFF74FFD1EF0D3FCBDE80840FFF781
:10309000A1BA00BF08B5FFF745FDFAF71DF9BDE875
:1030A0000840FFF797BA00BF08B5FFF73BFDFAF7F6
:1030B00093F8BDE80840FFF78DBA00BF08B5FFF7E9
:1030C00031FD1EF0A9F9BDE80840FFF783BA00BF43
:1030D00008B5FFF727FD054B002220F0A3FFFAF704
:1030E000FBF8BDE80840FFF775BA00BF0000E03FFD
:1030F0000E280BD00E2909D08842F8B5044618D006
:1031000001F00102104216D00020F8BD00207047E7
:10311000A288A888A31D904228BF1046691D1A46A0
:1031200012F8014B11F8015FA542EDD1D41A844287
:10313000F6D90120F8BD0D46FFF7D0FC064628461B
:10314000FFF7CCFC8642DFD144EA05039B07DBD1C5
:10315000032EDDD0022ED7D12046FFF7E3FC064632
:1031600028460F46FFF7DEFC0B460246394630463E
:1031700021F076FB4FF0010300B90346D8B2F8BD49
:1031800008B5FFF7B5FF002814BF42200A2008BD8C
:1031900008B5FFF7ADFF00280CBF42200A2008BD8C
:1031A0000E281AD00E29F8B50C4614D0062805466C
:1031B00015D042283FD00A281CD00629034600F02B
:1031C0009080422C11D00A2C37D09C4210D004F0B1
:1031D00001031D4211D00020F8BD002070470629D0
:1031E00006D0422C4FF00003EDD10322934204D1CC
:1031F0000120F8BD0123062CE3D12846FFF76EFC21
:1032000006462046FFF76AFC032E22D003282FD063
:10321000012E14D0012821D08642DCD145EA0403D6
:103220009B07D8D1032847D0022828D0601BB0FACA
:1032300080F04009F8BD0323DDE70122D6E7062D23
:1032400033D0422D4FF0020634D00A2DE2D10125B1
:10325000E0E7022813D00328DCD1DFE7062C4FF08B
:10326000020020D0422C23D00A2CD5D10124D3E750
:10327000022E04D0012EAED1062DE2D1ABE72846B6
:10328000FFF750FC064620460F46FFF74BFC024670
:103290000B463046394621F0E3FA4FF0010400B9FD
:1032A0000446E0B2F8BD0024B6E702260025B1E7E7
:1032B0000324B1E70325ADE7AC4299D0AB88A288DF
:1032C000A81D9A4228BF1A460534034613F8011B6D
:1032D00014F8015F8D427FF47EAF191A9142F5D93F
:1032E00086E7002282E700BFFFF75ABF08B5FFF765
:1032F00057FF002814BF42200A2008BD08B5FFF779
:103300004FFF00280CBF42200A2008BDF8B50789EE
:1033100045687FB10E46043D002402E00134A74217
:1033200008D0314655F8040FFFF73AFF0028F5D0D2
:103330002046F8BD4FF0FF30F8BD00BF10B50022A9
:103340000446FFF7E3FF011E04DB201D01F0D4FE5D
:10335000012010BD002010BD38B58307044608D1F8
:1033600048B1FFF7BBFB032812D0022814D001207C
:1033700038BD0A2801D1002038BD0028FBD00E2816
:10338000F9D00628F7D010F1FF3018BF012038BD62
:103390000C4B9C42EBD1EEE72046FFF7C3FB024605
:1033A0000B4604460D4621F08DFA0028E3D1204655
:1033B00029460022002321F053FAB0FA80F0400998
:1033C00038BD00BFB8590400422805D00A2801D0F2
:1033D000FFF7C2BF00207047012070470E2857D06A
:1033E0000E2955D0F8B50C460546FFF777FB064683
:1033F0002046FFF773FB032E2FD0A5422BD0284683
:10340000FFF790FB064620460F46FFF78BFB324640
:1034100004460D463B463046394621F053FAA0BBE0
:1034200022462B462046294621F04CFA68BB22460C
:103430002B463046394621F01DFA18BB22462B4652
:103440003046394621F034FA003018BF0120F8BD6B
:10345000D01A81420DD20020F8BD0328CDD1A5425B
:10346000F9D0AA88A188AB1D914228BF1146053426
:103470001A4612F8015B14F8010F8542E8D028BF04
:103480000120E4D24FF0FF30F8BD6FF00100F8BD2D
:103490006FF00100704700BF38B501F0010313EA77
:1034A000000404D08842ACBF0020012038BDFFF7E3
:1034B00095FF831C14BFC00F204638BD10B501F026
:1034C0000104204203D0884207DC422010BDFFF7F0
:1034D00085FF831C01D00028F7DD0A2010BD00BF46
:1034E00010B501F00104204203D0884207DA4220DF
:1034F00010BDFFF773FF831C01D00028F7DB0A2003
:1035000010BD00BF10B501F00104204203D0884275
:1035100005DB422010BDFFF761FF0028F9DA0A2021
:1035200010BD00BF10B501F00104204203D0884255
:1035300005DD422010BDFFF751FF0028F9DC0A200D
:1035400010BD00BFF0B591B00446FFF7C7FA0328DD
:103550003DD002280FD0052848D0002C4CD00A2C92
:1035600042D00E2C45D0422C55D02C4B2C48062C4A
:1035700008BF18462CE0E3072CD40E2C39D0204687
:10358000FFF7D0FA21F000450F464FF0FF322946F1
:10359000244B064621F096F938B9304629464FF0BB
:1035A000FF32204B21F070F940B332463B463046A3
:1035B000394621F087F9E0B9304639466A46F8F7CE
:1035C000C7FE68464FF0FF31FEF7B0FE00E0204630
:1035D00011B0F0BD694660100CF0E8FB68464FF092
:1035E000FF31FEF7A3FEF3E70F48F1E70F4811B0F4
:1035F000F0BD0F4811B0F0BD0E48E9E7002330469A
:103600003946002221F036F90B4C0C4B002814BF30
:1036100020461846DCE70A48DAE700BF0C5A0400E7
:10362000305A0400FFFFEF7F245A0400405A040080
:10363000F05904009C590400FC590400E0590400AE
:10364000185A040010B50446FFF748FA04280ED1B2
:1036500064B1A3070AD12368074A23F001035B6919
:10366000934203D02046BDE81040184710BD2046C5
:10367000BDE81040FFF766BF4536020008B5FFF70A
:103680002DFA052810D8DFE800F0030507090B0D17
:10369000084808BD084808BD084808BD084808BDD6
:1036A000084808BD084808BD40F22230FEF79EF8E1
:1036B000002008BDD05904008C590400545A04005D
:1036C000745A0400645A0400C0590400062808D043
:1036D00008B5FFF703FABDE8084000F57570FEF77E
:1036E00085B840F2DD30FEF781B800BF4FF464705A
:1036F000FEF77CB810B5FEF7EFF80446102000F096
:103700007FFC22690260206110BD00BF38B5FEF762
:10371000E3F80469054634B123682B612046BDE80F
:10372000384000F0ADBB40F25330FEF75FF8F3E7EE
:10373000F0B585B00746FEF7CFF8046906468CB1B0
:1037400094E80F006D46306185E80F00204600F0D8
:1037500097FB084B77611B68284631469B6B98475F
:1037600005B0F0BD3846FFF76DFF40F2E730FEF7D9
:103770003DF8E5E7D038002010B5FEF7ADF8446914
:1037800012239C42436101D0204610BD40F25330C9
:10379000FEF72CF8204610BD08B5FEF79DF84369EA
:1037A000122B05D0FFF7E8FFBDE80840FFF7C0BFC8
:1037B00008BD00BF79B110B4084B094C014410F8A2
:1037C000012B04FB03F3884283EA0203F7D1184676
:1037D0005DF8044B7047014B18467047C59D1C812E
:1037E0009301000138B5046834F00304054612D093
:1037F000A30F15D12846E369984705462DB140F639
:10380000BE239D4205D9002C03DB40F24930FDF771
:10381000EDFF284638BD40F25130FDF7E7FFE9E7FC
:10382000C4F39905EAE700BFF8B54FF480400DF006
:103830000BFA194C194B1A4D1A4E002787611A4F73
:103840008760D3E901122768C76000F10807276085
:1038500000F58054013106343460596043F6F87441
:103860002968446022449A6079B188420DD30A687D
:1038700072B1904203D20BE0984203D31A46136808
:10388000002BF9D103601060F8BD01602860F8BD1D
:1038900013460A46F6E700BFC0380020A4380020CF
:1038A0009038002098380020F83F008038B5144B3D
:1038B0009A881B6892B1551E53F8251088421AD079
:1038C000023A03EB82032A4602E0216881420BD0D0
:1038D000013A511C1C46A3F10403F6D14FF4527077
:1038E000BDE83840FDF782BF954204D0044801F09E
:1038F0006FFB206038BD0248BDE8384001F068BB6E
:103900009C38002018210148FEF736BDA43800205D
:10391000036823F0010318888008704730B338B576
:10392000C5680446A5B155E901326868A9686260B6
:103930005A0F032AC4E9020105D040F24930FDF7CD
:1039400055FF55F8043C43F0004345F8043C38BDAE
:1039500050F8043C5A0F032A09D143F0004344F8BD
:10396000043C0020BDE83840FDF7BEBF704740F280
:103970004930FDF73BFF54F8043CEEE738B550F80A
:10398000043CDB070546A0F104041CD4104B1B6863
:1039900073B103F108029442F9D359680A4494427E
:1039A000F5D255F8043C43F0010345F8043C38BD1A
:1039B00040F24A30FDF71AFF55F8043C43F001038A
:1039C00045F8043C38BD40F24F30FDF70FFFDDE70E
:1039D00090380020830709D140B1030F06D0016859
:1039E000114B194202D1CB78F92B00D070470F4B05
:1039F00010B504461B688BB103F108029442F9D359
:103A0000586802449442F5D2094841F0010121600E
:103A100022468188BDE8104001F0C2BA40F24A3027
:103A2000FDF7E4FE2168EFE7030000409038002036
:103A30008838002000294DD02DE9F84F0F468046E8
:103A4000DFF89CB0DFF89CA0DFF88C90061F002503
:103A500002E00135AF423BD056F8044FA307F8D13E
:103A6000002CF6D0230FF4D0206810EA0B0FF0D111
:103A7000C378F92BEDD1DAF8003053B103F1080126
:103A80008C4203D35A680A44944207D31B68002B24
:103A9000F4D140F24A30FDF7A9FE2068B9F80410CD
:103AA00040F00100206022460B4801F079FAB9F895
:103AB0000430642BCDD90C200DF0C6F80135074A2F
:103AC00008EB85037D1BC0E90135116801601060BA
:103AD000BDE8F88F704700BF883800209438002078
:103AE000030000409038002038B505684DB1044609
:103AF0002846FFF743FFA1882846BDE83840FFF776
:103B000099BF38BD830709D140B1030F06D00168C2
:103B1000234B194202D1CB78F92B00D07047214BAF
:103B20002DE9F04104461B68002B33D003F1080255
:103B30009442F8D3586802449442F4D221F003032B
:103B400041F001019B6921600BB120469847164D59
:103B5000164C2F46AB8883B923681846C3B1D3E906
:103B60000026D3F8088022600DF094F841463046D4
:103B7000FFF760FFAB88002BEED0384601F028FA43
:103B8000036823F003039B69002BE3D09847E1E728
:103B9000BDE8F08140F24A30FDF728FE2168CDE70C
:103BA000030000409038002088380020943800201E
:103BB000F8B505460DF048F80446A5F1080083075E
:103BC00060602ED11B4A1C4F556891681B4EC31C68
:103BD00023F00043014423F00303013543F0004385
:103BE000C2E901513A68A360E26004F10803144A93
:103BF00031683B6003EB9000106079B18C420DD3CB
:103C00000A68A2B1944203D211E09C4203D31A463F
:103C10001368002BF9D123601460F8BD2160346073
:103C2000F8BD4FF45270FDF7E1FD6068CAE7134636
:103C30000A46F0E7A4380020C03800209038002061
:103C4000983800202DE9F04F834B1B7806469807E3
:103C500083B005D54FF45270FDF7C8FD7E4B1B783D
:103C60007E4A146895887C4A43F0020313706DB154
:103C700004EB850554F8040B20F0010310F0010F4C
:103C800018BF1868FFF73EFFA542F3D1744C3046C9
:103C9000FDF730FE23688BB1724B1B685E8D01F01F
:103CA000CBFA256805EB8605861B07D00024013476
:103CB00055F8040BFFF726FFA642F8D16A4A6B4B72
:103CC00016781D683EB10024013455F8040BFFF747
:103CD00019FFA642F8D16649664A0B681768013396
:103CE0000B60654B00221A60002F00F0B180CDE917
:103CF0000022904691467B68019A07F108059B08CF
:103D000005EB83061A44B542019248D22B6813F0A2
:103D100001017DD11A0F062A7AD0AE4240F2888086
:103D2000AA4601E0DAF80030002B4FEA13720FDBED
:103D3000D90714D4062A12D05A0009D4DB78F92BFB
:103D400040F2493001D0FDF751FD504601F01AF91B
:103D50005046FFF747FD0AEB800A5645E2D8AAEB2A
:103D600005044FEAA40CE0454FEA8C024FF0FF0136
:103D7000284642F0004BB8BFE046E14421F0A2F8EB
:103D8000042CC5F800B04CDD00236B60009B002BB9
:103D900049D0009B00955D605546AE42B6D83F685D
:103DA000002FA8D1354901980B684FEA890202EB30
:103DB000091780004FEA88047F009BB12E4B1D68D5
:103DC0004FEA590975B12B68C3F39906B14506D27C
:103DD00036E02B68C3F399031E44B14531D36D68B7
:103DE000002DF6D122494B69C1E903246BB19342FE
:103DF0000BD8B84201D3FFF717FD174A137823F009
:103E00000203137003B0BDE8F08F194B5A61F0E75D
:103E100023F001032B602846FFF7E4FC05EB800547
:103E2000BBE75546B9E7144B00951D605546B4E70E
:103E30004FF00043B8F1000F2B60AEDA8846ACE7D4
:103E400033469944A9EB060305EB83030B60C9E7EE
:103E50003C4638463A46C5E70D4300209C380020D2
:103E6000CC380020D03800200E430020BC38002081
:103E7000A438002090380020C03800209838002056
:103E800050F8043C5A0F032A10B5044605D040F2FE
:103E90004930FDF7ABFC54F8043C43F0004344F8D0
:103EA000043C204610BD00BF2DE9F84F42F6F82330
:103EB000C71C98424FEA97077CDC444BDFF810A1FF
:103EC0005B68C3F30803002B5ED19AF80030180733
:103ED0005AD143F001038AF80030FDF7FDFC10B120
:103EE0004368002B6DD0DFF8ECB0DFF8EC900026D3
:103EF000DBF80040002C4ED04FF0000803E0A04655
:103F00001C46002B47D040F251301EB9D9F8003082
:103F1000A34248D3A10701D1230F01D1FDF766FCCD
:103F20002568002D40F24B3001DBFDF75FFCC5F347
:103F30009905ED1B002D6368E1DB0AD0AA0042F071
:103F4000004244F8272004EB8707012D1CBF7B604B
:103F50003B46B8F1000F31D0C8F80430002222608F
:103F60004BB15B683BB19A0701D11B0F03D14FF4F2
:103F70005470FDF73BFC9AF8003023F001038AF8F7
:103F800000302046BDE8F88F40F29230FDF72EFC5D
:103F90009AF800309DE736B1012E08D01520FDF7C4
:103FA00025FC0136A4E70020FFF74CFEF9E7FFF7F8
:103FB0003BFCF6E71620FDF719FC7EE7CBF8003056
:103FC000CCE740F24E30FDF711FC8CE700ED00E04D
:103FD0000D430020C038002098380020033010B571
:103FE00020F00304201DFFF75FFFE31D23F0804353
:103FF00023F0030343F0804340F8043B10BD00BFAF
:1040000008B538B1FFF7EAFF50F8043C43F000531D
:1040100040F8043C08BD00BFF8B5214B5B68C3F312
:10402000080306460F46002B34D1FDF755FC1D4D05
:104030001D4AF31B9B102B7004461760A8B10C207F
:10404000FFF7CCFF50F8043C6268026043F0005375
:10405000A26840F8043CE368C0E90123E060002363
:10406000A6602B7063602046F8BD1820FFF7B6FFEE
:104070000E4A50F8043C1268026043F000531222CA
:1040800040F8043C00234261C0E903330446FDF7D5
:104090002BFCE4E740F29230FDF7A8FBC5E700BF38
:1040A00000ED00E00E430020BC380020CC3800209A
:1040B000830702D108B1030F00D17047024B0246BB
:1040C0009988184600F06CBF9C3800208207034690
:1040D00002D108B11B0F00D17047FFF7E7BB00BF4B
:1040E0000430FFF701BD00BF03460C309988FFF78D
:1040F000A1BC00BF4068FFF76DBC00BF10B504460F
:104100000430FFF7F1FC04F10C00BDE81040FFF7AC
:10411000EBBC00BF50F8043B23F0010319880439BD
:104120008908FFF787BC00BF0320704780888000A4
:104130000F308008704700BF02207047052070478D
:104140000349044A0023C1E90033C2E90033704740
:104150009C38002088380020704700BF022070473C
:10416000406812F0FBBB00BF704700BF10B50446AB
:10417000034B41600846236012F0D2FB204610BD7D
:10418000845A040010B5044682B0406812F0B4FBB3
:1041900088B16168684611F033FF694601A812F0E2
:1041A000ABF901A811F03CFF606001A811F012FF0B
:1041B000684611F00FFF02B010BD00BF38B50546CC
:1041C0000820FFF771FE044628B1044B45602846DD
:1041D000236012F0A5FB204638BD00BF845A0400BE
:1041E000FFF7ECBFA0F120035E2B10D810B582B012
:1041F0000446684611F0ECFD04EB8400009BA038F7
:104200001844052102B0BDE81040FEF7B5B8002003
:10421000704700BF10B584B00C46416803A811F088
:10422000EFFE0023624203A9CDE9003303480EF0FC
:1042300045FF03A811F0CEFE04B010BD202D0020D4
:1042400030B585B00C46416803A8154611F0D8FE7C
:104250000023624203A90093019504480EF02EFF4B
:1042600003A811F0B7FE05B030BD00BF202D00201F
:1042700043689B8801FB03F1FFF7CCBF70B584B0A6
:104280000E46416802A8154611F0BAFE02A903A81D
:1042900011F0AEFE00246FF0FE0033462A4603A95B
:1042A000CDE9000405480EF0D3FF03A811F092FEFB
:1042B00002A811F08FFE04B070BD00BF202D0020B9
:1042C00010B5044682B0FFF75DFF616801A811F0E8
:1042D00097FE01A811F0BCFE01A811F07BFE02B010
:1042E00010BD00BFF0B5074683B00C4615461E460C
:1042F000FFF748FF796801A811F082FEF3B22AB2F5
:1043000021B201A811F0AEFE01A811F063FE03B0C6
:10431000F0BD00BF30B583B00C461546416801A81A
:1043200011F06EFE21B22AB201A811F0B1FE0446CE
:1043300001A811F04FFE24EAE47003B030BD00BFC5
:1043400043685888704700BF43689888704700BF2B
:10435000002B14BFFF230023FFF7C4BF08B5FFF7EE
:10436000D9FF0028D4BF0020012008BD43689B88E6
:1043700001FB03F1FFF764BF0A4610230321FDF799
:10438000DDBE00BF082870B504460D461AD0A0F166
:104390000903012B07D92A46214610230D20BDE829
:1043A0007040FDF7CBBE0F4ED6F81C0903689B6A20
:1043B00098470528EFDCD6F81C09036808215B6ADA
:1043C0009847E8E7074ED6F81C0903689B6A9847A8
:1043D0000228E0DCD6F81C09036804215B6A9847D0
:1043E000D9E700BF0025002038B5074C0546D4F8B2
:1043F0001C090CF07BFFD4F81C090CF0ABFF401B30
:10440000B0FA80F0400938BD0025002070B50D4697
:10441000044600F05BFA50B10368DB6A98472A460D
:10442000204610230321BDE87040FDF787BE70BD14
:1044300070B50D46044600F049FA50B10368DB6AD6
:1044400098472A46204610230221BDE87040FDF718
:1044500075BE70BD08B500F039FA28B10368DB6A93
:104460009847003018BF012008BD00BF2DE9F84370
:10447000204CD4F81C090CF039FF1FF01FFF8046B8
:10448000D4F81C0989460CF039FF1FF017FF0646C7
:10449000D4F81C090F460CF039FF1FF00FFF4246FD
:1044A00004460D464B46404649461FF071FF3246D2
:1044B000804689463B46304639461FF069FF024632
:1044C0000B46404649461FF0ADFD224606460F46C4
:1044D0002B46204629461FF05BFF02460B4630461E
:1044E00039461FF09FFD1DF089FB20F001FABDE861
:1044F000F88300BF00250020032814D8DFE800F06F
:104500000E090402FFF7B2BF084BD3F81C090CF0E8
:10451000FDBE064BD3F81C090CF0F0BE034BD3F8DC
:104520001C090CF0E3BE0020704700BF00250020EE
:10453000014804F03FB800BFE42C0020024BD3F840
:1045400020090DF047B800BF00250020014802F007
:1045500061BD00BF082E002040B1012804D1064BE8
:10456000D3F81C09F8F734BB00207047024BD3F88E
:104570001C09F8F70DBB00BF0025002008B5032873
:104580003FD8DFE800F02F2011021F4BD3F820099D
:104590000CF068FF1FF092FE00221C4B20F022F866
:1045A000BDE80840FEF716B8174BD3F820090DF008
:1045B00009F81FF083FE154B002220F013F8BDE828
:1045C0000840FEF707B8104BD3F820090CF0F2FFB3
:1045D0001FF074FE0D4B002220F004F8BDE80840E7
:1045E000FDF7F8BF084BD3F820090CF0DBFF1FF0F4
:1045F00065FE064B00221FF0F5FFBDE80840FDF701
:10460000E9BF00200021CBE70025002000408F40BB
:10461000024BD3F820090CF063BF00BF0025002037
:10462000034BD3F81C391A680146526A18461047E2
:1046300000250020012808B505D0022811D0032844
:1046400008D0002008BD0A480EF012FF003018BF45
:10465000012008BD07480FF0CDFE003018BF012033
:1046600008BD05480EF004FF003018BF012008BD4A
:10467000542D00209C2D0020782D00200AB2FF230D
:1046800001B2014811F0EEBCF42C002070B5FF2AF5
:1046900082B005460E4604DC002A14460ADC0023DC
:1046A00000E0FF230C4832B229B202B0BDE87040EE
:1046B00011F0D8BCFF2A0CD0084803F05DFE012899
:1046C000E3B2EFD001210548019303F063FD019BA4
:1046D000E8E71346E6E700BFF42C0020E42C0020B6
:1046E0000AB2002301B2014811F0BCBCF42C002036
:1046F0000AB201B2014811F0CBBC00BFF42C00207B
:1047000001480EF03BBC00BF202D0020C1B2014883
:1047100003F040BDE42C002008B5024803F02CFE55
:1047200008BD00BFE42C002001480CF085BF00BF8D
:10473000E42C00200146014803F05EBFE42C002079
:1047400010B9034803F0C4BC014803F0D9BD00BF51
:10475000E42C002030B583B00C4901A80CF070FFA8
:1047600001A811F05DFC044601A811F033FC0820FB
:10477000FFF79AFB054610B12146FFF7F7FC2046EC
:1047800012F0ECF8284603B030BD00BFE42C002046
:104790002DE9F0410668B3F5807F28BF4FF48073A0
:1047A0000446D6F800800D46002116461F46C04735
:1047B0004FF496700CF09EFB227D094B09481F2A8E
:1047C00098BF184672B6217D074C01F01F0141EADF
:1047D000075133462A46A04762B6BDE8F08100BFC4
:1047E00000050050000800501123002008B1436864
:1047F00003B9704710B50446084600F067F86268D0
:1048000004F108014FF48073BDE81040FFF7C0BF0A
:1048100008B1436803B9704770B5044615460846A9
:1048200000F054F82B46626804F10801BDE87040BE
:10483000FFF7AEBF704700BF10B4054C0A46102307
:104840000146B4F808055DF8044BFDF777BC00BFDE
:104850000025002008B5034813F0A2FE003018BF61
:10486000012008BD002A002080F30801014801F062
:10487000C5B800BF382E0020014801F0CBB800BFFA
:10488000382E00200146014801F0CEB8382E002015
:1048900008B5064803F024FB50EA010301D10020CB
:1048A00008BD0348BDE8084001F094B9402E00203F
:1048B000382E002007EE900AF8EEE77A024817EE4D
:1048C000901A03F0EDBA00BF402E00206E2856D09B
:1048D0000BDC682855D014DD6B283AD02DDC692814
:1048E00049D06A2837D12948704773284BD011DD49
:1048F00078282CD017DC74283FD077282BD1244877
:104900007047652833D01EDD66282ED0672822D157
:104910002048704770282CD025DB712821D07228C0
:1049200019D11D48704740F2E933984217D040F240
:10493000EA3398420FD1194870476C280DD06D2882
:1049400009D117487047642805D1164870471648A2
:104950007047164870470020704715487047154843
:1049600070471548704715487047154870471548F7
:1049700070471548704715487047154870471548E7
:104980007047154870471548704700BFC828002079
:10499000D02900208028002088290020202B0020FA
:1049A0001029002038280020E8290020E0280020D5
:1049B000F8280020082B0020702900204029002022
:1049C000682800205028002058290020B028002006
:1049D000B82900202829002098280020A02900209C
:1049E000FFF774BF10B5FFF771FF20B10368BDE892
:1049F00010405B68184710BD10B5FFF767FF20B186
:104A00000368BDE810401B68184710BD10B5FFF7DC
:104A10005DFF20B10368BDE810405B69184710BD19
:104A200010B5FFF753FF20B10368BDE81040DB6805
:104A3000184710BD10B5FFF749FF20B10368BDE866
:104A400010409B6B184710BD70B50446FFF73EFF42
:104A500068B103680D46164603215B6D98473246E0
:104A6000294620461023BDE87040FDF767BB70BDA6
:104A7000014B9868704700BF2038002008B5FFF749
:104A800025FF78B1C38804290CBF43F4807323F455
:104A90008073C380036811461B6D9847024B984290
:104AA00000D008BD002008BD11FCFFFF10B5FFF7C6
:104AB0000DFF48B103681C694FF4FA62A44640F246
:104AC000DC53BDE81040604710BD00BF704700BF19
:104AD00010B5FFF7FBFE20B10368BDE810401B6B6B
:104AE000184710BD08B5FFF7F1FE014B186008BD6F
:104AF000C8380020026870B50D1E0446D66802DD75
:104B00000A4A12782AB9204633460021BDE870408F
:104B10001847521101219140B047236804499B6B0B
:104B200091FBF5F12046BDE8704018477223002044
:104B300040420F00114B124A1B78FF2808DC002866
:104B400012DB107073B198B140110121814003E074
:104B5000FF2111703BB180210A4B186810B10A4B3C
:104B60001B783BB17047704700211170002BF9D0C2
:104B70000021F1E70368DB68184700BF0F430020FE
:104B800072230020C838002010430020014B187801
:104B9000704700BF7223002070B50E4D2B680C4685
:104BA000ABB10D4E01462246184601233370FFF784
:104BB000A1FF002C0ADD20460BF01CFE286818B16E
:104BC00003680021DB6898470023337070BD034BF6
:104BD0002B60E6E7C83800200F4300202C37002068
:104BE00010B559B101290CBF02210021FFF76EFE5B
:104BF00048B10368BDE810405B6C18470121FFF71E
:104C000065FE0028F5D110BD10B5FFF75FFE036803
:104C1000BDE810405B6D184701460020FDF7ACBBB6
:104C2000704700BF70B50C4D2C6882B014B120469F
:104C300002B070BD2C2020F0EAF8084B002603F1EA
:104C4000180203F130010096044614F099F820464A
:104C50002C6002B070BD00BFC43800207029002055
:104C600010B50446FFF7DEFF036821461B69BDE867
:104C70001040184770B50C4682B0F0B1054639B106
:104C80006A6863689A4203D040F28D30FCF7AEFD4B
:104C9000FFF7C8FF03686A685E6905F1080134B16F
:104CA000154604F108030095B04702B070BD2546D3
:104CB00023460095B04702B070BD39B1FFF7B2FF8F
:104CC000036865685E6900210A46EAE740F28D30B4
:104CD000FCF78CFDF2E700BF10B50446FFF7A2FF1A
:104CE000036821469B68BDE81040184770B505462B
:104CF0000C46FFF797FF03682A462146DB68BDE8AC
:104D0000704018472DE9F043134C236883B00746E1
:104D10000E4615462BB11A681846136A98470023A9
:104D200023603846FFF7D2FD07463046FFF7CEFD39
:104D300080462846FFF7CAFD81462C2020F067F800
:104D400000264B46424639460096054614F018F8B0
:104D5000256003B0BDE8F083C438002030B583B0CF
:104D60000446FFF7B3FD90F914503C2020F04FF8B3
:104D7000032300932946A2B2012309F001F803B0EE
:104D800030BD00BF10B5FFF7A1FD074C014620461E
:104D900000F008FF054B1978204681F00101BDE8BD
:104DA000104000F053BE00BF382E002010430020FA
:104DB0000146034B034881F001021A7000F046BE21
:104DC00010430020382E0020F0B5044683B00020A8
:104DD00017460E46FDF7D0FA6100054600F10802BD
:104DE00089B200973346034812F0AEFD284603B05F
:104DF000F0BD00BFF02B002010B582B00C46400083
:104E00004B68009281B204F10802024812F038FDAA
:104E100002B010BDF02B00200023C0E90133704721
:104E2000704700BF0023C0E90133C0E90333704776
:104E3000704700BF2DE9F047C4888C4205460E46F6
:104E40002FD24FEA8408D0F80090002C39D03F2CA4
:104E500035DDB4F5007F3DDB04F580774FF6FE725B
:104E60004FF6FF73974288BF1F46B742B8BF374619
:104E7000B8000BF0E9FE82461CB1424649461FF0DD
:104E8000FDFF3A1B920000210AEB080020F01AF8FF
:104E900048460BF0FFFEC5F800A0EF80AE80BDE8ED
:104EA000F08782889142F9D20068521A00EB8100A3
:104EB0009200002120F006F8AE80BDE8F087670080
:104EC000D3E704290F46B8BF0427B8000BF0BCFE97
:104ED0008246D6E7034B08EB0407A3FB07377F089E
:104EE000C3E700BFABAAAAAA704700BF704700BFC4
:104EF000704700BF704700BF704700BF0B6823F0CA
:104F0000010370B51B89042B0C46054602D13DB93F
:104F1000204670BD40F28530FCF768FC002DF7D0CC
:104F2000E81C8000FEF7C0FF064608B1074B03608F
:104F3000A368B360AAB2B5809200002106F10C000C
:104F400034461FF0BFFF204670BD00BFB45A0400B6
:104F500038B502690A4B9A42054603D04FF4627095
:104F6000FCF744FC2888FEF79FFF044600B105606B
:104F70002A880021043A201D1FF0A4FF204638BDD6
:104F8000ED4E0200036823F001031B69184700BFC0
:104F9000036823F001031B69184700BF704700BF77
:104FA0004FF6FE7399420AD883888B4270B5054646
:104FB00016460C4604D92B6843F8246070BD704730
:104FC0000131FFF737FF2B6843F8246070BD00BF45
:104FD00083884BB1013B9BB202688380002152F869
:104FE000230042F82310704718467047C38870B5F5
:104FF0004BB33F2B0FDDB3F5007F2CDB03F5807443
:105000004FF6FE72944223D8A4B28C4238BF0C46AD
:10501000A34207D370BD5C00A4B28C4238BF0C46DB
:10502000A342F7D20546A000FEF7D8FFEB8806465C
:10503000E3B9E21A920006EB830000211FF042FF61
:105040002E60EC8070BD042938BF04210C46E7E7D0
:105050004FF6FF74E4E7084A03EB8304A2FB042441
:10506000C4F34F048C4238BF0C46D9E79A00296834
:105070001FF004FFEB88DCE7ABAAAAAA30B5C3880F
:105080008B4283B005460C4609D9036843F82120BA
:10509000AB889C4224BF0134AC8003B030BD4FF6D6
:1050A000FE739942F9D8013189B20192FFF79EFF50
:1050B0002B68019A43F82420EAE700BF38B5C3887B
:1050C0008B4204468DB201D2AB4201D9A58038BDD6
:1050D0002946FFF78BFFA58038BD00BF83884BB101
:1050E000013B9BB202688380002152F8230042F802
:1050F0002310704718467047F8B583888B421DD936
:1051000005684A1C8F009342044655F8216005EB60
:10511000070007D8013B9BB20022A38045F823205B
:105120003046F8BD5A1A02F18042013A391D29442D
:1051300092001FF0AEFEA3882568EBE70026EFE79C
:1051400083888B421CD970B50E461546591CC288FF
:1051500089B28A4204460FD9701C216880009B1BCB
:10516000061F9A00084431441FF093FEA38822686A
:1051700001339551A38070BDFFF738FFA388EBE79B
:10518000FFF77CBF024A02600022C0E9012270479B
:10519000445B0400024A026000224260704700BF84
:1051A000145B0400034A02600022C0E90122C0E946
:1051B00003227047E45A04002DE9F041068945684E
:1051C0001EB32B68994224D02A46002003E052F8EF
:1051D000044F8C4217D00130B042F8D1B1F80480AE
:1051E0008F1D002404E00134A6420ED055F8043F80
:1051F0009A889045F7D1991D424638461FF02FFEF8
:105200000028F0D12046BDE8F0814FF0FF30BDE826
:10521000F0810020F7E700BF704700BFFCF7E6BA57
:10522000014B1B6818697047D0380020014B1B6880
:1052300098697047D0380020014B1B68188C704764
:10524000D0380020014B1B68D86B7047D038002045
:105250000268F8B544F210239A4200D0FEE7436892
:10526000194A1968194F91423B6014D00646188CB0
:10527000174D8000FEF7C4FE3B6828601A8C0021A1
:1052800092001FF01FFE3C68124B226829689A4268
:105290000D6006D0FEE740F29F30BDE8F840FCF715
:1052A000A5BAB36822699A42F4D1FCF7EFFA3A68DA
:1052B0000023156B04F140001A461946A847BDE8C3
:1052C000F840FCF7B7BA00BF718E3B92D03800208F
:1052D000CC380020708E3B920148FFF7B9BF00BF69
:1052E000C051040048B110F0030207D1036823F055
:1052F0000103D978F92903D0104670470020704780
:105300001889A0F10600B0FA80F04009704700BF8C
:1053100070B505460C20FEF7C7FD044620B1154BBD
:1053200003600023C0E901333DB1AB0705D12B6811
:1053300023F00103DA78F92A01D0204670BD0E4A25
:105340009342FAD12E89002EF7D02046FEF7B0FE08
:1053500063899E4203D93146201DFFF747FEB20004
:105360006968268160681FF089FD2046FEF7AEFE61
:10537000204670BD445B0400E45A040038B50D4675
:10538000044608B1830714D040F29B30FCF72EFA94
:1053900029462046FFF710FF051E08DB2946201D81
:1053A000FFF7AAFE294604F10C00FFF7A5FE4220F4
:1053B00038BD036823F00103DA78F92AE4D1024A00
:1053C0009342E5D0E0E700BFE45A040010B510486E
:1053D00082B00DF057F890B10246002301A80C49A5
:1053E0000CF0F2FF0198B0F902100430FCF7C2FF94
:1053F000044601A811F084F9204602B010BD014610
:105400000448FCF7B7FF0446204602B010BD00BFB9
:10541000702B00200C6A040030B5034683B00E4C9C
:10542000B0F904200D4601A8991D11F0E1F901A978
:10543000002220460CF0AEFD01A811F061F92A46C9
:10544000102301210C20FCF779FE204600210CF0EE
:1054500029FF03B030BD00BF702B002098B100B50C
:10546000014683B0B1F9042001A8063111F0C0F95A
:1054700001A9022204480CF0E3FC01A811F040F954
:1054800003B05DF804FB7047702B0020014628B183
:1054900042680348022308310CF0A8BC704700BFE3
:1054A000702B0020F8B5051E21DD022729460020BB
:1054B000FCF762FF044600F10806FEF7F9FD3B46E3
:1054C000314662680D480CF009FF854209D001465B
:1054D0003046FCF751FF05462046FEF7F7FD28460B
:1054E000F8BD20462546FEF7F1FD2846F8BD0348E5
:1054F0000CF0C8FF00270546D8E700BF702B00203E
:1055000070B50D4614460646FFF7E0F990B12846FF
:10551000FFF7DCF970B13046FFF7D8F906462846A8
:10552000FFF7D4F93146024605480CF0A1FC054BC3
:1055300001221A7021460248BDE870400CF08ABC76
:10554000702B002011430020014601480CF082BC62
:10555000702B002038B5094A094B02F1500420464F
:10556000A2F1180100251D700CF082FC20464FF4BA
:10557000E131BDE838400CF06DBC00BF202B0020AD
:1055800011430020014601480CF048BF702B002059
:10559000014601480CF05CBF702B0020024B1B78C9
:1055A00003B1704708F058BE11430020024B1B782E
:1055B00003B1704708F050BE1143002010B582B00F
:1055C000B0F90420811D684611F012F96A460223E1
:1055D00001A809490CF0F4FC0198B0F9021004305C
:1055E000FCF7C8FE044601A811F08AF8684611F0DD
:1055F00087F8204602B010BD702B002000B5831D37
:1056000083B0B0F9042069B9194601A811F0F0F887
:1056100001A90C4803F0A6FD01A811F071F803B030
:105620005DF804FB194601A811F0E2F801A9012276
:10563000044803F0FFFD01A811F062F803B05DF823
:1056400004FB00BF28370020014803F025BB00BF42
:1056500028370020792810B50C4609D10748A4F155
:105660000101B1FA81F14909BDE8104012F038BFDB
:10567000FFF72CF90028F2D110BD00BF002A00204E
:1056800070B50E46FDF74EFA044630460D46FDF75E
:1056900049FA02460B46204629461CF07DF8BDE833
:1056A0007040FCF797BF00BF08B5FDF73BFA1BF051
:1056B00015FEBDE80840FCF78DBF00BF08B5FDF73B
:1056C00031FA1BF0C7FDBDE80840FCF783BF00BFFF
:1056D00008B5FDF727FA1BF071FDBDE80840FCF79F
:1056E00079BF00BF08B5FDF71DFAF7F7E1FBBDE88C
:1056F0000840FCF76FBF00BF08B5FDF713FA1BF0B9
:10570000F9FFBDE80840FCF765BF00BF08B5FDF72D
:1057100009FA1BF047FFBDE80840FCF75BBF00BF7C
:1057200008B5FDF7FFF91CF069FABDE80840FCF781
:1057300051BF00BF84B00DF1100C0CE90F00BDF893
:105740000230024A013B136004B07047542000202D
:1057500030B5104B83B0002428201C601FF057FB8D
:1057600010230546009340F24D4122460A4B0BF0B0
:10577000C1FA294609480EF0C7FB08B903B030BD8D
:1057800028460BF0EBFA284603B0BDE830401FF086
:1057900037BB00BF5420002035570200B825002039
:1057A00010B5044C2068002800DB10BDFFF7D0FFC7
:1057B000206810BD54200020084B1B68002B10B53A
:1057C000044608DB22461023002140F24D40BDE88C
:1057D0001040FCF7B3BCFFF7BBFFF3E754200020F9
:1057E00008B5FCF70FF8FFF777FD002008BD00BFF4
:1057F00070B50A4A41F2901305460C46D058012173
:105800000FF00AFE022D22460CBF022101211023B7
:105810001520BDE87040FCF791BC00BF00250020BA
:1058200008B5194A41F29013D05870B14FF0FF31CA
:105830000FF0C8FD07EE900AFDEEE77A17EE900A2A
:10584000772803DC332803DC002008BDFF2008BDD7
:105850009FED0E7ADFED0E6AF8EEE77A77EEC77A03
:10586000FDEEE77A17EE903AC3EB032307EE903A8A
:10587000B8EEE77AC7EE267AFDEEE77A17EE900AE1
:10588000FF28A8BFFF2008BD0025002000005042CF
:1058900000008842124A41F29013D358E3B181F3D9
:1058A000080207EE902A9FED0F7A9FED0F6ADFED59
:1058B0000F6AF8EEE77A022867EE877A184687EED5
:1058C000867A77EE267AFDEEE77AF8EEE77A17EE3B
:1058D000901A02D00FF0E6BD70470FF0B1BD00BFC7
:1058E000002500200000884200007F430000504255
:1058F000704700BF704700BF024B1B6803EB4000BE
:10590000704700BFD0380020704700BF704700BF0D
:10591000704700BF0048704716FCFFFF704700BF8C
:10592000704700BF82B070B50C4684B00546496828
:10593000206802AC03C4039908AC481084E80C004A
:10594000CB0745BF2A58029B029CD4580AAB2E189D
:1059500093E803008DE8030008AB0CCB3046A0476A
:1059600004B0BDE8704002B0704700BF10B50446F7
:10597000D0F8E808036801211B6898470121D4F892
:10598000E80812F0ABFFD4F84818D4F8E00811F09A
:105990003FFC012384F8603810BD00BF38B50446D1
:1059A000D0F8E80803680025294684F860581B6889
:1059B00098472946D4F8E808BDE8384012F08EBF71
:1059C00082B038B504A9044681E80C00D0F8480834
:1059D000BDF8125018300FF07DFA18B925F0020505
:1059E000012D05D12046BDE8384002B0FFF7BEBF0B
:1059F0002046BDE8384002B0FFF7D0BFFF2906D8E7
:105A000008B58900083002F017FA002008BD6FF4CD
:105A10007A70704708B5083002F024FA0028B8BF41
:105A20000330801008BD00BFD0F8DC3880F8621861
:105A30005BB1D0F8682819B91146184612F0A6BA19
:105A400011461846012212F075BA7047D0F8DC38BA
:105A500080F863185BB1D0F8642819B9114618466C
:105A600012F094BA11461846002212F063BA704739
:105A700070B5044682B038201FF0C9F904F108055A
:105A800013232A46064600931849194B12F070F862
:105A90000021C4F8DC68304612F052F9D4F8DC0872
:105AA00012F01EF881B2284602F0ECF94FF40041E2
:105AB000284602F0F1F994F862182046FFF7B4FF87
:105AC00094F863182046FFF7C1FFD4F8D8380BB11B
:105AD00002B070BD284640F2FF33054A04F66C015F
:105AE00002F06AF9C4F8D80802B070BD0010024094
:105AF00000442C47044B186810B1D0F8DC3803B1CF
:105B00007047FFF7B5BF00BFD438002010B504467A
:105B100089B3D0F8DC3823B3C388214A43F00103AA
:105B20000221C380C2F88410BFF34F8FBFF36F8F81
:105B3000D0F8DC0812F0F8F9D4F86818D4F8DC08CA
:105B400012F024FAD4F86418D4F8DC0812F01EFA23
:105B5000D4F8DC0810B103689B6998470023C4F8A7
:105B6000DC3894F86038DBB284F861382046FFF7FF
:105B700015FF002010BDC388DA0705D5D0F8DC2852
:105B800023F00103C38042B194F86138002BF0D0B8
:105B90002046FFF7EBFE002010BDFFF769FFF3E79B
:105BA00000E100E070B50446D0F8DC0894F86358D2
:105BB000002384F863380E4618B1D4F8641812F044
:105BC000E5F9C4F8646829462046BDE87040FFF74F
:105BD0003DBF00BF70B500F108040CF003FF06469E
:105BE000204602F07DF90546204602F07FF96DB1AE
:105BF00005F5B5550C35B54208D830B100F5B250B1
:105C00000830B0428CBF0020012070BD012070BD63
:105C10002DE9F04F83B0DDE90C9ABDF83880002BF8
:105C20003BD0B9F1000F35D00F2902D1B8F1C00F28
:105C300033D1074628201D460E4693461FF0E7F84D
:105C40000446103010F08CF918202680A4F802B019
:105C50001FF0DDF8CDE9009A06466B46024603CBFD
:105C600046F80C5B00233D68D36048F0020873607F
:105C7000E360506091600E495161C4E90833A4F8B3
:105C80000480A2606B6838462146984740B903B04B
:105C9000BDE8F08F1AF0010FC6D16FF47A70F6E705
:105CA00020460BF05BF820461FF0AAF80148EEE70B
:105CB0002559020016FCFFFF70B50446D0F8DC0839
:105CC0001B4B236048B1D4F8681812F05FF9D4F880
:105CD0006418D4F8DC0812F059F9164BC4F8F438FB
:105CE00003F18402A833C4F80C29C4F81439124E05
:105CF000002504F5126010F071FC04F60C10C4F8D5
:105D00000C69A4F812590AF0C7F904F50F6002F003
:105D100091FF04F66C0002F093FC04F1080001F01E
:105D200027FE20462660E5800AF0B6F9204670BDC1
:105D30007C5B040038670400BC70040010B50446A6
:105D4000FFF7BAFF20461FF05BF8204610BD00BFEA
:105D50002DE9F04F774D05608BB000250646456074
:105D600004468B4692461F46DDF850900AF024F90F
:105D7000714B46F8083B40F2FF3203236F4930462F
:105D800001F0B0FD04F66C08012284F8605884F834
:105D9000622884F8632840F6C2314AF64442C4F8C7
:105DA00064B8C4F868A884F86158404602F07EFCE4
:105DB000159BC4F8E8384146C4F8D858C4F8DC58F4
:105DC000C4F8E078C4F8E49804F50F6002F030FFFE
:105DD00031462B2204F6F40003F0E0FC584A116827
:105DE000002900F0A4804046012102F017FF0022A4
:105DF0004946384611F0BEF91621C4F8480838461D
:105E000011F020F900220721D4F848084D4D10F078
:105E1000CFFE0AF0C1F8074650201EF0F8FFD4F874
:105E200048183A46064618310FF068FFC4F854681F
:105E300030460FF0E1FD074648201EF0E8FF0A2239
:105E400002233946CDE900323F4A012306460FF0CE
:105E500091FCD4F85408C4F84C6803689B689847D0
:105E6000804668201EF0D3FF384A01920026152292
:105E7000CDE902264FF08342354B00924146354A28
:105E800007460FF045FA2B68C4F85878A3B1324A98
:105E9000D4F85478CDE9042604AA92E803003F8997
:105EA0004FF0C00C8DE8030032461846CDF808C00C
:105EB00039462346FFF7ACFE50201EF0A8FFD4F869
:105EC0004C182522243106460FF018FF2B68C4F821
:105ED000506843B30026DFF88080CDF8188007961D
:105EE00006AA92E80300C0278DE803003246184650
:105EF000252123460297FFF78BFED4F848082D682A
:105F0000314618300EF0DAFFCDE908860AAB0246BA
:105F100013E9030002978DE803002346284640F268
:105F2000FF31FFF775FE20460BB0BDE8F08F14601F
:105F300059E700BFBC7004007C5B040000442C47A0
:105F4000D4380020003B00200AD7A33D0000504277
:105F5000000082420000AA42C15902000048704776
:105F6000B45B0400BFF34F8F0549064BCA6802F4C7
:105F7000E0621343CB60BFF34F8F00BFFDE700BF6C
:105F800000ED00E00400FA0512DF7047704700BF23
:105F900008460AF0B1BF00BF13F01CBE08460AF065
:105FA000A7BF00BF13F024BE024A0349016010607E
:105FB000704700BFE4380020DC5B040030B583B0DC
:105FC00002AB002103F8011D05461846FFF7DCFF70
:105FD0009DF80730012B1BD0134A1448012313608E
:105FE0000424C2F80011D2F80031002BFBD0D2F803
:105FF0000835013C43EA0020F3D1012353602B68AC
:106000000B4A9B69934209D10AF076FF03B030BD79
:106010002B68074A9B6905489342F5D001462846FC
:10602000984703B030BD00BF00D00040ED5EBC0B10
:10603000915F0200034B1B680BB10AF05FBF18466B
:10604000704700BFE43800204FF08053586E70470F
:1060500070B4174E174C0FCE89B001AD0FC596E83E
:10606000070003C5002104F8051F4FF080532A7074
:106070005E6E0520012501EB810208AB1A44B6FBD8
:10608000F0F300FB1363B3FBF5F31A44013112F88C
:106090001C2C04F8012D0529A6EB030600EB80005B
:1060A00005EB8505E7D1034809B070BC704700BF18
:1060B000985B0400D838002000B583B002A8002304
:1060C00000F8013DFFF760FF9DF80700A0F1010017
:1060D000B0FA80F0400903B05DF804FB08B5FFF7A3
:1060E00041FF00BF014B1860704700BFE03800203F
:1060F0002DE9804889B0DFF87092079013F060FDB9
:10610000914A9249924D0023C1F8103509F10404D7
:10611000C2F810354846C2F814351C21C2F81835AB
:10612000C2F81C35C2F82035C2F82435C2F828352B
:106130004FF0A043032201F5E071844243F821208F
:1061400009D010F8011F1F2986BF01F01F012B463F
:106150004FF0A043EFE77F4B7D4D1C1D1A464FF0DB
:10616000A0411523032003F5E073944241F8230076
:1061700009D012F8013F1F2B86BF03F01F032946E9
:106180004FF0A041EFE77348714D15234FF0A04148
:10619000012404FA03F38242C1F80C3509D010F847
:1061A000013F1F2B86BF03F01F0329464FF0A0417C
:1061B000EFE7694B694A1B6812680693DFF890A104
:1061C0000592002303934FF0010B059B002B00F079
:1061D000AF80039A934240F3A98000230493604B5D
:1061E00001931B244FF0A04800230293019B03F16D
:1061F000040E029B272B6FDC039B49F63F42052BC5
:1062000049F6404C40F69F73ACBF4FF47A6C13468E
:10621000019E504F49F64042654604200441E40780
:10622000CC464FF01C010FD51F2943D84FF0A04496
:106230000BFA01F1C4F80C1580B134781CF8011F79
:1062400001380441E407EFD41F2937D84FF0A044A8
:106250000BFA01F1C4F808150028EED15DB13978C8
:106260001F2986BF01F01F0150464FF0A0400BFAD6
:1062700001F1C0F80815002102E00131914212D06D
:106280009942D8F80405F8D138781F2886BF00F065
:106290001F0054464FF0A04401310BFA00F0914228
:1062A000C4F80C05ECD1764507F101070AD016F8C1
:1062B000014FB2E701F01F015446B9E701F01F0199
:1062C0005446C5E7029B0133302B029309D0019B52
:1062D0001C78029B272B8FDD4FF0FF334FF0000C13
:1062E00096E7049B591C04292AD0012926D0049B37
:1062F000012B14BF01230A231A48079A92FBF3F3D8
:1063000080FB0320DA17C2EBA00202EB8202A3EBB0
:106310004203303305225BB26FF09F0012FB030390
:10632000069A0491D1180191D45C5DE7FFF71AFE3B
:106330000B4B0193059B04931B2453E76423DBE77A
:10634000039B0133039340E704600040006000407A
:1063500000030050C45B040014210020E03800203A
:10636000BC5B040067666666CC5B040008B5084643
:10637000FBF73CFA08BD00BF4FF0FF30704700BF8D
:10638000054B186828B10368044ADB69934202D1BF
:10639000704713F01DBC1847E43800208D5F0200E1
:1063A0000048704716FCFFFF10B5074B03F10802C9
:1063B00048330446026040F83C3F0CF021FC204684
:1063C00001F066FE204610BDFC5B0400A0F13C001D
:1063D000FFF7EABF094B10B503F108024833044642
:1063E000026040F83C3F0CF00BFC204601F050FEF0
:1063F00020461EF005FD204610BD00BFFC5B0400DA
:10640000A0F13C00FFF7E6BF2DE9F041044682B061
:106410001820154688461EF0FAFC012607461B2266
:106420000C4913F04FFB2B46424639462046009656
:1064300001F06CFF2A46214604F13C000CF00AFCF6
:10644000054B204603F1080248332260E36302B0A3
:10645000BDE8F08100B00140FC5B0400F8B54FF4EA
:10646000006206464263044656F8640B0368002542
:10647000DF6931460B23B847294684F88B5084F8EE
:10648000805084F8755084F89050102204F18100F7
:106490001DF0ACFD29466064102204F176001DF069
:1064A000A5FD656B2368E06405F50065E5631A6882
:1064B000676C126B184690472844874203D3E56CFB
:1064C000636CAB4201D30020F8BD20680368DB6A2F
:1064D00098478542F7D230460E2203491EF0BFFC92
:1064E000B0FA80F04009F8BD605C040010B50446C5
:1064F000C0E901230160042308314FF480720C309D
:1065000008F03CFA0022012104F124000AF0B2FA5A
:1065100004F1980010F08EF90023C4E91433A3634A
:10652000236223646363E3636364A365E36484F8C1
:106530005C3084F85D302366C4F89430204610BD8A
:1065400030B5036ADB078DB0044602D4FFF786FF3F
:1065500090B12D22002168461EF0B4FC2068616BCA
:1065600003686A461D6A0B23A8472068E16C03682C
:106570006A461D6A0123A847236A23F001032362A8
:106580000DB030BD38B500F12404054620460AF0B0
:106590007BFA2846FFF7D4FF2046BDE838400AF0D2
:1065A000ABBA00BF10B50446983010F0A9F82046E9
:1065B00010BD00BFC1600020704700BF014B1880B4
:1065C000704700BF0043002010B5044B0360002358
:1065D0000446C38009F060FD204610BDBC70040075
:1065E00010B5064B036000230446C38009F054FD38
:1065F00020461EF005FC204610BD00BFBC70040004
:1066000082B070B50C4684B005464968206802AC7B
:1066100003C4039908AC481084E80C00CB0745BFBD
:106620002A58029B029CD4580AAB2E1893E8030008
:106630008DE8030008AB0CCB3046A04704B0BDE8A2
:10664000704002B0704700BF10B5006A84B00268A5
:1066500000230093146AE0210DF10F02A04704B05B
:1066600010BD00BF2DE9F843154D05600025044617
:1066700045601F4689469046BDF8206009F09CFCA5
:1066800010482060C4E90898A7622A4604F12C004B
:1066900001210AF0EFF9E388256143F480430020EB
:1066A000002143F004036561A561C4E91001E563BD
:1066B000A4F84850A680E3802046BDE8F88300BFD8
:1066C000BC700400C45C0400C3885B0700D470473E
:1066D000FFF7BABF30B5C3885B0783B004460D46E9
:1066E00001D5FFF7B1FF206A2A68016853880024AA
:1066F00000940C6A0432E021A04703B030BD00BF13
:1067000070B50646486AD0F80C33B0F812435B689F
:1067100084B000F543700D469847B0FA80F0C4F39A
:1067200000244009A04215D003A801220C210FF03B
:106730002BFFEB885B071DD4286A039A03680021AE
:1067400000919C6A04320C23E021A04740B103A8C9
:106750000FF044FF30460FF011FF304604B070BD1B
:1067600003A930460FF032FF03A80FF037FF304681
:1067700004B070BD2846FFF767FFDDE770B50C4633
:1067800082B0064668460FF0F9FEE38843F0010345
:10679000E380012501200AF0ABFB214601A8FFF7A9
:1067A000AFFF01A968460FF021FF01A80FF016FF07
:1067B000009B5A88691CE2B11A79202A1DD1E2880F
:1067C0005B79920601D5392B1FD0312B11D00221D4
:1067D00068460FF089FFE38823F00103E3806946F0
:1067E00030460FF0F3FE68460FF0F8FE304602B078
:1067F00070BD132D0CDC0D46CCE7132AE7D0597978
:106800000E480AF001FBC11CE2E701210D46C1E779
:106810000122022101A80FF0B7FE019B382220219E
:1068200019715A71E38823F00103E38001A930460E
:106830000FF0CCFE01A80FF0D1FED4E7745C040089
:10684000F0B5164683B00D461F4604460FF096FE7F
:10685000314601A80FF0BAFE01A92846FFF73AFF1A
:1068600000B92FB901A80FF0B9FE204603B0F0BD62
:1068700001A80FF0B3FE294601A8FFF77FFF01A989
:1068800020460FF0B3FE01A80FF0A8FE204603B08B
:10689000F0BD00BF70B582B01646044601220D4619
:1068A000684602210FF070FE20460FF067FE009B45
:1068B00010225E711A71694601A80FF087FE01A9C6
:1068C0002846FFF707FF064601A80FF087FE56B9D6
:1068D000294601A8FFF752FF01A920460FF086FEC6
:1068E00001A80FF07BFE68460FF078FE204602B04C
:1068F00070BD00BF30B5CB889B0783B00C46054602
:1069000006D5A068A38928602846AB8003B030BDB7
:1069100068460FF033FE012201A82146FFF7BAFFB7
:1069200001A968460FF062FE01A80FF057FE009B18
:10693000B3F80730A381022201A82146FFF7AAFF7E
:1069400001A968460FF052FE01A80FF047FE009B18
:10695000B3F807302381022B03D1E38843F02003EF
:10696000E3800322214601A8FFF794FF01A96846AE
:106970000FF03CFE01A80FF031FE009AA189B2F899
:106980000720E388628149F60412914243F0020035
:1069900016BF23F0040343F0060343F00203E08034
:1069A000E38068460FF01AFEABE700BF70B584B015
:1069B00006460C4601A8012204210FF0E5FD019ACC
:1069C0000823012584F001041221D471117153713F
:1069D000957101A90DEB03000FF0F8FD2B46314630
:1069E00002AA03A8FFF72CFF03A80FF0F7FD02A8E7
:1069F0000FF0F4FD01A80FF0F1FD04B070BD00BF71
:106A000070B5012184B00546FFF7D0FF00210120B9
:106A100009F056FB01A8012204210FF0B5FD019BEE
:106A2000082201241226072001A91E715871DA716B
:106A30009C710DEB02000FF0C9FD234602AA294606
:106A400003A8FFF7FDFE03A80FF0C8FD02A80FF092
:106A5000C5FD0A200AF04CFA686A032100F543706C
:106A600011F05AFF4FF0804301A8C3F800450FF022
:106A7000B5FD04B070BD00BFC388DB0700D570470B
:106A800030B50446406AD0F80C33B0F812535B6856
:106A900083B000F543709847B0FA80F0C5F3002545
:106AA0004009A84213D068460FF068FD01A82146AE
:106AB000FFF726FE01A968460FF098FD01A80FF028
:106AC0008DFD009B5A8822B968460FF087FD03B000
:106AD00030BD1A79112AF7D15A79092AF4D19A7955
:106AE000012AF1D1DB79032BEED12046FFF788FF95
:106AF000EAE700BFC38870B513F0010403D0114B5F
:106B000000221A6070BD0546406AD0F80C33B0F818
:106B100012635B6800F543709847B0FA80F0C6F3E3
:106B200000264009B042EAD0064A13681D2B02DC59
:106B30000133136070BD28461460BDE87040FFF754
:106B40009BBF00BFE8380020C38819B923F00103B8
:106B5000C380704743F00103C380704708B509F054
:106B600073FF003018BF012008BD00BF2DE9184891
:106B700004460BF027FFD4E91023821A61EB0303CC
:106B8000002B08BFB2F5FA7F06D3E06B0028CCBF1C
:106B900000200120BDE818880020BDE8188800BF4B
:106BA0002DE9F04F8BB0054699469DF8503004937F
:106BB0000C46019190460BF015FFAB6A002B00F0DC
:106BC000008106460F460BF00DFF82468B467CB1D6
:106BD000894508BF8045C0F0F280B8EB0A0069EB38
:106BE0000B01794A00238B4208BF824280F0E78084
:106BF00028460121FFF7DAFE049B002B0CBF012081
:106C00000220002109F05CFA08A80BF0BDFFCDE9D5
:106C10000201A86A42690368D2F848150591D2F8C2
:106C200004130691D2F80413DB69C2F80813C26892
:106C30000792664A934240F0BA80654BC360DFF822
:106C4000A4A10023AAF80030049B002B00F09C8034
:106C5000686A032100F5437011F05EFE5D4B40222F
:106C60001A60A86A089A03680221DB6B9847A86A31
:106C700003689B6A9847DDE90223B8F10D0049F1EA
:106C8000FF31921B63EB0703801B61EB0701921836
:106C90005B41801A61EB0301089C002600278046B7
:106CA000894628E04F4508BF464529D2B8EB060281
:106CB00069EB070348480021994208BF904200D27F
:106CC0000246A86A036802212244DB6B984730BF62
:106CD000A86A03689B6C9847041B3619834647F1E2
:106CE00000070BF07FFEBAF800309BB200213BB1E9
:106CF000AAF800105C46019B002BD3D1364AE0E78E
:106D0000686A002100F5437011F006FE049900291D
:106D100033D0A86A03681B6B9847A86A4369026866
:106D2000D3F80413D269C3F8081328498A4241D121
:106D3000079AC260059AC3F8482500220023194625
:106D400010460BF031FFAB6A049A5B69002A069A81
:106D5000C3F804230CBF03200420002109F0B0F97C
:106D600000212846FFF722FE0BF02CFEC5E910019A
:106D7000002318460BB0BDE8F08F159B002BC8D040
:106D8000184611F0C9FDC4E7159B002B3FF460AF16
:106D90001B6815985B689847159B1598DB8813F45A
:106DA000807F0CBF0321022111F0B6FD50E7084996
:106DB000984744E707999047AB6A5B69BAE7074B86
:106DC000D7E7074BD5E700BF9F860100B5650200F6
:106DD000BD65020000E100E0BFBDF0FF09FCFFFF60
:106DE00016FCFFFF0043002070B584B004AB002404
:106DF000002563E90245064618460BF0EDFE002526
:106E000001240146DDE902233046CDE90045FFF7C4
:106E1000C7FE04B070BD00BF2DE9F041044682B04A
:106E20000E46154610309846BDF828700FF098F8B9
:106E30002680658018201DF0EAFF08AB054693E820
:106E400003006A4682E803002E4603CA46F80C8B0C
:106E50000023084AEB6047F0020773606860204631
:106E6000A780A560E360C4E90833A9606A6102B045
:106E7000BDE8F0810166020010B5104B1C6890B0AF
:106E8000CCB10F4A04920022059204AA034692E86C
:106E9000030010228DE80300029240F2FF31052228
:106EA00006A8FFF7B9FF236806A99B682046984704
:106EB00006A809F053FF10B010BD00BF003B002032
:106EC000056F020038B50446002009F0C5FD2046D4
:106ED000FFF7D2FF2046FFF787FF054604F12C009D
:106EE00009F01EFE284638BD10B504462C3009F0C6
:106EF00017FE002009F0B0FD2046BDE81040FFF766
:106F0000BBBF00BF82B08DE80C00BDF8002040F28E
:106F1000FF339A4201D002B07047BDF80230052B12
:106F2000F9D102B0FFF7E0BF4CDF704710B5044B5A
:106F3000036000230446C38009F0AEF8204610BD6C
:106F4000BC70040010B5064B036000230446C380E8
:106F500009F0A2F820461DF053FF204610BD00BFE7
:106F6000BC70040070B5094B036000250446456001
:106F70000E4609F021F84FF47A73054A2561E36063
:106F8000A680A5602260204670BD00BFBC700400D2
:106F9000E85C040010B5C38843F48043C38086B026
:106FA00004460BF00FFDA2680023994208BF9042EF
:106FB00002D2002006B010BD00230193FFF77CF839
:106FC00008BB134B01221A60D3F80021002AFBD022
:106FD0000022C3F80021D3F808250192012159604D
:106FE000002AB8BF0332921022820BF0EBFCE36858
:106FF000A18818440123A0601A4602A80EF090FF51
:10700000002006B010BD01A8FFF78EFF019AE7E748
:1070100000C0004010B50446FFF7BCFFB4F91000F3
:10702000B4F91230C01A10BDFFF7B4BF38B504462A
:107030000D46FFF7AFFFE56038BD00BFC068704781
:10704000002070470368DB6A184700BFA0F1080002
:10705000FFF7F8BF094B10B503F1080248330446A7
:107060000260836018300FF04BFB054B2360002358
:107070002046E38009F010F8204610BD4C5D040066
:10708000BC7004000B4B03F10802483310B50446F2
:107090000260836018300FF033FB074B236000233E
:1070A000E380204608F0F8FF20461DF0A9FE2046A8
:1070B00010BD00BF4C5D0400BC7004000020704790
:1070C0002DE9F041104D0560002545600446174646
:1070D0001E468846BDF8185008F06EFF0B48C4F8ED
:1070E0000C8000F108014830A060C4E904762160FA
:1070F00004F118000FF09EFB40221823A580A26225
:10710000E3802046BDE8F081BC7004004C5D0400C3
:107110002DE9F04F032B85B082460D4617461946E0
:1071200003A8B8BF032101229B460FF02DFA4FF0B0
:1071300014094FF0000801216869FFF705FDE868B0
:107140003A6801685388CDF800800C6A0432E42163
:10715000A047064600285ED13B681B790C2B38D12E
:10716000EB8813F0400F14BF6420142009F042FB99
:107170002869D0F80C33B0F812435B6800F543700F
:107180009847B0FA80F0C4F300244009A04224D00C
:10719000002211464FF0FF3303A80FF04DFAE868C4
:1071A000039A01685388CDF800808C6A0432E42188
:1071B000A0470646B8B9039A3968137909798B4212
:1071C00030D0E888800619D5202B0CD15379392B83
:1071D00009D1012009F00EFBCAE70136012009F0B0
:1071E00009FB142EC4D1B9F10109A4D1686949463B
:1071F000FFF7AAFC50460FF0C1F91FE0002BE8D0C2
:10720000202BF0D153799942E3D0002BE1D0B9F192
:10721000010990D1EAE7012009F0ECFAB9F101097E
:1072200089D1E3E701466869FFF78EFC594603A858
:107230000FF05AFA03A950460FF0C8F903A80FF04F
:10724000CDF9504605B0BDE8F08F00BF2DE9F04103
:107250000D4684B00646486998461746FFF734FA4B
:10726000EB88DB0611D403AC394620460FF0AEF9AB
:107270004346224629463046FFF74AFF20460FF094
:10728000ADF9304604B0BDE8F0810122114601A8F5
:107290000FF07AF93A68019B1279032A0CBF062293
:1072A00003221A7101A902A80FF090F903210A48DC
:1072B00009F0AAFD03AC034602AA29462046FFF7BF
:1072C00027FF20460FF08AF902A80FF087F901A8DE
:1072D0000FF084F9C8E700BF045D0400F0B585B085
:1072E000044616460F460122082101A81D460FF04C
:1072F0004BF920460FF042F946F02060019E08F05D
:10730000E1F8AD007060284608F0DCF801A9B06033
:1073100002A80FF05BF905F1080302AA394603A899
:10732000FFF794FF03A920460FF060F903A80FF0C0
:1073300055F902A80FF052F923685B88082B0FD883
:1073400003A80FF01BF903A920460FF04FF903A87B
:107350000FF044F901A80FF041F9204605B0F0BD47
:10736000002220464FF0FF3308210FF07FF92368F9
:107370005988204608390FF0B7F901A80FF02EF907
:10738000204605B0F0BD00BF30B583B00C460146C5
:1073900001A81D46FFF7A2FF01994B885BB120466B
:1073A000AA0004311DF06AFD002401A80FF016F9AF
:1073B000204603B030BD014CF7E700BF0CFCFFFFD7
:1073C000A0F10800FFF7E0BF2DE9F04F804685B03F
:1073D00068464FEA83090D4693460FF0CFF8D8F878
:1073E00028104945A8BF49460831012201A80FF0DD
:1073F000CBF809EB050A01A84FF0FF330022FF216B
:107400000FF01AF955453DD2002601E0AA4539D9B9
:10741000D8F82830019FA9EB06049C4245F0306063
:10742000A8BF1C4608F04EF87860204608F04AF8DD
:1074300026F003012246B860594407F10C001DF004
:107440001DFD04F1080101A80FF04EF901A902A8E1
:107450000FF0BCF8092302AA414603A8FFF7F6FE85
:1074600003A968460FF0C2F803A80FF0B7F802A806
:107470000FF0B4F8009B5B8825442644002BC5D14F
:10748000064C00E0002401A80FF0A8F868460FF0B1
:10749000A5F8204605B0BDE8F08F00BF0EFCFFFF49
:1074A000A0F10800FFF790BF70B5154682B0012229
:1074B00004460E46684611460FF066F8009B694682
:1074C0001D7101A80FF082F82946094809F09CFCBB
:1074D00001AA034631462046FFF7B8FE01A80FF087
:1074E0007DF868460FF07AF8204602B070BD00BF04
:1074F000045D040010B5C3889B0784B0044609D519
:10750000636A00209AB262F30F001B0C63F31F4002
:1075100004B010BD01A80FF031F8072202A82146DF
:10752000FFF7C2FF02A901A80FF060F802A80FF050
:1075300055F8019B5A88B2B90622214602A8FFF7E6
:10754000B3FF02A901A80FF051F802A80FF046F806
:10755000019B5A881AB901A80FF040F8D0E75B796F
:1075600084F82630F7E7B3F8050007F0BDFF0622E0
:10757000A084214602A8FFF797FF02A901A80FF0F7
:1075800035F802A80FF02AF8019B5A88002AE2D0A9
:107590005B79A28C84F8263002FB03F3B3F5F83F45
:1075A00005DD4FF4F83393FBF2F284F8262002A8AD
:1075B0006169FFF79FF9BDF80830012BE38814D00B
:1075C00023F0100343F028034022E380A262BDF8B9
:1075D0000C2002F5CD427B3292B2012A98BF43F0D3
:1075E000400343F00203E380B5E7402243F0180371
:1075F000E380A262EBE700BF2DE9F04788B00646C2
:107600000D4617460821012201A80EF0BDFF02A871
:107610000EF0B4FF03A80EF0B1FF04A80EF0AEFF09
:107620003046FFF767FFB48C96F826300590B90016
:1076300001EB050904FB03F3994500F2D680B9FB81
:10764000F4F7B5FBF4F304FB07F7B9EB070204FB0F
:1076500003FA08BF3F1B554500F0C180A21A04FB86
:107660001353B2FBF4F104FB1124002B40F08F8084
:10767000002C7DD1F3881B073ED5BA455ED8544611
:1076800007AD03E0B38C1C44BC4257D844F04060C3
:10769000DDF8048007F016FFC8F80400204607F064
:1076A00011FF01A9C8F8080006A80EF08FFF0123FA
:1076B00006AA31462846FFF7C9FD294602A80EF062
:1076C00095FF28460EF08AFF06A80EF087FF029B62
:1076D0005B88002BD6D1464C04A80EF07FFF03A890
:1076E0000EF07CFF02A80EF079FF01A80EF076FFE5
:1076F000204608B0BDE8F0874AF04060019C07F0E2
:10770000E1FE6060384607F0DDFE01A9A06006A832
:107710000EF05CFF012306AA07A83146FFF796FD8D
:1077200007A902A80EF062FF07A80EF057FF06A8EF
:107730000EF054FF029B5B88002BCCD0039B5B8830
:10774000002B36D1049B5C88002CC5D004A907A867
:107750000EF03CFF079A316853880C6A9B08494633
:1077600004323046A04707A80EF038FF0024B3E7E4
:1077700007ADA30828464A463146FFF7AFFD294624
:1077800004A80EF033FF28460EF028FF72E707AD7D
:107790009B08284652463146FFF7A0FD294603A81C
:1077A0000EF024FF28460EF019FF002C3FF462AFC4
:1077B000DEE703A907A80EF009FF079A316853888E
:1077C0000C6A9B08514604323046A04707A80EF0C9
:1077D00005FF049B5C88002C3FF47EAFB6E7601B7E
:1077E000384488427FF43AAF44E76FF47A7473E721
:1077F0000EFCFFFF30B5044683B00D46FFF77AFE5E
:10780000A28C29469208204603B0BDE83040FFF71D
:10781000F3BE00BFA0F10800FFF7ECBF10B50446AF
:1078200082B0FFF767FEA38C94F8260000FB03F0FC
:1078300002B010BDA0F10800FFF7F0BF10B504467C
:1078400082B0FFF757FEA08C02B010BDA0F1080077
:10785000FFF7F4BF02460020D3680133D3607047BE
:107860000B6881601B680846184700BF80680030BD
:1078700018BF0120704700BFD0F81408704700BF40
:10788000CB1E012B05D94B1E012B02D96FF47A7048
:1078900070474B1C03EBD3735B10C0F81418C0F88F
:1078A00018380020704700BF00F50160006870477D
:1078B00010B5044B044640F8083B0EF08FFE2046FE
:1078C00010BD00BFB85D040010B5054B044640F87C
:1078D000083B0EF083FE20461DF092FA204610BDB4
:1078E000B85D0400F0B4214C04600226032400F6C5
:1078F0001C05C0F81448C0F8186800244FF07E56E4
:10790000C0E901442E6000F624054FF0000CC0F8D9
:1079100020480127C5F800C000F5036600240025B3
:1079200080F82878C6E90045DE1E00F63807012EEB
:10793000C7E9004510D95C1E012C0DD992B207EEA3
:10794000902A00F50162F8EE677A00F60C031160E8
:10795000F0BCC3ED007A70475C1C04EBD474641077
:10796000C0F81438C0F81848E8E700BFCC5D040040
:10797000F8B5104B104E114F036005466C68A4B16A
:107980006068E26B03686A60DB68984723689B68FD
:10799000B34220460BD140F8087B0EF01FFE204674
:1079A0001DF02EFA6C68002CEAD12846F8BD9847E5
:1079B000E4E700BFCC5D0400C9780200B85D0400B4
:1079C00038B54B684FF07E520A631A6805460C467C
:1079D0001846126905F50165904795ED006A9FED1F
:1079E000117AD4ED067AD4ED075A6063C7EE276AA0
:1079F000431C03EBD37320F002005B100128A36348
:107A000085EE867AC4ED096A84ED0A7A02D00023F5
:107A1000236238BDBEEE007A67EE877AC4ED087A3D
:107A200038BD00BF00C07F442DE9F04F2DED048B21
:107A30008DB00C46029105900AF0D4FF6468CDE940
:107A40000601002C00F09781029B4FF40072D3F8DE
:107A5000183892FBF3F2029B002A03F10C03049303
:107A600006DD002103EB820243F8041B9A42FBD19E
:107A7000CC4EDFEDCD8A0125A346DBF83470DBF870
:107A80003C30039347B959460298FFF799FFDBF85A
:107A90003470002F00F0A180029BDBED0A7AD3F84E
:107AA00018284FF4007AF5EE407A9AFBF2FA0AF1C0
:107AB000030A03EB8A02F1EE10FA019209D103F5F1
:107AC000016292ED007ADBED076AC6EE877ACBEDB4
:107AD0000A7A019B1946049B99427ED99946DBF8A4
:107AE0000820DBF83830528892FBF3F207EE102AB8
:107AF000DBED0B7ADBED0A6A019AB8EEC77AA2EBEE
:107B0000090437EE677AA41087EE268ABDEEC88A8C
:107B100018EE108AA045A8BFA046B8F1000F34D0D7
:107B20004546CA4607EE103A01E09BED0E7ADBF8B7
:107B3000102056F82730B8EEC77A67EE277AFDEEA8
:107B4000E77A17EE900A1044984706EE900ADBEDAC
:107B5000087A9BED097A9AED006ADBED0C5AF8EE93
:107B6000E66A013D76EEA77A67EE877AA5EEA76A08
:107B7000AAEC016A9BED0B7ADBED0A7A77EE277AA5
:107B8000CBED0B7AD1D109EB880918EE103A9C4263
:107B900020DDDBF80C3003B3DBF804100A68013B8E
:107BA000CBF80C3008A81368984708A90BF1080017
:107BB0000EF01CFD08A80EF011FDDBF80820CBED3F
:107BC0000B8A131DCBF8103051880B44CBF81430BE
:107BD000538813B1019B994581D3DDF80CB0BBF1FB
:107BE000000F7FF44AAF029B2C46184693F82818E2
:107BF000002D40F0848079B1029BDDE9060103F697
:107C0000380283F82848C2E900010123022240F625
:107C1000D63108A80EF084F901224FF4007108A8AB
:107C20000EF0B2FC0299089C9FED607A01F60C02FE
:107C300001F61C0392ED008AD3ED007AD1F81438D6
:107C40006288D1F8181892FBF1F268EE277A032BBC
:107C500004F10404C7EE879A00F08480012BF6EE4D
:107C6000008A28EE289A00F0978068EE688AB0EEC5
:107C7000498A9FED4F9A551E7AB3B8EEC99A4D4E78
:107C8000049FDDF8088001E0D8F81438F7EC017A99
:107C9000D8F8202856F82330B0EE497AA7EEA97A12
:107CA0002046013DB4EE687AF1EE10FAF0EE477A24
:107CB00048BFF0EE687AF4EE487AF1EE10FAC8BFE9
:107CC000F0EE487AFDEEE77A17EE901A11439847E6
:107CD000D8F818381C446B1CD6D1029B98680368EE
:107CE0001B68984708A905980EF070FC08A80EF0CC
:107CF00075FC05980DB0BDEC048BBDE8F08F03F664
:107D00002403D3ED007AF5EE407AF1EE10FA0ED0AE
:107D10004FF40072D0F8183892FBF3F2002A06DD17
:107D2000049B03EB8202E3EC017A9A42FBD1002927
:107D30007FF472AF0299DDE906450846012301F59B
:107D4000036280F8283801F63801C2E900450024B2
:107D50000025C1E900451A4640F6D63108A80EF0C4
:107D6000DFF859E7B6EE009A28EE099ADFED0E8AA1
:107D7000BDEEC99A7FE7029B986803681B68984725
:107D800001224FF4007105980EF0FEFB05980DB02E
:107D9000BDEC048BBDE8F08FBDEEC99ADFED028A21
:107DA00069E700BFCC2000200000000000C07F4435
:107DB00000000000F020002070B505462DED028B7C
:107DC000402008EE902A0E4608EE103A1DF01FF8EB
:107DD0004022044600211DF075F82046154B40F85E
:107DE000083B0EF0CBFBF5EE408AF1EE10FA04BF33
:107DF00005F50163D3ED008A6660B8EEC88A0023FA
:107E000000222146284684ED068AC4ED078AE262F4
:107E1000C4E903336361FFF7D3FD33686A685B68C5
:107E2000E26330466C6021469847BDEC028B2046E9
:107E300070BD00BFB85D0400B1F5806F0DD207EED4
:107E4000901ADFED076AF8EEE77A00F61C0387EE7A
:107E5000A67A002083ED007A70476FF47A7070473D
:107E600000C07F4400F61C00D0ED007A9FED047A3C
:107E700067EE877AFDEEE77A17EE900A704700BF4B
:107E800000C07F4407EE901AF8EE677A00F60C0007
:107E9000C0ED007A00207047C0F82018002070471D
:107EA00007EE901AF5EEC07AF1EE10FA10D49FEDBD
:107EB0000A7AF4EEC77AF1EE10FA09DC9FED077A40
:107EC00077EEC77A00F62400C0ED007A00207047F4
:107ED0006FF47A70704700BF0000804400000044D7
:107EE00000F50360D0E90001704700BF00F63800DC
:107EF000D0E90001704700BF29DF704728DF7047D5
:107F000012DF7047022802D1014B01221A7070471C
:107F10001243002000207047C0687047D0E902304B
:107F200000FB03F0704700BF10B544680846111904
:107F30009A001CF0A3FF002010BD00BF2DE9F04106
:107F400082B002AD4FF0000805F8018D4468284664
:107F50001E460C441546FFF7D3FF9DF80730A3B12A
:107F60001C4F87F8008002E00A200AF007FE324624
:107F700029462046FFF7C0FF0028F5D13B78002BAB
:107F8000FCD0002002B0BDE8F081134A0123C2F802
:107F90000435D2F80034002BFBD076B129460E4AC6
:107FA00005EB8605641A631851F8040B1860D2F8C3
:107FB0000034002BFBD0A942F5D1074A0023C2F8B8
:107FC0000435D2F80034002BFBD0002002B0BDE80D
:107FD000F08100BF1243002000E001400268054923
:107FE000D2688A4204D1D0E9022000FB02F0704737
:107FF000104700BF1D7F020070B582B002AB0022A7
:1080000003F8012D4468054618460C44FFF778FF35
:108010009DF8073093B1164E327002E00A200AF044
:10802000ADFDE868B4FBF0F0FFF768FF0028F5D17C
:108030003378002BFCD0002002B070BD0D4A022323
:10804000C2F80435D2F80034002BFBD00949C2F83D
:108050000845D1F80034002BFBD00023054AC1F8B5
:108060000435D2F80034002BFBD0002002B070BDE4
:108070001243002000E0014030B4034D0560C0E928
:108080000112C36030BC7047F45D0400704700BF4C
:1080900010B5C388044A026023F400530446C38029
:1080A00009F0DEFA204610BD185E040010B5C38842
:1080B000064A026023F400530446C38009F0D0FA54
:1080C00020461CF09DFE204610BD00BF185E040037
:1080D000F8B5C37D03B9F8BD0446006A0368DB6ADE
:1080E0009847206A03681B6B9847E369DA68002A9F
:1080F0001FDD6FF02F051A4F2D1B04F130020026F3
:1081000012F9013B03F5A273A81847F82360E3694D
:10811000D9688142F4DC00290BDD00255B6953F846
:10812000250003685B689847E369DA680135AA426D
:10813000F4DC9A68002A0BDD00251B6953F8250042
:1081400003685B689847E3699A680135AA42F4DCE2
:10815000E388002223F00203E380E275F8BD00BF4C
:108160000060004008B5034649B9094A12780AB9C7
:10817000002008BD1B68DB6A9847002008BD026824
:108180000349C37D0B70136B9847002008BD00BFE7
:10819000134300202DE9F84FC37DD0F81CB00446EE
:1081A0000F4613B1C388DB0748D5DBF80C30002B32
:1081B00040DD0123DFF8D890DFF8D880314EDFF8BA
:1081C000D8E09C4604F1300504F1350100209A1CEA
:1081D0002B700A70DBF814201258127D03F5A27A76
:1081E00049EA022248F82A20226A11F901AB5269B1
:1081F00000F5A27B0AF1A20A5A4446F83A2011F986
:10820000012C15F901ABA23206EBC2020EEB8A0A71
:10821000C2F804A011F9012C0CFA02F2C6F80425E8
:10822000D4F81CB0DBF80C209A4200F1040003F1F2
:108230000103CCDCE38823F00103E3809BF80830E2
:10824000217B114D206ABA1E012A9CBF0133DBB28B
:108250006375C3EB03139B000C4A92FBF3F202FB22
:1082600001F1A5FB0131C90BC4E909210368002113
:10827000DB6B9847236A5B690122DA60A775BDE86A
:10828000F88F00BF00F00140818080800024F4005E
:1082900003000100006000403060004038B5054632
:1082A000817DFFF777FFEB699A68002A0CDD0024D7
:1082B0001B6953F82400036800219B689847EB6909
:1082C0009A680134A242F3DCDA68002A0CDD00244B
:1082D0005B6953F82400036800219B689847EB69A9
:1082E000DA680134A242F3DC286A03685B6A9847C3
:1082F000286A03689B6A98470123EB7538BD00BF65
:10830000C37D03B17047FFF7C9BF00BFF8B515467D
:1083100004460E46526829689DF8187009F0CCF999
:108320000021124BE5612662A77523602176E17575
:108330002175E162EB680E4A052B146001DD2046D1
:10834000F8BD336830469B6B9847206A03684FF44A
:108350007A51DB6C9847236A064ADA60E37D002B8A
:10836000EDD12046FFF79AFF2046F8BD185E0400C5
:10837000EC3800209D850200807D70472DE9F04794
:10838000C269037D916805698B42044680F28F8043
:10839000126952F82300036800211B689847236A7A
:1083A0005B6901225A60237D607DE169134493FB80
:1083B000F0F200FB1233D8B220758A68934280F243
:1083C0008B80CE688A69002E02EB430238DD0635C9
:1083D0000023267E107821895778032E03D8DFE802
:1083E00006F002463F4C07FB0151085CA17D266A5E
:1083F00011F0FD0F776903F1010302D1002843D08A
:10840000FF20A16A03F5A87601FB00F147F82610CA
:1084100000293DD0E11891F92F10890001F1804128
:1084200001F5C041D1F8100520F48010C1F8100505
:10843000E169D1E90260984202EB4602C9DC207D85
:108440000B6953F82000036801211B689847236AD1
:108450005A690123D360226A52691360BDE8F0872C
:108460006689F71BC04301FB0751085CBEE700FBB0
:1084700001116818F943405CB8E76689013E301A7B
:1084800001FB0051C85DB1E703F5A87147F8210071
:10849000E11891F92F10890001F1804101F5C041E7
:1084A000D1F8100540F48010C1F81005C0E7D0E9FC
:1084B00008315B69C288D3F84435890042F0030271
:1084C000C3EB0323B3FBF1F3C3F1FF03C362C28029
:1084D000817DFFF75FFE62E7D4E90802036892003E
:1084E000DB6B00219847E369DA68002A26DD4FF04C
:1084F00000086FF02F05274F46462D1B04F1300969
:1085000019F9013B03F5A27305EB090A47F823604B
:10851000D4E908230AF5A87152699B0042F821307A
:10852000E3695B6953F80800036801211B689847F9
:10853000E369DA68524508F10408E1DC1B69186850
:10854000036800211B689847E36994F930101B69A0
:1085500010481B68104A1B7D01F5A2711B0243F0F5
:10856000011340F8213094F9303094F935109B0014
:10857000A23103F1804303F5C24342F8313094F94C
:108580003510236AA2315B6902EBC10244335360A8
:108590005DE700BF0060004000F00140024B18683A
:1085A00008B1FFF7EBBE7047EC38002010300DF03B
:1085B0004FBD00BF10B5837D04469BB1012B04D095
:1085C000E3889B0709D5E06A10BD03212046FFF729
:1085D000E1FDE38823F00203E380192008F00AF9A3
:1085E000E06A10BD0221FFF7D5FDE288A37D22F0ED
:1085F0000202E280E2E700BF10B5044609F014F879
:1086000040B9217B636A044A03FB01F3A2FB032305
:10861000DB0BA36210BD00BF81808080C16070470A
:10862000C068003018BF0120704700BF03207047AA
:10863000806B07EE900AF8EEE77A17EE900A704723
:108640000F4B03F10802383310B50446C0E900238C
:108650002C300DF0C3FF04F128000DF0BFFF04F132
:1086600024000DF0BBFF04F120000DF0B7FF054B17
:1086700063600023201D638107F00EFD204610BDBE
:10868000505E0400BC700400A0F10400FFF7D8BFE6
:1086900010B50446FFF7D4FF20461CF0B1FB20467E
:1086A00010BD00BFA0F10400FFF7F2BFF0B5274BEB
:1086B000044627482181002583B0C4E90003658171
:1086C000201D174607F078FC224B2360303363608F
:1086D0002A4604F11000012108F0CCF904F1240627
:1086E00001224FF4007104F120000DF04DFF3046DF
:1086F0000DF044FF04F128000DF040FF294604F17D
:108700002C0001220DF040FF00234FF40071E365BF
:1087100001226164E560C4E90C55A56401A80DF06F
:1087200033FF01A930460DF061FF01A80DF056FF9F
:10873000094AE263AF424FF000032046C4E91555F1
:10874000C8BFA763A4F8403003B0F0BDBC700400FC
:10875000DC740400585E040000C07F44036B1BB14E
:10876000438943F004034381704700BF43895B079B
:1087700070B50446056B5FD4A16A2B46081D002B1B
:1087800066D0503323634A88024493421DD3D1ED0F
:10879000037A2063F5EEC07AF1EE10FA0EDB0026C4
:1087A000AD1B18BF0125266304F12C0104F128003C
:1087B0000DF01CFFC4E91566284670BD04F11000D9
:1087C00008F0BEF90028EADC236B93ED027ADFEDB6
:1087D000227A19685A682265B5EEC07AF1EE10FA6D
:1087E00048BFB1EE477AC7EE276A0020E164A06572
:1087F00003F13C0504F16001D4ED0E7AF8EEE77A5E
:1088000067EEA67AFDEEE77AF8EEE76AC4ED157A30
:10881000DA699861012AB8BF012207EE902AB8EE02
:10882000E77ADA61C6EE877A14339D42E1EC017A89
:10883000EED10025284670BD0023036300F12C0112
:1088400028300DF0D3FEA16A236B081D002B98D1B0
:108850002063034697E700BF00007A4438B50D4611
:108860000446FDF747F92B685B884F2B1AD904F1B2
:10887000100008F009F9294604F128000DF0B6FEB1
:108880002046FFF773FF638913F0010501D0002034
:1088900038BDE068026843F00103638113689847BC
:1088A000284638BD6FF47A7038BD00BF2DE9F04F0F
:1088B0002DED068B8846D1E9151C8DB008F12003FB
:1088C0009FEDB78ADFEDB7AA9FEDB7AA0290049398
:1088D000002762468A4231D0B8F80A3013F0040308
:1088E0002CD107938A423FDBB8F80A309B0740F14E
:1088F0001D81079B002BEDD0002F00F04581D8EDA6
:108900000F7AB8F84020B6EE007A67EE877A4F45C6
:10891000FCEEE77A17EE903A43EA02039BB203D2E9
:1089200027F8023B4F45FBD3049902980DF04EFE09
:1089300002980DB0BDEC068BBDE8F08F4046FFF706
:1089400015FFD8F85410B8F80A30002940F08C8090
:10895000002840F08D805A0700F18C80D8F858200C
:1089600001238A420793BFDA002F00F0E28008ABB0
:10897000019308F16003039308F16C0BD8ED136ABF
:1089800098ED0E7AD8ED0F8AD8ED147AD8F83030F9
:10899000039C019D66EE886AB8EEC77A68EEA78AE6
:1089A00086EE879A68EEAA8AF0EE4A9AE8EECA9AAC
:1089B0009E69D869F4EC017A07EE106AB8EEC77ABE
:1089C000013867EE277A8642FDEEE77A03F1140359
:1089D000E5EC017A08BF45F8041CA345E8D1DDE9C0
:1089E00008540A9BAC42A8BF2C469C42A8BF1C4618
:1089F00013469C4255DD4F4596D0D8ED177AD8F8EE
:108A00003030FDEEE77AD3E9032017EE901A904755
:108A100007EE900AB8EE677AF0EE696AE8EE876AC8
:108A2000D8F85820B8F84010D8ED177ABCEEE67A9E
:108A300079EE277A17EE100AF4EEC87A531C084331
:108A4000F1EE10FA27F8020B1A46C8ED177AC8F8AB
:108A50005830CEDD77EEC87AF4EEC87AF1EE10FA2F
:108A6000F8DCC8ED177AC4E713F0040271D008B13E
:108A7000C8F8347023F00402A8F80A200123052264
:108A8000B8F80810C8F8482008A81A460DF048FAA7
:108A900008F1100008F030F801230793D8E9151207
:108AA00020E7AB424FF00004BA46CDF8149008D04E
:108AB000651C032D2C4630D0019951F82550AB424E
:108AC000F6D14FEA840909EB0406D8F83070B100FA
:108AD00007EB010EDEE906C6651C0691B44505EB01
:108AE000850107EB81014046E3DADEF81460002ED1
:108AF00048D0B047D8F83070069BD8F858203B448F
:108B00001E461346D6F818C04C4407EB84070CF1F8
:108B10000101032DB9612C46CED1D8F85410DDF8EF
:108B20001490994257463FF729AFE2E6002F7FF4B1
:108B3000E0AED8F8347087B1D8F820300024181D82
:108B4000C8F834405B888A4200EB0309FFF60FAF98
:108B5000CFE60792D8F85820C4E608AC0122D8F82E
:108B6000441020460DF010FD214604980DF03EFD06
:108B700020460DF033FDD8F820301F1DD8E915121E
:108B80003846DFE7651CBFE708A80DF0F7FC08A929
:108B900004980DF02BFD08A80DF020FDC4E600BFE1
:108BA000000080440000803A00000044F0B50C460C
:108BB00001F1240685B0314607460DF007FD636BD1
:108BC0006D4633B128462146FFF770FE28460DF06A
:108BD00005FD0023636304F1200130460DF006FD1E
:108BE00021462846FFF762FE28460DF0F7FCE068B4
:108BF00003681B689847A36C002B02DD013BA3644C
:108C000013B1384605B0F0BD218928460123022260
:108C10000DF086F9384605B0F0BD00BF438919B99B
:108C200023F002034381704743F0020343817047FE
:108C300001607047704700BF002928DD0378303B92
:108C4000092B26D870B40446642600204FF47A75A8
:108C50004A1E032A05D8DFE802F01315100205FBAF
:108C600003000129114606D014F8013F303B092BBF
:108C7000EED94FF0FF3070BC704706FB0300F0E701
:108C80001844EEE703EB830300EB4300E9E7002021
:108C900070474FF0FF3070470068FFF75FBD00BFBF
:108CA00038B5041E0CDB00290ADB480001300D46F4
:108CB00007F0B4F8641B20440028B8BF404238BD18
:108CC0004FF0FF3038BD00BF2DE9F04F87B00C46A4
:108CD000084601210592FFF7AFFF04210390601CB5
:108CE000FFF7AAFF04210746601DFFF7A5FF042137
:108CF000064604F10900FFF79FFF0221824604F1B6
:108D00000D00FFF799FF0421029004F11200FFF714
:108D100093FF0421814604F11A00FFF78DFF04211F
:108D2000804604F11E00FFF787FF0221049004F142
:108D30002200FFF781FF0421019004F12400FFF7D6
:108D40007BFF0421834604F12800FFF775FF04210F
:108D5000054604F12C00FFF76FFF01463046FFF790
:108D60009FFF0421064604F13000FFF765FF01462E
:108D70004846FFF795FF0421814604F13400FFF7D0
:108D80005BFF01463846FFF78BFF0421074604F1DD
:108D90003800FFF751FF01464046FFF781FF0421ED
:108DA000804604F13C00FFF747FF01465046FFF7BD
:108DB00077FF0421824604F14000FFF73DFF0146A2
:108DC0005846FFF76DFF0421834604F14400FFF786
:108DD00033FF01462846FFF763FF711C18D0B9F135
:108DE000FF3F15D07A1C13D0B8F1FF3F10D0BAF175
:108DF000FF3F0DD0BBF1FF3F0AD0431C08D0039BBF
:108E0000059A042B0AD8DFE803F07A77747107001B
:108E1000002007B0BDE8F08F6E4BD36007EE906A7C
:108E200007EE10AA049BD361F8EEE77AF8EEC76A62
:108E3000029BC2ED007AC2ED026A122B13D8DFE862
:108E400003F07A7D0A12128F8612776A776A776A40
:108E5000776A776A610007EE909AF8EEE77A5E4BE0
:108E6000C2ED087A536140F2FF339F42A8BF1F460C
:108E70009845A8BF984627EAE77728EAE87807EEFA
:108E8000907A07EE108AF8EEE77A9FED546ADFEDEC
:108E9000544A544B9362B8EEC77A87EE865A24231D
:108EA0001363019B022BC7EE065A86EEA47A07EEE7
:108EB000900AF8EEE77A82ED015AC2ED0D5A67EE9C
:108EC000277A78D0032B03D0012B66D00120A0E7AE
:108ED00007EE10BAFDEEE77AB8EEC77A424BC2ED64
:108EE000117A82ED127AD363012092E73F4BD3606F
:108EF00094E73F4BD36091E73E4BD3608EE73E4B08
:108F0000D3608BE707EE909AF8EEE77A3B4BC2ED21
:108F1000087A5361A7E73A4B5361029B083B092B40
:108F2000A1D8DFE803F0363632322E2E2A2A262642
:108F3000344B5361F1E7344B536194E707EE909A59
:108F4000F8EEE77A314BC2ED087A53618BE707EE12
:108F5000909AF8EEE77A2E4BC2ED087A536182E7D9
:108F600007EE909AF8EEE77A2A4BC2ED087A536141
:108F700079E7294B1B68136275E7284B1B6813625E
:108F800071E7274B1B6813626DE7264B1B68136262
:108F900069E7254B1B68136265E707EE10BAFDEE23
:108FA000E77AB8EEC77A214BC2ED117A019882EDCB
:108FB000127AD3632DE707EE10BAFDEEE77AB8EE2A
:108FC000C77A1B4BC2ED117A82ED127AD36301206E
:108FD0001FE700BF955D0300319A020000C07F4487
:108FE00000401C46559C02007D9A0200B15D0300C2
:108FF000655D0300915D0300795D0300D1C501004B
:10900000AD9B0200519B0200019A0200059A0200EA
:10901000159B0200D99A02006820002064200020DD
:1090200058200020602000205C2000200D9C0200C1
:10903000319C020038B50C460546364920460DF0F5
:109040000FFC002837D1344920460DF009FC60BBE5
:10905000324920460DF004FC98BB314920460DF002
:10906000FFFBA0BB2F4920460DF0FAFBA0BB2E4909
:1090700020460DF0F5FBA0BB2C4920460DF0F0FB7F
:10908000A0BB2B4920460DF0EBFBA0BB2949204695
:109090000DF0E6FBA0BB284920460DF0E1FBA0BB8C
:1090A000214628460DF0BEFB03E0244928460DF07A
:1090B000B9FB284638BD224928460DF0B3FB2846A7
:1090C00038BD204928460DF0ADFB284638BD1E4965
:1090D00028460DF0A7FBECE71C4928460DF0A2FB43
:1090E000E7E71B4928460DF09DFBE2E719492846B2
:1090F0000DF098FBDDE7184928460DF093FBD8E703
:10910000164928460DF08EFBD3E7154928460DF089
:1091100089FBCEE71C3900201039002014390020CB
:10912000F4380020083900201839002028390020A0
:10913000203900202C3900200C390020343900203F
:10914000F03800203839002004390020243900206C
:109150003C390020FC380020F8380020003900207D
:10916000303900202DE9F04182B0064668460C46B1
:109170000DF058FB694601A8FFF75CFF01A92046E6
:109180000DF05EFB01A80DF0BBFA68460DF0B8FAD1
:109190002568274BB5F90220541CA3FB0413E41ADD
:1091A00003EB5404A40904EBC40304EBC303013B25
:1091B0009A4202D002B0BDE8F08104EB84073F017F
:1091C0003946012268460DF0DFF9009B0433F4B103
:1091D0002C1D1F44C4F1490801E049342B461A46AE
:1091E0002146304603F15005FFF76EFD08EB0403FE
:1091F00038B1BD420BD0002BEFDD94F848302C2B5A
:10920000EBD068460DF0EAF902B0BDE8F0813468B1
:10921000694601A80DF0DAF901A92046FFF71EFB07
:1092200001A80DF0DBF968460DF0D8F9C2E700BFE0
:109230003970E0C030B5036883B004460D46188924
:10924000114607F04BF9294601A80DF0EBFA01A9E8
:109250002046FFF787FF01A80DF052FA07F0C0FA89
:1092600003B030BDF8B5664F664D674C674E684930
:1092700038460DF079FA2A46214638461BF0C2FDE1
:10928000644F654930460DF06FFA2A462146304654
:109290001BF0B8FD614E624938460DF065FA2A466A
:1092A000214638461BF0AEFD5E4F5F4930460DF05B
:1092B0005BFA2A46214630461BF0A4FD5B4E5C4912
:1092C00038460DF051FA2A46214638461BF09AFDE1
:1092D000584F594930460DF047FA2A462146304644
:1092E0001BF090FD554E564938460DF03DFA2A4682
:1092F000214638461BF086FD524F534930460DF04B
:1093000033FA2A46214630461BF07CFD4F4E504929
:1093100038460DF029FA2A46214638461BF072FDE0
:109320004C4F4D4930460DF01FFA2A462146304633
:109330001BF068FD494E4A4938460DF015FA2A4699
:10934000214638461BF05EFD464F474930460DF03A
:109350000BFA2A46214630461BF054FD434E444941
:1093600038460DF001FA2A46214638461BF04AFDE0
:10937000404F414930460DF0F7F92A462146304624
:109380001BF040FD3D4E3E4938460DF0EDF92A46B2
:10939000214638461BF036FD3A4F3B4930460DF02A
:1093A000E3F92A46214630461BF02CFD374E38495A
:1093B00038460DF0D9F92A46214638461BF022FDE1
:1093C000344F354930460DF0CFF92A462146304614
:1093D0001BF018FD314E324938460DF0C5F92A46CA
:1093E000214638461BF00EFD30462E490DF0BCF9E3
:1093F0002A4621463046BDE8F8401BF003BD00BFB9
:109400001C3900204020002001670300F0380020B4
:10941000A45E040010390020AC5E04003439002042
:109420001C60040014390020246004003839002036
:1094300000610400F43800200861040004390020B1
:10944000E461040008390020F061040024390020A0
:109450008462040018390020886204003C3900202E
:109460001C6304002839002024630400FC38002019
:10947000B863040020390020C0630400F8380020DD
:10948000546404002C3900205C640400003900207E
:10949000F06404000C390020F86404003039002026
:1094A000446504004C6504006FF47D70704700BF94
:1094B0006FF47D70704700BF10B5036804465B6CA5
:1094C0009847236820465B68BDE81040184700BFF6
:1094D0006FF47D70704700BF6FF47D70704700BF00
:1094E0006FF47D70704700BFC08800F00500003049
:1094F00018BF0120704700BFC08800F00A0000308C
:1095000018BF0120704700BFC08810F0030018BFCB
:1095100001207047C08800F00C00003018BF012007
:10952000704700BFC088C0F3802070476FF47D7023
:10953000704700BF6FF47D70704700BF03684FF441
:109540007A729B6B02FB01F1184700BF6FF47D70CC
:10955000704700BF6FF47D70704700BF08B50368A7
:10956000DB6B9847024BA3FB0030800908BD00BFAE
:10957000D34D62106FF47D70704700BF6FF47D7043
:10958000704700BF01610020704700BF6FF47D701D
:10959000704700BF6FF47D70704700BF38B5036837
:1095A0009B6904460D46984778B1236820465B685E
:1095B0009847B5FA85F35B09984206D12368294696
:1095C0001B6820469847002038BD014838BD00BFC1
:1095D00012FCFFFF0A717047704700BF704700BF61
:1095E000406B704703684FF47A729B6B02FB01F18A
:1095F000184700BF006B704701207047806A003039
:1096000018BF0120704700BFA0F12000FFF7F6BF90
:1096100010B504461BF0F4FB204610BD2DE9184898
:10962000C38B026D9907044607D56AB1BDE8188857
:1096300023F002039BB2E383226D002AC4BF43F0F0
:109640000203E383BDE8188809F0BCF9236CB0EB92
:10965000030B61F1000CBCF1000F08BFBBF1650FFB
:10966000E38BE5D29A07E1D4E6E700BFA0F118004A
:10967000FFF7D4BF0B4B10B503F1080103F18C02C7
:10968000B03304460160826103622C300CF0A6FF07
:10969000054BA361002304F11800E38306F0FCFCF2
:1096A000204610BD30670400BC70040038B50C4B78
:1096B00003F1080103F18C02B033044640F8181C92
:1096C0000260836014300CF089FF064B2360002396
:1096D0002046E380A4F1180506F0DEFC284638BDDC
:1096E00030670400BC70040002680849D26B8A42EB
:1096F00008B505D1006B064BA3FB0030800908BDFF
:109700009047034BA3FB0030800908BDF59502008C
:10971000D34D62100120704738B50E4B03F108019C
:1097200003F18C02B033044640F8181C02608360D9
:1097300014300CF053FF084B23600023E380A4F1A6
:109740001805204606F0A8FC28461BF059FB2846C1
:1097500038BD00BF30670400BC7004000D4B03F13E
:10976000080103F18C02B03310B504460160826138
:1097700003622C300CF032FF074BA3610023E3831C
:1097800004F1180006F088FC20461BF039FB204647
:1097900010BD00BF30670400BC70040070B5044603
:1097A0001A4D02811A4B2560022200254FF4807069
:1097B000E0802271A36104F118002575C4E9035506
:1097C000E5610E4606F0F8FB124B666203F10801F4
:1097D00003F18C02B0332160A261236204F12C00FA
:1097E00001224FF400710CF0CFFEE38BE26A256397
:1097F0000021043243F4804380206063A562256425
:109800002565A264E164E383204670BDC46604005C
:10981000BC7004003067040010B4C26A131D548881
:1098200000293AD01919274C826B836CA4FB0242A1
:1098300099424FEA121429D9520907EE902AB8EE3C
:10984000E77A07EE904ADFED205AF8EEE76AB7EEC6
:10985000006AD0ED137AF4EEC77AF1EE10FA4CBF3D
:1098600090F8502000221A70D0ED137A836C77EEB6
:10987000867A0133F4EEE67AF1EE10FAC8BFF0EE24
:10988000657A8B42C0ED137A8364E2D3D0E90C236E
:109890005DF8044BC0E90E237047D0E91021521A3D
:1098A00007EE902A9FED097AF8EE677A67EE877ADD
:1098B000FDEEE77A17EE901AA142D4BF5918191994
:1098C000B1E700BFA38B2EBA0000000078C2B93CFC
:1098D00010B5044609F076F8236B206403B1636B7E
:1098E000236500212046FFF797FFE38BDB0700D5B8
:1098F00010BDFCF7FFF804F120018023064A606ADE
:10990000FEF75AFAE38B0168A06243F001030A688C
:10991000E383BDE81040104700442C47B1F5806F49
:109920000DD8B1F5007F08B5C8BFC1F580618029A9
:10993000A8BF80214163FFF7CBFF002008BD6FF473
:109940007A70704708B5144BA3FB01231A0916233C
:1099500003FB02F303F1160207EE902A06EE903A9B
:10996000B8EE677A07EE901AF8EE666AF8EE677A54
:1099700037EEC77A77EEE67AB0EEC77AF0EEE77A9E
:10998000F4EEC77AF1EE10FA58BF13460363FFF7FF
:109990009FFF002008BD00BFA38B2EBA70B50C46F8
:1099A00082B005460CF0EAFDE38B9B0716D504F167
:1099B0002C06314628460CF019FE01212046FFF7FF
:1099C0002BFF01224FF4007101A80CF0DDFD01A96D
:1099D00030460CF00BFE01A80CF000FEE36A0433E5
:1099E000A36408F0EFFFA36A60641A68184613685E
:1099F0009847284602B070BDA1F12001FFF7CEBF05
:109A0000704700BF036B91ED036AD3ED007AD1ED8F
:109A1000026A91ED017A36EE676AF8EEE66AB8EE10
:109A2000C77AC6EE265AE7EE257AC0ED137A70475C
:109A3000D1ED017ADFED0F6A9FED0F7AF8EEE77A4C
:109A400038B567EEA67A0446C7EE877A0D4617EE5C
:109A5000900A17F059FD236B95ED037AD3ED007A48
:109A600006EE900A37EE677AE7EE267AC4ED137AAF
:109A700038BD00BF21C8474000003443F8B5044654
:109A80002DED028B48680D461AF018FC17F0E2FB2A
:109A9000236BD5ED037A93ED008A77EEC87A0646FC
:109AA0000F4617EE900A1AF01BFC32463B461AF09E
:109AB0006FFC064618EE100A0F461AF011FC02461B
:109AC0000B46304639461AF0ADFA1AF059FFBDEC94
:109AD000028BE064F8BD00BFD1ED017A9FED0C7AF6
:109AE000F8EEE77A38B567EE877A044617EE900A03
:109AF0000D4617F009FD236B95ED037AD3ED007A3F
:109B000006EE900AE7EE267AC4ED137A38BD00BF60
:109B100034FA8E3CD1ED017A9FED0C7AF8EEE77ABB
:109B200038B567EE877A044617EE900A0D4617F0AF
:109B30009FFC236B95ED037AD3ED007A06EE900A35
:109B4000E7EE267AC4ED137A38BD00BF34FA8E3CB6
:109B50002DE9F041D1F80C804F68D8F8046097FBEC
:109B6000F6F407EE904AF8EEE77A036B2DED028BE0
:109B7000054617EE901A4FF0804093ED008A18F0DA
:109B800017F9D8F8003007EE900A06FB147428EE97
:109B9000277A03EB8404BDEC028BD4ED007A67EEE8
:109BA000877AC5ED137ABDE8F08100BF2DE9F04159
:109BB000D1E90134D1F80C80026BD8F80470013C73
:109BC000E41A94FBF7F507EE905AF8EEE77A2DEDDC
:109BD000028B064617EE901A4FF0804092ED008AF5
:109BE00018F0E6F8D8F8003007EE900A07FB1544A5
:109BF00028EE277A03EB8404BDEC028BD4ED007AC7
:109C000067EE877AC6ED137ABDE8F0814B684BB1F9
:109C1000DB0790ED137AD1ED037A04D567EE877AEE
:109C2000C0ED137A7047C7EE276AC0ED136A70471C
:109C30004B684BB1DB0790ED147AD1ED037A04D574
:109C400067EE877AC0ED147A7047C7EE276AC0EDD9
:109C5000146A7047036B91ED036AD3ED017AD1ED7D
:109C6000026A91ED017A36EE676AF8EEE66AB8EEBE
:109C7000C77AC6EE265AE7EE257AC0ED147A704709
:109C80000220704701EB810100EB41001430704766
:109C900082B070B50C4684B005464968206802ACB5
:109CA00003C4039908AC481084E80C00CB0745BFF7
:109CB0002A58029B029CD4580AAB2E1893E8030042
:109CC0008DE8030008AB0CCB3046A04704B0BDE8DC
:109CD000704002B0704700BF2DE9F04103681B4E91
:109CE0001B690F88B34204460D4626D11E300388F7
:109CF000BB4201D0BDE8F0816B89012BFAD9A9895B
:109D0000A06861820368DB699847A06803681B6AE2
:109D1000984723681B692546B34225F8120F0FD1D7
:109D200004F11E06204601F013FB2A4601460223D9
:109D30003046BDE8F04100F035B901219847D6E73B
:109D40000121204698470646ECE700BF859C0200AB
:109D500010B50446806807F0C9FAA081A06807F032
:109D6000CDFAE081A06807F0D1FA208210BD00BFD3
:109D700082B070B504A981E80C00044601F0FAFA3B
:109D800018B9BDE8704002B070472046FFF7E0FF09
:109D900023680C4A1B69934204F10C060DD104F1AF
:109DA0001405204601F0D4FA324601462846BDE8A3
:109DB0007040062302B000F009B900212046984700
:109DC0000546EEE7859C02002DE9F041044682B08D
:109DD0000E46154610309846BDF828700CF0C0F8B5
:109DE0002680658018201BF012F808AB054693E822
:109DF00003006A4682E803002E4603CA46F80C8B2D
:109E00000023084AEB6047F0020773606860204651
:109E1000A780A560E360C4E90833A9606A6102B065
:109E2000BDE8F081919C020070B5044686B0FFF752
:109E30008FFFA06803681B6A9847144A144B60821E
:109E4000049328200023166805931AF0E0FF06AB60
:109E5000054613E90300C0228DE803002346029261
:109E6000052128460122FFF7AFFF336830465B68C3
:109E70002946984708B906B070BD284606F06EFF1F
:109E8000284606B0BDE870401AF0BABF003B00207B
:109E9000719D020070B5044684B0154601F09AF930
:109EA0001E4B2360A56004F1140000F075F8002536
:109EB00004F11E0000F070F820461949C4E903556A
:109EC00001F0A6F9204640F2537101F0B5F90926D8
:109ED0000622294604F10C032046CDE90126009212
:109EE0004CF64B2201F0B8F902220521CDE90121FF
:109EF0002046009204F112034FF62432012101F0B2
:109F0000ABF9204601F036FA28B1064B1B6813B1B5
:109F10002046FFF789FF204604B070BDC0680400EA
:109F2000A46A0400003B0020024B1B680BB1FFF742
:109F30007BBF7047003B002010B5114B1C6890B0F0
:109F4000C4B1C9B90F4ACDE9042104AA034692E875
:109F5000030010228DE8030002920521012206A8C9
:109F6000FFF732FF236806A99B682046984706A89A
:109F700006F0F4FE10B010BDFFF756FF10B010BD94
:109F8000003B0020719D02000021FFF7D5BF00BFFC
:109F9000ACDF7047AEDF7047002202810260426092
:109FA000704700BF10B582B00C4601920188ADF831
:109FB0000030204600236A46ADF80230FFF7E8FF84
:109FC000B0FA80F0400902B010BD00BFF0B54FF606
:109FD000FF7487B0A142ADF8063032D00389DB07A9
:109FE000054616460C4600880FD4BDF8063002AA76
:109FF000ADF808300146002320460396ADF80A303C
:10A00000FFF7C6FF184607B0F0BD02AA01230027DC
:10A010000DF1060CADF808001146204605968DF8A6
:10A020000A30ADF80C70CDF810C0FFF7B3FF002870
:10A03000E8D00499BDF806300988994201D02888F3
:10A04000D6E7002007B0F0BDF0B54FF6FF7487B03B
:10A05000A142ADF8063031D003899B07054616466C
:10A060000C4600880FD4BDF8061002AA0023ADF8F4
:10A070000810014620460396ADF80A30FFF788FF26
:10A08000184607B0F0BD02AA4FF0020C0023ADF84D
:10A0900008000DF106071146204605968DF80AC006
:10A0A000ADF80C300497FFF775FF50B10499BDF877
:10A0B00006000988884201D12888D7E7002007B028
:10A0C000F0BD012007B0F0BD72DF704773DF70474D
:10A0D00074DF704776DF704777DF704778DF70474F
:10A0E0007ADF70478FDF704769DF70471321FFF712
:10A0F000F1BF00BF0B68034A0146D2560320FFF7A9
:10A10000EBBF00BF80690400094B10B5044640F85E
:10A11000143B0CF0F5FA04F110000CF0F1FA054BC9
:10A12000236000232046E38005F0B6FF204610BDE3
:10A13000786A0400BC7004002DE91848C3885A07E7
:10A1400008D41B0701D4BDE818880420BDE81848CE
:10A1500010F094BC044608F035FCA369B0EB030B87
:10A1600061F1000CBCF1000F08BFBBF5FA6F01D222
:10A17000E388E6E70021044811F098FAE38823F029
:10A1800004039BB2E380DCE7EDA0020010B54FF4BE
:10A190007A731E4C03FB01F1A4FB01318AB0002845
:10A1A0004FEA51214FF000030CBF042001201F296A
:10A1B000CDE90433CDE907338DF8100009931CDC99
:10A1C000202306930AAB1F2123F8241D10461049B3
:10A1D00000911A4601240023CDF80A30CDF806304C
:10A1E000ADF80E308DF8254010F068FD04AA6946E0
:10A1F0000848FFF769FF0AB010BDB1F5804FCABF2C
:10A200004FF4804306910693DCE700BF5917B7D19E
:10A210004C39002073230020F0B5224C95B02468FF
:10A2200001944FF6AA650024CDF80A4006460F4671
:10A23000ADF80E40ADF80C30ADF80850DBB105AD0F
:10A240009446214628463C22CDF810C01AF03AFE2A
:10A2500001AA02A8062101230F908DF817100A9277
:10A2600039462A463046ADF824308DF84030FFF7A5
:10A270008DFF15B0F0BD05AD194628463C2204936C
:10A280001AF020FE0621012201AB8DF81710ADF85F
:10A29000242039462A4630460A93FFF777FF15B047
:10A2A000F0BD00BFF468040010B5664C002943D12E
:10A2B0002378980638D4D9062FD41A0725D45807FE
:10A2C0001DD4990713D4DA070BD45B0603D410F01E
:10A2D00099F9002010BD5C4B01211878FFF7F6FEBC
:10A2E000F5E713F027FD23785B06F0D5F3E7574B2E
:10A2F0004FF400321A602378DA07E6D5F1E7534AC3
:10A30000012151609907DED5F1E7504B4FF0007203
:10A310001A6023785807D4D5F1E74C4B01221A6014
:10A3200023781A07CBD5F0E7484B4FF400621A6048
:10A330002378D906C1D5F0E710F05EF90023237029
:10A3400013F010FD237810B943F0010323703F4A46
:10A350001268920348BF43F002033C4A48BF23708F
:10A360005268D00748BF43F00403384A48BF2370FF
:10A370001268910148BF43F00803344A48BF237074
:10A380001268D20748BF43F01003304A48BF237019
:10A39000126810052C4A48BF43F02003107848BFCC
:10A3A0002370FFF795FEB0B1D90719D49A071CD4D2
:10A3B000580726D419072FD4DA0639D49C0688D535
:10A3C000224B4FF40062C3F88020BFF34F8FBFF3DE
:10A3D0006F8F002010BD43F04003D9072370E5D5EF
:10A3E00013F088FC23789A07E2D5184B4FF400321B
:10A3F000C3F88020BFF34F8FBFF36F8F23785807C8
:10A40000D8D5124B0122C3F88420BFF34F8FBFF37E
:10A410006F8F23781907CFD50C4B4FF00072C3F81C
:10A420008020BFF34F8FBFF36F8F2378DA06C5D537
:10A43000064B0122C3F88020BFF34F8FBFF36F8F0D
:10A440002378BBE7144300207323002000E100E0E1
:10A450000B4B10B5044640F8143B0CF051F904F1D5
:10A4600010000CF04DF9074B23600023E3802046D9
:10A4700005F012FE20461AF0C3FC204610BD00BFB6
:10A48000786A0400BC70040038B500250E4B0360E8
:10A490000446456005F090FD0C4B2360A56004F177
:10A4A00010000CF0C7F904F114000CF0C3F90123FB
:10A4B000074AE56084F8203084F82130146013F0F6
:10A4C00095FE204638BD00BFBC700400786A0400C9
:10A4D00084390020072914D810B50B4C0B48216093
:10A4E000214611F0E3F80A4B1978FF2907D02368B9
:10A4F000084A0120D256FFF7EFFD002010BD0020D2
:10A5000010BD6FF47A70704774200020F5A002002F
:10A51000732300208069040090F8202022B9C368CA
:10A520009B0701D400F002B8012070472DE91848BC
:10A530000446042921D8DFE801F0322505030D0087
:10A540008369D3B108F03EFAE368A061C3F3400029
:10A55000BDE81888836983B108F034FAA369B0EBC9
:10A56000030B61F1000CBCF1000F08BFBBF5FA6FE3
:10A5700003D301212046FFF7CFFFE068C0F340007E
:10A58000BDE81888C3880A2243F00403C380C26070
:10A5900004F092FFE068C0F34000BDE81888022391
:10A5A000C3600120BDE8188810B5044682B012F0DF
:10A5B000CFFA204612F0DAFA2378023B062B18D89D
:10A5C000DFE803F00B19271717170400237A012B74
:10A5D00003D1144A1368013B1360134B186840B150
:10A5E00090F820302BB9C3689B0702D40321FFF7F2
:10A5F0009DFF02B010BD0C4B1B68002BF9D093F8E7
:10A600002020002AF5D1DA689207F2D40222DA601B
:10A61000EFE702A9012301F8043D608812F086F9F2
:10A6200002B010BD8039002084390020014B187819
:10A63000FFF74EBD7323002010B5044684B00123FC
:10A6400002224FF47A7168460BF06AFC94F82130CC
:10A650000BB904B010BD10F0A3FF0028F9D1034BD3
:10A6600001211878FFF732FD04B010BD73230020DC
:10A6700010B50388103B86B0462B33D8DFE803F0D3
:10A6800043583232325F3232322432323232323254
:10A69000323A323232323232323232323232323292
:10A6A0003232323232323232323232343232323288
:10A6B000323232323232323232323232323232327A
:10A6C0003232323232323400037A5BB92D4B1868A1
:10A6D00040B190F820302BB9C3689B0702D4022107
:10A6E000FFF724FF06B010BD13218088FFF7F2FCAE
:10A6F00006B010BD06A9002321F8103D8088FFF7A1
:10A70000F1FC06B010BD81884FF6FF73994206D068
:10A710001D4B1E4A1B680320D256FFF7DDFC0123A8
:10A720001A464FF47A7102A80BF0FAFB06B010BD7E
:10A73000144B18680028D5D0FFF77EFFD2E700F150
:10A740000801062268460CF053F8694601A80CF08F
:10A7500069F80C4B1C686CB101A902A80CF062F8F6
:10A7600002A904F110000CF06BF8012302A8E360C9
:10A770000BF0C6FF01A80BF0C3FF68460BF0C0FF4B
:10A7800006B010BD843900207420002080690400C8
:10A7900008B510F005FF003018BF012008BD00BF4C
:10A7A000F0B58BB00C4615461E46BDF8407001F062
:10A7B0002FF9234600950DF10E0204A901F034F99A
:10A7C000044688B90A4D2878FFF782FCBDF80E30A0
:10A7D000023B394630469BB20DF11202FFF71CFDD9
:10A7E00028780121FFF772FC20460BB0F0BD00BFB6
:10A7F0007323002010B40968BDF8044001940431AB
:10A800005DF8044BFFF7CCBF2DE9F04188B00C4652
:10A8100015461E469DF83870BDF83C8001F0F8F8EA
:10A820002346CDE900560DF10A0203A901F078F99B
:10A83000044688B90A4D2878FFF74AFCBDF80A306B
:10A84000023B414638469BB20DF10E02FFF7E4FC95
:10A8500028780121FFF73AFC204608B0BDE8F081D6
:10A8600073230020F0B5A9B06A220D460DA828492F
:10A87000284E1AF003FB0DA903A80BF0C1FB03A996
:10A8800006A80BF0B5FB05F13C0701226FF0FE03B3
:10A8900006A9CDE9003238460523642208F0D8FC29
:10A8A00006A80BF097FB0FCE06AC0FC496E8070086
:10A8B00003C422700522114606AB04A80BF0C4FCA9
:10A8C000002404A905A80BF093FB384605A9CDE99F
:10A8D00000442346224608F0F1FB05A80BF07AFB62
:10A8E0002B6821465B6A284698470534052005F009
:10A8F00081FFFF2CF4D14FF47A7005F07BFF04A8A0
:10A900000BF068FB03A80BF065FB29B0F0BD00BF9E
:10A91000F8680400646904002DE9F84F4FF0805393
:10A9200008460F46D3F864A0FDF740FE10374FF0FD
:10A93000040B4FF005084FF00109BAFBF8F308FBD0
:10A9400013A3B3FBF9F35D1C002DAAEB030A08EB7C
:10A95000880809EB89090DDD0FFA8BF60024C4F194
:10A96000040212B20134FF23314638460BF07AFB61
:10A97000A542F4D11BF1FF3BDFD2BDE8F88F00BF49
:10A98000A54B2DE9F04F1E68A44D336904460027FE
:10A9900043F0080395B03361287884F82070A761EC
:10A9A0000E469346FFF794FB39463C2205A81AF061
:10A9B00089FA06234FF0020C05AAC82101208DF860
:10A9C000173006F13C038DF814C00393FFF7DEFB4C
:10A9D00001212878FFF77AFB039808F0CFFA314677
:10A9E0002046FFF73FFF31462046FFF795FF3D46E3
:10A9F000029706F1100804F110074FF0FF0994F8D0
:10AA00002020E36812B9980740F1D58013F0010ABD
:10AA100031D1590766D49A0740F1C38013F0080A70
:10AA200000F0A9807E4904A80BF0AEFB04A905A89C
:10AA30000BF0DEFA0023CDE900331A4605A903988E
:10AA400008F03CFB05A80BF0C5FA43F6982005F08A
:10AA5000D1FE04A80BF0BEFA642005F0CBFE40F650
:10AA60008D25FBF73BFB94F82020E368002ACAD031
:10AA700013F0010ACDD06B4904A80BF085FB04A9A3
:10AA800005A80BF0B5FA0023CDE900331A4605A955
:10AA9000039808F013FB05A80BF09CFA029B002B0F
:10AAA00040F08F80A9F10409B9F1280F40F38F809D
:10AAB000B9F1FF0F029BA8BF00230293DBF800301F
:10AAC0005846DB69984728B1E36823F0010343F057
:10AAD0000403E36004A80BF07DFAE36859074FF024
:10AAE000000598D53368FF215B6A30469847236993
:10AAF000B3F90230002B76DD002521E0E3689A07E8
:10AB00006FD4FFF713FD00286DD14FF4487005F0A6
:10AB100071FE3046FDF74AFD94F8203004212046AE
:10AB2000FBB9E3689A075CD4FFF700FD00285AD10F
:10AB3000C82005F05FFE2369B3F90230AB4252DD55
:10AB400029B238460BF0B6FE002301461A464046AD
:10AB50000BF016FC94F82030042120460135002B20
:10AB6000CCD0E36803F00202002A3AD1642005F059
:10AB700041FE012543E72C4904A80BF005FB04A97D
:10AB800005A80BF035FA5346524605A9CDE900AAAF
:10AB9000039808F093FA05A80BF01CFA04A80BF030
:10ABA00019FA642005F026FE013540F68B239D42FC
:10ABB0007FF725AF55E704212046FFF7B7FCE36890
:10ABC00024E709F10409B9F1280F3FF771AF3046C6
:10ABD000FDF7ECFC029BB9F1000FD8BF534602937E
:10ABE0006CE700251AE7E36894F8205003F00202AE
:10ABF000002DB9D1002A7FF411AF04212046FFF7C0
:10AC000095FC0028ADD14FF47A7005F0F3FDE368B0
:10AC100003F00202A8E700BFC43A0020732300201B
:10AC2000D069040088690400106A040030B5044645
:10AC3000806883B020B10C4908F006FD054618B1C4
:10AC4000FBF74CFA03B030BD02AA042302F8015D01
:10AC50000549A06808F032FD28461AF0D1F8FBF744
:10AC60003DFA03B030BD00BF586A040090F82000E0
:10AC7000704700BF38B5124B054600241878FFF71F
:10AC800027FA85F8214010F073FC98B9EB696BB195
:10AC900007F098FEEB69C41A61F10005002D08BFAA
:10ACA000B4F5FA7F2CBF0120002038BD07F08AFEE2
:10ACB000E861EDE72146034810F0F8FC204638BD76
:10ACC00073230020EDA0020020B9034B186808B1DF
:10ACD000FFF7D0BF704700BF843900200238012839
:10ACE00001D90120704710B5074C206850B1C388C6
:10ACF00043F00803C38004F0DFFB2068BDE8104088
:10AD0000FFF7B8BF012010BD84390020012808D109
:10AD100038B50D4B1D6835B12846BDE83840FFF702
:10AD2000A9BF01207047094B04461878FFF7D0F9F6
:10AD300010F01EFC08B9204638BD2946044810F022
:10AD4000B5FC284638BD00BF84390020732300209D
:10AD5000EDA002002DE9704384B011F011FE1E4EEB
:10AD600030603368002B02DC04B0BDE870830DF165
:10AD700007034FF6FF70039311F0A4F84FF6FF7529
:10AD8000A842044609D1EFE7039B1B7820465BB13C
:10AD900011F098F8A8420446E6D002AA0121204604
:10ADA00011F060FA0028EFD007F00CFE40F2E73413
:10ADB00080468946002511F0BDFD09E007F002FE3E
:10ADC000B0EB080261EB09039D4208BF9442CBD36C
:10ADD0003368002BF2D1C7E7803900202DE9F04F0E
:10ADE000C488ADB014F480549DF8DC9002D02DB02E
:10ADF000BDE8F08F0DF1B00B1E46369B8360C0E9B5
:10AE0000064401920F4605460FF092FB13F07CF8C2
:10AE10004BF8A04D0FF01CFE12F0CCFE594601205D
:10AE200012F0F6FFA04B05F1140A19681CA80BF0EC
:10AE30009BFC1CA950460BF003FD1CA80BF060FC0A
:10AE40000DF12008994906A80BF08EFC9849404660
:10AE50000BF08AFC06AA51460AA80BF013FD3A46ED
:10AE60000AA90DA80BF00EFD42460DA91CA80BF077
:10AE700009FD1CA950460BF0E3FC1CA80BF040FC9C
:10AE80000DA80BF03DFC0AA80BF03AFC40460BF075
:10AE900037FC06A80BF034FC6A690C94101DCDE950
:10AEA0000A40C4F30721022767F301018DF8291036
:10AEB0005188ADF830105088ADF832000AA9049AD4
:10AEC0004120FFF711F9584612F0ECFF2046FFF73A
:10AED00005F903224FF0000362F306130721102245
:10AEE00006948DF81C408DF819108DF818308DF8E7
:10AEF0001A2011F0BDFC06A811F000FD6D4811F0FC
:10AF0000E1FC6D4AADF824404FF4C8734046089206
:10AF1000ADF82630FFF7E4F82146684810F032FD1E
:10AF2000B9F1000F40F0A98005AC654B1C931CA83B
:10AF300013F0B6F87C2019F06AFF3246AB68294658
:10AF400001F016FF584B1CA819680BF00DFC5D4969
:10AF50000DA80BF009FC0DAA1CA920460BF092FCD1
:10AF60000DA80BF0CDFB1CA80BF0CAFB4022002162
:10AF70001CA819F0A7FF544B18681D9001238DF8E9
:10AF8000AC3010B119F0DAFF80B2059BADF870005B
:10AF9000181D1F90002800F0828019F0CFFF83B2A7
:10AFA000019AADF8783010680430219010B119F092
:10AFB000C5FF80B2454BADF880001868239010B1F2
:10AFC00019F0BCFF80B2424BADF88800186825909C
:10AFD00010B119F0B3FF80B23E4BADF89000186885
:10AFE000279000285DD019F0A9FF83B21CA8ADF806
:10AFF000983013F0FDF9502019F009FF3246294628
:10B0000000F0A2FE2846FFF7A5FE3C2200210DA875
:10B0100019F058FF062602230DAA322101208DF8CF
:10B0200034308DF83760FFF7B1F831462846FFF726
:10B0300051FA4FF4A036032200234FF4F0210DA85B
:10B04000CDE91033CDE912338DF84020CDE90E6102
:10B05000CDF8348010F022F91F4B012185F8211022
:10B060001878FFF733F8EB8843F480532046EB80E1
:10B070000BF046FB2DB0BDE8F08F11F081FC0328EA
:10B0800005AC7FF752AF22461CAB0DA90DF10E00A7
:10B0900011F0A2FCBDF8140011F094FC45E7034642
:10B0A0007EE70346A2E700BF70200020646A040028
:10B0B000686A0400A9A50200080010006C3900208D
:10B0C000C9AC02006C6A04004439002040390020F9
:10B0D0006C200020483900207323002041F2010336
:10B0E000984216D00DD944F20103984206D044F29A
:10B0F000020398420AD14820F6F778BB4920F6F7B8
:10B1000075BB012802D14620F6F770BB4A20F6F73E
:10B110006DBB4720F6F76ABBA8DF7047B0DF70470A
:10B1200062DF7047704700BF8B79012B05D0022B7F
:10B1300002D10368DB6A1847704703689B6A1847A7
:10B140000368034A9B68934200D170470631184751
:10B1500025B1020070B50B88502B044631D01AD8A7
:10B16000102B26D0112B14D10368194DDA69AA428D
:10B170002BD100252E4605E023681B6998472368DC
:10B1800006810135DB6820469847A84229462046BB
:10B19000F2DC012070BD512B06D0532BF9D103688E
:10B1A0001B6B9847012070BD03685B6A98470120BC
:10B1B00070BD0368064A9B699342EAD09847012014
:10B1C00070BD03681B6A9847F9E790472368D0E78A
:10B1D00025B1020010B5064B03600023044603713D
:10B1E000C38000F0CDF9214600F0D8F9204610BD0B
:10B1F000BC6A040010B5054B0360044600F0C0F9BA
:10B20000214600F0DBF9204610BD00BFBC6A0400F7
:10B2100010B584B010310DF1FF330DF10F0411F8AA
:10B22000012D03F8012FA342F9D1011D6846FFF754
:10B2300077FF04B010BD00BF00B583B00379ADF84F
:10B240000410821D01A901208DF80630FFF764FF6C
:10B2500003B05DF804FB00BF2DE9F04788B0054658
:10B26000BDF84060BDF84470BDF84840924688463D
:10B270001E2200210DF10200994619F023FEBB1B8E
:10B2800018BF01232A79ADF800A0E107ADF80470DA
:10B290008DF80C30ADF80660CDF808908DF80220DE
:10B2A00005D59DF80D3043F002038DF80D30A2074F
:10B2B00005D59DF80D3043F004038DF80D3063077C
:10B2C00005D59DF80D3043F008038DF80D302707A4
:10B2D00005D59DF80D3043F010038DF80D30E606CE
:10B2E00005D59DF80D3043F020038DF80D30A006F4
:10B2F00005D59DF80D3043F040038DF80D30610603
:10B3000005D59DF80D3043F001038DF80D30E205B1
:10B3100044BF01238DF80F30A30544BF01238DF8EE
:10B3200010302B68EC881A69012341468DF81130E2
:10B330008DF812308DF813308DF814302846904770
:10B3400069460246204610F0DDF908B0BDE8F087F6
:10B3500000B58DB001A810F04DF9019B23B1BDF8E7
:10B3600008000DB05DF804FB4FF6FF700DB05DF8FE
:10B3700004FB00BF08B510F013F9003018BF01201E
:10B3800008BD00BF03682DE9F041DB6806460D46A5
:10B3900090469847071E1BDD00240BE04388AB4214
:10B3A0001ED08388AB4221D0C388AB4224D0013465
:10B3B000A7420DD0336821461B6930469847038861
:10B3C000AB42EBD1012388F800302046BDE8F08184
:10B3D00000234FF0FF3488F800302046BDE8F081AC
:10B3E000022388F800302046BDE8F081032388F866
:10B3F00000302046BDE8F081042388F80030204664
:10B40000BDE8F08130B583B00C460DF10702C98864
:10B410000546FFF7B7FF011E08DB9DF807202B68E4
:10B42000032A05D01B680B4A93420ED103B030BDEE
:10B43000228A022AF6D11B6928469847E17CA27C21
:10B440002B6842EA01220281ECE7A11D28469847B9
:10B4500003B030BD25B10200F0B58BB00C460DF144
:10B46000070209890746FFF78DFF002819DB9DF8C1
:10B470000730E689012293428DF8082013D09DF809
:10B480000E20A088ADF81060002363F3000202A92B
:10B490008DF80E20ADF80C30ADF812300593FFF7A3
:10B4A0003DFE0BB0F0BD3A681F4952682089ADF8E7
:10B4B0001A6000258A428DF81C308DF81D30ADF8D9
:10B4C00018000895ADF8245015D12A462F46294674
:10B4D0009DF80E50ADF80C1063F30005A088ADF890
:10B4E000106002A9ADF8127005928DF80E50FFF7AA
:10B4F00015FE0BB0F0BD384606A990479DF81C30EC
:10B500004BB99DF81D30BDF81A60BDF82470089A3B
:10B510004FF48171DCE729469DF81D30BDF81A60B3
:10B52000BDF82470089AD3E725B1020000B583B0B6
:10B5300009890DF10702FFF725FF03B05DF804FB51
:10B54000F8B50E4C26689EB13368002B0FDD074618
:10B550003546002402E03368A34208DD55F8040FA5
:10B56000036839465B69984701340028F3D1F8BD78
:10B57000542019F04CFC20600660F8BD883900208A
:10B5800010B5054C206800B110BD542019F03FFCE7
:10B5900000232060036010BD8839002038B503689F
:10B5A000132B04460D4603DD1420FAF7A1FD236892
:10B5B00004EB830201335560236038BDF0B40668A4
:10B5C000002E0DDD4368994226D0041D002204E0C0
:10B5D00054F8045F8D4205D01A46531CB342F7D18C
:10B5E000F0BC70470232B24213DA551C5C1C03EB0C
:10B5F000060C00EB850500EB8404ACEB020C19464D
:10B60000013155F8047B44F8047B6145F8D1B21A46
:10B6100013440360F0BC704701220023E3E700BF3E
:10B6200002207047013101EB810100EB41007047BE
:10B6300082B070B50C4684B005464968206802ACFB
:10B6400003C4039908AC481084E80C00CB0745BF3D
:10B650002A58029B029CD4580AAB2E1893E8030088
:10B660008DE8030008AB0CCB3046A04704B0BDE822
:10B67000704002B0704700BF82B070B504A981E885
:10B680000C000546BDF81240FFF774FE28B1022CED
:10B690001ED0012C29D0052C03D0BDE8704002B08B
:10B6A00070472C46022304F8083F2B681D4A1B698B
:10B6B000934230D105F10A062846FFF749FE22469B
:10B6C00001463046BDE87040012302B0FEF77EBC63
:10B6D0002C46002104F8081F2B68124A1B6993426C
:10B6E000E8D0284698470646E6E72E460D4A06F873
:10B6F000084F2B681B6993420FD105F10A042846B5
:10B70000FFF726FE324601462046BDE87040012381
:10B7100002B0FEF75BBC0021E3E700212846984712
:10B720000446ECE725B6020082B070B504A981E8B2
:10B730000C000546BDF81240FFF71CFE28B1022C94
:10B740001ED0012C1FD0052C03D0BDE8704002B0E4
:10B7500070472C46022304F8093F2B681A4A1B69DC
:10B76000934226D105F114062846FFF7F1FD224643
:10B7700001463046BDE87040012302B0FEF726BC0A
:10B780002C460023E7E72E460F4A06F8094F2B68A0
:10B790001B69934212D105F114042846FFF7D8FD26
:10B7A000324601462046BDE87040012302B0FEF754
:10B7B0000DBC0121284698470646D5E72146284674
:10B7C00098470446E9E700BF25B602002DE9F0419D
:10B7D000044682B00E46154610309846BDF82870D3
:10B7E0000AF0BEFB26806580182019F010FB08AB1C
:10B7F000054693E803006A4682E803002E4603CA22
:10B8000046F80C8B0023084AEB6047F00207736090
:10B8100068602046A780A560E360C4E90833A9609A
:10B820006A6102B0BDE8F08131B602002DE9F04353
:10B8300085B0BDF838803BB30C9C14B30F2902D1FE
:10B84000B8F1C00F20D1064628201C460D461746E9
:10B8500019F0DDFA0CAB814693E803003A468DE817
:10B86000030023462946CDF808804846FFF7AEFF7F
:10B87000336849465B683046984740B905B0BDE833
:10B88000F0830D9CE407D9D46FF47A70F6E748464C
:10B8900005F064FA484619F0B3FA0148EEE700BF34
:10B8A00016FCFFFF2DE9F041324F3E6894B0002EA8
:10B8B00036D00C460546304B002934D1CDE908314D
:10B8C00008AB93E803004FF0100822468DE8030010
:10B8D0002B460121CDF808800AA8FFF777FF3368CF
:10B8E0000AA99B68304698470AA805F037FA234B07
:10B8F0003E68CDE9063406AB93E8030022468DE8A6
:10B9000003002B460221CDF808800AA8FFF75EFF4E
:10B91000336830469B680AA998470AA805F01EFAC2
:10B9200014B0BDE8F08100240493059404AB93E8BF
:10B9300003004FF010088DE8030022462B463046E6
:10B94000CDF808800121FFF771FF0C4B3E68CDE96F
:10B950000A340AAB93E8030022468DE80300CDF8D1
:10B9600008802B4630460221FFF760FF14B0BDE887
:10B97000F08100BF003B002079B6020029B7020029
:10B98000F0B5044685B0FFF725FC20461A4B40F879
:10B990000A3BFEF701FB002704F11400FEF7FCFA56
:10B9A000204616492781FFF733FC0125092620464A
:10B9B00049F68201FFF740FC394604F108032046AE
:10B9C0004DF69022CDE901560095FFF745FC204643
:10B9D000CDE901560095A31929464DF69122FFF7AE
:10B9E0003BFC2046FFF7C6FC18B129462046FFF76E
:10B9F00059FF204605B0F0BDF86A0400A46A0400AF
:10BA00000121FFF74FBF00BF0021FFF74BBF00BF71
:10BA100010B5044C206800B110BD012019F0F7F9F1
:10BA2000206010BD8C3900202DE9F04F89B0002531
:10BA3000009215809DF94820ADF81C50CDE90355C2
:10BA4000CDE905550192002B63D01E781C46002ECF
:10BA50005FD0DFF8C880894658F8047B384619F073
:10BA60006DFA394683460246204619F06FFA0028DF
:10BA700049D00135042DEFD100270EB3112F1FDC63
:10BA800007F1FF3803AB26469844234D002402E01B
:10BA900001340E2C2DD055F804AB504619F04EFA57
:10BAA000514683460246304619F050FA0028EFD13D
:10BAB0005E440137337808F8014F0BB1122FE4D1FF
:10BAC000019A89F80320AA23FE2289F80030102366
:10BAD00089F8012089F802303A4603A909F10400E7
:10BAE00019F0CCF9009B04371F80002009B0BDE895
:10BAF000F08F344608AB3B4414F8012B767803F8FA
:10BB0000142C0137B9E75C448DF80C5026780127D6
:10BB1000B3E76FF47A70E9E78820002078200020EE
:10BB20002DE9F04184B00026174616809DF92CC0FF
:10BB30000A9A4BB342B31868B3F80880D2F800E011
:10BB400092880D46596885F803C06B4603C36C465E
:10BB5000A3F80080CDF80AE0ADF80E200FCC4FF02E
:10BB6000AA084FF0FE0E4FF0140CAE70686085F816
:10BB7000008085F801E0A960EA602B61A7F800C0A9
:10BB8000304604B0BDE8F0816FF47A76F8E700BF84
:10BB90000420704701EB810100EB41002630704723
:10BBA00082B070B50C4684B005464968206802AC86
:10BBB00003C4039908AC481084E80C00CB0745BFC8
:10BBC0002A58029B029CD4580AAB2E1893E8030013
:10BBD0008DE8030008AB0CCB3046A04704B0BDE8AD
:10BBE000704002B0704700BF10B5074B074A0360B2
:10BBF00000238260C3810446083004F04DFA2046D9
:10BC0000FFF7F8FA204610BDD46B0400BC700400A6
:10BC100010B5084A084940F8082C00220160C2808B
:10BC2000A0F1080404F038FA2046FFF7E3FA2046B2
:10BC300010BD00BFD46B0400BC70040010B5094BEC
:10BC4000094A036000238260C3810446083004F07F
:10BC500023FA2046FFF7CEFA204619F0D1F8204605
:10BC600010BD00BFD46B0400BC70040010B5094ABD
:10BC7000094940F8082C00220160C280A0F10804A4
:10BC800004F00AFA2046FFF7B5FA204619F0B8F892
:10BC9000204610BDD46B0400BC7004000368124A37
:10BCA0001B69934270B504460D460E8816D130309C
:10BCB0000388B34200D070BD2069A18C03684A1C80
:10BCC000DB68A284984704F11C0350B102884188C4
:10BCD000A2830422E183AB60AA8170BD0121984751
:10BCE000E6E7AB60A88170BD95BB020082B070B57D
:10BCF00004A981E80C000446FFF73CFB18B9BDE835
:10BD0000704002B0704723680E4A1B69BDF81000EE
:10BD1000BDF812102083934261830ED104F12605F1
:10BD20002046FFF715FB04F1180201462846BDE83E
:10BD30007040042302B0FEF749B90021204698471D
:10BD40000546EDE795BB02002DE9F043044685B0BA
:10BD5000154600F10809FFF73DFA314BA3600023B7
:10BD6000E360484604F028F92E4B256103F14802B0
:10BD70002360A26004F1260504F14E0628460A3528
:10BD8000FEF70AF9AE42F9D10026A04666612662A6
:10BD900058F8200FE0612746234957F81C0FA0618F
:10BDA000A6842046FFF734FA204649F2AF31FFF768
:10BDB00043FA0425092204F118033146CDE9015262
:10BDC0002046009549F27572FFF746FA0623029362
:10BDD000204604F11403CDE9005545F20442022146
:10BDE000FFF73AFA43462046CDE90155009542F265
:10BDF000C4320321FFF730FA40F209123B460292A7
:10BE000001214BF64C022046CDE90055FFF724FAFC
:10BE1000484603F051FB204605B0BDE8F08300BF63
:10BE2000BC700400D46B0400A46A04002DE9F04146
:10BE3000044682B00E46154610309846BDF828706C
:10BE40000AF08EF826806580182018F0E0FF08AB15
:10BE5000054693E803006A4682E803002E4603CABB
:10BE600046F80C8B0023084AEB6047F0020773602A
:10BE700068602046A780A560E360C4E90833A96034
:10BE80006A6102B0BDE8F081A1BB02002DE9F04F6C
:10BE900003683D4D1B694F89B1F80090AB428BB0F0
:10BEA00006460C4601F10C0866D13A3003884B4532
:10BEB0000DD03368B4F800901B69AB425FD106F136
:10BEC000440003884B4519D00BB0BDE8F08F032F19
:10BED000FADD3D1F25F0030508F10808454410343C
:10BEE00034F8022C34F8041C012306A804340AF0A8
:10BEF00017F8A542F4D10BB0BDE8F08F032FE3DDB6
:10BF0000043F27F0030708F10805DFF880B03D443F
:10BF100010344FF0000A01E0AC42D5D034F8047C74
:10BF200034F8022CD6F8108005920F2F4FF028001D
:10BF3000CDE906BA04F10404EED018F068FF06ABB0
:10BF4000814693E8030010238DE8030002933946ED
:10BF50003346059A4846FFF769FFD8F8003049464E
:10BF60005B68404698470028D6D0484604F0F6FE65
:10BF7000484618F045FFCFE70221984796E703218E
:10BF8000304698479DE700BF95BB0200EDBC02001C
:10BF900030B591B00446FFF7EDF908B9A38C0BB9A1
:10BFA00011B030BD0D4B2569CDE9043004AB02461C
:10BFB00093E803001023A2848DE803000293114646
:10BFC000234606A8FFF732FF2B6806A99B68284680
:10BFD000984706A804F0C2FE11B030BDEDBC0200C7
:10BFE000A0F10800FFF7D4BF0420704701EB8101E6
:10BFF00000EB41005230704710B5074B074A036011
:10C0000000238260C3810446083004F045F82046CE
:10C01000FFF7F0F8204610BD406C0400BC7004002F
:10C0200010B5084A084940F8082C00220160C28077
:10C03000A0F1080404F030F82046FFF7DBF82046B2
:10C0400010BD00BF406C0400BC70040010B5094B6B
:10C05000094A036000238260C3810446083004F06B
:10C060001BF82046FFF7C6F8204618F0C9FE204608
:10C0700010BD00BF406C0400BC70040010B5094A3C
:10C08000094940F8082C00220160C280A0F1080490
:10C0900004F002F82046FFF7ADF8204618F0B0FE95
:10C0A000204610BD406C0400BC7004002DE9F84F20
:10C0B0000368BC4F1A690E88BA4204460D4640F028
:10C0C00042815C300288B24200F0F6801A692E8804
:10C0D000BA4240F0338104F152000288B24200F0CB
:10C0E000A3801B692E88BB4240F0E28004F1660009
:10C0F0000388B34258D023682E881B69BB4240F0A6
:10C10000438104F170000388B34201D0BDE8F88F89
:10C11000B5F80A80B8F1010FF8D9A8F1020805F1C5
:10C120001003C8F34E0803EB48080E354FF0010921
:10C130000C2716E0122B94BF18221346206915F81D
:10C14000011C98BF12FB037203EB430300EBC30314
:10C1500088BF0C22DB6810441B6898470235A8454D
:10C16000D4D015F8023CA16909FA03F21140F5D1C7
:10C1700060690240DED0122B9ABF182010FB0372B8
:10C180000B46206915F8011C03EB430300EBC303C6
:10C1900088BF0C22DB68FF291044DB6814BF8900CC
:10C1A00040F2FF319847D9E76A89002AAED07E4B2A
:10C1B000A3FB023AA2EB0A030AEB530A4FEA9A0ADC
:10C1C000CAEBCA03D21A92B2002A9FD11AF0FF0A10
:10C1D00091D005F10C08072313FB0A8A18E01822F6
:10C1E0000C2012FB030B206903EB4303DE008319D1
:10C1F0005844DB68DB6898472069064408F1070863
:10C20000F36849469B6B58449847C2453FF473AF67
:10C2100098F80030B8F80110D8F80390122BDED946
:10C2200000234FF00C0BDEE76A89032A7FF659AF33
:10C230002646EA6846F8142F1B69BB4240F0AD80E1
:10C2400004F152082046FFF783F8324601460423E2
:10C250004046FDF7A7FE00264FF0010909E006EB76
:10C260004602D20002F10C01002B7ED10136132EC2
:10C2700018D0D4E9052309FA06F818EA020F08EAEB
:10C280000303ECD006EB4602D20002F10C01002BB6
:10C29000ECD0206902440136D36808445B699847B2
:10C2A000132EE6D123682E881B69BB423FF41EAFD4
:10C2B0000221204698471BE76A89032A7FF606AFCA
:10C2C0002646EA6846F8182F1B69BB4260D104F184
:10C2D0005C082046FFF73CF83246014604234046FE
:10C2E000FDF760FE00264FF0010908E006EB46026C
:10C2F000D20002F10C0153BB0136132E18D0D4E941
:10C30000052309FA06F818EA020F08EA0303EDD03C
:10C3100006EB4602D20002F10C01002BECD02069A2
:10C3200002440136D36808445B699847132EE6D16E
:10C3300023682E881A69BA423FF4CDAE0021204608
:10C3400090472368C9E6012190472368BAE620692F
:10C3500002440844D3685B689847636918EA030F8E
:10C36000CAD0A36908EA0303D2E72069024408445B
:10C37000D3685B689847636918EA030F3FF476AFA8
:10C38000A36908EA03037DE7032120469847BAE63C
:10C3900001212046984780469BE700212046984788
:10C3A00080464FE7EDBF0200254992242DE9F04376
:10C3B000044685B0154600F10808FEF70BFF364B22
:10C3C000A3600023E360404603F0F6FD334B256194
:10C3D00003F148022360A26004F1520504F17A06D9
:10C3E00028460A35FDF7D8FDAE42F9D10025C4F83C
:10C3F0004A502046C4E90555C4F83E502849C4F8BF
:10C400004250C4F84650C4F84D50E561256265625B
:10C410002585FEF7FDFE04264FF00509204641F272
:10C420007B21FEF709FF294604F114032046CDE9DC
:10C430000169009645F69902FEF70EFF04F1180314
:10C440002046CDE9016900964BF6FE120121FEF768
:10C4500003FF04F11C070E223B46CDE900222046D3
:10C4600002964DF622020221FEF7F6FE40F20D1270
:10C470001423CDE90132032104F12A034FF40D42C4
:10C4800020460095FEF7E8FE404603F015F82046EA
:10C4900005B0BDE8F08300BFBC700400406C040030
:10C4A000A46A04002DE9F047002405468A46A04608
:10C4B0000C264FF001091CE04B689847C0B22B19BD
:10C4C000BAF1000F03D193F83E2082420CD005EB65
:10C4D000480208F10108B8F1090F83F83E0082F81C
:10C4E0002A4082F82B001ADC0134132C06F11806BE
:10C4F00015D0AB6909FA04F21A4204EB440CF3D0EC
:10C500002B696F6903EBCC0C3A4233441846DCF8D4
:10C510000C10D1D04A699047C0F38700CFE740465E
:10C52000BDE8F08703680D4A1B69934270B5044665
:10C530000D460E880FD170300388B34200D070BD15
:10C5400001212046FFF7AEFF0028F8D02A34400032
:10C55000AC60A88170BD03219847EDE7EDBF0200F4
:10C560002DE9F0410446FEF705FF08B9BDE8F0816A
:10C5700000212046FFF796FF0028F7D023680D4AD8
:10C580001B694000934285B204F12A070CD104F1E3
:10C5900070062046FEF7DCFE2B463A460146304642
:10C5A000BDE8F041FDF712BD03212046984706463D
:10C5B000EFE700BFEDBF0200A0F10800FFF7D0BF1A
:10C5C0000320704701EB810100EB410028307047E8
:10C5D0002DE9F84F03681B4A1B690C889342834678
:10C5E00089462CD128300388A34201D0BDE8F88FBA
:10C5F0000027BA460BF10B054FF0010805F801AF13
:10C600003EB20024DBF8080021B23246103009F0B7
:10C610003FFDC4F10403013420B12A7808FA03F382
:10C6200013432B70052CEDD10137052FE6D10BF10B
:10C630000C03C9F80830A9F80C70BDE8F88F002188
:10C640009847D0E7C5C502002DE9F0430368404C88
:10C650001B69B1F80080A34283B005460E4601F184
:10C660000C076AD12830038843451FD02B68B6F8E1
:10C6700000801B69A34263D105F132000388434562
:10C680003CD02B6837881B69A3425DD105F13C0083
:10C690000388BB4202D003B0BDE8F0837389012B4D
:10C6A00084BFB3896B8203B0BDE8F0837389013B1B
:10C6B000042BDBD8A8683C3006F060FC7389002BA3
:10C6C000E9D04FF000090FFA89F800243B78A868F8
:10C6D000C4F10402134143F3000321B2DBB2103072
:10C6E0004246013409F0BEFC052CEFD1738909F1F3
:10C6F00001094B4507F10107E5DCCCE7B6F90A2053
:10C70000394668460AF074F8A8683C3006F036FCF2
:10C71000A868694600F13C0401A80AF083F86A8A17
:10C7200001A9204606F00CFD01A809F0E9FF6846C2
:10C7300009F0E6FF03B0BDE8F0830021984792E7D7
:10C7400001212846984799E70221284698479FE704
:10C75000C5C50200F0B5044685B01546FEF73AFDA2
:10C76000234B2360A56004F12800FDF715FC04F1BC
:10C770003200FDF711FC04F13C00FDF70DFC002533
:10C78000782363822046E56025741A492575FEF7F3
:10C790003FFD20464DF61D11FEF74EFD052604F126
:10C7A0000C0740F205123B4629462046CDE90162BE
:10C7B000009647F67732FEF74FFD14220421A318A6
:10C7C000CDE9012120460092012149F2EE32FEF727
:10C7D00043FD02212046029604F11203CDE9001127
:10C7E00040F62D52FEF738FD204605B0F0BD00BFE3
:10C7F000AC6C0400A46A04000420704701EB8101C2
:10C8000000EB41001830704782B070B50C4684B020
:10C8100005464968206802AC03C4039908AC481077
:10C8200084E80C00CB0745BF2A58029B029CD458D1
:10C830000AAB2E1893E803008DE8030008AB0CCB7D
:10C840003046A04704B0BDE8704002B0704700BF5A
:10C85000F0B503681C4E1B690F88B34285B00446CF
:10C860000D4629D12C300388BB420BD023682F887A
:10C870001B69B34223D104F136000388BB420ED0BA
:10C8800005B0F0BD6B89012BF0D9AB89A3820222E0
:10C8900001230621684609F043FB05B0F0BD6B8912
:10C8A000002BEDD02B7BA375012BE9D104220621AF
:10C8B000684609F035FBE3E702219847D3E70321F7
:10C8C00020469847D9E700BFFDC7020010B50446CF
:10C8D000806804F067FEA081A06804F06BFEE08130
:10C8E000A06804F06FFEA36820821A681846536A95
:10C8F0009847A082A06804F039FE00B910BDA06876
:10C9000004F068FE608210BD70B50446806804F0D3
:10C91000E7FDA8B10323A37523680D4A1B69934261
:10C9200004F116060FD104F136052046FEF710FD7E
:10C930003246014601232846BDE87040FDF746BB5C
:10C940000223A375E8E70321204698470546ECE754
:10C95000FDC702002DE9F0410446FEF70BFD08B9C2
:10C96000BDE8F0812046FFF7B1FF2368244D1B6925
:10C97000AB4204F1140738D104F12C062046FEF72F
:10C98000E7FC3A46014602233046FDF70BFB2368DD
:10C990001B69AB4204F10C0722D104F118062046B2
:10C9A000FEF7D6FC3A46014606233046FDF70EFB5D
:10C9B000A06804F0DBFD0028D2D023681B69AB42DD
:10C9C00004F1120616D104F122052046FEF7C0FC40
:10C9D0003246014602232846BDE8F041FDF7F6BA8B
:10C9E0000021204698470646D9E70221204698476D
:10C9F0000646C3E70121204698470546E5E700BF04
:10CA0000FDC7020070B5044605468068A18A036828
:10CA10001B6A9847A06803685B6A984723680C4ABA
:10CA20001B6925F8140F93420CD104F12C06204603
:10CA3000FEF78EFC2A46014602233046BDE87040D0
:10CA4000FDF7B0BA0221204698470646EFE700BF3F
:10CA5000FDC7020082B08DE80C00BDF80230012B4A
:10CA600005D0022B09D0042B04D002B0704702B0CD
:10CA7000FFF770BF02B0FFF747BF02B0FFF7C2BFBA
:10CA80002DE9F041044682B00E4615461030984616
:10CA9000BDF8287009F064FA26806580182018F027
:10CAA000B6F908AB054693E803006A4682E803003E
:10CAB0002E4603CA46F80C8B0023084AEB6047F069
:10CAC0000207736068602046A780A560E360C4E940
:10CAD0000833A9606A6102B0BDE8F08109C80200AC
:10CAE0002DE9F04385B0BDF838803BB30C9C14B3FE
:10CAF0000F2902D1B8F1C00F20D1064628201C46CC
:10CB00000D46174618F083F90CAB814693E80300F5
:10CB10003A468DE8030023462946CDF8088048466A
:10CB2000FFF7AEFF336849465B683046984740B927
:10CB300005B0BDE8F0830D9CE407D9D46FF47A709A
:10CB4000F6E7484604F00AF9484618F059F9014852
:10CB5000EEE700BF16FCFFFF2DE9F0411D4F1E4D13
:10CB60008AB000260446FFF7B1FECDE908760AAB8D
:10CB700013E903008DE80300C022234628680292CF
:10CB800006210122FFF7ACFFCDE9067606AB93E85C
:10CB900003002A684FF010088DE803002346104672
:10CBA000CDF8088002220621FFF79AFFCDE904762E
:10CBB0000DEB080393E803002D68CDF808808DE89D
:10CBC00003002346042228460621FFF789FF0AB006
:10CBD000BDE8F08155CA0200003B002070B5044654
:10CBE00084B01546FEF7F6FA2E4BA560236004F1DB
:10CBF000180504F1400628460A35FDF7CDF9AE4286
:10CC0000F9D10025A06825610368E5605B6A984753
:10CC1000A575A08224492046FEF7FAFA4FF2D821E2
:10CC20002046FEF709FB092606232946CDE90136F1
:10CC3000022500934FF6113204F10C032046FEF753
:10CC40000BFB04F1120349F2157201212046CDE9D4
:10CC500001560095FEF700FB05232946029343F693
:10CC60006C0204F114032046CDE90055FEF7F4FAF6
:10CC700001230C22CDE901320093204604F1160372
:10CC80004BF258320321FEF7E7FA2046FEF772FB1B
:10CC900028B1064B1B6813B12046FFF75DFF204605
:10CCA00004B070BDE86C0400A46A0400003B0020DE
:10CCB000024B1B680BB1FFF74FBF7047003B0020D2
:10CCC00030B5114B1C6891B0BCB10A46B9B90F49D7
:10CCD000CDE9041204A9034603C910258DE8030019
:10CCE0000295062106A8FFF7CBFE236806A99B68DC
:10CCF0002046984706A804F031F811B030BDFFF780
:10CD00002BFF11B030BD00BF003B002055CA020010
:10CD10000021FFF7D5BF00BF0120704701EB810163
:10CD200000EB41007030704782B070B50C4684B0A3
:10CD300005464968206802AC03C4039908AC481052
:10CD400084E80C00CB0745BF2A58029B029CD458AC
:10CD50000AAB2E1893E803008DE8030008AB0CCB58
:10CD60003046A04704B0BDE8704002B0704700BF35
:10CD70002DE9F041044686B0002590461F46FEF797
:10CD800029FA2E492160C4E90287258284F854508B
:10CD9000A56504F17000FDF7FFF820462849E56518
:10CDA00025666566A566E566FEF732FA20464DF60D
:10CDB0001D11FEF741FA04F15C0614220A273346DE
:10CDC0002946CDE901272046009243F61032FEF7AE
:10CDD00043FA2820D4F8088018F019F806461030D5
:10CDE00009F0BEF829233360182018F010F8154A0E
:10CDF000CDE90425074604AA034603CA47F80C4BAD
:10CE0000DD607D6058609960D8F800200E49F560BB
:10CE100012205961B360B080C6E908555368404696
:10CE20003146984718B9204606B0BDE8F081304633
:10CE300003F094FF304617F0E3FFF4E7486D040079
:10CE4000306D040081D1020029CD0200F0B5037CD1
:10CE5000CA78934285B0054629D022D99B1A072B60
:10CE6000CCBF00240124D4B9314A2B68128804AE07
:10CE7000214626F8102D28461B6998470746284664
:10CE8000FEF766FA0223014632463846FDF79EF861
:10CE90006B7C85F854400433DBB26B742B7405B0A3
:10CEA000F0BDD31AF82BD4BF00240124DBE70A46D7
:10CEB00090F8540001332B7452F804CF030105F1AC
:10CEC0001404E01857689668D26844F803C04760B5
:10CED0008660C26095F85430012B0FD01ED3032B0F
:10CEE00018D101231A462921684609F019F86B7CEC
:10CEF000002204336B7485F85420D0E78B7849788E
:10CF0000AA6D1B0443EA016313430222AB6585F853
:10CF10005420C4E7013385F85430C0E7B1F801303C
:10CF20005BBA9BB20122AB6585F85420B7E700BF1E
:10CF30001C6D0400F0B503684F4A1B690E889342CC
:10CF400097B004460D4615D170300388B34201D026
:10CF500017B0F0BD6B89002BFAD02A7B022A17D0BC
:10CF60000BD8DAB1012AF3D105F10C012046FFF705
:10CF70006DFFEDE700219847E7E7EE2A5FD0FF2A33
:10CF8000E6D16B7B23B1012BE2D1F9F7A7F8DFE7FC
:10CF90000123292106A808F0C3FFD9E706A802F05B
:10CFA00055FC364B1A684AB9129A3AB19DF84410AA
:10CFB000032903D132481399026019606B7B8DF805
:10CFC0000530142106A803EB830201FB030316A915
:10CFD00001EB820252E90E62103303CB330E8DF85F
:10CFE00009608DF80630330C360A25688DF80D205F
:10CFF0008DF807308DF80860130C0026170E120A02
:10D000008DF80C20CDF80E00CDF812108DF80A70B6
:10D010008DF80B308DF804602B6931462046984717
:10D0200005462046FEF794F901AA01461223284638
:10D03000FCF7CCFF268284F85460A66588E7114B84
:10D04000002518688DF81A504FF4F773ADF81830B2
:10D05000FDF70CFE23688DF81A0029461B6920464F
:10D06000984705462046FEF773F90323014606AAB2
:10D070002846FCF7ABFF6BE71DCD0200903900207E
:10D08000943900208439002010B5ADF5627D01A8E7
:10D0900002F042FA4FF46072002102A817F012FF6A
:10D0A0000220012300225821039003A80A930DF0C7
:10D0B000E7FB00220290C3219AA80DF0E1FB40F6A5
:10D0C000FC7399901A68013232D04FF080521C687C
:10D0D00013691C4420464FF4607202A917F0BFFE8A
:10D0E000B0B940F6FC731C684FF4607202A9204688
:10D0F00017F0B5FE48B1214601A802F00FFA02AAC6
:10D10000214601A8E02302F03FFA0DF5627D10BD33
:10D11000214601A802F002FAE023214602AA01A852
:10D1200002F032FA40F6FC731B680133D9D10EE0ED
:10D130004FF010224FF0805394691B691C44204625
:10D140004FF4607202A917F08AFE0028E0D14FF078
:10D1500010239C69C8E700BF40F6FC731A680132CF
:10D160000ABF4FF010231A689A694FF080531B6969
:10D17000134493F8A13203B97047FFF785BF00BF8E
:10D1800082B02DE9F04383B00AA90546684681E8DC
:10D190000C0002F0C1F9BDF82A40022C56D0FF2C39
:10D1A0004BD0012C04D003B0BDE8F04302B070476F
:10D1B0004C49E86806F048FA0746002865D001AEF9
:10D1C000384617F01DFE4FF08052AC6D1169B4FB6C
:10D1D000F1F301FB13438BB9116989080ED0216863
:10D1E000013108BF201D04D04AE050F8041B013172
:10D1F00046D111690133B3EB910FF6D3214668464E
:10D2000005F11402102302F0BFF94FF601722B68EA
:10D21000ADF804201B69002128469847044628469B
:10D22000FEF796F83246014602232046FCF7CEFE72
:10D2300003B0BDE8F04302B070472B4B1868FDF710
:10D24000F5FC03B0BDE8F04302B070471023684618
:10D2500005F11402A96D02F097F9FFF715FFE868D0
:10D26000204906F025FB214B186810B1012101F07F
:10D2700049F8F8F733FF03B0BDE8F04302B0704758
:10D280002146684602F04AF9B8E702AE234606F89E
:10D29000044D174C1349E868324606F00FFA23682C
:10D2A000002B8DD0134AD2F80090994588D24FF0C8
:10D2B0008058A9F1040309F6FC7101E08B4207D004
:10D2C00053F8042F0132F9D04946684602F026F996
:10D2D000D8F81030226823F0030399449145E8D32D
:10D2E0006EE700BF206D040084390020E438002080
:10D2F00090390020943900200220704701EB810111
:10D3000000EB41001030704782B070B50C4684B01D
:10D3100005464968206802AC03C4039908AC48106C
:10D3200084E80C00CB0745BF2A58029B029CD458C6
:10D330000AAB2E1893E803008DE8030008AB0CCB72
:10D340003046A04704B0BDE8704002B0704700BF4F
:10D350002DE9F04103681A4E1B690F88B342044659
:10D360000D4624D11A300388BB4201D0BDE8F081BC
:10D370006B89012BFAD9A989E181A068F9F756FEDA
:10D38000A068F9F75BFE23681B692546B34225F8C0
:10D390000E0F0FD104F11A062046FDF7D9FF2A46D9
:10D3A000014602233046BDE8F041FCF7FBBD0121F8
:10D3B0009847D8E70121204698470646ECE700BF8A
:10D3C000FDD2020082B070B504A981E80C000446C9
:10D3D000FDF7D0FF18B9BDE8704002B07047A068F3
:10D3E000F9F718FE25460D4A05F80C0F23681B694E
:10D3F00093420DD104F110062046FDF7A9FF2A46FD
:10D4000001463046BDE87040012302B0FCF7DEBDA6
:10D410000021204698470646EEE700BFFDD20200F5
:10D420002DE9F041044682B00E461546103098466C
:10D43000BDF8287008F094FD26806580182017F04C
:10D44000E6FC08AB054693E803006A4682E8030061
:10D450002E4603CA46F80C8B0023084AEB6047F0BF
:10D460000207736068602046A780A560E360C4E996
:10D470000833A9606A6102B0BDE8F08109D30200F7
:10D4800070B5044686B08068F9F7C4FD2073A068C3
:10D49000F9F7D4FD144A154BE081049328200023AA
:10D4A0001668059317F0B3FC06AB054613E90300B5
:10D4B000C0228DE80300234602920821284601225B
:10D4C000FFF7AEFF336830465B682946984708B9D6
:10D4D00006B070BD284603F041FC284606B0BDE802
:10D4E000704017F08DBC00BF003B0020C5D3020088
:10D4F00070B5044684B01546FDF76CFE1E4B2360E4
:10D50000A56004F11000FCF747FD002604F11A00A5
:10D51000FCF742FD2673E68120461849FDF778FEA8
:10D5200020464FF4C241FDF787FE0125092231460E
:10D5300004F10C032046CDE90152009549F2502236
:10D54000FDF78AFE052602222046CDE9012600923B
:10D55000294604F10E0341F62532FDF77DFE2046F3
:10D56000FDF708FF28B1064B1B6813B12046FFF7F3
:10D5700087FF204604B070BD846D0400A46A0400D7
:10D58000003B0020024B1B680BB1FFF779BF7047CF
:10D59000003B002010B5114B1C6890B0C4B1C9B954
:10D5A0000F4ACDE9042104AA034692E803001022A1
:10D5B0008DE8030002920821012206A8FFF730FF40
:10D5C000236806A99B682046984706A803F0C6FB77
:10D5D00010B010BDFFF754FF10B010BD003B00208D
:10D5E000C5D302000021FFF7D5BF00BF022070475E
:10D5F00001EB810100EB41002430704790F82320BB
:10D600000023038480F8223002B9704700B585B04A
:10D610000123032240F2FF31684608F081FC05B087
:10D620005DF804FB2DE9F0410446FDF7A3FE18B9AF
:10D6300000263046BDE8F0812368DFF890801B6942
:10D640004345064639D104F1240003899B07EFD5F1
:10D6500094F82230E068E77C94F82110132B0744FB
:10D6600018D894F82020914205D113E094F8202096
:10D670008A420FD0E0685A1C84F82220425CFA5497
:10D6800094F82230E07C0131132B91FBF0F200FB87
:10D690001211EBD92268126942459DB211D104F1F1
:10D6A00024082046FDF754FE2B4601463A464046E4
:10D6B000FCF7CAFC3046BDE8F081002120469847BF
:10D6C000C3E70021204690478046EAE7F1D50200F3
:10D6D00030B503681B4A1B690D88934285B0044628
:10D6E0002DD124300388AB4201D005B030BD94F871
:10D6F000222094F82130E17C94F823501344002038
:10D7000093FBF1F201FB123384F8213084F82200FC
:10D710000123032240F2FF31684608F001FC002D8E
:10D72000E3D194F82230002BDFD194F8212094F833
:10D7300020309A42D9D02046FFF774FFD5E7002168
:10D740009847CFE7F1D502002DE9F04F0368304A42
:10D750001B690C88934285B005460F4654D12E3084
:10D760000388A34202D005B0BDE8F08F7B89002B6F
:10D77000F9D00C3707EB030B2B7CAA7C687C591C77
:10D7800091FBF2F602FB161686422AD0AA6997F898
:10D790000080B2F90290B9F1000F17DD05F1180A07
:10D7A000002401E0A14510D021B2504609F082F8D2
:10D7B000804504F10104F5D101231A464FF4966126
:10D7C000684608F0ADFBA145EED12B7CAA6802F8B3
:10D7D0000380EB692E749E420BD00137BB45CBD141
:10D7E000C1E7012303224FF49661684608F098FBD5
:10D7F000F3E74FF0FF33EB61022201234FF4966110
:10D80000684608F08DFBE8E701219847A8E700BFCC
:10D81000F1D502002DE9F041044684B015461E46BC
:10D82000FDF7D8FC2046254B40F8183B09F002F8DC
:10D83000013604F12400FCF7AFFBF6B204F12E0030
:10D840000135FCF7A9FBEDB206F1280028440121BF
:10D8500003F040FA05F1140300270344C4E902036E
:10D86000A5742046E6742782278484F8227084F801
:10D8700023701349FDF7CCFC20460121FDF7DCFCA9
:10D88000A36800974FF0140806222B442046CDE9E8
:10D89000018201210322FDF7DFFCE368CDF804805B
:10D8A0001022204602920097394633440222FDF7A7
:10D8B000D3FC204604B0BDE8F08100BFD06D040069
:10D8C000B86D0400012923D070B50446407C71B1C5
:10D8D000A57C461C022996FBF5F205FB126202D1DB
:10D8E000237C83420DD0A368185C627470BD237CD6
:10D8F000834210D0A37C411C91FBF3F203FB121274
:10D90000F1E7E2614FF4966002F09AFF607CF1E784
:10D910006FF47A707047014870BD00BF0CFCFFFFC8
:10D920002DE9F04FB2F1000883B040F39980012B4C
:10D9300000F0968005461E460091FDF71BFD00286D
:10D9400000F08B802B68484F1B69BB4240F0818000
:10D9500005F1240003899A077FD54FF0000B05F1EC
:10D960002403DA4601934FF001092846FDF702FD32
:10D97000002858D02B681B69BB4258D101980389F5
:10D980009B0750D5C34527DA95F82010EA7C95F817
:10D9900021004B1C93FBF2F402FB143398421BD082
:10D9A000009A0BF1FF30104408E0EC7C95F821C0A0
:10D9B00092FBF4F304FB13239C450DD0EA6810F8A6
:10D9C000014F54540BF1010BD9B2D84503F10102B8
:10D9D00085F82010E9D1C346022E2CD185F823907A
:10D9E000032140F2FF3002F079FD95F8223043B96F
:10D9F00095F8212095F820309A4202D02846FFF76A
:10DA000011FE02F0EDFED84585F823A0ADD195F8C2
:10DA1000212095F820309A4205D02846C346FDF7CC
:10DA2000A9FC0028A6D1584603B0BDE8F08F00211C
:10DA300028469847A3E795F82230002BF3D195F8B4
:10DA4000212095F820309A42EDD02846FFF7EAFDD4
:10DA5000E9E70021284698477CE7DFF810B0E2E7C5
:10DA60006FF47A7BDFE700BFF1D5020016FCFFFF01
:10DA700010B40C681346211DB4F902205DF8044B64
:10DA8000FFF74EBF012BF8B541D017460D460646AD
:10DA9000D3B1022B2AD1437C027C9A423DBF817CC8
:10DAA0008918CB1AD31A9F4223DC002F1EDD6C1E6F
:10DAB000E51902213046FFF705FF04F8010FA542E2
:10DAC000F7D13C462046F8BD002A0FDD4D1E1C460E
:10DAD00004E00134A74205F8010FF3D000213046DD
:10DAE000FFF7F0FE0028F4DA2046F8BD00242046B7
:10DAF000F8BD817C3A44D31A93FBF1F201FB123357
:10DB0000C36102214FF4966002F09AFECDE76FF4F4
:10DB10007A74D7E7012A0FD010B51830144608F0F0
:10DB20008FFE022C01D0002010BD01214FF4966021
:10DB300002F086FE002010BD6FF47A70704700BFBF
:10DB40002DE9F04F87B000AF012B7B60F86000F04B
:10DB5000B6804D7C0C7CBD60A5428946934636D08C
:10DB60001168D9F80830B1F902105E5D002905F19D
:10DB7000010824DD00244FF0FF3A21B2584608F096
:10DB800099FEDBF80010B1F902100134B04208BF71
:10DB9000AA46A142F1DC99F8120099F8104098FBCE
:10DBA000F0F500FB1585AC421CD0BAF1FF3F40D127
:10DBB000D9F8083000295E5D05F10108DADC99F832
:10DBC000120098FBF0F500FB1585A542CDD17B68CE
:10DBD000022B0DD0F86808F02DFEF8681C37BD4602
:10DBE000BDE8F08F7B68022B23D1BAF1FF3F20D133
:10DBF000594607F1140008F015FE07F1140102223E
:10DC00004846FFF787FF07F1140008F079FD99F8FF
:10DC1000103007F1140003F1FF3A08F00BFE07F192
:10DC2000140109F1180008F00BFE07F1140008F0C8
:10DC300067FDBAF1000FCDDBBB6899F812409A4539
:10DC4000ABBFBB68E61AAAEB0306564406F108020E
:10DC500022F007026D46ADEB020D00216846721CF2
:10DC600017F030F9B7F80880D9F808E01FFA8AF3FE
:10DC7000984569460FD00DF1FF3C08F1010090FB7B
:10DC8000F4F204FB12021EF808000CF8010F1FFA50
:10DC900082F84345F1D199F81130F86801333344E3
:10DCA00093FBF4F204FB123489F8114032B208F00D
:10DCB0009FFDF868AD461C37BD46BDE8F08F6FF498
:10DCC0007A7108F03DFDF8681C37BD46BDE8F08F5D
:10DCD000437C027C934283BF807C8018C01AD01A98
:10DCE000704700BF10B5074B036003F1740103F1E7
:10DCF000A402044681614262183005F0E5FA20462C
:10DD000010BD00BF0C6E040010B5074A40F8182C77
:10DD100002F1740402F1A4010460C160A0F11804CE
:10DD200005F0D2FA204610BD0C6E040010B5084B69
:10DD3000036003F1740103F1A402044681614262AD
:10DD4000183005F0C1FA204617F05AF8204610BDE9
:10DD50000C6E040010B5094A40F8182C02F1740446
:10DD600002F1A401C1600460A0F1180405F0ACFA4E
:10DD7000204617F045F8204610BD00BF0C6E040089
:10DD8000F0B583B016469DF82050CAB21F46314602
:10DD9000012304460AF07AFB012D04F1180003D098
:10DDA000032D14BF0025022500213B463246009179
:10DDB0000195214605F0ACFB044B236003F174028E
:10DDC0002046A433A261636203B0F0BD0C6E040070
:10DDD00042DF7047704700BF084602F00BBD00BF2E
:10DDE00082B070B50C4684B005464968206802AC24
:10DDF00003C4039908AC481084E80C00CB0745BF66
:10DE00002A58029B029CD4580AAB2E1893E80300B0
:10DE10008DE8030008AB0CCB3046A04704B0BDE84A
:10DE2000704002B0704700BF82B08DE80C0000F671
:10DE30003810002102B0F7F709BE00BF82B010B55C
:10DE400002A981E80C00BDF80A30062B3ED00FD99C
:10DE5000152B22D040F6B932934227D1BDE81040AD
:10DE600041F290134FF0FF31C05802B007F0AABA48
:10DE7000032B21D10446002100F6540005F06EFB6F
:10DE800004F67800002105F069FB04F69C00BDE86B
:10DE90001040012102B006F00BBCBDE8104041F279
:10DEA00090130121C05802B007F0B6BA0D2B05D06F
:10DEB000BDE8104002B07047052BF9D1BDE8104015
:10DEC000D0F81C09036802B01B6B1847BDE810406E
:10DED000D0F82009036802B09B6A184738B500F5EE
:10DEE000E16405462046F8F739FE40B105F10C0023
:10DEF000FCF74EFC38B92046F8F738FE50B9BDE8BB
:10DF000038400BF065BE2046F8F7EEFFBDE838401C
:10DF10000BF05EBE2046F8F7D5FF0028EFD138BDE4
:10DF2000064A1368591E11603BB9054A116821B1B0
:10DF30004189136021F4005343817047C0200020C1
:10DF400030200020A0F10400FFF7EABF704700BFB7
:10DF50002DE9F04F89B00446F8F726F8B64B4FF09C
:10DF60000008C4E90138201D02F026F8B34B2360F5
:10DF700004F10C073C33636004F134063846FCF7C7
:10DF800083FA04F14C05276330460922AC490BF0B3
:10DF900099FD04F1640728460A22AA490BF092FD74
:10DFA00038461A22A8490BF08DFD4246314601231E
:10DFB00004F1800004F066FD04F1E00304F1B80010
:10DFC000039306F0C1F8DDF80C80222304F53B7BB7
:10DFD000294640465B2208F093FE04F54B7539460E
:10DFE000122258460BF03EFB04F5CE6741465A46D6
:10DFF000284604F5DB68049700F0E4F9934B3846B3
:10E0000004F5C46204F5C1610BF066F904F5AF6272
:10E0100004F5AC61404601F0A7FE04F59A6204F5F0
:10E020009D6104F5DE6001F09FFE282704F5E163A1
:10E0300018462A46059341463346009781462A26CC
:10E04000F8F710FB04F5EB6241464B46104606928A
:10E0500000962A46F9F734F840F6F87304F284750E
:10E060001A6801320ABF4FF01023196859694FF03E
:10E07000805304F2947618691B6900EB4000091A7A
:10E0800001222846F9F7F8FF294630460022079674
:10E0900005F0B0FA04F5BE62C4F8B027D4F85026F3
:10E0A000C4F8B427D4F85426C4F8B827D4F85826AE
:10E0B000C4F8BC2704F5B267D4F85C26C4F8A0778E
:10E0C00004F5B56604F5BB61052304F2E47A04F5B2
:10E0D000B860C4F8A467C4F8AC17C4F8C0275C499A
:10E0E000D4F86026C4F8A80704F5F46504F2B47700
:10E0F00004F5F966C4F8C427C4F8C837C4F8CC37A7
:10E10000C4F8D037C4F8D437C4F8E01750463146C5
:10E110000722C4F8D857C4F8DC77F8F775F94FF040
:10E12000000901231A46CDE9009904F56C7104F643
:10E13000540005F0EDF9CDE900990123022204F520
:10E14000886104F6780005F0E3F903230222012137
:10E1500004F69C0006F00AFB5A4640F6AC5304F560
:10E16000A06104F6AC0006F07BFB092104F50E600B
:10E1700001F0D8FB082104F60810F8F7F3FE40463A
:10E1800000F04AFCC4F81C09404600F029FD079B3A
:10E19000D4F81C29009301465346C4F8200904F61C
:10E1A000241001F041F904F5A36A04F5A66004F512
:10E1B000A961CDE90010039B524604F54E7104F6A7
:10E1C0003810F7F7C5FDDDE90432069904F59450DF
:10E1D000F8F78CF9B4F80635A4F80A9043F4006314
:10E1E00004F5C769A4F8063548460AF099F80221F3
:10E1F000484609F063FFB4F83E36164923F48073AD
:10E200004046A4F83E3609F083F955F8040B012185
:10E210000AF064FBAF42F8D155F8040B01210AF073
:10E220005DFBAE42F8D1504601210AF057FB204673
:10E2300009B0BDE8F08F00BFBC700400F46E0400AC
:10E240000090004000A0004000A0014000200040DD
:10E25000B86E0400801A0600704700BF2DE9F04F29
:10E2600083B0DDE90C9ABDF83880002B3BD0B9F1C2
:10E27000000F35D00F2902D1B8F1C00F33D10746B6
:10E2800028201D460E46934616F0C1FD0446103068
:10E2900007F066FE18202680A4F802B016F0B7FD3D
:10E2A000CDE9009A06466B46024603CB46F80C5B66
:10E2B00000233D68D36048F002087360E36050605B
:10E2C00091600E495161C4E90833A4F80480A2604A
:10E2D0006B6838462146984740B903B0BDE8F08FD7
:10E2E0001AF0010FC6D16FF47A70F6E7204602F0FB
:10E2F00035FD204616F084FD0148EEE7E1DD020021
:10E3000016FCFFFF70B5002486B04FF480538022C6
:10E3100005460E4602A821460094F9F7ADFE0123FA
:10E3200002A80E4A01A9F9F7FFFD019B73B1012371
:10E330006A460A4902A8F9F701FE05F59450F8F774
:10E3400021F902A8F9F7A2FE06B070BD002EF4D1A3
:10E3500002A8F9F79BFE06B070BD00BFB46E0400C2
:10E36000A0F10400EEF77CB910B5084B0360044639
:10E3700000F5507008F032F9054B23600023204669
:10E38000E38001F089FE204610BD00BF546F0400F9
:10E39000BC700400094B10B50446036000F55070D2
:10E3A00008F01CF9064B23600023E380204601F0AF
:10E3B00073FE204616F024FD204610BD546F040065
:10E3C000BC7004002DE9F04FB34B036000260446F7
:10E3D00087B04660CDE9021201F0EEFD2046AF4B5A
:10E3E00040F80C3B0222032364210AF04FF8032378
:10E3F0001A46652104F124000AF048F804F1540B90
:10E4000003230422662104F13C000AF03FF804F1E2
:10E410006C0A03231F22672158460AF037F804F1DB
:10E42000840503231C22682150460AF02FF804F1CA
:10E430009C07284603230E226921009504F1B409A4
:10E440000AF024F83846032325226A2101970AF0AE
:10E450001DF803230B226B2148460AF017F803230B
:10E460000A226C2104F1CC000AF010F804F1FC0837
:10E47000032309226D2104F1E4000AF007F804F5F2
:10E480008A7703231E226E21404609F0FFFF38469B
:10E49000032317226F2109F0F9FF03230C227021B7
:10E4A00004F5967009F0F2FF03231122712104F59F
:10E4B000A27009F0EBFF03230122722104F5AE7074
:10E4C00009F0E4FF03230D22732104F5BA7009F06B
:10E4D000DDFF03232222742104F5C67009F0D6FF64
:10E4E00003231A22772104F5D27009F0CFFF04F537
:10E4F000EA7503232022782104F5DE7009F0C6FFB7
:10E50000032324227921284609F0C0FF3246032341
:10E510007A2104F5F67009F0B9FF032314227B2158
:10E5200004F5017009F0B2FF03230522862104F5EA
:10E53000077009F0ABFF032310227C2104F50D7056
:10E5400009F0A4FF032308227D2104F5137009F0CC
:10E550009DFF032315227E2104F5197009F096FF13
:10E56000032316227F2104F51F7009F08FFF032378
:10E570000F22802104F5257009F088FF032318225B
:10E58000812104F52B7009F081FF032313228221DE
:10E5900004F5317009F07AFF01230622832104F586
:10E5A000377009F073FF01232822842104F53D70A0
:10E5B00009F06CFF19228521032304F5437009F04B
:10E5C00065FF019BC4F8303304F55076009BC4F816
:10E5D0003833C4F83C73C4F82CB3C4F824A3C4F88B
:10E5E0002893C4F83483304607F0C8FF2C4A0299B8
:10E5F0002C4B11602122A260039A1A6013272B680A
:10E6000028465B6C00219847A3680137BB4205F19F
:10E610001805F4DCD4F82403036800215B6C9847E8
:10E62000D4F82803036800215B6C9847D4F82C03C6
:10E63000036800215B6C9847D4F83003036800211D
:10E640005B6C9847D4F83403036800215B6C9847EF
:10E65000D4F83803036800215B6C9847D4F83C0376
:10E66000036800215B6C9847A1680122013105A86D
:10E6700007F08AFF05A9304607F0B8FF05A807F0A4
:10E68000ADFFA268D4F840331344204600221A712B
:10E6900007B0BDE8F08F00BFBC700400546F0400E9
:10E6A000F03B0020EC3B00202DE9F8438268D0F8D5
:10E6B000403313441A7942F001021A718368002B27
:10E6C00044DD00250646DFF88890A84600F10C04DA
:10E6D00013E0D3F8003703F44033B3F5003F06D11D
:10E6E000D6F840332B441A7942F008021A71B36805
:10E6F0000135AB4204F1180428DDD6F84033277DFC
:10E700002B44204683F804802368DB69984707F090
:10E710001F020028EBD1202F34BF4FF0A0434B46FF
:10E7200003EB8203D3F8002702F44032B2F5403FF6
:10E73000CFD1D6F840332B4401351A7942F0040288
:10E740001A71B368AB4204F11804D6DCBDE8F88353
:10E7500000030050F8B58168D0F840331E4A0B44DE
:10E76000197921F0010119718368D2F80473D2F884
:10E770000413C2F80813002B2ADD064600F10C042E
:10E7800000250FE011F0080320464FF0020104BFFE
:10E79000204619460AF0C0F8B3680135AB4204F1CF
:10E7A000180415DD23682046DB6998470028F3D15B
:10E7B000D6F840332B4419794B07E3D52046032183
:10E7C0000AF0AAF8B3680135AB4204F11804E9DC99
:10E7D000014BC3F80473F8BD006000402DE9F04F11
:10E7E000324C8568D4F804B3D4F80463C4F80863E1
:10E7F000002D83B045DD99460092884606460446C2
:10E800004FF0000A06E0B3680AF1010A534504F12B
:10E81000180436DDE36894F82070DB6904F10C0518
:10E82000284698470028EED1E36828461B6A984797
:10E830000028E8D0638A13F400712BD0B8F1000FE0
:10E84000E1D0009A6AB31F2F07F01F07184A07F597
:10E85000E07198BF4FF0A042019252F8211011F4DC
:10E86000403FD0D113F4807F28460CBF0321022102
:10E870000AF052F80123019A03FA07F7C2F820754B
:10E88000C1E70A4B0022C3F87C21C3F804B303B0EC
:10E89000BDE8F08FB9F1000FB5D028460AF03CF87A
:10E8A000B1E7284600990AF037F8ACE7006000406D
:10E8B0000003005010B50446062918D8DFE801F01F
:10E8C0002B35465757041900002A54D08368002B73
:10E8D0000DDD03EB430300EBC303418A8C0500F11C
:10E8E000180002D51168013111609842F5D100205D
:10E8F00010BD8268002AFADD02EB420200EBC20280
:10E90000438A990544BF23F400734382183082423E
:10E91000F6D10020ECE7FFF7C7FE012220461146A2
:10E920000023FFF75BFF002010BD8268D0F8403362
:10E9300013441B79DA0701D4FFF7B6FE0123204602
:10E9400019460022FFF74AFF002010BDD0F84033DF
:10E95000826813441B79DB0701D4FFF7A5FE01236E
:10E9600020461A461946FFF739FF002010BDFFF771
:10E97000F1FE002010BD6FF47A7010BD10B5044692
:10E9800003EB43002160C4E902230121800002F06F
:10E99000A1F9002360602382204610BD704700BFAC
:10E9A000064B1B68834203D01A681846D36A18477F
:10E9B00010B53220F7F79CFB014810BDA0390020AC
:10E9C00016FCFFFF064B1B68834203D01A681846EB
:10E9D000136B184710B53220F7F78AFB014810BDBA
:10E9E000A039002016FCFFFF10B5034B036004465E
:10E9F00002F0B2FC204610BD786F040010B5054B44
:10EA00000360044602F0A8FC204616F0F9F92046FF
:10EA100010BD00BF786F04002DE9F041404C236821
:10EA200013F0010382B007464FD03E4C2368DB074A
:10EA30003DD53D4D2B7823B13C4C206802B0BDE85C
:10EA4000F0813B4E072002F053FA304609F068FC93
:10EA50000221304609F032FBF38823F4807332211F
:10EA60003846F38005F0D4F8002836D1442016F05B
:10EA7000CEF9052206462F492C4C02F097FA2E4B70
:10EA800033604C20266016F0C2F9062229498046E0
:10EA900000F09CF8294BC3F800804046216802F042
:10EAA00069FD206801232B7002B0BDE8F0810323CB
:10EAB000192285211E4809F0E9FC0123204A214939
:10EAC0001B48236016F09EF9B3E70122114619484E
:10EAD00007F0A2F901232360A7E7502016F097F969
:10EAE00032230522CDE900323946124B0F4C324613
:10EAF000804605F073F85420C4F8008016F087F9BA
:10EB00004FF0060C3C23CDE9003C3246094B394618
:10EB1000804605F05BF9094BC3F80080BDE700BFF4
:10EB2000983900209C39002015430020A03900208E
:10EB3000AC390020A4390020786F0400C4390020CB
:10EB4000402000209DE9020010B5044616F058F957
:10EB5000204610BD064B1B68834203D01A68184636
:10EB6000D369184710B53320F7F7C2FA014810BD32
:10EB7000C439002016FCFFFF064B1B68834203D0FC
:10EB80001A681846936A184710B53320F7F7B0FA99
:10EB9000014810BDC439002016FCFFFF10B5034B1F
:10EBA0000360044602F030FD204610BDB86F04003B
:10EBB00010B5054B0360044602F026FD204616F012
:10EBC0001FF9204610BD00BFB86F040010B5044601
:10EBD00002F01CFC014B2360204610BDB86F0400FE
:10EBE00008B5FFF719FF014B186808BDC4390020AC
:10EBF00082B070B50C4684B005464968206802AC06
:10EC000003C4039908AC481084E80C00CB0745BF47
:10EC10002A58029B029CD4580AAB2E1893E8030092
:10EC20008DE8030008AB0CCB3046A04704B0BDE82C
:10EC3000704002B0704700BFF0B44B68456804688C
:10EC40000F688668EB1A06EE903AE71BF8EEE66A64
:10EC500007EE907A8B68F8EEE77A66EEA66AF31A0A
:10EC6000E7EEA76A012A07EE903AF8EEE77AE7EEB8
:10EC7000A76A35DD02EB420201EB8207B0EE666A5D
:10EC80000C3FD1E90303EB1A07EE903A201AF8EE95
:10EC9000E77A07EE100A4A69B8EEC77A67EEA77AF4
:10ECA000B21AE7EE077A0C3107EE102AB8EEC77AEF
:10ECB000E7EE077AF4EE667AF1EE10FAF4EE467AB1
:10ECC00048BFF0EE676AF1EE10FAC8BFB0EE676AAF
:10ECD0008F42D6D176EE667AF0BC17EE900A704776
:10ECE000B0EE666A76EE667AF0BC17EE900A704770
:10ECF0002DE9F0472DED088B84B004AC04E90E003B
:10ED0000159A039E00234FF480619A428146DDE903
:10ED10000187C0E9003383608361C0E90311416169
:10ED200040F3D080149DDFED778A02EB420205EBC1
:10ED3000820A2C46D4E90013FB1A07EE903AA8EB9E
:10ED40000101F8EEE77A07EE101AA268B8EEC77A6A
:10ED500067EEA77AB21AE7EE077A0C3407EE102AAC
:10ED6000B8EEC77AE7EE077AF5EE407AF1EE10FAE0
:10ED7000B1EEE78A00F1B180FDEEC87AF8EEE77AED
:10ED8000F4EE687AF1EE10FAC8BFF0EE678AA24599
:10ED9000D0D1DFED5C9AB7EE00BAB0EE69AAF0EE22
:10EDA00069AAB0EE699AD5E90012B81A07EE900A7E
:10EDB000A8EB010006EE900AF8EEE77AAB6867EE82
:10EDC000A77AF8EEE66AF01A07EE100AE6EEA67ADF
:10EDD000B8EEC77AE7EE077AF5EE407AF1EE10FA70
:10EDE000B1EEE78A7ED4A1EB0801D21B9B1B0C3548
:10EDF00007EE101AB8EEC76A07EE102AC8EE887A36
:10EE0000F8EEC76A07EE103AB8EEC77AC6EE085AAF
:10EE100086EE886AC7EE086A77EECB7AF0EEE55A9E
:10EE2000F4EE497AF1EE10FAB0EEC66AB0EEE67A88
:10EE3000C8BFB0EE679AAC42E5EEA7AAA6EE27AA35
:10EE4000E7EE279AAFD16AEE0A7ABDEEE87AEAEEEB
:10EE5000AA7A17EE103AE9EEA97AF5EE407AF1EEC9
:10EE600010FAB1EEE78A45D44846C9E90087C9F8E7
:10EE70000860C9F81830CAEE886A8AEE087A89EE06
:10EE8000886AF7EE007AF0EE675AE9EE265AF0EE5D
:10EE9000656AF0EE675AE9EE075AE9EE067AB0EED7
:10EEA000657AFEEECB6ABEEECB7AFEEECB7AC9ED8A
:10EEB000036A89ED047AC9ED057A04B0BDEC088BCC
:10EEC000BDE8F087DFED0F9AB0EE69AAF0EE69AA0F
:10EED000B0EE699AB0EE698AC6E717EE900A13F0B1
:10EEE000FDF849E717EE900A13F0F8F8D5E900129B
:10EEF000AB6878E717EE900A8DED007A13F0EEF824
:10EF0000009BB1E7000000002DE9F04F8BB0131E0D
:10EF10008346019100937ADD03EB430000230A4608
:10EF200001EB80001C461946D2E9007695680C3248
:10EF300082423C4431442B44F6D1009A94FBF2F0D7
:10EF4000059091FBF2F193FBF2F3059ACBF80830B0
:10EF5000CBE900215846DDE90021FFF76DFE0023D3
:10EF6000CDE9033305EE900A02930DF11C086FF012
:10EF7000C7096FF0C70A6FF0C7079BE8070088E86A
:10EF80000700DDE90745099E4C443E445544DDE950
:10EF900000214046CDE907450996FFF74DFE07EEF3
:10EFA000900AF4EEE57AF1EE10FA07F1C80704D5FD
:10EFB000CDE9035605EE900A0294B7F5C87FDCD17F
:10EFC0000AF1C80ABAF5C87FD5D109F1C809B9F55F
:10EFD000C87FCED1059B029A93420AD0039A029B26
:10EFE000CBF80420049ACBF80030CBF80820059326
:10EFF000BDE7DBF80430039A9342EFD1DBF8083029
:10F00000049A9342EAD158460BB0BDE8F08F002332
:10F010001946059399E700BFF0B587B003AC0546E4
:10F020000E4617462046FFF76FFFCDE900672846DA
:10F0300094E80E00FFF75CFE284607B0F0BD00BF65
:10F0400082B02DE9F04FEDB076A98346642081E8C7
:10F050000C0001F04DFF0522114610A807F08CF8B6
:10F06000BD4911A807F090F821AB6CA900229A6065
:10F07000C3E900220C338B42F9D1DBF808008DF88C
:10F0800064200368B54E9B6ACDE91322CDE91522B1
:10F09000CDE9172298470B90DBF808000368FF21A1
:10F0A0005B6A9847DBF808003C3003F067FF43F6E3
:10F0B0008C420023079204939A460693CDF814B02D
:10F0C0009B46079B43F68C4293420DF1640900F086
:10F0D000AE80A34A9342C0F2AA80079BA3F16402C8
:10F0E00014B2002B00F0DA80049B0F2B00F0D680C6
:10F0F000079BCDE9074306999A4B059D2831A3FB51
:10F100000132C820920900FB1212D3B2686806933C
:10F1100002F0ECF80446686802F0F0F814F52A7F73
:10F12000C0F2A18014F1C80FC0F2B080B4F52A7FFC
:10F1300000F30D81C82C40F31F81032310F52A7FB3
:10F1400009931F4680F2968000230A93984610A8E0
:10F1500006F07EFF814D13AC05E04C4505F102053C
:10F160000ED014F801BFBBF1010FF6D16A782978EF
:10F17000FF2310A806F076FF4C4505F10205F0D1FB
:10F18000069BDDE9091210A806F06CFF089B002B16
:10F1900002DB049B0F2B08D9059B98680023009382
:10F1A00010301A4610A907F055F800231C460DF13F
:10F1B000300B04E00134192C2BD016F814309F4288
:10F1C000F8D106EB44035B784345F3D10AEB4A03DD
:10F1D00021A901EB830513AB5846195D01294FF0B6
:10F1E0000002E7D0059B196802F0C6F99BE807000A
:10F1F00013AB85E80700049D4FF001021A55013555
:10F2000001340AF1010AEBB2192C5FFA8AFA04936D
:10F21000D3D1642001F06CFEBAF1180F47D8079BD8
:10F220009DF84CB043F68C4293427FF452AF059C5C
:10F23000A068F9F7BBF9A0684B4900F13C041AA893
:10F2400007F092FA78221AA9204603F079FF1AA84B
:10F2500007F056FA43F68C4343F62842CDE90723DC
:10F260000023049347E7002309931F4610F52A7FE4
:10F27000FFF66AAF10F1C80F0CDBB0F52A7F62DC35
:10F28000C82875DD03230A93984660E70123099394
:10F290001F46EBE701230A93984658E7059B9868B9
:10F2A000079B08933C3003F069FE079423E752461E
:10F2B00021A91AA8DDF814B0FFF7AEFE1DAB0FCBE5
:10F2C000DBF800408DE80F001AAB20460ECB02F0B1
:10F2D00037F9DBF80C0020B11AAA1C23234904F0EB
:10F2E000EDF9DBF80800F9F761F9DBF8083011A94E
:10F2F00012A803F13C0406F07BFE002340F2DC522E
:10F30000CDE9003212A91A46204603F087FE12A862
:10F3100006F060FE4FF47A7001F0EAFDDBF80800B9
:10F32000F9F744F9DBF808000B9903685B6A984722
:10F3300011A806F04FFE10A806F04CFE6DB0BDE817
:10F34000F04F02B0704704230A939846FFE6042367
:10F3500009931F468AE700BFE86F04005470040059
:10F36000D18AFFFF1F85EB51307004004870040004
:10F3700002230A939846EAE6022309931F4675E79B
:10F380002DE9F04F83B0DDE90C9ABDF83880002BF1
:10F390003BD0B9F1000F35D00F2902D1B8F1C00F21
:10F3A00033D1074628201D460E46934615F02FFD03
:10F3B0000446103006F0D4FD18202680A4F802B0D0
:10F3C00015F025FDCDE9009A06466B46024603CBB3
:10F3D00046F80C5B00233D68D36048F00208736078
:10F3E000E360506091600E495161C4E90833A4F8AC
:10F3F0000480A2606B6838462146984740B903B044
:10F40000BDE8F08F1AF0010FC6D16FF47A70F6E7FD
:10F41000204601F0A3FC204615F0F2FC0148EEE77F
:10F42000F1EB020016FCFFFFF0B58DB00446129818
:10F43000C4E90012C4E902301C4904F005F9E8B13E
:10F440000646074656F8100FD4F800E07168B26817
:10F45000F3680DF1140C65460FC530697169B26926
:10F4600007C50CAB13E90F008DE80F0070469CE850
:10F470000E0002F065F8384615F0C2FC0C4B1B6814
:10F4800083B10C4A05920022069205AA92E8030075
:10F49000C0228DE80300029218460322234606216B
:10F4A000FFF76EFF20460DB0F0BD00BF48700400AE
:10F4B000003B002041F00200C38843F48043C38036
:10F4C000704700BF82B0C0F30761C0F30742C0F3CA
:10F4D00007238DF807008DF804108DF805208DF8AE
:10F4E0000630019802B0704782B0C0F307238DF850
:10F4F00007008DF80630BDF8060002B0704700BF67
:10F5000029DF704728DF7047022802D1014B012212
:10F510001A70704716430020704700BF70B50C4644
:10F52000F6F7CAFD98B1164D00232B704FF08056A8
:10F5300002E00A2003F022FB3069B4FBF0F0FFF791
:10F54000E1FF0028F5D12B78002BFCD070BD0D4ACF
:10F550000223C2F80435D2F80034002BFBD009494D
:10F56000C2F80845D1F80034002BFBD00023054A2F
:10F57000C1F80435D2F80034002BFBD070BD00BFB9
:10F580001643002000E00140F8B50D4614461E4623
:10F59000F6F792FD88B11A4F00233B7002E00A2073
:10F5A00003F0ECFA324621462846FFF7A9FF00286F
:10F5B000F5D13B78002BFCD0F8BD124A0123C2F8EC
:10F5C0000435D2F80034002BFBD0002E0EDD211FB5
:10F5D0000C4A01EB8606281F51F8043F40F8043F0F
:10F5E000D2F80034002BFBD0B142F5D1054A0023FC
:10F5F000C2F80435D2F80034002BFBD0F8BD00BFB0
:10F600001643002000E00140F0B50B4687B09A6831
:10F61000496804461868DB6802AD0FC59DF80860AC
:10F62000032E3CD84FF08053BDF80A201D699DF889
:10F630000930039F022B05FB02F51FD006AB13E92F
:10F6400003006A4682E80300731EDBB203EB830CFF
:10F650004FEA8C0C03CA0CF1100E03EB830304EB8E
:10F66000830304EB0E0C2F4444F80E00CCF8041076
:10F6700000201E719D60DF6007B0F0BD049800217E
:10F6800002E00131642902D0435C002BF9D1002251
:10F690000BF0F6F80023CDE900036A46D4E76FF4D7
:10F6A0007A70E9E72DE9F04F604A614C614B4FF009
:10F6B000805122440C69D21A85B0B2FBF4F304FBEA
:10F6C00013230192002B00F0AD800C691444E41A5E
:10F6D00040F6F8734FF080511A680F6901320ABF83
:10F6E0004FF010231E685E694FF080531B69A6EB34
:10F6F0008306A6427DD98046DFF848A1DFF848B1ED
:10F7000008E054F8103C5B4576D027F003031C4416
:10F71000A6426ED9CDF80CA0039B2268DB439A4227
:10F72000EFD16368444A9342EBD1A368434A9342C2
:10F73000E7D102F14E42E368A2F5A512A2F64F22EC
:10F740009342DED198F80020032A1CD002EB8201FC
:10F75000531C08EB8101DBB200264FF4E035032B8C
:10F760008E60CD6088F800300E715DD003EB8301B0
:10F7700008EB810102328D60D2B20120019DCD6083
:10F7800088F80020087140F6F8714FF0805308683F
:10F790001F691D6901300ABF4FF0102308685869BE
:10F7A0004FF08053032A1E6911D002EB820108EB4F
:10F7B0008101A0EB8600019BB3FBF5F3013205FB51
:10F7C000037302268B60C86088F800200E71224601
:10F7D000234652F8101F5268C8F82820C8F8241091
:10F7E00053F8182F5B68C8F83C30C8F83820C8F8C0
:10F7F000304005B0BDE8F08F54F8043C104A934205
:10F8000083D114F8083C002B3FF47FAFA4F120050E
:10F81000A5EB031929464046103DFFF7F5FE4D457F
:10F82000F8D172E7019C53E71A46ACE7BC230020ED
:10F83000F887040040200020C615A841C49866C976
:10F840009DD7B1C18F71C46DFE307F590346002230
:10F8500010B503F8102B044600F14C0103F80C2CF2
:10F860001A605A6043E9022214338B42F6D12046D3
:10F87000FFF718FF204610BD10B5044B03600023AE
:10F880000446C38000F008FC204610BDBC70040094
:10F8900010B5064B036000230446C38000F0FCFB58
:10F8A000204615F0ADFA204610BD00BFBC70040024
:10F8B000F0B51B4F85B0054600F118062C6974B1F0
:10F8C000E278012A0DD0022A05F1200021D100F0B2
:10F8D000FFF92B69A3420AD01C46002CF0D105B0D9
:10F8E000F0BD304600F0CAF92B69A342F4D10222E0
:10F8F000C7F88020BFF34F8FBFF36F8F2969EB7A72
:10F90000496A2961013BEB7220463A6015F078FAAA
:10F91000D4E701230A21684606F002FBD9E700BFBD
:10F9200000E100E070B5114B03600025044645601E
:10F930000E4600F041FB20460D4B40F8183B214697
:10F9400000F098F9214604F1200000F0BDF9094BC0
:10F95000A57207210622E57221726272A680E580F7
:10F96000C4E9035565611C60204670BDBC7004008D
:10F9700098700400C839002038B543694BB3C27A87
:10F98000032A23D8C288D2074CBFC268124A9A629F
:10F9900004462C2015F03BFA2C220021054615F0D8
:10F9A00091FA636900225A6222690AB90BE01A4689
:10F9B000536A002BFBD163695362E37A65610133BB
:10F9C000E372002038BD63692361F6E76FF47B7052
:10F9D00038BD6FF47A7038BD16FCFFFF38B5194B8F
:10F9E000D3F8002122B100210122C3F800119A604E
:10F9F000144BD3F80C217AB1134C0021C3F80C112D
:10FA00002068D3F80054C288012D02F0010204D00E
:10FA10009AB90C4B01229A6038BDD3F848350AB127
:10FA20005B42C360FFF7A8FF2268064B5269C3F828
:10FA30000425044B01229A60EEE7024BC1600122CB
:10FA40009A60E9E700100040C8390020F8B5C38883
:10FA5000DB0701D50020F8BD0446F6F72DFB002892
:10FA60006DD16569002D61D04FF0804300220121E6
:10FA7000C3F800211A461960D2F80031002BFBD0E0
:10FA8000637A304A304DD35CC5F80C35227AC5F81C
:10FA900008252E4B0022C5F81025C5F81C35A67A7E
:10FAA000F6F70AFB00283DD0274BDFF8B0C0284FFF
:10FAB000284D002001210826C3F82C050222C3F896
:10FAC0003015C3F81465C3F818C54FF6FF7CC3F8AA
:10FAD0003425C3F83CC5C3F838751827C3F85475E6
:10FAE0006769C3F80475C3F80463C5F880212A6008
:10FAF000D3F8002242F01002C3F80022C3F800013C
:10FB00001A465960D2F80031002BFBD0E38843F449
:10FB1000804343F0010300200121C2F80C019160F1
:10FB2000E380F8BDA672C5F82465BDE72C2015F06A
:10FB30006EF929462C2215F0C5F9606194E7064854
:10FB4000F8BD00BF88700400001000407469627541
:10FB50002110010000E100E016FCFFFF200004027C
:10FB600010B50446F6F7A8FAF8B9E38813F00103D4
:10FB700001D1184610BD0E4B0222C3F88020BFF3FE
:10FB80004F8FBFF36F8F0B4B0121C3F810011A4643
:10FB90001961D2F81031002BFBD0E38823F48043A5
:10FBA00023F00103E380002010BD034810BD00BF17
:10FBB00000E100E00010004016FCFFFF70B50546B4
:10FBC0000C46F6F779FA002836D1EB8844B113F0E9
:10FBD00001041FD1194A1068C0F3400070B970BD0C
:10FBE00013F0040120D113F00200F8D0134A23F0DF
:10FBF00002030224EB801460084670BD43F0020348
:10FC00000221EB80C2F88010BFF34F8FBFF36F8FDC
:10FC1000204670BD06462846FFF7A2FFEB8843F05A
:10FC200004033046EB8070BD23F00403EB802846CC
:10FC3000FFF70CFF204670BD014870BD00E100E0F9
:10FC400016FCFFFF0346006988B1094930B402245D
:10FC5000C1F88040BFF34F8FBFF36F8F1D69DA7A11
:10FC60006D6A1D61013ADA720C6030BC70477047F2
:10FC700000E100E00022C0E90012704710B5044620
:10FC800084B00068FFF7DEFF002343626268B2B110
:10FC9000516A09B915E011464A6A0133002AFAD1BE
:10FCA000032B08DC486201231A460921684606F046
:10FCB00037F904B010BD15F0A3F804B010BD6060B2
:10FCC000F1E71146EEE700BF002241600270704785
:10FCD00038B504464068FFF7B5FF01230546237099
:10FCE000043006F047F9002328462370BDE8384069
:10FCF00015F086B810B50446006806F02FFE2046C1
:10FD000010BD00BFF8B522EAE275044605F10C000B
:10FD10001F460E4600F098FF206006F047FE23685D
:10FD20001D72226857603EB120682A46314609306C
:10FD3000BDE8F84015F0A2B8F8BD00BF10B5074CFB
:10FD40000023204619460122FFF7DCFF2046044A23
:10FD50000449BDE8104015F055B800BFCC3900206B
:10FD600040200020F5FC020010B50023044607F0F7
:10FD7000DFFC024B2360204610BD00BFB0580400DA
:10FD800088B110B5044615F0D9F8013820448442F2
:10FD900007D22378027804F8012B00F80139844255
:10FDA000F7D3002010BD6FF47A707047F8B549B3EF
:10FDB00080EAE074C4EBE0744F1E0025DFF84CC00D
:10FDC00000E01D468CFB0423E217C2EBA30202EB0A
:10FDD0008203C4EB43033033564207F8013F144615
:10FDE0006B1C002EEDD1002801EB030203DA2D225B
:10FDF0000235CA544A19002308461370FFF7C0FFA2
:10FE00003046F8BD6FF47A76FAE700BF676666663B
:10FE1000014B186000207047D0390020002821DDF8
:10FE200030B4124D124B2A68002A00F1FF3408BF8B
:10FE30001A4621460020930983EAD273534083EA8D
:10FE4000121383EA92035208534042EAC37202F04B
:10FE50000103490843EA4000EDD1A042E9D82A60F5
:10FE600030BC70476FF47A70704700BFD039002003
:10FE7000A10D0C000A4B036010B40A4C0023C38090
:10FE8000224602E001333C2B06D052F8041B884284
:10FE9000F8D1002244F823205DF8044B704700BFDE
:10FEA000BC700400D43900200048704716FCFFFFE6
:10FEB00010B504460A4B0B4823600023E38002463A
:10FEC00002E001333C2B06D052F8041B8C42F8D1DF
:10FED000002240F82320204614F092FF204610BD57
:10FEE000BC700400D4390020013908B503290AD8B0
:10FEF000DFE801F00B0B02020368084ADB6893425B
:10FF000001D000219847002008BD0368034ADB6840
:10FF10009342F8D001219847F5E700BFA1630200A2
:10FF200070B584B004AC04E90F00BDF80230012BB9
:10FF300018D0022B14D1154C154E04F1F00501E038
:10FF4000AC420DD054F8040F0028F9D0C3885B04EC
:10FF5000F6D503689B68B342F2D09847AC42F1D122
:10FF600004B070BD094C0B4E04F1F00501E0A54250
:10FF7000F6D054F8040F0028F9D0C3889A04F6D5B7
:10FF800003685B68B342F2D09847F0E7D0390020AD
:10FF9000215902001D59020010B5064C20884FF669
:10FFA000E853984203D91520F1F720FC2088431C20
:10FFB000238010BD6E2300202DE9F041314C82B02A
:10FFC0002246002302E001333C2B05D052F8041BEB
:10FFD0000029F8D144F823002B4C237813F00103B7
:10FFE0000BD12A4D2A6842B10093102201234FF40D
:10FFF0007A60002102F006FD10B102B0BDE8F08188
:020000040003F7
:100000002820D5F80080224E14F001FFC023009371
:100010000122204B1021074600F06CFED8F800307A
:100020005B68B34222D1384600F098FE384614F09F
:10003000E7FE28202F6814F0EAFEC0230093022276
:10004000144B0F21054600F055FE3B685B68B34238
:1000500012D1284600F082FE284614F0D1FE237803
:1000600043F00103237002B0BDE8F08140463946F9
:1000700098470028DDD0D6E738462946984700281B
:10008000EDD0E6E7D439002017430020003B0020E4
:10009000A9FE020021FF020010B4084C00232246F2
:1000A00002E001333C2B06D052F8041B8142F8D108
:1000B000002244F823205DF8044B7047D439002017
:1000C000062816D8F8B50123834013F0580F0E46C2
:1000D00005460FD0104CA4F1F00754F8043D324609
:1000E0002946184613B11B681B699847BC42F4D1D6
:1000F000F8BD704713F0270FFAD0084C04F1F00751
:1001000054F8043F32462946184613B11B681B6950
:100110009847A742F4D1F8BDC43A0020D039002056
:10012000084600F067BB00BF0048704716FCFFFFA1
:1001300010B5044609F044FDE3696BB1A2699A6108
:10014000A3690BB1E269DA610023C4E90633636194
:10015000BDE8104009F026BDD4E905321A60EFE78A
:1001600038B50D46044609F02BFD2A6865610AB9C9
:100170000AE01A469369002BFBD19461C4E9063268
:10018000BDE8384009F00EBDC4E906222C60BDE888
:10019000384009F007BD00BF2DE9F04184B004AC40
:1001A00004E90F00114B1C68DDE902014FF47A727B
:1001B000002314F035FCB4B1DFF8348006460F4656
:1001C000E268A56900239F4208BF964208D363698D
:1001D00020460BB1FFF7ACFF20464146FFF7C0FFBA
:1001E0002C46002DECD104B0BDE8F081CC3A0020C3
:1001F000D43A00202DE9F04FDFF8E08093B0D8F832
:10020000005004AC84E80F00002D32D02F4BBDF815
:1002100010401A68BDF81260AAB12D4F4FF0000AC5
:1002200040F2FE3540F2FF39D368D2F818B0190C0D
:10023000AC429BB288B21FD0002B33D09C4231D04D
:100240005A46002AF0D1A4F2FE33012B11D9D8F876
:100250000050204B10273246214608A8009700F096
:1002600049FD2B681C4A9B6893422AD108A800F0DC
:1002700075FD13B0BDE8F08F4B45DDD109B1B0423B
:10028000DED1BAF1000FDBD1536923B110460392DE
:10029000FFF74EFF039A10463946FFF761FF4FF014
:1002A000010ACDE709B1B042CAD1536923B1104662
:1002B0000392FFF73DFF039A10463946FFF750FFC0
:1002C000BEE7284608A99847D0E700BFE43A0020D7
:1002D000D43A0020F501030029010300C83A0020A8
:1002E000014B1868704700BFD83A002038B509F0B4
:1002F00067FC164B1C68D4B1636913B12046FFF745
:1003000017FF09F04FFC002323616362256809F0A1
:100310009DFC0146284609F0A5FC09F051FC0C4B58
:100320001A6822621C6009F03DFC204638BD282076
:1003300014F06DFD28220021044614F0C3FD09F0DD
:1003400089FC0023C4E90003A360DAE7DC3A00205B
:10035000D83A002038B50A4B1C682369DB0707D55B
:10036000084D286830B1636A436200236362044623
:10037000204638BDFFF7BAFF28600028F8D0F2E722
:10038000C43A0020D03A00202DE9F041464D2A78A9
:1003900012F0010482B002D002B0BDE8F081434EF9
:1003A000434F3060FFF7A2FF424B43491860FFF70D
:1003B000D7FEFFF79BFF3860D0F8008009F046FCBD
:1003C000011F404609F04CFC3B683C49186809F0A5
:1003D00045FC3768002F4ED0282014F018FDC023AC
:1003E0002246009340F2FF31354B364C804600F0F8
:1003F00081FC3B685B68A34244D1404600F0AEFC00
:10040000404614F0FDFC2820D6F8008014F0FFFCD4
:10041000C023009300222A4B40F2FE31074600F031
:1004200069FCD8F800305B68A34237D1384600F049
:1004300095FC384614F0E4FC00230F2200210093C1
:100440004FF47A60012302F0DDFA2820376814F0B7
:10045000DEFCC023009301221B4B0F21064600F057
:1004600049FC3B685B68A34212D1304600F076FC41
:10047000304614F0C5FC2B7843F001032B7002B01A
:10048000BDE8F0813846414698470028BBD0B4E724
:100490003846314698470028EDD0E6E740463946D1
:1004A00098470028C8D0C1E718430020C83A002068
:1004B000E03A0020C43A0020D43A0020310A030078
:1004C000F5010300A9FE020099010300024B187810
:1004D00000F00100704700BF18430020F0B51F4F27
:1004E0003B6883B0002B37D01D4B1B78DB0733D51F
:1004F0000E460446FFF72EFF436944EA06420546CE
:10050000C2600BB1FFF714FE28461649FFF728FE1C
:10051000A4F2FE33012B16D928203F6814F077FC93
:10052000C0233246009321460F4B054600F0E2FB04
:100530003B680E4A5B68934208D1284600F00EFCE7
:10054000284614F05DFC002003B0F0BD3846294673
:1005500098470028F7D0F0E70548F5E7C83A0020AB
:1005600018430020E43A0020F5010300A9FE020030
:1005700016FCFFFF2DE9F04128B321B3054698464C
:1005800017460E46FFF7B2FE0446E0B132463B4640
:100590002946006809F070FB256809F057FB011F28
:1005A000284609F05DFB0A4B0A492068B8F1000FA4
:1005B00018BF194609F052FB20460749FFF7D0FD46
:1005C0002046BDE8F08100242046BDE8F08100BF50
:1005D000090A030035090300D43A0020074B1B78B1
:1005E00013F0010308D010B4144601230A46214633
:1005F0005DF8044BFFF7BEBF184670471843002054
:10060000024B1868B0FA80F040097047D43A0020D5
:1006100030B50F4D2B789A0785B004D50D4B1B686C
:1006200073B105B030BD43F00204022201230F2153
:1006300068462C7005F074FC064B1B68002BF0D14B
:100640002B7823F002032B70F5F79AFE05B030BD2E
:1006500018430020D43A00202DE9F0415A4D2C686F
:100660002369D90737D4594E594F3268396812B3C4
:100670006069B04200F089802A6091421CD09442A7
:1006800052D08C4252D0534B62699A424ED020686D
:1006900009F0EAFA064609F0E9FAD4E90131361A16
:1006A000CB1A9E422F6860D82068BB683A68BDE8C4
:1006B000F04109F011BC29601B0745D52C60FFF7FC
:1006C000A7FF3368002BFAD09C422B602CD03968EE
:1006D0008B42D6D13BE0404E2068326843F00203A3
:1006E00023611369146843F00403136109F0C2FA2B
:1006F0000146204609F0B6FA3768386809F0B4FABE
:10070000044609F0B3FAD7E90123241A9B1A9C4244
:1007100041D833689968186809F01FFC2B681A697A
:100720000021920731600AD4BDE8F0812A680021D7
:10073000936812680846BDE8F04109F0CDBB18681F
:10074000BDE8F04109F043BC2B689C42ECD01E6828
:1007500009F07CFA011F304609F082FA3B681F4914
:10076000186809F07BFA39688BE72C6009F07EFA8B
:100770006068203626F01F0618BB304600F064FA89
:100780003118C4E901012F608EE7A069002818BF65
:1007900002462A6071E7D5F800802F6009F066FAFA
:1007A0007868203424F01F0440B9204600F04CFA49
:1007B0000444C7E90104C5F80080AAE700F06AFA1A
:1007C000F3E700F067FAD8E7C43A0020D43A0020F3
:1007D000E03A0020DC3A0020D03A0020310A030041
:1007E000034B1B78DB0701D5FFF736BF704700BF0F
:1007F0001843002070B5104D2A78D20714D504464E
:10080000FFF7A8FD064602F0DDF873692044F060AA
:1008100013B13046FFF78CFC30460849FFF7A0FCC7
:100820002B78DB0704D470BDBDE8704000F060BBDE
:10083000BDE87040FFF710BF18430020CC3A0020FD
:1008400000B583B0FFF74AFE18B9074B1B78DB07EA
:1008500002D403B05DF804FB0190FFF7FDFE0198A0
:1008600003B05DF804FB00BF1843002038B5284DE5
:100870002868436913B1FFF75BFC2868254C2146C3
:10088000FFF76EFC24684CB1A369002223B11C461B
:100890000132A369002BFAD1032A22DC2B68002243
:1008A0001A611C6809F0D2F90146204609F0DAF90C
:1008B00009F086F9184B29681A688A4225D04AB18E
:1008C000136A99421DD02BB11A6A91421AD013466D
:1008D000002BF9D109F066F9104B1B78DB070CD41B
:1008E00038BDE2692068936100F0D4F9606800F0D7
:1008F000D1F9204600F0CEF9D0E7BDE83840FFF747
:10090000ABBE13460A6A1A62E4E7126A1A60E1E7AC
:10091000C43A0020DC3A0020D83A002018430020D6
:10092000034B1B78DB0701D5FFF7A0BF704700BF63
:100930001843002010B50C468047A047044B1B7895
:10094000DB0700D410BDBDE81040FFF78FBF00BF2C
:1009500018430020034B1B78DB0700D47047FFF7D8
:1009600085BF00BF18430020002842D02DE9F04188
:10097000DFF8908098F80030DC0782B032D51E4F47
:100980003B680A4619694907054601D15C6A44B1CA
:10099000284601231949FFF7EDFD002002B0BDE80C
:1009A000F0811868019209F0FAFA3968019A0B6926
:1009B00013F0020618D143F0010310460B61A8475B
:1009C0003B6818695E6220F0010210F004001A61B1
:1009D000E4D098F8000010F00100DFD0FFF746FFE8
:1009E0003046DBE70648D9E723F003030B612046D6
:1009F000D4E76FF47A707047C43A002055090300B9
:100A000016FCFFFF1843002038B503461446104675
:100A10000D4698472046A847044B1B78DB0700D4B7
:100A200038BDBDE83840FFF721BF00BF18430020A4
:100A300008B5044CFFF7ECFD2378DB07FAD5FFF788
:100A40000BFEF7E718430020024B1878C0F3800034
:100A5000704700BF18430020054A137818B923F0E7
:100A600004031370704743F004031370704700BF12
:100A70001843002010B40024C460C0E900110272C1
:100A80005DF8044B704700BFF8B5194D2B78DA07B5
:100A900000D4F8BD044609F093F82668013E2660AC
:100AA00009F080F8002EF4DAFFF754FC436907469A
:100AB0000BB1FFF73DFB04F10C013846FFF750FB8B
:100AC00009F07EF823689E4208DD7B6913B1384641
:100AD000FFF72EFB38460749FFF742FB09F062F8A3
:100AE0002B78DB07D5D5BDE8F840FFF7B5BD00BFD3
:100AF00018430020D43A0020036810B5C4680133BD
:100B0000036054B1636913B12046FFF711FB20461F
:100B10000249BDE81040FFF723BB10BDD43A0020C6
:100B2000C36810B504462BB12046FFF7E5FFE36824
:100B3000002BF9D1237A0BB96368236010BD00BF85
:100B400000680028B4BF404200207047F8B50C4C44
:100B500005460E46277809F033F80A4A731B02EB64
:100B6000C7019B0843F0004342F837504E602B60AA
:100B700023780133237009F015F80020F8BD00BF79
:100B80001A430020E83A0020064B1B78834207D91D
:100B9000054B03EBC00253F830305068C01A704761
:100BA000002070471A430020E83A0020F8B5830778
:100BB0004FEA90063BD188B10D4609F001F8D5E91E
:100BC0000045771CA54206D92368002B07DB04EB00
:100BD0008304A542F8D808F0E5FF0020F8BD23F013
:100BE0000043990054F82320002A04EB01000DDB98
:100BF0000EE022F00042134443F00042226054F819
:100C000023209900002A04EB010001DA8542F0D884
:100C10009F4201D90C44D5E702369E4209D323688E
:100C200023F00043236008F0BDFF201DF8BD01360E
:100C3000C2E704EB8606B542F1D9DB1B43F0004363
:100C400046F8043C2760EEE738B5044640B10C4D49
:100C50002B783BB120460B49FFF7A8FF044658B15B
:100C6000204638BD0849094A086809491370FFF74A
:100C70006DFF01232B70EDE71420F0F7B7FDEFE7D0
:100C800019430020E83A00201C2100201A430020CC
:100C900000F80120A0B10E4B1A6882420DD25B68A9
:100CA00083420AD950F8043C002B10B5044608DDF5
:100CB00043F0004344F8043C10BD1E20F0F796BDFD
:100CC00070471E20F0F792FD54F8043CF0E700BF97
:100CD000E83A002038B501FB00F52846FFF7B4FFDD
:100CE000044628B101232A460360002114F0EAF8E3
:100CF000204638BD2DE9F04104461030884617469D
:100D00001E46BDF8185005F02BF90020E060C4E93C
:100D10000800A4F800806780A660A5802046BDE892
:100D2000F08100BF2DE9F843BDF82450089E044629
:100D30001030894690461F4645F0010505F010F930
:100D40000020C4E90800A4F80090A580A4F802805F
:100D5000C4E902762046BDE8F88300BF83889B077C
:100D600010B5044602D5806814F04AF8204610BD3C
:100D700082B070B586B00AA981E80C00036A4BB353
:100D80001C696CB1012200E01C4623690132002B72
:100D9000FAD1092A05DD06B0BDE8704002B07047FF
:100DA0001C460AAB0FCB02AD85E80F00182014F0EB
:100DB0002EF806AB064613E9030095E80C008DE813
:100DC0000300304605F0F2F8266106B0BDE8704039
:100DD00002B0704704460FC902AD85E80F00182025
:100DE00014F015F806AB064613E9030095E80C006D
:100DF0008DE80300304605F0D9F8266206B0BDE85C
:100E0000704002B0704700BFD0E9002303F10053E7
:100E1000013B10B402EBC304A24210D852F83330A5
:100E200099420CD8A21A22F007022346A21A03E024
:100E300053F8080D814202D893421C46F8D16068ED
:100E40005DF8044B704700BFD0E9002303F1005068
:100E5000013802EBC0039A4252F8300016D88142A2
:100E600015D89A1A22F0070210B49A1A03E053F820
:100E7000080D814206D893421C46F8D118685DF8E7
:100E8000044B704720685DF8044B7047704770470B
:100E9000D0E9002303F10050013802EBC0039A426D
:100EA00052F830001FD881421DD89A1A22F007024A
:100EB0009A1A9342184615D010B453F8084DA1421F
:100EC00006D8934218460BD053F8084DA142F8D9E2
:100ED00000685DF8044B081AB0FA80F040097047CA
:100EE0001868F6E71868081AB0FA80F040097047E9
:100EF00001F044BE01F012BEFEF78ABFFEF78EBFBE
:100F000038B50446074B036000254560FFF754F8E9
:100F1000E388054A258143F480532260E38020461C
:100F200038BD00BFBC700400E070040010B5044B75
:100F3000036000230446C380FFF7AEF8204610BDCF
:100F4000BC70040000897047807A704738B5036828
:100F500081720446DB6A98472368074A9B6A93427A
:100F6000054603D1A07AA072284638BD204698478E
:100F7000A072284638BD00BF490F030038B503688A
:100F800001810446DB6A98472368074A1B6A93423B
:100F9000054603D120892081284638BD2046984740
:100FA0002081284638BD00BF450F0300F8B5044630
:100FB0000025154B036045600E461746FEF7FCFF03
:100FC00094F8363066624FF00112C4E90E22022115
:100FD00003F0F90365F3C3030C4E2563142084F872
:100FE0004050A1722081E560C4E90455C4E906556A
:100FF0002562A780E580A586A4F8425084F83630A3
:1010000026602046F8BD00BFBC70040008710400D3
:10101000C16811F5C87FF0B480F2848090F8363052
:1010200013F0020340F08680046914F5C87F66DA85
:1010300090F8362012F0040269D1456915F5C87F91
:1010400031DA90F8362012F0080234D0B2FA82F386
:1010500090F8366090F840205B0963F3C30680F88F
:101060003660032A08D80132D2B2012A80F8402023
:1010700000F08B80042A77D0B0F8423090F83660C8
:1010800001339BB216F00107A0F8423062D01D2B4D
:1010900017D900236FF3000680F83660A0F84230BD
:1010A00080F840300DE0B5F5C87F04DD90F83620BB
:1010B00012F00802CAD090F84020002BD1D1002AAB
:1010C000DAD104FB04F301FB0133334A05FB05339A
:1010D00093423CD911F5487F51DBB1F5487F51DC93
:1010E00014F5487F54DBB4F5487F3BDC15F5487FA9
:1010F00050DBB5F5487FD4BF0020062028E0B4F5CA
:10110000C87F9ADD90F8362012F0040295D1B2FA29
:1011100082F390F836205B0963F3820280F8362070
:1011200001238AE7B1F5C87F0FDD90F8363013F060
:1011300002030AD190F83620B3FA83F35B0963F314
:10114000410280F8362001236EE700236CE7072078
:10115000F0BC7047092BB4D9013A80F84020A0F8C0
:101160004270AEE70120F3E790F83630002243F0FA
:10117000010380F83630A0F842200B20E8E7032076
:10118000F0BC70470420F0BC7047A0F8422098E7FC
:101190000220DDE70520DBE7FF700200D0E9033223
:1011A00030B502FB02F2456903FB032305FB05355D
:1011B000B5F5800F85B0044616D9038F002B4DD0AE
:1011C000B5F5100F25D8012384F831302046FFF7FC
:1011D0001FFF0B2814D0A38E834231D00023A0869A
:1011E00084F8303005B030BD90F83130042B56D93A
:1011F0000023C0E90E332046FFF70AFF0B28EAD18F
:101200006086024601230D21684604F089FE05B080
:1012100030BD638F002B39D0B5F1107FD3D9A38FA8
:101220005BB3B5F1806FCED9E38F002BCBD1012317
:101230000A220D21684604F073FE0123E387C2E70A
:1012400094F83030628E042B14D80133DBB2904214
:1012500084F83030C6D0052BD2D0C3E701230C224E
:101260000D21684604F05CFE0123B5F5100F2387BD
:10127000A9D9CEE79042C3D1B4E7012309220D21B9
:10128000684604F04DFE0123A387CAE70123082224
:101290000D21684604F044FE01236387BCE7013357
:1012A000DBB291E730B5D0E908218BB002AD0092F6
:1012B00000F1180304460CCB284604F0FFFD95E826
:1012C0000700E38804F10C0523F0020385E807001A
:1012D000E3802046FFF762FF0123A1881A4606A893
:1012E00004F01EFE00200BB030BD00BF10B5036837
:1012F00004461B6B9847E06810BD00BF10B503683B
:1013000004461B6B9847206910BD00BF10B50368E9
:1013100004461B6B9847606910BD00BF036810B599
:1013200004461B6B9847E3889B0702D42046EBF7E3
:10133000AFFBA06A10BD00BF036810B504461B6B6D
:101340009847E3889B0702D42046EBF7A1FBE06AAD
:1013500010BD00BF408E704710B5044B03600023E2
:101360000446C380FEF798FE204610BDBC70040002
:1013700000897047F0B50446416BA26BE36B2769A7
:10138000656900F13406C068D71B5D1BD4E90723EB
:10139000081AA16902FB07F201FB00F18812921200
:1013A0008BB0C4E90D0203FB05F39B12216CE363D0
:1013B00002AD009396E80C00284604F07FFD95E806
:1013C0000700012304F1280585E80700A1881A46D3
:1013D00006A804F0A5FD00200BB0F0BD38B50368E9
:1013E00001810446DB6998472368074A5B6A934298
:1013F000054603D120892081284638BD20469847DC
:101400002081284638BD00BF711303002DE9F0414B
:10141000124B036000250446456088461746104E6F
:10142000FEF7CAFD4FF4806314204FF480512081F1
:10143000C4F84080C4E903556561C4E90955C4E9AD
:101440000B55C4E90D55E5636564A7802660E1800E
:10145000C4E9063323622046BDE8F081BC70040075
:10146000487104002DE9F843036804469B6A9847D5
:10147000A06A12F023FF8046E06A894612F01EFF40
:101480000646206B0F4612F019FF424604460D46F1
:101490004B464046494612F07BFF3246804689461D
:1014A0003B463046394612F073FF02460B46404633
:1014B000494612F0B7FD224606460F462B46204607
:1014C000294612F065FF02460B463046394612F0B7
:1014D000A9FD10F093FB13F00BFABDE8F88300BFF1
:1014E00030B5C58815F0040585B023D103680446DE
:1014F0009B6A9847E388E56023F002034FF480621B
:1015000043F00403E380C4E9062222620123C4E914
:10151000045565620322A188684604F001FDE38852
:10152000054813F0020F23F00403E38018BF0020E6
:1015300005B030BD0148FBE714FCFFFF15FCFFFFC1
:1015400084B070B404AC84E80E0006460FCC06F1FB
:101550000C050FC594E80700F38843F0020385E803
:101560000700F38070BC04B0704700BFC08800F073
:10157000020070474164704770B50B6882B0054641
:101580000C4608469B6A16469847D4E90F310196E7
:1015900000933434284694E80C0004F045FC2846B7
:1015A00002B070BD10B5036804469B6A9847A06AF4
:1015B00010BD00BF10B5036804469B6A9847E06AF7
:1015C00010BD00BF10B5036804469B6A9847206BA6
:1015D00010BD00BFC288510711D4930710B504464F
:1015E0000AD5636C20461BB1BDE81040EBF710BB79
:1015F000BDE81040EBF780BBFFF772FFF1E7014851
:10160000704700BF15FCFFFF10B5044B03600023BB
:101610000446C380FEF740FD204610BDBC700400A8
:101620000089704740897047FF299ABF01730020E5
:101630006FF47A70704700BF007B7047704700BF3F
:1016400010B50A894C8982B00023CDE900241031FD
:101650001A46044604F00AFF204602B010BD00BF3F
:1016600010B5074B044640F8103B04F0B3FC054BA3
:10167000236000232046E380FEF70EFD204610BDC8
:1016800080710400BC700400094B10B5044640F89A
:10169000103B04F09FFC074B23600023E3802046AF
:1016A000FEF7FAFC204613F0ABFB204610BD00BF4E
:1016B00080710400BC700400F8B50C4D0560002575
:1016C000044645600E4615461F46FEF775FC20464B
:1016D000074B40F8103B2AB231B204F04DFDFF2217
:1016E0002273A780268165812046F8BDBC70040066
:1016F000807104006FF47D70704700BF6FF47D70DF
:10170000704700BF6FF47D70704700BF6FF47D704D
:10171000704700BF10B584B004AB046803F8012D16
:1017200000220092246A1A460123A04704B010BD8B
:1017300010B584B004688DF80C20002200928DF85A
:101740000D30246A022303AAA04704B010BD00BFD5
:1017500010B5012384B00468CDE900330DF10F0307
:10176000E46AA04708B99DF80F0004B010BD00BF9F
:10177000F0B585B004469DF82C508DF80F201F461B
:1017800002680E4685B101230093156A0DF10F0220
:10179000A84738B9236800909D6A0A9B3A463146AB
:1017A0002046A84705B0F0BDD3699DF80F209847A3
:1017B000EFE700BF2DE9F84F9DF82870002A3CD0D4
:1017C000002B3ADD88460168DFF874901E468B686E
:1017D0004B458246144628D10D69DFF868B05D4557
:1017E0001BD1264405E00134A6420AD0DAF80030C5
:1017F0001D695D45F7D0217850460134A847A642BF
:10180000F4D117B10020BDE8F88FDAF80030DB68BA
:101810004B450ED13846BDE8F88F5FFA88F1504647
:10182000A847DAF800301D69DBE79847DAF80010BE
:10183000D2E7504698473846E5E76FF47A70E2E71A
:10184000051703000D1703002DE9F04F83B09DF835
:101850003090002A5AD0002B984657DD05689246F2
:10186000AB682C4A934206463DD12B692A4FBB42B6
:1018700041D1B8F1010F1BD0A8F102080AEB080B07
:101880000AF1FF3405E00B2004F8010FA3450BD04B
:1018900035686D69BD42F6D000213046A847C0B218
:1018A00004F8010FA345F3D108F101083568C244DB
:1018B0006B69BB4212D10B208AF80000B9F1000F0E
:1018C00003D0002003B0BDE8F08F3368114ADB6815
:1018D000934217D1484603B0BDE8F08F012130464E
:1018E0009847C0B2E8E70191984735680A4F2B69DD
:1018F0000199BB42BDD041F00101C9B230469847C1
:101900003568B6E7304698474846DBE76FF47A70AB
:10191000D8E700BF051703000D170300024A026055
:101920000022027142717047C07104006FF47D7033
:10193000704700BF407970474171704719B30B6819
:10194000934214D070B50E461446054623B11A686A
:101950000E49126E8A420CD134B123680C4ADB6DF9
:1019600093420BD100232B713460002070BD002006
:10197000704718469047002CEFD1F5E72946002222
:1019800020469847F0E76FF47A707047D9950200C7
:10199000D59502000EB42DE9F04787B00FAB054690
:1019A00053F8046B0093317849B125290CD02B688A
:1019B00001369B692846984731780029F5D107B050
:1019C000BDE8F04703B07047009B7178D3F80090F2
:1019D000632903F10403009306F102067ED015D9B2
:1019E000732969D0782964D0642941D02B683F21BC
:1019F0009B69284698472B683F219B692846984752
:101A00002B683F219B6928469847CCE725294BD076
:101A10005829EBD14FF000081C2708244FF0000A8A
:101A200010E0B8F1000F3CD003F157012B682846B5
:101A30009B6998474FF0010A013C14F0FF04A7F19D
:101A40000407B0D029FA07F303F00F0303F13002C3
:101A5000392AD1B2E5DC302AE8D130212846BAF162
:101A6000000F01D1012CE7D12B689B699847E3E770
:101A7000002301A94846CDE90133CDE9033305939D
:101A8000FEF794F99DF8041000298CD00DF105049F
:101A90002B6828469B69984714F8011B0029F7D149
:101AA00081E703F13701C1E72B6828469B69984716
:101AB00079E74FF00108AFE799F8001009F1010943
:101AC00000293FF470AF2B6828469B69984799F826
:101AD000001009F101090029F5D164E72B685FFACC
:101AE00089F19B69284698475DE700BFC389DB06FB
:101AF00000D4704710B5044684B0818901230422C4
:101B0000684604F00DFAE38923F01003E38104B082
:101B100010BD00BFA0F10800FFF7E8BFC3895B0755
:101B20003DD52DE9F0418369B3F90270002F84B0EF
:101B30000E46054615DD00F11808002401E0A74215
:101B40000FD021B2404604F0B5FEB04204F10104CA
:101B5000F5D101231A46A989684604F0E1F9A742A4
:101B6000EFD1EB8C95F82410288D5A1C92FBF1F3E1
:101B700001FB13239BB2984212D0EA8C296A92B2DD
:101B80008E54EA69EB84002A02DBEB8C9A4210D077
:101B9000EB8943F01003EB8104B0BDE8F08170479E
:101BA000A98901230322684604F0BAF904B0BDE80C
:101BB000F0814FF0FF33EB6102220123A9896846CF
:101BC00004F0AEF9E4E700BFC3891B0700D47047F7
:101BD00030B5838EC16A02689BB20446C95C9269C3
:101BE00085B09047A58E94F83020618E6B1C93FBD6
:101BF000F2F502FB1535ADB2A94202D0A58605B0BB
:101C000030BD0123022240F2FF31684604F088F91A
:101C1000236801219B6820469847EFE72DE9F047AC
:101C2000B2F1000A054629DD9946408E01F1FF38E0
:101C3000002608E0EB6A18F8012F1A540136B24565
:101C40006C8620461BD095F83070AA8E431C93FBFF
:101C5000F7F407FB1434A4B29442EBD12B680121B2
:101C60005B6828469847B9F1020F1FD0B9F1010F00
:101C70000DD0B9F1000F02D0688EDBE700262B688B
:101C800028465B68012198473046BDE8F087688E9A
:101C900006E095F83030AA8E03449B1A002BC9DD6C
:101CA000AB8E9842F5D3AB8EC31AF7E7494640F2A4
:101CB000FF30FEF7C5FD688EBCE700BFC3895A0739
:101CC00070B5044607D5036800219B689847206AD1
:101CD000FEF7E0FFE38994F8240023F004039DB2AB
:101CE000E581FEF7B1FF206260B12368002645F070
:101CF00004055B68E581E6842685204631469847E1
:101D0000304670BD6FF47B7070BD00BF38B5C389BD
:101D10001A07054607D5036801219B689847E86ABA
:101D2000FEF7B8FFEB8995F8300023F008039CB26A
:101D3000EC81FEF789FFE86230B1002044F008042E
:101D4000EC816886A88638BD6FF47B7038BD00BF13
:101D50002DE9F0470446224D25602248A060002569
:101D600004F1080025716571E560884617469946BB
:101D70009DF82060BDF824A0FEF71EF91A4AC4F8A9
:101D8000108002F1080340322360A260676104F111
:101D9000180004F04FFD09F101094FF0FF3301363F
:101DA000E361E584424604F1100184F8249084F84C
:101DB0003060A4F80CA02562E56225856586A586BD
:101DC0002046FFF7BBFD3A4604F114012046FFF719
:101DD000B5FDE38943F48043E3812046BDE8F08705
:101DE000FC710400BC700400007204002DE9F04195
:101DF000C789BC071DD4002A1DDDE1B1984647F014
:101E00000203C3813B07044615460E460BD54346E5
:101E10002A4631462046FFF701FFE38923F00203FB
:101E2000E381BDE8F081FFF771FF0028EFD0BDE846
:101E3000F0810248F5E76FF47A70F2E70DFCFFFFDE
:101E400010B40C681346211DB4F902205DF8044B50
:101E5000FFF7CCBF38B50B1E07DB1D460368DB68F8
:101E60000446984700B9A56338BD6FF47A7038BD51
:101E7000C38913F0030F60D143F0030370B5044628
:101E8000C38115460E460A4600F11001FFF756FDC4
:101E90002A4604F114012046FFF750FDA28E638EFE
:101EA00093423DD3A28E9B1A2268002B926804DDD8
:101EB00001212046904723689A68002120469047D8
:101EC0002B681F4A5B6C934233D123682A46314604
:101ED0001B6920469847236800215B682046984785
:101EE000A28E638E934221D294F83020A18E1344A7
:101EF0005B1A002B04DD236801215B6820469847AC
:101F0000A56B002D06DB23682946DB682046984731
:101F100000B9A563E38923F00303E381002070BDCA
:101F200094F83020A18E13445B1ABDE7A28E9B1A51
:101F3000DFE7022128469847C7E70248704700BFFD
:101F4000759502000DFCFFFF012A20D0022A38B54A
:101F50000AD0C38C90F82420194491FBF2F302FBC1
:101F60001311C161002038BD05460C468089114619
:101F7000FEF7B4FAE98C95F82420214491FBF2F3A2
:101F800002FB1311E961FEF72BFC002038BD6FF452
:101F90007A707047012A0FD038B5144605461830BC
:101FA00004F04EFC022C01D0002038BDA88901218C
:101FB000FEF746FC002038BD6FF47A70704700BF12
:101FC0002DE9F04F87B0CE8900AFF507C7E90130A2
:101FD00060D474078946154640F1D780B9F828A027
:101FE000B9F8263046F001069A45A9F80E6058D097
:101FF0002B68D9F82010B3F902205646731C002A2A
:1020000011F80680FB602ADD4FF0000B4FF0FF3423
:102010000FFA8BF1284604F04DFC2A68B2F9022031
:102020000BF1010B404508BF34465A45F0DC99F8E6
:102030002430F968B9F8268091FBF3F61FFA88F886
:1020400003FB1616B04500F0A880601C54D1D9F8E7
:102050002010731C002A11F80680FB60D4DC99F86C
:102060002430F868B9F8268090FBF3F61FFA88F858
:1020700003FB1606B045C1D17B68012B00F09480AC
:102080007B68022B13D0B9F80E60B86826F0010601
:10209000A9F80E6004F0CEFBB8681C37BD46BDE859
:1020A000F08F7B68012B00F0BA80022BEDD129461E
:1020B00007F1140004F0B6FB07F1140102224846B0
:1020C000FFF768FF07F1140004F01AFBB9F8264087
:1020D00014F1FF3402D299F82440013C07F11400B6
:1020E00004F0A8FB07F1140109F1180004F0A8FBA3
:1020F00007F1140004F004FB002CB9F80E60C4DBF7
:1021000099F824505445BABFA5EB0A0BA344A4EB9D
:102110000A0B0BF1080323F00703E846ADEB030DB0
:10212000002168460BF10102A4B212F0CBFEA245D9
:102130006946D9F820000FD00DF1FF320AF1010CE9
:102140009CFBF5F305FB13C310F80AC002F801CF9E
:102150001FFA83FA5445F1D1B9F82830B868013331
:102160005B4426F0010693FBF5F205FB1235A9F856
:102170000E600FFA8BF2A9F8285004F039FBC5461F
:10218000B8681C37BD46BDE8F08F0846FFF796FDDE
:10219000002837D1B9F80E6020E77B68012B29D1E0
:1021A000611CA9D1D9F82010B9F826309845FBD088
:1021B00008F10103002A11F80860FB6027DD4FF0E9
:1021C000000B4FF0FF340FFA8BF1284604F072FB3E
:1021D0002A68B2F902200BF1010BB04208BF444655
:1021E0005A45F0DC99F82430F96891FBF3F803FBC9
:1021F0001818D5E77B68022B7FF47EAF631C7FF451
:102200007BAF54E70146B86804F09AFAB8E799F84A
:102210002430F86890FBF3F803FB1808C4E72B6838
:10222000D9F82010B3F90220D046BDE7C3895B0777
:1022300010B5044605D5E38C208DC01A18BF0120C7
:1022400010BDFFF73BFD0028F5D010BD38B50446A2
:10225000F9B101290D4610D12046FFF7E7FF00280C
:10226000FAD0238D226A94F82410D05C013393FBBA
:10227000F1F201FB1233238538BD0229F1D1FFF7BA
:10228000D5FF0028EDD12A4601212046FFF75CFE4C
:10229000E7E7FFF7CBFF0028E3D1014838BD00BFD7
:1022A0000CFCFFFF38B5C389DA0712D443F00102F2
:1022B0005B0704460D46C28102D4FFF7FFFC38B924
:1022C00029462046FFF7C2FFE38923F00103E3819B
:1022D00038BD014838BD00BF0DFCFFFFB0F80EC08F
:1022E0001CF0010F2DE9F0416AD198461CF0040F53
:1022F0004CF00103064617460D46C3812BD0B8F1BA
:10230000000F11D1002F59DD013D444604E0013496
:10231000A74205F8010F17D000213046FFF796FFBE
:1023200010F57D7FF3D10FE0B8F1010F1CD1002F24
:1023300044DD6C1EE51901213046FFF787FF04F8E4
:10234000010FAC42F7D13C46F38923F00103F3813E
:102350002046BDE8F081FFF7B1FC04460028F7D124
:10236000B8F1000FCED0DFE7B8F1020F26D1F38C21
:10237000318D994285BF96F82430F28CF38C9B18EE
:102380005B1A9F420DDDF38C994285BFF28C96F863
:102390002430F38C9B18591A791A02223046FFF721
:1023A000D3FD002F0ADD6C1EE51902213046FFF730
:1023B0004DFF04F8010FAC42F7D1C4E70024C3E796
:1023C000004CC5E70DFCFFFF2DE9F0411446083233
:1023D00022F0070200AFADEB020D0E469846621CDC
:1023E00000210546684612F06DFD434622466946C7
:1023F0003046FFF773FF002808DD02B26946284621
:1024000004F0F6F92846BD46BDE8F081284604F000
:1024100011FA2846BD46BDE8F08100BFC389DA073E
:1024200012D4FF2918BF013110B543F0010304464F
:1024300018BFC9B2C38180F82410FFF73FFCE389BD
:1024400023F00103E38110BD004870470DFCFFFF3E
:10245000C3899A0712D4FF2918BF013110B543F080
:102460000203044618BFC9B2C38180F83010FFF7D9
:102470004DFCE38923F00203E38110BD004870475F
:102480000DFCFFFF90F82400704700BF828E438E42
:10249000934237BF90F83020808E808E9B18181A98
:1024A000704700BF0A4B10B503F1080240330446E1
:1024B00002608360183004F023F9064BA360002308
:1024C00004F10800E381FDF7E7FD204610BD00BFE1
:1024D00000720400BC70040008B5C06803681B6B80
:1024E0009847002008BD00BF08B5C06803689B6A14
:1024F0009847002008BD00BF2DE9D8470446924602
:10250000994607F05DFBE66894F811803468304620
:10251000A36CE76B98474B465246002B08BF0A2A2C
:1025200038BF0A22024441463046B847BDE8D84782
:1025300007F038BB70B5044607F042FBE06803685B
:102540009B6C9847D4E90151D4E908236060401B93
:102550001518084443F10006B0F57A7FC4E908561F
:10256000A0600CD3D4E906230132A0F57A7043F1C0
:102570000003B0F57A7FF7D2C4E90623A060BDE876
:10258000704007F00FBB00BF2DE9F84F1646426BB5
:10259000BDF82880BDF82C909DF830A0002A10DDF1
:1025A000C46A1F46238A83B104F11803002102E0A4
:1025B00033F8085C4DB1013191421C4603F1180318
:1025C000F6D16FF47B70BDE8F88F0546FFF7B2FFD8
:1025D000D5E9082312EB060B43EB070CBAF1000F09
:1025E00022D1002001460D9BA4F81080C4E900010F
:1025F000C4E902BCA4F81290636107F0E1FA296B08
:1026000039B1D4E90223D1E902018B4208BF8242E9
:1026100005D22C6332463B462846FFF76DFF07F094
:10262000C1FA0020BDE8F88F30463946DBE700BF2D
:102630002DE9F003456BC36A00218D4201631EDD65
:102640000A461C8A013254B139B1D3E90267D1E993
:1026500002894F4508BF464501D203631946AA4285
:1026600003F11803EDD151B1036A8A68D21A0A2A1C
:10267000B8BF0A22D317BDE8F003FFF73DBFBDE89E
:10268000F00370472DE9F04F83468BB059B1C46811
:10269000067C236820469A6CDD6B9047394A3146A8
:1026A00002442046A8475846FFF744FFDBF8342091
:1026B000DBF82C40002A49DD0025AA461CE0D4E9BD
:1026C000006756EA0701628A46D1DBF83000002134
:1026D000A042218247D001210291CDE9008919460B
:1026E00006A803F02DFCDBF834200AF1010A0135BD
:1026F000AA4204F1180426DD238A002BF7D0D4E97E
:102700000201DBE90889894508BF8045CDE904015C
:10271000D5D26369DB07EAD5FEF796F960B1DBE94C
:102720000801194ED4E9022336184FF000074F4133
:10273000BB4208BFB24219D3DBF834200135AA42AC
:1027400004F11804D8DCBAF1000FB1D15846FFF7F4
:102750006FFF0BB0BDE8F08FDDE90401801979410E
:10276000C4E90201B7E7CBF83010B4E70123CDE9A3
:1027700000010293052240F2FF3106A803F0E0FBBE
:10278000DAE700BF80969800A0860100074B1B681F
:1027900053B1197C084110F00101184601D1FFF72F
:1027A00071BF0121FFF76EBF704700BFF43A0020F0
:1027B000426BC36A02EB420203EBC20293424FF048
:1027C000000025D2198AF9B15969C9071CD5D0B1C1
:1027D000F0B4D0E90245D3E90267AF4208BFA64290
:1027E00038BF184618339A420BD9198A0029F9D0F4
:1027F0005969CC07F6D50028EBD1184618339A4210
:10280000F3D8F0BC7047184618339A42DAD87047AC
:10281000704700BF2DE9784804460D4607F0D0F90F
:10282000E06803689B6C9847636860600646D4E97B
:102830000801A268F31A10EB030B134441F1000CDA
:10284000B3F57A7FC4E908BCA3600CD3D4E90601D0
:102850000130A3F57A7341F10001B3F57A7FF7D225
:10286000C4E90601A360E06803681B6B984707F0A2
:1028700099F90023C5E90063D4E90801BDE8788827
:102880002DE9F84FDDE90A890446154607F098F965
:1028900058EA090330D0D4E9082312EB080043EBCF
:1028A0000901C4E908014FF47A7200234046494601
:1028B00012F0B6F8D4E9066716EB000A47EB010BF5
:1028C000C4E906AB404649464FF47A72002312F041
:1028D000A7F8A3681A44B2F57A7FA2600BD31AF165
:1028E000010AA2F57A724BF1000BB2F57A7FF6D2AB
:1028F000C4E906ABA26065602046FFF71BFED4E981
:102900000889636BE56A03EB430305EBC30C18F11D
:102910000A0A4FF0000349F1000B6545236314D305
:1029200033E05B4508BF524501D2C5E902AB236BDA
:102930003BB1D3E90201D5E902238B4208BF8242B1
:1029400000D225631835AC451FD92B8A002BF9D04E
:10295000D5E9006756EA0701D5E90223E1D012EB79
:10296000060843EB0709D94508BFD04502D3DEE787
:102970008046894616EB080047EB0901594508BF18
:102980005045F5D3C5E90289D1E7E06803689B6C3F
:1029900098470546E068094A0368217CDB6B2A44B6
:1029A0009847236B33B1E068617C036805F10A0244
:1029B000DB6B9847BDE8F84F07F0F4B880969800B5
:1029C000704700BF064B10B51C682CB12046FFF7BE
:1029D000B1FDD4E9060110BD0020002110BD00BFEB
:1029E000F43A0020064B10B51C682CB12046FFF7C6
:1029F000A1FDD4E9080110BD0020002110BD00BFD9
:102A0000F43A002070B50A4C266884B076B11D46B1
:102A100014460B460246012108980390CDE9004573
:102A200030460291FFF7B0FD04B070BD0148FBE7EE
:102A3000F43A002016FCFFFF70B50E4D2C68B4B1BF
:102A40002046FFF777FD0C4B266A42F2107098473C
:102A50002C682046FFF76EFD236A0849053B9B1B47
:102A600042F210720020B2FBF3F30B6070BD044819
:102A700070BD00BFF43A0020C5200020F03A0020CD
:102A800016FCFFFFF8B50D46437416460A231E4A8E
:102A90001E49016004464363C56006740121F020AD
:102AA0001460FEF717F92B68194FDA69E06200210C
:102AB00000202163BA424FF00001C4E90601C4E9D5
:102AC00008011AD1134AEA603146134ADB6B2846E3
:102AD0009847E06803685B6A9847E06803680022EB
:102AE0009B6CA2609847E36860601A681846936A16
:102AF0009847FFF7A1FF2046F8BD284605499047B3
:102B0000E5682B68E0E700BFF43A00206472040037
:102B1000B56502008D270300809698002DE9F843E3
:102B2000124D2E6806B3124B04461868A8B93046F9
:102B3000FFF700FDD6E9086716EB040847F1000926
:102B40002C682046FFF7F6FCD4E908234B4508BF64
:102B50004245F5D30020BDE8F88304FB00F0054BA7
:102B600098470020BDE8F8830348F4E7F43A0020D2
:102B7000F03A0020C520002016FCFFFF4FF47A73C6
:102B800003FB00F0FFF7CABF064B1B681BB10146F1
:102B90001846FFF73FBE00220023C0E90023194674
:102BA00010467047F43A002070B5094C266882B090
:102BB0005EB114461D4602460B463046CDE900453F
:102BC000FFF75EFE002002B070BD0248FBE700BFC9
:102BD000F43A002016FCFFFF084B1B685BB110B5F0
:102BE00004461846FFF7E4FD20B1D0E90223C4E90A
:102BF0000023012010BD1846704700BFF43A0020A2
:102C0000C3880D4A23F4005310B504460260C38004
:102C10002C3003F0DFF904F1240003F071FD04F11E
:102C20001C0003F06DFD054B236000232046E3806C
:102C3000FDF732FA204610BD74720400BC70040027
:102C400010B50446FFF7DCFF204612F0D9F8204605
:102C500010BD00BFF8B50025164B03600446456063
:102C60000F461646FDF7A8F9134B2360A76004F141
:102C70000C0003F0A5F804F11C0003F0DBFD04F1E7
:102C8000240003F0D7FD04F12C0003F0ABF94FF45E
:102C9000405384F8225084F83250A6802575E5828E
:102CA000258325842585258684F83350E3802046B6
:102CB000F8BD00BFBC7004007472040000B50123AD
:102CC00085B081881A46684603F02AF901236846D0
:102CD0001A4640F2FE3103F023F905B05DF804FB1B
:102CE0002DE9F843044680680121103003F08EFB83
:102CF00094F92230042B06DCE269B4F92010B2F911
:102D000002208A421ADCA06801335DB284F82250A6
:102D10000368DB6998470130854201D0BDE8F8833C
:102D2000E369002284F82220B3F90210B4F92030BC
:102D3000994236DD01332384BDE8F88304F11C0099
:102D400003F0B8FD04F10C050146284603F04AF8EB
:102D5000064660B3A06894F922700268C7F10403C4
:102D600001279F40D3699847354600F1FF38A06896
:102D7000FFB25FFA88F805366FEA050915F8013BDE
:102D80003B4204D1AE42F9D194F92230BCE709EBC1
:102D90000502103012B2FF23414603F063F9A06828
:102DA000F0E722752046BDE8F843FFF787BF2846C5
:102DB000202103F017F80646CCE700BF38B50446DB
:102DC000436AB4F92810B3F9023080688B4200F1ED
:102DD00010050FDC202100231A46284603F0D0FA04
:102DE000626AB4F92830B2F902209A4208DB013352
:102DF000238538BD04F1240003F05CFD0146EAE7B9
:102E0000002323752046BDE83840FFF757BF00BFB9
:102E100010B50446806882B0103003F019F9A0683C
:102E2000B4F930200023103004F12C01009303F09A
:102E300011FA50B994F833303BB100232046237582
:102E400002B0BDE81040FFF739BF94F93230002BD3
:102E5000F3D0218E01220B44238684F8332002B064
:102E600010BD00BF30B504468068B4F93050036827
:102E700083B0DB699847E36A94F932105B88CB1A18
:102E8000184485420DDC94F8333053B1237D062B72
:102E90002ED000232046237503B0BDE83040FFF755
:102EA0000DBFB4F93020A068002A00F1100010DC3A
:102EB0000023009304F12C0103F0CCF994F9323093
:102EC0007BB1218E01220B44238684F8332003B08A
:102ED00030BD494203F09AFAA068B4F930201030AE
:102EE000E6E723752046FFF7E9FE94F93230E8E77C
:102EF000A068103003F0ACF8CBE700BF037D0022E0
:102F0000022B10B5044602831CD0237D032B1ED058
:102F1000237D042B21D0237D052B06D0237D062B7A
:102F200003D0237D072B06D010BD2046FFF79AFF64
:102F3000237D072BF8D1002323752046BDE81040E0
:102F4000FFF7BCBEFFF7CCFE237D032BE0D120466C
:102F5000FFF734FF237D042BDDD12046FFF758FF18
:102F6000D9E700BF037D33B1038BC18A04339BB221
:102F70009942038300D97047FFF7C0BF10B5037DA6
:102F800084B0044673B1012300220275A1881A4659
:102F9000684602F0C5FF012368461A4640F2FF3139
:102FA00002F0BEFFA068103003F052F804B010BD6C
:102FB00010B5012104460720FDF742FC064B98425C
:102FC00005D010BD237D012BFBD006F001FE237D33
:102FD000002BF7D110BD00BF16FCFFFF38B5151E42
:102FE00016DB037D13B1037D012B0FD104468068EE
:102FF000002310301A4603F0C3F92DB10020072337
:10300000E5822083237538BD284638BD024838BD87
:103010006FF47A7038BD00BF12FCFFFF70B582B04C
:10302000079D002D1BDB047D14B1047D012C14D100
:10303000069E04468068F6B21BB212B210300096AB
:1030400003F008F935B100200723E58220832375BA
:1030500002B070BD284602B070BD0248F8E76FF4B8
:103060007A70F5E712FCFFFFF8B5151E21DB037D32
:103070000F4604463BB909E0012140F2FF30FDF75D
:10308000DFFB237D13B1237D012BF5D1237D03F0DD
:10309000FF0663B939462A462046FFF79FFF25B150
:1030A0002046FFF785FF3046F8BD2846F8BD0248A8
:1030B000F8BD6FF47A70F8BD11FCFFFF2DE9F04305
:1030C00085B00D9E002E36DB9846037D1746894657
:1030D000044673B1037D012B03D10AE0257D012D48
:1030E00007D0012140F2FF30FDF7AAFB257D002D1E
:1030F000F4D1237D03F0FF05DBB9494603A802F0B4
:1031000077FF0C9B0093019643463A4603A920465D
:10311000FFF784FF03A802F05DFF36B12046FFF7FA
:1031200047FF284605B0BDE8F083304605B0BDE84E
:10313000F0830248F6E76FF47A70F3E711FCFFFFC3
:1031400070B5161E14DD037D13B1037D012B0DD167
:103150000025044680F8225005841C3003F070FBE3
:10316000022325832846E682237570BD024870BD80
:103170006FF47A7070BD00BF12FCFFFFF0B5161E31
:1031800083B026DD037D0F4604463BB909E00121EB
:1031900040F2FF30FDF754FB237D13B1237D012B5B
:1031A000F5D1237D03F0FF058BB9394601A803F063
:1031B00039FB324601A92046FFF7C2FF01A803F000
:1031C0009FFA2046FFF7F4FE284603B0F0BD024800
:1031D000FBE76FF47A70F8E711FCFFFFF0B583B0FE
:1031E000171E089E2FDD047DFCB916F1FF0F044663
:1031F000C3F100051ED036B284F83250268604F1A1
:103200002C0002F015FF099B002D18BF3D46002B36
:1032100007F1FF320CBF052306230020E58222833D
:10322000237584F8330003B0F0BD047D012CDCD09D
:103230000648F8E7806801910368DB6998474619FA
:1032400036B20199D8E76FF47A70ECE712FCFFFF11
:103250002DE9F041161E84B031DD1F46037D8846FE
:10326000044673B1037D012B03D10AE0207D0128C0
:1032700007D0012140F2FF30FDF7E2FA207D00285F
:10328000F4D1237D03F0FF05BBB9414603A802F04A
:10329000AFFE0B9B01930A9B009332463B4603A96A
:1032A0002046FFF79BFF03A802F094FE2046FFF79D
:1032B0007FFE284604B0BDE8F0810248FAE76FF4CB
:1032C0007A70F7E711FCFFFF10B5054B03F1080218
:1032D000383304460260C360FDF728FE204610BD67
:1032E0009072040010B5074B03F10802383304460E
:1032F0000260C360FDF71AFE204611F081FD2046F2
:1033000010BD00BF90720400C28838B5047C22F45E
:1033100000520025C280CD6014B103689B699847B4
:10332000002038BDA0F10C00FFF7EEBFC388DB041E
:1033300000D470472DE93048036888B05B6A0446C2
:103340009847227EE38878B10B2A04D80132D2B2A2
:10335000082A22760ED9D9071ED503F00305012DC0
:103360002CD008B0BDE8308832B1013AD2B2082A78
:103370002276F0D8012AF0D8DA07EED523F003033D
:10338000E38002220123A188684602F0C9FD657E20
:10339000012D2CD0E388E0E743F001020123E28015
:1033A000A1881A4604A802F0BBFD238901332381BA
:1033B000FFF708FB227EE3886061DBE7FFF702FB93
:1033C0006369B0EB030B61F1000C002340F2DB52A8
:1033D000634508BF5A45C4D2E288A18842F0020280
:1033E000E2802B46052204A802F09AFDB9E7FFF718
:1033F000E9FA6369B0EB030B61F1000CBCF1000F5B
:1034000008BFBBF57A7F2B462CBF04220322A1887C
:1034100004A802F085FDBDE710B5044684B0E9B903
:10342000C269D288930502D4002004B010BD03689D
:103430005B6A98470028F7D0E288A188012342F010
:1034400001020320E28020761A46684602F068FDF9
:1034500001232381FFF7B6FA6061E5E7C288002106
:1034600022F00302C28001810176002004B010BD69
:10347000C16938B5CB6800F10C05AB421CD00446DD
:1034800023B11A68184612689047E169A27ECB887A
:10349000CD60012A0CBF43F4807323F48073CB808A
:1034A0000B680A4A5B6C93420AD1E08840F40050F2
:1034B000E08000F0010038BDC08800F0010038BD98
:1034C000084694F820109847EFE700BF7595020072
:1034D00070B5054600F10C0630460121FEF72CFAC6
:1034E000E8690A4A03685B6893420CD16FF47D7304
:1034F000AC7EE41AB4FA84F4304664090021FEF785
:103500001BFA204670BD98470346F1E7B1940200CC
:103510002DE9F84304460D4690461F469DF820606D
:103520009DF82490FDF7ECFC0B48E561002100F1CB
:1035300008053830E06084F82090A4F804806776AD
:10354000A676256021746174616121762046FFF7BB
:103550008FFF2046BDE8F8839072040041767047E3
:1035600010B50446806830B14FF480720021BDE888
:10357000104011F0A7BC4FF48070FDF765FB4FF4CD
:103580008072A0600021BDE8104011F09BBC00BF1C
:10359000F0B5044640682268036885B000256E4691
:1035A0001F690095022301953146B847104B009AD8
:1035B0009A4219D02046CDE90035FFF7D1FF96E8B1
:1035C000030002AB83E8030003CBA36818605960D3
:1035D000D4E9001003689B699847D4E901020368A5
:1035E00021685C694023A047019805B0F0BD00BF89
:1035F000A10D0C00F8B50023161E836004460D468D
:1036000041600B680FDB08461B6898472B6807462C
:103610009B682846984706FB007020602046FFF70D
:10362000B7FF2046F8BD08465B6898472B680746F9
:103630009B682846984706FB107020602046FFF7DD
:10364000A7FF2046F8BD00BF2DE9F0478A46814616
:10365000FFF79EFF804638B33020D9F8004011F0C4
:10366000D6FB30220021064611F02CFCB8F1000FE9
:1036700004F1080415DD002502E00135A84517D046
:10368000D9F80400036822461F6931460C23B84765
:103690003146504611F048FC30340028EDD1A845A1
:1036A00006D03046BDE8F08706463046BDE8F087D4
:1036B000304611F0A5FB0026F3E700BF2DE9F04FDF
:1036C0000546C3B008460C4692461F4611F036FC2C
:1036D00000F10109B9F1100F00F2E180202F00F292
:1036E000DE8021462846FFF7AFFF064660B13A4626
:1036F0005146103011F0B3FB80463046B8F1000F50
:1037000000F0A48011F07CFB4A46214606A811F087
:10371000B5FB51463A460AA811F0B0FB2846D5F849
:1037200000A0FFF735FF30228046002112A811F0DB
:10373000C9FB2846FFF714FFB8F1000F0AF108068D
:1037400040F3AB80002701970DF1A8090DF1D80BCC
:103750006868036832461C6912A90C23A04706A9B1
:1037600012A811F0E1FBA6EB0A0E002874D14F4A13
:10377000CDE9022802AB03CBAB680DF1180C186041
:103780005960BCE80F001EAC0FC4BCE80F000FC4AA
:103790009CE80F0084E80F00AB681EAC9E44A44672
:1037A000BCE80F00CC45CEF80000CEF80410CEF8EF
:1037B0000820CEF80C3064460EF1100EEFD1012334
:1037C00001930137B84506F13006C1D108EB480432
:1037D000019BA400A71C3BBBB8F1050F62D0334A84
:1037E00008F10103CDE9042304AB03CBAB6806ACBD
:1037F000186059600FCC36AE0FC60FCC0FC694E8D8
:103800000F0086E80F00AC680DF1D80C04EB8704BC
:1038100042AF66460FCEBE4220606160A260E360A8
:10382000B44604F11004F4D1D5E9001003689B6993
:103830009847D5E90102036829685C694023A047DD
:103840004FF00008404643B0BDE8F08F11F0D8FAC1
:10385000404643B0BDE8F08F0DF1480CBCE80F00C6
:103860004C460FC4BCE80F000FC49CE80F0084E86E
:103870000F00AB684C469E44A446BCE80F00DC45F4
:10388000CEF80000CEF80410CEF80820CEF80C30A8
:1038900064460EF1100EEFD193E702279FE76FF415
:1038A0007A78D5E76FF47B78D2E700BFA10D0C00E2
:1038B0002DE9F04FA1B089460546FFF769FE0028C3
:1038C00000F0868080463022002108A82E6811F082
:1038D000F9FA2846FFF744FE3E4ACDE9022802AB3A
:1038E00003CBAB68B8F1000F06F108061860596009
:1038F00061DD00270192BB464FF0020A10E0019AF9
:1039000008F1FF33CDE9042304AB03CB0137AB68E7
:10391000B845186059604FF0010B06F1300632D0FF
:103920006868036808A91C6932460C23A047494609
:1039300008A811F0F9FA0028E1D00DF1200CBCE83C
:103940000F0014AC0FC4BCE80F000FC49CE80F00BC
:1039500084E80F00AC680DF1500C04EB8A04E646D5
:10396000BEE80F00E36020AB9E4520606160A2606E
:10397000F44604F11004F2D10137B8450AF10C0AFB
:1039800006F13006CCD1BBF1000F14D0D5E9001000
:1039900003689B699847D5E90102036829685C6957
:1039A00008EB48084FEA88030233A0470023184673
:1039B00021B0BDE8F08F074BAA68CDE9063806AB09
:1039C00003CB054B10601846516021B0BDE8F08F65
:1039D000014BECE7A10D0C000CFCFFFF03681B6B17
:1039E000184700BF01892DE9F0414FF47A7604466B
:1039F00006FB01F12148FDF727FA214AA17A034687
:103A0000A2FB03239B0923811E48FDF71DFA656C69
:103A1000A072E3882A68B4F84C80576A13F4807364
:103A200020D1414628462022B84728BB606CB4F814
:103A30004C10036822225D6A1023A847E0B9656C28
:103A4000A17A2B680F485E6AB4F84C40FDF7DCF9A8
:103A500060F07F03DBB2214628462322B04758B9E5
:103A6000BDE8F0812189054806FB01F1FDF7CCF99D
:103A700040F00703DBB2D4E70348F1E7D472040057
:103A8000D34D6210CC7204000EFCFFFF10B5034B47
:103A900003600446FDF760FC204610BD4C73040033
:103AA00010B5054B03600446FDF756FC204611F0A7
:103AB000A7F9204610BD00BF4C73040008B50246AC
:103AC000C38819B1D9050AD4002008BD9905FBD5D2
:103AD00023F4007343F48043D380002008BD0168C1
:103AE00023F4824343F40073C380CB6A98470020D9
:103AF00008BD00BFF0B5C388DA0585B005462BD4F4
:103B0000026843F48243C380D36A98470126314F49
:103B1000A86C0368C4885B68BB42C4F3002416D158
:103B2000002084424FF027020DD0686C95F84C10AD
:103B300003681B6B984710F008040FD1002EE7D1E3
:103B4000204605B0F0BD002EE2D13446F8E7984794
:103B5000B0FA80F04009E4E70026D8E7686CB5F8D1
:103B60004C10036806220124CDE90024A822DC6A57
:103B700002ABA047044608B1174CE1E7BDF9083095
:103B8000BDF90A20BDF90C00AE7A2968002BB8BF38
:103B90001F33002AB8BF1F3200284FEA63134FEAD1
:103BA0006212B8BF1F304011ADF80830ADF80A20DE
:103BB00016FB03F316FB02F2524216FB00F65B42C1
:103BC000ADF80C00C5E906232E624B6B28469847DA
:103BD000B6E700BFB19402000EFCFFFFF8B5044643
:103BE0000F4616461946BDF81C20BDF81850FDF7C3
:103BF000DDF9064A67640023A664A4F84C502260ED
:103C0000E3802046FFF7EEFE2046F8BD4C7304002B
:103C100008B50368C9B21B6B0F229847A0F13300A7
:103C2000B0FA80F0400908BD03689B6A184700BFDE
:103C3000018938B54FF47A75044605FB01F1154842
:103C4000FDF702F9144A0346A2FB03239B0999B22C
:103C500005FB01F123810F48FDF7D6F8E288B4F89F
:103C60005010C3B2A06CD205026858BF43F00303E2
:103C7000556A6022A84758B9A06CE3880268B4F876
:103C80005010546AC3F300236222A04700B938BD24
:103C9000024838BD84730400D34D62100EFCFFFF50
:103CA00010B5034B03600446FDF7AEFC204610BD83
:103CB000B473040010B5054B03600446FDF7A4FC83
:103CC000204611F09DF8204610BD00BFB4730400DB
:103CD00008B50246C38819B1D9050AD4002008BD29
:103CE0009905FBD523F4007343F48043D38000206F
:103CF00008BD016823F4824343F40073C380CB6999
:103D00009847002008BD00BFF0B5C388DA0585B02C
:103D100005462BD4026843F48243C380D369984795
:103D20000126284FE86C0368C4885B68BB42C4F373
:103D3000002416D1002084424FF067020DD0A86CF9
:103D400095F8501003681B6B984710F008040FD1CA
:103D5000002EE7D1204605B0F0BD002EE2D134465A
:103D6000F8E79847B0FA80F04009E4E70026D8E782
:103D7000A86CB5F85010036806220124CDE9002490
:103D8000E822DC6A02ABA047044608B10E4CE1E72A
:103D9000BDF90C30BDF80A00BDF808102A6803EB25
:103DA0008303C3EB03135B00EB634FF66A7310FBF3
:103DB00003F011FB03F3C5E90D03D36A28469847C6
:103DC000C8E700BFB19402000EFCFFFFF8B504463F
:103DD0000F4616461946BDF81C20BDF81850FDF7D1
:103DE00015FB054BA4F85050C4E912762360204619
:103DF000FFF71EFF2046F8BDB473040082B08DE8C3
:103E00000C00014802B0704716FCFFFF002070470D
:103E10000029806905DD08B904E010B10139406A64
:103E2000FBD17047704700BF82B070B50C4684B0BC
:103E300005464968206802AC03C4039908AC4810E1
:103E400084E80C00CB0745BF2A58029B029CD4583B
:103E50000AAB2E1893E803008DE8030008AB0CCBE7
:103E60003046A04704B0BDE8704002B0704700BFC4
:103E7000002943D02DE9F0418469002C3BD00D4648
:103E80000646DFF88080002705E0A268AB689A420A
:103E90000DD0646ADCB1AA88A38853409907F8D48E
:103EA0009207F2D5A968A06802F09CFDA8B12B8802
:103EB000BBB96B88DBB9B3680BB120469847A388C0
:103EC00043EA0803A380646A0137002CE3D1002F82
:103ED000C8BF20460FDDBDE8F081AB889B07D8D472
:103EE000D3E722889A42D4D16B88002BE3D0628832
:103EF0009A42CED1DFE76FF47A70ECE76FF47A7014
:103F0000704700BF0080FFFF002971D0F0B58469C1
:103F100085B00D4606463CB966E0A388980708D5EB
:103F2000914219D0646A14B3AB8821682A689F074C
:103F3000F3D49142F6D1A268AB689A42F2D1EA6812
:103F4000E3689A42EED1A3881A0402D5C3F30E03A4
:103F5000A380294805B0F0BDA968A06802F042FD21
:103F60000028DFD0EA68E3689A42DBD1EBE7D6F8B5
:103F700018C02A88BCF1000F2ED06046634600E0CE
:103F80000B461C88944211D2596A18460029F7D171
:103F900063451DD0596A69625D62012340F2FD31BB
:103FA000684601F0BDFF002005B0F0BD1ED16F884E
:103FB0005988B94204D319E04888B842E8D20B4680
:103FC000596A0029E4D00888A042F5D06345E1D1C0
:103FD00019888A4202D26B62B561DEE7DAD158886D
:103FE00069888842D6D9F6E70A88F5E70346CFE71D
:103FF0006FF47A70704700BF16FCFFFF2DE9F041A7
:1040000083885F0782B0064603D59D062DD4DC0663
:1040100038D443F00403B38006F1100506F1180804
:1040200015E0F368009395E80F00A047B388DA061F
:1040300018D5346AB4B194E80F00276985E80F00F9
:104040002046376210F0DCFEFCF7CAFBB388B46888
:1040500098070DD4D907E4D495E80F00A047B3889A
:10406000DA06E6D423F00403B38002B0BDE8F081A1
:1040700098E8030095E80C008DE80300204602F064
:1040800099FCD3E700F1180393E803008DE80300DF
:1040900006F110030CCB3046FCF76AFEE5E700BFE3
:1040A00070B51C4B8CB003F1080228330446026043
:1040B000C36006A801F054FF0F231820029310F0EC
:1040C000A6FE0025144A0092064601956A4603465C
:1040D00003CA46F80C4B114ADD60049375605A61BF
:1040E00058609960204602A91223ADF80C3005955E
:1040F000CDE90A55FFF7BCFE02A8FCF72FFE084BDE
:10410000658204F10C00E360FBF7C6FF20460CB0AB
:1041100070BD00BFFC7304009D430300293E0300F3
:10412000BC700400A0F10C00FFF7BABF10B5044644
:10413000FFF7B6FF204610F063FE204610BD00BF1B
:10414000A0F10C00FFF7F2BFF0B5254B254A026045
:104150000025044683B0C0E9025305610C30FBF72B
:104160002BFF214B236003F12002E260A561C4E92B
:104170000755E584282010F04AFE0646103001F06D
:10418000EFFE1A4B3360182010F041FE184ACDE9BB
:10419000002507466A46034603CA47F80C4B154AF2
:1041A000DD604FF0C20C7D6058609960204631465A
:1041B0005A61C6E90235C6E90855A6F804C0FFF7FA
:1041C000A3FE30B90C4B1A6802B91C60204603B03C
:1041D000F0BD3046FCF7C2FD304610F011FEF1E7AD
:1041E000BC700400EC730400047404000F000200AF
:1041F0009D430300293E0300003B002038B50446E0
:1042000005F0DEFCE5692DB12B69E36133B1E38C88
:10421000013BE38405F0C6FC284638BD2362F6E77F
:104220002DE9F04184690CB3A388656A00271A045C
:1042300080463E4606D4264695B12C46A388656A3C
:104240001A04F8D55B07F6D46EB17562656A20462C
:10425000FCF784FD2046013710F0D2FD002DECD193
:104260003846BDE8F081C8F81850F0E727463846D0
:10427000BDE8F0812DE9F0418469002C44D0164658
:104280000D46DFF88C8001270CE0A38803F0C00303
:10429000A3F1C003B3FA83F35B09B34215D000273F
:1042A000646A4CB323882988994201D0002BF7D146
:1042B00063886A889A4201D0002BF1D1FCF706F995
:1042C0000028E2D10123B342E9D1B4F804E01EF49E
:1042D000004FE4D195E80F0004F1100C1EF0400FE0
:1042E0008CE80F0002D1FCF7F1F840B92046FFF747
:1042F00085FE646A002CD5D13846BDE8F0812146A0
:104300004046FCF731FBCBE701273846BDE8F0819A
:10431000FD3F0300F0B5012287B00446066A0D4652
:10432000FFF7A8FF10B9E38C092B01D907B0F0BD46
:1043300095E80F0002AD85E80F00182010F067FD2A
:1043400006AB074613E9030095E80C008DE803006F
:10435000384601F02BFE05F033FC66B133693B6152
:1043600037613B695BB1E38C0133E38407B0BDE89F
:10437000F04005F017BCE3693B61E761F2E72762B3
:10438000F1E700BF82B008B502A9C1E90023FFF739
:10439000C1FFBDE80840002002B0704782B038B5C8
:1043A000054604A981E80C00FFF73AFF2846FFF70D
:1043B00025FF90B1044604E02846FFF71FFF04469E
:1043C00058B1002221462846FFF754FF204610F03E
:1043D00017FDFCF715F90028EED1BDE8384002B012
:1043E000704700BF024B1888421C1A80704700BFFC
:1043F00070230020C08800F00300A0F10300B0FA91
:1044000080F04009704700BF82B070B50C4684B0A0
:1044100005464968206802AC03C4039908AC4810FB
:1044200084E80C00CB0745BF2A58029B029CD45855
:104430000AAB2E1893E803008DE8030008AB0CCB01
:104440003046A04704B0BDE8704002B0704700BFDE
:1044500010B5034B03600446FCF768FD204610BD11
:104460004874040010B5054B03600446FCF75EFD7C
:10447000204610F0C5FC204610BD00BF4874040063
:1044800082B070B588B00CA981E80C004289BDF8F3
:104490003050BDF83230954204460BD0022B27D065
:1044A000052B00F08680012B78D008B0BDE8704065
:1044B00002B070478189022B0E461AD0052B5AD0C4
:1044C000012BF2D1C3888D4243F00103C38068D031
:1044D000A9426AD003F00203002BE6D001231A465A
:1044E000A18804A801F01CFD238901332381DCE7A6
:1044F0001646B24217D0A189B14265D0954267D025
:10450000A3899D42194600F09C80A17B012900F0FF
:10451000C1809D4200F0AE809542C6D1E38823F071
:104520001003E380C1E7E38803F00103002BE5D02B
:1045300001230222A188684601F0F2FC63899D42B2
:1045400000F09080A289A188AA4250D001230322C2
:1045500004A801F0E5FC6289B24203D1E38843F08C
:104560001003E380A389B34200F08F80954266D0A8
:104570009D429AD168E0C3888D4243F00403C38012
:104580001AD0A9421CD003F00803002B8DD0A188BB
:104590000123052204A801F0C3FC86E78689B54201
:1045A00003D1E38843F00203E380E38803F00103CF
:1045B00092E78689B54203D1E38843F00803E3809C
:1045C000E38803F00403E0E7E38803F00203ADE7C8
:1045D000E088C6061FD5A38920F0010189B29D425B
:1045E000E18028D02A4621F00401E18091E7E288A9
:1045F00002F008000028A9D0B34238D0A389B34202
:10460000A4D102F00802002AA0D00123042204A8A9
:1046100001F086FC9FE7A37B012B3ED100F0040351
:10462000002B37D001230422294604A801F078FC8E
:104630006289A3899AE720F0030189B2D2E7E08872
:10464000CAE7E38898062BD5E38823F0020189B2F4
:104650009542E1802AD023F00A039BB223F0200385
:10466000E38022E7E288A18802F00400C2E702F0BA
:104670000402C8E7E18821F008039BB29542E38079
:1046800004BF21F018039BB2E8E7E18841F0200164
:10469000E1806BE701230322C6E7A1890B4665E7AA
:1046A000A07B0128FAD103F00803B9E72B469AE76B
:1046B000817370472DE9F04F83B0DDE90C9ABDF8A6
:1046C0003870002B40D0B9F1000F3AD00F2901D13A
:1046D000C02F39D1804628201D460E46934610F043
:1046E00096FB0446103001F03BFC18202680A4F80D
:1046F00002B010F08CFBCDE9009A06466B460246EC
:1047000003CB46F80C5B0023D8F80050D360E3607D
:104710007360506091606D6811491248A26047F063
:1047200002078D42A780C4E9083350610FD12046AB
:10473000FCF714FB204610F063FB0B4803B0BDE808
:10474000F08F1AF0010FC1D16FF47A70F6E740468E
:104750002146A8470028EAD103B0BDE8F08F00BF8A
:10476000A9FE02000944030016FCFFFF2DE9F047F3
:104770001C4F044688B0884616461D46FCF7C0FB11
:104780003A681949A5800025A4F80A80A68121600D
:10479000A57312B3DFF854A0CDE904A504AB93E8E8
:1047A00003004FF0C0098DE8030023464146104640
:1047B000CDF808902A46FFF77DFFCDE906A508ABA6
:1047C00013E903003F68CDF808908DE803002A46FE
:1047D000234638463146FFF76DFF204608B0BDE856
:1047E000F08700BF003B00204874040081440300B0
:1047F000C3889A0610B5044608D4406A0368214667
:10480000DB699847E38843F02003E380DB0606D4A6
:10481000D4E90A309842B4BF0020012010BD002026
:1048200010BD00BF10B50446406A074B026803F193
:10483000080138332160E3602146136A9847204617
:10484000FEF742FD204610BD6874040010B5044612
:10485000FFF7E8FF204610F0D3FA204610BD00BF56
:10486000F0B50C8983B000251E4617460123224669
:10487000CDE900550446FEF74BFE0C4B676203F191
:104880003002C4E90A652360E2602046FFF7B0FF0A
:10489000AE4207DAE388A56243F010034FF4FA72E0
:1048A000E380E262204603B0F0BD00BF70740400F4
:1048B00038B5054600F10C0420460121FDF73CF80F
:1048C000E8690A4A03685B68934207D120466FF49F
:1048D0007D750021FDF730F8284638BD9847002146
:1048E00005462046FDF728F8284638BDB194020059
:1048F00070B5054600F10C0420460E460121FDF777
:104900001BF8E869094A03681B68934205D12046F1
:104910000021BDE87040FDF70FB8314698472046AA
:104920000021BDE87040FDF707B800BFA994020060
:10493000F0B41D4DC6884A0085FB0234D317C3EB83
:104940006414F3061FD5836A4BBB6222164FC56AF7
:1049500002FB01F187FB0132CB17C3EB6213234447
:10496000013DC0E90A3565B903EB830287FB0217F5
:10497000D217C2EB6712023326F010061344C6802A
:104980008362F0BC7047622202FB01F185FB0123C8
:10499000C917C1EB63132344C362F0BC704799424B
:1049A000B8BF1946D1E700BF1F85EB5110B50446CB
:1049B000FEF7AAFC606A036821461B6A9847E388F1
:1049C00023F02003E380002010BD00BFA0F10C0005
:1049D000FFF7ECBF30B4456B002D0DDD83689942C5
:1049E0000ED000F10802002303E052F8044F8C427D
:1049F00007D001339D42F8D16FF47A7030BC704714
:104A00000023AA1C023350F8222040F82320013D45
:104A10004563002030BC704782B070B50C4684B04E
:104A200005464968206802AC03C4039908AC4810E5
:104A300084E80C00CB0745BF2A58029B029CD4583F
:104A40000AAB2E1893E803008DE8030008AB0CCBEB
:104A50003046A04704B0BDE8704002B0704700BFC8
:104A600038B5446B0A2C1DD0002C0DDD83689942AB
:104A700015D000F10802002303E052F8045F8D42D4
:104A80000DD001339C42F8D10346A21C013440F8FA
:104A9000221008465C63FFF70BFF002038BD6FF45F
:104AA0007A7038BD6FF47B7038BD00BF82B02DE9DD
:104AB000F04708A981E80C00426B002A804619DD06
:104AC000314F051D0024012603E0A24283F8306027
:104AD00010DD55F8043FD8690168896CB94204F1CA
:104AE0000104F2D08847D8F834202B68A24283F81A
:104AF0003060EEDC0120FCF7FBF9D8F83000DFF87D
:104B00008CA003681B68534536D10026D8F83420A2
:104B1000B146002A26DD0024274608F1040502E0FC
:104B20000134A24219DD55F8040F90F83030002B03
:104B3000F6D0FFF7BDFE0128286802D0836AB34291
:104B400004DC80F830903146FFF7F2FED8F83420CC
:104B50000134A24207F10107E5DC164417B1B6F5AE
:104B60007A7FD6DDD8F8300003681B68534506D13C
:104B7000BDE8F04702B0704701219847C5E7BDE89E
:104B8000F047002102B018477D950200A994020069
:104B900070B5074B03600025044645600E46FBF7E1
:104BA0000BFA044BA680C4E90C552360204670BD67
:104BB000BC700400AC7404002DE9F041044682B0DE
:104BC0000E46154610309846BDF8287001F0C8F919
:104BD00026806580182010F01AF908AB054693E886
:104BE00003006A4682E803002E4603CA46F80C8B8F
:104BF0000023084AEB6047F00207736068602046B4
:104C0000A780A560E360C4E90833A9606A6102B0C7
:104C1000BDE8F081194A030070B5174A174B1568B3
:104C2000036090B00446C5B101222423CDE90432CB
:104C300004AB93E80300A38810268DE803000296D6
:104C4000194606A82346FFF7B7FF2B680C4A9B6856
:104C500093420CD106A8FCF781F80A4B236000238D
:104C60002046E380FBF718FA204610B070BD2846B6
:104C700006A99847EEE700BF003B0020AC74040093
:104C800029010300BC70040010B50446FFF7C4FFFF
:104C9000204610F0B5F8204610BD00BF0020704738
:104CA000704700BF704700BF002070470048704742
:104CB00016FCFFFF00207047002070470048704737
:104CC00016FCFFFF0346006AD9610268191D53688C
:104CD000184700BFC069003018BF0120704700BFEF
:104CE000006A03681B6918470023C361704700BF4F
:104CF00082B010B5C1690024846102AC84E80C0064
:104D000029B10B6804461B6808469847A061BDE8B6
:104D1000104002B0704700BF006A10B103689B6981
:104D200018470020704700BF006A10B10368DB69B4
:104D300018470020704700BF10B5044601F01EFC64
:104D4000204610BD82B070B50C4684B00546496857
:104D5000206802AC03C4039908AC481084E80C0036
:104D6000CB0745BF2A58029B029CD4580AAB2E1889
:104D700093E803008DE8030008AB0CCB3046A04756
:104D800004B0BDE8704002B0704700BF30B54B6959
:104D9000012B85B00C46054606D94A89012340F20D
:104DA000FF31684601F0BCF8637C002262613BB1D0
:104DB000216A0B6828461B689847284605B030BD15
:104DC000237404F10C01284601F000FC284605B0CC
:104DD00030BD00BF10B54369032B84B0044603D82F
:104DE0000133042B436124D0637CDBB9237C0BB1FA
:104DF000A36943BB216A0B6868461B6898476946EC
:104E000004F10C0001F0F2FB684601F0E7FB01231E
:104E100068462374228940F2FF3101F081F8A069CD
:104E200004B010BDE069B8B103681B68984704B0CE
:104E300010BD4289002AD7D0012340F2FF316846D5
:104E400001F06EF8D0E70123228940F2FF31684675
:104E500001F066F8A069EAE70048E8E712FCFFFF06
:104E6000A0F10400FFF7B6BF38B50B4B03F1080201
:104E700034330446C0E900230C300D4601F07EFBBC
:104E80000023012004226074256262612374A361FF
:104E9000A360E361204638BDFC74040010B5064BE6
:104EA00003F1080234330446C0E900230C3001F05A
:104EB00095FB204610BD00BFFC74040010B50446ED
:104EC000408910B911B16181084610BDFFF78AFA17
:104ED000608110BD406903288CBF0020012070470D
:104EE000417439B92DE9F041058982B01DB102B094
:104EF000BDE8F08170470446FFF774FA1D4B20812E
:104F00001F688046002FF2D028200FF080FF064651
:104F1000103001F025F840F2FF3318203380A6F856
:104F200002800FF074FF144ACDE9002584466A46DA
:104F3000034603CA4CF80C4BDD60CCF804505860B3
:104F400099603A680D49F56012205961B360B080EC
:104F5000C6E9085553683846314698470028C6D0F8
:104F60003046FBF7FBFE304602B0BDE8F0410FF0E3
:104F700047BF00BF003B0020F14C0300454D03003C
:104F800010B5054B054A8360002304460260C380C8
:104F9000FBF782F8204610BD70750400BC70040059
:104FA00010B5074B074A8360002304460260C380A4
:104FB000FBF772F820460FF023FF204610BD00BF1C
:104FC00070750400BC7004002DE9F04F2DED0A8BC4
:104FD00090F82C308BB00546002B00F03E81E9683C
:104FE0000B6805A81B689847E868059A03680432AF
:104FF0001B690092984730F0040380460AD00828C5
:1050000000F047814FF48073AB6101239FEDA49AB8
:10501000029305E08023AB610223B7EE009A02936E
:10502000059B029A5B8893FBF2F30193002B00F03F
:10503000BD80AE69B342C0F2B9809FED9AAADFEDA0
:105040009A9A9FED9ABADFED9ABADFED9AAA9FED90
:105050009ACA009B1E449E4240F2B180DFF86092E3
:10506000DDF808A09B4647F6FE770024584659F81D
:10507000283098478442B8BF04B2D3448742C8BF9F
:1050800007B25E45F2D8E41B04EBD47444F34F033B
:105090004FF0000B039508EE103A3546009C029E37
:1050A000DA46204659F8283098473444C01BA542B8
:1050B0000BF1010B00FB00AAF3D89AFBFBF00FF0F9
:1050C000FDF8039D0CF09AFD0FF05AFCF8EEC87A3B
:1050D00095ED097A67EE897A08EE900AC7EE8A6A3A
:1050E00066EE877AC7EEA97A17EE900A0CF0E6FD15
:1050F00007EE100AF3EE047A67EE277A95ED0A7A46
:10510000B4EEE77AF1EE10FA6FDD85ED077AAB6960
:10511000019995F85020C91A01910099012A194462
:10512000009140F2B28005F154042046FBF708FDDF
:10513000002802DD2046FBF7F3FCEB889A0708D431
:1051400095ED077AD5ED047AB4EEE77AF1EE10FA30
:1051500062DC5B0708D495ED077AD5ED057AB4EEED
:10516000E77AF1EE10FA64D495F83C30002B48D081
:10517000D5ED107AF4EEE87AF1EE10FA01D5C5ED2E
:10518000108ADFED4E7AF4EEE78AF1EE10FA17DDC1
:10519000AB6B00210133C5E90D13012285F83C20DA
:1051A000019B1BB1AE699E427FF753AF05A801F08A
:1051B00015FA00200BB0BDEC0A8BBDE8F08FFFDEC6
:1051C000AB6B023B0B2B06D8D5ED107AF4EECC7A04
:1051D000F1EE10FA3ADA6B6BC5ED10AA002201333A
:1051E0006B6385F83C20AA63DAE7F0EEE76AF4EE39
:1051F0004B6AF1EE10FA88BFF0EE477AC5ED077AF8
:1052000085E7F4EEEB8AF1EE10FAD9DD6B6B132B28
:10521000D6DDC5ED108ABBE701230222A98806A8C6
:1052200000F07EFEEB8823F0040343F00203EB80E2
:105230009AE701231A46A98806A800F071FEEB88B8
:1052400023F0020343F00403EB808DE701230822DF
:10525000A98806A800F064FEBDE7FDF7B3FBD5E919
:105260001223821A61EB0303002B08BF4B2AFFF4C1
:10527000B6AE05F15400FBF763FC00287FF4AFAE37
:1052800085F85000A0F2EE3094E7013285F8502006
:105290008CE74023AB6104239FED069A0293BFE69F
:1052A0000000804300FEFF46ACC5A737FFFF7F7FAD
:1052B0000000484300000000000096430000C84280
:1052C000CC200020A0F10800FFF77EBEDFED0C7AB5
:1052D0009FED0C7A30EE670A20EE070AB5EEC00AA1
:1052E000F1EE10FA09D4DFED087AB4EE670AF1EEB8
:1052F00010FAC8BFB0EE670A70479FED040A704706
:1053000000000C42B1137B4000007F43000000000E
:105310002DE9F84F294D2DED028B056000254560E4
:1053200004468B4617469846DDF830A09DED0D8A61
:10533000BDF838909DF83C60FAF73EFE204A2260A6
:1053400002F1280329462A46A360C4F80CB004F1F0
:105350005400FBF78FFBE288A4F80490012500219C
:10536000802342F00102C4F81480276184ED0A8A88
:10537000C4F824A0E161A361E280256384F82D5084
:105380009EB984F82C60002384F85030BDEC028B69
:10539000002000220021C4E9120122642046C4E951
:1053A0000D3384F83C30BDE8F88FE068036804F101
:1053B00008015B68984784F82C50E4E7BC7004004F
:1053C0004875040038B50446C06803689B680D46FC
:1053D000984728B9E068036804F108015B689847BA
:1053E00094F85030012B11D9FDF7ECFA6A1C08BF74
:1053F000256BE369022DC4E9120105D100EE103AD4
:10540000FFF764FF10EE103A184638BD04F154005F
:10541000FBF73AFBE8E700BF80F82C1001B97047B2
:1054200010B50446C06803689B68984700B110BD7A
:10543000E068036804F108015B68BDE810401847A4
:1054400008B5036B022B07EE901A07D19FED136A84
:105450009FED137AC7EE866A76EE877A90ED047A2E
:10546000B4EE677AF1EE10FA0CD090ED057AC388AD
:10547000C0ED047AB4EEE77A23F00203F1EE10FAFD
:10548000C38001DC002008BDB7EE007A77EEC77A52
:1054900017EE901A00F006F8002008BDB1137B400B
:1054A00000000C4208B5036B022B07EE901A07D1DF
:1054B0009FED136A9FED137AC7EE866A76EE877AC0
:1054C00090ED057AB4EE677AF1EE10FA0CD090ED1B
:1054D000047AC388C0ED057AB4EEE77A23F00403BA
:1054E000F1EE10FAC38001D4002008BDB7EE007AB7
:1054F00077EE877A17EE901AFFF7A2FF002008BD1B
:10550000B1137B4000000C420078704790F9000016
:10551000704700BF00887047B0F90000704700BFB7
:105520000068000A704700BF00680012704700BFA3
:1055300000687047006870470170704701807047CD
:10554000018070470A120B1401704270837070471B
:10555000016070470160704710B50446806800B173
:1055600010BD206A03681B699847A06010BD00BF8A
:10557000A0F10400FFF7F0BF08299ABF8160002066
:105580006FF47A70704700BFA0F10400FFF7F4BF1A
:10559000006A03689B691847A0F10400FFF7F8BF91
:1055A000006A0368DB691847A0F10400FFF7F8BF41
:1055B000002070472DE9F04F2DED028BD1ED057ADB
:1055C00089B00C46FDEEE77A0490CDED037A00F049
:1055D000D5FF206A03681B699847A36882460BB908
:1055E000A0600346216A01330A6803EBD3735B10A2
:1055F0001268019306A89047A368069A0AF1010869
:1056000008EBD87801334FEA680803EBD373B8EBA3
:10561000630FB2F8029099FBF8F900F09180019BBA
:1056200009FB03F31946012207A8059300F0ACFF1C
:1056300007A9049800F0DAFF07A800F0CFFF049B49
:10564000069D1E68B9F1000F05F1040506F1040678
:105650007FDD0027DFF808B102975BF82A20284693
:105660009047019B217F02460137304645441E4446
:1056700021B1029B13440293039BD21A07EE902A96
:10568000B8EEE77AD4ED047AA268334B67EE277A56
:1056900053F82220A369FDEEE77A17EE901A19431A
:1056A0009047B945D9D1237F73B3DDED027A637F8B
:1056B000B8EEE77A07EE909AF8EEE77A87EE278A57
:1056C000D3B160690EF00CFE0022244B0EF060FE98
:1056D000064618EE100A0F460EF002FE00221F4B7F
:1056E0000EF056FE02460B46304639460EF09AFC46
:1056F0000FF046F908EE100AE26884ED058A0123EE
:1057000063777AB90123A377DDE90441204600F0ED
:10571000EBFF06A800F062FF204609B0BDEC028B4B
:10572000BDE8F08FFDEEC87A039917EE903A5B1A48
:10573000002BB8BF5B429A42E6DD0123A377E3E783
:1057400006A9049800F052FF019B09FB03F305939F
:1057500075E700230293A6E7F02000200000E03F59
:10576000CC200020A1F10401FFF724BF0170704795
:10577000002070472DE9F843164FDDE908850E46F5
:1057800007F124010446C0E900710662011D2430BE
:105790001F469146FFF768FB0023B8F1080F4FF052
:1057A000000198BFC4F80880C4F810902777E5601E
:1057B0006161A36163775FB1B5FA85F35B09326814
:1057C000A37730465368214698472046BDE8F883C2
:1057D0000123F4E77C7504002430FFF7FBBA00BF17
:1057E000704700BF4369C269013343611AB113684E
:1057F00010461B6818470148704700BF12FCFFFFA6
:10580000A0F10400FFF7EEBFC069003018BF01200F
:10581000704700BF8368586A03681B69184700BF58
:105820008368586A03685B69184700BF00F1240366
:1058300000F14C0253F8040F78B110B4C4698C42E3
:1058400008D093420DD053F8040F0028F9D0C46952
:105850008C42F6D15DF8044B70479342EAD10020A8
:10586000704700205DF8044B704700BF10B5044638
:105870000FF0C6FA204610BD10B58468C16184B02F
:1058800001231A462189684600F04AFB04B010BD86
:1058900000B5836885B00022C26119890222012304
:1058A000684600F03DFB05B05DF804FB094B10B500
:1058B00003F108022C330446C0E900230C3000F049
:1058C0008DFE054B63600023201D6381FAF7E4FB26
:1058D000204610BDC0750400BC700400A0F1040097
:1058E000FFF7E4BF0B4B03F108022C3310B504465D
:1058F000C0E900230C3000F071FE074B6360002309
:105900006381201DFAF7C8FB20460FF079FA204684
:1059100010BD00BFC0750400BC700400A0F10400FD
:10592000FFF7E0BFF0B583B001F10C04054601A814
:105930000E4600F023FE01A9204600F067FE074650
:1059400001A800F04BFE5FB1716A0B6801A81B68EB
:10595000984701A9204600F049FE01A800F03EFE4C
:105960002146284600F032FE284603B0F0BD00BFB5
:10597000F0B5002385B00546036200F1240400F170
:105980004C06012754F8043F18464BB11B689B6A2C
:10599000984728B92B6A2A7E01332B62D2B12F7621
:1059A000B442EFD12C6A0CB92B7ED3B9684600F013
:1059B000E5FD694605F10C0000F018FE684600F0B0
:1059C0000DFE2989684601230A2200F0A9FA094838
:1059D00005B0F0BD012303222989684600F0A0FA32
:1059E000DDE7012304222989684600F099FA2C7624
:1059F000DCE700BF12FCFFFF70B500F124030024B8
:105A000053F8045F25B101340A2CF9D1002070BD90
:105A1000064620200FF0FBF90A34F369084A46F8DD
:105A200024000133002102F134048660C561C0E91D
:105A300005550561C0E90024C160F36170BD00BF78
:105A40001076040010B583682DED028B0446C1600A
:105A5000586A03689B6908EE101A984707EE900A87
:105A6000F4EEC87AF1EE10FA04D418EE100ABDEC88
:105A7000028B10BDA368586A036818EE101ADB6920
:105A8000984707EE900AF4EEC87AF1EE10FAECD5DA
:105A9000A368BDEC028B586A0368BDE810409B699F
:105AA000184700BF10B500F12402002352F8044F3C
:105AB0008C4204D001330A2BF8D1002010BDC269FA
:105AC0000A330024013A40F82340C26149B10B680F
:105AD000064A5B6A9342084605D10FF091F901200E
:105AE00010BD012010BD9847012010BD6D58030066
:105AF000D0ED037AF5EE407AF1EE10FA02D017EE0F
:105B0000900A70478368586A03689B69184700BF0A
:105B10002DE9F04F2DED028B0C4689B08968059078
:105B2000486A069301688969154698468847A368BC
:105B300094ED038A08EE900A586A03681B69984737
:105B4000FDEEE87A2F6817EE902AFDEEC87A451C24
:105B500017EE904A05EBD575131B6D107E8896FBEA
:105B6000F5F692FBF6F493FBF4F4341B04FB05F218
:105B7000434683460292002B53D0029B149A9342D1
:105B8000A8BF13463601002B96FBF4F20492069A46
:105B9000029307F10407039260DD0792DFF8D480D7
:105BA000DFF8D4A0079E0024002C2246B8BF04F1E1
:105BB0000F02121105FB02F2B81858F82B300192AF
:105BC0009847019A58F82B30814650193844984725
:105BD000B0EB090348BF0F33D4F1000C0CF00F0CED
:105BE00004F00F014FEA231358BFCCF100013046F7
:105BF00001FB03915AF82B309847049A039B2E44DB
:105C00001444029AF31A9A42CEDC0799059800F0E0
:105C1000CDFC069BCBB1059809B0BDEC028BBDE86D
:105C2000F08F10469046FBF70FF8360196FBF4F321
:105C300004934346002B079007F104070390ADDC63
:105C4000029A0799059800F0B1FC0798FBF722F833
:105C5000059809B0BDEC028BBDE8F08F029ADDE932
:105C6000050100F0A3FC059809B0BDEC028BBDE86E
:105C7000F08F00BFCC200020F020002070B50C4633
:105C80002DED028B8968A3690A6884B00133002670
:105C9000A36166610546536802A8984794ED038A9C
:105CA000B5EE408AF1EE10FA0BD0A368586A03688B
:105CB0009B69984707EE900AB4EEE78AF1EE10FA76
:105CC0000BDB02A9284600F081FC02A800F086FC4C
:105CD000284604B0BDEC028B70BD02A903A800F0F9
:105CE00075FC4FF0FF30009033462846214603AA4A
:105CF000FFF70EFF03A800F071FCE6E7F8B50446D5
:105D0000154B164820600025C4E90135201D0E46BC
:105D10001746FAF751F9124B23602433636004F1FC
:105D20000C0000F02BFC66622781E5612562257678
:105D300004F1240304F14C0043F8045F8342FBD1D7
:105D4000336830465B682146984700220023C4E947
:105D500004232046F8BD00BFBC7004003C7504005D
:105D6000C8750400B1F5007FA4BFC1F57F71033190
:105D7000490088B2704700BFC1F58063B3F5007F6A
:105D8000B8BF1946014B33F811007047487604003C
:105D900088B2704728B180B211FB00F0C0F309004F
:105DA000704741F6EF6011FB00F0C0F30900704747
:105DB000B1F5007F40F2FF30A8BF0020704700BF60
:105DC000024A126802607E2242607047142100205D
:105DD000034A034692E8030083E80300184670472D
:105DE000F83A0020A1F120035E2B07D800680523B4
:105DF0006FF09F0213FB0121084470470020704799
:105E0000034A044B12681A607E225A60704700BF32
:105E100014210020F83A002010B401704270436051
:105E20005DF8044B704700BF82B030B402AC84E828
:105E30000C000D46034694E807009DF8144083E8E3
:105E40000700B4B1687818B149425242C3E901125F
:105E50006A68022A11D0032A2AD0012A22D0012CF2
:105E600015D0022C05D1D3E9011249425242C3E9AF
:105E7000011230BC184602B07047D3E90012012C61
:105E8000C1F10001C2F10002C3E90012E9D130BC46
:105E9000D3E900109A68186052421846C3E901120B
:105EA00002B07047D3E90021524219605A60D6E728
:105EB000D3E90012524259601A60D0E782B010B59F
:105EC00082B004AC84E80C000B78069C019304AB10
:105ED0000CCB00940446FFF7A7FF204602B0BDE8B4
:105EE000104002B0704700BF30B50B4B1C6883B048
:105EF00024B12268094B15689D4201D103B030BD21
:105F000000F10802034692E803008DE803002046F2
:105F10000CCBA84703B030BD003B0020FD3D030083
:105F200038B50180428004461D46FCF75BFDC4E99C
:105F3000020115B12046FFF7D7FF204638BD00BF4C
:105F4000D0B5DDE904679DF8183001800446C0E94A
:105F5000026742800BB1FFF7C7FF2046D0BD00BFEC
:105F600010B5002303600446FCF73CFDC4E90201C0
:105F7000204610BD30B50B4B1C6883B024B122689D
:105F8000094B15689D4201D103B030BD00F10802F4
:105F9000034692E803008DE8030020460CCBA84797
:105FA00003B030BD003B0020FD3D030082B038B59A
:105FB000002504A90560044681E80C00FCF712FDE9
:105FC00004AB0FCB256184E80F002046BDE83840C4
:105FD00002B0704710B50446006800F0BFFC2046D0
:105FE00010BD00BF014B0360704700BF287C040058
:105FF00010B504460868206000F092FC204610BDF1
:1060000010B5044629B10160084600F089FC20461D
:1060100010BD024B0360204610BD00BF287C040069
:106020000346024A00681A60704700BF287C0400DB
:1060300038B504460B680068984206D00D4600F05B
:106040008DFC2868206000F06BFC204638BD00BF46
:106050000068438882880021063002FB03F20EF0BC
:1060600031BF00BF30B400684488A1420DDA858892
:10607000AA420ADA002908DB002A06DB084404FBEE
:1060800002020020937130BC70476FF47A70FAE717
:1060900003685888814211DA10B49C88A2420ADA57
:1060A000002908DB002A06DB0B4400FB0233987949
:1060B0005DF8044B70476FF47A70F9E76FF47A700B
:1060C000704700BF2DE9F047B1F1000A21DD1D4600
:1060D000FBB10468A788B4F802809742A8BF1746AE
:1060E000D045A8BFD046002F814604F106040DDD3F
:1060F00000262946204642460EF0C0FED9F8003060
:1061000001365B88BE4255441C44F2D10020BDE8F4
:10611000F0876FF47A70FAE72DE9F0410F1E19DB72
:10612000002A17DB0446062007FB02001E46154620
:10613000FAF78AFD206000F039FC23685F8023684D
:106140009D805EB133462A4639462046BDE8F0417F
:10615000FFF7B8BF074B0360BDE8F08120684388B4
:106160008288314602FB03F20630BDE8F0410EF0B2
:10617000A9BE00BF287C040010B500230446FFF729
:10618000CBFF204610BD00BF2DE9F041054684B08D
:1061900000294FD00A780C46002A51D000218C46A5
:1061A0000F460E46234607E00A2A39D00EB10137C2
:1061B000002613F8012F42B1A2F130000928F3D8CC
:1061C00013F8012F0126002AF6D109B20FFA8CF23A
:1061D00000232846FFF7A0FF2F6823780637DBB19E
:1061E00001AE32464FF0000804E002F8013B14F81B
:1061F000013F8BB1A3F130010929F6D9B24282F8EF
:106200000080F4D930460EF026FE07F8010B14F892
:10621000013F3246002BEDD1284604B0BDE8F081A5
:1062200006B10137B942B8BF394600270CF1010C5D
:106230003E46BEE7034B0360284604B0BDE8F0814C
:106240001146C5E7287C040010B50446FFF764FF3B
:10625000204610BD2DE9F84F05689DF82840B5F897
:1062600002C062454FDAB5F804E073454BDAD1F865
:1062700000B0BBF8029002EB0907002F43DDBBF82A
:1062800004A003EB0A08B8F1000F3CDD002A55DB3F
:10629000ACEB02074F45A8BF4F46002B0BF106069B
:1062A00060DBAEEB0308D045A8BFD04622EAE2721D
:1062B00005F106090BB10CFB032291443CB3B8F184
:1062C000000F20DD4FF0000E724607F1FF3A002F5D
:1062D0000FDD731E4C4606EB0A0C13F8015F0DB17F
:1062E000257001329C4504F10104F6D10568D1F80E
:1062F00000B0BBF802406B880EF1010EF045264459
:106300009944E4D100E000221046BDE8F88FB8F1CE
:10631000000FF8DD0D4682463A46314648460EF0FB
:10632000ADFD2A68DAF8003052885B880134A04558
:1063300016449944F0D107FB08F2E5E76745A8BF8A
:106340006746002B0BF1060612DAF045A8BFF046AF
:10635000C2F1000C09FB13C31E4422EAE27205F1EC
:106360000609AAE7F045A8BFF0464FF0000CF1E798
:10637000AEEB0308D045A8BFD046B61A96E700BFDB
:106380002DE9F043804683B0684691461D460C4691
:10639000FFF71EFDD8F800305A88914533DA9B8804
:1063A0009D4230DA1F2C2ED9019B9C422BDC2146CA
:1063B0006846FFF717FD4FF0100E07462B1A053001
:1063C00007EB030C0021D8F80040658801EB0906B3
:1063D000B5420EDDA288624534444EFA01F208DD72
:1063E0003E780CFB0544164214BF4FF0FF320022EA
:1063F000A27101310529E6D10137B842E0D1002070
:1064000003B0BDE8F0836FF47A70F9E72DE9F0414D
:1064100003680D1E5F8826DDBD4203F10604804639
:106420009A8817DA9AB17F1B002661193A462046EE
:106430000EF024FD2A46E01900210EF043FDD8F8A5
:1064400000305A889B8801369E421444EDDB0020C0
:10645000BDE8F08107FB02F2204600210EF032FD7C
:106460000020BDE8F0816FF47A70F1E72DE9F84F74
:1064700000AFD1F80090BE6AB9F80240F96A02EBA9
:106480000608A0451D468246194432DAB8F1000FCD
:10649000D8BFA046B9F80460B14202DA0029C8BFEB
:1064A0000E4608FB06F3073323F0070304FB05221F
:1064B000ADEB030D09F10604AE421444EB460DDDCD
:1064C0006B464246214618460EF0D8FC0135B9F815
:1064D00002200346AE4233441444F2D150465B4698
:1064E00032B20FFA88F1FFF717FE5046BD46BDE8FD
:1064F000F88FA046CEE700BF10B5096804468B1D93
:10650000B1F90420B1F90210FFF706FE204610BDD4
:1065100010B5064B064C1846236000F001FA2046E1
:10652000044A0549BDE810400EF06CBC287C04000C
:10653000043B002040200020D55F0300F8B505464D
:10654000101D14461F460E46FAF77EFB286000F029
:106550002DFA2B685C802EB1286831460430224623
:106560000EF08CFC012F00D0F8BD286822460430C4
:106570000021BDE8F8400EF0A5BC00BF014B036050
:10658000704700BF307C0400002910B5044606DDCA
:1065900013460A460021FFF7D1FF204610BD024BEB
:1065A0000360204610BD00BF307C0400002A10B5F7
:1065B000044604DD0023FFF7C1FF204610BD024B57
:1065C0000360204610BD00BF307C040010B50446B7
:1065D0000868206000F0A4F9204610BD10B50446FC
:1065E000006800F0BBF9204610BD00BF38B5044676
:1065F0000B680068984206D00D4600F0AFF9286895
:10660000206000F08DF9204638BD00BF00680968A1
:1066100088420ED008B543884A889A4201D00020AB
:1066200008BD043104300EF01AFCB0FA80F04009C5
:1066300008BD0120704700BF38B5151E13DB046884
:106640006288A8B290420ED833EA230328BF1346CB
:10665000521B9A4204F10404A8BF1A4660190EF0B6
:1066600031FC002038BD6FF47A7038BD002B70B556
:106670000D4602DA03685B889B1A002A21DB046856
:1066800066889918B1421CDC91421ADBCBB135F017
:10669000004116D05942A94214DAAB4212DD04344B
:1066A000002D04EB020612DB5C1B224671193046FA
:1066B0000EF0EFFB2A4630190021BDE870400EF0C5
:1066C00001BC70BD0021BDE87040FFF7B5BF6C4252
:1066D0005A19314630190EF0DCFB224630460021B3
:1066E000BDE870400EF0EEBB002906DB03685A8857
:1066F0008A4202DB5980002070476FF47A7070473D
:1067000010B50446006800F029F9204610BD00BF0E
:1067100070B50546501D14460E46FAF795FA2860E6
:1067200000F044F92B685C8028682246314604302A
:106730000EF0A4FB2B681C440023237170BD00BF26
:1067400010B50B4684B0044601A91846F9F72EFB94
:1067500001A80EF0F3FB01A902462046FFF7D8FF7F
:10676000204604B010BD00BF38B5054611B10B7806
:106770000C461BB9064B2B60284638BD08460EF068
:10678000DDFB214602462846FFF7C2FF284638BDFA
:10679000347C0400F8B517460A683B68B2F9025029
:1067A000B3F902301D440446681D0E46FAF74CFA50
:1067B000206000F0FBF823685D8031682068B1F943
:1067C0000220043004310EF059FB32682368396826
:1067D000B2F90200B1F902200433184404310EF07A
:1067E0004DFB23681D4400232B712046F8BD00BFDC
:1067F00070B5054649B10B780C4633B108461646CC
:106800000EF09CFBB3B2834203D9054B2B602846A4
:1068100070BD284632462146FFF77AFF284670BDF4
:10682000347C040010B504460868206000F078F855
:10683000204610BD014B0360704700BF347C04004C
:1068400038B504460B680068984206D00D4600F043
:1068500085F82868206000F063F8204638BD00BF46
:1068600008B50068096843884A889A4201D0002028
:1068700008BD043104300EF057FBB0FA80F0400937
:1068800008BD00BF70B513680D685E8804465EB130
:106890006D881DB1FFF77EFF204670BD036018466E
:1068A00000F03EF8204670BD0560284600F038F83C
:1068B000204670BD002907DB0368B3F902208A4235
:1068C00002DD0B44187970470020704710B5064B65
:1068D000064C1846236000F023F82046044A054978
:1068E000BDE810400EF08EBA347C0400083B002056
:1068F000402000200167030008B503884FF6FF72AF
:106900009BB293420AD0012B01D0DB0704D41E2096
:10691000EAF76CFF002008BD002008BD012008BD7B
:1069200003884FF6FF729BB2934215D0012B10B52E
:1069300004460DD0DB070BD5BFF35B8FD4E85F3F78
:106940000233C4E8523F002AF8D1BFF35B8F10BD79
:106950001E20EAF74BFFEFE7704700BF03884FF6B2
:10696000FF729BB2934218D0012B10B5044610D091
:10697000DB070ED5BFF35B8FD4E85F3F9A1EC4E8F8
:10698000512F0029F8D1BFF35B8F9BB2032B05D0A9
:1069900010BD1E20EAF72AFFECE770472046BDE84D
:1069A000104000F001B800BFFAF774B90323038068
:1069B000704700BF82B070B582B0044608A906A82F
:1069C00080E80C0003C9266865698DE8030006AB02
:1069D0000CCB3046211DA84702B0BDE8704002B084
:1069E000704700BF08B502680B689A4201D00020CA
:1069F00008BD0431102204300EF031FAB0FA80F0F4
:106A0000400908BD042070470429024808BF00203F
:106A1000704700BF16FCFFFF436805481B6990FBE9
:106A2000F3F007EE900AF8EEE77A17EE900A704757
:106A300040420F00837C43F020038374704700BF03
:106A4000807CC0F34010704710B508310446FFF752
:106A5000BDFD204610BD00BF184B03F128022DE9F3
:106A6000F04106460360826000F5FE7700F501758F
:106A700000E025462C1F2046FFF7B0FDA742F8D1C5
:106A8000DFF84080283D06F11C0745F8188C3C3C97
:106A90002846FEF703FA04F10800FFF79FFDA7421E
:106AA000A5F13C05F1D1064B336000233046F3805D
:106AB000F9F7F2FA3046BDE8F08100BFB07C04007F
:106AC000BC700400887C0400084B094A0321C3F809
:106AD0000815D2F80034DB07FBD40123936090F84B
:106AE0000832002BFBD10120704700BF00F00140AD
:106AF00000700040194B03F128022DE9F0410646D1
:106B00000360826000F5FE7700F5017500E0254620
:106B10002C1F2046FFF762FDA742F8D1DFF8448022
:106B2000283D06F11C0745F8188C3C3C2846FEF72A
:106B3000B5F904F10800FFF751FDA742A5F13C05A6
:106B4000F1D1074B33600023F3803046F9F7A4FA04
:106B500030460EF055F93046BDE8F081B07C0400B7
:106B6000BC700400887C0400104B70B50446C0E97A
:106B7000003104F1180508301646FFF7FFFC2146E6
:106B80002846FEF771F9A368E6745B88E381022268
:106B900000234FF4007128462182A374A282194673
:106BA000A381FEF79DF9204670BD00BF887C0400DC
:106BB000072914D8032A12D810B4C37C01751B010D
:106BC00003F1804342F4805403F5E043427544EA04
:106BD00001210020C3F818155DF8044B70476FF4CD
:106BE0007A70704710B5898A04460022FFF7CCFC02
:106BF00020464FF0FF3300228821FFF71DFD20467D
:106C000010BD00BF38B504468069036800219B6B46
:106C10009847A06903684FF47A51DB6C9847226962
:106C2000A17D07EE902A01290B46F8EE677AB8BFDE
:106C3000012303EB8303B3EE007AB2FBF3F3FF2BE4
:106C400067EE877A2FD9802300225B1002F10102C0
:106C5000FBD101293AD92649072AC1F8F4352BDDA1
:106C60009FED247A67EE877A4FF48072C4F804228D
:106C7000A069FDEEE77A03680021DB6B17EE902A2E
:106C80009847A3691C4A5B691C48012103F5A0745D
:106C90000225C3F80012C2F80855C2F81845C2F818
:106CA0001C05D96038BD5B10CED101291DD9104912
:106CB0000122C1F8F435D9E7012303FA02F207EE05
:106CC000102AB8EEC77AC7EE877ACFE70123934040
:106CD00007EE103AB8EEC77AC7EE877A0449012367
:106CE000C1F8F425C4F80432C2E71A46F6E700BF3B
:106CF000007000400000803B00F001400470004044
:106D00002DE9F047504D0560002582B045600446EE
:106D10000E4691469A46F9F74FF94C4AA66102F1A0
:106D2000080330322360A26021462A46257365732A
:106D300004F11C00FFF718FF214604F1580001225E
:106D4000FFF712FF214604F194000222FFF70CFF27
:106D5000214604F1D0000322FFF706FF214604F587
:106D600086700422FFF700FF214604F5A470052277
:106D7000FFF7FAFE214604F5C2700622FFF7F4FE83
:106D800004F5FE770722214604F5E070FFF7ECFEDC
:106D900004F500763846FFF7F1FB3046FFF7EEFBCF
:106DA0004FF001084FF40073A382214601A8A4F814
:106DB00004A0C4F81090A57584F80852C4F80482A1
:106DC000FFF710FF01A93846FFF710FC01A8FFF7F5
:106DD00005FC214601A8FFF705FF01A93046FFF792
:106DE00005FC01A8FFF7FAFB194E1A4BE575802741
:106DF0001C60C6F88070BFF34F8FBFF36F8F164BC8
:106E0000164AC3F800550320C3F8F005144923209F
:106E1000C3F80403C2F808852046C2F81015C2F86A
:106E20001435FFF7EFFE86F80753C6F88071376018
:106E3000A06903685B6A9847A06903681B6B984761
:106E4000204602B0BDE8F087BC700400A87C0400B6
:106E500000E100E00C3B00200070004000F0014029
:106E600004710040F0B5514D51492B68514C524AC4
:106E700085B0012600930B680193236802930023D9
:106E8000136017681660009A2A60019A0A60029AD5
:106E90002260A1F2446103222324C1F800351F4679
:106EA000C1F8F0258E46C1F804431A469C46837506
:106EB000064617E0CFB2877596F8313096F82F1056
:106EC00096F8304043F480530EEB011143EA04235B
:106ED000082AC1F8183506F13C06C5F81025C5F892
:106EE00014C51CD013019C1A00EB840403F18045E7
:106EF00094F82E4014F0100407F1010105F5E04567
:106F000002F1010203F18043D4D103F5E043082AE2
:106F1000C3F8104506F13C06C3F81445E2D117B991
:106F2000384605B0F0BD254D04460126C5F800657C
:106F3000FFF768FEE77D7F3704EB870703A821464C
:106F4000FFF750FE03A93846FFF750FB03A8FFF7F1
:106F500045FBD4F80422A17DE07DA38AB24001FB69
:106F600002F204EB800093FBF2F702FB17329B1A4C
:106F7000D0F8FC21124801F1004103EBD373013931
:106F8000043233410327C5F82C26C5F8303602EB0E
:106F900041022E6048F68801C0F8047584F8086242
:106FA00013889942FCD0012005B0F0BD4076004026
:106FB0004476004048760040FC7F0040007000406E
:106FC00000F0014008B5034689B190F8083203F09B
:106FD000FF011BBB184B194A197013681849DB09CC
:106FE00003F00100DB0708701CD4002008BD144A20
:106FF00012785AB9104A1278002AF6D093F808226B
:10700000002AF2D11846FFF72DFFEEE70B4A802148
:107010001160094A1278002AF0D1E6E7FFF754FD23
:107020000146D7E78023C2F88030BFF34F8FBFF30C
:107030006F8F002008BD00BF1C43002000E100E06E
:107040001B43002090F8082238B5044612B90161AC
:10705000002038BD0D46FFF737FD25610028F7D029
:1070600094F80832002BF3D12046FFF7FBFEEFE740
:1070700007EE901A9FED0E7AC7EE277A10B50446F8
:1070800040680369FDEEE77A17EE901A994201DA3B
:10709000FFF7D8FF2368074A9B699342204603D134
:1070A000BDE81040FFF7B8BCBDE81040184700BF6E
:1070B00000247449196A030038B50D460446FFF7E9
:1070C0005DFA02F07DFDEB7D7F3305EB8301204609
:1070D000FFF78CFA02F066FD204638BD30B5837CA0
:1070E00013F0100483B002D1204603B030BD044633
:1070F00001A86168FFF7E0FF0023E57C1B481A4602
:1071000002F151010901415801B10133954202F1E7
:10711000010228D0082AF3D1154B01990A1D48F61F
:107120008800D55A8542134412D065684988AD7DE0
:107130000A449A424FEA450502D805E09A4203D92B
:107140002B4419888142F9D15B1BB3F90030A3812C
:10715000A48901A824B2FFF741FA24EAE474A4B296
:10716000204603B030BD013B5B00D6E70070004015
:107170002EF8FFFFF8B50E460446097D2248154655
:10718000F9F786FEC8B1317D1F48F9F73DFE471E6D
:10719000A5B13D01EB1B04EB830393F82E30DB0616
:1071A00013D53368194ADB6D934222D10023ED1BBE
:1071B000237304EB850404F11C00F8BD3D01ED1BB5
:1071C00004EB850404F11C00F8BD94F80832B3B94F
:1071D000EB1B04EB830393F82E2042F0100283F89C
:1071E0002E2094F80832002BDBD12046FFF73AFE20
:1071F000D7E73046002204F108019847DFE7204630
:10720000FFF762FCE4E700BF387C0400D59502007C
:10721000D9B138B58B7CDB060DD490F80832054621
:107220000C467BB9A37C43F01003A37495F8083295
:1072300003F0FF040BB1002038BD2846FFF712FE13
:10724000204638BDFFF740FCECE76FF47A707047DA
:1072500038B50C460546097D1B48F9F719FE80B381
:10726000217D1948F9F7D0FD0138C0EB001005EB7E
:10727000800494F82E30DB060BD595F8083203F025
:10728000FF0043B994F82E3003F0EF0384F82E305A
:1072900038BD002038BD2846FFF716FC94F82E3084
:1072A00003F0EF0384F82E300028F2D095F808326E
:1072B00003F0FF04002BECD12846FFF7D3FD204656
:1072C00038BD6FF47A7038BD387C040070B5002288
:1072D00005460E46FFF74EFF38B1044631462846B4
:1072E000FFF7B6FFA37CDB06FCD42B7B1BB12B681E
:1072F00028469B699847002070BD00BFA0F1080098
:10730000FFF7E4BF2DE9F04F847CE40685B057D544
:107310000C68B4F802804FEA6808904550DD0434E8
:1073200004EB480804EB420700E0A846A8F1020578
:10733000EC1B641094FBF3F603FB1644002CF4D111
:10734000B5F900208281827C920639D5012B064650
:107350004ED0B0F90E1080680A1DB84500EB020B44
:10736000B0F802A02CD95D0006F10803A1460193F4
:1073700007E0B6F90E3053451CD0B84520D9B6F910
:107380000E10514504F101041DD0B7F900309944A5
:107390000E9B9C422F44ECD199FBF4F4ABF80040D7
:1073A000F38902331BB2002453450BF1020BF38126
:1073B000A146E2D106F11800FDF70CFDB845DED874
:1073C00005B0BDE8F08F0122B6F9101003A8FFF751
:1073D000DBF803A90198FFF709F903A8FFF7FEF806
:1073E000B2680023F381B2F802A002F1040BCCE7EB
:1073F0000830FFF7FBF8B3685B88F38106F11800EB
:10740000FDF7E8FCDCE700BF2DE9F0433B4BD3F888
:10741000042185B005461AB9D3F81431002B42D0A7
:1074200095F81780354F08F1010303F00103EB7560
:10743000D7F8341608F17F0805EB88084900404664
:107440000024FFF751F9264605F11C0902E001343A
:10745000082C1DD004F151031B01FB58002BF6D062
:10746000414603A8FFF7B2F8D5F80422AB7D00929D
:10747000C4EB0410324609EB800003A9FFF742FF7A
:10748000013403A8FFF7AAF8082C06F10106E1D1A0
:107490001A4BD3F8042112B10022C3F80421174B70
:1074A000D3F814211ABB154ED6F80031E3B1EC7DA8
:1074B000013404F0010404F17F07294605EB870736
:1074C00003A87E34FFF78EFB05EB840503A938463D
:1074D000FFF78CF803A8FFF781F86B6800220433EC
:1074E000C6F82C36C6F8002105B0BDE8F0830022AE
:1074F000C3F8142185F80822D5E700BF00700040CA
:10750000024B186808B1FFF77FBF70470C3B0020A3
:10751000154A4369914218D9144A914221D901323E
:1075200010B44FF0C86000249142C3F80045C3F87E
:10753000240503D14FF0C462C3F82425062200209D
:10754000C3F800255DF8044B70474FF0CC72002162
:10755000C3F80015C3F824250622C3F8002500202F
:1075600070474FF08062F2E78FD003007F1A060069
:10757000704700BF10B504460DF042FC204610BD18
:10758000F0B585B004AC066804F8012D9DF82C70A8
:10759000009722461F46366A012305460C46B0472F
:1075A00038B92B68009021463A469C6A0A9B2846C7
:1075B000A04705B0F0BD00BFC3688B4210B50446BC
:1075C00006D003698B4203D0237953B9002010BD44
:1075D00023680022DB6B1146204698472379002B55
:1075E000F4D02368054A9B6B9342204603D10DF0EB
:1075F00007FC002010BD9847E8E700BF7575030041
:10760000C368002B3AD00369002B37D01A6870B5D5
:1076100004460121184613689847E0680368012171
:107620001B6898470420F9F765FC0025E0680368AB
:1076300002219B689847014608BB206903681B68C4
:1076400098470420F9F756FC2069036801211B685C
:107650000D4498470420F9F74DFC092DE6D1E06868
:10766000036800211B6898470420F9F743FCE06891
:10767000036801211B68BDE8704018477047002D62
:10768000EDD170BD38B5044615460A4600F10C012F
:10769000FAF754F92A4604F110012046FAF74EF998
:1076A0006269E3680025C2F80055F3B12369E3B1CC
:1076B00001212046FAF740F90621E06801F0F2F8CE
:1076C0000621206901F0EEF82046FFF799FFE068F7
:1076D000036802219B6898472069036802219B6820
:1076E000984729462046FAF727F90A20F9F702FCBD
:1076F000D4E904239AB1107DE268AAB1147DC3F8DD
:1077000008054FF0CC710622C3F80C450A20C3F8D7
:107710002415C3F80025F9F7EDFB002038BDE26819
:107720004FF0FF30002AE9D14FF0FF34E7E700BF08
:10773000F8B504461D4617460E46FAF7EFF8002244
:10774000104B2360C4E9022222615DB1284602F099
:10775000A7FA606160B13A4631462046FFF792FFD2
:107760002046F8BD012002F0BDFA60610028F2D188
:107770005A20EAF73BF83A4631462046FFF782FFA7
:107780002046F8BDE47C04002DE9F04143698EB247
:1077900082B09A590546002A61D1D3F82441002CC1
:1077A00036D14FF00108334F10E0D3F8482592B995
:1077B000632C54DC0A20F9F79DFB6B699A59002A67
:1077C0004DD1D3F824211ABBBC4221D0D3F850218B
:1077D0000134002AE9D1632CECDDD3F860213AB101
:1077E000D3F80022D10503D5D3F84821002A32D09E
:1077F000D3F86021002ADDD0D3F800229205D9D534
:10780000D3F80421002AD5D1C3F814801446D1E757
:10781000D3F8C424C3F8C4240022C3F82421D3F825
:107820002421019201220199134C1A625A6101E04C
:10783000013C16D00A20F9F75DFB6B69D3F80431DF
:10784000002BF5D00D4CA86808B1F9F753FB204682
:1078500002B0BDE8F081C3F81C801446AAE70024FA
:10786000F1E72B682A69DB6BE968044C28469847E6
:10787000E9E700BF41420F00A08601000EFCFFFFB8
:1078800070B44469C1F34701C4F888150021C4F8F5
:10789000041189B0D4F804610696069EC4F8241138
:1078A000D4F824610596059EC4F86011D4F860618F
:1078B0000496049EC4F85C11D4F85C610396039EA0
:1078C000C4F85011D4F850610296029EC4F84C11CD
:1078D000D4F84C619DF830500196019EC4F84425BF
:1078E000C4F8483575B14FF480720123C4F8002202
:1078F000A360D4F84821DAB94FF4A47109B070BC80
:10790000FFF742BF4FF400720123C4F80022A360C6
:10791000D4F84821A2B12362C4F84851D4F84831C0
:107920000793079B4FF4827109B070BCFFF72CBF1F
:107930002362C4F84811D4F848310793079BDBE76A
:107940004FF48271DAE700BF70B54469C1F34701B3
:10795000C4F888150021C4F8041188B0D4F8046173
:107960000696069EC4F82411D4F824610596059E57
:10797000C4F86011D4F860610496049EC4F85C11E8
:10798000D4F85C610396039EC4F85011D4F850619A
:107990000296029EC4F84C11D4F84C619DF8305008
:1079A0000196019EC4F83425C4F83835B5B94FF4B2
:1079B00080520123C4F800222360D4F8482132B158
:1079C0002362C4F84851D4F848310793079B4FF419
:1079D000827108B0BDE87040FFF7D6BE0123236076
:1079E000D4F8482192B94FF4AE710446FFF7CCFEAB
:1079F00008B108B070BD6369012220464FF4A4713C
:107A0000DA6108B0BDE87040FFF7BEBE2362C4F87B
:107A10004811D4F848310793079BE4E70E4B03F174
:107A20002C0103F1380270B5C0E90212054603606B
:107A300000F12C0600F13404043C2046FEF7CEFD94
:107A4000A642F9D1054B2B6000232846EB80F8F7BE
:107A500023FB284670BD00BF2C7D0400BC700400D1
:107A600070B544690D7D00234FF0FF3604EB8302AF
:107A70000133D2F86015A94208BFC2F86065042B33
:107A8000F4D1037C13B103689B699847002070BD53
:107A9000A0F10C00FFF7E4BF0F4B03F12C0103F141
:107AA000380270B5C0E902120546036000F12C06E9
:107AB00000F13404043C2046FEF790FDA642F9D1C3
:107AC000064B2B600023EB802846F8F7E5FA2846A2
:107AD0000DF096F9284670BD2C7D0400BC700400A2
:107AE0004369D3F8080570479FED1F7A07EE901A97
:107AF000C7EE277A10B4B0EE677ABEEECE7A17EEF4
:107B0000101AB1F5004F29DB0023013341FA03F2CB
:107B1000B2F5004FF9DA072B04DD144B5DF8044B86
:107B2000184670471C4612FA03F348BF0F331B1167
:107B300007EE903ADFED0C6A4169F8EEE77A002330
:107B400086EEA77AC1F80C45C1F808255DF8044B0C
:107B5000C0ED097A80ED087A18467047002417EEC8
:107B6000102A2346DFE700BF0024744900407AC48E
:107B70002DE9F843494D05600025456004460F4650
:107B800016469846BDF82090F8F716FA4448676103
:107B900000F12C0200F13803C4E9022320602574AF
:107BA000657404F12C00FEF7E9FC04F13000FEF7E7
:107BB000E5FC63693B4F66630126A4F80490E56128
:107BC000657625852576A676E676C3F800554FF0CE
:107BD0008023C7E90033C7E9023341462046FFF757
:107BE00083FF6369304AC3F804550227042030211B
:107BF0009342C3F81075C3F84855C3F82855C3F825
:107C00004C55C3F82C55A676E676C3F81465C3F830
:107C10000002C3F8041320D0244A93422FD0244AF0
:107C200093420CD0606B016801224D68227604F10A
:107C30000801C3F80025A8472046BDE8F8831D4A7F
:107C40001D4B92681D49C2F8C81004221C49C3F894
:107C500084215A6063698C60E4E7194A154B14600B
:107C60009A681849C2F8B010A3F540634FF08052EB
:107C7000C3F880211A6063690C4A9342CFD10D4A40
:107C80000D4B92681049C2F8C41002220C49C3F887
:107C900084215A6063694C60C1E700BFBC70040076
:107CA0002C7D0400103B002000C001400010024069
:107CB0000020024000ED00E000E100E0197F030039
:107CC000203B0020F97E0300097F030007EE901A95
:107CD000FEEECE7A10B417EE901AB1F5004F23DB0A
:107CE0000022013241FA02F3B3F5004FF9DA072A14
:107CF0001FDC14464169DFED106AC1F80C45C1F87C
:107D00000835934048BF0F331B1107EE903AF8EE49
:107D1000E77A002386EEA77AC0ED097A80ED087A2B
:107D200018465DF8044B7047002417EE903A22463F
:107D3000E0E76FF47A73F3E700247449406A704710
:107D400043690020C3F81015704700BFC2768176E2
:107D5000436939B93022C3F81415C3F80012C3F8C7
:107D600008237047012004213022C3F81405C3F80A
:107D70000012C3F80423704770B590F92930044607
:107D800082B0C0696BB1626901235360D2F80431DB
:107D9000002BFBD0002565762585D0B9002002B0E8
:107DA00070BD0D46F0B9A37E002BF7D0637E002B8B
:107DB000F4D0E37E002BF1D163691C4903EB451538
:107DC00008220123C5F82015C5F8242584F8293098
:107DD000E5E723680138E061DB69204698472846DB
:107DE00002B070BD616B0B6805F10B061B6801A842
:107DF00004EB8606984701A93046FEF7F7FB01A879
:107E0000FEF7ECFB04EB85026369D16AE26903EBE0
:107E100045150B1DC5F820354988531E4910012012
:107E2000C5F82415E36102B070BD00BF103B00200F
:107E300038B5C369817E01330446C36119B1637EDD
:107E400063B1002038BDFFF797FFC8B16369012215
:107E50009A60A37E002BF2D1002038BD0125657603
:107E600094F828102046FFF787FF94F828302B4419
:107E70002B4084F828303BB9636901229A60E0E71F
:107E8000E37E002BE5D0E1E7E3691BB900236376CD
:107E9000002038BD29462046FFF76EFF94F82830B1
:107EA000013303F0010384F82830002BEED1E3E71F
:107EB000A0F10800FFF7BCBF38B54369D3F8102123
:107EC000044672B9D3F8143103B938BD002584F8DB
:107ED000285001212046FFF74FFF6369C3F8145172
:107EE00038BD012380F828300021FFF745FF636982
:107EF0000022C3F81021E5E7024B186808B1FFF72C
:107F0000DBBF7047203B0020024B586808B1FFF7E9
:107F1000D3BF7047203B0020024B986808B1FFF7A1
:107F2000CBBF7047203B0020426900230376C2F894
:107F300000357047032A26DC70B502F5AC7642693D
:107F40000B7D52F826209A421BD00B680C46054642
:107F50001B6E08469847236800211B6820469847F7
:107F60006A692368217D42F82610204605F10C013C
:107F7000DB6D00229847E38843F00803E38000208C
:107F800070BD002070BD6FF47A70704703681B6A83
:107F9000184700BFF8B5C7688F4208D00546164697
:107FA0000C4617B103681B6E98472671EC60F8BD4C
:107FB00010B5036804465B6C9847236820465B68ED
:107FC000BDE81040184700BFF0B40479A40728D5D5
:107FD000002922DB002A20DD002B1EDDB4294FF40E
:107FE0007A74A8BFB42104FB01F10F4F05680F4E4E
:107FF0002D6B8908A7FB017102EBD277A3EB670316
:1080000004FB03F3890802FB013286FB0231D2171D
:108010002B46C2EBA111F0BC18476FF47A70F0BC8C
:1080200070470348FBE700BF176CC116D34D6210C1
:1080300016FCFFFFC08800F00500003018BF0120CB
:10804000704700BF037D0B4A1F2B98BF4FF0A04223
:1080500003F01F03D2F81415012202FA03F30B42B6
:1080600006D1C08800F00A00003018BF0120704718
:108070001046704700030050C08810F0030018BF7E
:1080800001207047C08800F00C00003018BF0120AC
:10809000704700BF03684FF47A729B6B02FB01F1DB
:1080A000184700BF08B50368DB6B9847024BA3FB7A
:1080B0000030800908BD00BFD34D6210027D0F4B18
:1080C000202A38BF4FF0A04302F01F0203EB8203C7
:1080D0000129D3F80027417122F00C0207D00229B0
:1080E00008BF42F00C02C3F800270020704742F09E
:1080F0000402C3F800270020704700BF00030050AF
:10810000D0F8103521EA0301C0F81815704700BFF8
:10811000D0F810351940C0F81815704738B50379F4
:108120009A071ED5C3885B07044602D403681B6EFA
:1081300098470D4B1868A0B101222146FFF71AF8A5
:10814000054670B1E06810B1F9F7F4FB18B9E3889F
:1081500043F00403E3802846FEF7C0FFC0F30F108E
:1081600038BD024838BD00BFF03B002016FCFFFFC1
:1081700070B52DED028BC38882B01B07019137D5F6
:108180001C4D1D4C286808EE101AFFF7A9FCF8EEEC
:10819000487A08EE900A17EE901A2868FFF796FDC5
:1081A000F8EEE88A04F108062388286807EE103AFA
:1081B000B8EE478AFFF794FC07EE900AB8EEE77A2C
:1081C00027EE087AC7EE287AFCEEE77A17EE903AA7
:1081D00024F8023BB442E7D1084B0749186808224B
:1081E000012308F0D3FF002002B0BDEC028B70BD6C
:1081F0000348F9E7F43B0020F83B0020003C002056
:1082000016FCFFFF38B5027D1B4B202A38BF4FF00C
:10821000A04302F01F020125D3F8144505FA02F22B
:10822000144224D10D460446D1B9C3F80C25184692
:108230001146FFF76DFF217D0F4B202938BF4FF00E
:10824000A043D3F81435134213D0236820461B6E85
:108250009847236829461B6820469847002038BD68
:10826000C3F8082518461146FFF74AFFE3E7002048
:1082700038BD024838BD00BF0003005012FCFFFFAC
:1082800038B5C3889B0704460D4614D5C06810B1A5
:10829000F9F750FB78B1227D012302F01F018B40DA
:1082A0008DB31E491F2A8CBF0A464FF0A042002002
:1082B000C2F8083538BD236820461B6E9847217DDB
:1082C000164B202901F01F004FF0010238BF4FF07C
:1082D000A0438240A5B9C3F80C2520290F4BE288A2
:1082E00038BF4FF0A04303EB800342F00202D3F803
:1082F000001741F00101C3F800170020E28038BDEB
:10830000C3F80825E9E705491F2A8CBF0A464FF044
:10831000A0420020C2F80C3538BD00BF0003005059
:10832000C388DB0770B5044616D5C06810B1F9F7ED
:1083300001FB88B1237D2049202B38BF4FF0A0419D
:108340000122D1F8101503F01F0302FA03F30B42C8
:1083500014BF1046002070BD2368174D1B6E2046C9
:108360009847237DE0882168202B03F01F0234BF4B
:108370004FF0A0432B4603EB820340F00102D3F8F9
:1083800000074E6C617920F00300C3F80007E2801B
:108390002046B047237D202B38BF4FF0A045012257
:1083A000D5F8101503F01F0302FA03F30B4214BFB4
:1083B0001046002070BD00BF0003005008B5C38800
:1083C0001B070AD5064B1868FFF7B8FC07EE900AA2
:1083D000FCEEE77A17EE900A08BD024808BD00BF20
:1083E000F43B002016FCFFFF38B50368234A9B6A64
:1083F000934204461DD1C588C5F38025C5B9E06800
:1084000010B1F9F797FAB8B1227D1D4BE1881F2A08
:1084100098BF4FF0A04302F01F0203EB820301F468
:108420003062D3F8001721F44031C3F80017E2801E
:1084300038BD98470546E1E7E068E388026843F401
:1084400080631268E380214690470E4BE1681B6809
:108450000BB103F10C05A942227D02D00023E36099
:10846000D3E7094BFF25181D13F9011B914208BFE3
:1084700003F8015C9842F7D1F0E700BF25950200B0
:1084800000030050F43B00201821002070B5044682
:1084900015464FF480760E482371012200232F2DBC
:1084A00021812575E68020606271C4E9033302D919
:1084B0003220E9F79BF9074A0749084B42F8254063
:1084C0004FF000454022C1F804531A60204670BDA9
:1084D000707D04002C3B00200060004000E100E0C3
:1084E0000379DB0755D5F0B5C388DA0683B00D46AE
:1084F000044603D5C3F3C023994223D02368204602
:108500001B6E9847012D23682ED05B682046984744
:1085100023682420DE6D0CF07AFC002322890746B4
:10852000CDE9003321460123FAF7F2FF07F10C01F0
:1085300001222046B047E38823F400639BB243F056
:108540001103E380012DE0680AD038B150F80C3CEB
:10855000DB690C3803B0BDE8F04018470368FFDE64
:108560000028F3D10368FFDE3420DE6D0CF04FFCF1
:10857000094A40F6AC53074612682146FCF770F9E9
:108580002A4607F10C012046B047E38843F4006314
:10859000D5E70248704700BFEC3B002016FCFFFF08
:1085A000C188C1F3C021FFF79BBF00BF10B50446CF
:1085B00084B00A46002368462189FDF7B1FCE368D0
:1085C0004BB1029AD96ADA626846521A0023CDE9A1
:1085D0000223FDF7CFFC04B010BD00BF10B5C38867
:1085E000590684B0044609D49A060DD41B0603D557
:1085F00023690BB10120984704B010BD0521FFF796
:10860000D5FFE3889A06F1D5012302222189684625
:10861000FDF786FCE388E9E710B5C388590684B006
:10862000044609D49A060DD41B0603D523690BB161
:108630000020984704B010BD0421FFF7B7FFE3887E
:108640009A06F1D50123032221896846FDF768FCCB
:10865000E388E9E72DE9F04BD0F8204584B00546E2
:1086600074B3DFF890800E4601274FF01F0BB4FA69
:1086700084FCABEB0C03991907FA03F258F821902C
:1086800024EA0204B9F1000F18D0B9F8062012F05C
:10869000E00F05EB83030FD0D3F8002782F480327C
:1086A000C3F80027D3F8003713F4803F48461CD0A6
:1086B000FFF794FFB9F80620930508D4002CD4D115
:1086C0004FF0FF33C5F8203504B0BDE8F08BF8F764
:1086D000BBF90028F2D00123052240F2FF316846A1
:1086E000FDF71EFC002CC0D1EAE7FFF795FFB9F8B3
:1086F0000620E1E72C3B002008B5094BD3F87C218C
:1087000002B908BD0021C3F87C114FF0A040FFF76B
:10871000A1FF20210348BDE80840FFF79BBF00BF31
:108720000060004000030050C38813F0E00F70B5F4
:1087300004460D4640D05A060ED423F0E003022D25
:108740009BB218D0032D22D0012DE38004BF43F04B
:108750008003E380002070BD032D11D0E068036822
:1087600021461B689847E388002223F0E003022D8E
:108770009BB2E260E8D143F02003E380002070BDAB
:1087800023F0E00343F04003E380002070BD43F09A
:108790004003E38030200CF03AFB2146054608F008
:1087A000BBFAFAF71FF92368E86229462046DB6D19
:1087B00001229847002070BD03685B689847237DBD
:1087C000114A1F2B98BF4FF0A04203F01F0302EB8A
:1087D0008301D1F8006726F44036C1F8006758B12C
:1087E000D1F8000740F44030C1F80007012199405A
:1087F000E388C2F820159EE7D1F8000740F4003066
:10880000C1F80007F2E700BF0003005000B583B0D5
:10881000042920D8DFE801F0100A0A0A03000368DF
:10882000DB6A9847002003B05DF804FBFFF77CFF8C
:10883000002003B05DF804FBC38803F0F0031BB90C
:10884000084603B05DF804FB036801911B6E98476E
:1088500001990846E7E76FF47A70E4E738B50368F2
:1088600004465B680D469847E3885B0605D52946B4
:10887000E068BDE8384008F0DDBA2368084A5B6D5F
:1088800093424FF00301204607D1FFF74DFF2946E1
:10889000E068BDE8384008F0CDBA9847E7E700BF88
:1088A0000D880300072913D8027D0B4B202A38BFFF
:1088B0004FF0A04302F01F0203EB82030020D3F825
:1088C000002722F4E06242EA0121C3F80017704752
:1088D0006FF47A70704700BF0003005010B4037D3E
:1088E0000C4A00290CBF00244FF440741F2B03F0E6
:1088F0001F018CBF13464FF0A04303EB8103002000
:10890000D3F8002722F4E0622243C3F800275DF881
:10891000044B704700030050027D0B4B202A38BFE8
:108920004FF0A04302F01F0203EB8203D3F80027AD
:1089300022F44032C3F80027D3F8002742EA01416D
:10894000C3F80017704700BF00030050F0B5154C86
:10895000236883B0CBB1144D2E6816B1002003B04C
:10896000F0BD38200CF053FA2268104B1049132444
:1089700007460094FFF7FCF83846314601222F6085
:10898000FFF7E4F9002003B0F0BD40200CF03FFAFF
:10899000054608F0BFFB28460321256008F062FB6E
:1089A000D9E700BF003C0020F43B00200000484213
:1089B00000C0014003799B0760D5B1F5806F5FD29D
:1089C000C3881A072DE9F04105460E4602D4036814
:1089D0001B6E98472C4F297D3A464FF0FF340023F9
:1089E00012F9010B884208BF1C460133042BF7D152
:1089F000631C2FD0DFF8A880E86810B1F8F79AFF61
:108A000018B9EB8843F00803EB80D8F800001F4D3D
:108A1000FFF766F807EE906ADFED1D6A1D4AB8EEB3
:108A2000E77AF7EE007AE7EE667A2946012307EE49
:108A3000100AB8EEC77A106867EE877A0822FDEE52
:108A4000E77A17EE906A25F8146008F09FFB002083
:108A5000BDE8F0812846FFF779FF0F4BDFF8408033
:108A60001C78297DD8F80000013404F00304224664
:108A7000395529461C70FFF75DFABDE70748704776
:108A80006FF47A70704700BF18210020F83B002077
:108A90000000803A003C00207423002016FCFFFFF9
:108AA000F43B002070B5174D2DED028B044608EE07
:108AB000101AFFF74BFF2868FFF740F9DFED127A35
:108AC00007EE100AB4EE677AF1EE10FA04D02868C7
:108AD00017EE901AFFF7FAF8DFED0C7A9FED0A7A9D
:108AE0002368B8EE488A204628EE278ADB68C8EE5D
:108AF000077ABDEC028BBDE87040FDEEE77A17EE19
:108B0000901A1847F43B002000409C460000804427
:108B10001F4B026A9A4220D01E4B994209D94FF04E
:108B2000004143698B4202D00023416183760020DB
:108B30007047194B99421FD8184B99421FD8184BB0
:108B400099421FD8174B99421FD8174B99428CBF97
:108B50004FF080614FF00071E3E7144B994202D966
:108B60004FF0A051DDE7A3F57403A3F5105399422C
:108B7000D2D94FF02061D4E74FF08041D1E74FF0D8
:108B80000051CEE74FF08051CBE74FF00061C8E7CE
:108B900000F00240FF117A00FF083D007F841E00B4
:108BA0003F420F001FA107008FD00300FF47E801DD
:108BB000082A4FF000034176837614BF6FF47A7071
:108BC00018467047704700BF10B504460CF018F9FE
:108BD000204610BD036AD3F8182182B100B50022E7
:108BE000C3F8182187B0D3F81811436A019101998D
:108BF00033B14262806A984707B05DF804FB704762
:108C000001230322182102A8FDF78AF9F4E700BF27
:108C100070B5012104468176F8F78EFE236AA068BC
:108C20000021C3F80015002873D003681B6898471B
:108C3000A068627E0368012A5B6C8CBF022101215F
:108C40009847A368E0681D7D002867D003685B68CB
:108C50009847E068627E0368012A5B6C8CBF022142
:108C600001219847E36820691E7D617E00285BD062
:108C70000368012994BF002101211B6898472369DB
:108C8000617E187D236A6269C3F808050139C9B29B
:108C90000229C3F80C55C3F81065C3F824259CBFFE
:108CA000264A52F8211094F9182088BF0021002587
:108CB000C3F8541542200721AA42C3F8C055C3F88F
:108CC0000403C3F8001532DB02F1604202F5614291
:108CD000E02382F8003394F91830002B13DB590994
:108CE000603103F01F030122154802FA03F340F834
:108CF000213094F91830002B05DB03F01F015B09CC
:108D00008A4040F8232020460121BDE87040F8F752
:108D100013BEE0684FF0FF35002897D12069617ECF
:108D20004FF0FF360028A3D14FF0FF30AAE7054BE4
:108D300002F00F021344E0221A76CCE7DC7D040037
:108D400000E100E0FCEC00E070B5044616460A467F
:108D500000F108011D46F8F7F1FD324604F10C015F
:108D60002046F8F7EBFD2A4604F1100100252046C5
:108D7000F8F7E4FD2046A576FFF74AFF284670BDC8
:108D800038B504460498174DA1600021C4E90323B7
:108D9000256021716171C8B100F082FF2062D8B1F5
:108DA00000F0F2FF63692076B3F1805F1CBF4FF0E3
:108DB0008053636100220023A276206A6376636297
:108DC0002246094901F014F8204638BD042000F07D
:108DD00089FF20620028E3D15A20E8F707FD206AC6
:108DE000DEE700BFF07D0400D58B03002DE9F047DE
:108DF000847E82B005468A46DDE90A871646994692
:108E00002CB3B6F5803F35D2B8F5803F32D22C6A0C
:108E10000020C4F844A5C4F84865C4F83495C4F8E3
:108E20003885C4F81801D4F818310193019BC4F8AF
:108E30005005C4F840056FB1012240230C996F62C0
:108E4000A9622261C4F8043302B0BDE8F087FFF7DD
:108E5000DFFED6E703211820F7F740FB2B6A01213C
:108E600040221961C3F80423F7F7BAFC384602B070
:108E7000BDE8F0876FF47A70E6E700BFF0B585B023
:108E8000B2F5803F144606460F469C460A9D02D224
:108E9000B5F5803F09D363462246394630460A95E8
:108EA00005B0BDE8F04007F097BE00240095CDE97D
:108EB0000144FFF79BFF05B0F0BD00BF2DE9F04175
:108EC000DDE90664DDF82080C4B1B2F5803F0746D5
:108ED0008C4615469E4602D2B6F5803F0AD3CDE9B0
:108EE0000748069673462A4638466146BDE8F04173
:108EF00007F09EBEBDE8F041FFF778BF6FF47A70CF
:108F0000BDE8F08130B585B000250122C17600F1C1
:108F10001C0300F11B01CDE9015500920446FFF747
:108F200065FFA842ACBF207F014805B030BD00BF3F
:108F30000AFCFFFF21B9436E4FF40472C3F8082303
:108F400000207047B1F5614F43D00FD9B1F5612FC3
:108F50002AD0234B994219D0B1F5613F2BD0436EF3
:108F60004FF0EB720020C3F82425704747F6122318
:108F7000994227D0B1F5164F0FD0B1F5165FEED15B
:108F8000436E184AC3F8242500207047436E4FF003
:108F900080520020C3F824257047436E4FF41D0211
:108FA0000020C3F824257047436E4FF07062002004
:108FB000C3F824257047436E4FF06C720020C3F84D
:108FC00024257047436E4FF400020020C3F8242587
:108FD0007047436E4FF46B020020C3F8242570479E
:108FE00040420F000050270070B504460E4615465B
:108FF0002046F9F74BFA0028FADC94F83C3003F0ED
:10900000FF00002BF4D1636E317D2A7DC3F80C156F
:10901000C3F8142570BD00BF0021F9F717B900BFD0
:1090200070B5044684B0B9B9C3895A073DD5636E9B
:1090300004F144012022C3F83415C3F83825636EC7
:109040004FF4047200212164C3F80423636E0122EB
:109050001A60002004B070BD01290D46F9D190F8C6
:109060003C30002BF5D1F9F711FA0028F1D0A08E91
:10907000A38E94F83060E16A5A1C92FBF6F306FB6B
:1090800013239BB282B22068A3868369895C204641
:109090009847A38E628E9A42DBD12B46022240F281
:1090A000FF316846FCF73CFFD3E7F8F707FEE3899A
:1090B0005B07BCD4002004B070BD00BF10B584B005
:1090C00004468DF8071002E094F83C301BB100F024
:1090D00063FD0028F8D000F05FFD70B1636E0022E0
:1090E000C3F82021D3F82011636E03910399C3F8CC
:1090F0005821D3F858310293029B626E01230DF17F
:10910000070184F83C30C2F84415C2F84835626E55
:10911000936000F041FDA0B1636E00E099B9D3F80F
:109120002021D3F85811002AF8D061B90122DA6061
:10913000626ED2F85831002BFBD00020002384F857
:109140003C3004B010BD0148F8E700BF09FCFFFF48
:1091500070B50446406E0E4600F016FE05461EB180
:10916000E18911F0200125D0002D14DA23680021B7
:109170005B68204698472046F9F788F9002804DD07
:10918000236801215B6820469847A16B2046F8F7C9
:1091900061FE002070BD6B099B0003F1604303F585
:1091A000614305F01F05012202FA05F5C3F880515D
:1091B0001D60DBE72368134A9B6893421ED1636EF0
:1091C0004FF40472C3F808232046F9F75FF900282A
:1091D000FADC94F83C30002BF6D1002DD9DB6B097A
:1091E00020330122084905F01F0502FA05F541F870
:1091F0002350BFF34F8FBFF36F8FCAE720469847C6
:10920000E2E700BF358F030000E100E0A0F10800B5
:10921000FFF79EBF10B5244B426E036023493C33D9
:109220008360C2F8081382B00446406E00F0ACFDC3
:1092300000280DDB4309203301221D4900F01F00E7
:1092400002FA00F041F82300BFF34F8FBFF36F8F96
:10925000626ED2F8003223F02003C2F80032626E50
:1092600001235360626E0021C2F85811D2F85811E0
:10927000626E01910199D360626ED2F85831002B71
:10928000FBD00023C2F80035636E4FF0FF32C3F805
:109290000C25C3F81425606E00F048FD2046F9F750
:1092A00001F9204602B010BD1C7E040014034200E8
:1092B00000E100E0A0F10800FFF7ACBF10B50446E4
:1092C000FFF7A8FF20460BF09BFD204610BD00BF16
:1092D000A0F10800FFF7F2BFF0B514248BB00C2505
:1092E000CDE900451F462346154604460E46F8F7CD
:1092F0002FFD514B236000223C3384F83C20A360B7
:1093000062662264002F00F08A80384600F0C8FCB4
:109310006066002800F08A804FF0EB73C0F82435B7
:10932000636E0022C3F86C252046F9F7AFF80028D9
:10933000FADC94F83C3003F0FF02002BF4D1636EAA
:10934000307D297DC3F80C05C3F81415636E3B48C6
:10935000C3F80821D3F80811636E09910999C3F87D
:109360001021D3F81011636E08910899C3F82021D9
:10937000D3F82011636E07910799C3F82421D3F81D
:109380002411636E06910699C3F84421D3F8441161
:10939000636E05910599C3F85821D3F85811636E8F
:1093A00004910499C3F84C21D3F84C31626E0393B5
:1093B000039BD2F80032224943F02003C2F8003266
:1093C000636EC3F80403606E224600F011FD606E08
:1093D00000F0DAFC00281BDB43099B0000F1604130
:1093E00003F1604303F5614301F5614100F01F00A3
:1093F000012202FA00F0202581F80053C3F8800111
:109400001860636E08222046C3F800250BB0F0BD3B
:109410000C4B00F00F00034420221A76F1E71020D5
:1094200000F060FC606600287FF476AF5A20E8F711
:10943000DDF9606E70E700BF1C7E040014034A0073
:1094400091940300FCEC00E030B5436ED3F83C553A
:10945000026CAA4283B0044606DA0022C3F808214F
:10946000D3F808310193019B236C9D420BDD236CE3
:109470005A1C2344226493F844102046F8F74EFB0C
:10948000236CAB42F3DB0023236403B030BD00BF89
:1094900070B5456ED5F8083188B00446D3B1036C79
:1094A0001F2B17DC002602E0236C1F2B12DCC5F8F3
:1094B0000861D5F808310193019B236C5A1C2344A1
:1094C000226493F844102046F8F728FBD5F80831B9
:1094D000002BE9D1D5F81031002B3AD1D5F84C3119
:1094E00073B10023C5F84C31D5F84C31626E03934B
:1094F000202104F144030398C2F83435C2F838152A
:10950000D5F8243153B10023C5F82431D5F82431DE
:109510000493049BD5F88034C5F88034D5F84431E1
:1095200033B10023C5F84431D5F844310593059B88
:10953000D5F82031C3B9D5F8583143B10023C5F867
:109540005831D5F858210792079A84F83C3008B072
:1095500070BD0023C5F81031D5F8103102932046B4
:10956000029BFFF771FFB9E70023C5F82031D5F85A
:1095700020210692069A84F83C302046F8F786FFB0
:10958000002802DC0123EB60D5E72046F8F71CFB3E
:10959000D1E700BF10B5034B03600446FBF73CFB6B
:1095A000204610BD7C7E040010B5054B03600446C8
:1095B000FBF732FB20460BF023FC204610BD00BF1A
:1095C0007C7E040010B50446D4E90E2352694FF4A2
:1095D0007A50002BD2F84415C2F8440522DA1B4A0F
:1095E000616B0020C2F81005013393FBF1F201FB1F
:1095F0001233E36300F0E4FAD4E90E235269012147
:10960000002BD1600ADB0233104A54F82330DB69A7
:109610001B7D1B0243F00113C2F81035BDE810405A
:1096200000F0C0BA023354F82300FBF781F9E36B72
:10963000064A616B0020C2F81005002BD4D1012925
:10964000D2D14FF0FF33E363D4E700BF00600040A6
:10965000034B186808B1436B03B97047FFF7B2BFFB
:10966000043C002070B50E4611460446FBF790FA04
:1096700033681C4A1C49146000259B6BA66321605B
:10968000E563294630469847A06B184E03684FF4AF
:109690007A51DB6C9847A06B03682946DB6B144D4D
:1096A0004FF47A529847A06B124B01684269C3F895
:1096B0002055CD694432C3F82425B5424FF0040249
:1096C000C3F8042509D10C4BC3604B6A9847A06BC3
:1096D00003689B6A9847204670BD0749A847A06B5E
:1096E0000168F2E7043C00207C7E0400B5650200BE
:1096F0000061004000F001405196030038B50D466E
:109700000446FBF7ADF928460021FBF7F1F8636B3F
:10971000012B01D0002038BDA06B03685B6B98471C
:10972000002038BD38B50D460446FBF753F92846EE
:109730000021FBF7DDF8636B13B9024AC2F810355C
:10974000002038BD00600040007A704790F910306A
:109750004901002BC9B207DB03F1604303F5614304
:10976000002083F800137047034A03F00F031A44E4
:1097700000201176704700BFFCEC00E090F910303B
:10978000002B11DB5A0910B460320A4C03F01F039E
:10979000012101FA03F344F8223043695DF8044BD8
:1097A000012200201A607047436901221A600020DC
:1097B000704700BF00E100E090F91030002B07DB9C
:1097C00003F01F0001225B090249824041F8232077
:1097D0000020704700E100E010B5036804461B6BF1
:1097E0009847636901225A6000201A6110BD00BFCA
:1097F00090F91030002B0DDB5A0920320121064868
:1098000003F01F0301FA03F340F82230BFF34F8F38
:10981000BFF36F8F0020704700E100E0012902D004
:1098200006D3022902D14369C3F80415002070470A
:1098300043690022C3F8042500207047437A013BA6
:1098400099420FDC10B44FF48033446901F5A870DD
:1098500003FA01F144F820200020C4F804135DF855
:10986000044B70476FF47A70704700BF437A013B36
:10987000994211DC30B4446904EB81054FF4803324
:10988000D5F8400503FA01F10244C5F8402500204F
:10989000C4F8041330BC70476FF47A70704700BF8F
:1098A000437A013B994208DC42694FF4803303FA62
:1098B00001F1C2F80813002070476FF47A70704706
:1098C000032907D8DFE801F01710090243690322D2
:1098D000C3F8082501720020704743690222C3F8CB
:1098E000082501720020704743690022C3F808254B
:1098F00001720020704743690122C3F808250172F4
:109900000020704710B5044B036000230446C38059
:10991000F6F7C2FB204610BDBC70040010B5064B24
:10992000036000230446C380F6F7B6FB20460BF025
:1099300067FA204610BD00BFBC70040010B5034696
:1099400029B190F91020002A0CDA002010BDC2883D
:10995000D107FAD5196822F00102DA808B6A98479C
:10996000002010BD5409084951F8241002F01F02CC
:1099700021FA02F2D407E8D5C288016842F0010258
:10998000C2800B6B9847E0E700E100E038B590F942
:109990001030002B044611DA0025236820461B6B8B
:1099A000984762690123D360D368002BFCD11DB1B5
:1099B000236820469B6A9847002038BD5909044A0D
:1099C00052F8215003F01F03DD4005F00105E4E7E4
:1099D00000E100E0B1F57A5F14D830B4002201252F
:1099E0004FF47A5405FA02F3B4FBF3F3994205D32A
:1099F000436930BC0020C3F8102570470132092AA2
:109A0000F0D1F5E76FF47A70704700BF70B590F948
:109A100010500368002D04461B6B07DA98476369F2
:109A20000122DA64D3F84C65304670BD69090A4AF0
:109A300052F821609847636905F01F05012226FA54
:109A400005F5DA64D3F84C65EB07EDD523682046BD
:109A50009B6A9847304670BD00E100E00E4BF0B4C1
:109A600053F82070B7B100237E6918469C46012543
:109A700006EB830205FA03F4D2F84011013319B161
:109A80002043C0B2C2F840C1042BF1D1FB680BB136
:109A9000F0BC1847F0BC7047083C00200020FFF7DE
:109AA000DDBF00BF0120FFF7D9BF00BF0220FFF7D5
:109AB000D5BF00BF0320FFF7D1BF00BF0420FFF7D1
:109AC000CDBF00BFF8B52D4B0360002646600446AD
:109AD0000D461746F6F770FA29492A4827740323DA
:109AE0008D42E6606561206063723CD0264A9542F3
:109AF00030D002F58032954237D1244A204642F8D0
:109B00002340FFF775FE94F9103062690121002BA4
:109B10005160116120DB03F1604303F56143402292
:109B200083F8002301231A464FF47A51092B02FAD5
:109B300003F003F1010504D0B1FBF0F0B0F57A7F3A
:109B40001AD861690322C1F810352046C1F80825EA
:109B50002272F8BD0223D0E70D4A03F00F031A4426
:109B600040231376DEE70123C7E70A4B9D4208BF77
:109B70000423C2D03346C0E72B46D7E7BC700400AD
:109B800000900040AC7E040000A00040083C002093
:109B9000FCEC00E000B00140014B93F9000070477D
:109BA0001D430020054A1378013B5BB2002B01DD09
:109BB000137070470023137062B670471D43002076
:109BC00072B6024A13780133137070471D430020A8
:109BD00020BF70474FF0805130B44C6E086E0022A9
:109BE000234642EA00042046194630BC704700BFB5
:109BF000BFF34F8F0549064BCA6802F4E062134376
:109C0000CB60BFF34F8F00BFFDE700BF00ED00E06A
:109C10000400FA05704700BF08B50B4B0122C3F8DA
:109C2000402502210022930003F1A0430132202AA3
:109C3000C3F80017C3F8001AF5D1FFF7EBFFBDE832
:109C40000840E6F773BF00BF00E0014000487047DE
:109C5000000002204020F6F7F7BF00BF8163704785
:109C600041637047C1637047C06B7047EFF3088072
:109C7000704700BF406B7047C0E9001283607047B7
:109C800010B5054B054C1846A1684FF480720BF0D7
:109C9000F5F8A06010BD00BF0024002000ED00E03A
:109CA000F0B40E4F0E4E3C680523012505FA03F271
:109CB000224203EB430103F1FF3303D156F8211095
:109CC000814205D05A1CF1D100210846F0BC7047F2
:109CD00022433A600846F0BC704700BF203C002099
:109CE000047F0400F0B40F4FDFF83CC03C686246CC
:109CF0000523012505FA03F1214202D1566C3042B9
:109D000007D1013B591CA2F10C02F3D10020F0BC99
:109D1000704703EB430321435CF823003960F0BC38
:109D2000704700BF203C0020047F0400144B984281
:109D30001ED003F5E04398421CD0A3F5343398427B
:109D40001AD003F50433984218D0B0F1402F06D052
:109D5000A3F50033984208BF002001D070470120CE
:109D6000084901220B68824023EA02030B60704716
:109D70000520F5E70420F3E70320F1E70220EFE7F1
:109D800000800240203C002008B5174B984218D0B4
:109D9000B0F1402F1ED003F5003398421CD0A3F53C
:109DA000043398421AD003F53433984218D0A3F5FF
:109DB000E043984216D05A20E7F718FD4FF0FF30E5
:109DC00008BD0023094A03EB430302EB830393F925
:109DD000040008BD0123F5E70223F3E70323F1E7BD
:109DE0000423EFE70523EDE700300040047F040083
:109DF00038B5184B98420D46144620D0B0F1402F8C
:109E00001FD003F5003398421DD0A3F504339842C8
:109E10001BD003F53433984219D0A3F5E0439842A0
:109E200008BF052304D05A20E7F7E0FC4FF0FF33CA
:109E3000094A0A4842F8235040F8234038BD00231D
:109E4000F6E70123F4E70223F2E70323F0E7042314
:109E5000EEE700BF00300040243C00203C3C0020E6
:109E6000024A034B10681B68184700BF3C3C0020A7
:109E7000243C0020024A034B50685B68184700BF2F
:109E80003C3C0020243C0020024A034B90689B6825
:109E9000184700BF3C3C0020243C0020024A034BF2
:109EA000D068DB68184700BF3C3C0020243C002001
:109EB000024A034B10691B69184700BF3C3C002055
:109EC000243C0020024A034B50695B69184700BFDD
:109ED0003C3C0020243C0020002815D0006041605C
:109EE0008260C360046145618661C7614446046263
:109EF0004C464462544684625C46C46264460463D1
:109F00006E46466374468463002906D0C46B043CE5
:109F1000043925680D60B442F9D1946BA646566B9E
:109F2000B546002B06D0D46B043C043B1D6825606D
:109F3000B442F9D1146BA446D46AA346946AA246EB
:109F4000546AA146146AA046D7699669556914698E
:109F5000D368516810689268704700604160826001
:109F6000C360046145618661C761444604624C4632
:109F70004462544684625C46C462644604636E462E
:109F8000466374468463C46B043C043925680D60E1
:109F9000B442F9D1C76986694569046970470060B0
:109FA00041608260C360046145618661C761444667
:109FB00004624C464462544684625C46C462644611
:109FC00004636C4644637446846304697047846B1D
:109FD000A646446BA546046BA446C46AA346846A9D
:109FE000A246446AA146046AA046C76986694569D3
:109FF0000469C36882680068416870470649074A77
:10A00000074B9B1A03DD043BC858D050FBDC00F023
:10A0100025F8FFF701FE0000F8870400402000202B
:10A0200000240020FEE7FEE7FEE7FEE7FEE7FEE78E
:10A03000FEE7FEE7FEE7FEE7BFF34F8F0549064B5D
:10A04000CA6802F4E0621343CB60BFF34F8F00BFD6
:10A05000FDE700BF00ED00E00400FA0508B57F4B06
:10A060001A68511C28D07E4B0D2A1B6800F09A807C
:10A070007A4A12680D2A40D07A4AD2F8883043F4DE
:10A080007003C2F88830BFF34F8FBFF36F8F4FF06C
:10A090001023D3F80C22D20700F1BF80D3F800229E
:10A0A000002AC0F29480D3F80432002BC0F28F80D3
:10A0B0006D4B6E4A1A6008BD6D4A6E4B12781B6874
:10A0C0000D2AC3F3031310D1012B6DD9684A694BD4
:10A0D00012781B680D2AC3F3031306D1012B19D97B
:10A0E0005E4B1A68501C40F0B680614A614B127892
:10A0F0001B680D2AC3F30313BED1012BBCD84FF04C
:10A100008043D3F80024D10744BF6FF00102C3F8A5
:10A110000024B1E74FF08052574BD2F80414C3F833
:10A120002015D2F80814C3F82415D2F80C14C3F87B
:10A130002815D2F81014C3F82C15D2F81414C3F84B
:10A140003015D2F81814C3F83415D2F81C14C3F81B
:10A150004015D2F82014C3F84415D2F82414C3F8DB
:10A160004815D2F82814C3F84C15D2F82C14C3F8AB
:10A170005015D2F83014C3F85415D2F83414C3F87B
:10A180006015D2F83814C3F86415D2F83C14C3F83B
:10A190006815D2F84014C3F86C15D2F84424C3F8FB
:10A1A00070259DE7012B0CD82C4A4FF08043126894
:10A1B0000021C3F80C11C3F81011C3F83815531C53
:10A1C00084D0274B0D2A1B687FF452AF86E72B4AB9
:10A1D0000123C2F80435D2F80034002BFBD04FF035
:10A1E00010231221254AC3F80012D2F80034002BA4
:10A1F000FBD04FF010231221204AC3F80412D2F8EA
:10A200000034002BFBD000231C49C2F80435D1F8E0
:10A210000034002BFBD0FFF70FFF184B0122C3F8CF
:10A220000425D3F80024002AFBD04FF01021134B53
:10A23000D1F80C2222F00102C1F80C22D3F800243C
:10A24000002AFBD000210D4AC3F80415D2F80034CF
:10A25000002BFBD0DFE704331B680BE73001001055
:10A260003401001000ED00E0202100200090D00318
:10A27000E00F00F0E80F00F000C0004000E00140F7
:10A28000D0E90223D1E90201994208BF90422CBFD4
:10A2900001200020704700BF2DE930480C4800F035
:10A2A000CFFA0C4B0C49D3E90023D1E9004512EB5E
:10A2B000000B43F1000CAC4508BFA345584661466E
:10A2C00003D21BF180704CF10001BDE8308800BF63
:10A2D00024210020303800203838002030B583B0E9
:10A2E00005460C460B4801A900F07CFB70B10570D7
:10A2F000446001A9074800F07FFB08B903B030BDF6
:10A30000054800F0A1FA002003B030BD042003B0DE
:10A3100030BD00BFB03C0020242100201B4B1B7827
:10A320002DE9304823B118B1037F03F0FF041BB9B6
:10A3300000242046BDE830880546FFF7ADFFD5E98B
:10A340000223994208BF90421BD32B69BBB1D5E9C8
:10A350000530984729690029EAD02B7F03F0FF04D4
:10A36000002BE5D0D5E9022312EB010B43F1000CE1
:10A37000C5E902BC2946064800F0EEFBD9E72B7779
:10A38000E5E72946024800F0E7FBD2E71E4300203C
:10A39000507F04002DE9F04F83B0834600F024FA8B
:10A3A00040B15B49D1E9002312F1807443F100050B
:10A3B000C1E900450021584600F030FA554C30B153
:10A3C000236823B12068FFF7A9FF00232360012140
:10A3D000584600F023FA20B1FFF75EFF4E4BC3E969
:10A3E000000101A94D4800F017FB08B34C4E4D4F3A
:10A3F0004A4D0378012B6CD073D3022B0ED130461B
:10A400004FF0000800F0BCFB30B180F81C803046F3
:10A4100000F0B6FB0028F8D101233B7001A92846C3
:10A4200000F004FB01A9284600F0F6FA0028E0D16C
:10A43000DFF8EC80DFF8F090DFF8F0A003E00D2803
:10A4400038D000232360404600F0A0FB236800289A
:10A4500058D05BB12368D0E90201D3E902239942C5
:10A4600008BF90421FD223681B7F3BBB404600F0D1
:10A4700087FBD0E902670546FFF70EFF361A67EB48
:10A480000107012E77F1000310DB56451BD8AA689F
:10A490004FF496030021484600F026F90028CED15B
:10A4A000236843B3256003B0BDE8F08F0021484620
:10A4B00000F0AAF92846FFF731FFC2E721684046BD
:10A4C00000F04AFBD2E7484600F0BAF900EB0A0276
:10A4D000DEE741682368994211D0304600F05AFB0C
:10A4E0009CE741680B7F002B98D101230B77304606
:10A4F00000F032FB92E7584600F0CCF8D2E7002398
:10A5000023608BE7002BCED1584600F0C7F8CAE78E
:10A5100030380020C03C002038380020B03C0020FB
:10A52000507F04001E43002024210020FFFFB400C0
:10A5300010B5134B13491B68134882B0582201937E
:10A54000082300F015FA044610B1204602B010BDF1
:10A550000E4A0F4801A900F05BF804460028F4D128
:10A5600001210B4800F038F901231946094A08482F
:10A5700000F098F8084B012220461A7002B010BD76
:10A580004C7F0400583C0020B03C002095A3030001
:10A5900024210020FFFF7F001E4300204AB1A1F1CB
:10A5A00001010368B1FA81F14909C3E904120020ED
:10A5B00070470720704700BF037F0BB10020704732
:10A5C0002DE93048826104460D46FFF765FE236998
:10A5D00010EB050B41F1000CC4E902BC03B125618D
:10A5E00021460020BDE83048FFF778BE0023014631
:10A5F00003770120FFF772BE014800F04FB800BF9B
:10A6000024210020014800F045B800BF242100208B
:10A61000F0B444791C4D1D4FE600AB1947F82420D7
:10A620001B7973BB03680A88C3F808258A7890F9F8
:10A6300004305201002BD1B2DFB21CDB5A09920068
:10A6400002F1604203F1604302F5614207F01F0727
:10A650004FF0010C03F561430CFA07F783F8001380
:10A66000C2F880711760AB19012245F834001A71E5
:10A670000020F0BC7047064B07F00F073B441976EB
:10A68000F1E70820F0BC7047C43C0020CC3C00201F
:10A69000FCEC00E0036801221A60704703680122A5
:10A6A0005A60704770B48C0004F5A0740068A4B2BE
:10A6B0004FF480358D400026C0F80853C0F8485349
:10A6C000065183B00459019401F5A87122F07F422C
:10A6D000019C40F82120C0F844530BB1C0F804534A
:10A6E00003B070BC704700BF2DE9F04F04684FEA1B
:10A6F00081084FF480358D4004EB080C08F5A076F6
:10A70000C4F84853B6B2C4F8085381460F464FF018
:10A71000000AD4F80415DCF84005CCF8401544F8DC
:10A7200006A085B0401A20F07F40A159029101286F
:10A730009B4622F07F42029B0ED1264B019243F0B2
:10A7400001034FF480609847D9F80040019A44F81B
:10A7500006A0A3590393039BD4F80465C4F844539B
:10A76000931B23F07F43012B18D107F5A877194BD2
:10A77000013244F8272043F001034FF480609847EA
:10A78000D9F80040D4F804359E421FD10020C4F807
:10A790004453C4F8045305B0BDE8F08FA044531EE1
:10A7A000C8F84025D4F80415CBF1FF1B5B1A0BF554
:10A7B0007F4B23F07F439B4508D3002BE6D101322A
:10A7C000C8F84025D4F804359942DFD00D2005B0F3
:10A7D000BDE8F08FF056040003680222C3F844235A
:10A7E00009B1C3F8042370470368D3F8040150B1DA
:10A7F000002282B0C3F80421D3F804310193019BF5
:10A80000012002B07047704702684FF4803303FAAA
:10A8100001F1C2F84813C2F808137047890001F526
:10A82000A07189B20368585840B100225A5082B0D2
:10A830005B580193019B012002B07047704700BF35
:10A840000368D3F80405704790F90430002B09DB46
:10A850005A09403203F01F030121034801FA03F3B0
:10A8600040F82230704700BF00E100E0024A034B8D
:10A8700010681B68184700BFC43C0020CC3C002077
:10A88000BAB11268D243C1B130B401440C4C4D1E70
:10A89000013810F8013F082153405A08DB0748BF30
:10A8A000624001391346F8D18542F2D1D04330BC21
:10A8B00070474FF0FF320029E6D1D043704700BF08
:10A8C0002083B8ED10B483B050E8013F9CB2B0F8DB
:10A8D0000EC06444B0F80CC0644528BFA4EB0C045F
:10A8E000B0F808C0644502BFBFF32F8F002208E014
:10A8F000C4EA030440E8014CBCF1000FE4D14FF07E
:10A9000001028DF803200193019B9DF803000B6069
:10A9100003B05DF8044B704710B483B050E8023FB9
:10A920001FFAA3F4B0F806C0644502BFBFF32F8F2F
:10A93000002211E0B0F80EC06444B0F80CC06445C9
:10A9400028BFA4EB0C04C3EA044440E8024CBCF169
:10A95000000FE3D14FF001028DF803200193019B1A
:10A960009DF803000B6003B05DF8044B704700BF17
:10A9700099B110B4B2FBF3F403FB1424A4B244B9AC
:10A98000C0E9001484608281C38120465DF8044BD5
:10A99000704709205DF8044B70470E20704700BFD8
:10A9A00082B050E8022FC188B2EB324F4FF0000363
:10A9B00017BF92B241EA014142EA014104E0426814
:10A9C000B2EB324F08BF012340E80212002AE8D15F
:10A9D0008DF807309DF80730002B0CBF11200020A8
:10A9E00002B0704738B50446FFF76CFF10B10B8812
:10A9F0002068184438BD00BF0A884B889A4201D0AD
:10AA00000020704750E8012FC2EA024240E80123CB
:10AA1000002BF7D10120704738B50446FFF77CFFC3
:10AA200010B14B882068184438BD00BF0A884B8895
:10AA30009A4201D00020704750E8022FC2EA224219
:10AA400040E80223002BF7D10120704733DF704725
:10AA5000064A074B10B5002414701C60BFF35F8FCB
:10AA60000449054800F062F8204610BD204300204C
:10AA7000D83C00205C7F0400D03C00202DE9F04150
:10AA8000244E05460121304604F008FFBFF35F8FD6
:10AA9000D8B9042D2BD0204B1A789AB91F4C01221B
:10AAA00025701A701E4F7B688BB1B84605E0404692
:10AAB00000F046F87B6853B125781B682846984714
:10AAC0000028F4D1BFF35F8F3060BDE8F0812378B8
:10AAD000023B012B0ED903F007F9C0B94FF08043B8
:10AAE0000122C3F80025BFF34F8F20BFFDE70B4CB9
:10AAF0002578D7E7BFF34F8F0A490B4BCA6802F49A
:10AB0000E0621343CB60BFF34F8F00BFFDE7FFF759
:10AB10009DFFE3E7D83C0020204300201F43002096
:10AB2000D03C002000ED00E00400FA05D1E900323D
:10AB30009342C0E9001304BF00234360704700BF85
:10AB4000436843B10268D2E901210B449342436058
:10AB500004BF00234360704770B544680646206810
:10AB60000D4618B908E02468206828B1B368294662
:10AB700098470028F7D120682860256070BD00BF85
:10AB80004368186808B102681A607047436818681B
:10AB9000704700BF4068036873B18B4203D107E080
:10ABA000814204D0034618680028F9D1704718463E
:10ABB0000B68036001207047184670476DDF7047CF
:10ABC00079DF70477DDF704764DF70472DE9F04F14
:10ABD00083B004880C9EBDF83490B6F800A0002C19
:10ABE00039D09846002317468B4605461C4603E09D
:10ABF0002A880134A24224DD6A6852F824000190B8
:10AC000000220DF1030101A8FFF7DEFF20BB9DF834
:10AC10000320BA42ECD13288D11903B349452BDC69
:10AC200042440DF1030101A80123FFF7CDFF98B9BC
:10AC300031889DF803200A4432802A880134A242D8
:10AC4000DADC43B13388013BA3EB0A039BB2FF2B51
:10AC500012D808F80A30002003B0BDE8F08F0231A6
:10AC60000132894592B207DB328008F802B032889F
:10AC7000013292B23280D3E70C2003B0BDE8F08FEE
:10AC80002DE9F04182B01746089CBDF8245000948D
:10AC90000195022206469846FFF798FF10B102B0D0
:10ACA000BDE8F0814346394630461022CDE90845DB
:10ACB00002B0BDE8F041FFF789BF00BF2DE9F047C2
:10ACC00090F82D3017881446002286B005460E46AF
:10ACD0002280002B40F0FC80AB78002B40F0FE80FF
:10ACE000EA78A2B12388D91CB94200F2F38002218C
:10ACF000F154238801339BB201212380F15423882E
:10AD00000B449BB22380F25423880B4423806B684E
:10AD1000B3B12288D11CB94200F2DC80022093F941
:10AD20000010B054238801339BB20A222380F254CE
:10AD3000238801339BB22380F1542388013323807D
:10AD40002B89002B40F01B812B8A002B40F02481A3
:10AD50002B8B002B40F02D812B6A002B44D02288B6
:10AD6000911DB94200F2B6801988052940F203818D
:10AD70006FF4486801EB080080B24FF27D3C6045FB
:10AD800040F2F9805888052840F2F5806FF4486E4B
:10AD900086441FFA8EFEE64540F2ED804FF6FF7CBA
:10ADA000614504D0604502D0814200F2E480052173
:10ADB000B1542288013292B212212280B1542288E9
:10ADC000013292B222801988B1543244090A51707A
:10ADD0002288023292B222805B88B35432441B0A2A
:10ADE00053702388023323806B6A002B2FD09988FD
:10ADF000B4F800C0881C0CF102020244BA4269D8BF
:10AE0000FE2867D8033106F80C102288013292B26E
:10AE1000FF212280B1542288013292B22280198807
:10AE2000B1543244090A51702088023080B2208027
:10AE30009A8862B199680393002900F09C8030449D
:10AE40000AF01CF8039B9A8823881344238095F802
:10AE50002C30002B40F08A80287800283BD02B88AB
:10AE6000012B00F08880228802F1020CBC4531D809
:10AE7000012804D16B78023313449F422AD3BB1EAE
:10AE80009B1A06A99BB221F8083D06EB0C00FFF7C0
:10AE900099FE00BB2978BDF81020022900F0E1805E
:10AEA00068789042C0F0D8809342C0F0D5800921E4
:10AEB000FE2A0FD82388501CF054238801339BB2FC
:10AEC0002380F154238801331A442280002002E0B9
:10AED000082F23D80C2006B0BDE8F0872388043360
:10AEE000BB42F7D804A8FFF76BFE0028F3D12388F4
:10AEF000BDF810200321F154238801339BB219219E
:10AF00002380F154238801339BB2F1182380F2543B
:10AF1000120A4A70238802332380E1E604A8FFF76F
:10AF20004DFE0028D7D123889DF810200821F15428
:10AF3000238801339BB21B212380F154238806A967
:10AF400001339BB251F8070D2380F05033448988B8
:10AF50009980238806339BB212F0FE0218BF0122AB
:10AF60002380F254238801332380B5E6D5F8288066
:10AF7000B8F1000F2AD1072006B0BDE8F087CDE96F
:10AF8000004733460622022105F10800FFF778FE4C
:10AF900000283FF4D9AE9EE7CDE9004733460722AB
:10AFA000032105F11000FFF76BFE00283FF4D0AE3F
:10AFB00091E7CDE9004733461522142105F1180029
:10AFC000FFF75EFE00283FF4C7AE84E7B8F8043010
:10AFD0000233FE2B3FF67EAF4FF000094FF0160A0A
:10AFE00022880133B354238801339BB2238006F8AF
:10AFF00003A0238801339BB22380B8F80020F254C9
:10B000003344120A5A702088023080B22080B8F887
:10B01000043030441A465BB1D8F808301946002B8A
:10B02000A9D009F02BFFB8F804202388134423800B
:10B0300009F1010995F82C305FFA89F94B4509EBC4
:10B0400049087FF609AFAB6A03EB8808B8F804300B
:10B050000233FE2BC4D93DE7012906D01A46082148
:10B0600026E79342BFF423AFF8E78342F6D30246C4
:10B0700008211DE775DF704776DF70477ADF70477C
:10B080007BDF704730B51D4B1A8884B2A24283B073
:10B0900001D003B030BD1A4D187A297B88420FD3F6
:10B0A0002A7C00211972E2B96B69002BF1D00022D1
:10B0B000ADF806408DF8042001A8984703B030BDD4
:10B0C000104603F10A01FFF7D5FF28B11128E0D09F
:10B0D000AB69002BF1D1DCE71A7A01321A7203B0A6
:10B0E00030BD3B212046FFF7C7FF30F00803DBD01F
:10B0F000AB69002BD8D09847D6E700BFF83C0020BA
:10B10000DC3C002070B54B7A82B002467BB90F4C14
:10B110000E7A4868D4E90153002E0CBF294619461F
:10B12000FFF74AFA08B1A3696BB902B070BD074BCB
:10B130005B6900200872002BF7D00121ADF80620D2
:10B140008DF8041001A8984702B070BDDC3C0020C7
:10B150008388B3F5FA7F28BF6FF4F97230B428BF43
:10B160009D1804884A8838BF002594420DD840882D
:10B1700090420AD38888A84207D303F2F31383428C
:10B1800034BF0020012030BC7047002030BC704725
:10B190000288112A70B503462FD01BD9122A07D076
:10B1A000502A04D13A4CC188E289914236D070BD10
:10B1B000384C828825889542F9D100F1080104F1C4
:10B1C0000A00FFF7C5FF607221462846BDE87040BF
:10B1D000FFF798BF102AEAD1C27B012AE7D12D4C94
:10B1E00021884FF6FF7291422FD0294B9B69002B8B
:10B1F000DDD00420BDE870401847264C82882388A3
:10B200009A42D4D16068FFF7F1F918B1204B9B69DD
:10B2100003B198474FF6FF73238070BD028A022A5C
:10B22000C5D11C4D82882E889642C0D1123000F0C4
:10B2300061FA30BB6868FFF7D9F90028B7D0A36975
:10B24000002BB4D0BDE870401847134A858825808C
:10B2500003CA04F10A02C4F80E1003F1100100231E
:10B26000C4F80A0023721046FFF772FF084B6072A1
:10B27000DB89002B9BD121462846BDE87040FFF7B3
:10B2800041BF29463046BDE87040FFF73BBF00BFD5
:10B29000DC3C0020F83C00200C3D002000282FD092
:10B2A000F8B5054606460FCD164F3C460FC48446FA
:10B2B00095E80700144B3B6084E80700BCF1000FE1
:10B2C00018D06046FFF7DAFE98B932681068516806
:10B2D00003C30E4B0E490F4A18464FF6FF7440F851
:10B2E000041F1C800021FFF759F9002814BF032018
:10B2F0000020F8BD1846FFF7C3FE0028E9D0F8BDCE
:10B300000E207047DC3C00200C3D0020F83C002063
:10B310004038002085B00300F0B583B00190A1B1A2
:10B32000019D7DB100240E4617462546214601A801
:10B3300004F070FA394610B1A0B2B04701350134BB
:10B34000142CF3D1284603B0F0BD0D46284603B0B7
:10B35000F0BD00BF0146014804F05CBA183D002072
:10B3600070B582B006460191019D6DB1002425465D
:10B37000214601A804F04EFA18B106EB4503013549
:10B380009C800134142CF3D13046356002B070BD7E
:10B390002DE9F0470388B0F80480103B8CB00746D5
:10B3A0000A2B1BD8DFE803F02F281A1A1A1A1A1AC8
:10B3B0001A1D0600047A38482409032C41464BD84C
:10B3C00004F01EFA032C49D04146344804F018FA20
:10B3D000022C47D04146324804F012FA0CB0BDE8C6
:10B3E000F087037A002BF9D1437A2B481B0741469B
:10B3F0004FD404F005FAF1E741462A4804F000FA78
:10B400000CB0BDE8F087284EB3680CA8DB4340F8C9
:10B41000303D716804F064FA009901A8FFF7A0FFBD
:10B42000019B83B10DF106097C3609EB430A39F81B
:10B43000025F1E4C20462946043404F0E1F9A6427E
:10B44000F8D1D145F3D1B8F1130F12D9042003F08C
:10B45000B1F80CB0BDE8F08704F0B8F941460F48E8
:10B4600004F0B4F941460E4804F0B0F90CB0BDE860
:10B47000F08741460B4804F0A9F941460B4804F017
:10B48000A5F9FB7B012BA9D04146094804F09EF9A0
:10B49000A4E704F09BF9A1E72C3D0020283D002003
:10B4A000243D00201C3D0020143D0020183D0020BC
:10B4B000203D0020132801D900207047FFF74ABF24
:10B4C000132801D900207047FFF744BF132801D982
:10B4D0000020704710B50446FFF73CFF08B9002074
:10B4E00010BD2146034804F095F9002814BF02203E
:10B4F000012010BD1C3D0020132801D900207047F9
:10B5000010B50446FFF726FF08B9002010BD2146FC
:10B510000248BDE8104004F07DB900BF243D002082
:10B52000132801D90020704710B50446FFF712FF19
:10B5300008B9002010BD21460248BDE8104004F0C3
:10B5400069B900BF283D0020132801D900207047A9
:10B5500010B50446FFF7FEFE08B9002010BD2146D5
:10B560000248BDE8104004F055B900BF2C3D002052
:10B5700070B50A4B82B002AE9B6846F8043D0025C8
:10B580002C462146304604F045F9013400B101351E
:10B59000142CF6D1284602B070BD00BF143D002027
:10B5A00070B50E4A82B0D36802A8DB4340F8083D6C
:10B5B00002AE916804F094F9009B46F8043D002522
:10B5C0002C462146304604F025F9013400B10135FE
:10B5D000142CF6D1284602B070BD00BF143D0020E7
:10B5E00010B5034B04465968FFF7BAFE204610BD5C
:10B5F000143D002010B5094982B0CA6802ABD2439D
:10B6000043F8042D04468968184604F069F9204679
:10B610000199FFF7A5FE204602B010BD143D0020A1
:10B6200008B51821024804F0FFF8C0B208BD00BFF9
:10B63000143D002070B50C4C054620460E4604F023
:10B64000E9F808B1132D01D9002070BD2846FFF795
:10B6500081FE0028F8D0F01D04EB80002946BDE8EB
:10B66000704004F0D7B800BF143D0020F8B50E4C70
:10B670000546204617460E4604F0CCF808B1132DB7
:10B6800000D9F8BD2846FFF765FE0028F9D0F01D67
:10B6900004EB800029461FB9BDE8F84004F0B0B8BB
:10B6A000BDE8F84004F092B8143D0020034B9B68BD
:10B6B0000A4601461846FFF72FBE00BF143D002082
:10B6C000F8B50A4C05460E4620462946174604F0B2
:10B6D000A1F800B9F8BD063504EB85043A46606868
:10B6E0003146BDE8F840FFF717BE00BF143D00200B
:10B6F000AADF7047007800F0010070470078C0F3BF
:10B700004000704770B58C7890B01346002C40F024
:10B71000AF8001228DF80E204A7C0C88ADF80C40D9
:10B72000013A00248DF80240ADF80040042A09D8FF
:10B73000DFE812F00500C600CA00CE00C2001122E8
:10B740008DF800208C7C013C042C09D8DFE814F033
:10B750000500C800CC00B000C40011228DF8012003
:10B76000CD7B9DF802400A7C0E7B65F3C3040D7D02
:10B7700062F30414002D4A7B14BF0225012566F3F1
:10B78000000465F3420412F0300F4FF000058DF80D
:10B790000240CDE90955CDE90B55CDE90D550F9581
:10B7A00069D10022CDE906224D7B08928C688A7B04
:10B7B0008DF824508DF8252003AD8A88CDF814D05B
:10B7C0000495ADF81C201CB1CA880894ADF8182067
:10B7D0008C69002C2FD000268DF80660ADF804602F
:10B7E0002688227BADF82C606688ADF82E6001AD0E
:10B7F00066680A96013A0D95042A28D8DFE802F017
:10B8000024948488900011228DF80520A67A9DF852
:10B810000650E27A66F3C30562F30415A27B267A2A
:10B82000002A2C4666F3000414BF0222012262F3B0
:10B8300042048DF80640CA6902B10C9209A904AA13
:10B84000FFF756FF10B070BD11228DF80420627B07
:10B85000013A042ADAD801A555F822F007B8030006
:10B86000F9B8030001B90300F1B8030019B90300E6
:10B870008DF80E4050E7CA7CADF80850013A8DF8BB
:10B880000A50042A07D8DFE802F0035F5B57530031
:10B8900011228DF809209DF80A2002AC0E94012493
:10B8A00064F3420211248DF80A208DF8084078E7ED
:10B8B00012228DF8012053E722228DF8002041E763
:10B8C00021228DF800203DE731228DF8002039E754
:10B8D00012228DF8002035E722228DF801203FE763
:10B8E00021228DF801203BE731228DF8012037E736
:10B8F00012228DF8052089E721228DF8052085E7A1
:10B9000031228DF8052081E731228DF804209EE751
:10B9100012228DF804209AE722228DF8052075E77F
:10B9200022228DF8042092E721228DF804208EE750
:10B9300022228DF80920AEE712228DF80920AAE70D
:10B9400031228DF80920A6E721228DF80920A2E7EF
:10B9500090DF7047A5DF7047B5DF704710B5002353
:10B9600084B004466A46184602A9ADF80840ADF80E
:10B970000A4003930093ADF80430FFF7E9FF04B0E9
:10B9800010BD00BF08B90E20704730B403464FF019
:10B9900017151B240020172219611D6041F61B3169
:10B9A0001C71DA801A819872D872998130BC704704
:10B9B0008388C3B930B50288232A83B00C4613D0DC
:10B9C00036D93A2A18D0552A3FD0242A5ED0A37AF5
:10B9D0003BB1E1880020FFF7BDFF10B90123A07241
:10B9E000E37203B030BD7047007A0B7B984228BFEA
:10B9F0001846FFF7B3FFEAE74289C98825698A42FA
:10BA000028BF0A46172A38BF1722228165B1E17A7A
:10BA100051B140F67721ADF80010ADF80230ADF825
:10BA2000042069462046A8470023E372A372D8E7A2
:10BA3000102A3FD0112ACAD1172241F61B31A37216
:10BA4000E372E2802281A181CBE7C288C988A37218
:10BA5000172A38BF17228A4228BF0A461846228171
:10BA6000FFF77AFFE37A002BB1D12269002AAED02A
:10BA70002189ADF8023040F67720ADF80000ADF82E
:10BA80000410204669469047A37AA1E70A69017A23
:10BA90006173002A9BD04DF67A20ADF80430ADF8E2
:10BAA00002308DF80410ADF800006946204690473A
:10BAB000A37A8DE7C37B08790873012B0CBF21881B
:10BAC000C988238908BFE1808B4204D3637B83420A
:10BAD000BFF47DAF8DE70020FFF73CFF18B90123CD
:10BAE000E372207BF2E7112809BF0123207B207B32
:10BAF000A372EBE72DE9F041DFF8988000238AB0CC
:10BB00004FF6FF7088F80030CDE9003300F0DCFC20
:10BB10004FF6FF76B0421FD0044648F2096707E0AF
:10BB200000F06EFC204600F0CFFCB042044613D07B
:10BB3000A4F58045ADB228466A4602A903F094FDFB
:10BB4000B8422046ECD0284603F0FEFC48F20762DB
:10BB50009042034603D043B90AB0BDE8F081012307
:10BB600088F800300AB0BDE8F08100220721079371
:10BB700005A84FF6FF73CDE90522CDE90822ADF8FF
:10BB800018408DF81410ADF8163000F063FA0AB0C2
:10BB9000BDE8F0812143002010B58389047886B088
:10BBA00003F5804300229BB2611ECDE90122CDE95D
:10BBB0000322ADF808300592042913D8DFE801F01C
:10BBC0003232321903004368002B55D113238DF80C
:10BBD00004304FF6FF7301A8ADF80830ADF8063019
:10BBE00000F038FA2D4C23780BB1FFF783FF06B035
:10BBF00010BD43F6FE729342F4D8C289002AF1D1F7
:10BC00004268002A42D00B2303928DF80430234C63
:10BC100001224FF6FF7301A82270ADF8063000F044
:10BC200019FAE0E743F6FE729342C1891ED8D0E9C3
:10BC30000132A4F10304B4FA84F464098DF80C1001
:10BC40008DF80D400492E3B99DF81430082243F0BA
:10BC500001038DF814308DF804204FF6FF7301A80E
:10BC6000ADF806300D4C00F0F5F9BCE701F5804366
:10BC70009BB29342DBD9B5E7142203938DF80420DD
:10BC8000A7E7092205938DF80420E6E718460A2362
:10BC90008DF8043000F0B4FBB9E700BF2143002069
:10BCA00010B5A1F5804182B0A0F58040002489B292
:10BCB0006B4680B2CDE9004403F09AFCA04214BF69
:10BCC0000520204602B010BD30B5184889B003F0F9
:10BCD0006FFA30BB03F084FA0546F0B900F070FB50
:10BCE000CDE903550DE005A803F0CEFB019B9C8830
:10BCF00004F58044A4B205A803F0F0FB204600F050
:10BD000067FB05A903AA4CF2070003F08DFC01A90B
:10BD10000028E8D0284609B030BD8625284609B05D
:10BD200030BD0325284609B030BD00BF99BB0300D4
:10BD3000F0B5FF2887B004D8012906D00C1F052CC8
:10BD400003D90725284607B0F0BD164603AA1F46AB
:10BD50000C46FFF7A5FFE0B901A903A803F094FB87
:10BD60000546B0B9019BB4705B8833800299A7B1D6
:10BD70003A6870689C00A24228BF2246164609F025
:10BD80007DF8B4420BD803A803F0A8FB284607B0FF
:10BD9000F0BD0525284607B0F0BD7160F3E70C251E
:10BDA000F8E700BF024B0022C3E90022704700BF42
:10BDB000903D0020012804D0031F052B01D901204C
:10BDC000704770B5044686B0A0F5804016460D4613
:10BDD00080B203A90D4A03F027FC10B1002006B081
:10BDE00070BD01A903A803F04FFB0028F6D1DDE9DF
:10BDF000012193885288328003F58043B4707160CA
:10BE000003A82B8003F06AFB0120E8E7903D0020A7
:10BE1000F0B5FF2887B005D88C78012C06D0231FF9
:10BE2000052B03D90724204607B0F0BD0B46A4F527
:10BE3000804621465C681B88ADF80260A0F580470B
:10BE4000154603AAADF80070CDE90143FFF728FFBE
:10BE5000052813D0694603A803F06EFB044648F298
:10BE600006639C421AD00FD948F207639C4203D064
:10BE700048F20D639C420FD11124D4E7694603A810
:10BE800003F056FB0446EAE734B9002DCBD029462F
:10BE900003A803F009FCC6E70324C4E78624C2E72D
:10BEA0004FF6FF7000F094BAFF2806D808B500F0EE
:10BEB00095FAFFF71FFE002008BD0720704700BF5E
:10BEC00000F0B2BA00F0D8BA00F0FEBA00F002BB3F
:10BED00070B41D4E0546002202EB4203980036F86E
:10BEE0002330AB4205D00132042AF5D1002070BCCA
:10BEF0007047304483788B421ED0531C042BF5D0FE
:10BF00005800C41836F82440AC420ED002EB42026E
:10BF100006EB820202E09489AC4205D00133042B87
:10BF200002F10C02F7D1E1E75800184406EB80005B
:10BF30001A4683788B42E0D1837A9B07DDD1436830
:10BF4000002BDAD170BC7047E83E002070B5037A50
:10BF500005465BB10D4E0024697A2144C9B23046D2
:10BF600000F06EFF2B7A0134A342F5D8AB7A0022A1
:10BF700003F0FD03FF204FF6FF716FF300036872BB
:10BF80002A72AB722980A9706A6070BDD83E002009
:10BF900010B582B08278417A044600232B48CDE95F
:10BFA00000338DF8022000F031FF002839D0237AC9
:10BFB000A178019003EB83039B004A1EADF800308B
:10BFC0008DF80210072A08D8DFE802F01E070707DD
:10BFD000071E042E1423ADF800306946221D208868
:10BFE000FFF716FF07280DD012D9112822D0862876
:10BFF00017D1A37A164A03F0FD0343F00103012190
:10C00000A372117002B010BD0123ADF80030E4E757
:10C0100038B9A37A60F3410360F30003A37202B05E
:10C0200010BD032002B010BD838809339B08ADF812
:10C030000030D2E7A37A064A43F002036FF300030D
:10C0400001210020A372117002B010BDD83E002063
:10C05000224300202DE9F047444EC168044686B0D3
:10C060003746334600205A68914203F10C0375D0DD
:10C0700001300428F7D100202378092B19D0132B85
:10C0800069D0082B5FD04FF00008204600F0D8FAA6
:10C09000204601F09BFCDFF8D890204604F05EFAC1
:10C0A000204604F02BF899F800307BB906B0BDE8C3
:10C0B000F087637A002BE6D1002854D0827ADFF82B
:10C0C000B090436042F0020298468272002489F8E0
:10C0D00000404FF0010A63001A1907EB8202927ABE
:10C0E00091072DD4D20727D589F800A0B8F1000F09
:10C0F00022D023449D007019FFF74AFFE0B17B5B1B
:10C10000ADF8083086284FF6FF73ADF8063016BF3D
:10C1100003900623072301A88DF8043000F090FA5D
:10C1200001A801F053FC01A804F018FA01A803F0DB
:10C13000E5FF06B0BDE8F0870134042CCBD1B5E7AC
:10C1400089F800A0D5E7657A002D9CD158B1FFF79A
:10C15000FDFEA84699E74FF0010896E700EB400086
:10C1600007EB800088E780468FE700BFE83E0020AD
:10C1700022430020F0B5174E002183B033460D4610
:10C180004FF6FF74FF2701EB410206EB82021C8091
:10C190009C705F72907A013100F0FD006FF3000037
:10C1A0000429907203F10C0303F8045C43F8085C63
:10C1B000E9D15023CDE900134FF4A072064B074993
:10C1C000074800F0D5FD002814BF0320002003B06D
:10C1D000F0BD00BFE83E0020183F0020983D002041
:10C1E000D83E0020F8B51E4F0646002505EB450356
:10C1F0009A0037F82330B34205F101040AD0042C29
:10C200002546F3D13046FFF74FFE10B1072818BF7F
:10C210000320F8BD3A4491783046FFF759FE08B143
:10C22000FFF794FE042C2346ECD06200111937F876
:10C230002110B1420ED005EB450507EB850202E067
:10C240009189B14205D00133042B02F10C02F7D1E0
:10C25000D8E75A001A441D4607EB82025C1CDAE755
:10C26000E83E00200023FFF763BD00BF83B32DE944
:10C27000F041CD1F012D0C4625D8551E032D22D887
:10C2800007461E461546FFF723FE804688B3037A0D
:10C29000AB421BD198F80910FF291FD0002788F85E
:10C2A0000850254800F0B2FD68B305EB85031B017B
:10C2B0009BB29B083380B47070600FB1082C09D01A
:10C2C0000020BDE8F0810720BDE8F0810F20FBE7EA
:10C2D0000E2070479B00063B8380F1E729461648F5
:10C2E00000F05CFDFF28014688F809000FD0012707
:10C2F000D5E7FF214FF6FF70FFF7EAFD804620B13A
:10C3000007808470C6E70320DEE71120DCE798F899
:10C310000A3088F8020003F0FD0300226FF30003E7
:10C320004FF6FF7188F80A30A8F8001088F8082046
:10C33000C8F804201120C7E7D83E002008B5FFF751
:10C34000C7FD18B1FFF702FE002008BD052008BD9B
:10C35000CB1F012B01D90720704770B50646104648
:10C3600015460C46FFF7ACFD50B130462146FFF7AD
:10C37000AFFD38B105808470BDE87040FFF708BE9E
:10C38000072070BD052070BD4FF6FF73984210B5B1
:10C3900009D0FF2804460FD80846214603F020FAAA
:10C3A00050B9204610BD08464FF4807103F03CFAA6
:10C3B00080B2B0F5807FF5D14FF6FF7010BD00BFA1
:10C3C00040220021014808F07DBD00BF1C3F002035
:10C3D0000149FFF7D9BF00BF1C3F00204FF6FF7295
:10C3E000904209D010B505490446FFF7CDFF201A49
:10C3F000B0FA80F0400910BD002070473C3F00209B
:10C40000FF2800D9704710B501460446044803F0E0
:10C41000F7F921460348BDE8104003F0F1B900BF29
:10C420001C3F00203C3F0020FF2801D9002070471E
:10C430000146014803F0EEB91C3F002038B54FF625
:10C44000FF7398420D4615D0013084B2FF2C04D9F9
:10C450000CE09CB2B4F5807F08D02146284603F05A
:10C46000D9F9631C0028F4D0204638BD4FF6FF747C
:10C47000204638BD0024F0E7F8B51149FFF7DEFF8C
:10C480004FF6FF75A84217D0FF28044612D80D4E6C
:10C49000A6F1200707E02046FFF7D0FFA842044698
:10C4A0000AD0FF2C06D82146304603F0B3F93946AE
:10C4B0000028F0D12046F8BD4FF6FF742046F8BDA5
:10C4C0001C3F00203C3F00200149FFF7B7BF00BFE1
:10C4D0003C3F002070B50024064E254621463046DC
:10C4E00003F098F90134B4F5807F0544F6D128466D
:10C4F00070BD00BF1C3F0020074B1A7802B970477F
:10C5000010B5044604F0BCFA204601F0BBFA204600
:10C51000BDE8104003F0D4BE2443002010B582B023
:10C52000002401926A460094FFF702FC02B010BD9D
:10C530002DE9F04F87B083464FF6FF708A4601928F
:10C540009946FFF7BFFC00250421CDE9031503AB95
:10C5500004AA062102AE044602950596FFF7E8FB01
:10C5600007283FD04FF6FF77B8464FF0FF3660B14F
:10C57000052814D12046FFF7A5FC03AB04AA062129
:10C580000446FFF7D5FB0028F2D1029BAB4224BF43
:10C59000A0461D46B3423CBF1E462746EAE74FF67B
:10C5A000FF739C421AD1A04520D0A7420CBF0520A2
:10C5B0000020BBF1000F01D0ABF80080BAF1000FF2
:10C5C00001D0CAF80050019B03B11F80B9F1000FE0
:10C5D00005D0C9F8006007B0BDE8F08F032007B0B0
:10C5E000BDE8F08F052007B0BDE8F08F0520E0E73B
:10C5F0000F4B70B51C7814B90E4B1C7070BD0E4DEE
:10C600000E4E0023294630461A46FFF791FF0528B3
:10C6100005D0B0FA80F4074B64091C7070BD00238C
:10C620002B60044B4FF6FF7232801C7070BD00BF50
:10C6300024430020264300205C3F002002430020CA
:10C640002DE9F041054686B0808804F095F92B78F5
:10C650006880083B032B3BD8DFE803F0283D170236
:10C66000654A664E11783378002940F08A804BB1D4
:10C67000634F002457F82430284698473378013414
:10C680009C42F7DB06B0BDE8F0815B4C2378002BC1
:10C6900037D15C4B1B78DBB15B4BAA881B889A4275
:10C6A00016D1564EFFF7A4FF3378E0E76B7A2BBB29
:10C6B00056490A681AB1E868824200F09480514BEA
:10C6C0001B782BB1504BAA881B889A4200F08680B9
:10C6D0004A4E3378CBE7494E6A7A3378002AC6D17E
:10C6E0004A4801680029C2D0EC68A142BFD1484C39
:10C6F00002602168EA6001392160B8E7012BE7D1C7
:10C70000DDE74FF6FF70FFF7DDFB4FF6FF73984252
:10C710000646BED1FFF7D8FBB042BAD1374E3278C9
:10C7200000230DF104080C2101932370C8E90133A3
:10C73000C8E90333ADF80800ADF806008DF8041021
:10C740009AB12F4F1C4657F8243028469847337823
:10C7500001349C42F7DB43B1002457F824304046B3
:10C760009847337801349C42F7DB264B1B78002B2B
:10C7700088D0254AAB8812889A4283D1FFF738FFC8
:10C7800080E70DF1040800240D2101941470C8F80D
:10C790000440C8E903444FF6FF728DF80410A968FD
:10C7A000ADF80820ADF806200391002B3FF46AAFE6
:10C7B000134F57F8243028469847337801349C4269
:10C7C000F7DB002B3FF45EAF002457F824304046DF
:10C7D0009847337801349C42F7DB53E72B7A062BDA
:10C7E0007FF476AF5DE7084A044EA8880B60EB60E3
:10C7F000108033783BE700BF23430020254300200F
:10C80000603F002026430020024300206C3F0020B0
:10C810005C3F002078B1F8B5074E337853B1074F2D
:10C820000546002457F824302846984733780134C9
:10C830009C42F7DBF8BD704725430020603F002095
:10C84000F8B5074E337853B1064F0546002457F824
:10C85000243028469847337801349C42F7DBF8BDF2
:10C8600025430020603F0020FFF7EABFFFF7E8BF45
:10C8700038B5FFF729FAD0B9FFF77CFCB8B901F059
:10C88000C9F8A0B900F09CFB88B903F09DFC70B911
:10C8900003F070FE58B9074A074C0849084B10606E
:10C8A0004FF6FF750122258008701A7038BD0320ED
:10C8B00038BD00BF6C3F002002430020264300200B
:10C8C000244300200A4B1B787BB10A4A1378022BC1
:10C8D00009D810B4591C084C117044F823000020EA
:10C8E0005DF8044B7047042070470820704700BF74
:10C8F0002443002025430020603F0020034B1B7889
:10C900000BB101F0D9B80820704700BF24430020C4
:10C9100008B5054B1B782BB101F0F0F8082808BFCB
:10C92000112008BD082008BD2443002009B101F0F2
:10C93000E3B87047024B1B7803B9704703F084BD1E
:10C9400024430020034B1B780BB100F093BF082059
:10C95000704700BF24430020084B1B7843B151B1FE
:10C9600010B50C4603F096FF00232080184610BD3A
:10C970000823184670470E231846704724430020AA
:10C98000024B187800B97047FFF7A0BA2443002083
:10C9900000B50B4B83B01B785022019243B159B1C3
:10C9A0000A4601AB0721FFF7B9FD03B05DF804FBB0
:10C9B000082003B05DF804FB0E2003B05DF804FB13
:10C9C00024430020034B1B780BB103F0E7BF082082
:10C9D000704700BF2443002010B4054C24781CB1DC
:10C9E0005DF8044BFFF7A4BD08205DF8044B7047C9
:10C9F00024430020354B1B78002B38D02DE9F04123
:10CA0000334B344D064693E8030088B02B7801ACD5
:10CA100084E8030013B3DFF8C880D8F8005015BBD2
:10CA20002D4B2E4F1A883B68B24224D05A1C20D07E
:10CA30000133214630462A4A3B60FFF7E9F998B1B5
:10CA40003B680022013B11283B60C8F800200AD057
:10CA5000862809D0072818BF032005E0FFF7C8FD86
:10CA60002B78002BD7D1112008B0BDE8F081082029
:10CA700070471320F8E7002BDAD008233046194C12
:10CA80000795CDE90355CDE905558DF80C3003F038
:10CA900073FF9DF81C302278ADF80E0065F300039B
:10CAA0000621ADF810608DF8155006958DF81C30F4
:10CAB0008DF8141042B10C4E56F8253003A8984753
:10CAC000237801359D42F7DB0020CDE72443002089
:10CAD000687F040026430020024300205C3F0020C2
:10CAE0006C3F002025430020603F002076DF704728
:10CAF00010B5044682B059B901A9FFF723FF43F2EC
:10CB00000202904200D0B0B99DF804309B0710D4C7
:10CB100000212046FFF7FCFE58B1112809D00D284E
:10CB200010D00B2805D043F20202904201D001F050
:10CB300041FD02B010BD01F03DFD9DF804309B07A2
:10CB4000F7D4E5E720461321FFF7D0FFF1E700BF58
:10CB5000017839B1072900D0704780680028FBD0E0
:10CB600001F028BD4088FFF7C3BF00BF2DE9F041A9
:10CB7000037886B00446142B1BD8DFE803F00B1AA9
:10CB80004C1A1A1A6A1A1D1A1D1A1A1A1A1A1A1A7D
:10CB90001A235C008088FFF72DFF862868D01128B3
:10CBA00066D0132803D8584BC340DB0701D401F0EB
:10CBB00001FD06B0BDE8F081544B01221A7006B0A9
:10CBC000BDE8F081524B534A1C68504B524F002530
:10CBD00004F1080815701D704FF6FF76624202F0EE
:10CBE000070204F0070358BF5342013437F81320FB
:10CBF000B24201A80AD0029527F813600195CDE949
:10CC000003550595ADF80820FFF7B0FFA045E5D125
:10CC100006B0BDE8F081037A012BCAD800238288D0
:10CC2000059301A8CDE90133CDE90333ADF8082020
:10CC3000FFF79CFFBDE78368364948F20D6200208C
:10CC40009342087002D0B3F5064FB2D100F066F8F7
:10CC5000AFE7304C2378002BABD12C4D2B78E3B1D0
:10CC600002F09CFCB0B148F207629042A1D09EE76E
:10CC70002749294A0B68A08822F8130001335A4239
:10CC800002F0070203F0070358BF53420B6000F0A5
:10CC900045F88EE7012323708BE701A802F00EFD13
:10CCA00030BBBDF80A30002B14BF012300232B70CA
:10CCB000D6D1002301AA19461846FFF78DFE064675
:10CCC00028B1431F012B7FF674AF30466FE7BDF8E4
:10CCD0000400FFF777FE064608B101F06BFC012265
:10CCE000731F93422A707FF664AF002EB8D0ECE732
:10CCF00001F060FCBDF80A30002B14BF01230023B3
:10CD00002B707FF456AFD4E7C100080075230020D4
:10CD1000703F0020274300202C21002000B587B061
:10CD20000023062201A8CDE90133CDE903330593A1
:10CD30008DF80420FFF71AFF07B05DF804FB00BF71
:10CD400042685AB1FF2938B50D4606D00446BFF3F4
:10CD50005F8F104602F05EFD08B938BD704760680D
:10CD6000BFF35F8F2946BDE8384002F049BD00BFE0
:10CD700070B4DDE9034570B169B163B105FB04F638
:10CD8000964208D83CB135B1C0E90245C0E900136C
:10CD900070BC00207047072070BC7047F8B50028B1
:10CDA00030D0036806466BB3406858B3B3684BB3E2
:10CDB00000250F46FF2429460EE0FF2C19BF2B1B30
:10CDC000013301232C469F421DD00135B368EDB2DB
:10CDD0009D42294616D2706802F002FDBFF35F8FB4
:10CDE0000028EAD0FF2C0BD0AC4209D23368214690
:10CDF00030460BB1FFF7A4FF0134E4B2AC42F5D1E9
:10CE0000FF24E2E7FF242046F8BD00BFA8B1026876
:10CE10009AB142688AB1FF2938B50D460BD0044655
:10CE2000BFF35F8F104602F0F5FC20B1E368206885
:10CE300003FB050038BD002038BD0020704700BF4F
:10CE400018B103680BB1FFF77BBF70477EDF7047F7
:10CE50007FDF704786DF704710B50446408803F0D7
:10CE600019FDA0802046BDE8104000F06FBD00BF56
:10CE700000B587B0002304220193ADF806000DEB46
:10CE80000200CDE90233CDE904338DF80420FFF729
:10CE9000E3FF07B05DF804FB30B50E4D87B000240A
:10CEA00003948DF80C10ADF80E20297801942246D9
:10CEB00003250494ADF806008DF810300294059413
:10CEC0008DF80450FEF7D2FB01A8FFF7C5FF07B0AD
:10CED00030BD00BF7723002030B5134B0A1C87B04C
:10CEE00018BF01220C4619780546FEF7BFFB0F4B11
:10CEF000A4F10102B2FA82F2197828465209FEF72B
:10CF0000B5FB0023012201A801930393ADF806505D
:10CF10008DF80C400293CDE904338DF80420FFF71F
:10CF20009BFF07B030BD00BF79230020782300208D
:10CF3000F0B51D4B87B00D46197816460446FEF72E
:10CF400079FB38B9014633462A462046FFF7A4FF4D
:10CF500007B0F0BD154B20461978FEF76BFB04F5C2
:10CF6000807300284FF0070198B214BF01270227F1
:10CF7000FFF7E4F978B105280DD00023CDE901339E
:10CF80000390CDE9043301A80723ADF806408DF8DE
:10CF90000430FFF761FF33462A4639462046FFF743
:10CFA0007BFF07B0F0BD00BF79230020782300206D
:10CFB000024B0A781978FEF759BB00BF7623002090
:10CFC000F8B5184C2378182B28D0174D2B78182B30
:10CFD00020D0164E3378182B18D0154F3B78182BCD
:10CFE00010D02378182B0BD02B78182B08D033783F
:10CFF000182B05D03B78182B0CBF03200020F8BD60
:10D000000320F8BDFEF70CFB3870EAE7FEF708FBDB
:10D010003070E2E7FEF704FB2870DAE7FEF700FB6A
:10D020002070D2E777230020792300207823002086
:10D03000762300202DE9F0418AB00E4617460546BA
:10D04000FEF73EFA20220446002102A807F03AFF2C
:10D05000012C10D054B1002E6AD1852102AB284694
:10D060000022FFF7F5FE0AB0BDE8F08143F20200AE
:10D070000AB0BDE8F081DFF8D080002298F80010F7
:10D080002846FEF7F3FA002E5AD0284603F002FC99
:10D090004FF6FF73984229D13378DA0758BF002141
:10D0A00039D505F5807080B26B4601220721FFF764
:10D0B000DDF81128D7D000283ED101465022019832
:10D0C00007F000FF01991F4A0B4601F1180C03F805
:10D0D000344B284605974F1C11310293CDE906C702
:10D0E000099203F0EDFB48BB014617E098F80010E9
:10D0F0002846FEF79FFA0028CED12846FFF7B8FE53
:10D1000098F800102846FEF795FA0028C4D1337825
:10D11000DB0715D485210B4B05970993012C9DD175
:10D1200002AB32462846FFF793FE0AB0BDE8F08115
:10D13000284603F0AFFBAFE7032094E7082092E70F
:10D140008521EDE7743F00207623002038B50C469A
:10D150000546FEF7B5F901280AD13CB1214628461B
:10D16000FFF774FE042808BF112038BD204638BDE3
:10D1700043F2020038BD00BF2DE9F0470388113BA0
:10D1800088B00446092B2ED8DFE803F0522D05683D
:10D190002D2D2D2DA1308088FEF792F9012811D177
:10D1A000227AA588BA4B12F0010F08BF0226024668
:10D1B00018BF012628461978FEF758FA3146284646
:10D1C000FFF78AFE34F8041F0434002303A8052265
:10D1D0000594CDE90333CDE90633ADF80E108DF893
:10D1E0000C20FFF739FE08B0BDE8F087A94B808816
:10D1F0001978FEF71FFA05460028F4D1A088FEF73B
:10D200007BF9002800F0DA80A14BA08819782A4623
:10D21000FEF72CFAA388ADF80E3003A802238DF890
:10D2200014508DF815508DF80C30FFF715FEDAE725
:10D23000037A8588964A3D2B284641F23D031178B2
:10D2400014BF4FF488541C46FEF7F4F90028CAD0E6
:10D25000214628460022FFF76BFEC4E700F11006C6
:10D26000304603F065FB4FF6FF73984205460746CC
:10D2700078D00146A08803F087FBA788844B384606
:10D2800019780122FEF7F2F938460021FFF724FE53
:10D29000284601AA0721FEF7E5FF002875D00025E2
:10D2A00000231A462946A088FFF7D4FD08289AD003
:10D2B000002840F08B80A37EDB0794D5002D92D10F
:10D2C000A0882B4641F20602FFF7E6FD8BE7704B84
:10D2D000057A1978868875B1427A304602F00304DF
:10D2E000FEF7A8F900283FF47EAF224629463046D3
:10D2F000FFF71EFE77E72A463046FEF7B7F9637A56
:10D3000013F004034CD006F58077BFB2384601AB6A
:10D3100001220721FEF7AAFF804600285CD003AF58
:10D32000072338460395CDF814808DF80C30ADF8FE
:10D330000E600495CDE90655FFF78EFD637AA1884E
:10D340008DF8155013F0040F0CBF022201220223A6
:10D350003846ADF80E108DF814208DF80C30FFF71C
:10D360007BFD40E7A08803F095FAB4F80480484BB1
:10D370000546197840460122FEF778F9404600211B
:10D38000FFF7AAFDBD428AD082E7A37ED90786D5E2
:10D39000029D95F84430DA0740F1B98034357FE7D3
:10D3A000A288ADF80E2003A802228DF815308DF862
:10D3B0000C208DF81420FFF74FFD14E701460123E0
:10D3C000A08841F20602FFF767FD0CE70590A188EF
:10D3D000002303A80722FCE6304603F05BFA4FF671
:10D3E000FF739842054681461DD0C14638462A46FD
:10D3F0000721FEF7ADFF034600284FD1637AA288CC
:10D40000ADF80E2013F0040F0CBF022101210222FF
:10D41000012303A88DF814108DF80C208DF8153019
:10D42000FFF71AFDDFE60146029803F013FA4845BC
:10D43000054682465FD0DFF860A00146304603F023
:10D44000A3FA9AF800103046FEF7F4F88146002857
:10D45000CBD13046FFF70CFD9AF800103046FEF7AE
:10D46000E9F80028C2D1637AA1888DF8150013F07D
:10D47000040F0CBF02220122022303A8ADF80E10F4
:10D480008DF814208DF80C30FFF7E6FCABE600BFFA
:10D49000772300207923002076230020862803AFFD
:10D4A0003ED04FF00008384605930723CDE90388A6
:10D4B000CDE906888DF80C30ADF80E60FFF7CCFC96
:10D4C000637AA1888DF8158013F0040F0CBF022237
:10D4D000012202233846ADF80E108DF814208DF885
:10D4E0000C30FFF7B9FCB9F1000F3FF47CAE2846D1
:10D4F00003F054FA77E6FEF7D3FC5045054632D0E8
:10D500002946304603F040FA4FF001096EE73146F4
:10D5100005F1460003F0F2F900287FF43FAFBEE6C4
:10D52000002338460622CDE90333CDE905330793BE
:10D530008DF80C20ADF80E60FFF78EFC637AA288A0
:10D54000ADF80E2013F0040F0CBF022101210222BE
:10D55000012338468DF814108DF80C208DF8153005
:10D56000FFF77AFC3FE603AF042307223846CDE9F4
:10D5700003880593ADF80E60CDE906888DF80C2080
:10D58000FFF76AFC637AA1888DF81580DAE600BFA0
:10D5900028B3027802F08203802B1ED0C2F302135C
:10D5A000042B1AD802F0F203322B16D0437881787C
:10D5B0008B4212D8062B10D910290ED8C17810B47E
:10D5C00011F0040405D10379580702D40B4319075D
:10D5D00006D500205DF8044B704700207047704767
:10D5E00003F00300D30703D5003018BF0120F1E793
:10D5F000B0FA80F04009EDE731F0080323D011299B
:10D6000021D070B58AB000230D29064615460C4678
:10D61000CDE90533CDE90733099315D003F03AF985
:10D620000723ADF81660ADF8180005AD8DF814307D
:10D630000FCD6E460FC62B68336068460294FFF725
:10D64000E9F80AB070BD704703F024F90323ADF880
:10D650001660ADF8180005AC8DF814300FCC6E468E
:10D660000FC6236833607DB12B7813F0010F0CBF18
:10D670000222012241F2011368468DF80820ADF81C
:10D680000A30FFF7C7F8DCE70222F3E72DE9F043A1
:10D69000244B8FB00025CDE90A551B68099309ACCE
:10D6A0000746894694E807000DF1040888E807005A
:10D6B0003846C4E90355C4E90155099503F0EAF871
:10D6C0000523ADF82800ADF826708DF824300FCC76
:10D6D00004AE0FC62368336004A8CDF81890CDF8C7
:10D6E0001C80FFF797F8104B01991A683846FFF72E
:10D6F000A1FC0E4BA0F11102B2FA82F20446197895
:10D7000038465209FDF7B2FF094B2A4619783846C8
:10D71000FDF7ACFF21463846019AFFF76DFF0FB0C9
:10D72000BDE8F083C03F0020B43F00207D230020EF
:10D730007C2300200021FFF7A9BF00BF2DE9F0479F
:10D7400006468EB0904699460D4600294DD1384B7D
:10D750000A911B6809930B9109AC94E807000DF13D
:10D76000040A8AE807003046C4E90355C4E90155B4
:10D77000099503F08FF80527ADF82800ADF826606D
:10D780008DF824700FCC0DF1100CACE80F0023685D
:10D79000CDF81CA004A8CCF80030FFF73BF8254BCF
:10D7A000DDF804A01B785BB3424651463046FFF7D4
:10D7B000CDFC11280446204B27D000221978304692
:10D7C000FDF754FF0B2C19D012D8BCB1082C15D082
:10D7D0000327B9F1000F04D0524621463046FFF727
:10D7E0000BFF38460EB0BDE8F0874FF0000ADBE7CC
:10D7F0000D2C03D043F202039C42E9D12746E8E70F
:10D800009DF80D30002BCFD1EBE71978012230467F
:10D81000FDF72CFF094B2A4619783046FDF726FF05
:10D82000074B424619783046FDF720FF0027D0E726
:10D83000C03F0020284300207C2300207B230020C1
:10D840007A230020094B70B519780446FDF7F2FEE3
:10D85000074B054619782046FDF7ECFE2A4601469F
:10D8600001232046BDE87040FFF768BF7A230020FF
:10D870007B23002000293AD0F0B583B005460C4642
:10D88000FDF724FE064670B3284603F003F8A6F120
:10D8900002062378B6FA86F64FF6FF72821A4FEA2E
:10D8A000561618BF012266F3000362F3C303237008
:10D8B00007462846FDF720FE237860F341032370D6
:10D8C0002846FDF72DFE237860F382032370284657
:10D8D000FDF73AFE68B10120237860F304130020BD
:10D8E000237003B0F0BD43F2020003B0F0BD0E2080
:10D8F00070472846FDF700FE0028EDD038466A46FE
:10D900000721FEF7AFFC20B9019B93F84430DB07F9
:10D91000E1D40020E0E700BF10B582B002ABE02206
:10D9200003F8042D0C461946FFF7A4FF22789DF852
:10D93000041030B932EA01030CBF0120002002B00C
:10D9400010BD0023184602B010BD00BF30B50378EB
:10D95000052B83B0044614D0122B04D02046FEF7CA
:10D9600059FF03B030BD184B40881A687AB1FDF7F3
:10D97000C3FD014668B960880A460123FFF7DEFE51
:10D98000ECE781684088FFF781FE03B030BD0121DC
:10D99000F3E7227A60880025C2F340012B4661F349
:10D9A0008203C2F3000161F3C303C2F3800202A940
:10D9B00062F3041301F8043DFFF7AEFF80F00102AB
:10D9C000D2B229466088D8E7C03F002008B5037866
:10D9D000083BDBB20B2B06D8012202FA03F340F618
:10D9E0000F02134200D108BD064B074918780022E8
:10D9F000FDF766FE054B064918780022BDE8084091
:10DA0000FDF75EBE7D23002035D703007C23002078
:10DA100045D8030010B5174C2378182B0DD0164CA1
:10DA20002378182B10D0154C2378182B13D0144CB6
:10DA30002378182B16D0002010BDFDF7F1FD2070C3
:10DA40000D4C2378182BEED1FDF7EAFD20700B4C1E
:10DA50002378182BEBD1FDF7E3FD2070084C2378D9
:10DA6000182BE8D1FDF7DCFD1828207008BF032033
:10DA7000E1D110BD7C2300207A2300207B230020ED
:10DA80007D23002008B5FFF777FB074B074918787F
:10DA90000022FDF715FE064B064918780022BDE866
:10DAA0000840FDF70DBE00BF7D23002035D70300E1
:10DAB0007C23002045D8030010B5044670B1FFF761
:10DAC00067FD88B1094B2068186021790848094A28
:10DAD0001971012103601170002010BD0449054A2D
:10DAE00008600121117010BD072010BDB83F002053
:10DAF000C03F002028430020FFF75ABA00230A46FF
:10DB00001946FFF71BBE00BF10DF704711DF7047DB
:10DB100010B582B004460C496846FDF707F8019B32
:10DB20002BB90DE06846FDF70BF8019B43B1D3E933
:10DB30000021204690470028F4D1112002B010BDEA
:10DB4000002002B010BD00BF747F040010B582B089
:10DB5000044609496846FCF7E9FF019B4BB1D3E94C
:10DB60000021204690476846FCF7EAFF019B002B06
:10DB7000F5D102B010BD00BF8C7F04000B4991F8B5
:10DB80001623EC2352091341DB070BD5084B9A6887
:10DB900022B11A6842F480021A6070474FF4800381
:10DBA0000B60704742F2020000F004BD00E100E0AB
:10DBB0003C430020F0B51B4D2C7883B01CBB1A4FA2
:10DBC000012620463E70FFF7A3FF112818D02046FB
:10DBD000FFF7BCFF02A8154B00F8054D1B68019329
:10DBE00000F0F8FC124901A8FFF78EFFB0FA80F3AD
:10DBF00004465B099DF803002B7000F011FD34B161
:10DC0000204603B0F0BD0824204603B0F0BD094B08
:10DC10003C701C70FFF7B2FF3046FFF797FF2046BD
:10DC200003B0F0BD2A43002029430020707F040088
:10DC3000DDB002002B430020F0B51F4D2B7883B0E0
:10DC400083B301231D4E18463370FFF761FF11287F
:10DC500024D00220FFF77AFF02A8002700F8017DF8
:10DC600000F0B8FCFFF752FF04469DF807002F7044
:10DC700000F0D6FC9CB9124B34709A68B2B9114BC3
:10DC80004FF48002C3F88020BFF34F8FBFF36F8F34
:10DC90000320FFF75BFF204603B0F0BD00242046C1
:10DCA00003B0F0BD0824204603B0F0BD1A6822F48A
:10DCB00080021A60ECE700BF2A43002029430020BD
:10DCC0003C43002000E100E0054B1B7833B1054BDD
:10DCD0001B780BB9FFF76EBFFFF7AEBF0820704788
:10DCE000294300202A430020014B1878704700BFC9
:10DCF0002A4300200B4B1B7873B10B4B9A6862B917
:10DD00000A4B4FF48002C3F88020BFF34F8FBFF35C
:10DD10006F8F074B01221A7070471A6822F4800235
:10DD20001A60F6E72A4300203C43002000E100E0AF
:10DD30002B43002010B5084C237813B1074B1B78F8
:10DD400003B910BD064B4FF48002C3F80021FFF762
:10DD500015FF0023237010BD2B4300202A43002011
:10DD600000E100E0034B1B7813B1034B18787047B8
:10DD7000012070472A4300202B43002000B583B0C8
:10DD800068460849FCF7D2FE019B43B1D3E9002065
:10DD900090476846FCF7D4FE019B002BF6D103B0F8
:10DDA0005DF804FB807F0400FFF7E8BF60DF704789
:10DDB00069DF704761DF7047134B1B781BB330B5C9
:10DDC000124D91B034240DF1020103A8ADF80240C8
:10DDD000FFF7F0FF88B9294601A8FCF7A7FE029BD0
:10DDE000002BF0D0D3E9002103A8904701A8FCF74D
:10DDF000A7FE029B002BF5D1E5E7052801D000F036
:10DE0000D9FB11B030BD70472C430020987F04002F
:10DE1000002942D070B584B00023214A0A60CDE9C0
:10DE200001330C46012501A98DF8040006262020A7
:10DE300003938DF80650ADF80860FFF7B9FF01A90C
:10DE4000226801934020CDE902338DF80550FFF799
:10DE5000AFFF01A92268039328460425CDE90133C9
:10DE60008DF80450FFF7A4FF0DEB05012268029323
:10DE70004FF4E465A12003930195FFF799FF226811
:10DE8000019301A90124A020CDE902338DF80440BB
:10DE9000FFF78EFF184604B070BD0E20704700BF1C
:10DEA0004020002008B5FFF781FF10B9014B012287
:10DEB0001A7008BD2C4300204BDF704710B5114C81
:10DEC00084B001A8FFF7F8FFA8B9214602A8FCF723
:10DED0002DFE039B002BF4D0D3E90021019890473D
:10DEE00002A8FCF72DFE039B002BF5D101A8FFF73C
:10DEF000E3FF0028E9D0052801D000F05BFB04B067
:10DF000010BD00BFA47F040000207047A8DF704749
:10DF1000ADDF7047AEDF7047B0DF704762DF70473C
:10DF20003CDF70473DDF7047704700BFF8B10388A2
:10DF3000112B17D010D9F0B5512B89B0044618D049
:10DF4000532B07D1314DC288EB889A4202D12B7EE8
:10DF5000002B44D109B0F0BD102B09D12B4B828886
:10DF60009A807047294B81889A88914233D07047B4
:10DF70007047264D8388A8889842EBD1A379022B5D
:10DF8000E8D12189EA889142E4D1A27B043A022AAD
:10DF9000E0D9002601AF02AA69890293CDE904669F
:10DFA000CDE906668DF810300397FFF7B1FFF0B1A9
:10DFB00040F2FD13ADF8143004A9A888FFF7ACFFB8
:10DFC0001128F9D0BDF81430002BC3D104F108009A
:10DFD00000F046F9BEE74FF6FF729A80704700F0F6
:10DFE000C9F90028B6D06B6902209847B2E73846D5
:10DFF000FDF784FB0028DBD09DF81630ADF81460E7
:10E0000043F001038DF81630D6E700BFC43F00206F
:10E0100030B5144B87B0DA888DF8050002248DF8EE
:10E0200006109888ADF8082000230321CDF80A30A7
:10E030002025ADF80E300DEB040201ABADF8021057
:10E0400002A98DF804508DF80A40CDE90423FFF7AA
:10E0500061FF20B9BDF80230032B18BF0C2007B0B8
:10E0600030BD00BFC43F002010B54FF0FF3100208D
:10E07000FFF758FF044608B1204610BDB121FFF755
:10E080004FFF04460028F7D1044B01205B699847F5
:10E090000220FCF7F3FC204610BD00BFC43F002067
:10E0A00030B51A4B05460FCB87B002AC84E80F00A1
:10E0B0004DB32A68164B4FF6FF7000215A619880C5
:10E0C0001976EAB1124800F083F808B107B030BD04
:10E0D00006A94FF6596321F8143D012318460D4A4D
:10E0E0008DF80630FFF712FF0028EFD120460849CF
:10E0F000FFF714FF0028E9D1054800F087F8E5E7AD
:10E10000054A5A61DEE70E2007B030BDB07F04003B
:10E11000C43F0020C63F002029DF0300B2DF704764
:10E120004FF0020C00DF704710B50E4C2368BBB1F6
:10E130001A7EAAB10278082A0AD0092A10D1FFF75C
:10E1400093FF68B1236802205B69BDE8104018475F
:10E15000027A012A04D11A69013A1A61002AEED022
:10E1600010BD00BF3843002017490B6853B34B68FC
:10E1700043B370B5083198470828044621D0134DA1
:10E180002B6888B100221A765A7606210120FFF703
:10E190003FFF18B12B6803205B6998472B6802206A
:10E1A0005B69BDE87040184701215876197608462A
:10E1B000FFF72EFF28B12B6803205B6998472B6877
:10E1C0001C7670BD704700BF2040002038430020FF
:10E1D000034620B1034A04481360FEF773BB0E20C8
:10E1E000704700BF3843002029E1030008B501F063
:10E1F000B1FD00B108BD0448FFF792FF0028F9D136
:10E20000BDE8084001F0B6BD2040002030B589B01F
:10E2100004461E2200210DF1020006F053FE2246A4
:10E22000608812F8063B8DF802300425282401236B
:10E23000ADF800508DF80D406946032417258DF880
:10E2400010308DF80C308DF81130ADF804508DF889
:10E2500013408DF81240FDF755FA09B030BD00BFEC
:10E260002DE9F042047B012C96B01FD13E4D2F6862
:10E27000797E064659BB02A8502206F023FEB888D4
:10E2800001A9FEF769FB48B9BDF804004FF6FF731A
:10E29000984265D002A9FEF77BFB18B31128347BA6
:10E2A0001ED00F2814BF0421072101E02E4D0221AA
:10E2B0002046FFF7ADFE18B12B6803205B69984735
:10E2C0002B6802205B69984716B0BDE8F0822046B3
:10E2D0000621FFF79DFE0028F6D01128347BE0D1FF
:10E2E0000621E5E70DF1580C204F5CF84F0DDCF8E6
:10E2F0000410DCF80820DCF80C30BCF814900FC7D0
:10E300000DF13C0EDCF810003860BEE80F009CF800
:10E3100016C087F806C007F1080CA7F80490ACE80F
:10E320000F009EE8070016AB8CE80700082223F8D0
:10E33000522D2A6807F1240190881A462346FFF7D8
:10E34000EDFE0028AAD10A49A7F1140051F8083BB4
:10E3500098470028A2D12B685C7616B0BDE8F08201
:10E36000347B0721A4E700BF38430020E43F0020AE
:10E370002040002010B5064C236800205B699847B8
:10E380002468FEF7A7F8206102F08CF9002010BD88
:10E3900038430020A8DF7047F0B5074689B014461F
:10E3A0001E460D46E9B114B9204600F003F91E22BD
:10E3B00000210DF1020006F085FD0C4B0E9A188825
:10E3C000ADF8007002236946ADF80440ADF8064090
:10E3D00002958DF811608DF80D30FDF793F909B0B5
:10E3E000F0BD084600F0E6F8DDE700BF044300207A
:10E3F00070B586B006A941F60A0321F80C3D012349
:10E400000446624A8DF80E301846FFF7C3FF0546F2
:10E41000002869D12288002A69D12289002A40F087
:10E420008D80228A002A40F09680228B002A40F0BC
:10E430009F80228C002A69D1228D002A72D1236B01
:10E440001BB3D3E90021160A100C8DF81410110E1D
:10E450008DF811608DF810208DF812008DF81310D2
:10E4600099684B4A94F83C308DF81510080A0E0C48
:10E4700000928DF81600082204A942F623208DF898
:10E480001760FFF789FF00283CD1616B51B141480B
:10E490000A7994F83C300968009042F62A20FFF788
:10E4A0007BFF78BBA26BFAB113788DF810305388DC
:10E4B0008DF811301B0A8DF8123093888DF81330C7
:10E4C0001B0A8DF8143094F83C30D488324A0092FC
:10E4D000250A072204A942F650208DF816508DF81F
:10E4E0001540FFF759FF0546284606B070BD2B487A
:10E4F00094F83C306168009042F62920FFF74CFF09
:10E5000000288AD00546284606B070BD244894F8F5
:10E510003C30616A009042F62620FFF73DFF00285C
:10E520008AD0EFE71F4894F83C30E16A009042F649
:10E530002820FFF731FF002881D0E3E71A4894F83C
:10E540003C30E168009042F62420FFF725FF0028C8
:10E550003FF467AFD6E7154894F83C306169009006
:10E5600042F62520FFF718FF00283FF45EAFC9E709
:10E570000F4894F83C30E169009042F62720FFF7FD
:10E580000BFF00283FF455AF0546BCE704430020CD
:10E590006C400020544000204C4000203C400020B3
:10E5A0002C40002064400020444000205C400020BB
:10E5B0003440002000B585B000230390194601AA1D
:10E5C00044F20100CDE90133ECF788FD05B05DF8B8
:10E5D00004FB00BF70B4EFF3108472B60D4B9A6861
:10E5E000AAB90D490D4E01259D60D1F880503540E6
:10E5F0001D60C1F88060D1F884505D604FF0FF333A
:10E60000C1F88430027004B962B670BC704701234F
:10E610000370F8E73C43002000E100E0FC06FFBD8A
:10E62000094B9A687AB170B910B4EFF3108172B6E1
:10E63000064A1C6814605C685460986001B962B650
:10E640005DF8044B704770473C43002000E100E058
:10E6500070B50A4C0A48626886885388016882B09F
:10E66000033300209BB2009003259B0001EB860141
:10E670000448257001F078F902B070BD9840002080
:10E6800064410020A8230020014608B50548FCF796
:10E69000A9F90022026042608260C26002614261A8
:10E6A000826108BD504100201D4B0A6800EB8000CC
:10E6B00003EB80035B6803F5805072B35388033328
:10E6C00002EB8302824217D21368013314D05388BD
:10E6D000033302EB830398420ED330B44FF6FF7539
:10E6E0009488AC420AD0148844B19468013405D0AF
:10E6F00001200A6030BC704700207047984209D959
:10E700001A6801321A4605D05C88033403EB84038F
:10E710009842E5D2002030BC704703F10802D1E7EF
:10E72000B0400020F0B5426883B01AB11F4BDC68DE
:10E73000A2421FD200270E4605460F8001970020F7
:10E7400005E0019B2A689C6894420DD0308801A99D
:10E75000FFF7AAFF0028F4D1338801339BB233803E
:10E76000002BEBD003B0F0BD114A6B6013892B81F5
:10E7700003B0F0BD1B699A42DCD812F00303D9D173
:10E780000B4C05892489A542D4D105689468A5421B
:10E79000D0D108484068824206D900F580508242B4
:10E7A00002D20B800120DDE71846DBE7A82300201A
:10E7B00098400020B04000202DE9F0419C8854B9D9
:10E7C000DFF8648017460E4605461C4698F80000A0
:10E7D00058B10123A38048F20960BDE8F08186B1F9
:10E7E0001988328891420CD0A0882146FFF75CFF3F
:10E7F00080B12368002DF2D099882A889142EED00A
:10E80000F2E708499A6809893981C7E9002300209D
:10E81000BDE8F081A388206001339BB2A380002B68
:10E82000D4D0D8E798400020B040002030B40E4C3F
:10E830000E4A638803EB830302EB8302D3685BB168
:10E840000B4B0C481968022205259A80257000237D
:10E85000012230BC01F0BCB8042551682570054880
:10E86000012230BC01F0B4B898400020B040002034
:10E8700064410020A823002008B5074B191D5888C3
:10E88000FFF712FF18B9BDE80840FFF7CFBFBDE89A
:10E890000840FFF7DDBE00BF984000202DE9F04F93
:10E8A000DFF88083DFF880A3DFF880B3DFF88093A0
:10E8B0008BB00546D8F80040002C00F08980237802
:10E8C0005A1E052A60D8DFE802F05237371C1C03B5
:10E8D000002D40F0B88099F80B2099F80030002AFC
:10E8E00000F03781013B89F80B50062B00F2A4821F
:10E8F000DFE813F034038C02AF01C401A2028F02DF
:10E900007202002D40F01C812779012F00F0558103
:10E91000C0F02C8105AE022F0595C6E90255356180
:10E9200040F09E802846023B0690042B35D8DFE855
:10E9300003F07E6A5E579300A68AA07D002D40F00A
:10E94000E080B700AD4DB91905EB8101B1F808C001
:10E950004A6802EB8C02062800F2D282DFE810F04F
:10E960001702C201D301E801FC019101B701002D9A
:10E9700040F0BB802279032A00F29580DFE812F094
:10E98000A9005A019E007300002305AEC6E90333B7
:10E9900048F20E62B36005930692994C04F110059B
:10E9A00054F8043B304603B19847A542F8D151468C
:10E9B00000255846C8F80050FCF738F80121914866
:10E9C00000F0B2FF00287FF475AF0BB0BDE8F08F08
:10E9D00051465846FCF720F80446C8F800006EE798
:10E9E000E388ADF8203004238DF81430D5E70323F5
:10E9F000E18822898DF81430E3680793ADF8201080
:10EA0000ADF82220C9E7A37D2289A088E168ADF88E
:10EA10002020A3F10603B3FA83F35B0902228DF8E9
:10EA20002430ADF8220007918DF81420B5E70123BA
:10EA30002189A2888DF81430E3680793ADF820107F
:10EA4000ADF82220A9E705AE0023B3600593C6E91F
:10EA500003334FF40643069305238DF814309CE7E7
:10EA600048F20E605FE7684E684A31686848634D57
:10EA7000002727710823009700F076FFB9F80230CD
:10EA80003468B18803EB830305EB830205F8237038
:10EA900053683360022354601181B380002894D0FE
:10EAA000D8F8004023785B4905AE00224A60059201
:10EAB000C6E90222326148F20D6034E7524A5448F6
:10EAC00011680023237102249480012200F080FF4A
:10EAD000E4E74D4B504A19684D4801232371002348
:10EAE0000093082300F040FFD8E705AE494A002311
:10EAF00053600593C6E9023333614FF4064306932E
:10EB00004BE70228E28876D9B7003C4DB81905EBEF
:10EB10008000D11CB0F808C0614401813E4405EB7F
:10EB20008605C2F57F42698905AEFD320A4400219F
:10EB30006A81B1600591C6E903114FF40640F2E61F
:10EB400005AE0022B2600592C6E903224FF40640EA
:10EB5000E9E6072B00F2C081DFE813F07701BE0180
:10EB6000BE014D01AD013E013E01A701022305AEEC
:10EB700023713046E36805930DF112010695079560
:10EB8000FFF7D0FD002800F01D810699234A8B88ED
:10EB9000E3800B8823811E4800950423BDF81240B2
:10EBA00000F0E2FE002840F0D481144B04EB840412
:10EBB00003EB84040123237407E7164B1B78002B17
:10EBC00000F0F38005AE164B32462946A01DFFF734
:10EBD000F3FD002800F0C58148F20963104A98420D
:10EBE000C2E900553DD1C6E90055C6E90255356177
:10EBF0002846237897E6014DB7008FE7B040002004
:10EC0000804000206041002064410020C47F040057
:10EC1000A823002090400020CC7F0400C07F040087
:10EC200070410020AC400020A44000205041002052
:10EC300098400020B44D2B78022B40F077810023C0
:10EC40006968B24A0093B2482B70082300F08CFE2A
:10EC500024E7FFF7FDFC00283FF4B7AED8F80040EA
:10EC600005AE002241F61D5123783261C6E900222B
:10EC7000C6E90222884208BF104654E6FFF7D6FDD7
:10EC8000E9E7A44BA44A1B8803934FF0060C00232A
:10EC9000516884F816C0A14A00939D48042300F0EF
:10ECA00063FE002800F04D81A27DE388022A48F22D
:10ECB0000D600FD83E4405EB8605C3F57F436A8996
:10ECC000D8F80040FD3313446B8105AEC9E7E388F3
:10ECD00041F61D50B91905EB8101DA1C0C8922445B
:10ECE0000A81E7E7032B0CBF052306230020A37549
:10ECF000111D0090042304F10802854800F034FE41
:10ED00000028D1D161E623698148002B14BF032379
:10ED100001234FF0000CA37502F108010423CDF884
:10ED200000C004F10C0200F01FFE0028BCD14CE62C
:10ED3000E38877484FF0010C84F816C04FF0000CC0
:10ED400002F10C019B002269CDF800C000F00CFE1E
:10ED500000283FF43AAEA7E76F4BA0690392186012
:10ED600000226C495A601846FFF7DCFC039A002821
:10ED700000F009810223A3751146042300220092AA
:10ED80006348E21800F0F0FD00288DD11DE6022353
:10ED90000020A375042311460090E2185C4800F09F
:10EDA000E3FD00283FF411AE7EE75D4B0595C3E916
:10EDB000005505AE237848F20160C6E90155C6E961
:10EDC0000355B0E548F209600023C6E90033C6E9FF
:10EDD000023333612378A6E5524B534A19684C48F5
:10EDE000002300930724C9F80430082389F8004061
:10EDF00000F0BAFD2FE74B4AD9F8041093884988F0
:10EE000003330B440221938089F80010FFF734FD8F
:10EE100021E7B9F802203C4D9300134405EB83052C
:10EE200000236968394A009306240823384889F882
:10EE3000004000F099FD0EE705AE0023B360059396
:10EE4000C6E9033348F20E6305E62F4DB9F80820F2
:10EE50002B780132B3FA83F300215B09A9F808206B
:10EE6000012289F80A30A9F8021089F80B1089F8F4
:10EE700000204BB1244DEB68002289F80A201BB911
:10EE80002A7C002A40F0898005AED8F80040002096
:10EE9000706089F80000A9F80200C9F80400059024
:10EEA000C6E90200306123783DE5012389F800308E
:10EEB00099F80A30DDE7B9F80220134D194893009C
:10EEC000991805EB810104684F6886884C6002241C
:10EED00007600E818480A0E7013B062BACD801A21D
:10EEE00052F823F05DEF03000DEE030053EC030036
:10EEF0007DEC030039EE030013EE0300D9ED0300AF
:10EF0000E38848F20E60E5E6B0400020C47F0400CC
:10EF1000A82300200643002074400020C07F040086
:10EF20007041002064410020CC7F04001D4A05AEE2
:10EF300001231370002353600593C6E90233336144
:10EF4000DDE5039B03EB830B05EB8B0501232B74A2
:10EF50003BE5D8F8004048F20D6035E799F80A30F3
:10EF600087E7114C00950699104A1148A48804239C
:10EF700000F0FAFC0028ECD10E4B04EB840403EB08
:10EF80008404277421E505AE0590C6E90100C6E9B1
:10EF90000300237848F20960C5E4A9F80230FFF7BE
:10EFA0006BFC58E69040002070410020C07F0400B8
:10EFB000A8230020B04000204068FFF76FBC00BFCE
:10EFC00008B50121044800F097FC00B108BDBDE878
:10EFD0000840FFF763BC00BF604100202DE9F04707
:10EFE0004E4C247882B0002C4FD0002969D00D8877
:10EFF0004FF6FF74A54243D04C88002C40D04C689B
:10F00000A40763D1002A45D0B2F800905788804603
:10F0100001A81E460C46FFF737FB054600285DD0C9
:10F02000636803614FF0000A0670A0F8149080F83E
:10F0300016A001213A4800F06BFC22886388AB805F
:10F04000032EE8602A81EF8058D0A5F80AA001A914
:10F050003448FBF7D1FCB8F1000F0BD0324AEB6813
:10F060001289C8F800300023A8F80820C8F8043036
:10F0700088F80A30FFF7A4FF002002B0BDE8F0874F
:10F0800048F2036002B0BDE8F08748F2016002B0C8
:10F09000BDE8F0870F89FA1C92B240F2FE34A2421A
:10F0A00019D8224D2E78B6BBB5F80AC02C89644415
:10F0B0001444A4B2B4F5806F2DD862446A81B1467D
:10F0C000A5E748F2046002B0BDE8F08748F20260AC
:10F0D00002B0BDE8F08748F20860D3E7134B09EBB4
:10F0E000890903EB8909C7F57F47B9F80A30FD376D
:10F0F0001F44A9F80A7048F20760C3E7D8F8003047
:10F10000AB610422AA750DEB0201A5F80AA005481F
:10F11000FBF772FCA2E748F20660B3E790400020DC
:10F12000A84000205041002098400020B04000201E
:10F130008368F0B501334FF002040C8015D01B4FEB
:10F1400000F580554FF6FF7608304FF0010CB0F80F
:10F1500002E00EF1030400EB8404A54206D20AB1DA
:10F16000012313704FF480630B80F0BD8388B3429A
:10F1700016D00388A3B183685C1C11D03C689C4204
:10F1800000D23B600B88033373440B804388033306
:10F1900000EB83008542E8D903680133D7D1F0BD85
:10F1A000002AEFD082F800C0ECE700BFA8400020A2
:10F1B00038B5094B1A68042A0AD01D68074C024664
:10F1C0000121184644F8252000F0A2FB002038BD9C
:10F1D00048F20B6038BD00BF6C4100208040002029
:10F1E0002DE9F04F9B4C89B022780023CDE9033301
:10F1F000CDE90533079372B1974C04F1100554F82B
:10F20000043B03A803B19847A542F8D1002528463E
:10F2100009B0BDE8F08F201D02F0FF0600F090FB62
:10F2200007460028F2D140F6F8731B685D1C00F019
:10F230009D804FF0805211695269DFF848828749FA
:10F24000C8F810304046A3F500530022C8F80C302F
:10F2500000F082FB05460028D9D11C238C2280496E
:10F260008048FBF785FBA9464FF0020BAA46D8F869
:10F270000C3019EB030C59F803204CD07A4B9A420E
:10F2800000F0828001324BD078480AEB8A0300EB11
:10F29000830203210BF1FF3B0AF1010A00F823105E
:10F2A0001FFA8BFB1FFA8AFAC2F804C009F58059CD
:10F2B000B9F5005FDBD1BBF1010F62D9FFB2022FBC
:10F2C0005FD0062F00F09180002F5AD002A8FFF7E0
:10F2D000DBF9002800F0BA800123013F03700A2FF8
:10F2E00009D8DFE807F0120812080F080F08150602
:10F2F00015000223037102A95A48FBF77DFBFFF7B3
:10F300005FFE84E701230371F5E700230371F2E751
:10F3100003230371EFE7531C02D0534B9A42B3D13E
:10F320000CF104030CF580511A68013203F1040357
:10F33000AAD19942F8D14E4B1A68002A7ED04B4A86
:10F34000DFF838E10AEB8A0302EB83011046022260
:10F35000C1F804C00A8100F823200AF10101AEF8C7
:10F3600002A01FFA81FA47F001079FE7414B4FF0D7
:10F3700080521B6811695269581C08BF02FB01F3D7
:10F380005BE748F20A6542E7DCF804303A498B4211
:10F390003AD001318B42BED1002E55D0374A344B82
:10F3A000A2F802A0314A196801910AEB8A0E02EB19
:10F3B0008E010846022102F82E1002460AF1010AC7
:10F3C0000198506011811FFA8AFA604600222C4988
:10F3D000C3F800C00193FFF7ABFE019B9B88022B93
:10F3E00014BF082304231F4360E71B4D01220023A1
:10F3F000227005F11006636055F8043B03A803B1C1
:10F400009847B542F8D101E70AEB8A021748930002
:10F41000002100F822100146184403F110020833BD
:10F420000A44C0F804C0194460460AF1010AFFF713
:10F430007FFE47F002071FFA8AFA37E70222C3F875
:10F4400000C09A8001268EE7094BBEE748F20765A7
:10F45000DDE600BF9040002080400020E07F0400F7
:10F46000C440002050410020DEC0ADDEB04000208E
:10F470006441002014100010FE011EF1984000208D
:10F4800068410020A823002010B309B370B582B0F2
:10F490000C460DF106010546FFF744F9A0B1BDF891
:10F4A00006000D4B6E6800EB800003EB800001212D
:10F4B0000C3000F02DFA6B6826600C33012200201E
:10F4C0006360AA7202B070BD48F2096002B070BDFC
:10F4D00048F20460704700BFB0400020F0B110B5A2
:10F4E00082B00DF106010446FFF71CF990B1BDF89A
:10F4F00006300E4A03EB830302EB8303DA6882B122
:10F50000A27A72B1DA680021013A0846DA60A17283
:10F5100002B010BD48F2096002B010BD48F20460AC
:10F52000704748F2056002B010BD00BFB040002037
:10F5300002230022FFF752BD18B103230022FFF778
:10F540004DBD48F204607047124B1B78DBB14FF69B
:10F55000FF73984214D010B582B0044601A8FFF79B
:10F5600093F898B10522012302700371C48001A9A8
:10F570000948FBF741FAFFF723FD002002B010BD58
:10F5800048F20360704748F20160704748F2076034
:10F5900002B010BD9040002050410020114B1B785C
:10F5A000A3B100B583B001A8FFF76EF8A0B10623A0
:10F5B000037001A90C48FBF71FFA0C4B1A7842B9EB
:10F5C000FFF7FEFC002003B05DF804FB48F2016089
:10F5D00070470122DA72F3E748F2076003B05DF882
:10F5E00004FB00BF904000205041002098400020C4
:10F5F00010B50C4C82B0ADF806002078ADF80410C0
:10F6000060B13AB133B101A90DF10600FFF7D4F8AA
:10F6100002B010BD48F2046002B010BD48F20160B3
:10F6200002B010BD9040002000B50E4B83B01B7897
:10F63000ADF8060083B151B14AB1134600200A4625
:10F640000DF10601FFF7B8F803B05DF804FB48F2CE
:10F65000046003B05DF804FB48F2016003B05DF89C
:10F6600004FB00BF9040002000B50E4B83B01B7818
:10F67000ADF8060083B151B14AB113460DF1060051
:10F680000A460021FFF798F803B05DF804FB48F242
:10F69000046003B05DF804FB48F2016003B05DF85C
:10F6A00004FB00BF9040002020B119B103680B603B
:10F6B0000020704748F20460704700BF3F4B1B7842
:10F6C000002B6ED000286FD0F0B43D490025C0F863
:10F6D0000250C0F80650C0F80A504E890B894C6899
:10F6E000C0F80E50334402229BB202801CB1354A4E
:10F6F000256895425BD001220280CD68028941884D
:10F70000478932440D4486890281C3F5806189B2FC
:10F71000A26845808E423B4438BF818101324381DB
:10F7200004F5805104F108032BD06289033203EB06
:10F73000820291421BD34FF6FF759A88AA4223D0CA
:10F740001A880AB39A6801321ED0828801328280F8
:10F750005A88033203EB8203994212D91A680132A4
:10F760000FD05A88033203EB82029142E5D2C4895A
:10F77000C288CB1A04EBA30301320121C381C280EA
:10F7800001740020F0BC7047C488C2890134C48071
:10F790005C8803322244C2815A88033203EB82031D
:10F7A000DAE748F20160704748F204607047656824
:10F7B000054A2A44012AA0D99DE700BF90400020B5
:10F7C000B0400020DEC0ADDE02FEE10E01F01F02FF
:10F7D0004B09012100EB8300914000F075B800BF98
:10F7E00010B5012301F01F04490900EB810003FA61
:10F7F00004F100F05DF8E04000F0010010BD00BF32
:10F8000001F01F0201234909934000EB8100D94315
:10F8100000F066B84B0901F01F0150F82300C84002
:10F8200000F00100704700BF2DE9F84301F1FF38F7
:10F830004FEA581300F104080F46064608EB830808
:10F840000446002523686FEA030999FAA9F9B9FA71
:10F8500089F9B9F1200F18D0A9444F450CD814E00C
:10F860002368DB4393FAA3F3B3FA83F3202B05EB6E
:10F8700003090AD04F4508D949463046FFF7B0FF83
:10F880000028EDD14846BDE8F8830434444505F12D
:10F890002005D7D1B9464846BDE8F88350E8002F87
:10F8A0000B4640E8003C9CF0000FF7D11046704733
:10F8B00050E8002F42EA010340E8003C9CF0000FB2
:10F8C000F6D11046704700BF50E8003F43EA0102FE
:10F8D00040E8002C9CF0000FF6D11046704700BFA6
:10F8E00050E8003F03EA010240E8002C9CF0000FC2
:10F8F000F6D11046704700BF50E8002F02EB01031D
:10F9000040E8003C9CF0000FF6D11046704700BF65
:10F9100050E8003F03EB010240E8002C9CF0000F90
:10F92000F6D11046704700BF50E8003FA3EB01023C
:10F9300040E8002C9CF0000FF6D11046704700BF45
:10F94000012350E800CF4CEA030240E8002191F087
:10F95000000FF6D16046704720B119B101600B6805
:10F96000114618470E20704750B32DE9F0414AB3B5
:10F97000D0F800E0BEF1000F27D01D4673B14768F4
:10F98000D7F80480B3FBF8F708FB173737B942EA1A
:10F990000104A40705D01020BDE8F0810920BDE8CE
:10F9A000F081C468A142F6D301F1FF3C04696544CB
:10F9B000A542F0D8DEF80C40A446BDE8F04160470F
:10F9C0000E2070470E20BDE8F0810820BDE8F081D0
:10F9D00000B3D0F800C0F0B5BCF1000F1CD0AAB144
:10F9E0004768D7F800E00EF1FF370F4210D1C76823
:10F9F000B9420DD34D1E04690EFB0255A54207D82E
:10FA0000DCF81040A446BDE8F04060470920F0BD96
:10FA10001020F0BD0E2070470820F0BD29DF704790
:10FA200028DF704703689A6832B330B50479856877
:10FA300087B00023019102930093CDE9033305952C
:10FA40006CB1012C07D1C368416904911B030221E9
:10FA500002938DF800106846904707B030BDD0E99A
:10FA600003144369049301258DF80050CDE9024148
:10FA70006846904707B030BD704700BF08467047E2
:10FA800000207047024B187A003018BF01207047E1
:10FA900014420020034B187A0122B0FA80F05A7405
:10FAA000400970471442002008B510461A4605F078
:10FAB000E5F9002008BD00BF10B5064B064800243C
:10FAC000C3E90044C3E902441C61FAF769FF204618
:10FAD00010BD00BF144200200442002010B5094CA4
:10FAE000094B43602046FFF72BFF40B9FEF7FCF8B7
:10FAF0001C2320748C2205490548FAF739FF0020A1
:10FB000010BD00BF14420020D47F040078410020C3
:10FB10000442002038B5254C237AFBB1244B1B68E6
:10FB20001A790221217222B3012A0AD1D3E90302F0
:10FB30001044FFF775FF80B3112802D1012323720F
:10FB400038BD18460321FFF76DFF00232372636061
:10FB500018491948BDE83840FAF768BF15491648F2
:10FB6000FAF75AFF124A034610600028D8D16060A5
:10FB700038BDD3E90525521BB2F5805F28BF4FF48D
:10FB80008052D3E903109208012A38BF0122294488
:10FB90002844FFF743FF0028CED1237C002BCFD190
:10FBA0000220BDE8384000F009B800BF1442002030
:10FBB0002C420020284200200442002010B5234C93
:10FBC000237AA3B1022B08D1022811D0032804D133
:10FBD000E3680133082B1CD8E360637C1BB1BDE8EC
:10FBE0001040FEF771B8BDE81040FFF793BF10BD9D
:10FBF000174B186803790022E260D3B1012BECD1D6
:10FC0000D0E90432013393420361E6D1002121722D
:10FC100005E00F4A00231068E36023720D21FFF70F
:10FC200001FF0C490C48FAF701FF637C002BD6D189
:10FC3000D9E7D0E90523D11AB1F5805F94BF5B18ED
:10FC400003F580539A428361C7D1DFE71442002055
:10FC50002C4200202842002004420020831E012B59
:10FC600000D97047FFF7AABF00F0FD03012B00D0B9
:10FC70007047A0F10100044BB0FA80F04009002267
:10FC800018745A74FFF746BF1442002010B5064C92
:10FC9000201DFFF755FE08B9637C03B110BDBDE818
:10FCA0001040FFF737BF00BF144200202DE9F0439A
:10FCB00083B081460D46114801A917469846FAF7C8
:10FCC00091FEB0B1002401232D0B446001A9037102
:10FCD00004618461C560C0F80090C0F80880476185
:10FCE0000648FAF789FEFFF7D1FF204603B0BDE8CA
:10FCF000F083042003B0BDE8F08300BF044200207D
:10FD00002DE9F04182B080460F46104801A9164601
:10FD10001D46FAF767FEA0B10024089B836044608B
:10FD2000C0F80080C0E90367456101A984610471DE
:10FD30000648FAF761FEFFF7A9FF204602B0BDE8CA
:10FD4000F081042002B0BDE8F08100BF0442002031
:10FD500013DF704740F6F8731868421C01D0FFF7B4
:10FD6000F7BF034B1868431CF9D10420704700BF4C
:10FD7000141000100148FFF7EBBF00BF00C00100E6
:10FD8000A0DF7047A1DF7047ADDF7047B3DF70477A
:10FD9000B4DF704710B50446408800F07BFDA080BA
:10FDA0002046BDE81040FCF74BBD00BF70B54FF6D4
:10FDB000FF728AB000249042CDE90044CDE90244AC
:10FDC0000494ADF8020001D10AB070BD054600F000
:10FDD00027FC0B28064629D00FD911280BD043F257
:10FDE0000203984212D12246144B28461978FBF799
:10FDF0003DFC0AB070BD0122F6E738B90E23684613
:10FE00008DF80030FFF7C6FF3246EDE700240723E8
:10FE100005A8CDE905440796ADF81650CDE908448C
:10FE20008DF81430FFF7B6FF2246DDE70F23684652
:10FE30008DF80030FFF7AEFF2246D5E730430020B3
:10FE4000FFF7B4BF2DE9F0474A4E88B03178054638
:10FE5000FBF7F0FB10B108B0BDE8F0870446284678
:10FE600000F044FC082839D017D8002863D00628B1
:10FE70001DD1284600F00EFD00F054FC00273E4B3B
:10FE80003A4619782846FBF7F1FB22463178284696
:10FE9000FBF7ECFB08B0BDE8F08743F202039842A1
:10FEA00015D043F20143984213D011280FD00023FC
:10FEB000CDE903330590CDE9063303A80723ADF858
:10FEC0000E508DF80C300127FFF764FFD7E70127AC
:10FED000D5E72846FFF76AFF0127D0E70DF10600B6
:10FEE000FFF754FFBDF80630012BC2D92746012386
:10FEF0000DF108084FF0020942F6021A07E05245D8
:10FF000029D00133BDF806209BB29A42B1D94146AF
:10FF100000221846CDE90398FFF73AFF42F6052183
:10FF20000028A6D1BDF80820002FE8D1571AB7FA4B
:10FF300087F77F09E5E7CDE90344CDE90544079458
:10FF40001023012403A8ADF80E508DF80C3027467D
:10FF5000FFF720FF93E7194603AA01AB2846049355
:10FF6000FFF712FF002884D1BDF80430002B80D0A9
:10FF700085E700BF334300203243002010B582B034
:10FF8000044600F087FC00236A460921FBF7D0FEF7
:10FF9000052801D002B010BD034B2046197801227C
:10FFA000FBF764FB02B010BD2E43002030B50E4BB2
:10FFB00083B002AA1B6842F8043D42F6A62400253D
:10FFC00001236946ADF80250ADF800408DF80230CB
:10FFD0000446FFF7D5FE28B904491A462046097899
:10FFE000FBF744FB03B030BD008004002D4300202C
:10FFF00030B5012187B005462648FFF74FFCBFF317
:020000040004F6
:100000005F8F08B107B030BD0446284600F0BAFA49
:10001000112803461BD012D986282ED043F20202A3
:1000200090421BD11C4B224628461978FBF71EFB39
:10003000BFF35F8F174B00221A6007B030BD68B95D
:100040001549024609782846FBF710FBDAE7124B00
:10005000284619780122FBF709FBE9E70024CDE9DE
:1000600004440722CDE9014401A80393ADF80650EA
:100070008DF80420FFF78EFED4E70623CDE9014476
:1000800001A8ADF80650CDE9034405948DF804307D
:10009000F0E700BF304200203143002038B503783C
:1000A00003B138BD04464088FFF780FE65882846C6
:1000B00000F006FB28B10C4B284619780122FBF70B
:1000C000D5FA6088FFF75AFF084B094918780022D3
:1000D000FBF7F6FA02460028E3D1064B06491878EA
:1000E000BDE83840FBF7ECBA324300203143002032
:1000F000F1FF03002E430020ADFF0300F0B50378AD
:10010000082B83B00ED0294C207829490022FBF718
:10011000D7FA024620B9274B27491878FBF7D0FABF
:1001200003B0F0BD437A0446002BECD1057A072DCD
:1001300022D0082D31D0012DE5D16A46294680888C
:10014000FCF790F806460028DDD1019B1B78002BB8
:10015000D9D0A08800F010FC4FF6FF739842D2D09F
:10016000164F124C39782A46FBF780FA3246387817
:100170001349FBF7A5FAC7E780880C4C00F0FCFB9D
:100180004FF6FF7398420546BED001222178FBF757
:100190006DFA2846FFF7F2FEB6E70A4A1168012910
:1001A000B1D1BFF35F8F014C1360ADE73143002045
:1001B000F1FF03002E430020ADFF03003243002077
:1001C00045FE0300304200202DE9F843FBF728FAF2
:1001D0001E4C1F4D2070FBF723FA2870FBF720FA06
:1001E0001C4E1D4F3070FBF71BFA3870FBF718FAE6
:1001F000DFF87080DFF8709088F80000FBF710FAE5
:1002000089F80000FBF70CFA2378144A182B1070B9
:1002100019D02B78182B16D03378182B13D03B78A5
:10022000182B10D098F80030182B0CD099F800300B
:10023000182B08D0182806D0094B00201860BFF3EF
:100240005F8FBDE8F8830320BDE8F88331430020C9
:100250003043002032430020334300202F4300204E
:10026000304200202E4300202D43002070B5114B5A
:1002700082B0002422460D4601261978CDF80240AE
:100280000923ADF800608DF802300646ADF806404F
:10029000FBF7ECF9084B09493046A54208BF19465F
:1002A000019100F0F7FA22466946FBF7B1FD02B072
:1002B00070BD00BF2E4300200480040008800400AD
:1002C00070B503888588353B86B004461F2B23D83C
:1002D000DFE803F0521022222222222222222222AE
:1002E00022222222222222222222222222222267A9
:1002F00022862230494E28463178FBF79BF958B1C7
:10030000317800222846FBF7B1F9E18800296CD04A
:1003100000212846FFF7AAFF414C424B424918787A
:100320000022FBF7CDF9207840490022FBF7C8F9FD
:1003300006B070BD002611232846CDE90166CDE93F
:1003400003668DF80430ADF80650059600F0A2FA69
:10035000ADF8080000F0E6F9354B314C197832461B
:100360002846FBF783F9284632462178FBF77EF9C9
:1003700001A8FFF70FFDD0E72E4E28463178FBF796
:1003800059F90028C8D0002231782846FBF76EF9C9
:10039000E288002A31D028460021FFF767FF204C71
:1003A000BBE7037B012BB7D1827A012AB4D1018943
:1003B00042F602139942AFD11F4C28462178FBF731
:1003C00055F9002220781D49FBF77AF902460028EA
:1003D000A2D11B4B1B491878114CFBF771F99CE714
:1003E0002846FFF7E3FC0E4C97E7E389012B90D1F9
:1003F000217C003118BF01218BE7A389012BCAD1D1
:10040000E1892846FFF7BEFC0028C4D1034A044C0A
:10041000117828461A46FBF729F97EE72F4300207A
:10042000324300203043002041FE030045FE03001C
:10043000334300202D43002031430020F1FF03000F
:100440002E430020ADFF03002DE9F0418CB000F0F9
:1004500029F901A8FBF7C4F8019EDFF85480DEB14A
:1004600000244FF6FF7703E00134A4B2B44213D264
:100470000CAB03EB440333F8285C284600F00AFA7F
:10048000B842F1D101342846012298F80010A4B2F4
:10049000FBF7ECF8B442EBD398F8000003490022D4
:1004A0000CB0BDE8F041FBF70BB900BF45FE0300FF
:1004B00032430020AFDF7047B1DF7047B2DF7047D3
:1004C000B3DF704710B50446808800F055FA6080AD
:1004D0002046BDE81040FCF7C7B900BF70B51D4B02
:1004E0001D4C93E80300238888B04FF6FF7501AEDA
:1004F000AB4286E8030007D122E02088FBF7E2FC4C
:10050000A842034620801BD0184600223146FBF744
:100510007FFC03460028F0D0002221880792112892
:10052000CDE90322CDE90522ADF8101008D0862BC5
:1005300003A807D0072205938DF80C20FFF7C2FF10
:1005400008B070BD06238DF80C30FFF7BBFF08B074
:1005500070BD00BF0C80040008430020044B1A88C3
:100560004FF6FF739A4201D0FFF7B8BF704700BF44
:1005700008430020024B4FF6FF721A80002070479C
:10058000084300202DE9F04182B0074600F082F9CF
:100590004FF6FF7398423CD0064601244FF0030803
:1005A0006B46224608213046FBF760FE03230546D2
:1005B000F0B9019A3846911D42F8048BFFF77EFF8F
:1005C000013403460821D8B10C28304603D1A4B227
:1005D000FBF7B4FEE4E70821052B18BF1D46FBF727
:1005E000ADFE002818BF0325284602B0BDE8F08103
:1005F000072814BF05460C25284602B0BDE8F08147
:1006000032463046FBF7A4FE0546284602B0BDE858
:10061000F08143F20205284602B0BDE8F08100BF38
:100620002DE9F04182B0074600F034F94FF6FF7330
:10063000984227D10026354603244FF0010823466F
:10064000324629463846FFF737FF04280AD00828E3
:100650000AD00B280AD0B8F1000F08BF0B2002B057
:10066000BDE8F0811120F6E70020F4E714F0020461
:1006700006D195B12646254603244FF00008DEE753
:100680000124FAE76A460821FBF7ECFD0028D1D1E6
:10069000019DAE882C680635CFE7002EDFD02E46B0
:1006A0000324EAE708B54FF6FF70FBF70BFC034B9A
:1006B0001880BDE80840FFF711BF00BF08430020C5
:1006C00000B585B00DF10703039300F0E3F802AA2B
:1006D0000121FBF7C7FD20B9039B187805B05DF831
:1006E00004FB002005B05DF804FB00BF38B50C4BDF
:1006F00004461846FFF7E4FE78B9198843F203056B
:100700004FF6FF722046FFF7D5FEA84200D038BD55
:100710001988013189B21980F2E7032038BD00BF82
:100720000A43002010B5074B044693E8030082B04B
:100730006B4683E80300002219462046FBF768FB5E
:1007400002B010BD1480040046DF7047F8B50C4DB0
:100750000746002401E0142C0ED02B88BB42A6B221
:1007600005F10A0504F10104F5D13046FAF7A2FEBD
:100770000028F0D03046F8BD4FF6FF763046F8BD81
:100780003442002090B191B108B50A780378534003
:1007900013F0FE0F08D101310622013004F05FFB97
:1007A000B0FA80F0400908BD002008BD7047084637
:1007B000704700BF2DE9F0414C1C0E46054621460E
:1007C0000130102205F1110706F1110804F047FB72
:1007D00008BB2B4605F1100101E08B421BD013F83A
:1007E000012F002AF9D073784BB9214606F1100287
:1007F00001E091420FD011F8013F002BF9D04146A2
:100800003846FFF7BFFF6B7C03F0FE03042B1ED1BD
:100810000120BDE8F08141463846FFF7B3FF6B7C0D
:1008200003F0FE03042B0FD00022062B09D0737CAB
:1008300003F0FE03042B04D0062B08BF1046BDE8CE
:10084000F0811046BDE8F0810020BDE8F081012272
:10085000EBE700BF70B584B006460D46FBF7A2FA81
:1008600002AA0DF106010720FBF7A4FA60B1BDF85A
:100870000640AC423046F3D00399FFF79BFF0028B7
:10088000EED0204604B070BD4FF6FF74204604B091
:1008900070BD00BF13280DD810B50446FAF70AFE44
:1008A00028B104EB8403054A32F8130010BD4FF65B
:1008B000FF7010BD4FF6FF70704700BF344200203C
:1008C000132816D838B504460D46FAF7F3FD68B17B
:1008D000094A04EB840302EB4303002053F8022F80
:1008E0002A609A889B79AB71AA8038BD43F20200D6
:1008F00038BD43F2020070473442002038B5058805
:100900004DB9821C00F10A0412F8013B1BB9944254
:10091000FAD1002038BD0B88AB42FAD1023108224F
:10092000023004F09CFAB0FA80F0400938BD00BFF4
:1009300030B585B00546FBF735FA0CE0039C284638
:1009400004F14601FFF7DAFF04F12A0178B92846DD
:10095000FFF7D4FF58B902AA0DF106010720FBF7F3
:1009600029FA0028EAD14FF6FF7005B030BDBDF876
:10097000060005B030BD00BF4FF6FF73984201D0AE
:10098000FFF7E4BE704700BF132804D800EB8000D7
:10099000014B23F8101070473442002070B54FF619
:1009A000FF75A84203D1BDE87040FBF71BBC0446AD
:1009B000FFF7CCFE06462046FBF714FC30B9132E99
:1009C00004D806EB8606024B23F8165070BD00BF14
:1009D0003442002030B58DB010300DF1FF330DF1F1
:1009E0000F0510F8014D03F8014FAB42F9D1002378
:1009F0000D784C78897806936846CDE904338DF8F4
:100A00001C308DF81D108DF81F508DF81E40FFF71B
:100A10009BFE9DF82F009DF82E109DF82D30107034
:100A2000517093700DB030BD30B5034685B030F8CD
:100A3000015F33F8042F84789B78ADF80C200846CA
:100A400002AA03A98DF80E30ADF804508DF80640C7
:100A5000FFF7C0FFBDF80420BDF808309A4204D06B
:100A6000012080F0010005B030BD9DF806209DF802
:100A70000A309A42F4D1002080F0010005B030BD68
:100A80000388102B00D07047F0B5041D0FCC91B037
:100A900006AD0FC50FCC0FC59DF81C3094E80300C0
:100AA00003F0FE03062B85E8030014D1BDF81830CF
:100AB0004849079803EB83035B004FF6FF74CC5261
:100AC000CA18BDF820409DF822101172C2F8020029
:100AD000D48011B0F0BDFBF765F99DF81C305B08C0
:100AE000012B25D9022BE1D107AE01AC0DF1020596
:100AF00005E09DF81C3003F0FE03042B5DD0224678
:100B000029460720FBF756F90028F2D1BDF8183026
:100B1000304A0798B488B17903EB83035B004FF642
:100B2000FF75D5521344C3F80200DC801972D0E778
:100B300001AC0DF10205224629460720FBF73AF9E0
:100B4000002844D0029911F1110FF4D04E7C9DF889
:100B50001C30734013F0FE0F4FF0060201F112013A
:100B60000DF11D00E7D104F07AF90028E3D1BDF8BA
:100B7000021007AEBDF81820164F079802EB82034B
:100B80005B00FD18F952AB1CC5F80200B0889880D4
:100B90004FF6FF70B5799D7181429AD000232046AF
:100BA000ADF80620ADF808108DF80430FBF75EFEB6
:100BB0002046FFF773FA11B0F0BD029930460131BB
:100BC000FFF732FF00289AD0BDF80210D2E707AE37
:100BD0009CE700BF344200202DE9F84FDDF8289053
:100BE0004A45904638BFC846B8F1000F1BD09B4617
:100BF0008A4605461746002406E0A14588BF0BF843
:100C00000400013444450ED02B68A74288BF1AF86F
:100C100004101E6998BF00212846B0470028ECDA6E
:100C20000248BDE8F88F0020BDE8F88F0AFCFFFFFE
:100C300030B583B00468069D00956469A047044AF6
:100C40000446DDE90701EFF7C9FC204603B030BDDB
:100C50005509030082B070B50C4684B0054649685A
:100C6000206802AC03C4039908AC481084E80C0067
:100C7000CB0745BF2A58029B029CD4580AAB2E18BA
:100C800093E803008DE8030008AB0CCB3046A04787
:100C900004B0BDE8704002B0704700BF82B0D0B56C
:100CA0000699C16000F1100400260027C0E908671A
:100CB00004A9204681E80C00EFF732FF2046BDE88A
:100CC000D04002B0EFF7E0BE82B038B5D0E90845B9
:100CD00004A981E80C0054EA050303D1BDE83840BB
:100CE00002B070470446F1F77DFED4E908238B4239
:100CF00008BF8242F2D2002304F110050020002137
:100D0000C4E90801E3602846EFF70AFF2846BDE87A
:100D1000384002B0EFF7B8BE70B5044600250A4B64
:100D2000036000F1100681602A46012130462571DA
:100D30006571EFF79FFE3046E560E56284F8285064
:100D4000EFF7A2FE204670BD2C8004002DE9F04193
:100D5000044682B00E46154610309846BDF82870FD
:100D6000F5F7FEF826806580182004F050F808ABEF
:100D7000054693E803006A4682E803002E4603CA4C
:100D800046F80C8B0023084AEB6047F002077360BB
:100D900068602046A780A560E360C4E90833A960C5
:100DA0006A6102B0BDE8F081550C04002DE9F04302
:100DB00085B0BDF838806BB30C9C44B30F2902D1C9
:100DC000B8F1C00F26D1064628201C460D4617460E
:100DD00004F01DF80CAB814693E803003A468DE819
:100DE00003002346CDF8088029464846FFF7AEFFAA
:100DF00033680E4A5B6893420FD14846EFF7AEFF67
:100E0000484603F0FDFF0A4805B0BDE8F0830D9C9D
:100E1000E407D3D46FF47A70F6E730464946984732
:100E20000028EAD105B0BDE8F08300BFA9FE0200AA
:100E300016FCFFFF2DE9F04390F8283089B00446F6
:100E40000D469BB1002D4FD100220023C4E9082399
:100E50000023E36004F11000EFF716FEE0682F4B6B
:100E6000002808BF184609B0BDE8F08380682C4A06
:100E700003685B6D93424CD12A4B04934FF00008FA
:100E800004AACDF81480284FC688B0F808C03B6883
:100E9000DFF89C9092E8030016F4807F4FF0C006C4
:100EA0008DE803000CBF0522042261461846029615
:100EB0002346FFF77BFF1D4B3A68CDE9063808ABA8
:100EC00013E9030023468DE8030002961046232110
:100ED00042F21072FFF76AFF99F8003063B1012304
:100EE00084F82830002DAFD0F1F77CFD421941EB9A
:100EF000E573C4E90823ABE70093232242F21073A1
:100F000042F210700021F1F77DFD012389F80030D5
:100F1000E5E703219847A068AEE700BF11FCFFFF9B
:100F2000959502009D0C0400003B0020C90C0400B4
:100F300034430020F0B52B4B81682B4ECD88B1F89F
:100F400008C0376893B00022CDE9063206AB80F8BE
:100F50002820044693E8030015F4807F4FF0100525
:100F60008DE8030014BF0422052223460295614642
:100F700008A8FFF7EBFE3B681C4D9B68AB4228D1ED
:100F800008A8EFF7EBFE1A4B04930023059304AB7C
:100F900093E80300366810238DE80300029342F2C1
:100FA00010722346232108A8FFF7D0FE33689B6800
:100FB000AB4212D108A8EFF7D1FE00210023002098
:100FC000C4E90801E36004F11000EFF7A9FD13B0D4
:100FD000F0BD384608A99847D2E7304608A9984797
:100FE000E8E700BF9D0C0400003B0020290103003E
:100FF000C90C040090F8283010B504463BB9237999
:101000001BB1236820469B689847002010BDFFF75E
:1010100091FFF4E790F82830044A10B504460260C6
:101020000BB1FFF787FF204610BD00BF2C800400E6
:1010300090F82830054A10B5044602600BB1FFF75E
:1010400079FF204603F0DCFE204610BD2C80040012
:1010500041627047406A003018BF0120704700BFEE
:101060004068704741600020704700BFF0B58B6852
:10107000CD699D42A8BF1D460C4683B0012229467A
:10108000064604F10C0701A8F5F77EFA01A93846D7
:10109000F5F7ACFA01A8F5F7A1FAE06861692A460C
:1010A000043003F0EBFE6269E3692A445D1B002D06
:1010B0006261E5612BD1236A002BC4BF03F1FF33CA
:1010C000236293B1A3692269E361002B626104DDAD
:1010D000606A03681B689847E36933B13946304654
:1010E000F5F774FA304603B0F0BD236A002BF5D152
:1010F00094F82830002BF1D004F12C00EFF7FCFC21
:1011000039463046F5F762FA304603B0F0BDDFDC11
:10111000E4E700BF38B504460C4B40F80C3B04F143
:101120002C05F5F72BFA284600220121EFF7A2FC47
:10113000002101224FF480732846E4636162C4E910
:101140000123EFF7A1FC204638BD00BF408004001A
:1011500070B5456A9DF810608DB1002A0FDD73B13E
:10116000044628682362C4E90411036884F82860EF
:10117000C4E906222846984794F8283003B970BD80
:1011800004F12C00BDE87040EFF77EBC10B582B0D2
:1011900000240094FFF7DCFF02B010BD024B18687A
:1011A000BFF35B8F704700BFFC420020024B186802
:1011B000BFF35B8F704700BF3C21002030B5214A50
:1011C00021F00043934287B01BDD1F4A934205DDA7
:1011D00002460B4602F024FF07B030BD02AADDF73D
:1011E0000FFF00F00303012B11D0022B23D0DBB142
:1011F0000124DDE90423DDE902010094DEF710FF9C
:10120000EAE700220023DEF7E3F907B030BDDDE9AD
:1012100004450093DDE9020122462B46DEF700FF7C
:1012200001F1004107B030BDDDE90423DDE9020131
:10123000DEF7CEF9D0E7DDE90423DDE90201DEF7D0
:10124000C7F9EDE7FB21E93FFFFFEF7F21F0004306
:101250001946704730B51F4A21F00043934287B0CA
:101260001CDD1D4A934205DD02460B4602F0D8FE06
:1012700007B030BD02AADDF7C3FE00F0030001286D
:10128000DDE9042312D002281CD0A0B1DDE902015F
:10129000DEF79EF901F1004107B030BD0023009355
:1012A00000220023DEF7BCFE07B030BDDDE90201FD
:1012B000DEF78EF9DCE70124DDE902010094DEF7B8
:1012C000AFFED5E70124DDE902010094DEF7A8FEB8
:1012D000E0E700BFFB21E93FFFFFEF7F30B5144A95
:1012E00021F00043934287B019DD124A934205DD95
:1012F00002460B4602F094FE07B030BD02AADDF7AD
:101300007FFE440004F00204C4F10104DDE904237B
:10131000DDE902010094DEF73BFF07B030BD012399
:10132000009300220023DEF733FF07B030BD00BF7B
:10133000FB21E93FFFFFEF7F334A21F00043934257
:10134000D0B506460F460C460DDD02460B46002082
:101350002E4903F047F9002F4FF000022B4B2EDBF4
:1013600002F060FED0BD2A4A934207DD27490020E3
:10137000002CF7DA01F100431946D0BDB3F1725FDA
:1013800020DB244A934226DDFFF760FF02460B462E
:1013900002F048FEDFF7E0F800224FF0804302F051
:1013A00041FE02460B4600204FF0804103F01AF93F
:1013B00002460B460020154902F032FED8E702F043
:1013C0002FFED0BD0022114B02F02CFE32463B46D0
:1013D00002F0DEFFD0BDFFF739FF00224FF040439F
:1013E00002F0D6FFDFF7B8F800224FF08043064640
:1013F00001F1004702F016FE02460B463046394620
:1014000003F0F0F8B4E700BFFFFFEF7F0000F03F0C
:10141000FFFF3540FFFFEF3F70B5C1F30A56A6F25C
:10142000FF33132B0A4608DC002B1BDB0F4C44FA5E
:1014300003F3002022EA030170BD332B044607DDCD
:10144000B3F5806FF8D102460B4602F0EBFD70BD9C
:101450004FF0FF33A6F2134623FA06F6114624EAAC
:10146000060070BD002002F0004170BDFFFF0F00BC
:1014700000B585B0234A0190019B23F000439342BD
:101480001DDDB3F1FF4F08DBDDED017A77EEE77A82
:1014900017EE900A05B05DF804FB02A901F06EFC9E
:1014A00000F00302012A14D0022A22D0D2B1012274
:1014B0000399029802F084F907EE900AE8E7002108
:1014C00001F0B4FD07EE900A17EE900A05B05DF842
:1014D00004FB0399029802F073F907EE900AF1EE0B
:1014E000677AD5E70399029801F0A0FD07EE900A0C
:1014F000CEE70399029801F099FD07EE900AF1EE0C
:10150000677AC5E7D80F493F00B585B0244A0190F6
:10151000019B23F0004393421EDDB3F1FF4F08DB34
:10152000DDED017A77EEE77A17EE900A05B05DF807
:1015300004FB02A901F022FC00F00300012816D0F0
:10154000022823D0D0B10399029801F06FFD07EE75
:10155000900AF1EE677AE7E70022002102F030F905
:1015600007EE900A17EE900A05B05DF804FB0399A8
:10157000029801F05BFD07EE900AD5E7012203997E
:10158000029802F01DF907EE900ACDE701220399B7
:10159000029802F015F907EE900AF1EE677AC3E7B8
:1015A000D80F493F2DE9F043DFF898808BB004460F
:1015B0000D46DCF71DFA98F90030013306460F4658
:1015C0002BD022462B462046294603F07BF9814644
:1015D00018BB20462946FFF739FE0022164B03F0C0
:1015E00067F9D0B1154B164801930122CDF8209030
:1015F0000092CDE90445CDE9024502F037F998F9AA
:101600000030022BCDE906010CD0684602F02CF91F
:1016100040B1089B5BB9DDE90667304639460BB03F
:10162000BDE8F08302F074FC21230360F1E702F0CF
:101630006FFC089B0360EEE70000F03F6080040051
:101640000C6A04007E2300202DE9F0438BB0044691
:101650000D46DCF721FC244B93F90080B8F1FF3FE5
:1016600006460F460ED022462B462046294603F05A
:1016700029F9814630B900221C4B2046294603F047
:10168000F9F820B9304639460BB0BDE8F0830022A6
:10169000002301210091164ECDF8209010461946E6
:1016A000CDE90445CDE90245019602F09BFFB8F172
:1016B000020FCDE906010CD0684602F0D5F840B122
:1016C000089B5BB9DDE90667304639460BB0BDE8DB
:1016D000F08302F01DFC21230360F1E702F018FC07
:1016E000089B0360EEE700BF7E2300200000F03F70
:1016F000688004002DE9F043DFF898808BB0044641
:101700000D46DCF755FC98F90030013306460F46CC
:101710002BD022462B462046294603F0D3F881469B
:1017200018BB20462946FFF791FD0022164B03F017
:10173000BFF8D0B1154B164801930122CDF8209087
:101740000092CDE90445CDE9024502F08FF898F901
:101750000030022BCDE906010CD0684602F084F877
:1017600040B1089B5BB9DDE90667304639460BB0EE
:10177000BDE8F08302F0CCFB21230360F1E702F027
:10178000C7FB089B0360EEE70000F03F7080040099
:101790000C6A04007E230020DCF73ABE2DE9F04FEE
:1017A000DFF8CCA08BB004460D46DCF721FF9AF998
:1017B0000030013306460F4637D022462B462046DE
:1017C000294603F07FF8834678BB20462946FFF779
:1017D0003DFD0022244B8046894603F05FF820B38C
:1017E000404649460022204B03F062F89AF9006017
:1017F00060B3CDE90445CDE9024501210022002373
:101800001A4F0091CDF820B010461946019702F00A
:10181000E9FE022ECDE906010CD0684602F024F85C
:1018200040B1089B6BB9DDE90667304639460BB01D
:10183000BDE8F08F02F06CFB21230360089B002BB6
:10184000F1D002F065FB089B0360ECE702230890EF
:101850000093064FCDE90445CDE9024520462946CF
:1018600000220023D2E700BF0000F03F7880040090
:101870007E2300202DE9F04F8BB01D4606460F4613
:10188000144600F07FFC294B93F900A0BAF1FF3F0A
:101890008046894635D022462B462046294603F00D
:1018A00011F870BB32463B463046394603F00AF821
:1018B000834630BB002200232046294602F0D0FF99
:1018C000F8B11B4BCDF820B00122CDE90267CDE97C
:1018D0000445CDE90023BAF1000F17D00022002300
:1018E0001046194602F07EFEBAF1020FCDE906015C
:1018F0000ED102F00DFB21230360089B83B9DDE9C3
:101900000689404649460BB0BDE8F08FCDE9066731
:10191000684601F0A9FF0028EBD0089B002BEED011
:1019200002F0F6FA089B0360E9E700BF7E2300207F
:101930008C8004002DE9F0438BB004460D46DDF7A2
:1019400007F9364B93F90060731C804689460DD029
:1019500022462B462046294602F0B4FF30B9002229
:1019600000232046294602F0A3FF20B14046494605
:101970000BB0BDE8F0832A4B0890CDE90245CDE9D4
:1019800004450193DEB9274F4FF0604620462946B3
:1019900000220023CDE9066702F062FF002835D05F
:1019A00002230093684601F05FFFB8B1089BD3B9EA
:1019B000DDE90689404649460BB0BDE8F0831A4B85
:1019C0000022CDE90623204629460022002302F00A
:1019D00047FF68B102239E420093E3D102F098FAD8
:1019E00022230360E2E702F093FA089B0360DFE73B
:1019F0000123022E00930BD102F08AFA2123036007
:101A00000A4801F033FFCDE90601CFE70123009337
:101A1000684601F029FF0028F2D1EDE77E2300207F
:101A200094800400FFFFEFC70000F0FF0C6A040081
:101A30002DE9F0438BB004460D46DDF755FA374BE0
:101A400093F90060731C804689460ED022462B46CF
:101A50002046294602F036FF074630B9002200230F
:101A60002046294602F010FF20B9404649460BB0F7
:101A7000BDE8F0832A4B0897CDE90245CDE904453E
:101A80000193DEB9274F4FF06046204629460022D9
:101A90000023CDE9066702F0E3FE002835D00223DB
:101AA0000093684601F0E0FEB8B1089BD3B9DDE9C8
:101AB0000689404649460BB0BDE8F0831A4B002228
:101AC000CDE90623204629460022002302F0C8FE65
:101AD00068B102239E420093E3D102F019FA222357
:101AE0000360E2E702F014FA089B0360DFE70123DA
:101AF000022E00930BD102F00BFA212303600B4856
:101B000001F0B4FECDE90601CFE70123009368465A
:101B100001F0AAFE0028F2D1EDE700BF7E230020ED
:101B200098800400FFFFEFC70000F0FF0C6A04007C
:101B30002DE9F0432B4E8BB080468946DDF784FCBF
:101B400096F90030013304460D4603D001F086FEBD
:101B5000074620B1204629460BB0BDE8F083404639
:101B6000494601F07BFE0028F4D01F4B96F9004057
:101B700008970322CDE90023CDE90489CDE9028944
:101B8000404649460022002364B902F091FE4FF01E
:101B90006042E8B1154BCDE90623684601F064FECA
:101BA00068B908E002F084FE002298B1104B022CC4
:101BB000CDE90623F1D102F0ABF922230360089BA3
:101BC00053B9DDE90645204629460BB0BDE8F08350
:101BD000084BE0E7084BEAE702F09AF9089B03603C
:101BE000EFE700BF7E230020A0800400FFFFEF4747
:101BF0000000F07FFFFFEFC70000F0FF2DE9F04F7E
:101C00008BB004460D4600F0CFFB294B93F900A0A2
:101C1000BAF1FF3F06460F4612D022462B46204619
:101C2000294602F04FFE834650B94FF000084FF0AE
:101C300000092046294642464B4602F01BFE20B9C9
:101C4000304639460BB0BDE8F08F0122194BCDF874
:101C500020B00092CDE90445CDE902450193BAF1E7
:101C6000000F17D042464B464046494602F0BAFCA8
:101C7000BAF1020FCDE906010ED102F049F9212394
:101C80000360089B73B9DDE90667304639460BB03F
:101C9000BDE8F08FCDE90689684601F0E5FD002832
:101CA000EFD1EAE702F034F9089B0360EBE700BFED
:101CB0007E230020A880040000F036BC10B52DED76
:101CC000028B8AB008EE100A00F0E8FC334B93F95F
:101CD0000040631C09D0B4EE488AF1EE10FA04D635
:101CE000B5EEC08AF1EE10FA03D90AB0BDEC028B52
:101CF00010BD2B4B019318EE100A0023089302F03D
:101D0000EFFACDE90401CDE90201CCB9254BB5EEDE
:101D1000408A4FF06042F1EE10FACDE9062334D14B
:101D200002230093684601F09FFDB0B1089BCBB938
:101D3000DDE9060102F024FE0AB0BDEC028B10BD05
:101D4000194BB5EE408A0022F1EE10FACDE90623D8
:101D50000DD102239C420093E4D102F0D9F8222352
:101D60000360E3E702F0D4F8089B0360E0E7012397
:101D7000022C00930BD102F0CBF8212303600B4817
:101D800001F074FDCDE90601D0E701230093684618
:101D900001F06AFD0028F2D1EDE700BF7E230020AC
:101DA000B0800400FFFFEFC70000F0FF0C6A0400E2
:101DB0002DE9F0432DED048BB34E8BB008EE900A65
:101DC00008EE101A00F0E0FC96F900506B1C044677
:101DD00030D0B4EE488AF1EE10FA2BD6F4EE688AD1
:101DE000F1EE10FA68D69FEDA99AF4EE498AF1EE69
:101DF00010FA25D1B4EE498AF1EE10FA40F0908045
:101E00000123A34A009318EE900A0023019208933D
:101E100002F066FACDE9020118EE100A02F060FA4B
:101E200000220023CDE90401CDE90623002D60D076
:101E30004FF07E5420460BB0BDEC048BBDE8F08320
:101E400001F0FCFD0546002800F09A8007EE904A5C
:101E5000F5EE407AF1EE10FAECD118EE900A01F0AE
:101E6000EDFD0028E6D018EE100A01F0E7FD00288D
:101E7000E0D00423864A009318EE900A00230893CA
:101E8000019202F02DFACDE9020118EE100A02F0DB
:101E900027FA96F9003000240025022BCDE9040131
:101EA000CDE9064503D0684601F0DEFC38BB02F000
:101EB0002FF82223036022E0B5EE408AF1EE10FAFB
:101EC000B8D10123724A009318EE900A00230192C0
:101ED000089302F005FACDE9020118EE100A02F0AB
:101EE000FFF96C4B0022022DCDE90401CDE9062358
:101EF0009ED0684601F0B8FC002800F08480089B62
:101F00001BB102F005F8089B0360DDE9060102F051
:101F100037FD044620460BB0BDEC048BBDE8F083D2
:101F200018EE100A01F08AFD002883D0B5EEC08AB1
:101F3000F1EE10FA7FF57EAF0123554A009318EEBB
:101F4000900A00230893019202F0CAF9CDE9020138
:101F500018EE100A02F0C4F996F90030CDE9040138
:101F6000002B55D04C490020022BCDE9060153D15E
:101F700001F0CEFF21230360089B002BC5D0C0E7F2
:101F800018EE900A01F05AFD00283FF45FAF18EEFA
:101F9000100A01F053FD00283FF458AF18EE900AE4
:101FA00002F09EF9804618EE100A894602F098F970
:101FB00007EE904AF4EE677AF1EE10FA96F90070A7
:101FC00072D6F6EE007A0322314B08950092CDE9E5
:101FD0000289CDE90401019328EE278A17BB2F4B14
:101FE000F5EEC08A4FF06042F1EE10FACDE906231B
:101FF00024D4684601F038FC0028BDD101F088FFE8
:1020000022230360B8E701F083FF2123036076E712
:1020100000220023CDE90623684601F025FC0028B4
:10202000AAD1A5E71E4BF5EEC08A0022F1EE10FA08
:10203000CDE9062315D4022FE0D0DAE718EE100A16
:1020400001F062FD07EE900AF4EE487AF1EE10FA24
:1020500016D0144B96F900704FF06042CDE906237C
:10206000E9E718EE100A01F04FFD07EE900AF4EED2
:10207000487AF1EE10FA03D0074B0022CDE906238F
:1020800096F90070D7E700BF7E2300200000000013
:10209000B88004000000F03F0000F0FFFFFFEF47B2
:1020A0000000F07FFFFFEFC701220B4B0895009265
:1020B000CDE90289CDE904010193002FA8D0C9EE32
:1020C000097A17EE900A02F00BF9022FCDE906010A
:1020D0003FF44EAFA0E700BFB880040010B52DED6F
:1020E000028B8AB008EE100A00F098FF234B93F998
:1020F0000040631C09D0B4EE488AF1EE10FA04D611
:10210000B5EEC08AF1EE10FA03D40AB0BDEC028B32
:1021100010BD01231A4A009318EE100A0023019201
:10212000089302F0DDF80022CDE90401CDE90201B7
:102130000023ACB11046194602F054FA022CCDE946
:1021400006010FD101F0E4FE21230360089B7BB957
:10215000DDE9060102F014FC0AB0BDEC028B10BDF3
:10216000CDE90623684601F07FFB0028EED1E9E7C0
:1021700001F0CEFE089B0360EAE700BF7E2300204B
:10218000C08004002DE9F04723F0004E5EEA02060D
:1021900020D07E4E21F00048B04589461ADC5642D8
:1021A00016437B4F4EEAD676BE42144612D8F0450F
:1021B0001D4694468246074601F0004612DC0FDBBE
:1021C00090420DD30ED1734BF60F03EBC603D3E948
:1021D000000105E002F0DCF802460B4602F002FACC
:1021E000BDE8F087B8F5801F3BDB4FEA2852A2F22A
:1021F000FF32BEF5801F80F28F80BEF1000F40F0ED
:102200009F80002C2346644904DD5B00002B01F114
:10221000FF31FADC614B9A4270DBC9F3130343F4DC
:1022200080135E4881425BDBC5F3130444F48014E1
:10223000501A07E052EA050321D0EB0F03EB4203EB
:102240006F0001381A1BA7EB0C05F8B1674538BFC2
:1022500002F1FF32002AEDDAFA0F02EB43037F00AE
:10226000EFE7B8F1000F5CD1BAF1000F53464A4ACC
:10227000BFDD5B00002B02F1FF32FADCB9E7454B12
:10228000F60F03EBC606D6E90001A9E7674538BF9C
:1022900002F1FF32002ABCBF3D461A4652EA05034E
:1022A000EDD03F48824208DCEB0F03EB4202824252
:1022B00001F1FF314FEA4505F6DD384B99424EDA20
:1022C0005B1A142B54DC01F21E41DD4002FA01F1CD
:1022D00042FA03F31E4341EA0502314610467FE706
:1022E000401A1F2826DC01F21E450EFA00FE24FAD1
:1022F00005F504FA00FC45EA0E0499E79F1A1F2F22
:1023000027DC02F21E4308FA07F82AFA03F30AFA56
:1023100007F743EA080384E74FEA2E51A1F2FF31A1
:1023200078E71E4A4FEAC8235B00002B02F1FF3218
:10233000FADC5EE71B4D6D1AAC404FF0000C77E7FE
:1023400016494FEACE235B00002B01F1FF31FADC86
:1023500060E7144B9B1A0AFA03F3002761E7A2F522
:102360008012164301F2FF3346EA0351284637E74D
:102370001F2B07DC01F21E4102FA01F125FA03F2DC
:102380000A43AAE7074B591A0A41A6E7FFFFEF7F66
:102390000000F07FE0570400EDFBFFFF02FCFFFFB1
:1023A000FFFF0F00E2FBFFFF5E4A8A432DE9F04189
:1023B00004460D4600F0958000290B4606468446EB
:1023C00056DD0F1500F0A580C3F31303A7F2FF3706
:1023D00043F480134FEADC72F80702EB43034FEA41
:1023E0004C0504D5ED0F05EB43034FEA8C050026A1
:1023F0007F10B44616224FF400110CEB01009842F6
:102400004FEAD5744FEA450503DC1B1A00EB010CBB
:102410000E44013A04EB43034FEA5101EDD110465B
:10242000964620244FF0004209E051D05B00013C69
:1024300003EBD5734FEA52024FEA450537D06345A7
:1024400002EB0E01F1DD002901EB020E0ADBE04692
:10245000A3EB0C03A94288BF03F1FF336D1A1044AC
:10246000C446E3E7BEF1000FF1DB0CF10108EFE732
:1024700021F00042024329D0002942D10146CA0A74
:10248000153B4905002AFAD012F4801001D044E02F
:1024900060465200D40200F1010CF9D5CCF12004C1
:1024A00001FA0CFCE1401F1A41EA02038CE72B43BE
:1024B00021D14408731003F17F53F20703F5001391
:1024C00048BF44F0004403EB07512046BDE8F081CB
:1024D000A942ABD8002901EB020EC3DB98460023CA
:1024E000BCE702460B4601F053FF22462B4601F0A3
:1024F00099FDBDE8F081411C16BF421C013654080D
:10250000D8E7024601F08CFD02460B4602F06AF85D
:10251000DCE71A4631463B46B6E78C4620244FF0AE
:10252000FF30BFE70000F07F30B583B007EE900AC0
:102530000191019B23F00042B2F1FF4F17DC20F024
:102540000041B1F1FF4F054611DCB3F17E5F3FD092
:102550009C1704F0020444EAD07481B9022C4CD0D8
:102560009FED437A032C08BFF0EE477A03E09DED20
:10257000017A77EE277A17EE900A03B030BDF2B1F8
:10258000B2F1FF4F29D0B1F1FF4F18D08A1AD215FE
:102590003C2A35DC002B36DA3C3234DADFED357A92
:1025A000012C47D0022C3CD0002CE4D0DFED326A65
:1025B0009FED327A77EEA67A77EEC77ADBE7DFED2A
:1025C000307A9FED307A002DB8BFF0EE477AD2E72F
:1025D00003B0BDE8304001F04FB9B1F1FF4F30D04A
:1025E000022C0AD0032C39D0DFED277A9FED217A17
:1025F000012C18BFF0EE477ABDE7DFED207ABAE78D
:10260000DFED1F7ACCE7019807EE100AC7EE877A54
:1026100017EE900A01F00EFA01F02EF907EE900A7B
:10262000BEE7DFED156A9FED157A77EEA67A77EEB5
:10263000677AA0E717EE903A03F1004307EE903A6D
:1026400099E7022C10D0032C0BD0DFED107A9FED10
:10265000107A012C18BFF0EE477A8CE7DFED047A90
:1026600089E7DFED0C7A86E7DFED0B7A83E700BFC1
:10267000DB0F49C0000000002EBDBB33DB0F49401B
:10268000DB0FC93FDB0FC9BF00000080DB0F49BF74
:10269000DB0F493FE4CB16C0E4CB164000B52DED6F
:1026A000028B83B00190019830F0004337D00028AE
:1026B00042DBB0F1FF4F4EDAB0F5000F56DADFED36
:1026C0002C7A9DED017A67EE277A6FF0180217EEEB
:1026D000900AC3157F3B1344DA0F134407EE903A78
:1026E000C2F17F01C0F3160040EAC150B8EEE78A9C
:1026F00001F0E6FADFED1F7ADFED1F6A9FED1F7A2A
:1027000006EE100A66EE277AE8EE267AE8EE077AF9
:1027100017EE900A03B0BDEC028B5DF804FBDFED11
:10272000186A9FED187AC6EE877A17EE900A03B002
:10273000BDEC028B5DF804FBDDED017A9FED117AB3
:1027400077EEE76AC6EE877A17EE900A03B0BDEC23
:10275000028B5DF804FBDDED017A77EEA77A17EEC8
:10276000900A03B0BDEC028B5DF804FB0022B0E7D9
:102770000000004CD95BDE3EDB27543580209A3EBA
:10278000000000CC000000002DE9F04731F00046C9
:102790002DED028B12D020F00047B7F1FF4F80469D
:1027A00006DDBDEC028B5A48BDE8F04701F0A8B940
:1027B000B6F1FF4F08DDB7F17E5FF2D14FF07E50EA
:1027C000BDEC028BBDE8F08700280C462BDB4FF0F8
:1027D0000009B6F1FF4F38D0B6F17E5F3DD0B4F1BD
:1027E000804F19D0B4F17C5F05468A4643D1B8F1D9
:1027F000000F6FDA01F01EF9B7F1FF4F01D0002F83
:102800003FD1A7F17E5757EA090369D0B9F1010F0B
:10281000D6D180F00040D3E707EE900A67EEA77AA2
:1028200017EE900ACCE7B6F1974F21DAB6F17E5F4A
:1028300008DBF315C3F1960346FA03F202FA03F339
:10284000B34256D04FF00009C6E7B7F17E5FB5D06E
:102850003BDD002C28DB0846B2E7002CB0DA07EE9F
:10286000100AF7EE007AC7EE877A17EE900AA7E70C
:102870004FF00209ADE701F0DDF8B7F1FF4F15D0D9
:10288000A7B1B7F17E5F11D04FEAD873013B59EA87
:10289000030233D0B6F19A4F40DD1E4A974200F34F
:1028A0009481002CC0F29781002089E7002C07DA80
:1028B00007EE100AF7EE007AC7EE877A17EE900A55
:1028C000B8F1000FBFF67CAF9BE7002CECDA81F08B
:1028D000004075E7BDEC028BBDE8F04700F09EBB01
:1028E00007EE900A77EEE77AC7EEA77A17EE900A1E
:1028F00066E702F00102C2F102096DE707EE905AA5
:1029000077EEE77AC7EEA77A17EE900A58E700BF8E
:102910000C6A0400F7FF7F3F0000804BB7F5000F03
:1029200080F249815FED047A07EE100A67EE277A9C
:102930006FF0170217EE907AF048F915C7F31607F3
:102940007F398742114447F07E5240F33681EC488C
:10295000874240F3B9819FEDEB5A0131A2F50002A5
:10296000F0EE453A0020F7EE006A04EE902A74EE8D
:10297000A67AB7EE007A87EE278A521042F000520C
:1029800002F58022024434EEE67ADFEDDF8A9FED25
:10299000DF2A9FEDDF0ADFEDDF0A9FEDDF1ADFEDB3
:1029A000DF1ADFEDDF2A9FEDDF3A27EE084A07EE58
:1029B000902A24EE046ADC4AA6EE282A14EE100AB5
:1029C000104005EE900AA2EE060AB1EE652A77EEF7
:1029D000E66AA2EE277AF0EE607AE0EE067A74EE0E
:1029E000E64AF0EE476AB0EE417AA7EE867AE2EE6A
:1029F000246AE7EE061A66EE886A75EE847A26EE99
:102A0000066A67EEA67AF0EE084AE6EE217AB0EEA4
:102A1000646AA5EEA56A07EE101A36EE276ADFEDA6
:102A2000C31A16EE101A114006EE101A76EE644A1A
:102A3000B8EEC77AE2EE254A77EEE47A67EE847A5A
:102A4000E6EE267AF0EE676AE5EE866A16EE901AF2
:102A5000114006EE901AE2EE066A05EE901A77EE45
:102A6000E67A67EEA27AE5EE837A77EEA37AF0EE65
:102A7000676AE5EEA16A76EE856A76EE876A16EEFB
:102A8000901A114006EE901A36EEC77A37EE457A64
:102A9000A5EEE17A77EEC77A24F47F6424F00F0480
:102AA00007EE10AA06EE104A67EE877A37EE466AFE
:102AB00007EE104AE6EE267A09F1FF3959EA0303D8
:102AC00026EE877ABFEE008A77EE876AB7EE006A55
:102AD00016EE900A18BFB0EE468A002820F0004398
:102AE00040F39480B3F1864F00F387807AD0B3F13E
:102AF0007C5F00F39780002116EE903A23F47F6309
:102B000023F00F0306EE903A9FED896ADFED895AB4
:102B10009FED893ADFED893A9FED892A9FED894A39
:102B2000DFED894A9FED895A36EEC77AF0EE002A2A
:102B300077EEC77A26EE867AA7EEA57AF7EE005AE8
:102B4000F0EE477AA6EE837A27EE076AF0EE471A90
:102B5000E6EEC31AF0EE636AE6EE026A77EEE17A19
:102B6000A6EE864AE7EE277AE4EE064AA4EE865AF7
:102B7000F0EE456AB0EE475AA6EEC65AF0EE456A48
:102B800036EEE26A27EE055AC5EE066A76EEE77A79
:102B900037EEC77A35EEC77A17EE103A03EBC1531A
:102BA000B3F5000FC0F2A28007EE903A67EE887A84
:102BB00017EE900A04E60022BEE69FED525A00206E
:102BC000F0EE453AF7EE006ACFE6614A974248DDFB
:102BD000002C7FF769AEDFED5F7A67EEA77A17EE1C
:102BE000900AEDE59FED5C6A76EEC76A37EE866A7D
:102BF000B4EEE66AF1EE10FA14DD9FED567A68EE57
:102C0000077A67EE877A17EE900AD9E5534A93421E
:102C100063DC7FF46CAF76EEC76AF4EEE76AF1EE40
:102C200010FA5ADADB154FF400027E3B42FA03F346
:102C30000344C3F3C7524A4C7F3A1441C3F316010D
:102C400023EA040306EE903AC2F1170241F40001B0
:102C500037EE667A11410028B8BF494277EE876A9D
:102C60004AE707EE100AF7EE007A77EE677A9FEDF3
:102C7000296A9FED3C7ADFED3C4ADFED3C5AB1EE2C
:102C8000675AF5EE006AA5EE266AF6EE006AE6EEF1
:102C9000676A27EEA76A66EE866A27EE667AA7EE6F
:102CA000A47AF0EE476AE7EEA56A16EE902A22F4BF
:102CB0007F6222F00F0207EE902AE5EE257A06EEFB
:102CC000902A77EE677AE7E69FED295ADFED293AF9
:102CD0004FF40010F7EE086A47E69FED277A68EE9A
:102CE000077A67EE877A17EE900A69E517EE100A01
:102CF00000F072FF07EE900A58E700BF71C41C0095
:102D0000D6B35D000000000042F1533E55326C3EE8
:102D100005A38B3EABAAAA3EB76DDB3E9A99193F3D
:102D20004F38763FA0C39D3600F0FFFF0038763F56
:102D30008CBEBF351872313F0072313F0EEADDB5EF
:102D40004CBB313355B38A38610B36BBABAA2A3E34
:102D50000700803FCAF249713CAA3833000016438D
:102D6000FFFF7F003BAAB83F70A5EC3600AAB83F32
:102D700000C0153FDCCFD1356042A20D70B5994A35
:102D800020F00044944286B06BDD974A9442064698
:102D90001CDC002824F00F04DFED947A944A07EE3F
:102DA000100A64DD944277EE677A00F0D5809FEDDB
:102DB000917A77EEC76A012077EEE67AC1ED006A74
:102DC00077EEC77AC1ED017A06B070BD8A4A9442A7
:102DD0000D4660DDB4F1FF4F80F2B480E215863A13
:102DE000A4EBC25307EE903ABDEEE77ADFED836ABB
:102DF000B8EEC77A77EEC77A8DED037A67EEA67ADA
:102E0000BDEEE77AB8EEC77A77EEC77A8DED047A31
:102E100067EEA67AF5EE407AF1EE10FACDED057A7E
:102E200040F0CC80B5EE407AF1EE10FA0CBF0123F1
:102E30000223734901910221009103A8294600F061
:102E40007FF9002E11DA95ED007AD5ED017AB1EE19
:102E5000477AF1EE677A404285ED007AC5ED017A56
:102E600003E0002208604A60002006B070BD944272
:102E700077EE277A00F08F809FED5E7A77EE876A93
:102E80004FF0FF3077EEE67AC1ED006A77EE877A91
:102E9000C1ED017AE9E700F0CDFD9FED5A6A9FEDA3
:102EA000535ADFED546A07EE100AF6EE007AE7EEA9
:102EB000067AFDEEE77AB8EEE76A17EE900AF1EED1
:102EC000465AF0EE477A1F28E5EE857A26EE267AF6
:102ED00054DD77EEC76A16EE903AE415C3F3C75394
:102EE000E31A082B54DD9FED487ADFED486AB0EE17
:102EF000675AA5EE875A77EEC57AE5EE877AD6EE61
:102F0000267A75EE676AB0EE677A16EE903AC3F3EA
:102F1000C753E41A192C53DCC5ED006AF0EE457A6C
:102F200077EEE67A002E77EEC77AC5ED017A9CDA65
:102F3000F1EE666AF1EE677AC5ED006AC5ED017AD9
:102F4000404292E707EE900A77EEE77A0020C1ED63
:102F5000017AC1ED007A88E7DFED2B6A9FED2B7ACD
:102F600077EEE67A012077EEC76A77EEE67AC1ED72
:102F7000006A77EEC77AC1ED017A76E7421E244BEC
:102F800053F8223024F0FF029A4277EEC76AA2D0AB
:102F9000C5ED006AC4E7DFED1C6A9FED1C7A77EE91
:102FA000A67A4FF0FF3077EE876A77EEE67AC1EDCA
:102FB000006A77EE877AC1ED017A56E7032338E796
:102FC000DFED146ADFED144AF0EE457AE5EEA67AFD
:102FD00035EE677AA5EEA67A96EE247A77EEC76A82
:102FE000D6E700BFD80F493FE3CB1640800FC93F5B
:102FF000D00FC93F43443537800F49430000804319
:10300000D082040084F9223F0044353708A3852E7E
:103010005082040000A3852E32318D2407EE900AE1
:10302000F1EEE77A17EE900A704700BF20F00043F8
:10303000B3F1485F06EE100A06EE901A2EDAFDEEA6
:10304000C67A17EE903A002B5FD026EE067ADFEDB7
:10305000343A9FED344ADFED344A9FED345ADFEDC8
:10306000347ADFED345AA7EE234AE7EE044AA7EE9E
:10307000245AE7EE057AE7EE275A65EE875A66EEA0
:10308000C66AB6EE006AE7EE256AF7EE007AD7EE7A
:10309000066A77EEE67A17EE900A704726EE067A11
:1030A000DFED1F3A9FED1F4ADFED1F4A9FED1F5ACC
:1030B000DFED1F7ADFED1F5A1F4AA7EE234A934226
:1030C000E4EE074AA4EE875AE5EE077AE7EE875A60
:1030D00065EE875AD3DD194A93421BDC03F17F4327
:1030E00007EE903AB7EE005A35EE675A66EEC66ABA
:1030F000B6EE006AE7EE256AD7EE067A77EEE67A54
:1031000075EE677A17EE900A7047F7EE007A17EEC1
:10311000900A7047B6EE075AF5EE027AE6E700BF6E
:103120004ED747ADF6740F317CF293B4010DD03712
:10313000610BB6BAABAA2A3D9999993E0000483F67
:103140002DE9F04F2DED048BD7B003F1FF39029339
:10315000D31E48BF131DBA4C649D0591DB1023EAB2
:10316000E37354F82560039303F10108A2EBC80848
:1031700016EB09028646A3EB090316D41A449FED09
:10318000B17A6598511C1AAA002BA4BF50F82340AD
:1031900007EE904A03F10103ACBFF8EEE77AF0EED8
:1031A000477A8B42E2EC017AEED1029B002E4FEA85
:1031B00083044FEA860A1DDB1AAB181943AA73462B
:1031C000191902EB0A0742ADF446B9F1000FDFED21
:1031D0009D7A09DB02466346F3EC016A32ED017A1F
:1031E0008B42E6EE877AF7D1E5EC017ABD4200F139
:1031F0000400EAD1AAF1080306ADEB1804939FED91
:10320000939ADFED918A009605ABB34674449A44D5
:1032100042AF76464FEA8B0356AA1A44BBF1000F21
:1032200052ED146A16DD07EB8B02294666EE897AA9
:10323000B0EE667AFDEEE77A32ED016AF8EEE77AF3
:10324000BA42A7EEE87A77EE866ABDEEC77AA1ECBD
:10325000017AEBD1414616EE900A019300F0BCFCD6
:1032600008EE100AF4EE007A68EE277A17EE900A5C
:1032700000F0ECFB07EE100AF2EE007AA7EE678A88
:10328000B8F1000F019BFDEEC89AF0EE487AB8EE57
:10329000E98A37EEC88A40F3C6800BF1FF3CC8F1DB
:1032A000080255F82C1041FA02F000FA02F2891ACD
:1032B00045F82C1019EE90CA8444C8F1070209EEB3
:1032C00090CA41FA02F2002A48DD19EE901ABBF1C9
:1032D000000F01F1010109EE901A40F33682D5F892
:1032E00000C0BCF1000F40F09B80BBF1010F20D06B
:1032F000AE4601205EF8041F00F1010C002900F029
:103300009980E6468C467146CCF5807C8B4545F825
:1033100020C00CDD55F821002B4405EB810100E0B5
:103320000868C0F1FF0041F8040B9942F8D14FF052
:10333000010CB8F1000F0EDDB8F1010F00F02E8185
:10334000B8F1020F07D10BF1FF3155F8213003F02E
:103350003F0345F82130022A00F00981B5EE408A8A
:10336000F1EE10FA40F08680009B0BF1FF3C6345C4
:103370000EDC0BF18041013905EB8101002051F891
:103380000439514540EA0300F9D1002840F00F818B
:10339000009B013B55F82330002B40F0FC80049B40
:1033A0004FF0010C53F804290CF1010C002AF9D05C
:1033B000DC440BF1010EE64530DC039B029A0EEB78
:1033C00003015A4403EB0C0B1AAB01F1804103EBF0
:1033D0008202659B013903EB810107EB8E0E03EB43
:1033E0008B0B51F8043F9FED177A07EE903AF8EEF9
:1033F000E77A1046B9F1000FE0EC017A09DB3346B9
:1034000001E072ED017AF3EC016AA342A6EEA77A1D
:10341000F7D15945AEEC017A0246E2D1E346F9E62E
:103420000121002070E715D10BF1FF3255F8222061
:10343000121248E7E34560467FF45CAF8C4678E7BC
:103440002486040000000000000080430000803B50
:103450000000C93FF6EE007AB4EEE78AF1EE10FA0A
:1034600080F25D81B5EE408AF1EE10FA4FF0000275
:103470003FF47AAFC8F1000118EE100A0192009EE5
:1034800000F0AAFB5FED106A019A07EE100AB4EE95
:10349000E67AF1EE10FAC0F25B815FED147A67EE26
:1034A000277A0BF10103FDEEE77A08F10808F8EE40
:1034B000E77AA7EEE67AFDEEE77ABDEEC77A17EE79
:1034C000101A45F82B1017EE901A45F823104146B4
:1034D0004FF07E50CDE9002300F07EFB019B009A67
:1034E000002B07EE100AC0F24A819F0042A907F1A3
:1034F000040E5FED2A6A0F44381D05EB0E0171EDD5
:10350000017AF8EEE77AA94267EE877A27EE267A03
:1035100060ED017AF3D10DF1B8081FED336AC446AE
:1035200003F101090025002EC0F20481A24CDFED59
:10353000A37A3846B0EE467A002103E0A94208DCBF
:10354000B4EC017AF0EC016A01318E42E6EE877A42
:10355000F4DA01354D45ECEC017AA7F10407E2D12C
:103560006499032955D8DFE801F0CAB7B75DF7EED3
:10357000007A37EEC88ABCF1000F3FF4EFAE17EEC9
:10358000900A4146019200F027FB07EE900A019A4B
:1035900038EE678AE2E64FF0010C09E70BF1FF31E4
:1035A00055F8213003F07F0345F82130D3E655F874
:1035B0002C10009E6346A8F10808002987D10CF161
:1035C0008041013905EB810151F80409013BA8F163
:1035D00008080028F8D07AE7DFED787A002A40F072
:1035E000BF809DED2E7A0599002BC1ED007A77EE14
:1035F000677A0BDD2FA80121B0EC017A01318B42F3
:1036000077EE877AF8DA002A40F0B680059BC3EDA2
:10361000017A19EE903A03F0070057B0BDEC048B25
:10362000BDE8F08F002B40F3C4809C0056A92144D4
:103630000DF1B80803F1804051ED286A013808EB1C
:10364000830171ED017A37EEA67A884577EEC77A65
:1036500081ED007A77EEA67AF0EE476AC1ED017A45
:10366000EFD1012B40F3A58056AB1C448000031D15
:1036700054ED286A43442FA973ED017A37EEA67AF8
:10368000994277EEC77A83ED007A77EEA67AF0EE6C
:10369000476AC3ED017AEFD10830DFED487A08EBD5
:1036A000000308F1080833ED017A984577EE877A30
:1036B000F9D1DDED2E6A9DED2F7A2AB1F1EE666A21
:1036C000B1EE477AF1EE677A059BC3ED006A83EDB0
:1036D000017AC3ED027A9CE7002BFFF67DAF2EA89E
:1036E00000EB8301DFED357A043131ED017A884258
:1036F00077EE877AF9D1002A3FF473AF30E0DFED3F
:103700002F7AC6443EED017AF04577EE877AF9D1FB
:103710000AB1F1EE677A059BC3ED007A79E719EEFD
:10372000902ABBF1000F02F1010209EE902A3ADD66
:103730000222D4E5DFED217A01354D45ECEC017A2A
:10374000A7F104077FF4EFAE0AE74FF0000CF0E5B5
:10375000BDEEC77A5B4617EE101A45F82B10B6E699
:10376000DDED2E6A0599B1EE677A002B76EEE77AE9
:1037700081ED007A3FF73EAFF1EE677A46E7649954
:1037800003293FF646AF01A050F821F09D37040011
:10379000D9360400D936040025360400DFED077A57
:1037A000002AB6D1B7E7F7EE007A37EEC88A0222D0
:1037B000D4E5DFED027A7CE7FC8504000000000020
:1037C00020F00043B3F1485F07EE900A06EE101AAE
:1037D00004DABDEEE77A17EE103A23B327EEA77AA4
:1037E0009FED174ADFED174A9FED175ADFED175A85
:1037F000DFED176AE7EE044A27EE874AA4EE875A00
:10380000E5EE075AE5EE876A82B166EEC46AF6EE27
:10381000005AE6EE256ADFED0F5A96EE876AA4EEAF
:10382000256A77EEC67A17EE900A70479FED0A6A0E
:10383000A7EE266AE6EE047A17EE900A704700BFFC
:10384000D3C92E2F342FD7B21BEF3836010D50B904
:103850008988083CABAA2A3EABAA2ABE41F00041A7
:1038600001F58010C00F704700207047002001490B
:10387000704700BF0000F87F38B520F00044B4F175
:10388000A14F07EE900A05460DDBB4F1FF4F5CDC5B
:103890009FED557ADFED557A0028C8BFF0EE477AE4
:1038A00017EE900A38BD524B9C4261DCB4F1445F84
:1038B00050DB4FF0FF3327EEA76A9FED4E1A9FEDC6
:1038C0004E2ADFED4E1ADFED4E2A9FED4E3ADFED28
:1038D0004E3A9FED4E4ADFED4E4A9FED4E5A9FED18
:1038E0004E7ADFED4E5A66EE066A5A1CA6EE812A23
:1038F000E6EEA12AA2EE263AE2EEA63AA3EE264A88
:10390000E3EEA64AA4EE265AA4EEA67AE5EE265ADF
:1039100027EE267AA5EE867A27EE277A3FD0404911
:10392000404A9B001944D1ED006A37EE667A134491
:1039300037EE677AD3ED007A77EEC77A002DB8BFFD
:10394000F1EE677A17EE900A38BD77EEA77A17EE98
:10395000900A38BD9FED347A37EE877AF7EE006A29
:10396000B4EEE67AF1EE10FAA3DD17EE900A38BD58
:1039700000F060F82D4B9C4207EE100A14DCA3F512
:10398000D0039C4225DCF0EE007AFFEE006AE7EE01
:10399000276A002337EE277AC6EE877A8BE777EE21
:1039A000C77A17EE900A38BD214B9C420BDCF7EE2C
:1039B000087AF7EE006AE7EE276A022337EE677AA5
:1039C000C7EE267A77E7FFEE006AC6EE877A032312
:1039D00071E7F7EE007A77EE676A37EE277A012310
:1039E000C6EE877A67E700BFDB0FC93FDB0FC9BFB1
:1039F000FFFFDF3ED769853C59DA4B3D21A215BD5B
:103A00006BF16EBD356B883D95879DBD6E2EBA3DC1
:103A1000388EE3BD2549123ECDCC4CBEABAAAA3EA2
:103A20004086040030860400CAF24971FFFF973FC8
:103A3000FFFF1B4020F00040704700BF20F0004017
:103A4000B0F1FF4FACBF00200120704782B0019061
:103A5000019A22F00041CB0D7F3B162B20DC002B7E
:103A600010462EDB234919410A4224D0DFED227A89
:103A70009DED017A77EE277AF5EEC07AF1EE10FA35
:103A800019DD002A04DA4FF4000242FA03F3184465
:103A900020EA010307EE903A17EE900A02B0704751
:103AA000B1F1FF4FDDED017AF6D377EEA77A17EE8D
:103AB000900A02B07047DDED017A17EE900A02B06D
:103AC0007047DFED0D7A9DED017A77EE277AF5EEFE
:103AD000C07AF1EE10FAEEDD002A02DBDFED077AA4
:103AE000DAE7FFEE007A002918BFB0EE677AF0EE51
:103AF000477AD1E7FFFF7F00CAF24971000000005A
:103B0000004870470000C07F10B485B00190019A52
:103B100022F00041CB0D7F3B162B2ADC21B3002B7A
:103B200011464FEAD27032DB294A1A4111421BD0AA
:103B30005208114207D04FF4001421EA020244FA5D
:103B400003F342EA0301234B03EB800090ED007A7C
:103B500007EE901A77EE277ACDED037ADDED037A42
:103B600077EEC77ACDED017A019805B05DF8044B88
:103B70007047B1F1FF4FF7D3DDED017A77EEA77A09
:103B8000CDED017A019805B05DF8044B7047C2F3A2
:103B900016035B420F495B0A120D03F48003120502
:103BA0001A4301EB800191ED007A07EE902A77EE3F
:103BB000277ACDED037ADDED037A77EEC77A17EE3B
:103BC000903A23F0004343EAC0730193CCE700BF6F
:103BD000FFFF7F005086040000B52DED028B83B0FF
:103BE0000190019B33F000421DD0B2F1FF4F0FD284
:103BF000B2F5000F20D3D20D0A44FE2A2CDC002A95
:103C00003DDD23F0FF4343EAC25307EE903A03E061
:103C100007EE900A77EEA77A17EE900A03B0BDEC94
:103C2000028B5DF804FBDDED017A17EE900A03B01C
:103C3000BDEC028B5DF804FB9DED017ADFED1B7A94
:103C40001B4B67EE277A9942CDED017A10DB019B81
:103C5000C3F3C752193ACFE79FED168A019918EEC0
:103C6000100A00F041F907EE900A67EE887AD3E770
:103C7000DFED117A9DED017A67EE277ACCE712F13C
:103C8000160F06DA4CF250339942E5DC9FED0A8AB2
:103C9000E4E7193223F0FF4343EAC2539FED077A6A
:103CA00007EE903A67EE877AB6E700BF0000004C57
:103CB000B03CFFFFCAF249716042A20D0000003320
:103CC00030B482B00190019B33F0004241D0002B10
:103CD0004ADBB3F1FF4F54DAB3F5000F80F29D8059
:103CE000DFED6E7A9DED017A67EE277A6FF01805A9
:103CF00017EE903A6A4AC3F31604224402F4000213
:103D000082F07E50DB1504F10F0120437F3B07EE6C
:103D1000900AC1F316012B44B7EE007A0F2903EB8A
:103D2000D25337EEC77A35DCB5EE407AF1EE10FAB1
:103D300075D1002B00F0AE8007EE903AB8EEE77A2E
:103D4000DFED587ADFED586A67EE277AE7EE267ADC
:103D500005E0DFED566A9FED567AC6EE877A17EEDC
:103D6000900A02B030BC7047DDED017A9FED507AC9
:103D700077EEE76AC6EE877A17EE900A02B030BC9B
:103D80007047DDED017A77EEA77A17EE900A02B060
:103D900030BC7047B0EE006A37EE066A9FED452AE8
:103DA000DFED453ADFED454ADFED452A9FED454A17
:103DB000DFED456ADFED457A4549C7EE065AC4F5A1
:103DC0005712214402F522720A43002A06EE103AE5
:103DD00025EEA55AB8EEC63A25EE056AE6EE023A99
:103DE000A6EE224AE3EE864AE4EE067AE4EE866A1E
:103DF00066EE856AE7EE866A3BDDB6EE006A27EE80
:103E0000066A26EE076A76EE866A66EEA56A03BB48
:103E100076EE666A77EE667AA1E700256AE7DFED5F
:103E20002D6AF6EE007AE7EE667A67EE076A67EECD
:103E3000A67ADBB106EE903ADFED1A5A9FED1A6AC8
:103E4000F8EEE66AE6EEE57A77EEC77AD6EE867A9F
:103E500085E7DFED147ADFED145AE3EE276A76EE9C
:103E6000667A77EEC77AD3EE257A78E777EE677AC7
:103E700075E777EE667A67EEA57A002BF6D09FEDB0
:103E8000096ADFED096AE3EE467A77EEC77AD3EE88
:103E9000267A64E7DFED067A61E700BF0000004C98
:103EA00020FB4A00D1F717378071313F000000CC6A
:103EB000000000009788173E25333A3E2549923E80
:103EC0004FD01C3E298E633EABAA2A3FCDCCCC3EC0
:103ED000305CCFFFABAAAA3E03F0004321F00042C2
:103EE00042EA0301704700BF01F0004120F00040AA
:103EF0000843704710B5054C13462CB10A460146DD
:103F00000220AFF3008010BD2046FCE70000000057
:103F1000014B1868704700BF4021002008B5074BCF
:103F2000044613B10021AFF30080054B1868836A83
:103F300003B19847204600F061FF00BF0000000079
:103F40005886040070B50D4E0D4CA41BA41000251E
:103F5000A54209D10B4E0C4C01F022F9A41BA41070
:103F60000025A54205D170BD56F82530984701358A
:103F7000EEE756F8253098470135F2E78023002018
:103F80008023002080230020A4230020024B014630
:103F9000186800F09FBF00BF4021002038B5074CD3
:103FA0000023054608461146236000F01FFF431C0E
:103FB00002D1236803B12B6038BD00BF4843002005
:103FC000084B37B51C68084D236A002B08BF2B46E9
:103FD000009313460A460146204600F0C9FF03B08D
:103FE00030BD00BF40210020A4210020084B37B580
:103FF0001C68084D236A002B08BF2B46009313460C
:104000000A460146204601F02EF803B030BD00BF3D
:1040100040210020A421002081F0004102E000BFE7
:1040200083F0004330B54FEA41044FEA430594EA78
:10403000050F08BF90EA020F1FBF54EA000C55EAB3
:10404000020C7FEA645C7FEA655C00F0E2804FEA84
:104050005454D4EB5555B8BF6D420CDD2C4480EA66
:10406000020281EA030382EA000083EA010180EA96
:10407000020281EA0303362D88BF30BD11F0004FE4
:104080004FEA01314FF4801C4CEA113102D040421A
:1040900061EB410113F0004F4FEA03334CEA133355
:1040A00002D0524263EB430394EA050F00F0A7806D
:1040B000A4F10104D5F1200E0DDB02FA0EFC22FA68
:1040C00005F2801841F1000103FA0EF2801843FA5C
:1040D00005F359410EE0A5F120050EF1200E012A4D
:1040E00003FA0EFC28BF4CF0020C43FA05F3C0188B
:1040F00051EBE37101F0004507D54FF0000EDCF104
:10410000000C7EEB00006EEB0101B1F5801F1BD3AC
:10411000B1F5001F0CD349085FEA30004FEA3C0CB0
:1041200004F101044FEA445212F5800F80F09A80A6
:10413000BCF1004F08BF5FEA500C50F1000041EBAA
:10414000045141EA050130BD5FEA4C0C404141EBAE
:10415000010111F4801FA4F10104E9D191F0000FD5
:1041600004BF01460020B1FA81F308BF2033A3F158
:104170000B03B3F120020CDA0C3208DD02F1140C4F
:10418000C2F10C0201FA0CF021FA02F10CE002F18A
:104190001402D8BFC2F1200C01FA02F120FA0CFC83
:1041A000DCBF41EA0C019040E41AA2BF01EB0451CC
:1041B000294330BD6FEA04041F3C1CDA0C340EDCCA
:1041C00004F11404C4F1200220FA04F001FA02F30D
:1041D00040EA030021FA04F345EA030130BDC4F1CB
:1041E0000C04C4F1200220FA02F001FA04F340EAC0
:1041F0000300294630BD21FA04F0294630BD94F071
:10420000000F83F4801306BF81F480110134013D57
:104210004EE77FEA645C18BF7FEA655C29D094EAC8
:10422000050F08BF90EA020F05D054EA000C04BF46
:104230001946104630BD91EA030F1EBF0021002031
:1042400030BD5FEA545C05D14000494128BF41F0D0
:10425000004130BD14F580043CBF01F5801130BD34
:1042600001F0004545F0FE4141F470014FF00000BF
:1042700030BD7FEA645C1ABF194610467FEA655C70
:104280001CBF0B46024650EA013406BF52EA033512
:1042900091EA030F41F4002130BD00BF90F0000F00
:1042A00004BF0021704730B54FF4806404F132043C
:1042B0004FF000054FF0000150E700BF90F0000FF5
:1042C00004BF0021704730B54FF4806404F132041C
:1042D00010F0004548BF40424FF000013EE700BFEC
:1042E00042004FEAE2014FEA31014FEA02701FBF7C
:1042F00012F07F4393F07F4F81F06051704732F0AE
:104300007F4208BF704793F07F4F04BF41F4002104
:10431000704730B54FF4607401F0004521F0004162
:104320001CE700BF50EA010208BF704730B54FF0EC
:1043300000050AE050EA010208BF704730B511F0ED
:10434000004502D5404261EB41014FF4806404F125
:1043500032045FEA915C3FF4D8AE4FF003025FEAAB
:10436000DC0C18BF03325FEADC0C18BF033202EB2F
:10437000DC02C2F1200300FA03FC20FA02F001FA89
:1043800003FE40EA0E0021FA02F11444BDE600BF2C
:1043900070B54FF0FF0C4CF4E06C1CEA11541DBFDB
:1043A0001CEA135594EA0C0F95EA0C0F00F0DEF8A6
:1043B0002C4481EA030621EA4C5123EA4C5350EA8B
:1043C000013518BF52EA033541F4801143F48013DC
:1043D00038D0A0FB02CE4FF00005E1FB02E506F06D
:1043E0000042E0FB03E54FF00006E1FB03569CF0C2
:1043F000000F18BF4EF0010EA4F1FF04B6F5007FC8
:1044000064F5407404D25FEA4E0E6D4146EB060639
:1044100042EAC62141EA55514FEAC52040EA5E50C2
:104420004FEACE2EB4F1FD0C88BFBCF5E06F1ED86C
:10443000BEF1004F08BF5FEA500E50F1000041EBA3
:10444000045170BD06F0004646EA010140EA020050
:1044500081EA0301B4EB5C04C2BFD4EB0C0541EA72
:10446000045170BD41F480114FF0000E013C00F387
:10447000AB8014F1360FDEBF002001F0004170BDAB
:10448000C4F10004203C35DA0C341BDC04F11404C4
:10449000C4F1200500FA05F320FA04F001FA05F250
:1044A00040EA020001F0004221F0004110EBD3701D
:1044B00021FA04F642EB06015EEA430E08BF20EA49
:1044C000D37070BDC4F10C04C4F1200500FA04F3EC
:1044D00020FA05F001FA04F240EA020001F000417E
:1044E00010EBD37041F100015EEA430E08BF20EAF1
:1044F000D37070BDC4F1200500FA05F24EEA020E39
:1045000020FA04F301FA05F243EA020321FA04F067
:1045100001F0004121FA04F220EA020000EBD3701E
:104520005EEA430E08BF20EAD37070BD94F0000F1E
:104530000FD101F00046400041EB010111F4801F52
:1045400008BF013CF7D041EA060195F0000F18BF03
:10455000704703F00046520043EB030313F4801F3F
:1045600008BF013DF7D043EA0603704794EA0C0FF9
:104570000CEA135518BF95EA0C0F0CD050EA41060F
:1045800018BF52EA4306D1D181EA030101F000418C
:104590004FF0000070BD50EA410606BF10461946B4
:1045A00052EA430619D094EA0C0F02D150EA0136C0
:1045B00013D195EA0C0F05D152EA03361CBF104601
:1045C00019460AD181EA030101F0004141F0FE41A0
:1045D00041F470014FF0000070BD41F0FE4141F424
:1045E000780170BD70B54FF0FF0C4CF4E06C1CEA24
:1045F00011541DBF1CEA135594EA0C0F95EA0C0FD9
:1046000000F0A7F8A4EB050481EA030E52EA033593
:104610004FEA013100F088804FEA03334FF08055B4
:1046200045EA131343EA12634FEA022245EA1115E1
:1046300045EA10654FEA00260EF000419D4208BF92
:10464000964244F1FD0404F5407402D25B084FEA3F
:104650003202B61A65EB03055B084FEA32024FF4EB
:1046600080104FF4002CB6EB020E75EB030E22BF48
:10467000B61A754640EA0C005B084FEA3202B6EB08
:10468000020E75EB030E22BFB61A754640EA5C00B7
:104690005B084FEA3202B6EB020E75EB030E22BF47
:1046A000B61A754640EA9C005B084FEA3202B6EB48
:1046B000020E75EB030E22BFB61A754640EADC0007
:1046C00055EA060E18D04FEA051545EA16754FEA69
:1046D00006164FEAC30343EA52734FEAC2025FEA87
:1046E0001C1CC0D111F4801F0BD141EA00014FF016
:1046F00000004FF0004CB6E711F4801F04BF0143E7
:104700000020B4F1FD0C88BFBCF5E06F3FF6AFAE02
:10471000B5EB030C04BFB6EB020C5FEA500C50F192
:10472000000041EB045170BD0EF0004E4EEA113115
:1047300014EB5C04C2BFD4EB0C0541EA045170BD1C
:1047400041F480114FF0000E013C90E645EA060E60
:104750008DE60CEA135594EA0C0F08BF95EA0C0F8E
:104760003FF43BAF94EA0C0F0AD150EA01347FF4D6
:1047700034AF95EA0C0F7FF425AF104619462CE7AD
:1047800095EA0C0F06D152EA03353FF4FDAE104610
:10479000194622E750EA410618BF52EA43067FF461
:1047A000C5AE50EA41047FF40DAF52EA43057FF4F1
:1047B000EBAE12E74FF0FF3C06E000BF4FF0010CFC
:1047C00002E000BF4FF0010C4DF804CD4FEA410C60
:1047D0007FEA6C5C4FEA430C18BF7FEA6C5C1BD02D
:1047E00001B050EA410C0CBF52EA430C91EA030FAE
:1047F00002BF90EA020F0020704710F1000F91EA0B
:10480000030F58BF994208BF90422CBFD8176FEAD8
:10481000E37040F0010070474FEA410C7FEA6C5CA6
:1048200002D150EA013C07D14FEA430C7FEA6C5CAD
:10483000D6D152EA033CD3D05DF8040B704700BFD9
:104840008446104662468C461946634600E000BF27
:1048500001B5FFF7B7FF002848BF10F1000F01BDF9
:104860004DF808EDFFF7F4FF0CBF012000205DF8C4
:1048700008FB00BF4DF808EDFFF7EAFF34BF012049
:1048800000205DF808FB00BF4DF808EDFFF7E0FFE2
:1048900094BF012000205DF808FB00BF4DF808ED33
:1048A000FFF7CEFF94BF012000205DF808FB00BF9A
:1048B0004DF808EDFFF7C4FF34BF012000205DF87C
:1048C00008FB00BF4FEA410C7FEA6C5C02D150EA62
:1048D000013C0AD14FEA430C7FEA6C5C02D152EAF8
:1048E000033C02D14FF0000070474FF001007047C9
:1048F0004FEA410212F5001215D211D56FF4787308
:10490000B3EB625212D94FEAC12343F0004343EAAA
:10491000505311F0004F23FA02F018BF4042704785
:104920004FF00000704750EA013005D111F000400F
:1049300008BF6FF0004070474FF00000704700BFA5
:104940004A0011D212F5001211D20DD56FF478730E
:10495000B3EB62520ED44FEAC12343F0004343EA63
:10496000505323FA02F070474FF00000704750EAAE
:10497000013002D14FF0FF3070474FF00000704718
:104980004FEA4102B2F1E04324BFB3F5001CDCF171
:10499000FE5C0DD901F0004C4FEAC0024CEA5070A9
:1049A000B2F1004F40EB830008BF20F001007047D8
:1049B00011F0804F21D113F13872BCBF01F00040DB
:1049C000704741F480114FEA5252C2F11802C2F10D
:1049D000200C10FA0CF320FA02F018BF40F001008E
:1049E0004FEAC1234FEAD32303FA0CFC40EA0C0040
:1049F00023FA02F34FEA4303CCE77FEA625307D17D
:104A000050EA01331EBF4FF0FE4040F440007047B3
:104A100001F0004040F0FE4040F40000704700BF4D
:104A200053B94AB9002908BF00281CBF4FF0FF3115
:104A30004FF0FF3000F0D0B9ADF1080C6DE904CEB5
:104A400000F064F8DDF804E0DDE9022304B070470B
:104A50002DE9F84382EAE274A4EBE2741546E2071A
:104A600058BFDFF8609006460F4652BF4FF000086F
:104A700080468946640832463B463046394613D064
:104A8000FFF786FCE30706460F46F3D54046494646
:104A900032463B46FFF77CFC640880468946324636
:104AA0003B4630463946EBD1002D07DA42464B46AD
:104AB00000200449FFF796FD804689464046494656
:104AC000BDE8F8830000F03FD0B500220D4B06464C
:104AD0000F46FFF75DFCFFF733FF0446FFF7DEFBF1
:104AE0000022094BFFF754FC02460B46304639467C
:104AF000FFF796FAFFF724FF0022234610431946DA
:104B0000D0BD00BF0000F03D0000F0412DE9F047AE
:104B1000089E04468846002B4BD18A42154667D929
:104B2000B2FA82F24AB1C2F1200701FA02F320FA86
:104B300007F7954047EA030894404FEA154E230CC7
:104B4000B8FBFEF71FFA85FC0EFB178843EA084303
:104B500007FB0CF1994209D9EB1807F1FF3080F0FF
:104B60001B81994240F21881023F2B445B1AA4B288
:104B7000B3FBFEF00EFB103344EA034400FB0CFCD5
:104B8000A44509D92C1900F1FF3380F00781A44511
:104B900040F2048102382C4440EA0740A4EB0C04A4
:104BA00000271EB1D4400023C6E900433946BDE8C2
:104BB000F0878B4209D9002E00F0EB800027C6E970
:104BC000000138463946BDE8F087B3FA83F7002F75
:104BD00047D18B4202D3824200F2FA80841A61EB01
:104BE000030301209846002EE0D0C6E90048DDE727
:104BF00002B9FFDEB2FA82F2002A40F08F80491B30
:104C00004FEA154E1FFA85F80127B1FBFEFC230C75
:104C10000EFB1C1143EA014308FB0CF1994207D932
:104C2000EB180CF1FF3002D2994200F2CD8084469D
:104C3000591AA3B2B1FBFEF00EFB101443EA044470
:104C400008FB00F8A04507D92C1900F1FF3302D268
:104C5000A04500F2B6801846A4EB080440EA0C40D8
:104C60009FE7C7F1200CBB4022FA0CFE4EEA030E70
:104C700001FA07F420FA0CF521FA0CF34FEA1E486A
:104C80002543B3FBF8F92C0C08FB19331FFA8EFAF5
:104C900044EA034309FB0AF49C4202FA07F200FAD1
:104CA00007F10BD91EEB030309F1FF3080F0878079
:104CB0009C4240F28480A9F1020973441B1BADB2EF
:104CC000B3FBF8F008FB103345EA034400FB0AFA93
:104CD000A24508D91EEB040400F1FF336BD2A245B4
:104CE00069D90238744440EA0940A0FB0289A4EB68
:104CF0000A044C45C2464B4654D351D0002E69D0CD
:104D0000B1EB0A0564EB030404FA0CFCFD40FC4023
:104D10004CEA0505C6E90054002747E7C2F1200325
:104D200020FA03F7954001FA02F021FA03F34FEA63
:104D3000154E3843010CB3FBFEF71FFA85F80EFB46
:104D4000173341EA034107FB08F38B4204FA02F4EC
:104D500007D9691807F1FF3C2FD28B422DD9023FAA
:104D60002944CB1A81B2B3FBFEF00EFB103341EAAB
:104D7000034100FB08F38B4207D9691800F1FF3C9F
:104D800017D28B4215D902382944C91A40EA07477D
:104D90003BE73746304609E70746E7E61846FBE6B5
:104DA0004145ABD2B8EB020A69EB0E02013813465B
:104DB000A4E76046E9E7184695E76746D1E78146EC
:104DC0007CE702382C4447E7ACF1020C2B442FE778
:104DD000384608E73746E9E6704700BF024B5822DD
:104DE0001A604FF0FF30704748430020024B5822B2
:104DF0001A604FF0FF30704748430020FEE700BFC5
:104E0000EBF748BF0B4601461846FFF773B810B5DD
:104E1000002814BF044601242046EBF715FF30B9E3
:104E2000FCF7BCF908B900F00FF88047F4E710BDB3
:104E300008B500F004F808B5804700F005F808B59B
:104E4000FCF7B4F9FFF7F7FF08B50620FFF79EF867
:104E50000120FFF7D3FF0A220021FFF7B1B830B5D8
:104E60000024A24201D1002007E0035D01340D19A6
:104E700015F8015CAB42F4D0581B30BD10B5431E91
:104E80000A44914200D110BD11F8014B03F8014FC3
:104E9000F7E7884210B501EB020307D8421E99429A
:104EA0000AD011F8014B02F8014FF8E78342F5D917
:104EB0008118D21AD34200D110BD13F8014D01F868
:104EC000014DF7E702440346934200D1704703F8CF
:104ED000011BF9E71F2938B504460D4604D91623EE
:104EE00003604FF0FF3038BD426C12B152F82130F0
:104EF0004BB9204600F016F82A4601462046BDE888
:104F00003840FFF74BB8012B0AD0591C03D11623A8
:104F100003600120E7E7002442F82540284698472F
:104F20000020E0E7FFF75ABF10F8012B11F8013B12
:104F3000012A28BF9A42F7D0D01A7047034613F8C7
:104F4000012B002AFBD1181A0138704710B56AB13D
:104F50000139841810F8013B11F8012F934203D155
:104F6000A04201D0002BF5D1981A10BD1046FCE7E5
:104F70002DE9F0478046894692461E460F463D463B
:104F8000089815F8014B00F0E8F82044437813F036
:104F9000080332D12D2C32D17C78BD1C0122002E89
:104FA0005DD0102E09D1302C07D12B7803F0DF0310
:104FB000582B4FD16C7810260235002A14BF4FF0C1
:104FC00000416FF000410027B1FBF6FC384606FBBC
:104FD0001C1EA4F13003092B17D81C46A64223DD62
:104FE0007B1C07D084451CD301D1A64519DB00FBEF
:104FF0000640012715F8014BEBE72F46BFE72B2CA6
:1050000004BFBD1C7C781A46C9E7A4F14103192BE3
:1050100001D8373CE2E7A4F16103192B04D8573CCF
:10502000DCE74FF0FF37E5E77B1C08D12223C8F807
:1050300000300846BAF1000F07D1BDE8F08702B191
:105040004042BAF1000FF8D00FB105F1FF39CAF8AC
:105050000090F2E73024002EAFD10826ADE7302CC7
:10506000A3D00A26A9E72DE9F04780468946924653
:105070001E460F463D46089815F8014B00F06DF8A6
:105080002044437813F0080330D12D2C30D17C78A4
:10509000BD1C0121002E5CD0102E09D1302C07D16F
:1050A0002B7803F0DF03582B4ED16C781026023595
:1050B0004FF0FF320023B2FBF6F206FB02FC6FEA70
:1050C0000C0C1846A4F13007092F17D83C46A6420D
:1050D00023DD002B1EDB82421CD301D1A44519DB4A
:1050E00000FB0640012315F8014BEBE72F46C1E713
:1050F0002B2C04BFBD1C7C781946CBE7A4F14107DB
:10510000192F01D8373CE2E7A4F16107192F04D821
:10511000573CDCE74FF0FF33E5E7002B09DA2223A9
:10512000C8F800304FF0FF30BAF1000F07D1BDE8EA
:10513000F08701B14042BAF1000FF8D00BB105F190
:10514000FF39CAF80090F2E73024002EB0D10826CB
:10515000AEE7302CA4D00A26AAE7D0F8EC007047BE
:1051600082B001B901A942B14BB113780B6012783A
:10517000101C18BF012002B070471046FBE76FF00B
:105180000100F8E749B1FF2A85BF8A2303600A704E
:105190004FF0FF3098BF012070470846704700006D
:1051A000F8B500BFF8BC08BC9E467047F8B500BF14
:1051B000F8BC08BC9E4670470000000000000000DC
:1051C0000108010842424242010801083ED8E98D27
:1051D000B90C0200F10C02000D0D0200250D0200B9
:1051E000410D02005D0D0200790D0200950D0200D7
:1051F000A50D0200DD0D02002D0E0200550E02006D
:10520000C90E0200110F0200210F0200310F02002F
:10521000810F0200B90F0200C90F0200A518020099
:10522000AD550200FD4E0200215202002D52020037
:10523000455202007928020039520200514F020003
:10524000195202004536020091280200492C020042
:10525000752B0200252B0200792D0200D5250200B6
:10526000B1270200C1270200D5270200F127020062
:10527000A1310200F1300200CD360200ED3602000D
:10528000F1580200F5580200FC5804002C590400A3
:105290005C590400B45A0400ED4E02009D4F020018
:1052A000154102001139020011590200095902008A
:1052B0000D5902004535020059330200C93302007E
:1052C000792902008D290200AD2902006D2A020011
:1052D000812A0200B92A0200CD2402001D28020002
:1052E00031280200352802003D280200492802002A
:1052F000512802006128020069280200712802007A
:105300000D3302003D330200914F0200E5520200CE
:10531000115302007D530200BD230200C923020085
:1053200021240200292402009D2702004D270200AB
:10533000492402000D2502008126020011250200E9
:1053400055250200BD250200CD250200E9320200EC
:10535000C52D0200ED2D0200152E02006D2E02005B
:10536000992E02004D2C0200452D02007D2C0200DA
:10537000AD2C0200D52C0200FD2C02001D2D0200D8
:1053800099340200BD340200E13402000535020008
:1053900025350200ED320200FD32020081310200AB
:1053A00091310200F92E0200FD270200B52F020004
:1053B0006D3002008130020095300200A9300200F9
:1053C000BD300200D13002000D2802001528020075
:1053D000F958020079280200892802009128020069
:1053E0000D290200112902001529020029290200B5
:1053F0005D2902006129020071290200CD2A020004
:10540000D92A0200DD2A02007D360200F5360200AC
:105410000D37020031370200793702009937020058
:10542000053902001D390200194002002540040020
:1054300075480400B148040021400400E54504001B
:1054400091430400A5180200BD410200E1410200A1
:10545000E541020015420200414202007142020091
:105460007D420200C1420200E542020015430200F3
:105470004143020049430200514302005D430200E0
:105480006D43020075100200A1100200011102001C
:105490000D1102003D110200791102007D11020080
:1054A0007943020085430200E94302000D440200F3
:1054B000314402003546020055440200F94402001E
:1054C000314502003D4502004D45020059450200AC
:1054D0007D4502001146020021460200C121020062
:1054E000C9210200D5210200D9210200DD210200DC
:1054F000E1210200E5210200ED2102000522020067
:10550000112202001D220200292202003D22020077
:1055100085220200892202009522020099220200BF
:10552000A9220200B1220200B5220200B922020023
:10553000C5220200CD220200E1220200ED2202007B
:10554000F12202007D4602008D460200E146020083
:10555000F1460200294702003547020001470200D8
:105560000D4702001947020041470200554702005B
:10557000694802007948020085480200914802000B
:10558000B5480200E1490200E5490200F94902007C
:105590000D4A0200214A0200354A0200494A02002F
:1055A000714A02007D4A0200AD4A0200CD4A020063
:1055B000D14A0200E54A0200354B02008D4B020041
:1055C000994B0200E14B0200094C0200194C020009
:1055D000214C0200C94D0200F94D0200614C02004D
:1055E000754C0200D94C0200ED4C0200054D020042
:1055F0005D4D0200854D0200B14D0200BD55020017
:10560000CD530200195402005D5402008D54020073
:10561000A5540200015502004955020055550200EB
:1056200085550200915502009D550200E5110200CA
:10563000E911020001120200151202002D120200EF
:1056400041120200A5150200E1160200A512020097
:10565000A9120200D91202000513020085130200EC
:1056600091130200D51302004914020061140200D4
:105670008914020091140200D50F0200E90F020004
:10568000FD0F020011100200251002003910020067
:105690004D1002006110020081560200A95602005E
:1056A000BD560200D1560200E5560200F95602002E
:1056B0000D57020021570200ED4702001148020079
:1056C000354802003948020055480200555602008C
:1056D000FD55020049560200A1570200B9570200C9
:1056E000F157020021580200955802000000000006
:1056F0000338FDD8704700000100000000000000E2
:105700000A0000000000000064000000000000002B
:10571000E803000000000000102700000000000067
:10572000A08601000000000040420F0000000000C1
:10573000809698000000000000E1F50500000000E0
:1057400000CA9A3B0000000000E40B540200000075
:1057500000E87648170000000010A5D4E80000001B
:1057600000A0724E1809000000407A10F35A0000A1
:105770004FBB610567ACDD3F182D4454FB21E93F69
:105780009BF681D20B73EF3F182D4454FB21F93F58
:10579000E2652F227F2B7A3C075C143326A6813CDE
:1057A000BDCBF07A8807703C075C143326A6913C89
:1057B000000000000000E03F000000000000E0BF2B
:1057C0000000E0FE422EE63F0000E0FE422EE6BF73
:1057D000763C7935EF39EA3D763C7935EF39EABDEB
:1057E0000000000000000000000000000000008039
:1057F00000000040FB21F93F000000002D44743EF2
:10580000000000809846F83C0000006051CC783BD6
:1058100000000080831BF0390000004020257A380A
:10582000000000802282E336000000001DF369358D
:10583000000000000000000025B1020025B10200B8
:1058400025B10200A10B0200A50B020055B1020018
:1058500025B1020025B1020005B4020029B1020001
:1058600059B402002DB5020041B10200B11200008E
:10587000267930DAA26E0273B604384AB1120000FB
:10588000267930DAA26E0273B6043849CFDBDFE442
:10589000E7ECF1F63031323334353637383961627E
:1058A0006364656600000000000000000000000066
:1058B000B9750300117503000517030005170300F0
:1058C0000D1703000D170300F5160300151703004D
:1058D00081780300311703004979030081750300C3
:1058E000511703008D170200A117020085760300EF
:1058F000322E3000322E3200322E5800080003F9CA
:105900000000000001000000000000002923020048
:105910004536020025230200F5220200FD22020086
:10592000012302002123020005230200080004F9DC
:105930000000000003000000000000002923020016
:10594000453602000000000019230200000000009C
:105950000000000000000000000000000C0002F940
:1059600000000000020000000000000029230200E7
:105970004536020000000000152302000000000070
:10598000000000000000000000000000FC580400BF
:105990000700626F6F6C65616E000000FC580400C8
:1059A0000900756E646566696E6564002C590400B3
:1059B0000000000000000000FC580400000000008F
:1059C000FC580400080066756E6374696F6E000011
:1059D000FC5804000900756E646566696E656400B4
:1059E000FC5804000800496E66696E69747900000D
:1059F000FC58040003004E614E000000FC580400F7
:105A000009002D496E66696E69747900FC580400BE
:105A100004006E756C6C0000FC5804000400747285
:105A200075650000FC580400050066616C73650034
:105A3000FC58040008005B4F626A6563745D0000F7
:105A4000FC5804000A005B46756E6374696F6E5DF6
:105A500000000000FC58040006006E756D6265725F
:105A600000000000FC58040006006F626A65637461
:105A700000000000FC5804000600737472696E6731
:105A800000000000080004F9000000000900000008
:105A9000000000006141020059410200694102001A
:105AA0005D41020000000000000000000000000056
:105AB000000000000C0005F90000000004000000D8
:105AC00000000000F94E0200E94E0200E940020029
:105AD0002D41020000000000000000000000000056
:105AE00000000000140004F900000000080000009D
:105AF00000000000254E0200314E0200FD40020071
:105B00003D41020000000000000000000000000015
:105B100000000000080004F9000000000700000079
:105B200000000000F54E0200F14E0200F5400200B8
:105B300039410200000000000000000000000000E9
:105B4000000000000C0004F9000000000600000046
:105B500000000000194E0200214E0200E140020048
:105B600029410200000000000000000000000000C9
:105B700000000000000000000000000015590200B5
:105B80001D590200215902000D5B0200E9FE0200CE
:105B9000B95C02003D5D02007A76677074756F69CA
:105BA00065617A76677074756F6965617A7667701A
:105BB00074000000756E6B6E6F776E001B1B000E1D
:105BC0001100000015160F18130000001C0B1F25F4
:105BD0001E0000000000000000000000A55F0200A1
:105BE000210103009D5F02005D5F0200995F0200DA
:105BF0006D630200915F02008D5F020000000000F3
:105C000000000000155902001D5902002159020030
:105C100065810200E9FE0200A9630200D56302006B
:105C20002116030025160300F9850200391603002A
:105C300001830200D180020041160300C4FFFFFF70
:105C40000000000015590200652F030021590200D1
:105C5000A1630200E9FE0200CD63020001640200BC
:105C6000554249545F4C4F475F46535F565F303053
:105C7000320A00007C5C0400080000000100000003
:105C8000020000000200000002000000030000000B
:105C900002000000040000000100000005000000F8
:105CA00008000000060000000100000007000000DE
:105CB00001000000080000000100000000000000DA
:105CC00000000000155902001D590200F56A02008B
:105CD000A1630200E9FE0200C9650200E16502005D
:105CE0000000000000000000155902001D590200CC
:105CF00029700200A1630200E9FE02002D6F02007C
:105D0000456F02000C5D0400080000000100000067
:105D10000C0000000200000005000000030000006D
:105D20000200000004000000010000000500000067
:105D30000100000006000000020000000700000053
:105D40000300000008000000010000000000000047
:105D500000000000155902001D59020021590200DF
:105D6000A1630200E9FE0200557002008570020086
:105D700089730200C9730200F577020041700200C6
:105D80001D7802003D78020045700200F8FFFFFF19
:105D900000000000BD700200357802004D7802005E
:105DA0004D700200C1730200A17402001578020058
:105DB000000000000000000055780200B1780200E9
:105DC000C97802000000000000000000297A0200EB
:105DD000617802006D780200A54C0300797802001A
:105DE00081780200A9780200B94C0300000000008D
:105DF00000000000157F0200DD7F0200197F020015
:105E00001D7F0200297F02003D7F0200F97F020012
:105E10000000000000000000155902001D5902009A
:105E20002159020065810200E9FE02009180020012
:105E3000AD8002002116030025160300F98502003B
:105E40003916030001830200D180020041160300CD
:105E50000000000000000000AD8B02001D86020063
:105E600021860200A54C03002D860200AD4C0300E4
:105E700031860200B94C030041860200918602007F
:105E8000FCFFFFFF00000000155902001D59020031
:105E900021590200A1630200E9FE02008986020086
:105EA000A5860200676967676C6500003031303293
:105EB00033303938383031393030383434303034A8
:105EC00034303038383831303233303031363031A8
:105ED00030303333303032343030303030303030B6
:105EE00030303030303030303030303030303030B2
:105EF000303030302C313130323332353730303889
:105F0000373431313434303034343030383838305C
:105F10003335323030353930313030333330303062
:105F20003130303030303030303030303030303070
:105F3000303031303030303030303030302C333160
:105F40003032333237323930323131303534343027
:105F500032383839303838383030393130303633FB
:105F60003030303030303030323430373030303222
:105F7000303030303030303030303030333030301E
:105F80003030303030302C333130323332373239F8
:105F900030313032303534343032383839303838C6
:105FA00038303039313030363330303030303030D6
:105FB00030323430373030303230303030303030D2
:105FC0003030303030333030303030303030302CD2
:105FD0003331303233323732393031313430353495
:105FE0003430323838393038383830303931303070
:105FF000363330303030303030303234303730308B
:10600000303230303030303030303030303033308B
:106010003030303030303030000000006861707057
:106020007900000030313032333139393230363690
:10603000393131343430303434303038383830322B
:106040003632303032383030303031383030303233
:10605000303530303030303030303030303030303B
:106060003031303030303030303030302C30303231
:1060700033323231323930323935303834343032EB
:1060800034303430383838303030303030303430EC
:1060900030303232343030313130303030303030F6
:1060A00030303030303030303030303735303030E4
:1060B00030303030302C30303030303231323930D6
:1060C000323935303934343032343034303838388D
:1060D00030313435303030343030303232343030AA
:1060E00031313030303030303030303030303030AE
:1060F00030303030373530303030303030300000F4
:1061000068656C6C6F0000003331303233303637E5
:106110003330313937303234343031313837303848
:10612000383831303233303132383030303030304E
:106130003030323430303030303030303030303059
:10614000303030303030303030303030303030304F
:106150002C3330303030313036343030313630322C
:1061600034343030393831303838383030303030FD
:10617000313238303030303031303030343030300F
:10618000303030303030303030303030303030300F
:106190003030303030303030302C333130323331F9
:1061A00030363430323933303234343030393831BB
:1061B00030383838313032333031323830303030B6
:1061C00030313030303430303030303030303030CA
:1061D00030303030303030303030303030303030BF
:1061E000303000006D7973746572696F75730000EB
:1061F0003430303030323339303033333130303482
:106200003430323430343038383830343737303056
:10621000303430303032323430303131303430306C
:106220003030303030303030303030303030383066
:1062300030303030303030302C3430353531323849
:106240003435333835303030343430303434303025
:106250003838383030303030313238303330313017
:106260003530303136303030303030303030303022
:10627000303030303030383530303035303030310B
:106280003500000073616400333130323332323212
:1062900036303730383031343430313632343038CB
:1062A00038383130323330313238303030303031CC
:1062B00030303234303030303030303030303030D8
:1062C00030303030303030303030303030303030CE
:1062D0002C33313032333136323330393336303299
:1062E0003434303039333930383838303030303079
:1062F000313238303030303031303032343030308C
:10630000303030303030303030303030303030308D
:10631000303030303030303030000000736C696421
:1063200065000000313035323032333235303232B0
:10633000333032343430323430343038383831302D
:106340003233303132383031303230303030313138
:106350003034303030303030303030303030303039
:106360003031303030303030303030302C3031302F
:1063700032333235323030393130303234343030FB
:1063800034343030383838313032333031323830DC
:1063900031303232343030313130343030303030EE
:1063A00030303030303030303030313030303030EC
:1063B0003030303030000000736F6172696E6700FA
:1063C000323130323334303039353330393035349E
:1063D000343035393939303838383130323330307B
:1063E000323230323030303430303032303235309A
:1063F000303030303030303030303030303230309B
:1064000030303030303030302C343032323333377B
:106410003237323733303134343430303434303052
:106420003838383030303030303331303130323449
:106430003430303033303030303030303030303055
:10644000303030303030303030303030303030304C
:1064500030000000737072696E67000033303635AB
:1064600039303033373131363331323434303035FE
:1064700038373038383830383037303033343030DF
:106480003030303030303234303030303030303006
:1064900030303030303030303035303030303030F7
:1064A000303030302C3031303233303033373131DE
:1064B000363331333434303035383730383838319A
:1064C00030323330303331303030303030303032C1
:1064D00034303030303030303030303030303030B8
:1064E0003030353030303030303030303000000037
:1064F0007477696E6B6C6500303130313830303014
:106500003736373232303934343030373536303848
:10651000383830383535303132383030303030304E
:106520003030323430303030303030303030303065
:10653000303030303030303030303030303030305B
:10654000000000007961776E0000000032303030CA
:106550003032323831313333323032343430313515
:106560003030303838383130323330313238303101
:106570003032343130303234303430303033303007
:10658000303030303030303030313030303030300A
:10659000303030302C3030353331323532303039E4
:1065A00031303032343430303434303038383830C0
:1065B00036333630313238303130323234303031B7
:1065C00031303330303030303030303030303030C7
:1065D000303031303030303030303030302C3030BE
:1065E0003832323037383430313930303834343072
:1065F0003034343030383838303638313030313665
:10660000303030303535303032343030303030307A
:106610003030303030303030303030303530303075
:106620003030303030302C30303437393037383447
:106630003031393030383434303034343030383828
:106640003830323938303031363030303030303028
:106650003032343030303030303030303030303034
:106660003030303030353030303030303030302C29
:1066700030303332313037383430313930303834EB
:1066800034303034343030383838303130383030DD
:1066900031363030303033333030303830303030E5
:1066A00030303030303030303030303030303530E5
:1066B000303030303030303000000000000000005A
:1066C00000000000A9940200B1940200B9940200F5
:1066D000D1940200D9940200E1940200E9940200EE
:1066E000F994020009950200159502002595020013
:1066F0002D950200359502003D9502004D95020052
:10670000559502005D950200759502007D95020089
:10671000859502008D950200959502009D950200D9
:10672000D5950200D9950200DD9502001196020070
:106730000000000000000000A9940200B1940200D3
:10674000B99402001D990200D9940200E19502005B
:10675000E9940200F99402000995020015950200DF
:10676000259502002D95020035950200E595020061
:1067700045990200F5950200E99602007595020020
:106780007D950200859502008D9502009595020089
:106790009D950200D5950200D995020075960200DC
:1067A0005D9702001D9602009D990200F995020076
:1067B000FD950200E8FFFFFF0000000015590200F0
:1067C0001D5902006D960200A1630200E9FE02005D
:1067D000AD96020019970200E0FFFFFF00000000E5
:1067E000F9990200A14C030009960200A54C030090
:1067F00015970200AD4C0300B54C0300B94C0300E3
:10680000286804000C00000058680400060000001E
:1068100070680400040000008068040007000000A5
:106820009C680400070000000000803F6D56853F13
:106830000000903F9A99993F0000A03F93A9AA3F7A
:10684000A301B43F0000C03FCDCCCC3F6D56D53F37
:106850006666E63F0000F03F0000803F0000903F8A
:106860000000A03FA301B43FCDCCCC3F6666E63F1D
:106870000000803F9A99993FA301B43F6D56D53FE0
:106880000000803F0000903F0000A03F93A9AA3F76
:106890000000C03F6D56D53F0000F03F0000803F34
:1068A0000000903F9A99993F93A9AA3F0000C03FEA
:1068B000CDCCCC3F6666E63F000000000000000043
:1068C000D99C020025B1020025B10200819C020082
:1068D000859C020055B10200299F0200899F020099
:1068E00005B4020029B1020059B402002DB502001E
:1068F00041B10200AAFE0100FFFF14000500FFFFE6
:10690000FFFFFFFFFFFFFFFFFFFF00FFFFFF000094
:1069100000FFFFFFFFFFFFFFFF00FFFFFF00000082
:10692000FF0000000000FFFF00FFFFFF000000FF6E
:1069300000000000000000000000FFFFFFFFFFFF5D
:10694000FF00FFFFFF000000FF0000000000FFFF4E
:10695000FFFFFFFFFFFFFFFFFFFF00FFFFFF000044
:1069600000FF00000000FFFF00FF00FF00FF00FF2E
:10697000FFFF00FF00FF00FF0000FFFF000000001E
:10698000D8ECF0F4F8FC0004302C302C3235352CE7
:10699000302C300A302C3235352C302C302C300A4B
:1069A0003235352C3235352C3235352C3235352CC7
:1069B0003235350A302C3235352C302C302C300A1B
:1069C000302C302C3235352C302C300A00000000B1
:1069D000302C302C302C302C300A302C302C302CF9
:1069E000302C3235350A302C302C302C3235352CC9
:1069F000300A3235352C302C3235352C302C300ADB
:106A0000302C3235352C302C302C300A0000000070
:106A10003235352C302C302C302C3235350A302C98
:106A20003235352C302C3235352C300A302C302C88
:106A30003235352C302C300A302C3235352C302C78
:106A40003235352C300A3235352C302C302C302C68
:106A50003235350A000000005265626F6F744D6F69
:106A600064650000205B00005D00000020563200DD
:106A70000000000000000000155902001D5902002E
:106A800039A10200A9A20200E9FE020009A1020048
:106A900051A40200424243206D6963726F3A6269F9
:106AA00074000000E95D0000251D470AA062FA1984
:106AB00022DFA9A8000000000000000025B10200AC
:106AC00025B1020025B10200314E0400314E040010
:106AD00055B1020025B1020025B1020005B4020043
:106AE00029B1020059B402002DB5020041B10200E3
:106AF000000000000000000025B1020025B10200E6
:106B000025B1020021B6020025B6020055B10200EF
:106B100001BA020009BA020005B4020029B102005C
:106B200059B402002DB5020041B102002E636F6D11
:106B30002F0000002E6F72672F0000002E65647515
:106B40002F0000002E6E65742F0000002E696E6607
:106B50006F2F00002E62697A2F0000002E676F767B
:106B60002F0000002E636F6D000000002E6F726713
:106B7000000000002E656475000000002E6E657434
:106B8000000000002E696E666F0000002E62697AB8
:106B9000000000002E676F760000000068747470BB
:106BA0003A2F2F7777772E0068747470733A2F2FEF
:106BB0007777772E00000000687474703A2F2F00EA
:106BC00068747470733A2F2F0000000000000000FA
:106BD000000000008DBE02009DBC020025B1020035
:106BE00091BB020095BB020055B1020025B1020025
:106BF00025B1020005B4020029B1020059B4020017
:106C00002DB5020041B1020091BF0200E9BB0200B4
:106C10003DBC0200F8FFFFFF000000001559020014
:106C20001D590200E1BF0200A1630200E9FE02005B
:106C300011BC02006DBC020000000000000000005A
:106C4000ADC0020025C5020025B10200E9BF020067
:106C5000EDBF020055B1020025B1020025B10200CE
:106C600005B4020029B1020059B402002DB502009A
:106C700041B1020061C50200F9BF02004DC002002F
:106C8000F8FFFFFF00000000155902001D59020027
:106C9000B9C50200A1630200E9FE020021C00200A2
:106CA0007DC00200000000000000000049C6020094
:106CB000D1C5020025B10200C1C50200C5C5020050
:106CC00055B1020025B1020025B1020005B4020051
:106CD00029B1020059B402002DB5020041B10200F1
:106CE000000000000000000051C8020025B10200B1
:106CF00025B10200F9C70200FDC7020055B102002C
:106D0000B1CC020011CD020005B4020029B102008D
:106D100059B402002DB5020041B1020001AA0000E1
:106D2000666C617368496E636F6D706C6574650045
:106D3000E97D0000251D470AA062FA1922DFA9A8F3
:106D4000000000000000000035CF020025B1020065
:106D500025B1020019CD02001DCD020055B102007F
:106D600025B1020025B1020005B4020029B10200DC
:106D700059B402002DB5020041B10200000000002C
:106D80000000000051D3020025B1020025B102002D
:106D9000F9D20200FDD2020055B1020085D50200F1
:106DA000E5D5020005B4020029B1020059B4020081
:106DB0002DB5020041B102006E400000B5A3F3936F
:106DC000E0A9E50E24DCCA9E0000000000000000DF
:106DD00049D7020025B10200D1D60200EDD502004C
:106DE000F1D5020055B1020025B10200FDD5020027
:106DF00005B4020029B1020059B402002DB5020009
:106E000041B1020000000000000000008182030088
:106E100021830300B17F0300B5890300C97F03000C
:106E20001D81030035800300458003007980030045
:106E30008580030025950200A1850300A58A030033
:106E40009580030071810300BD830300A5800300CA
:106E5000BD8003007D950200859502005D880300DA
:106E60000D88030005820300957F0300E98303007A
:106E7000E5DC02002DDD0200E8FFFFFF000000005E
:106E8000155902002D330300215902001934030063
:106E9000E9FE020009DD020055DD02007134030045
:106EA00009330300D1340300DCFFFFFF00000000C2
:106EB00025330300FFFFFFFF000000010002000375
:106EC00000040100010101020103010402000201AA
:106ED000020202030204030003010302030303048A
:106EE0000400040104020403040400000000000084
:106EF00000000000A55F0200D9DD02009D5F0200D6
:106F00005D5F0200995F02006D630200915F020005
:106F1000DDDE020061C60100D5DD020021DF0200D6
:106F20000D1A0200711F0200FCFFFFFF00000000AD
:106F300061E3020045DF02004DDF0200A1630200B1
:106F4000E9FE0200D51B0200A11D020000000000A6
:106F500000000000155902001D59020021590200CD
:106F6000A1630200B5E8020069E3020095E30200B4
:106F70000000000000000000155902001D59020029
:106F800021590200A1630200E9FE0200E9E90200C2
:106F9000FDE902007D0F0300450F03004D0F0300C4
:106FA000490F0300A1E90200C5E90200A512030090
:106FB0000000000000000000155902001D590200E9
:106FC00021590200A1630200E9FE02009DEB0200CC
:106FD000B1EB020055EB0200DD1303007113030057
:106FE00079EB020075130300302C3235352C302C30
:106FF0003235352C300A302C3235352C302C3235A8
:10700000352C300A302C302C302C302C300A3235D4
:10701000352C302C302C302C3235350A302C323592
:10702000352C3235352C3235352C300A0000000035
:1070300054494C5420544F2046494C4C2053435201
:1070400045454E2000000000636F6D70617373430F
:10705000616C000000000100020003000400000158
:107060000101020103010401000201020202030204
:1070700004020003010302030303040300040104E8
:107080000204030404040000D8ECF0F4F8FC00044B
:107090000000000000000000155902001D59020008
:1070A000B1F80200BDFB0200E9FE020079F802001F
:1070B00091F80200000000000000000015590200D5
:1070C0001D59020021590200A1630200E9FE0200DD
:1070D00075FE0200B1FE020000000000000000008A
:1070E000155902001D59020021590200A163020036
:1070F000E9FE02000000000000000000314E040024
:107100000000000000000000155902001D59020097
:1071100021590200A1630200E9FE02000000000004
:10712000000000007D0F0300450F03004D0F03001A
:10713000490F0300314E0400314E0400A512030034
:107140000000000000000000155902001D59020057
:1071500021590200A1630200E9FE020000000000C4
:1071600000000000314E0400DD1303007113030022
:10717000314E040075130300000000000000000001
:10718000155902001D59020021590200A163020095
:10719000E9FE0200611603008916030021160300B0
:1071A0002516030029160300391603003D160300B7
:1071B0003D1603004116030000000000000000001F
:1071C0002D190300FD160300051703000517030022
:1071D0000D1703000D170300F51603001517030024
:1071E000B517030031170300491803007117030096
:1071F0005117030000000000000000002D190300DB
:1072000000000000000000002D190300314E0400B2
:10721000314E0400314E0400314E0400ED1A0300DB
:10722000314E0400314E040095190300C11F0300C4
:107230000000000000000000F8FFFFFF0000000059
:10724000155902001D590200151B0300A16302001D
:10725000E9FE020000000000000000000000000045
:1072600000000000E9240300D9240300000000000E
:107270000000000015590200652F0300215902008B
:10728000A1630200E9FE0200012C0300412C03006F
:107290000000000000000000155902002D3303001B
:1072A0002159020019340300E9FE0200C93203002B
:1072B000E53203007134030009330300D1340300C5
:1072C000F4FFFFFF0000000025330300DC72040020
:1072D00004000000FC72040009000000020000002D
:1072E0000000000004000000100000000800000082
:1072F00020000000100000003000000069020000C3
:1073000080000000E802000090000000C4090000B6
:1073100070000000881300006000000010270000CB
:1073200050000000204E000040000000409C000083
:1073300030000000A08601002000000040420F0045
:1073400010000000000000000000000015590200BD
:107350001D590200DD390300BD3A0300E9FE0200B9
:107360008D3A0300A13A03007D0F0300450F03008F
:107370004D0F0300490F0300E5390300F53A030000
:10738000A51203008C730400040000001027000005
:107390000C000000204E00000800000050C3000058
:1073A00004000000A08601000000000000000000B2
:1073B00000000000155902001D590200293C03007D
:1073C000D13C0300E9FE0200A13C0300B53C0300F0
:1073D000313C0300DD13030071130300093D03007A
:1073E000751303000000000000000000FD3D0300D5
:1073F000A9FE0200290103000D3E03000000000069
:107400000000000085430300093F0300713E0300B4
:10741000113E0300A14003002D410300F4FFFFFFD4
:1074200000000000155902001D59020021590200F8
:10743000A1630200E9FE020025410300414103006F
:107440000000000000000000155902001D59020054
:1074500021590200A1630200E9FE02005144030029
:1074600065440300F5430300000000000000000035
:10747000155902002D33030021590200193403006D
:10748000E9FE0200254803004D4803007134030063
:10749000AD490300F1470300F4FFFFFF00000000C7
:1074A000CD49030000000000000000001559020053
:1074B0001D59020021590200A1630200E9FE0200E9
:1074C000194C0300894C0300614A0300D5490300AD
:1074D000AD4A03000000000000000000394D030029
:1074E000A14C03009D4C0300A54C0300A94C0300D4
:1074F000AD4C0300B54C0300B94C03000000000084
:10750000000000008D4D0300C54C0300D54C030066
:10751000E94C0300E14C0300AD4C0300194D03009E
:10752000294D0300D54D0300FCFFFFFF00000000C4
:10753000614E03000000000000000000BD4C03008D
:107540000000000000000000155902001D59020053
:1075500021590200A1630200E9FE0200814F0300ED
:10756000A14F0300C94F0300F8FFFFFF0000000018
:10757000C55203000000000000000000D9570300BE
:10758000B555030059550300795503009155030083
:10759000A1550300B1550300FCFFFFFF00000000F0
:1075A00065570300A14C030071570300A54C03006D
:1075B000715503008955030099550300A95503002F
:1075C000000000000000000071590300255903006D
:1075D000F9590300A55A03002D580300AD580300C4
:1075E000E5580300FCFFFFFF0000000015590200F2
:1075F0001D59020021590200A1630200E9FE0200A8
:10760000DD5803001D5903000000000000000000C9
:107610007D5C03007958030009580300915803006A
:107620001558030021580300F15A0300455A03007E
:10763000E15703006D580300E5570300FCFFFFFF0F
:1076400000000000015803000000000000000000DE
:107650000000000000000000000000000000010029
:10766000010001000100020002000200030003000B
:1076700003000400040005000500060006000700E2
:10768000070008000800090009000A000B000B00B1
:107690000C000D000D000E000F0010001000110076
:1076A0001200130014001500160016001700180031
:1076B00019001A001B001C001D001E0020002100E4
:1076C00022002300240025002600280029002A008B
:1076D0002B002D002E002F0031003200330035002A
:1076E0003600380039003A003C003D003F004000C1
:1076F000420044004500470048004A004C004D004D
:107700004F005100520054005600570059005B00D2
:107710005D005F00600062006400660068006A004F
:107720006C006E00700072007400760078007A00C1
:107730007C007E00800082008400860088008A0031
:107740008D008F0091009300950098009A009C0096
:107750009E00A100A300A500A700AA00AC00AF00F6
:10776000B100B300B600B800BB00BD00BF00C2004E
:10777000C400C700C900CC00CE00D100D300D600A1
:10778000D800DB00DE00E000E300E500E800EB00ED
:10779000ED00F000F300F500F800FB00FD00000133
:1077A0000301060108010B010E011101130116016D
:1077B00019011C011F012101240127012A012D01AA
:1077C00030013301350138013B013E0141014401E3
:1077D00047014A014D0150015301560159015C0115
:1077E0005F016201650168016B016E017101740145
:1077F00077017A017D0180018301860189018C0175
:107800008F019201950198019B019E01A101A401A4
:10781000A801AB01AE01B101B401B701BA01BD01CC
:10782000C001C401C701CA01CD01D001D301D601F5
:10783000D901DD01E001E301E601E901EC01EF011D
:10784000F201F601F901FC01FF0102020502080242
:107850000C020F021202150218021B021E02210264
:10786000250228022B022E023102340237023A028C
:107870003E024102440247024A024D0250025302B4
:1078800056025A025D0260026302660269026C02DD
:107890006F027202750278027B027E02810284020C
:1078A00087028A028D0290029302960299029C023C
:1078B0009F02A202A502A802AB02AE02B102B4026C
:1078C000B702BA02BD02C002C302C602C902CB029D
:1078D000CE02D102D402D702DA02DD02DF02E202D6
:1078E000E502E802EB02ED02F002F302F602F80212
:1078F000FB02FE0201030303060309030B030E034D
:1079000011031303160319031B031E032003230390
:10791000260328032B032D033003320335033703DB
:107920003A033C033F0341034303460348034B032D
:107930004D034F0352035403570359035B035D0385
:10794000600362036403660369036B036D036F03E3
:1079500071037403760378037A037C037E03800348
:1079600082038403860388038A038C038E039003B7
:1079700092039403960398039A039C039E039F0328
:10798000A103A303A503A703A803AA03AC03AD03A4
:10799000AF03B103B203B403B603B703B903BA0329
:1079A000BC03BE03BF03C103C203C403C503C603B4
:1079B000C803C903CB03CC03CD03CF03D003D1034A
:1079C000D303D403D503D603D803D903DA03DB03E7
:1079D000DC03DD03DE03E003E103E203E303E4038E
:1079E000E503E603E703E803E803E903EA03EB033F
:1079F000EC03ED03EE03EE03EF03F003F103F103F9
:107A0000F203F303F303F403F503F503F603F603BC
:107A1000F703F703F803F803F903F903FA03FA038A
:107A2000FB03FB03FB03FC03FC03FC03FD03FD035F
:107A3000FD03FD03FE03FE03FE03FE03FE03FE0340
:107A4000FE03FE03FE03FE03FF03FE03000000002F
:107A50000008080800080A4A4000000A5FEA5FEAD6
:107A60000ED92ED36E19324489330C924C924D08A4
:107A70000800000004880808040804848488000AB8
:107A8000448A4000048EC480000000048800000E78
:107A9000C000000000080001224488100C925252DD
:107AA0004C048C84848E1C824C901E1EC244924CCA
:107AB00006CA525FE21FF01EC13E02448ED12E1F45
:107AC000E24488100ED12ED12E0ED12EC48800088B
:107AD00000080000048004880244880482000EC06C
:107AE0000EC008048244880ED126C0040ED135B3DE
:107AF0006C0C925ED2521C925C925C0ED010100EF6
:107B00001C9252525C1ED01C901E1ED01C90100E57
:107B1000D013712E12525ED2521C8808081C1FE22C
:107B200042524C1254981492101010101E113B75B2
:107B3000B131113935B3710C9252524C1C925C9098
:107B4000100C92524C861C925C92510ED00C825CAE
:107B50001FE4848484125252524C1131312A441150
:107B60003135BB7112524C9252112A4484841EC486
:107B700088101E0EC808080E10080482410EC2426A
:107B8000424E048A400000000000001F08048000EC
:107B900000000ED2524F10101C925C000ED0100E3E
:107BA00002424ED24E0C925C900E06C81C88080E03
:107BB000D24EC24C10101C92520800080808024015
:107BC00002424C10149814920808080806001B750D
:107BD000B131001C925252000C92524C001C925C2B
:107BE00090000ED24EC2000ED010100006C80498AD
:107BF00008080EC807001252524F0011312A4400E3
:107C0000113135BB00124C8C9200112A4498001E91
:107C1000C4881E06C48C8486080808080818080C46
:107C2000881800000C836000FFFF010000000000C6
:107C3000FFFF0000FFFF0000407C04000800000080
:107C4000020000000100000003000000020000002C
:107C50000400000003000000050000000400000014
:107C60001C000000050000001D00000006000000D0
:107C70001E000000070000001F00000008000000B8
:107C80000000000000000000496A0300356A03009C
:107C9000416A0300A54C0300056A0300096A03005A
:107CA000196A03007170030000000000000000006A
:107CB000155902001D59020021590200C56F030029
:107CC000E9FE0200596A0300F56A0300CD72030061
:107CD000F8FFFFFF00000000FD720300000000003D
:107CE00000000000B97503001175030005170300BB
:107CF000051703000D1703000D170300F516030009
:107D00001517030081780300311703004979030038
:107D10008175030051170300717503007575030029
:107D200085760300000000000000000015590200E5
:107D30001D59020021590200A1630200E9FE020060
:107D40001D7A0300997A0300317E0300617A0300F3
:107D5000F8FFFFFF00000000B17E0300F4FFFFFF0B
:107D600000000000917A0300000000000000000005
:107D70008182030021830300B17F0300B5890300E2
:107D8000C97F03001D810300358003004580030087
:107D9000798003008580030025950200A1850300FA
:107DA000A58A03009580030071810300BD83030051
:107DB000A5800300BD8003007D950200859502002B
:107DC0005D8803000D88030005820300957F030092
:107DD000E98303009DE9020049EB02000200000074
:107DE0000400000006000000000000000000000089
:107DF0002D190300498D0300118B0300B18B030083
:107E0000058F03007D8E0300BD8E0300C58B03002C
:107E1000C98B030000000000000000002D190300C2
:107E200021900300358F0300458F0300E98F030085
:107E3000ED1A0300BD90030019900300951903008B
:107E4000C11F030015920300BD920300519103006E
:107E5000F8FFFFFF00000000155902001D59020045
:107E6000151B03000D920300E9FE0200B59203000A
:107E7000D19203000000000000000000155902002C
:107E80001D59020021590200A1630200E9FE02000F
:107E900095950300A9950300FD960300259703001F
:107EA000AD4A030000000000000000001559020068
:107EB0001D590200215902003D990300E9FE02000C
:107EC000059903001D990300B56502004D97030055
:107ED0007D970300B9970300D9970300F19703003A
:107EE0008D9903001D9803003D9803006D980300D1
:107EF000A19803000D9A0300D5990300C1980300CF
:107F00004997030000300040030000000F0000000C
:107F100000400040040000000F000000003002405C
:107F2000230000000C0000000020004002000000C0
:107F30001000000000F002402F00000004000000CC
:107F40000080024028000000100000000100060030
:107F500000000000543C002081A20300C4870400FC
:107F6000C887040004000000010006005C3F0020F8
:107F700000100201E0870400F08704000800000000
:107F8000D0870400E087040008000000C8870400D0
:107F9000D0870400080000006C870400A487040058
:107FA00008000000A4870400C48704000800000043
:107FB00050EADA308883B89F604F15F30000C98E0D
:107FC0000000FFFFDEC0ADDEFE011EF1DEC0ADDE53
:107FD000FF011EF10010000004000000010000007D
:107FE000DDFA0300B9FA0300A9FA030001FD03005A
:107FF000ADFC03007DFA030081FA030085FA03005B
:108000000100FFFF0000000001000000010001006E
:108010001C80040001000100208004000100000019
:10802000000000000000000000000000F50F040048
:1080300015100400311004000000000000000000D2
:108040006D1004005110040055100400A54C0300ED
:108050006110040065100400B54C0300B94C030026
:1080600061636F730000000061636F73680000005C
:108070006173696E000000006174616E6800000049
:10808000636F73680000000065787000666D6F6450
:10809000000000006C6F67006C6F673130000000FB
:1080A00073696E6800000000737172740000000054
:1080B0006C6F673130660000706F776600000000FB
:1080C0007371727466000000FB21F93FFB210940C7
:1080D0007CD91240FB2119407A6A1F407CD922408A
:1080E000BBFD2540FB2129403A462C407A6A2F40AF
:1080F0005C4731407CD932409C6B3440BBFD3540FD
:10810000DB8F3740FB2139401BB43A403A463C40B4
:108110005AD83D407A6A3F404C7E40405C474140DF
:108120006C1042407CD942408CA243409C6B44403E
:10813000AC344540BBFD4540CBC64640DB8F474095
:10814000EB584840FB21494083F9A200444E6E00A1
:10815000FC291500D1572700DD34F50062DBC00093
:108160003C999500419043006351FE00BBDEAB009B
:10817000B761C5003A6E2400D24D42004906E000C6
:1081800009EA2E001C92D100EB1DFE0029B11C0053
:10819000E83EA700F535820044BB2E009CE9840030
:1081A000B4267000417E5F00D691390053833900B8
:1081B0009CF439008B5F840028F9BD00F81F3B0058
:1081C000DEFF97000F980500112FEF000A5A8B0071
:1081D0006D1F6D00CF7E360009CB2700464FB700DC
:1081E0009E663F002DEA5F00BA277500E5EBC700E9
:1081F0003D7BF100F739070092528A00FB6BEA00E1
:108200001FB15F00085D8D00300356007BFC460007
:10821000F0AB6B0020BCCF0036F49A00E3A91D0040
:108220005E619100081BE60085996500A0145F005F
:108230008D40680080D8FF0027734D00060631008E
:10824000CA561500C9A873007BE260006B8CC000A1
:10825000000FC93F000F494000CB9640000FC940B6
:108260000053FB4000CB164100ED2F41000F494168
:108270000031624100537B41003A8A4100CB964174
:10828000005CA34100EDAF41007EBC41000FC9413D
:1082900000A0D5410031E24100C2EE410053FB4154
:1082A00000F20342003A0A420083104200CB164219
:1082B00000141D42005C234200A5294200ED2F421C
:1082C00000363642007E3C4200C74242000F49421F
:1082D000A2000000F9000000830000006E00000012
:1082E0004E000000440000001500000029000000BE
:1082F000FC0000002700000057000000D100000033
:10830000F500000034000000DD000000C0000000A7
:10831000DB000000620000009500000099000000F2
:108320003C000000430000009000000041000000FD
:10833000FE0000005100000063000000AB000000E0
:10834000DE000000BB000000C5000000610000006E
:10835000B7000000240000006E0000003A0000009A
:10836000420000004D000000D2000000E0000000CC
:1083700006000000490000002E000000EA00000096
:1083800009000000D1000000920000001C00000065
:10839000FE0000001D000000EB0000001C000000BB
:1083A000B100000029000000A70000003E0000000E
:1083B000E80000008200000035000000F500000029
:1083C0002E000000BB0000004400000084000000FC
:1083D000E90000009C000000700000002600000082
:1083E000B40000005F0000007E00000041000000BB
:1083F0003900000091000000D600000039000000A4
:10840000830000005300000039000000F400000069
:108410009C000000840000005F0000008B00000052
:10842000BD000000F9000000280000003B00000033
:108430001F000000F800000097000000FF0000008F
:10844000DE00000005000000980000000F000000A2
:10845000EF0000002F000000110000008B00000062
:108460005A0000000A0000006D0000001F0000001C
:108470006D000000360000007E000000CF0000000C
:1084800027000000CB00000009000000B70000003A
:108490004F000000460000003F00000066000000A2
:1084A0009E0000005F000000EA0000002D000000B8
:1084B0007500000027000000BA000000C70000009F
:1084C000EB000000E5000000F10000007B00000070
:1084D0003D0000000700000039000000F700000028
:1084E0008A0000005200000092000000EA00000034
:1084F0006B000000FB0000005F000000B100000006
:108500001F0000008D0000005D000000080000005A
:10851000560000000300000030000000460000008C
:10852000FC0000007B0000006B000000AB000000BE
:10853000F0000000CF000000BC00000020000000A0
:108540009A000000F4000000360000001D0000004A
:10855000A9000000E300000091000000610000009D
:108560005E000000E60000001B00000008000000A4
:108570006500000099000000850000005F00000019
:1085800014000000A000000068000000400000008F
:108590008D000000FF000000D800000080000000F7
:1085A0004D000000730000002700000031000000B3
:1085B0000600000006000000150000005600000044
:1085C000CA00000073000000A8000000C9000000FD
:1085D00060000000E20000007B000000C00000001E
:1085E0008C0000006B00000002000000030000008F
:1085F00004000000060000000000C93F0000F03940
:108600000000DA370000A2330000842E0000502B57
:108610000000C2270000D0220000C41F0000C61BBB
:1086200000004417040000000700000009000000DB
:108630003863ED3EDA0F493F5E987B3FDA0FC93F62
:108640006937AC3168212233B40F14336821A23367
:108650000000004B000000CB442100204300504F9D
:10866000534958002E0000202020202020202020C8
:1086700028282828282020202020202020202020D2
:108680002020202020202088101010101010101002
:108690001010101010101004040404040404040446
:1086A00004101010101010104141414141410101CE
:1086B00001010101010101010101010101010101AA
:1086C00001011010101010104242424242420202B8
:1086D000020202020202020202020202020202027A
:1086E0000202101010102000000000000000000026
:1086F000000000000000000000000000000000007A
:108700000000000000000000000000000000000069
:108710000000000000000000000000000000000059
:108720000000000000000000000000000000000049
:108730000000000000000000000000000000000039
:108740000000000000000000000000000000000029
:108750000000000000000000000000000000000019
:0C8760000000000000000000000000000D
:10876C0091B3030000000000B1B903006C39002084
:10877C0091B1030000000000F9C4030000000000E8
:10878C0041B50200000000002DDF0300C43F0020B3
:08879C0071A6020000000000BC
:1087A400057F02000000000009F50200000000003F
:1087B4005DFC03000000000069E10300000000000C
:0487C400DDAC020026
:0887C80069FC03000000000041
:1087D000B9DD030000000000BDDE03000000000062
:1087E0000DAD02000000000095FA0300000000003B
:0887F0003C83FD7F0100000045
:1087F80000000000F0580400F4580400F858040081
:10880800A10D0C00FFFFFFFF1068040018680400AA
:10881800206804000068040008680400B45B0400D1
:10882800946A0400060000009C6B0400A86B040016
:10883800B86B0400C06B04002C6B0400346B04009C
:108848003C6B0400446B04004C6B0400546B040044
:108858005C6B0400646B04006C6B0400746B0400B4
:108868007C6B0400846B04008C6B0400946B040024
:108878007D0000000138FDD1704700BF0955030095
:10888800095503000D55030015550300195503003C
:1088980021550300295503003155030035550300C0
:1088A80039550300395503006D5703003D55030042
:1088B8004155030045550300455503005155030034
:1088C800555503004C7A0400FFFFFFFF4C4300207E
:1088D8000090D0030010014011000400FFFFFFFFCB
:1088E800FFFFFFFFFFFFFFFFFFFFFFFF494E0400F1
:1088F80044210020000000000000000000000000EB
:10890800000000000000000000000000000000005F
:10891800000000000000000000000000000000004F
:10892800000000000000000000000000000000003F
:10893800000000000000000000000000000000002F
:10894800000000000000000000000000000000001F
:1089580000000000430000000000000000000000CC
:1089680000000000000000000000000000000000FF
:1089780000000000430000000000000000000000AC
:1089880000000000000000000000000000000000DF
:10899800000000004300000000000000000000008C
:1089A80000000000000000000000000000000000BF
:1089B800000000004300000000000000000000006C
:1089C800000000000000000000000000000000009F
:1089D800000000004300000000000000000000004C
:1089E800000000000000000000000000000000007F
:1089F800000000004300000000000000000000002C
:108A0800000000000000000000000000000000005E
:108A1800000000004300000000000000000000000B
:108A2800000000000000000000000000000000003E
:108A3800000000008551040061510400000000009E
:108A48006686040064860400658604006586040062
:108A58006586040065860400658604006586040052
:108A6800658604006586040065860400FFFFFFFF35
:108A7800FFFFFFFFFFFFFFFFFFFF00000100415363
:108A88004349490000000000000000000000000009
:108A9800000000000000000000000000000041533A
:108AA80043494900000000000000000000000000E9
:108AB80000000000000000000000000000000000AE
:108AC800F0B50F0D11F0FF01012414FA01F114465D
:108AD8001D4603461BE099600822064208BF5FF066
:108AE8000302013AFDD1D9600422064208BF5FF0B3
:108AF8000602760805D000BF00BF00BF013AFDD1CD
:108B0800E9E7023A013AFDD10134013D05DD80264D
:108B180020787843000AD960DDE7D960F0BD00FA13
:108B28000004FFFF03011818181818181818010076
:108B3800110B0200DD19020041410200659202009A
:108B48003DFD0200015E030011650300CD680300CE
:108B5800819C0300ED0A02000000000000000000F4
:0C8B6800B9EF0300000000000000000056
:0C8B7400000000000000000000000000F5
:020000040007F3
:1070000000000220F97207002173070023730700B4
:10701000257307002773070029730700000000008D
:107020000000000000000000000000001DB5070087
:107030002D730700000000002F7307003173070055
:10704000337307003373070033730700337307008C
:10705000337307003373070033730700337307007C
:10706000337307003373070033730700337307006C
:10707000337307003373070033730700337307005C
:10708000998E0700337307003373070033730700CB
:1070900033730700337307001DB70700337307000E
:1070A000337307003373070033730700337307002C
:1070B0003373070033730700000000000000000076
:1070C000337307003373070033730700337307000C
:1070D0001D8B0700337307003373070033730700FA
:1070E00033730700000000000000000000000000F3
:1070F0000000000033730700000000003373070036
:10710000000000000000000000000000000000007F
:10711000000000000000000000000000000000006F
:10712000000000000000000000000000000000005F
:10713000000000000000000000000000000000004F
:10714000000000000000000000000000000000003F
:10715000000000000000000000000000000000002F
:10716000000000000000000000000000000000001F
:10717000000000000000000000000000000000000F
:1071800000000000000000000000000000000000FF
:1071900000000000000000000000000000000000EF
:1071A00000000000000000000000000000000000DF
:1071B00000000000000000000000000000000000CF
:1071C00000000000000000000000000000000000BF
:1071D00000000000000000000000000000000000AF
:1071E000000000000000000000000000000000009F
:1071F000000000000000000000000000000000008F
:107200000348044B834202D0034B03B11847704735
:10721000A02B0020A02B00200000000005480649FC
:107220000B1AD90F01EBA301491002D0034B03B194
:1072300018477047A02B0020A02B00200000000062
:1072400010B5064C237843B9FFF7DAFF044B13B1AE
:107250000448AFF300800123237010BDB42B00203D
:1072600000000000B0D2070008B5044B1BB1044970
:107270000448AFF30080BDE80840CFE700000000FD
:10728000B82B0020B0D20700A3F5803A704700BFAA
:10729000154B002B08BF114B9D46FFF7F5FF002152
:1072A0008B460F461148124A121A05F00FFC0C4B80
:1072B000002B00D098470B4B002B00D098470020A4
:1072C000002104000D000B4805F0DEFA05F010FB6C
:1072D0002000290001F020F905F0DCFA0000080088
:1072E000000000000000000000000220B42B00207D
:1072F0004C520020BDC807000649074A074B9B1A9D
:1073000003DD043BC858D050FBDC00F023F8FFF746
:10731000BFFF000020D30700E82A0020B42B002084
:10732000FEE7FEE7FEE7FEE7FEE7FEE7FEE7FEE735
:10733000FEE7FEE7054B1B680D2B01BF044B1868E9
:10734000B0FA80F0400918BF0020704730010010EB
:107350003401001008B5FFF7EDFF40B14FF0804356
:107360000022C3F80C21C3F81021C3F83825FFF719
:10737000E1FF002846D04FF080524D4BD2F8041464
:10738000C3F82015D2F80814C3F82415D2F80C1449
:10739000C3F82815D2F81014C3F82C15D2F8141419
:1073A000C3F83015D2F81814C3F83415D2F81C14E9
:1073B000C3F84015D2F82014C3F84415D2F82414A9
:1073C000C3F84815D2F82814C3F84C15D2F82C1479
:1073D000C3F85015D2F83014C3F85415D2F8341449
:1073E000C3F86015D2F83814C3F86415D2F83C1409
:1073F000C3F86815D2F84014C3F86C15D2F84424C9
:10740000C3F87025FFF796FF48B14FF08043D3F8DB
:107410000024D20744BF6FF00102C3F80024254ABC
:10742000D2F8883043F47003C2F88830BFF34F8F2E
:10743000BFF36F8F4FF01023D3F80022002A03DB35
:10744000D3F80432002B2FDA1B4B0122C3F804259A
:10745000D3F80024002AFBD04FF010221221C2F8EA
:107460000012D3F80024002AFBD04FF01023122280
:10747000C3F80422104B1A46D3F800140029FBD09D
:107480000021C3F80415D2F80034002BFBD0BFF361
:107490004F8F0849094BCA6802F4E0621343CB607E
:1074A000BFF34F8F00BFFDE7054B064A1A6008BDCA
:1074B00000C0004000ED00E000E001400400FA05DB
:1074C000E82A00200090D0034B1C30B5DB000446B6
:1074D00012F003009BB20DD1074D2A601A44074BEE
:1074E0001A60074B1870074B1870074B1C80074B2E
:1074F000198030BD0720FCE7D82B0020D42B0020BA
:10750000D02B0020E02B0020DC2B0020DE2B0020E5
:107510002DE9F3472B4F3B888B4206460D4690469C
:107520004BD300240DF107008DF8074000F086F8DA
:10753000254B26481A78264B008893F800C08445CE
:107540005FFA8CF138BF4C1CD2B238BFE4B2A24211
:107550002DD01C781A78D1B2904286BF0131C9B2C1
:10756000002119709DF8070000F08CF84FF6FF73AA
:107570009C4224D0DFF86090D9F800204FEAC40A7A
:1075800042F8348002EBC403A6B19DB1114B388898
:107590001B682A4604FB0030314605F0FDF9D9F896
:1075A0000030534400209D8002B0BDE8F0874FF6C4
:1075B000FF74D7E700209880F6E70920F4E704205D
:1075C000F2E700BFDC2B0020E02B0020DE2B0020A8
:1075D000D02B0020D42B0020D82B0020F8B5114C44
:1075E000114D264622782B789A4200D1F8BD0F48DB
:1075F0000F4A2378126807880E4802EBC30100681F
:1076000052F83320898803FB070090470A49227803
:107610000988D3B2914286BF0133DBB200233370B5
:10762000E0E700BFE02B0020D02B0020DC2B002067
:10763000D82B0020D42B0020DE2B002070B5EFF3D8
:10764000108672B60C4A946801239CB993600B4B68
:107650000B4DD3F8801029401160C3F88050D3F847
:10766000841051604FF0FF32C3F88420047006B9D3
:1076700062B670BD0370FAE7C04E002000E100E082
:10768000FC06FFBD10B5084B9A685AB150B9EFF32C
:10769000108172B6054A1C6814605C68546098607A
:1076A00001B962B610BD00BFC04E002000E100E08D
:1076B00030B53AB11368DB430A4D0144814204D12D
:1076C000D84330BD4FF0FF33F6E710F8012B53409D
:1076D000082213F0010418BF2C46013A84EA530330
:1076E000F7D1EBE72083B8ED10B561B1B2FBF3F44D
:1076F00003FB1424A4B244B9C0E90014846082815D
:10770000C381204610BD0E20FCE70920FAE782B0B5
:1077100050E8022FC188B2EB324F4FF0000317BF81
:1077200092B241EA014142EA014104E04268B2EB0F
:10773000324F08BF012340E80212002AE8D18DF839
:1077400007309DF80730002B0CBF1120002002B03D
:10775000704737B550E8013F9DB2C48925448489FC
:10776000A54228BF2D1B0489A54202BFBFF32F8F5E
:10777000002207E0C5EA030540E80154002CE9D1E6
:107780004FF001028DF803200193019B9DF8032027
:107790000B6002F0FF0322B10B880068184403B0AD
:1077A00030BD1846FBE70A884B889A4209D150E859
:1077B000012FC2EA024240E80123002BF7D1012049
:1077C00070470020704737B550E8023F1FFAA3F515
:1077D000C488A54202BFBFF32F8F00220DE0C489E9
:1077E00025448489A54228BF2D1BC3EA054540E8EE
:1077F0000254002CE8D14FF001028DF803200193D0
:10780000019B9DF803200B6002F0FF0322B14B881F
:107810000068184403B030BD1846FBE70A884B885F
:107820009A4209D150E8022FC2EA224240E80223DC
:10783000002BF7D1012070470020704710B5034698
:1078400053E8000F40EA010243E8002494F0000FDF
:10785000F6D110BD10B5034653E8002F02EA01002F
:1078600043E8000494F0000FF6D110BD0121FFF7AA
:10787000E5BF0021FFF7EEBF10B590B1D0E90123BD
:1078800001689B1ADBB20A60013BDBB2FF2B026886
:1078900002D10020107110BD11684C1C14600B70D7
:1078A000F2E70E20F7E737B5044600250DF1070093
:1078B0008DF80750FFF7C2FE2268616813688B429B
:1078C00010D9591E116013F8015C228AE36802FB8B
:1078D00005352268A36811685B1A1179DBB29942F9
:1078E00038BF13719DF80700FFF7CCFE284603B0A0
:1078F00030BD37B5054600230DF107000C468DF865
:107900000730FFF79BFE2A681368591C1160E9686D
:10791000641A298AB4FBF1F41C709DF80700FFF784
:10792000B1FE03B030BD01600B681146184710B4BA
:107930000468E468A4465DF8044B604710B404682A
:107940002469A4465DF8044B6047000070B550B947
:107950000E4D0F4C0026641B1423B4FBF3F4B44209
:1079600008D1002010E00368002BF1D0BDE8704082
:10797000DB6918472B6813B901361435EFE7DB696B
:10798000284698470028F7D070BD00BFA02B0020E4
:10799000B42B0020014B436000207047B4CD07009A
:1079A0000846704700207047024B1868003818BF1F
:1079B00001207047E42B002008B50248FFF759FF6B
:1079C000002008BDE42B002008B510461A4604F03C
:1079D000E3FF002008BD00002DE9F043814687B099
:1079E00014480E4615469846FFF740FF0446F0B986
:1079F0000746BD4215D10F48FFF73BFFD9F80830C5
:107A00005BB102228DF800200022CDE90126CDE9EC
:107A10000325CDF8148068469847204607B0BDE896
:107A2000F08306EB073000F07DFB0137E1E711241E
:107A3000F3E700BFE42B00202DE9F041804686B03B
:107A400011480F4616461D46FFF710FF0446C8B9F9
:107A5000AA083146384600F093FB0B48FFF709FFB0
:107A6000D8F8083053B101228DF800200C9A059205
:107A7000CDE90147CDE9036568469847204606B041
:107A8000BDE8F0811124F9E7E42B002029DF7047DD
:107A900028DF704770B50668B36886B004460D46A7
:107AA00073B114220021684605F010F8A36805930D
:107AB0002379019533B1012B0ED0B36868469847FE
:107AC00006B070BD01238DF8003023690293E3688E
:107AD000039363690493F0E702238DF80030E368B1
:107AE0001B030293F5E7084670470020704700002B
:107AF000024B187A003818BF01207047D42D00209F
:107B0000034B187A0122B0FA80F05A74400970478A
:107B1000D42D002008B510461A4604F03DFF002081
:107B200008BD000008B514220021044804F0CEFF6F
:107B30000348FFF7ECFD002008BD00BFD42D002056
:107B4000C42D002010B5094C094B43602046FFF7B7
:107B50008DFE48B903F0C8FD064920741C23064871
:107B60004FF4EE72FFF7C0FD002010BDD42D0020B1
:107B7000E0CD0700E82B0020C42D002070B5234C79
:107B8000234E237A25463BB922492348FFF71BFEA3
:107B9000306008B9606070BD022334682B722379AD
:107BA00073B1012B22D020460321FFF773FF00237E
:107BB0002B726B60BDE8704016491748FFF72EBE68
:107BC000D4E90523D21A142AD4E9031028BF1422B9
:107BD0009208012A38BF012219441844FFF756FFC2
:107BE00050B11128DFD101232B72D4E7D4E903036C
:107BF0001844FFF74DFFF3E72B7C002BCBD1014658
:107C0000BDE87040022000F009B800BFD42D00206C
:107C1000EC2D0020E82D0020C42D002038B5831E57
:107C2000012B43D8224C237A002B3FD0022B09D1C1
:107C300003282ED01F4B00221B68E2601A793AB14C
:107C4000012A20D0637C6BBBBDE83840FFF796BFAC
:107C5000D3E905128D1A142D94BF521914329A616A
:107C60009142EFD102284FF0000308BF194623725A
:107C7000104B18BF0D211868FFF70CFF0E490F4875
:107C8000FFF7CCFDDEE71A6901321A615B699A429F
:107C9000E7E7E3680133082B01D8E360D2E700236C
:107CA000E360DFE7BDE8384003F00EBD38BD00BF3C
:107CB000D42D0020EC2D0020E82D0020C42D002024
:107CC00000F0FD03012B08D1044B00225A74421E20
:107CD000504250411874FFF751BF7047D42D002017
:107CE00010B5064C201DFFF7C1FD28B9637C1BB9F8
:107CF000BDE81040FFF742BF10BD00BFD42D0020EB
:107D00002DE9F34180460D460F4801A916461F464E
:107D1000FFF71FFD0446A8B11C22002104F0D6FE87
:107D20002D0B0123237101A90748C4F80080A76027
:107D3000E5606661FFF737FDFFF7D2FF002002B074
:107D4000BDE8F0810420FAE7C42D00202DE9F743B7
:107D500081468846104801A917461E46FFF7F9FCE0
:107D60000446B0B11C22002104F0B0FE00250A9B9D
:107D7000A36001A9C4E9037807482571C4F80090FD
:107D80006661FFF710FDFFF7ABFF284603B0BDE8C3
:107D9000F0830420FAE700BFC42D002001600B68C7
:107DA00043604A68934204BF0023436070474368BE
:107DB00043B1026891680B4443605268934204BF28
:107DC00000234360704700002DE9F04FC9B008AAB6
:107DD00001F1400514464B780E781B0443EA066314
:107DE000CE7833438E78043143EA06238D4244F83B
:107DF000043BF0D11024916B16464FEAF14383EA1D
:107E0000714383EA9123716A366852F8045F314402
:107E10000B444FEAB54181EAF51181EAD5010134FD
:107E20000B44402CD363E6D1D0E914E30093836D77
:107E30000193C36D0293036E0393436E0493836EA9
:107E40000593C36E0693DDE9057BDDE9031CDDE9DF
:107E500001592B4B009E079374464FF00008079B77
:107E600053F8042B07934FEAF12383EAB11383EA13
:107E7000716A08AB53F828301A440AEB020327EA68
:107E8000010A01EA0C028AEA02021A444FEA743A31
:107E900086EA05035A448AEAB40A06EA050B234037
:107EA00083EA0B038AEAB45A08F101089A44B8F14C
:107EB000400F02EB0903BB465244A94619D1724454
:107EC0000265009A22444265019A32448265029A10
:107ED0002A44C265039A1A44049B02660B44436613
:107EE000059B63448366069B3B44C36649B0BDE87B
:107EF000F08F674635468C46264619461446AEE74F
:107F00000CCE070030B5E0B10F4A1049002400251F
:107F1000C0E91245C0E914120D4C0E4A0E4DC0E9DD
:107F200016420E4AC0E918520D4A826602F1745296
:107F3000A2F523020023A2F692420364C266184609
:107F400030BD0E20FCE700BF85AE67BB67E6096A5F
:107F500072F36E3C3AF54FA57F520E518C68059B2B
:107F6000ABD9831F70B5F0B1DAB900201CE00C4624
:107F70008D180026AC42F8D0036C14F8012BC254C3
:107F80000133402B0364F5D10146FFF71DFFD0E913
:107F9000123213F5007342F10002C0E91232066496
:107FA000E8E70029E3D10E2070BD70B50D461646F6
:107FB0000446002875D0002973D0026C8021372A2E
:107FC000815402F101034FF0000240D8382B39D11F
:107FD000D4E91201226C0823E3FB020103BAE36334
:107FE0000B0A84F83A300B0C84F839300B0EC4E9D4
:107FF000120184F83B1084F8383021462046FFF700
:10800000E3FE691E76B30023E26EDA4001F8012F29
:10801000A26EDA400A71626EDA400A72226EDA40AB
:108020000A73E26DDA400A74A26DDA400A75626D75
:10803000DA400A76226DDA400833202B0A77E3D142
:10804000002070BDE2540133C0E7E25401333F2BFE
:10805000FBD921462046FFF7B7FE3822002104F065
:1080600035FDB5E71823226DDA4001F8012F626D66
:10807000DA400A71A26DDA400A72E26DDA400A73E0
:10808000226EDA400A74626EDA400A75A26EDA4035
:108090000A76E26EDA40083B13F1080F0A77E2D164
:1080A000CEE70E20CDE743689B68184708B54368C4
:1080B00008305A7900F083F9002008BD2DE9F0411D
:1080C0000C469CB008461F460392FFF7ECFFD4F81D
:1080D0000480039998F80550BD4228BF3D460646E6
:1080E0002A4604A800F060F998F8052022990CA807
:1080F00000F065F900960CAB2A4604A904F10800CB
:1081000004F044FA002848F2425018BF00201CB086
:10811000BDE8F081024AD2F80034002BFBD0704752
:1081200000E001400A4908B50223C1F80435BFF355
:108130006F8FBFF34F8FC1F80805FFF7EBFF0023E8
:10814000C1F80435BFF36F8FBFF34F8F08BD00BF79
:1081500000E0014010B5094C0123C4F80435BFF319
:108160006F8FBFF34F8F0160FFF7D4FF0023C4F878
:108170000435BFF36F8FBFF34F8F10BD00E0014098
:108180000E4B10B50124C3F80445BFF36F8FBFF346
:108190004F8F01EB8204401AA14208D1074B002205
:1081A000C3F80425BFF36F8FBFF34F8F10BD431883
:1081B00051F8042B1A60FFF7ADFFEDE700E0014036
:1081C00028B139B10023C1E900301846704748F2A0
:1081D0001050704748F21350704738B1006848F2A9
:1081E0004053884214BF18460020704748F2105090
:1081F000704730B148F21153914214BF1846002025
:10820000704748F21050704770B506460C461D4640
:10821000FFF7D6FF50B9B3794AB1AB420AD1114644
:108220002046FFF743FF08B9044B236070BD48F2B6
:108230001050FBE748F21150F8E700BF7052464D6E
:108240002DE9F0470C4606460F492046DDE908892E
:1082500015461F46FFF7C1FFA0B963685A79494622
:1082600052004046FFF7C5FF60B94DB1CDF8208000
:108270003B462A4621463046BDE8F047FFF71EBF81
:1082800048F21050BDE8F0877052464D10B50446D4
:1082900038B149B141600B68984708B9044B236075
:1082A00010BD48F20150FBE748F21050F8E700BF5C
:1082B0006E524648F0B4134648B10768094EB742BB
:1082C0000AD161B12AB14368F0BC5B68184748F233
:1082D00001531846F0BC704748F20253F9E748F2E0
:1082E0001053F6E76E524648F0B460B107680C4E82
:1082F000B7420CD171B143681568DC68A5420CD354
:10830000F0BC9B68184748F20150F0BC704748F237
:108310000250FAE748F21350F7E748F21450F4E736
:108320006E524648F7B50446DDE9086715460193E5
:10833000FFF7ACFF68B9019A29462046FFF7BAFF5C
:1083400038B93A463146204603B0BDE8F040FFF761
:10835000CBBF03B0F0BD0000F8B50A4F0A4C0B4D7F
:10836000E41B0121E40829700026A64203D1022360
:108370002B700020F8BD57F8363098470028F9D107
:108380000136F2E7B4D20700B4D20700F02D002086
:1083900001390144814200D2704703780A7800F81D
:1083A000012B01F80139F5E7013A02440139824213
:1083B00000D2704711F8013F02F80139F7E770B5B4
:1083C00016460D46FFF7F0FF3246A9193044BDE8C6
:1083D0007040FFF7E9BF38B50D460446FFF7D8FFF8
:1083E00029466019BDE83840FFF7D2BFBFF34F8F71
:1083F0000549064BCA6802F4E0621343CB60BFF341
:108400004F8F00BFFDE700BF00ED00E00400FA055C
:10841000044A136801331360034B1B780BB100F05F
:10842000FFB87047FC2D0020F82D002010B5094C36
:1084300000F018F923785BB9074A137000F0B8F818
:10844000012323700549BDE81040A32000F0D6BBEE
:1084500010BD00BFF82D0020F12D00201184070071
:1084600008B5084B00221A7000F030F90649A32025
:1084700000F0C4FB054B1A68054B1A60054B01223E
:108480001A7008BDF82D002011840700FC2D002073
:10849000F42D0020F12D0020013870B5082823D8D4
:1084A000DFE800F00A0C23220522050E0C0011481B
:1084B000BDE87040FFF7BABF0F48F9E70F48F7E78C
:1084C00002F07AF80E4B1B787BB10E4E0E4D3468DD
:1084D0002B68E41A3B2C94BF0021012100F040F9E5
:1084E0003B2C01D933682B6070BDBDE87040FFF7AD
:1084F000B7BF00BF5DCF070058CF070062CF0700AE
:10850000F12D0020FC2D0020F42D002008B5FFF7F0
:108510006DFF08B5FFF76AFF08B500F089FC024857
:1085200000F0A6F9FFF762FF99840700F0B51B4B36
:108530001B4819781B4B1C4D5F5C0422012447FA31
:1085400002F6F60710F8013B1BD51F2B86BF03F080
:108550001F032E464FF0A04604FA03F3C6F80C356D
:10856000013AECD2114B5B5C1F2B86BF0E4903F026
:108570001F034FF0A041012202FA03F3C1F80835AE
:10858000F0BD1F2B86BF03F01F032E464FF0A04601
:1085900004FA03F3C6F80835E2E700BF052E002011
:1085A00067CF0700002E0020000300506CCF0700AB
:1085B00030B41748174D0022032410F8013B1F2B3D
:1085C00086BF03F01F0329464FF0A04103F5E07377
:1085D0000132052A41F82340EFD10F480D4D00220A
:1085E000032410F8013B1F2B86BF03F01F0329460D
:1085F0004FF0A04103F5E0730132052A41F8234012
:10860000EFD1064B00221A7030BCFFF78FBF00BFBE
:1086100067CF0700000300506CCF0700052E002035
:1086200010B40D4A0D4913780120C95C03441F2979
:10863000DBB28ABF0A4C4FF0A04401F01F01042BAB
:1086400000FA01F188BF0023C4F80C1513705DF81F
:10865000044BFFF76BBF00BF052E00206CCF070057
:108660000003005001460522014804F095B900BFFF
:10867000002E00201F2886BF054A00F01F004FF083
:10868000A042012303FA00F0C2F80805704700BFBA
:10869000000300500B4B185C1F288ABF0A4B4FF099
:1086A000A04300F01F01D3F8042598BF0146CA403B
:1086B000D20704D501228A40C3F80C257047FFF782
:1086C000D9BF00BF71CF070000030050F8B5204AA2
:1086D000204D214E002313602846032410F8012B5F
:1086E0001F2A86BF02F01F0231464FF0A04102F55B
:1086F000E0720133052B41F82240EFD1174C164FA1
:1087000020460022032610F8013B1F2B86BF03F0F2
:108710001F0339464FF0A04103F5E0730132052AEB
:1087200041F82360EFD1002115F8010BFFF7A2FFFC
:1087300001310529F8D1002114F8010BFFF79AFF48
:1087400001310529F8D1BDE8F8400020FFF7A2BFAC
:10875000082E002071CF07000003005076CF0700DD
:10876000F0B5164A164F1668DFF858C03446002593
:108770004FF0010E00EB8000642390FBF3F0A04269
:108780000BDCB042B8BF304605B11060A1B104287F
:1087900012DCBDE8F040FFF77DBFE35D1F2B8ABF11
:1087A00065464FF0A04503F01F030EFA03F3C5F82A
:1087B0000C3501340125E2E7F0BD00BF082E002092
:1087C00071CF070000030050007800F001007047EF
:1087D00041DF7047014B01221A7070472C32002094
:1087E000BFF34F8F0549064BCA6802F4E06213439A
:1087F000CB60BFF34F8F00BFFDE700BF00ED00E08F
:108800000400FA05024B034800221A7001F0F2BF7F
:108810002C320020E1870700042810B5044609D84F
:10882000022811D816D00D4B1B68B3B12046BDE805
:1088300010401847831F012BF5D8094B0948002227
:108840001A7001F0D7FFEEE707494FF4701000F0FF
:10885000A7F9E8E701F014FFE5E710BD303200208A
:108860002C320020E18707000588070000207047B0
:1088700038B5504B1860002001F0D2FF04460028A4
:1088800040F0928000F07EFA012800F088800228F3
:1088900000F08C80002840F087804FF08043D3F8B0
:1088A000004414F4803435D04FF48032C3F80024EF
:1088B0000446414D2B6A012B3FD04FF4701400F059
:1088C000F7FA3E4A20211820FEF7FEFD08B1FFF717
:1088D00020FE3B4B1A6802F0F802B02A06D11A6853
:1088E000D20742BF1A6802F04E021A60FFF7BEFFBD
:1088F000002859D12046334900F052F9324800F09F
:10890000E9FF002850D100F0F9FAFEF767FEFFF703
:108910005FFFF8E7D3F8202502F0F802A82A0AD171
:10892000D3F82025D10706D5D3F8202502F056022A
:10893000C3F82025BDE70124BBE743F204031A680E
:10894000224B9A4209D002F023F8AA69014694B159
:108950001F4802F07AFB90B9AFE76A6B1CB995F833
:108960006032012BEFD01B484FF4805102F06DFBB9
:108970000028E8D1A1E795F8A132012BE8D1104BEE
:108980001B6813F0B10F98D101F0AEFF60B9124B24
:108990001870124801F02EFF00F024F804E00E4B8E
:1089A0000F481C7001F026FF032038BD4FF4A024AF
:1089B00085E700BF30320020CC4E00200C2E002076
:1089C0001C0500400588070019880700DBE5B15148
:1089D0006D5100202C5100202C320020D58707003B
:1089E000E187070008B5074B4FF0FF32C3F880203E
:1089F000C3F8802101F060FCBDE808404FF48050CE
:108A000000F002B800E100E000B5EFF305830023B9
:108A1000D0E9001283F3148883F3108883F311885C
:108A200083F3138881F308884FF0FF339E46104785
:108A30005DF804FB00F1402000F50030002382B017
:108A4000036003680193019B02B0704738B56FF073
:108A50007F42134C057BD4F804358A4228BF0A466E
:108A6000891A13444A1E942A23F07F4305F5A872FD
:108A70009BBF963B96314160416044F82230094BE0
:108A80004FF4F86043F00103984705F1500080006F
:108A9000FFF7D0FF4FF48033AB40C4F8043338BD48
:108AA0000040024080CF070008B517490A7852BB42
:108AB0004FF080434FF48070D3F81834DB035EBF6F
:108AC000124B01221A60FFF7B5FF4FF4A070FFF7B9
:108AD000B1FF4FF4A270FFF7ADFF4FF4A470FFF7A2
:108AE000A9FF0B4B0B48A02283F8242310225A60C5
:108AF000094A0023C2F808350123036002201360ED
:108B0000C2F804030B7008BD383200200800004092
:108B100000E100E008400240004002402DE9F04141
:108B2000194B1B683BB1194A13684FF4827001332B
:108B30001360FFF77FFF164C164DDFF86080164E6E
:108B40004FF480372B68A5F5804080B25BB1FFF70A
:108B500071FF237B07FA03F3C8F80833616849B152
:108B60002046FFF773FF0435B54204F11004E9D144
:108B7000BDE8F081A16811B12046FFF767FF2368C7
:108B8000002BF0D09847EEE7044102403432002039
:108B9000EC2A0020404102404C410240004002408B
:108BA00070B50B4B1D682A7B4FF480339340094A04
:108BB0000E46C2F80833044640B1FFF775FF2E6039
:108BC00021462846BDE87040FFF740BF70BD00BF9A
:108BD0001C2B00200040024070B5074B1D680E465C
:108BE000A8600446FFF760FF2E6021462846BDE8D6
:108BF0007040FFF72BBF00BF242B002070B50E4B39
:108C00001C68237B4FF480329A400C4B0E46D3F8FD
:108C100004130A42054602D0A16881420BD0C3F872
:108C20000823A560FFF740FF266029462046BDE8DF
:108C30007040FFF70BBF70BD202B002000400240AA
:108C4000014B01221A7070473932002038B50F4BA2
:108C5000DA6A5D6A9C6CAC2A10D15B6B1C44ED1A1D
:108C60000B482A46214603F067FE68B100F046F93A
:108C700029462046BDE8384001F000BB002CEFD16A
:108C800001F09CFE0446EBE738BD00BFCC4E00204F
:108C9000007007002DE9F74F06468846A8EB060549
:108CA0002D0B02F6FF77144600F002F9802D28BF45
:108CB00080252B03DFF868B001933F0B0CB92346E6
:108CC00029E0BD422CBFBA46AA464FF000025146E9
:108CD000304634BFDDF80490A14601F0B7FA0346F0
:108CE000C8B909F1030222F003024146304601F0FF
:108CF0009FFA034678B9DBF830304B44CBF830307C
:108D000001F07EFDA7EB0A07A4EB09044E44C8441A
:108D100003460028D2D0184603B0BDE8F08F00BF4C
:108D2000CC4E002010B501F059FE154A42F2040362
:108D3000916CCC5803F1A34303F5471303F2D753C7
:108D40009C4218D1D2E90C32934216D0884204D109
:108D5000BDE81040002001F053BDD21A02F6FF72A8
:108D600022F47F6222F00F0219441844FFF792FFA9
:108D70000028EDD010BD0320FCE70020FAE700BF7B
:108D8000CC4E002070B5264CE36AAA2B37D005D80C
:108D9000012B0BD0A52B2ED0002070BDAC2BFBD10E
:108DA000FFF7C0FF48BBFFF751FF26E0A66C656ADE
:108DB00001F0EEFD864229D101F0EAFD00222946AC
:108DC000FEF776FCA36A984202BF0123C4E90703B9
:108DD000A5610025134801F0CFFD134B1348002275
:108DE0001A7001F00DFD68B975B1236A012B14BF2B
:108DF00001200220D1E7FFF795FF0125EAE7FFF701
:108E000025FFE6E70320C8E70120C6E7236BEA1A3F
:108E1000F1181844FFF73EFF0028DAD1CCE700BF75
:108E2000CC4E0020F04E002039320020418C07004B
:108E300008B540F6F8700368013302D10749FFF71F
:108E400089F940F6FC700368013305D1BDE808409C
:108E50004FF4FC21FFF77EB908BD00BF007007008A
:108E60000A4AD2F800347BB109480023D2F8081529
:108E7000D940C90748BF03F5C07103F1010348BFDA
:108E800042F82100072BF1D1704700BF00000140DC
:108E90003546526EFFF7E4BF044B002282B01A60E1
:108EA0001B680193019B02B0704700BF00010140A5
:108EB00038B50E4C2278BAB90D4BD3F800248AB1DC
:108EC000D3F80455FFF7CCFF40F61650A842B8BFC0
:108ED00028460849A0F54860FFF77EFE064B4FF490
:108EE00080321A600123237038BD00BF3A3200205F
:108EF00000000140958E070000E100E0034BD3F82D
:108F000000340BB1FFF7ACBF704700BF0000014059
:108F10000023C0E90232C0E900118B881A440261C3
:108F2000B1F906301A4442610888003818BF0120A0
:108F3000704710B5426811880346002939D002F104
:108F400010014160148A2CB9C2680168FFF7E0FF84
:108F5000204610BD9078118900F03004302C1BD1D0
:108F6000947C04F03004302C1DD190881969091AC2
:108F700019610021907810F0300F02BF986801301D
:108F80009860908A0844196901441961B2F9162061
:108F9000114459610120DCE700F0F004202C02D1DB
:108FA00050894143E6E700F0C000802808BF042153
:108FB000E0E70846CDE770B5466804460D466368AD
:108FC0001A88AA4204D19B7803F00F03082B07D11B
:108FD0002046FFF7AEFF6368B342F0D1002070BDBA
:108FE0000120FCE743681A44426011B101399A42FA
:108FF00001D10120704713F8010B01F8010FF6E7CA
:109000002DE9F34183680446884623B9002630469B
:1090100002B0BDE8F081036801220DF10701984715
:1090200006460028F2D0A3689DF80750013BA360D4
:109030009DF90730002B1ADA05F07F050727A36892
:10904000002BE3D0236801220DF107012046984749
:109050000028DBD0A3689DF80720013BA36002F045
:109060007F03BB401D43130607F1070702D4C8F86E
:109070000050CCE7232FE2D1C8E770B54268927860
:1090800002F00F01082986B003461FD103691C684E
:1090900000260CB906B070BD236826739D6862680F
:1090A00029466846FFF734FF6368049304F10C0314
:1090B0000593AB7803F0C003802B08BF231D6846DF
:1090C00008BF0493FFF7D9FFA468E2E712F0C001DC
:1090D00020D102F0300010280ED15A6911705A6860
:1090E00018699378D46803F00F03072B09D1014660
:1090F000204600F017F8CDE79006F0D55B6919809F
:10910000C8E71289214614B103F046FCC2E703F018
:10911000DDFCBFE78029BDD1006900219206016016
:10912000B8D5EBE77FB50A4601466846FFF7F0FE83
:1091300030B16846FFF7A1FF6846FFF7FAFEF7E790
:1091400007B05DF804FB000030B5044685B0154655
:10915000A9B90268114B9A4211D0102D06D82A469F
:1091600069462046FFF7F0FF05B030BD1022694682
:109170002046FFF7E9FF0028F6D0103DEDE7A36891
:10918000AB4201D20020EFE723682A4620469847E9
:109190000028F7D0A268521BA260E5E7E58F070020
:1091A000F7B50E4601A907461546FFF729FFA8B1F6
:1091B000019A0123D3184FF0000404D2B17801F0D2
:1091C000C001802901D1204608E031899942FAD3B3
:1091D00029463846FFF7B8FF019BEC5403B0F0BDB9
:1091E00073B50D4601A906461446FFF709FF98B16D
:1091F000019AB2F5803F11D2AB7803F0C003802B07
:1092000002F102010AD02B898B4207D32146304656
:1092100021F8022BFFF798FF02B070BD0020FBE79A
:1092200010B5034C82600022C0E90041C26010BD4D
:10923000E58F07002DE9F341002604460F46B046AE
:109240003546A3682BB3236801220DF107012046A0
:109250009847F0B1A3689DF807C0013B0CF07F026E
:10926000C5F12001A360A5F1200302FA03F322FA5D
:1092700001F10B43AA401CF0800F46EA020643EAC4
:10928000080805F1070502D1C7E9006802E0462D8C
:10929000D7D1002002B0BDE8F08173B50C46694615
:1092A0001646FFF7C7FF68B12389082B0CD1DDE90B
:1092B0000045C6E90045DDE90023AB4206BFA242F6
:1092C0000120002002B070BD042B04D1009B33604C
:1092D0001C460025EFE7022B4FF0000004D1009B55
:1092E00033809CB20546E6E7012BEBD1009B33703F
:1092F00003F0FF04F6E737B50D4669461446FFF75D
:1093000099FF30B12A89082ADDE9003103D1C4E987
:10931000003103B030BD042A18464FEAE37108D18A
:1093200023601A460B468B4206BF82420120002072
:10933000EFE7022A04D11BB223801AB2D317F2E757
:10934000012A03D15BB223705AB2F7E70020E0E7AD
:10935000F7B51F4600233B700D460B70136001A943
:1093600004461646FFF74CFE30B9A36813B9012333
:109370003B70002003B0F0BD019C002CF7D0E30847
:1093800004F0070433602C70F4E713B50446052994
:109390001FD8DFE801F0030F151E1E1C012201A9D2
:1093A0002046FFF7D1FE18B19DF90430002BF5DB04
:1093B00002B010BD082200212046FFF7C5FEF7E7E6
:1093C00001A9FFF71DFE0028F2D0019AF3E704225D
:1093D000F1E70020ECE773B50D4601A90446FFF75D
:1093E0000FFE064618B90026304602B070BD94E85C
:1093F0000F0085E80F0001998A42F4D3A960A368A1
:109400005B1AA360F0E700002DE9F0435768BB78D2
:1094100013F0C00489B006468C46154603D0402C94
:109420006AD000240CE003F00F025F4903F0300320
:10943000202B51F8228026D006D8CBB1102B1CD07F
:10944000204609B0BDE8F083302BF9D16B6939882B
:109450001980072A0AD16B6828691A89214603F006
:1094600035FB6B682969D868FFF75CFE2A6940E024
:109470002A693946C0470446E2E76B6901221A703F
:109480002A696968F6E7BCF1020FD5F8149024D177
:10949000042A22D804A9FFF79EFF04460028C0D062
:1094A000069B2BB16968B9F800304A899A4205D801
:1094B000059B7360069B002BC2D0B2E708892A691E
:1094C00003FB002204A8C04728B1B9F800300133DB
:1094D000A9F80030E4E70446EAE7B9F800307A89F1
:1094E0009A429ED92A693989581CA9F8000003FBC1
:1094F000012269683046BDE7D2F81080474657F828
:10950000043B13B9FFF741FFB5E7022914D104A9C1
:10951000FFF761FF002884D0D8F8003069683A4628
:1095200004A89847044600283FF47BAF069B002B15
:10953000F2D1059B736083E7012925D005292BD043
:1095400000297FF46EAF0C460DF1040901340B2C99
:109550003FF467AF012249463046FFF7F5FD00288A
:109560003FF45FAF19F9013B002BEFDB0F4B049386
:1095700001ABCDE9053400230793D8F800306968C2
:109580003A4604A8984776E7082201A9FFF7DCFDD0
:1095900008240028EAD144E704220DEB0201FFF77A
:1095A000D3FD0424F5E700BF88CF0700E58F07004F
:1095B0002DE9F04F91B00446002604A8CDE90266DB
:1095C000FFF7A6FCA3683BBBDDE9053404A89D7842
:1095D000FFF7AFFC0028F7D115F0300F03D1059B42
:1095E0001B8803B10134002C00F0A980630900221C
:1095F00002A9934240F09C8010AA02EB830304F07E
:109600001F0453F8383CC4F120044FF0FF30E04011
:10961000C31A584258410DE00DF1030301AA0DF1A0
:1096200002012046FFF794FE38B99DF80330002B65
:10963000CAD1002011B0BDE8F08F019904A8FFF74E
:10964000BAFC002850D1019BB3427DD3059D059AF9
:10965000937803F00F03082B7FD004A8FFF769FC71
:10966000059B9D42F3D14FF0FF36019FB7426BD36C
:10967000089B9DF802A0D4F808801D684FF00109EE
:10968000A368002D5DD098459CD12B68D3F800B01D
:10969000BBF1000F08D053463A4629462046D8472A
:1096A0000028C6D0AD68EBE7D3F808B0BBF80030AF
:1096B0009F42F7D16A6859460AA8FFF729FC6B68F0
:1096C0000E9305F10C030F939BF8023003F0C003D7
:1096D000802B04BF2B1D0E930AAA85F80C905146CF
:1096E0002046FFF791FEDBE7059B9B7813F0300FD8
:1096F0000FD1069A3F2A0CD8510910AB03EB810118
:1097000002F01F020123934051F8382C134341F813
:10971000383CE5682DB19DF80220019904AB204644
:10972000A8479DF8021004AA2046FFF76DFE10E03E
:1097300051F8225001357FF47DAF013259E7012005
:1097400078E798457FF43EAF9DF802102046FFF77A
:109750001CFE00287FF436AF6BE7168885E737B527
:109760000C460546114620460192FFF7DBFC019AA4
:109770002146284603B0BDE83040FFF719BF70B559
:1097800086B0CE6801920C4602A90546FFF723FE7B
:1097900068B1E06858B1A378019A03F03003202B38
:1097A000314602A805D1FFF7DAFF039B6B6006B0D4
:1097B00070BDFFF7FDFEF8E7D3B50C466946FFF72D
:1097C00039FD80B1DDE9001300274A0801F00106E8
:1097D00042EAC37256EA07014FEA53031CBFD24361
:1097E000DB43C4E9002302B0D0BD37B50D4669465E
:1097F0001446FFF7E1FF68B12B89082B0CD1DDE996
:109800000001C4E90001DDE900238B4206BF82426A
:109810000120002003B030BD042B03D1009820604C
:10982000C117F0E7022B04D1BDF90000208000B27F
:10983000F6E7012B04D19DF90000207040B2EFE75C
:109840000020E7E713B504220C460DEB0201FFF7F9
:109850007BFC08B1019B236002B010BD1146FFF7ED
:10986000F1BF13B508220C466946FFF76DFC18B12D
:10987000DDE90023C4E9002302B010BD1146FFF763
:10988000F0BF10B513681F2B144607D9002208300B
:10989000FEF78BFB08B92023236010BD48F214505B
:1098A000FBE70830FEF75EBB0830FEF72BBB00007D
:1098B000831F012B10B5044602D8002001F044F8A4
:1098C000034B1B681BB12046BDE81040184710BD74
:1098D0003C32002008B5074B18600020FFF7E8FF76
:1098E000054801F019F820B9BDE80840024800F029
:1098F0007BBE08BD3C320020B19807006EDF704788
:109900006FDF704772DF704773DF704774DF704737
:1099100075DF704776DF70477ADF70477CDF70470E
:109920007DDF70477FDF704786DF70478FDF7047CE
:1099300090DF7047A8DF7047AADF7047ADDF704740
:10994000AEDF7047AFDF7047B0DF7047B1DF704701
:10995000B5DF704762DF704766DF704713DF70471F
:109960007FB50023CDF80B308DF80F300A4BADF8E2
:1099700006109B89ADF8083001238DF80A300DF1EF
:109980000603CDE90430054B02A91888FFF7D8FF7C
:1099900007B05DF804FB00BF8E4200202A2B002098
:1099A00001460148FDF7A5BFBCD2070070B51822DB
:1099B0008CB00DEB0200002103F088F801238DF834
:1099C00018308DF82D30324B1B7828220892002B4E
:1099D0005CD0304B02AA03F110061546186859688E
:1099E000144603C40833B3422246F7D12A4C10224E
:1099F0002946204602F0A0FF002847D002238DF818
:109A00002C30012104F110036846CDE90034FFF742
:109A100075FF0122002101A8FFF772FF04231F4CEC
:109A200002941622A37003230926ADF80420E370E4
:109A300000225923CDE903220592012502226371F8
:109A400001A9FE23A019ADF80C6022706570227187
:109A5000A371FFF765FFB8B9BDF8043026725A1933
:109A6000E271BDF80C200E4C134402A906AA204650
:109A7000ADF80C30FFF746FF30B92078FFF746FF0E
:109A800020782946FFF740FF0CB070BD0623C6E7DB
:109A90000C43002080D10700D0420020A2420020C9
:109AA000282B00202DE9F0410388232B8AB004469F
:109AB00036D80F2B05D8012B00F0EB800AB0BDE89B
:109AC000F081103B132BF9D801A252F823F000BF0C
:109AD000519B07006D9B0700BD9A07003D9C070046
:109AE0008F9D0700BD9A0700BD9A0700BD9A070029
:109AF000BD9A0700BD9A0700E99D0700BD9A0700BF
:109B0000BD9A0700BD9A0700BD9A0700BD9A0700DD
:109B1000BD9A07006F9C0700BD9A07002D9C0700A7
:109B2000503B9AB2062AC9D8062BC7D801A252F8D0
:109B300023F000BF959B07009F9C0700E99D07004D
:109B4000BD9A0700BD9A0700ED9B07007F9C0700A8
:109B5000984B82881A80984A12681C460AB10120E4
:109B6000904796492088FFF7D3FEA7E7914B4FF621
:109B7000FF721A80924B1B685A0704D4FFF716FF36
:109B800008B1FEF7C6FC8C4B1B68002B96D0022058
:109B9000984793E78B4EE288B3889A428ED18A48E1
:109BA000FDF781FE0546002888D0228A04F11201C3
:109BB00002F0F2FE1822002104A802F087FF082319
:109BC0008DF81030814B0693814B0596CDE9073512
:109BD00004A8238AADF8243000F0FCFC00283FF4F0
:109BE0006DAF79482946FDF784FE67E7E188F629DD
:109BF0001AD8CB1E9B070DD0CB1F9BB2013B5A42FC
:109C000002F0030203F0030301F1FF3158BF534296
:109C1000C91A89B2674B1888FFF79AFE00283FF4EB
:109C20004DAFFEF776FC49E7F721F3E7002204A9E0
:109C30008088CDE90422FFF77BFEEFE700235D4C2F
:109C4000ADF812300223ADF81030208802AB04AA20
:109C500042F605210593FFF771FE08B1FEF759FCA6
:109C6000002320881A468521FFF75CFED6E70023F3
:109C700004A98088ADF81030FFF758FECEE7A3792D
:109C8000002B7FF41BAF4B4B13211888FFF742FECC
:109C9000C4E7484B00211888FFF75EFEBEE7A379B2
:109CA000002B3FF40BAF022B7FF408AF454920890E
:109CB0008A8990420E467FF401AFA27B012A7FF48D
:109CC000FDAE00220120CDE904228DF81600208A85
:109CD000384DADF81800608AADF81A0004F1140090
:109CE0000790ADF80A20098A28888DF8103001AF56
:109CF00002AAADF808300397FFF720FEA84660B926
:109D00003846FEF761FD40B940F2FD132888ADF8F2
:109D1000143004A9FFF718FED0E6002304A9B8F810
:109D20000000ADF81430FFF70FFE014600287FF465
:109D3000C5AE182204A802F0C9FE237D234A8DF87F
:109D40001030022B0596069218D0062B10D0012B4E
:109D500010D1204B1A88204B1A80637DD4F816202E
:109D60000893012B099205D11C4800F0EDFD01E09C
:109D7000637D089304A800F02DFC9FE6A27D637D1F
:109D800043EA0223134A1380134A1380F2E7144B69
:109D90001A7862B11349028ACB8D9A4201F104020A
:109DA00005D11C31A0880023FFF7BEFD36E7002156
:109DB000F8E700BF2A2B0020C8420020A6D10700E8
:109DC000C44200208E420020BCD20700BD9E070086
:109DD000A19907000E43002010430020B4D20700D1
:109DE0000C430020CC420020174B1B7833B3174B99
:109DF00017491C88082201232046FFF7A7FD0028E9
:109E00007FF40FAF0246014602232046FFF79EFD76
:109E100000287FF406AF0F4B4FF6FF7219882046DB
:109E2000FFF790FD43F2020398423FF447AE082843
:109E30003FF444AE11287FF4F1AE3FE6A0881A4605
:109E40001946FFF783FDE9E60C4300202A2B00208A
:109E5000044300208E42002038B5134A1368D90706
:109E600001D4002038BD11498842FAD01049088831
:109E70004FF6FF71884211D043F0040313211360A1
:109E8000FFF748FD0028EDD10A4DC82445F0010533
:109E90004FF47A40A847013CFAD1E2E7064B187824
:109EA000BDE83840FFF732BDC4420020B4D20700FD
:109EB0002A2B0020A0D10700282B002010B5044633
:109EC00086B000210D2202A8019102F0FFFD237847
:109ED000082B0BD1364A374913880988013B9BB2BE
:109EE0001380D9B1D3B9032311802370627823780A
:109EF0008DF805306021012A8DF804108DF80620B8
:109F00000ED00B2A12D100F0AFF98DF80700002017
:109F100000F0A4F9042101A8FFF722FD06B010BD4E
:109F2000062B05D0082B29D0032B27D00321F2E7DD
:109F3000E1688DF80710D4E90123080A8DF80800BC
:109F4000080C090E8DF80A10110A8DF80B208DF8F7
:109F50000C10110C120E8DF80E201A0A8DF80F300D
:109F60008DF810201A0C1B0E8DF80D108DF80900BD
:109F70008DF811208DF812300F21CCE7D4E90123A0
:109F8000110A8DF807208DF80810110C120E8DF8AB
:109F90000A201A0A8DF80B308DF80C201A0C1B0EB3
:109FA0008DF809108DF80D208DF80E300B21B2E7D9
:109FB000104300200E4300202DE9F0414D4B94B09A
:109FC00005464FF6FF721A8001204FF659632A4664
:109FD00002A98DF80A00ADF80830FFF7ABFC044683
:109FE000002840F08380444B04AA03F11007164672
:109FF00018685968144603C40833BB422246F7D197
:10A00000A91C3046FFF7A6FC044600286ED11C228E
:10A0100001460DA802F05AFD04F0F8029DF8343014
:10A02000ADF8044042F003028DF80620F42243F01C
:10A030000403CDE90A44ADF82C20304A8DF83430C1
:10A040000223ADF80C3092F80080AB788DF80E301A
:10A0500001AE212303AFCDE908768DF805300C94CD
:10A06000B8F1000F04D1012262F307138DF8053017
:10A070002B4608AA33F8040B0DA9FFF75DFC044634
:10A08000A0BB01461C220DA802F020FD9DF8343033
:10A09000ADF8044023F0180343F0180304F0E8027D
:10A0A00042F013028DF83430AB788DF80E30012178
:10A0B00021238DF806201722CDE90A44CDE9087640
:10A0C000ADF80C108DF805300C94ADF82C20B8F1DB
:10A0D000000F03D161F307138DF805302B4608AA52
:10A0E00033F80C0B0DA9FFF727FC0446204614B0EB
:10A0F000BDE8F0812A2B002090D107000C430020FE
:10A1000073B5354D2B6813F0010403D000242046AD
:10A1100002B070BD314E30603148FDF7ADFB0194A7
:10A1200000F0BDF804460028F1D12E48FFF716FCD8
:10A1300004460028EBD101F059FA04460028E6D184
:10A1400001A801F021FB04460028E0D101A901206B
:10A1500001F024FB04460028D9D101A801F082FBBC
:10A1600004460028D3D100F093FB1F4B002830D0C9
:10A170001E4A126A012A2CD11D481A7000F07CFB7D
:10A1800011231C488DF8043002F0FAFC194982B200
:10A1900001A8FFF7C3FB04460028B8D11648FFF713
:10A1A000BBFB04460028B2D11448FFF705FF044664
:10A1B0000028ACD1FFF7FAFB04460028A7D12B6892
:10A1C00043F001032B603368002B9FD00920984790
:10A1D0009DE700221A70D3E7C4420020C842002045
:10A1E000BCD20700007007000C430020CC4E0020BA
:10A1F000CC42002078D10700A6D107008E42002073
:10A2000043690BB1C06818477047000010B4054996
:10A21000054C0022904218BF214604485DF8044BCB
:10A22000FDF781BBC0CD0700ECCD0700A02B0020BF
:10A2300007B5009313460A4601460348FDF777FB2E
:10A2400003B05DF804FB00BFA02B002013460A46B4
:10A2500001460148FDF772BBA02B0020014B18708E
:10A260000B20704712430020024B002218781A700E
:10A27000704700BF1243002018DF704730B585B02B
:10A28000054610220C466846002102F01FFCA40877
:10A29000684601950294FFF7EFFF05B030BD1FB58A
:10A2A0000023CDE901330393684602230093FFF7AF
:10A2B000E3FF05B05DF804FB4FF000534FF480520C
:10A2C0001A60002070470000014B06201B681847E9
:10A2D0001C4300200A2803D90B38C0B2FFF7BEBFC9
:10A2E0007047000010B5044686B00020FDF72EFB35
:10A2F000014630B1164A18212046FDF709F906B08B
:10A3000010BD1822684602F0E1FB0423114A8DF8C3
:10A310000030114B116D1B68994211D10F4B186819
:10A3200000F0F4FF8DF80100FFF7D4FFD4E901132A
:10A330008DF8010068469847094800F061FADEE7A9
:10A3400001238DF801306846D4E901139847D6E718
:10A35000E5A20700CC4E0020144300201843002043
:10A36000C9A20700F0B5044687B01822002168464C
:10A3700002F0ACFB22788DF8002001238DF801302B
:10A38000531E0B2B00F20C81DFE813F01100330099
:10A39000110011000A0111000A0111000A010A014D
:10A3A0000A010C007F4B1B680720984721E0062A12
:10A3B0007D4901D0012A01D122690A700A78012A57
:10A3C00004D0022A51D000230B7094E0072B10D840
:10A3D000DFE803F0040F452F0F420F1C714B0320E1
:10A3E0001B689847606900F06BFDFFF773FF8DF8FD
:10A3F0000100D4E90113684698479DF80130012B0C
:10A4000000F0C380674B05201B68BDE0A18A20696E
:10A4100000F06EFDFFF75EFF644B8DF80100DA6B14
:10A420001B6C0293E3680192002BE2D020699847ED
:10A43000DFE75F495F4800F0A7FDFFF74BFF01280A
:10A440008DF80100D5D1002000F0DAF90028D0D035
:10A450000A238DF80130CCE74FF400730393534B7C
:10A46000DA6B1B6C01920293C3E7072BC1D801A2E0
:10A4700052F823F095A40700F3A3070059A507009D
:10A4800065A50700F3A307008FA50700F3A3070046
:10A49000FBA4070000F04CFD08B90823D9E7626966
:10A4A0000AB90323D5E7C2F30B0333B13F4B40494D
:10A4B0005B6D096813448B42F3D1B2F5805F01D91B
:10A4C0000423C6E7394B3A49586D096815188D427F
:10A4D000E3D85A64DA6C9A6418651863354B61697D
:10A4E0001B6801F6FF710022090B1844FFF7AEFE4E
:10A4F00000283FF47EAF0523ABE700F019FD0028EC
:10A50000CBD02A4DA18AD5E914329B1A6A6C0B4430
:10A510009342C6D8274B2F6B1B68206905F1480270
:10A520001F44FDF7C5F8E368A28A2169064638464C
:10A53000FFF77EFE08B1E36878E7A28A2B6B13442D
:10A540002B63A38A2A6DAE641344CDE901362B65D3
:10A55000144B08201B6828E7144B9A6C1B6D029261
:10A56000019346E7114BD3E91402596C821A8A42CF
:10A5700093D19A6C5865002120465964DA64FFF73C
:10A58000B1FE084B1B680420984707B0F0BD074B8D
:10A590009A6C1B6D01934FF480530292039328E74A
:10A5A000022356E71C4300202C2B0020CC4E002019
:10A5B0001443002018430020044B054A186D6423FF
:10A5C00043431068B3FBF0F0704700BFCC4E00204F
:10A5D0001443002083681BB1024A1821FCF798BF7E
:10A5E0000720704765A3070038B50546C0B10120B4
:10A5F000FFF70CFE044648B900F054FC00F098FC4C
:10A6000030B9084B00201D60FFF728FE204638BDFA
:10A610000549064800F0B8FC0128F2D00324F5E70C
:10A620000724F3E71C4300201443002018430020B4
:10A630002DE9F04115464FF46072064688461F46E4
:10A6400002F07AF928B915B90020BDE8F081A847D1
:10A65000FAE7002201213046FFF7F8FD70B94FF408
:10A6600060724146384602F097F92B464FF460720B
:10A6700039463046FFF7DCFD0028E5D00320E4E74B
:10A680002DE9F0413D4C236801335CD00022582174
:10A69000201DFDF70DF8D4F80080A8EB0002D2F1E0
:10A6A000000848EB0208364D364E2F683B680133F0
:10A6B0005ED000225821381DFCF7FAFF3B68834228
:10A6C00044D17C68012C0AD00022C32107F5187000
:10A6D000FCF7EEFFD7F85C42231A5C425C41B8F10C
:10A6E000000F35D0254927484FF4607202F054F925
:10A6F00064B1296824485422043102F04DF92968D4
:10A7000022484FF432725C3102F046F97468012C31
:10A710002CD11F49402201F5E47002F03DF91D499A
:10A720001C2201F5E47002F037F91B4986F8A142BA
:10A730000023042201F2862086F8603286F8E23295
:10A7400002F02AF910E04FF00008ACE70024C6E759
:10A7500024B129680B484FF46072D5E709484FF4DB
:10A760006072002102F0B2F902237360BDE8F0814B
:10A77000B8F1000FF2D00024B4E700BF00F00700EA
:10A78000302B0020CC4E0020D04E0020284F00203F
:10A790002850002068500020E84E002070B50D4C75
:10A7A0000546002258212046FCF782FF002244F88B
:10A7B000040CC32104F51770FCF77AFF261FC4F8B8
:10A7C00058022A463146044B0448BDE87040FFF762
:10A7D0002FBF00BFD04E00202043002000F0070014
:10A7E00002460248024B0068FFF722BF302B0020D0
:10A7F000A04600200149FFF7F3BF00BF00F00700AB
:10A8000038B505460020FFF7C9FF044618B90349CB
:10A810002846FFF7E5FF204638BD00BFCC4E00209C
:10A8200010B5FFF7F3FC044628B9FFF729FF2046CF
:10A83000FFF7E6FF00B1032010BD29DF70470000DD
:10A8400038B50C4D0446D5F8243378B101330FD117
:10A8500000223C210430FCF72BFF2060214605F547
:10A8600049701022BDE83840FFF7E7BF0E2038BD21
:10A870000820FCE700F0070008B528B10349402292
:10A8800002F08AF8002008BD0E20FCE724F3070040
:10A8900010B5064C00223C212046FCF709FF54F875
:10A8A000043C1B1A5842584110BD00BF28F3070052
:10A8B00038B50C4D0446D5F8643378B101330FD167
:10A8C000002218210430FCF7F3FE2060214605F534
:10A8D00059700722BDE83840FFF7AFBF0E2038BDE2
:10A8E0000820FCE700F0070010B50A4CD4F8243328
:10A8F000D4F864231340013309D04FF4FE20FDF750
:10A9000011FCC92221464FF4FE20FDF739FC00203E
:10A9100010BD00BFCC4E0020F8B5094E094CA41B59
:10A920000746E4080025A54201D10020F8BD56F8ED
:10A930003530384698470028F8D10135F3E700BF95
:10A94000B4D20700BCD20700F8B5094E094CA41BCD
:10A950000746E40800250436A54201D10020F8BDD1
:10A9600056F83530384698470028F8D10135F3E7D6
:10A97000B4D20700BCD2070008B50C22002102F0B7
:10A98000A5F8024B00221A6308BD00BFCC4E002080
:10A9900043F204031A68084B9A4201BF43F20803CA
:10A9A000186800F6FF7020F47F600CBF20F00F00E5
:10A9B0004FF48050704700BFDBE5B15108B5FFF799
:10A9C000E7FF054B9B69184400F6FF7020F47F6099
:10A9D00020F00F0008BD00BFCC4E00204FF4805087
:10A9E000704700002DE9F74F0193244BDFF894B036
:10A9F0001B6ADFF894900093054616464FF0000856
:10AA000043F2040AB8F1010F5FFA88F714D0022F5D
:10AA10001FD0FFF7D3FF6EB1009B013B5C425C414E
:10AA2000A9EB0000A84200D3F9B1B4B1A8421CD2EE
:10AA300004201FE03446F3E7FFF7AAFF019B33B978
:10AA4000DAF80040B4EB0B0418BF0124E8E74446F1
:10AA5000E6E701244FF48050E2E708F10108B8F17D
:10AA6000030FCFD1A842E3D300E017B10448FFF7AA
:10AA700083FF002003B0BDE8F08F00BFCC4E002064
:10AA8000E44E0020DBE5B1510040070090F855206E
:10AA900012F0FB0F07D190F8643023B1836ECBB175
:10AAA0000B600120704712F0010303D090F856307C
:10AAB00003B1836D9207F2D590F85C20002AEED0A6
:10AAC000054A006EC2F5FC22904201D80344E6E735
:10AAD000042070470F2070470070070010B5084C25
:10AAE0004FF40072FF21204601F0F0FF20220021E8
:10AAF000A4F1240001F0EAFF002344F82C3C10BD2F
:10AB0000284F00202DE9F0475A495B48DFF888813B
:10AB1000DFF88891DFF888A1584C92B00C2201F040
:10AB20000BFF064600284CD15349382204A801F0F7
:10AB300033FF4FF447723146204688F80060C9F869
:10AB40000060CAF8006001F0C1FF079D012D58D1D7
:10AB50004FF48073A3803423636143F20C0384F8C1
:10AB60006C612570A5712572E560257425831B88AD
:10AB7000E361089B2367032384F87630099BA4F8DC
:10AB80005C5084F85E50266684F86450A66684F8AB
:10AB90006C5084F87450A4F8783020220AA904F18B
:10ABA0007A0001F0F9FEA4F89A50A4F89C5084F8B9
:10ABB0009E60A4F8A06088F800500834304B1C60F8
:10ABC00020E03049304E8A6B6F465C313846FEF7E4
:10ABD00027FB97E80F0086E80F0000212B4B88F831
:10ABE00000104FF447722046C9F80010CAF8001050
:10ABF000F36001F06BFF264922463046FEF7AFFDB9
:10AC000020B90025284612B0BDE8F08798F800501A
:10AC1000002DF6D094F86C3194F800801BB3B8F195
:10AC2000000FEED194F87231002BEAD0DAF8002050
:10AC3000D9F800103846FEF7F3FA97E80F0086E8D7
:10AC40000F004FF4B272414604F5BA7001F03EFFB6
:10AC5000104904F5BA723046FEF781FD0028D0D0C5
:10AC600004F5BA74AAE7B8F1000FCAD0A379002B93
:10AC7000A3D1C6E7AED10700284F0020504A0020DC
:10AC8000284E0020CC4E00206C4D0020A5AC0700C3
:10AC900008D1070054D007004C4A0020484A002041
:10ACA000444A002030B55B68DA680D4B9A4208D1FF
:10ACB0000C490A6812B90C4A14681CB10B4B0022EB
:10ACC0001A7030BDD0E90134181913F9015B002D59
:10ACD000A0EB0304F9DB0B601460044B0122EFE7E7
:10ACE00054D00700484A0020444A00204C4A002023
:10ACF00010B543F2040319491C688C4202462BD05C
:10AD000042F20403C358581A434243418C42184646
:10AD100021D142F20403D358A3421CD14FF4405333
:10AD200002F500511B780978142B81BF43F21403FC
:10AD30000B481B68B3FBF0F398BF0023142989BFAD
:10AD400042F2140100205058054A88BFB0FBF2F0CF
:10AD5000181A18BF012010BD0023D7E7DBE5B15159
:10AD600040420F0000B591B0FDF7F6FA6846084979
:10AD70002022FDF724FB6A46064907484023FDF7D9
:10AD800043FA064B01221A7011B05DF804FB00BFB4
:10AD900018CF07007C4D00200CCF0700204A002070
:10ADA000F0B5A3B007460D4614461E467822202370
:10ADB000002104A8029301F089FE00230393194B9C
:10ADC0001B780BB9FFF7CEFF2DB337BB02AB164F85
:10ADD00001931649289B0097324604A8FDF7A2FA72
:10ADE000E8B9402C1BD1124E22462946304601F0CC
:10ADF000D3FD20213046FDF7EEFACDE90064029B39
:10AE00000C493A4603A8FDF71BFA00280CBF0120A5
:10AE1000052023B0F0BD1320FBE71620F9E70A2038
:10AE2000F7E700BF204A0020C44D0020ACCF070048
:10AE3000E44D00207C4D0020F0B5ABB004460D463B
:10AE400016461F467822202300210CA8039301F008
:10AE50003DFE114B1B780BB9FFF784FF2FB1214644
:10AE6000202204A8FDF7A0FA04AC03AB0B4F01931A
:10AE70000B49009733462A460CA8FDF753FA48B908
:10AE800020222146384601F057FDB0FA80F04009F3
:10AE90002BB0F0BD0020FBE7204A0020214A002013
:10AEA000ACCF070008B5044B986B08B1FFF72AFE3A
:10AEB000024B187008BD00BFCC4E0020244E00206D
:10AEC00010B5044658B1B0F5007F0AD8064B0022F1
:10AED0001A70FFF703FE054B01209C6310BD032091
:10AEE000FCE70420FAE700BF244E0020CC4E0020EF
:10AEF00070B50E4C0646E06BA36B42189A420D46A5
:10AF000011D85C300A462044314601F045FDE36B20
:10AF100004F140022B4429463046E363FCF7C8FBAA
:10AF20002064012070BD0320FCE700BFCC4E002050
:10AF3000014B1878704700BF244E002013B50F4C0A
:10AF400094F86C31B3B10E4B1B6800930D4BB4F801
:10AF5000DA221B6894F8D80204F53771FFF720FF56
:10AF6000012809D104F5B874201D02B0BDE81040D5
:10AF700000F0D0B90434F7E702B010BD504A002009
:10AF8000444A0020484A00202DE9F843DFF8888031
:10AF9000D8E90E329A4206460D4637D1DFF87C904A
:10AFA00099F800704FB1FFF709FD1A4B3060294640
:10AFB0001868BDE8F843FFF769BDFFF7A3FD38B394
:10AFC000FFF7BCFF0128376004462F601BD1114BEF
:10AFD00029461868FFF75AFD0128044613D198F84E
:10AFE000A112B1FA81F103463A4628684909FFF7F0
:10AFF000F9FC38B9FFF7E2FC89F8004030602046E0
:10B00000BDE8F8830424FFF769FDF8E70824F6E7B4
:10B010000524F4E7284E0020CC4E0020244E0020CA
:10B0200010B490F86C305BB190F86E404CB1B0F851
:10B03000704034B15DF8044B01237230FFF7FCBE61
:10B04000012318465DF8044B704713B504460846C3
:10B0500023781146032B03D8DFE803F021050F18EE
:10B06000002002B010BD0022D4F80140FCF720FB04
:10B07000844214BF00200120F3E70A460023014662
:10B08000601C02B0BDE81040FFF7D6BE0091034639
:10B090004022611C0020FFF783FE0128E9E7012020
:10B0A000DFE700002DE9F041A2B004460D46164648
:10B0B000002178221F4604A8202303939DF8A08036
:10B0C00001F004FD41220021204601F0FFFCB5F80B
:10B0D00094300BB195F8968084F80080B8F1030F96
:10B0E0001ED8DFE808F00902111F00223946304659
:10B0F000FCF7DEFAC4F801003A4631462046FFF775
:10B10000A4FF22B0BDE8F08103AB0193631C009360
:10B1100008493B46324604A8FDF704F90028EBD065
:10B120000020EEE7B5F8982005F19A01601C01F0C7
:10B1300033FCE1E7ACCF07002DE9F0476D4B1D680C
:10B14000A4B004460F4690460A4601462846FFF73B
:10B1500067FF002800F0CC8095F855601EBB4FF0CB
:10B160000109CDF800903B462246294613A8FFF777
:10B1700099FF00287FD0B8F1000F6DD041225E48C2
:10B1800013A901F009FC5D4BC3F82C901E626A689C
:10B190009A60002239462046FCF78AFA574B01256F
:10B1A000C3E909709FE04122002102A801F08EFC52
:10B1B00006F001094122002113A806F0020601F061
:10B1C00085FCB9F1000F4BD042F20403E15803F1C2
:10B1D000A34303F5471303F2D75399424BD1D5F854
:10B1E00058A00AF5FF520AF6FF73C3F30B031F3290
:10B1F000D21A42F20803E35893423CD343F20403C9
:10B200001B688B4213D14FF440531B78102B8ABF1D
:10B2100043F2100300221A6804F500531B78102B28
:10B220008ABF42F210030023E3589A4223D12046FA
:10B23000FFF75EFD00B1F6B10123009322465346AD
:10B24000294602A8FFF72EFFA8B1AB6DE218FB1A42
:10B250004EB9B8F1000F18D1284B01255D6110E0FF
:10B260003B462246F4E70021009113A82946FFF748
:10B2700019FF0028EDD10525B8F1000F30D1FFF7F7
:10B280002DFC284624B0BDE8F087DFF87080B9F1C6
:10B29000000F21D02046FFF72BFD18B108F1180050
:10B2A000FFF76AFB1648412202A901F075FB002E48
:10B2B00014BFAC23A523C8F82C30AB6DC8F83430CC
:10B2C000002E3FF466AF0F48412213A901F064FB42
:10B2D0006B68C8F80C305CE7AA23C8F82C30EFE79D
:10B2E0000948FFF749FBFFF7F9FB044B9C64C8E7EB
:10B2F0001725C1E7284E00206D510020CC4E0020BC
:10B300002C510020AE510020F04E00200122FFF70A
:10B3100013BF0000F0B590F854200346002A51D026
:10B3200090F8550003284DD893F86E20032A47D192
:10B330001A7A002A46D0DA68342A45D143F2040149
:10B340001A8A0C6821498C422AD152B15969E9B153
:10B35000D2B2002103F1140543F20C06CCB2A24292
:10B3600001D8122011E055F821703488A74201F16C
:10B370000101F3D11A78FAB101285B68144A15D893
:10B380009068834234BF10200120F0BD10B9012A1B
:10B39000E7D8EFE7421E18BF0122002AEAD1E0E712
:10B3A00012B15A69002ADCD11A78F6E7D0688342D4
:10B3B0008CBF01201020E8E7012818BF0F20E4E728
:10B3C0001420E2E70F20E0E71120DEE7DBE5B151D2
:10B3D000CC4E002038B1054B0360054B4360012380
:10B3E0000372002070470E20704700BF61B4070051
:10B3F00015B4070038B1054B0360054B43600123CA
:10B400000372002070470E20704700BF91B4070000
:10B410003BB4070069B10B78022B0CD1022804D091
:10B42000032814BF08201120704703230B7000204D
:10B4300070470E2070470820704769B10B78022BC7
:10B440000CD1022804D0032814BF08201120704713
:10B4500003230B70002070470E20704708207047B0
:10B4600010B50C4681B10B78012B06D00ED9033BE9
:10B47000012B94BF0820112010BDFFF7E1F900282F
:10B48000FAD102232370F7E70E20F5E70820F3E74F
:10B4900010B50C4681B10B78012B06D00ED9033BB9
:10B4A000012B94BF0820112010BDFFF701FA0028DE
:10B4B000FAD102232370F7E70E20F5E70820F3E71F
:10B4C00070B5144B144A0C21D21AB2FBF1F2816907
:10B4D00011F8025C044635B900690021914205D19A
:10B4E000012323600EE04FF0FF30F6E71E68AE4206
:10B4F0000CD1461C07D19D68D4E90001D4E9022390
:10B50000A847206070BD5E688642F4D001310C33DC
:10B51000E4E700BFD0D20700E8D207001EF0040F16
:10B520000CBFEFF30880EFF30980FFF7C9BF00BF3E
:10B5300010DF704711DF704713B5044609496846AC
:10B54000FCF72CFC019808B902B010BDD0E900212D
:10B550002046904718B16846FCF729FCF2E7112015
:10B56000F2E700BFC0D1070013B50446074968469B
:10B57000FCF714FC019B0BB902B010BD2046D3E9C7
:10B58000002190476846FCF712FCF3E7D8D107008A
:10B59000064B9A6822B11A6822F480021A6070473A
:10B5A000034B4FF48002C3F880207047C04E002048
:10B5B00000E100E00B4991F816335A09EC231341DE
:10B5C000DB0706D5084B9A683AB94FF480030B6045
:10B5D000704742F20200FCF79CBF1A6842F48002F6
:10B5E0001A60704700E100E0C04E0020F7B5194F27
:10B5F0003C7864BB184E012520463570FFF79CFF50
:10B60000112821D02046FFF7AFFF144B8DF80340DF
:10B61000186801900DF10300FCF710F8104901A81B
:10B62000FFF786FF0446B0FA80F0400938709DF8B5
:10B630000300FCF727F83CB90A4B34701C70FFF785
:10B64000B9FF2846FFF790FF204603B0F0BD08245D
:10B65000FAE700BF2D4E00202C4E0020BBD1070082
:10B660000D8507002E4E0020F7B5154F3B781BB314
:10B67000144E01203070FFF75FFF11284FF00005D6
:10B680001CD00220FFF770FF0DF107008DF8075066
:10B69000FBF7D4FFFFF74EFF04469DF807003D700F
:10B6A000FBF7F0FF2CB93470FFF772FF0320FFF7B0
:10B6B0005BFF204603B0F0BD0824FAE72C46F8E70C
:10B6C0002D4E00202C4E0020054B1B7833B1054B2E
:10B6D0001B780BB1FFF7C8BFFFF788BF0820704782
:10B6E0002C4E00202D4E0020014B1878704700BFD3
:10B6F0002D4E002007B508496846FCF74FFB019B1B
:10B7000013B903B05DF804FBD3E900209047684605
:10B71000FCF74DFBF3E700BFCCD10700FFF7EABF12
:10B7200060DF704769DF704761DF704730B5114DEA
:10B73000ADF5017D4FF4FA740DF1020103A8ADF8E7
:10B740000240FFF7F1FF70B9294601A8FCF726FB7C
:10B75000029B002BF0D003A8D3E90021904701A859
:10B76000FCF725FBF4E7052801D0FCF7D2FE0DF528
:10B77000017D30BDE4D10700024B1B780BB1FFF710
:10B78000D5BF70472F4E002018B1034B0360002037
:10B7900070470E20704700BFE82A00207FB506469C
:10B7A0000C46002959D02E4B0B600C22002101A819
:10B7B00001F08CF9012506232268ADF8083001A9B3
:10B7C00020208DF804608DF80650FFF7ABFF0C22A7
:10B7D000002101A801F07AF922688DF8055001A92D
:10B7E0004020FFF79FFF0C22002101A801F06EF915
:10B7F000F7232268ADF8063001A923208DF80460F4
:10B80000FFF790FF0C22002101A801F05FF92268E8
:10B810008DF8045001A92846FFF784FF0C2200216F
:10B8200001A801F053F94FF4B0632268019301A914
:10B83000A120FFF777FF0C22002101A801F046F9B3
:10B840009DF8043022682B4301A9A0208DF8043014
:10B85000FFF768FF002004B070BD0E20FBE700BFBB
:10B86000E82A002008B5FFF75BFF10B9014B012261
:10B870001A7008BD2F4E00204BDF70471FB50D4CCE
:10B8800001A8FFF7F9FF70B9214602A8FCF786FA74
:10B89000039B002BF4D00198D3E90021904702A824
:10B8A000FCF785FAF4E7052801D0FCF732FE04B076
:10B8B00010BD00BFF0D107008B1802448B4200D1AD
:10B8C000704713F8010D02F8010DF7E700000000C2
:10B8D000C3F10803DB0070B501330446002003A563
:10B8E0005B1920C940CAAD1920C4184720C940CAF5
:10B8F000754120C420C940CA754120C420C940CA2E
:10B90000754120C420C940CA754120C420C940CA1D
:10B91000754120C420C940CA754120C420C940CA0D
:10B92000754120C4404170BD0000000000000000CF
:10B93000C3F10803DB0070B50133002403A500BF89
:10B940005B1920C940CAAD1B20C0184720C940CA96
:10B95000B54120C020C940CAB54120C020C940CA55
:10B96000B54120C020C940CAB54120C020C940CA45
:10B97000B54120C020C940CAB54120C020C940CA35
:10B98000B54120C06441B4FA84F0400970BD00BFE5
:10B990002DE9F04F08B4F8CA04B451F8042BA3FB06
:10B9A000028940F8048B4FF0000AE4FB629A4FF0E2
:10B9B000000BE5FB62AB4FF0000CE6FB62BC4FF006
:10B9C000000EE7FB62CE51F8042B4FF00008E3FBBA
:10B9D000628940F8048BE4FB629AE5FB62ABE6FB0C
:10B9E00062BCE7FB62CE51F8042B4FF00008E3FB8A
:10B9F000628940F8048BE4FB629AE5FB62ABE6FBEC
:10BA000062BCE7FB62CE51F8042B4FF00008E3FB69
:10BA1000628940F8048BE4FB629AE5FB62ABE6FBCB
:10BA200062BCE7FB62CE51F8042B4FF00008E3FB49
:10BA3000628940F8048BE4FB629AE5FB62ABE6FBAB
:10BA400062BCE7FB62CE40F8049B40F804AB40F8D0
:10BA500004BB40F804CB40F804EB0CBC052B00F011
:10BA60001E810C68A0F11400A1F11401A2F11402CE
:10BA700052F804EB4FF0000550F8046BE4FB6E56EF
:10BA800052F804EB50F8047BE4FB6E6752F804EBC9
:10BA900050F8048BE4FB6E7852F804EB50F8049BEA
:10BAA000E4FB6E8952F804EB50F804ABE4FB6E9AA9
:10BAB000A0F1140052F8044B51F804EB4FF0000CC5
:10BAC000E4FB6EC540F804CB51F804EBE4FB6E5682
:10BAD00040F8045B51F804EBE4FB6E6740F8046B3C
:10BAE00051F804EBE4FB6E7840F8047B51F804EB6A
:10BAF000E4FB6E8940F8048B51F804EBE4FB6E9A8A
:10BB0000A0E80006062B00F0CA800C68A0F118001F
:10BB1000A1F11801A2F1180252F804EB4FF0000550
:10BB200050F8046BE4FB6E5652F804EB50F8047BBB
:10BB3000E4FB6E6752F804EB50F8048BE4FB6E787C
:10BB400052F804EB50F8049BE4FB6E8952F804EBC6
:10BB500050F804ABE4FB6E9A52F804EB50F804BBC7
:10BB6000E4FB6EABA0F1180052F8044B51F804EB63
:10BB70004FF0000CE4FB6EC540F804CB51F804EB29
:10BB8000E4FB6E5640F8045B51F804EBE4FB6E678F
:10BB900040F8046B51F804EBE4FB6E7840F8047B4A
:10BBA00051F804EBE4FB6E8940F8048B51F804EB88
:10BBB000E4FB6E9A40F8049B51F804EBE4FB6EAB97
:10BBC000A0E8000C072B6AD008B40C68A0F11C0098
:10BBD000A1F11C01A2F11C0252F804EB4FF0000588
:10BBE00050F8046BE4FB6E5652F804EB50F8047BFB
:10BBF000E4FB6E6752F804EB50F8048BE4FB6E78BC
:10BC000052F804EB50F8049BE4FB6E8952F804EB05
:10BC100050F804ABE4FB6E9A52F804EB50F804BB06
:10BC2000E4FB6EAB52F804EB50F804CBE4FB6EBCC3
:10BC3000A0F11C0052F8044B51F804EB4FF0000344
:10BC4000E4FB6E3540F8043B51F804EBE4FB6E5620
:10BC500040F8045B51F804EBE4FB6E6740F8046BBA
:10BC600051F804EBE4FB6E7840F8047B51F804EBE8
:10BC7000E4FB6E8940F8048B51F804EBE4FB6E9A08
:10BC800040F8049B51F804EBE4FB6EAB40F804ABC6
:10BC900051F804EBE4FB6EBCA0E8001808BCBDE85A
:10BCA000F08F002310B51C465AB2914200DC10BD43
:10BCB00040F823400133F7E710B500231A465CB281
:10BCC000A14203DCB2FA82F0400910BD50F82340D3
:10BCD00001332243F3E74A11012350F8220001F017
:10BCE0001F0103FA01F108407047013910B549B24C
:10BCF000041D0A06CBB204D4013954F82120002ACD
:10BD0000F7D001335BB273B103F18042013A50F8CE
:10BD10002220002022B9013B00EB431318B210BDD2
:10BD200052080130F6E71846F9E710B500235CB277
:10BD3000A24200DC10BD51F8234040F823400133FB
:10BD4000F5E710B5013A52B2130601D5002010BD37
:10BD500050F8224051F822309C4205D802F1FF32BF
:10BD6000F2D24FF0FF30F2E70120F0E700EB810163
:10BD70000023884200D3704751F8042D43EA520350
:10BD80000B60D307F5E737B51D469DF918300193D1
:10BD90000446FFF79DFD019B38B91A462146284607
:10BDA000FFF7CFFF0128019B07D02A4621462046F6
:10BDB00003B0BDE83040FFF7BBBD03B030BD37B5C1
:10BDC0001D469DF9183001930446FFF7B1FD019B14
:10BDD00038B12A462146204603B0BDE83040FFF77F
:10BDE00077BD03B030BD2DE9F04FB5B004AC9DF97F
:10BDF000F8501E4680462B462046FFF7C9FD24AB6F
:10BE000029463046CDE90234FFF76FFFC0EB8510BD
:10BE100004B2002C2146B8BF04F11F01634241F374
:10BE2000471103F01F0314A804F01F0758BF5F4217
:10BE3000FFF737FF002F08B22BDD14AB002203EB16
:10BE40008001C7F1200E1346AB4217D36B0001935C
:10BE500014AB03EB85096F1E34AB012603EB870798
:10BE6000002C54DA34AB03EB86062A4656F8C81C7D
:10BE70004046FFF75AFF35B0BDE8F08F56F823C0B3
:10BE80000CFA07F0024341F8042B01332CFA0EF2AE
:10BE9000DAE714AB2A46314603EB8000FFF745FF93
:10BEA000D4E70FFA82FE5AF8C83C53F82EB034ABF0
:10BEB00003EB8202013052F8803C0B44BBEB0303DE
:10BEC00034BF012200229B4518BF11465CF8C82CE4
:10BED00042F82E30019B42B29A42E2DB731A5E4274
:10BEE000294614A85E41FFF741FF34AB03EB8503FD
:10BEF000294653F8802C57F8803C484643EAC273E1
:10BF0000013C47F8803C24B2FFF730FFA8E734AB90
:10BF10000020C6F1010C014603EB860A03EB8C0CF2
:10BF2000D8E730B51C4691B0054693F90030684615
:10BF3000FFF72EFDD4F8AC3069462846984711B07B
:10BF400030BD13460A46FFF7ECBF2DE9F04793F9E1
:10BF5000006092B0044689461046314615461F4699
:10BF6000FFF7AAFE002840F091803A46494602A811
:10BF7000FFF7E7FF3B4602AA21460AA8FFF7D1FFD9
:10BF800002A908463A46FFF7DCFF3B462A464946E7
:10BF90004846FFF7C6FF07F104083A4629462846F7
:10BFA000FFF7CFFF43462A46214620460096FFF77B
:10BFB000EAFE43462A46294628460096FFF7E3FE56
:10BFC00043462A46214628460096FFF7F8FE3B46A0
:10BFD0002A4621462046FFF7A4FF43462246214633
:10BFE00028460096FFF7CFFE434600962A46214694
:10BFF0002046FFF7C8FE2368DB074AD53346424692
:10C0000021462046FFF764FC314682462046FFF772
:10C01000ADFE06F18043013B54F8232042EACA7288
:10C0200044F823203A4621462846FFF78AFF434634
:10C030000AAA294628460096FFF7C1FE43460AAAE7
:10C04000294628460096FFF7BAFE0AA90846434645
:10C050002A460096FFF7B3FE3B460AAA2146204631
:10C06000FFF75FFF02AA4346104621460096FFF7FE
:10C07000A6FE324629462046FFF757FE4946284687
:10C08000FFF753FE02A94846FFF74FFE12B0BDE886
:10C09000F08731462046FFF769FEC3E72DE9F041FE
:10C0A00015468AB004460E461C22002103A800F063
:10C0B0000DFD2F1D95F9008003232A4631462046A9
:10C0C0000293FFF73EFF3B4602AA21462046CDF8E9
:10C0D0000080FFF774FE2B46324621462046FFF7CC
:10C0E00020FFCDF800803B4605F184022146204622
:10C0F000FFF749FE0AB0BDE8F08100002DE9F042EB
:10C10000082288B00C468146FFF70FFECB6A0393E6
:10C110000B6B04934B6B05938B6B0693CB6B079365
:10C12000002708236A4669466846CDE901770097EB
:10C13000FFF7CEFB082305466A4649464846FFF707
:10C14000C7FB236B0393636B0493A36B0593E36BB0
:10C150000544CDE906376A46082369466846FFF775
:10C16000B7FB082305446A4649464846FFF7B0FB3B
:10C17000236A0093636A0193A36A0293A36B0693F5
:10C18000E36B0793054408236A4649464846CDE9D0
:10C1900004770397FFF79CFB636A0093A36AA26B83
:10C1A0000193E36A02930492636BE26B0393CDE91C
:10C1B0000523236A07932E1808236A4649464846F2
:10C1C000FFF786FBE36A0093236B0193636B029393
:10C1D000236A0693A36A0793351808236A464946DB
:10C1E0004846CDE904770397FFF7A2FB236B009342
:10C1F000636B0193A36B0293E36B0393636A0693F0
:10C20000E36A07932E1A08236A4649464846CDE951
:10C210000477FFF78DFB636B0093A36B0193E36BD4
:10C220000293236A0393636A0493A36ACDE90537F3
:10C23000236B0793361A08236A4649464846FFF798
:10C2400077FBA36B0093E36BCDE90137636A03933C
:10C25000A36A0493E36ACDE90537636B0793361A43
:10C2600008236A4649464846FFF762FB361A0E4CD9
:10C270000FD436B9082249462046FFF762FD01284F
:10C280000FD00823224649464846FFF751FB361A8D
:10C29000EFE70823224649464846FFF719FB3618C0
:10C2A000F7D408B0BDE8F08200D2070070B514469C
:10C2B0008AB006460D461A46214602A80193FFF7AA
:10C2C00040FE019B02AA31463046FFF72AFE02A932
:10C2D000019B22460846FFF724FE019B02AA29463D
:10C2E0002846FFF71EFE0AB070BD2DE9F0478AB060
:10C2F0001446DDF848A055461F4615F9046B009614
:10C30000804689462B460246214602A8FFF757FD84
:10C3100002A952460846FFF714FE534602AA4146B8
:10C320004046FFF7FEFD534602AA21462046FFF78E
:10C33000F8FD2B464A46394638460096FFF73FFD42
:10C340005246394602A8FFF7FCFD02A92B46424699
:10C3500008460096FFF733FD02A92B462246084601
:10C360000096FFF72CFD2B464246214620460096BC
:10C37000FFF725FD5346224649464846FFF7D1FDC3
:10C380002B4602AA414620460096FFF718FD534669
:10C39000224639463846FFF7C4FD2B464A46394601
:10C3A00038460096FFF70BFD324602A92046FFF7FC
:10C3B000BCFC0AB0BDE8F0872DE9F0479846B3F918
:10C3C0000230894613F11F0148BF03F13E01DD1D14
:10C3D00048BF03F10E05EC104E11944275B228BF10
:10C3E000144629460746FFF75CFC22464946FFF7FC
:10C3F00063FAB8F90230B3EBC40F4FEAC40220D29B
:10C40000D21A07EB86010020C2F120068F420FD31B
:10C4100008F124082A4639464046FFF792FC0128D5
:10C420000FD02B4642463846BDE8F047FFF780BAAA
:10C4300051F8044D24FA02F303430B6004FA06F0AA
:10C44000E4E7BDE8F08770B5036813F00106054620
:10C45000144605D013460A460146FFF739FA064648
:10C4600021462846FFF782FC46B104F18042013A9A
:10C4700055F8223043F0004345F8223070BDF0B546
:10C480000F46A1B006461946384615461C46FFF72A
:10C4900013FC20B13046FFF704FC21B0F0BD22466A
:10C4A00039466846FFF741FC294608A8FFF73DFCDE
:10C4B00010A82146FFF7F5FB012318A81093FFF7FA
:10C4C000F0FB224608A96846FFF73BFC28B9224644
:10C4D00010A93046FFF729FCDFE7009BDA0709D4F3
:10C4E00021466846FFF742FC2246294610A8FFF77E
:10C4F000AAFFE6E7089BDB0707D4214608A8FFF759
:10C5000035FC2246294618A8F1E7002823461CDD01
:10C5100008AA69466846FFF70BFA21466846FFF706
:10C5200025FC224618A910A8FFF70BFC002805DA05
:10C5300010A923462A460846FFF7CAF910A9234640
:10C5400018AA0846FFF7F4F9CEE708A96A46084694
:10C55000FFF7EEF9214608A8FFF708FC224610A9CC
:10C5600018A8FFF7EEFB002805DA18A923462A468B
:10C570000846FFF7ADF918A9234610AA0846FFF7A9
:10C58000D7F9BEE700487047FCD107002DE9F04F0E
:10C590002DED028BEDB08946789E05901946B6F9CF
:10C5A000023096F9004013F11F0748BF03F13E0720
:10C5B00047F3471707F1FF3B24AB002543F82B5007
:10C5C0006CAB03EB8B0307EE902A4CA896F9012085
:10C5D00043F8805C43F8605CFFF76EF996F9012040
:10C5E00054A81144FFF768F921464CA8FFF764FBF3
:10C5F0008046002840F0428154A8FFF75DFB03907D
:10C60000002840F03D8106F1240A3A464CA95046E4
:10C61000FFF797FB012840F035813A4654A9504670
:10C62000FFF78FFB0128069040F02C811CAD3B46A4
:10C63000524654A92846FFF722FF0DF13008039B0C
:10C6400048F82B3017EE902A494640463346FFF70C
:10C65000B3FE4146404653462A460097FFF7C3FBC8
:10C660000DF5B87B53462A464CA914A80097FFF74E
:10C67000BAFB224658460599FFF757FBA3000793DC
:10C68000059B0BEB840903EB84014846FFF74DFB48
:10C6900006F14403194634A80493FFF746FB049BB4
:10C6A000A10059183CA8FFF740FB331D08EE903A53
:10C6B000594634AA28460094FFF781FB4B465A4658
:10C6C0003CA934A80096FFF710FE18EE902A2346E6
:10C6D00029462846FFF7D3FE2A46494658463346A0
:10C6E000FFF7E4FD039B0893049B0993059B3946E0
:10C6F0004046CDE90A3BFFF7F8FA3946834614A8CD
:10C70000FFF7F3FA5845B8BF58461FFA80FB0BF104
:10C71000FF3109B240460491FFF7DDFA0499B0F108
:10C72000000814A818BF4FF00108FFF7D4FA00283A
:10C7300014BF0220002048EA00080DF1200922461B
:10C7400059F8281024A8FFF7F0FA0DF1B009A3005A
:10C7500019444846FFF7E9FA21462846FFF7A1FAAF
:10C76000069B2B60ABF1020824AB08EE105A0FFABF
:10C7700088F80493B8F1000F2ADA18EE902A18EE20
:10C78000101A18EE100A2346FFF779FE18EE102A49
:10C79000049833464946FFF789FD04993A465046C6
:10C7A000FFF7CFFA012805D004993B4652460846C8
:10C7B000FFF7BEF8013C64B24CAA230653D5039B95
:10C7C000B3FA83F040096DB0BDEC028BBDE8F08F89
:10C7D000334618EE102A0498D6F8A4504946A847C4
:10C7E00041460CA8FFF777FA4146B0F1000B14A8B8
:10C7F00018BF4FF0010BFFF76EFA002814BF02209C
:10C8000000204BEA000B08AB53F82B1031B3224643
:10C8100034A8FFF78AFA079B3CA81944FFF785FA6A
:10C8200018EE102A33463CA934A8FFF73FFD18EE56
:10C83000903A0499009434AA44A8FFF7C0FA049AE5
:10C8400000964B463CA934A8FFF74FFD18EE101A8E
:10C8500018EE100A334644AAFFF763FB08F1FF38CD
:10C860000FFA88F886E7049B52F8241053F8243016
:10C870004B40039919430391013C9EE72846A2E7E8
:10C880004046A0E703989EE7002301461A46184653
:10C8900000F0E4B908B5074B044613B1002100F0DD
:10C8A0002DFA054B1868836A03B19847204600F0BB
:10C8B00073FA00BFFDCC0700ACD2070038B50A4CB4
:10C8C0000A4D641BA4100AD004F18043013B05EB20
:10C8D0008305013C55F804399847002CF9D1BDE88F
:10C8E000384000F061BA00BFA02B00209C2B002034
:10C8F00070B50D4E0D4D761BB61006D000240134D8
:10C9000055F8043B9847A642F9D1094E094D761BCC
:10C9100000F044FAB61006D00024013455F8043B68
:10C920009847A642F9D170BD982B0020982B002083
:10C930009C2B0020982B0020032A70B412D940EAC7
:10C940000105AD0704460B4620D11946204653F891
:10C95000045B54F8046BAE4218D1043A032A204613
:10C960001946F2D8541E72B103780A789A4208BF69
:10C97000241806D00CE010F8013F11F8012F934263
:10C9800006D1A042F7D1002070BC7047541EEBE7DF
:10C99000981A70BC704700BF844641EA000313F048
:10C9A00003036DD1403A41D351F8043B40F8043BB6
:10C9B00051F8043B40F8043B51F8043B40F8043B79
:10C9C00051F8043B40F8043B51F8043B40F8043B69
:10C9D00051F8043B40F8043B51F8043B40F8043B59
:10C9E00051F8043B40F8043B51F8043B40F8043B49
:10C9F00051F8043B40F8043B51F8043B40F8043B39
:10CA000051F8043B40F8043B51F8043B40F8043B28
:10CA100051F8043B40F8043B51F8043B40F8043B18
:10CA200051F8043B40F8043B403ABDD2303211D3B8
:10CA300051F8043B40F8043B51F8043B40F8043BF8
:10CA400051F8043B40F8043B51F8043B40F8043BE8
:10CA5000103AEDD20C3205D351F8043B40F8043BB8
:10CA6000043AF9D2043208D0D2071CBF11F8013BB6
:10CA700000F8013B01D30B8803806046704700BF7C
:10CA8000082A13D38B078DD010F003038AD0C3F18B
:10CA90000403D21ADB071CBF11F8013B00F8013B6D
:10CAA00080D331F8023B20F8023B7BE7043AD9D32C
:10CAB000013A11F8013B00F8013BF9D20B78037001
:10CAC0004B7843708B78837060467047F0B486076C
:10CAD00046D0541E002A3CD0CAB2034602E014F1EC
:10CAE000FF3436D303F8012B9D07F8D1032C29D945
:10CAF000CDB245EA05250F2C45EA054533D9A4F109
:10CB00001006360903F1200707EB061703F11002A0
:10CB100042E9045542E902551032BA42F8D1721C7A
:10CB200014F00C0F03EB021204F00F0613D0331FA6
:10CB300023F003030433134442F8045B9342FBD114
:10CB400006F003042CB1C9B21C4403F8011B9C423B
:10CB5000FBD1F0BC704734461346002CF3D1F8E704
:10CB600014460346C2E71A462646E0E700000000E6
:10CB700000000000000000000000000000000000B5
:10CB800090F800F06DE9024520F007016FF0000C0D
:10CB900010F0070491F820F040F049804FF00004B5
:10CBA0006FF00700D1E9002391F840F000F1080090
:10CBB00082FA4CF2A4FA8CF283FA4CF3A2FA8CF3C8
:10CBC0004BBBD1E9022382FA4CF200F10800A4FA2F
:10CBD0008CF283FA4CF3A2FA8CF3E3B9D1E9042383
:10CBE00082FA4CF200F10800A4FA8CF283FA4CF3BA
:10CBF000A2FA8CF37BB9D1E9062301F1200182FA74
:10CC00004CF200F10800A4FA8CF283FA4CF3A2FA79
:10CC10008CF3002BC6D0002A04BF04301A4612BA87
:10CC2000B2FA82F2FDE8024500EBD2007047D1E98A
:10CC3000002304F00305C4F100004FEAC50514F019
:10CC4000040F91F840F00CFA05F562EA05021CBFEA
:10CC500063EA050362464FF00004A9E72DE9F843B3
:10CC6000224C25680DB36C681F2C3BDC984691461E
:10CC70000F46064688B1D5F8880028B3D0F80031B1
:10CC800040F824900122A24000EB84011343022EBD
:10CC9000C0F80031C1F8808010D0A31C01346C6052
:10CCA00045F823700020BDE8F883114E114D256032
:10CCB000002ED8D03468C5F88840D4E7D0F80431C5
:10CCC0001A43C0F80421E8E70B4B5BB14FF48470C2
:10CCD000AFF3008030B100236C68C0E94033C5F881
:10CCE0008800CDE74FF0FF30DDE700BFBC4E0020ED
:10CCF00000000000304E0020000000002DE9F04F41
:10CD0000DFF8908083B0D8F8005001900F464FF0C4
:10CD1000010A8DB16C68D5F88860013C0CD405F12E
:10CD2000080B67B12EB106F1800353F82430BB42E3
:10CD300005D014F1FF34F4D203B0BDE8F08F6B6876
:10CD40005BF82420013BA34216BF00236C604BF824
:10CD50002430002AEDD0D5F80490B6B1D6F80011F1
:10CD60000AFA04F30B4210D0D6F8040156F8241046
:10CD700003420CD1019890476B68D8F800204B45CE
:10CD800001D1AA42D5D01546C3E79047F4E708463B
:10CD90009047F1E7BC4E0020FEE700BFF8B500BFAA
:10CDA000F8BC08BC9E467047F8B500BFF8BC08BC8C
:10CDB0009E467047001000000400000001000000C3
:10CDC00095790700B9790700C9790700397A070012
:10CDD000D9790700A1790700A5790700A97907008B
:10CDE000001000000400000001000000457B070067
:10CDF000257B0700157B07004D7D0700017D07009F
:10CE0000E77A0700EB7A0700F17A0700982F8A4249
:10CE100091443771CFFBC0B5A5DBB5E95BC256398C
:10CE2000F111F159A4823F92D55E1CAB98AA07D8A4
:10CE3000015B8312BE853124C37D0C55745DBE72C7
:10CE4000FEB1DE80A706DC9B74F19BC1C1699BE447
:10CE50008647BEEFC69DC10FCCA10C246F2CE92DD7
:10CE6000AA84744ADCA9B05CDA88F97652513E98FB
:10CE70006DC631A8C82703B0C77F59BFF30BE0C602
:10CE80004791A7D55163CA0667292914850AB72790
:10CE900038211B2EFC6D2C4D130D385354730A652D
:10CEA000BB0A6A762EC9C281852C7292A1E8BFA204
:10CEB0004B661AA8708B4BC2A3516CC719E892D16C
:10CEC000240699D685350EF470A06A1016C1A419EF
:10CED000086C371E4C774827B5BCB034B30C1C39EE
:10CEE0004AAAD84E4FCA9C5BF36F2E68EE828F74AD
:10CEF0006F63A5781478C8840802C78CFAFFBE90C7
:10CF0000EB6C50A4F7A3F9BEF27871C64800280074
:10CF10000020400085C50700DDAC843D1EBD6AFCD5
:10CF2000F19B4BD0C49DB1BE608F0D7ACA0083AA1D
:10CF3000B84899DE96F7E90C05200B441BE1104A2E
:10CF4000A3418950BAD2FDB74999C850A1D379AF4E
:10CF50008939544350D9C92D06150E1506110A04F6
:10CF60000A1104041F04041C0B1F251E15160F189C
:10CF7000131C0B1F251E15160F18130000000000B0
:10CF80000338FDD870470000F79207009B92070016
:10CF9000EB9707005D9807007D980700E191070077
:10CFA000A19107007F97070000000000A9980700E3
:10CFB000A398070083980700200000007800000075
:10CFC000000000000100010000000000010000005E
:10CFD0000000000002000500010000004200000007
:10CFE0000000000000000000000000000000000041
:10CFF00000000000010011000100FFFF010000001F
:10D0000000000000020017000200FEFF64010000A3
:10D0100054D00700000000000000000000000000E5
:10D0200000000000010001000000000001000000FD
:10D0300000000000020005000100000022000000C6
:10D0400000000000000000000000000000000000E0
:10D0500000000000010011000400FCFF04000000BB
:10D0600000000000020011000400FCFF04000000AA
:10D0700000000000030021000400FCFF0400100079
:10D0800000000000040011000100FFFF010000008B
:10D0900000000000050011000200FEFF0400000077
:10D0A00000000000060011000400FCFF0400000066
:10D0B00000000000070011000400FCFF0400000055
:10D0C00000000000080017000200FEFF240000001E
:10D0D00024D00700090010000100FFFF010000003C
:10D0E00004D107000A0027000200FEFF44000300ED
:10D0F000C4CF070000000000000000000000000096
:10D100000000000000000000010017000400FCFF08
:10D1100068010000F4CF0700020017000400FCFFC4
:10D12000AC01000038D10700000000000000000042
:10D1300000000000000000000100070000000000E7
:10D1400068010000F4CF07000200010000000000A9
:10D1500001000000000000000300050001000000C5
:10D16000420000000000000000000000000000007D
:10D170000000000000000000446675546172670002
:10D18000000000000000000000000000000000009F
:10D1900050EADA308883B89F604F15F30000C98EDB
:10D1A0000338FDD870470C000C00000058026D6970
:10D1B00063726F6269745F61707000001002010039
:10D1C00008D3070010D3070008000000F8D20700BA
:10D1D00008D3070008000000F0D20700F8D20700CB
:10D1E00008000000E8D20700F0D2070008000000A5
:10D1F00010D3070018D30700080000000820000122
:10D20000FFFFFFFFFFFFFFFFFFFFFFFF000000002A
:10D21000000000000000000001000000FFFFFFFF11
:10D22000512563FCC2CAB9F3849E17A7ADFAE6BCC8
:10D23000FFFFFFFFFFFFFFFF00000000FFFFFFFFFA
:10D2400096C298D84539A1F4A033EB2D817D0377A0
:10D25000F240A463E5E6BCF847422CE1F2D1176B3B
:10D26000F551BF376840B6CBCE5E316B5733CE2B0E
:10D27000169E0F7C4AEBE78E9B7F1AFEE242E34F3D
:10D280004B60D2273E3CCE3BF6B053CCB0061D657A
:10D29000BC86987655BDEBB3E7933AAAD835C65A03
:10D2A0004BBF07009DC00700FDC00700382B0020C2
:10D2B0000000000001A10700599E07004032002035
:10D2C0007C4200208D42002048320020F400000003
:10D2D0000000000003000000F5B30700000000009C
:10D2E00002000000D5B30700A59A07000000000067
:10D2F000C17C07000000000079B7070000000000B3
:10D300007DB8070000000000017B0700000000005E
:10D310001D7C070000000000709FFF7F01000000DF
:10D320000090D0030000000000000000000000009A
:10D3300000000000000000000000000000000000ED
:10D3400001000000000000000000000000000000DC
:10D3500002000000EC2A00200C2B0020FC2A0020F8
:10D36000FF00FFFF0100000000E00700382B002055
:10D3700000000000000000000000000000000000AD
:10D38000000000000000000000000000000000009D
:10D39000000000000000000000000000000000008D
:10D3A000000000000000000000000000000000007D
:10D3B000000000000000000000000000000000006D
:10D3C000000000000000000000000000000000005D
:10D3D00069720700417207000000000000000000B1
:0CD3E00001A2070000100000000008007F
:10E00000BE361649020000000000000000000000BB
:10E0100000000000000000001CD20000105EBCF8F0
:10E0200001000000000000000000000000000000EF
:10E0300000000000000000000000000000000000E0
:10E0400000000000000000000000000000000000D0
:10E0500000000000000000000000000000000000C0
:10E0600000000000000000000000000000000000B0
:10E0700000000000000000000000000000000000A0
:10E080000000000000000000000000000000000090
:10E090000000000000000000000000000000000080
:10E0A0000000000000000000000000000000000070
:10E0B0000000000000000000000000000000000060
:10E0C0000000000000000000000000000000000050
:10E0D0000000000000000000000000000000000040
:10E0E0000000000000000000000000000000000030
:10E0F0000000000000000000000000000000000020
:10E10000000000000000000000000000000000000F
:10E1100000000000000000000000000000000000FF
:10E1200000000000000000000000000000000000EF
:10E1300000000000000000000000000000000000DF
:10E1400000000000000000000000000000000000CF
:10E1500000000000000000000000000000000000BF
:10E1600000000000000000000000000000000000AF
:10E17000000000000000000000000000000000009F
:10E18000000000000000000000000000000000008F
:10E19000000000000000000000000000000000007F
:10E1A000000000000000000000000000000000006F
:10E1B000000000000000000000000000000000005F
:10E1C000000000000000000000000000000000004F
:10E1D000000000000000000000000000000000003F
:10E1E000000000000000000000000000000000002F
:10E1F000000000000000000000000000000000001F
:10E20000000000000000000000000000000000000E
:10E2100000000000000000000000000000000000FE
:10E2200000000000000000000000000000000000EE
:10E2300000000000000000000000000000000000DE
:10E2400000000000000000000000000000000000CE
:10E25000000000000000000000000000A21BDAAC7B
:10E2600000000000000000000000000000000000AE
:10E27000000000000000000000000000000000009E
:10E28000000000000000000000000000000000008E
:10E29000000000000000000000000000000000007E
:10E2A000000000000000000000000000000000006E
:10E2B000000000000000000000000000000000005E
:10E2C000000000000000000000000000000000004E
:10E2D000000000000000000000000000000000003E
:10E2E000000000000000000000000000000000002E
:10E2F000000000000000000000000000000000001E
:10E30000000000000000000000000000000000000D
:10E3100000000000000000000000000000000000FD
:10E3200000000000000000000000000000000000ED
:10E3300000000000000000000000000000000000DD
:10E3400000000000000000000000000000000000CD
:10E3500000000000000000000000000000000000BD
:10E3600000000000000000000000000000000000AD
:10E37000000000000000000000000000000000009D
:10E38000000000000000000000000000000000008D
:10E39000000000000000000000000000000000007D
:10E3A000000000000000000000000000000000006D
:10E3B000000000000000000000000000000000005D
:10E3C000000000000000000000000000000000004D
:10E3D000000000000000000000000000000000003D
:10E3E000000000000000000000000000000000002D
:10E3F000000000000000000000000000000000001D
:10E40000000000000000000000000000000000000C
:10E4100000000000000000000000000000000000FC
:10E4200000000000000000000000000000000000EC
:10E4300000000000000000000000000000000000DC
:10E4400000000000000000000000000000000000CC
:10E4500000000000000000000000000000000000BC
:10E4600000000000000000000000000000000000AC
:10E47000000000000000000000000000000000009C
:10E48000000000000000000000000000000000008C
:10E49000000000000000000000000000000000007C
:10E4A000000000000000000000000000000000006C
:10E4B000000000000000000000000000000000005C
:10E4C000000000000000000000000000000000004C
:10E4D000000000000000000000000000000000003C
:10E4E000000000000000000000000000000000002C
:10E4F000000000000000000000000000000000001C
:10E50000000000000000000000000000000000000B
:10E5100000000000000000000000000000000000FB
:10E5200000000000000000000000000000000000EB
:10E5300000000000000000000000000000000000DB
:10E5400000000000000000000000000000000000CB
:10E5500000000000000000000000000000000000BB
:10E5600000000000000000000000000000000000AB
:10E57000000000000000000000000000000000009B
:10E58000000000000000000000000000000000008B
:10E59000000000000000000000000000000000007B
:10E5A000000000000000000000000000000000006B
:10E5B000000000000000000000000000000000005B
:10E5C000000000000000000000000000000000004B
:10E5D000000000000000000000000000000000003B
:10E5E000000000000000000000000000000000002B
:10E5F000000000000000000000000000000000001B
:10E60000000000000000000000000000000000000A
:10E6100000000000000000000000000000000000FA
:10E6200000000000000000000000000000000000EA
:10E6300000000000000000000000000000000000DA
:10E6400000000000000000000000000000000000CA
:10E6500000000000000000000000000000000000BA
:10E6600000000000000000000000000000000000AA
:10E67000000000000000000000000000000000009A
:10E68000000000000000000000000000000000008A
:10E69000000000000000000000000000000000007A
:10E6A000000000000000000000000000000000006A
:10E6B000000000000000000000000000000000005A
:10E6C000000000000000000000000000000000004A
:10E6D000000000000000000000000000000000003A
:10E6E000000000000000000000000000000000002A
:10E6F000000000000000000000000000000000001A
:10E700000000000000000000000000000000000009
:10E7100000000000000000000000000000000000F9
:10E7200000000000000000000000000000000000E9
:10E7300000000000000000000000000000000000D9
:10E7400000000000000000000000000000000000C9
:10E7500000000000000000000000000000000000B9
:10E7600000000000000000000000000000000000A9
:10E770000000000000000000000000000000000099
:10E780000000000000000000000000000000000089
:10E790000000000000000000000000000000000079
:10E7A0000000000000000000000000000000000069
:10E7B0000000000000000000000000000000000059
:10E7C0000000000000000000000000000000000049
:10E7D0000000000000000000000000000000000039
:10E7E0000000000000000000000000000000000029
:10E7F0000000000000000000000000000000000019
:10E800000000000000000000000000000000000008
:10E8100000000000000000000000000000000000F8
:10E8200000000000000000000000000000000000E8
:10E8300000000000000000000000000000000000D8
:10E8400000000000000000000000000000000000C8
:10E8500000000000000000000000000000000000B8
:10E8600000000000000000000000000000000000A8
:10E870000000000000000000000000000000000098
:10E880000000000000000000000000000000000088
:10E890000000000000000000000000000000000078
:10E8A0000000000000000000000000000000000068
:10E8B0000000000000000000000000000000000058
:10E8C0000000000000000000000000000000000048
:10E8D0000000000000000000000000000000000038
:10E8E0000000000000000000000000000000000028
:10E8F0000000000000000000000000000000000018
:10E900000000000000000000000000000000000007
:10E9100000000000000000000000000000000000F7
:10E9200000000000000000000000000000000000E7
:10E9300000000000000000000000000000000000D7
:10E9400000000000000000000000000000000000C7
:10E9500000000000000000000000000000000000B7
:10E9600000000000000000000000000000000000A7
:10E970000000000000000000000000000000000097
:10E980000000000000000000000000000000000087
:10E990000000000000000000000000000000000077
:10E9A0000000000000000000000000000000000067
:10E9B0000000000000000000000000000000000057
:10E9C0000000000000000000000000000000000047
:10E9D0000000000000000000000000000000000037
:10E9E0000000000000000000000000000000000027
:10E9F0000000000000000000000000000000000017
:10EA00000000000000000000000000000000000006
:10EA100000000000000000000000000000000000F6
:10EA200000000000000000000000000000000000E6
:10EA300000000000000000000000000000000000D6
:10EA400000000000000000000000000000000000C6
:10EA500000000000000000000000000000000000B6
:10EA600000000000000000000000000000000000A6
:10EA70000000000000000000000000000000000096
:10EA80000000000000000000000000000000000086
:10EA90000000000000000000000000000000000076
:10EAA0000000000000000000000000000000000066
:10EAB0000000000000000000000000000000000056
:10EAC0000000000000000000000000000000000046
:10EAD0000000000000000000000000000000000036
:10EAE0000000000000000000000000000000000026
:10EAF0000000000000000000000000000000000016
:10EB00000000000000000000000000000000000005
:10EB100000000000000000000000000000000000F5
:10EB200000000000000000000000000000000000E5
:10EB300000000000000000000000000000000000D5
:10EB400000000000000000000000000000000000C5
:10EB500000000000000000000000000000000000B5
:10EB600000000000000000000000000000000000A5
:10EB70000000000000000000000000000000000095
:10EB80000000000000000000000000000000000085
:10EB90000000000000000000000000000000000075
:10EBA0000000000000000000000000000000000065
:10EBB0000000000000000000000000000000000055
:10EBC0000000000000000000000000000000000045
:10EBD0000000000000000000000000000000000035
:10EBE0000000000000000000000000000000000025
:10EBF0000000000000000000000000000000000015
:10EC00000000000000000000000000000000000004
:10EC100000000000000000000000000000000000F4
:10EC200000000000000000000000000000000000E4
:10EC300000000000000000000000000000000000D4
:10EC400000000000000000000000000000000000C4
:10EC500000000000000000000000000000000000B4
:10EC600000000000000000000000000000000000A4
:10EC70000000000000000000000000000000000094
:10EC80000000000000000000000000000000000084
:10EC90000000000000000000000000000000000074
:10ECA0000000000000000000000000000000000064
:10ECB0000000000000000000000000000000000054
:10ECC0000000000000000000000000000000000044
:10ECD0000000000000000000000000000000000034
:10ECE0000000000000000000000000000000000024
:10ECF0000000000000000000000000000000000014
:10ED00000000000000000000000000000000000003
:10ED100000000000000000000000000000000000F3
:10ED200000000000000000000000000000000000E3
:10ED300000000000000000000000000000000000D3
:10ED400000000000000000000000000000000000C3
:10ED500000000000000000000000000000000000B3
:10ED600000000000000000000000000000000000A3
:10ED70000000000000000000000000000000000093
:10ED80000000000000000000000000000000000083
:10ED90000000000000000000000000000000000073
:10EDA0000000000000000000000000000000000063
:10EDB0000000000000000000000000000000000053
:10EDC0000000000000000000000000000000000043
:10EDD0000000000000000000000000000000000033
:10EDE0000000000000000000000000000000000023
:10EDF0000000000000000000000000000000000013
:10EE00000000000000000000000000000000000002
:10EE100000000000000000000000000000000000F2
:10EE200000000000000000000000000000000000E2
:10EE300000000000000000000000000000000000D2
:10EE400000000000000000000000000000000000C2
:10EE500000000000000000000000000000000000B2
:10EE600000000000000000000000000000000000A2
:10EE70000000000000000000000000000000000092
:10EE80000000000000000000000000000000000082
:10EE90000000000000000000000000000000000072
:10EEA0000000000000000000000000000000000062
:10EEB0000000000000000000000000000000000052
:10EEC0000000000000000000000000000000000042
:10EED0000000000000000000000000000000000032
:10EEE0000000000000000000000000000000000022
:10EEF0000000000000000000000000000000000012
:10EF00000000000000000000000000000000000001
:10EF100000000000000000000000000000000000F1
:10EF200000000000000000000000000000000000E1
:10EF300000000000000000000000000000000000D1
:10EF400000000000000000000000000000000000C1
:10EF500000000000000000000000000000000000B1
:10EF600000000000000000000000000000000000A1
:10EF70000000000000000000000000000000000091
:10EF80000000000000000000000000000000000081
:10EF90000000000000000000000000000000000071
:10EFA0000000000000000000000000000000000061
:10EFB0000000000000000000000000000000000051
:10EFC0000000000000000000000000000000000041
:10EFD0000000000000000000000000000000000031
:10EFE0000000000000000000000000000000000021
:10EFF0000000000000000000000000000000000011
:10F00000BE361649020000000000000000000000AB
:10F0100000000000000000001CD20000105EBCF8E0
:10F0200001000000000000000000000000000000DF
:10F0300000000000000000000000000000000000D0
:10F0400000000000000000000000000000000000C0
:10F0500000000000000000000000000000000000B0
:10F0600000000000000000000000000000000000A0
:10F070000000000000000000000000000000000090
:10F080000000000000000000000000000000000080
:10F090000000000000000000000000000000000070
:10F0A0000000000000000000000000000000000060
:10F0B0000000000000000000000000000000000050
:10F0C0000000000000000000000000000000000040
:10F0D0000000000000000000000000000000000030
:10F0E0000000000000000000000000000000000020
:10F0F0000000000000000000000000000000000010
:10F1000000000000000000000000000000000000FF
:10F1100000000000000000000000000000000000EF
:10F1200000000000000000000000000000000000DF
:10F1300000000000000000000000000000000000CF
:10F1400000000000000000000000000000000000BF
:10F1500000000000000000000000000000000000AF
:10F16000000000000000000000000000000000009F
:10F17000000000000000000000000000000000008F
:10F18000000000000000000000000000000000007F
:10F19000000000000000000000000000000000006F
:10F1A000000000000000000000000000000000005F
:10F1B000000000000000000000000000000000004F
:10F1C000000000000000000000000000000000003F
:10F1D000000000000000000000000000000000002F
:10F1E000000000000000000000000000000000001F
:10F1F000000000000000000000000000000000000F
:10F2000000000000000000000000000000000000FE
:10F2100000000000000000000000000000000000EE
:10F2200000000000000000000000000000000000DE
:10F2300000000000000000000000000000000000CE
:10F2400000000000000000000000000000000000BE
:10F25000000000000000000000000000A21BDAAC6B
:10F26000000000000000000000000000000000009E
:10F27000000000000000000000000000000000008E
:10F28000000000000000000000000000000000007E
:10F29000000000000000000000000000000000006E
:10F2A000000000000000000000000000000000005E
:10F2B000000000000000000000000000000000004E
:10F2C000000000000000000000000000000000003E
:10F2D000000000000000000000000000000000002E
:10F2E000000000000000000000000000000000001E
:10F2F000000000000000000000000000000000000E
:10F3000000000000000000000000000000000000FD
:10F3100000000000000000000000000000000000ED
:03F32000000000EA
:020000040000FA
:020000041000EA
:081014000070070000E0070076
:0400000330009FFD2D
:00000001FF
