:020000040000FA
:10000000C0070000D1060000D1000000B1060000CA
:1000100000000000000000000000000000000000E0
:100020000000000000000000000000005107000078
:100030000000000000000000DB000000E500000000
:10004000EF000000F9000000030100000D010000B6
:1000500017010000210100002B0100003501000004
:100060003F01000049010000530100005D01000054
:1000700067010000710100007B01000085010000A4
:100080008F01000099010000A3010000AD010000F4
:10009000B7010000C1010000CB010000D501000044
:1000A000DF010000E9010000F3010000FD01000094
:1000B00007020000110200001B02000025020000E0
:1000C0001FB5C046C04600F0EFFA04B00FB41FBD24
:1000D00008205A49096809580847382057490968CB
:1000E000095808473C2055490968095808474020E5
:1000F0005249096809580847442050490968095875
:10010000084748204D490968095808474C204B4981
:10011000096809580847502048490968095808479C
:100120005420464909680958084758204349096836
:10013000095808475C204149096809580847602068
:100140003E4909680958084764203C49096809582C
:100150000847682039490968095808476C20374919
:100160000968095808477020344909680958084740
:100170007420324909680958084778202F490968CE
:10018000095808477C202D490968095808478020EC
:100190002A490968095808478420284909680958E4
:1001A0000847882025490968095808478C202349B1
:1001B00009680958084790202049096809580847E4
:1001C00094201E4909680958084798201B49096866
:1001D000095808479C201949096809580847A02070
:1001E0001649096809580847A4201449096809589C
:1001F0000847A8201149096809580847AC200F4949
:10020000096809580847B0200C4909680958084787
:10021000B4200A49096809580847B82007490968FD
:1002200009580847BC2005490968095808470000D3
:1002300003480449024A034B7047000000000020B5
:10024000C0070000C00700000122D84B5A6000BF61
:10025000D74A1268002AFBD0016000BFD44A126856
:10026000002AFBD00022D14B5A6000BFD04A12684E
:10027000002AFBD07047F0B505460E46174600240D
:1002800006E0A200B158A2005019FFF7DDFF641C80
:10029000BC42F6D30020F0BD0120C043C549086030
:1002A000401048607047014601229204086890425D
:1002B00001D9102070470020FCE7F0B505460C4638
:1002C0001646002706E028462168FFF7BDFF2D1DD2
:1002D000241D7F1CB742F6D3F0BD70B505460C4611
:1002E0002E460BE0304600F075F9FF2C01D80024B3
:1002F00001E0FF3C013C012080023618002CF1D1C6
:1003000070BD0146012292044868904201D909203B
:100310007047A9484069401C01D10F20F8E7002030
:10032000F6E7FEB504462068030000F037FA05043E
:100330002B4249598B00201DFFF7E3FF0546002D96
:1003400001D02846FEBDFFF7A7FF0120C00200F044
:1003500041F9042221469948FFF78DFF002801D07A
:100360000320EFE708222146944800F06DF90028A9
:1003700006D1002192480068FFF766FF00F00CF9F3
:100380000320DFE7A768E6686068019031463846D9
:10039000FFF7A3FF324638460199FFF78EFFB20000
:1003A0003846019900F050F9002800D1CAE703202F
:1003B000C8E700F0E3F9834800688349086041E03A
:1003C00060680190E668A0680090B200009901980A
:1003D00000F03AF90746002F00D1B3E70E20B1E74D
:1003E000201DFFF760FF0546002D01D02846A9E734
:1003F0006068002807D1FFF74FFF0320800200F05C
:10040000E9F800F0C9F8FFF747FF0120C00200F04B
:10041000E1F8042221466948FFF72DFF002801D0AA
:1004200003208FE708222146644800F00DF90028D8
:1004300006D1002162480068FFF706FF00F0ACF823
:1004400003207FE700BF00207CE770B505460C461F
:10045000182D04D12068FFF764FF206002E001201E
:10046000206000BF00BF70BDF0B589B05248406940
:1004700003905248806881000398081802900398FE
:10048000000B01900121090302984018401E000B47
:1004900000900124002520462946019A00F0C4F866
:1004A0000022401E91410791069001260027304608
:1004B0003946009A00F0B8F80022401E914105919B
:1004C0000490049BDB43059AD2430698184307998E
:1004D00011430791069037490698086007984860CD
:1004E00009B0F0BD70B53448446934488568466841
:1004F000AA003146204600F0A7F8002801D00020CD
:1005000070BD0120FCE72D484068002801D0012083
:1005100000E000200546FFF7E5FF002807D0FFF7C1
:10052000BBFE0320800200F055F800F035F8FFF71D
:100530009BFF002D0ED020484669204884684768FC
:1005400021463046FFF7C9FE224639463046FFF7BE
:10055000B4FE00BF00F020F810B5184844681A48EF
:100560000460204600F0DCF810BD15480068006803
:10057000401C01D100BFFEE710480068002802D0EF
:10058000042806D101E0FFF7BEFFFFF7E5FF00BF3B
:10059000FEE700BF00BFFEE7BFF34F8F0B480C49DB
:1005A000C860BFF34F8F00BFFEE7000000E50140C9
:1005B00000E40140000600400010001000080000A8
:1005C000B8070000BC070000000000200400FA0586
:1005D00000ED00E010B50146104B1A6808460223F2
:1005E0000F4C636000BF0F4B1B68002BFBD0531CEC
:1005F00004D0904202D20A4B186101E0084B986087
:1006000000BF084B1B68002BFBD00023044C636029
:1006100000BF044B1B68002BFBD010BD0010001066
:1006200000E5014000E4014010B5202A04DB01464A
:10063000203A9140002010BD914020239C1A03468F
:10064000E3401943904010BD034610B50B439B0790
:100650000FD1042A0DD308C810C9121FA342F8D025
:1006600018BA21BA884201D9012010BD0020C04328
:1006700010BD002A03D0D30703D0521C07E000208E
:1006800010BD03780C78401C491C1B1B07D1037854
:100690000C78401C491C1B1B01D1921EF1D118463D
:1006A00010BD70477047704710B500F007F810BDD7
:1006B000014B1B68DB6818470000002019481A49E5
:1006C0007047FFF7FBFFFFF7FBFC00BD20BFFDE716
:1006D0001649174C24688C420BD1164B1B68994263
:1006E0000CD1154B154A1360186810498842EDD09B
:1006F0000AE0134880F30888124B18470F4A13602A
:1007000018680A498842E1D080F308880E49884277
:1007100004DD0E48026802210A4302605B68184744
:100720000346DFE7C0070000C0070000FFFFFFFF30
:10073000000C000014100010001000000000002049
:10074000000400206B05000000200020240500406C
:100750000D48704502D1EFF3098101E0EFF3088104
:10076000886902380078182802D1C046074A104725
:10077000074A12682C3212681047000000B5054B7A
:10078000054A9B58984700BDFDFFFFFF4B04000042
:1007900000000020001000000400000030B4744687
:1007A000641E2578641CAB4204D3635D5B00E318D0
:1007B00030BC18471D46F8E7000C00000010000090
:1010000000150020CD64010025220000336401009A
:1010100000000000000000000000000000000000D0
:101020000000000000000000000000003D6501001D
:101030000000000000000000252200002522000022
:10104000A9650100AF6501002522000025220000EE
:101050002522000025220000252200002522000074
:10106000B56501002522000025220000BB650100B6
:1010700025220000C1650100C7650100CD650100A2
:101080002522000025220000252200002522000044
:101090002522000025220000252200002522000034
:1010A000D3650100D965010025220000252200003A
:1010B0002522000025220000252200002522000014
:1010C00000F002F815F0E3F90CA030C80838241835
:1010D0002D18A246671EAB4654465D46AC4201D170
:1010E00015F0D5F97E460F3E0FCCB64601263342A9
:1010F00000D0FB1AA246AB4633431847B456010052
:10110000E4560100103A02D378C878C1FAD85207E1
:1011100001D330C830C101D504680C6070470000AD
:101120000023002400250026103A01D378C1FBD803
:10113000520700D330C100D50B6070471FB5C046C1
:10114000C04615F063F904B00FB41FBDF0B44046BB
:10115000494652465B460FB402A0013001B506482D
:10116000004700BF01BC86460FBC804689469246B8
:101170009B46F0BC70470000C11000008269024924
:101180008161024810447047911100000100000085
:1011900001B41EB400B50BF0E6FF01B40198864619
:1011A00001BC01B01EBD0000401E00BF00BF00BF5B
:1011B00000BF00BF00BF00BF00BF00BF00BF00BF37
:1011C00000BFF1D17047000070B505460C461646C9
:1011D00002E00FCC0FC5103E102EFAD2082E02D31B
:1011E00003CC03C5083E042E07D301CC01C5361F2E
:1011F00003E021782970641C6D1C761EF9D270BD45
:101200008307FF22DB0E9A408907090E99400028C8
:101210000BDA0007000F0838830828489B001818CD
:10122000C36993430B43C3617047830824489B0001
:101230001B181868904308431860704710B504469F
:1012400000210120FFF7DCFF00211820FFF7D8FF65
:1012500000210B20FFF7D4FF02211920FFF7D0FF58
:1012600002210D20FFF7CCFF02210E20FFF7C8FF5F
:1012700002210F20FFF7C4FF0221C81FFFF7C0FFA4
:1012800003211620FFF7BCFF03211520FFF7B8FF4D
:10129000204600F019F8002010BD6421018070473D
:1012A00010B500F020F810BD0648704710B500F0EA
:1012B00022F810BD704770477047000000ED00E055
:1012C00000E400E003F9004370B505462D4C07200B
:1012D0002070A01CFFF7E1FF5920A080294620467E
:1012E00000F099FB70BD10B500F09EFB2549002071
:1012F000891E087010BDF8B5224E0446B61E30781F
:1013000001270D46002807D0204660380B2808D852
:10131000204600F03DFF2BE0602CF9D01A48086011
:10132000F8BD20466C38032803D8204600F071FF32
:101330001EE0204670381F2803D8204600F045F9EB
:1013400016E0204690380F2803D8204600F0E8F831
:101350000EE02046A0380F2803D8204600F074F88D
:1013600006E02046B0380F2804D8204600F0CAF91D
:10137000286000E02F60602CD2D128680028CFD1EF
:101380003770F8BD1A000020013000000120244908
:10139000C003086023490020087007202249C005C7
:1013A0008860704770B51F4D04462878A04207D06A
:1013B000002C05D0002803D01CA14D2015F033F8D7
:1013C0002878A0420ED000211D4A17482C70002C0E
:1013D00019D01C4B012C06D0022C0BD013A1682075
:1013E00015F021F870BD11600221116053610321D5
:1013F000090605E011600321116053610121C9054F
:101400008160416070BD116011600721C905816074
:1014100070BD10B505A1712015F005F810BD0000D4
:1014200080E100E02000002000F501407372635C61
:1014300068616C5F63636D5F6161722E63000000C1
:1014400000F500404001002010B5A038030015F061
:10145000DBF80B070E172028313A414B525C650030
:101460004B6808788A68194603F0E6F910BD888849
:101470008A6883B20888194680B203F0ECF910BD7F
:1014800008884C68CB688A6880B2214603F0E7F987
:1014900010BD08884B688A6880B2194603F0FBF9D2
:1014A00010BD88888A6883B20888194680B203F024
:1014B00007FA10BD88888A6883B20888194680B206
:1014C00003F041FA10BD08884A6880B2114603F063
:1014D00080FA10BD088982B2888883B208881946CC
:1014E00080B203F081FA10BD08884A6880B21146C4
:1014F00003F09EFA10BD08894C6882B20888CB6858
:1015000080B2214603F018FB10BD08884C68CB68F8
:101510008A6880B2214603F02AFC10BD012010BD6C
:1015200010B59038030015F06FF809060F161D244A
:101530002C363F464E0088888A6883B20888194650
:1015400080B204F031F910BD08884A6880B21146B3
:1015500004F065F910BD08884A6880B2114604F0AD
:101560006AF910BD08884A6880B2114604F070F923
:1015700010BD08884B688A6880B2194604F07BF970
:1015800010BD088982B2888883B20888194680B263
:1015900004F07AF910BD08894B6882B208881946B0
:1015A00080B204F090F910BD08884A6880B21146F4
:1015B00004F09BF910BD888882B20888114680B279
:1015C00004F0EFF910BD012010BD10B57038030014
:1015D00015F01AF81B0F15192125282F363B40440A
:1015E000484C53585F688D707980888D8D8D8D8FB4
:1015F00096004A680878114608F0FDFD10BD08689D
:1016000008F04AFE10BD0C790B7B8A6808682146F9
:1016100008F053FE10BD086808F011FF10BD08F077
:1016200065FB10BD08884A6880B2114609F043F88E
:1016300010BD0A790888114680B209F0D3F810BDB0
:10164000087840B209F0DCF810BD088880B209F0D3
:10165000F0F810BD086809F0FEF810BD086801F048
:10166000D2FB10BD086801F0FCFB10BD088982B2F6
:1016700009C9194609F007F910BD05C9114609F055
:1016800051F910BD08884A6880B211460AF0A6F9DF
:1016900010BD0C790888CB688A6880B221460AF0B0
:1016A000C5FA10BD0B7908888A6880B219460AF01D
:1016B0006DFC10BD08884C68CB688A6880B22146F2
:1016C0000AF0D5FC10BD08884A6880B211460AF0BD
:1016D00018FD10BD0B7908880A7A80B2194609F006
:1016E00044F910BD088880B209F044F910BD062005
:1016F00010BD08884A6880B2114609F042F910BD51
:10170000012010BD10B5B02805D0B12808D0B228EE
:101710000BD0012010BD088880B20BF0FBF810BD83
:10172000088880B20BF015F910BD08884B688A68EC
:1017300080B219460BF01EF910BD000010B5030071
:1017400014F062FF0A0609060C0C0F0F06060612BB
:1017500008F0F4FA10BD0AF0C5FE10BD01F03EFA23
:1017600010BD06F09FFA10BDFAA1FE4814F05BFE12
:1017700010BD3EB5FC49054603C900900191FF200C
:10178000C33069460881F94A092310460A212838DE
:101790000BF0BFFD0024F6480BF0D9FD641CE4B249
:1017A0000A2CF8D3F14801231A4602A990300BF015
:1017B000A0F9002804D0FF20E6A13D3014F033FE4C
:1017C000686800F024FC00211E22084604F06CF931
:1017D00008F0C3FC02222421E64801F07DFBE54825
:1017E00001222C214C3001F077FBE2490B20B0396B
:1017F00001F0FEF9002804D0FF20D6A1513014F0EA
:1018000012FE0AF03EFE02F097F96B460022082114
:10181000D9A008F07DFB002804D0FF20CDA15730CF
:1018200014F001FE284602F0E7FC002804D0FF2057
:10183000C8A1593014F0F7FDF3218900D14814F004
:10184000D3FCD04801214171022181710721C1716E
:101850003EBD10B5CB4CA0780A2804D3FF20BDA113
:10186000903014F0E0FD20786021484300190021F9
:101870000173417BF722C908C900C91C1140EF223E
:10188000114041730121E1700C3010BD70B50E465E
:1018900000211C4619801546030014F0B5FE0723ED
:1018A000050B1711231D23002246294630460AF056
:1018B00037FE70BD22462946304608F095F870BDC7
:1018C00022462946304601F0E2FF70BD22462946F5
:1018D000304603F0EAFD70BD22462946304600F04E
:1018E00010FC70BDFF209BA1EF3014F09CFD032085
:1018F00070BD70B5A34CE078002818D02078602126
:1019000048430019407B00254007400F0119087922
:10191000401E08712078401CC0B220700A2800D1F7
:101920002570A078401CA0700BF097FEE57070BD8C
:101930009448C079002800D08BE7704770B5914D6E
:10194000A86800280CD0FFF7F3FF002862D06022BF
:10195000A968FFF739FCFFF7CCFF0020A860EFE78C
:101960006879002856D0FFF774FF044681484C3050
:1019700001F0C2FA6060002804D17A4875A14A30AB
:1019800014F051FD606801F01AFB00280DD02046CC
:1019900007F00BFF6078010703D5C008C000401CAA
:1019A0002BE0744861684C302DE0724861684C301F
:1019B00001F0ABFA00F05AFB00282BD1FFF749FFEA
:1019C00004466C4801F098FA6060002804D1332086
:1019D00060A1000114F027FD606801F0F4FA00280E
:1019E00014D060680088608020460AF0CCFD6078E2
:1019F000010706D5C008C000801C6070FFF779FFA2
:101A00009EE75C48616801F080FA99E7594861688F
:101A100001F07BFA70BD10B55B4CE160A0605B48E3
:101A200000F032FC607010BD57490020087070470C
:101A300070B5574E0546706A94B00C46401C04D1F0
:101A4000B06AC0430004000C0BD0306AC007C00F5E
:101A50002870706A14F0DBFBB06A2071000A6071B4
:101A600014E02B206946087009A9684601F07BFA4A
:101A7000002804D03B4837A17E3814F0D4FC012064
:101A8000287006220AA9204614F04FFB2878002867
:101A900003D06079C0210843607114B070BDF0B507
:101AA0003B4C0646206895B00D4637460837401C2B
:101AB00008D16068401C05D1A068401C02D1E068D4
:101AC000401C11D02068314614F0A1FB6068311D24
:101AD00014F09DFBA068394614F099FBE06831468C
:101AE0000C3114F094FB25E02B206946087009A9FD
:101AF000684601F038FA002804D01A4815A1553874
:101B000014F091FC08220AA9304614F00EFB2B2099
:101B10006946087009A9684601F025FA002804D032
:101B200010480CA14E3814F07EFC08220AA9384651
:101B300014F0FBFA20692E460836401C08D1606973
:101B4000401C05D1A069401C02D1E069401C33D083
:101B500020691FE07372635C686F73745F636F72F8
:101B6000652E6300C3020000F866010094010020A6
:101B70003D170000640800206E524635313832327D
:101B800000000000E8030020240000203D190000B0
:101B900080000010294614F03AFB6069291D14F0FA
:101BA00036FBA069314614F032FBE06929460C315E
:101BB00014F02DFB15B0F0BD2B246846047009A964
:101BC00001F0D1F9002803D0F649F74814F02BFCB6
:101BD000082209AF28460AA914F0A7FA684604703B
:101BE00009A901F0C0F9002804D0EF48ED49C01D53
:101BF00014F019FC0822391D304614F096FAD9E782
:101C000070B5EA4C0546A068002804D0E648E549CE
:101C1000563014F008FCA56070BD10B50146E448CC
:101C200001F073F9E1498879401CC0B2887101283C
:101C300003D1E048407800F04BFB10BD70B504467E
:101C4000DD4816460D46814204D1D748D549CB30F0
:101C500014F0E9FB012E05D0D348D249DA3014F054
:101C6000E2FB70BD6620207000202072A58101205B
:101C7000A07370BD70B515460C460646FFF758FEBA
:101C800000280CD066210170468001210172216874
:101C90000161A18881820573FFF72BFE70BD1321BE
:101CA000304608F09FFD70BDC2494968884201D2A4
:101CB00010207047072101700020704770B5BD4C9F
:101CC00005462078002694B0002801D00820E4E6DC
:101CD000BA4A6260954201D21020DEE668680028A8
:101CE00009D00921D82804D3C31C9B089B00834238
:101CF00005D00846D1E60720000268600EE0012109
:101D000009074B6B896B4B43AD49511A0122591A94
:101D1000D202891A814201D20421EAE700F050FF81
:101D20006178A06806F052F8E068401E07280BD8DA
:101D3000302269460A708870684607F007F9002863
:101D400002D009A806F07CFA2846FFF712FD012010
:101D500020703046A1E6F8B5044696480F46406824
:101D6000814208D3002C01D0844204D3E01C8008B7
:101D70008000A04201D01020F8BD8C488178002955
:101D800011D0398800914178602251430D18287B89
:101D90000C350007000F3B4600222946FFF776FD71
:101DA000060004D015E0002038800520F8BD002C86
:101DB00013D039880098814201D90C260DE028788B
:101DC0003B460007000F22462946FFF75FFD06004D
:101DD00005D00C2E01D0002038803046F8BD734C61
:101DE0006078401CC0B260700A2801D10020607089
:101DF000A078401EA07068784107490F01290ED0D5
:101E0000022906D003291AD066496E4814F00BFB4C
:101E1000E3E7C006E1D46868FFF7FFFEDDE764484A
:101E200069684C3001F071F86079401CC0B2607193
:101E30000128D2D15F48407800F04AFACDE7E07936
:101E4000401CE071C9E7604A10B5904209D3594A75
:101E50000124A4045268A04201D3904201D39142CC
:101E600001D2102010BD00F0FCFE10BD564B10B585
:101E7000994209D34F4B0124A4045B68A14201D3CA
:101E8000994201D39A4201D2102010BD022803D0FA
:101E9000102801D0092010BD00F009FF0028FAD059
:101EA000052010BD484B10B598420DD3414B01247D
:101EB000A4045B68A04201D3984205D3994203D39E
:101EC000002A03D09A4201D2102010BD00F015FF65
:101ED0000028FAD0072010BD10B50446354894B04C
:101EE0004068844202D2102014B010BD0F2008A90F
:101EF000087369460BA801F036F80028F4D168464B
:101F0000007A207068464089608068468089A08099
:101F10000020E9E710B500290BD0264A526891420B
:101F200002D30B68934201D2102010BD8A88002A88
:101F300002D001F05AFE10BD092010BD10B5224A92
:101F400094B091420ED31B4A01239B0452689942DC
:101F500001D3914206D3441E1E2C41D8994203D38B
:101F6000914201D21020BFE7012837D10878002420
:101F7000C007C00F002803D003206946887001E025
:101F80006846847038206946087009A9684600F0E0
:101F9000EAFF002804D041200CA1C00014F043FA4D
:101FA0002046A1E7541B000093020000E803002034
:101FB0006408002024000020FFFF0000001900201A
:101FC000000000200A040000008001007372635CBE
:101FD000686F73745F636F72652E6300072083E719
:101FE0000246203A1F2AF9D807F0F9FF7CE710B51E
:101FF0005F4A5268914201D2102010BD0246203A39
:102000001F2A02D808F065F810BD072010BD70B572
:102010000546584C0020207020464619544846601A
:10202000E01C80088000A04204D0FF2052491330F9
:1020300014F0F9F901200007C06AC0430006000E41
:1020400003D14E480068401C03D04D484D49301A1A
:10205000C862A8B20122214604F039F9002804D050
:10206000FF204549233014F0DEF970BDF0B595B07E
:102070003B2008A9087369460BA800F074FF0028EC
:1020800004D0FF203C496B3014F0CDF93E4E0024C3
:102090006D4630E02F19B87DC10706D0400704D443
:1020A00060004019C0880AF08DFB3848807900280C
:1020B0001FD0B87D80071CD560004019C088002261
:1020C00006210AF09CFB002813D03C2108A80173CC
:1020D00060004019C1886846C18569460BA800F0B8
:1020E00042FF06000BD0FF2023497F3014F09BF9FC
:1020F00005E0641CE4B268460079A042CAD83046C4
:1021000058E5F7B505460078002700090C463E461D
:10211000062804D0FF201849A83014F084F9287A42
:1021200000280ED0012814D0FF201349C93014F024
:102130007AF90298002C068001D027806680002062
:10214000FEBD02270926002C0ED0A889A080A87BFE
:1021500008E003271426002C06D02869E060A88A2E
:102160002082287B2072E4E702980680E7E70000DF
:102170002400002000190020CC1F000000100010D7
:10218000000000200005004004300000E8030020AB
:1021900010B56038030014F037FA0A060A0F131856
:1021A0001F252930353A0868FFF788FD10BD05C99D
:1021B0001146FFF7D0FD10BD0868FFF775FD10BD93
:1021C00005C91146FFF73FFE10BD4B6808788A68C5
:1021D0001946FFF74BFE10BD8A6809C91946FFF77B
:1021E00061FE10BD0868FFF777FE10BD08884A68D9
:1021F00080B21146FFF78EFE10BD05C91146FFF7EC
:102200009DFE10BD05C91146FFF7F1FE10BD01206E
:1022100010BD0120704700000E4A12680C498A4226
:102220000AD118470B4A1268094B9A4204D101B5EA
:102230000AF090FF03BC8E46074909680958084711
:1022400006480749054A064B704700000000000099
:10225000BEBAFECA7800002004000020001500204D
:102260000015002001203F49400608603E490860F3
:102270003E490A68FF231B029A4383121A430A60ED
:10228000384980390860704710B502460420384943
:1022900004E0C3005B181B79002B0AD00346401EE4
:1022A000C0B2002BF5D133A1432014F0BCF8FF20BD
:1022B00010BDC300CA50002259184A718A71012208
:1022C0000A7110BD2A4A0021C000801801717047B0
:1022D00010B50446042803D326A1522014F0A3F815
:1022E0002348E1000C182079012803D021A15320B4
:1022F00014F099F86079A179401CC0B2814200D0F5
:1023000060710120174940068031086010BD70B52A
:10231000164804250068164E0004800F1B4C022846
:102320001AD014A1692014F07EF815E02078C100BD
:1023300088190279012A07D1427983799A4203D018
:1023400042798271705880472078401CC0B220705A
:10235000042801D30020207028466D1EEDB200280D
:10236000E4D170BD80E100E080E200E018E400E02C
:10237000E00800207372635C736F635F7369676E5C
:10238000616C6C696E672E630000000034000020F1
:1023900010B5EFF31080C407E40F72B6D24841784D
:1023A000491C41704078012801D10BF07BF9002CC9
:1023B00000D162B610BD70B5CB4CE07800280AD1D0
:1023C0000125E570FFF7E4FF0BF074F9002804D055
:1023D00000200BF047F9002070BDC44865714560CE
:1023E000F9E770B5EFF31080C507ED0F72B6BE4C7C
:1023F0006078002803D1BEA18F2014F014F8607813
:10240000401E60706078002801D10BF04FF9002D5C
:1024100000D162B670BD10B5B348C178002904D0B0
:1024200000214171C170FFF7DCFF002010BD10B525
:1024300004460BF03FF9AC49C978084000D00120B0
:102440002060002010BDF8B50246A74C0026A671FA
:102450000820042101251027130014F0D5F80D08D9
:102460000A0C0E101214161E262123252800257191
:1024700022E0022001E021711EE020711CE02771A2
:102480001AE02020F9E7012616E0FFF781FF0BF0A4
:1024900011F90028FBD002260EE02171A5710BE096
:1024A0002771FBE7202000E040202071F6E7FF20A5
:1024B0008FA1763013F0B7FF0BF008F9002809D090
:1024C0000BF00AF9B04205D130460BF008F90028AC
:1024D000FAD02CE001208007C560894900224A60BB
:1024E000884A9661814B02225A608560864802695B
:1024F000D243D206D517026910231A4302610F4650
:102500006D1C00E020BF78680028FBD030460BF03F
:10251000E6F80028FAD0002D04D17B48026910218A
:102520008A43026171490220886000207860A079A6
:1025300000280CD00BF0BEF805460BF01BF8734AD0
:10254000002D02D0A260E06001E0E260A060002EF9
:1025500001D100F0A5F8F8BD10B504460BF0B0F8B5
:10256000002805D060490120C8704A78521C4A7082
:102570002046FFF768FF10BDF8B5614DA86800263A
:10258000012802D1AE600BF06DF86868012800D117
:102590006E6028680127544C012812D12E606079A2
:1025A000002803D000200BF05DF866712078002829
:1025B00007D00BF07FF8002803D0012080070761C7
:1025C000A770286901282AD12E6100F05FF8012048
:1025D00080074761A079002815D00BF06BF80090B8
:1025E0000AF0C8FF0099002901D0E16800E0A16865
:1025F000411A022901DA8A1C11DC0099002901D054
:10260000E06000E0A060FFF7C3FE0BF053F8002885
:1026100004D0012080070761A77000E02770E868F8
:10262000012812D100F032F800F030F800F02EF856
:10263000A078002804D1FF202DA1033013F0F3FE71
:10264000EE60A6702670FFF7CCFEF8BD10B5264CE4
:10265000E078002801D10BF029F80120810788617A
:1026600000F014F8A07800280BD0254CE068002872
:1026700003D10BF034F80028F8D10020E06000F01E
:1026800005F800201949C043886010BD08B55020E6
:10269000694608806A461088411E1180FAD208BD3A
:1026A000F8B5124819278760154900200860C860EE
:1026B0000BF000F8BE0701240B4D002802D0346156
:1026C000AC7000E02C70FFF763FE084847600D49CE
:1026D00028798863FFF7DAFFB461FFF7D7FF08496D
:1026E000002008617461F8BD38000020000300403C
:1026F0007372635C736F635F636C6F636B2E6300F5
:10270000000100400005004000ED00E0FFFFFF7FFA
:102710008107C90E002808DA0007000F0838800872
:102720002E4A80008018C06904E080082C4A80008E
:1027300080180068C8400006800F704710B50D2053
:10274000FFF7E6FFC4B20420C043FFF7E1FFC0B2C9
:10275000844203D023A11A2013F065FE26490120EC
:10276000486010BD0121254A48031060244B002217
:102770001A60244A5160244A1060244A11601F499B
:1027800080390860704701211C4A480310601F4AC5
:1027900051601B4A002111601B490860704710B549
:1027A00017490868012804D00EA1572013F03BFEFA
:1027B00010BD114880680022C0B20A600AF020FCF7
:1027C00010BD10B50E4801680029FCD0FFF7E7FFE7
:1027D00001200D494003086010BD000000ED00E03D
:1027E00000E400E07372635C736F635F68616C5F49
:1027F000726E672E6300000000D5004080E100E0AB
:1028000000D1004000D3004080E200E000D0004052
:1028100030B40121BC48C9020160CD1005604A03F3
:102820000260BA4803681B021B0A036004680023A5
:10283000240A24020460B6480468240A24020460BE
:10284000B448012444608460B34C23606360A36097
:10285000B24B19601D601A60B14B19601A600121FA
:10286000016030BC704710B40121A748CA02026061
:102870000B0203600C060460A64841608160A94811
:1028800041680029FCD1A4490020086048608860A4
:10289000A24802600360046010BC704701219F4899
:1028A000C9020160C91001607047002805D00128E5
:1028B00005D0022805D19C4870479C4870479C4829
:1028C000704710B59BA18B2013F0ADFD002010BD0B
:1028D00070B500219E4C9F4D9F4A8F4B002808D019
:1028E00001281DD0022822D092A1B32013F09BFD15
:1028F00070BD01200004A060A86011601960974BB2
:10290000C2039A60964A90607F4A00121060954810
:10291000016086480160944801609448017070BD70
:1029200001204004A060A8605160596070BD012082
:102930008004A060A8609160996070BDF8B594466D
:10294000834A8B4F834D00240126002808D001289C
:1029500032D0022840D077A1E82013F064FDF8BD02
:10296000891E0902090A0120000490603C64686025
:102970006C4A1164012B1DD000217C4A7D4B5170A3
:102980006146DC63DE637C4B5C6002249C60042453
:102990001C61744B3D31196073490E605F4B8915A2
:1029A00019606F4B58605E4801606C49C005486013
:1029B0001670F8BD0121E0E70120704E4004704F11
:1029C000012B04D13464506068603964F8BD9060B4
:1029D000346468603964F8BD01206A4E80046A4F2F
:1029E000012BF4D1EEE74F484068704770B54A4D6F
:1029F00028680026564C012806D1A068C00303D5DC
:102A000001200004A0602E606868012809D1A06838
:102A1000800306D501204004A0606E6001200BF009
:102A200041FEA868012809D1A068400306D501200D
:102A30008004A060AE6002200BF034FE70BD10B5C3
:102A40004A490878002818D00120444AC0079060FD
:102A5000434AC00B90602C4A00121060414A00208B
:102A60001060324A1060404A106008704A78002AAC
:102A700002D048700BF016FE10BD0320FAE70120CB
:102A8000424900060860704701202449000608609A
:102A9000704701203D4940050860704701201F49EB
:102AA00040050860704733490020C86388151B49FA
:102AB00008607047410A364AC005C00D5043801C6B
:102AC0005143400A0818704710B4324C430B63431B
:102AD0001B0C5C020C602E4C6343C31A2E485C0234
:102AE00058432B4B400D4343E31A0124DB032404DA
:102AF0001B191B1613700A681018086010BC704769
:102B000010B50BF0A2FE10BD80E100E008E400E08B
:102B100018E400E000B0004040B1004080E200E076
:102B200000E100E000B5004048B1004040810040B5
:102B300044B100407372635C72656D5F68616C5F85
:102B40006576656E745F74696D65722E6300000052
:102B500000B3004040B3004040B5004000F50140E4
:102B60000083004040850040008200404800002073
:102B700000B10040C08F00400085004004B100401B
:102B800004B5004008B1004008B5004000E200E094
:102B9000093D0000378600006F0C010010B50BF0F6
:102BA00040FE10BD00200449C8630120012181407E
:102BB000024A116000BF7047C01F004080E200E081
:102BC00010B50CF097FA0AF059F9FEF7DFFB12F096
:102BD00063FA0CF0F5FF0CF081FF10BD70B50C46E8
:102BE000054603F0D5FA214628460EF026F870BDBA
:102BF00070B50D46040012D0002D10D021012846DA
:102C000013F0F0FA10225449284613F08EFA524875
:102C100001210838018044804560002070BD0120FA
:102C200070BD70B54C4E00240546083E11E0716839
:102C300020014018817BAA7B914209D1C17BEA7BAC
:102C4000914205D10C22294613F042FA002806D001
:102C5000641C30888442EADB0020C04370BD2046FB
:102C600070BD70B50D4606000AD0002D08D03A4C54
:102C7000083C20886188401C884203D9042070BD2C
:102C8000102070BD3046FFF7CCFF002801DB401C50
:102C90000AE020886168000140181022314613F0D4
:102CA00044FA2088401C20802870002070BD70B538
:102CB00014460D001FD0002C1DD00021A170022849
:102CC00002D0102817D108E068782978000208435C
:102CD00011D00121A17010800BE02846FFF7A1FF61
:102CE000002808DB401CA070687B297B0002084399
:102CF0002080002070BD012070BD70B505461446CF
:102D00000E000AD000203070A878012807D004D91E
:102D1000114908390A8890420BD9012070BD002C56
:102D200004D0287820702888000A5070022008708B
:102D300010E0002C0CD049680001411810222046F8
:102D4000103913F0F2F9287820732888000A60738C
:102D500010203070002070BD540000205A4910B57A
:102D6000884207D301218904884205D3574909685D
:102D7000884201D2102010BD0146012006F0E4FA7D
:102D800010BD30B5044693B000200D4607901421C5
:102D90000BA813F029FA1C21684613F025FA6A469D
:102DA000112010770020507710780221084310700E
:102DB00007A80C90012008AA907245486A46108521
:102DC0000AA80B902088108460885084A088908482
:102DD000E088D084907FF9210840801C40084000A2
:102DE000907708209086108708A80F9010AA0BA94A
:102DF000684600F083FF002803D110A800882880CF
:102E0000002013B030BD3EB5044608206946088056
:102E10002D48844207D301208004844205D32B48E7
:102E20000068844201D210203EBD2146012006F0F8
:102E30008BFA0028F8D12088694688806088C8808D
:102E4000A0880881E088488107F05FF801AB6A46F6
:102E5000002101F0E1FB694609880829E4D003203C
:102E60003EBD1FB504460020029008206946088137
:102E700015480391844207D301208004844206D37D
:102E800012480068844202D2102004B010BD07F03E
:102E90003CF8014602AA0F4801F055FD0028F4D184
:102EA00069460989082901D00320EEE769460988A7
:102EB000218069464988618069468988A180694680
:102EC000C988E180E1E700000080010028000020BF
:102ED000042A0000FFFF000010B5031D036000205E
:102EE000521E04E05C181C60401C2346C0B2904295
:102EF000F8DB0020186010BD01460A680020002A97
:102F000002D0104612680A60704702680A600160C9
:102F10007047000000B51E2823D00BDC0C281CD005
:102F20001FDC030013F070FB090F1D111D1D171787
:102F300013151D00302814DD3A38030013F064FB2C
:102F4000030F11091100002000BD214800BD04201D
:102F500000BD0D2000BD0F2000BD082000BD1120C8
:102F600000BD032000BD10B50C4605F0EFFF0028A2
:102F70001ED0204605F064F9002816D022780E2ACB
:102F80000DD00F2A0BD0022A09D0032A07D0102A0D
:102F900009D010A17C2013F046FA002010BDA078C3
:102FA000FFF7B8FF10BD112010BD0AA18220F2E783
:102FB00008A18820EFE710B504F083FF10BD10B51D
:102FC00005F03EF910BD10B504F0D9FF10BD0000AA
:102FD000023000007372635C686F73745F686369CA
:102FE0002E63000070477047704770477047704706
:102FF00070477047704770477047704770470000D0
:1030000010FFFFFFDBE5B151008001006400FFFF0E
:1030100003B40148019001BD09000020002803D03D
:103020008178012939D101E0102070470188FE4ADA
:10303000881A914233D01BDCFC4A881A91422ED068
:103040000BDC00292BD00320C002081A27D001284E
:1030500025D001210903401A07E001281FD00228CA
:103060001DD0FF281BD0FF380138002815D116E0ED
:10307000FF220132811A904211D008DC01280ED0C3
:1030800002280CD0FE280AD0FF2806D107E001292B
:1030900005D0022903D0032901D0002070470F205A
:1030A000704700B50B2826D009DC030013F0ACFAFA
:1030B0000B1D2125251B25292325271F1B00112832
:1030C0001BD008DC0C2816D00D281CD00F2814D0DB
:1030D000102808D10FE0822809D084280FD0852835
:1030E0000FD0872811D0032000BD002000BD05208F
:1030F00000BDCF4800BD072000BD0F2000BD04204B
:1031000000BD062000BD0C2000BD0D20800200BDCA
:1031100070B500290BD0CB1FFA3B81241E46CDB2DF
:10312000112B1BD2012805D0022806D009E000206F
:1031300010701DE0FF20043001E0FF2003308142C9
:1031400018D0330013F060FA111613131613161665
:103150001316161613131313161316000846FF380A
:1031600081381F2803D9FF39FE39022902D815708A
:10317000002070BD1470072070BD00B5030013F06F
:1031800043FA060406040C080A0C002000BD1120B6
:1031900000BD072000BD082000BD032000BD007851
:1031A0000207120F04D0012A05D0022A0AD10EE02C
:1031B000000907D108E00009012805D0022803D042
:1031C000032801D0072070470870002070470620B0
:1031D0007047002807D0012807D0022807D003280D
:1031E00007D007207047002004E0112002E02120D2
:1031F00000E0312008700020704738B50C4605000B
:103200004FD06946FFF7CBFF002822D12088032149
:1032100089028843694609788907090D0843208097
:103220006946681CFFF7BBFF002812D121880320E4
:1032300000038143684600788007800C01432180A9
:10324000A8784007820F2020012A03D0022A03D049
:10325000072038BD814300E00143218088B2010589
:10326000890F08D0012189038843A9780907C90F6C
:1032700089030843208080B28104890F0AD0A9788D
:103280004004C906C90F400CC903084320808004CC
:10329000800F02D12088400403D5208840210843B4
:1032A0002080002038BD70B50446002008801546F7
:1032B0006068FFF7A2FF002815D12189A08981420B
:1032C00010D861688978C90708D00121490288426D
:1032D00008D8491C12F0A3FF298009E0FF21FF3123
:1032E000884201D90C2070BDFF30FF3003302880A8
:1032F000002070BD10B5137804785B08E4075B000C
:10330000E40F23431370FD2423400478A407E40F43
:10331000640023431370FB24234004786407E40F04
:10332000A40023431370F724234004782407E40FF8
:10333000E40023431370EF2423400478E406E40FF1
:10334000240123431370DF2423400478A406E40FF0
:103350006401234313700078BF244006C00F23404C
:10336000800103431370002906D00878C10701D1FA
:10337000800701D5012000E00020C0015906490E58
:103380000843107010BD30B50A8803239B020488DF
:103390009A4323059D0F02D1A3049C0F01D09B0FDC
:1033A00000E001239B021A4303230A801B039A4374
:1033B00003889804840F02D11805830F01D0800F71
:1033C00000E00120000302430A8030BDF3B593B052
:1033D0000D000FD0139800280FD01221284612F0AC
:1033E00001FF03AAFF21012003F0E7F8002426468D
:1033F00037467AE0102015B0F0BD0720FBE768469D
:10340000807D01280BD16846818A0520C002081AF8
:1034100010D0012810D0022812D0032812D0042C7A
:1034200014D0052C15D113E002290000012800005A
:1034300003300000012400E002246846468A08E0C8
:10344000032406E068460424478A02E0052400E0DD
:1034500006246846418A1398814246D12C74002E76
:1034600041D00DAA0EA905200292019100901023CF
:103470000022FF21304603F041F9002823D168469D
:10348000808E2A46C0B20EA9FFF711FC00281AD17F
:10349000AE81002F27D00DA9052008AE0291009023
:1034A000132300220196FF21384603F027F9002854
:1034B00009D16846808EF11CC01EC0B22A1DFFF7DC
:1034C000F6FB002801D0032095E708A88178427810
:1034D00008021043E881062C05D16846807DA87259
:1034E0006846808A2881002085E703A803F06EF8EB
:1034F000002884D0FFF7D5FD7DE7002805D0F94AE4
:10350000012903D0022903D003207047518800E02D
:103510009188814201D1002070470720704770B523
:103520000C4605461C21204612F05CFE002020803F
:10353000002D08D0012D04D0EBA1F04812F073FF4C
:1035400070BD062000E00520A07070BD70B592B07F
:103550001546064601206A461071107453740846D9
:1035600008300395029048889082FEF7E1F9040044
:1035700019D06580172069468883203600940AABED
:103580007178023307AA01A80DF05FF9064660784A
:10359000000701D5FEF7ADF9002E0AD03046FFF73F
:1035A000ECFD12B070BD1321284607F01BF9032073
:1035B000F7E708A800906846838B0422012128467B
:1035C00008F035FEEDE770B506468AB000200D46DE
:1035D00007900590069003A90490052402460291E5
:1035E0000190102300942946304603F087F8002804
:1035F0000DD108A804A9009102900194684683891E
:1036000000222946304602F095FE002801D0FFF73F
:1036100048FD0AB070BD10B50DF01DFB10BDF0B532
:1036200089B000260546059600780C460827030059
:1036300012F0EAFF0CFD070C3A0B77779EC2FCD81C
:10364000E8FD68680A38FEF7E8FA0DE1A88800236B
:1036500080B201220321009009F08CFA0290002C24
:1036600004D0A648A0A16E3012F0DDFE029800281A
:1036700004D1A2489CA16F3012F0D5FE02980099A7
:1036800008300CF017FDFEF753F9040007D06078FE
:103690003843607000986080FEF72BF9E6E0132154
:1036A000009807F09FF8EFE0002C04D1BD208EA118
:1036B000800012F0B8FE608800230122032109F087
:1036C00059FA0090002804D18C4887A1883012F064
:1036D000AAFE0099002008802A7994461EE0C300C3
:1036E0005B199B6807936B469B8B1A0708D5DA0614
:1036F00006D56046C20050194038C08F088006E0E9
:103700005B0409D50871C2005019C08848806078F0
:10371000384360700226A7E0401CC0B28445DED862
:10372000A2E0E888694608800090002C04D1734824
:103730006DA1983012F077FE2878062814D10098F1
:10374000C00B11D0608800230122032109F012FA76
:10375000060004D1694864A1A23012F064FE002082
:103760003071A88870803BE06078384360707BE0FF
:10377000002C04D161485CA1B43012F054FE608882
:1037800000230122032109F0F5F90090002804D15B
:103790005A4855A1B73012F046FE009808300DF097
:1037A000ACFA0121484002D1E888C00B5CD00098F7
:1037B00061880226C180D7E7002C04D14F484AA176
:1037C000D03012F030FE608800230122032109F07E
:1037D000D1F9002804D1494843A1D33012F023FE87
:1037E0000226C1E7002C04D144483FA1DC3012F08E
:1037F0001AFE0226618801222046FEF71FFA0120E8
:103800000590B1E7A889002380B20122032100902E
:1038100009F0B0F90746002C04D0384832A1EE3048
:1038200012F001FE002F07D12FA101E00FE016E0FA
:103830003248EF3012F0F7FD686802902889694637
:103840008881012202A90098FEF714FA0CE0002CEE
:103850008AD16D2024A1C00012F0E5FD84E727483D
:1038600021A1FE3012F0DFFD002C0DD060780007A2
:103870000AD50598002807D18420207020465822B8
:1038800029460830FDF7A0FC304609B0F0BDF7B579
:103890000C460546007A224688B00A320292921CF3
:1038A00004920027811E16323E4601920B0012F050
:1038B000ABFE08F605F548488DD1F4F5688800237D
:1038C0000122032109F056F90190002803D106A135
:1038D0000B4812F0A8FD01980088002812D052274A
:1038E000072601E1000900207372635C676174744C
:1038F000735F636F72652E63000000006F0200004B
:103900008603000051271E26002C7DD06888A080E9
:103910000120A071019802990079C0004019C08966
:10392000FFF754FD002870D101980079C0004019BC
:10393000C089208101980079C0004019408AA08385
:10394000F2E0698A0091062820D1E889C00B1DD0D9
:1039500008462230512786B2002CD6D0A889049977
:10396000FFF734FD002873D16888A0800220A07181
:10397000A88920810120A072288AE08300982084F1
:103980006969009A019812F0D0FBCDE0084620301A
:10399000502786B2002CB8D0A8890299FFF716FDEF
:1039A000002855D16888A080A889E080287A062858
:1039B0000AD002202072288AA0830098E083204643
:1039C00069692030009ADEE70120F3E76888002368
:1039D0000122032109F0CEF80690688A009006982B
:1039E000002803D1FD49FE4812F01DFD069808305D
:1039F0000DF083F90121484002D1E889C00B26D09F
:103A00000098223086B201E073E021E05127002CBB
:103A100079D06888A080A8890499FFF7D7FC00288E
:103A200016D10220A071A88920810420A072288AC2
:103A3000E083009820846969009A019812F075FB70
:103A40000699002008710698A98941806CE003203E
:103A50000BB0F0BD688805F0D2FB019068880023A8
:103A60000122032109F086F800900198002804D172
:103A7000DB48DA492C3012F0D6FC0098002804D13B
:103A8000D748D6492D3012F0CEFC0098D549C088D1
:103A9000884205D05127222604E01EE03FE035E0B1
:103AA00050272026002C2ED06888A080502F07D0C9
:103AB0000220A0712146287B0831FFF730FD33E05A
:103AC000287BA11DFFF72BFD6A8800230099019830
:103AD000FFF73CFD0028BBD126E0C349A889C9886F
:103AE000814207D154270626002C0CD06888A0807C
:103AF0001AE008E053270826002C04D06888A0802C
:103B0000A889E08010E00A98068013E05527072670
:103B1000002CF8D0A889A0800020A07104E08D209E
:103B2000AE49C00012F07FFC0A98002C068001D03C
:103B30002780668000208BE7AB4900200870704723
:103B400030B585B00C4601F0E0F90546FF2804D1F8
:103B5000A348A249953012F066FC00202080207115
:103B60006080401EE0802046294608300CF096FA1E
:103B70006A462946012002F020FD102412E0684622
:103B8000808800070ED56846C0882946FFF71BFDD0
:103B900068468188FF2321438180C0882946019A95
:103BA00002F036FE684602F011FD0028E7D005B0AD
:103BB00030BD0A46014610B5104608300CF082FAB6
:103BC00010BD70B5002305461A46032108F0D2FF48
:103BD000040004D182488149B73012F024FC204609
:103BE000294608300CF066FA70BDF0B591B00C466D
:103BF000074605F004FB050005D02878222804D2EA
:103C0000082011B0F0BD7948FBE700231A460321D4
:103C1000384608F0AFFF0646002C02D0A0880028E6
:103C20000CD00120694608710220087400204874F5
:103C3000002C05D0A0880883206802E00920E0E776
:103C4000088305903046083003970290FDF770FE18
:103C5000040018D0678017206946888320350094B7
:103C60000AAB6978023307AA01A80CF0EEFD0546FD
:103C70006078000701D5FDF73CFE002D09D02846ED
:103C8000FFF77BFABDE71321384606F0ABFD0320B2
:103C9000B7E708A800906846838B042201213846C4
:103CA00008F0C5FA0021C943F180AAE7FFB585B045
:103CB0000E9E7788384605F0A2FA054600231A467C
:103CC0000321384608F056FF0446002D03D143492E
:103CD000474812F0A8FB002C04D145483F49401C3E
:103CE00012F0A1FB0834089869460394C1C105A8E5
:103CF0000DC8203569780CF017FAC6E5F0B5044612
:103D0000002099B00D4601460D9010A881811646FD
:103D100001818180344A68469180018510A8018024
:103D200068460187818581841078012808D002289F
:103D300006D0032804D0042802D0082019B0F0BD12
:103D40002C4A944273D32C4F0121890438688C4249
:103D500001D3844278D3274A954275D3012189043F
:103D60008D4201D385426FD36168002913D0214A67
:103D7000914269D301229204914201D3814263D3DB
:103D800060892189884203D801225202914201D9D7
:103D90000C20D3E70D9016AA0EA92846FFF783FA48
:103DA0000028CBD1686880784007800F02280AD1AC
:103DB0006846008F8004800F05D02869002802D053
:103DC0003968884240D30AA92069FFF716FA00280B
:103DD000B4D1206900281CD060780FE0E8380000DA
:103DE000EE030000FFFF0000000900200230000089
:103DF0000C050000008001002800002080076846B4
:103E0000008D03D58004800F68D002E08004800F0D
:103E100064D16846008D810618D58004800F6068E3
:103E200006D0002812D0396888420DD302E00BE09A
:103E300000280BD0FE49884206D30121890488421C
:103E400004D33968884201D2102077E709A9606954
:103E5000FFF7D3F900289CD16069002808D0684694
:103E6000808C0105890F012938D18004800F35D05D
:103E70000BA9A069FFF7C1F900288AD16846808C98
:103E800080062BD46846808D810627D4A16900293D
:103E900006D00105890F012920D18004800F1DD093
:103EA000E068002804D00078002817D01C2815D21C
:103EB00004AA611C2046FFF71DFA0121890210A8FF
:103EC0000180012768468773DA49818104AA033299
:103ED00017A92868FEF711FF002801D007202DE759
:103EE00010A8007F15A9C01CC2B200200C9201903E
:103EF000FF32009003460291FF3203A8033210996B
:103F000002F0B3FA002826D110A9888A0F902A89D6
:103F10002969C94801910092029010A90A8B6B8906
:103F200028680E9902F0A1FA01007DD1C24800254F
:103F3000001F818868464174090A8174052104A81C
:103F40006A4623C210A82A46FF21808A0C9B02F0F1
:103F5000F1F9002802D0FFF7A4F8EFE66846007CEC
:103F60000322C1090020920290430122920280188C
:103F70001490002928D0014610A801806846292104
:103F8000877309028181058608A8007C0023410807
:103F900060784900C007C00F014308A80174FD20E4
:103FA00001406078A54A8007C00F4000014308A87F
:103FB00001740CA9022001910090029503A81099A8
:103FC00002F053FA01002FD16068002828D0206940
:103FD00000280DD10AA90EA8FFF7D5F9607880074F
:103FE00006D46946088D032109038843694608857C
:103FF000904968468773FE31818190492089891EE6
:1040000012F00DF962680D9811AB019200900293C5
:104010000A46002303A80A9902F027FA010003D1F7
:104020002078C10603D400E086E080062AD56846E1
:104030000586606900280DD109A90EA8FFF7A3F92C
:104040006846818C03208002814301208002091888
:10405000684681846946888CC821084369468884FB
:1040600074488F73FF30888112AA0CA90220029233
:10407000019100900023714A03A8099902F0F5F913
:10408000010059D12078C00729D068460586A0696B
:1040900000280DD10BA90EA8FFF775F96846818D90
:1040A000032080028143012080020918684681852F
:1040B0006846818D40200143684681858773604949
:1040C000818113AA0CA90220029201910090002381
:1040D0005A4A03A80B9902F0C8F901002CD1E068F4
:1040E00000282DD010A8149901805549684687737F
:1040F000491C8181E16808A80A78027449784174F2
:10410000E0684122418868464186E06800230179E1
:1041100008A80175E068D200C18808A84175090A9D
:1041200081750CA8072101900091029503A81099B0
:1041300002F09BF9010003D00F9800F0EAFEFDE5C4
:104140003D480321001F0170002E0AD08088308076
:1041500010A88088708010A80089B08010A880897D
:10416000F0800020EAE530B501248BB015460B46FF
:10417000012802D002281CD104E06846052184737E
:10418000C90203E02B4968468473891E8181002B94
:1041900012D003210020890288430121890240189E
:1041A0006946888405AA04A91846FEF7A6FD0028DA
:1041B00004D007200BB030BD1020FBE76A46127C0C
:1041C0001D480092801E05A9FF3201910290FF3226
:1041D000002303A80332099902F047F9002802D00E
:1041E000FEF75FFFE6E71448001F002D01D041886D
:1041F000298004700020DDE770B592B004460126E6
:1042000008A886700F496846018410AA08A930469C
:10421000FFF7A9FF00284DD12078074DC0070024E3
:104220002D1F002848D01C21684611F0DDFF0BE04F
:1042300000800100032800000409002003020000A0
:10424000032900000118000068460178202001437E
:104250006846017008A88670F9496846018411947F
:104260000794817FF92001406846891C81770020EE
:1042700001466846017700200146684641770421DF
:104280008185C485018607A80A9011A80D9008A809
:1042900009900EAA09A96846FFF730FD002809D148
:1042A0006846008FE8806846808F2881401C6881BE
:1042B0002C70002012B070BDEC802C8110A80088FA
:1042C000F4E7F7B5DF4900260A789EB0012A04D04A
:1042D000022A02D0082021B0F0BD4A88824201D0D3
:1042E0000620F8E71F98824201D10720F3E7012258
:1042F00010A98A75D4488882002003239B020146B6
:1043000099439302CB1810A90B8669468A81CF4A3C
:10431000CA8118A9887110A9888419A904916946CD
:10432000CA820690FF20087503A802F072F90024E3
:104330002546274608AA052103A802F06DF90028A2
:1043400010D082286FD1002C6FD0002D6DD010A816
:104350008480C5800021017418A8807B11AC0128DD
:1043600065D06DE008A88079002F21D0012857D1B1
:104370006846818CB44881421CD113AA0DA905203E
:104380006B4607C36846408C10230022FF2102F0D1
:10439000B5F9002868D110A88089042801D0062822
:1043A0004CD16846818E1F98814239D10F2092E707
:1043B000012835D16846808C0521C902884202D087
:1043C000491C88422CD19F4841886846408C8142D4
:1043D00001D1012700E00027002C01D0002D10D0D2
:1043E0001F9988421CD113AB0DAA05216E460EC63B
:1043F000044610230022FF2102F080F9002833D167
:1044000001E035460CE010A88089022801D0102870
:1044100014D1C0B21BAA0DA9FEF749FC00280DD18A
:104420006846468C86E71FE0FFE7052053E714A99E
:104430001BA8221DFEF761FC002801D003204AE7DB
:1044400010A8007C0023001DC2B210A8027420989E
:1044500002900194009215A81C9902F006F8002819
:1044600002D1784902220A70FEF71BFE33E710B52D
:104470000B46401E86B084B203AA00211846FEF700
:1044800039FF04AA052103A802920191009001239B
:104490000022FF21204601F04DFF04466846008AB5
:1044A000012804D06D206A49000111F0BCFF2046AC
:1044B000FEF7F7FD06B010BDF0B5624F0446387840
:1044C00087B00E46032804D0042802D0082007B085
:1044D000F0BD04AA03A92046FEF7E5FE0500F6D1CB
:1044E000606880784007800F02280DD16846808977
:1044F0008004800F08D02069002805D0554909683C
:10450000884201D21020E2E7208905AA6B46216982
:1045100007C369460A8A63892068039901F0A5FFE9
:10452000002802D0FEF7BDFDD1E7002E02D068467C
:10453000808A3080042038702846C8E738B50C00DF
:10454000054609D000236A46FF2102F039F9002808
:1045500004D0FEF7A6FD38BD102038BD69462046C0
:10456000FEF74BFE0028F8D1A078FF21C307DB0F30
:104570002846009A02F04CF9EBE73EB50C0009D052
:1045800002AB6A46FF2102F01BF9002804D0FEF7B7
:1045900088FD3EBD10203EBD0321204611F022FEC5
:1045A0006846008801A90005800FFEF712FE00286A
:1045B0000BD16846007920706846008801A9800404
:1045C000800FFEF706FE002801D003203EBD68469E
:1045D00000796070A278EF20024068460088C10B25
:1045E00009010A43F7210A404104C90FC9000A43DF
:1045F000A270F9210A40800601D5022000E00120C6
:10460000400069460243097A50084000C907C90FB3
:104610000843A07000203EBD7FB5144605220192DC
:1046200003AD029500930A462388FF2101F082FE24
:10463000694689892180FEF734FD04B070BD000011
:10464000052A00000009002002280000FFFF0000EA
:10465000E838000028000020F3B5002799B068462C
:104660000C4607873D4600291ED0E068002806D08A
:10467000A068002818D001886A4611870780199819
:1046800004F0BDFD002812D0007822287ED31998AE
:1046900000F03BFC002300901A460321199808F013
:1046A00069FA060009D104E010201BB0F0BDFD48F6
:1046B000FBE7FD49FD4811F0B6FEA078012803D0C4
:1046C000022801D00720F0E72088002808D0401EEB
:1046D00080B203AA009901F070FF002859D11DE0B3
:1046E000F048401CE1E76946498A228891420BD292
:1046F0006846807D0025012810D16846808AEC49F3
:1047000088420BD1012509E0914203D1002D2AD026
:104710006D1C01E0022D0BD0032D04D203A801F083
:1047200055FF0028DFD082281BD0002831D11DE0A2
:104730006946897D0129F1D16946DD4B8A8A5B1E74
:10474000D11A9A420FD005DCDA48101A0BD0012892
:10475000E4D108E0012906D0FF390129DED1032583
:10476000E1E7022D15D10D2080029EE7E0680028C8
:1047700016D00EA9052202910192009069460B8F76
:10478000A2882088FF2101F0D5FD00E01EE000286E
:1047900002D0FEF786FC88E76846A168008F088093
:1047A0006846008AC00601D5C3487EE707980028FE
:1047B00003D06846008B022801D0032075E70798D4
:1047C000A1780078012903D0800710D408206CE775
:1047D000C007FBD000220721199808F010F8002824
:1047E00002D00725022004E0AE48801C5DE70225C8
:1047F000032008A908702188684681851998083621
:104800000A90099617216846818712AB02330FAAD6
:10481000052108A800970CF018F8002802D0FEF730
:10482000ACFC42E710A800906846838F042229461A
:10483000199807F0FCFC38E770B5064615460C469B
:104840000846FEF7EBFB002804D12A4621463046F5
:10485000FFF789FCF2E610B5FFF733FD10BD70B528
:104860001E4614460D0014D0002C12D06168002999
:104870000FD00121FEF741FE002809D12068FEF784
:10488000CDFB002804D1324621462846FFF736FAF0
:10489000D4E61020D2E670B515460C000ED00221E9
:1048A000FEF72BFE002808D12068FEF7B7FB002892
:1048B00003D129462046FFF7FFFDBFE61020BDE6E5
:1048C000F8B506467D480D46016814468A4231D344
:1048D0006068002808D07A4A90422BD301229204C3
:1048E000904201D3884225D37648864204D0304690
:1048F00004F085FC00280CD0304600F006FB06468C
:10490000284600F0BFFA002804D16068002802D0D1
:1049100012E06448F8BD00236A463146284601F09B
:104920004FFF002802D0FEF7BCFBF8BD68460088A8
:10493000800601D41020F8BD6188224628466368AD
:10494000FFF76AFEF8BDF7B55C4E0746306886B0E3
:104950001446824202D2102009B0F0BD384600F061
:10496000D4FA05465748874201D0FF2D08D00023CE
:1049700004AA2946079801F023FF002826D101E068
:104980004848E9E76846008AC00601D54A48E3E797
:1049900003A9002002910527019000976288494BE6
:1049A0002946079801F0AAFE00280FD161683268F5
:1049B000914208D30191029000972388628829468A
:1049C000079801F09BFE694689892180FEF769FB03
:1049D000C2E7002907D03C4B0A881B899A4202D8BB
:1049E0003048401C704737E610B586B004236C464B
:1049F000A382354BDC88002C07D01B898B4201D267
:104A0000914204D92748401C54E5062052E56B46E4
:104A100019825A820021009101911C800221997013
:104A200005A9029104A903916946FFF715FE41E526
:104A3000F3B50C4685B0812069460873002C1BD065
:104A4000059804F0DCFB070018D03878222869D3D9
:104A5000059800F05AFA049000220121059807F009
:104A6000CEFE00280CD000231A460321059808F03A
:104A700081F805000AD105E0102028E5094826E55F
:104A8000112024E50849114811F0CDFC28460830D2
:104A90000BF032FB06462078012819D0022838D0C6
:104AA000072014E502300000E8380000E1080000AB
:104AB0000328000000280000013400002800002026
:104AC00000800100FFFF000000090020840A0000B0
:104AD000A18803AAFEF71CFB0028CED1B00721D580
:104AE0006846007B00281FD1A079C0071CD0E06871
:104AF000002205216B4607C36389228968880499CF
:104B000001F018FC6946087300280DD0FEF7C9FAB9
:104B1000DDE4A18803AAFEF7FBFA0028ADD134201A
:104B2000064201D10820D2E46846037B2946384674
:104B3000059AFEF70BFDCAE4FFB597B0002001907F
:104B40001F4615460C460E46179804F058FB0028E1
:104B500004D00078222803D20820A6E5F448A4E572
:104B6000B80801D00720A0E5032F00D1002717982F
:104B700000F0CBF90890002C1BD0022D77D3ED4824
:104B8000006884427CD361190091012902D0491E3A
:104B9000814275D3AD1EAAB22146E74810F036F81F
:104BA00000991E394A7F0B7F11021943884267D151
:104BB000ADB2E248B90702D50189491C00E00121E4
:104BC00089B20091F90701D0078900E0DA4F03AA02
:104BD0000899009801F0F1FC0DE0F078B17800023E
:104BE000084310284CD80199091D401880B2019043
:104BF000A84245D82618002E60D07078317800027F
:104C0000084300998842E8D358E06946098A0A07B0
:104C100054D5002C3FD0019AA618121D92B20992C9
:104C2000F278B37812021A439446102A28D8099AC7
:104C30006244AA4224D87278337812021A4390420E
:104C40001ED1C8061ED509980AAA052120186B4650
:104C500007C3707831780002084363460022089940
:104C600001F068FB002803D0FEF71BFA1DE507E002
:104C7000F078B178000208436946098D884201D076
:104C80000B2012E5F078B17800020843099940182A
:104C900080B2019006E0C90604D50899FEF793FC9E
:104CA0000028E3D16946088A1021884369460882B2
:104CB000488AFF23049A089901F0AAFD03A801F08D
:104CC00085FC002803D16846408AB8429DD900235C
:104CD0001A460321179807F04DFF040003D19849A5
:104CE000984811F0A0FB20880028BFD0012108A817
:104CF00001700173002646732188684601862046AC
:104D00000830099017980A90FCF712FE05001BD096
:104D10001798688017206946888010AB023301AA73
:104D2000052108A800950BF090FD0746687800075C
:104D300004D584488249223011F075FB002F09D038
:104D40003846FEF71AFAB0E41321179805F04AFD29
:104D50000320AAE40EA8009068468388042201215B
:104D6000179807F064FA00288BD126809DE4F0B5EF
:104D700000248DB01F4615460E46002A04D0B908FF
:104D800004D007200DB0F0BD1020FBE7032F00D1A9
:104D9000002700F0BAF80390FF2804D06749B8074D
:104DA00003D5488902E06248ECE70120FA0702D007
:104DB0004989491E00E0604906AA8FB2039901F0B3
:104DC000FCFB38E06946898B090734D504AB052123
:104DD0000022029300910192574B039901F08EFC3F
:104DE000002821D1002E21D06A46128A2988A218D3
:104DF0003019121D914234D36946CA8B0270120ACF
:104E000042700A8A8270120AC27004A90522001D2B
:104E10000092029101906946C88B0B8A0022039987
:104E200001F06CFC002801D00320ABE76846008A43
:104E30002018001D84B206A801F0C8FB002804D089
:104E4000822806D0FEF72DF99CE76846C08BB84251
:104E5000B8D9002C07D0002E10D02988A01C814280
:104E600003D20C208EE705208CE7224631463248DB
:104E70000FF0CCFE31190870000A4870A41C2C8079
:104E800000207FE700B585B06946FEF79FFA00284D
:104E90000AD16846007C030011F0B6FB08052F2FED
:104EA0002F2F08080531032005B000BD6846807823
:104EB000012807D1684600880321C902401A1CD086
:104EC00001281AD068468079012806D16846808872
:104ED00015214902401A05280FD96846807A012811
:104EE00011D16846018929200002081A05D002283C
:104EF00003D0032801D0042805D10F20D4E712A144
:104F0000164811F090FA0020CEE710B507F028FE01
:104F100010BD10B50C4601F023FB002803D00AA1F8
:104F20000F4811F080FA2046FEF7BBF810BD0000D4
:104F30000230000028000020FFFF000000090020D0
:104F4000E83800003F0B00007372635C67617474A3
:104F5000735F636F72652E63000000002202000021
:104F6000BB060000F8B500780C46164610340E3625
:104F7000069F022809D0032836D005287ED0FF20BE
:104F8000F6A1E53011F04FFAF8BDCD890A2068434B
:104F90000E30188031203880002AF5D0087B9581AA
:104FA000801FC7B21AE020886168308048780A788C
:104FB00000021043F080C8788A78000210433081E4
:104FC000B21C3846091DFDF772FE002F01D00028E3
:104FD00002D000203071708008340A3628466D1ED9
:104FE000ADB20028DFD1F8BDCD890A2068430E306C
:104FF000188032203880002AF5D0087B9581401F28
:10500000C7B243E0616822880878F2803279C3072A
:1050100052085200DB0F1A43FD231A408307DB0FAF
:105020005B001A43FB231A404307DB0F9B001A4324
:10503000F7231A400307DB0FDB001A43EF231A4064
:10504000C306DB0F1B011A43DF231A408306DB0F65
:105050005B011A43BF231A404306DB0F9B011A432F
:105060003271C00970718A784B7810021843308110
:1050700032463846C91CFDF71AFE00E00CE0002855
:1050800002D00020B070308008340A3628466D1EE9
:10509000ADB20028B6D1F8BD087BCD89801E86B29E
:1050A0003046083068431030188034203880002A99
:1050B000F1D0174695811037E800D681C0190090CD
:1050C0000DE020883880009878603246616800984A
:1050D00011F02BF800980834801908370090284602
:1050E0006D1EADB20028ECD1F8BDFFB581B00A9DB0
:1050F0001E460C46002A05D0607AFF300130D08071
:10510000E089108101980E270078030011F07CFAE5
:105110000B7E0719293541536C7878787E00009210
:10512000087B082805D0032803D091A1954811F0E9
:105130007AF9378030200FE000990020888105B08F
:10514000F0BD0092087B042804D08E4888A114305A
:1051500011F069F937803120288000980028EBD1C0
:10516000EDE70092087B042804D0932080A1800002
:1051700011F059F937803220EEE70092087B0228BF
:1051800004D080487AA13A3011F04DF937803320AD
:10519000E2E7087B1746042804D07A4874A14C3013
:1051A00011F041F91020308034202880002FC6D023
:1051B0000020B88116E0207B1746052806D0062877
:1051C00004D070486AA1603011F02DF912203080AF
:1051D00035202880002FB2D0E089B88100203882A5
:1051E00001984088F881AAE70092087B072804D03C
:1051F00064485FA1713011F016F937803620ABE7B3
:1052000033460095019800F00EFC98E72F2053A13B
:10521000000111F008F992E770B50C46054603F05D
:10522000EEFF002804D00078222803D2082070BDA9
:10523000554870BD00231A460421284607F09AFC01
:105240002060002801D0002070BD032070BDFFB594
:105250008BB00D4607461720694608850E98032631
:105260001446002805D10EA93846FFF7D5FF0028BF
:1052700034D1002D0BD000220321384607F0BFFAAD
:10528000002834D00E980078002830D108E020782B
:10529000092819D00F2823D030A13C4811F0C3F8B9
:1052A0000E98A760801D03AA606002320AA92046FA
:1052B00000F00FFC002827D0030011F0A5F9071A11
:1052C000182323211C1E23000726002231463846BE
:1052D00007F095FA0028E3D12B48801C0FB0F0BDF1
:1052E00000220321384607F08AFA0028D8D111207D
:1052F000F4E70020F2E70820F0E72348401CEDE740
:105300000720EBE70320E9E701A800906846038D3A
:1053100004223146384606F08AFF0028DED1002DEF
:10532000DCD00E990D70D9E730B587B01D460C461C
:10533000002A11D0042369460B7013888B81528890
:10534000CA81A2788A7422880A8200236A46294682
:10535000FFF77DFF07B030BD1020FBE77372635C81
:1053600067617474635F636F72652E630000000091
:105370007372635C67617474635F636F72652E63DD
:105380000000000025020000023000004F03000072
:10539000F3B581B001980C4600780826030011F09F
:1053A00033F9125F47471B134B0A0A0A0A0A0A0A13
:1053B0000A0A0A0A0A5F002C02D1F849F84808E0F4
:1053C0006078304360703CE0002CF9D1F448F34938
:1053D000083011F028F8F3E70198002380880122B3
:1053E00087B20421384607F0C5FB0546002C04D0DF
:1053F0007520EA49C00011F016F8002D04D1E848E4
:10540000E649143011F00FF83946A81D00F058FB9A
:10541000FCF78EFA040006D0607830436070678035
:10542000FCF767FA0FE01321384605F0DBF915E0C9
:10543000DB48DA49283002E0D948D8492D3010F04D
:10544000F2FF002C0AD06078000707D59320207067
:105450002046582208300199FBF7B6FE0020FEBD19
:10546000CF48CE493130EAE710B500210170801DE8
:1054700000F023FB10BD0A4610B50146901D00F058
:1054800027FB10BD70B5002305461A46042107F01E
:1054900071FB040004D1F920C049800010F0C3FF63
:1054A0002946A01D00F00CFB70BDF7B5054684B081
:1054B0000C4600206946088188806F8803460122D7
:1054C0000421384607F056FB060004D1FD20B349FD
:1054D000800010F0A8FF002C03D0A7800020E080FF
:1054E0002081297A20461230C91E142700900B0013
:1054F00011F08AF80FFEFDFC3809A95E657A2FB21B
:10550000C9E99191FC003078012804D0A3497020AA
:10551000143110F088FFA9896A46C8000E309080C7
:1055200030201081002C13D0A18100200DE0C1009B
:10553000327909190A747288CA8182005319DA898A
:105540004A821A8A401C8A8280B2A1898142EED89E
:10555000F1E002A8009001AB22462946304600F057
:105560002BFAE8E03078042804D08C49BD201431AF
:1055700010F059FFA8890622014650436A460E30B2
:10558000908033201081002CE2D0A18100200BE01C
:10559000062141434F190919FA89CA81BA7C8A74D4
:1055A0003A8A401C0A8280B2A1898142F0D8C2E0C6
:1055B000307806280BD079491431D72005E03078AF
:1055C000062804D07549EB20143110F02CFFE8892F
:1055D00069461230888035200881002CB8D0A9890E
:1055E000A1817188E18126E03078072804D06B49D9
:1055F000FF20143110F017FFA8896A4601460E30CB
:10560000908036201081002CA2D0A1812046AA894A
:105610000E30296954E0E8896946123080B2382298
:1056200088800A81002C7ED0A989A181287A10283F
:1056300007D00221A173E9892182EA8929690098AA
:105640003EE00121F6E702A8009001AB2246294680
:105650003046FFF787FC6EE03078082805D04F49C8
:10566000FF201431EE3010F0DEFE684637218780CF
:105670000181002C5FD0A989A18100206082208255
:105680000120A07357E03078092805D04349FF2056
:105690001431FF3010F0C7FE288A69461430888024
:1056A00037200881002C46D00421A173A989A1814B
:1056B000E9892182298A618220462A8A143069690F
:1056C00010F033FD37E030780A2804D033493548EC
:1056D000143110F0A8FE6846372187800181002C24
:1056E00029D00521A1730020A08102E01EE003E083
:1056F0000CE0208260821EE002A8009001AB2246EE
:1057000029463046FFF7F1FC15E00CE00D20694614
:10571000392288800A81002C05D00120E0800020F9
:105720002081207307E00699088019E01C481B4976
:10573000A43010F078FE6846069980880880002C16
:105740000ED0684600892080684680886080287A6C
:10575000032805D0102803D0112801D00020307074
:10576000002007B0F0BDF7B5568815460F46002358
:1057700082B01A460421304607F0FCF9040004D137
:1057800007480649C43010F04EFEA41D33462A4691
:1057900039460094029800F022FBD0E45C530000EC
:1057A0009503000013020000F7B58CB00D461446B7
:1057B00007A90C98FFF730FD002812D1B64E01273B
:1057C000002C0FD00321684601701021818208A8A7
:1057D00002460690204605A9FDF78FFA00280BD057
:1057E00007207BE50821684601708581C681052177
:1057F0008774C90201820BE00798A17801712188A2
:105800004180684605218774C90201828581C6816D
:1058100002460121079B0C98FFF719FD5EE508B5CC
:1058200001236A4693709D4B13800A460223694602
:10583000FFF77AFD08BD08B501236A469370974BC0
:105840005B1C13800A4603236946FFF76DFD08BD04
:1058500000B587B000290CD002236A4613700B886C
:1058600093814988D18100230421FFF7F0FC07B020
:1058700000BD1020FBE710B5002903D00523FFF77A
:1058800053FD10BD072010BD70B588B00D461446FD
:10589000064607A9FFF7C0FC00280DD1002C0DD04B
:1058A0000621684601708581C481079B02465C80A1
:1058B00006213046FFF7CBFC08B070BD05216846D5
:1058C00001708581F1E710B588B000290BD007245D
:1058D0006B461C709A81049100236A462146FFF7AB
:1058E000B6FC08B010BD1020FBE770B500241722ED
:1058F00088B0002914D00D782B0010F085FE062307
:10590000050519041B231522D21E93B2CA88002A4A
:1059100002D08E68002E03D09A4203D90C20CBE728
:105920001020C9E7042D05D08A88002A0AD101E099
:105930000620C1E7012D11D0022D05D0042D18D06D
:10594000052D23D00720B7E709236A4613704B883B
:105950009381CB88D381896804911DE00C236A462A
:1059600013704B889381CB88D38189680824049174
:1059700012E00D236A4613704B8893818B88D38184
:10598000CB88138289680924059105E00E236A46B5
:105990001370497811730A2400232146FFF757FC3E
:1059A0008AE700B587B00F236A4613709181002300
:1059B0001946FFF74CFC5AE7FEB50078089D1C46D7
:1059C00016460F46012803D03549912010F02BFDD3
:1059D000F889C0000E30208030202880387B001FDE
:1059E000C0B20190002E1DD0F889B081002516E0CC
:1059F000E8008419C0190090224641690E320198CE
:105A0000FDF755F9002802D000202074E0810098AD
:105A10006D1C008A60820098ADB2408AA082B08975
:105A2000A842E5D8FEBD70B514461425049A1D8021
:105A300037231380002C0ED0CA89A28100226282F3
:105A40000078082808D0092810D00A2819D014494D
:105A5000144810F0E8FC70BD087B0C2804D01148F5
:105A60000F490C3810F0DFFC012008E0087B0D28FE
:105A700004D00C480A49083810F0D5FC0420A07363
:105A800070BD087B0E2804D006480549001F10F0A1
:105A9000CAFC0520F3E70000FFFF00000228000019
:105AA00070530000BB02000010B5FE4B5860197225
:105AB0001A80C90010F098FB10BD002101807047CA
:105AC00010B50022D2430280032007F0F8FC10BD7D
:105AD0007047F0B50E460446017801208840F2492F
:105AE00099B008400090616815460888EF4A9042D6
:105AF00006D0009A002A06D0EB4A521E104202D06D
:105B0000012019B0F0BD009A10430880002D12D07A
:105B1000002028702178EA1C0027681C01920B00E5
:105B200010F072FD10F30E16233A59616F3CB4B0B9
:105B30008AB8F2F1F0F320780B28EBD00420E0E7EC
:105B400002212970A1890170090A4170032097E0A0
:105B500004212970A1890170090A41700198E18925
:105B60000170090A417005208AE006212970A18987
:105B70000170090A41700199E2890A70120A4A709B
:105B8000218A0171090A4171A28AE81DA16910F0F8
:105B9000CCFAA08AC01D73E0082129702178082959
:105BA00001D110212970A1890170090A4170019861
:105BB000E1890170090A41700520308020466A1D84
:105BC00002A91030FDF799F800287DD16946308888
:105BD000097A401854E00A212970A1890170090A44
:105BE000417003200BE00C212970A1890170090A82
:105BF00041700198E1890170090A417005203080E7
:105C00009CE0A08984464000401C81B230888842D4
:105C10005AD3052958D30E202870002008E02369A4
:105C200042009B5A521953701B0A401C937080B259
:105C30006045F4D33180B9E09A48417A002973D0A5
:105C4000491E4172217B4068C9004518A98828680F
:105C5000082240180838216910F067FA02216846C6
:105C600001710021417128680390A988684601816B
:105C7000002101A8FFF78CFB0020A880002E00D097
:105C8000308093E0297880221143297029784022BE
:105C90001143297029788909890112312970A18954
:105CA0000170090A4170E289E81C216910F03DFA8F
:105CB000E089C01C3080287841063FD5C00975D0E6
:105CC00001216846017200E02CE000214172318818
:105CD000091D81810495E189019808180590001D2E
:105CE00006907048017A68460177002102A8FFF704
:105CF0004FFB074630880C303080022F06D0002F33
:105D000054D065E03DE033E01CE05EE06548694664
:105D1000097F4268CB00D218037A994202D2918857
:105D2000002902D0042753E02FE0417A491C417238
:105D30001560308890800020308049E06168A0893B
:105D4000888033E029788909890116312970A18971
:105D50000170090A41700198E1890170090A4170D6
:105D6000228A681D616910F0E0F9208A401D46E72B
:105D700028788009800118302870207B6870022004
:105D80007EE760680188090401D4052720E0C08807
:105D9000A189884201D006271AE01E202870012020
:105DA0003080606801884904490C0180009800280F
:105DB0000ED03C4800220088A1688300032007F031
:105DC000D9FA61682078887007E0002030800327C6
:105DD0006068009902888A430280384691E6FFB5E0
:105DE0009FB0289D0E46002805D0172803D82A8882
:105DF0002E4B9A4202D1072023B0F0BD32785306D1
:105E000001D4D20901D00820F6E700226B461A71AE
:105E10005A7114463278431E1D939BB2189303ABFC
:105E20001A939706CB1CBF0E1B93821E711C3B005E
:105E300010F0EAFB209011EE66EE74EEB0EED4EEB8
:105E4000EDEEECEEEBEEEAEEE9EEEEEEE8EEE7EE8E
:105E5000E6EEE5EE90EE05287CD10421684601715E
:105E6000A9780172F078B278010211436846418145
:105E70003179417170788006800E0C282ED009DCB3
:105E8000801E030010F0C0FB0919661C6621662401
:105E90006627660012282AD00ADC0E2821D0102896
:105EA000DAD121E00C090020FF710000FFFF0000A3
:105EB00016281FD01828CFD11FE02878800701E0CE
:105EC00028784007002845DA45E128780007F9E7F7
:105ED0002878C006F6E728788006F3E72878400699
:105EE000F0E728780006EDE72888C005EAE728886B
:105EF000C004E7E728888004E4E728884004E1E755
:105F00002A78920726D50328A6D105206A46107163
:105F1000487809780002084310811CE12978490774
:105F2000F0D5062816D3717890B2012902D0022943
:105F300092D101E0022100E01021189106216A4669
:105F400011710021118102AF189AB11C0237921C05
:105F50001B921AE0B3E04A780B7812021A433A8097
:105F6000801E891C1790BA1C1A911898FCF79FFE86
:105F70001A991898189A091817986B46801A1A894E
:105F800080B2521C1A811B9ABF1D8242E3D900289D
:105F900086D1E0E028780007B4D51D98694682B222
:105FA0000720087100200881701C0A3111E0437835
:105FB00007781B023B430B80C37887781B023B4367
:105FC0004B806F463B89121F5B1C001D92B23B81C8
:105FD000091D042AEBD2002A71D1BCE02978C90638
:105FE0006DD502286BD308206946087100204881CE
:105FF00070780872844692B2B01C1A9919E089E050
:1060000090E07EE067E05BE030E025E019E013E03F
:10601000BCE0437807781B023B430B80831C4B603A
:106020006346D21A6F467B8960445B1C92B27B81C7
:1060300008319445EDD9CEE7287880063FD509226E
:1060400003E0287840063AD50A2268460271AA88F9
:106050000281189A428107E0287800062FD50B208C
:106060006A46107118981081039174E02988C90557
:1060700025D5022823D30C206946087100204881C9
:1060800070780872844692B2B01C1A9914E0437872
:1060900007781B023B430B80C37887781B023B4386
:1060A0004B80031D4B606346D21A6F467B89604468
:1060B0005B1C92B27B8108319445E8D98BE763E0A1
:1060C0002988C90460D501285ED10D216846017177
:1060D000A98801813FE02988890455D5052853D333
:1060E0000E2269460A71AA880A811B99401F4A78C4
:1060F000097812020A4369464A818881701D04901A
:1061000029E0298849043FD501283DD10F2069465F
:10611000087120E02A88120436D44A780B781202DB
:106120001A43EA8003282FD332789206920E1B2A54
:1061300026D011226B461A712A880123DB031A43E9
:106140002A804A78097812020A4369460A81C01EE9
:1061500048811B98039030788006800E1B2809D058
:106160001D2807D00320229907F0A9F92888C00B21
:10617000C003288001A82199FFF70AF920463BE6D1
:1061800010226B461A71DCE70724F7E70824F5E7CD
:1061900000B597B0032806D16A461070019100211E
:1061A0006846FFF7F5F817B000BD000010B58B7812
:1061B000002B11D082789A4207D10B88002B0BD08C
:1061C00003E08B79091D002B08D08B789A42F8D117
:1061D00003880C88A342F4D1002010BD812010BD9B
:1061E000052826D0002A02D0012A0DD102E0098814
:1061F000090501E009888904890F07D0012918D011
:10620000022909D003290ED081207047002A01D02D
:10621000032070470220704703280AD0042808D0C2
:10622000002804D007E0042803D0022803D005206A
:106230007047002070470F20704770B513880546DF
:1062400014460B8018061DD5FE481022807AA842FD
:1062500003D813430B80002070BDA06893430078DF
:10626000E840C007C00E03430B802078A178800768
:10627000800D0843F4490FF0D2FFA0686943081865
:10628000401C70BD906870BD37B569468B8813801F
:1062900019061BD5EB4C0125A47A9168844209D8D4
:1062A000FE280FD1D80602D5A5406D1E00E00025BE
:1062B0000D7007E085400C78DB06DB0FAC438340B4
:1062C0001C430C7010881021884310803EBDF8B527
:1062D0000746C81C80080E468000B04201D08620C8
:1062E000F8BD082A01D90E20F8BDD64D00202E6039
:1062F000AF802881AA723446E88016E0E988491CFC
:10630000E980810610D48007A178800D0843CE492A
:106310000FF085FF206800F0BAFA2989401880B292
:106320002881381A8019A0600C3420884107E5D4F0
:106330000020F8BDFFB589B09F041646139DBF0C21
:106340000193099800F095FA04000AD0207800061D
:1063500009D5BC48817A0A98814204D887200DB0BB
:10636000F0BD0120FBE7224669460A98FFF765FF6A
:106370000690002069460872052D14D0012221469E
:106380002846FFF72DFF0028E9D1207840060AD5DE
:10639000022168460172099981810188C1810682C2
:1063A0004782129805900198000404D500273E46C4
:1063B0000125079709E02078A1788007800D084320
:1063C000A14907900FF02BFF0D46019840040AD514
:1063D0000798A84207D12088E1788005800F000245
:1063E0000843B04201D3AE4201D90720B7E7B8193C
:1063F00080B20190A84201D90D20B0E76846007A2A
:10640000002804D002A8FDF706F90028A7D10798B4
:10641000A8420BD1208803210902884301998905EC
:10642000890F0902084320800198E0701498002821
:1064300000D007801298002815D006983A46801997
:1064400012990FF072FE224669460A98FFF7F5FE90
:1064500069460888102188436946088022460099C9
:106460000A98FFF711FF002079E7FFB5754D0C2260
:10647000E8882968504383B00C180D9F724905982D
:106480000FF0CDFE0091049800F001FA29682A89E6
:106490008E46611A0C310918944651188AB2A9889F
:1064A000914202D8842007B0F0BD6A46168A3206AF
:1064B00003D5B20601D58520F5E7EA88521C92B2D1
:1064C000EA800E9B002B00D01A80B20601D5A7608F
:1064D00006E0604480B22881091A70460818A0605E
:1064E0002246FE200499FFF7CFFE0598A070009881
:1064F000E07020880599800889058000890F08438D
:1065000003210902884300998905890F090208437C
:1065100004210843208003988078A07103980088A4
:10652000A08000202073310601D5AC7A00E0012460
:10653000B10600D5002700260EE0052100200191BC
:1065400002900097E88831460C9B069AFFF7F2FE0E
:106550000028A8D1761CF6B2A642EED30020A2E70E
:10656000F1B5009800F085F9060002D00025009CE6
:1065700014E00120F8BD204600F07BF907460078C2
:1065800031498007820DB87810430FF048FE386813
:1065900000F07DF94019641C85B2A4B22948C18875
:1065A000601E8142E7DC00992648491EC1800189AE
:1065B000491B018100203070F8BD002804D0401E26
:1065C00010809170002070470120704710B504467C
:1065D00001881C48C288914201D3822010BD006806
:1065E0000C22514342189079A07290882081108823
:1065F000D1788005800F00020843A081A078211D7A
:10660000FFF71BFE20612088401C2080E0800020D6
:1066100010BD012101827047F7B50546002084B006
:10662000C043108068681746817868468170686842
:1066300001886846018000218171288A2C88A04247
:1066400005D303E0180900200102000004462C8253
:1066500035E0288A401C2882301D6968FFF7A6FDB6
:1066600000282AD139889248814201D1601E3880A1
:106670006888A04228D33088F1788005800F000216
:10668000084302906946301DFFF790FD002814D1A1
:106690006989874881421BD0002231460598FFF75F
:1066A0009FFD002809D16A890298824205D1E968D4
:1066B000B0680FF00DFD00280AD0641CA4B220467B
:1066C00000F0D7F80600C4D1641E2C828220EAE6CE
:1066D0007C80B079B871B088B8803078B1788007A4
:1066E000800D084378810298B8813946287A32466D
:1066F0000831FFF7A2FD38610020D4E6FFB585B070
:106700001C460F46059800F0B4F8050009D028781B
:10671000000608D56748807AB84204D8872009B0B7
:10672000F0BD0120FBE707982A468605B60D6946AD
:106730003846FFF782FD07460E98052816D000223E
:106740002946FFF74DFD0028E9D1287840060DD5F0
:106750000121684601710599018101884181868185
:10676000C48101A8FCF757FF0028D8D12888AA784F
:106770008107890D11438005800FEA7800021043DC
:10678000079A964207D04C4A914204D3611E814237
:1067900001DD0B20C3E7864201D90720BFE7801B3C
:1067A00082B2A24200D922461098002800D002806E
:1067B0000F98002802D0B9190FF0B7FC0020AEE7FF
:1067C000F8B51D4617460E4600F053F8040008D0F1
:1067D0002078000607D53748807AB04203D8872052
:1067E000F8BD0120F8BD224639463046FFF725FDA9
:1067F000002D0BD02078A1788007800D08432E490A
:10680000884201D2012000E0002028700020F8BD5D
:10681000F8B51E4617460D4600F02BF8040008D0C8
:106820002078000607D52348807AA84203D887201D
:10683000F8BD0120F8BD224639462846FFF724FD61
:10684000FF2E14D02588A178A807800D08431A4987
:106850000FF0E5FC002E03D1FF31FF31033189B287
:10686000A170A80880008905890F084320800020B6
:10687000F8BD1049CA88824207D3002805D00C22EF
:10688000096850430C38081870470020704703B55A
:106890000846694609888A0607D4090604D50549C9
:1068A000897A4143491C88B20CBD00200CBD000010
:1068B000FFFF00001809002001020000F8B507786A
:1068C0000D460446012F19D0072F02D00C2F19D1E5
:1068D00014E0A068216906780B2E0BD0052006F085
:1068E000EEFD052E0ED0782300220520216906F04A
:1068F00041FD07E0782300220620F8E70520216902
:1069000006F0DDFD002D0ED000202870294620461F
:1069100004F0AEF9FE482978C05D884201D1032019
:10692000F8BD0220F8BD0021204604F0A1F90020A6
:10693000F8BD70B50E460C462036317901208AB07C
:106940001546002909D0012905D12978042902D149
:106950000520107000200AB070BD6068019005A885
:1069600002900D21C01C0FF03DFC032205A8A16878
:106970000FF0DBFB01203071062069460870206AA9
:10698000049029466846FFF799FFE4E770B50C4686
:10699000154620310A790120062686B0002A2CD01F
:1069A000012A28D12978042925D169681022A068F4
:1069B00001F0B4F96868C07B000606D5D44AA06827
:1069C0001023103A014601F09EF91022A168E068F8
:1069D00001F0A4F9A068C07B000606D5CC4AE068A7
:1069E0001023103A014601F08EF92E70A0686860FD
:1069F000E068A860002006B070BD60680190C448DF
:106A0000203802900120087168460670206A0490C0
:106A100029466846FFF752FFEDE7027B032A06D0BE
:106A2000002224235A540B78092B02D003E00420BF
:106A300070470A76CA61027B9300521C0273C150F0
:106A400003207047F0B50E4615460C462036024628
:106A500031790120072393B000290CD0012924D0DB
:106A600002292ED0032904D12978042901D12B70C1
:106A7000002013B0F0BD01203071606800280DD0F7
:106A8000A1690B7060684860206988606069C860AF
:106A9000206A08621046FFF7C0FFEAE70620287068
:106AA000206968606069A86009E029780629E0D15A
:106AB0000220307104202870954820386860032037
:106AC000D7E729780429D4D1A08910280AD9103809
:106AD00080B2A081A1681023091805A86A6801F096
:106AE00012F923E010282FD0C2B21020801AA1681A
:106AF0000DAF1190C0190FF018FB11980006000E91
:106B000006D0401EC1B28020785438460FF06AFB90
:106B1000626910230DA909A801F0F5F8102309A94D
:106B200005A86A6801F0EFF80320307160680190F1
:106B300005A80290062069460870206A049029463C
:106B40006846FFF7BBFE94E710232269A168E2E7DD
:106B5000F0B50E460C4620363179012006278FB05D
:106B6000154600290BD0012932D0022905D12978F8
:106B7000042902D10820107000200FB0F0BD217D43
:106B800008A8CA07D20F02718807C10F08A80171AF
:106B90006846027041700722801CE1680FF0C5FA58
:106BA00002A80722013021690FF0BFFA6068059042
:106BB0000AA8069010236A46A16801F0A4F80120F3
:106BC000307168460774206A0890294604A820E0BE
:106BD00029780429D1D1062205A8E1690FF0A5FA88
:106BE00006A806220230A1690FF09FFA0020089043
:106BF0006068019009A80290102305AA696801F055
:106C000082F80220307168460770206A0490294695
:106C10006846FFF753FEB0E770B50D460C462035C9
:106C2000297901208CB01646002909D0012905D107
:106C30003178042902D10920107000200CB070BDF9
:106C40006068019006A802900822E1680FF06DFAD2
:106C5000082208A8A1680FF068FA01202871062010
:106C600069460870206A049031466846FFF726FEA0
:106C7000E4E770B50D460C462035297901208CB02B
:106C80001646002908D00129D8D131780429D5D158
:106C90000A2010700020D1E76068019006A80290D9
:106CA0000822A1680FF041FA002008900990012005
:106CB0002871062069460870206A049031466846AB
:106CC000FFF7FCFDBAE730B50B4620331C790120F5
:106CD0008BB0002C09D0012C05D11178042902D1E8
:106CE0000B20107000200BB030BD4868019005A843
:106CF00002908C6868462578057564784475CC6880
:106D0000257885756478C47500200690079001E0A9
:106D10002867010008900120187106236846037057
:106D2000086A049011466846FFF7C8FDDBE770B5B6
:106D30000C462034034625790120002D0AD0012D70
:106D400014D0022D05D111780A2902D10C2010701F
:106D5000002070BD01202071C868052202704A68B9
:106D60004260F84A8260921CC2600BE015780B2DDD
:106D7000EFD102202071C868042404705268426078
:106D80008A688260096A016201461846FFF745FE7B
:106D900070BD30B5011D02463132947803258379E8
:106DA000ED432C4323408371DB070DD04B7954799D
:106DB00023404B710B79127913400B718278C9789B
:106DC0008A4200D9817030BD00224A710A71F5E70C
:106DD000F7B50C4686B00020694626460870203676
:106DE000317901271E2015461F2977D24B007B449D
:106DF0009B885B009F441E0017023E0256026902F8
:106E000088029A02D102F5022E03590371037F030F
:106E1000AE03C303CC03F7031A0464049A04AB045F
:106E2000DF04FE0410052A0565059B05C6058305DC
:106E300087058B056069002802D0007813287DD073
:106E4000A0680590002849D0012168460170206A99
:106E500004900321684601710A214171E0690290A2
:106E600020790028EFD0059909780029E7D00C296E
:106E700064D20B000FF0C8FB0CFD1A4B90B5E8FC78
:106E8000FBFAF9F807FD022828D16069002802D032
:106E90000078082852D1022168460170206A0490C7
:106EA00005984178684601710021B9E20620216AFF
:106EB00006F005FB20790728E6D1606900F050FF55
:106EC00002280CD0606900F04BFF042807D06069ED
:106ED0000028B8D000780128D6D103E01BE2616910
:106EE0000120087005980079C11F0A2901D30A20E2
:106EF00050E06169072288706069059930300FF0B1
:106F000014F90120307161690320087034E007280A
:106F1000BAD16069002896D001780929B4D10599C1
:106F2000C978890707D1059949790029DFD10599E1
:106F300089790029DBD105994A7900E04EE20146C2
:106F400020314B7D9A43D2D1059A8B7D92799A4319
:106F5000CDD1059A1279D31F0A2BC8D20979914253
:106F600036D80722C01C05990FF0DFF801203071D8
:106F700061690A200870032069460870206A04903D
:106F80006069313001906069001D029060691C30B9
:106F90000390A1E22076F2E311288DD1606900F020
:106FA000DFFE042804D0606900F0DAFE0B2893D1DC
:106FB0006069059910223730491C0FF0B6F86069F6
:106FC000017804297CD12421095C8278914201D97D
:106FD0000620DFE70521017003203071684601704B
:106FE000E2E3112894D1606900F0BAFE062804D0CB
:106FF000606900F0B5FE0C288AD1E068002813D043
:107000002069002810D060690178062910D00D2170
:1070100001706069059910225730491C0FF085F8FE
:107020006069573009218CE100206946087072E1DF
:10703000072101706069059910224730491C0FF043
:1070400074F860694730EDE70228F0D1606900F01C
:1070500087FE0028EBD0606900F082FE0128E6D0B0
:10706000606900F07DFE05E0B1E08DE06CE02AE0B3
:107070000AE0D6E00828DAD00521684601710598B3
:1070800041786846417146E11128D0D160690028F5
:10709000CDD001780E29CAD1C16A4078022810D01B
:1070A0000020142250431430085805991022491C1E
:1070B0000FF03BF80520216A00F040FE0F205EE053
:1070C000F1E10120EDE70B28B1D160690028AED0D5
:1070D00001780F29ABD1C16A4078022826D0002060
:1070E000142250430C300958059842780A70807871
:1070F00048706069C16A4078022819D000201422C3
:1071000050431030085805990822C91C0FF00DF89B
:107110000520216A00F012FE60694178022909D039
:1071200000220832825C5208520073E00120D7E747
:107130000120E4E70122F4E7012100E00021083109
:107140004254BCE30267010011289CD16069002809
:1071500099D00178102996D1C16A4078022811D0BF
:107160000020142250431830085805991022491C59
:107170000EF0DBFF0520216A00F0E0FD11206169BF
:107180000870B4E30120ECE7082884D16069002886
:107190009DD00178112997D10599C06A497801706D
:1071A00060690599C06A0622401C891C0EF0BDFF6B
:1071B0000520216A00F0C2FD60694178022904D0EF
:1071C00000220832825CFD2323E00122F9E7112826
:1071D000BBD160690028BBD001781229B5D1C16A42
:1071E0004078022819D00020142250431C3008583F
:1071F00005991022491C0EF098FF0520216A00F025
:107200009DFD60694178022909D000220832825C24
:10721000FB231A40022991D18EE70120E4E70122E5
:10722000F4E70720B6E6287801288ED160696968FE
:1072300014221C30F9F7C8FF6069017F002901D0D2
:107240002176ACE30178032901D0032037E002273F
:10725000C77081794907490F8171017A4907490F40
:107260000172417A4907490F41726069FFF791FD48
:10727000377196E228780F28E3D107206946087015
:10728000216A049191680291694608716169072237
:10729000C91C02980EF049FF6169042008700020A3
:1072A0003071BBE028780328CBD1606901780529CB
:1072B000696807D0082247300EF037FF042030718C
:1072C00005206FE208225730F6E728780328B8D166
:1072D000606901780529696811D008224F300EF0E5
:1072E00024FF052030716069006A00280AD002205E
:1072F0002870002028716069006AA860F9E00822FF
:107300005F30ECE704204DE22878022899D12879F3
:10731000002801D0207642E36069A96801626069B3
:10732000002901D1F949016206200BE228780F28D3
:1073300087D1A868E0616069017805292BD04730C2
:1073400007213171E16802220A706269126A4A609B
:10735000886060693030C8606069C01C086162691B
:10736000087D926A400812784000D207D20F10437D
:1073700008756269926A521C8A61FD221040626936
:10738000D26A1278D207920F104308756069C06AFA
:10739000401CC86153E25730D2E728780828BAD198
:1073A0006069017805291AD00B2101700720694610
:1073B0000870206A0490E069029011200871029818
:1073C0000321017051681022401C0EF0AEFE002116
:1073D0006846FFF773FA00203071E06187E206210A
:1073E000E3E728780F2896D1072069460870206ABD
:1073F0000490A8680290112008710298042101707D
:1074000061690A78072A0ED0002232710C220A70B4
:1074100061691022401C47310EF087FE002168464A
:10742000FFF74CFA63E21022401C57310EF07DFE4C
:1074300000216846FFF742FA0A203071E168032014
:1074400008706069006A48606069573088606069E8
:107450004730F3E128780828A1D1606969681022D3
:1074600037300EF035FE002801D0042092E5606927
:107470000078072817D00A203071E16803200870CF
:107480006069006A486060695730886060694730A9
:10749000C860206A08620698FFF7BFFA074660696D
:1074A000FFF777FC6BE208207AE1287809289AD167
:1074B0000B20307161696868897810224018511A70
:1074C0000EF090FE082069460870206A04906868F3
:1074D000019060698078087268E129780D29BBD134
:1074E00061698979C90703D00C20307109203EE019
:1074F0003071032770E228780E28ADD1606914221C
:10750000291D1C30F9F760FE6069018DC06A417267
:10751000090A817260698178C06AC1716169CA6A49
:10752000081D117AC909C9011172437962691943A9
:107530008378D26A9B079B0F012B00D00023007930
:107540009B01C00003431943117260694078012810
:1075500076D0B4E160694178022901D0012100E0D0
:1075600000210831405CC00707D00E20EAE06946E0
:107570000870206A1146049019E11320B8E72878B2
:107580000F2894D1A868E0610F2030710520EEE744
:10759000287803288BD16069C16A4078022801D01D
:1075A000012000E000201422504310300858082227
:1075B00069680EF0BAFD10203071E168062022697A
:1075C00008706069406A48606069C36A4078022850
:1075D00001D0012000E00020142778431030185813
:1075E000CA6088602BE128780C2886D16069C26A5D
:1075F0004078022801D0012000E0002014214843F7
:107600000C30105802230932696800F07CFB11200D
:107610003071E168052008706069006A486060693F
:10762000C06A093088603948001F07E128780B28B4
:10763000A7D161694878CA6A022802D0012001E016
:1076400059E1002014235843143010588A7869688F
:107650000EF06BFD60694178C26A022901D00121F8
:1076600000E00021142359431431525881785018F6
:107670001022511A0EF0B6FD072069460870206AE4
:107680000490E069029011200871029806210170AF
:107690006169CA6A4978022901D0012100E000210C
:1076A00014235943143151581022401C0EF03DFD53
:1076B00000216846FFF702F90020E06112206FE028
:1076C00028780F2891D1072168460170206A04901C
:1076D000906802900B2268460271029801706169FD
:1076E000CA6A4978022901D0012100E0002114234F
:1076F00059430C3151580A78427049788170616958
:10770000CA6A4978022903D0012102E00867010012
:10771000002114235943103151580822C01C0EF087
:1077200004FD00216846FFF7C9F826E76069417843
:10773000022901D0012100E000210831405C8007CE
:1077400003D5142030710A2011E71620D0E62878DE
:107750000F287AD1A868E061072069460870206A7E
:107760000490E069029011200871029808210170CC
:107770006169CA6A4978022902D0012101E011E158
:10778000002114235943183151581022401C0EF087
:10779000CCFC00216846FFF791F80020E06115203D
:1077A00030710A2069460870206A049029466846AC
:1077B000FFF784F82BE028780F2846D10720694688
:1077C0000870206A0490906802900820087102985E
:1077D0000921017061690622C969097841706169EE
:1077E000801CC969491C0EF0A0FC00216846FFF707
:1077F00065F8AAE760694178022901D0012200E01A
:1078000000220832805C400703D51720C8E70746EE
:10781000B5E0012953D070E028780F2815D1A86869
:10782000E06118203071E168052008706069006A25
:1078300048606069C06A09308860F848C860206A9A
:1078400008620698FFF7E9F8E1E76FE028780B286F
:107850006CD16069C16A4078022801D0012000E043
:107860000020142250431C300858102269680EF082
:107870005CFC072069460870206A0490E069029069
:107880001120087102980A2101706169CA6A497859
:10789000022901D0012100E00021142359431C31A9
:1078A00051581022401C0EF040FC00216846FFF7A2
:1078B00005F80020E0616069407801281DD1192099
:1078C00016E660694278022A09D000210831411881
:1078D000097800290DD0CA0703D00E2106E0012146
:1078E000F4E7890701D5102100E01221017000277B
:1078F00072E0012A01D00D20FAE51C20F8E51D20D8
:1079000030710B2033E62978102948D1F0E5606901
:107910000178012943D0082941D00021317100F0BC
:1079200019FA0C2069460870206A049037E028781C
:107930000F2805D01020107003271B2030714BE05A
:10794000072168460170206A0490A868029002210D
:1079500068460171029805210170217E4170002165
:107960006846FEF7ABFF0B2168460170206A049061
:1079700029466846FEF7A2FF07461B203071012FFB
:107980000DD029E0012168460170206A049004218D
:1079900068460171217E41710020207612E0207E30
:1079A00000280FD06169132008701A2030710A2056
:1079B00069460870206A049029466846FEF77EFFF3
:1079C000074609E06069002801D01421017068466B
:1079D0000078002800D021E5384609B0F0BDF7B5A1
:1079E0000F4620373879012686B00C46002804D08F
:1079F000012828D002281CD197E02079012804D042
:107A0000022811D0032814D10AE0A0684078012888
:107A10000ED10620216A05F02CFD00287FD10CE054
:107A2000A1681320087008E0A0684178022901D0FD
:107A3000052674E00078082871D1012038710A20E9
:107A40006946087033E0089800780F2867D107214D
:107A500068460170206A049008988568029522792A
:107A60000220012A04D0022A29D0032A57D10FE08C
:107A70000646684606710B202870207B00214007CF
:107A8000400F68706846FEF719FFA068067045E071
:107A900006466846067105202870207B6870002124
:107AA0006846FEF70BFF3E710B2168460170206AA5
:107AB000049068460899FEF701FF06462FE06846E5
:107AC000017101202870207C6870607CC007C00FA5
:107AD000A870A07C4007400FE870E17C2971C007C6
:107AE0001FD0207D4007400F6871607D4007400F28
:107AF000A87100216846FEF7E1FEA068072229462A
:107B000030300EF012FBE068017AA068203001717D
:107B1000A16828798870A16809200870002630467D
:107B20005BE70020A8716871E3E7A1681420087082
:107B3000012168460170206A0490042168460171A1
:107B4000217B41710021FEF7B9FEE7E7F0B585B072
:107B50000F4605460124287B800040198038C66FF7
:107B60003078411E0A290AD22C498000323140184F
:107B70008038C36F3A463146284698470446002C61
:107B800001D0012C11D1287B401E0006000E287365
:107B900001D00324DFE70D2069460870306A0490A5
:107BA000002101966846FEF789FE032CD3D02046BB
:107BB00005B0F0BD70B515460A4604462946104684
:107BC000FFF7C4FF0646002C0FD0207814280CD1F4
:107BD000207E002806D000202870204629460C3040
:107BE000FFF7B4FF204600F0B5F8304670BD70478F
:107BF00010B5012903D0022901D0052010BD417024
:107C000000F0A8F8002010BD002809D0027E002A4C
:107C100006D00A4601460C31CCE700000667010099
:107C20000120704730B5044687B00D46062005F0A8
:107C300046FC2946052005F042FC2078142805D092
:107C40000020694608702046FFF7DEFF07B030BD10
:107C50007FB50E4600216A4611730178092903D0C9
:107C60000A2903D0002407E0446900E08468002C5E
:107C700002D0217E002912D0154601462846FEF783
:107C8000CCFE032809D1324629462046FFF792FF51
:107C90006946097B002900D0042004B070BD254648
:107CA0000C35EAE700B50023012285B005280CD089
:107CB000062808D1684602700491022101714371BF
:107CC0000021FEF7FBFD05B000BD6846027004917F
:107CD0000271F4E710B590B00C4605216A461170A8
:107CE000019022480290001D03900AA96846FFF700
:107CF000AFFF002805D1102220460B990EF015FA8F
:107D0000002010B010BD30B505E05B1EDBB2CC5CCE
:107D1000D55C6C40C454002BF7D130BD10B50024A5
:107D200009E00B78521E5B00234303700B78401C64
:107D3000DC09D2B2491C002AF3D110BD70B50C4643
:107D4000054605F0BCFB782300222146284605F0B5
:107D500011FB70BD4178012900D0082101707047E6
:107D6000002801D0007870470820704700670100A4
:107D700038B50446002069460870204609F053FDD6
:107D8000002803D1FBA1A3200EF04DFB204609F0F3
:107D900099FC002803D1F7A1A8200EF044FB684607
:107DA000007838BD70B5F84D002428462C77203077
:107DB0008471C47101F09AF928464038047020306B
:107DC0008473847484772C75AC7170BD10B50C46C7
:107DD000EE4982888A8042884A8000780870084686
:107DE0000E38847009F050FC08F0FDFFFFF7DAFF51
:107DF00020460BF013F8E449A8310846813809F011
:107E0000ADFEE2480CF021FBE0480A3808F0FEFF26
:107E1000002803D0D7A1C5200EF005FB01F066F9BC
:107E200010BD7CB50E461D46144601A909F008F8A0
:107E3000002807D10AF091FB022803D1D248007D27
:107E4000002801D001207CBD01988030807C09F0A1
:107E50004DFC00280CD0684609F052FC0028F2D0F6
:107E6000002C03D009F011FCA04206D200207CBDFA
:107E7000C0A1C7480EF0D7FAF8E7009809F0D8F883
:107E80003146009809F0DBF8E2B22946009809F083
:107E9000F0F909F045FC002804D1BD48B5A11E3019
:107EA0000EF0C1FAB94C00250E3C6068A030417953
:107EB000002902D045710BF0D8F860688030458306
:107EC000C0E730B40179002904D0012907D030BCC3
:107ED00000207047831D42880488022103E0428805
:107EE0000488831D0121204630BC9AE7F8B51D4661
:107EF00014460E4607460AF030FB022803D0A2487B
:107F0000007D002823D0A1480E3841684988398077
:107F100040688030807C09F069FD002804D153203E
:107F200094A1C0000EF07FFA684609F069FD0028B0
:107F30000DD0009809F0BAF83070022808D0012856
:107F400006D093488BA167300EF06DFA0020F8BD83
:107F50002946009809F0A4F92080002804D1552072
:107F600084A1C0000EF05FFA09F05DFD002804D185
:107F7000874880A160300EF056FA0120F8BD38B570
:107F80000446831D821C6946FFF7B0FF00280DD010
:107F90000020607168460078012808D0022806D0C9
:107FA000FF2074A101300EF03EFA012038BD20718F
:107FB000FBE7F8B50AF0D1FA744D734C0E3D022878
:107FC00002D0207D00287DD0207F0026102818D1E7
:107FD000A079002803D067A16E480EF024FA6868E3
:107FE00001464030827F92070BD526724988618115
:107FF000C17F2173018CE181408C20820120A0711E
:108000002677614F203FB87C00285ED168686946BA
:108010008030807C09F007FC002805D0694668782C
:1080200009784018687004E05A4852A119300EF0DF
:10803000FAF9207D00283AD06868418852484038D3
:10804000806D4088814204D00F204AA1C0010EF00B
:10805000EAF968688030807C09F0C8FC002804D107
:108060004C4844A124300EF0DEF909F0EEFC002863
:108070001DD068688030807CFFF77AFE69784018F0
:10808000687041484038806D4030417A01290DD1F7
:108090002670696849886180807A20710120B877EC
:1080A000207F102801D0282800D1267726756978EE
:1080B00000290AD06868428833484038C286018760
:1080C000012000E001E0B8746E700AF029FA00287F
:1080D00005D1207D002802D0A878FAF7F9F8F8BD7C
:1080E000F8B50446FFF765FF274D0026203DA87E22
:1080F000002808D0667010202070E87EA070287FCD
:10810000E070AE769AE0204F403F3878002808D0E3
:108110002C22B91C20460EF008F80E2020703E706C
:108120008CE0A87B184F002815D0387F102808D085
:10813000282806D0002804D0FF200EA1C2300EF05F
:1081400072F90120E070E87BA070287C60700F203D
:108150002070AE7372E00121204609F099FC0028DE
:108160001AD0387D002857D10021204609F090FC14
:10817000F8BD00007372635C6C6C5F6374726C2E8C
:1081800073302E630000000094090020720000206C
:108190004F02000062070000A97CF8480090F848F0
:1081A000002910D0017805290DD2491C0170667094
:1081B0000D202070012028750622A01C00990DF0CA
:1081C000B4FFAE743AE0EE480670B879002812D0D9
:1081D000387F002804D00120EA4940020EF023F93C
:1081E00066700120E54920700A221431A01C0DF0B0
:1081F0009CFFBE7122E020460CF083F800281DD1C0
:10820000A87C002802D0DE480178CEE7A87F0028AD
:1082100002D0387D002801D00020A9E7387F00284F
:1082200003D0D849D8480EF0FEF866700A202070B6
:1082300006223946A01C0DF078FFAE77012097E7A3
:108240004EE710B5CD4C343C2178002904D01321E1
:108250000E2000F052FF10BDC9490088091D08F02A
:10826000EFFD002801D0022007E0C5484068014624
:1082700020318A79012A02D00C20207105E00022E9
:108280002271097E21724088E080012060711321F3
:10829000E1700E21A170207010BDB84810B53438BF
:1082A0000178002904D024210E2000F026FF10BD03
:1082B000012101702422C2700C220271417110BD93
:1082C00070B5AE4C0546343C2078002804D03E21E1
:1082D0000E2000F012FF70BD0AF03FF9002808D10F
:1082E0000AF03EF9002804D1A4480C30007F002891
:1082F00001D00C2003E0287809F033FD0020207124
:10830000012060713E21E170207070BD9B4810B566
:1083100034380178002904D03C210E2000F0EDFE15
:1083200010BD00210171012141713C22C270017018
:1083300010BDF8B5914C343C2078002804D03B2186
:108340000E2000F0DAFE13E70020A0710AF005F914
:108350008A4E01250C36022802D0307D002840D0FC
:10836000874F694678688030807C09F073FA00286E
:1083700003D1844985480EF056F8307D002806D098
:10838000A06D4030407A002801D0012600E0002690
:1083900078688030807C09F029FB002804D17B4874
:1083A000784908300EF03FF809F04FFB684031463D
:1083B000014316D07968FD2249882181217E400041
:1083C000490849003143114001432176684600784D
:1083D000002802D00420014301E0FB200140217667
:1083E000A5710020207165713B20E0702570BFE60B
:1083F00010B5624C343C2078002804D00E21084689
:1084000000F07BFE10BD5E4906220831A01D0DF074
:108410008CFE00202071012060710E21E17020701F
:1084200010BD70B5554C0546343C2078002804D06A
:1084300038210E2000F061FE70BD50480C30007FE6
:10844000002807D00C202071012060713821E170D4
:10845000207070BD287809F072FC28780CF05BF968
:108460000020F0E770B5454D0446343D28780028DB
:1084700004D037210E2000F040FE70BD3F480C3084
:10848000007F002801D00C200AE03D4E2188706852
:108490004088884203D10AF060F8022807D0022001
:1084A0002871012068713721E970287070BD7168EA
:1084B0007F2020310876487600208876A2788A715D
:1084C000E278CA7122790A72EAE710B52B4C343C83
:1084D0002078002804D039210E2000F00EFE10BDB7
:1084E0000AF03BF8032808D00AF03AF8032804D031
:1084F00022480C30007F002801D00C2003E01F49E7
:1085000000202C31C8712071012060713921E17087
:10851000207010BD70B5194C0646343C20780028F8
:1085200004D03A210E2000F0E8FD70BD0AF015F8E5
:10853000032808D00AF014F8032804D00F480C30A0
:10854000007F002801D00C2011E00C4D2C35E8797B
:1085500008280BD20001001910223146683000F0C3
:10856000D6FDE879401CE871002000E0072020716A
:10857000012060713A21E170207070BD88090020EF
:108580006400002074810000210200001708000030
:10859000F8B5FA4E04463078002804D03D210E206C
:1085A00000F0ABFDE4E5F5484030007F002801D045
:1085B0000C2034E0F24D218868684088884203D15D
:1085C00009F0CBFF022801D0022028E06F68648800
:1085D000FD883A896800B988401C844218D3E9486C
:1085E00041431046E84A50430DF019FE401EFF215A
:1085F00080B2F531884200D90846844200D2204634
:10860000691C401C0DF00BFE6D1C6843401E85B2BA
:10861000E620C05D002800D1BD84F58000203071C7
:10862000012070713D21F1703070A1E5F8B5D34C97
:1086300005462078002804D035210E2000F05DFD8D
:1086400096E5CE484030007F002801D00C2016E08F
:10865000A878002801D0012804D1A888FF21F5318D
:10866000884201D912200AE0C54F298878684088DD
:10867000884203D109F071FF022807D0022020713F
:10868000012060713521E170207071E57968002664
:108690000846C0310E70AA884A800122A0300271BB
:1086A000AA78012A00D000220A704079002801D05F
:1086B0000AF0DBFC2671E3E770B5B04C0546207884
:1086C000002804D030210E2000F017FD55E709F0F6
:1086D00044FF002804D1A9484030007F002801D081
:1086E0000C2003E028780AF0E0FB00202071012034
:1086F00060713021E17020703FE770B59F4C0546F6
:108700002078002804D033210E2000F0F6FC34E756
:1087100009F023FF002804D198484030007F00284A
:1087200001D00C2018E02978002911D00A290FD097
:1087300014290DD01E290BD0282909D0322907D0A1
:108740004B2905D0642903D0FF2901D0122003E072
:1087500028460AF023FC002020710120607133219B
:10876000E170207009E770B5844C06462078251D1D
:10877000002804D032210E2000F0BFFCFDE6314677
:10878000002009F0AEFA2870002805D17C480622A6
:10879000314608300DF0C9FC012060713221E170D2
:1087A0002070EAE670B5754C2178002904D031219B
:1087B0000E2000F0A2FCE0E600214156012504292C
:1087C00012D0002910D0081D0ED0001D0CD0001DA5
:1087D0000AD0001D08D0001D06D00A3004D00A308F
:1087E00002D01220207103E0084606F079FD657181
:1087F0003120E0702570C0E6FEB5604C0746207859
:10880000002804D025210E2000F077FCFEBD38881A
:10881000694608F015FB594D01460020083500292E
:1088200004D002212171286028710FE00098009E79
:108830000A30019060360020B07105222846019967
:108840000DF073FCB0790028F5D13888E0800E2057
:10885000A0702520E070012060712070FEBD10B571
:10886000464C2078002804D005210E2000F045FC5D
:1088700010BD0020207108F008FFE08008F0D1FF53
:108880002072012060710521E170207010BDF1B5EA
:108890003A4C2034A07B002804D010210F2000F097
:1088A0002CFC65E4354D4035A8790C2610270028AE
:1088B00016D1287F002813D109F04FFE022824D1B9
:1088C0002F4800994068098842888A421DD1014694
:1088D000C0310A7A002A05D04030807F80070DD44D
:1088E000E6730EE05E22125C920707D406220A723B
:1088F000A0304079002801D00AF0B7FB2F77002084
:10890000E07327740120A07332E40220F8E710B569
:108910001A480178002904D00F210E2000F0EDFB49
:1089200010BD00210171FF2181710021C943018126
:1089300013490E310A7882728A8882814988C181FE
:10894000012141710E2282700F22C270017010BD90
:1089500010B50A4C2078002804D02B210E2000F0FE
:10896000CCFB10BD0821A01D04F024FB00202071C9
:10897000012060712B21E170207010BD540900208E
:1089800064000020C40900001027000070B5FA4DF3
:1089900004462878002804D02A210E2000F0ADFBE0
:1089A000EBE5F54810222146303800F0B0FBF248E4
:1089B0001022A118203800F0AAFBEF4830380CF044
:1089C000BCFBED49102210392C46A81D00F09FFB7E
:1089D000002020710E20A0702A20E070012060711C
:1089E0002070CAE5F8B50546E348E34C40300090F6
:1089F000007F0C2628272034002801D0E6733EE0B3
:108A0000A07B002804D028210F2000F076FB04E48E
:108A1000A87805280DD013280BD0142809D01528C4
:108A200007D01A2805D0292803D03D2801D03B289B
:108A300003D12888D149884201D912201EE009F0CB
:108A40008CFD0228DAD1CE482A88406841889142BC
:108A500013D10146C0310A79002ACFD1AA784A71D0
:108A600001220A710099A0300F770021E17340794B
:108A7000002804D00AF0F9FA01E00220E07327741C
:108A80000120A0735FE4F8B5BB4F064638783D1D62
:108A9000002804D017210E2000F02FFB53E43146AC
:108AA000012009F01EF901242870002807D1B248DE
:108AB00006226030314605460DF037FBAC717C7103
:108AC0001720F8703C703EE470B5AB4C0646207839
:108AD000002804D00B210E2000F00FFB4DE509F01B
:108AE0003CFD032808D009F03BFD032804D0A24830
:108AF0004030007F002801D00C2016E03378002B96
:108B000003D0012B01D012200FE09B4DE035297AD4
:108B1000082909D22846721C0C3006F097FB287AE7
:108B2000401C2872002000E00720207101206071A5
:108B30000B21E170207020E510B58F4C20780028C3
:108B400004D00A210E2000F0D8FA16E709F005FD3E
:108B5000032808D009F004FD032804D086484030DB
:108B6000007F002801D00C2002E000F0BFFA0020B6
:108B70002071012060710A21E1702070FDE610B5BE
:108B80000AF032F9002803D07E497F480DF04BFCF3
:108B900008F04BFD0BF051FC002804D01720794958
:108BA00040010DF040FC08F0ACFF002804D0B920D3
:108BB000744980000DF037FC00F098FAFFF7F2F8E6
:108BC0006D4800210171012141710222C2700170C2
:108BD000D3E610B5684C2178002904D020210E205E
:108BE00000F08BFAC9E601781F290ED8411C0CD081
:108BF000002121710278411C104609F08FF80120F4
:108C000060712021E1702070B7E612202071F6E734
:108C1000F8B5594C2178002904D01B210E2000F012
:108C20006CFABFE401216171534E0C212171403671
:108C3000317F00296FD10078514F0025012804D0E1
:108C400000284AD01220207165E009F086FC002837
:108C500003D109F085FC002804D009F07EFC02282D
:108C600022D058E008F08FFF002854D0307D002833
:108C700051D1786801224580032108F0B4FB78685F
:108C800009F05AF97868923008F001FD002803D104
:108C90003C493E480DF0C7FB0AF00BF9002839D0DB
:108CA00085203849C00015E009F05AFC002832D16F
:108CB000707F00282FD001282DD004282BD008F059
:108CC00062FF002827D00AF0F4F8002822D02F48AD
:108CD0002C4918300DF0A7FB1CE009F03EFC0328DE
:108CE00004D009F03DFC03280FD014E000200AF066
:108CF00005F800280FD12571307D00280BD1786848
:108D00008030807CFFF734F805E0002009F0F6FFA2
:108D1000002800D125711B20E0700120207041E463
:108D200010B5154C2178002904D01A210E2000F02E
:108D3000E4F922E601781F290ED8411C0CD000214D
:108D400021710278411C104608F0FDFF012060717E
:108D50001A21E170207010E612202071F6E770B53C
:108D6000054E044630780C25002811D018210E201D
:108D700000F0C3F9AAE4000054090020FF0E00002F
:108D80006400002074810000D3020000240400006D
:108D900009F0E3FB03285AD009F0E2FB032856D080
:108DA000E14A107F002852D16079002801D00128C3
:108DB0002DD1A079002801D0012828D1A07B00283E
:108DC00005D0012803D0022801D003281FD1607BE1
:108DD00000281CD0C0081AD161880120800381427C
:108DE00002D82388834203D9207901280FD119E0C2
:108DF0002079002806D0012814D0022805D00328A5
:108E000005D102E020290BD30CE0A02B0AD2207957
:108E1000042805D12088202802D36188884201D9FE
:108E2000122514E0207950776079002802D00128BB
:108E300003D00CE0BD4A002105E0BB4A2032907906
:108E4000002804D00121204608F0CEFE054601206E
:108E5000357170711821F170307037E470B5B24C13
:108E60000546403C2078002804D02E210E2000F03A
:108E700044F92BE409F071FB0C22022815D1AA4811
:108E8000007F002811D1A9482B88083841684888FC
:108E900083421AD10846C030037A002B05D1203115
:108EA000C97E0F2903D0102901D0227103E00521CA
:108EB0000172002020710E20A0702E20E070288802
:108EC000E08001206071207016E40220F2E770B5A6
:108ED000954C0546403C2078002804D02D210E20DA
:108EE00000F00BF908E409F038FB0C21022814D13A
:108EF0008D48007F002810D18C4E2A88083E70686B
:108F000043889A4220D1C822125C002A05D13B2214
:108F1000125C0F2A03D0102A01D021710AE010221E
:108F2000A91CD6300DF001F970680421C03001721F
:108F3000002020710E20A0702D20E0702888E08095
:108F40000120607120700DE40220F2E710B5017875
:108F50000B000DF059FB3F9E9E399E9E599E9E9E92
:108F60009E3C3F9E9E8752559E9E999E9E9E432963
:108F70009E2D319E9E9E9E359E9E9E955C9E9E47FA
:108F80009E4B4F9E21259E6C6064689E709E7F83E1
:108F90007C788A8D74919E00801CFFF798FF76E0A4
:108FA000801CFFF75BFF72E0801CFFF7D8FE6EE0CD
:108FB000801CFFF7B5FE6AE0801CFFF729FE66E023
:108FC000801CFFF706FE62E0FFF7D9FD5FE0FFF7C8
:108FD000B3FD5CE0801CFFF777FD58E0801CFFF7D5
:108FE00052FD54E0801CFFF7FDFC50E0801CFFF7B1
:108FF000CDFC4CE0FFF7ACFC49E0FFF788FC46E015
:10900000801CFFF744FC42E0FFF729FC3FE0801C96
:10901000FFF7F2FB3BE0801CFFF7C4FB37E0801C4E
:10902000FFF7A1FB33E0801CFFF767FB2FE0801CFC
:10903000FFF742FB2BE0801CFFF7F8FA27E0801CCB
:10904000FFF7A6FA23E0801CFFF764FA1FE0FFF7A2
:109050003CFA1CE0801CFFF705FA18E0801CFFF7C3
:10906000E0F914E0FFF7C4F911E0FFF762F90EE050
:10907000801CFFF74BF90AE0801CFFF721F906E09E
:10908000801CFFF70AF902E0801CFFF7DAF80120E4
:1090900073E4002071E470B52349244C054640393F
:1090A000083C0A460126403260682B000DF0ACFAFD
:1090B00005171A1A04171A000122002108F093F963
:1090C000616800220846C0310A724A7209F067FFDF
:1090D000002803D016A11B480DF0A5F960E4167511
:1090E00088655DE4174812A13330F5E70E4900208A
:1090F000C031C8612039087270470B4A203A937E0C
:10910000002B03D1D076117701209076704730B5CF
:10911000134606E0CC18203CE47FD51A44555B1E6C
:10912000DBB2002BF6D130BD940900206C0000208A
:109130007372635C6C6C5F6374726C2E73302E633D
:10914000000000005108000070B5FD4D040008D07B
:10915000012C10D0022C07D0032C05D0F9A17020CF
:1091600007E0F8A1672004E02878012803D0F5A1E2
:109170006D200DF058F92C7070BD70B5F04D04469F
:1091800010280AD0112C16D028468178122C07D02E
:10919000132C0AD0EBA19F200BE0EAA1942008E059
:1091A000112908D0E7A1992003E0112903D0E5A1F6
:1091B0009C200DF038F9AC7070BD10B5E04894B04B
:1091C000007B002819D0172069460870DC4900A8E8
:1091D00006220D3102300CF0A8FF09A96846F9F704
:1091E000C2FE0446112805D0002C03D0D5A1BB2017
:1091F0000DF019F9204614B010BD3220E4E710B587
:1092000001220023114603F0B5FC10BDFFB595B057
:109210001D460E460746FFF7F2FF04000AD02078ED
:10922000222804D3A07F8006C00FA84204D10820C2
:1092300019B0F0BDC748FBE7372168460170478089
:10924000002D05D00121017146711799817102E04D
:1092500000206946087109A96846F9F784FEA07FD5
:10926000DF21084069010843A0770020E0E770B5DE
:109270000446084620380D4603000DF0C5F90A06DD
:109280000A11232C334249505761FF20ADA1083009
:1092900052E02078202851D1FF20AAA10B304BE0CA
:1092A000A7480178032949D08078132846D0207830
:1092B000242843D0252841D023283FD0FF20A1A136
:1092C0000E3039E02078222838D0232836D8FF20E5
:1092D0009CA1153030E0207822282FD0FF2099A1C2
:1092E000193029E02078222828D0242826D02628C2
:1092F00024D0272822D0292820D0FF2091A11C305B
:109300001AE02078252819D0FF208EA1233013E001
:109310002078252812D0FF208AA126300CE0207862
:1093200025280BD0FF2087A1293005E020782828A8
:1093300004D0FF2083A12C300DF075F8257070BD8E
:10934000FF2080A12F30F7E730B5834C0B88834A8C
:10935000022801D0934204D09D1FA54225D20228A5
:1093600002D04D88954203D04D88AD1FA5421CD236
:109370004C88A34219D88B88FF25F435AB4214D80A
:10938000022802D0C888904205D0C888724D0A3899
:109390002D1FA84209D2C888904208D0944206D016
:1093A0005B1C63438000834201DB072030BD00204B
:1093B00030BDF0B56A49884245D36A4A0125AD04FB
:1093C0001368A84201D398423DD30279002A06D0FF
:1093D000082A02D8067B082E05D90720F0BD047B99
:1093E000002CFAD0F6E7002A06D004688C422AD373
:1093F000AC4201D39C4226D3002E06D084688C4216
:1094000021D3AC4201D39C421DD300240CE005685B
:10941000A700ED598D4216D30127BF04BD4201D3E9
:109420009D4210D3641CE4B2A242F0D80022012570
:10943000AD040CE084689700E4598C4203D3AC423D
:1094400003D39C4201D21020F0BD521CD2B29642EE
:10945000F0D80020F0BDFFB50022099B002802D003
:10946000994205DC58E0002902D1002004B0F0BD8B
:109470000920FBE7845C002C12D087187D78112D21
:1094800043D010DC2B000DF0BFF80A401726262C25
:109490002C2E2E363640835C002B30D1521CD2B29B
:1094A0008A42F8DBE1E71C2D2FDA123D2B000DF08C
:1094B000ABF8042C2C121A2C022CD9D1BB78039CAB
:1094C000072B237001D25B0701D40A20CEE7029B51
:1094D00001241B7816E0E343DB0708E0012C08D0E9
:1094E00013E00620C2E70F2523072D075B19002B89
:1094F000F4D03046BAE7029B1B789C0701D50B20BD
:10950000B4E702242343029C2370835C521C9A1804
:10951000D2B28A4202DDABE7192676028A42A9DB83
:10952000A3E710B504780B46002C1FD001210E4A8A
:10953000012C1ED0022C22D0032C2AD125E00000C1
:10954000740A00207372635C6761705F636F726599
:109550002E630000023000007B0C0000FFFF0000C3
:109560000080010028000020023200000021197054
:1095700011E019708179890903290AD10BE019706A
:1095800081798909012904D105E019708179890956
:1095900001D0104610BD411C0622581C0CF0C5FD20
:1095A000002010BD08B51346002806D0FEA00068B4
:1095B000009048796A468009105C18700622581C91
:1095C0000CF0B3FD08BD30B50C46097895B02229E2
:1095D00002D2082015B030BD282369460B704880A0
:1095E000132A03D03B2A01D00720F3E708460A716B
:1095F00009A9F9F7B8FC050003D121212046FFF79E
:1096000036FE2846E6E700B595B0232369460B7081
:109610004880108888805088C880D0884881908889
:10962000088100208881C88109A96846F9F79BFC58
:1096300015B000BD70B50C00064610D0FFF7DFFD79
:10964000050003D1D949DA480CF0EDFEA68028893F
:10965000E0802889208168896081A889A08170BD07
:1096600070B50E46050003D00021092003F027FF46
:109670000120D04C022E207324D0032E04D0CC48DD
:10968000CA491E300CF0CFFECA4806210D3003F047
:1096900091FCA07C8006800EA074FFF78EFDA08B4D
:1096A00000280ED0002D0CD08300012200210920BB
:1096B00003F060FE092804D0BD48BC4928300CF0F6
:1096C000B2FE70BDBB480321103003F073FCA07CD8
:1096D00040218006800E0843A074B6480C3002F08A
:1096E00015F9DAE77FB501A9012003F0C3FA0028D4
:1096F00004D0AF48AD4967300CF095FEAE4E01A8DE
:1097000003F0C6FA050002D0052D4CD048E0029CBB
:10971000A07F01072CD520462230009068462346C2
:10972000628E80882146343301F07BFA0546A07FA3
:10973000F7210840A077002D05D0B5422FD09C48D6
:109740009A49783029E0E17F480889074000C90F2D
:1097500008432021095D4007400FC9000843E07716
:10976000207828281CD129212046FFF780FD17E00A
:109770004007C4D568462246808821460E32FFF74E
:1097800042FF0546A07FFB210840A077002D07D0AF
:10979000B54204D08648854992300CF044FE00253D
:1097A000284604B070BD0020FBE7F8B5040004D1E2
:1097B000ED207E4980000CF036FE7220207060683B
:1097C00008250178091F0B000CF01EFF11F90A3D56
:1097D0005FF83D0EF8F83E3D3D3D3DF986F93D0010
:1097E00073487249AA3074E087883846FFF707FD4E
:1097F000060004D16E486D49B2300CF014FE60785A
:109800000421284360706B4CA07F0843A07721217E
:109810003046FFF72CFDB07F8007800F012801D173
:10982000801EA080384602F057FE3846FBF72AFE1D
:109830003846FAF7C6F93946022003F040FEB07FF9
:10984000EF210840B077F8BD86883046FFF7D7FC97
:10985000002804D156485549D0300CF0E4FD60682A
:109860008078012804D052485049D2300CF0DBFDFA
:1098700060688179304602F04EFF0028E3D06178BD
:10988000294361706168C880F8BD87883846FFF752
:10989000B6FC060004D146484449E3300CF0C3FD51
:1098A00060783946284360706068C088308160689D
:1098B0000089708160684089B081022003F0FFFD5B
:1098C0000020B075FFF70EFF0028DDD001203749DA
:1098D00080020CF0A8FDF8BD80783C2815D0002748
:1098E000022815D00026002804D031482F49F8302E
:1098F0000CF099FD0021084603F0E1FD002107204E
:1099000003F0DDFD002E05D046E001270026F1E73B
:109910000126EAE76078284360702648817F294362
:109920008177002F38D160688688304601F055F87D
:109930000546807F6168800889798000012900D010
:1099400002210843A87760680622C08A28816068DF
:10995000008B68816068408BA8816068C079E87579
:1099600061682846183008310CF0DFFB6068062279
:10997000807B68706168A81C0F310CF0D6FBA87F53
:109980008107890F304602F090FDA87F8007800F85
:10999000012801D10748868006480178032913D0A1
:1099A0008078132814D00BE00302FF0144950000D7
:1099B00013030000740A0020023000000CE00FE0E6
:1099C000FF20FCA1453084E70120FFF7BDFBF8BD77
:1099D0001120FFF7D2FBF8BD204601F02AFCF8BDAC
:1099E000607828436070F8BDF7B505460078002719
:1099F00000090C463E4601287ED00022F14902288B
:109A00007BD0072804D00A2878D0EAA1EE482DE1BF
:109A1000686803780D2B31D006DC042B6FD0072B40
:109A200036D00A2B6AD106E0122B38D0132B40D047
:109A3000142BF7D1B2E011270726002C72D08088B2
:109A4000A0806968FB238979A171E04905468A7F76
:109A50001A408A77032103F0C5F80421284603F051
:109A6000C1F80021284603F0BDF80221284603F082
:109A7000B9F80121284603F0B5F8F9E001270926D5
:109A8000002CDBD08088A080686880792072EFE0AD
:109A900012270E2680882146FFF7CCFDE8E01A2722
:109AA0000726002CCAD04088A08068680079A07181
:109AB000DEE081783C2936D010271E26002CBDD050
:109AC0008088A0806868C08A20836868C08AE08235
:109AD0006868008B60836868408BA0836968207D1C
:109AE000497F4008C9074000C90F084320756968CD
:109AF000C007C00F497F03E05FE08AE0ADE01CE0F3
:109B000049084900084320756968A21DC8790831D1
:109B1000FFF748FD69682246887B0D320F31FFF759
:109B200041FD05E074E019270726002C70D0A271D2
:109B3000A648F722817F11407DE01B272E26002CAE
:109B400066D0A1806968A21D0879491DFFF72AFD2A
:109B500068682030C07A60736868C0780428A07B89
:109B600019D040084000A073F921084069681F22FD
:109B7000C9788907490F0843A07369684007C97A03
:109B8000400FC9000843A073696820460F300C31AC
:109B90000CF0CBFA6CE001210843E4E71E270E2607
:109BA000002C6DD0A1806868E21D407AA0716968C0
:109BB0008878C91CFFF7F6FC5AE0287A012805D0FE
:109BC000022815D080487BA132384FE01D270E2691
:109BD000002C55D06888A080A889E080E889208181
:109BE000288A6081688AA0817848DF22817FA2E785
:109BF00012270E266888FFF71DFD002C40D06878DC
:109C00004007400F032833D17048FD22817F92E73F
:109C100036E0287A03000CF0F7FC06041010202030
:109C2000202619270726002C2AD0A1806748A27178
:109C3000817F4908490081771AE019270726002CFF
:109C40001ED0A180287A012805D00320A0715F488A
:109C5000EF22817F6FE70220F8E721462846029A2B
:109C600001F04BFCFEBD532052A100010CF0DBFBC8
:109C70000298002C068001D0278066800020FEBD5F
:109C800002980680FAE710B5504894B080781328FF
:109C900002D0082014B010BD22206946087009A91E
:109CA0006846F9F760F904460021072003F007FC35
:109CB0002046EFE700B5454895B08078122801D0DE
:109CC0000820B5E41E216846017000218170C17032
:109CD00009A9F9F748F90028F3D10021072003F07A
:109CE000EEFB1120FFF749FA0020A1E400B5374848
:109CF00095B00078022801D0032818D11B2108A8AC
:109D000001730021817369460BA8F9F72CF900282B
:109D100004D1684640781B2801D0032088E4002144
:109D2000084603F0CCFB68468078002801D0082064
:109D30007EE40120FFF708FA002079E4F8B5234C0F
:109D400003000CF061FC0A068017808080804B3590
:109D50006E80FFF7CBFF00282AD1F7F7E9FD002836
:109D600026D02221017000210172F7F7C2FDA07FE9
:109D7000012152E08EB23046FFF741FA050004D1CE
:109D800011480CA12E300CF04EFB287821280FD062
:109D9000F7F7CEFD00281BD01221017002270772B1
:109DA00046800020A875F7F7A4FDA07F3843A07770
:109DB000F8BD00007372635C6761705F636F72650A
:109DC0002E630000FFFF000036050000740A00202B
:109DD000132229463046FFF7F6FBE9E7A578122D56
:109DE00006D0132D07D0FA49FA480CF01CFBDFE728
:109DF000FFF760FF01E0FFF746FF0028D8D1F7F733
:109E000097FD0028D4D022210170122D07D0022105
:109E10000172F7F76EFDA07F10210843C7E701210B
:109E2000F6E7A07C810901290BD0800904D0E9481C
:109E3000E74922300CF0F7FA03210020FFF710FC6D
:109E4000B6E70221F9E7E348E1492930CDE7F7B564
:109E500014460D0004D1DF48DD4931300CF0E3FA3F
:109E600028780827012807D002281FD0D948D849C8
:109E700062300CF0D8FAFEBD0098FFF7C0F906007A
:109E800004D1D448D24938300CF0CDFA0220B07554
:109E90001030207060783843607007CD083407C4F4
:109EA000CD482022817F11438177FEBD0098FFF7C6
:109EB000A6F9060004D1C748C54946300CF0B3FAEC
:109EC000A988C648814208D1EA88824205D1132276
:109ED00031460098FFF777FBFEBD814202D1E8884A
:109EE000002809D01220207060783843607007CDB8
:109EF000083407C4002006E07823002202200099DD
:109F000003F038FA0120B075FEBDB34840897047B0
:109F1000FFB591B01498F8F721FF00285DD1012416
:109F2000684603218471C9028180002201A920466C
:109F3000FAF719F9002850D16846152184714902B1
:109F4000818000261C2102A800960CF04DF901200A
:109F50000146684610310170002001466846417094
:109F60008178F9273940891C21438170017A0225C3
:109F70002943017212998186C6861F2101870C90A0
:109F800011980F9001A80B9009AA0BA902A8F9F744
:109F9000B5FE002821D168468F4E808CF08068463F
:109FA00084718F498180807809AA3840801C4108DB
:109FB0004900684681708586058713A80F900BA914
:109FC00002A8F9F79BFE002807D16846808C3081F3
:109FD00031460A311498F8F7D4FE15B0F0BD30B50B
:109FE0000C46804995B08C4241D37F4901229204AE
:109FF0000968944201D38C4239D3203800220125CC
:10A0000003000CF001FB06042F494D535C64002152
:10A01000082003F02EFA002802D0112015B030BD20
:10A0200024206946087000A80522A11C02300CF00B
:10A030007CF809A96846F8F796FF050002D0082DBC
:10A040000ED031E0082300221146184603F092F9A1
:10A05000082829D05F485E49D6300CF0E4F923E0A7
:10A060000620DBE76068002803D0884201D2102078
:10A07000D4E73D2168460170218841806188818054
:10A0800009A9F8F770FF05000ED1606800280BD011
:10A090006946098D018007E0206801F079FC02E043
:10A0A000204600F0D8FC05462846B7E73E2007E0EA
:10A0B000857000E0827009A9F8F755FFF3E73420B6
:10A0C000694608702078C0076846F3D0F0E707209B
:10A0D000A4E730B50C46444995B009688C4201D2DA
:10A0E00010209BE7203803000CF08EFA0504212194
:10A0F000232132002088FFF782F8002804D000785E
:10A10000222803D2082089E7384887E725216846B6
:10A1100001702188418009A9F8F725FF050015D1B4
:10A120000AA905220231A01C0BF0FFFF0EE0062554
:10A130000CE02068002805D0884201D2102505E0F7
:10A1400001F01BFC24480025808BA080284665E791
:10A15000072063E720481330704710B520211E48C0
:10A160000CF040F80120FEF7EFFF1120FFF705F893
:10A1700000211948C943818000218176E1218900AD
:10A18000818301460C300D310446F7F751FC12482B
:10A190000722214613300BF0C8FFFFF70EF8002806
:10A1A00003D00B4912480CF03EF900F0D5FF10BD6A
:10A1B00010B504463C210CF015F8A07F8008800003
:10A1C000A077202020700020A0752034607010BD82
:10A1D000B49D00008C050000740A0020FFFF000001
:10A1E000012A000000800100280000200230000049
:10A1F000FB0600007047FEB50546FF480C4681424D
:10A2000007D301208004844205D3FC4800688442BF
:10A2100001D21020FEBD002D02D0012D32D126E04A
:10A22000F74908220F4668460BF07FFF3946204663
:10A23000FFF777F90028EDD1FEF7BFFF060006D043
:10A240000722694638460BF070FF3046FEBD207885
:10A25000002801D0012805D1E94807223946C01D50
:10A260000BF063FF0021092003F029F90FE00978C2
:10A27000002907D0012905D0022905D0032903D0E0
:10A28000E048FEBD0720FEBD0120FFF7E9F9DC48EC
:10A290000C3885760020FEBD10B5D8490968884283
:10A2A00001D2102093E7D64902460C390B7B0D31C1
:10A2B0001846FFF777F9002089E7FFB599B0054602
:10A2C000002069460871087208A9087408751446C8
:10A2D000CA480122C849920400681E46002D05D0D4
:10A2E0008D420BD3954201D3854207D3002C08D071
:10A2F0008C4203D3944204D3844202D210201DB076
:10A30000F0BD2846204318D01F270CAB01AA0097A8
:10A3100028461A99FFF79FF80028F0D10DAB02AA42
:10A32000314620460097FFF796F80028E7D16846A7
:10A33000007AC10703D00A20E1E70720DFE78007A2
:10A3400005D568460079800701D50B20D7E703AF14
:10A35000002D0FD01A20694608731A988873294671
:10A36000F81C1A9A0BF0E1FE0EA903A8F8F7FBFD02
:10A370000028C4D1002C0ED02021684601738673BA
:10A3800032462146F81C0BF0D0FE0EA903A8F8F7C0
:10A39000EAFD0028B3D19A4908A8007C0C3948701E
:10A3A0000020ACE770B504460A2020700D46204618
:10A3B000F8F7D9FD002805D139202070294620461C
:10A3C000F8F7D1FD70BDF7B500260C4605460B2702
:10A3D0001AE02968B00009580978002903D001293A
:10A3E00001D00720FEBDA170296806220958E01C93
:10A3F000491C0BF09AFE277020460299F8F7B3FD2E
:10A400000028EFD1761CF6B22879B042E1D80026B8
:10A410003A270FE0A868B10041581022A01C0BF0A9
:10A4200084FE277020460299F8F79DFD0028D9D1B7
:10A43000761CF6B2287BB042ECD80020FEBDF0B509
:10A44000044671A003C897B06B4B00271591149078
:10A450009C4211D369480125AD040268AC4201D386
:10A46000944209D32078012809D16168994203D325
:10A47000A94204D3914202D2102017B0F0BD604926
:10A480000C390A78012A0CD18A88614B9A4203D090
:10A49000002806D0012804D08A7F13079B0F06D11D
:10A4A00001E00820E9E7D30701D1910701D5112088
:10A4B000E3E7218A574B0A46203A9A4207D30128FC
:10A4C00075D1002973D1628A002A70D111E0022867
:10A4D00001D0032801D1A02969D3012809D0484A15
:10A4E0000C3A5278D20704D0628A002A5FD0B42A8C
:10A4F0005DD8002806D0012808D0022804D00328FF
:10A5000055D117E0002518E0022516E0002902D1F8
:10A51000608A00280CD004256068007800280CD0E0
:10A52000012809D0022807D0032805D03548A4E720
:10A530000125F1E7032500E00127207A002806D055
:10A54000012806D0022806D003287CD105E0002689
:10A5500004E0012602E0022600E00326002D01D0DF
:10A56000022D14D1002E12D0E068FEF722FF002841
:10A5700083D123480C384078800702D02148401E00
:10A580007BE7022D03D1022E5DD0032E5BD0182174
:10A5900068460170218A4180218A8180857118482E
:10A5A0000C38007B002803D001286FD104E04AE07A
:10A5B00000216846C17102E001206946C871684601
:10A5C000077221780930012937D006210BF00AFEE5
:10A5D00069460E74207D8207C107D20F4007C90F5C
:10A5E0005200C00F11438000014314A8405C69462B
:10A5F000C873002827D00FE0008001002800002049
:10A60000800A002002320000070605040302010050
:10A61000FFFF0000E13F000009A96846F8F7A3FC2E
:10A62000002884D109A96846FFF7BCFE0028A7D1FD
:10A63000002D0AD0022D08D010E061680622491CC6
:10A640000BF073FDC4E7072017E7002E06D009AA18
:10A650006946E068FFF7B7FE002891D11B206946E4
:10A6600008700120887009A96846F8F77CFC00286A
:10A6700086D108A840791B2819D12B000BF0C4FF04
:10A680000504040707040A00032001E00FE002208C
:10A69000FEF75AFD012D0CD0608A002809D0002257
:10A6A00083001146104602F065FE002801D0032009
:10A6B000E3E60020E1E6F3B5032687B00D46002966
:10A6C0000AD0FA4885426FD301208004854203D323
:10A6D000F7480068854267D30798FEF790FD0400AD
:10A6E00005D02078222804D2082009B0F0BDF14816
:10A6F000FBE7A07F8707BF0F002D05D0294638460E
:10A70000FEF722FE0600F0D139460027EA4801296B
:10A7100007D0022931D0E949E9480BF084FE3046E0
:10A72000E3E7A27D2946012A02D0827F920701D564
:10A730001120DAE700291BD108216A46049711820B
:10A740000592418904AADF48FAF7FDF80028CCD128
:10A750006846008A082801D00320C6E768460188B9
:10A7600001814188418181888181C188C18102A99B
:10A77000079801F061FF0646D1E7A17D022916D1B5
:10A78000807F800613D4002D04D0A07F40070CD416
:10A79000002100E00121079801F08FFF0600BED1E3
:10A7A000A775002DBBD004E01AE01126B7E7002DF5
:10A7B00016D02A4621460798FEF725FF064611289F
:10A7C000ADD1A07F4007AAD42046082229460E30EA
:10A7D0000BF0ABFCA07F04210843A07700269EE786
:10A7E000102082E770B50C460546FEF708FD010013
:10A7F00004D022462846FEF7E6FE70BDAD4870BD87
:10A8000000B50146143195B0192901D2810707D04E
:10A8100001461E3104D00A3102D0072015B000BD18
:10A82000312269460A70887009A96846F8F79BFBCF
:10A83000F4E701B582B00220694608809E4802AB69
:10A8400000896A460021F9F7E7FE6946098802296E
:10A8500000D003200EBD1CB50021009102216A46E4
:10A860001180934901900968884201D210201CBDD3
:10A87000914801899348FAF766F8694609880229E0
:10A88000F5D003201CBDF0B50E46884985B01746AB
:10A8900005468E4207D386480122920400689642FC
:10A8A00004D3864202D2102005B0F0BD1F2F01D97B
:10A8B0000C20F9E7804C8D4226D3954201D3854286
:10A8C00022D3E08803A9F9F758FE0028ECD12878B4
:10A8D00069464873E08803A9F9F730FE0028E3D100
:10A8E0006946009008780221084369460870497B50
:10A8F000090703D00821084369460870E0886946C3
:10A90000F9F7B5FD0028CFD169468F80E08833463E
:10A9100001AA0021F9F780FE69468988B942C3D0AF
:10A920000320C1E71CB50C4600210091019122884B
:10A9300069460A805E4901900968002801D0884272
:10A9400001D38C4201D210201CBD002801D0002A66
:10A9500009D059486A46C1885A48F9F7F4FF694650
:10A96000098821801CBD0C201CBD10B50123FEF7F9
:10A970004DFC2CE4002310B51A461946FEF746FCA0
:10A9800025E430B505464A4895B000680C4681423A
:10A9900002D2102015B030BD2846FEF730FC00284A
:10A9A00007D00178222902D3807F800603D40820B3
:10A9B000F0E74048EEE7132168460170458009A999
:10A9C000F8F7D1FA0028E5D108AA0A2151567F29C3
:10A9D00001D02170DEE70520DCE7F8B5012304464D
:10A9E0001A46194602F0C6F8074601231A46022104
:10A9F000204602F0BFF8064601231A4604212046ED
:10AA000002F0B8F8054601231A460321204602F059
:10AA1000B1F80446002F03D128492B480BF003FD61
:10AA2000002E04D1AD20254980000BF0FCFC002D48
:10AA300004D125482149801C0BF0F5FC002C04D1E1
:10AA400021481E49C01C0BF0EEFC22213846FEF7BF
:10AA50000EFC3846F8BD10B50446006800280CD03E
:10AA60001249884207D301218904884205D310493D
:10AA70000968884201D2102014E400F071FFA08818
:10AA80000D4CA083A07E01280DD10021092002F0E9
:10AA9000F0FC002800D00120A17C8909012915D0F3
:10AAA0000321FEF7DDFD002006E400000080010028
:10AAB0002800002002300000740A0020B49D00002D
:10AAC000C6090000FFFF0000B30200000221E8E712
:10AAD00030B5F74B9A4207D301239B049A4205D322
:10AAE000F44B1B689A4201D2102030BD1578EB065A
:10AAF0005B0F042B07D85478072C04D39378102BC2
:10AB000001D8A34201D2072030BDD3785B0702D41D
:10AB100013795B0701D5062030BDC37FAC075B0806
:10AB20005B00E40F2343C3770878EF2318401378C2
:10AB30009B06DB0F1B0118430870F12318401378A4
:10AB4000DB065B0F5B001843087050780873002029
:10AB500030BD30B500240C70C378DB07DB0F0B7001
:10AB6000C578AD07ED0F6D002B430B70C5786D07F1
:10AB7000ED0FAD002B430B7014700179C907C90F9D
:10AB8000117003799B07DB0F5B001943117000798B
:10AB90004007C00F80000143117030BD70B51446EE
:10ABA0000D460646F6F7C4FE002809D0A221017022
:10ABB000142221460830F6F707FBF6F79AFE70BD1F
:10ABC000132229463046FEF7FEFC70BD70B51446D0
:10ABD0000E460546F6F7ACFE002809D0222101708A
:10ABE00045802178017261784172F6F782FE70BD6E
:10ABF000132231462846FEF7E6FC70BD10B5AE4C78
:10AC0000207C00280CD1204621461038FDF762F840
:10AC1000002803D0A9A1F2200BF005FC012020742C
:10AC200010BD70B594B015460C462C226946189E8E
:10AC30000A704880002B17D00822194601A80BF093
:10AC400074FA68468581102231460E300BF06DFA99
:10AC500009A96846F8F787F9002803D1A17F1022D7
:10AC60001143A17714B070BD002001900290E8E775
:10AC7000F0B50646008A97B080B20D460190FEF707
:10AC8000BEFA04468C48317848380746E8370990C0
:10AC90000B000BF0B9FC0EFCFB48085F8798B8D995
:10ACA000FAF9F8F7F6FC002301221946019801F0A1
:10ACB00061FF050004D1FF2080A130300BF0B3FB11
:10ACC000002C04D1FF207DA131300BF0ACFB387E8D
:10ACD000C00904D078486030C06DA86112E02B2014
:10ACE000694608720BA902A8F8F73DF9002804D0BC
:10ACF000FF2072A13C300BF096FB74490C980BF0CE
:10AD00008EFAA9617068A862B068E862A07F8007C7
:10AD1000800F012820780DD0252804D0FF2067A1BE
:10AD20004D300BF080FB324621460198FFF736FF8D
:10AD300017B0F0BD2528F6D0222806D0242804D04C
:10AD4000FF205EA146300BF06EFB25212046FEF76A
:10AD50008EFAE8E7002301221946019801F00AFF64
:10AD6000060004D1FF2055A158300BF05CFB002CED
:10AD700004D1FF2051A159300BF055FB2078252834
:10AD800004D03078012108433070D1E702202870C8
:10AD9000B068A860B068002802D000202871C7E71A
:10ADA0000120FBE72B2069460870434968464C396F
:10ADB000F8F7D9F8002804D0FF2040A178300BF034
:10ADC00032FB03201BE02A206946087000A81022ED
:10ADD000023071680BF0A9F904A810220230B168A2
:10ADE0000BF0A3F9344968464C39F8F7BCF8002851
:10ADF00004D0FF2031A189300BF015FB042028700E
:10AE00000998686094E7B068002804D1FF202BA15E
:10AE100095300BF008FBE07F400704D5FF2027A109
:10AE200096300BF000FBB06806220A3800903379A8
:10AE30000421019801F0FBF90028A6D0FF201FA1F2
:10AE40009B300BF0F0FA73E7002C04D1FF201BA11C
:10AE5000A3300BF0E8FA2046223010220546716834
:10AE60000BF063F928212046FEF701FAA07F800746
:10AE7000800F022814D100231A462146009501981C
:10AE800006E04BE1BAE0B0E095E03FE071E05FE161
:10AE9000FFF7C7FE11281BD029212046FEF7E7F94E
:10AEA000E07F317A4007400FC9000843E0773FE771
:10AEB0000080010028000020400B00207372635CBA
:10AEC0006761705F7365632E6300000040420F008E
:10AED000A07F000704D5FF20FD49B0300BF0A3FA96
:10AEE000A07F08210843A0770020608620463430E8
:10AEF0000BF078F9E07FFD220146C9071040890F69
:10AF00000843E077307A2034207011E700230122D3
:10AF10001946019801F02EFE040004D1FF20EC49EF
:10AF2000CD300BF080FA2B2069460872E94902A85F
:10AF3000F8F719F8002804D0FF20E549D2300BF0CB
:10AF400072FAE4488188204621300176090A417668
:10AF50000E2129702146FC316960017E2974407EF2
:10AF60006874DC482C30A860103030346C61E860C4
:10AF7000DEE6002C04D1FF20D549E6300BF053FA71
:10AF80002078212893D93079012802D0022808D1CD
:10AF900003E0E07F04210843E077387E0121084385
:10AFA0003876324621460198FFF7F8FD23212046E6
:10AFB000FEF75DF9BCE601220421019801F01FFCB7
:10AFC0000028A2D0002301221946019801F0D2FDE9
:10AFD000040003D1BE49C0480BF025FA0F202870A9
:10AFE000172028716E34AC60A2E60421019801F0AC
:10AFF00056FC002889D11020287099E600230122F0
:10B000001946019801F0B6FD050004D18720B0492A
:10B0100080000BF008FA2E462036307E41064DD5D2
:10B02000A17F8F07BF0FC00713D029468031486F1B
:10B0300000280ED0027CF37DD207D20F5B001A43AA
:10B040000274486F5108E27F4900D207D20F1143C2
:10B050000174307E000713D52A468032116F002913
:10B060000ED0087CF37DC007C00F5B001843087446
:10B07000116FE27F40084000D207D20F10430874DE
:10B08000307E80070BD5F8204259002A07D0012FC7
:10B0900005D02946307C31311032FEF783FA307EFC
:10B0A000C0060BD5F8204259002A07D0012F05D140
:10B0B0002946307C31311032FEF774FA0523684698
:10B0C0000370357E4570834822216038019A0170F3
:10B0D0004178C908C900C91C417042800372457299
:10B0E000F6F78EFD2078252809D021280BD07A4844
:10B0F00077495B300BF097F92078222803D9222179
:10B100002046FEF7B4F80021019801F06BFD0028FD
:10B1100000D10DE670486E49633092E674686D4D5B
:10B1200020786035092802D00A28F2D10BE0E168C6
:10B13000002902D02846F7F7E8FE2169002902D04D
:10B140002846F7F7E2FE21462846F7F7DEFEEFE550
:10B1500061485F49883074E65E4810B504222821B2
:10B160006030F7F7B9FE5B480024EC30017E4906F9
:10B17000490E01764038C465FCF739FD55493C312C
:10B1800008461038F6F78BFC52484C30047410BD5A
:10B1900070B50D46FEF733F8040004D14E484C4913
:10B1A000A7300BF040F9FF21053128460BF01CF8C1
:10B1B000A07F8007800F01280CD00221284688300C
:10B1C000FCF716FD002804D043484149AC300BF091
:10B1D0002AF970BD0121F1E70A46014610B5104673
:10B1E0008830FCF71FFD10BD70B5054611200C46D8
:10B1F0000870002161702121495D002908D00329D0
:10B200000ED0042910D034483149C6300BF00BF968
:10B2100020780009012802D9E87FC008607070BD5D
:10B220000007000F203002E00007000F30302070D0
:10B23000EEE7F0B504464068082601789BB008297F
:10B240000DD00B2903D00C294BD1012181716068ED
:10B2500087883846FDF7D3FF05004CD147E0478883
:10B260003846FDF7CCFF050004D1172018494001EE
:10B270000BF0D9F82878212833D0282833D16068FA
:10B2800002210C3000F050FF00282CD0606808210B
:10B29000001D00F049FF002825D02D2168460170CF
:10B2A000478029461022223101A80AF03EFF0FA94B
:10B2B0006846F7F758FE002804D007480449EF30E5
:10B2C0000BF0B1F8A87F10210843A877292105E0E9
:10B2D000BCAE0000F40A0020030200002846FDF77F
:10B2E000C6FF1BB0F0BD607830436070F9E7FE49DF
:10B2F000FE480BF098F8A87FEF210840A87729783E
:10B3000021290FD061688A79002A02D08978002922
:10B3100012D08007800F022849D0F448F249343017
:10B320000BF081F8FEF7DEF90028DAD0EF48EE499D
:10B330003F300BF078F8D4E7607830436070E87FF6
:10B34000C00701D0042100E00321212041552878C5
:10B3500029280BD03946062002F0B1F82878242895
:10B36000E0D122212846FDF782FFDBE700230122FE
:10B370001946384601F0FEFB040004D1C920DA4921
:10B3800080000BF050F825212846FDF770FF0D20B6
:10B3900008A90871204609A98830FCF735FC022865
:10B3A000C0D00028BED0D148CF491D30B8E7607862
:10B3B00030436070B6E7F7B58AB015460646FDF72C
:10B3C0001EFF002841D0017822293ED323293CD0FA
:10B3D000C17F490739D4807F8007800F01280DD0B5
:10B3E000002301220021304601F0C4FB0746C0487B
:10B3F0000290F7F781FD040007D101E00123F0E797
:10B40000BA48B94959300BF00EF8002F1FD08837D1
:10B4100067610298F7F770FD07460298F7F76CFD31
:10B4200009212170266225710B99E760A1602061D6
:10B4300003A92046FCF70CFC022806D0002804D003
:10B44000AA48A94975300AF0EEFF0DB0F0BD002002
:10B4500007466061E4E730B5002387B00546012266
:10B46000194601F087FB04462846FDF7C8FE007820
:10B4700022281BD9002C04D19C489B4981300AF01A
:10B48000D2FF0F21684601701721017120466E30EE
:10B49000029069461A30FCF7B7FB022806D0002854
:10B4A00004D0E520904980000AF0BDFF07B030BD10
:10B4B00030B5002387B005460122194601F05AFB3A
:10B4C00004462846FDF79BFE00782228EED9002C82
:10B4D00004D18648844993300AF0A5FF10206946BC
:10B4E000087020468830FCF78FFB0028DED0E9206A
:10B4F0007D4980000AF097FFD8E7F7B50546007848
:10B500000027000982B00C463E4602287ED007285C
:10B5100002D00A284AD14AE068680178082907D091
:10B520000B2930D00C292ED070486F49D33060E100
:10B5300014271A26002C6AD04088A080FDF75FFEF1
:10B540000090002804D169486749AF300AF06BFFCA
:10B5500000980099C07DA21D1831FEF723F8686895
:10B5600008228089E081696820461030091D0AF0B0
:10B57000DCFD207E01210843F92108402076009857
:10B580004021807F47E018270826002CD3D08088F0
:10B59000A080FDF734FE050004D1F7205249800059
:10B5A0000AF041FFA11D2846FFF71EFE23E1002CF3
:10B5B00001D0288BA080287A01287DD0022804D0D1
:10B5C00003282FD048494B4813E11C270726002C9D
:10B5D000B1D0A088FDF713FE0090002804D1FD2013
:10B5E000414980000AF01FFF287B8007800F012857
:10B5F000A07914D040084000A071FD210840297BAB
:10B600004907C90F49000843A07101E0E3E0DFE00A
:10B6100000988021807F084300998877EBE0012122
:10B620000843E9E713270B26002C84D0A088FDF7F8
:10B63000E6FD00900023A0880122194601F09AFA45
:10B6400005460098002804D12A48274960380AF0A6
:10B65000EAFE002D04D181202349C0000AF0E3FE58
:10B660000098807F8007800F012859D0E86A817890
:10B670008907890F0129A17954D049084900A1718E
:10B680008278FD255207D20F294052001143A17143
:10B69000E322114002785207D20E1143A171DF223A
:10B6A00011404278D207920E1143A1710021E1713D
:10B6B000C1782172427900E037E00179607AD307DE
:10B6C00040084000DB0F18439307DB0F28405B0066
:10B6D00018435207FB23D20F1840920010436072A8
:10B6E000A07A4008400007E0BCAE00000E03000056
:10B6F000540B002067040000CA07D20F10438A07CA
:10B70000D20F2840520049071043C90F1840890042
:10B710000843A0720098007823286CD92621AFE056
:10B72000A86AA4E701221143A9E7297BFE48022960
:10B7300010D017270C26002C4AD0012911D003293C
:10B740001ED004291FD005291DD0F849F8480AF059
:10B750006AFE23E019270726002C4CD00121A17195
:10B7600005E00121A171E17989088900E171017E7B
:10B77000CA094906D201890E49000A4302760DE042
:10B780000220A07106E0687B0007000F8030A071E6
:10B79000052918D0E07980088000E071A088FDF7C5
:10B7A0002EFD05460078212825D0232804D0E04826
:10B7B000DE490C300AF037FEA088002101F012FAB1
:10B7C000222128465DE0E07980088000401CE4E703
:10B7D0000498068015E0002C01D06888A080287AA3
:10B7E000032828D004280FD005284DD0D048CF49B1
:10B7F00064300AF018FE0498002C068001D02780DF
:10B800006680002005B0F0BD15270C26002CDFD087
:10B810000023A0880122194601F0ACF9050004D1EB
:10B82000C348C2492A300AF0FEFD0622A11DA869BC
:10B8300009F0DCF9DFE716270726002CC8D0A0881E
:10B84000FDF7DDFC00900023A0880122194601F0DD
:10B8500091F905460098002801D0002D04D1B44884
:10B86000B24938300AF0DFFD2878C00601D5022041
:10B8700000E00120A071009800782328BBD927217F
:10B880000098FDF7F4FCB6E717270C26002C9FD094
:10B89000A088FDF7B4FC00906D7A002804D1A4487C
:10B8A000A2494B300AF0BFFD0621A01D0AF09AFC08
:10B8B0000020A071207A032108432072FB21084058
:10B8C0000099C97FC907490F08432072680692D5BD
:10B8D000E07904210843E071A07AE90740084000BC
:10B8E000C90F0843E17A2A0749084900D20F1143DA
:10B8F000FD22AB07DB0F10405B001843A072E80687
:10B90000C00F114040000143E17274E710B50446D6
:10B91000807990B08009012804D04D20834900012E
:10B920000AF081FDFFF76AF90120694608707E4838
:10B930000AA9A0380190201D0290601C0B90684657
:10B94000FCF786F9002804D07948784987300AF056
:10B950006AFD0322601C0B990AF0E7FB10B010BDD2
:10B9600010B5714CA03C002805D00146102220469D
:10B970000AF0DBFB0120207410BD10B50446FFF770
:10B980003DF969491022A03920460AF0CEFB10BDCE
:10B9900070B50025644C00281CD06649884207D346
:10B9A00001218904884205D363490968884201D28C
:10B9B00010250DE0062109F003F9411C07D05A4972
:10B9C0004039C865207E80210843207600E00725A5
:10B9D000284670BD207E4006400EF6E7F3B50020F5
:10B9E00089B00D46029000290AD0524885421CD3E6
:10B9F00001208004854203D34F480068854214D358
:10BA00000998FDF7FCFB060003D03078222815D1F9
:10BA100002E04A480BB0F0BD002D08D1B07FC1094B
:10BA200003D08007800F022801D01020F2E7B07FFA
:10BA3000C10601D4000703D5002D01D00820E9E795
:10BA40003948007EC00712D1F07F400701D50D2094
:10BA5000E0E7002201231146099801F08BF8070066
:10BA600005D0B07F8007800F022802D00BE01120A4
:10BA7000D0E7002D07D02A4639463046FFF728F890
:10BA800002900028C6D128488C38F7F735FA040010
:10BA900003D126492A480AF0C6FC0A2020700998DA
:10BAA000206238468830A060B07FFB218007800F7D
:10BAB000012829D0002D4CD002202071381DE060D3
:10BAC00038780007400F20743878C006C00F6074C3
:10BAD000A07C2A788008D2078000D20F1043A0747F
:10BAE0000840F17F01AAC907490F0843A074A8784C
:10BAF000E07469462846FFF72CF8684600792075FF
:10BB000068460078607528E001202071207B2A7843
:10BB10008008D2078000D20F104320730840297894
:10BB20008907C90F89000DE0E00B0020BCAE0000C2
:10BB300053040000008001002800002002300000B3
:10BB4000630500000843207324213046FDF78FFB76
:10BB50000BE0032020710520207325213046FDF7DE
:10BB600086FBB07F4006400EB07703A92046FCF765
:10BB70006FF8022805D0002803D0FD49FD480AF0DF
:10BB800052FC029846E7FFB581B00A9D06461C4666
:10BB90001746142128460AF027FB0B980021016064
:10BBA000F8070ED0F44920680968884239D312306A
:10BBB00028602068143068602068A8600B982168AD
:10BBC0000160B80726D56068002803D0EA490968F3
:10BBD000884226D3029900290AD0FC3600280ED0CC
:10BBE00031461030FDF79DFC00281BD1606810E045
:10BBF000002816D0E86080366068B0670AE0FEF77B
:10BC0000A9FA0146072230460AF08FFAFEF7F6FF3E
:10BC1000DA48E860780707D5D749A06809688842FC
:10BC200001D21020EEE528610020EBE5FFB5D44AF3
:10BC30000E4607CA97B002AB07C3002700970197CB
:10BC40001798FDF7DCFA050005D02878262804D0DF
:10BC500008201BB0F0BDCB48FBE700231A4619466D
:10BC6000179800F087FF040004D1C248C049803013
:10BC70000AF0D9FBA87F8007800F1690012814D006
:10BC8000022824D0BB48BA4999300AF0CCFB0121E4
:10BC90000022852E31D01EDC002E26D0812E26D00B
:10BCA000822E26D0832E1ED125E0002EEFD12146F4
:10BCB0002846199AFEF70CFF0028CAD119988078F7
:10BCC000009019980078C007C00F0190DFE719981D
:10BCD000002808D1DBE7862E11D0882E11D0892EBE
:10BCE00011D08A2E11D00720B3E710460EE0084687
:10BCF0000CE002200AE0032008E0052006E0062010
:10BD000004E0082002E0092000E00A20002222715D
:10BD100001216A461176211D0791002801D020716A
:10BD2000FAE0169801280CD0A66AE06A02220121E6
:10BD300010900020A0602846173002291AD0012157
:10BD400019E0E66AA06A1090032030702078FB2387
:10BD5000C006C00F7070B07801221840009BF370CD
:10BD60008008019B800018430221B0700020707190
:10BD70003071DEE70021890009190861681C022A78
:10BD800001D0012100E00021890009190861B07883
:10BD90008007800F01285ED1109880788007800F7F
:10BDA000012858D110980079844610984079009065
:10BDB000169801281DD0317908A801747179017590
:10BDC00008A8027C6046024008A8007D009908404F
:10BDD000139010433FD06C491A98884207D3012131
:10BDE0008904884215D364490968884211D2102019
:10BDF0002FE70CAA0DA91998FEF7ABFE08A8007C46
:10BE000061460840307108A8007D009908407071B3
:10BE1000D6E720463C3021460090F031169801913B
:10BE2000022834D000211A9B20460C33FFF7ABFECA
:10BE30000028DDD12046503021460090F43116987C
:10BE40000191012825D0002120461A9B139AFFF763
:10BE50009AFE0028CCD110988078400702D4E87F61
:10BE6000C0072BD0169902A8012914D0109909787F
:10BE70004900405A21780907490F4900C8408707FF
:10BE8000BF0F2AD0012F14D0022F0FD113E00121B0
:10BE9000C9E70121D8E721780907490F4900405A2D
:10BEA000109909784900C8408707BF0F032F04D0B5
:10BEB00004E0022711E001270FE00227169801286D
:10BEC0000BD1B078FB210840E97FC907490F08432F
:10BED000B07020780007400F3070207810224008A2
:10BEE000400020701099D2434978C907C90E114308
:10BEF00008402070C00623D4022F21D0012F21D06A
:10BF00000020A061E0612062606220461830A060DD
:10BF1000E87F40084000E877204606A98830FBF714
:10BF200073FE002806D0022804D06F2010490001BB
:10BF30000AF079FA25212846FDF799F9002088E6CC
:10BF4000032008E020460D211B300AF04BF9204663
:10BF50001830A060042069460875E87F0121084375
:10BF6000E87705AA29461798FEF730FED4E70000C7
:10BF7000BCAE00008E05000028000020400B002011
:10BF8000606701000230000000800100F0B587B05A
:10BF900015460E0004460DD06A48854207D301209D
:10BFA0008004854206D368480068854202D210208A
:10BFB00007B0F0BD2046FDF722F9070004D038781D
:10BFC000272803D00820F3E76048F1E700231A464A
:10BFD0001946204600F0CEFD040003D15C495D48BF
:10BFE0000AF021FA0020002E05D0022E08D0012EE2
:10BFF00011D00720DCE701216A461171A06018E02A
:10C00000234618336946A360087110222946184652
:10C010000AF08BF80DE021461831A16069460871DD
:10C02000A061E061206260620621284608F0C8FD38
:10C03000A0612078C10714D0400840002070022081
:10C04000694608702046183002907030FBF7DCFD1E
:10C05000022806D0002804D03E483D4923300AF08B
:10C06000E2F925213846FDF702F90020A0E770B576
:10C0700094B00D460646002B02D0072014B070BDC8
:10C08000FDF7BDF8040007D02078222802D3A07F56
:10C09000400603D40820F1E72C48EFE7002D19D023
:10C0A0002D216846017046801022294601A80AF019
:10C0B0003CF8E07F297C4008C9074000C90F0843CD
:10C0C000E077297C40078906400FC90EC900084364
:10C0D000E07703E02E2168460170468009A9684692
:10C0E000F6F741FF694609782D2905D1002803D1CB
:10C0F000A17F10221143A177A17FBF221140A17718
:10C10000BCE710B50C46FDF77AF8002805D00E49BB
:10C1100009688C4203D2102010BD0C4810BD214686
:10C12000FFF762F8002010BD05E00278401C002AED
:10C1300001D0002070470A46491E89B2002AF4D176
:10C14000012070470080010028000020023000001C
:10C15000BCAE00000F07000030B50346072903D02E
:10C160000820DA781C7916E00720FAE707290BD0B7
:10C170005500ED186D79072D01D0401EC0B2521C3C
:10C18000D2B20F2A07D105E05500ED186D79072DC1
:10C19000F3D0F4E700222546641EE4B2002DE5D179
:10C1A00030BDFFB581B00C461646114620460A9FA9
:10C1B0000B9DFFF7D1FF00280AD020790F2803D369
:10C1C000FEA1A0200AF02FF9A078C00907D019E03D
:10C1D000072E02D0112005B0F0BDFD48FBE7019805
:10C1E0002880381D6880002068712871EF800498CD
:10C1F00028812846F6F7DFFE002803D1EFA1AD2005
:10C200000AF011F9E07821794018491CC0B2217177
:10C210000F2801D30F38C0B2400000194671817950
:10C22000F12249084900114081710020D3E7FFB590
:10C2300083B01C4616460F4600231A4602210C9D69
:10C24000039800F097FC010008D033463A46019568
:10C2500000940398FFF7A5FF07B0F0BDDC48801EEF
:10C26000FAE7F0B5054616460F4650888DB0002314
:10C270000122022100F07EFC040003D1CFA1DF20C7
:10C280000AF0D1F8002069460871A078400603D171
:10C29000CAA1E3200AF0C7F8042F5ED32A78D0079A
:10C2A000C017401C06D161786B78994255D121782E
:10C2B000090752D00121142A46DA012A42D0122A53
:10C2C00002D0132A40D128E00C2F3DD1A27852068B
:10C2D000520E012A38D0207800090001401C20703D
:10C2E000687860706846017168792A7901021143A3
:10C2F00068460181E879AA790102114368464181C3
:10C30000687A2A7A0102114368468181E87AAA7A1A
:10C31000010211436846C1811AE0062F14D120782A
:10C320000009000120707188012001F0C8F8022185
:10C3300068460171C91E018168792A790102114399
:10C3400068461FE0062F0AD06A461279002A1BD0E1
:10C350007088324601A9FDF77AFD0DB0F0BD207856
:10C360000009000120707188012001F0A8F8022165
:10C370006846017168792A79010211436846018192
:10C380000021C9434181E3E70028E6D0748868466C
:10C3900081766978C176022181830021C18304A856
:10C3A00005220090062311462046FFF740FF002893
:10C3B000D3D088A1D6200AF036F8CEE7F7B58CB0F6
:10C3C00015460C990D98F9F7CEF9C0B2082851D14D
:10C3D000002069468885688800230122022100F038
:10C3E000C9FB040004D1FF2074A163300AF01BF8DC
:10C3F00001230021E07822790BE046003619767996
:10C400009E4201D1491CC9B2401CC0B20F2800D1C4
:10C4100000201646521ED2B2002EEED1002902D1C3
:10C4200017206946888504AB02330BAA00950C9946
:10C430000D98F7F73BFC0006000E07D002281BD032
:10C44000032817D0FF205DA1893011E06846808D58
:10C4500000280FD002A901910090688804230122CE
:10C460002146FFF79EFE002804D0FF2053A176301E
:10C4700009F0D9FF0FB0F0BD68781021084368704B
:10C48000F8E70020584902464300401CCA520828D9
:10C49000FAD3704700218170017809090901017000
:10C4A00000214170C1700171704770B50D460023C5
:10C4B0000122022100F05EFB040004D1FF203FA115
:10C4C000CF3009F0B0FFA0786906C009C001490E5D
:10C4D0000843A07070BD704710B50146012000F000
:10C4E000EEFF10BD3EB58DB2002301220221284689
:10C4F00000F040FB040004D1FF2030A1E43009F03B
:10C5000092FF20786946000900012070022008701F
:10C5100036488880C88000222846FDF798FC3EBD3A
:10C52000F7B505460078002700090C463E4601286D
:10C5300004D0FF2021A1F33009F075FF287A0328E9
:10C540000CD041201DA1C00009F06DFF0298002C05
:10C55000068001D0278066800020FEBDEA89702712
:10C5600010460A3086B2002C0AD06888A080A889BC
:10C570002081E28020460A30296909F0D6FDE5E7EE
:10C5800002980680E8E7F8B543680246D9799C79B5
:10C59000090221435C7A1E7A25025C88981D354386
:10C5A000241FA14238D11B79022B35D1042D34D060
:10C5B000052D3DD0062D34D0402D19E07372635CFB
:10C5C0006C326361705F636F72652E630000000000
:10C5D000043000007372635C6C326361705F636F80
:10C5E00072652E6300000000000C0020FFFF0000B9
:10C5F00012D3061D0F461446284600F0E9F9082814
:10C600000AD01120207003202072A581E7812661C5
:10C610006078082108436070F8BD001DFFF7CEFE6A
:10C62000F8BD031D50880A461946FEF7C4FEF8BD42
:10C63000001DFFF716FEF8BD70B50D4600238CB047
:10C6400006461A46022100F095FA040031D02078FF
:10C650000007000F01282ED01220694688746078E8
:10C660000523801CC874082088822888C8826888AE
:10C670000883A8884883E888888302A90C20019150
:10C6800000901A4621463046FFF78BFD00280ED158
:10C69000F02300223146012000F06CFE20780009D2
:10C6A0000001401C20706078801C607000200CB07D
:10C6B00070BDCD48FBE71120F9E770B50D460023AA
:10C6C0008CB006461A46022100F054FA040006D047
:10C6D00020780007000F012803D00820E7E7C248B0
:10C6E000E5E71321684681746178C1740221818273
:10C6F000C58202A906200523019100901A46214611
:10C700003046FFF74EFD0028D1D120780009000106
:10C7100020700020CBE7F3B581B00D460023012245
:10C720000221019800F026FA00260446002803D1D1
:10C73000AE49AF4809F077FE2079A8423BD2AC4819
:10C74000AA49401C09F06FFE35E0E07841000F195E
:10C75000401C7979C0B20091E0700F2801D100200F
:10C76000E0702079401E2071B879C00708D0009889
:10C770000199042815D09D498220183109F053FEF3
:10C78000B8790007410F08D0400F019904280CD058
:10C7900096498F20183109F046FE009807280AD1E3
:10C7A00007E00846FEF784FEEAE70846FEF753FE78
:10C7B000F3E7761CF6B228466D1EEDB20028C4D110
:10C7C0003046FEBD10B500230122022100F0D2F94F
:10C7D000040004D1B5208549800009F024FEE078EA
:10C7E00021794018C0B2E0700F2801D30F38E070F3
:10C7F00000202071A07880210843A07010BDF8B5FA
:10C8000017460D4600231A46022100F0B3F9040032
:10C8100005D0002D0CD0002F07D0062006E0072DF4
:10C8200001D00820F8BD0720F8BD0820A84204D890
:10C830006F486E49423009F0F6FD29462046FFF761
:10C840008BFC0646002F28D0002E26D1E0782179D7
:10C850001CE0420012195379072B03D093791B0770
:10C860005B0F04D0401CC0B20F280CD00CE040007D
:10C8700000198079F12318406B071B0F1843907142
:10C8800000290AD104E00020491EC9B20029E0D1E4
:10C89000574856495A3009F0C6FD3046F8BDF8B53C
:10C8A0000D4600231A46022100F064F9040004D169
:10C8B0004F484E49683009F0B6FD681E052804D37C
:10C8C0004B484A49693009F0AEFD0F21E2782079E2
:10C8D000002310E0560036197779AF4206D1B179BE
:10C8E00049084900B1715B1CDBB21146521CD2B23F
:10C8F0000F2A00D100220646401EC0B2002EE9D108
:10C900000F2905D248000019817901221143817154
:10C910001846F8BD10B50446402801D2072010BDC6
:10C9200000F056F8082802D03120000210BD002186
:10C93000304802E0491C082903D24A00825A002AE2
:10C94000F8D1082903D049004452002010BD04202A
:10C9500010BD10B5402801D2072010BD00F038F8F6
:10C96000082805D00021234A40001152084610BD76
:10C97000052010BDF0B58BB016460C00074607D059
:10C98000002E05D06188402904D207200BB0F0BDED
:10C990001020FBE72088002801D0172801D90C209F
:10C9A000F4E7084600F014F808280FD0258803A8FB
:10C9B0002A463146023009F0B8FB01A8009062888F
:10C9C0002B4607213846FFF732FCDFE70520DDE77D
:10C9D00001460020074A02E0401C082803D2430019
:10C9E000D35A8B42F8D1704702300000BCC500001A
:10C9F000AD020000000C0020F8B50546E54C079E8E
:10CA0000069821706270A370E6702071681C42085D
:10CA10005200E14B0021880000198446C261605C2D
:10CA200040008218002D0AD0002005E0664647002D
:10CA3000F669401CF353C0B2665C8642F6D8491CC6
:10CA4000C9B20529E7D30026D21C9708B000BF0061
:10CA500000198760304600F042F9A15D761C48431A
:10CA6000C219F6B2052EEFD3501B80B2F8BDF0B557
:10CA70000546C84F8C460020FF247E5DA9009646DF
:10CA80000346CF190CE0F9695A008A5AC2498A4212
:10CA900004D1401CC0B2FF2C00D11C465B1CDBB291
:10CAA0009E42F0D86146002909D100280BD0002D04
:10CAB00007D0B84949788E4203D2401EC0B2002840
:10CAC00001D071460C70F0BD70B5B24C8D000023E2
:10CAD0002D19615C09E0EC695E00A45B844202D11F
:10CAE0001370012070BD5B1CDBB29942F3D80020AB
:10CAF00070BDFEB51C4617460D46060008D0002D39
:10CB000006D0F01C80088000B04203D01020FEBD8B
:10CB10000E20FEBD002F03D0002C01D0A74201D96A
:10CB20000720FEBD0094234622463946002001948A
:10CB3000FFF762FF2988814207D0814201D2042198
:10CB400000E0092128800846FEBD009423462246C5
:10CB5000394630460194FFF74FFF28800020FEBD84
:10CB600010B5044600F0C5F8002801D0E0B210BDB1
:10CB7000FF2010BDFFB50546874881B01E460C4614
:10CB8000854204D0052C02D20398022802D300204B
:10CB900005B0F0BD002769460F7028466A46214659
:10CBA000FFF792FF00280ED068460178204600F07B
:10CBB000A8F8002EECD00028EAD1284600F099F819
:10CBC000002809D103E03846002EF6D1E0E7FF2027
:10CBD00072A15C3009F027FC21462846039A00F038
:10CBE0009CF8D5E7F8B505460C4600206A4E694624
:10CBF0006E4F0870B5423BD0052C01D30720F8BD1D
:10CC00000A4621462846FFF75FFF002830D06846D5
:10CC10000178204600F075F8230009F0F5FC0504C2
:10CC2000090C11161B0001462846FEF7D5FA15E03F
:10CC3000FDF7E0FA12E001462846FFF74CFC0DE054
:10CC400001462846F6F7B5FF08E001462846F8F702
:10CC500012FC03E056A17B2009F0E5FB4D4A684633
:10CC6000A10000788918C96940000E520020F8BD63
:10CC70003846F8BD524A1268914201D210207047DE
:10CC8000052801D3072070470872002048727047BA
:10CC9000F8B504464A480068844201D21020F8BD25
:10CCA000207A3C4A83009B18617A3B4D125C11E06C
:10CCB000DE694F00F65BAE420AD04A1C6272DA6946
:10CCC0004B00D25A228000F01CF860600020F8BDB2
:10CCD000491CC9B28A42EBD861720520F8BD0EB575
:10CCE000384B40000ECB0091029301926946085ADE
:10CCF0000EBD28494978814201D9012070470020A2
:10CD0000704770B50C460546FFF7E9FF214AA900B8
:10CD1000891889686043401870BDF8B50C4606460E
:10CD200000206946134608706A4619462046FFF7F8
:10CD30009EFE002500282BD0164A6846A1000078E8
:10CD40008918C96940000E52684601782046FFF7ED
:10CD5000D8FF0546230009F057FC0504090C0F1401
:10CD6000170029463046FEF713FA11E0FDF720FAC6
:10CD70000EE0FFF78FFB0BE029463046F6F7E0FEAA
:10CD800006E0F8F771FB03E009A1622009F04BFB14
:10CD90002846F8BD100C0020FFFF00007372635C92
:10CDA000686F73745F636D2E6300000002300000D3
:10CDB0007372635C686F73745F636D2E6300000051
:10CDC000280000206C67010010B5014620220948A8
:10CDD00009F0ABF907490020C877084610BD06499D
:10CDE000012048610548064A0168914201D10021AD
:10CDF00001607047400C00200005004078000020D2
:10CE0000BEBAFECA8107C90E002808DA0007000F63
:10CE100008388008C24A80008018C06904E0800891
:10CE2000C04A800080180068C8400006800F704724
:10CE3000BD4948788978884201D3401A02E021220E
:10CE4000511A0818C0B27047B74923314878897819
:10CE5000884201D3401A02E02122511A0818C0B2B8
:10CE60007047B149463148788978884201D3401AE1
:10CE700002E02122511A0818C0B27047A94910B522
:10CE80000C310868FF22120290430122D2031043A2
:10CE90000860A54900202331487088702339487004
:10CEA0008870463148708870A04808F0C8F89F48DC
:10CEB000401C08F0C4F8F5F741FC00F028F910BD5B
:10CEC00020207047B4E770B50C4605460026FFF7F2
:10CED000AFFF9549A04214D30A46203A00232046CA
:10CEE000641EE4B200280BD08878105C2870887823
:10CEF0006D1C401CC0B288702128F0D18B70EEE709
:10CF0000012600F004F9304670BD202070479BE7F1
:10CF100070B50C4605460026FFF796FF824923317F
:10CF2000A04214D30A46203A00232046641EE4B2ED
:10CF300000280BD08878105C287088786D1C401C05
:10CF4000C0B288702128F0D18B70EEE7012600F086
:10CF5000DEF8304670BD202101700020704710B50A
:10CF60000446FFF77EFF2070002010BD70B50C4610
:10CF70000546FFF776FF6C494631A04215D30A46B5
:10CF8000203A00232046641EE4B200280BD08878A3
:10CF9000105C287088786D1C401CC0B288702128F5
:10CFA000F0D18B70EEE7002400E0614C00F0AFF8A8
:10CFB000204670BD70B50C460546212904D9FF20D6
:10CFC0005CA1473009F02FFA55484068103840B24C
:10CFD000FFF718FFC6B20D20FFF714FFC0B286425C
:10CFE00007D2FF2053A14D3009F01DFA01E0F5F7FB
:10CFF000E8FB21462846FFF766FF0028F7D070BD02
:10D00000F8B507464948484C401E474E007825462B
:10D0100046362335002806D1A9786878212200F009
:10D020006BF800280ED0A1786078212200F064F817
:10D03000002814D0B1787078212200F05DF8002823
:10D0400028D033E038496878C91C0F546878401CF0
:10D05000C0B26870212829D10020687026E03249CA
:10D06000607820390F546078401CC0B2607021286D
:10D0700001D1002060702D4F7F1E3878002815D018
:10D08000A1786078212200F037F800280ED0002027
:10D0900038700BE02449707826310F547078401CAA
:10D0A000C0B27070212801D100207070A978687812
:10D0B000212200F021F800281DD0A17860782122DB
:10D0C00000F01AF8002816D0B1787078212200F00C
:10D0D00013F800280FD0F5F756FB144807F0B7FFF8
:10D0E00001214903884203D016A1C12009F09BF910
:10D0F0000E4807F0C4FFF8BD401C884205D090429E
:10D1000001D1002901D0002070470120704710B5DF
:10D11000064807F09CFF002801D1F5F723FB10BD5E
:10D1200000ED00E000E400E0800C00207D00002025
:10D13000072000007372635C736F635F72616E64DB
:10D140002E6300007372635C736F635F72616E6461
:10D150002E6300000C4908784A78401CC0B2904207
:10D1600000D008707047094A074820BF40BF20BF61
:10D170004178037843701368002B02D103788B4207
:10D18000F3D00020704700007F00002000E200E0A4
:10D19000FEB5F34C07466068FF213E0181552178BA
:10D1A000FF2913D00901083141583246491E08327F
:10D1B00009020192090A805800F0C8F9002802D03B
:10D1C0002478254615E06168207888552770FEBDD3
:10D1D000E34842680198115828010090083010581F
:10D1E00000F0B4F9002806D1DD482C4641680098CB
:10D1F0000D5CFF2DECD1DA4821014068855547547C
:10D20000FEBD70B5D64A04460020157A53680AE080
:10D210000201561C9E5DA64203D10C329A588A42E6
:10D2200004D0401CC0B28542F2D8FF2070BDF8B5D2
:10D23000CB4F3E7801F013FE0146FF2E68D034013B
:10D24000254678680835405900F080F9022802D94F
:10D25000786840595AE0C2494868025D0A70A11CCA
:10D26000425C002A0CD0521E425441590122D20580
:10D2700089180902090A41513046FFF789FF30E059
:10D28000631CC25C0092221D94468258002A10D072
:10D2900001239B029A420FD99205920D43595703DD
:10D2A000DB191B021B0A43516346C3589A1A920AA0
:10D2B00009E0FF21C1540AE0435952039A181202AF
:10D2C000120A4251002242543046FFF761FFA4483F
:10D2D0000C344168C26800980959800012580098BF
:10D2E00090479F4C2078FF2812D001F0B8FD0146EE
:10D2F0002078626800010830105800F027F90128F2
:10D3000096D92078616800010830085801F09AFD2C
:10D31000F8BDF8B51C4615460E460746FF2B03D34D
:10D3200090A1D32009F07FF88D48FF21C7604560A8
:10D3300004720674017000224270104604E002017B
:10D34000521C401CA954C0B2A042F8D3F8BD70B51D
:10D35000834C06466578207C854203D381A1E62074
:10D3600009F061F8E068A90046506078401C6070E0
:10D37000284670BDFFB581B01D46FF2401F06FFD4A
:10D38000774F064679780198814203D875A1F42039
:10D3900009F049F872480021037A406810E00A0158
:10D3A0009446521C825CFF2A24D0019FBA4205D1C8
:10D3B00062460C328758029A97421DD0491CC9B266
:10D3C0008B42ECD8FF2C17D021014B1C019AC25480
:10D3D0000B33029AC250039B614F0022012B0ED0E7
:10D3E0000B1DC25001239B029D4216D9AA05920D26
:10D3F00008D008E00C46E1E7FF2005B0F0BD0B1DAA
:10D40000C550EFE71A4653039B190E461B02083618
:10D410001B0AAA1A8351920A09E0002D00D10125A6
:10D420006B039B191D022D0A0B460833C550891C3E
:10D4300042543D463E782046FFF7AAFE2878B04287
:10D4400015D001F00CFD014628786A68000108300B
:10D45000105800F07BF8012807D928786968000186
:10D460000830085801F0EEFC01E0FFF7E0FE0198FB
:10D47000C3E770B50C46054601F0F1FC06462146AF
:10D480002846FFF7BEFEFF2817D0354D0401204681
:10D49000696808300858314600F058F8012109033E
:10D4A00040186968A41C095D400B002901D089025D
:10D4B0000818002800D1012070BD002070BDF3B510
:10D4C00081B00F460198FFF79CFEFF282AD0244D1B
:10D4D0002E7869683246344604E0844205D02646F8
:10D4E0002301CC5CFF2CF8D11CE0FF2C1AD0A64203
:10D4F0001FD11001085C2870FF2818D001F0AFFC84
:10D500002A780146120168680832805800F01EF837
:10D51000012809D92878696800010830085801F005
:10D5200091FC06E00020FEBDFFF781FE01E001F066
:10D5300091FC39460198FFF79CFF22016968FF239F
:10D54000541C0B558A5C3301CA54FEBD401A0002BC
:10D550000121000AC905884200D900207047000057
:10D56000CC0C00207372635C736F635F74696D65CC
:10D57000722E6300F0B500241C4A01211C4B0803E5
:10D58000546018601B4B1C601B4C20601B480469D6
:10D59000E443E406E617046910252C430461184CA3
:10D5A0006160184D2960761C00E020BF1F68002FC5
:10D5B000FBD0002E03D107691026B743076190689E
:10D5C0008005906801D5104A10436960A160002170
:10D5D00019600121084A09031160F0BD10B5044625
:10D5E000FFF7C8FF2060002010BD000000C500400C
:10D5F00080E100E000C1004080E200E000ED00E0DA
:10D6000000C3004000C0004000FCFFFF70B51F4990
:10D610000A68002A17D000231D4601244A68521CBC
:10D620004A60092A00D34D600E792246B2400E6846
:10D6300016420AD072B60B6893430B6062B6496813
:10D640000160002070BD052070BD5B1C092BE5D377
:10D650000FA1362008F0E7FEF5E70120104980050C
:10D6600008607047EFF31081CA07D20F72B601212C
:10D6700081400648036819430160002A00D162B660
:10D68000EBE7024800210160416070478400002000
:10D690007372635C736F635F6576742E6300000062
:10D6A00000E200E001208107086070470120810747
:10D6B000486070471048C068C00700D0012070471C
:10D6C0000D488068C00700D0012070470A484069B3
:10D6D000C00700D0012070470748C069704706495D
:10D6E0008A69D20306D589698907890F814201D1E8
:10D6F000012070470020704700040040F8B5F84C46
:10D70000207BE17A88421CD00126F64D0027E07A82
:10D71000215C14200A4642435019037C052B11D08A
:10D72000037C062B1CD0037C072B28D0437C012BC9
:10D7300033D0EDA1EF4808F076FE207BE17A8842F5
:10D74000E5D1F8BD0674E07A0A2807D0E07A401CDB
:10D75000E072491CC8B2AA5802210CE00020F7E789
:10D760000674E07A0A2808D0E07A401CE072491C6E
:10D77000C8B2AA5803219047DFE70020F6E70674F5
:10D78000E07A0A2807D0E07A401CE072491CC8B24F
:10D79000AA580821EFE70020F7E74774E07A0A2843
:10D7A00007D0E07A401CE072491CC8B2AA58072191
:10D7B000E1E70020F7E770B50024CF4E0620707235
:10D7C000CE4825464477047738300473C472CC4879
:10D7D00007F035FCCB480575F572CB49601E8860B3
:10D7E0007571B570F57035717570C848643905701C
:10D7F00045701420604340180574641CE4B2052C85
:10D80000F7D30120F5F764F80020F5F761F801205F
:10D81000B071F4F727FDBE48F4F736FDBD4C20701B
:10D82000BD48F4F731FD6070F4F7F2FF70BD10B53C
:10D83000F5F719F8B74C2078F4F744FD6078F4F761
:10D8400041FDAD4C207A002803D0F4F7CAFD00203A
:10D85000207210BD70B5A84CA079002804D0A2A1F8
:10D86000AE4808F0E0FD70BDE07A002803D19EA12B
:10D87000AB4808F0D8FD0126A6710025E572607A54
:10D88000042114225043974A801801749E488168ED
:10D89000491C04D0691E81600120F5F719F80020A9
:10D8A000F5F716F8F4F7FAFF07F00AFDF5F7FBF8BD
:10D8B0009C480560056001209B49C0030860F5F79E
:10D8C00071F992480078022804D0032804D1E07846
:10D8D000002801D0A67000E0A570F5F7D0F870BD63
:10D8E000034680490520142242435218203A127FF1
:10D8F000002A04D0401E0006000EF4D17047142206
:10D90000424351180A46803AD366012220390A77E9
:10D910007047012805D0032805D1002903D1002034
:10D9200070470029FBD010B4734C00236370774A12
:10D93000002890700CD002280AD007291AD20800BB
:10D9400078440079001887441505070D0F1113005E
:10D95000D37003E01B2000E03A20D07001206070FB
:10D9600010BC70475820F8E77720F6E79620F4E7D8
:10D97000B520F2E710BC0020704710B5634840782E
:10D98000F5F798F880B210BD411E1422504310B52F
:10D99000544A8418203C042902D8207F002803D14F
:10D9A00051A1624808F03FFD207F012804D0B32038
:10D9B0004DA1800008F037FD0020207710BD70B524
:10D9C0004E4C607F217F884201D1012500E0002577
:10D9D000F5F709F8F5F76EF8617F227F914201D1E2
:10D9E000012100E00021A942EBD170BDF7B5074647
:10D9F000481E84468EB0C0B2142205905043394A66
:10DA000085180495287C2D1D07282AD1344C002622
:10DA1000E07A227B824221D0235C059A934201D195
:10DA2000012601E0002E04D00A2811D0421CA25C7D
:10DA300022540A280ED0401C227BC0B28242EBD175
:10DA4000002E0BD0207B002806D0207B401E04E057
:10DA50000022ECE70020EFE70A202073049A01205F
:10DA600010746046244C042813D8142041431D48E8
:10DA700008182038007F00280BD00498007C01286B
:10DA80000BD00498007C012803D01098807A0128DC
:10DA900007D015A1264808F0C6FC1098807A012806
:10DAA0006FD104980F4B007C022845D00C4C207B92
:10DAB0000A2872D0207BE17A401C884203D10AA157
:10DAC0001C4808F0B0FC049901204874217B05989B
:10DAD0006054207B0A2864D0207B401C20731CE10A
:10DAE000D80D0020E80D00207372635C72656D2E06
:10DAF00063000000CF0500006C0E0020A00D002088
:10DB0000780E0020C00D00204C0E00208E0000205A
:10DB10002FD200008C000020FDD600007D02000006
:10DB20005E02000000F5004080E200E0CB02000051
:10DB30001503000022030000607A059A0146904216
:10DB400006D0014614267043C018807C9042F8D15C
:10DB5000627A824208D1617A14225143C918897CC1
:10DB600061720121A17207E014224243D2181426E7
:10DB70007143927CC9188A74142206215043C0183C
:10DB800081741098007A062819D201007944097925
:10DB900049188F440812100E0C0AE07A00288ED023
:10DBA00091E700209AE700200FE0B4200DE07320F9
:10DBB0000BE0322009E00A2007E0062005E0FF2004
:10DBC000FDA1E03008F02FFC0020029010980168C1
:10DBD0000298081A28601099097A002912D00221A7
:10DBE000401A0102090A296010980268406810185A
:10DBF0000002000A68601098807A0228109803D00A
:10DC0000007B74E00421EBE7007A002813D00222A5
:10DC1000029810188446109842686046083016181A
:10DC2000E848029A4078904202D9E278002A04D06B
:10DC30003046083005E00422EAE7029A801A80198B
:10DC40000830627A062A1CD0627A14235A43DE4BCB
:10DC5000D2185268914214D0DC4B0793617A142297
:10DC60005143D94A89184A688968D21BC91B1202D4
:10DC70000902120A090A90423AD89A4238D89942BF
:10DC800036D83818801B0002000A286010996044BA
:10DC9000CF4AC9680002000A9446421A01239B0534
:10DCA00007929A4201D2104614E00A1A09929A4247
:10DCB00001D207980EE0079A6346624503D9591AC4
:10DCC0000818401C06E0099A624506D9181A40183F
:10DCD000401C4042002860DC03E0B7A1BD4808F0CA
:10DCE000A2FB286880190002000A686000202872E0
:10DCF0006868082608300002000A68601098407AB8
:10DD0000A8721098007A687203280ED200280CD0EE
:10DD1000FFF7D0FC002803D007E0002011B0F0BDD1
:10DD200002983A210E1A32200290A6480178012961
:10DD300001D0032909D141780298814205D9E078C0
:10DD4000002802D10298081A861928689F4AC01B29
:10DD5000844601026868090AC01B03021B0A029379
:10DD60008E421AD81346914217D80299994214D874
:10DD7000617A062915D0667A6146062203920092DE
:10DD80001422914B7243D2189368DB1B8B4216D836
:10DD90000396967C062EF3D177E0059801F055F9AD
:10DDA000BBE70499022205980A74627A062A00D019
:10DDB000627A8A7460720120A07211B0F0BD062EE2
:10DDC00063D000223146944614227F4B4A43D21836
:10DDD0005368DB1B834229D2917BAB7A99421FD8CF
:10DDE00004980521059C01747B4D287B0A2811D0DD
:10DDF000287BE97A401C884203D16FA1774808F05C
:10DE000012FB287B2C54287B0A2807D0287B401C37
:10DE1000287382E7E87A0028EFD0F2E70020F7E7DE
:10DE200001218C46917C0629CED102E06046002873
:10DE30002AD03546009114202A46424362480621E2
:10DE4000171839741038007B0A28634816D0017BF4
:10DE5000C07A491C814203D157A1614808F0E3FA16
:10DE60005D48017B4554017B0A290BD0017B491C8D
:10DE70000173BD7C0098A842DDD106E0C07A00287D
:10DE8000EAD0EDE70021F3E70096049902204E4D19
:10DE90000874607AB04207D1049900988874059894
:10DEA00060720120A07221E00398062E0FD0062890
:10DEB00003D141A14B4808F0B6FA0398142250430D
:10DEC0004019059981740499009888740EE0062819
:10DED00003D139A1444808F0A6FA0398142250430C
:10DEE000401905998174049906208874012011B0A5
:10DEF000F0BD70B50D463D4A441900210B46101A7D
:10DF00008B4103D22CA13A4808F08DFA394885425A
:10DF100003DD29A1384808F086FA3848854203DA3B
:10DF200025A1374808F07FFA3648844205DA002CEC
:10DF300001DB204670BD334800E03348201870BD37
:10DF4000401E70B5C0B2142148431F494418607B7D
:10DF5000062813D201007944097949188F44020C2C
:10DF60000A080604002068E0B42010E073200EE0E8
:10DF700032200CE00A200AE0062008E0FF200EA173
:10DF8000E03008F050FA617B0020002955D00221D2
:10DF90004018616840180002000AF4F78BFD0C2558
:10DFA0006557124A441900210B46101A8B412FD293
:10DFB00001A10F482AE000007372635C72656D2E48
:10DFC000630000008E000020E80D0020FFFF3F00EE
:10DFD000FFFFFF000E070000D80D00200702000021
:10DFE000C5030000DD030000E3030000FF7F841E83
:10DFF000F50300000020A107F603000000E05EF832
:10E00000F70300000080841E00807BE108F00BFA1B
:10E01000FB48854203DDFB49FB4808F004FAFB4856
:10E02000854203DAF749FA4808F0FDF9F9488442D5
:10E0300007DA002C03DB204670BD0421A8E7F54871
:10E0400000E0F548201870BDF0B5064683B0F348EF
:10E050000190457A029534687068001B0702F04809
:10E060003F0A001B0090062D2DD014202946414365
:10E07000EC480122081884464168E9489205864622
:10E08000081B904210D3631A93420DD30246704688
:10E09000724503D900984018401C05E073450ED91D
:10E0A000411A0819401C404200280CDA60460295CB
:10E0B000857C0198C0790028D5D003B0F0BDD14946
:10E0C000D94808F0B0F90298854226D01421484377
:10E0D000D4490123401802908068D1499B058C46A1
:10E0E000011B8646994210D3221A9A420DD36346E9
:10E0F000614503D900997144491C06E019466245FF
:10E100002DD9091A0819401C4142002905DD029841
:10E11000B17A807B814200D37446062D15D0C14967
:10E120001420454368184268121B1202120ABA42B0
:10E130000BD2B37A827B934200D38468857C0198AA
:10E14000C0790028B9D1062DEAD13068A042B4D0F8
:10E15000E0190002000A3460706003B0F0BDA94904
:10E16000B14808F060F9D8E7F0B5B049044648680E
:10E1700085B0C005C00D1CD0103840B200280CDAA4
:10E180000207120F083A920892005118C9698007D5
:10E19000C00EC1400806800F09E08108A44A89002A
:10E1A000891809688007C00EC1400806800F002842
:10E1B00008D000272078002806D0012804D00020AD
:10E1C00005B0F0BD0127F5E72079062813D201003C
:10E1D0007944097949188F44020C0A080604002082
:10E1E00018E0B42010E073200EE032200CE00A208A
:10E1F0000AE0062008E0FF208249E03008F013F929
:10E2000021790020002905D002214618834D002FD6
:10E2100002D003E00421F8E70020E871694602AA71
:10E22000A068F4F751FC694608228A56E06801A903
:10E2300080180122C01C1F2801DA019209E003AAFC
:10E24000F4F742FC6846007B002802D00198401C8D
:10E25000019000990198401808300002000A0190CE
:10E26000881B0002000A0090607969468872009855
:10E270000390F4F7B8FB009A019B121A181A6D4923
:10E2800012020002120A000A8A4216D8884214D8E2
:10E290006846FFF7D9FE00990398814205D0881996
:10E2A0000002000AF4F706FCA0600120E9790029C9
:10E2B00086D0002FB0D005B0F0BD0020F6E7F3B552
:10E2C0008FB05D480C460B9006F0C1FE5B4A0F997B
:10E2D000524F56185A4D203E00280BD05948007D09
:10E2E000002803D058A15B4808F09DF82078012849
:10E2F0007ED060E1687F0A280CD0687F297F401CAF
:10E30000884203D150A1544808F08DF820780128A4
:10E3100004D00CE0287F0028F4D0F7E7F07F002835
:10E3200003D049A14D4808F07EF80120F077697FBD
:10E330000F9814224A4E51438919087420780228F4
:10E3400022D0687F14214843861920793072607981
:10E35000707232460C323146A068F4F7B5FB0C20DF
:10E3600030560F2804DD1F3830733068401C306091
:10E370000C217156301DE26801905018C01C1F28F6
:10E3800070DA01200199FDE028494868C005C00DF8
:10E3900021D0103840B200280CDA0207120F083AD8
:10E3A000920892005118C9698007C00EC140080642
:10E3B000800F09E081081E4A8900891809688007D2
:10E3C000C00EC1400806800F002804D105201EA100
:10E3D000000208F028F8687F1421484386190021BC
:10E3E000E0686A460691117006A9F4F76DFB00E03B
:10E3F000D7E06A46002010560F2834DD012033E0B4
:10E400000020A107B8DF0000F603000000E05EF87E
:10E41000F70300000080841E00807BE16C0E00206A
:10E42000FFFFFF00E80D00200E07000000ED00E0F8
:10E4300000E400E0FFFF3F00780E00209200002083
:10E44000A00D0020C00D00207372635C72656D2EFC
:10E450006300000011050000EF040000F404000058
:10E46000E00C002082E0002006994018079002206E
:10E47000B0722079307260797072A068311DC01C52
:10E4800006911F2801DA012009E0F4F71DFB684618
:10E490000078002804D0069806990068401C08609F
:10E4A000307A062813D201007944097949188F443B
:10E4B000020C0A08060400200FE0B4200DE07320CF
:10E4C0000BE0322009E00A2007E0062005E0FF20EB
:10E4D000FD49E03007F0A7FF00202179002943D053
:10E4E00002214018069071680830081807990890B2
:10E4F00009180698081A0C900020F871F4F773FABE
:10E5000004463060079820180002000AF060787A0C
:10E51000062825D0797A14204143EC480818406831
:10E520000899029040180002000A0390707A694628
:10E53000887402A8FFF788FD0299039A091B121B31
:10E5400009021202E24B090A120A0C98994207D8F2
:10E55000824205D80299069808180002000A306025
:10E56000F8790028C8D110E00421BAE704AA01997B
:10E57000F4F7AAFA6846007C002804D001980199B3
:10E580000068401C08602078B072687F0A2806D0B6
:10E59000687F401C68770B9806F071FD47E000200B
:10E5A000F8E7F07F002804D0A320CAA1C00007F03C
:10E5B0003AFF0120F077CA490F98087420780228A2
:10E5C00003D1C4A1C74807F02EFFC54E2079307291
:10E5D0006079707232460C323146A068F4F774FAF2
:10E5E0000C2030560F2804DD1F3830733068401C73
:10E5F00030600C22B256301DE16801908818C01CB2
:10E600001F2802DA012001990BE003AA0199F4F70F
:10E610005BFA6846007B002804D0019801990068E5
:10E62000401C08602078B072AD4901200875687FF1
:10E63000297F884224D07C7A062C23D0F4F7D3F9A2
:10E6400014214C43A14961180A7C042A18D00A7C81
:10E65000032A15D04B6889681B1A081A1B0200028E
:10E660009B4A1B0A000A082B0AD31146934207D87B
:10E67000884205D8687F297F884201D0F4F7FFF9E6
:10E6800011B0F0BD687F297F8842F7D111B0F0BD8D
:10E6900010B50020F4F709F910BD10B50120F4F70A
:10E6A00004F910BDF1B5009802281ED08E4C607A96
:10E6B000062803D187A18D4807F0B5FE0026A67174
:10E6C0000125E572607A03211422804F5043C0195E
:10E6D0000174F4F7D9F9009800280BD0012829D04B
:10E6E000032879D07BA1824844E082480078F3F780
:10E6F000EFFDF8BD8048007F002803D075A17F485A
:10E7000007F091FE65717C4D00202E60F4F7E0F873
:10E71000A968481C04D0012300221846F4F70EF91A
:10E72000607A617A401CC0B2142251437A580121A8
:10E730009047F8BD0120F4F7CBF8607900280DD0A0
:10E740006D488068401C09D0607A617A401CC0B274
:10E75000142251437A5806219047F8BD6648007F3D
:10E7600001280AD0022812D0032822D0042834D04D
:10E7700058A1634807F057FEF8BD2079002803D060
:10E780002671F4F786F9E5705B480677F8BD207AC4
:10E79000002802D1F3F7FCFD2572607A617A401CF3
:10E7A000C0B2142251437A5800219047524806774C
:10E7B000F8BD514F0123397B78680022411A184671
:10E7C000F4F7BCF82079002803D02671F4F761F93A
:10E7D000E57002203877F8BD19E0474E217870685F
:10E7E0000123411A00221846F4F7A8F8207A0028DD
:10E7F00002D1F3F7CDFD2572607A617A401CC0B278
:10E80000142251437A58002190473577F8BD607A39
:10E81000617A401CC0B2142251437A5805219047B6
:10E82000F8BD10B5304C607A062803D129A13548CF
:10E8300007F0F9FD607A617A401CC0B2142251439E
:10E84000224A52580421904710BDF0B583B00620EB
:10E850000290F4F7C8F8244C0090617A2A4801909D
:10E86000062920D0617A1420414318480918097CF0
:10E87000042918D0617A142251430818007C032817
:10E880007BD0019900980B6849681B1A081A1B0273
:10E8900000020F4A1B0A000A082B6ED3114693424E
:10E8A0006BD8884269D814488068401C03D009A1FD
:10E8B000164807F0B8FD00206071607A06282CD158
:10E8C0006078002829D023E0B8DF0000E80D0020A0
:10E8D000FFFF3F007372635C72656D2E6300000082
:10E8E000C00D00201E0500006C0E00204F0500002A
:10E8F000A20500008C0000204C0E00205B050000EB
:10E9000096050000A90500005C0E0020E50500004A
:10E91000FE48C178417081780170607A062815D070
:10E92000607A1421FA4A48438018007C04280DD1EB
:10E93000607A0290607A0121142358438018017490
:10E94000607A58438018807C6072A172F14D687FB4
:10E95000297FF14F884233D0F04E287F142148435D
:10E960008019007CC05D0128287F07D048438019AA
:10E97000007CC05D02282FD044E0FDE11421484313
:10E980008019807A01280AD0287F0221142250435E
:10E990008019007CC155287F0A2808D009E0287F0B
:10E9A0000021142250438019007CC1552AE0002028
:10E9B00001E0287F401C2877687F297F8842CCD1DE
:10E9C000D74D287D00284CD0287CC15D012928D056
:10E9D000C05D022830D03AE0287F142148438019D6
:10E9E000807A012803D0CFA1D14807F01CFD297FF0
:10E9F00000201422514389198872297F51438919B3
:10EA0000097CC855287F142148438219287F484330
:10EA10008019017C0098FEF7E9FF287F0A28C8D1F9
:10EA2000C5E7A97A012904D00221C1550020287523
:10EA30000DE00021C1550AE0A87A012803D0B9A150
:10EA4000BC4807F0F0FC0020A872297CC855287D3E
:10EA5000002806D0297CB24A0098FEF7C7FF0020A4
:10EA60002875029806281ED014214843A84940184A
:10EA7000017C012917D107210174AF4D287B0A2899
:10EA80003CD0287BE97A401C884203D1A5A1AB4841
:10EA900007F0C9FC297B02986854287B0A2831D0EA
:10EAA000287B401C2873607A06287DD0A07A002835
:10EAB0007BD00020A072617A1420414394480E1844
:10EAC0009F49B56873680A46F6687C32CB679660E2
:10EAD00055609C4D697E002916D00226617A142269
:10EAE0008B4851430818407B06281BD2010079440B
:10EAF000097949188F440A1412100E0CE87A00287C
:10EB0000C4D0C7E70020CDE70426E7E700210FE0E7
:10EB1000B4210DE073210BE0322109E00A2107E066
:10EB2000062105E0FF208849E03007F07CFC002149
:10EB30002973687E022801D0012810D12869009A23
:10EB40004018821A1202120A3A2A08D932380321CE
:10EB500000026976000A28613220287308E0322911
:10EB600006D2207A00280AD1F3F712FC012005E032
:10EB7000207A002803D0F3F734FC00202072634988
:10EB80000822487820700978012901D0032906D18C
:10EB900001212171297B884201D9421A0832A378C8
:10EBA000002B00D0921C01E08DE09BE02179002930
:10EBB00001D1002B5DD09446644A00990092019ADD
:10EBC000176852687F1A511A3F0209023F0A090A60
:10EBD000BC451BD85D4A974218D8009A914215D877
:10EBE000297B884223D92B69421A9A1A1202120AE7
:10EBF000101880190002000A2A616860002914D0E8
:10EC0000032028770006000E3ED14CE00020207142
:10EC1000A070297B002925D028694018801900029E
:10EC2000000A6860022028772EE00120E9E781428F
:10EC30000BD92A69511889190902090A6960002843
:10EC400001D00420DDE70220DBE7002B03D135A152
:10EC50003F4807F0E8FB286980190002000A686055
:10EC6000002004E0296989190902090A69602877E6
:10EC700019E0287B00280FD02969081880190002A4
:10EC8000000A686002202877286901238119002280
:10EC90001846F3F753FE09E0286980190002000ABC
:10ECA0006860002028770120F3F712FE607A1421B3
:10ECB000484317490C2240188256012300206968F6
:10ECC000F3F73CFE0EE00120F3F702FE0020F3F71D
:10ECD000FFFDF3F7E3FD207A002803D0F3F781FB73
:10ECE00000202072A078002804D0F3F7D2FE002084
:10ECF000E070A0706078002804D00448C1784170AA
:10ED000081780170207900282BD023E08E0000202C
:10ED1000E80D0020A00D002091000020E00C002054
:10ED2000C00D00207372635C72656D2E630000007D
:10ED30000706000023060000D80D0020350600005D
:10ED4000E00D00204C0E0020B8DF0000FFFF3F0068
:10ED5000870600000020CF49E0700978002900D123
:10ED60002071CD48017BC07A814203D0CB484078E6
:10ED7000F3F7AEFA0120E07103B0F0BDF0B5C84C76
:10ED80000746607A83B0062803D1C6A1C84807F0B9
:10ED90004AFB607A1421C74E48438019007C03283F
:10EDA00003D0C0A1C44807F03EFBC44DA868401C76
:10EDB00003D0BCA1C24807F036FB607A1421484357
:10EDC00081190C20085600216A4600911171C01962
:10EDD00001AA6946F3F778FE6A46042010560F2808
:10EDE00001DD012000E0002000994018696840180A
:10EDF0000102090AA9606079002804D001230022D9
:10EE00001846F3F79BFD03B0F0BD70B5AE4CAD4AAC
:10EE10000B1AA34214D3451AA54211D3934203D926
:10EE2000101A43185B1C0BE0954204D9511A0818BC
:10EE3000401C434204E0A549A54807F0F4FA00232A
:10EE4000184670BD10B50146012300220220F3F7D9
:10EE500075FD10BD10B50220F3F73AFD10BD10B5D9
:10EE6000F3F7C1FD10BDF0B58D4D0446E87A83B0CF
:10EE7000002803D18BA1974807F0D5FA642C4DD315
:10EE8000954900200246091B824147D39348417FA0
:10EE9000007F814242D19248007D00283ED1687AAD
:10EEA0001421844F4843854EC519306801AA0019C2
:10EEB0006946F3F709FE694604200856002802DD7A
:10EEC0000098401C0090A96800986B680A18D21A34
:10EED0001202844B120A9A4220D8AA7C062A08D031
:10EEE00014235A43D2195268511A0902090A81425D
:10EEF00014D3B068401C05D00120F3F7E9FC0020D2
:10EF0000C043B060306800193060A86800994018AC
:10EF10000002000A7061012003B0F0BD002003B0C0
:10EF2000F0BDF8B50646401EC5B2142061496843DD
:10EF30004418207C002803D15AA16B4807F073FACB
:10EF40006648017F407F81420CD0684A14234B43BE
:10EF50009B181B7CB3420CD00A290CD0491CC9B2A7
:10EF60008142F3D15E48017D002964D0007CB0422B
:10EF700061D10020F8BD0021F1E7217C052905D0F1
:10EF8000217C062902D0217C072928D10121217466
:10EF9000C17A0023027B8A4221D00246565CAE42EF
:10EFA00001D1012301E0002B04D00A2911D04E1C0D
:10EFB000965D56540A290ED0491C167BC9B28E4262
:10EFC000ECD1002B0BD0117B002906D0117B491E00
:10EFD00004E00026ECE70021EFE70A211173617CD1
:10EFE00000292AD06774C17A0023027B8A4224D088
:10EFF000425CAA4201D1012301E0002B04D00A297E
:10F0000012D04A1C825C42540A290FD0491C027B50
:10F01000C9B28A42ECD1002B0FD0027B0146002AF4
:10F0200006D00A7B521E04E00022EBE70021EEE747
:10F030000A220A7301E018480027217C01299CD18B
:10F04000617C002999D10120F8BD70B505461420D6
:10F05000184A05216843801801740F4C207B0A2848
:10F0600011D0207BE17A401C884203D11749204807
:10F0700007F0D9F9207B2554207B0A2807D0207B74
:10F08000401C207370BDE07A0028EFD0F2E700202A
:10F09000F7E700008E000020D80D00208C00002033
:10F0A0006C0E00207372635C72656D2E630000004D
:10F0B000EA060000E80D0020EB0600004C0E0020E0
:10F0C000EC060000FF7F841E0020A107B8DF0000CF
:10F0D0000E0700002D070000FF1FA107A00D002054
:10F0E000C00D0020FFFF3F006A070000E00C002079
:10F0F0000702000070B5FF4D00246C702C70AC61ED
:10F1000000F0CEFC284620304470C473AC6214304A
:10F110002C6305F094FF002804D0FF20F6A14E30A8
:10F1200007F081F92C7770BD0B23DB4310B5C21AB1
:10F13000F54998421FD008DC1C3222D00A2A20D080
:10F14000142A1CD0182A08D117E0083011D004283E
:10F150000DD0082809D00C2805D0FF20E6A1753075
:10F1600007F061F910BD04200CE000200AE0FC204B
:10F1700008E0F82006E0F42004E0F02002E0EC20B3
:10F1800000E0D820C86010BD70B50125DF49022617
:10F190000E60DF490022CA63CD63DE49C96A0907F0
:10F1A0000ED4DC494031CB6ADB4A53620B6B93626D
:10F1B0004B6BD3628B6B1363C96BD30519435163DC
:10F1C000D14C002826D0012828D0FF20CAA1A13088
:10F1D00007F029F9D148A063FF200430606325635C
:10F1E00003202061C849962040314860C1491C2055
:10F1F0000856FFF799FFCB49C9488860C948CA49F2
:10F2000080304160C9490160C9480660C949102081
:10F21000486070BDC8486061C84803E0C848606184
:10F22000C648801FA061D5E770B50C46B14D0146B8
:10F230000622A81C06F079FF2C7270BDAD48203064
:10F2400040787047AB4A517010707047F8B504466B
:10F250000D465079117900020843690009190884A4
:10F260001F461646501C06F0C1FF317800020843C5
:10F27000A90060502846083001268640002F0ED095
:10F28000012F04D0FF209CA1E83007F0CCF8206BC0
:10F29000304301460120A84001432163F8BD206BA3
:10F2A000B043F6E770B50D460446082904D9FF209F
:10F2B00091A1F93007F0B7F80022A24809E09100C7
:10F2C000635809180B6053001B191B8C0B62521CEE
:10F2D000D2B2AA42F3D3206B9A494031086070BD84
:10F2E00010B50446FFF720FF8248047710BD81481F
:10F2F0002030007B704710B5834CC178616206F006
:10F3000075FF0002E06110BD252808D0262808D02E
:10F31000272808D041000A2807D8091D06E0022145
:10F3200005E01A2103E0502101E0891DC9B2764AA7
:10F33000916075494031486170476E4988617047F6
:10F3400070B5002818D002226A4C784B0320A272B4
:10F35000F0331860734D72486860002001262075F4
:10F3600000290BD0012910D002291BD0952062A1C1
:10F37000800007F058F870BD0122E5E77248012AC5
:10F3800001D0466070BD066070BD5A48012A006B0E
:10F3900005D00121490508432063696070BD012142
:10F3A0000905F8E7A069002803D153A1674807F0D1
:10F3B0003AF8A169A06A40186549886059486549CA
:10F3C0008030816060491031C1600120216BC00331
:10F3D00001432163686047482030C67370BD08B59B
:10F3E0000C20694608705148002110380161564AC6
:10F3F000012111610BE000BF00BF00BF00BF00BFD3
:10F4000000BF00BF00BF6A461178491E11706946EF
:10F410000978002902D001690029ECD068460078FB
:10F42000002804D1494834A1203006F0FCFF08BD73
:10F43000F8B53E4CF034206886083E48B600416876
:10F44000C906CD0F10218160002727603549344857
:10F450008860FFF7C4FF35481038076100F020FBD3
:10F460002660002D02D0334910204860F8BD10B549
:10F4700006F0BCFE00022449000AC86310BD2349FF
:10F48000022008602A49086070472049022080391C
:10F4900008607047304908707047164810B534301E
:10F4A00005F0D5FD002804D0284813A15A3006F0F5
:10F4B000BAFF10BD0F4810B5343005F0E0FD10BDA7
:10F4C00011494860704770B50A4D0446A86AA042C9
:10F4D00004D31E4808A16B3006F0A5FF0120287355
:10F4E0001C49002008392C6148601948446000F02C
:10F4F000DEFA70BD7C0E00207372635C68616C5F25
:10F500007263732E630000000015004080E100E08C
:10F51000C01F004080000010001700405B06000084
:10F520000040000400F50140408000401011004000
:10F5300080E200E000130040060102002500030203
:10F5400005010300001600400010004047020000C3
:10F5500040850040488100409700002010B5FF48DA
:10F5600002210173C6210161FD4A00215160806AB8
:10F57000FC49C630486000F09AFA10BD0121FA48F3
:10F5800089058160F548026B8A430021026301739B
:10F590007047F64801214160C160F1490020486090
:10F5A000F0494860ED4988627047F149402008629F
:10F5B000F0490A6802430A607047EE480168402239
:10F5C00091430160EA49002008627047E9480168F8
:10F5D000102291430160E849012088617047E749A2
:10F5E0000020C861E34801681022114301607047A0
:10F5F000E249CA69012A01D000207047DC4A9268BA
:10F600005206520E524202700020C861012070471B
:10F6100070B5D248D24D017B002902D0696801291A
:10F6200009D00024D5490A69012A06D00023807A2E
:10F63000012804D006E00124F4E74023F7E7CA6874
:10F64000012A04D000221A43012802D004E020221B
:10F65000F9E74B68012B05D000231343C84A022861
:10F6600002D007E01023F8E71668012E02D1CE6819
:10F67000012E04D000261E43022802D007E00826EF
:10F68000F9E71268002A02D1CA68012A04D00022D0
:10F690003243022802D005E00422F9E7002C01D011
:10F6A000022300E000231343022807D14868012801
:10F6B00004D16868012801D0012600E00026B14885
:10F6C0001E4302681206120E02D04A69012A00D0B7
:10F6D0000022A24C2034227300680006000E02D0E3
:10F6E0008869012800D000206073A148006A0028C2
:10F6F00003D000F0A8FA012800D00020A07300F089
:10F70000C7F9002068603046F3E670B50C00054686
:10F7100003D19D499D4806F086FEE00706D0012CE6
:10F7200004D06D209849C00006F07DFE002D0ED05B
:10F7300002218A4801294172C4728E4809D00229E7
:10F740000AD0924890491A3006F06DFED1E60121A8
:10F75000EFE70168042201E001680822114301601B
:10F76000C7E670B57D4C0022E37A990701D54107C1
:10F7700014D47A49DD062031002D05DA4D7B002DA9
:10F7800002D08D7B002D09D01D0702D50D78002DEC
:10F7900004D15B0703D54978002900D10122637A9F
:10F7A0007449002B06D00225284010430CD0FFF7E7
:10F7B0003FFE9EE66C4A76489060086880088000AC
:10F7C000086000F06DF994E6012B07D0022B0ED0F3
:10F7D0006E486D496B3006F026FE8AE60868042202
:10F7E0009043086000F05CF90120A07281E608688F
:10F7F00008229043086000F053F9A57279E6574952
:10F8000008757047F8B5554F544D2037FA7B564C64
:10F810000021286B002A31D00122D203A26090433C
:10F820002A46544D10632E685A4A102090600020DA
:10F8300028601014A060FFF7D2FD00F029F92E60B7
:10F84000281460605349102048604448817A4A482F
:10F8500001290DD002290ED04C484FA1801F06F07F
:10F86000E2FD0020F8733D48007D022874D0F8BD09
:10F8700001210160F5E701214160F2E73A4A906019
:10F880000E462963FFF7C4FE044636482E754168CC
:10F8900069620068A862AA7A022A0AD16A78002AF4
:10F8A00007D0334B403B5B681B7813402A789A4360
:10F8B00008D03E70E20708D0084603F04AFD012157
:10F8C000A86A09E001223A70F4E7A10601D50221F5
:10F8D00002E0A10702D5002103F04BFD2448403887
:10F8E00041680622A81C093106F0F2FB002809D164
:10F8F0001F48297A403840680078C009814201D108
:10F90000012000E0002078702046FFF72AFF2648FB
:10F91000007800280DD001284AD002285BD00328A7
:10F9200078D01DA1214806F07EFDA87A022870D06B
:10F93000A3E0A00701D502F0EDFB200702D50120CE
:10F9400002F020FC600702D5002002F01BFCA0069C
:10F95000EBD502F07CFBE8E793E000007C0E002092
:10F96000408100404085004000F50140008000409B
:10F9700040150040001200400010004000110040FF
:10F980000014004040160040F8F40000630300003B
:10F9900000400004001300407372635C68616C5F98
:10F9A0007263732E6300000097000020E6040000DD
:10F9B000A00701D504F0BBFF200702D5012004F009
:10F9C00021FF600702D5002004F01CFFA006ACD583
:10F9D00004F0A4FEA9E7A007BF27002802DA3C40F4
:10F9E000F3F702FB200703D53C400120F3F7FBFAB5
:10F9F000600703D53C400020F3F7F5FAA00602D5D6
:10FA00003C40F3F7EFFA60068FD5F3F7EEFA8CE798
:10FA100000E012E0A00701D5F3F7EAFA200702D5CB
:10FA20000120F3F7E4FA600702D50020F3F7DFFACC
:10FA3000A00690D5F3F7DAFA77E7287B00281CD0E8
:10FA40001F494E6002281FD0012803D01D491E48BF
:10FA500006F0E9FCA96A2869884204D81A481949BD
:10FA6000401C06F0E0FC2969184841600120296B20
:10FA700080050143296316494860287D012800D08C
:10FA8000F5E6F3F7C5FAF8BD2969A86A4118EBE76E
:10FA900010480021C160016141604161816170478E
:10FAA0000D480021417281720121C17270470A48DC
:10FAB0000121026B89050A430263054841607047D2
:10FAC0004081004098F90000FB04000040850040A0
:10FAD00000F50140001100407C0E00202E4800215E
:10FAE00001704170704770B5064614460D460120FE
:10FAF000F1F758FC28490120284B08709E60DC6013
:10FB00001D6170BDF8B504460120F1F74BFC224998
:10FB10000120087021494C60214900264E600321D4
:10FB2000204D0906A960204F002C0AD0012C03D0DB
:10FB30001EA1412006F077FC3E60032000066860AD
:10FB4000F8BD386001200006F9E710B512480178C9
:10FB500000290ED00321134A0906916010494A6812
:10FB60000021002A03D0154A1268427000E041705B
:10FB700001700020F1F716FC10BD0748017800293C
:10FB800007D007484068002802D00C480068C0B27F
:10FB900070474078704700009800002000F5004052
:10FBA00000F1004000F5014000F200407372635C18
:10FBB00068616C5F63636D2E6300000000F40040B9
:10FBC0003A4800210170417010218170704770B572
:10FBD000064614460D460220F1F7E4FB01203349A6
:10FBE000334A0870E41E14619660556070BD10B50C
:10FBF0000220F1F7D7FB2D49012008702D48002184
:10FC000001604160816001202B49C005486010BD42
:10FC100010B5264C2078002811D001202649C005B7
:10FC2000886000F034F80021002804D001206070C2
:10FC30002248006801E061701020A070217000204F
:10FC4000F1F7B0FB10BD10B51848017800290BD0B2
:10FC500018480068002805D000F019F8002800D0E6
:10FC6000012010BD022010BD407810BD10B50F4816
:10FC70000178002909D000F00AF8002803D00F48C5
:10FC80000068C0B210BD102010BD807810BD0948BA
:10FC90000168002905D04168002902D08068002849
:10FCA00001D0002070470120704700009A0000201A
:10FCB00000F5004000F1004000F5014000F4004074
:10FCC000FFB593B0044600201D9E049015981C9D1E
:10FCD0001027082806D0E06901F014F8002809D0A0
:10FCE0003770CCE028880921384328801F980227E4
:10FCF000017016E0E169012088710521E269C902FD
:10FD00009180E1698872E169F9480881E169002020
:10FD10008873288820210843288011211F980427F0
:10FD200001701F980225801C0390307810900A20E3
:10FD30003070204618301190F6F76BFC00206FE011
:10FD40001598102809D1022D07D06846828A049997
:10FD50000398401A8270110AC1706846C08A1699C9
:10FD6000884203D9E349097A149106E0884204D114
:10FD70001099002901D0317021E003990870000A20
:10FD800048701E980088401BC01B83B2FF20C01B18
:10FD9000984200D203460398149AC0190CA9009205
:10FDA000019002912020015D6846C08A0022F6F78A
:10FDB000A5FC3070002806D0C0B2832862D0684607
:10FDC000C08A208345E00F98002805D0C948006804
:10FDD00000790A2830D33CE06846008EC119C9B2C8
:10FDE0000491022D0FD01F99049A4978914203D1B2
:10FDF0006A46128C824209D0BE480491006801789C
:10FE0000032909D027E008461F994870B9480068BF
:10FE10000178042906D008E000790A281BD20120C5
:10FE20000F9009E06946C98A8180039904980818EF
:10FE300003900498281885B205AA14991198F6F72A
:10FE4000EBFB002805D11E980088401BB84200DB60
:10FE500076E7022D0ED01598102807D1049A039941
:10FE60006846808A891A8870000AC8701E980580C2
:10FE7000002030709F4800680078032802D00020DE
:10FE800017B0F0BD0220FBE7F8B50446406B002632
:10FE9000134600282BD0491F8DB2618F2A460832A5
:10FEA000278F8A18BA4221D89A7840185F781102B1
:10FEB00039430170090A41701A79DF781102394318
:10FEC0008170090AC1700571290A41712A46591DBC
:10FED000801D06F02AF9608FAD1D401980B2608741
:10FEE000626B002110180170417000E00926304655
:10FEF000F8BD30B50B88048F9C4212D9446BE018D2
:10FF00004478057824022C430BD0447905792402E7
:10FF10002C436404640CA41D1B190B80106000208A
:10FF200030BD822030BDF7B588B000256846058217
:10FF300005275DE00398417802780E021643417967
:10FF4000027908021043000452D40A980123068063
:10FF500005A802905B02002200970195304609999E
:10FF6000F6F7CCFB04004AD16846018A0183039866
:10FF70004179027909021143437802781C02144343
:10FF8000B4421ED10A041CD44B0401215B0C89032A
:10FF900000950B4301970295C17880780A020243CD
:10FFA00020460999F6F7C6F9040011D1039948795A
:10FFB0000A79000210430122D20310430871000A9B
:10FFC000487103AA06A90898FFF793FF0400CED052
:10FFD0000399009501970295487809780002084333
:10FFE00069468B8A00220999F6F7A4F9822C06D17A
:10FFF00003AA04A90898FFF77CFF04009AD068467A
:020000040001F9
:10000000058209E003984179027909021143490404
:10001000490C0171090A417103AA04A90898FFF764
:1000200068FF0028EED0822C02D020460BB0F0BD35
:100030000020FBE730B50446406B002597B0002850
:100040000DD00B2268460270228F0281606B0391F3
:10005000019000216846F3F7E2FA6846057065638F
:100060006587258717B030BDF8B50F460546696B23
:100070000020069E144600290FD0012B0DD13246D8
:1000800039462846FFF74FFF002806D1002C04D040
:1000900032463946284600F044FEF8BD0022028070
:1000A000C262831D0263C3614263428702872030BC
:1000B0000170704710B50022D24302800420FDF782
:1000C000FEF910BD10B596B00446FFF7B3FF208EC1
:1000D000002808D0012069460870E06A01900021DC
:1000E0006846F3F79CFA0020E062206316B010BD6A
:1000F00001280000B40E00200146098800200A07EC
:1001000000D501200A06120F01D002221043CA05B1
:1001100001D5042210438A0501D510221043490558
:1001200001D5202108437047FFB5A9B00600329DD4
:10013000359C2B981F46229016D0007841060FD48C
:100140008106890E1E2909D021884A05520E0BD13D
:100150003A88172A08D3FE4A914205D0C10906D031
:100160008006800E122802D003202DB0F0BD20465C
:100170002C302690F7492A980872002018AA03907C
:1001800010726A46107404AA0A60339A4A6020AA60
:10019000908090812298007801908106681C1C90C4
:1001A000701F1D902B98890EC21C2492224620326B
:1001B0001B92083A401C02920B0006F025FA1FFD24
:1001C000FD11FD1FFD8EFDFCFDFBFDFAFDF9FDFCA3
:1001D000FDF8FDFDFDF7FDF6FDFDFDFDFDF5FD0066
:1001E000032E76D102E018A9087219E303202870C3
:1001F0001C9917220A7000224A70CFE2052EF0D116
:100200004178027808021043208320A98880249A2C
:100210005178127809021143618300287ED0884208
:100220007CD800202072E080401E60840298F6F79F
:10023000F0F905202870A81C0190022000901BAA4C
:100240002A990298F6F7E8F9002868D118A8807C66
:10025000012803D002206870102002E0012068709D
:1002600002202490002225A91CA8F2F746FD0028B0
:100270002BD120A8007D2499814226D13A8800996B
:10028000801C511A814220DB10A8C18D0198017099
:10029000090A417001991CA8891C01910099019AD1
:1002A000891C009125A9F2F728FD20A8007D01995D
:1002B0001BAA091801910099081880B200902A9988
:1002C0000298F6F7A9F90028CCD00098022826D089
:1002D00064E272E018A9087261E2072E6DD34178DA
:1002E0000346027808021043208320A98880249ABC
:1002F0005178127809021143618300280ED0884298
:100300000CD8012020725879197900020843E08046
:1003100000202073E06900F0F5FC01E098E0A9E01E
:1003200000280ED1E169012088710521E269C90226
:100330009180E1698872E16987480881E16900205C
:100340008873F01F60842298C01D60620298F6F7DF
:1003500060F907202870681C00900120019000209F
:1003600010A9C8852FE00198012814D0E069807990
:10037000012830D000981E38417F007F09020143D8
:1003800000980170090A41700098801C0090019843
:10039000801C80B2019010A8C18D00980170090ADC
:1003A00041700098801C09E00AE296E13BE1DFE041
:1003B00004E29BE077E036E016E2AFE000900198BF
:1003C000801C80B201901BAA2A990298F6F724F9A2
:1003D000002803D007E010A8818DD1E73988019863
:1003E000081A0428BFDA0198012843D0E06980790F
:1003F000012804D010A8818D5548814206D110A84B
:10040000818D00980170090A417009E000981E383A
:10041000417F027F0802009910430870000A48706B
:100420000198801CBAE1072E01D0152E76D14178B3
:10043000027808021043208320A98880249A5178EA
:100440001278090211436183002801D0884201D942
:1004500001203FE7012020720020E0802073052E5C
:100460000AD01D982299E269C0B2491DF2F71FFC1B
:10047000002801D00A202DE70020C04360841AA87C
:10048000019023A9229802970395009100780023F8
:100490008206920E20462A99FFF712FC0390208BC9
:1004A00020A988807BE1032EC0D1402220A98A8127
:1004B0004178027808021043208320A988802A9975
:1004C0001EAB1C9A02930192009139880022491EAA
:1004D0008BB21B990978F6F711F918A90872002850
:1004E00033D10B20287010A8008F3FE0052E9DD13E
:1004F000802220A98A814178027808021043208353
:10050000249984464A78097812020A43628420A911
:1005100088801248824202D30720DBE6AFE03F200A
:100520008002024362842A981FAB1C9902930191B6
:1005300000903888401E83B21B9801786046F6F719
:10054000DDF818A9087200280CD08328AAD107E08A
:10055000FFFF0000B40E002001280000010200008F
:100560000220B8E00D20287010A8808F401C15E1F3
:1005700001990C22C9095143C91CB14204D90198FF
:1005800040067CD5002009E1427803781002184328
:1005900020AA9080844622980078400609D505203C
:1005A0006A46107422980078C00905D000201074A3
:1005B0001DE106206A46107424981F902A9A009024
:1005C0000023701A029383B21E9001921B9800229E
:1005D00001786046F5F7AEFE18A908720022694658
:1005E0000A74832801D102200390229800784006E3
:1005F0000DD52088C00506D520A9208B8988884282
:1006000001D100206062002018A90872C6E0FF2115
:10061000013120A88181808820831E9860841F98E2
:1006200060621320B8E0052E29D3417802780802D1
:10063000104320A98880218F002902D0FE4A9142D0
:1006400006D10A216A4611740121C943218702E0BB
:1006500007216A46117422992A9A491D0192009134
:1006600001221D990023D203029311438BB22499D6
:100670004A78097812020A431B99097800E0C9E018
:10068000F5F758FE18A90872002269460A7401227B
:10069000520220A98A81832808D0002809D0218FFE
:1006A000E54881427ED10020208778E08888208339
:1006B0004DE7606B002808D031462046229AFFF7AC
:1006C000E3FB18A90872002869D12B463A46304648
:1006D000229900F056FB039061E02298022E4078A8
:1006E00001907DD1002801D0012879D108206946E8
:1006F00008740198087521A800901B9800220178C1
:100700002046019BFFF7B0FC6946002248758A75B8
:10071000002802D10198012809D0208F002806D096
:10072000002008740120800220A988810EE004A81E
:100730003399F2F774FF0390002069460874012092
:10074000800220A988810398022807D0BB4800684E
:100750008079002805D018A908722BE00198208321
:100760001DE00398002803D0812018A9087240E0FA
:1007700021A800901B98012201782046019BFFF7D9
:1007800073FC18A9087220463499FFF753FC18A986
:10079000087A002803D11920287001203880684683
:1007A000007C00E03CE0002804D004A83399F2F774
:1007B00036FF0390039800282ED01AE0062012E599
:1007C0002078000713D5012E11D109216846017444
:1007D000A188818204203499FCF771FE082100E091
:1007E00005E020A88181CDE60198400612D50320BE
:1007F000039020A9208889890843208020A988891E
:100800004005400E04D026992B98086026988680D3
:100810000398AAE40420E6E418A8007A00280ED081
:100820000120287022980078687020A88088A8701D
:10083000000AE87018A8007A28710520388020A9DD
:100840002088898988432080E2E7FFB50746A1B068
:1008500000201C903A7801209040794A7C68104032
:1008600010AA1087744B22885B1C9A4203D0002880
:1008700004D0100702D5012025B0F0BD249E002031
:10088000307023980025028810A8028518A80575E5
:100890006A4B68461972057404A8186020462C300B
:1008A0001B902A985860249E94463878721C052123
:1008B000039201282DD0022808D003287DD130785A
:1008C000800980011D303070B889A08038780228F6
:1008D00004D13078800980011B303070F01C1FAAD1
:1008E00001900292009110A8008D0022C01E83B2D8
:1008F0002020015DB889F5F701FF0028DED10398BB
:10090000B9890170090A417010A9888FC01C088537
:1009100028E1787B18AA10753A7B012A02D0022AB6
:10092000CCD1FCE022887F231B011A4010AB1A8730
:10093000802A4AD006DC102A10D0202A0ED0402A65
:100940000AD124E0FF3A013A65D0FF3A013A79D062
:10095000FF3AFF3A022A76D00525A2E02078C006A9
:1009600001D5082000E010201C9004206A46107475
:10097000002090821AA81DAA1EAB03960192029035
:1009800000933B8A20461C9AFFF79AF984E0228B59
:100990003B8A9646934268D10A221C92002839D19C
:1009A000039801906046401E1FAA83B20292202045
:1009B0000091015D0022704600E0BAE0F5F79EFE6E
:1009C000014618A801750B201AE0228B3B8A964637
:1009D00093424AD10C221C92002862D103980190C4
:1009E00060461FAA401E0292009183B22020015D42
:1009F000628C7046F5F782FE014618A801750D203D
:100A0000307010A8818F491C01850421684601744B
:100A1000218B818245E0238B3A8A9C469A4224D1DD
:100A200012221C9200283CD1606A002813D00022B8
:100A30006B4607C3638C07E0FEFF0000B40E002086
:100A400009F800000DE04BE02020015D6046F5F75D
:100A500071FC18A9087513203070012010A90885B1
:100A60001FE0398A228B914201D00425B6E016217D
:100A70001C91002815D11B98818802682046FFF739
:100A800003FA18A9087500280BD11B983346016892
:100A900080881AAA00F075F9054602281BD0042D9B
:100AA00019D01B988088002811D06846007C002847
:100AB00004D004A82A99F2F7B2FD05460120694640
:100AC00008741B981B990068059000208880002DF1
:100AD00048D0052D2ED06846007C032878D07DE0D4
:100AE00018211C91002806D0388A20832046B96836
:100AF000FFF7A0FAD5E72046183000902020015DCE
:100B0000237E01222046FFF7AFFA18A908750028B6
:100B1000ECD119203070012010A90885E6E7208863
:100B200001214902084010A90887FF38FF38022830
:100B300006D0052510A92088098F884320804DE024
:100B4000208F9849884290D116201C90386900283F
:100B500005D06063B88A20870020608702E000200B
:100B6000C043208710A8008F7F21090102468A43D5
:100B70000DD0782300220420B968FCF7FBFB3878FD
:100B8000A07010A92088098F0843208002E02188E6
:100B9000814321806846007C002805D08248416856
:100BA00004A8F2F73CFD054618A8007D002815D0E2
:100BB0001C98707001203070208BB070000AF070AB
:100BC00018A8007D3071052110A8018506E0FFE717
:100BD0007548416804A8F2F722FD05467248017A7B
:100BE00020884005400E22D11B98808800281ED006
:100BF000239A0026138810AA1385249A2A9B6F46ED
:100C00004CC71B9A039412681AABFFF78DFA05467E
:100C100002280CD00120694608741B982A990068A4
:100C2000059004A8F2F7FBFC05461B98868010A8E7
:100C3000018D2398018028461EE600B597B0042850
:100C400007D102206A461070019100216846F2F730
:100C5000E6FC17B000BD10B5534C037800222168A4
:100C6000012B02D0022B42D126E00B78002B01D0C1
:100C7000042B03D10A712268032111702168838833
:100C80000A79D200921D8B5221680A79D20008326B
:100C90008918C2880A80216803890A79D2000A3239
:100CA0008B52428920680179C9000C314252216877
:100CB0000879401C08711EE00A7482888A802168C5
:100CC000C288CA80226801891181226841895181C4
:100CD000C1682068C1606168F2F7A1FC0146022882
:100CE00007D02068007C002802D1002903D0812091
:100CF00010BD832010BD002010BD406B002800D027
:100D0000012070478178012909D100880521C90295
:100D1000884202D0491C884201D10020704705203A
:100D20007047F7B586B00024684615460F468481A3
:100D300005261AE0049841780278090211432980B7
:100D4000811D019602940091417902790B021343AF
:100D5000C178827809020A43417800780902084381
:100D60003946F5F7E7FA002806D104AA03A9069840
:100D7000FFF7BFF80028DDD0822800D1002009B09D
:100D8000F0BD10B51488844201D2052010BD17248F
:100D90001C701080421E581C491C05F0C6F900202A
:100DA00010BD0000FEFF0000B40E002010B540484A
:100DB00004F04DF9002801D00C2010BDFF211131A5
:100DC0003C4805F011FA3B4901200870002048809A
:100DD000E03188718874887520310871344804F0D6
:100DE0004EF9002010BD10B5314804F028F9002854
:100DF00003D031A1312005F016FBFFF7D7FF002803
:100E000003D02DA1382005F00EFB10BD10B504460F
:100E1000274804F01CF9002801D00C2010BD2549FA
:100E20000878002807D0002008702148216004F0CD
:100E300026F9002010BD1E4804F021F91F2010BD26
:100E400070B505460C461A4804F001F9002801D097
:100E50000C2070BD174A5088A84202D11078002893
:100E600004D0134804F00BF9122070BD1048226022
:100E700004F005F9002070BD10B504460C4804F0DC
:100E8000E6F8002801D00C2010BD0A48017800299E
:100E900007D00020C0432080054804F0F0F812205D
:100EA00010BD40882080024804F0E9F8002010BD01
:100EB0009D000020C00E00207372635C6C6C5F6448
:100EC000622E630010B5282105F08CF910BD70B5B5
:100ED000054600780A0700090001120F1043287028
:100EE0000B0005F091FB07050705070509050B0039
:100EF000062408E00C2406E0222404E00024F2A1E9
:100F0000572005F090FA68788009800120436870C6
:100F100070BD00780007000F704710B50622C01C96
:100F200005F003F910BD10B50622093005F0FDF8F3
:100F300010BD0278BF23C9071A40490E0A43027048
:100F4000704702785206520EC9010A430270704778
:100F500070B515460E4604461F2A03D9DAA1A8200B
:100F600005F061FA20462A463146093005F0DDF8E1
:100F70006078AD1D80098001A906890E0843607064
:100F800070BD70B515460E4604461F2A03D9CEA182
:100F9000CC2005F048FA20462A463146093005F0B3
:100FA000C4F86078AD1D80098001A906890E084348
:100FB000607070BD70B501780907090F03292ED044
:100FC000052931D1411C827E0C46437E1102194312
:100FD000037FC27D1D02037EC67E1B021343827DFA
:100FE000407835438006800E22281DD106291BD368
:100FF0001920C001814217D8FF26F436B54213D814
:10100000002A11D0082A0FD88A420DD28B420BD861
:10101000617F227F09021143814207D904E04078B1
:101020008006800E0C2801D0002070BD012070BD0C
:1010300000210A464254491C2229FBDB704710B5A7
:1010400002788B07920892009B0F1A430270427835
:10105000520952014270012908D0022906D0032901
:1010600005D0FF2098A1EE3005F0DDF910BD01217B
:101070000A43427010BD10B502788B0792089200A7
:101080009B0F1A43027042785209520142700129A3
:1010900007D0022905D0032904D08BA18E4805F082
:1010A000C2F910BD01210A43427010BD00788007CB
:1010B000800F70470278EF23C9071A40C90E0A4310
:1010C0000270704770B50546C1700B0005F09CFAC0
:1010D0000E080A0C0E1012120C14141212160C1810
:1010E0000C2413E0082411E002240FE017240DE083
:1010F0000D240BE0012409E0092407E0062405E0A3
:101100007548002470A1A03005F08DF96878400979
:1011100040012043687070BDC0787047017AC27981
:10112000080210437047817A427A080210437047E0
:10113000017BC27A08021043704781794279080224
:101140001043704700797047817B427B080210434F
:10115000704770B5017AC37909021943431C857A37
:101160001C46467A2B023343657926792C02344398
:10117000C21C5A4E00798D1FB54214D8FF25F43594
:10118000AB4210D800280ED008280CD888420AD2CA
:101190008C4208D8507A117A00020843B11D884267
:1011A00001D8012070BD002070BD0B4610B5011D97
:1011B0000522184604F0B9FF10BD817A427A080270
:1011C0001043704701717047007970470B4610B5A6
:1011D000011D0822184604F0A8FF10BD027B0A700A
:1011E000407B487070470B46014610B508220E310F
:1011F000184604F09AFF10BD0B46014610B50422B4
:101200001631184604F091FF10BD10B50822001DDC
:1012100004F08BFF10BD10B504220C3004F085FFE4
:1012200010BD017170474171090A81717047C17128
:10123000090A017270470079704781794279080282
:1012400010437047017AC279080210437047017158
:101250007047017170470B4610B5011D08221846F2
:1012600004F063FF10BD10B50822001D04F05DFFFF
:1012700010BD70B515460E4604461B2A03D912A1AF
:10128000174805F0D0F82A463146E01C04F04DFF1F
:101290006078E90640094001C90E0843607070BDDE
:1012A00070B5054640780E46C406E40E1B2C04D9E2
:1012B0000B4805A10C3005F0B6F82246E91C304673
:1012C00004F033FF204670BD7372635C756C5F7011
:1012D00064752E6300000000070200007A0C000015
:1012E000F7030000C1074008C207C90FD20F511809
:1012F0004008C207D20F51184008C207D20F511838
:101300004008C207D20F51184208D007C00F40183A
:101310005208D107C90F0918500840187047002219
:1013200002808271C271C2720273427382738270D0
:10133000C270027142714276828303464284203336
:101340009A7102859A72C2750276C2730274DA7259
:101350001A739A7319750284FF21603081709A752F
:10136000704770B504460020A083208C1E46484379
:101370001546114604F061FF2084F000294604F070
:101380004EFF401C80B20146192269439202E0835D
:10139000914201DD401EE0837D202946000204F0D9
:1013A0003EFF401CA08470BD70B50546087B0E460C
:1013B000C006C00E08730020A87504463019007AD4
:1013C000FFF790FF29194874A97D641C0818E4B23E
:1013D000A875052CF2D3C0B2252803D979A18A209B
:1013E00005F021F870BDF8B5044630302646274692
:1013F0002546C036A03780350090032909D0002942
:101400001AD0012924D0022902D1A11CFFF7CCFF58
:10141000F8BD1146FFF783FF002028836883A88367
:10142000E883288468847871E88538732621085514
:10143000A08430703071F8BD0020E885B871A188B3
:1014400023890A460098FFF78CFFA11C0098DDE76E
:101450000020E885B38A328AA1880098FFF781FFCF
:10146000F8BD70B5867D0D460446002E01D0252EB0
:1014700001D9122070BD002A18D0287EE17D50438A
:101480000818252104F0CBFE0846E1754207520FEB
:10149000C908504B69189A5C097A8A4368D031466A
:1014A00004F0BDFE491CCAB2002007E0002070BD58
:1014B000002803D02118097C511ACAB22118497C8E
:1014C00091423AD32918097AC943CB07DB17D21ABC
:1014D000521E1206120E35D08B07DB17D21A521E7F
:1014E0001206120E30D04B07DB17D21A521E12060C
:1014F000120E2CD00B07DB17D21A521E1206120E38
:1015000028D0CB06DB17D21A521E1206120E24D098
:101510008B06DB17D21A521E1206120E20D04B0673
:10152000DB17D21A521E1206120E1CD00906C9175A
:10153000511A491E0A06120E18D0401C0528B7DBA6
:101540001F2070BDC00013E0C000401C10E0C000B0
:10155000801C0DE0C000C01C0AE0C000001D07E0B8
:10156000C000401D04E0C000801D01E0C000C01D9F
:1015700020769BE738B505460C466846FEF738F8F6
:1015800000281ED0694600200856207209216156A5
:101590000022411A00D5494220356B798B420FDC7D
:1015A000FF2B0DD0A17A491CC9B2A172AB79994227
:1015B00002D8617A7F2903D160720020A0720122D3
:1015C000104638BD7372635C6C6C5F7574696C2E09
:1015D000630000007667010010B5040004D0FF200E
:1015E000FAA1AB3004F01FFFFB4821464143FB4802
:1015F000FF230918FF330022581C5A544254C81DB7
:10160000FF30FA3002704270F448001FC378A342E2
:1016100002D18270FF23C370EF48EF4BC01E081841
:101620009B1EC91802700A7010BD70B5EB480026E9
:10163000001F8670FF24C47035462846FFF7CCFF94
:101640006D1C2D062D0EF8D00020E4490B229201CE
:10165000E14B43435B189B181E74401C0006000EB0
:10166000F6D0DF48FFF7E4FC0021DD48FFF722FD5C
:101670000121DB48FFF7E3FCDA4804704470847012
:10168000C4700471447170BDCFE71B20704730B542
:101690000021D24A0B239B01CF4C4C43A418E418E1
:1016A000247C002C05D0491C0906090EF4D000202A
:1016B00030BDC94C01254C43A218D21815740170D5
:1016C000284630BD10B5044600F0D0F900280CD0F3
:1016D0002046FFF781FFC0490B224C43BF49002041
:1016E0006118920189180874012010BD10B50446D4
:1016F00000F0BCF9002802D0BA484471012010BDA6
:10170000034610B5B748B44940794843B349421835
:101710001046FF30E130C17F807F04F0D5FF10BD5F
:1017200010B5B048AC4940790F224843AB49401846
:10173000A949D239095CFF30FF3004F09FFF10BD8A
:1017400010B5044600F092F9002802D0A5480471B3
:10175000012010BD034610B5A2489F4900794843B7
:101760009E4942181046FF30E130C17F807F04F06F
:1017700098FF10BD70B59B4C97492079974D484311
:101780004019C11DFF31F931FF30E130807F0F2258
:1017900004F064FF002813D020798F494843401992
:1017A000FF30FF3002300178491C01700178407829
:1017B000814204D1884885A1773804F034FE0120A5
:1017C00070BD884884490079484384494018FF30F7
:1017D000E130C17F807F814201D10120704700202C
:1017E000704770B57F487C49007948437B49401871
:1017F000FF30E130867FC57F0F242946304604F054
:1018000026FF002801D0204670BD70066906400EF4
:10181000490E884201D3401A01E0081A201AC0B2CA
:1018200070BD0F20704770B50C46054600F01EF9DC
:1018300000280ED0002020706748454367482818CC
:10184000FF30FF300230017842788A1A22704170EE
:10185000012070BD70B50C46054600F007F9002860
:101860000BD05D4845435D482818FF30FF300230FB
:1018700001784078081A2070012070BD5849016035
:10188000704710B5044600F0F1F8002802D0554822
:101890000470012010BD5149091FCA78FF2A02D0E7
:1018A0000021016007E08A784C492439012A02D0DE
:1018B000016001207047002070474848801E017871
:1018C000012908D001210170464801784348001FD2
:1018D000C170012070470020704710B5044600F029
:1018E000C5F8002802D03F484470012010BD3B4994
:1018F0003C4B091FCA785B789A4206D18A78203916
:10190000002A02D001600120704700207047334850
:10191000344A001FC1785278914209D1FF21C17029
:10192000801C0178002903D000210170012070473C
:101930000020704729482B4A001FC17852789142F5
:1019400004D18078002801D0002070470120704722
:1019500010B5044600F08AF8002802D02148C4706F
:10196000012010BD034610B51E481B49C0784843EE
:101970001A494018C21DFF320B21FC328901401860
:10198000C17B807B04F0A0FE10BD10B51548124944
:10199000C0784843114940180B2189014118C97B7F
:1019A0000D4AD21E8018062204F068FE10BD0D48B4
:1019B0000949C0784843094941180B20800108189B
:1019C000C17B807B81420FD1012070477372635CC1
:1019D000646D5F712E630000D1020000F40F0020DF
:1019E000C51200209E0000200020EEE710B504463E
:1019F00000F03CF8002802D021488470012010BD7E
:101A0000034610B51E481F49807848431E494018B8
:101A1000C21DFF320B21FC3289014018C17B807B43
:101A200004F03FFE10BD10B51548164980780B2212
:101A300048431549920140181249891E41188018DF
:101A4000807B062204F00AFE10BD0D480D49807807
:101A500048430D4941180B2080010818C17B807B49
:101A6000814201D10120B0E70020AEE7002805D176
:101A70000648007C002801D00120A6E70020A4E74A
:101A80009E000020D1020000F40F0020B4120020BC
:101A9000F8B5FF4E0446B079002500280AD0002989
:101AA0002DD1657010202070F079A070307AE07030
:101AB000B57124E0F64F203F387A012804D0707ABF
:101AC000012810D00020F8BD002918D1657013201E
:101AD000EF4920701C221639A01C04F026FB0120BF
:101AE000A0713D720BE0002909D165701420E8490E
:101AF000207008220A31A01C04F017FB7572012027
:101B0000F8BDF8B5E3480178002902D00C2630462C
:101B1000F8BD0026DE4D3446403D2E756E75EE75DF
:101B20002E76AE75294620396E730F464E734037B8
:101B30007E717F218170687E002804D0FDF73DFD15
:101B4000FEF766F86C763C72D14884711430FFF76A
:101B5000B9F9CF483C30FFF7B5F9D8E710B5CD4B10
:101B600000221A70CA4B203B1A711A46603A11665D
:101B7000D065FFF7C6FF002804D0FF20C6A187303C
:101B800004F051FC10BDC2484038007D7047C04988
:101B900010B54039C87B897B42078307D20FDB0F22
:101BA000D218C007C00F101840000B0004F02CFD25
:101BB000050B060B04080F00BB4906E0BB4810BD2F
:101BC000B949083101E0B8490839085A10BDFF2069
:101BD000B1A1A73004F027FC002010BDAC48B449E7
:101BE0004038008A48437047F8B5A94C0646407B08
:101BF000403CE07337791346A773012F26D0308815
:101C00002082A348B27B203882710546603D29704E
:101C100006221946681C04F088FAB0796873062217
:101C2000F11DE81D04F081FA607B0126002800D038
:101C3000667597486038407B002800D0A6753B0049
:101C400004F0E2FC0506082549084B000020D7E710
:101C500000211DE08E4801211430FFF738F98C482F
:101C6000E91D1430FFF75FF9687B002807D00128D1
:101C700007D0FF2088A1EE3004F0D5FB0CE0002156
:101C800000E0012182481430FFF75BF904E00621EF
:101C90007F481430FFF71BF90020E07520767C4860
:101CA000691C1430FFF739F9794829781430FFF7A7
:101CB00040F9774804213C30FFF709F97448691C62
:101CC0003C30FFF72AF9724829783C30FFF731F9A8
:101CD00026750020F8BD0221DAE7FF206EA1F8305A
:101CE000CAE770B56A4C0125403C0346257620467C
:101CF0002030007A002801D03A2070BD64480022CC
:101D0000803806789E4206D1E2750622401C04F017
:101D10000CFAE57500E02276002070BD70B504462F
:101D20005B4D0020403DA87528462246323804F01D
:101D3000FCF92846203844730120A87570BD544929
:101D400020390871704710B5514C0022403C627533
:101D5000607302462046123804F0E7F901206075EE
:101D600010BD4B49203948717047F8B500F0A4FB0D
:101D7000474C0025403C607E002804D0FDF71DFC48
:101D8000FDF746FF6576434F3D70FDF793FBA07B63
:101D9000012804D00021084601F0A6FAF8BD002170
:101DA000022001F0A1FA3A4C203C207A002809D008
:101DB000374881790029F1D11321C17105720121C0
:101DC0008171F8BD78780028FBD0314E0622803E24
:101DD000707BE0733078A0753046F11D703004F0F0
:101DE000A4F930460622711C773004F09EF93C209D
:101DF000A072012020727D70F8BD10B5244C403CCB
:101E0000E17BA07CCA0701D0C2070BD08A070FD59F
:101E100082070DD42620FDF777FAA07C0221084323
:101E2000A07410BD2520FDF76FFAA07C0121F6E714
:101E30004907F6D54007F4D42720FDF765FAA07CC2
:101E40000421ECE770B5134E3078002872D1104CA5
:101E5000403C207D00286DD0FDF71FFB0025A574B8
:101E6000E57475702846FDF715FB0020FDF78CF929
:101E70000D480D38FDF73FFA0B481038FDF7F7FA1B
:101E8000FDF76CFBFFF7B9FFFDF7FFFA012111E049
:101E900068130020A40000207372635C6C6C5F61A7
:101EA00064762E63000000008E6701009A8913009B
:101EB000710200000020FDF743FA0F210520FDF715
:101EC000C1F92646403E3178701CFDF7ADF9A07B84
:101ED00001280CD004280AD0607D002807D02146B4
:101EE00012390846627B6630FFF732F86575A07DCF
:101EF000002807D0FE480146427B12399C30FFF78C
:101F000040F8A575306E0178002903D00178001DD6
:101F1000FDF7C8F9F06D0178002906D0F44A401C9D
:101F2000C732FDF754FE01206076FDF7C3FA0020AA
:101F300070BDFFE70C20FBE7EE494860704770B5C5
:101F4000050001D0FFF759FFE94C2034E07C002860
:101F50000AD0A07B012804D19920E749C00004F0F1
:101F600062FAFFF702FFE3E7002D0DD00221002007
:101F7000FDF7E6F9DE4840300079032801D001285A
:101F800002D10220FDF73BFCE07D002600280DD0A9
:101F9000D74D203D2846691C9430FEF7BEFF2846E9
:101FA000691CBC30FEF7B9FFE6752676D048743060
:101FB000FDF786FAA07B030004F026FB0504040469
:101FC0000D04090001210846FDF79FFB03E0CA4903
:101FD000CA4804F028FAE17BA07C81430120002953
:101FE00003D1A17B012903D0E074C24908709FE7A7
:101FF000A674FAE710B5FDF750FABE48007800283D
:1020000018D1BB482030007D002813D00020FFF7F6
:1020100096FFB74840300079002809D001280FD03A
:10202000022805D003280BD0B349B54804F0FBF9CA
:10203000002010BD00F040FAFDF73CFA0C2010BD66
:10204000F0F7E6FFF4E7AB49012048707047F8B5B8
:10205000002400F0E0FF002824D0FF202D30FDF701
:102060006CF9A44D2878A24F403701281DD00228D2
:1020700001D0032834D0A2489F496B3004F0D3F933
:10208000287800280DD0387900280AD0012808D0F7
:10209000022838D0032836D099489749803004F078
:1020A000C2F9F8BDFFF761FEF8BD914E2036B07B56
:1020B000032815D0707E002803D0FDF798FDFDF7AA
:1020C00074FA8B48C430FDF7FBF9B07B012812D0BD
:1020D000042810D0B879012806D0032804D004E0E1
:1020E0000120FFF72CFFCBE7102421460E200143EF
:1020F0000020FDF70AFB7879012801D1FDF76FFA7E
:1021000002202870BCE728780228CDD10120FDF7F5
:1021100076FBF8BD70B5764840304079012801D192
:1021200000F0D4F9724C2034607E002803D0FDF713
:1021300044FAFDF76DFD00F06EFF00280CD06D4DE8
:102140002878022804D06E486B49A33004F06BF95C
:10215000A07B012803D006E0FFF707FEE8E6992000
:102160008000FDF7EAF80120FFF7E9FE2878002853
:10217000F4D028780128F1D039205F49000104F01B
:1021800052F9D5E6F0B5074689B000200690FDF774
:10219000AEF800900020019056480078022804D044
:1021A00057485549F03004F03EF9514D40356879B3
:1021B000012801D100F08AF94D48C430FEF7A9FE8C
:1021C0004B4E04462036002F70D03046A430FEF728
:1021D000F1FE0028F8D0FDF731F80028F4D0707E29
:1021E00000280AD005277F1EFFB2FDF72CFD02282C
:1021F0000FD0012800D0002001903D492046C43175
:102200000C46643C030004F0FFF906A4A4A40CA44B
:1022100056A4002FE7D177203AA1C00004F003F9BB
:10222000E9E7B07B012841D004283FD0019A00980B
:10223000104304D1A879002801D0022836D168794A
:1022400001281DD1607A00281AD101206072087817
:1022500006224006C00FA0722548C91C6B3003F04F
:1022600064FF244C224FA07871377F2804D1A92025
:1022700024A1C00004F0D7F8A07838707F20A070A7
:102280001B489C30FDF71CF91A480321017028797E
:10229000002860D001280AD002285CD0032806D08C
:1022A000164818A1E03804F0BEF854E051E00120CF
:1022B000FDF7A5FA4FE00E480F462038C978C079DF
:1022C000814230D10A4839792038027A91422AD1A4
:1022D0007979427A914226D1B979827A914222D192
:1022E000F979C27A91421ED1397A027B914211E08A
:1022F00008130020A4000020981E0100F60400002E
:10230000DE0200007372635C6C6C5F6164762E6346
:102310000000000007D13978407B4906C90F81428F
:1023200001D1012100E00021B07B012801D0042867
:1023300001D100290AD100280BD101990098084346
:1023400004D1A879002801D0012802D1307E0028CC
:102350001FD001200690707E002803D0FDF72DF9D4
:10236000FDF756FC0698002802D00120FFF7E7FD94
:102370005D48017800290AD00178012907D000784A
:10238000032804D095205949C00004F04CF809B046
:10239000F0BD55480422406855490F3003F0C5FE92
:1023A000387806224006C10F4F4840680177F91C73
:1023B0001D3003F0BAFE4C484D4940680322091D08
:1023C000133003F0B2FE4848494A4068B97D817530
:1023D0000F3A117ED37D09021943018311468B7E8A
:1023E0004F7E1B023B438380137FD77E1A023A4302
:1023F000C2808A7F4B7F1102194301813C4905222B
:1024000010310A3003F091FE3948374A1130017912
:102410005768C906C90EB97600794009F876287A56
:10242000002809D0A07900283AD11320E0710020BB
:1024300020720120A07133E00020A8727888B08556
:10244000387FE8732A48394606221D31833803F065
:102450006CFE27490622F3390878A87508467730BC
:10246000491C03F062FEB888F087F888208038891C
:102470006080F87E20710198002860790BD00121DE
:1024800008436071FDF7F2FB61794000C907C90F8D
:102490000143617102E04008400060710120287230
:1024A000114C0020207000F007F8FDF703F8012020
:1024B000616800F019FF4EE710B5FDF76AF8FDF707
:1024C0005DF8FCF7B5FFFCF7DAFF10BD064810B564
:1024D000801CFDF78DF8002802D103497F20887009
:1024E000FDF774F810BD0000A400002004230100D3
:1024F000DB1300208107C90E002808DA0007000F4F
:1025000008388008F74A80008018C06904E0800815
:10251000F54A800080180068C8400006800F7047A8
:1025200010B500F03BFF10BD70B5F04C0546626879
:10253000002908D0002A04D0FF20EDA10C3003F0C0
:1025400072FF656070BD002A04D1FF20E8A112303F
:1025500003F069FF0020606070BDE948C07E7047ED
:10256000E7482830C07E704738B5E04C20680168E5
:102570004978012925D001216846FAF7C9FC684647
:102580000078E049000203F04AFE2068426AC06811
:1025900012685118FBF7ADFC2168C860D84A206862
:1025A00028320321904218D0028B002A15D0012234
:1025B0004272017200210171021D017F00F0FBFED9
:1025C00038BD7D21C068C900FBF793FC2168C86055
:1025D000FFF7DDFA21680861E0E7028B521C0283F5
:1025E0004172E6E7FFB5C64E85B0706A346805688B
:1025F00060680190306A0390298E0798401A80B273
:1026000002900898002804D02746383720464830E2
:1026100002E0371D2846A830009003203871059845
:10262000002820D001287DD002285ED003287AD04F
:10263000AFA1B54803F0F7FE0898002807D0387915
:10264000032804D0B048AAA1093003F0ECFEA16A27
:102650007069FBF74EFCB860616A206A88427DD9D8
:10266000009801601FE1306A002804D1A648A0A1AB
:102670007A3803F0D8FEA449288B373948434018EC
:10268000069900F0A6FEA0619F49A8883739484303
:10269000069900F09EFEE061316A9B48891CA162A8
:1026A0002A8B37384243A069974B121AE63BD2185F
:1026B0005118A162944BAA7D373B5A4340008018C1
:1026C000FF30193020626062306A081AED21FF384D
:1026D000C90015388842AFD28C49884204D28A4852
:1026E00083A15D3803F09FFEB6E0874A288B373A16
:1026F000E16850430818069900F06BFEA06182491A
:10270000A88837394843069900F063FEE061306AD3
:10271000002804D17C4876A1553803F084FEAE2011
:10272000405B01E02CE05AE00028288B784AE16801
:102730001DD050430818A169401AA0622169A06801
:10274000734A4843A1694018A97D4000514340188D
:10275000FF3017302062A888504300E0A1E0E16913
:10276000411A6F20C000081A6062A06A34E050432A
:102770000818A169401A3168D63849684018DCE762
:10278000284680300190C08D002802D0306A002891
:1027900004D15F4856A1401F03F045FEA8885C495C
:1027A000E3694843C01AA06201999C46CA8D216919
:1027B000A368521A4B43A169591863465343C91879
:1027C000AA7D534B49005A438918FF3117312162C2
:1027D0006F21C900411A6162316A401A35E00898D8
:1027E000002803D03420005D002878D1A88848490B
:1027F0004843E169401A02994843A0622846803064
:102800000490C08D0028019829D0002804D03E48AB
:1028100037A1163803F007FE04983D4AC18D02988F
:102820000818E16948434000FF3017302062A8884B
:102830005043411A6F20C000081A606200F0AEFDDC
:1028400000281CD0A16A0398081AED21FF38C9009E
:102850005538884200D3EFE601203871ECE60028B5
:1028600002D00398002804D1294821A11A3003F08E
:10287000DAFD0198A16AD6380818A062CCE7FBF708
:102880009EF8726901461046FCF7BFFAA16A081A61
:10289000ED21FF38C90050388842DCD2012009B050
:1028A000F0BD0099086000981A4900688035081842
:1028B000F860298B0798081A00B2002804DD0598F3
:1028C000022801D0032000E00120787108983870B8
:1028D0000898002820D03420005D00281CD0022059
:1028E000DDE7000000ED00E000E400E0B4000020BF
:1028F0007372635C6C6C5F6C6D2E73302E630000C2
:10290000F413002010270000190500002902000020
:10291000E20400004B1700000898012148402034D1
:102920006075317F3A46304600F045FD0020B6E73D
:1029300010B5FE4900280A68516A096807D0126874
:102940008988FB4BD2695943891A03F068FC10BD92
:10295000F8B5F64F38680468416A26460D68203697
:10296000717D00290AD0618E2A8E914206D1407A6B
:10297000012803D1EF49F04803F055FDFBF71FF89C
:10298000014638684069FCF740FAFFF7D1FF2A8E0C
:10299000618E1318994202DB491C618602E0401CDB
:1029A00010186086B07D002806D19C21608E495B9E
:1029B000884201D1401C6086DC480168088B0328EE
:1029C00002D2401C088302E0618E982041532846C1
:1029D00040300646C1898089081A298E401E401859
:1029E00087B218E0D148EB7E00685B00406A00794E
:1029F0004100D248415AC05A401881B2207D00237C
:102A0000FFF7F0FD00280FD001280ED0CA48C949B1
:102A10003A3003F008FD628EB81A00B20028E1DAFD
:102A20000820B07200F010FEF8BD608E401C608679
:102A3000F1E770B5BD4D002168680162C27E1300E8
:102A400003F0E2FD045656034A56426A14680268CF
:102A500011700268516000682030407D002808D164
:102A6000FAF7ADFF69680968096CFCF7CEF9002830
:102A700018DC6868228E0168498E914206D1214691
:102A800080318B8B9A1ACA83238605E0891A9E228D
:102A900011530168498E21860268C1681164C168BA
:102AA000416111E068680168098E228E8B1A224606
:102AB0008032D3830168098E218601680B6CC36064
:102AC0000B6C4361886C9062204601F0D8FC0028B2
:102AD0000DD098499A4808E0C1684161FFF7B2F902
:102AE000002804D096489349801D03F09CFC70BDDB
:102AF000934890490D30F8E710B58C4A0B001268E6
:102B000003F082FD0906090F1F0C2E2E082B2E0044
:102B1000FFF78FFF10BD00F068FC10BDFCF772FEE0
:102B200010BDD07E022806D0D07E032806D0FF201C
:102B30008049A3300EE0FFF70BFF10BDFFF714FD37
:102B400010BDD07E0228F6D0D07E0328F6D0FF201C
:102B50007849AE3003F067FCF0E7FAF715FF10BDD7
:102B6000FF207449BC3003F05EFC10BDF3B581B0AA
:102B70000E4601276D4D734C0B0003F045FD090611
:102B80002F39392F40403939400001216D48FFF776
:102B9000CBFC31460198FFF7AFFFE07E022826D13B
:102BA00068680568406A0668FAF7E7FEB188604A17
:102BB0005143EA69891AD639E962B72802D26248D4
:102BC000081803E0081A6049B7314018E8625F4806
:102BD000E96A814200D80846E86205E00198FFF7FB
:102BE0008BFFE07E022802D1206820300775FEBDF1
:102BF0002C600198FFF780FF00202860FEBDFF20B9
:102C00004C495C3003F00FFCFEBD70B50C46064627
:102C10000B0003F0F9FC09060D10100D1A1A101024
:102C20001A00484801212830FFF77EFC2146304633
:102C3000FFF762FF70BD43483C4D283028603046A6
:102C4000FFF75AFF0020286070BDFF20394982300D
:102C500003F0E9FB70BDF0B5344C0020216885B06D
:102C600003258D76CA7E0746032A03D0C97E002934
:102C700029D029E0087F002803D12E49344803F0E9
:102C8000D2FB2068067F684605714571FAF797FE0A
:102C90000290FF20F53003900121684601706946DB
:102CA0003046FBF70CFB00E020BF2068007FFCF7FC
:102CB00038F90028F8D02068007FFAF765FE206810
:102CC000077700F072FB012021688F7605B0F0BD18
:102CD00016490A68907600E020BF0A68D07E002876
:102CE00003D0D07E937E9842F6D0D07E002803D0C9
:102CF00000200021917670470120FAE770B5114954
:102D00000024CA7E094D032A03D02831CA7E032A33
:102D10002ED12960002827D0012821D00C48054950
:102D2000973003F080FB0020296813E0B4000020F6
:102D3000E2040000F0280100F70500009E67010092
:102D4000A1030000F4130020C4F8FFFF38120000B4
:102D500072020000086048622860002C08D070BD34
:102D60000320FFF7B5FF01E0FFF775FF0446DAE740
:102D70000C2070BDF8B5F94F04461F25E67E3300E0
:102D800003F042FC042920031B20F548844204D0B0
:102D9000FF20F449FC3003F046FB02203C60FFF7C3
:102DA00097FF002805D03968002008604862386025
:102DB00011E00C25002038600AE00120FFF79EFF9B
:102DC000054603E0E749E84803F02DFB002D02D05B
:102DD000E07EB042D2D1E07E002804D0E248E14952
:102DE000801D03F020FBF8BD10B5DD48FFF7C2FFE2
:102DF000DB482830FFF7BEFFD94900205031087565
:102E0000D649C91F4870D64948610A4628325061E0
:102E100088769076D1494860086010BD70B5044648
:102E20000120FFF767FBC5B20B20FFF763FBC0B2C1
:102E3000854204D0FF20CB49C63003F0F4FA0120CC
:102E4000FFF758FBC5B21820FFF754FBC0B285420C
:102E500004D0FF20C349C73003F0E5FA0420C04383
:102E6000FFF748FBC5B21920FFF744FBC0B285420B
:102E700004D0FF20BB49C83003F0D5FAB748B849A1
:102E8000083804700020C87688760A462832D07642
:102E90009076B24B012408331C711860486250626E
:102EA00008601060FFF7A0FF70BDAC4908310871E1
:102EB0007047FEB5AA49CA7E08462830A74C002AAA
:102EC00002D1C27E002A03D0C97E022903D005E0C8
:102ED000A648216006E0C17E002901D00C20FEBD7D
:102EE0002060A348FAF7FCFC216808779B4920681A
:102EF000C91F0160C91C4162007F002804D1AD20B8
:102F00009849800003F08FFAFAF737FD9949884213
:102F100000D20846FF30C83086B220680325C57647
:102F2000FEF735FE21680861FEF758FE00270028ED
:102F300027D0FEF753FE21684A6A10600968012015
:102F4000087001466846F9F7E3FF684600788A4949
:102F5000000203F064F90191FAF731FD019971184B
:102F6000FAF7C7FF2168C8602068057245720771CB
:102F7000021D017F00F01FFA2068078300202760F0
:102F8000FEBDFAF71CFD3146FAF7B3FF2168C860B1
:102F900008680770096801204870E5E77047F8B5D0
:102FA0006F4EF17E002904D131462831C97E0029B7
:102FB00001D00C20F8BD0221F176694C674F5034E6
:102FC0000837776234600025386025753979C07E0E
:102FD0004A006A4940008A5A085A2B46101881B2A2
:102FE0002A462846FFF7FEFA002804D0CF205D4984
:102FF000800003F018FA25610120A5602075658620
:1030000025865748703085753968088E401E0886B9
:1030100035830020F8BD10B5504801244068817EFA
:1030200003290CD001684978002906D0006A544968
:10303000884202D90024FFF706F8204610BD00247C
:10304000FBE74648406802681178491C1170016A24
:103050000068C26A914204D8007D012801D0012095
:1030600070470020704700207047F8B53B4C3C4843
:103070002060416A00680D68002634210E54A621A4
:10308000495D00294BD1007D032848D1FAF797FC10
:10309000014620684069FBF7B8FE00283FDDFFF7D6
:1030A00047FC298E401C4118206802681186006880
:1030B000018E9C22525B511A09B200292FDD012199
:1030C0002030817528464030C1898089081A298EB0
:1030D000401E401887B21BE0496A09794A00274917
:1030E0008B5A028E007D9446EA7E5200895AC91896
:1030F00089B201236246FFF775FA00280FD0012834
:103100000FD002280BD01B481649193803F08BF951
:1031100021680868028EBA1A12B2002ADCDA266028
:10312000F8BD20680068018E491C0186F0E7F8B5FB
:103130000A4D00266A680128516A0C6853D1087943
:103140000E4940000B5A1068077D032F1AD0027DEC
:10315000022A24D0007D012834D044E0B4000020AD
:10316000F4130020F0280100070200006D2B01007D
:103170000B2C0100F6050000102700009E670100DF
:10318000D98213000661106886609C20025BE07E95
:103190004000085AC01881B2002303201BE02246D9
:1031A0008032D78D0761E07E928B4000085AC018AC
:1031B00081B200230220FFF715FA6A680121126824
:1031C00011750AE09C20025BE07E4000085AC0189E
:1031D00081B200230120FFF705FA002803D09C49A3
:1031E0009C4803F020F9FAF735FB9B480078EFF78D
:1031F0006FF8686806830268218E51860068203067
:103200008675F8BD38B5944C0021083460680D46C9
:1032100000684278002A01D045701FE0007800283D
:1032200009D001216846F9F773FE684600788B499A
:10323000000202F0F4FF6068426AC0681268511828
:10324000FAF757FE01466068C160057103214172BB
:10325000021D017F00F0AFF860680583FAF7FAFA03
:103260007D480078EFF734F838BD7B4A10B5014649
:10327000083250680B0003F0C7F9060D1504081753
:103280000C31012100F0D1F807E00021106800F0B6
:10329000CCF810BD0120FFF74AFF00210846FFF7D8
:1032A00043F910BD032116E0416A02680968D36939
:1032B00093608A886A4B5A430368DA600A46C032D0
:1032C000D3890B83137B8B75138A8B80538ACB80B6
:1032D000928A0A8102210068017510BD5D485C492F
:1032E000913003F0A0F810BD70B500280BD05A4CF7
:1032F000083401280ED002281ED056485449B43054
:1033000003F091F870BDFFF77DFF00210846FFF73D
:103310000BF970BD6068002501684D7000F045F83C
:103320000320F5F7B8FEFAF795FA4B486560007888
:10333000EEF7CEFF656070BDFFF764FF606800F0D8
:1033400034F800210846FFF7EFF80420F5F7A3FE54
:1033500070BD414908314968CA7E022A08D10A680D
:103360001378002B04D150600968CA6A1018C8622B
:103370007047394A10B50832526800290CD001292B
:1033800007D0022907D033483149D93003F04BF830
:1033900010BD801E00E0401F106210BD2E48083096
:1033A0004068002800D0012070470021C176817656
:1033B00001604162704710B50B46C17E847EA14218
:1033C00004D011461846FAF77AFF10BDFFF7EDFF5B
:1033D00010BD024610B50020002905D00846504314
:1033E000204902F01CFF401C10BD1B4810B50830DE
:1033F0004068C07E030003F007F9041515030B15A0
:1034000001F05EF900280CD00F2017A1800106E022
:10341000FEF7F0FD002804D0F12013A1800003F096
:1034200002F810BD10A11448F9E710B504460029B0
:1034300003D00020FFF77BFE03E007480078EEF79B
:1034400047FF2046FFF7B1FF0020F5F724FE10BD2F
:10345000F028010092060000AC00002010270000B8
:10346000E204000040420F007372635C6C6C5F6C9E
:103470006D2E73302E630000CB030000F8B5FEF70D
:10348000B0F90446FEF756FAF84E0546706920304A
:10349000407D002809D0012827D002282AD00328FF
:1034A00032D0FF20F2A19A3037E0F0481830FEF712
:1034B0001EFA002801D003200FE0EC481830FEF778
:1034C00049F9002804D070695B21095C002908D003
:1034D000E6481830FEF7D2F90120716920314875AD
:1034E0001DE002212030417519E0E0481830FEF758
:1034F000C5F914E0DD481830FEF72CF900280ED18C
:10350000FF20DBA18C3008E0D8481830FEF7EFF937
:10351000002804D1FF20D6A1943002F084FFB069C6
:10352000F72201781140017072692032937DDB0728
:103530001B0F1943FB2319400170D37DDB075B0F81
:1035400019430170577DEF23022F04D0012F07D0BC
:10355000032F07D00CE0012C06D8002D04D007E083
:103560006D1E2C43002C03D019401023194300E09A
:1035700019400170D17F002916D0517D012913D047
:10358000BF48FBF79DFFBE480021283001767269D5
:10359000916ED26E42610161B949B269FCF7A3FA3A
:1035A0000020FCF7AFFA03E0FBF78AFFFCF7CDFA47
:1035B000B0690078C00606D4F0690078C00602D46D
:1035C000F079002806D0B079002803D101210846FF
:1035D000FCF79BF8032030703079002803D1FBF70B
:1035E000BDFF01203071F8BD70B5A0481C30FEF75A
:1035F000B9F901259D4C002802D00020607002E03E
:1036000065709F48E061606940300078002802D012
:103610006078002805D0E069FBF752FFFCF795FAC7
:1036200070BD9748FBF74CFF9548283005766269D6
:10363000116F526F42610161914AE169FCF753FADF
:103640000120FCF75FFA70BD10B588490023486976
:1036500002462030C3768377012049239854A03254
:103660009279002A03D008700021022001E0002195
:103670000320FFF7FAFD10BD70B57C4C6079C206DF
:103680002046406901468031002A01DA002202E02A
:10369000CA8DCB8BD218CA850246C0321379002B53
:1036A00005D0034640331D8AC98B69181982617A97
:1036B000002903D03D2001F051F94AE003462033B0
:1036C000D97E042945D0217A002913D0480701D496
:1036D000C80601D51E2030E0080701D53D202CE0AA
:1036E000C80705D1880703D461A1664802F09BFE94
:1036F0002A2022E04030817D002905D0418A4D1CDE
:103700004582858AA9420FD2517A062902D0117AC0
:10371000062905D1018B4A1C0283828A914203D279
:10372000028AC1898A4201D3222006E09A7F8089D9
:10373000002A0AD088420FD3082001F00FF96069EF
:103740002030C07E042804D006E0062804D33E20A2
:10375000F3E7FFF779FF70BD0120207000210846D4
:10376000FFF783FD70BD10B5404840690146203128
:103770008A7F002A29D0012A27D0022A06D0032ACC
:1037800004D03BA1404802F04EFE10BDC97E032983
:103790000FD0082919D001464031CA898989511AA8
:1037A000891E89B2032900D303218030828B5118EE
:1037B00009E0014640318A89032A06D3028EC9896D
:1037C00080305118491C018310BD8030818BFAE78D
:1037D00000B5030002F018FF0604070B0F121217C2
:1037E00000290ED00FE0891E02290AD90BE0891F9B
:1037F000012906D907E0082903D004E00B390C2978
:1038000001D8012000BD002000BDFEB505461748C7
:103810001830FEF740F8002804D11B4814A1D13815
:1038200002F001FE114CA069FDF702FC0321A06922
:10383000FDF721FCA069EF220178114001702946B3
:10384000FDF740FC002601272B0002F0DDFE0E5C98
:103850005C085C2C6060255C4C5C603C375C60699B
:103860006521095C002911D0062111E0C400002067
:103870007372635C6C6C5F736C6176652E630000C1
:1038800090140020430200005C080000C030417921
:10389000A069FDF797FC3AE060698030417CA0693F
:1038A000FDF7D7FC33E06169A069B831FDF7ADFCE5
:1038B0006169A0698C31FDF7AEFC28E00621A069A2
:1038C000FDF7C5FC23E020690178A069FDF7A9FC9C
:1038D00020698188A069FDF7A6FC20694188A0695C
:1038E000FDF7A5FC13E00096019660696030007951
:1038F000002803D069460878384308706946A069F3
:10390000FDF7B1FC03E0F949F94802F08CFDFDF741
:10391000D4FF002804D1F648F449801D02F083FD4D
:103920000C2D06D0072D03D0606940304682877584
:10393000FEBD606940300683FEBDF0B5ED4CC82089
:1039400061698DB0405C04280AD0052835D15C201F
:10395000405C00282AD0012060314871022026E016
:1039600010226846D63101F030F86169102204A8AF
:10397000B03101F02AF8684601F0DFFB08AE8DCEC9
:10398000616984250E4678360DC66F5000250D6797
:103990004D67012540267554D74D88318DC5284681
:1039A0000822093002F0C1FB052000E00D20FFF7DE
:1039B0002CFF61690020C03108720DB0F0BDF8B570
:1039C000CC481830FDF767FF002848D0C94C207A52
:1039D000002844D16069C421095C002500290ED06B
:1039E0002030C17E0120FFF7F3FE002807D1606977
:1039F0002030C17E0420FFF7EBFE002806D060696E
:103A0000C921095C0126062907D00DE06069502113
:103A10000D526030457102204EE02030C17E0420FE
:103A2000FFF7D6FE002813D0616908462030C27E19
:103A3000921E130002F0E8FD166262621D6262626D
:103A400060621F6262622843626262626262466210
:103A500060695E21095CC90702D0C0304572F8BDBB
:103A60000C20FFF7D2FE60694030817F31438177BF
:103A7000F8BD072020E0FDF79AFF0028F8D0606924
:103A8000403005700B2017E0F9F741FA0C28EFD30E
:103A900060690821B830F9F73BFA002806D0606960
:103AA00004218C30F9F734FA002804D1C72093A1FF
:103AB000C00002F0B8FC0420FFF7A7FEF8BDFFF736
:103AC0003CFFF8BD00228A66CA66C6770A4678318E
:103AD000C8C9894878322838D26842632830C8C0BB
:103AE00008220D30091D02F020FB0620FFF78DFE95
:103AF000606940308575F8BD0920DDE700F036FFCC
:103B0000F8BD70B57B4C3B216069095C08292FD159
:103B10000146028EC0314B89521C9A4228D1227A2A
:103B2000002A25D10A8A83889A4207D14B8AC58800
:103B3000AB4203D18B8A0589AB4209D043884B85C0
:103B40008A854A8ACA858A8A0A860122E6210A5417
:103B500001221146FDF747FC00210420FFF785FBF9
:103B600060690021C92211542030C1760321817778
:103B700070BD70B55F4C60692030C07E172803D0DF
:103B80005EA1624802F04FFC616900220B4640339F
:103B9000DA7608469A75E030867D0B240125002EE2
:103BA00006D0837C002B14D1C4740275857410E098
:103BB0001E7F002E07D01A774C88FA235C520276BB
:103BC0000C23837505E04E88FA235E520276057752
:103BD00084752031CA7670BD70B5464CA0798007D7
:103BE00036D5207A002833D160692030C17E01208B
:103BF000FFF7EEFD00282BD1A0690126C078002533
:103C0000030002F001FD0E8585088537465F0A85B1
:103C1000168526625285032152E060692030C07EFD
:103C2000052804D0394835A1333802F0FCFB60691F
:103C30000CE060692030C07E092804D033482FA1F1
:103C40002D3802F0F0FB606956210D542030C57606
:103C500070BD60692030C07E0B2804D02B4827A19E
:103C6000263802F0E0FB60695B210E540C21203005
:103C7000C17670BD60692030C07E0F2804D0234813
:103C80001EA11F3802F0CFFB60695B210E5410218A
:103C9000EDE760692030C07E102804D01B4817A1D2
:103CA000183802F0C0FB12210AE060692030C07EA3
:103CB000102804D0154811A1123802F0B4FB1421C9
:103CC0006069D4E7FFF755FF70BD60690146C030F9
:103CD000027A062A04D14031897F890700D505720E
:103CE000417A0629F0D1457270BD0000703801009C
:103CF000CD070000C4000020B81400207372635C7C
:103D00006C6C5F736C6176652E6300004C0500007F
:103D1000FD49FE4802F087FBE6E710B5FC4C606900
:103D20002030C17E0020FFF753FD002803D1207A08
:103D3000012108432072207A002808D1E069FDF7AC
:103D4000EBF961699122505405202031C87610BDED
:103D500010B5EF4C60690146C0314A7A002A06D09E
:103D6000097A062903D0217A012211432172217A8E
:103D7000002928D14030807F800715D4E069FDF705
:103D80005AFA61694031C877E069FDF756FA61690E
:103D900040310884E069FDF755FA6169022240313B
:103DA0004884887F10438877606900220146C031CB
:103DB0000B7A062B00D10A724030837FDB0702D1D9
:103DC00006234B72028310BDF8B5D14C60692030D8
:103DD000C17E0020FFF7FCFC0125002807D16069A7
:103DE0004030007F002802D1207A28432072207AB8
:103DF000002830D160690026014640304682857532
:103E0000B031E069FDF7EFF96169E0698831FDF7EC
:103E1000F3F960690146E030827D0827002A06D068
:103E2000817C002913D1C774067585740FE04A8818
:103E3000F8204252FA31E069FDF7C8F96169E0699A
:103E4000FF310331FDF7CAF96069E03087756069B9
:103E50000F212030C176F8BD10B5AD4C606920301F
:103E6000C17E0020FFF7B4FC002803D1207A012195
:103E700008432072207A002812D1E069FDF769F921
:103E800000280ED0E069FDF75FF96169CA2250523F
:103E9000098E00F0D6FD002806D0282000F05EFD37
:103EA00010BDFFF73AFF10BDE069FDF74BF96169FE
:103EB000C0310873E069FDF740F96169C031C8811C
:103EC000E069FDF72BF96169C0310882E069FDF70F
:103ED0002AF96169C0314882E069FDF729F9616911
:103EE000D422505208202031C87610BDF8B5884C35
:103EF000A079C00776D0207A002873D1606920307D
:103F0000C17E0120FFF764FC002863D1E069002531
:103F1000C178022701260B0002F076FB0D1613086C
:103F2000415A5A445C575A192F545A00FDF74CF91C
:103F30006169C62250543B20475440314D828E75F2
:103F400048E000F093FD45E0FFF786FF42E060693E
:103F50002030C17E0020FFF73BFC002802D1207AF0
:103F600030432072207A002834D160690146403104
:103F70004D828E750B2120300FE0606901462030A4
:103F8000C27E0C2A02D0227A3A432272227A002A76
:103F900020D1C57740310E770D21C1761AE0FFF7A9
:103FA00013FF17E0606901462030C27E122A02D05A
:103FB000227A3A432272227A002A0BD140318D753F
:103FC0001721EAE7FFF7C4FE04E000F00DFD01E071
:103FD000FFF7A3FE62690023106F516F401C594127
:103FE00051671067F8BDF8B5494C05466069203047
:103FF0008079012801D1FBF7E9FA012D14D160691C
:104000004021095C002903D12030C07F002801D065
:10401000FBF79BFDFBF7BDFAFBF7B0FAFBF708FADD
:10402000FBF72DFAFBF746FA60790225C107012656
:10403000002901D180070ED560692030817F0029D9
:1040400002D0032902D006E0867700E085770021C0
:104050000120FFF70AF960692030817F012903D12F
:104060006179090700D58577607A002803D100F0CF
:1040700027FDFFF7A4FC207900250028606902D005
:104080008030058403E08030018C491C0184607914
:10409000C00705D06069AC210D544030858104E033
:1040A000616940318889401C8881E079002806D008
:1040B0006169A031087B022806D8401C087360693A
:1040C000A030007B022806D9606901468030058453
:1040D0004584A0310D7360692030C17E0020FFF758
:1040E00077FB002804D160692030C07E072855D1B5
:1040F00060690146C0310A7A062A4FD0497A0629FA
:104100004CD03E21095C05E0FC3C0100BA050000F2
:10411000C4000020022941D1A030007B00283DD1FD
:10412000FDF74FFB002839D0FDF704FC002835D0FF
:1041300061690A468032508B01282FD90846A03089
:10414000844646716038C7898389B81E834201DB83
:10415000012002E0F81A401E80B2138CA789BB42EE
:1041600001D3012302E0FB1A5B1C9BB2984200D9E9
:104170001846012801D163465D71C0310B78002BD0
:1041800010D0528C49888A4201D3012102E0891A59
:10419000491C89B2884205D9084603E061690120BB
:1041A000A0314D7161690A8E803110188883FFF744
:1041B000DAFAFFF761FAFEF756FF002809D06069C6
:1041C0000146FF3001300279002A02D14988C180BE
:1041D00006716069A0308571F8BD70B5F84C6069F2
:1041E0002030407D00283ED0022810D1FDF7C2FAD1
:1041F000002804D17120F349000102F014F962692A
:104200000023916ED06E491C58419166D06660695A
:10421000002520304575017D012904D10575A1795E
:1042200010221143A171C17C012915D1C574A07957
:1042300008210843A071FDF76AFB002804D1E5209E
:10424000E049C00002F0EFF860690023816EC26EA1
:10425000491C5A41C266816660692030817D01290E
:1042600002D0012181753FE585753DE570B5D44CDF
:104270000026E169012508788207920F0420012AAF
:1042800015D0022A13D0032A03D0217A01432172C8
:104290002AE560780028FBD1606920308574A17917
:1042A0002943A17122E0C6751EE5C5751CE5497854
:1042B000CA0624D06278002AEAD1C906C90E1B2991
:1042C00018D8617901436171FDF75FFB002804D1C3
:1042D0003B20BC49400102F0A6F860690023016F51
:1042E000426F491C5A41426701672030C17D012954
:1042F000DBD1D8E7207A102108432072F4E460690A
:10430000F3E77CB504460020C0436946888001A8D5
:10431000FCF7B2FD00287AD169468888FCF790FD49
:10432000002803D0A749A84802F07DF8009801466C
:10433000E030827C0025002A08D0657010212170B1
:10434000C17CA170017DE170857472E082799C4E20
:10435000002A13D065700720207008E07169E620FC
:104360008D8445540A22A01CE83101F0DEFE00983D
:10437000E03080790028F1D1A5705AE0827D002AD2
:1043800038D0827D130002F03FF90D2F2F2F2F2FF1
:104390002F2F2F112F2F24082F0065700C21217033
:1043A000017EA17071694988A18010E065700820C4
:1043B00020707069082240886080201DFA3101F069
:1043C000B4FEFF2100980331095AA181E0308575C0
:1043D0002FE065700B212170017EA1707169498801
:1043E000A180017FA171F2E7774876495D3002F044
:1043F0001AF81EE0C81DF9300279002A08D01122EF
:1044000065702270811C89886180057111E012E05D
:10441000027A002A0FD012226570FF312270033118
:1044200004E005720A8962804A89A280027A002A21
:10443000F7D101207CBD00207CBD614800780128B7
:1044400001D00C2070470020704770B55C4C0546C9
:104450002078002804D05C485A49933001F0E3FFEB
:1044600000202561A07201202070FFF7E6FF0028E0
:1044700004D0554853499E3001F0D5FF34E4F8B5D7
:104480004F4F3978012901D00C20F8BD0126A62113
:1044900078610E548030807CFDF752F900282FD0CF
:1044A00078698030807CFDF753FA002828D078693D
:1044B0008030807CFDF7E5F9002821D078698030D4
:1044C000807CFDF70AFA00281AD0FAF7E6FF78692F
:1044D00000258030408B002827D039481830FDF760
:1044E000DAF9002821D07869C421095C00291CD0A0
:1044F0002030C17E0120FFF76BF9002802D014E0C4
:104500001220F8BD78692030C17E0420FFF760F9E1
:1045100000280AD1786950210D526030457102207F
:10452000FFF773F97869A03045717869E621095C75
:10453000002903D1818CC288914200D8C188B981F9
:1045400001468031CA8B521E93B20A8CD21892B2A5
:104550000A8494460246A0321479002C02D04D847D
:10456000157102E04C8CE4184C8404464034A78951
:10457000FF18A7814C8B012C01D8641C4C83002BA5
:1045800000D015732030C07E0D4C04281ED0507909
:1045900000281DD0A1898C451AD2FDF712F90028F8
:1045A00016D060690146C0310A78002A10D08030E8
:1045B000408C498888420BD3A570E6700AE0000061
:1045C000C4000020FC3C010081080000A67001E04E
:1045D000A570E5706069A5210D543B21095C062991
:1045E00001D0072918D1CA21028E095A511A09B2DD
:1045F000002911DB01460522CC310A3001F095FD7E
:10460000012202216069FCF7EEFE6069C9210D54A8
:104610003B210D546030867160699E210A5A811CCD
:104620003030FCF71EFFA07800283DD16069C02122
:10463000095C002901D0803045840120FAF7A4FDEF
:1046400060691330FAF713FF60690F30FAF753FE11
:104650000120FAF71FFF61694020405C002803D168
:104660003F20405C00280DD00A467831C8C9F9487F
:104670007832D26842632830C8C008220D30091D44
:1046800001F053FDFAF701FF01210846FAF758FE41
:1046900060698030806AFAF716FFFEF7A5FF60694F
:1046A0004030007AFAF730FE6571E571A571257228
:1046B0006572257102202070FAF7FCFE0020F8BD1B
:1046C00010B5E54C2078022801D00C2010BDA07850
:1046D000002803D00020FFF786FC17E0FAF7DDFE84
:1046E00000F033F9606920308079012801D1FAF7B0
:1046F00076FFA07A002809D0012807D0022807D029
:10470000032805D0D549D64801F08DFE002010BD04
:10471000EEF77EFCFAE7D0498872704710B5CE4CB0
:104720002078032804D0CE48CC49293001F07BFE04
:10473000606901212030827C002A06D00022827428
:104740000175A27904231A43A271A2691378DB438D
:104750009B0707D1C37C002B04D1C174A07902212F
:104760000843A0711078C00606D4E0690078C0063E
:1047700002D4E07900280CD06078002809D1A07913
:10478000002806D1FEF75DFC002802D0207A002820
:1047900003D00120FFF727FC03E0FEF725FF00F020
:1047A000D4F8207801280DD0A07A00280AD001285A
:1047B00008D0022807D0032805D0A948A7496830A7
:1047C00001F031FE10BD0120FBF719F810BD10B546
:1047D000A14C606920308079012812D1FAF7F6FEE9
:1047E0006169881C3031FCF7C5FE002809D060697A
:1047F000C21D4388F93253812030007E107301209E
:10480000107210BD70B5944C05462078042804D071
:1048100093489249803001F006FE617910200143EF
:104820006171002D50D0FBF7A8F96178012508438C
:10483000002811D160694021095C00290CD0E16990
:104840004A78D20608D0097820300907C07DC90F00
:10485000814201D165724EE0E078002809D0E0691C
:104860004178C90605D10078C00602D4FFF7AFFF32
:1048700041E0FFF7ACFFE06900784007C10F6069D5
:104880002030807D814205D0FFF7A7FC60790821A8
:1048900008436071E06900780007C10F606920304B
:1048A000C07D814201D1FFF7E1FC6079284360714E
:1048B0000020E071A079000704D560692030C07E37
:1048C000032818D0207A14E0022001436171E079B6
:1048D000401CC0B2E07101280DD8606940300078FA
:1048E00000280CD05B484078C106C90E052906D2C5
:1048F000C006002803D00120FFF775FB01E0FEF79A
:10490000BDFD207801280DD0A07A00280AD001280A
:1049100009D0022806D0032805D051484F49E2307B
:1049200001F081FD9FE40120FAF769FF9BE410B5D7
:1049300049480078042804D049484849EA3001F041
:1049400072FD0120FFF74FFB10BD10B501210020C3
:10495000FAF7DBFE40490420087010BD3E494A22A8
:104960004969505404202031C876704710B53A4C3C
:10497000C8206169405C00281CD0062806D0203180
:10498000C97E0020FEF724FF002813D0606901468D
:10499000C0310A7A130001F037FE070D0D0D0D0D21
:1049A0000D050D004030807FC20704D0C043800752
:1049B00000D1087210BD0C20FEF727FF60690122AC
:1049C0004030817F1143817710BD10B5002A0AD095
:1049D000002306E0D41A6418203CE47FC4545B1C16
:1049E000DBB29342F6D310BD7CB51B4C606920301E
:1049F000C17E0020FEF7ECFE0125002802D1207ABE
:104A000028432072207A00281AD16946E069FCF711
:104A100022FC684600780022C107C90F6846017071
:104A20006069002902D06030057101E060300271D8
:104A30006069014640304282857509202031C87680
:104A40007CBD401A074900B2884201DC00280BDC1B
:104A50000120704790140020C4000020FC3C01009D
:104A6000F4090000FE7F00000020F2E710B5534C6F
:104A700060692030C17E0020FEF7AAFE0028207A5F
:104A800010D000280DD1E069FCF797FB6169CA22BC
:104A90005052098EFFF7D5FF002807D02820FFF7D6
:104AA0005DFF10BD01210843207210BD6169E069FE
:104AB000CC31FCF77AFB606906212030C17610BD4D
:104AC00010B500F04EF83D4C607940070BD5606999
:104AD0002030C17E0520FEF77BFE002803D0207A1F
:104AE000082108432072FFF701FA00F018F8FFF7D9
:104AF00073F8A079C0060FD5207A00280CD1606920
:104B00002030C17E0B0001F07FFD07070707070774
:104B1000070507000721C176FEF7F3FF10BD10B5AA
:104B200026488179490715D5017A002912D14069B3
:104B30003B21095C891E0B0001F066FD07050C0C8A
:104B40000C0D0C0F0C00002256210A54C030807945
:104B5000FFF704FF10BD012100E00221C0304172C7
:104B600010BD10B515488179090720D5017A0029B3
:104B70001DD1406902462032D47EA41E230001F0DC
:104B800043FD13160B1616161616161616161616BF
:104B90001616161616171600562211546030407954
:104BA000002801D0062000E01620FFF7D7FE10BD38
:104BB0004030C1768175D17610BD0000C400002060
:104BC00030B50346002002460DE09C5C2546303D92
:104BD0000A2D02D30020C04330BD0A256843303877
:104BE0002018521CD2B28A42EFD330BD70B50D46A8
:104BF000144608E00A2101F012FB2A193031203A4C
:104C0000641ED177E4B2002CF4D170BD10B500233E
:104C100010E0040A00020443A0B2CC5C4440200629
:104C2000000F60400407240C44402006C00C604084
:104C30005B1C9BB29342ECD310BD000010B572B662
:104C400000F0DCF800280BD0ECF72AFBF8F7EFFDBA
:104C500000F0A5FD6E490020C86288626D490860B9
:104C600062B6002010BDF3B5002501200007C06A20
:104C700081B0C0430006000E04D167480068401CA4
:104C800000D1012572B600F0B9F8002802D062B652
:104C90000820FEBDECF75AFAECF706FB5F4B604EBE
:104CA00000211A68CA40D2071FD00246CA40D20764
:104CB00018D14AB2002A07DA1407240F083CA408C6
:104CC000A400A419E46904E09408564FA400E41970
:104CD00024689207D20ED4402206920F012A04D0F3
:104CE000032A02D062B65048FEBD491C2029D8D301
:104CF0000198030001F088FC14212323232323239C
:104D000023230B0D0F11131F1517191B1D2E002424
:104D100016E0012414E0022412E0032410E004242D
:104D20000EE008240CE009240AE00A2408E00B2421
:104D300006E00C2404E0052402E0072400E0062439
:104D4000F06901210002000AC9070843F061002D43
:104D500004D009E062B601200003FEBD2C4D3348AB
:104D6000E862ECF7A1FAA8622A49314808603149A3
:104D700002980860ECF798FA214600F0F7FCF8F783
:104D80001AFD00F0FDFE00F073FD0198ECF756FAF5
:104D9000040062B603D0FFF751FF2046FEBD00209D
:104DA000FEBD10B5044600F029F8002800D001200F
:104DB0002070002010BD204908600020704710B509
:104DC0000C46102808D011280BD012280CD013281C
:104DD0000ED00120086010BD03CC083CFFF743FF54
:104DE0000AE0FFF72BFF07E02068FFF7DAFF03E098
:104DF0001149206808600020206010BD05480C495A
:104E00000068884201D101207047002070470000EF
:104E100000050040780000200010001000E100E0D4
:104E200000ED00E000E400E00110000000190000C7
:104E3000BEBAFECAE40000200400002010B52038ED
:104E40000C46030001F0E0FB33A6AAAEB2B8BCC02A
:104E5000C5E0DBE41B1F23272C31373C41474D5075
:104E600054585C606D71656974787C8084888C901E
:104E700094989C9FA2CACFE9F0F3D3D7F80020689A
:104E800000F0DDF8D6E0206800F0E1F8D2E020681C
:104E900000F0F5F8CEE0207840B200F0D7FAC9E093
:104EA000207840B200F0F5FAC4E02078616840B2A2
:104EB00000F008FBBEE0207840B200F018FBB9E03B
:104EC000207840B200F023FBB4E02078217940B292
:104ED00000F02EFBAEE02078616840B200F058FB95
:104EE000A8E000F064FBA5E0206800F068FBA1E00A
:104EF000207800F07DFB9DE02068F8F72CF899E021
:104F00002068F8F72CF895E021792068F8F72EF85A
:104F100090E0206800F0E6F98CE0206800F0E7F906
:104F200088E0207800F0E7F984E000F0F1F981E012
:104F3000207800F0F3F97DE0207800F005FA79E0C0
:104F4000206800F01EFA75E0206800F020FA71E099
:104F5000206800F022FA6DE0206800F023FA69E092
:104F6000206800F025FA65E0206800F027FA61E08B
:104F7000206800F028FA5DE00846ECF7FFF859E0F9
:104F8000EDF719FA56E0EDF746FA53E02068EDF731
:104F90004EFA4FE0206800F0E1F84BE0206800F0A6
:104FA000E9F847E0206800F0F0F843E02078A268D4
:104FB000616800F0F5F83DE0207800F006F939E08E
:104FC000207800F017F935E02078616800F027F9C3
:104FD00030E02078616800F03AF92BE02179207800
:104FE00000F016FC26E0206800F06BF822E0206854
:104FF000F8F70CFB1EE02068F8F7F0FA1AE007CC8F
:105000000C3C00F0FFFC15E0206800F052FD11E0C0
:1050100003CC083C00F07DFD0CE0206800F06EFF42
:1050200008E009E003E0FFE700F080FF02E020680D
:1050300000F0B8FF206010BD0120086010BD002105
:105040000170084670470146002008707047EFF372
:105050001081C907C90F72B60278012A01D0012256
:1050600000E0002201230370002900D162B6002A6B
:1050700001D000207047012040037047E7E7EFF3BD
:105080001081C907C90F72B600220270002900D131
:1050900062B600207047F2E710B52848FFF7CFFF4F
:1050A000002803D026A11D2001F0BDF92348401C93
:1050B000FFF7C5FF002803D021A1212001F0B3F99B
:1050C00010BDF1B5224D6F6801261C48FFF7BFFFE8
:1050D0001A4C002803D10026601CFFF7D0FF1D4AA0
:1050E0001D490120506000BF00BF00BF00BF00BFCE
:1050F00000230B604B60009B6B60106000BF00BF23
:1051000000BF00BF00BF0868002802D1486800281F
:10511000F9D048680028E4D1002E04D06F60601CEC
:10512000FFF795FF07E0601CFFF791FF0028D3D140
:105130000248FFF7A4FF0020F8BDC2E7E800002006
:105140007372635C736F635F6563622E630000005C
:1051500000E5004000E0004000E100405A495B4BA0
:105160000A685B499A42096801D18904890C016087
:10517000002070475449554B0A6855499A4201D15D
:105180008004800C4860002070474F494F4B0A68EC
:105190004F499A4201D18004800C886000207047FA
:1051A00030B5494B494D1C684A4BAC4202D01028DF
:1051B00002D203E00E2801D3184630BDC300444894
:1051C000181801614261002030BD3F493F4B0A6819
:1051D0004049491C9A4202D0042802D203E0022826
:1051E00001D3084670473C4A0121C0008018016085
:1051F000002070473449354B0A683649491C9A42A9
:1052000002D0042802D203E0022801D308467047E6
:10521000314A0121C000801841600020704770B5FC
:10522000294A2C4B14682D4E284D82005B1C921984
:10523000AC4203D0042803D2116006E0022801D357
:10524000184670BD8804800C1060002070BD70B5D9
:105250001D4A204B1468214E1C4D82005B1C921984
:10526000AC4203D0042803D2106806E0022801D320
:10527000184670BD10688004800C0860002070BD66
:1052800010B5134A164890600E200021C3009B18E9
:1052900019615961401C1028F8D300200F4A05E01D
:1052A000022803D383009B18196005E083009B1834
:1052B0001C68A404A40C1C60401C0428F0D310BD7E
:1052C000034907488860704778000020BEBAFECACC
:1052D00000F501400820000000F0014000F8014006
:1052E00000C0FFFF47490968016000207047454939
:1052F0000860002070470121434A002803D001289C
:1053000003D042487047916300E0D16300207047AA
:105310003F49012008603D48801C704704223D4BF6
:105320003B49002805D05A600869012210430861F2
:1053300008E008694008400008619A60324900208E
:10534000C03188600020704731490622002808D00B
:10535000012809D002280DD003280FD02B48401C6B
:1053600070470869904302E008699043801C086117
:105370000020704708699043001DF8E70869104352
:10538000F5E723494A6A02434A62002070472049F0
:105390004A6A82434A62002070471D49496A016097
:1053A000002070471A49CA690243CA610020704749
:1053B0001749CA698243CA61002070471449C96904
:1053C0000160002070471249024600204031002A47
:1053D00003D0012A01D0072070478A6370470D4926
:1053E0000420886008490020C03188600A480168AC
:1053F0008022090A0902114301600849012008605E
:1054000070470000000400404000004004200000FD
:10541000000500400003004000E400E000E100E07F
:105420008107C90E002808DA0007000F0838800835
:10543000814A80008018C06904E080087F4A8000AB
:1054400080180068C8400006800F704710B50446F9
:1054500000F0DBF8002813D02046FFF7E1FFC0B2D0
:1054600000F0E1F800280DD07549E2060B78D20E65
:1054700001209040002B08D04A681043486006E0A5
:10548000704810BD6F48401C10BD6F490860002077
:1054900010BD10B5044600F0B8F800280BD06849DC
:1054A000E2060B78D20E01209040002B05D04A680E
:1054B00082434A6004E0634810BD6349803108605C
:1054C000002010BD70B50D46044600F09EF800287F
:1054D0000BD05E480068E206D20E012191400840E0
:1054E00000D001202860002070BD564870BD10B566
:1054F000044600F08AF8002807D0E106C90E012012
:10550000884052490860002010BD4E4810BD10B5BB
:10551000044600F07AF8002808D0E106C90E012000
:1055200088404A4980310860002010BD454810BDC0
:1055300070B50D46044600F068F8002819D02846DA
:1055400000F071F8002816D0A007C10EFF228A4093
:10555000A807000E8840002C10DA2107090F08392F
:105560008B0835499B005B18D96991430143D96188
:105570000CE0344870BD3348401C70BDA3082F496F
:105580009B005B181968914301431960002070BDAE
:1055900070B50C46054600F038F8002805D02846BE
:1055A000FFF73EFF2070002070BD264870BDBFF39E
:1055B0004F8F21492648C860BFF34F8FFEE770B573
:1055C0001F4C05462178012000290ED1207072B6AB
:1055D00000F0F4F81C4E803631688143616000F0C1
:1055E000EDF8C043306062B600202870002070BD26
:1055F00013490A78002A06D0002804D1124A4868C4
:105600001060002008700020704710B50446202864
:1056100007DA00F0D3F80121A140084201D10120AE
:1056200010BD002010BD012803D0032801D00020A8
:10563000704701207047000000ED00E000E400E04A
:10564000EC0000200120000000E100E000E200E0AA
:105650000400FA05F8B50446800700250126002855
:1056600004DA5848C563C66302208443E00404D5C5
:105670005548C563C66380148443600003D553480E
:10568000456080058443E00504D55148C563C66381
:1056900080158443A00404D54E48C563C6634014F6
:1056A000844360042704C00FF90F884203D04AA145
:1056B000612000F0B8FEB80F0AD04C49CD634C48C9
:1056C000C563C563CE63C663C6630320800384439A
:1056D00020050AD5474FFD632F20EBF765FDFE63DC
:1056E0002F20EBF761FDF8148443FFF7C9FD424812
:1056F000044203D038A18D2000F095FEF8BDF0B52E
:1057000000210A46FF230446CC40E4072AD04CB2CD
:10571000E606F60E0125B540384E3560384E356048
:10572000002C11DA25072D0F083DAE08354DB600C7
:105730007719FD69A407E60E1C46B440A54314463C
:10574000B4402543FD610DE0A6082F4DB600761943
:105750003568A407E70E1C46BC40A5431446BC4070
:1057600025433560491C2029CDD3F0BD70B5274CA9
:105770000D462060FFF76EFF2068FFF7C0FF284648
:10578000ECF7EAFEFFF788FCF7F778FBFFF778FD08
:10579000FFF725FEECF766FD00F06AF870BD10B566
:1057A0001A4C2068FFF756FF2068FFF7A8FFFFF7A5
:1057B00067FDECF74BFF0020206010BD1348006828
:1057C00070470000C01F0040C0CF004000E501400E
:1057D000C08F0040C0DF00407372635C736F635F13
:1057E000636F6E6669672E6300000000C0EF0040C3
:1057F000C0FF0040C0BF0040FEFF0FFC80E100E0A2
:1058000080E200E000ED00E000E400E0F4000020B1
:1058100070B5002402460D4620462146002A1ED0BF
:10582000012A04D0022A04D0032A1ED103E0012059
:1058300002E0022013E003202B0000F0E5FE071633
:105840000507090B0D0F1600012108E0022106E0F3
:10585000032104E0042102E0052100E00621F8F71D
:1058600058F8002801D0204670BD0724FBE700004F
:10587000B348002101708170704770B5B14D0123AC
:105880006B60B14B1C68002CFCD0002407E00E6854
:1058900006601E68002EFCD0001D091D641C944289
:1058A000F5D30020686018680028FCD070BD70B582
:1058B000A34C0E466178884203D0A4A16F2000F06B
:1058C000B2FD0325330000F09FFE09520624245246
:1058D0005252524952002078022803D09BA17320D3
:1058E00000F0A1FD2570A078022802D0012804D084
:1058F00008E0A06800F0D2FB04E02046083007C8AA
:10590000FFF7BBFF0020A070F7F7A4FF0420207072
:1059100070BDF8F754F801466068F9F776FA064664
:105920002078022803D089A1872000F07CFD8B4AD3
:105930008B498C48964205D86269032A02D2521CD0
:10594000626102E0864207D84D71801BC8608449BD
:105950006078F8F7B4FC70BD032003E0A07800285D
:10596000FAD10220F7F77EFE00F0E1F870BD77A1D2
:10597000B12000F058FD70BD70B50546F8F71FF86E
:105980006F4C60602078012803D070A1B82000F02F
:105990004AFD73490220087000220A718D600422BA
:1059A0004A71704ACA6020706078F8F788FC70BD50
:1059B00010B5634CA078002802D12078002801D0CF
:1059C000112010BD6848F7F78BFF607060780028E1
:1059D00004D0012020700020606110BD032010BDA4
:1059E00010B50124020B64040121604BA04202D2D5
:1059F0009140186802E0203A58689140084000D071
:105A0000012010BDF8B50E46910005464F19144609
:105A10003F1F009100F053FB009980028919091F74
:105A2000B14201D2012200E00022002C03D0FF216C
:105A300001318C4201D90920F8BD4D498D4219D35D
:105A4000AF4217D3854205D2874203D2284630435E
:105A5000800701D01020F8BD8E420BD3002A09D157
:105A60002846FFF7BDFF002804D13846FFF7B8FFEE
:105A7000002801D00F20F8BD3E483F490068884209
:105A800005D0224631462846FFF7F7FE0FE0FFF724
:105A90008FFF0028EFD12A480121C660856004618C
:105AA00081702046302148431830FFF765FF002001
:105AB000F8BD10B504462E48800A84420BD300F08E
:105AC000FEFAA04201D8102010BDA0020446FFF744
:105AD00087FF002801D00F2010BD26482649006806
:105AE000884203D0204600F0D9FA0AE0FFF760FFB1
:105AF0000028F1D112480221846081701F48FFF70D
:105B00003BFF002010BD1A48010B01208840401EB9
:105B1000704700B50B460246FFF7F5FF104201D073
:105B20000F2000BD114802604360002000BD10B589
:105B3000034C6078F7F728FF00202070A07010BD9C
:105B4000F800002000E5014000E401407372635C4E
:105B5000736F635F666C6173682E6300307500005D
:105B6000E0140020D0FB0100AF5801000006004007
:105B70000080010078000020BEBAFECA3A5600003C
:105B8000F74805218170002101704170C17081606A
:105B9000704710B5F3490A78022A07D0CA6810186E
:105BA000C860C8689638F9F7E9F810BD8A68101817
:105BB00088608868F6E70378EB49EC4A002B02D04E
:105BC000012B10D014E00379002B01D0012B0FD151
:105BD0004379002B01D0012B0AD18368643B8B42AF
:105BE00006D2C06810E00379002B03D0012B01D04E
:105BF000002070474379002B01D0012BF8D1C368F6
:105C0000643B8B42F4D280689042F1D80120704707
:105C1000F8B504460226F8F740FD0068002803D0D6
:105C2000D3A1BD2000F0FFFB0127CD4D002C08D0F3
:105C30002078002817D0012805D0022811D0032889
:105C400013D02F710DE06068C82808D3F9F70BF95D
:105C5000002804D06068FFF79CFF012603E00026BF
:105C600001E000F0F9F93046F8BD28780028F8D1B5
:105C70006068FFF7A0FF0028E3D060680078002884
:105C800026D0A878042803D0B9A1F72000F0CBFBD8
:105C9000B44F0020387060680079012800D00020DF
:105CA000387160684079002837D0042078716068C6
:105CB0008168E868F8F71DF9B8606068C0689630D8
:105CC000F8600320A870A749E878F8F7F8FAC8E761
:105CD000A4480221017061680979012919D00021C5
:105CE000017161684979002915D004214171616809
:105CF0008968963181606168C968C160C068984CE4
:105D000014346060F7F75BFE20606F700220A870AB
:105D1000A7E70321E4E70321E8E70320C6E7F8B596
:105D20008F4C0D46E178884204D0FF2090A11930B5
:105D300000F079FB28468A4F00250126143703001E
:105D400000F062FC090612375A7C8D97C4A0C4008B
:105D5000A078032807D0A078022804D0FF2084A1CF
:105D60001D3000F060FBF8BDA078032807D0A078B4
:105D7000022804D0FF207EA1213000F054FB042033
:105D8000A07025712078002810D1FFF702FFE0787D
:105D9000F8F7D6F8E0607D49886A7D4A02402261C2
:105DA0007B4AD24310408862002050E000F054F952
:105DB000F8BDA078032807D0A078022804D0FF20DF
:105DC0006BA1423000F02FFB2078002802D000F0B9
:105DD0004FF9F8BDA07803281FD104202AE0091A42
:105DE0006048C1600146E078F8F769FAF8BD042020
:105DF000F7F738FCA570F8BDA078032807D0A07885
:105E0000022804D0FF205AA1633000F00CFB207858
:105E10000028DCD1A07803280BD0F7F7D0FD01468D
:105E20003868F8F7F2FF0028E1DB79688142DEDBB1
:105E3000D5E70520F7F716FCA670F8BDA078042872
:105E400004D0FF204AA1843000F0EDFA0220A168BE
:105E50008847FFF7DDFEFF260546BD3642E0A07805
:105E6000042804D0FF2042A1893000F0DCFA012090
:105E7000EDE7A078042899D0FF203DA18E3000F0F6
:105E8000D2FA93E7A07804280AD06078002802D0DC
:105E9000A078022804D0FF2035A1933000F0C3FA87
:105EA0002078002893D12079002804D00620F7F725
:105EB000D9FB2571C0E76078002805D02949E07832
:105EC000F8F7FDF96570F8BD0720B3E7FF2028A1BA
:105ED000AE3046E7002D0AD0012D06D024A1304671
:105EE00000F0A1FA022DF5D1F8BD042000E0032056
:105EF000A1688847FFF78CFE0546F3E770B50500FB
:105F000005D0174CA078052803D0112070BD1020B3
:105F100070BD2048F7F7E4FCE070E078002803D07B
:105F2000A5600020A07070BD032070BD10B50C48A6
:105F30000178002901D0112010BD817805292BD0CE
:105F4000817801292AD08178002927D00121017088
:105F50008178012922D0807800281FD020E000001D
:105F600010010020F01400203D860100FF1FA10752
:105F70007372635C736F635F726164696F5F74698E
:105F80006D65736C6F742E630000000000050040A7
:105F9000028100001F5D01000F2010BD00F068F8B5
:105FA000002010BDF8B5394E0446B078002801D065
:105FB00001280DD1002C0DD02046FFF7FCFD002854
:105FC0000AD02078324D002808D0B078012823D09C
:105FD0000F20F8BD1020F8BD0720F8BD02272F7054
:105FE0002079012814D0002028716079002811D070
:105FF00004206871A0689630A860E068E860E868EE
:10600000224C14346060F7F7DAFC2060B77019E0B6
:106010000320E9E70320ECE700202870207901281D
:1060200016D0002028716079002813D004206871F0
:10603000A168F068F7F75DFFA860E0689630E86057
:106040000320B0701249F078F8F739F90020F8BD54
:106050000320E7E70320EAE710B50E48816A0E4AFD
:1060600011400A4A126911438162F7F7F3FB10BD30
:1060700010B5064CE078F7F787FC0820F7F7F2FA3E
:106080000520A07000202070607010BD100100205D
:10609000F014002000050040FD7EFFFF0A4A0221A7
:1060A00051600A490B68002BFCD0906008680028FA
:1060B000FCD00020506008680028FCD07047012008
:1060C000000740697047000000E5014000E401401E
:1060D000034610B50B439B070FD1042A0DD308C804
:1060E00010C9121FA342F8D018BA21BA884201D9A8
:1060F000012010BD0020C04310BD002A03D0D307EB
:1061000003D0521C07E0002010BD03780C78401C1F
:10611000491C1B1B07D103780C78401C491C1B1B16
:1061200001D1921EF1D1184610BDF8B5042A2CD326
:10613000830712D00B78491C0370401C521E830742
:106140000BD00B78491C0370401C521E830704D0EF
:106150000B78491C0370401C521E8B079B0F05D007
:10616000C91ADF002023DE1B08C90AE0EBF72CF870
:10617000F8BD1D4608C9FD401C46B4402C4310C064
:10618000121F042AF5D2F308C91A521EF0D40B7854
:10619000491C0370401C521EEAD40B78491C037042
:1061A000401C012AE4D409780170F8BD01E004C064
:1061B000091F0429FBD28B0701D50280801CC90767
:1061C00000D00270704700290BD0C30702D00270C4
:1061D000401C491E022904D3830702D50280801C7B
:1061E000891EE3E70022EEE70022DFE70378C278AA
:1061F0001946437812061B0219438378C0781B04A2
:10620000194311430902090A000608437047020AAC
:1062100008704A70020C8A70020ECA707047002221
:1062200003098B4273D3030A8B4258D3030B8B426F
:106230003CD3030C8B4221D312E003460B437FD4A3
:10624000002243088B4274D303098B425FD3030AB5
:106250008B4244D3030B8B4228D3030C8B420DD3C8
:10626000FF22090212BA030C8B4202D31212090256
:1062700065D0030B8B4219D300E0090AC30B8B4294
:1062800001D3CB03C01A5241830B8B4201D38B0342
:10629000C01A5241430B8B4201D34B03C01A5241E7
:1062A000030B8B4201D30B03C01A5241C30A8B422A
:1062B00001D3CB02C01A5241830A8B4201D38B0215
:1062C000C01A5241430A8B4201D34B02C01A5241B9
:1062D000030A8B4201D30B02C01A5241CDD2C3092B
:1062E0008B4201D3CB01C01A524183098B4201D3A7
:1062F0008B01C01A524143098B4201D34B01C01A92
:10630000524103098B4201D30B01C01A5241C30809
:106310008B4201D3CB00C01A524183088B4201D378
:106320008B00C01A524143088B4201D34B00C01A64
:106330005241411A00D201465241104670475DE079
:10634000CA0F00D04942031000D3404253400022FC
:106350009C4603098B422DD3030A8B4212D3FC22A5
:10636000890112BA030A8B420CD3890192118B4224
:1063700008D3890192118B4204D389013AD092113A
:1063800000E08909C3098B4201D3CB01C01A5241F5
:1063900083098B4201D38B01C01A524143098B42BE
:1063A00001D34B01C01A524103098B4201D30B01A7
:1063B000C01A5241C3088B4201D3CB00C01A5241CC
:1063C00083088B4201D38B00C01A5241D9D24308B3
:1063D0008B4201D34B00C01A5241411A00D20146F0
:1063E000634652415B10104601D34042002B00D55A
:1063F0004942704763465B1000D3404201B500201C
:10640000C046C04602BD70477047704710B500F0E7
:106410003BF810BD012308CB134B1860134B1960D8
:10642000134B1A607047134A134B13607246053AB8
:10643000F0E7114A0F4B1B689A420ED10D4B00201A
:10644000186001980D4B04B598470CBC9E46024657
:10645000029800990A4B1B68184706980599094B42
:106460001B68DB6818470000340100203801002059
:106470003C0100202C010020EFBEADDEC9CD0000A4
:10648000E4000020040000201D481E497047FFF76B
:10649000FBFFEAF753FE00BD01200007C06AC0B24F
:1064A000FF2804D1184819490968884202D01848C1
:1064B00018490160184819490968884203D1184AE7
:1064C00013605B68184700BD20BFFDE71248134901
:1064D000096888420ED1134B18680B498842F3D0E3
:1064E00080F308881049884204DD104802680221C0
:1064F0000A4302600E4880470E4880470E48004716
:106500000015002000150020FFFFFFFF0010001005
:106510002C050040080000000010000000000020D2
:10652000040000200080010000200020240500401D
:10653000DFCD000099640100156401001348704527
:1065400002D1EFF3098101E0EFF308818869023895
:106550000078102814DB202810DB2B280BDB0C4ADA
:1065600012680C4B9A4203D1602804DB0A4A104798
:10657000022008607047094A10470000084A104787
:10658000084A12682C32126810470000FDFFFFFF16
:1065900078000020BEBAFECAAD1200003D4E0100D8
:1065A000BF4D0100040000200D4B0E4908470E4B63
:1065B0000C4908470D4B0B4908470D4B0949084743
:1065C0000C4B084908470C4B064908470B4B05493B
:1065D00008470B4B034908470A4B0249084700008C
:1065E00079250000192200009D2B00003F2A0000A1
:1065F000ED2900009F270000B912000013140000CD
:10660000012B00000F23000030B47446641E25786F
:10661000641CAB4200D21D46635D5B00E31830BCD6
:10662000184703B5684600784006400E401C884273
:1066300005D269460878401CC0B208700CBD684697
:106640000078000601D500200CBD80200CBD414023
:10665000802901D0002070470120704737B50878A5
:106660000C4669460978884206D020781146FFF723
:10667000D8FF207001203EBD00203EBD37B5044646
:106680000078154669460979FFF7E1FF002801D037
:1066900000203EBD20782946FFF7C3FF207001206F
:1066A0003EBD0FB568460179007881420AD0684640
:1066B000007922214006400E4843801818600120CE
:1066C00004B000BD0020FBE77FB5684601791C4699
:1066D00015460078FFF7BBFF002802D0002004B069
:1066E00070BD6846007822214006400E484340199C
:1066F00020600120F3E70000FFFFFFFF0000FFFF25
:106700000100030000000100000000000000000084
:1067100000000000000000008700000000000000F2
:10672000000000000000000000000001020304005F
:106730000D0E0F100000000033690000516B0000C7
:10674000196C0000736C0000C76C00002F6D000016
:106750008D690000456A0000D16D0000DF790000FE
:10676000100110013A0200001A02000004013C006E
:10677000230044000E0001020408102040805555FB
:1067800055D6BE898E0000007006120DB4130000AD
:1067900014035A06A00900006004F208840DF401F5
:1067A000FA00960064004B0032001E001400000046
:1067B000E067010008000020100000000411000044
:1067C000F0670100180000202801000004110000FB
:1067D0001869010040010020C013000020110000D2
:1067E0000249022208681042FCD0704700E200E033
:1067F0000000000000000000000000000000000099
:106800000000000000000000000000000000000088
:106810000000000000000000000000000000000078
:10682000000000000100010054000020FB349B5FC9
:106830008000008000100000000000000000000048
:106840000000000000000000000000000000000048
:106850000000000001000000000000000000000037
:106860000000000000000000000000000000000028
:106870000000000000000000000000000000000018
:106880000000000000000000000000000000000008
:1068900000000000000000000000000000000000F8
:1068A00000000000000000000000000000000000E8
:1068B00000000000000000000000000000000000D8
:1068C00000000000000000000000000000000000C8
:1068D00000000000000000000000000000000000B8
:1068E00000000000000000000000000000000000A8
:1068F0000000000000000000000000000000000098
:106900000000000000000000196401000000000009
:0869100000000000000000007F
:1080000000400020B1560200ED560200EF5602007B
:108010000000000000000000000000000000000060
:10802000000000000000000000000000F156020007
:108030000000000000000000F3560200F5560200A8
:10804000F756020079DF01006D610200F756020069
:10805000F756020000000000B9570200F756020070
:10806000F7560200DD660200A15D0200F75602002D
:10807000F7560200F7560200F7560200F7560200C4
:10808000F7560200F7560200F7560200F7560200B4
:10809000F7560200D550020069520200F75602005E
:1080A000F7560200F7560200000000000000000032
:1080B00000000000000000000000000000000000C0
:1080C00010B5064C2378002B07D1054B002B02D0AE
:1080D000044800E000BF0123237010BDA02200204F
:1080E000000000002C6F0300084B10B5002B03D0DC
:1080F0000749084800E000BF07480368002B00D18B
:1081000010BD064B002BFBD09847F9E7000000009C
:10811000A42200202C6F0300742200200000000025
:10812000164B002B00D1144B9D46402292029A1A06
:10813000924600218B460F461348144A121A1CF02F
:10814000B5FD0F4B002B00D098470E4B002B00D0F5
:1081500098470020002104000D000D48002802D09F
:108160000C4800E000BF16F0C5FA200029001CF002
:1081700034FB16F0A9FAC0460000080000400020B9
:10818000000000000000000078220020082B0020E2
:10819000000000000000000010B50400034B416027
:1081A0000360080018F055FE200010BD20550300A4
:1081B00070B50500082002F01BFA041E05D0044B20
:1081C00045600360280018F044FE200070BDC046E2
:1081D000205503001FB50C00416803A803F050FDB3
:1081E000002362420193009303A9034805F01AF8A3
:1081F00003A818F0E8FC1FBD0424002030B585B0AA
:108200000C00416803A8150003F03AFD0023624208
:10821000009303A90195044805F004F803A818F099
:10822000D2FC05B030BDC0460424002030B585B076
:108230000D00416802A8140003F022FD02A903A862
:1082400018F0CEFC00230193FF3B220003A900930A
:1082500005482B0005F0A2F803A818F0B4FC02A80A
:1082600018F0B1FC05B030BD0424002010B50AB2EE
:10827000FF2301B2014803F01BFD10BD782400204C
:10828000F8B5FF2304000D0016009A420CDC002311
:108290009A4209DDFF339A4206D0094F380019F09F
:1082A00087FB012807D133002AB2DBB221B205488F
:1082B00003F0FEFCF8BD0121380019F05BFBF2E78A
:1082C000042400207824002010B50AB2002301B253
:1082D000014803F0EDFC10BD7824002010B50AB26F
:1082E00001B2024803F0FAFC10BDC0467824002019
:1082F00010B5024819F05EFB10BDC04604240020F2
:1083000010B50100014805F077F810BD04240020E5
:1083100010B5024804F0CCFE10BDC0460424002075
:1083200010B5C1B2014819F025FB10BD042400208E
:1083300010B5024819F03CFB10BDC04604240020D3
:10834000030010B50448002B02D019F077FB01E0C0
:1083500019F079FB10BDC0460424002037B50C4944
:1083600001A819F07AFB01A803F09AFC050001A806
:1083700018F029FC082002F03BF9041E02D0290065
:10838000FFF70AFF280018F06EFD20003EBDC04632
:1083900004240020F8B504000E00082809D1E425C3
:1083A000134F6D0078590368DB699847022819DD7F
:1083B00003E00300093B012B06D932001023210002
:1083C0000D2002F0C1FBF8BDE425094F6D0078597E
:1083D0000368DB6998470528EFDC785908210368B2
:1083E0009B6903E00421785903689B699847E4E797
:1083F0001423002070B5E424064D640006002859BB
:1084000018F000FE285918F02CFE801B43425841FA
:10841000C0B270BD14230020030010B50948012B21
:1084200002D0022B03D1084818F029FE05E00020F5
:10843000032B05D1054819F04EFE431E9841C0B2EA
:1084400010BDC0467C240020A4240020CC240020A1
:10845000F7B5E422214B5200985818F0D3FD11F0E3
:10846000B7F9E4221D4B5200040098580D0018F093
:10847000D0FD11F0ADF9E422184B520006009858D7
:108480000F0018F0CDFD11F0A3F92200009001912A
:108490002B002000290010F077FB32003B00040085
:1084A0000D003000390010F06FFB02000B002000BF
:1084B00029000FF019FC009A019B0D00040019001F
:1084C000100010F061FB02000B00200029000FF0EB
:1084D0000BFC12F099FE11F045F9FEBD14230020AB
:1084E000030010B50020032B1BD818000EF008FA6B
:1084F00002091017E4230B4A5B00D05818F082FDE4
:108500000FE0E423074A5B00D05818F082FD08E032
:10851000E423044A5B00D05818F082FD01E0FFF725
:1085200097FF10BD1423002010B5024819F0A1FADE
:1085300010BDC04604240020E62310B5024A5B00AB
:10854000D05804F00DFA10BD1423002010B50248D5
:1085500019F0C3FF10BDC046F424002010B5002858
:1085600008D001280DD1E423074A5B00D05803F05E
:108570005DFF07E0E423044A5B00D05803F040FFAE
:1085800000E0002010BDC0461423002010B50328D1
:1085900018D8E623104A5B000EF0B2F902060A0E64
:1085A000D05818F04CFE0AE0D05818F04FFE06E004
:1085B000D05818F052FE02E0D05818F003FE11F027
:1085C00007F901E0002000210022044B0FF0B8FE63
:1085D00000F080FA10BDC0461423002000408F40F8
:1085E000E62310B5024A5B00D05804F0BBF810BD7A
:1085F00014230020E423044A5B0010B50100D05886
:1086000002689269904710BD1423002013B504231B
:10861000C25E811D684603F0D5FA02236A4601A8AE
:10862000084905F0A7FF01980223C15E043016F047
:10863000F5FC040001A818F009FA684618F006FADB
:10864000200016BD1823002013B50E4C200019F091
:1086500045FE021E05D101000B4816F0DFFC0400A8
:108660000EE00023210001A819F07AFE01980223F0
:10867000C15E043016F0D2FC040001A818F0E6F93F
:10868000200016BD18230020E669030037B50D0051
:108690000423C25E811D01A803F094FA094C01A9CC
:1086A0000022200005F098FD01A818F0CFF92A005B
:1086B000102301210C2002F047FA0021200005F0D0
:1086C000D7FE37BD1823002007B500280DD004239E
:1086D000C25E811D01A803F075FA022201A90348B8
:1086E00019F035FE01A818F0B1F907BD18230020D4
:1086F00010B5002806D00100426808310223024864
:1087000005F046FE10BDC046182300200223F7B531
:10871000051E124F019305DC380019F0DFFD002320
:10872000050001932900002000F0A6F804002600AF
:10873000083602F047F831003800019B626805F006
:10874000B9FE27000100854203D0300000F094F804
:108750000700200017F056FE3800FEBD1823002049
:108760000C4B10B50C00984206D00B4B984207D129
:1087700019230B70183B0BE018230B70173B07E015
:1087800001F0AEF8031E03D00E23C356237001235D
:10879000180010BDE9030000EA030000F0B585B041
:1087A00002AB9E1D0F0031000192FFF7D9FF0C4C68
:1087B000002807D002ABDD1D29003800FFF7D0FFED
:1087C000002805D10199200005F086FC05B0F0BD18
:1087D00000220021AA567156200005F0CFFFF1E7D4
:1087E0001823002010B50100014805F075FC10BDEC
:1087F0001823002010B5064C19221821200005F07E
:10880000BDFFE1212000490205F066FC10BDC04615
:108810001823002010B50100014805F093FF10BD9A
:108820001823002010B50100014805F011FD10BD0E
:108830001823002070B506000D1E02DA1CF076FA2F
:1088400005000B48002D12D0E81D01F0D1FE041EDA
:1088500001D0084B0360A580002E04D0A01D2A0083
:1088600031001CF005FA002320006519AB7170BDC2
:10887000E45503006856030070B506000D1E0B4852
:1088800013DD0800083001F0B3FE041E01D0084BD0
:1088900003602000656008302A00311E02D01CF001
:1088A000E7F901E01CF002FA200070BDA8550300B2
:1088B000B4550300014B18607047C04604200020E7
:1088C000034B044A58431368584010607047C04631
:1088D000CB5725CA04200020F7B5050001260F4913
:1088E0000B6801912C000020DF0FBC4661469F09F8
:1088F0004F405F4019095A084F409B087B40534046
:10890000DB0713431A004000324010436408EBD1E8
:108910008542E7D3019A1360FEBDC04604200020C3
:1089200000487047E4550300F7B504000D00002827
:108930000AD0154B002922D008009C4223D0124BAC
:1089400020009D4204D11EE0104C0029F7D12500E3
:10895000A688AF880020B919FFF76CFF0300063323
:108960000090A11D3200180001931CF081F9019BB9
:10897000A91D98193A001CF07BF9009803E0034DFB
:1089800028009C42E4D1FEBDE4550300505503008D
:10899000F0B57F22040087B00591237819000939CA
:1089A000042903D919001140202901D10134F4E729
:1089B0002B3B5A425341E41823782D2B03D1013429
:1089C0000026314F01E00026304F002300220393A0
:1089D00002930023009201932578002D30D02B00C4
:1089E000303B0493092B1ED8009801990022284B94
:1089F00010F0CAF800900191049810F0E9FE009A76
:108A0000019B0FF071F901230393029B00900191E8
:108A1000002B13D03000390000221D4B0FF090FCCA
:108A200006000F0008E0029B002B03D0039B002BE5
:108A300006D125E02E2DF9D1012302930134CBE795
:108A4000009A019B3000390010F09EF820230600A8
:108A50000F009D43452D10D10599601C0A2215F089
:108A60004BFF0B49020000200EF062F902000B00E0
:108A70003000390010F088F804E0059B1C6001E02C
:108A80000020044907B0F0BD0000F0BF0000F03F37
:108A9000000024400000F87F70B50B0004000C4873
:108AA000002A14DDA588002903DA6B18D943C917F9
:108AB0000B40E91A914200DD11000548002906DD4E
:108AC00000209D4201D90634E018FFF7B3FE70BDC7
:108AD000E455030070B50A0005000C0006000029EB
:108AE00002D10120002D4CD0630026495B0D59189E
:108AF0001D2908D91E2931D1002E2FD1224B9A428F
:108B00002CD122483DE014290EDC002E26D120482D
:108B10001B182000984021D18020E3020006184352
:108B20001F23591AC84010E01A481B182800984003
:108B300014D18020E302000618431F235B1AD8409B
:108B40003423591A2B00CB4018430123002A02DAA0
:108B50004042984000E04000184312D123002A0010
:108B60002800210010F0DEFD03000E20002B08D1AC
:108B7000023801F03DFD002801D0074B036045603D
:108B8000846070BD01FCFFFF0000D0C101000080C7
:108B90000DFCFFFFEDFBFFFFF855030073B506303A
:108BA00001A9FFF7F5FE04000E00002200232000BB
:108BB00031000EF035F8002827D1012275006D082C
:108BC0005242144B2000290010F0ACFD00281AD1AD
:108BD0000122104B5242200029000EF03BF80028E1
:108BE00011D1802300225B032000290010F09AFDA0
:108BF000002808D1802300225B03200029000EF00A
:108C000015F8002801D00024034E31002000FFF7A2
:108C100061FF76BDFFFFEF7F0000F87F10B516F013
:108C200085FA040006480E2C09D0E30703D560102E
:108C300016F0F8F903E0034801F0A0FEF7E710BDD5
:108C4000E455030071030000064B10B5984203D8A9
:108C500001234000184303E010F0FCFDFFF73AFF4A
:108C600010BDC046FFFFFF3FF0B5002385B01500E3
:108C7000002206000C000DF0D9FF002805D02D239E
:108C80002B7080231B06E4180135002200233000DE
:108C900021000DF0C5FF002804D030232B700023E5
:108CA0006B70BAE03000210012F0AEF910F05AFDFE
:108CB0005B4A07005B4B300021000DF0B7FF002836
:108CC00007D1594A594B300021000DF0C3FF00284D
:108CD0001FD0002F0BDA7A42002055490EF028F8F9
:108CE00002000B00300021000FF04EFF0AE03A00B6
:108CF00000204F490EF01CF802000B00300021004C
:108D00000FF01EFB0123029706000C0000270193C1
:108D10001BE001230293FB1801930E2F15DD0E3F7C
:108D20003A000020424903970EF002F802000B00BF
:108D3000300021000FF004FB00223E4B0EF0D4FF68
:108D40000EF072F806000F0015E00E220020D21B74
:108D500037490DF0EDFF02000B00300021000FF04D
:108D600013FF344B00220EF0BFFF0EF05DF800231E
:108D700006000F000393019B002B04DD2E4A012304
:108D800094462E241EE02E23302201996B70AB1CDA
:108D90002A705D1A9D42F1D01A700133FAE7B94288
:108DA00017D0361A8F410132B942F8D92A703200F1
:108DB000691C3A4314D1019A9A420DDD0133102BFC
:108DC0000AD00D006146DA008A1A906FD16F302206
:108DD000EAE7B042E5D9E9E7039BCF18302305E085
:108DE000019A9A42EAD1A91C6C70E7E78F4202D03F
:108DF0000B700131FAE7029B012B0CD065233B700D
:108E0000029B791C002B02DD2B23B91C7B7002987E
:108E100002F0AEF801E000233B7005B0F0BDC046A3
:108E20008DEDB5A0F7C6B03E50EFE2D6E41A4B4444
:108E3000000024400000E03FE8530300012070B52B
:108E40004042FFF749FD04000D48FFF745FD0600CD
:108E5000200010F0FFFC00220A4B0FF095FE0400EA
:108E600030000D0010F0F6FC074A084B0FF068FACE
:108E700002000B00200029000EF036FF70BDC04636
:108E8000FFFFFF000000F03D0000E0DFFFFF6F4349
:108E9000024B1B68588CC0007047C046D42200208B
:108EA000184B70B51B6805000C00002B05D1164B44
:108EB000164A1968914210D15B685A6A002A0CD090
:108EC000002399005158A94203D101339B009B58BC
:108ED00016E0002901D00233F3E716F084F92300ED
:108EE00000280DD000239A008258954203D1013307
:108EF0009B001B5804E0002A01D00233F3E7230053
:108F0000180070BDD4220020C04E030010420000A3
:108F100070B505000C00160000290CDB838899420F
:108F200009DAA4002C19E368002B09D00B210648AC
:108F300017F0AAF904E00A21034817F0A5F9F0E7B1
:108F40002800E66070BDC04686030000031E03D003
:108F5000024A904200D1002318007047E4550300F4
:108F60001B4BF7B51B680600DB6A1A1D01921A68D5
:108F70009B68551E984204D3019AAB009B589842B7
:108F800001D901271AE00123AB421CDC581940101B
:108F9000019982005258964218D001D9431CF3E738
:108FA000451EF1E77C196410019AA300310098581E
:108FB00016F042F8002808D003DA671CAF42F1DD52
:108FC00001E0651EFAE7002000E02000FEBDC0467B
:108FD000D4220020044B10B51B680131DB6A8900E4
:108FE000C95816F021F910BDD4220020044B10B549
:108FF0001B680131DB6A8900C95816F024F910BDDD
:10900000D4220020014B18687047C046D0220020AF
:1090100010B5040015F0FAFF002806D0201E1BD062
:10902000012302201C4217D108E0012223680420FA
:109030009343DA78F92A0FD198780DE00E2C0BD0F3
:109040001800422C08D00A2C06D00420062C03D08D
:10905000024801F093FC042010BDC046210300002B
:1090600010B504000E2819D0002817D015F0CEFF37
:10907000002805D0200000F017F810F0A9FB0FE041
:109080002000FFF7C5FF022802D16068A16807E051
:10909000032803D12000FFF781FDE2E7002001490A
:1090A00010BDC0460000F87F70B54210C30752D40F
:1090B000830704D580110200531E9A414BE000281B
:1090C00042D0FFF7CDFF012205004C0064080E00DE
:1090D0005242224B2800210010F024FB002833D1FB
:1090E00001221E4B5242280021000DF0B3FD002842
:1090F0002AD1802300225B032800210010F012FBFC
:10910000002821D1802300225B03280021000DF0DC
:109110008DFD002818D12800310011F0C9FB002274
:109120000F4B11F07DFE0022002304000D000DF016
:109130007DFD00280AD0200029000022084B0EF0F7
:10914000D3FD04000D0001E0002204E0200029000E
:109150000DF04CFE0200100070BDC046FFFFEF7F17
:109160000000F04110B504000E2811D000280FD0E7
:1091700015F04CFF002805D02000FFF795FF0EF0FA
:109180002DFD06E02000FFF76BFF10F0EFFB00E085
:10919000004810BD0000C07FF7B50E000190FFF73A
:1091A0005FFF040030000D00FFF75AFF06000F00BC
:1091B00010F0B6FF02000B00300039000DF030FD5A
:1091C000002809D03900300010F0CCFA2900020044
:1091D00020000DF0ADFD2BE000220023200029002F
:1091E0000DF038FD00280CD02000290011F084FE7D
:1091F00002000B00300039000FF0C6FC11F08EFDAC
:1092000016E000220023200029000DF009FD0028AF
:109210000AD000220023300039000DF007FD00289D
:1092200009D00020054903E02000290011F064FE68
:10923000FFF750FC00E00198FEBDC0460000F07F43
:1092400010B5FFF70DFF0022034B0EF04DFD10F09F
:1092500067FFFFF73FFC10BD0000E03FF8B50400DA
:1092600015F0D4FE00280ED00A2C01D100252CE0E8
:10927000002CFBD00E2CF9D0062CF7D0013C250099
:109280006C1EA54121E02000FFF7C2FE032804D197
:109290000F4B01259C4218D1E8E70125022814D183
:1092A0002000FFF7DDFE02000B0006000F0010F0AB
:1092B00039FA0028DAD100230022300039000DF0FD
:1092C000AFFC43425841404205402800F8BDC0462B
:1092D000E455030070B590B00400FFF799FE030059
:1092E0002000032B56D0022B06D1E30718D56010BF
:1092F000694601F03DFE31E02748052B4AD027485A
:10930000002C47D026480A2C44D026480E2C41D0A9
:109310002548422C3ED02548062C3BD0244839E035
:109320000E2C2BD02000FFF79BFE01224E0076086A
:109330000D0052421F4B3100040010F0F3F90028D9
:1093400012D022002B002000290010F0EBF9002899
:1093500014D16A4620002900FFF786FC01216846E7
:109360004942FFF767FA15E00122124B52422000F2
:1093700031000DF065FC0028E3D101E0094809E067
:1093800000230022200029000DF050FC031E0A4893
:1093900000D10A4810B070BDC4560300385603000F
:1093A000EC550300985603008C55030050550300FC
:1093B00028560300FFFFEF7F5C5503006C55030048
:1093C00010B50400FFF724FE042804D1002C0FD0B0
:1093D000A3070DD103E02000FFF77CFF08E0012385
:1093E00022689A435369034A934201D02000984768
:1093F00010BDC046C193010010B5FFF709FE052856
:109400000ED80DF07DFA12030507090B08480DE090
:1094100008480BE0084809E0084807E0084805E06C
:10942000084801F0ABFA002000E0074810BDC04634
:10943000B456030058560300A456030048560300D0
:1094400098550300220300007C55030010B5062840
:1094500005D0FFF7DDFDF5239B00C01800E00248B2
:1094600001F08CFA10BDC046DD03000070B501F0BC
:10947000E3FA04690500002C02D1044801F07EFAE9
:10948000236820002B6101F09FF870BD530300009A
:10949000F0B587B0070001F0CFFA04690600002C90
:1094A00005D13800FFF78CFF0B4801F067FA220066
:1094B0002368336102AB019323CA23C312682000DF
:1094C0001A6001F081F8054B77611B6831009B6BD6
:1094D0000198984707B0F0BDE7030000D4220020B0
:1094E00010B501F0A9FA1223446943619C4202D1EC
:1094F000024801F043FA200010BDC04653030000AB
:1095000010B503004118054C05488B4204D0604358
:109510001A7801335040F8E710BDC04693010001AE
:10952000C59D1C8170B50400436800205900FFF7F9
:1095300081F90F262200094D6168131B01329942FF
:109540000ADDD1795B000911695CC3189971D17981
:109550003140695CD971EFE770BDC0461C650300FE
:1095600010B5002802D0024801F008FA10BDC0462C
:109570009F03000010B5024801F000FA10BDC0467C
:109580009F03000010B5024801F0F8F910BDC04675
:109590009F03000010B5024801F0F0F9002010BD53
:1095A0009F03000010B5024801F0E8F910BDC04665
:1095B0009F03000010B5024801F0E0F910BDC0465D
:1095C0009F03000010B5024801F0D8F9002010BD3B
:1095D0009F03000070B50B4C0E002368002B0AD1CE
:1095E0001C201BF012FBDD230500074A9B00D1580D
:1095F00000F0F0FA2560B288B11D0023206800F069
:1096000083FB70BDC42200201423002010B5142059
:109610001BF0FBFAE422DD21034B520089009A582B
:10962000595806F0BDF810BD1423002010B50C20C9
:109630001BF0EBFADD23034A9B00D15806F0E6FF4E
:1096400010BDC0461423002010B558201BF0DDFAD1
:10965000DD2303499B00034AC95807F08DFC10BD68
:10966000142300200C25002010B580201BF0CDFA1B
:10967000DD2303499B00034AC95807F0A5FD10BD2F
:10968000142300200424002010B510201BF0BDFA84
:10969000DD2303499B00034AC95808F00DF810BDAB
:1096A00014230020F424002010B51C201BF0ADFA78
:1096B000E622DD21034B520089009A58595807F0E1
:1096C000BFFE10BD1423002070B5094C2368002B89
:1096D0000DD11C201BF099FADD21050005488900F9
:1096E00041583C233D22280008F0F0F8256070BD69
:1096F000C02200201423002037B50400FFF7E4FF48
:10970000084BA11D1D6801A80423E25E02F05AFA6D
:10971000022201A9280019F01BFE01A817F096F9F2
:1097200037BDC046C022002037B50400FFF7CCFF8C
:109730000E4BA11D1D6868460423E25E02F042FA4A
:1097400002236A46290001A808F094F9019802232F
:10975000C15E043015F062FC040001A817F076F930
:10976000684617F073F920003EBDC046C0220020B5
:1097700010B50400FFF7A8FF2100044808310223B8
:109780006268006808F098FA10BDC046C022002048
:1097900070B5FFF799FF124D286819F0CFFD010051
:1097A0000020FFF769F804002600083601F00AF8E7
:1097B000310002236268286808F038FA011E02DAD4
:1097C0000021080004E063682500984203D03000BF
:1097D000FFF752F80500200016F014FE280070BDB7
:1097E000C022002073B504000D00FFF76DFF0C4B85
:1097F000A11D1E6801A80423E25E02F0E3F901A99D
:109800000022300008F020F901A817F01FF9962077
:109810002A0010230121C00001F096F973BDC04653
:10982000C0220020F0B5160085B00724072902DC0D
:10983000CC43E4170C400D4B811D1D570423C25E21
:1098400003A802F0BFF9C823094F5B002A0003A94F
:1098500000933800330019F0BBF803A817F0F6F8AE
:109860002100380006F034FB05B0F0BD2D65030083
:109870003C260020436813B51400102B13D1072990
:1098800001DD072102E0CB43DB171940064B020044
:109890005B560100C820400001901232083100944C
:1098A000024819F09EF813BD2D6503003C260020E8
:1098B00010B50100072801DD072102E0C343DB17D3
:1098C0001940024806F004FB10BDC0463C260020AB
:1098D00010B5024819F043F810BDC0463C260020E0
:1098E0000300643B0020142B02D8024A9B009858C6
:1098F0007047C046D8560300014B98687047C04671
:109900007822002010B50C00FFF7EAFF002805D0F0
:10991000FA22034BD200210004F01EFA10BDC0460B
:10992000DC05000010B5FFF7DBFF014B186010BD30
:10993000CC22002070B504000D1E03DD0B4B1B78FC
:10994000002B04D10021200004F074F90CE0012167
:109950005B11994004F06EF9290005480DF064F898
:109960000100200004F024FA70BDC046442200200B
:1099700040420F0010B5002801DA002002E0FF2865
:1099800000DDFF200B4B18700B4B1B78002B0FD00A
:109990000021884202D0401101318140074B1868F4
:1099A000002805D0064B1B78002B01D104F042F9AA
:1099B00010BDC046442200202B2A0020CC220020CB
:1099C0002A2A0020014B18787047C0464422002004
:1099D00070B5134C0E002368002B01D1114B23608E
:1099E0000123114D2B702368002B08D00F4A1278E9
:1099F000002A04D1010032001800FFF79BFF002E5F
:109A00000DDD300001F0B0FE2068002805D0074BC6
:109A10001978002901D104F00DF900232B7070BDD5
:109A2000CC2200200C2500202B2A00202A2A0020EE
:109A3000F7B5040008000E00170016F0A4FA0200A3
:109A400005000097330008326100024803F0DEFC95
:109A50002800FEBDCC230020130007B50A004000FB
:109A600000934B6808320100014803F0DFFC0EBD93
:109A7000CC23002037B5094C2368002B0CD11C20C7
:109A80001BF0C3F8012305005B4200931622183334
:109A900015210BF061FD256020683EBDC822002025
:109AA000F7B505000C00002805D1002929D1184878
:109AB00000F064FF25E0002906D06B6862689342DD
:109AC00002D0134800F05AFFFFF7D4FF06006B687E
:109AD0002A0027000832E31800920193019B9F425D
:109AE00014D03368291E1B6801D0009A1178300009
:109AF0009847002C00D03872009B01370133009347
:109B0000ECE7FFF7B7FF63680600E1E7F7BDC04683
:109B10008D030000F0B5164C0700206885B00E00DC
:109B20001500002804D003689B6898470023236031
:109B30003800FFF7D5FE0E23C356300003930E26E0
:109B4000FFF7CEFE86572800FFF7CAFE0E27C7573D
:109B50001C201BF05AF801235B42009332003B00AB
:109B6000039905000BF0F8FC256005B0F0BDC04678
:109B7000C822002001235840014B18707047C0468E
:109B80002A2A002010B5024800F0F8FE10BDC04699
:109B90009F03000010B5022000F012FC014800F005
:109BA000EDFE10BD93030000014B18607047C046E6
:109BB000BC220020024B40001B6818187047C046AA
:109BC000D422002010B5024800F0D8FE10BDC046D7
:109BD0009F030000F0B506000024A9B00291316097
:109BE00021000BAB1A1901345170102CFAD101224B
:109BF00041481A701A1B013C015D5174002CF9D1C7
:109C00009A7B597B12020A434527311D0391252176
:109C10001B7813AD2B7002ABFF18C9186A8238008D
:109C200010221BF025F8331D10226B611423FA77E4
:109C300046222B83012302A95218D3772B771DAB21
:109C40001C706D235B181C706E230C225B181EA801
:109C500021001C706C83EC836C621BF027F8274B8F
:109C60000C22210023A8AB63EC631BF01FF8244BEC
:109C700021001422301DEB642C651BF017F8210025
:109C8000059506AB1A1901345170102CFAD1012236
:109C90001C481A701A1B013C015D5174002CF9D14B
:109CA0009A7B597B12020A43252011211B780BAFA6
:109CB0003B7002ABC9187A82C01810221AF0D8FF84
:109CC000012302983B7505ABBB61BC8308F0CCFC5B
:109CD000036839001B689847EB8B3068338308F0C2
:109CE000C3FC03680094DC68318B1423039AA047FB
:109CF000300029B0F0BDC046376503002D000300D9
:109D00001F00030047650300F0B5050085B000683B
:109D10001C000391019219F005FC836D9B0726D569
:109D2000002C01D0134B00E0134B00271B785BB2D3
:109D30000293019B9F421ADADC1B132C00DD1324D3
:109D40002E00029B220023432B71039B681DD9190F
:109D50001AF08EFF01CE08F087FC036832005B69C1
:109D6000298B9C4614236646B0473F19E1E705B0AE
:109D7000F0BDC0463565030036650300030010B52D
:109D80000420002B11D058003F2B0EDD074A9342D0
:109D900005DC0520032158430CF046FE05E0581C65
:109DA000034BFF30984200D9024810BDFF0100006C
:109DB000FEFF0000FFFF0000012370B50A680500E8
:109DC0009A4313890E00042B02D00D4800F0D6FDF3
:109DD0003000002D12D0A8000C3000F009FC041E49
:109DE00001D0084B03602000B368AAB2A580A3602D
:109DF00092000C3000211AF059FF200070BDC046BF
:109E0000850300005C5703000B4B026970B5050029
:109E10009A4203D0E220800000F0B0FD288800F0D4
:109E2000E7FB041E00D005602A88201D043A0021AB
:109E30001AF03CFF200070BDF70003001C4BF7B583
:109E400005000E00994232D8C488A14223D92000CF
:109E5000FFF794FF0700B04200DA3700B80001F0C6
:109E600077FDA30000900193002C03D01A0029680D
:109E70001AF0FEFE0099019B8C463A1B63441800C1
:109E8000920000211AF012FF286801F097FD009B54
:109E9000EF802B600AE08288914207D22B68521A29
:109EA00088009200181800211AF000FFAE80F7BD5C
:109EB000FFFF0000084B70B505000C00160099422A
:109EC00008D88388994202D30131FFF7B7FF2B6886
:109ED000A400E65070BDC046FEFF0000C38870B508
:109EE00005000C0016008B4206D8084B99420BD88F
:109EF000013189B216F01DF92A68A3009E50AB8883
:109F00009C4201D30134AC8070BDC046FEFF00000E
:109F1000034B036000234360038143817047C046C5
:109F20002C570300024B0360002343607047C04678
:109F30008C570300044B036000234360038143817B
:109F4000C360038243827047BC570300014B1B6808
:109F500018697047D4220020014B1B68986970472C
:109F6000D4220020014B1B68188C7047D42200209B
:109F7000014B1B68D86B7047D42200201B4B026832
:109F800070B506009A4200D0FEE74368184D194AA2
:109F900019682B60914203D1174800F0EFFC23E0D1
:109FA000188C800016F020FA2B68144C1A8C0021B3
:109FB000920020601AF07AFE23681C602C68104B17
:109FC00022689A4203D1B36822699A4200D0FEE720
:109FD00016F09DFA2B6820001C6B002340301A00FD
:109FE0001900A04716F085FA70BDC0461042000067
:109FF000D4220020718E3B929F030000D0220020CB
:10A00000708E3B9210B50248FFF7B8FF10BDC046F6
:10A01000C04E030070B506000C2000F0E9FA041EE3
:10A0200005D0104B0360002343600381438130005F
:10A0300016F043F80C4B984211D13589002D0ED003
:10A04000200000F0BFFB201D290016F09EF8AA009A
:10A05000716860681AF00CFE200016F0D3F9200039
:10A0600070BDC0462C570300BC57030070B50400F8
:10A070000D0016F022F80B4B984202D00A4800F06F
:10A080007DFC2900200016F0D8F8051E08DB290009
:10A09000201D16F093F8200029000C3016F08EF8E1
:10A0A000422070BDBC5703009B030000014B588841
:10A0B0007047C04678220020014B98687047C04620
:10A0C0007822002010B50121014814F0A7FF10BD2F
:10A0D0005765030010B508210148FEF7CDFB10BD00
:10A0E00060000010024B1A68501C18607047C04690
:10A0F000082000200148C000C00870470040002030
:10A10000074B1B68002B09D01A0008328242F8D88E
:10A11000596852189042F4D2012000E018007047AC
:10A12000E02200200C4A5368916801335360436871
:10A130000830C9189160094AD91C0A4080210906D3
:10A140000A430260064A9B08116841601060054A94
:10A15000C31813607047C046E4220020FCFFFF7F55
:10A160001023002004230020084A1368002B01D08C
:10A17000834205D90360106007E0904203D31300C7
:10A180001A68002AF9D1026018607047E0220020A6
:10A19000032370B5046805009C43A30F002C03D172
:10A1A0000C4800F0EBFB04E0002B02D02501AD09C8
:10A1B00003E02800E36998470500002D04D0064B12
:10A1C0009D4204D9002C02DB044800F0D7FB280094
:10A1D00070BDC04651030000CA08000049030000DA
:10A1E000104A70B591880600013910688B00C318B9
:10A1F0000D0010006A1C0FD01C00043B5A68B242CC
:10A2000008D18D4202D115F086FF09E015F083FFD9
:10A21000206005E0013DEDE7D220800000F0AEFBBC
:10A2200070BDC046D822002010B518210148FEF7A5
:10A2300023FB10BDE422002010B5041F2368DB07B8
:10A2400002D5084800F09AFB2000FFF759FF0028CC
:10A2500002D1054800F092FB0123226813432360DA
:10A2600010BDC0464F0300004A03000010B50400B3
:10A2700016F06CF8002816D123680B4A134212D14D
:10A28000DB78F92B0FD12000FFF73AFF002802D12D
:10A29000064800F073FB012322682100134323606A
:10A2A000034816F05EF810BD030000404A030000AA
:10A2B00008230020F7B50E0000240190B44230D0EE
:10A2C000019AA300D5580134280016F03FF8002861
:10A2D000F4D12B68134A1342F0D1DB78F92BEDD17E
:10A2E0002800FFF70DFF002802D10F4800F046FBC1
:10A2F00001232A680D4F13432B602900380016F004
:10A3000030F8BB88642BD9D90C2001F021FB084A16
:10A310000199136810600360A300CB18341B4360DD
:10A320008460F7BD030000404A03000008230020BA
:10A33000FC22002070B5040016F008F8002836D181
:10A3400023681B4A134232D1DB78F92B2FD120002E
:10A35000FFF7D6FE002802D1164800F00FFB0122BD
:10A3600023681A432260032293439B69002B01D088
:10A3700020009847032410488388002B08D015F04C
:10A38000CAFE0368A3439B69002BF4D09847F2E709
:10A390000A4B186800280AD00268866845681A6067
:10A3A00001F00CFB31002800FFF784FFE3E770BDEC
:10A3B000030000404A03000008230020FC22002084
:10A3C000F0B5764C87B0237806009B0703D5D220E2
:10A3D000800000F0D3FA0222237801251343237072
:10A3E00000246F4B1A689F880192A7420AD9019AEC
:10A3F000A300D058284201D0A8430068FFF79AFF75
:10A400000134F2E7300000F025FB664E3368002B84
:10A4100011D0654B1B685C8DFFF7A4FD33680026E7
:10A42000051BA4001C19B54205D0B300E058FFF786
:10A4300081FF0136F7E700245C4B1D685C4B1E78FA
:10A44000A64205D9A300E858FFF774FF0134F7E7E7
:10A450000022584B58491A600B68019201330B6077
:10A46000564B04921F6802920392002F61D03C0069
:10A470007B6808349B089A00A2180592049AD318A6
:10A480000493059BA34252D901222368134203D1AE
:10A490001A0F2500062A1BD10122934323602000B6
:10A4A000FFF776FE850065192C00EAE701221342CA
:10A4B0001CD11A0F062A19D08022D20513420BD0C4
:10A4C0002800FFF765FE059B80002D18AB420DD9D3
:10A4D0002B68002BEADAF3E7DB78F92B02D0384857
:10A4E00000F04CFA280015F00AFEE9E7029B2E1B4B
:10A4F000B6109B190293019B9E4200DD0196B200AB
:10A50000FF2120001AF0D2FB8023B2001B06134368
:10A510002360012EC8DD00236360039B002B02D162
:10A52000244B1C6001E0039B5C600394BCE73F6824
:10A530009BE724480368002B14D0029B5C081D4B4A
:10A5400019683B0000290DD00A6812019209D2183F
:10A55000944204D2E31A9B00C918016002E04968E2
:10A560001300EFE7049A14499000019A029B9200AD
:10A570000A614A699B00CB60002A01D0934200D255
:10A580004B610A225343984201D315F0CFFE0221BA
:10A59000024A13788B43137007B0F0BD2C2A0020B9
:10A5A000D8220020D0220020D42200200023002026
:10A5B0002D2A002010230020E4220020E022002089
:10A5C000490300000423002070B5041F2368050020
:10A5D0005B0F032B02D0054800F0D0F980232268DE
:10A5E0001B0613432800236070BDC04649030000CA
:10A5F000F0B5C31C9B0885B00293404B984202DD26
:10A60000162000F0BBF93E4B3E4E5B68DB0569D17E
:10A6100033781B0766D1012233781343337000F07F
:10A620000BFA002805D04368002B02D1364800F011
:10A63000A5F900270022354B01921D680393002DD8
:10A6400040D0002F03D1324B1B689D423CD82800DC
:10A6500015F07CFE002802D02E4800F08FF92C68FF
:10A66000002C02DB2C4800F089F9029B2401A4098C
:10A67000E41A6B6823D40BD08020029AA1009200C8
:10A680000006AA1801431160012C01D05360130089
:10A69000019A002A01D0536001E0039A136000225E
:10A6A0002A60934222D0586890421FD015F04EFE87
:10A6B00000281BD0D420800000F060F916E001953E
:10A6C0001D00BCE7002F03D10020FFF779FE07E053
:10A6D000012F02D115F02AFE02E0152000F04EF9FC
:10A6E0000137A7E70D4800F049F994E70122280057
:10A6F00033789343337005B0F0BDC0462823000083
:10A7000000ED00E02C2A00204E0300001023002062
:10A7100004230020510300004B03000092030000BB
:10A72000032310B5C41C9C43201DFFF761FF044B9D
:10A7300007341C408023DB051C4310C010BDC046FD
:10A74000FCFFFFBF1A4B70B55B6806000D00DB0510
:10A7500002D0184800F012F900F06EF9164B040010
:10A760001D60164B751BAD101D701D0000280AD012
:10A770000C2015F039FE63680360A3684360E3684A
:10A780008360E0600DE0182015F02EFE0C4B1222C5
:10A790001B68426103600023C3600361040000F092
:10A7A00053F90023A6602B702000636070BDC04683
:10A7B00000ED00E092030000002300202D2A00207D
:10A7C000D022002010B5040015F0C0FD002803D1F0
:10A7D0002100024815F0C5FD10BDC046D82200205A
:10A7E0000023044A13609380D380034A136093804C
:10A7F000D3807047D8220020082300201FB50C000A
:10A80000010003A801F03CFA002203A90092130002
:10A810000194034802F006FD03A816F0D4F91FBD09
:10A820000424002037B50C1E00DC0124124D002842
:10A8300002D08288002A07D1280017F009F90520E4
:10A84000604300F091FF15E0012A0DD0811D12B286
:10A8500001A801F0B7F9220001A9280002F03EFD8D
:10A8600001A816F0F3F805E005228179624328007B
:10A8700002F0B6FC37BDC0460424002010B50248E3
:10A8800016F0C5F910BDC046782400201FB50C0095
:10A89000010003A801F0F4F90023220001930093C2
:10A8A00003A90533034802F079FD03A816F08BF9DC
:10A8B0001FBDC046042400201FB5010002A801F0FE
:10A8C000DFF902A903A816F08BF9002203A901926F
:10A8D00000921300054802F0A5FC03A816F073F9D6
:10A8E00002A816F070F905B000BDC046042400208F
:10A8F000044B10B51B681C6B00231A001900A047FD
:10A9000010BDC046D42200201FB5009001910292D4
:10A9100069461022084803931AF0AAF96B46588832
:10A9200014F0EAFB054B01001B6806981C6B002322
:10A930001A00A0471FBDC04678220020D422002064
:10A9400010B50400034B0360403016F07FF8200080
:10A9500010BDC046F4570300064B10B51B780A0023
:10A96000002B05D1010004480233043003F010FD30
:10A9700010BDC0462E2A00201423002010B504006C
:10A9800003481AF018F8200000F06CFB10BDC04618
:10A99000E093040010B5034800F018FCFDF78AFFAF
:10A9A00010BDC046FFFFFF7F10B5084800F0C2F998
:10A9B000012000F0BBFF064B984206D9012000F0B1
:10A9C000B5FF044BC01815F0E5FC10BD14230020A2
:10A9D0000404000000FCFFFF10B5041E06D0FFF7C2
:10A9E000F1FE034A2100034815F004FF10BDC046E4
:10A9F00033080300CF04030010B5041E06D0FFF790
:10AA0000E1FE034A2100034815F0F4FE10BDC046E4
:10AA1000C3040300F1A80100054B10B51C68FEF744
:10AA200037FA044BE4182018800A800210BDC04693
:10AA3000D4220020FF030000024B1B68181E00D028
:10AA4000D86D704798260020014B1B68D865704769
:10AA500098260020F0B51A4B85B01A680193002A99
:10AA600007D1012000F074FF0390039800F0A6FFC7
:10AA700023E000F0BBFC0400002C1ED0E36D1E1D83
:10AA8000002B04D1A46DF7E7B668002EFAD0019B25
:10AA900035681A68944203D0636CE16B5B1AED1859
:10AAA0007768944203D0636CE26B9B1AFF18BD4237
:10AAB000EAD201CDFFF73EFCF9E705B0F0BDC04694
:10AAC0009826002010B5064C200000F07BF8054ABF
:10AAD000054920001AF08EF8044816F046F810BD1B
:10AAE0001423002000200020F1AA01007822002079
:10AAF000CA23144A9B0010B5C2501C330400C0186E
:10AB000015F0A4FFD0239B00E01815F09FFF200054
:10AB10009130FF3001F0A0FC20006930FF3001F0DF
:10AB20009BFC2000F03002F0A7F92000D03002F0AA
:10AB30009FFE200064300AF0D5FC201DFFF700FFC7
:10AB4000200010BD905C0300F0B593B0059383B274
:10AB50000393102301930023184F8EB204920093A5
:10AB600032003B00039906A815F007FF144D06A913
:10AB7000D035280002F0B8FD06A815F01DFF3020E2
:10AB80001AF043F86B4604009B8A03990193049BD7
:10AB9000320000933B0015F0F0FE2100280002F087
:10ABA000EFFD002805D0200015F006FF20001AF068
:10ABB00028F80498FFF706FE13B0F0BD09A90100BC
:10ABC000142300201423F0B5040093B0192200933D
:10ABD0001821043003F08AFA23002500260064338C
:10ABE0001800B43513211093B8360AF087FC2800FA
:10ABF00017F01BFC00221E21300016F04EFF200033
:10AC0000D03002F055FE2300F033474A07211800E8
:10AC1000119302F055F920000027012369301A0032
:10AC200000971121FF3001F093FC20009130009734
:10AC3000012302221A21FF3001F08AFC2000B930E2
:10AC4000022201210323FF3002F006FF300001F051
:10AC5000E7F9E4235B00E050300001F0D5FCE62387
:10AC60005B00E0500100E42220005200D130119B33
:10AC7000A2580095FF3002F033F82000E13029009F
:10AC80000822FF3003F03CFF782320000F93013BA4
:10AC90000E93033B0D93013B0C93013B0B93013B44
:10ACA0000A93013B0993013B0893013B0793013B46
:10ACB0000693013B0593013B0493013B0393013B46
:10ACC0000293013B0193F930013B6522009364211B
:10ACD000013BFF3016F002FFCA239B00E018290059
:10ACE00005F0BAF8D3239B00E018092103F0DEF841
:10ACF000DD239B00E75010982770032119F076FCA4
:10AD000023002200200009499C33A0321C601160FE
:10AD10005760074A80305A61022101220AF0FEFD85
:10AD2000200013B0F0BDC046FC57030039060300F5
:10AD3000250603000123F0B505788DB007001D40FE
:10AD400000D0EFE00300D0331800039300F09AFB2B
:10AD500000F066FA302019F058FF0400103015F0AA
:10AD600004FF2000243015F07EFD6F4B65802380AA
:10AD7000182019F04AFF06006C4B80C60290102282
:10AD8000290030000A930B9519F090FF08220AA9B8
:10AD9000300019F06DFF664B029AE5605361122393
:10ADA000A260A3802562E5622100039802F0E8FC1E
:10ADB000002805D0200015F0FFFD200019F021FF2C
:10ADC00001223B785B4913433B703B00B4331800CE
:10ADD000049317F030FB002657490500049817F03C
:10ADE0002AFB34000590642000F0BEFC02963B0074
:10ADF0006933FF331800069316F041F9002802D199
:10AE0000002D0ED10AE038009130FF3016F037F9EE
:10AE10000028F5D0029B182B03DDF1E7059B002BE2
:10AE20005AD03800653021B2FF2332B2FF3000F033
:10AE30003FFF322000F098FC029B01340133E4B262
:10AE40000293052C02D100240136F6B2029B192B85
:10AE500002D0002D02D1CAE7002D03D03549049855
:10AE600003F0E2FD280019F0CCFE059819F0C9FEA8
:10AE70003249080000F02CFDDD239B00FB580793AE
:10AE8000002B20D100F0B4F8010008A800F08AFEE1
:10AE900009A815F046FCCA200123800009AA08A9C8
:10AEA00000933818039B05F02BF809A815F0CEFD88
:10AEB00008A815F0CBFDCC239B00FB580793DD239E
:10AEC000079A9B00FA50CA2339009B00069AF0317A
:10AED000F81805F009FA8AE7DD241849A4000800EB
:10AEE00000F0F6FC3B59002B1CD100F081F801006A
:10AEF00008A800F057FE09A815F013FCCA239B0010
:10AF0000F818059B09AA08A90093039B04F0F8FF11
:10AF100009A815F09BFD08A815F098FDCC239B000F
:10AF2000FB583B510DB0F0BDFD030000AD06030022
:10AF30006D0603009D650300A86503000020002046
:10AF400010B5041E0DD019F0F1FE230001382018B1
:10AF5000834208D21A78017801381970427001339F
:10AF6000F6E7024800E0002010BDC04617FCFFFFD6
:10AF7000F0B585B001900C1E28D00027C217161A14
:10AF800056407D1C631902933000013B0A21039354
:10AF90000BF030FECB17C9185940039B30311970A4
:10AFA00030000A210BF040FD061E01D02F00E8E71B
:10AFB000019B002B03DA2D23029ABD1C137000267F
:10AFC00020006655FFF7BCFF300000E0014805B0E7
:10AFD000F0BDC04617FCFFFFBFF34F8F024A034B83
:10AFE000DA60BFF34F8FFEE70400FA0500ED00E0E2
:10AFF000F0B58DB005AF19221549380019F038FEAB
:10B000000022144B05245A7180225205566E0122EB
:10B010002500019402920393019930000BF000FD8A
:10B02000080002990BF076FC019B03996B43019396
:10B03000029B361A6B430293631E2C1B6C433C1914
:10B04000225C1C1ECA54E7D108000DB0F0BDC046FA
:10B05000B86503002F2A0020014B18607047C046D6
:10B060008C260020F0B595B01822002106000EA80D
:10B0700019F01CFE13210EA819F019FC03210EA8CB
:10B0800019F0ABFC01224A4B00921B68002B01D047
:10B09000DBB200930123474A002109A80AF0AEFD64
:10B0A000454B9E4200D9002672B6444B1022002127
:10B0B00005A81D6819F0FAFD414B64213000059385
:10B0C00005240BF0B1FC60435030281806900A218B
:10B0D00030000BF0A9FC0A210BF08CFD61435031CC
:10B0E0006918079130000A210BF084FD4C432100C0
:10B0F00050316C18802608940024B601009B002B68
:10B100003CD004AD0027032C02D180260024B601D8
:10B110006B682C4A029363000133D318002201921A
:10B120001021581E00780141039119788C46604621
:10B130000299095C0398014204D0012090400199D2
:10B140000143019101320633092AE9D1019B2A68A2
:10B15000D9431D4B09011940029B934203D1312F62
:10B1600001DC002100E0314309A819F003FDFA23B6
:10B17000139A0F99DB001068014201D1FFF72CFFF1
:10B18000013B002BF7D1FA23013401377600E4B2FA
:10B190005B009F42B7D1043508ABAB42B2D1044B40
:10B1A0001B68002BAAD0009B013BDBB20093A5E7F4
:10B1B0008C260020F0FF0000E70300000C20002098
:10B1C00007660300D1650300F01F0000F7B50028F3
:10B1D0001FDD0126104C421E23680194150000203B
:10B1E000DF0FBC4664469F0967405F401C09590851
:10B1F00067409B087B404B40DB070B431900400036
:10B20000314008436D08EBD18242E7D3019A1360C5
:10B2100000E00248FEBDC0469026002017FCFFFF5C
:10B22000F8B50023144C236015F09CFA2500002883
:10B2300008D00421200015F091FA00281BD00F4BF4
:10B24000236018E00122A12704210D4B0D4E1A6046
:10B250002368FF000B4A7060944662465268084CAF
:10B26000002AFAD0E2591B02013913430029F1D117
:10B270002B6001236360F8BD90260020ED5EBC0BBF
:10B2800000D00040FCD00040F0B585B01F000AABF4
:10B290001B880600029115000393002F1AD030205E
:10B2A00019F0B3FC6B4604001989039BAAB2009302
:10B2B0003B0015F047FB336821005B68300098477E
:10B2C000002808D0200015F077FB200019F099FC29
:10B2D000024800E0024805B0F0BDC04616FCFFFF82
:10B2E00017FCFFFF0B4B70B51C68002C11D0656D6F
:10B2F00000F014FCA36C002903D1834201D92C0077
:10B30000F3E7200015F05FFA0349200015F04AFA30
:10B31000F5E770BDB8260020C4260020F0B5040073
:10B3200095B00793230C0293294B04901C68294B7A
:10B3300005911E68069285B20027002E46D0002C8B
:10B3400030D0636D24480393A36C9AB21B0C99B25E
:10B35000854216D12148824213D1002B04D0029B92
:10B36000994201D0039CEAE7002F01D00127F9E7B9
:10B37000200015F028FA1A49200015F013FA0137B9
:10B38000F0E7002A01D09542ECD1002B02D0029BBD
:10B390009942E7D1200015F016FA1149200015F066
:10B3A00001FADFE70F4BEB18012B0FD91023029A9C
:10B3B000009329000C4B08A815F0C4FA336808A9BB
:10B3C0009B683000984708A815F0F6FA15B0F0BD54
:10B3D000B4260020C8260020FE030000FF03000062
:10B3E000C426002002FCFFFF1DB30100014B1868BA
:10B3F0007047C046C026002010B572B60E4B1C68C0
:10B40000002C03D0200015F0DEF908E062B66020C1
:10B4100019F0FBFB60220021040019F047FC002317
:10B42000064AE364E263E36572B6054B1A681C6082
:10B43000A26562B6200010BD9426002000400020C6
:10B44000C0260020094B10B51C68E36CDB070AD549
:10B45000FFF7D2FF064B1860002804D0E36DC365E8
:10B460000023E3650400200010BDC046982600209C
:10B47000BC260020024B1878012318407047C046B4
:10B48000352A0020F7B50600FFF7F4FF051E33D17B
:10B490001A4C2660FFF7B0FF194B1A49186015F0D7
:10B4A00081F9FFF7A9FF184B1860184B4363184B3D
:10B4B0008363206800280ED0C027164E2A00330070
:10B4C00015490097FFF7E0FE009733002A00134963
:10B4D0002068FFF7D9FE0C2019F097FB002383802A
:10B4E00083710F4B03600F4B836000F02FFB012132
:10B4F0000D4A13780B431370F7BDC046C8260020D1
:10B5000098260020C4260020CC260020FC3F0020E6
:10B510005B0803001DB30100FF030000FE030000F1
:10B520001C580300E5B20100352A0020F7B5134F7F
:10B5300004003B680E00002B03D0FFF79BFF0028A0
:10B5400001D10F4818E0FFF77DFF050033042343C6
:10B55000836415F038F90B49280015F023F90A4BDC
:10B56000E318012B07D9C02300933200074B2100B9
:10B570003868FFF789FE0020FEBDC046C8260020BF
:10B5800016FCFFFFB426002002FCFFFF1DB30100E4
:10B59000F7B506000D0017000193002801D1002027
:10B5A00015E00029FBD0FFF727FF041EF7D0084B5A
:10B5B000019A4363066045608760064B002A00D00D
:10B5C000054B2000A363054915F0ECF82000FEBDF3
:10B5D000FC3F00202508030043080300C426002088
:10B5E000F8B50500EFF30884C36B006C1C1B6B6C93
:10B5F0001B1A9C4210D91F23084F20343E689C43DD
:10B600003D60002801D000F0D9F9200000F0A0F939
:10B610002864201868643E60F8BDC0469826002063
:10B62000024B1868434258417047C046C426002068
:10B63000002310B504499C006258002A01D0013350
:10B64000F9E76050100010BD9C260020002310B5C3
:10B65000044A99008C58844201D00133F9E7002054
:10B66000885010BD9C26002010B50024074BE058E0
:10B67000002802D003685B6898470434182CF5D181
:10B68000034B1B68002B00D120BF10BD9C2600205F
:10B69000C4260020F8B5FFF7EDFE002856D02C4E4A
:10B6A00034683500E36CDA0718D502273B43E364BE
:10B6B000284B1D680423EA6C28001343EB64636B7A
:10B6C000EB63FFF78DFF2800696C06F068FE3068B9
:10B6D000C36C3B423AD006F09CFE37E01E4F1F4E33
:10B6E0003A68002A01D1326808E0216DB94205D1DB
:10B6F000616D002900D11100296000E02A602A68EC
:10B7000031688A4208D11B0706D52C60FFF7ACFFD1
:10B710003B68002BFAD02B6029688C4216D0336826
:10B72000994204D10E4B4B630E4B8B6305E09C4258
:10B7300003D100224B6C100006E02000FFF750FF01
:10B7400020002968626C4B6C06F0E8FDF8BDC0462D
:10B7500098260020BC260020C4260020CC260020ED
:10B76000FC3F00205B08030070B50500FFF782FE78
:10B77000002803D1280019F029F90FE0FFF762FE35
:10B78000040000F0CBF92818A064200015F01BF885
:10B790000349200015F006F8FFF77CFF70BDC04696
:10B7A000B8260020F8B5FFF765FE002831D0002646
:10B7B000184D286815F007F8174C2368002B02D0A5
:10B7C00001365B6DFAE7032E0ADD2768013E7B6DCB
:10B7D000386C236000F0F2F8380000F0EFF8F2E780
:10B7E0002100286814F0DEFF72B60C492A680B6845
:10B7F000934206D19B6D0B6008E0996D8A4203D09D
:10B800000B00002BF9D101E0926D9A6562B6FFF74B
:10B8100041FFF8BD9826002094260020C026002075
:10B82000F7B507000D00002830D0FFF723FE0028F1
:10B830002ED0194E3068C36C5B0703D1C36D0193E2
:10B84000002B06D0154A2900380014F0D3FF00243D
:10B850001FE0022406F0C5FD3268D36C1C4003D003
:10B8600003218B43D364F2E701210B43D364280007
:10B87000B84733680120DA6CDC6511008143D96474
:10B88000530706D5280014F0D4FF02E0044C00E072
:10B89000044C2000FEBDC04698260020330803005B
:10B8A00017FCFFFF16FCFFFF020010B5014B12CB87
:10B8B00012C210BDD0260020034A044B12681A6041
:10B8C0007E225A607047C0460C200020D0260020FF
:10B8D00070B5124E05003278022A1AD081421AD968
:10B8E0000C1A072C17D9080003232843034012D150
:10B8F00072B60B48D2001550821851608022A408FD
:10B90000120614432C6032780132327062B618008D
:10B9100002E0044800E0044870BDC046362A00201A
:10B92000D826002013FCFFFF17FCFFFF064B1A78F8
:10B930000023824205D9054AC00013185B6880586D
:10B940001B1A18007047C046362A0020D82600204F
:10B9500070B5051E24D0134A134E13781400002B23
:10B960000CD1124912483370FFF7B2FF114B9842C5
:10B9700002D11E20FFF776FB0123237000243378C9
:10B980009C4209DA0C49E300C918280014F06FFF43
:10B99000002805D10134F2E71420FFF763FB0020F3
:10B9A00070BDC046372A0020362A0020003B002008
:10B9B000082B002017FCFFFFD826002070B50028B8
:10B9C0001FD0104B10491C780023A34216DADA006E
:10B9D0005558A84210D98A18526890420CD2041FB8
:10B9E0002368002B02DC1E20FFF73CFB802322682B
:10B9F0001B061343236004E00133E6E71E20FFF734
:10BA000031FB70BD362A0020D826002070B5051EF7
:10BA100015DD0C4B0C4E1A681C00002A02D0306851
:10BA200018F05FFEFA21256000243068074B89007A
:10BA30008361C462694318F05CFE200000E00448A2
:10BA400070BDC04618270020E8260020F9BA010082
:10BA500017FCFFFFF8B5114F06003D68002D0AD115
:10BA6000302019F0D2F8040009F0F4FD0C4BA56168
:10BA70002360E5623C600B4D2B68002B09D1102040
:10BA800019F0C3F8040018F081FE20002C6018F0B3
:10BA900057FE3000FFF7BAFFF8BDC046E826002089
:10BAA0006460030014270020014B18687047C046EB
:10BAB0001827002070B50D4C2368002B03D00C4BC9
:10BAC0001B68002B02D10620FFF7C4FF206818F086
:10BAD0004EFE02000749C3170D684E6852197341A4
:10BAE00020680A604B6018F048FE70BD14270020E3
:10BAF000E82600208822002010B5FFF7DBFF002495
:10BB0000054BE058002802D003681B6898470434AE
:10BB1000282CF5D110BDC046EC26002010B5FFF74B
:10BB2000C9FFFA22034B92001868596800230BF0F2
:10BB3000DFF810BD8822002010B5FFF7BBFF024BD5
:10BB40001868596810BDC046882200200B4B10B5FC
:10BB50001B680400002B03D0094B1B68002B02D18B
:10BB60000620FFF777FF0023064A9900885800282F
:10BB700001D00133F9E78C5010BDC04614270020D6
:10BB8000E8260020EC260020002310B5044A990086
:10BB90008C58844201D00133F9E70020885010BD51
:10BBA000EC26002010B50400002902D00B78002BF1
:10BBB00002D1034B236001E014F04FFF200010BDC1
:10BBC0002C580300F8B505000E00140000290AD017
:10BBD0000B78002B07D0002A05D0080097B219F087
:10BBE000A5F8874202D90B4B2B6010E0601DFFF7D0
:10BBF000AFFE286015F026F9286822004780310042
:10BC0000043019F035F82B681C1900232371280023
:10BC1000F8BDC0462C580300014B03607047C04676
:10BC20002C58030010B50548054C206015F011F99B
:10BC3000044A0549200018F0DDFF10BD2C58030010
:10BC40001C270020002000204D0A0300084B73B57C
:10BC50001C680500002C0AD0010026680831082263
:10BC6000684619F005F80CCD31682000884773BD8F
:10BC700020270020014B03607047C0463458030062
:10BC800010B50400002902D1044B036003E00160F9
:10BC9000080015F0DEF8200010BDC046345803003F
:10BCA0000300024A00681A607047C0463458030017
:10BCB00030B504686088814206DAA588AA4203DAB2
:10BCC000002901DB002A01DA034804E0424360183E
:10BCD00080188371002030BD17FCFFFF10B500688D
:10BCE0004388994206DA8488A24203DA002901DBFC
:10BCF000002A01DA034803E05A4343189B18987955
:10BD000010BDC04617FCFFFFF0B5070085B00E0060
:10BD10001D00002921DD002A1FDD002B1DD0046835
:10BD2000638803938B4200DD0391A38802939342BF
:10BD300000DD0292002306340193019B029A934294
:10BD40000DDA29002000039A18F092FF3B68AD1924
:10BD50005B88E418019B0133EEE7024800E0002015
:10BD600005B0F0BD17FCFFFFF8B504000D0016008C
:10BD70001F00002901DB002A02DA0D4B236016E0C8
:10BD8000100048430630FFF7E3FD206015F05AF835
:10BD900023685D809E80002F06D03B003200290082
:10BDA0002000FFF7B1FF02E0200014F030FFF8BDE3
:10BDB00034580300F7B505000C1E05D000200F0015
:10BDC00006000190010015E0224B03603FE03022A5
:10BDD000524294469C446246092A14D90A2B0DD13A
:10BDE000019B361801330193B14200DA3100002083
:10BDF000060001373B78002BE9D106E00028F8D097
:10BE000001360020F5E70120F3E76A46928809B27F
:10BE100012B22800FFF7A8FF2B680A26991D0123FC
:10BE20005B422078002812D00200303A092A06D856
:10BE3000DA43D217134073431B18303B05E0002B45
:10BE400003DB0B70012301315B420134E9E7280079
:10BE5000FEBDC04634580300F0B5040087B004A806
:10BE600015001E000F00FFF71FFD23685A8895423A
:10BE700008DA9B88B34205DD1F2F03D9059B009389
:10BE80009F4201DD18482DE0052300217B430093EC
:10BE9000049B0193009B019ACB18A03BD35C00222A
:10BEA000029373189C46531927680393788883423A
:10BEB00002DABB889C4507DB0132052AF3D1013148
:10BEC0000529E7D100200DE0634658435319FB18BC
:10BED000102717411B1802980740781E87417F42A0
:10BEE0009F71E9E707B0F0BD17FCFFFFF7B50368E6
:10BEF00006009C1D5B880D005A1A0192002918DD6E
:10BF00000027994202DB14F082FE14E033689B881C
:10BF10009F4210DA6119019A200018F0A9FE019BD6
:10BF20002900E01814F056FE336801375B88E418E6
:10BF3000ECE7024800E00020FEBDC04617FCFFFF12
:10BF400010B50548054C206014F083FF044A0549EC
:10BF5000200018F04FFE10BD3458030024270020A5
:10BF600000200020C70B030010B5054C0121200064
:10BF700014F05FFF034A0449200018F03BFE10BD97
:10BF80002827002000200020F10D03000388074A25
:10BF900010B50120934208D0834202D00020DB0775
:10BFA00003D41E20FFF75EF8002010BDFFFF000045
:10BFB0000048704716FCFFFF10B53220FFF752F81B
:10BFC000004810BD16FCFFFF8280142210B5134CF0
:10BFD000028108340200002304604162040002214F
:10BFE000303283718172C360036143618361C361D5
:10BFF00003623634137053704386838622788A43F3
:10C00000F1310A402270020040321370021DD387C2
:10C01000013343878387C38710BDC046545803004C
:10C02000F0B5544F97B03B6806000593002B00D045
:10C0300094E006AC0B331C228221200001F044FD69
:10C040000EAD0B231D2283210AA801F03DFD0B2319
:10C050001B228421280001F037FD082018F0D5FDAF
:10C060000122059B1100049017F0E0F93A213000FD
:10C0700016F090FA00281CD0A38812ADAB80A379EB
:10C080005C20AB713C4B1293A3681493237B2B73FE
:10C09000637B6B73A37BAB7318F0B7FD0523019330
:10C0A000353300932A00049B3100040003F0C4F8E8
:10C0B00053E03221300016F09BFA00281CD0A388F0
:10C0C00012ADAB80A3795C20AB712B4B1293A368AC
:10C0D0001493237B2B73637B6B73A37BAB7318F07D
:10C0E00094FD052301932D3300932A00049B310016
:10C0F000040003F03FFA30E03C21300016F033FA40
:10C10000002822D0AB8812ACA380AB79A420A37105
:10C11000194B1293AB6814932B7B23736B7B637364
:10C12000AB7BA37318F071FD062305000293013B5E
:10C130000193373300932200049B310002F098FFF3
:10C140000E4B3D6044351D6008E0442018F05DFD55
:10C15000052204990400FFF737FF3C60074B054CAC
:10C160001868002802D0216815F009F8206817B077
:10C17000F0BDC0462C270020445803003027002083
:10C18000F0B56049C56885B08D4206DA03003633E4
:10C190001A78022313400BD117E0C8220023520063
:10C1A000954212DD030036331A78002392070CD42F
:10C1B000012306001F00363632785408A7433C009E
:10C1C00002279C40BA432243327004698C4205DA4C
:10C1D000020036321278520709D415E0C822520004
:10C1E000944211DD02003632127852070CD4060058
:10C1F0000122363633789F08BA43970004229343CE
:10C200001A0001233A433270426901920200019EF2
:10C2100040328E4205DA01003631097809070AD426
:10C2200015E0C821019E49008E4210DD0100363123
:10C23000097809070BD40600012136363378DF0868
:10C24000B9430827C900BB430B43337001E0002BFF
:10C2500018D01378032B15D80133DBB21370012BE0
:10C2600003D10021031DD9870CE0042B0AD1020061
:10C2700001213632137804300B4313700023C38737
:10C280000B333CE013780293002B1BD006000127F0
:10C29000011DCB8F363601339BB2CB8703963678A0
:10C2A000BC46374008D01D2B0CD963469E43039BE8
:10C2B0001E700023CB8704E0092B03D9029BCF8794
:10C2C000013B137014F007FE0F4A0723904216D962
:10C2D0000E49043B8D4212DBC82201339200954285
:10C2E0000DDC023B8C420ADB013B944207DC0198E7
:10C2F0000433884203DB0133904200DC0023180042
:10C3000005B0F0BD70FEFFFFFF700200E0FCFFFF14
:10C31000F0B5040089B0C0680DF05AFA00900191A0
:10C3200020690DF055FA0690079160690DF050FAFA
:10C3300002000290802000060B18039100980199DA
:10C340000EF004FC0DF012FBE0620DF0BBFA0600EB
:10C350000F000EF0BDF904900591300039000DF08A
:10C3600095FE049A059B06000F00009801990CF0B9
:10C370000BFC3200009001913B00029803990CF0F5
:10C3800003FC02000B00009801990CF077FE0200FC
:10C390000B00069807990EF0D9FB0DF0E7FA002282
:10C3A000051C0023029803990AF054FC002801D1CF
:10C3B000A56219E00021281C0AF086FC0D4E002819
:10C3C00001D10D4F00E00D4F281C0DF07BFA02004B
:10C3D0000B00300039000CF051FE32003B000BF036
:10C3E00083FC0DF0C3FAA0620222A3791343A37168
:10C3F00009B0F0BDEA2E4454FB21F9BFFB21F93FFF
:10C4000010B514F014FE06490BF02CF90DF05AFA91
:10C41000044A054B0BF094FF0DF0A4F910BDC04683
:10C420000000B443EA2E4454FB21194010B514F027
:10C430000BFE06490BF016F90DF044FA044A054BC1
:10C440000BF07EFF0DF08EF910BDC0460000B44326
:10C45000EA2E4454FB21194010B50400034B083365
:10C460000360FFF791FB200010BDC0468858030011
:10C4700070B5C369C2681B688AB00400451D1A42C2
:10C4800050D0EB7F002B01D0013BEB77EB7F082BEB
:10C490000DD90122A379134209D11343A371A188B5
:10C4A000130006A814F06CFBFFF738FB2062EB7F4B
:10C4B000012B26D80123A2791A4222D00025A18877
:10C4C000A571022202A814F05BFBA31DDE7F012EE2
:10C4D00017D1FFF723FB2B00226A801A99410090A5
:10C4E0000191019BA188AB4203D1174B009A9A425C
:10C4F00002D90123042201E03300032206A814F02C
:10C500003FFB0323A2791340012B1AD1FFF706FB4F
:10C510000023226A801A9941994208D10B4B984214
:10C5200005D80EE0EB7F0B2BB0D80133ADE702222C
:10C53000A379A1881343A3710332012306A814F041
:10C540001FFB0AB070BDC046E7030000DB0500001A
:10C55000F0B5070000250E0085B002930AAB1B78EA
:10C5600008370393104B0400083303600192858061
:10C57000857129001822380018F098FB039A3100C1
:10C58000380018F099F96B466A469B88127AA380A6
:10C59000A31DE671DA77631D25622000DD77FFF7C2
:10C5A000D5FA200005B0F0BD885803000048704758
:10C5B00016FCFFFF10B53320FEF754FD004810BDF8
:10C5C00016FCFFFF002310B50400838083710D4823
:10C5D0002164083020608020C000A061E0612062FA
:10C5E000E3602000236163616362A362E36223630B
:10C5F0006363A363E3636364110014F086FD2000AA
:10C6000010BDC046A0580300F0B5534F97B03B682B
:10C6100006000593002B00D094E00B331C228221EE
:10C6200006A80AAC01F050FA0EAD0B231D2283219F
:10C63000200001F049FA0B231B228421280001F07D
:10C6400043FA082018F0E1FA0122059B110004903A
:10C6500016F0ECFE1D21300015F0B3FF00281CD0B1
:10C66000A38812ADAB80A3796020AB713B4B1293D2
:10C67000A3681493237B2B73637B6B73A37BAB73D4
:10C6800018F0C3FA06230193173300932A00049B82
:10C690003100040002F0A4FE53E03C21300015F00C
:10C6A000BEFF00281CD0A38812ADAB80A379602008
:10C6B000AB712A4B1293A3681493237B2B73637B78
:10C6C0006B73A37BAB7318F0A0FA06230193363388
:10C6D00000932A00049B3100040002F0EDFF30E0DB
:10C6E0003C21300015F03FFF002822D0AB8812AC6F
:10C6F000A380AB79A420A371184B1293AB68149359
:10C700002B7B23736B7B6373AB7BA37318F07DFA76
:10C71000062305000293013B019337330093220067
:10C72000049B310002F0A4FC0D4B1D6044353D60BC
:10C7300008E0482018F069FA062204990400FFF77F
:10C7400041FF3C60064B1A68034B002A01D0196870
:10C750004A64186817B0F0BD302700204458030021
:10C760002C2700207FB50426040080793040051E68
:10C7700018D123682000DB699847200014F0F0FCF2
:10C78000A37903223343A371A1880123684614F0DF
:10C79000F7F9A37928001A00B243A2719B0702D4CB
:10C7A000024800E0024804B070BDC04614FCFFFF20
:10C7B00015FCFFFFF0B504008BB0406C14F044FC96
:10C7C000061C606C14F033FC02222100051C07A833
:10C7D00014F0D7FC08980BF001FA041C09980BF030
:10C7E000FDF90090301C0DF06DF806000F000DF003
:10C7F0006FFF0DF0BBF83900019030000DF046FCE2
:10C800000DF0B4F80290281C0DF05CF806000F0043
:10C810000DF05EFF0DF0AAF83900039030000DF026
:10C8200035FC06000F00009801990AF01BFF0299E1
:10C83000051C201C0AF016FF011C281C0BF026F812
:10C840000DF040F80490059107980BF0C7F93900F6
:10C85000051C30000DF08AF8011C281C0AF002FFAC
:10C860000399051C201C0AF0FDFE01990AF0FAFE4E
:10C87000011C281C0AF0B6FB0399041C00980AF05E
:10C88000F1FE02990AF0EEFE011C201C0AF0AAFB40
:10C890000DF018F8049A059B0EF058F900220E4B83
:10C8A0000CF072F90D4A0E4B0BF04AFD0DF05EF8DC
:10C8B000011C0C480AF0EAFF0021041C0AF0F0F900
:10C8C000002804D0201C08490AF08CFB041C201C02
:10C8D0000BF062F90BB0F0BD00807640EA2E4454B4
:10C8E000FB2119400000B4420000B44330B585B0CC
:10C8F0000122010001A814F044FC02980BF06EF92B
:10C900000CF0E0FF04000D0001980BF067F90CF04B
:10C91000D9FF22002B000EF019F900220C4B0CF06D
:10C9200033F90C4A0C4B0BF00BFD0DF01FF80021F6
:10C93000041C0AF0B5F9002804D0201C07490AF0AD
:10C9400051FB041C201C0BF027F905B030BDC0467C
:10C9500000806640EA2E4454FB2109400000B443A5
:10C9600010B5837904005A070DD49B0701D4FFF753
:10C97000F9FE636C2000002B02D0FFF71BFF03E0E1
:10C98000FFF7B4FF00E0014810BDC04615FCFFFFF3
:10C9900082B0F0B50400EBB064207193709218F08F
:10C9A00015F805220EA8110014F03AF997490FA8BE
:10C9B000FFF700FA002396251A001FA86D001A50F1
:10C9C000C1180C334A608A60AB42F8D119220021A9
:10C9D00011A818F06BF9A06814F0ECFF002609907C
:10C9E000FF21A06800F008FD894FA06800F060FBFF
:10C9F00007960896864B9F4202D0864B9F4212DADA
:10CA0000A06815F025F8A568834918A8FFF7CAF8AB
:10CA1000782218A9280000F037FC18A814F016F89E
:10CA20007B4F002606E0002F01D00F2E02D1A06818
:10CA300000F03EFB0322089B606801331A40089215
:10CA400014F0E0FA0500606814F0E3FA0022734B7A
:10CA500006929D4210DB013206922A00C8320BDB9F
:10CA6000AA22042192000691954205DC0322069237
:10CA7000C82D01DC013A069200220492984210DB94
:10CA8000012304930300C8330BDBAA2304329B0069
:10CA90000492984205DC03230493C82801DC013B7F
:10CAA00004930EA814F0B3F8002511ABEB5C012B36
:10CAB00008D15B496B00CA185278C95C0EA8FF23E5
:10CAC000FFF7F6F80135192DEFD16B4610229A5E6B
:10CAD0006B460EA81821595E089BFFF7E9F8002F56
:10CAE00001DB0F2E07D90023A068009374301A00D1
:10CAF0000EA914F0A2F800230593059B484A5B0099
:10CB0000995C0698814227D1D3185B78049A9342A6
:10CB100022D12C2206AB9B18059A9B5C012B1BD0C3
:10CB20000C23079A216853431D0000220AA814F021
:10CB300028FB1FAA2B0094460AAA634423CA23C3D6
:10CB40002C2206AB05999B182B3A5A54079B0133AC
:10CB5000DBB20793731CDEB2059B01330593192BDF
:10CB6000CBD1642017F032FF3B00643B1FB2079B20
:10CB7000182B00D83EE71A001FA918A814F06EFD64
:10CB80006A461BAB23CB23C21B6813601899199A02
:10CB90001A9B206814F0CAFAE568002D0CD02149D0
:10CBA00010A8FEF7FFFF1C2318AA10A9280015F0F3
:10CBB00075FC10A813F04AFFA06814F049FF0FA9F4
:10CBC00010A8A56814F00CF80022174B009210A9C9
:10CBD00001932800130000F0D7FA10A813F0F3FF18
:10CBE000FA20800017F0F2FEA06814F031FF0999D6
:10CBF000A06800F001FC0FA813F0E5FF0EA813F0E9
:10CC0000E2FF6BB0F0BC08BC02B018471968030023
:10CC10008C3C0000D18AFFFF5E68030058FDFFFFD7
:10CC2000E767030073680300DC050000F0B587B018
:10CC300001930EAB1B88060003930D9B0D00009320
:10CC4000019B02920C9F002B41D0002F02D1009B30
:10CC5000DB073CD5302017F0D8FF0400103013F06C
:10CC600084FF2000243013F0FEFD6B461B89182042
:10CC70002580638017F0C9FF049707000500009B1B
:10CC800010220593019B002108C7380018F00EF808
:10CC9000082204A9380017F0EBFF0E4B02226B614B
:10CCA00000230399E3602362E36233680A43A560CB
:10CCB000A2805B68210030009847002808D020003F
:10CCC00013F07AFE200017F09CFF034800E00348B1
:10CCD00007B0F0BD6912030016FCFFFF17FCFFFF51
:10CCE00070B58CB08360109B01604260C36004002B
:10CCF0001849180015F09FFB051E14D001001C22D6
:10CD0000103105A817F0B4FF6A4608AB43CB43C205
:10CD10001B68136020680599069A079B14F006FAB1
:10CD2000280017F06EFF0C4B186800280ED00B4A35
:10CD300005AB059200220692C03202926A4622CBCF
:10CD400022C2230003220621FFF770FF20000CB04F
:10CD500070BDC046736803002027002091C9010000
:10CD6000F0B5040085B0637A9C46002B03D1200007
:10CD700014F091FC69E0A37A266F01931023019AC5
:10CD8000F35600259B1801229A402900F36802926D
:10CD90000393039B9D4231DAB368019A6B439B185E
:10CDA00072695B00E77AD3181A785878E379012F13
:10CDB00004D15F1E3F1A10003A000EE0022F05D189
:10CDC0005F1EBA1A277A013F381A06E0032F04D1F2
:10CDD000277A013FBF1A020038005B004343606FAF
:10CDE0008218D3189B79634500DD6346627B1A4243
:10CDF00002D00123AB4019430135CAE71123C943CF
:10CE0000F356606C994023691940029B194317F04F
:10CE1000B1FEA37B072B18D8627B581C52006273AB
:10CE20000B499A00A073022B03D8885817F0C3FD52
:10CE300099E7084B2000236300236363064B89585E
:10CE4000E4622364143017F054FC05B0F0BDC04612
:10CE5000E458030061CD01008316030010B50400FF
:10CE6000044B036017F03DFC200008F009FC200093
:10CE700010BDC0466460030010B504000E4B0833BB
:10CE80000360FEF781FE2000743013F09CFE20004A
:10CE9000603013F098FE2000583013F0D7FD2000CA
:10CEA000503013F0D3FD2000044B14306361FFF7C2
:10CEB000D5FF200010BDC046CC58030078600300A9
:10CEC000F8B500250400324B858008330360857176
:10CED000143016000F0008F0BDFB20002D4BE5625A
:10CEE000636125645030FEF797FE20005830FEF74E
:10CEF00093FE20006030FEF7BDFE20000423F25EAA
:10CF000033682667590009B2743013F089FE33780C
:10CF1000226FE3717368012623721023E572A572F4
:10CF2000A7802561D356916859188B4204DA3000E6
:10CF3000984001330543F8E711230120D356D16807
:10CF400059188B4206DA02009A40266901333243AF
:10CF50002261F6E7142017F058FE226900212A43C7
:10CF60000123060008F04AFEFF226272220000231D
:10CF70000125483266646573A37323732000137020
:10CF8000A366FEF7E3FDA37920002B43A371F8BD50
:10CF9000CC58030078600300F0B5437A85B00400F4
:10CFA000002B03D1200014F076FB66E00122837A87
:10CFB00011009C461023066F0025F356039263442C
:10CFC000994001912900F3680293029B9D422CDA5B
:10CFD000B36872696B4363445B00E77AD3181A78CD
:10CFE0005878E379012F04D15F1E3F1A10003A00F0
:10CFF0000EE0022F05D15F1EBA1A277A013F381AB8
:10D0000006E0032F04D1277A013FBF1A020038003F
:10D010005B004343606F8218D3189B79002B02D0CA
:10D02000039BAB4019430135CFE71123C943F356A6
:10D03000606C994023691940019B194317F09AFDD0
:10D04000667AB31EDBB2FC2B14D8FEF72DFD0C4B19
:10D050000500236300230B4863630B4BFF21E4624D
:10D060002364704309F0E0FC2900414320001430A0
:10D0700017F03FFB637A012B94D905B0F0BDC04691
:10D0800097160300B6030000831603001FB50123A3
:10D0900081881A00684613F073FD012303491A00C2
:10D0A000684613F06DFD05B000BDC046FE030000EC
:10D0B0001FB5030048331A780400002A0DD000225F
:10D0C0001A70012381881A00684613F059FD012364
:10D0D00004491A00684613F053FD2000743013F021
:10D0E00096FD1FBDFF03000010B504002300483368
:10D0F0001A78002A07D01B78012B04D0012102489E
:10D1000013F087FBF2E710BDFF03000010B501210B
:10D110000400072013F07DFB064B984209D1230041
:10D1200048331A78002A04D01B78012B01D020BF85
:10D13000F5E710BD16FCFFFF70B50500141E09DBF6
:10D14000060048363378002B06D03378012B03D005
:10D150000B4813E00B4811E0002328001A0074303C
:10D16000FEF77AFE0020844207D02B004A331C8051
:10D1700007234C352880337000E0200070BDC04686
:10D1800012FCFFFF17FCFFFF73B5079C0500002C86
:10D1900009DB060048363078002806D030780128B0
:10D1A00003D00D4816E00D4814E006981BB2C0B23B
:10D1B0000090280012B2743013F03FFD002084422A
:10D1C00007D02B004A331C8007234C35288033704E
:10D1D00000E0200076BDC04612FCFFFF17FCFFFFF9
:10D1E000F8B505000F00161E13DBFFF77DFF2B00BF
:10D1F00048331C78E4B2002C0DD1320039002800ED
:10D20000FFF79AFF301E07D02800FFF77FFF2000AE
:10D2100002E0024800E00248F8BDC04617FCFFFFEC
:10D2200011FCFFFFF0B587B00D9E05000F000292C4
:10D230000393002E1EDBFFF757FF2B0048331C78AB
:10D24000E4B2002C18D1390005A813F0C9FC0C9BDE
:10D25000029A009305A9039B01962800FFF794FF0B
:10D2600005A813F0B0FC301E07D02800FFF74EFFD2
:10D27000200002E0024800E0024807B0F0BDC046CE
:10D2800017FCFFFF11FCFFFFF8B50400171E09DDB6
:10D29000060048363378002B06D03378012B03D0B4
:10D2A0000C4816E00C4814E02200E3795632013BAA
:10D2B000137023000025200054331D80503013F0DC
:10D2C00022FC23004A331F80022328004C3425808F
:10D2D0003370F8BD12FCFFFF17FCFFFFF7B5050028
:10D2E0000F00161E18DDFFF7FFFE2B0048331878DD
:10D2F000C4B2002C12D1390001A813F0FCFB32009B
:10D3000001A92800FFF7C0FF01A813F09FFB280028
:10D31000FFF7FCFE200002E0014800E00148FEBDEE
:10D3200017FCFFFF11FCFFFFF8B50400161E09DD16
:10D33000070048373A78002A06D03A78012A03D005
:10D34000144826E0144824E05D42069BFF3301D1D7
:10D350006B1D00E0069B22001BB264321380230089
:10D36000200066331D70603013F042FC2200002361
:10D370006C3213709D4200D0B3B222004A32138047
:10D38000079B00205A1E9341013E4C3405332680F2
:10D390003B70F8BD12FCFFFF17FCFFFFF0B587B034
:10D3A00005000F00161E03931DDDFFF79DFE2B00E9
:10D3B00048331C78E4B2002C17D1390005A813F0CB
:10D3C0000FFC0D9B320001930C9B05A900932800D4
:10D3D000039BFFF7A9FF05A813F0F5FB2800FFF753
:10D3E00095FE200002E0024800E0024807B0F0BDD0
:10D3F00017FCFFFF11FCFFFFFF2902D8417200203C
:10D4000000E001487047C04617FCFFFF13B5040059
:10D4100004A800780090200017F0C0F8002801D17F
:10D42000207500E0004816BD0EFCFFFF13B5040098
:10D4300004A800780090200017F098F8002801D187
:10D44000207500E0004816BD0EFCFFFF7FB50D0003
:10D4500011000F226A4404001E1E117015D0089B93
:10D46000002B12DD012329000093FFF7DFFF0028C6
:10D4700001D007480AE00090089B320029002000F4
:10D48000FFF7C4FF002801D0F3E7024804B070BDE5
:10D490000EFCFFFF17FCFFFF30B5040087B0057BD3
:10D4A000006C08F051F9A02200210E4BAD00D20013
:10D4B000285199500C4A14319950636C6846597C34
:10D4C000237BC91849B214F0BDFB039B019A0321C9
:10D4D0001A60207B0130C0B209F0A2FA217307B0B4
:10D4E00030BDC046007000400405000082B070B539
:10D4F0000400002588B00C920D93636C9A689542E5
:10D500000ADA197C02A8491949B214F09BFB069B60
:10D51000039A01351A60F0E75D7C237B02A8ED18C1
:10D520006DB2290014F08EFB039A059B01921A60DC
:10D530000021182202A817F0B9FB02A80022290036
:10D5400017F0BAF9206C002801D017F05AFB082018
:10D5500017F05BFB2900060008F0CEF8094B20000D
:10D56000E3620023FA212363074B2664A462E3638A
:10D570001030090117F0BDF808B070BC08BC02B04B
:10D580001847C04699D40100F11B0300F0B5040010
:10D5900085B000930CAB1B8810300E001500019372
:10D5A00013F0E3FA2000243013F05DF92680658043
:10D5B000182017F02AFB070002AE33003D000AAA2C
:10D5C00003CA03C3009B102208C50021280017F0DE
:10D5D0006DFB31000822280017F04AFB064B02229F
:10D5E0007B61200000230199A7600A43E360A280C9
:10D5F0002362E36205B0F0BD051C030070B50500B1
:10D60000040010350E00302286B00021280017F0EB
:10D610004DFB280008F01EF80023194A66642261B9
:10D62000184AA3621668E363237323606360A360F0
:10D630009E421FD0144A30200492059317F0E5FA59
:10D64000C02305006A46029304AB03CB03C2230048
:10D65000072102222800FFF799FF336829005B6841
:10D6600030009847002805D0280013F0A5F92800BD
:10D6700017F0C7FA00232000236406B070BDC0462F
:10D680007860030020270020EDD4010030B5134B53
:10D6900093B01D680400002D17D0114B6A46049307
:10D6A000002305931033029304AB03CB03C2230082
:10D6B0000222072106A8FFF769FF2B6806A99B68CD
:10D6C0002800984706A813F077F92000054B103082
:10D6D0002361FFF7C3FB200013B030BD20270020DB
:10D6E000EDD4010078600300F7B507000D1E27D0C8
:10D6F0000023022604690193002C1DD0AA88A38868
:10D700005340334216D1324203D1AB88334207D063
:10D7100010E0A968A06815F06EFE002804D1F4E7B7
:10D72000A368AA68934205D12B88002B0AD02288CF
:10D730009A4207D0E46ADFE7019B2000002B1ADC45
:10D740000D4818E06B88002B02D062889A42F1D114
:10D75000EB68E268934201D0002BEBD17B68002B91
:10D7600001D020009847A388044A1343A380019B5B
:10D7700001330193DEE7FEBD17FCFFFF0080FFFFD2
:10D78000F0B5060085B00D1E5CD001270469002CA1
:10D790001DD00221AA8800230A4202D0A3885B0878
:10D7A0003B40226829688A4257D1002B0AD0A968D9
:10D7B000A06815F020FE00284FD0EB68E268934285
:10D7C0004BD141E0A368AA68934246D1F5E731699D
:10D7D0002A880F000B1E0CD13561012321496846B0
:10D7E00013F0CEF920003AE0D86A1F00002812D0CA
:10D7F000030018889042F7D318003B000488944235
:10D8000009D147886C88A74205D8C46A0300002C58
:10D8100001D02000F2E799420AD10888824204D35D
:10D8200006D14C886888844202D9E962356102E0F9
:10D83000D96AE962DD6201230A49684613F0A0F95A
:10D8400000200CE008480AE0A3881AB2002A02DA95
:10D850005B045B0CA380054801E0E46A97E705B030
:10D86000F0BDC046FD03000017FCFFFF16FCFFFFE4
:10D87000064B10B51A00040008322C330260836096
:10D880000830FDF7E3FE200010BDC0460459030038
:10D8900008B4024B9C46083808BC604771D80100A8
:10D8A00008B4024B9C46083808BC6047AB1C030018
:10D8B0000C4A002311002C32083110B543608381DB
:10D8C0008373826003614361836183830160040029
:10D8D0000830FDF7ADFE044B1A68002A00D11C6029
:10D8E000200010BD045903002027002082B0F7B5A6
:10D8F0000125402709930CAB1B780469089201931A
:10D90000002C37D008AA238812889A4201D0002B15
:10D910002AD108AA638852889A4201D0002B23D1C9
:10D92000FDF7A8FD0123002806D0A288BF331340CD
:10D93000C03B5A425341DBB2019A934213D1A688AD
:10D9400033B2002B0FDB102208A9A01817F090F9B2
:10D950003E420BD1FDF78EFD002807D0210008487C
:10D96000FDF75EFF00E00025E46AC9E7200014F03F
:10D97000A5F9F9E72800FEBC08BC02B01847C0466C
:10D98000BD1C030008B4024B9C46083808BC604725
:10D99000591E030010B5024813F0E7F810BDC04649
:10D9A00090220020F0B587B001930EAB1B880600D3
:10D9B00003930D9B0D000093019B02920C9F002B83
:10D9C00041D0002F02D1009BDB073CD5302017F05F
:10D9D0001CF90400103013F0C8F82000243012F0B5
:10D9E00042FF6B461B8918202580638017F00DF9D4
:10D9F000049707000500009B10220593019B00215E
:10DA000008C7380017F052F9082204A9380017F0A7
:10DA10002FF90E4B02226B6100230399E36023620E
:10DA2000E36233680A43A560A2805B68210030008E
:10DA30009847002808D0200012F0BEFF200017F001
:10DA4000E0F8034800E0034807B0F0BD991E03006A
:10DA500016FCFFFF17FCFFFFF0B5040016000025C1
:10DA60008380164A164B85710260218146810573B9
:10DA7000186889B08C46A8421DD0124A05950492B8
:10DA8000C02202926A4604AB82CB82C26146230066
:10DA90002A00FFF787FF0B4A094B0692C02218683D
:10DAA00002926A4606AB079582CB82C223002A0007
:10DAB0003100FFF777FF200009B0F0BD485903009F
:10DAC00020270020C31F030030B500240373012367
:10DAD000034D84710560818082734373846030BD1F
:10DAE0004458030070B583790400DB0702D58068D1
:10DAF00017F087F8A3799B0702D5A06817F081F883
:10DB0000A3795B0707D5A0230021144ADB00D1507D
:10DB1000A06817F076F8A3791B0708D5A568002D33
:10DB200005D0280015F0DEFC280017F06AF8A3796C
:10DB3000DB0605D5A068002802D00368DB6898479B
:10DB40006023A2791A4205D0A068002802D0036899
:10DB50005B6898470023A360A37170BD007000400C
:10DB6000F7B50222037B04000F00134224D00129E1
:10DB700024D88579154015D1FFF7B4FF182017F088
:10DB800044F80E230600E35618222900019317F0EB
:10DB90008DF80199300016F0A1FE0222A379A6604B
:10DBA0001343A371A3685A68002F03D0DB681A607F
:10DBB000002004E01B69FAE7014800E00148FEBDCF
:10DBC00016FCFFFF17FCFFFFF7B50126037B0400DF
:10DBD00033422BD0612385791D4017D1FFF782FF97
:10DBE000182017F012F80E230700E35618220093AE
:10DBF000637B2900019317F059F8019A00993800C6
:10DC000016F05AFEA379A7603343A3716023A2796B
:10DC10001A4203D0A06816F0E2FC08E0A26853693B
:10DC200050681B681840431E984100E00048FEBD44
:10DC300016FCFFFF70B5037B04000D001B0713D516
:10DC40000B4B994212D814F057FA0300002083427C
:10DC50000DD1280009F0C2FF064909F039FB011C6B
:10DC6000A06804F0FFFB02E0034800E0034870BD39
:10DC7000FF03000000C07F4416FCFFFF17FCFFFFFE
:10DC800070B50425037B04002B4214D083792B420A
:10DC90000DD1FFF727FF082016F0B7FF0E21060071
:10DCA000615607F029FDA379A6602B43A371A068F4
:10DCB00007F04AFD00E0014870BDC04616FCFFFFBA
:10DCC000F7B50127037B04003B4219D01023857967
:10DCD0001D4011D1FFF706FF282016F096FF0E21F8
:10DCE000A2883B00615600950600FEF731FC102229
:10DCF000A379A6601343A371A06813F0C0F900E0F4
:10DD00000048FEBD16FCFFFF70B5037B05000E004A
:10DD10001B0713D5002913DB14F0EEF9041E11D1F3
:10DD2000A86804F0B3FB0949884202D0A86804F04F
:10DD3000B3FB3100A86808F067F804E0044C02E087
:10DD4000044C00E00024200070BDC046204E0000BE
:10DD500016FCFFFF17FCFFFFF8B51400027B07005D
:10DD600012071CD500291CDB002C1ADD002B18DD46
:10DD7000B42900DDB421FA26B6007143651008000D
:10DD8000B4215D1B08F050FE754360433100281834
:10DD900008F04AFE01003800FFF7B6FF02E0024833
:10DDA00000E00248F8BDC04616FCFFFF17FCFFFF6D
:10DDB00010B583791B0703D5806804F06DFB00E084
:10DDC000004810BD16FCFFFF10B501248379417394
:10DDD0001C4004D0806816F000FE002007E060229E
:10DDE000134203D0806816F001FCF6E7004810BD2E
:10DDF00016FCFFFFF8B56023867904000D001E4075
:10DE000025D1FFF76FFE582016F0FFFE0E21070008
:10DE1000615600F0EBFE3800A760617B16F0E6FB70
:10DE20000122A068104B114F43620462866247636F
:10DE300011001C3007F072FDA0680D4B8463C363B2
:10DE40000664C76401221C30022107F067FD6022CE
:10DE5000A3799343403A022D02D0032D01D14022F1
:10DE600013430020A371F8BD7B210300E5200300CC
:10DE70009F21030010B50300042912D8080008F000
:10DE80003FFD0C10030307001800FFF7B3FF02E08B
:10DE90001800FFF715FF002004E0180014F091F9B6
:10DEA000F9E7014810BDC04617FCFFFF70B504003C
:10DEB00000250D4B0E00083385808571036021001D
:10DEC000183014F0B5F920002100203014F0D3F9F7
:10DED000064BA680A571E5712572E5602561656137
:10DEE00020001C6070BDC046585903003427002034
:10DEF0008379DB0702D5C160002000E0004870474D
:10DF000016FCFFFF8379DB0701D5C06800E00148FC
:10DF10007047C04616FCFFFF70B545690400002D30
:10DF200021D0037A032B20D8FFF7ECFFA8622C2026
:10DF300016F06BFE2C220021050016F0B7FE002320
:10DF4000626953622369002B01D1226105E0596A9D
:10DF5000002901D00B00FAE75A62237A6561013388
:10DF60002372002002E0024800E0024870BDC04673
:10DF700017FCFFFF13FCFFFF154B70B55A68154DDA
:10DF8000002A03D000225A600132AA601B69114E98
:10DF9000002B1CD000210E4B0F4C19618023DB009D
:10DFA000F358012B0ED1A923DB00F1582068494218
:10DFB000FFF79EFF2068FFF7AFFF23685A69074B02
:10DFC000F25002E02068FFF793FF0123AB6070BDC1
:10DFD000FC10004000100040342700200405000021
:10DFE00003000069002809D00221054AD167426A6E
:10DFF0001A611A7A013A1A72024B19607047C046C8
:10E0000004E100E000E100E0F0B585B0040016F0A6
:10E010000DFB204B1B785B073AD50025236CC6B25D
:10E020000227DF5FBD420EDA200029B2403012F035
:10E030008FFD864205D101230C211A00684612F09B
:10E040009FFD0135EEE7250023004E3528884C332F
:10E050001978013008F0CEFD230050331B8889B2B7
:10E060008B420FD02B88A26CD654636C2980002B76
:10E070000EDB2A8893420BD101235B4263640222A8
:10E08000023301E0012303220C21684612F078FDDF
:10E0900005B0F0BD382A00200121024A13780B4355
:10E0A00013707047382A00200221024A13780B436C
:10E0B00013707047382A00200121024A13788B43DD
:10E0C00013707047382A00200221024A13788B43CC
:10E0D00013707047382A002010B5002903DB024B6B
:10E0E000196016F0D4FA10BD3827002070B504006E
:10E0F0001E0004AB1D7807F025FA20000E4B4030BF
:10E100002360FDF789FD230001364C3301352200E1
:10E110001E701D730023E1214E32A36463651380DA
:10E1200053809381D381013B200063644902FFF750
:10E13000D3FF200070BDC046F457030070B5050042
:10E140001400012A10D003004E331888023B4018F7
:10E15000197808F04FFD69640025022C05D12100D3
:10E160000C2012F056FB00E0014D280070BDC046A7
:10E1700017FCFFFF70B5050004000A0050350029A8
:10E1800007D103004E331B882A889A4212D11148C6
:10E190001FE0012906D101002A884E310B889A42DE
:10E1A000FCD007E0022905D103004E331B882988E3
:10E1B00099420AD0A36C28884C341E5C2178013027
:10E1C00008F018FD3000298003E00121FFF7B6FFB9
:10E1D000F0E770BD0CFCFFFF70B51500012A0AD0F6
:10E1E000403012F090FC0024022D05D101210C20BA
:10E1F00012F00FFB00E0014C200070BD17FCFFFF88
:10E20000F8B5114D04002B781B0705D5012114F03A
:10E2100098F8606DFDF7D2FB082723002E7858335D
:10E22000BE432E701878FDF793FB6065002808D078
:10E23000230000205A335C343E4318802E70208027
:10E2400000E00248F8BDC046382A002013FCFFFF5A
:10E2500070B50B4B05001B780C009B070ED4FFF725
:10E2600023FF2B00013458331C702800FFF7C8FF30
:10E2700004002800FFF728FF200000E0014870BDDF
:10E28000382A00200DFCFFFFF0B5060007005C36C1
:10E290005A3733883A8885B004009A421ED0104B12
:10E2A0001B781B071AD53388426DD15C16F0C2F972
:10E2B0002300308858331978013008F09BFC3B88E4
:10E2C0008DB2AB4209D1074901230222684612F000
:10E2D00057FC0121200014F034F8358005B0F0BD62
:10E2E000382A0020FF03000073B50D0006A90400C2
:10E2F00009780430002A01D1DE070DD5002D0BD09E
:10E300000C34260018244C433419A360044B62607B
:10E3100025606361012200E0002207F059FF73BD10
:10E32000A1220300F0B507000400002589B0039185
:10E33000049205935A37049B9D4213DA23003E88CA
:10E3400058331978701C08F055FC23005C331B8887
:10E3500089B2994206D0039B626D5B5D013593558E
:10E360003980E8E7059B012B03D002210648FDF721
:10E37000DDF8012320000093044A00232100FFF769
:10E38000B3FF280009B0F0BDFF03000089E20100DF
:10E39000F7B5194C1F0023780500019116009B0763
:10E3A00025D4002A25DD002923D0FFF77DFE237820
:10E3B0001B0701D5002407E02800FFF721FF0028F4
:10E3C000F8D017E0A6420DDD019B321B1919280079
:10E3D0003B00FFF7A7FF39002418280013F0A2FF25
:10E3E000002FEFD12800FFF76FFE200002E0034866
:10E3F00000E00348FEBDC046382A00200DFCFFFFA8
:10E4000017FCFFFFF0B5174E87B0337805005B07A8
:10E4100005D5002113F095FFA86CFDF7CFFA04276E
:10E420003378BB4303936B461B7B33702B004C3319
:10E430001878FDF78DFAA864002810D02B0000246E
:10E440004E331C805C80039B28001F433770064AB4
:10E45000009423002900FFF747FF200000E0034855
:10E4600007B0F0BD382A002009E0010013FCFFFFCF
:10E4700070B50E4C050023780E00DB0714D4FFF7AF
:10E480000BFE23785B0709D531002800FFF772FEE9
:10E4900004002800FFF710FE200006E02800FFF728
:10E4A000B1FF0028F0D000E0014870BD382A0020FC
:10E4B0000DFCFFFFF7B52C4C0193237805000F00EE
:10E4C0001600DB074DD4FFF7E7FD23785B0703D584
:10E4D000019B1C1E0AD011E02800FFF793FF0028C3
:10E4E000F6D03FE0B44237DA385501340021280035
:10E4F000FFF740FE1D4B9842F4D12DE0019B012B0C
:10E500000AD13C00E31BB3421BDA01212800FFF7CC
:10E5100031FE20700134F5E7019B0024022B1BD152
:10E52000280013F0DEFE864207DD280013F0D9FE36
:10E53000019A311A2800FFF701FE3C00E31B9E42BE
:10E5400003DCF443E417344006E002212800FFF71F
:10E5500011FE20700134F1E72800FFF7ADFD200027
:10E5600000E00348FEBDC046382A00200CFCFFFF37
:10E570000DFCFFFFF0B58BB002AF7B60704BB86055
:10E580001B780C001500DA072CD45B0708D40800B0
:10E59000FFF738FF011E03D0B86812F073FACAE023
:10E5A0002000FFF779FD230050331B88FB603B619F
:10E5B00001235B427B6126004E3633883A699A42DA
:10E5C00003D07B69013300D197E07B68012B21D018
:10E5D0007B68022B2FD07B69002B50DA2000FFF7DD
:10E5E0006BFDB868FDF718FBA5E0138839699942FF
:10E5F000FBD00026A36C5B5C7B602B6802229B5ED9
:10E600009E420DDB230038694C331978013008F045
:10E61000F1FA39617B690133DDD122004E32E4E742
:10E6200031B2280012F094FA7B68834201D13B6931
:10E630007B610136E1E77B690133CCD11C232900E2
:10E64000F81812F058FA1C237A68F9182000FFF71E
:10E65000C3FD1C23F81812F0F9F93388013B7B61E4
:10E660001C23F818FDF7D8FA1C232000F9184030B5
:10E6700012F049FA1C23F81812F0E8F9ABE76B46E0
:10E68000FA687B607B699D1A934205DA23004C335C
:10E690001D787B69AD1AED182B0069460833DB083D
:10E6A000DB00CB1A9D4602AE6A1C0021300016F03A
:10E6B000FDFA23004C333B611A78BB8A200001939A
:10E6C000FB680093A16C330013F0F4FD230050337A
:10E6D0007B6118883B6901301978401908F08AFA83
:10E6E0007B6920001980FFF7E7FC2AB23100B86887
:10E6F000FDF768FA7B689D461DE00026A36C3A6929
:10E700009B5C3B602B6802229B5E9E420ADA31B220
:10E71000280012F01DFA3B68834201D13B697B61FE
:10E720000136EFE7230038694C331978013008F0DF
:10E7300061FA39613FE7BD46B86809B0F0BDC0462F
:10E74000382A002070B50B4B05001B780C00DB0746
:10E750000ED4FFF7A1FC2B0001344C331C702800B1
:10E76000FFF750FE04002800FFF7A6FC200000E0A1
:10E77000014870BD382A00200DFCFFFF70B5224B08
:10E7800086B01B7804000D0016009B0701D01F48BF
:10E7900037E0FFF789FC2000FFF77EFC200013F034
:10E7A000B0FD002803DD0121200013F0CAFD002187
:10E7B000200013F0C6FD29000025201D320007F0BF
:10E7C00069FC20000095124A2B002100FFF78CFD08
:10E7D000200013F096FDA84207DD01230D4A0093A7
:10E7E00021002B002000FFF77FFD0B4B2000196854
:10E7F000FFF772FC2000FFF75FFC2000FFF764FCCE
:10E80000002006B070BDC046382A00200DFCFFFF76
:10E8100009E0010089E2010038270020F7B58027D0
:10E820007F053D697C690822113C6C43060021008C
:10E83000684616F01DFA104B009A9A4219D00093C0
:10E8400000230193796930001339694313F0AEFD59
:10E85000019A0099300013F0C1FD2100300013F03F
:10E86000A5FD7969AB08133969432200300013F024
:10E87000A7FD0198FEBDC046FECA0000F0B50D0020
:10E88000ABB00D9200213022060012A80B9316F0B7
:10E890000DFA280016F04AFA431C0C93102B00DDE9
:10E8A000B6E00B9B202B00D9B2E02900300013F01A
:10E8B000C2FD071E29D129000C9A12A816F0D8F91A
:10E8C0000D990B9A16A816F0D3F980235B051F69E2
:10E8D0005A693000113A7A435D690D92FFF79EFF45
:10E8E0000D9B30220833002104001EA80F9316F060
:10E8F000DDF9290013397943300013F057FD0F9BE0
:10E900000B9300230C930E9335E010300B9A0D9966
:10E9100016F09FF90400380016F073F9002C7AD035
:10E92000C9E70B9930221EA816F0A2F912A91EA859
:10E9300016F0F2F9002822D1384930002200109157
:10E94000119413F04BFD6A460B9B099315AB23CB37
:10E9500023C223CB23C223CB23C23000149B1299A2
:10E96000139A13F049FD01230E930B9B30330B9345
:10E970000C9B01330C930C9BA342D2DB10E06A4644
:10E980000B9B099321AB23CB23C223CB23C223CBE5
:10E9900023C230001E991F9A209B13F02DFDE4E73F
:10E9A000E5433021ED1725404D430F9B5D190E9B2C
:10E9B000002B1BD1B81E07F0ADFF84422AD01749A7
:10E9C0000134300022001091119413F007FD6A46C3
:10E9D000099515AB23CB23C223CB23C223CB23C260
:10E9E00030001299139A149B13F006FD0D99300014
:10E9F00013F0DCFC80235B0559690C236343133956
:10EA0000023379430D9A300013F0DAFC002402E05F
:10EA1000034C00E0034C20002BB0F0BDFECA000008
:10EA200017FCFFFF13FCFFFF8023F0B55B051A699D
:10EA300095B002925A6905910299113A51435C6965
:10EA4000029B133C050003915C43FFF7E7FE061EA3
:10EA50004ED00027039B302208330021083408A839
:10EA6000019316F023F92100280013F09FFC04976E
:10EA7000B74220DA0199302208A816F0F9F8059972
:10EA800008A816F049F9002809D11B49721E280070
:10EA90000691079213F0A2FC0123049306E02200E2
:10EAA0000C230199280013F08BFC3034019B0137B3
:10EAB00030330193DCE7049B002B05D10E49320073
:10EAC000280013F08BFC13E00399280013F06EFC70
:10EAD00080235B0559690C23029A13394A43734317
:10EAE000110028000233039A13F06AFC002000E0B2
:10EAF000024815B0F0BDC046FECA00000CFCFFFF86
:10EB000070B50400A280FA22002308000C4992008C
:10EB100008312160A3716061E260A36063820949EA
:10EB200013F089FC051E09D00100200010310222DB
:10EB3000123016F09DF8280016F063F8200070BD22
:10EB4000705903007E68030030B50225837987B0D1
:10EB500004002B4204D1FCF76BFDA3792B43A37176
:10EB6000200013F0ACFC00282DD06B46DD1C2800E3
:10EB700013F09CFC2B78002B03D001A813F094FC1D
:10EB80000FE00122114B1A60114A5368002BFCD090
:10EB900000220F4B5A600F4B01321B6801930B4B45
:10EBA0005A600322019BD9170A40D3189B10238275
:10EBB000FCF7B4FFE368A18818180123A0601A00CD
:10EBC00002A811F0DDFF002007B030BD00C00040FA
:10EBD000FCC0004008C5004010B50400024B0360B3
:10EBE00006F080FC200010BD9059030010B5040011
:10EBF00006F084FC034B00222360002320002265E2
:10EC0000636510BD90590300022802D10122014B17
:10EC10001A707047392A002070B5064C0500237819
:10EC2000002B04D1044804F0FDF8012323702800D0
:10EC300070BDC0463A2A002009EC010070B50C00F6
:10EC400011F090FD002811D0164B0022A50A1C00DF
:10EC50001A70280013F069FC002803D00A2015F070
:10EC6000B5FEF6E72378002BFCD019E002218025C1
:10EC70000D4B0E4AED00995080205959C0000029D3
:10EC8000FAD0A121084DC9006C5019580029FCD0B8
:10EC90000020054988508021C9005A58002AFCD01C
:10ECA00070BDC046392A002000E001400405000084
:10ECB000F8B50C0015001E0011F054FD002812D00C
:10ECC000194B00221F001A7032002900200013F097
:10ECD0002AFC002803D00A2015F078FEF4E73B78E0
:10ECE000002BFCD01EE00121104A114B9446995094
:10ECF0008021C9005A58002AFCD080270022FF003A
:10ED00008021C900964207DD910068586050D959AA
:10ED10000029FCD00132F3E7002260461A505A580D
:10ED2000002AFCD0F8BDC046392A002004050000A6
:10ED300000E00140F0B589B00E9D06000F0005927D
:10ED4000002D05D1802252055569314AAD18AD021A
:10ED5000AC05A40D57D1BA0A92020192BA05920DE0
:10ED60000292D218049205993A00300013F0DFFBAA
:10ED700000280AD1FF2403223900049BA400043395
:10ED8000934321400393019D14E0002D3BD02900C3
:10ED90003000FFF753FF8023019A5B002900300009
:10EDA000FFF786FF01993000FFF748FF802321001D
:10EDB000DB00039300230793039B8B4225DD032293
:10EDC000029B0A40D200994207DB049B994204DA75
:10EDD000059B02981B1A5B5C00E06B5C9340032769
:10EDE000079A4C1C13430793274001D02100E3E707
:10EDF000019B89108900591807AA01233000FFF7E9
:10EE000057FF0797F2E7034800E0002009B0F0BD84
:10EE1000EDFF3F0017FCFFFF08B4024B9C4644384F
:10EE200008BC60474B250300F8B5FA230189DB00D5
:10EE300004005943324814F0F4FAFA21890007F02B
:10EE400069FD304F2081A17A380014F0EAFA2300DE
:10EE50002600250022894C33A072A0361A808C35FA
:10EE6000317800232A22286812F01FFE002801D0E2
:10EE7000254844E031781F235B22286812F015FEF4
:10EE80000028F5D1317820235C22286812F00DFE8D
:10EE90000028EDD1317801232C22286812F005FEDC
:10EEA0000028E5D1317801232D22286812F0FDFDDC
:10EEB0000028DDD1317801232E22286812F0F5FDDB
:10EEC0000028D5D1A17A380014F0A6FA3178C3B25F
:10EED0000E22286812F0E9FD0028C9D1FA23218901
:10EEE0009B005943064814F097FA01231843C3B214
:10EEF00031782A22286812F0D8FD0028B8D1F8BD50
:10EF0000585A0300D85903000EFCFFFF08B4024B07
:10EF10009C46443808BC604729EE0100074B10B5F9
:10EF20001A00040008323C3302604364443012F09B
:10EF3000BAF8200011F0C8FF200010BDF8590300F6
:10EF400008B4024B9C46443808BC60471DEF0100E2
:10EF500008B4024B9C46443808BC60475525030062
:10EF6000F0B5042583798BB004002B4204D1FCF763
:10EF70005FFBA3792B43A37120009030FEF724FEA2
:10EF8000061E66D12300A033197820000C2307AD9C
:10EF900000938C302B0001220068FEF757FA0028FE
:10EFA00001D02E4E56E00A2304AA9B182A785A70E4
:10EFB0006A781A700022995EAA785A70EA781A70F4
:10EFC00000201A5E03922879587068791870002022
:10EFD0001F5EA8795870E87918700022985E049036
:10EFE000287A5870687A18700022985E0590A87A7E
:10EFF0005870E87A18701F2000229B5E039A9C4686
:10F00000A37A52425A435943D5177B430540AA1865
:10F010005211A261DF17CA1702403840C3185B11B2
:10F02000236264235118059A5B4253434911A36735
:10F030006423E1616146049A20005A434B43E2672E
:10F04000221DD36711F0B0FF2000443012F032F8D7
:10F0500000E0002630000BB0F0BDC0460EFCFFFF04
:10F0600008B4024B9C46443808BC604761EF01007D
:10F07000F7B51E00040008AB1B881500019309AB0F
:10F0800000911A8831000AAB1F88FCF79DFF200011
:10F090003A0031004430FDF795FA144B20001A0075
:10F0A0003C336364230008322260009A8C331A6078
:10F0B000AB8890308380AB796A4683710C4B928821
:10F0C0000360AB68032183602B7B03736B7B43730B
:10F0D0000E23EB5683732300A0331A80FEF774FED1
:10F0E0002000FFF7A1FE2000FEBDC046F859030036
:10F0F00044580300F8B5FA260189B60004007143AC
:10F10000264814F08EF9310007F004FC244F2081CA
:10F11000A17A380014F085F92500A07258352978B5
:10F1200000232A22606C12F0C0FC002801D01D4888
:10F1300032E0297810232B22606C12F0B6FC0028F4
:10F14000F5D1297801232D22606C12F0AEFC002845
:10F15000EDD1297801232E22606C12F0A6FC002844
:10F16000E5D1A17A380014F057F92978C3B20E22FC
:10F17000606C12F09AFC0028D9D1218907487143AC
:10F1800014F04AF901231843C3B229782A22606C8B
:10F1900012F08BFC0028CAD1F8BDC046F45A030017
:10F1A000A05A03000EFCFFFF10B50400034B083308
:10F1B000036011F089FE200010BDC046C05A030054
:10F1C0007FB50425837904002B4204D1FCF730FA83
:10F1D000A3792B43A37120004830FEF7F5FC051EF0
:10F1E00024D1230058331978062302AE009301225C
:10F1F0003300606CFEF72AF9002801D00D4D16E0AF
:10F20000042302200022A17AF3563056B2564B4313
:10F21000C0004A4340424143DB0023622368D200DE
:10F22000A161E2619B6A2000984700E00025280068
:10F2300004B070BD0EFCFFFFF8B50400150006AA6F
:10F24000168807AA0F0012881900FCF7BDFE0F4BA5
:10F250006764083323602300AA8848339A80AA7918
:10F2600020009A710A4AA264AA6822652A7B1A734E
:10F270006A7B5A730E22AA569A730023A371230045
:10F2800058331E80FFF736FF2000F8BDC05A030038
:10F290004458030010B50400034B0833036011F019
:10F2A00002FF200010BDC046FC5A030070B50825BF
:10F2B000837986B004002B4204D1FCF7B9F9A37915
:10F2C0002B43A37120004C30FEF77EFC002830D089
:10F2D00023005C331978062304AE00930122330027
:10F2E000A06CFEF7B3F8051E01D0134821E00E23F1
:10F2F00032786B445A70727820001A700022995E3E
:10F3000064224A43A263B2785A70F2781A700022DB
:10F31000995E642252425143616331795970717927
:10F32000197000215B5E5A432368E2631B6A9847A9
:10F33000280006B070BDC0460EFCFFFFF0B5070008
:10F340005C3787B00400397800231022806C12F0FB
:10F35000ACFB0326002807D01F483AE02B78334245
:10F3600011D06420FCF700FA0F2502ABED18012341
:10F37000397808220093A06C2B00FEF767F8164B33
:10F380009842EBD1E8E7FA252189144EAD00694394
:10F39000300014F046F8290007F0BCFA20813978D3
:10F3A000A0231122A06C12F080FB0028D4D1A36C02
:10F3B00021890393694330003F7814F02DF801232D
:10F3C0001843C3B210223900039812F06EFB0028D4
:10F3D000C2D107B0F0BDC0460EFCFFFF805B03004A
:10F3E000F8B50400150006AA168807AA0F001288AF
:10F3F0001900FDF7E7F80D4BA764083323602300DD
:10F40000AA884C339A80AA7920009A71084AE2644B
:10F41000AA6862652A7B1A736A7B5A730E22AA56FF
:10F420001E829A73FFF78AFF2000F8BDFC5A030082
:10F4300044580300F7B5FA250189204FAD000400B8
:10F440006943380013F0EDFF290007F063FAA17A51
:10F4500020811B4813F0E5FF2600636CA072009327
:10F4600021895836337869433800019313F0D4FF6B
:10F4700007231843C3B220220199009812F015FB0C
:10F48000002801D00F4818E0317810232222606C48
:10F4900012F00BFB0028F5D1A17A0948656C37788A
:10F4A00013F0BAFF80235B421843C3B22322390012
:10F4B000280012F0FAFA0028E4D1FEBD2C5C03000B
:10F4C000045C03000EFCFFFF10B50400034B08337F
:10F4D000036011F0F9FC200010BDC046885B0300FA
:10F4E000F0B50425837985B004002B4204D1FCF7E4
:10F4F0009FF8A3792B43A37120004830FEF764FBEB
:10F50000002832D0230058331978062302AE009326
:10F51000A8223300606CFDF799FF051E01D0144846
:10F5200023E01F200023F25ED31703409B18022222
:10F53000B15E5B11CA17024052180427F15F338095
:10F54000CF17384040184111A07A5B424343521113
:10F55000728052424243B1804143E3612368A26119
:10F5600021629B6A20009847280005B0F0BDC04684
:10F570000EFCFFFFF8B50400150006AA168807AABE
:10F580000F0012881900FCF71FFD0F4B676408334A
:10F5900023602300AA8848339A80AA7920009A71B0
:10F5A0000A4AA264AA6822652A7B1A736A7B5A7384
:10F5B0000E22AA569A730023A371230058331E808B
:10F5C000FFF738FF2000F8BD885B030044580300B4
:10F5D000F7B5FA2504000189134EAD0069433000E8
:10F5E00013F01FFF290007F095F92700A36C208175
:10F5F00000935C373B7881B269433000019313F08C
:10F600000BFF6022C3B20199009812F04EFA002855
:10F6100001D0064807E0397801236222A06C12F07D
:10F6200044FA0028F5D1FEBD805C03000EFCFFFF0C
:10F6300010B50400034B0833036011F034FD2000C3
:10F6400010BDC046345C03007FB5082583790400F3
:10F650002B4204D1FBF7ECFFA3792B43A3712000CD
:10F660004C30FEF7B1FA002822D023005C33197821
:10F67000062302AE0093E8223300A06CFDF7E6FEFD
:10F68000051E01D00B4813E00223F25E96235B4275
:10F690005A4362630021725E20005343A363042334
:10F6A000F25E96235343E36323681B6A984728005E
:10F6B00004B070BD0EFCFFFFF8B50400150006AAEB
:10F6C000168807AA0F0012881900FCF77BFF0D4B64
:10F6D000A764083323602300AA884C339A80AA7950
:10F6E00020009A71084AE264AA6862652A7B1A734C
:10F6F0006A7B5A730E22AA561E829A73FFF768FF1E
:10F700002000F8BD345C030044580300F0B585B018
:10F7100001930AAB1E880BAB1B78451C02930EAB02
:10F720001B78040003930B78170003704B8A102298
:10F7300043820131280015F09BFA6B469B88268393
:10F7400063836B461B7B002623776B4601221B7A63
:10F750006761E683EB77A31CDA770C9B0C25636269
:10F76000230020000D9A28331A705E709E702A00C4
:10F7700031002C3015F09AFA2000074BE663A363A2
:10F780002A003100403015F091FA2000034B266525
:10F79000E36405B0F0BDC0462D0003001F00030068
:10F7A000F0B50700C5B0016042606D4900222FA886
:10F7B00012F0BAFF3B0008330693122300240126FF
:10F7C00001930C3B12AD04960093069A23002FA9D7
:10F7D000039402941AA8FFF799FF220061492800B8
:10F7E00012F0A2FF3B000E3307930A230193083B5C
:10F7F0002900079A049600930394230002942FA8EB
:10F80000FFF784FF78683C8103687C815B69BC8179
:10F810009847622302AA9B18DE77B6239B18DE77EF
:10F820000DAE1AABF881099322002FAB4E49300080
:10F830000A9312F079FF2D214120337810222B708A
:10F84000738A6B8202ABC918C01815F011FA022333
:10F8500038682B7509ABAB61AC8302F005FF036818
:10F8600029001B6898477E2202AB9B181B885432E4
:10F870003B8202AB9B181B8838687B8202F0F4FE47
:10F880000368398A0094DD68069A0623A847386819
:10F8900002F0EAFE0368798A0094079ADD68022381
:10F8A000A847386802F0E0FE0600142015F0ADF914
:10F8B00005000C22210015F0F9F928002B4B2C61D2
:10F8C000082280C00BA90B930C9415F0D1F9284B9A
:10F8D000EB60B369A34200D02B61264BB5611E6873
:10F8E000002E3AD0302015F090F90400103011F0BD
:10F8F0003CF92000243010F0B6FF05232380043BA0
:10F900006380182015F081F91B4B05000D9300232F
:10F9100080C519000690102228000E9315F0C6F934
:10F9200008220DA9280015F0A3F9144B069A21000E
:10F9300053610023E360C233A3800023A2602362EB
:10F94000E362336830005B689847002805D02000E8
:10F9500011F032F8200015F054F9380045B0F0BD30
:10F960009668030086680300A66803009B260300D0
:10F970003126030020270020DF2603005B2603003A
:10F9800010B50400054B083303601C3011F05EF81D
:10F990002000183011F05AF8200010BD885C0300D8
:10F9A000FF23F0B52B4C8DB0237000230500694672
:10F9B0000088009304F0B6FD002802D16B469B78C6
:10F9C0002370254E3368DB68002B06D1002328887E
:10F9D0001A00190012F0CEFE3AE02378032BF5D876
:10F9E0001E4901A8FCF7DEF8336801A9DE6804A807
:10F9F00011F081F804A9300012F04AFD060004A8B5
:10FA000011F024F8371E1ED031002022103104A836
:10FA100015F02EF9300015F0F4F8217804ABC90088
:10FA20005918082202A815F023F928880123082272
:10FA300002A912F09FFE0127002804D12888084A55
:10FA40000C2112F095FE01A811F000F8002FBDD096
:10FA50000DB0F0BD452200203C270020396903008D
:10FA6000FFFF0000F0B5837991B004005B071BD560
:10FA7000FCF754F800232269801A9941994203D176
:10FA8000F423FF3398420FD9A068002808D0364BE2
:10FA90001D8802F0D9FD036815221B6A29009847CA
:10FAA0000422A3799343A371A3799B075AD52F4DC1
:10FAB0002B68DB68002B51D02D4B1A780193032A59
:10FAC0004CD8294B2B491B8804A80093FCF76AF8F3
:10FAD0002B6804A9DE6808A811F00DF808A9300009
:10FAE00012F0D6FC070008A810F0B0FF02AB9E1D74
:10FAF00008233200338006A9073B009812F03CFE31
:10FB0000002F08D039002022103108A815F0B0F8D5
:10FB1000380015F076F8019B32881B7806A9DE00C4
:10FB200008AB9E19300015F094F8002813D0082275
:10FB300006A9300015F09CF82B6804A9DD6805A81B
:10FB400010F0D9FF202308AA05A9280012F0A6FC6E
:10FB500005A810F07BFF04A810F078FF0222A3791B
:10FB60009343A37111B0F0BDDC2900203C27002095
:10FB70004522002039690300F7B5040000250192F1
:10FB8000C77FAF4254D966197078884202D11529CF
:10FB900027D804E0605D2D180135EDB2F1E70122B0
:10FBA0008A40264802421CD0D91901201F2943DC73
:10FBB000E1193718B94210D80021C8B2834205D9DB
:10FBC000019A7018575C01318770F6E7625D9A18E8
:10FBD0006255E27F9B18E37728E00878C854013922
:10FBE000E8E7655D013DEDB2AB4209D10021C8B245
:10FBF00083421BD9019A7018545C01318470F6E776
:10FC0000FF187F1B01201F2F16DC0227A81C7F4234
:10FC100036187F1BE07F2218964203D23078F055C9
:10FC20000136F7E7451B023DE57701E0002003E0E0
:10FC3000019A200012F0D3FDFEBDC046FC0020005A
:10FC400070B50D0002F000FD04000368002D02D124
:10FC50005B69984708E09B689847854204D223680F
:10FC600020009B6898470500FA20800068430249FD
:10FC700006F050FEE08070BD71020000F0B5070094
:10FC80001600A1B002C704006B4918A81D0012F0AD
:10FC9000D8FD331E03D0300015F048F883B201229E
:10FCA00004920022039202920232019200933200E7
:10FCB00018A93800FFF72AFD23006049583318A817
:10FCC000079312F0BEFD2B1E03D0280015F02EF86E
:10FCD00083B2012204920022039202920232019224
:10FCE00000932A0018A90798FFF710FD2300544934
:10FCF000AC3318A8089312F0A4FD269B002B03D068
:10FD0000180015F013F883B2012204920022039226
:10FD10000292023201920093269A18A90898FFF7DE
:10FD2000F5FC631CFF33474918A8099312F089FDBD
:10FD3000279B002B03D0180014F0F8FF83B2012298
:10FD400004920022601C03920292023201920093FC
:10FD5000279A18A9FF30FFF7D9FC23005533FF334A
:10FD6000394918A8099312F06CFD289B002B03D089
:10FD7000180014F0DBFF83B20122049200220392E8
:10FD80000292023201920093289A18A90998FFF76B
:10FD9000BDFC2300A933FF332C4918A80A9312F0A5
:10FDA00050FD299B002B03D0180014F0BFFF83B235
:10FDB00001220492002218AD0392029202320192B3
:10FDC0000093299A29000A98FFF7A0FC204B1B7882
:10FDD0000B93002B2DD1079B12971393089B0DAF0C
:10FDE0001493631CFF331593099B1A4916930A9BBE
:10FDF0003800179312F025FD1D2149203B78102271
:10FE00002B707B8A12AE6B8206ABC918C01814F037
:10FE10002FFF06232B756B469B8D2068AB83AE614D
:10FE200002F022FC036829001B6898470122084B56
:10FE30001A70200021B0F0BD292A0000242A0000F9
:10FE4000252A0000272A0000262A0000282A000070
:10FE50003B2A00200A18000070B5002504000B4B57
:10FE60008580083385710360C1601830FBF7D4FECC
:10FE700020001C30FBF7D0FE0123621CD377044A1C
:10FE8000A560656120001460A37170BD885C0300EB
:10FE90003C270020FA2130B585B00500012302225D
:10FEA0008900684610F06CFE074C2068002809D0D5
:10FEB00012F011FD2988054B2268198002219379DF
:10FEC0000B43937105B030BD3C270020DC29002096
:10FED00010B50C0007290BD8806802F0B5FB054B64
:10FEE000195703685B6C9847002802D0024800E06D
:10FEF000024810BD356A030016FCFFFF17FCFFFF28
:10FF0000F0B5A04C0D00A5440400059396AB1B78FA
:10FF10009D4908A807930692FBF744FE200029009C
:10FF20001C3010F0F0FD994909A8FBF73BFE9849F9
:10FF30000AA8FBF737FE0CAE09AA08A90BA810F017
:10FF4000F1FD2A00300011AD0BA910F0EBFD0AAA5B
:10FF50003100280010F0E6FD290008A810F0D3FDBC
:10FF6000280010F073FD300010F070FD0BA810F0A9
:10FF70006DFDE020C00002F04BFF082014F045FEAC
:10FF80000700002102F028FB0C22A76000213000AE
:10FF900014F08CFE2B0007CE07C37E4B2900EB60CC
:10FFA000002338002B6113F0A6FAA06802F04CFB86
:10FFB0000C2200210490280014F078FE142014F084
:10FFC00024FE754B2A0011930300C2CAC2C3734BAF
:10FFD000049FC3600023A43703613B68002B00D05B
:10FFE00003613860A06802F03FFB0C2200210490FE
:10FFF000280014F05BFE142014F007FE684B2A0062
:020000040002F8
:1000000011930300C2CAC2C3664BC36000230361DD
:10001000049B1B6B002B00D00361049B11AE186383
:10002000A06802F011FB0C2200210490300014F0B3
:100030003DFE142014F0E9FD5B4B1193030086CEC6
:1000400086C35A4B049FC3600023983703613B6803
:10005000002B00D003613860012004AB1B7F04AA91
:1000600003430BA9137712F089FBA06802F00CFB85
:1000700003684F495B6A9847A06802F005FB036874
:100080004C499B699847A06802F0FEFA002103687A
:1000900000911E680A000B00B047079B002B0AD096
:1000A000200012F021FC032805DDA06802F0ECFA24
:1000B0000368DB68984706212000FFF709FF182036
:1000C00014F0A3FDA16800F04BFB542014F09DFD3B
:1000D000059AA16801F030FF374B384A1B68A168C8
:1000E0000393374B28001B680CAD0293354B002659
:1000F0001B680193069B1B6804330093324B126804
:100100001B68FFF7BBFD302014F07FFD059AA16846
:1001100000F0A2FCA06802F097FA036829009B6A2D
:1001200098470823A0682B80DB186B80AE8002F014
:100130008BFA03682900DB6A98470621A06812F051
:100140008CFB089A09219378A068043212F098FB7E
:10015000A06802F079FA32210671A068FFF770FDFD
:10016000A06802F071FA12F062FB0AA810F06EFCAF
:1001700009A810F06BFC08A810F068FC91239B0004
:100180009D44F0BDBCFDFFFF4569030062690300AB
:10019000536903008127030095FE01008F270300A8
:1001A000A1F901009D270300CB270300AB27030023
:1001B000CD01020001020200442700204027002058
:1001C00014200020482700201020002013B506220C
:1001D0006846FBF7F7FC094B1C68002C0AD06946FF
:1001E00001A810F088FC200001A912F09DFB01A8D5
:1001F00010F02CFC684610F029FC13BD3C270020B1
:10020000002373B501AE0C0031000500019304F02A
:1002100089F9002802D1B278064B1A70064B18688B
:10022000002806D061426141044BC9B21D8012F022
:1002300083FB73BD452200203C270020DC290020E1
:1002400030B5284CA9B06A220D000DA8210014F089
:100250000FFD0DA903A8FBF713FD03A906A810F0D5
:10026000BFFC01230193013BFF3B00930533FF33A8
:10027000642206A92800FDF791F806A810F0A3FC57
:10028000210019226A3106A814F0F2FC052200248C
:10029000110006AB04A810F0CAFC04A905A810F0D0
:1002A0009FFC019400942300220005A92800FCF77C
:1002B000B9FF05A810F087FC21002800FDF79CF885
:1002C00005340520FBF750FAFF2CF5D1FA20800009
:1002D000FBF74AFA04A810F076FC03A810F073FCB0
:1002E00029B030BDB6680300F0B5854B8DB00592DE
:1002F0001A68082304000D00D16C07A80B43D364CF
:100300008049FBF74FFC804908A8FBF74BFC220013
:1003100000261C3207A90BA810F004FC08AA0BA9A0
:1003200009A810F0FFFB0BA810F090FB631CDE7710
:10033000A06802F089F90368FF275B699847A06805
:1003400012F0B8FA0621A06812F087FA099A09217A
:100350009378A068043212F093FAA06802F074F95E
:10036000C8210671A068FFF76BFCA06802F06CF969
:100370000681A06802F068F912F059FA2800FCF72B
:1003800097FE2000FBF754F929002000FFF758FFE3
:100390002900200012F05DFB049603966369DB07D9
:1003A00036D55A490AA8FBF705FD0AA90BA810F093
:1003B00017FC00220BA91300019200922800FCF701
:1003C00031FF0BA810F0FFFB049B002B01D1043F71
:1003D00000E00437282F03DD0023FE2F06DC06E0B3
:1003E000280011F035FB0123002F00DC0493059851
:1003F00010F045FE002806D0012362699A431300DD
:100400000422134363610AA810F0DDFB0023039369
:100410000422636913422BD0FF212800FCF7ECFF74
:100420000026A36902229B5E9E421BDA200031B2A5
:10043000183010F08DFB0023010028001A007430E2
:10044000FBF70AFDC8208000FBF78EF9280011F0A9
:10045000FFFAC820FBF788F902226369134201D131
:100460000136DEE7FA208000FBF77EF900230393D4
:1004700002226369134234D008261E401BD024494F
:100480000AA8FBF797FC0AA90BA810F0A9FB002209
:100490000BA91300019200922800FCF7C3FE0BA8E1
:1004A00010F091FB1B48FBF75FF90AA810F08BFBDB
:1004B000194B039315E019490AA8FBF77BFC0AA91D
:1004C0000BA810F08DFB330032000BA901960096AB
:1004D0002800FCF7A7FE0BA810F075FB0AA810F087
:1004E00072FB6420FBF740F9039B01330393039AEB
:1004F0000B4B9A4200DC51E710F046F94EE7C0463C
:1005000098260020556903005369030065690300BC
:10051000AA690300983A00008C0A0000E76903000A
:100520008B0A000073B50B4E05003100C06811F056
:1005300082FF041E0AD16B46DA1D107004233100BD
:10054000E868FEF79BF9200014F05BFB10F01CF943
:1005500073BDC0469D650300F0B587B001930EAB37
:100560001B88060003930D9B0D000093019B0292D4
:100570000C9F002B41D0002F02D1009BDB073CD504
:10058000302014F042FB0400103010F0EEFA20008E
:10059000243010F068F96B461B8918202580638091
:1005A00014F033FB049707000500009B102205930D
:1005B000019B002108C7380014F078FB082204A929
:1005C000380014F055FB0E4B02226B610023039997
:1005D000E3602362E36233680A43A560A2805B683C
:1005E000210030009847002808D0200010F0E4F9DE
:1005F000200014F006FB034800E0034807B0F0BDFC
:10060000BB2A030016FCFFFF17FCFFFF0300F0B539
:10061000C5B0050002C300224B492FA800241227B1
:10062000079312F081F8012312AE0493019700930F
:10063000079A23002FA9039402941AA8FFF766F8DB
:1006400022004249300012F06FF801233100049378
:10065000019700936A1D2300039402942FA8FFF7CB
:1006600055F8622302AA9B180122DA77B62302AA60
:100670009B180122DA771AAB099322002FAB344979
:100680002C716C710DA80A9312F04EF82C222D21BA
:10069000412002AB9B181B781C3A337002ABDB8FF6
:1006A00009AF738202ABC918C01814F0E1FA022333
:1006B00028683375B761B48301F0D6FF0368310051
:1006C0001B6898477E2202AB9B181B885432EB8034
:1006D00002AB9B181B8828682B8101F0C5FF0368BB
:1006E0000094E988DE68079A0123B047286801F082
:1006F000BBFF03680094DE68298901236A1DB047A7
:10070000144F3868A0421CD0134A0C940B92C0229C
:1007100002926A460BAB42CB42C201212B0022005F
:10072000FFF71AFF0D4B38680D93C02302936B46F9
:100730000E940DAA42CA42C32B0022000221FFF7E9
:100740000BFF280045B0F0BD3D6A03005D6A030061
:100750004D6A030020270020052B0300612B0300B6
:10076000F0B505000024564BA9B00833036003918F
:10077000A96021000BAB1A1901345170102CFAD169
:10078000012250481A701A1B013C015D5174002C63
:10079000F9D19A7B597B12020A43290045270C3173
:1007A000029125211B7813AE337002ABFF18C918D4
:1007B00072823800102214F05BFA029B0A227361E5
:1007C000012302A9FA773C325218D3773383337767
:1007D0001DAB1C706D235B181C706E230C225B1804
:1007E00074832100F4831EA81C70746214F05EFAF6
:1007F000354B0C22B363F463210023A814F056FA9E
:100800002200324B3465F3642C73059606AF3B1916
:1008100001345A70102CFAD101232D493B703B1B37
:10082000013C0A5D5A74002CF9D111212520BB7BB3
:100830007A7B1B020BAE13433A78738202ABC91862
:100840003270C018102214F013FA01230398337584
:1008500005ABB361B48301F007FF036831001B6887
:10086000984713ABDB8BA868AB8201F0FDFE0368F1
:100870000094A98A029ADE680123B047A86801F0B3
:10088000F3FE0290142014F0C0F906000C2221009F
:1008900014F00CFA300001233461082220C0390022
:1008A0000793069414F0E4F90A4BF360029B9B69EA
:1008B000002B00D033612800029B9E6129B0F0BD5F
:1008C000A05C03007D6A03002D0003001F000300ED
:1008D0006D6A0300B92B030010B5054C2368002B8B
:1008E00003D1012014F091F92060206810BDC046AA
:1008F0004C270020F0B591B0140001911222002184
:1009000005A8039314F0D2F9002C5ED02378002BB5
:100910005BD000252E4AAB009F58380014F006FA31
:10092000390006000200200014F007FA002804D164
:1009300004AB1D71A41901230DE00135042DE9D18B
:10094000002308E001360E2E0DD16946097805AA6C
:100950006B1C515501341D0023780093002B16D0D9
:10096000112D14DC00261B4AB3009F58380014F0E8
:10097000DDF9390002900200200014F0DEF90028B1
:10098000E0D105ABEE54029B0135E418E4E7AA235D
:100990000AAC237054336370EE3BA3706B461B7B31
:1009A0002A0005A90BA8E37014F062F902230A4A91
:1009B0000321019811F064FF2B1DDBB222001621E8
:1009C000019811F05DFF002000E0044811B0F0BD77
:1009D0005020002018200020066B030017FCFFFFAA
:1009E000F0B58DB01D0012AB1B780F005BB2111E6D
:1009F00001932AD0002D28D003AC0A22200014F045
:100A000037F90E2002AB29000622C01814F030F985
:100A1000AA2307AE3370543373706B4600251B79DD
:100A2000B570F37008AB07CC07C3226803211A60C6
:100A300038000223064A11F023FF14233200162146
:100A4000380011F01DFF280000E002480DB0F0BD95
:100A5000066B030017FCFFFFF0B500260400764B81
:100A6000DDB0083303608160C26086808671320029
:100A7000724947A811F058FE23001433089312233B
:100A8000012501930E3B04950093089A330047A972
:100A9000039602961DA8FEF739FE3200684947A862
:100AA00011F042FE0C2322000193083B15AF1032D7
:100AB0000495009347A933000396029632A8FEF7E7
:100AC00025FE32005F49380011F02EFE23001C3352
:100AD000099308230193043B390004950093099A74
:100AE00033000396029647A8FEF710FE32005649DF
:100AF000380011F019FE542014F087F82300183341
:100B00000793122301930E3B390004950093079A33
:100B10003300039602960690FEF7F8FD069B082226
:100B2000A3624A4B0AA90A93069B0B961800DC6243
:100B3000303014F09DF8069A454B268293631300DB
:100B4000668229331D7023690422E361099907989D
:100B500014F08EF804220799089814F089F8662397
:100B600004AA9B18DD77BA239B18DD7787235B00E7
:100B70009B18DD77069B32000233DD771DAB0C93AB
:100B800032AB0D9347AB0E93069B3249A68510A856
:100B90000F9311F0C9FD30223121452004AB9B1881
:100BA0001B7812323B7004AB9B181B88323A7B8255
:100BB00004ABC918C01814F05BF804230CADA0688E
:100BC0003B75BD61BE8301F04FFD036839001B68B2
:100BD0009847822204AB9B181B885432238404ABB1
:100BE0009B181B885432A38404AB9B181B88A068F5
:100BF000638401F039FD0700142014F006F80500A5
:100C00000C22310014F052F82800134B2E610822F8
:100C100010C010A91093119614F02AF80F4BEB6036
:100C2000BB69B34200D02B61BD612000FAF700FD23
:100C300020005DB0F0BDC046AC5C0300186B030043
:100C4000486B0300386B0300086B0300CB2C0300D8
:100C5000372C0300286B0300D10C0200612C030029
:100C6000F0B5040085B000930CAB1B8810300E006B
:100C7000150001930FF079FF200024300FF0F3FDF1
:100C800026806580182013F0C0FF070002AE3300F5
:100C90003D000AAA03CA03C3009B102208C5002115
:100CA000280014F003F831000822280013F0E0FFB8
:100CB000064B02227B61200000230199A7600A43B2
:100CC000E360A2802362E36205B0F0BD8B2C0300D9
:100CD000F0B50B898DB00593CB68050004934B8864
:100CE000828C9A420ED1049C059B049A1B1BD3183C
:100CF000032B39DD62882188012308A80FF040FF0B
:100D00000434F1E7428C9A422ED1049C059B049A4C
:100D10001B1BD318032B27DD238830200693638801
:100D2000EF680793114B08930023099313F06DFFAD
:100D3000C0236A460600029308AB03CB03C22B0014
:100D40000699079A3000FFF78BFF3B6831005B681C
:100D500038009847002805D030000FF02DFE3000F5
:100D600013F04FFF0434D1E70DB0F0BDF92C0300B0
:100D700070B5040092B0806811F0BFFE022301003C
:100D800019401AD1A38D002B17D00D4B6A4604933E
:100D90001023E568A1850591029304AB41CB41C2C4
:100DA0000A00230006A8FFF75BFF2B6806A99B68D3
:100DB0002800984706A80FF0FFFD12B070BDC0468E
:100DC000F92C0300F0B5060050364A88338885B008
:100DD00004000D009A4206D026004E366A883388F9
:100DE0009A4243D125E00B89032BF5D9CB681B68C8
:100DF0004361806801F038FC3188002622000368D6
:100E00000096DF6814320423B8470127B7402369EE
:100E10003B4203D163693B4200D091E023693B42EE
:100E200003D063693B4200D090E00136132EECD131
:100E3000D2E72B89032B19D9EB68A0681B682361C3
:100E400001F012FC31880026220003680096DF685A
:100E500010320423B8470127B74023693B420CD026
:100E600023693B420DD10136132EF4D123005233B6
:100E70006A881B889A423CD107E063693B426BD188
:100E8000EEE763693B426DD1EDE72F89002F6FD00C
:100E90000721380005F0C4FD89B2002968D1073167
:100EA000380005F037FD0723C0B25843EE68331809
:100EB0000293029BB3421CD03379F1781B020B439F
:100EC0001A00737937781B041343B2793F01120675
:100ED0001A430392B178737809021943E36807361D
:100EE000D819FCF7A7FEE3680399D819FCF760FF4F
:100EF000DFE7636D6A88DB8B9A4239D12E89ED6812
:100F0000012E35D901222B789A40944661466269B8
:100F10000A4211D167461801E268236969781018FE
:100F20003B4202D1FCF71CFE06E0FF2901D08900FC
:100F300000E01049FCF77EFE023E0235B6B2DFE764
:100F4000E36830011818FCF73FFE67E7E3683001FB
:100F50001818FCF795FE68E7E36830011818FCF7ED
:100F600033FE7DE7E36830011818FCF789FE7AE765
:100F700005B0F0BDFF030000F0B500240500884B6C
:100F8000DDB0083303608160C26084808471220018
:100F9000844947A811F0C8FB2B00103301270A260B
:100FA00008930423019604970093089A230047A905
:100FB000039402941DA8FEF7A9FB22007A4947A8D2
:100FC00011F0B2FB2B00143309930423019604970C
:100FD00015AE0093099A230047A90394029432A8FE
:100FE000FEF794FB22007149300011F09DFB2B00AD
:100FF00018330793082301930633310004970093B5
:10100000079A23000394029447A8FEF77FFB22006F
:101010006749300011F088FB542013F0F6FD1A23C5
:101020002A000193063B3100263204970093039473
:10103000230002940690FEF769FB069B08226B656D
:101040005C4B0AA90A93069B0B941800DD623030B2
:1010500013F00EFE069A584B2800936313002933B1
:101060001F70132221002C616C613A3013F01EFEB8
:101070000E222100079813F019FE662304AA9B187C
:10108000DF77BA239B18DF7787235B009B18DF7716
:10109000069B22000233DF771DAB0C9332AB0D931E
:1010A00047AB0E93069B454910A80F9311F03CFBEC
:1010B00030223121452004AB9B181B78123233704B
:1010C00004AB9B181B88323A738204ABC918C01852
:1010D00013F0CEFD04230CAFA8683375B761B48359
:1010E00001F0C2FA036831001B68984782222F0082
:1010F0002E0004AB9B181B884E373B80543204AB48
:101100009B181B88503633802B0052330693543281
:1011100004AB9B181B88069AA868138001F0A4FAF8
:10112000036839880094DF68089A0423B847A868E0
:1011300001F09AFA036831880094DE68099A042362
:10114000B047A86801F090FA069B079A19880368CF
:101150000094DE680E23B047A86801F085FA070006
:10116000142013F052FD06000C22210013F09EFD06
:101170003000134B3461082220C010A91093119441
:1011800013F076FD0F4BF360BB69A34200D03361CF
:10119000BE612800FAF74CFA28005DB0F0BDC046E9
:1011A000C45C0300986B0300586B0300786B03006A
:1011B000686B03000D2E0300412D0300886B0300B4
:1011C000C50D02006B2D03000300F0B50400C7B08D
:1011D000016042602C330022644931A8089311F069
:1011E000A3FA2300083307930A230025012701935C
:1011F000053B04970093079A2B0031A903950295AC
:101200000898FEF783FA2A00594931A811F08CFAA0
:101210000823220001930C3314AE1032049700937C
:1012200031A92B00039502951CA8FEF76FFA2A003E
:101230005049300011F078FA23000E3309930A2345
:101240000193083B310004970093099A2B00039502
:10125000029531A8FEF75AFA05222900079813F0E3
:1012600025FD78232000E381434B08220AA9257439
:10127000A4655C300A930B9513F0FAFC3F4B04AA6B
:101280006366230055331F70083B1F7062239B1851
:10129000DF77B6239B18DF77089B2A000C931CABE3
:1012A0000D93374931AB0FA80E9311F03DFA2C2264
:1012B0002D21412004AB9B181B781C3A337004ABE2
:1012C000DB8F0CAF738204ABC918C01813F0D0FCCD
:1012D000032320683375B761B58301F0C5F903684E
:1012E00031001B68984723007E224A331B88206800
:1012F000A38404AB9B181B885432E38404AB9B1873
:101300001B88238501F0B0F903680095218DDE6804
:10131000099A0223B047206801F0A6F903680095F6
:10132000A18C079ADE680523B047206801F09CF97C
:101330000700142013F069FC06000C22290013F0AA
:10134000B5FC30000F4B3561082210C00FA90F9378
:10135000109513F08DFC0C4BF360BB69AB4200D0D1
:1013600033612000BE6147B0F0BDC046C86B0300CA
:10137000A86B0300B86B0300332F03003B2E030060
:10138000D86B03008F2E0300652E0300F0B587B0E5
:1013900001930EAB1B88060003930D9B0D00009379
:1013A000019B02920C9F002B41D0002F02D1009B89
:1013B000DB073CD5302013F028FC040010300FF080
:1013C000D4FB200024300FF04EFA6B461B89182006
:1013D0002580638013F019FC049707000500009B2B
:1013E00010220593019B002108C7380013F05EFC12
:1013F000082204A9380013F03BFC0E4B02226B615B
:1014000000230399E3602362E36233680A43A56023
:10141000A2805B68210030009847002808D0200097
:101420000FF0CAFA200013F0ECFB034800E0034879
:1014300007B0F0BDC12F030016FCFFFF17FCFFFF34
:10144000F0B50700F7B0016042609249002261A840
:1014500011F06AF93B000833002401261225069397
:101460000623019504960093069A230061A903942C
:10147000029422A8FEF74AF92200874961A811F0D8
:1014800053F93B000E330793022301950496009312
:10149000079A230061A90394029437A8FEF736F94E
:1014A00022007E4961A811F03FF93B0010330893F8
:1014B0000A230193083B1AAD04960093089A23006F
:1014C00061A9039402944CA8FEF720F92200744904
:1014D000280011F029F93B00123309931823290041
:1014E000099A04960193009623000394029461A83C
:1014F000FEF70CF978683C8103687C819B69BC81AC
:10150000FC8198477A2304AA9B18DE77CE239B1888
:10151000DE7791235B009B18DE77BB235B009B1873
:10152000DE7722AB119337AB12934CAB3882139317
:10153000220061AB5B49BC7415A8149311F0F4F858
:1015400044224521592004AB9B181B7812322B7082
:1015500004AB9B181B88463A6B8204ABC918C018B1
:1015600013F086FB042338682B7511ABAB61AC8399
:1015700001F07AF8036829001B689847962204ABAB
:101580009B181B885432BB8204AB9B181B885432B7
:10159000FB8204AB9B181B8854323B8304AB9B1823
:1015A0001B8838687B8301F05FF80368B98A5D693E
:1015B000069A0623A847386801F056F80368F98AA6
:1015C0005D69079A0223A847386801F04DF803685F
:1015D000398B0094DD68089A0223A847386801F027
:1015E00043F80368798B0094099ADD683300A847B3
:1015F000386801F039F80600142013F006FB0500E6
:101600000C22210013F052FB2800274B2C610822EA
:1016100080C015A91593169413F02AFB234BEB6099
:10162000B369A34200D02B61B561214E33689C465B
:10163000002B2BD0C022002402926A461D4D0C9430
:101640000B950BAB03CB03C206213B000122604686
:10165000FFF79CFE102202926A460E940D950DAB88
:1016600003CB03C206213B0002223068FFF78EFE47
:101670001022306802926A460FAB0F95109412CB7D
:1016800012C23B0004220621FFF780FE380077B02B
:10169000F0BDC046086C0300286C0300F86B030023
:1016A000186C0300E86B030001300300972F030060
:1016B0002027002025310300F0B50700C5B00160E8
:1016C00042606D4900222FA811F02EF83B0008332C
:1016D000002401260693122312AD0496019300966E
:1016E0002300069A2FA9039402941AA8FEF70EF875
:1016F00022006249280011F017F83B000A330793D3
:101700000A230193083B2900079A04960093039447
:10171000230002942FA8FDF7F9FF3C72786810F0BF
:10172000F1FE622302AA9B18DE77B6239B18DE77B0
:101730001AAB7881099322002FAB51490DA80A9367
:1017400010F0F2FF2C222D21412002AB9B181B78B8
:101750001C3A2B7002ABDB8F6B8202ABC918C0182E
:1017600013F086FA022338682B7509ABAB61AC83A2
:1017700000F07AFF036829001B6898477E2202ABBD
:101780009B181B885432BB8102AB9B181B8838689E
:10179000FB8100F069FF0368B9890094DD68069A4F
:1017A0003300A847386800F05FFF0368F9890094A8
:1017B000079ADD680223A847386800F055FF060045
:1017C000142013F022FA05000C22210013F06EFA07
:1017D00028002C4B2C61082280C00BA90B930C9481
:1017E00013F046FA284BEB60B369A34200D02B619B
:1017F000264BB5611E68002E3AD0302013F005FA52
:10180000040010300FF0B1F9200024300FF02BF855
:101810000823238001231820638013F0F6F91C4B62
:1018200005000D93002380C51900069010222800A2
:101830000E9313F03BFA08220DA9280013F018FAB2
:10184000144B069A210053610023E360C233A38046
:101850000023A2602362E362336830005B6898472C
:10186000002805D020000FF0A7F8200013F0C9F9D8
:10187000380045B0F0BDC046386C0300486C03002A
:10188000586C0300BD3103005331030020270020B2
:10189000FD3103007D3103001FB5084B1B68DB8B56
:1018A000834209D1064B07491A78074B68461A70DC
:1018B000012303220FF064F905B000BD502700207A
:1018C0003D2A0020FF0300003C2A0020F0B505005F
:1018D0001C00AFB029610134143017000691FAF7EB
:1018E0009BF9E3B218000793FAF732F800240137A6
:1018F000FFB268603800FAF72BF8494B11AE1C7044
:10190000484B28601C706B461B7FAF72EB72220045
:10191000454930002C726C7210F006FF01230493CD
:101920000B333100019300970B3B2A680394029418
:1019300019A8FDF7EBFE22003C49300010F0F4FE40
:10194000542013F062F90123070004931F3301931D
:10195000079B310000936A68012303940294FDF70A
:10196000D5FE334B22001F60324919AB0CA80897F3
:10197000099310F0D9FE282229213D2002AB9B18A3
:101980001B78183A337002AB5B8F738202ABC918B5
:10199000C01813F06DF902230698337508ABB361D4
:1019A000B48300F061FE036831001B6898477A2217
:1019B00002AB9B181B880698EB6000F055FE0700F1
:1019C000142013F022F906000C22210013F06EF906
:1019D0003000194B3461082220C00AA90A930B94E5
:1019E00013F046F9154BF360BB69A34200D0336195
:1019F000BE61069800F038FE040000210C220CA8FD
:101A000013F054F90E4B0CAA0C9323006C3343CA09
:101A100043C30C4B2800A3670023E3672FB0F0BD3E
:101A20003D2A00203C2A0020CF6C0300BF6C03003D
:101A300050270020AF6C03006F32030045320300D3
:101A4000991802003732030070B51500012A0BD037
:101A500014300FF058F80024022D06D196200121F1
:101A6000C0000EF0D6FE00E0014C200070BDC04664
:101A700017FCFFFFF0B58BB002AFB8600C0015008B
:101A80007B60012B03D147490EF0FCFF85E04B7AC8
:101A90003B611E0001235B427B61237A9E421FD083
:101AA0007B69013342D123689B5D3B600023FB606F
:101AB0002B6802229B5EFA689A420BDA0C23F95ECD
:101AC00028000FF045F83B68834200D17E61FB6837
:101AD0000133ECE7701CA17A05F08CF80E00DCE70E
:101AE0007B68022B22D17B6901331FD11C23290083
:101AF000F8180FF000F81C237A68F9182000FFF797
:101B0000A3FF1C23F8180EF0A1FF237A013B7B6191
:101B10001C23F818FAF780F81C232000F918143059
:101B20000EF0F1FF1C23F8180EF090FF7B69002BDC
:101B300030DB6B463A69FB607B699D1A934203DA9E
:101B4000A57A7B69AD1AED182B0069460833DB08CE
:101B5000DB00CB1A9D4602AE6A1C0021300013F058
:101B6000A5F8BB8AA27A01933B6920000093216803
:101B7000330011F0CFFB607AA17A0130401905F0F3
:101B800039F82AB26172B8683100FAF71BF8FB68BD
:101B90009D4602E0B868FAF73FF8BD46B86809B05C
:101BA000F0BDC04617FCFFFF70B505001400012A08
:101BB0000ED0007A4018A97A05F01CF8A96100251A
:101BC000022C06D196202100C0000EF022FE00E07B
:101BD000014D280070BDC04617FCFFFF70B50A001C
:101BE0000400012916D0437A002904D1027A9A42CE
:101BF00006D10C4814E0022902D1017A8B420BD0A5
:101C0000607A2368A17A1D5C013004F0F3FF28009C
:101C1000617205E0044803E00121FFF7C5FFEFE72B
:101C200070BDC0460CFCFFFF17FCFFFFF8B50600B7
:101C30000F0015001C00012B28D0002B0AD1AC424C
:101C400026DA00213000FFF7C9FF002820DB3855D5
:101C50000134F4E70020022B1BD1300011F06EFBA1
:101C6000854204DD291A22003000FFF79DFF3C0069
:101C7000E31B9D4203DCE843C017284009E0022132
:101C80003000FFF7ABFF20700134F1E7014800E0BE
:101C90002000F8BD17FCFFFF054B01001A78054B2B
:101CA0001B78981A9A4202D9C87AC318981A7047B2
:101CB0003C2A00203D2A0020F0B58DB002AF040080
:101CC0003960BA617B61002A00DC99E07B69012BF5
:101CD00000D195E027230025FB1800691D7000F056
:101CE000C3FC272203684A499B69BA1809689847C8
:101CF000206910F002FF02231840A84206D12533C4
:101D0000FB181B78AB427DD0F86100E0FD612069D3
:101D100010F0F3FE0223184276D02533FB181B780F
:101D2000FB60002B70D06B46BB603A4BFD691E78A0
:101D3000394B1B787B6000233B61BB699D4212DA03
:101D4000701CE17A04F056FF7B68994209D03B6829
:101D500062685B5D9355FB69CEB20133FB61FB6842
:101D60003B610135E9E73B69002B01D0294B1E702F
:101D70002000FFF791FF6A46C31DDB08DB00D31A82
:101D80009D4602AB02000021050018003B6112F0E5
:101D90008DFF204BE27A1B78200001937B68009333
:101DA0003B69616811F0B6FA7B69022B03D103210C
:101DB0001A48F9F7BBFB206900F056FC0026ABB2CD
:101DC000134D2A68D18B02680096D6683A69B047ED
:101DD0007B69022B11D1F9F75DFC206900F044FC0E
:101DE00027220368BA189B6929689847BB68BA69B3
:101DF0009D46FB6993428ADB06E0BB689D4603E093
:101E0000074802E0074800E0F869BD460BB0F0BDA6
:101E1000502700203D2A00203C2A0020FF0300001C
:101E200017FCFFFF16FCFFFF82B0F0B587B004007F
:101E300003A80D930C92FCF7EFFE0CAB5D88022D0E
:101E400034D0FF2D62D0012D64D104A810F0EDFA3A
:101E5000334904A810F0EFFA05AE071E06D12B0097
:101E600032002F4904A83570FCF708FD380012F045
:101E7000C8FE256DAB0503D1290003A8FCF7DEFEE3
:101E800022001023290003A80C32FCF711FF0222C4
:101E90002449300012F0ECFE206800F0E5FB0368F6
:101EA000218932005C690223A04733E02200256DBE
:101EB000102329000C3203A8FCF7FAFE80235B01F3
:101EC000EC1880256D056B69174A9B189B029C4294
:101ED00012D2164B22689A420CD1154B62689A4274
:101EE00008D1002305AA13702100009303A8013331
:101EF000FCF720FF0834E6E705A810F096FA084939
:101F000005A8FCF791FD0EF03FFC03E0094B1868B3
:101F1000FEF708FB07B0F0BC08BC02B01847C0468B
:101F2000A8650300686C0300EDFF3F00EF4011045B
:101F3000BBA22FB83C270020F0B500250400030009
:101F4000216042602A00A9B04C338572C5721D70B1
:101F500002AB00910565DD700BAF7B1901355A703E
:101F6000102DFAD1012366493B707B1B013D4A5D70
:101F70005A74002DF9D12521BB7B7A7B1B0213AE4D
:101F80001343738202ABC91845233A7802A81B1881
:101F900032701800102212F06BFE6420142202AB83
:101FA00003337361012302A909180A70328302A95D
:101FB00032325218D377738333771DAB1D706D2384
:101FC0005B181D706E230C225B18F58329001EA878
:101FD0001D70756212F06AFE4A4B2900B363F56307
:101FE0000C2223A812F062FE2900474B3565F364EA
:101FF000039606AB5A1901355170102DFAD1012202
:1020000042481A705A1B013D415D5174002DF9D1AF
:102010009A7B597B12020A43252011211B787A8270
:102020003B7002AB1022C918C01812F021FE012328
:1020300000983B7503ABBB61BD8300F015FB0368E3
:1020400039001B689847F38B2068238100F00CFB54
:102050000700142012F0D9FD06000C22290012F00E
:1020600025FE30002A4B3561082210C004A90493D4
:10207000059512F0FDFD274BF360BB69002B00D0E6
:102080003361BE6163683020019312F0BEFD05002C
:1020900010300EF06AFD280024300EF0E4FB00261C
:1020A000C8236E802B80182012F0AFFD07001A4B5A
:1020B00010C700901022310038000693079612F0E6
:1020C000F5FD082206A9380012F0D2FD134B009A44
:1020D000EE6053611223AB80019BAA601B682E62E5
:1020E000EE625B68290001989847B04205D028004D
:1020F0000EF062FC280012F084FD200029B0F0BD33
:102100006C6C03002D0003001F0003007C6C0300B7
:10211000E921020063330300291E02008D3303000E
:102120007FB5CB78827A04000D00934226D006D288
:10213000D31A07210022DD0F9942554104E09B1A72
:102140000125F82B00DC0025EDB2002D49D102223B
:1021500024496846891812F08BFD206800F084FA43
:10216000036821895E696A460223B047E37A043333
:10217000DBB2E372A3724C34257032E00600013307
:10218000837223004C3630780C3300011818043168
:10219000102212F06DFD3378012B16D0002B0DD0DC
:1021A000032B1CD10123C8211A0068460EF0E8FC5D
:1021B00000233370E37A0433E37212E06B78AA7879
:1021C0001B021343236501230AE06B781A06AB78E0
:1021D0001B041343226D13432365022300E00133E4
:1021E00033707FBD686C0300F0B54A88038997B0EF
:1021F00007009A4200D08DE00B89002B00D189E0C6
:10220000CD682C78022C00D17EE008D8002C0BD0B1
:10221000012C00D07EE02900FFF782FF7AE0EE2C4F
:1022200052D0FF2C68D075E006A800F089F914217F
:1022300001AE34706B7806AA73706B780E204B4336
:10224000D3189B6868441B0EB3706B784B43D3184C
:102250009B681B0CF3706B784B43D3189B681B0A6D
:1022600033716B784B43D3189B6873716B784B4316
:10227000D318DB681B0EB3716B784B43D318DB6844
:102280001B0CF3716B784B43D318DB681B0A33725A
:102290006B784B43D318DB6873726B7859435118D2
:1022A0001031082212F0E4FC386800F0DDF9036810
:1022B00039895D6932001223A8473B004C33BC7258
:1022C000FC721C703C6525E006AD0322002128004D
:1022D00012F0ECFC01236B700F4B2C70186810F09F
:1022E000E9FBA870386800F0BFF9036839895C69B8
:1022F0002A000323A0470DE06B78002B04D0012BAC
:1023000008D10EF041FA05E001232200C82106A8F9
:102310000EF036FC17B0F0BD3C270020002815D089
:10232000006041608260C360046145618661C7618D
:10233000444604624C464462544684625C46C4622D
:10234000644604636E46466374468463002A06D07E
:10235000C46B043C043A25681560B442F9D18C6B17
:10236000A6464E6BB546002B06D0CC6B043C043B16
:102370001D682560B442F9D10C6BA446CC6AA34613
:102380008C6AA2464C6AA1460C6AA046CF698E6947
:102390004D690C69CB688A680868496870470060B5
:1023A00041608260C360046145618661C7614446E3
:1023B00004624C464462544684625C46C46264468D
:1023C00004636E46466374468463C46B043C0439FC
:1023D00025680D60B442F9D1C76986694569046909
:1023E0007047006041608260C3600461456186613E
:1023F000C761444604624C464462544684625C466B
:10240000C462644604636C4644637446846304692E
:102410007047846BA646446BA546046BA446C46A09
:10242000A346846AA246446AA146046AA046C769D4
:10243000866945690469C3688268006841687047B5
:102440000CC8074810B51B18DB00D31818009342BE
:1024500005D31C688C4202D31800083BF7E710BD77
:10246000FFFFFF1F70B50D1C06000021281C04F0A3
:1024700017FC041E06D13000291C03F081FD756095
:10248000200000E0004870BD17FCFFFF014B1868FA
:102490007047C0466020002070B504000D0003F0B6
:1024A00083FD61682000FFF7DDFF024B00201D6007
:1024B00070BDC04660200020F8B51B4C0500A30588
:1024C0009B0D03D08022D200A418E41A80235B0560
:1024D000164A5B6916499B181648174A174E9B0205
:1024E0009C421FD22768974218D167688F4215D146
:1024F000A768874212D1E768B7420FD128002100B0
:1025000008221031243012F0B3FB280021003830AB
:102510001831082212F0ACFB2C6303E08027FF0087
:10252000E419DDE7F8BDC046386F0300EDFF3F005A
:10253000C615A841C49866C9708E3B9275EE519736
:10254000F8B50023070004000370061D403700257E
:10255000300035707560B5600C30082229001436E3
:1025600012F0A4FBBE42F2D12278032A09D0142330
:10257000C02153434902E31801329D60D9602270A3
:102580001D712178124B03290AD01422C0204A431E
:102590004002A21801319060D360217001211171B5
:1025A0008022D20099189B0522789B0DC91A032A14
:1025B00009D014235343E318996006490132D960C6
:1025C000227002221A712000FFF776FF2000F8BD6A
:1025D000386F0300FFBB0300002370B504000160E7
:1025E000436099420AD1064D2B68002B02D111F0AD
:1025F000ADF9286023689B00EB586360200070BD34
:102600006027002070B500280DD10C4C2668002EE4
:1026100007D1083012F0F9FA05003100FFF7DCFFAE
:102620002560206808E00122054906480B68134030
:1026300002D1026043600A6070BDC046542700208A
:102640006427002058270020436810B50400002BA1
:1026500002D1044812F002F9606803681B699847C8
:1026600010BDC0468C6C0300436810B50400002BFD
:1026700002D1044812F0F2F8606803689B69984739
:1026800010BDC0468C6C0300436810B50400002BDD
:1026900002D1044812F0E2F8606803685B6A984768
:1026A00010BDC0468C6C030000487047FFFF00005F
:1026B000F0B597B00593036807AD1B6804910393C9
:1026C00011002B00060091C991C30024D36821009A
:1026D0000C220CA8EB602C6112F0E8FA21000B4BE5
:1026E00010940F9311AB1C701A1901345170102CF7
:1026F000FAD100225A820193059B2A000093049983
:102700000CAB3000039CA04717B0F0BD353603007A
:10271000FC3070B5046C0500002C0DD1242012F0A3
:1027200074FA064B44608361054B8460C4600461A5
:102730004461C46103602864286C70BDB05D03000F
:10274000985E0300FC3070B5C56B0600002D16D1F5
:10275000342012F05AFA04003422290012F0A6FAAA
:10276000084BA5606360084B65612361074B2562D8
:10277000E361074BE562A362064BF4632360F06BF1
:1027800070BDC046E05D0300D05D0300405E030005
:10279000505E0300605E03007FB503791548002B8F
:1027A00026D0154D154C2B782000002B20D102AEE1
:1027B000300010F023FF002814D17388592B11D159
:1027C0003378B288D91F012902D800920C4A01E05F
:1027D00000920C4A202120000BF0CEFF01232B7029
:1027E000200005E020220849200012F0B8FAF7E79F
:1027F00004B070BDDF6C03003E2A00203F2A002099
:10280000F96C0300166D03003B6D030010B5040066
:10281000024B08C010F07DFF200010BD505E030089
:1028200010B50400024B08C010F073FF200010BD6B
:10283000F05D030010B50400024B08C010F069FF02
:10284000200010BDE05D030010B50400024B08C07D
:1028500010F05FFF200010BDD05D030010B5040034
:10286000024B08C010F055FF200010BDC05D0300F2
:1028700010B50400024B08C010F04BFF200010BD43
:10288000005E030010B50400024B08C010F041FFC9
:10289000200010BDB05D030010B50400024B08C05D
:1028A00010F037FF200010BD045D030010B50400D8
:1028B000024B08C010F02DFF200010BDF45C030097
:1028C00010B50400024B08C010F023FF200010BD1B
:1028D000E45C030010B50400024B08C010F019FFBF
:1028E000200010BD145D030010B50400024B08C0A9
:1028F00010F00FFF200010BD405E0300FC3070B5EB
:10290000046C0500002C0DD1242012F07EF9064B3A
:1029100044608361054B8460C46004614461C461A8
:1029200003602864286C70BDB05D0300985E0300EE
:10293000104B10B5083303600F4B0400C3608023B5
:102940000E4A5B00C250C018FAF788FA20000C4B00
:10295000B830E360FFF7BEFF2000AC30FFF79CFF0C
:102960002000A030FFF7A2FF20006C30FFF7A8FF87
:10297000200010BDC45E03000C5F030078600300FC
:10298000245D0300F0B50500040087B0AC356B682A
:10299000AB60AE68002E08D0F36821003000984785
:1029A000AB68002BF3D01B69F2E72000B03010F0C9
:1029B000B0FE2200FC235832117820000B40137027
:1029C00023005C331E700A3010F0B7FF2000343053
:1029D00010F0B3FF2000643010F09BFE2000983010
:1029E00010F097FE200001ADA43010F092FE3100EF
:1029F0000C22280012F05AF923002A006C3383CAF3
:102A000083C3094BE667A3670C223100280012F04C
:102A10004DF92300803307CD07C33000034A9034BB
:102A20001A60266007B0F0BD273603001936030090
:102A3000454AF0B50600C260A022444B1636083362
:102A400003600100002342820400320085B003715C
:102A50008360037483823531137001320025914203
:102A6000FAD1802780222000D201BF001100F57723
:102A700037842B000095383000F024FF230021001C
:102A8000403303931A002B005F311370013200258D
:102A90008A42FAD1039B2200DD77230060331F8036
:102AA000FC236432117820000B401370230068333C
:102AB0001D70274B2900E36625670C22783012F041
:102AC000F5F82300270088331D60224B0837FB6789
:102AD000843729000C22380012F0E8F81E4B1F4AF8
:102AE000FB602300A0333D611A601D4A5D60DA601F
:102AF0001C4A1D619A61DD61300010F01EFF0398D1
:102B000010F01BFF184B601CE3602300C4331D70E2
:102B10005D709D70FF3002F09DFD8C235B00E550E1
:102B200023001933FF335D618023104A5B00E250BC
:102B3000230001222000FE3352425A86023B9D634D
:102B4000DD631D6405B0F0BD245D0300C45E0300B9
:102B5000E45C03002736030019360300F45C03002D
:102B6000045D0300145D03000C5F03007860030044
:102B700070B5074C2368002B07D1A020400012F04D
:102B800044F80500FFF754FF2560206870BDC0467B
:102B90006827002070B50C220D000021040012F0FF
:102BA00085F800232361024B25602000E36070BD9F
:102BB0003732030070B500250400264B0571036011
:102BC000254B45718360254BC5604361244B85616E
:102BD0000362244B4562C362234B05638363C56371
:102BE00029004430FFF7D6FF200029005830FFF7B6
:102BF000D1FF200029006C30FFF7CCFF1B4B2200D7
:102C000023602300F832803320C39342FCD1260096
:102C10001D00E936FF36280008220021083512F091
:102C200045F8AE42F7D18E22330000209200A11861
:102C300001C300229942FBD18E239B00E2540C4930
:102C40000C4B6118E3181A8002339942FBD1200023
:102C500070BDC046105E0300C05D0300D05D030080
:102C6000E05D0300F05D0300005E0300985F030079
:102C7000620200003A02000010B5040002F020F8E1
:102C8000034B1B68002B01D02000984710BDC046A5
:102C90006C270020F0B58DB0050001F083FA00200C
:102CA000FFF766FF036807001B6998473B6804004D
:102CB0009B69380098473B6806005B6A3800984774
:102CC0000300288810380B2800D998E003F018FE7C
:102CD000063D9797975A979797619773AF8820000B
:102CE000390011F04CF822006B7B583201931378B5
:102CF000A87919000223194306AB11701F80012324
:102D000006AA9370D07013006A461279E91D9A7270
:102D10002B000622163307A80B9311F0A9FF2900F8
:102D20000B2006AB06220E31C01811F0A1FF94341F
:102D30006368A360A068002861D0C36806A99847AB
:102D4000A368002BF4D01B69F3E720002F49AF885C
:102D500011F015F82200022058321378A979834324
:102D6000137006AB1F809970A0346368A360A068DD
:102D7000002844D0C36806A99847A368002BF4D064
:102D80001B69F3E75B69A91D002B38D0A888984719
:102D900035E0636EAF79002B31D0A366A06E0028BA
:102DA0002DD0C36839009847A36E002B01D1636E04
:102DB000F3E71B69F1E701220D27AB7BE91D1A4000
:102DC00001925A07920FDB08029206A80622EF57DB
:102DD000049311F04DFF6A46127906ABDA716A4628
:102DE000127A9F711A726A46127C20005A722B0066
:102DF0008C340F3309938030236806A99847290043
:102E0000300011F0AFF80DB0F0BDC046FFFF00007C
:102E10000723D72802D9024B1860002318007047F7
:102E200070270020014B18607047C0466C270020B7
:102E30001FB5A3238022DB00D205D3580820DB076F
:102E400000D405301E4B48221E4902F0C9F9002863
:102E50000AD080B2002807D1BFF34F8F1A4A1B4B0C
:102E6000DA60BFF34F8FFEE702AC0822002120009A
:102E700011F01CFF01232370154B20001B686360B9
:102E800010F0DCFD002801D0072017E0684610F0A4
:102E9000D3FD0028F8D1694610F0CCFD0028F3D10D
:102EA0000C4802F0CDF980B2002807D10A4802F0A0
:102EB000D1F980B2002801D100F082FC04B010BD2D
:102EC000433A0300742700200400FA0500ED00E0F7
:102ED00070270020952C0200792C020080B2002877
:102EE00007D1BFF34F8F034A034BDA60BFF34F8F15
:102EF000FEE770470400FA0500ED00E070B5002021
:102F00000C00FFF735FE03685B6A98472378142BA3
:102F100017D002D8132B05D03FE0152B18D0222B49
:102F200035D03AE064680122A37819005D081140A9
:102F30002A404568DB065B0F002D2ED02088A8476D
:102F40002BE08368002B28D06268917810881CE001
:102F50006468A27813091207120F012A02D0022A0C
:102F600008D00DE0013BDBB20021022B09D80C4A4E
:102F7000D15C06E00421012B03D00131022B00D0EB
:102F80000021C368002B08D02088984705E003691A
:102F9000002B02D0626810889847002070BDC046A0
:102FA000436D0300014B18787047C046602A00202B
:102FB000F0B51E002F4B87B0009201931A780023C2
:102FC00005000C009A4252D101F0ACFE002801D05D
:102FD0000B234CE0002E0ED003A92220039610F004
:102FE00038FD002807D00623082840D01138434276
:102FF000434104333BE0002302AA1000137000F0A9
:1030000095FE011EE4D101261B4F35403A7834402D
:10301000B2432A436300022514000720009AAC4300
:1030200002401C431C23AA409C4314433C7003AC45
:103030000C22200011F03AFE0920104B39000393B6
:1030400002AB0522C018257111F012FE21000C48B8
:1030500000F0D8FE002807D00723042807D0013B42
:10306000082804D0053302E0019B1E7003001800FD
:1030700007B0F0BD602A002046220020FD2E02008D
:103080005F2A002010B5074800F086FF0023984211
:1030900006D00733042803D0013B082800D00533AD
:1030A000180010BD5F2A0020002373B501930F4B59
:1030B00001AD1B780E0029002B7001F033FA041EBD
:1030C00004D0042305280FD007330DE03100280079
:1030D00000F0D2FE2300002806D00723042803D0E6
:1030E000013B082800D00533180076BD5F2A002078
:1030F00073B5104C0E00050005222100684611F042
:10310000B7FD012E06D0022E11D1012223781343E0
:10311000B34303E002222378B34393436946280074
:10312000237010F094FC031E02D00B2300E0022356
:10313000180076BD46220020094B10B51A78010010
:103140000923002A09D0074800F0CEFE0023984248
:1031500003D003330E2800D00333180010BDC0463F
:10316000602A00205F2A0020024B0B6009231360B5
:103170007047C046466D030010B504000020FFF7FD
:10318000F7FC03681B6998470300F3331C70862320
:103190005B00C05003000021044AFC335A61044A1A
:1031A00099615A62F43011F0A4FA10BD413C030059
:1031B000533C0300012110B5044A080001F09AFFB6
:1031C000031E00D00B23180010BDC0467931020049
:1031D000F0B593B0019000200C00FFF7C9FC036824
:1031E0005B6A9847FFF7DEFE06AB00280DD0002291
:1031F0001A7105AA0692082218001A730AAA9A6080
:10320000FFF79AFF002802D052E0187118730023CC
:103210001F0023732371019BBA331B78BB4246D92D
:1032200007237B43019AD218BB321278022A31D18C
:10323000002506AE337BAB4236D907207843AB007E
:103240000293019BAA001818089BBB30995810F0F4
:1032500002FC00281BD0B368AA009A58237BA168FF
:103260009B005A50237B01332373337B5A1E9542B4
:1032700008D01049B2685B189B009B5803930399D0
:10328000029BD15006AA137B013B13730CE001355E
:10329000EDB2CEE701992279CB182168BB339200B9
:1032A00053502379013323717B1CDFB2B3E7002035
:1032B00013B0F0BDFFFFFF3FF0B59DB01F006B46A0
:1032C00005001A70581C0622229E02AC11F0D0FC98
:1032D000002F07D03B8823807B886380BB88A38036
:1032E000FB8806E032232380DB186380F533A78058
:1032F000FF33E3800CAB04A9049314AB8B602F0065
:103300000023B9370B710B733B78002B17D10120C9
:103310003B78022708A903405A000B78BB4304AF4F
:103320004F601343002E10D0B27983430240134301
:103330000B7033880B8173884B81B38811E02800B0
:10334000FFF746FF0028E2D029E02A003232127847
:103350008343024013430B70AB8D0B81EB8D4B818C
:103360002B8E220068468B8110F0A3FB0300002007
:10337000834214D00630082B11D005D80130042B1D
:103380000DD0834208D109E00520112B07D0054A52
:10339000934203D0102B01D00B2000E004201DB07D
:1033A000F0BDC04602320000F0B50A7804009BB0C0
:1033B0000D000220012A44D04B88032A06D1A03BED
:1033C00021499BB210008B423BD805E0203B1F4AAD
:1033D0009BB20320934234D81D4BAA8803209A4203
:1033E0002FD80AAB009312AB02936A460023260043
:1033F00013711373B8363378002B05D0694620005B
:10340000FFF7E6FE00281CD104AF18220021380087
:1034100011F04CFC2B7838003B7033783B726B46D4
:10342000FB606B883B82AB887B8210F02CFB020038
:103430000320002A05D101211000583423780B43C2
:1034400023701BB0F0BDC046603F0000E03F0000AD
:10345000FF3F000013B504680093A46813000A003E
:103460000149A04716BDC046FFFF000037B506ACB6
:103470002578046801950093246913000A00014926
:10348000A0473EBDFFFF0000F0B589B001930700E3
:103490000FAB0D0016000021082202A81C7811F0C5
:1034A00005FC0EAB1B8802AA1380019B0393002C22
:1034B00006D03100280010F06AFC002841D154E009
:1034C0003B007A79F833A2423DD908331900083914
:1034D0000988B14208D130222034A400E3590133D5
:1034E000DB7F134202D12EE00134ECE70222002000
:1034F000DB06DB0F04ACD31AA370019B2680E360CC
:103500000EABA3601A4BA0809D4207D1FFF730FBA2
:1035100003681B69984710F035FC0500210028005E
:1035200010F039FC80B200281FD011281CD013D80D
:10353000082817D002AA3100280010F028FC002823
:1035400012D0032011E002AA3100280010F01FFC65
:103550000028F6D1063008E0064B984204D0064B0E
:103560009842E7D1062000E0052009B0F0BDC04632
:10357000FFFF00000330000001340000F0B505003B
:1035800097B008002E240B9100F046F904ABE41824
:103590001090220010A9012010F0F7FB002801D0A4
:1035A0000320D4E023880B9A0A9093830B9B0A9AFA
:1035B0001B7D934250D96B791D2B01D90720C6E0A2
:1035C0000B9B9B690C930A9B0C9A9B009C5863690C
:1035D000002B46D1638B002B43D1631CDB7F022B76
:1035E0003FD134E06979A31C1F31C9006918621CFE
:1035F000DB7FD27F089121002A31097800200791D2
:1036000021002931097806910D9905910C990491B1
:10361000217F0391218B0291618B0191616900915E
:1036200010A910F0E0FD0028BAD16B7907001A004C
:10363000203292001F335451DB005B5BE3836B79D4
:1036400001336B71230028331B78BB4237D80A98AB
:103650000130C3B20A93A9E72B79002001332B7103
:1036600075E0200000F0D8F8002610900D960C961A
:10367000230028331B78B342B4D9626AB3009F5841
:10368000342204AB9B1800221A700023002111AAD7
:10369000D21801335170102BF8D1462204AB9B187D
:1036A0002C4A11A938001A8010F0F8FB002803D02A
:1036B0007B690C937B8B0D93731CDEB2D8E78E2352
:1036C0009B00EB5C132B00D978E7626ABB009E5825
:1036D0000023180011A90B70CA1801335070102B69
:1036E000FAD11C4B30004B8210F0D8FB0C90002814
:1036F0002AD1300000F090F88E229200AA5C738BE1
:103700001D32FF325200AA1802320292327F10900C
:103710000192328B10A9009272690C9810F040FE51
:10372000002800D03CE78E238E219B00EA5C8900B4
:10373000531CDBB26B541D337A32FF3392005B00B3
:103740005651EB185B88F383781CC7B27AE717B041
:10375000F0BDC0460129000070B5050010F01BF94E
:10376000041E1CD1280078222100803011F09EFA1E
:103770002800E93050222100FF3011F097FA28008C
:1037800008222100F83011F091FA064B2822E8189F
:10379000210011F08BFA8E239B00EC5400E00624EC
:1037A000200070BD3A0200000B68002B01D10360BD
:1037B00002E0024B0360002343607047413A03007C
:1037C0001FB502AC08220021200011F06FFA282357
:1037D00023806933FF336380E380803B01A8FF3B94
:1037E00005220C49037010F0DFFC80B200280FD1D5
:1037F0008020800010F0D4FC80B2002808D1200086
:1038000010F0D0FC80B2002802D110F0C7FC80B2CA
:1038100004B010BD4F6D0300F0B5438A87B002932A
:10382000037804000126002B3ED0244B24491A685B
:103830000393112301929C4600228519019B934218
:1038400014D0674600235743CF19981E012803D987
:10385000FE5CE85C864207D10133102BF5D11123C1
:103860005A4389180E7C1FE00132E7E7280010F068
:10387000A3FC237807000600002B01D11234250099
:10388000019B042B10D011245C430D4B10221C19FA
:103890002900200011F0ECF90023A370E370019BD4
:1038A000039A01332774136005AB9E705888029BFE
:1038B00000040343180007B0F0BDC046BC27002039
:1038C000612A0020F7B5FA26B6007143009308ABD1
:1038D0001B780400080015491700019303F01AF83B
:1038E00085B2300025807843104903F013F86B4609
:1038F0001B8880B2A3806B461B796080A371032D67
:1039000001D80423238080232288DB019A4200D936
:103910002380032801D80422628062889A4202D957
:103920008023DB0163802000FEBDC04671020000E1
:10393000F0B58BB004AB9C1D0E230C2203900191BB
:1039400023804B7806A95343234AD31818892200B1
:10395000032310F062FD00283AD11827019B1F4D68
:103960005B7826885F4300933B000833EB183200F6
:1039700006A91800029311F06CF92C0000280DD153
:103980000C22009B5343144AD318997A02231940FE
:103990001ED1E819182211F089F919E0E8194368D5
:1039A0000F4F002B00D10F4F18250322009B06A9B3
:1039B0006B43E250E3185E603200029811F058F950
:1039C000019B2A0059780398694338236118B84746
:1039D00000200BB0F0BDC046DE2900208428002066
:1039E000394F0200BD4E0200F0B585B004000E0054
:1039F00002AA8178214801F03BFA00283CD10C232F
:103A000061781F4A4B43D3189B7A01921D4F5B0686
:103A100005D4022E03D01C4F012E00D01B4F1C25B5
:103A2000A1781B4B69432A00591802A80023B84704
:103A3000002813D1022E1FD00C234021627802A847
:103A40005343019AD3189A7A8A439A726178114B38
:103A500069432A0059182B00B84701E0022E0BD009
:103A60000C232278210053430B4A02A8D3189B7AD7
:103A70000A4A9B009B58984705B0F0BDAC2800202F
:103A8000DE290020394F0200BD4E02001F44030012
:103A9000C0270020682800209C280020D05F030059
:103AA000F7B518220190437826485A4381184C688C
:103AB000254F002C0FD00C2159437918897A4DB22B
:103AC000002D07DA490605D415000835A6B24519B8
:103AD000145802E00024260025000C225343FB1852
:103AE000188932002300290010F095FC0B2816D10C
:103AF0000C22019B29005B785343FB181889320084
:103B0000012310F088FC0C21019B104A5B784B4389
:103B1000FF18388910F07DFC002806D111E000283C
:103B200000D00B48012C0CD1EDE70222094BC31841
:103B3000934305D0082803D0112801D0002000E0CD
:103B40000348FEBD84280020DE290020FFFF00007E
:103B500041800000FECFFFFFF8B507004878182429
:103B600003006343084D0E00E81822003823390093
:103B700001F020FA002806D173785C432C196368A1
:103B8000013300D16060F8BD8428002070B51C248A
:103B900044430D4E0500301906223419002111301E
:103BA00011F084F810220021200011F07FF8FF238B
:103BB0002374A376013BFF3B23830233AB40034ACC
:103BC00011689943116070BDC0270020A82800200B
:103BD00037B581B205006A46074801F049F9041E6D
:103BE00008D15421684601F031FA041E02D12800A0
:103BF000FFF7CCFF20003EBDAC280020F0B51D0033
:103C0000434B93B01B6801900F001600002B7CD033
:103C1000189B542B79D8FF22002403AB5A709A705A
:103C2000DA701C7002AB1C74189B0B950A93A1B23E
:103C300004AA384801F01CF9002809D1082204A977
:103C4000019811F006F8002802D103AB9C7002E045
:103C50000134062CEBD103ACA178FF2955D0032FFA
:103C60000AD1189A06AB542A01D1343A00E0402216
:103C70001A701A7803213AE0274BEB1AA72B10D8B9
:103C8000264B002E04D101228A40186810423CD0F5
:103C900001228A40196891432022196006AB1A70EC
:103CA00020E01F4BEB1A1B2B09D8202206AB1A7001
:103CB000002363700CAB0B9318230A9312E019488E
:103CC0002D1A172D21D8302302AA137400236370F4
:103CD0000133E370144B997A0223194002D1182260
:103CE00010F0E4FF06AB022F0CD101211A780A4331
:103CF0001A7009AB0793064B32001B6806A9200017
:103D0000984702E01A780221F1E713B0F0BDC046EF
:103D10009C280020AC280020C0270020A8280020D4
:103D20006828002084280020DE290020F0B5040047
:103D300085B0002852D000252A4B2B481D605D72AB
:103D40009D7201238372023B072229000381C37203
:103D500010F0ACFF18222900244810F0A7FF28001B
:103D60000135FFF713FF062DF9D154236A46204F82
:103D70009380204B39006846D580009301F014F8F9
:103D800000282CD101231C4D24782B70002C1BD132
:103D90001C27A1B202AA164801F06AF8061E0CD12F
:103DA0003B00634315481C22C01802A9330001F0F0
:103DB00001F9002804D02E7011E000232B700EE0D2
:103DC0000134062CE5D10AE06B466A469B88D1880F
:103DD0003800594389B201F039F900E0084805B0CC
:103DE000F0BDC0469C280020DE2900208428002049
:103DF000AC280020FD3B0200A52A0020C02700209F
:103E00000E800000F8B5174B06001B780F00002B42
:103E100022D0002822D0002920D00B68002B1DD0F2
:103E2000114D2C68002C1BD12800053108C005223B
:103E300010F01EFF3B790220AB72012304212A7A85
:103E40009A4302438A432A72EA79134303438B431A
:103E5000EB712000347004E0044802E0044800E004
:103E60000448F8BDA52A00209C28002008800000F6
:103E70000E80000004800000154B1B78002B22D020
:103E800000281ED000291CD00378002B1BD1114B19
:103E90001B68002B17D04278002A16D10E4B9B7A54
:103EA000012B12D02420184003D0012310000B70E6
:103EB0000CE05BB2002B02DA02230B7006E0087004
:103EC00004E0064802E0064800E006487047C046A5
:103ED000A52A00209C280020DE2900200E8000005A
:103EE0000880000010800000254BF0B51B78002BE7
:103EF00026D0002822D0002920D00B68002B1DD00E
:103F00008B68002B1AD00378002B19D11D4A126838
:103F1000002A15D01C0018001B4A10321B4DEF7AE6
:103F20009F420FD1AF7A02252F420BD001331C32B2
:103F3000062BF3D108710C7300201FE014481DE01C
:103F400014481BE00F7BBC420CD20325977A2F400C
:103F5000022F07D1133DAC46944466468D68A700F6
:103F60007E5101340F79B842E0D20225977A2F4270
:103F7000DCD10D6887007A510130D7E7F0BDC0462B
:103F8000A52A00209C280020C0270020DE29002030
:103F90000E80000008800000104B70B51B78002BCD
:103FA0001AD0002816D00478002C15D10C4B1B68B1
:103FB000002B11D020001C252B006343094AD31885
:103FC0009B7EFF2B02D02000FFF702FE0134062C5F
:103FD000F2D102E0044800E0044870BDA52A0020A8
:103FE0009C280020C02700200E80000008800000D0
:103FF0000048704791800000194A0300127810B5FC
:104000000800002A28D0002B24D0002922D01C78B8
:10401000002C21D1134A1268002A1DD09978FF295B
:104020000AD15978FF2919D00C2359430E4B59183E
:104030008B7A9B0712D508E01C2359430B4B591868
:1040400002238C7E1C4009D11031072210F010FE93
:10405000200004E0064802E0064800E0064810BDE3
:10406000A52A00209C280020DE290020C02700204F
:104070000E8000000880000005800000F0B5244B91
:104080008BB01B7806000C00002B3CD0002838D0E9
:10409000002936D00278002A35D11E4B1B68002B30
:1040A00031D08378052B30D81C256B431A49CB18A7
:1040B0009B7EFF2B29D0E260837803AF6B43CB1844
:1040C0002361164B6261A26063602760817801AA58
:1040D000134800F0CDFE002818D12B002A0001A9BA
:1040E000380000F067FF002810D1E060B37860610D
:1040F0005D43094BA0605D19084B25616360276033
:1041000004E0084802E0084800E008480BB0F0BDB1
:10411000A52A00209C280020C0270020A62A0020D5
:10412000AC2800200E8000000880000010800000F5
:1041300013B5040081786A460B4800F099FE002808
:1041400010D11C226078094B50436946181813009F
:1041500000F030FF064B074A9B7A21009B009B58DA
:104160006846984713BDC046AC2800206828002048
:104170009C280020E05F030070B5050000241C2689
:104180003300634306492800C91810F0CCF9002811
:1041900004D10134062CF3D1FF3000E0200070BDC3
:1041A000C0270020FF23F0B5BD4A8FB0127805006C
:1041B0000393002A00D1AEE1BA4A116801920029A6
:1041C00000D1A8E104AF7B70BB70FB70031D0693A8
:1041D0002A23002602AA938203883E70B24C102B39
:1041E0000AD0A67AB2075ED58288B0498A4207D043
:1041F0002189914257D103E0A37ADB0705D48AE1F4
:10420000E27ABA7000227A704DE0112302AA137389
:104210007E7083880635238102230722A37229003A
:10422000200010F025FD2800FFF7A6FF0390FF28CF
:104230002DD11C2070439E4B1030181807222900E6
:1042400010F007FD002801D1039620E00136062E6C
:10425000EFD102E0EB7903423DD10022019B05AC96
:104260001B682100380098472378122B00D052E1B8
:104270008D48837A012B00D14DE101238372023BEB
:104280000381C3720722002110F010FD43E10821D1
:10429000A27A039B0A43DBB2E372A2723800BB70BE
:1042A000FFF746FFD9E7172B46D10122042014243B
:1042B000019B01995B7A864393434B727A4B05A924
:1042C0000C709E72AC791900002CC3D0D87AFFF71D
:1042D0007FFCAA79C2E7BB78FF2BBED0082006433B
:1042E000E87A8E72800706D51C205843704C20183F
:1042F000847E94438476CA7AFF2AAED01C22087842
:104300006B4C5A4302280AD0A41820000722103010
:1043100010F0AEFC0222A37E9343A37607E00121B6
:10432000A318644A528A1A839A7E8A439A76012194
:104330003800FFF759FB90E7172B00D9A0E0132BAB
:1043400059D102AA137304231E43A672A81DFFF7B6
:1043500013FF0390FF2802D0C0B2B870E072E37A76
:10436000FF2B21D10026E33B18007043504A101860
:10437000827EFF2A13D12378022B07D0FD23F83A3F
:1043800083762100103010F073FC01E0FE23837669
:1043900003AB1E70039BDBB2BB70E37211E001360E
:1043A000062EE1D1444C0DE01623444802AA1373B3
:1043B00000210E22083010F079FC4022A37A13432A
:1043C000A37200240021384B0B91DA7A1C2353434B
:1043D000374A0D91D3180C93364B09910893019BE2
:1043E0000A911A1DA88808AB10F00FF8002800D019
:1043F00091E0220032E7142B26D1E37AFF2B18D16B
:104400001C2200239446E98962465A4328488218B0
:10441000128B8A420AD1082203931643DBB2E3725D
:10442000A6723800BB70FFF783FE02E00133062B53
:10443000EAD1E37A1F49FF2B00D10021A88800238D
:104440001B4A0FF0E4FF66E0112B64D10223320017
:104450009A431300A272320707D55BB2002B0BDA26
:1044600000213800FFF7C0FA06E0B878FF2803D033
:10447000FFF78CFBFF23BB701023A372023302E013
:104480001C2B03D1132302AA1373E6E6522B19D176
:10449000019B0B4A9B7A38009B009B5898473AE057
:1044A000A52A00209C280020DE290020FFFF000014
:1044B000C0270020682800204380000084280020B6
:1044C000C05F0300182B26D1AB79112B14D1330711
:1044D00012D512480E220021083010F0E7FB1623F7
:1044E00002AA137302224A331E43019BA6725B7A0F
:1044F0001343019A5372B0E680235B421E4302AA23
:1045000095331373019BA6729B7A054A9B009B58B7
:1045100038009847A1E60FB0F0BDC04684280020BF
:10452000C05F030030B5002912D00A78002A11D1EB
:104530000A4B1B68002B0DD0FF23094C8B7025897B
:10454000FA3B854207D14A70E37A8B70130002E090
:10455000044B00E0044B180030BDC0469C280020EE
:10456000DE2900200E8000000880000010B5064BF8
:10457000586980235B05421C04D0196989B202F096
:10458000C9F900E0586910BD00100010034B10B5C8
:104590001B78034A9B009B58984710BDBD2A0020FA
:1045A000F05F03000B0037B50C24020018009D6873
:1045B00009786C43044D08302D680095034D1B6944
:1045C0006459A04737BDC046FC280020E8280020D9
:1045D000802252051169142210B50E4889B2037861
:1045E0005343C3181A69501EDA881B898018C018F3
:1045F00002F090F9084B02001B6801209A4207D88C
:1046000000209A4204D1054B1B6858425841C0B261
:1046100010BDC046B4280020E0280020E428002077
:10462000082310B5034A116899431160FFF7AEFFE4
:1046300010BDC046F4280020094A10B513681907B8
:104640000AD4990702D501210B4313600222054BBE
:104650001A70FFF79BFF01E0FFF7E2FF10BDC046B5
:10466000F4280020BD2A0020064B10B51B681B074C
:1046700005D40122044B1A70FFF788FF01E0FFF711
:10468000CFFF10BDF4280020BD2A002010B500285F
:1046900014D0112805D10823094A11680B4313606F
:1046A0000CE01423074A1178594351180431FFF7DD
:1046B00079FF0422044B1A7000F092F810BDC04636
:1046C000F4280020B4280020BE2A0020F8B51423C6
:1046D0008025124A6D051478114E5C432B6914191C
:1046E000E2889BB2278920699A420ED92B696169B9
:1046F0009BB2D31A2A69381892B2C918C018920806
:104700000FF0ABFE2B699BB205E092083818616987
:104710000FF0A3FEE3883360F8BDC046B428002044
:104720000829002070B58025094B6D052A691C6891
:10473000631E94B25C43FFF719FF2B69411E9BB2C5
:104740005943044B20001A680FF087FE70BDC04625
:10475000E028002004290020142270B580260E498C
:1047600076050B785343CB181A89DC881B69A4188B
:104770003169E418200089B202F052F90D00FFF708
:10478000F5FE3369411E9BB25943044B49191A681F
:1047900020000FF062FE70BDB4280020E428002045
:1047A00010B5FFF7E3FE8022074C5205136911692B
:1047B000126924689BB292B289B2013892086143AF
:1047C00058430FF04AFE10BDE028002010B5034BFF
:1047D00018680FF040FEFFF759FF10BDE0280020D9
:1047E000F0B52B4B85B0187803284ED802F088F826
:1047F000020E114B0023274A1360274A1360274BF0
:104800005B78002B41D000F0F9F83EE0FFF75EFF47
:104810003BE0234C802723687F0501930123019A05
:104820009A431423226002921C4A3969157889B28E
:104830005D4355192B691800039302F06BF8194B6F
:10484000039A18603969EB880600501E181889B25F
:1048500002F060F8864203D10223029A134303E078
:104860000323019A9A43130023600F4B1A680F4BDE
:10487000002A03D121680232114200D000221A70AE
:10488000FFF784FE01E0FFF7A1FF05B0F0BDC046D1
:10489000BE2A00200029002008290020B42800207A
:1048A000F4280020E028002004290020BD2A002050
:1048B0001422F0B580254B494B480B7885B0534303
:1048C000CB18DF68083A7A438218148950895268F5
:1048D00060436D05821829691C890192DA881E6976
:1048E00013199B19009300230292404A89B2136066
:1048F000300002F095F83D4B2A00039300290BD1BC
:104900002B6902999BB2994208D0019B00998B4276
:104910004FD1002C59D101E0022F08D1116930008C
:1049200089B201F0F7FF324B186003233BE029699D
:10493000301989B202F074F82E4B89081960009A78
:10494000019B296993422DD089B2009802F068F842
:10495000002927D080246B4664052169988889B294
:104960001F8801F0D7FF26690500B1B2380001F0B9
:10497000D1FFADB280B2854208D16B466A469B88B2
:1049800012889B1A039A9B0813600BE02369216924
:10499000380089B29CB202F043F889B2641A039BD2
:1049A000A4081C600223144A1370FFF719FF05B016
:1049B000F0BD022FB2D02969301989B202F030F867
:1049C0000C4B890819602969BEE7022FA6D0296916
:1049D000301989B202F024F8064B890819602B6956
:1049E000E0E7C046B4280020E8280020E4280020A2
:1049F000E028002004290020BE2A0020142210B53F
:104A00000A490B785343CB18D988094A1B7911609E
:104A1000032B08D0042B06D0012B06D1054A1370B6
:104A2000FFF7DEFE01E0FFF743FF10BDB4280020D2
:104A3000FC280020BE2A0020F7B5124D01936E78A5
:104A400008AC27880424022E1AD02C78A419012C33
:104A500000DD023C14235C432C19626122002071AA
:104A60000C3209C909C26B469B882781E380002468
:104A7000054B01361B786E70A34201D1FFF7BEFFD4
:104A80002000FEBDB4280020BE2A002070B51424EA
:104A9000114D00202978614369180431FFF782FD28
:104AA00023000022012029784B43EB181A71DA8089
:104AB000D8601A615A611A816B780918013B6B70D2
:104AC000CBB2022B01D02B7000E02A70034B1A707E
:104AD000FFF786FE70BDC046B4280020BE2A002025
:104AE000142210B507490B785343CB181B79042BBC
:104AF00002D0FFF7CBFF04E00122034B1A70FFF74F
:104B00006FFE10BDB4280020BE2A0020F8B508248E
:104B10001D4F3D682C4022D180235B0519691B4B3A
:104B20001E68002E1ED01422194889B20378534300
:104B3000C3181A69501EDA881B898018C01801F042
:104B4000E9FE144B1B6898420CD1134B1C600123E7
:104B50001D43124B3D601C70FFF718FD13E0FFF77B
:104B60005FFD10E0FFF734FD002804D000220A4B5F
:104B70001A60023202E0002E03D00322074B1A70A3
:104B8000EAE7FFF7ADFFF8BDF4280020E428002095
:104B9000B4280020E028002004290020BD2A00209D
:104BA000054B10B51B681B0702D4FFF799FF01E006
:104BB000FFF736FD10BDC046F428002070B5154D36
:104BC0002C68230723D4144A136801331360134B52
:104BD00004221B68002B04D1FFF7FAFC002802D046
:104BE00002220F4B0CE00F4B1B68002B0CD0012155
:104BF00022000B4B0A4002D10C432C6000E0032240
:104C00001A70FFF7C3FC04E0FFF76AFF01E0FFF74B
:104C100007FD70BDF4280020E028002004290020B2
:104C2000BD2A0020E42800201E4B10B51B78022B63
:104C300030D0032B19D0012B32D108211A4A136826
:104C40000B4222D1142319490A785A43184B8A1867
:104C50001968D3885B1A9BB2D380002B02D1FFF76F
:104C600015FF1DE0FFF732FD1AE008210E4A136818
:104C70000B420AD10F4A136801331360FFF7A8FCF7
:104C8000002804D1FFF72CFF0AE08B431360FFF7E5
:104C9000A7FD05E0084B094A1B789B009B589847E5
:104CA00010BDC046BE2A0020F4280020B4280020F1
:104CB00008290020E0280020BD2A0020046003000D
:104CC00070B5144C042522781300AB4321D0022880
:104CD0001DD003281DD1104B1B681B0717D40F498B
:104CE0000B6801330B60032B04D0022A0CD1FFF7B1
:104CF0004DFC0EE014230A4A0D2011785943511837
:104D00000431FFF74FFC2570FFF76AFD01E0FFF764
:104D10008BFF70BDBE2A0020F4280020002900204F
:104D2000B428002010B501220024164B1C705C70C2
:104D30001C71DC80DA601C615C611C811C765C8308
:104D40001A625C629C629C830F4B1C80FFF70EFC16
:104D5000802304225B051B6902389BB258430B4B2E
:104D600018600B4B20001C600A4B1C601C815C818E
:104D7000094B1C70094B1C60094B1C60094B1A60E5
:104D800010BDC046B4280020EA290020F8280020E1
:104D9000E0280020E8280020BE2A0020002900206A
:104DA00008290020F4280020F7B504222C4B040029
:104DB0001B680E000820134251D00630002C4ED044
:104DC00000294CD02368002B49D080277F053A6901
:104DD000A38892B2934201D9072040E00F2BFBD960
:104DE000E288002AF8D01F4953430D685B190093ED
:104DF000FFF7BCFB3B6901389BB25843194B019349
:104E0000009B8342E8D8A3889C469B07E4D1164BBD
:104E100004201F88012F22D00C237B43134A2068D3
:104E2000D118985063468020376075604D600B81C3
:104E3000E288400503694A8101690469604650437C
:104E40009BB2C018013889B201F0EEFDA4B26043F4
:104E500045190020019B01371D60034B1F80FEBDDB
:104E6000F4280020F8280020EA290020E828002063
:104E7000104B30B51C680823640719D50633002889
:104E800016D0002A14D00368002B10D10A4D2C68CC
:104E9000002C0CD02C894068614309186889444370
:104EA00068682418A14202D21360516000E0072311
:104EB000180030BDF4280020E8280020F0B50400D8
:104EC0001B4885B0056808206D072ED506300029DF
:104ED0002BD0002C29D025680738002D25D1154D61
:104EE0002E68002E21D0666803962E896F896D6822
:104EF0007743BC46039F6544AF4216D2002A14D0C4
:104F0000964212D3D518AE420FDB03250930294251
:104F10000BD12E002B4208D1374206D100930F3817
:104F200013000A002100FFF787FD05B0F0BDC04661
:104F3000F4280020E8280020F0B504001B4885B0C4
:104F4000056808206D072ED5063000292BD0002CCF
:104F500029D025680738002D25D1154D2E68002E43
:104F600021D0666803962E896F896D687743BC46A9
:104F7000039F6544AF4216D2002A14D0964212D342
:104F8000D518AE420FDB0325093029420BD12E0084
:104F90002B4208D1374206D100930C3813000A0087
:104FA0002100FFF749FD05B0F0BDC046F428002000
:104FB000E8280020F0B51700224A85B01268029058
:104FC0000E009C460824530739D50634002936D0F4
:104FD000002834D00C68002C2ED11B4D2A68002AE2
:104FE0002AD04A68688929896B684843C018824278
:104FF00022D2002F20D0B9421ED36346F818814236
:105000001ADB0321029B0B4218D163460B4215D1D8
:105010001140039112D16244110002983A000FF03E
:1050200027FE0C233268009753430221ED58039A60
:10503000029B3000A84702E0072400E01024200073
:1050400005B0F0BDF4280020E8280020F0B51F4B83
:1050500085B01B6805000E0008245B0733D50634B5
:10506000002830D00368073C002B2CD1184B1A685D
:10507000002A28D01A894768029258685B895343EE
:105080001B1803939F421ED20934BB071BD1381A49
:10509000110001F0C5FC093C002914D1029930002F
:1050A00001F0BEFC89B200290DD1002E0BD0039A6D
:1050B000F3199A4207D300223300009229000320FB
:1050C000FFF7BAFC0400200005B0F0BDF428002072
:1050D000E82800200120054A10B513785840044BF9
:1050E00010701B68002B00D0984710BDBF2A00200D
:1050F0000C2900200C4B70B5050015200C001A601F
:105100000FF0C5F900280ED1290015300FF0C1F9B4
:10511000002808D115300FF0B8F9002803D121007C
:1051200003300FF0B8F970BD0C290020F0B5274B03
:1051300085B01B78002B47D0254D264E2B68346850
:105140005A425341DBB2009363425C41E4B2009B9C
:10515000002B37D103A80FF0A2F905280AD00028A8
:1051600004D000221100FDF7B9FE05E003982B687A
:10517000984701E001230093002C1FD1164B03A98F
:105180001B8801240B80154B1B68180001930FF03E
:105190008CF9070005280BD0002805D0002211004B
:1051A000FDF79CFE002403E00198336898473C001B
:1051B000009B002BCED0002CC9D005E0009B002B1B
:1051C000C8D001E0002CD9D005B0F0BDC02A002025
:1051D0001429002018290020EC2900201029002083
:1051E00070B504000720002913D08D0711D109489C
:1051F0000160094920000A80084A094913600FF03C
:1052000050F9002805D10122064B16301A700FF014
:1052100044F970BD10290020EC2900201C29002031
:10522000AF440300C02A002010B50FF03CF9030082
:105230005A1E9341014ADBB2137010BDC02A0020F0
:105240000E23002802D0024B18600023180070477C
:10525000182900200E23002802D0024B18600023DA
:105260001800704714290020074B10B51B68002B4D
:1052700007D09847002806D000221100FDF72EFE27
:1052800001E0FFF753FF10BD1C290020F0B50E7898
:105290008FB0002E00D097E0514C02AB9A1D210038
:1052A0000823058813803431073B28000FF005F9E7
:1052B0004C4B1B689847B1200FF001F9002803D030
:1052C00032003100FDF70AFE0FF0FBF8002803D092
:1052D00000221100FDF702FE434E70690FF0F3F853
:1052E0000196002803D000221100FDF7F7FD0023EE
:1052F0003E4E280031000493FFF714F9051E4CD1EF
:1053000008A93A48FEF7BAFE071E33D10C9D0722C2
:105310002900200010310FF0ABFC29001022E01D05
:105320000FF0A6FC2000089D1122290018300FF074
:105330009FFC200029002A3012310A220FF098FC2D
:1053400020000FF0C2F8002803D03A003900FDF722
:10535000C5FD0123002404930333069305A904AB80
:10536000224807930594FEF743FEA04215D0220081
:10537000210010E021003000FEF73EFE002803D09F
:105380002A002900FDF7AAFD20000FF09EF8002852
:1053900003D000221100FDF7A1FD8021C022144B93
:1053A000C90352009950196801200023114C0200D2
:1053B0009A40114200D0E2670133202BF7D1019BC4
:1053C000586900F04BF809E00322012100F014F8BD
:1053D000002803D000221100FDF780FD0FB0F0BDC2
:1053E000EE2900206420002000100010C12A0020B7
:1053F00000E100E004E100E0F0B5060087B00E2017
:10540000002E22D03788124B06389F421DD0114BF8
:105410001B78002B19D0104D1023697068460321AA
:1054200002ACC180AA7000211A0020002B700FF07E
:105430003DFC338A210023800123A3706B46380092
:105440000633A360E5600FF08FF807B0F0BDC046EB
:10545000FFFF0000C52A0020C62A0020F0B5030087
:10546000186880F308885868FF2464B2EFF3058554
:10547000002D01D1A6460047251C061C21273FBA56
:10548000F0B40024002500260027F0B4F92040B233
:105490000047C046F0BDC04670B504000D001600C0
:1054A000002110220FF002FC054B3200236129007D
:1054B000200000F0FBFA034B20001C6070BDC046CA
:1054C000A08601002029002070B5054D04002B683E
:1054D000834203D0016900F0A3FA2C6070BDC0467E
:1054E0002029002010B50400034B083303601C3052
:1054F00000F00CFA200010BD1860030070B5050024
:1055000004000E4B0E00083308C5280018220021A5
:105510000FF0CCFB002320003100E36123626363C2
:10552000A363E364064A23001C3000F0BFF928009F
:1055300031000FF0BCF9200070BDC04618600300B8
:105540001746030010B5040000F058F8014B200086
:10555000236010BD30600300F7B50027040008A8E1
:10556000C7570E48002508302060082020610C48ED
:10557000261D6560A56025736561A06100973000F8
:1055800000F0F2FE2B0030006269216900F072FE2B
:105590003000A16900F0A6FE2000FEBD38600300C7
:1055A00040420F0070B5094D04002B6883420BD0B8
:1055B000061D426901690023300000F05BFEA1690D
:1055C000300000F08FFE2C6070BDC0462429002002
:1055D0004261002210B5034B01611A60FFF7E2FF40
:1055E00010BDC04624290020002210B5024B816165
:1055F0001A60FFF7D7FF10BD242900200C4B70B5AF
:105600000360002343608360C3600362436283637B
:10561000962304009B01051DC363280000F03AFD9A
:1056200028002200034900F0C7FD200070BDC046DD
:10563000546003005F46030010B50400044B036090
:105640000FF04FF8200000F01BF8200010BDC046FE
:1056500064600300084B10B5083303600023436007
:105660008360C360040000F017F8044920610FF064
:105670003AF9200010BDC04684600300A94703002A
:1056800010B50400034B083303600FF09AF82000B4
:1056900010BDC0468460030000487047AC60030042
:1056A00010B502480FF028F910BDC046AC600300E9
:1056B0000848026803210A4302600749074A084B69
:1056C0009B1A03DD043BC858D050FBDC05488047DB
:1056D0000548004724050040386F030000200020E3
:1056E000742200204568020021810100FEE7FEE7E8
:1056F000FEE7FEE7FEE7FEE770B50E000F4C050083
:105700002100300001F08EF8210028600023CB56E4
:105710005A1C05D09E4201D18B6802E00C31F5E79E
:105720000023A0210120064AC9002B7150506A2194
:105730001B020B430349535070BDC046B4600300C5
:1057400000700040040500000C4B0D4A10B50D49D7
:105750009C582140995001799C5809022143995045
:1057600080200122C0001A6019581142FCD1A123E7
:10577000024ADB00D05880B210BDC0460070004025
:1057800004050000FF00FFFF01704B1C0AD001233D
:105790008B404360044BC360044B0361044B436183
:1057A000044B83607047C046080500500C0500504C
:1057B0001005005014050050F7B5A223A022DB000D
:1057C000D205D358BE220193314B5200995800297B
:1057D0005DD0C12189005958002958DA0024E025FC
:1057E000C0269C50ED00B6022A4BA700F8580028AE
:1057F0004AD0294BE35C002B30D0019B0121E340D0
:105800000B4212D02300A022C133FF339B00D205EC
:105810009B589B039B0F032B07D0204B1B68E34037
:105820000B4202D01E4B1B6817E0019B0122E34094
:10583000134213D12300A021C133FF339B00C905BC
:105840005B589B039B0F032B08D1164B1B68E3404F
:10585000134203D00221124B1B689847A023DB059B
:10586000FB185A5932420FD059590F4A0A405A511F
:10587000019AE240D20702D55A59324303E080210F
:105880005A5989020A435A5101341F2CACD1F7BD31
:105890000060004034290020CD2A0020B0290020DB
:1058A00030290020B4290020FFFFFCFF30B50400A0
:1058B00008004D1C1CD00F482160BE24026000204F
:1058C0000D4A640010510D4C8D002B5101240C4BDE
:1058D0005C54C121802389001B065350094A0A4B9E
:1058E00054582340C02424042343535040231360BE
:1058F00030BDC0463029002000600040342900201F
:10590000CD2A002000E100E0FFFF00FF0021036836
:10591000014A9B00995070473429002070B5A0249B
:10592000E0250068E40583001B19ED005E59204C5A
:1059300034405C511F4D0124002A0ED0A14204D1F5
:1059400081402A681143296015E0022913D184405F
:10595000194A11680C4314600DE0012904D18140FB
:105960002A688A432A6006E0022904D18440124949
:105970000A68A2430A602A680121C2400A4204D18F
:105980000D4A1268C2400A4211D0A222A021D200C0
:10599000C9058958F132C140FF32C90702D599586B
:1059A000C02001E08020995880020143995070BDC9
:1059B000FFFFFCFFB0290020B42900200368074A3C
:1059C0009950074AFC33196A002904D1013A002A88
:1059D000F9D1012001E00020186270471C05000089
:1059E000A186010010B50368002A03D0802202209E
:1059F0009200985001221C001A62084AFC34E068A8
:105A0000002804D1013A002AF9D1012005E0002044
:105A1000A322E060D2009B580B7010BDA18601004C
:105A200010B50B4C02680B4BA14204DC0A498160A3
:105A3000CC2149040AE0094CA14203DC08498160F9
:105A4000802102E007498160CD21C904D15010BDF9
:105A50008FD0030024050000A08601007F1A0600F5
:105A600090D00300801A060070B504001000A02535
:105A7000C026C130FF30F600ED0580004651080019
:105A8000C130FF3080004651A1252068ED00425111
:105A9000054A815019002000FFF7C2FFA02305210D
:105AA0002268DB00D15070BD0C050000F8B50E0077
:105AB0001500040000F0B0FD2648F2B203780100A2
:105AC000DBB2012B06D14778974203D18778E8B241
:105AD000874211D02048EFB20378012B05D14378DB
:105AE000934202D18078B84211D00878002806D1BC
:105AF00001230B704A708F706373184B15E0164BBF
:105B00001978002907D1013119705A709F7002234A
:105B10006373134B09E013480EF0A0FE0023FC2230
:105B20002360657126719362FFDE19000022FC314B
:105B30002360657126718A62A021C9005A500A4902
:105B400020005A5001325A502A003100074BFFF70B
:105B50008BFFF8BDEC2A0020F02A00200030004026
:105B600000400040556D0300FC0F0000A0860100BE
:105B7000036800221900FC3110B58A62A021C90017
:105B80005A5006495A5001325A5005220421825671
:105B900041568368FFF768FF10BDC046FC0F000048
:105BA000036800211A00FC3210B59160013159617F
:105BB000074B9168002904D1013B002BF9D101204A
:105BC00004E000240473FFF7D3FF200010BDC0469B
:105BD000A1860100036810B51900FC318A6A002013
:105BE000012A08D1044C1C5988625A610238A40762
:105BF00001D40120404210BDC40400000261064AE5
:105C000010B54260054A01738260054A19000260BE
:105C10000EF08CFF10BDC04604050050100500506A
:105C20000007005000210C4A0300515681420BD05E
:105C300001215156814209D001209278404252B24E
:105C40009A4207D1033002E0002000E00120034B1C
:105C5000187040B27047C0464C220020F42A002041
:105C60000022134B30B59A56824209D001229A562F
:105C7000824207D002229A560221824217D102E0C4
:105C8000002100E001210A0045320A4C0A48FF3297
:105C900092001450012215004800441CA540824087
:105CA000A120064C2A43C0002250FF225A5430BD86
:105CB0004C220020031F02000060004000F0014061
:105CC0000022F8B5124F0600BA563B00114D0132C2
:105CD00009D00122BA56013207D00222BA56022058
:105CE000013207D102E0002000E001201E5428709C
:105CF00040B20BE028780321013000F07BFF0C005C
:105D000078562970FFF7ACFF3E5560B2F8BDC0462B
:105D10004C220020F42A0020012370B51E0002004E
:105D2000A0258640C132FF32ED0592005351134A3F
:105D30000002AE50A226124A4C001043114A8900BC
:105D40008D18F600E4B2A851C046C046C0460E48C1
:105D5000E20012180D482B6015500D48091891519A
:105D60000C490D485550043950501900E218914023
:105D7000A3400A4A0B4304498B5070BD0C05000038
:105D8000030013000060004000F001401405000013
:105D900040A100401C0500004CA10040040500008B
:105DA000A820012110B5124A124B1488C000596076
:105DB0001C50548810481C509088A922D20098503A
:105DC0008022082092009850802009320003FF3280
:105DD00098500A4A1078A222D2009850084A108897
:105DE000084A985000221960FC331A6510BDC0465D
:105DF0003E22002000A00040440500004B2200206D
:105E00003C2200204C05000070B5012545570E00CE
:105E10002800FFF707FF0400431C0ED12800FFF7FE
:105E20004FFF030051331D49FF331D4A9B000400FF
:105E30009950C1B22800FFF76FFF1A4BA200D6504D
:105E40003200194B64001B78043BDA40174BE252D6
:105E5000002E03D0164B1B689E420ED32800FFF77E
:105E6000FFFE0123A022AB40D205002E02D0A121CB
:105E7000C90000E00F4953500EE072B600210E4AEF
:105E8000074B11658021C1220903920099500B49EB
:105E9000053AFF3A995062B670BDC046FFFF000058
:105EA00000A00040B82900204B2200203E22002004
:105EB000682000200C050000FCA00040080800003D
:105EC000F8B5254B06001A780D00002A28D10121CB
:105ED000224B234859601A5019502248C2271A50A1
:105EE00004301A50204ABF001078A222D2009850E5
:105EF00080220820920098501C4A10881C4A985012
:105F00001C48C259944664461B4A22408024E4033C
:105F10002243C2518022D200026019600E4B1970D8
:105F20002800FFF77FFE0400431C0ED12800FFF776
:105F3000C7FE030051331149FF33084A9B00040098
:105F40009950C1B22800FFF7E7FE75703470300039
:105F50000021FFF759FFF8BDF52A002000A00040FE
:105F6000FC0F0000040500004B2200203C22002012
:105F70004C05000000E100E0FFFF00FFFFFF000014
:105F8000084B70B50D1C0400186801F06FFE291C49
:105F900001F068FB01F000FE01002000FFF734FF74
:105FA00070BDC04668200020F0B5254B85B01F6845
:105FB0000D001A008F4240D0802104234902A942DB
:105FC0000ED3092B39DC15602A001E4903AE0B7075
:105FD000043BDA401C4B00241A80FF23337007E097
:105FE000132B2AD049000133E9E70134032C24D0D4
:105FF000164B6200D25A164B9A42F6D0154BA200AD
:10600000E35C7370144BD05801F030FE0090280010
:1060100001F0E4FD0190380001F028FE011C019818
:1060200001F056F9011C009801F01CFB00F0C6FEBF
:1060300001003000FFF7E8FED7E705B0F0BDC0462D
:10604000682000204B2200203C2200203E2200201D
:10605000FFFF00004C220020B8290020012310B5CA
:106060000A4ADC00A4588C4207DD013BDB00D31850
:106070005A680168064BCA5007E00133112BF0D172
:1060800080210268024B4905D15010BD0861030010
:1060900024050000F8B50F000121254BB94003602D
:1060A000A023244CDB0516001A5905000A43802161
:1060B0001A511A5909060A430121B1401A511A59B5
:1060C0008A4396211A511A598901520052081A51CD
:1060D000FFF7C4FF002204202B6817495A506C397F
:1060E00058500121996019601900FC31CA601349A8
:1060F0005A506A6014391F325A5011495F500918BA
:106100005A501E517B1C03D0032138000EF0ECFCCA
:10611000731C03D0032130000EF0E6FC0122094B72
:1061200029001A60084807320EF0A2FDF8BDC046EB
:1061300000200040140500006C0500001C05000054
:106140000C050000C4290020FC2A0020962310B56D
:10615000DB00994202DDFFF781FF04E09E21026827
:10616000014BC902D15010BD24050000C1230E4AC5
:106170009B00D15810B5090603D50C49096A0029BE
:1061800008D1D3585B070DD5084B0021DB68002BE5
:1061900001D107E00121064B1868002802D0054B09
:1061A0001B68984710BDC04600200040FC200040FE
:1061B000C8290020CC290020034B196043680349FB
:1061C0009B005A507047C046CC290020C8290020A7
:1061D00000681E4B30B5C3185C4263415B00002A67
:1061E0001AD0002903D0012905D1802100E0042123
:1061F000C12292008150FF20C024DD00A840144934
:10620000A4000A5982431000C022AA4002430A5146
:1062100001229A400A6018E0002908D0012914D10F
:10622000C2228024920084508258920806E0C22242
:1062300004219200815082580339D209914304D03D
:1062400001229A401300034AD36730BD00E0FFBF2C
:1062500000E100E004E100E003681A00FC32106A8B
:106260000128FCD100201062014AC9B29950704740
:106270001C05000070B51D00A02304001600DB0003
:10628000002D03D000224068C25001E00268D550C2
:10629000082902D010480EF0E1FA032E0AD8300087
:1062A00000F02EFB0B020406022307E0042305E0A6
:1062B000062303E009480EF0D1FA0023A022084883
:1062C000D200002D03D061680B50022302E0216848
:1062D0000B5001238B5070BD666D03007F6D030072
:1062E00054050000036810B55A1C2ED0A0220020CF
:1062F000164CD20098501000154AA14202DC8021B1
:1063000089041FE0134CA14202DC8021C90419E07A
:10631000114CA14202DC8021090513E00F4CA1427F
:1063200002DC802149050DE00D4CA14202DC8021F8
:10633000890507E00B4CA14202DC8021C90501E080
:1063400080210906995001221A5010BD8FD00300F8
:10635000240500001FA107003F420F007F841E009C
:10636000FF083D00FF117A00F7B5009308AB1B78DA
:1063700005005BB20F0016000193013329D1624B77
:106380001A78022A10D15978FAB291420CD1997830
:10639000F2B2914208D1DA786B461B789A4203D167
:1063A00001235A4C03723BE0594A1378DBB2022BAB
:1063B0000FD15078F9B288420BD19078F1B288426F
:1063C00007D1D1786A461278914202D12B72514C92
:1063D00026E04F4B1A78002A0BD10232F9B21A701C
:1063E0005970F1B29970694609782A72D970494C8E
:1063F00013E0454B1A78002A0CD102321A70FAB217
:106400005A70F2B29A706A461278404CDA700123E0
:106410002B7202E040480EF021FA019B01332ED18D
:106420000123002201205B426B6039003B4B2C6052
:10643000E250E050A023C131FF31DB058900C85094
:10644000374967500099C131FF318900C850A121F7
:106450000098C90060503100C131FF318900CA5035
:10646000A223DB00E650FC342800E2601300082180
:10647000FFF700FF2B492800FFF734FF42E001231C
:1064800000225B422B60254B6C60E25001232349C4
:1064900038006350A021C130FF30C9058000425050
:1064A0003000C130FF30800042500098C130FF30D2
:1064B000800042500198C130FF3080004250A2213C
:1064C000C900675016490098665004396050164953
:1064D000019860502100FC318A60CA62A721C9007E
:1064E00063501031635011481149605011491248EE
:1064F00060508021042089006050F939FF3928005C
:10650000FFF7B8FEF7BDC046EC2A0020003000407F
:10651000F02A002000400040906D0300FC0F0000B6
:106520000C05000040420F0014050000F72A00206F
:106530004405000034050000F62A002003681A0014
:10654000FC32D0680028FCD105481950D1680129D7
:10655000FCD10021D160A322D20098587047C046D8
:106560001C050000A023F0B5284FDB00FA5885B0C9
:1065700001920022A024FA50E023254AE405DB0022
:10658000E658E2507833E15801250291E250A12308
:106590008022DB00D205E2500420E5500EF005FB1E
:1065A000A222D200A35803979B0F2B4205D0A358D9
:1065B00013242B4202D0012018E01324A025012728
:1065C000ED05013C002C10D0124B0420EF500EF0D2
:1065D000ECFAA123DB00EF5004200EF0E6FAA22330
:1065E000DB00EB585B00ECD5E5E72000A023E022C0
:1065F0000299DB05D2009E5078329950A023039A6D
:106600000199DB00D15005B0F0BDC046004000400C
:106610000D0600000C050000A023E021134ADB0555
:10662000C90010B55A5078315A50114B0022190048
:10663000FC31CA600A62A1211E20C9005A500D4ACD
:106640000D4C9850CC200D4A40049850A2200C4A82
:10665000C00014500B4C0C48145001205050A02284
:106660000521D2009950FFF77DFF10BD0C060000F8
:10667000004000400C0500003841004024050000A7
:1066800000F001401C4000401405000001230E4AA8
:1066900010B5936480230D499B00CB670C4914000F
:1066A000086D0C4A002804D00020086511680131EB
:1066B000116009490B60A923DB001068E358010C45
:1066C0009BB20004184310BD0090004004E100E0BC
:1066D000FC900040D429002000E100E0F8B50F4C08
:1066E000636C002B0FD000270D4E67643378BB42DC
:1066F00009D00C4B1D68FFF7C9FF2D1ABD4202DC03
:106700003770FEF7CDFF236D002B06D0064A1368C5
:10671000013313600022014B1A65F8BDFC90004064
:10672000F92A0020D0290020D42900201B4970B567
:106730000C78002C30D10120194B1A4A5860546053
:106740008024E405206050680028FCD00022012449
:10675000042515481A500C30DC601D5008381A50BA
:106760001248C2251A50C12280209200000398507E
:106770008020400298500E48AD0046590D4A3240E4
:10678000C0263602324342518022893D9200FF3DAD
:10679000425102601C600C7070BDC046F82A002097
:1067A00000900040FC000040040500004C05000083
:1067B00000E100E0FF00FFFF044B10B51B78002B49
:1067C00001D1FFF7B3FFFFF761FF10BDF82A0020EA
:1067D000104B70B51B780400002B01D1FFF7A6FF0A
:1067E0000D4D0E4E2B78002B02D033689C4210D0FA
:1067F000FFF74CFF201A0A2803DCFFF747FF0A3097
:10680000040001232B70A823054A3460DB00A4B2E6
:10681000D45070BDF82A0020F92A0020D029002089
:106820000090004010B50400431C07D00EF0D6F9CC
:106830000400431C02D102480EF010F8200010BDE5
:10684000C36D0300234A10B513781100012B19D131
:10685000214B1B681B0715D1204BE0241A68F0233D
:106860001000184022420BD11D4A12681A4209D169
:106870001C4A1D4B1A6080221C4B12021A6001E058
:106880003028F1D00B68DBB2012B0DD1124A12680F
:10689000120709D1F021114A12680A40402A03D197
:1068A0000F4A12680A420DD08022A3230021D2058C
:1068B000DB00D1500E4B9960013191609A68002A3B
:1068C000FCD005E0C1228021D200C9058B50EBE746
:1068D00010BDC046E00F00F0E40F00F0E80F00F03C
:1068E000EC0F00F0DFFF07C004050040186C00400B
:1068F000FC000040014B18687047C046D8290020B2
:1069000002B4714649084900095C49008E4402BC42
:106910007047C046002243088B4274D303098B4260
:106920005FD3030A8B4244D3030B8B4228D3030C5F
:106930008B420DD3FF22090212BA030C8B4202D301
:106940001212090265D0030B8B4219D300E0090A29
:10695000C30B8B4201D3CB03C01A5241830B8B4232
:1069600001D38B03C01A5241430B8B4201D34B031B
:10697000C01A5241030B8B4201D30B03C01A524180
:10698000C30A8B4201D3CB02C01A5241830A8B4205
:1069900001D38B02C01A5241430A8B4201D34B02EE
:1069A000C01A5241030A8B4201D30B02C01A524152
:1069B000CDD2C3098B4201D3CB01C01A5241830906
:1069C0008B4201D38B01C01A524143098B4201D340
:1069D0004B01C01A524103098B4201D30B01C01A6B
:1069E0005241C3088B4201D3CB00C01A52418308E5
:1069F0008B4201D38B00C01A524143088B4201D312
:106A00004B00C01A5241411A00D201465241104671
:106A10007047FFE701B5002000F0F0F802BDC04666
:106A20000029F7D076E7704703460B437FD4002256
:106A300043088B4274D303098B425FD3030A8B4212
:106A400044D3030B8B4228D3030C8B420DD3FF227C
:106A5000090212BA030C8B4202D31212090265D04A
:106A6000030B8B4219D300E0090AC30B8B4201D3FD
:106A7000CB03C01A5241830B8B4201D38B03C01A44
:106A80005241430B8B4201D34B03C01A5241030BBB
:106A90008B4201D30B03C01A5241C30A8B4201D36C
:106AA000CB02C01A5241830A8B4201D38B02C01A17
:106AB0005241430A8B4201D34B02C01A5241030A8E
:106AC0008B4201D30B02C01A5241CDD2C3098B4273
:106AD00001D3CB01C01A524183098B4201D38B01F0
:106AE000C01A524143098B4201D34B01C01A524193
:106AF00003098B4201D30B01C01A5241C3088B42D8
:106B000001D3CB00C01A524183088B4201D38B00C2
:106B1000C01A524143088B4201D34B00C01A524164
:106B2000411A00D201465241104670475DE0CA0F3B
:106B300000D04942031000D34042534000229C46FB
:106B400003098B422DD3030A8B4212D3FC22890105
:106B500012BA030A8B420CD3890192118B4208D3DB
:106B6000890192118B4204D389013AD0921100E03D
:106B70008909C3098B4201D3CB01C01A5241830951
:106B80008B4201D38B01C01A524143098B4201D37E
:106B90004B01C01A524103098B4201D30B01C01AA9
:106BA0005241C3088B4201D3CB00C01A5241830823
:106BB0008B4201D38B00C01A5241D9D243088B4279
:106BC00001D34B00C01A5241411A00D2014663461C
:106BD00052415B10104601D34042002B00D5494280
:106BE000704763465B1000D3404201B5002000F0BF
:106BF00005F802BD0029F8D016E770477047C04677
:106C00008446101C62468C46191C634600E0C04650
:106C10001FB501F04FFF002801D40021C8421FBD5D
:106C200010B501F0A3FE4042013010BD10B501F0D7
:106C300041FF002801DB002010BD012010BDC0462F
:106C400010B501F037FF002801DD002010BD012044
:106C500010BDC04610B501F0C9FE002801DC0020BF
:106C600010BD012010BDC04610B501F0BFFE0028C8
:106C700001DA002010BD012010BDC0468446081C6A
:106C80006146FFE71FB500F0A9FC002801D40021F0
:106C9000C8421FBD10B500F035FC4042013010BDA8
:106CA00010B500F09BFC002801DB002010BD012086
:106CB00010BDC04610B500F091FC002801DD002099
:106CC00010BD012010BDC04610B500F043FC0028E7
:106CD00001DC002010BD012010BDC04610B500F041
:106CE00039FC002801DA002010BD012010BDC0468B
:106CF000002B11D1002A0FD1002900D1002802D089
:106D00000021C943081C07B4024802A140180290A0
:106D100003BDC046E9FEFFFF03B4684601B5029813
:106D200000F0A0F8019B9E4602B00CBC7047C04624
:106D30001300F0B545464E4657469146D2179B186C
:106D40005340E0B404000D009846DB0730D5060040
:106D50000F0001239A4643465B08984618D022004C
:106D60002B002000290001F00FFF5346424604008B
:106D70000D001342EFD00B0002003900300001F08B
:106D800003FF43465B0806000F009846002BE6D140
:106D90004B4630003900002B05DA32003B00002062
:106DA000054901F0CDFA1CBC90469946A246F0BDBB
:106DB0000026014FCDE7C0460000F03F9E2110B5F0
:106DC000C905041CFFF78AFF002803D1201C00F02E
:106DD000E3FE10BD9E21201CC90500F057FD00F008
:106DE000DBFE80231B069C466044F2E770B5002260
:106DF0000C4B04000D00FFF737FF002804D12000E2
:106E0000290002F0AFFC70BD064B002220002900D3
:106E100002F034F902F0A6FC80231B069C46604475
:106E2000F1E7C0460000E04170B500220B4B0D00B9
:106E3000040001F0A9FEFFF7D9FF060002F00AFDE9
:106E40000022074B01F0A0FE02000B0020002900E9
:106E500002F014F9FFF7CAFF310070BD0000F03DE9
:106E60000000F041F0B54D46564644465F46F0B44A
:106E7000924683B004000D0099468B422FD82CD047
:106E80004946504602F01CFE29000600200002F090
:106E900017FE331A9846203B9B4600D574E05346B4
:106EA0005A4693401F005346424693401E00AF424D
:106EB00029D826D05B46A41BBD41002B00DA79E01F
:106EC000002200230092019301235A46934001932C
:106ED000012342469340009319E08242D0D9002218
:106EE0000023009201930C9B002B01D01C605D607D
:106EF0000098019903B03CBC90469946A246AB4627
:106F0000F0BDA342D6D9002200230092019343464C
:106F1000002BE8D0FB0772081A4346467B080EE0B8
:106F2000AB4201D1A2420CD8A41A9D4101202419E0
:106F30006D410021013E24184D41002E06D0AB4288
:106F4000EED9013E24196D41002EF8D15B46009820
:106F5000019900196941002B22DB2B005A46D340CE
:106F60002A004446E2401C005B461500002B2CDB47
:106F700026009E40330026004746BE403200801A5D
:106F8000994100900191AEE7424620239B1A524658
:106F9000DA40414613004A468A4017001F4382E701
:106FA000424620239B1A2A0046469A402300F3407B
:106FB0001343D5E74246202300219B1A002200916B
:106FC00001920122DA40019282E742462023260004
:106FD0009B1ADE402F00B446974066463B00334381
:106FE000C9E7C046F8B54A02430244004E00C50F47
:106FF000240E28009B09360EC90F92098D4259D0E4
:10700000A01B002800DC8DE0002E1AD1002A00D041
:1070100079E05A0704D00F221A40042A00D0043322
:107020005A0138D50134FF2C00D189E028009B019A
:107030005B0AE4B25B02E4055B0A2343C007184322
:10704000F8BDFF2CE5D08021C9040A431B2800DDD0
:1070500089E016002021C640081A8240511E8A414C
:1070600032439B1A5A0114D59B019E09300002F04D
:1070700009FD05388640844265DC041B330020206E
:107080000134E340041BA640721E964100243343A2
:10709000BFE75A07BFD1DF082800FF2C2FD1002FF0
:1070A00000D187E08022D20313003B435B025B0ADE
:1070B000FF24BFE7A11B002949DD002E29D0FF2CAA
:1070C000A7D08026F60432431B2900DD8DE017008F
:1070D0002026CF40711A8A40511E8A413A439B189C
:1070E0005A01D6D50134FF2C64D0012276491A40CA
:1070F0005B080B4013438CE7031ECAD100207B02C0
:107100005B0AE4B296E701380028AAD0FF2C9DD193
:107110007FE7002A00D17CE701390029DFD0FF2C6E
:10712000D2D176E7002820D1601CC0B2012853DDFF
:1071300080279E1AFF0437402FD0D61A0D0095E7FE
:107140002800002376E7614B241A334061E70029C9
:107150004DD1611CCEB2012E2FDDFF292AD09B1804
:107160005B080C0055E701227BE7002C1BD1002BAC
:107170005BD0C04300280CD0FF2E7ED01B2800DD42
:1071800092E01D002024C540201A8340581E8341F0
:107190002B43D31A34000D0064E7002E00D065E7BE
:1071A00000200024ABE7FF2E67D08024E404404297
:1071B0002343E3E7FF2400233CE7002C61D1002BAD
:1071C0007ED0002A00D124E79B185A0100D460E742
:1071D0003E4A0C0013401CE7002C1ED1002B2FD17F
:1071E000002A66D013000D0013E7012277E7002C78
:1071F0001FD1002B5AD0C94300290BD0FF2E50D0ED
:107200001B295FDC1F002024CF40611A8B40591ED0
:107210008B413B439B18340062E7002B1CD1002AB2
:107220004AD013000D00FF24F3E6130034000D00D4
:10723000EFE6FF2E35D08024E40449422343DFE704
:10724000002A00D1E5E68027981AFF04074000D104
:1072500052E7D31A0D00DCE6FF24002A00D1D8E65D
:107260008020DB08C003034204D0D208024201D1CF
:1072700013000D00DB00FF24CBE61300FF240D00FC
:10728000C7E6002B0DD0FF24002A00D1C1E68021E3
:10729000DB08C9030B42EDD0D2080A42EAD1130041
:1072A000E8E71300FF24B4E6012372E7130034007B
:1072B000AFE60027002022E780270020FF03F1E649
:1072C0001300A6E60123A5E7FFFFFF7DFFFFFFFBFD
:1072D000F0B5564644465F464D46F0B4440246007B
:1072E000C70F83B08846650A360EBA463DD0FF2EDA
:1072F00022D00023EC00802599469B46ED042543CF
:107300007F3E43465C025800DB0F640A000E98463D
:1073100036D0FF2830D080230021E400DB041C435A
:107320007F38301A0190484642460843724E80002A
:1073300030587A4013008746002D44D108239946DF
:10734000063B9B46DDE70122FF2000241A40640231
:10735000C305640AD2071C431443200003B03CBC9D
:1073600090469946A246AB46F0BD002D20D104239D
:107370009946033B9B46C4E7002C17D1022102E04B
:10738000002C0AD10121321A01924A4643460A438F
:107390005A48920082587B409746200002F072FBC8
:1073A000431F76309C4040420021BAE70321B8E7F2
:1073B000280002F067FB431F9D40002376304642C1
:1073C00099469B469DE70C239946093B9B4698E7C7
:1073D00080240022E403FF20B9E70024C2468B4644
:1073E0005A465346022AAED0032A7DD0012A31D113
:1073F000012200201A400024A9E70122101A1B28AC
:1074000056DD1A4000200024A1E78023DB031D4243
:107410004BD18023DB032B435C02640A3A00FF203C
:1074200095E76D016001854230D2019A0024013A4E
:1074300001921B220127290064006D00002901DB55
:10744000A84201D82D1A3C43013A002AF3D16A1E02
:1074500095412C4301987F300028CEDD620704D08F
:107460000F222240042A00D00434220103D5244AEA
:10747000019814408030FE2800DD64E70122A40159
:10748000640AC0B21A4062E72C00A9E72D1A1A223A
:107490000124CFE76B02BCD500248023DB031C430F
:1074A0006402640A4246FF2051E71C42B3D1F4E76C
:1074B00021002022C140101A8440621E94410C43D6
:1074C000620704D00F222240042A00D00434620153
:1074D00004D5012201201A40002438E70122A4012A
:1074E000640A1A40002032E78023DB031C43640255
:1074F000640A5246FF202AE790610300D06103002E
:10750000FFFFFFF7430270B542004C005D0AC30F56
:107510004802120E460A240EC90FFF2A0FD0FF2C74
:1075200011D00120A24200D070BDB542FCD18B42E7
:107530000DD0002AF8D12800431E9841F4E701201D
:10754000002DF1D1EBE70120002EEDD1E9E700207D
:10755000EAE7C0464302F0B542005D0AC30F4802A5
:10756000440A4800120E000EC90FFF2A1FD0FF2840
:1075700022D0002A09D16E426E4100280FD1002C82
:107580000DD10020002D09D005E0002801D1002CEC
:1075900001D08B4213D0584201231843F0BD002E76
:1075A000F7D048424141012049420843F6E7002D07
:1075B000DDD002204042F1E7002CDAD0F9E7824228
:1075C000E9DC04DBA542E6D80020A542E6D2584219
:1075D000434101205B421843E0E7C0464302F0B557
:1075E00042004C005E0AC30F4802120E450A240EE8
:1075F000C90FFF2A17D0FF2C19D0002A0BD17042D7
:107600007041002C17D0002807D04842414101208A
:1076100049420843F0BD002C13D08B4214D058428D
:1076200001231843F6E70220002EF3D1E3E70220FE
:10763000002DEFD1E1E7002DE5D10020002EE9D0AB
:10764000EDE7002DE9D1EAE7A242E8DC04DBAE4237
:10765000E5D80020AE42DDD25842434101205B42D2
:107660001843D7E7F0B557464E4645464300E0B4C9
:1076700046028846760A1F0EC40F002F47D0FF2F00
:1076800025D0002380259A469946F600ED042E4326
:107690007F3F434642465D02D20F5B006D0A1B0EE0
:1076A000904640D0FF2B39D080220020ED00D2043C
:1076B00015437F3BFB1842465746591C62408C4697
:1076C00007430F2F5CD86F49BF00C9598F46002E62
:1076D00045D108239A46063B9946DAE742460228F6
:1076E0002DD0032800D1C3E0012800D0A2E000255E
:1076F00000260240D4B27602ED05760A2E43E40756
:10770000264330001CBC90469946A246F0BD002E90
:107710001AD104239A46033B9946BAE72A00511E20
:107720008A41901CC6E70120002DC3D0280002F03A
:10773000A9F9431F76309D4043420020BAE7012457
:10774000FF2514400026D6E7300002F09BF9431FC6
:107750009E400023763047429A46994699E70C238B
:107760009A46093B994694E780260024F603FF25B4
:10777000C1E735004846B2E7350022004846AEE78B
:107780002904090C0800370C3604360C2C0C7943FC
:10779000704367437443060C64183619B14203D929
:1077A00080214902884647440004000C310409182E
:1077B0008D01681E8541890E2943350CED19AD01F7
:1077C0000D43290104D5012369081D4063460D437B
:1077D00019007F31002925DD680704D00F202840DB
:1077E000042800D00435280103D5274980330D40F3
:1077F0001900FE29A3DC0124AD016E0A1440CDB2AC
:1078000079E78020C003064207D0054205D128430E
:107810004602760A4446FF256DE706437602760A5D
:10782000FF2568E70124611A1B2905DD14400025A6
:10783000002660E76346CBE72E002023CE40591A8E
:107840008D406B1E9D412E43730704D00F233340A0
:10785000042B00D00436730104D501240125144003
:10786000002648E70124B601760A1440002542E7C5
:1078700080260124F6032E437602760A1440FF2563
:1078800039E7C04610620300FFFFFFF7F8B54A0270
:107890004E0043024400240EC50F9B09360EC90F4B
:1078A0009209FF2E00D183E001204140A01BA94294
:1078B0005CD0002800DC95E0002E1CD1002A00D00E
:1078C00081E05A0704D00F221A40042A00D0043362
:1078D0005A013BD50134FF2C00D191E001209B01DE
:1078E0005B0AE4B205405B02E4055B0AED07234353
:1078F0002B431800F8BDFF2CE3D08021C9040A43B4
:107900001B2800DD90E016002021C640081A8240A6
:10791000511E8A4132439B1A5A0115D59B019E097B
:10792000300002F0AFF80538864084426CDC041B5E
:10793000330020200134E340041BA640721E964110
:1079400000243343BDE70D005A07BCD1DF080123F3
:107950001D40FF2C33D1002F00D190E08022D203B4
:1079600013003B435B025B0AFF24BCE700284FDDAA
:10797000002E2ED0FF2CA4D08025ED042A431B28F6
:1079800000DD97E016002025C640281A8240501ED0
:10799000824132439B185A01D5D50134FF2C6DD05A
:1079A00001227B481A405B08034013430D0088E71F
:1079B000002A00D07AE777E7031EC5D100257B02B5
:1079C0005B0AE4B28FE701380028A4D0FF2C97D1DE
:1079D00077E7002A00D174E701380028DAD0FF2CBD
:1079E000CDD16EE7002821D1601CC0B2012858DD3E
:1079F00080279E1AFF0437402FD0D61A0D008FE73C
:107A000001231D4000236EE7624B241A334058E7E0
:107A1000002851D1601CC6B2012E33DDFF282DD0C5
:107A20009B185B0804004CE7012274E7002C1AD075
:107A3000FF2E1FD08024E404404223431B2800DD96
:107A400096E01D002024C540201A8340581E834123
:107A50002B43D31A34000D005EE7002E00D05FE701
:107A600000250024ABE7002B44D0C0430028F0D011
:107A7000FF2EE3D11300FF240D0022E70D00FF24A9
:107A8000002330E7002C5DD1002B7DD0002A00D1EF
:107A900017E79B185A0100D456E73E4A04001340EA
:107AA0000FE7002C1ED1002B2FD1002A65D0130028
:107AB0000D0006E701226DE7002C1FD1002B59D0E5
:107AC000C04300280BD0FF2E4FD01B285EDC1D00CA
:107AD0002024C540201A8340581E83412B439B1805
:107AE000340058E7002B1CD1002A49D013000D00A8
:107AF000FF24E6E6130034000D00E2E6FF2E34D04A
:107B00008024E40440422343DFE7002A00D1D8E682
:107B10008027981AFF04074000D14DE7D31A0D00C3
:107B2000CFE6FF24002A00D1CBE68020DB08C0038B
:107B3000034204D0D208024201D113000D00DB0041
:107B4000FF24BEE6002B10D0FF24002A00D1B8E6A7
:107B50008020DB08C003034203D0D208024200D1D8
:107B60001300DB000D00FF24ABE61300FF24A8E6A2
:107B700001236EE713003400A3E6002700251EE76B
:107B800080270025FF03E9E613009AE60123A6E714
:107B9000FFFFFF7DFFFFFFFB4302590A4300C20FB7
:107BA0001B0E00207E2B0EDD9D2B0DDC80200004A3
:107BB0000143952B0BDC9620C31AD9400B00584289
:107BC000002A00D118007047034BD018FBE7963B02
:107BD00099400B00F3E7C046FFFFFF7F70B5002818
:107BE00030D0C317C5185D40C40F280001F04AFF0C
:107BF0009E231B1A962B0DDC9622D21A95406A0200
:107C0000520AD8B25202C005520AE4070243224384
:107C1000100070BD992B19DC9922D21A9540124A96
:107C20002A40690704D00F210D40042D00D00432F2
:107C3000510103D50C4B1A409F231B1A9201520A83
:107C4000D8B2DFE7002400200022DBE705222E0067
:107C5000121AB921D6402A00C91A8A40551EAA41D3
:107C600035001543DBE7C046FFFFFFFB70B5041E80
:107C700028D001F007FF9E231B1A962B0ADC9622C0
:107C8000D21A94406202520AD8B25202520AC00575
:107C9000104370BD992B18DC9922D21A9440114AD6
:107CA0002240610704D00F210C40042C00D0043284
:107CB000510103D50B4B1A409F231B1A9201520A04
:107CC000D8B2E2E700200022DFE705222500121AE1
:107CD000B921D5402200C91A8A40541EA2412C0065
:107CE0001443DCE7FFFFFFFBF8B556465F464D4601
:107CF0004446F0B40F00FD0FAA4609037C002E0095
:107D00005F00450F490A7F0D2943C5001803BC4693
:107D1000400A570F640DDB0F3843D2009A4500D15B
:107D2000AAE06646A61B002E00DCFFE06346002B9F
:107D300039D10300134300D0D9E06B0709D00F23DA
:107D40002B40042B05D02B1DAB42AD416D42491990
:107D50001D000B0200D482E0CA4B01349C4200D1CA
:107D6000FEE00A005646C84BED081A40500764056D
:107D700052020543120B640D002112030B0D1B056B
:107D80006405120B1A436308C04CF60714401C43E9
:107D9000640064083443280021003CBC90469946A6
:107DA000A246AB46F8BDB74B9C42C6D080231B040D
:107DB0001843382E00DDEBE01F2E00DD1EE12023EE
:107DC0009B1B9C4603006746BB40984613004746F2
:107DD000F3403B436746BA40571EBA411343020083
:107DE000F240EB1A9D42B6411D008A1A7642911B61
:107DF0000B0231D54A02560A002E00D1B4E0300001
:107E000001F040FE0300083B1F2B00DDB5E02022FF
:107E10002900D21AD1409E400A009D4032439C4224
:107E200000DDB1E01C1B631C1F2B00DDD5E0202111
:107E300014002800C91A8C40D8408D400443DA4011
:107E4000681E854111002543002476E741463143F1
:107E500000D134E2310045466B0700D06FE756464B
:107E60004807ED08C9080543864B9C4235D00A03F4
:107E70006405120B640D7FE76346E31A9B46002BF3
:107E800000DC8BE06746002F3CD07E4FBC4200D127
:107E900053E780273F0438435B46382B00DCF7E08C
:107EA0000243501E82410020D2B253194218AB4205
:107EB00089411D00494289180B02CDD5714B01340F
:107EC0009C4200D13DE101206F4A6B080A402840E6
:107ED0001843D507054351082FE72B000B4300D16A
:107EE000CBE180231B030B431A03120B44E7013E33
:107EF000002E6DD1AE1AB5429B41091A5B42C91AD8
:107F0000350075E70700174300D116E701235B42F0
:107F10009C46E3445B46002B00D0E0E0AA18AA424E
:107F20009B4109185B4259181500C5E7002E75D111
:107F3000661C7605760D012E00DCF3E0AE1AB04625
:107F40004545BF410E1A7F42F61B370200D48FE031
:107F5000551BAA42B641411A76428E1B9A464BE700
:107F600056460022002507E7280001F08BFD20304F
:107F70000300083B1F2B00DC49E72A002838824019
:107F800000259C4200DC4DE73F49E41A1140D4E64D
:107F90000243501E8241D3B2002222E7002B00D0C0
:107FA000F3E0631C9C465B055B0D012B00DC9FE04E
:107FB000344B9C4500D1C3E0AA180918AA4280415D
:107FC00040424118CD075208154349086446B4E6BB
:107FD0002C4B9C4200D0ECE6AFE611001F3CE14088
:107FE0000C00202B00D17FE04021CB1A9A40154392
:107FF0006A1E95410021254300242DE73300070028
:10800000203BDF403B00202E70D04027BE1BB040FD
:108010000243501E824113430022E2E6002C4FD05F
:10802000184CA44500D1ABE08024240476422143BF
:10803000382E00DDDFE01F2E00DD43E12027BC1BD2
:10804000A1460C004F46BC40A0462C004746F440D9
:108050003C434F46BD406F1EBD41F1402C43151BB4
:10806000AA429241411A5242891A64469A46BFE690
:1080700041464546314300D0BEE600260024002597
:10808000F2E6C046FF070000FFFF7FFFFFFF0F8003
:108090001F2B59DC2027FF1ABC46070063469F4070
:1080A0005B46B9461700DF40B8464F4643461F437C
:1080B00063469A40531E9A415B463A43D840F4E6E1
:1080C0000C002C435CD0F643002E55D1551BAA4220
:1080D000A441411A6442091B9A46644688E6964FB9
:1080E000BC4200D0D8E628E6002280E700208FE7D7
:1080F0000B002B43002C00D0C2E0002B00D101E18B
:108100000300134300D118E6AB18AB42B64109187F
:10811000764271180A0200D409E1884A1D00114014
:1081200064460AE6002C5BD10E002E4300D08AE0A4
:108130000100114300D1C2E0010015009A46FCE5A0
:108140006446002100258FE620235B429C46DC44E8
:1081500063460700DF405B46BC46202B00D1ACE005
:1081600040235F46DB1B98400243501E824163461A
:1081700013431A00002098E66F4CA44500D057E73F
:108180000100150064469A46D7E5002C39D10C0051
:108190002C436ED0DB43002B1AD0674CA44568D02B
:1081A000382B00DDA4E01F2B00DDAEE020240F0003
:1081B000E41AA740B9462F00DF40B846A3464F4611
:1081C000444627435C46A5406C1EA541D9403D432B
:1081D000AD1895429B4109185B42591864466BE6FD
:1081E0000C002C4315D1010011437BD00100150078
:1081F0009A46514CA1E50D43691E8D410021ECB218
:108200002DE74D4CA44534D0802424045B42214307
:10821000C6E7040014434ED0ED084C072C438025DC
:10822000C9082D03294208D0C6082E4205D1D2081C
:10823000410711430C009A463100620FC900E50066
:1082400011433D4C79E50600164300D175E5AE1AA1
:10825000B0464545BF410E1A7F42F61B370200D497
:10826000F4E5551BAA42B641411A7642891B9A464B
:1082700063E50100150064465FE5002200257BE50B
:10828000002B3BD00300134315D0ED084B072B43C5
:108290008025C9082D03294207D0C4082C4204D1E7
:1082A00041070B002100D2081343C9005A0F1143A4
:1082B000DD00214C41E5204C3FE5002054E700263D
:1082C0000025D1E534000F00203CE7403C00202E83
:1082D0002BD04027BE1BB1400D43691E8D410021AC
:1082E0002C43BCE6802100260903134C0025BBE586
:1082F0000D43691E8D410021EDB269E701001500B3
:108300000D4C1AE50100150017E51C000F00203C7C
:10831000E7403C00202B0CD04027FB1A99400D432E
:10832000691E8D410021254352E70021D4E71D003D
:1083300092E50021F3E7C046FF070000FFFF7FFF43
:10834000F0B556464D4644465F46F0B41D000E0358
:108350004C00CB0F87B0070092468146360B640D68
:1083600098466AD06D4B9C4235D08022430F120450
:108370001343F6001E43C3009946694B00279C46F1
:108380000023644402932B0368001B0BED0F51463E
:108390009B46400D009500D178E0604B98426CD030
:1083A0005B46DA004B0F802109040B4313439B46C5
:1083B0005346D9005A4B9C46002360444246201A3B
:1083C0006A40924601901F430F2F00D9B0E05548F4
:1083D000BF00C0598746374300D088E00023994644
:1083E0000233082700260293CDE74346B3464946A9
:1083F0000093029B009A9246022B00D0BFE100211D
:1084000053460122002689461A40444B0021360378
:108410000C0D2405360B2643434C1B0526401E43FA
:108420007600D207760816434846310007B03CBCB8
:1084300090469946A246AB46F0BD330003434FD069
:10844000002E00D1BCE1300001F01CFB03000B3B0F
:108450001C2B00DDADE11D220100D31A08393A00C2
:108460008F408E40DA40B9461643304B00279C4679
:10847000002360444442029385E753465A4613431F
:108480002CD1002300219B46023397E70B4320D0D9
:108490005B46002B00D19EE1584601F0F3FA030041
:1084A0000B3B1C2B00DD8FE102005946083A91403E
:1084B0008B461D21CB1A5146D9400B0059460B4320
:1084C00051469B469140194B9C46604440420023D4
:1084D00074E7002300219B4601336FE703236DE718
:1084E0000023994601330427002602934BE7032318
:1084F0000C27029347E70122D51A382D00DCB0E1A2
:1085000053461A4000210023002689467EE70023B7
:108510008026994600223603004B77E7FF070000CC
:1085200001FCFFFF50620300FFFF0F80F303000018
:108530005E4500D972E100D16DE1019B4D46013BE2
:1085400001930023340002935B461E020B0E1E4370
:108550000B020393330C994633041B0C494620004D
:108560000093FEF7D7F9009B3700434306004946C6
:1085700020009846FEF754FA2C0C09040C43A04541
:1085800009D9E419731EA74200D95CE1A04500D8BF
:1085900059E1023EE4194346E41A49462000FEF739
:1085A000B9F90300009A80465343494620009B4690
:1085B000FEF736FA2A040904120C0A4393450DD932
:1085C0004346D219013B974200D93AE1934500D87E
:1085D00037E102235B429C46D219E0445B46D21A43
:1085E0004346360433439B460399180C0B0C1D007D
:1085F000059309045B46090C0C001B041B0C444347
:10860000049159436B4368431B190D0CEB189C42B2
:1086100003D980246402A44660441C0C09041B0492
:10862000090C20185D18824200D2DEE000D1D7E0AC
:10863000161A029B9C465D1BAC459B415B42F61A99
:10864000B74200D106E149463000FEF763F9009BCE
:1086500004004343494630009846FEF7E1F92E0CEA
:1086600009040E43B04509D9F619631EB74200D973
:10867000F3E0B04500D8F0E0023CF6194346F31AA7
:10868000494618000293FEF745F9009B0600434354
:10869000494602989846FEF7C3F92D0409042D0CAB
:1086A0000D43A84509D9ED19731EAF4200D9D6E094
:1086B000A84500D8D3E0023EED192404210043462A
:1086C0003143049E059A3000ED1A0B040C0C1B0C70
:1086D00058436643534354439A19030C9B189E42D4
:1086E00003D980225202944664441A0C00041B04ED
:1086F000000C14191B18A54250D34DD00123194367
:10870000964A019B94466344002B00DCF3E64A073B
:1087100009D00F220A40042A05D00A1D8A42894145
:1087200049428B4411005A46D20108D55A468C4B17
:108730001A4093468022D2009446019B6344894AA2
:10874000934200DD5BE65A46C908500708435602CB
:10875000514601225B058146360B5B0D0A4055E60A
:1087600080231B031E4211D05A461A420ED15E4688
:108770001E433603360B2A0089467B4B46E6032B05
:1087800000D1E1E0012BBBD11A40BBE61E4336030A
:10879000360B4246744B39E6002BB1D07D194A1E88
:1087A000AF4252D91100A542A8D1039A9A42A5D14D
:1087B000A6E703003E00283B9E400023994654E66E
:1087C00001F060F9203041E603005246283B9A4010
:1087D0000021934677E6504601F054F920305EE6DA
:1087E000029B0026AB4200D323E7039E0299B446C6
:1087F00061448846B045B6415B467642F619B218E8
:10880000013B0291974213D290424FD800D18EE0A3
:10881000161A9B460DE7894500D28EE674084B4632
:10882000F60735005B081D434B46DB0702938BE6DA
:108830009742EDD10399029CA142E5D93E1A9B468D
:10884000F7E69846CAE61E00A5E6AC423ED874D0CC
:10885000110053E70121494252E71C000EE71E00B8
:108860002BE71F2D3CDC20230A0058465B1B984059
:10887000EA4099400243481E81415E461143EE4062
:108880004B0709D00F230B40042B05D00B00191DFB
:1088900099429B415B42F61833023CD55346012274
:1088A00000211A40002601238946AFE502235B42DE
:1088B0009C46039CE344A446029B63449846A0451F
:1088C000B6417642F6190293B218B1E603988A1EB1
:1088D00041008142B6417642F619AD19039161E734
:1088E0001F225242D31A5A46DA401300202D29D0B3
:1088F00040225846551BA8400143481E814107208D
:108900000B4318400026002809D00F2200261A40E9
:108910001900042ABBD10B0070077602360BDB0866
:1089200003439946012253461A4000236EE50299FB
:108930008D42BBD89B4600267BE603989842C5D360
:10894000110032E70020D7E780265B4636031E433E
:108950003603360B009A8946034B57E5FF030000A8
:10896000FFFFFFFEFE070000FF070000F0B55F46B7
:1089700056464D464446F0B41F035C00DB0F9A4652
:10898000194B0E034D00C90F8046360B6D0D8B46FB
:1089900091463F0B640D9D4219D0134B9C421BD056
:1089A0000123A54206D018003CBC90469946A24639
:1089B000AB46F0BDBE42F6D1C845F4D1D34510D088
:1089C000002DF0D1304303005A1E9341EBE73100F4
:1089D00001230143E7D1E0E73A430123002AE2D132
:1089E000DEE70023DFE7C046FF070000F0B55F4683
:1089F000444656464D46F0B41F033C0B2C4F0E0325
:108A00004D00A3465C008446360B6D0DC90F9046A1
:108A1000640DDB0FBD422BD0254FBC422ED0002D64
:108A20000ED130430700814678427841002C17D19F
:108A30005F463A4314D14B460020002B0AD006E093
:108A4000002C02D15846024301D099421AD001238A
:108A5000484218433CBC90469946A246AB46F0BDFE
:108A60000028F2D058425841012240421043F1E719
:108A700037000743D0D002204042EBE75F46174360
:108A8000CDD0F8E7A542E2DC05DB5E45DFD808D0B3
:108A900000205E45DED2484248410123404218434F
:108AA000D8E7C445D3D80020C445F4D3D2E7C046A4
:108AB000FF070000F0B55F464D4644465646F0B409
:108AC0001C03240BA4462F4C0F034D005E00C90F5E
:108AD00080463F0B6D0D8B469146760DDB0FA54210
:108AE00020D0284CA64222D0002D12D13843444237
:108AF0004441002E20D0002C0DD05C426341012463
:108B00005B421C4320003CBC90469946A246AB46C3
:108B1000F0BD002E17D05B4519D05B465C420123A7
:108B20001C43EFE7390002240143EBD1D9E761464A
:108B300002241143E6D1D7E761460A43DBD1002482
:108B40000028DFD0E9E761460A43E4D1E5E7B54212
:108B500003DD01225C421443D4E7B542CDDB674517
:108B6000DBD809D000246745CCD259464C4261413C
:108B7000012449420C43C5E7C845CED80024C84566
:108B8000F3D3BFE7FF070000F0B55F4656464D46FA
:108B90004446F0B40D0399464E002B0B87B00700F6
:108BA000924680469B46760DCC0F002E69D06D4BC9
:108BB0009E4235D05B468022DD001204430F1343F2
:108BC0002B439B46C3009846674B00279C460023D7
:108BD000664401934A4615035000D20F53462D0BAD
:108BE000400D914600D176E05E4A90426CD08022E2
:108BF0005B0F120413435C4AED0094461D43534639
:108C00000022DB00604449463618701C6140029027
:108C100017430F2F00D9AFE05448BF00C759BF46D4
:108C20005B461F4300D088E000239B4698460233F2
:108C300008270193CEE74946022A6AD0032A00D1C9
:108C400009E2012A00D0BBE11140002200230025E7
:108C50009046CCB200212D030A0D12052D0B1543B1
:108C6000434A1B0515401D436D00E4076D0825436D
:108C70004046290007B03CBC90469946A246AB4608
:108C8000F0BD034352D05B46002B00D18AE1584629
:108C900000F0F8FE03000B3B1C2B00DD7BE11D22E6
:108CA000D31A3A0001005D46DA4008398D401300BE
:108CB0008F402B439B46B8462E4B00279C460023F3
:108CC00060444642019385E752462A432CD1002551
:108CD0000023022297E752462A4321D0002D00D1DB
:108CE00054E1280000F0CEFE03000B3B1C2B00DDFE
:108CF00046E11D21CB1A51460200D9405346083A9D
:108D0000954093400D431B4A9446604440420022E4
:108D100079E7012400220C40124B0025904699E788
:108D20000025002301226EE703226CE700239B4607
:108D300098460133042701934CE703230C27019342
:108D400048E700238025984600242D03054B81E742
:108D50005D464346019A6FE75D4643462100019A0E
:108D60006AE7C046FF07000001FCFFFF90620300B6
:108D7000FFFF0F80F30300004246120C91461A0CCD
:108D80009446424617044A461B041B0C5A4360464D
:108D900090464A4642431000039262461C003F0C34
:108DA0007A437C4342440192220C9246019A5244F7
:108DB000904506D98246802040028046C2445046F3
:108DC0000390100C049048462404240C1204121939
:108DD00005922A0C2D042D0C68432C00824648462F
:108DE0007C4350438146200C8046574357444744B8
:108DF000BA4503D9802040028046C144380C3F0464
:108E0000B84648442404240C01900498A0444044EB
:108E100004905846000C814658460404200C8246B3
:108E2000070048465F434C46434360466043644600
:108E3000834650464443380C8446E4186444A342B5
:108E400003D980235B029C46E34448463F04230C3D
:108E50003F0C2404E419574668436F4384464D464B
:108E6000504655434243380C814662444A445B4471
:108E7000944503D9802040028446654403983F040A
:108E8000834604983F0C8446E344C34580414042F6
:108E90008246100484460198674484466744A3448C
:108EA000BC46A345A4419946D44464428742BF418D
:108EB000D4458041E144A04699459B417F424042D0
:108EC000C8440743120CBA18A045A4415F423B00B6
:108ED00064422343D71843467D19DB0D6D021D43C1
:108EE0005B465A02059B1A43531E9A415B46DB0DB3
:108EF0001A4343465B021343EA0107D501225C088B
:108F000013402343EA07029E13436D08574AB218E1
:108F1000002A4BDD580709D00F201840042805D03F
:108F2000181D98429B415B42ED180300E80104D5EF
:108F30004F4A15408022D200B2184E48824200DDCE
:108F4000E7E60124DB08680718436D0253058046F5
:108F50002D0B5B0D0C407DE6802259461203114219
:108F600008D0154206D115432D0398462D0B4C46CB
:108F7000414B6FE65D4615432D032D0B3E4B69E6D5
:108F800003005546283B9D400023BCE6504600F0B8
:108F900079FD2030A8E60300283B9F400023BB4614
:108FA000984689E600F06EFD203073E60124A61A8B
:108FB000382E07DD00220C4000230025904649E6AC
:108FC000029EA3E71F2E20DC20222C001800921BFB
:108FD000F040944093400443581E83411C43F540A5
:108FE000630709D00F232340042B05D023001C1D49
:108FF0009C4292415242AD182B021FD501240022FF
:109000000C4001230025904624E61F202C004042FE
:10901000821AD440202E1CD04022961BB5402B43F0
:10902000581E83410720234318400025002809D0FB
:109030000F2200251A401C00042AD8D123006807FB
:109040006D022D0B0124DB08034398460C400023DE
:1090500000E60025E3E780220124120315432D03D7
:1090600098462D0B0C40044BF4E5C046FF0300006E
:10907000FFFFFFFEFE070000FF070000F0B55746A8
:109080004E464546E0B40E001100F20F9246C50070
:10909000420F180337037400400A4E0F7F0A304313
:1090A000CF4E17435A00640D520DDB0FC900B24278
:1090B00000D1E5E001267340A61AB446534500D11D
:1090C000AFE0002E00DC0DE1002A3AD103000B4393
:1090D00000D0E4E06B0709D00F232B40042B05D010
:1090E0002B1DAB42AD416D427F191D003B0200D4E8
:1090F00088E0BB4B01349C4200D110E13A00B94BEF
:1091000051461A4001235007ED08520264050543F9
:10911000120B640D0B400021280012030D0D120BE1
:1091200064052D0515436208AF4CDB072C40144342
:10913000640064081C4321001CBC90469946A2466A
:10914000F0BDA74B9C42C5D080231B041843634647
:10915000382B00DDFDE01F2B00DD30E162462023CF
:109160009B1A02009A40664690460A009940F240D7
:1091700046464B1E99413243114363460200DA4092
:10918000691A8D429B410D00BA1A5B42D71A3B0205
:1091900035D57A02530A98464346002B00D1C4E0E5
:1091A000404600F06FFC0300083B1F2B00DDC5E0CC
:1091B00020222900D21A4746D1409F400A009D40F4
:1091C0003A439C4200DDC0E01C1B631C1F2B00DDEA
:1091D000E4E0202114002800C91AD8408C408D40BA
:1091E0000443DA40681E854117002543002471E7D7
:1091F000424663461A4300D14CE2674645466B0738
:1092000000D069E7012351467807ED08FA080B40C2
:10921000054373498C4238D012036405120B640D68
:1092200079E7002E00DC9AE0002A47D06C4A94428D
:1092300000D14FE78022120410436246382A00DC36
:1092400008E10143481E81410022C9B24919D219DF
:10925000A942BF410D007F42BF183A0200D442E14B
:109260005F4A0134944200D14EE101205D4A690811
:109270003A4028400843D507054357089A4629E74E
:1092800006000E4300D017E714E72900114300D170
:10929000F9E1802109030A431203120B3BE7012382
:1092A0005B429846C4446346002B72D1691A8D42D2
:1092B0009B413F1A5B42FF1A0D0068E702000A4318
:1092C00000D107E7012252429046C4446246002A78
:1092D00000D0E6E06918A942B6413F187642F71976
:1092E0000D00BAE7002E00D080E0621C5205520D3E
:1092F000012A00DCF9E06A1A91464D45B6413A1A56
:109300007642921B9046120200D499E04D1BA9426E
:109310008941C71B49427A1A90469A463CE7524611
:109320000123002513400022F5E6280000F0AAFBE7
:1093300020300300083B1F2B00DC39E72A002838C7
:10934000824000259C4200DC3EE7264FE41A17408D
:10935000C0E60143481E81410022C9B210E7002E39
:1093600000D0F1E0621C94465205520D012A00DC47
:10937000A0E01B4A944500D1C5E06918A94292417A
:109380003F185242D2194908D5070D435708644681
:10939000A0E6134B9C4200D0D9E69BE611001F3C8F
:1093A000E1400C00202B00D180E04021CB1A9A40F4
:1093B00015436A1E95410027254300241FE7634695
:1093C0000200203BDA406346202B71D040236646E2
:1093D0009B1B98400143481E814111430022CFE668
:1093E000FF070000FFFF7FFFFFFF0F80002C48D02A
:1093F000CA4CA24200D1A2E07442A14680242404B7
:1094000027434C46382C00DDDBE01F2C00DD44E117
:109410004E462024A41B3E00A640A246B0464C4621
:109420002E00E640B4464646644626435446A540D0
:109430006C1EA54134002C434D46EF400D1B28E027
:109440004A4643464D461A4300D0A5E60023002471
:109450000025DEE61F2A5ADC66462022921B060003
:1094600096409146B04662460E00D64042461643AC
:109470004A4691404A1E9141020060463143C24033
:10948000E4E63C002C435AD0F443A146002C52D1D0
:109490004D1BA9428941C71B49427F1A14009A46B5
:1094A00075E69E4A944200D0C7E613E600227FE7A5
:1094B00000208FE7002C00D0C8E03B002B4300D1F8
:1094C0000FE103000B4300D104E66918A9429B4158
:1094D0003F185B42DF193B0200D41AE1904B0D00AC
:1094E0001F406446F6E59A4689E63A002A43002C76
:1094F0005CD1002A75D102000A4300D1CAE00700FE
:109500000D009A46E6E564460022002581E66246A3
:109510000600203AD6406246B046202A00D1B7E085
:1095200040226646921B904001434246481E8141BC
:10953000114300228AE6794CA24200D061E707007D
:109540000D0014009A46C5E5002C41D13C002C4387
:1095500078D0F443A146002C20D0704CA24271D0A8
:109560004C46382C00DDB2E01F2C00DDBCE020268C
:10957000341BA2463C005646B4404E46A0462C0042
:10958000F440A446444666463443A4465446A540A7
:1095900064466E1EB54125434C46E7406D188D422A
:1095A00089413F184942CF19140056E6002A2FD1AD
:1095B00002000A4300D184E007000D009A46574C90
:1095C00088E53D436F1EBD41ECB200270D1B60E7EF
:1095D000524CA24236D0744280263604A14637430C
:1095E000BEE702000A4300D174E56A1A9046454579
:1095F000B6413A1A7642921B9446120200D4F7E51D
:109600004D1BA9428941C71B49427F1A9A4661E511
:1096100002000A433AD0ED087C072C438025FA0863
:109620002D032A4208D0C7082F4205D145072C0038
:109630003A009A46C9080C43670FD200E500174369
:10964000364C47E507000D00140043E53A002A4375
:1096500043D002000A4319D0ED087C072C43802533
:10966000FA082D032A4207D0C6082E4204D1470724
:109670003C003200C9080C43D700620FE5001743D5
:109680009A46264C26E50022002544E5234C21E598
:10969000002049E700230025BBE54C463E00203C66
:1096A000E6404C46B446202C31D040244E46A61B02
:1096B000B7403D436C1EA54164462C4300270D1B5B
:1096C000E7E6802200231203144C0025A1E53D4368
:1096D0006F1EBD410027EDB260E707000D000F4C83
:1096E000F8E407000D00F5E44E463C00203EF4404F
:1096F000A0464C46202C0ED040244E46A41BA7402A
:109700003D436F1EBD4144460027254346E70027E1
:10971000CFE70D0073E50027F2E7C046FF07000022
:10972000FFFF7FFF70B50E4E0C031D0349005B0069
:10973000240B490D2D0B5B0DB14204D008490020CC
:109740008B4208D070BD04430120002CFAD104499B
:1097500000208B42F6D115432800451EA841F1E7B1
:10976000FF0700000B0330B5134D1A0B4B005B0DC8
:10977000C90F0024AB4211DD104CA34210DC802441
:10978000640322430E4CE41A1F2C0CDD0D48C31A4F
:10979000DA4013005C42002900D11C00200030BDDB
:1097A000094BCC18FAE7E040084CA44663449A40C1
:1097B00013000343EEE7C046FE0300001D04000053
:1097C0003304000013040000FFFFFF7FEDFBFFFFE9
:1097D00070B5002830D0C317C4185C40C50F2000F6
:1097E00000F050F9174B184A1B1AD21A1F2A18DD1D
:1097F000164AD21A9440002224035B05240B5B0D09
:109800000021100024030A0D1205240B1443104AF2
:109810001B0514401C436400ED0764082C43210021
:1098200070BD210091400A000B21081AC4405B055D
:109830002403240B5B0DE3E7002500230024002212
:10984000DEE7C0461E0400003304000013040000DD
:10985000FFFF0F8070B5051E28D000F013F9154BDF
:10986000154A1B1AD21A1F2A16DD2C00134A00258E
:10987000D21A94405A052403240B520D00212403CC
:109880000B0D240B1B0523430D4C120523401343E2
:109890005B002800590870BD0B212C00081AC44039
:1098A000954024035A05240B520DE7E700220024BB
:1098B000E4E7C0461E040000330400001304000067
:1098C000FFFF0F804200120E511C4302C9B270B557
:1098D0005D0AC40F012915DDE02189008C466D0762
:1098E0001B0B6244002128000D0D2D052B431C4D40
:1098F00052052B40520813435B00E4075B082343E7
:10990000190070BD002A15D1002D1FD0280000F0CD
:10991000B9F80A281DDC0B232A001B1ADA401300B1
:109920000200153295400F4A1B03121A52051B0BF9
:10993000520DD7E7002D06D080221B0B12031343D4
:109940006D07094ACEE7084A0023CBE7002200232F
:10995000C8E703000B3B9D402B000025E3E7C04612
:10996000FFFF0F8089030000FF0700004B0070B568
:109970005E0D0C03751C640A420F6D052243C90F6E
:10998000C4006D0D012D2ADD3B4BF318FE2B1ADCB4
:10999000002B42DD8001451EA841D2001043620F1A
:1099A0000243500704D00F201040042800D0043296
:1099B0008020C004104021D00133FF2B03D092013E
:1099C000520ADBB201E0FF2300225202520ADB05F9
:1099D00013435B00C9075B080B43180070BD002EE2
:1099E00007D01443EFD08020D20080040243FF232D
:1099F000D7E722430023002A03D00522D208FF2BF9
:109A000003D05202520ADBB2DFE7002A32D08020B4
:109A1000C00302435202520AD7E71800173014DB82
:109A20008020000402431E20C01A1F280FDC2500DE
:109A3000124BF3189D406E1EB5419A402B00134304
:109A40002200C2401A430023ABE70023D5E70225DA
:109A50006D42EB1A1500DD40202809D0084BF318A1
:109A60009A401443621E9441220000232A4398E73F
:109A70000022F6E70022A8E780FCFFFF82FCFFFF40
:109A8000A2FCFFFF1C2101231B04984201D3000C00
:109A900010391B0A984201D3000A08391B09984261
:109AA00001D30009043902A2105C40187047C04677
:109AB0000403020201010101000000000000000097
:109AC00010B5002903D1FFF7DDFF203002E0081CAC
:109AD000FFF7D8FF10BDC046F0B54746494A4B00D6
:109AE00080B406000F0088465B0893424BDC464A70
:109AF00093420FDC454A464BFEF7F6F8454B0022F1
:109B0000FDF7A8F83B00002854D03000190004BC31
:109B10009046F0BD404A93423CDC8022D2059342FD
:109B200048DD00F0F9FA320004000D003B0030007F
:109B30003900FFF729F80022364BFEF7D5F803F07D
:109B40001DFA02000B0020002900FEF7CDF80200EC
:109B50000B0000202F49FEF7F3FB220006000F0048
:109B60002B0020002900FEF7BFF802000B00300098
:109B70003900FEF7B9F802F095FC43460600002BC9
:109B800014DD0B00C1E70B000200FEF7ADF8060084
:109B90000B00BAE700F0C0FA02F084FC1F4B204A29
:109BA000FEF7A2F843460600002BEADC80231B06E2
:109BB000CB18AAE732003B0030003900FEF7E4FF83
:109BC00004000D003000390000F0A6FA0022060063
:109BD0000F00104B20002900FEF786F803F0CEF9A5
:109BE00000220C4BFEF780F802000B002000290039
:109BF000FEF7A6FB32003B00FEF776F800F028FBEC
:109C0000BBE7C046FFFFEF7FFFFF2F3E9C7500883C
:109C10003CE4377E0000F03F0000B041422EE63FBA
:109C2000EF39FAFEF8B556464D4644465F46A54B19
:109C3000F0B44E00804689468A4676089E420CDD86
:109C4000A14B9E4200DDA0E000D19BE05346002BDB
:109C500000DCE3E09D4B9E4A9FE09E4B9E4200DD70
:109C6000B1E09D4B9E4200DC9FE001235B429B469E
:109C700042464B4640464946FEF786FF02000B002F
:109C800006000F00FEF780FF04000D00934A944B7E
:109C9000FEF77AFF934A944BFEF726F822002B003A
:109CA000FEF772FF914A924BFEF71EF822002B003E
:109CB000FEF76AFF8F4A904BFEF716F822002B0042
:109CC000FEF762FF8D4A8E4BFEF70EF822002B0046
:109CD000FEF75AFF8B4A8C4BFEF706F832003B002A
:109CE000FEF752FF894A8A4B06000F002000290028
:109CF000FEF74AFF874A884BFFF7C0F922002B0086
:109D0000FEF742FF854A864BFFF7B8F922002B0089
:109D1000FEF73AFF834A844BFFF7B0F922002B008D
:109D2000FEF732FF814A824BFFF7A8F922002B0091
:109D3000FEF72AFF0B0059460200013100D170E006
:109D400059463000CC003900FDF7CEFF42464B4665
:109D5000FEF71AFF774D784B2D191C19226863689E
:109D6000FFF78CF942464B46FFF788F902000B00DB
:109D700028686968FFF782F953460A00002B48DB20
:109D800003000AE0002800D160E742464B46404607
:109D90004946FDF7A9FF03000A00180011003CBC6A
:109DA00090469946A246AB46F8BD644A644BFDF71F
:109DB0009BFF0022634BFCF74DFF002800D154E7C6
:109DC00043464A46E9E700F0A7F95F4B04000D005F
:109DD0009E4237DC5D4B9E425DDC02000B00FDF7CE
:109DE00083FF0022574BFFF749F9802306000F003D
:109DF0000022DB0520002900FDF776FF0B000200A2
:109E000039003000FEF79CFA0023804689469B46C5
:109E10002EE78022120603008A18BEE72B4B4C4A1D
:109E2000BBE730003900FDF75FFF42464B46FEF7C7
:109E3000ABFE02000B0040464946FFF71FF9030046
:109E40000A00AAE7434B9E421ADC0022424BFFF76E
:109E500015F9002206000F003F4B20002900FEF7F5
:109E600093FE0022374BFDF73FFF0B000200390045
:109E70003000FEF765FA0223804689469B46F7E6E6
:109E80000B00020035490020FEF75AFA03238046F2
:109E900089469B46ECE600222A4BFFF7EFF80022AA
:109EA00006000F00274B20002900FDF71DFF0B00C7
:109EB000020039003000FEF743FA0123804689464C
:109EC0009B46D5E6FFFF0F440000F07F182D445459
:109ED000FB21F93FFFFFDB3FFFFF1F3E11DA22E3CB
:109EE0003AAD903FEB0D76244B7BA93F513DD0A07E
:109EF000660DB13F6E204CC5CD45B73FFF83009244
:109F00002449C23F0D5555555555D53F2F6C6A2CE8
:109F100044B4A2BF9AFDDE522DDEAD3F6D9A74AF00
:109F2000F2B0B33F711623FEC671BC3FC4EB9899E3
:109F30009999C93F80540300605403009C750088C0
:109F40003CE4377E0000F03FFFFFF23FFFFFE53FBC
:109F5000FB21F9BFFF7F03400000F83F0000F0BF86
:109F6000444AF8B5564692464B005B0D9A44444627
:109F70005F464D465246F0B4884605000C000E0080
:109F80000700132A27DC002A59DB52463A4B1341BB
:109F900099460B004A461340034316D0374A384BC4
:109FA000FDF7A2FE00220023FCF754FE00280AD091
:109FB000002C04DD802352465B031341984446463F
:109FC0004B4600279E43380031003CBC90469946E2
:109FD000A246AB46F8BD5246332A08DD8023DB009B
:109FE0009A45F2D102000B00FDF77EFEEDE7254A0F
:109FF0009446012263445242DA4093460242E4D03E
:10A000001E4A1F4BFDF770FE00220023FCF722FEC4
:10A010000028D8D0002C0CDD5346142B26D0342336
:10A02000524601279B1A9F407F19AF429B415B42DA
:10A0300098445B4646469F4338003100C5E70F4AC7
:10A040000F4BFDF751FE00220023FCF703FE002812
:10A05000B9D0002C06DB2C4300270026002CB2D000
:10A06000094EB0E7802600273606ACE7133B9C4636
:10A07000E044DEE701FCFFFFFFFF0F009C75008856
:10A080003CE4377EEDFBFFFF0000F03F30B5204A97
:10A090004B0087B05B0893421CDD1E4A934205DDEE
:10A0A00002000B00FEF7EAFF07B030BD02AA02F083
:10A0B0008FFC03231840049A059B012818D002281E
:10A0C0000DD000281ED0029803990124009403F0BB
:10A0D000B7FDE9E70022002303F046F8E4E7029821
:10A0E000039903F041F880231B069C466144DBE79B
:10A0F00000900298039903F0A3FD80231B069C4661
:10A100006144D1E70298039903F02EF8CCE7C046EA
:10A11000FB21E93FFFFFEF7F49004B081900704723
:10A12000454AF8B5564692464B005B0D9A444D465B
:10A130005F4644465246F0B4894605000C000E00C6
:10A140000700132A22DC002A47DB52463B4B13410F
:10A1500098460B0042461340034311D0384A394B0E
:10A16000FDF7C2FD00220023FCF774FD002805D096
:10A17000002C41DB4E46434600279E433800310009
:10A180003CBC90469946A246AB46F8BD5246332A9F
:10A1900008DD8023DB009A45F2D102000B00FDF7B9
:10A1A000A3FDEDE7284A9446012263445242DA4077
:10A1B00093460242E4D0224A224BFDF795FD00224D
:10A1C0000023FCF747FD0028D8D0002C1ADB5B46A3
:10A1D0004E469F4338003100D2E7194A194BFDF72C
:10A1E00083FD00220023FCF735FD0028C6D0002C9B
:10A1F00016DB00270026C1E7802352465B0313418C
:10A200009944B7E75346142B12D034235246012702
:10A210009B1A9F407F19AF429B415B429944D6E70E
:10A220006400640825430027002DA7D0074EA5E74A
:10A23000133B9C46E144CAE701FCFFFFFFFF0F0010
:10A240009C7500883CE4377EEDFBFFFF0000F0BF0B
:10A25000F0B54F464646C0B4CA4A8BB004000D0064
:10A260000B00914212DCC84A4E00760896421BDD74
:10A270000022C64BFCF7D4FC002800D181E000226C
:10A2800000230020C249FEF75BF808E0C14A914272
:10A2900036DD22002B0020002900FDF725FD0BB044
:10A2A0000CBC90469946F0BDBB4A964274DDBB4A51
:10A2B00094466344934200D98FE00022B84B2000BB
:10A2C0002900FDF711FDB74A0B15914699444B46FD
:10A2D00080460F000E00002B00DCD7E122002B008F
:10A2E000FEF7CCFE02000B000020AD49FEF7C6FED3
:10A2F00042463B00FEF724F84446029003910BE0EF
:10A30000A94A9342D9DDA74A1E0091461B159944DC
:10A31000002200230292039333031B0B9846A34BA6
:10A32000984500DDEDE042469D4B20001A431100A8
:10A3300000229B4BFEF7A2FE04000D0000229C4B66
:10A3400006000F00FEF720FC22002B00FEF71CFC8D
:10A350000B00020004920593009201934346002BE8
:10A3600049D10022002320002900FCF759FC0028D5
:10A3700000D1D5E04B46002B00D06BE1002000213E
:10A380008DE722002B0020002900FEF777FE020057
:10A390000B00FDF7D5FF82E70022864BFDF7A4FCFA
:10A3A00000220023FCF756FC002805D0824B200039
:10A3B00029009E4200DC72E722002B0020002900C9
:10A3C000FEF7E2FB00227A4BFEF7DEFB02000B00F9
:10A3D00020002900FEF752FE61E70022744BFEF7D1
:10A3E000D3FB2B002200FEF7CFFB002326002F001B
:10A3F00099460090019180230022DB05300039004E
:10A40000FDF772FC02000B0030003900FDF798FFE9
:10A4100002000B0004900591FEF7B6FB04000D004E
:10A42000664A674BFEF7B0FB664A674BFDF75CFC7C
:10A4300022002B00FEF7A8FB644A654BFDF754FC95
:10A4400022002B00FEF7A0FB624A634BFDF74CFC99
:10A4500022002B00FEF798FB604A614BFDF744FC9D
:10A4600022002B00FEF790FB5E4A5F4BFDF73CFCA1
:10A4700022002B00FEF788FB5C4A5D4BFDF734FCA5
:10A480002B002200FEF780FB4B4604000D00002B42
:10A4900062D04846FFF79CF9564A574B0690079101
:10A4A000FEF772FB009A019B089009912000290099
:10A4B000FDF71AFC049A059BFEF766FB4F4A040061
:10A4C0000D00069807994E4BFEF75EFB029A039B20
:10A4D000FDF70AFC02000B0020002900FDF704FC38
:10A4E00002000B0000980199FEF7C8FD32003B0006
:10A4F000FEF7C4FD02000B0008980999FEF7BEFDA7
:10A50000CDE6012342469C46294BE1441A43802371
:10A51000110042465B039B1A9B102000984607E7F8
:10A52000384A334B20002900FEF72EFB02000B00B7
:10A5300000201B49FEF7A2FD049A059BFEF724FBB1
:10A540004B4606000F00002B5ED102000B002000DE
:10A550002900FEF793FDA2E6009A019BFDF7C4FBDC
:10A56000049A059BFEF710FB02000B00009801996E
:10A57000FEF784FD02000B0030003900FEF77EFD7F
:10A580008DE6C0467982DA3FFFFFEF3F0000F0BF63
:10A59000000050C3FFFFEF7FFFFF1F3E3C412D40F7
:10A5A0000000F03F01FCFFFFFFFF3F439DA00600BE
:10A5B0000000E03F00005043FFFF8F3C44523EDF6D
:10A5C00012F1C23F9FC678D0099AC33FDE03CB96F3
:10A5D0006446C73FAF788E1DC571CC3F5993229416
:10A5E0002449D23F04FA97999999D93F93555555E3
:10A5F0005555E53F0000E0FE422EE63F763C7935BA
:10A60000EF39EA3D555555554846FFF7E1F8254ADB
:10A61000254B00900191FEF7B7FA244A049005916A
:10A6200000980199224BFEF7AFFA029A039BFDF7BF
:10A630005BFB02000B0030003900FEF71FFD22001B
:10A640002B00FEF71BFD02000B0004980599FEF796
:10A6500015FD24E64846FFF7BBF8144A144B0400E6
:10A660000D00FEF791FA029A039BFDF73DFB0D4AA0
:10A6700006000F000C4B20002900FEF785FA0200AF
:10A680000B0030003900FDF72FFB08E60022094BD4
:10A69000FEF7F4FC02000B0020002900FEF7EEFCA0
:10A6A00026E6C0460000E0FE422EE63F763C7935C5
:10A6B000EF39EA3D0000F03F10B500F01DFC024A02
:10A6C000024BFDF73DFE10BDEF39FAFE422EE63F8C
:10A6D00030B5214A4B0087B05B0893421EDD1F4A0C
:10A6E000934205DD02000B00FEF7C8FC07B030BD49
:10A6F00002AA02F06DF903231840049A059B012871
:10A700001ED0022811D000281FD00298039902F011
:10A710002BFD80231B069C466144E7E700230022B3
:10A720000093002303F08CFAE0E7012402980399D8
:10A73000009403F085FA80231B069C466144D5E70C
:10A740000298039902F010FDD0E7012402980399C2
:10A75000009403F075FAC9E7FB21E93FFFFFEF7FA3
:10A7600030B5134A4B0087B05B08934218DD114A9D
:10A77000934205DD02000B00FEF780FC07B030BD00
:10A7800002AA02F025F9049A059B02214000084024
:10A790000139081A00900298039903F001FBEDE7D4
:10A7A000012300220093002303F0FAFAE6E7C046F3
:10A7B000FB21E93FFFFFEF7F384AF8B54B0005006A
:10A7C0000C000E005B0893420EDD02000B0000201F
:10A7D0003349002C36DBFDF7B3FD314B0022FDF78A
:10A7E00083FA03001800F8BD2E4A934209DD0020C9
:10A7F0002B490300002EF5DA8022120694466144AC
:10A80000F0E7294A934225DD284A93422CDDFFF7E1
:10A8100083FC02000B00FDF767FA03F087FC80233E
:10A820000022DB05FDF760FA0B0080210200C9055C
:10A830000020FDF785FD02000B0000201849FEF7FF
:10A840001DFCD6E7FDF77CFD154B0022FEF716FC3C
:10A850000300C7E70022124BFDF746FA23002A0047
:10A86000FEF792F90300BDE7FFF756FCC023002274
:10A870001B06FEF789F903F059FC80231B06CF184D
:10A8800080230022DB050400FDF72EFA02000B00F6
:10A8900020003900FDF754FDABE7C046FFFFEF7F16
:10A8A0000000F03FFFFF3540FFFF7F3CFFFFEF3F21
:10A8B0004B00134A5B0D9A1870B5132A0ADCCB0FB4
:10A8C000DB07002A19DB0F480024104181432000D8
:10A8D000194370BD332A08DD8023DB009A42F8D18A
:10A8E00002000B00FDF700FAF3E7074A9446012245
:10A8F00063445242DA409043EBE700201900E8E756
:10A9000001FCFFFFFFFF0F00EDFBFFFFF0B5464628
:10A910004F46C0B48DB004000D0000F0D5FC284BAC
:10A92000060098461B780F005BB2013332D022003C
:10A930002B0020002900FEF7F5FE8146002829D1D2
:10A9400020002900FFF7E8FB00221E4BFCF782F9EC
:10A9500000281FD0012302931B4B1C4803934B4636
:10A96000069407950A930494059503F023FE434645
:10A970001B78089009915BB2022B12D002A803F059
:10A9800017FE00280DD00A9B0193002B11D10898C7
:10A99000099901E0300039000DB00CBC9046994691
:10A9A000F0BD03F08BFE212303600A9B0193002B73
:10A9B000EDD003F083FE0A9B01930360E7E7C046F6
:10A9C0004F2200200000F03FD0620300006303002C
:10A9D000F0B546464F46C0B48DB004000D0000F0FF
:10A9E00069FE264B06001B780F005BB298460133C8
:10A9F00010D022002B0020002900FEF793FE814694
:10AA0000002807D100221E4B20002900FCF70EF978
:10AA1000002806D1300039000DB00CBC9046994694
:10AA2000F0BD01230293174B002203934B460A9378
:10AA30000023100019000694079504940595FDF76E
:10AA40007FFC434608900991022B0BD002A803F02B
:10AA5000AFFD002806D00A9B0193002B07D1089870
:10AA60000999D9E703F02AFE21230360F3E703F0F5
:10AA700025FE0A9B01930360F1E7C0464F220020A8
:10AA80000000F03FD8620300F0B546464F46C0B420
:10AA90008DB004000D0000F095FE284B060098468E
:10AAA0001B780F005BB2013332D022002B00200054
:10AAB0002900FEF737FE8146002829D12000290011
:10AAC000FFF72AFB00221E4BFCF7C4F800281FD01A
:10AAD000012302931B4B1C4803934B460694079596
:10AAE0000A930494059503F065FD43461B7808908E
:10AAF00009915BB2022B12D002A803F059FD002885
:10AB00000DD00A9B0193002B11D10898099901E0FF
:10AB1000300039000DB00CBC90469946F0BD03F0F2
:10AB2000CDFD212303600A9B0193002BEDD003F0A0
:10AB3000C5FD0A9B01930360E7E7C0464F22002052
:10AB40000000F03FE06203000063030010B501F075
:10AB50001FF810BDF0B546464F46C0B48DB0040096
:10AB60000D0001F0D1F8344B0090019198461B780C
:10AB70005BB2013343D022002B0020002900FEF7F6
:10AB8000D1FD814600283AD120002900FFF7C4FA00
:10AB900000222A4B06000F00FCF766F800282ED092
:10ABA00030000022254B3900FCF754F802AE002893
:10ABB00034D001230293224B002273604B46336250
:10ABC00000231000190034617561B460F560FDF771
:10ABD000B7FB43461B78B061F1615BB2022B11D029
:10ABE000300003F0E5FC00280CD0336A002B10D1B4
:10ABF000B069F1690DB00CBC90469946F0BD009863
:10AC00000199F7E703F05AFD21230360336A002B13
:10AC1000EED003F053FD336A0360E9E702230293A9
:10AC2000074B3062736034617561B460F560002277
:10AC3000002320002900CAE74F2200200000F03F37
:10AC4000E8620300F0B546464F46C0B48DB004003C
:10AC50000D0001F0E1F82B4B060098461B780F0021
:10AC60005BB2013332D022002B0020002900FEF716
:10AC700059FD8146002829D120002900FFF74CFA10
:10AC8000214A224BFBF7E6FF00281FD00323029343
:10AC90001F4B0694079503934B460A9343461B7834
:10ACA000049405955BB2002B17D1E022194B1206D4
:10ACB0000892099302A803F07BFC002813D00A9B9A
:10ACC0000193002B17D10898099901E03000390051
:10ACD0000DB00CBC90469946F0BD00200E4908907E
:10ACE0000991022BE6D103F0E9FC222303600A9BC1
:10ACF0000193002BE7D003F0E1FC0A9B0193036072
:10AD0000E1E7C0464F2200207DF8B98FCE33864060
:10AD1000F0620300FFFFEF470000F07FF0B546460A
:10AD20004F46C0B48BB004000D0001F01FF9344B46
:10AD3000060098461B780F005BB2013338D0200024
:10AD4000290003F02BFC002832D02E4A2E4B200085
:10AD50002900FBF77FFF8146002830D12B4A2C4B7E
:10AD600020002900FBF762FF002821D00423009374
:10AD7000284B002201934B46089300230692079329
:10AD800043461B786E465BB2049405950294039586
:10AD9000022B30D0300003F00BFC00282BD0336A9C
:10ADA000002B03D003F08AFC336A0360F769B669AD
:10ADB000300039000BB00CBC90469946F0BD03231F
:10ADC0000093144B6E4601930023089343461B786F
:10ADD000049405955BB202940395002B05D1E02203
:10ADE0000D4B120606920793D4E700200B490690FC
:10ADF0000791022BCED103F061FC22230360CEE742
:10AE00004F220020EF39FAFE422E864051302DD5D8
:10AE1000104987C0F8620300FFFFEF470000F07F92
:10AE2000F0B546464F46C0B48DB01D0006000F0079
:10AE3000140001F00DFA2E4B009001911B785BB2CB
:10AE40009846013333D022002B0020002900FEF762
:10AE500069FC00282BD132003B0030003900FEF79E
:10AE600061FC8146002822D1002200232000290015
:10AE7000FBF7D6FE00281AD0012302931D4B04963F
:10AE8000059703934B460A93434606940795002B78
:10AE900014D10896099702A803F08AFB002818D05D
:10AEA0000A9B0093002B1CD10898099901E0009897
:10AEB00001990DB00CBC90469946F0BD00230022CC
:10AEC00019001000FDF73CFA434608900991022B47
:10AED000E1D103F0F3FB212303600A9B0093002BD5
:10AEE000E2D003F0EBFB0A9B00930360DCE7C04673
:10AEF0004F220020FC620300F0B5474680B48CB0BE
:10AF000004000D0001F0CEFA3A4B06001B780F004A
:10AF10005BB2984601330FD022002B00200029009D
:10AF2000FEF700FC002807D10022002320002900A2
:10AF3000FBF790FE002805D0300039000CB004BCAF
:10AF40009046F0BD2C4B0A9003934346049405951C
:10AF500006940795002B1AD1E022284B120608927E
:10AF600009932000002200232900FBF759FE002846
:10AF700038D00223029302A803F01AFB002817D04E
:10AF80000A9B0193002B18D1089E099FD4E7002249
:10AF90001B4B200008920993290000220023FBF795
:10AFA0003FFE00280FD0022302934346022BE2D13A
:10AFB00003F084FB22230360E2E703F07FFB0A9B9C
:10AFC00001930360E0E7012302934346022B0BD178
:10AFD00003F074FB212303600A4803F0EBFA0890A6
:10AFE0000991CDE70123029302A803F0E1FA0028BA
:10AFF000F2D1EDE74F22002004630300FFFFEFC70B
:10B000000000F0FF00630300F0B546464F46C0B4B1
:10B010008DB004000D0001F047FC3C4B06001B788E
:10B020000F005BB29846013310D022002B002000A5
:10B030002900FEF777FB8146002807D10022002374
:10B0400020002900FBF7FCFD002806D13000390064
:10B050000DB00CBC90469946F0BD2D4B049405955F
:10B0600003934B460A93434606940795002B1AD147
:10B07000E022284B120608920993200000220023A8
:10B080002900FBF7CDFD002838D00223029302A847
:10B0900003F08EFA002817D00A9B0193002B18D1D9
:10B0A00008980999D4E700221B4B200008920993C5
:10B0B000290000220023FBF7B3FD00280FD0022354
:10B0C00002934346022BE2D103F0F8FA22230360F5
:10B0D000E2E703F0F3FA0A9B01930360E0E7012340
:10B0E00002934346022B0BD103F0E8FA21230360BD
:10B0F0000A4803F05FFA08900991CDE70123029313
:10B1000002A803F055FA0028F2D1EDE74F22002003
:10B1100008630300FFFFEFC70000F0FF00630300B8
:10B12000F0B546464F46C0B48DB006000F0001F0A2
:10B1300055FE2F4B040098461B780D005BB201337F
:10B1400007D003F02BFA81464B4620002900002B44
:10B1500004D00DB00CBC90469946F0BD39003000CB
:10B1600003F01CFA290003002000002BF1D0032378
:10B170000293204B002403934B460A9343461C57EB
:10B1800006960797049605970022002330003900A1
:10B19000002C14D1FBF75EFDE0221206002823D01C
:10B1A000154B0892099302A803F002FA002810D068
:10B1B0000A9B0193002B11D108980999C9E7FBF765
:10B1C00049FD0022002811D00C4B08920993022C53
:10B1D000E9D103F073FA22230360E9E703F06EFA82
:10B1E0000A9B01930360E7E7054BDAE7054BECE7C1
:10B1F0004F22002010630300FFFFEF470000F07FA5
:10B20000FFFFEFC70000F0FFF0B546464F46C0B461
:10B210008DB004000D0001F0B1FE294B00900191AA
:10B220001B785BB29846013312D022002B0020001D
:10B230002900FEF777FA8146002809D10026002769
:10B2400032003B0020002900FBF7F0FC002806D16B
:10B25000009801990DB00CBC90469946F0BD0123B1
:10B260000293184B0694079503934B460A93434663
:10B2700004940595002B15D03B00320030003900B6
:10B28000FDF75EF8434608900991022B0CD103F0BC
:10B2900015FA212303600A9B0093002B0AD108981A
:10B2A0000999D7E70896099702A803F081F90028C1
:10B2B000F1D1ECE703F002FA0A9B00930360EEE79A
:10B2C0004F22002018630300F0B5DB4A4B0085B025
:10B2D00007000E005B0893420CDDD84A9446634495
:10B2E000034300D0ACE0002900DC25E10020002170
:10B2F00005B0F0BDD24A934200DC9BE0002900DAA1
:10B300001DE102000B000020CE49FDF7B7FE002230
:10B31000CD4BFDF739FC04000D0001F02FFECB4AA8
:10B320000F0000900191CA4B20002900FDF72CFC72
:10B33000C84AC94BFCF7D8FC22002B00FDF724FCBF
:10B34000C64AC74BFDF79AFE22002B00FDF71CFCF6
:10B35000C44AC54BFCF7C8FC22002B00FDF714FCC7
:10B36000C24AC34BFDF78AFE22002B00FDF70CFCFE
:10B37000C04AC14BFCF7B8FC22002B00FDF704FCCF
:10B38000BE4A02900391BE4B20002900FDF7FCFB52
:10B39000BC4ABD4BFDF772FE22002B00FDF7F4FB0B
:10B3A000BA4ABB4BFCF7A0FC22002B00FDF7ECFBDC
:10B3B000B84AB94BFDF762FE22002B00FDF7E4FB13
:10B3C0000022A04BFCF790FC02000B0002980399AE
:10B3D000FCF7B6FF009A019BFDF7D6FB0026029012
:10B3E000039132003B0030003900FDF7CDFB020035
:10B3F0000B0020002900FDF741FE320004000D0083
:10B40000009801993B00FCF76FFC02000B00200044
:10B410002900FCF795FF02000B0002980399FCF746
:10B4200063FC32003B00FCF75FFC02000B00FCF702
:10B430005BFC5DE7994A93420BDC9948994957E7D1
:10B4400002000B00FDF71AFE02000B00FCF778FF6C
:10B450004EE702000B00FDF797FB04000D007B4A4E
:10B460007B4BFDF791FB7B4A7B4BFCF73DFC2200BD
:10B470002B00FDF789FB794A794BFDF7FFFD220090
:10B480002B00FDF781FB774A774BFCF72DFC220060
:10B490002B00FDF779FB754A754BFDF7EFFD220098
:10B4A0002B00FDF771FB734A734BFCF71DFC220068
:10B4B0002B00FDF769FB714A00900191704B200051
:10B4C0002900FDF761FB6F4A6F4BFDF7D7FD2200A6
:10B4D0002B00FDF759FB6D4A6D4BFCF705FC220074
:10B4E0002B00FDF751FB6B4A6B4BFDF7C7FD2200AC
:10B4F0002B00FDF749FB0022524BFCF7F5FB020045
:10B500000B0000980199FCF71BFF3A003300FDF790
:10B510003BFB02000B0064486449FDF7AFFD0200ED
:10B520000B0038003100FDF7A9FD02000B005C485C
:10B530005C49FDF7A3FDDBE659485D49D8E60022EA
:10B54000404BFCF7D1FB00223F4BFDF71DFB0400F5
:10B550000D003E4A3E4BFDF717FB3E4A3E4BFCF7C3
:10B56000C3FB22002B00FDF70FFB3C4A3C4BFDF7D1
:10B5700085FD22002B00FDF707FB3A4A3A4BFCF70A
:10B58000B3FB22002B00FDF7FFFA384A384BFDF7DA
:10B5900075FD22002B00FDF7F7FA364A364BFCF713
:10B5A000A3FB22002B00FDF7EFFA00900191200091
:10B5B000290001F0E3FC314A06000F00304B200067
:10B5C0002900FDF7E1FA2F4A2F4BFDF757FD220026
:10B5D0002B00FDF7D9FA2D4A2D4BFCF785FB2200F5
:10B5E0002B00FDF7D1FA2B4A2B4BFDF747FD22002C
:10B5F0002B00FDF7C9FA0022124BFCF775FB020085
:10B600000B0000980199FCF79BFE32003B00FDF710
:10B61000BBFA254A254BFDF731FD32003B00FCF714
:10B6200063FB02000B00FCF75FFB02000B001C48F1
:10B630001F49FDF723FD5BE6FFFFEF3F000010C051
:10B64000FFFFDF3F0000F03F0000E03F09F7FD0D86
:10B65000E13D023F88B20175E0EF493F3B8F68B59D
:10B660002882A43F5544880E55C1C93F7D6FEB0326
:10B6700012D6D43F555555555555C53F82922EB1DA
:10B68000C5B8B33F59018D1B6C06E63FC88A599C6B
:10B69000E52A00404B2D8A1C273A03400000603CFD
:10B6A000182D4454FB21F93F075C143326A6913C26
:10B6B000FB210940F0B53C4A83B005000C009142E3
:10B6C00036DD3A4A914208DD394A91423CDD0200BA
:10B6D0000B00FCF709FB03B0F0BD364A8A180243A1
:10B6E0002FD08022D205914235DC0022324BFDF76B
:10B6F000C5FC02000B0004000D00FCF7F5FA220067
:10B7000006000F002B0020002900FDF73DFA020083
:10B710000B0030003900FCF7E7FA01F02FFC0200C3
:10B720000B0020002900FCF7DFFAFEF791FDD2E7BD
:10B7300002000B00FDF7A2FC02000B00FCF700FE6C
:10B74000C9E700200021C6E700F0ACFE1B4A1C4BF5
:10B75000FCF7CAFABFE702000B00FDF715FA00225A
:10B76000154BFDF78BFC01F009FC2A0006000F00C9
:10B77000230028002100FCF7B7FA32000090019165
:10B780003B0028002100FCF7AFFA02000B0000206C
:10B790000949FCF7D5FD02000B0000980199FDF75F
:10B7A0006DFC00F07FFE96E7FFFFEF3FFFFFAF412C
:10B7B000FFFFEF7F000010C00000F03FEF39FAFEFE
:10B7C000422EE63FF0B557464E464B005B089A4680
:10B7D000C0B4CD4B87B006000F0089469A4512DDF4
:10B7E000CA4B5344034322D002000B00FDF746FC32
:10B7F0000B000200FCF7A4FD0300180007B00CBC0E
:10B8000091469A46F0BDC24B9A4524DCC14B9A45FD
:10B8100000DD0CE1C04AC14BFCF766FA0022C04BC8
:10B82000FBF718FA002816D033003900E5E7BD4AC7
:10B83000BD4BFDF7A9F9BD4A04000D00BC4B30001B
:10B840003900FDF7A1F90B00020029002000FCF7E8
:10B850004BFA0300D1E730003900FEF75DFC02002F
:10B860000B000020AE49FDF709FC0022B14BFDF7AB
:10B870008BF904000D00B04AB04BFDF785F9B04AD2
:10B88000B04BFCF731FA22002B00FDF77DF9AE4AF0
:10B89000AE4BFDF7F3FB22002B00FDF775F9AC4A28
:10B8A000AC4BFCF721FA22002B00FDF76DF9AA4AF8
:10B8B000AA4BFDF7E3FB22002B00FDF765F9A84A30
:10B8C000A84BFCF711FA22002B00FDF75DF9A64A00
:10B8D00002900391A54B20002900FDF755F9A44AD9
:10B8E000A44BFDF7CBFB22002B00FDF74DF9A24A3C
:10B8F000A24BFCF7F9F922002B00FDF745F9A04A0D
:10B90000A04BFDF7BBFB22002B00FDF73DF9844B5C
:10B910000022FCF7E9F9049005912000290001F0CC
:10B920002DFB994B06000F009A4563DC0B00029833
:10B930000399002200920193049A059BFCF700FDF5
:10B940003200029003913B0030003900FCF7CCF943
:10B9500002000B0002980399FDF716F9029003917B
:10B960000098019902000B00FDF70EF902000B0090
:10B9700020002900FDF782FB009A019B04000D00C6
:10B9800030003900FCF7B0F902000B00200029005C
:10B99000FCF7D6FC02000B00FCF7A6F902000B0036
:10B9A00062486349FDF76AFB02000B0002980399A5
:10B9B000FDF764FB04000D000098019902000B00E4
:10B9C000FCF792F902000B0056487049FDF756FB50
:10B9D00002000B0020002900FDF750FB02000B00C5
:10B9E00050486A49FDF74AFB4B46002B00DC84E0D7
:10B9F000030002E7049A059B02980399FCF7A0FC58
:10BA000032003B00FDF7C0F832003B00FCF76CF958
:10BA100002000B00FCF768F9444A454BFDF72EFB8A
:10BA200002000B003F484049FDF728FBDCE702001D
:10BA30000B00FDF7A9F804000D003F4A3F4BFDF74E
:10BA4000A3F83F4A3F4BFCF74FF922002B00FDF7CC
:10BA50009BF83D4A3D4BFDF711FB22002B00FDF703
:10BA600093F83B4A3B4BFCF73FF922002B00FDF7D4
:10BA70008BF8394A394BFDF701FB22002B00FDF70B
:10BA800083F8374A374BFCF72FF922002B00FDF7DC
:10BA90007BF8354A00900191344B20002900FDF7D6
:10BAA00073F8334A334BFDF7E9FA22002B00FDF718
:10BAB0006BF8314A314BFCF717F922002B00FDF7E8
:10BAC00063F82F4A2F4BFDF7D9FA22002B00FDF720
:10BAD0005BF80022124BFCF707F902000B000098FC
:10BAE0000199FCF72DFC32003B00FDF74DF83B00BF
:10BAF0003200FCF7F9F803007FE680221206944634
:10BB00000300614479E6C046FFFFEF3F000010C02C
:10BB1000FFFFDF3FFFFF3F3E9C7500883CE4377E20
:10BB20000000F03F182D4454FB21F93F075C14330B
:10BB300026A6913C0000E03F09F7FD0DE13D023FE4
:10BB400088B20175E0EF493F3B8F68B52882A43F7A
:10BB50005544880E55C1C93F7D6FEB0312D6D43FC3
:10BB6000555555555555C53F82922EB1C5B8B33F71
:10BB700059018D1B6C06E63FC88A599CE52A004096
:10BB80004B2D8A1C273A03403233EF3FFB21E93F1C
:10BB9000F8B515004F4646465A001C006B42C0B42B
:10BBA0002B434B4F5208DB0F88461343BB423AD816
:10BBB0004B005B0899464E4643420343DB0F334339
:10BBC000BB4230D8434BE3182B4343D00226A31784
:10BBD0001E40CB0F1E434B4603432ED013002B4376
:10BBE00032D0BA4241D0B9452ED04B469A1A1215DE
:10BBF0003C2A32DC002C55DB2A002300FCF7A0FB9A
:10BC0000FEF78AFAFEF70EF8012E46D0022E39D042
:10BC1000002E0ED0304A314BFDF730FA304A314B0E
:10BC2000FDF72CFA05E002000B0028002100FCF7CC
:10BC30005BF80CBC90469946F8BD022E10D0032E3E
:10BC4000F7D127482849F4E743462548002B0ADB6B
:10BC50002649EEE7FDF7E6FFEBE721482349D3E766
:10BC60001F482049E5E72249E3E791451FD0022E0E
:10BC7000F6D0032EE5D000200021012ED9D180215D
:10BC80000906D6E7144A154BFDF7F8F902000B0038
:10BC900013481449FDF7F2F9CBE7802424060B1969
:10BCA0001900C6E73C32A7DA00200021ACE7022EDB
:10BCB00006D0032E09D00A48012E04D00D49B8E75A
:10BCC0000D480E49B5E70E49B3E70B480D49B0E7FB
:10BCD0000000F07F000010C0075C143326A6A13CD2
:10BCE000182D4454FB210940FB2109C0FB21F93FD9
:10BCF000FB21F9BFFB21E93FD221337F7CD90240F0
:10BD0000FB21E9BF7CD902C0F0B5474680B443426D
:10BD10004E0003433A4A7608DB0F82B004000D0060
:10BD2000070088463343934214D8964242D0354B9D
:10BD30009E4219DC344A354BFBF7D6FF0022002324
:10BD4000FAF788FF290000283AD0380002B004BC76
:10BD50009046F0BD02000B00FDF790F902000B00C9
:10BD6000FCF7EEFA0700F0E7294B35009E4228DD8C
:10BD7000330002003100FBF7B7FF220006000F007E
:10BD80002B0000201E49FDF779F902000B0030005E
:10BD90003900FCF7D5FAFEF75BFA1E4B0022FCF7E0
:10BDA000F3FE43460700002BCFDA80231B069C4698
:10BDB0006144CAE700220023FCF7C2FA0700C4E787
:10BDC000350022002B0020002900FBF78DFF220008
:10BDD0002B0006000F00FCF7D7FE22000090019117
:10BDE0002B0000200649FDF749F902000B000098DE
:10BDF0000199FCF7A5FA32003B00FBF775FFCAE793
:10BE00000000F03FFFFF2F3E9C7500883CE4377E2A
:10BE1000FFFFDF3F0000E03FF0B54B005E08474BFF
:10BE200083B09E4218DC464B9E421FDD454B9E422E
:10BE30005EDD454B9E4200DC75E0444B9E4242DD98
:10BE4000434B9E423CD0434A434B10001900FCF741
:10BE50009BFE04000D0005E002000B00FCF794FEC1
:10BE600004000D002000290003B0F0BDFEF754F9D6
:10BE700002F05CF9394B002200900191FBF734FF8E
:10BE8000374B04000D009E42ECDD009A019B100030
:10BE90001900FCF779FE22002B0006000F0020009D
:10BEA0002900FBF721FF02000B0030003900FCF7EE
:10BEB00047FA0022294BFBF717FF04000D00D1E7DA
:10BEC000284B9842BFD8FEF727F90022264BFCF7F3
:10BED0005BFE00F04BF804000D000022224BFCF743
:10BEE00053FE22002B00FCF74FFE04000D00B9E7C3
:10BEF000FEF712F900F03AF800221B4B04000D0087
:10BF0000FCF742FE22002B0006000F00002016491D
:10BF1000FCF716FA02000B0030003900FBF7E4FED4
:10BF200004000D009EE7FEF7F7F800F01FF800226E
:10BF30000D4BFCF729FE04000D0093E7FFFFEF7F98
:10BF4000422ED63FFFFF3540412E8640CD338640FE
:10BF5000CE3386409C7500883CE4377E0000F03F7D
:10BF6000FFFF7F3C7DF8B98F0000E03FF0B55746FA
:10BF700080B44B000E00CC0F954984B007005B08DD
:10BF80008B420ED993498B4200D884E03203120BC6
:10BF9000024300D0F7E03100002C78D000200021CF
:10BFA00075E08D4A934200D9B6E08C4A934200D89E
:10BFB000CAE000239A463A00330038003100FCF70B
:10BFC000E3FD04000D00864A864BFCF7DDFD864A42
:10BFD000864BFDF753F822002B00FCF7D5FD844A71
:10BFE000844BFBF781FE22002B00FCF7CDFD824A3B
:10BFF000824BFDF743F822002B00FCF7C5FD804A79
:10C00000804BFBF771FE22002B00FCF7BDFD020008
:10C010000B0038003100FDF731F8534604000D00E5
:10C020000200002B00D1B4E00B0038003100FCF717
:10C03000ABFD0F008021060022002B000020C90567
:10C04000FDF71CF802000B0030003900FCF778F90E
:10C0500002000B0002980399FDF710F8009A019B6B
:10C06000FDF70CF80B00020067490020FDF706F809
:10C07000664B9A4500DB7AE0FA24A4005444240578
:10C0800063181900B82300225B04FCF77DFD04B09F
:10C0900004BC9246F0BD5E4A5E4B3100FAF7DAFD11
:10C0A000002869D15C4A5D4B38003100FAF7BEFDCB
:10C0B000002800D072E75A4BE4001C19594A5A4B29
:10C0C00038003100FCF760FD22686368FBF70CFE66
:10C0D000FDF748FB8246FDF77BFB544A544B0400B6
:10C0E0000D00FCF751FD02000B0038003100FCF799
:10C0F000C5FF504A009001914F4B20002900FCF7EA
:10C1000043FD02900391029A039B00980199FCF76A
:10C11000B5FF07000E004EE7484A9342CBD8484B84
:10C12000E5005B191A685B683100FCF7A7FF454B17
:10C13000009001915D192A686B68029203930123B4
:10C140001B1B1B1B9A46DEE73F4A404B3100FBF7A7
:10C15000CBFD00222C4BFAF77DFD002800D128E70B
:10C160000022294B38003100FBF7BEFD8FE7544613
:10C170002405631819008AE7334A344B100019006C
:10C18000FCF702FD83E7020033003100FBF7ACFD52
:10C190007DE70B0038003100FCF7F6FC80230090AF
:10C1A00001910022DB0520002900FCF767FF020057
:10C1B0000B0000980199FCF7C3F83A003300FCF734
:10C1C0005DFF02000B0000200F49FCF757FF5EE700
:10C1D000412E8640FFFFEF7F422ED63FFFFF2F3ECE
:10C1E000D0A4BE726937663EF16BD2C541BDBB3E7D
:10C1F0002CDE25AF6A56113F93BDBE166CC1663F5B
:10C200003E5555555555C53F0000F03F03FCFFFF17
:10C21000EF39FAFE422E864051302DD5104987C0A5
:10C22000A0540300FE822B654715F73F0000E0FE97
:10C23000422EE63F763C7935EF39EA3DB1A2F03F38
:10C24000C0540300B05403009C7500883CE4377E62
:10C25000F8B5564644465F464D4698465B005B0837
:10C26000F0B41E008246040015001700164326D0C5
:10C27000CE0FF607B3464E40B146804EB1451EDCA8
:10C2800056421643F60F1E43B4467D4EB44516D8AB
:10C29000994504DC84461ADB904218D35FD0794973
:10C2A00089451BDC4946002900D0AAE0564676495C
:10C2B000002E18DD01397600002EFBDC13E043462A
:10C2C000FCF762FC02000B00FCF73AF8844660467B
:10C2D0003CBC90469946A246AB46F8BD6B4E4946DB
:10C2E000B44609156144674EB3420ADC002B00D006
:10C2F0009EE0654E002D07DD013E6D00002DFBDC4C
:10C3000002E0624E1D15AE19614DA94267DB484639
:10C31000050380202D0B400305435D4886424FDB1B
:10C32000434680221B031B0B52031343881BEA1A4C
:10C3300000281DD0BC4289414942521A09D411003B
:10C34000E41B21430BD0E50F52005519640001385E
:10C35000EDE7E10F6A00551864000138E7E75B4636
:10C36000DE0F4C4BF6009E19336871689C46AEE7B1
:10C37000BC429B415B42D21A6CD4E41B13002343A2
:10C38000EDD0404B18009A4206DCE10F53005A18DA
:10C390006400013E8242F8DD3D498E424FDA891B3E
:10C3A000142959DC202023001400401ACB4084407B
:10C3B0001C4313000B415A461A431100A44686E75A
:10C3C000801B84461F282DDC20273F1A1000F840D0
:10C3D00007006046834082403B431700A6E76C1A83
:10C3E000A4461F2C18DC20252D1B0400EC404D46D4
:10C3F000A2466446A540544625436446A040040036
:10C400008BE74946CE022249002E00DC6BE701395A
:10C410007600002EFBDC66E71F4C641AA040002467
:10C4200005007AE71C4B00279B1B9A4013007DE711
:10C43000174EDD02013E6D00002DFBDC64E7174B5B
:10C44000A446D3185A461343154AB5182D052B4355
:10C4500019003CE72A0091E71F2908DC230020206F
:10C46000CB40411A8A4014001C435B46A3E70A4BA9
:10C470009B1B1A415B4614009DE7C046FFFFEF7F00
:10C480000000F07FFFFF0F00EDFBFFFF01FCFFFF4F
:10C4900002FCFFFFD0540300E2FBFFFF0000F0FFAF
:10C4A000FF030000F0B557464E464546E0B4DA4A71
:10C4B00088B00B00914255DC4A005208024300D17B
:10C4C000EFE0002900DA79E1D44B0022FCF75CFBB5
:10C4D0003625D34C0B006D42A34247DC1A151B03D3
:10C4E0001B0B9846CF4C8023A446CF4C5B0344449F
:10C4F0002340CE4C624452195C4045461B15994678
:10C500002543CA4B290091440022FCF7B7FD43465E
:10C5100002331B0306000F001B0B0022022B2FDC33
:10C520000023FAF77DFB002800D1C1E04B46002B29
:10C5300000D14CE14846FDF74BF9BD4ABD4B040024
:10C540000D00FCF721FBBC4A06000F00BB4B20008E
:10C550002900FCF719FB02000B0030003900FBF743
:10C56000C3FB07E0AE4C0025A342B7DD02000B0081
:10C57000FBF7BAFB08B01CBC90469946A246F0BD3A
:10C580008023DB05FBF7B0FB02000B003000390015
:10C59000FBF7D6FE040048460D00FDF719F922000E
:10C5A000029003912B002000290004940595FCF7CC
:10C5B000EBFA04000D00A24B020043449A460B0024
:10C5C00000940195FCF7E0FA04000D009D4A9E4B93
:10C5D000FCF7DAFA9D4A9E4BFBF786FB22002B0004
:10C5E000FCF7D2FA9B4A9C4BFBF77EFB22002B0008
:10C5F000FCF7CAFA994A9A4BFBF776FB009A019B23
:10C60000FCF7C2FA974A00900191974B200029004D
:10C61000FCF7BAFA954A964BFBF766FB22002B0013
:10C62000FCF7B2FA934A944BFBF75EFB22002B0017
:10C63000FCF7AAFA0B00020000980199FBF754FBE3
:10C640000D0041468D4B04005B1A51460B43002BF5
:10C6500054DD00228A4B30003900FCF795FA320095
:10C660003B00FCF791FA4B460A0001000091019251
:10C67000002B72D11300290002002000FBF734FBCD
:10C68000049A059BFCF780FA02000B0000980199C0
:10C69000FCF7F4FC02000B0030003900FCF7EEFC64
:10C6A00068E70022002300207649FBF749FE61E796
:10C6B000754A764B30003900FCF766FA02000B0031
:10C6C00000206F49FCF7DAFC320004000D003B004B
:10C6D00030003900FCF758FA0B0002002900200056
:10C6E000FCF752FA4B4604000D00002B72D10200F9
:10C6F0000B0030003900FCF7C1FC3BE74B46002B38
:10C7000000D1C5E002980399494A4A4BFCF73CFA2C
:10C710002200009001912B0030003900FCF7AEFCA4
:10C72000049A059BFCF730FA434A04000D00029876
:10C730000399424BFCF728FA02000B002000290065
:10C74000FCF79CFC32003B00FCF798FC02000B005D
:10C7500000980199FCF792FC0CE7354A354B02989A
:10C760000399FCF711FA009A019B069007912000AB
:10C770002900FBF7B9FA049A059BFCF705FA2E4A43
:10C7800004000D00029803992C4BFCF7FDF9020000
:10C790000B0020002900FBF7A7FA02000B0000980D
:10C7A0000199FCF76BFC32003B00FCF767FC0200D0
:10C7B0000B0006980799FCF761FCDBE602000B0012
:10C7C000FCF75CFC00220023FBF7BAFDD2E6002058
:10C7D0000021CFE64846FCF7FBFF154A154B0090B9
:10C7E0000191FCF7D1F9144A029003910098019944
:10C7F000124BFCF7C9F902000B0020002900FCF7DE
:10C800003DFC32003B00FCF739FC02000B000298B3
:10C810000399FCF733FCADE6FFFF0F000000504327
:10C82000FFFFEF7F01FCFFFF645F09000000F03FA6
:10C830000000E0FE422EE63F763C7935EF39EA3DD6
:10C8400086EBF9FF44523EDF12F1C23FDE03CB9686
:10C850006446C73F599322942449D23F9355555576
:10C860005555E53F9FC678D0099AC33FAF788E1DD6
:10C87000C571CC3F04FA97999999D93F51B80600F0
:10C880000000E03F000050C3555555555555D53F64
:10C8900022002B0030003900FCF7F0FB049A059BC6
:10C8A000FCF772F9F6E6C046F0B54F464646C0B40E
:10C8B0003B4A83B004000D000B0091421CDC4A008F
:10C8C000520802435BD0002960DB0022354BFCF7A5
:10C8D0005BF936220D000B003349040052428B42B3
:10C8E0000EDD22002B0020002900FBF7FDF903B02C
:10C8F0000CBC90469946F0BD2B4900228B42F0DCDF
:10C900002A4918158C4660448218D10F89461B03AA
:10C910004A441B0B10009846FCF75AFF4A46244B2A
:10C9200006009B1A42461B051A430F002000110007
:10C93000FFF7B8FD1F4A04000D001F4B30003900FF
:10C94000FCF722F91D4A009001911D4B200029009F
:10C95000FCF71AF902000B0000980199FBF7C4F9E3
:10C96000184A04000D00184B30003900FCF70CF990
:10C9700002000B0020002900FBF7B6F9B7E7002200
:10C98000002300201149FBF7DBFCB0E702000B009D
:10C99000FCF774FB00220023FBF7D2FCA7E7C0469C
:10C9A000FFFF0F0000005043FFFFEF7F01FCFFFF80
:10C9B000FF030000362BF111F3FE593D0EE526155D
:10C9C0007BCBDB3F00609F501344D33F000050C33C
:10C9D000F0B54E4657464546E0B4DC4B4E0090B0AD
:10C9E0001700894676089E4200DC81E0D84B9E42C3
:10C9F00020DCD84A002900DC89E1D74BFCF73EFB5C
:10CA0000D54B04000D009E4200D18AE0D34AD44B9E
:10CA1000FCF734FB02000B0020003A607B60290029
:10CA2000FCF72CFBCD4ACE4BFCF728FBB860F96035
:10CA3000012066E0CB4B9E4200DC8DE0CA4B9E425B
:10CA400065DCCA4932158A46924453461B05F51ADD
:10CA500029000400FCF786FEFCF7BAFE02000B007A
:10CA6000200029000A920B93FCF708FB0022C04B20
:10CA7000FCF78AF802900391FCF774FEFCF7A8FE1D
:10CA800004000D0002000B00029803990C940D9510
:10CA9000FCF7F4FA0022B64BFCF776F800220023EC
:10CAA0000E900F91FAF7BCF8002800D14CE100235A
:10CAB000002220002900FAF7B3F80222431E984111
:10CAC000131AAC4A3900019202220AA80092524677
:10CAD00000F064FC4B46002B13DA802212069446C9
:10CAE0007B68404263447B60FB686344FB6008E012
:10CAF00002000B003A607B60002200230020BA6035
:10CB0000FB6010B01CBC90469946A246F0BD0200E6
:10CB10000B00FCF7B3FAB860F96038607960002068
:10CB2000EFE7D3228E4B5205FCF7A8FA924A934BBB
:10CB300004000D00FCF7A2FA02000B0020003A608E
:10CB40007B602900FCF79AFA8B4A8C4BFCF796FA2B
:10CB5000B860F9600120D4E7FDF7DEFA884A894B16
:10CB600004000D00FCF710F80022874BFBF7BCF81F
:10CB7000FCF7F8FD8046FCF72BFE764A764B0690D4
:10CB80000791FCF701F802000B0020002900FCF7D8
:10CB900075FA734B02900391069807996F4AFBF759
:10CBA000F3FF434604000D00049405951F2B30DC71
:10CBB000013B764A9B009B589E422AD002000B0004
:10CBC00002980399FCF75AFA02000B0005000C00CA
:10CBD0003A607B60029803992A002300FCF74EFA22
:10CBE000049A059BFCF74AFA06000B003200BA6073
:10CBF000FB604B464046002B00DB82E780231B0690
:10CC00009C46644461443D607C60BE60F960404283
:10CC100077E7049A059B02980399FCF72FFA0B001B
:10CC200002003A607B604B0036155B0D05000C007E
:10CC3000F31A102BCEDD06980799D322484B5205E4
:10CC4000FBF7A2FF04000D0002000B0002980399FD
:10CC5000FCF714FA02000B0002980399089209935A
:10CC6000FCF70CFA22002B00FCF708FA04000D0078
:10CC700006980799404A414BFBF786FF22002B009C
:10CC8000FCF7FCF902000B00049005910898099943
:10CC9000FCF7F4F902000B003A607B604B005B0D7F
:10CCA000F61A0500089A099B0C0002920393312E94
:10CCB00090DD06980799B822304B9205FBF764FF88
:10CCC00004000D0002000B0002980399FCF7D6F94E
:10CCD0000A000100130002910392020008980999CA
:10CCE000FCF7CCF922002B00FCF7C8F904000D007A
:10CCF00006980799264A274BFBF746FF22002B0090
:10CD0000FCF7BCF902000B000492059358E7124BA4
:10CD1000FAF7EAFF104B04000D009E423CD00F4A88
:10CD20000F4BFAF7E1FF02000B0020003A607B6036
:10CD30002900FCF7A3F9094A094BFAF7D5FFB860B7
:10CD4000F96001204042DCE60323BAE6FB21E93F1B
:10CD50007BD9024000004054FB21F93F3163621A45
:10CD600061B4D03DFB213941FFFFEF7FEAFBFFFFBC
:10CD700000007041A06303007370032E8A19A33B67
:10CD800083C8C96D305FE43F0000E03F20630300CB
:10CD9000C14920259A837B39D3220D4B5205FAF7DE
:10CDA000A3FF0C4A0C4B04000D00FAF79DFF020094
:10CDB0000B0020003A607B602900FCF75FF9054A10
:10CDC000054BFAF791FFB860F9600120404298E600
:10CDD00061B4D03D7370032E8A19A33BF0B54B00AC
:10CDE0005C08594B85B007000E009C421DDC0029F1
:10CDF00030DB0022554B00920193554B9C4219DCCD
:10CE0000544B9C4200DD73E0534A544B38003100D0
:10CE1000FAF76AFF524B0022F9F71CFF31000300BA
:10CE20003800002B1BD005B0F0BD02000B00FAF754
:10CE30005BFFF8E74B4B9C4278DD4B4B9C4240DD5F
:10CE40004A4B9C423AD0444A444B38003100FBF7ED
:10CE50009BFEE8E70022464B00920193CDE73800A5
:10CE60003100FDF759F901F061F906000F003200B9
:10CE70003B0030003900FAF737FF320004000D00A4
:10CE80003B0030003900FBF77FFE00220290039147
:10CE9000334B30003900FAF727FF02000B000298ED
:10CEA0000399FBF74DFA02000B0020002900FCF764
:10CEB000E5F8009A019BFBF767FEB4E72D4B9F4214
:10CEC000C1D838003100FDF727F900221F4BFBF7CE
:10CED0005BFEFFF74BF806000F0002000B00009806
:10CEE0000199FBF751FE32003B00FBF74DFE9AE73C
:10CEF00038003100FDF710F901F018F91E4B06005B
:10CF00000F009C42B3DD0022154BFAF7EDFE020044
:10CF10000B0030003900FBF713FA32003B00FAF740
:10CF2000E3FE009A019BFBF72FFE7CE738003100FF
:10CF3000FDF7F2F8FFF71AF802000B0000980199CC
:10CF4000FBF722FE6FE7C046FFFFEF7F0000E03FE8
:10CF5000FFFF3540FFFF2F3E3374AC3C1F7BAC7F9F
:10CF60000000F03F412E8640CD338640CE338640D0
:10CF70000000E0BF7DF8B98FFFFFEF3FF0B55646E8
:10CF80004D4644465F46754BF0B40A000D0019004B
:10CF900083B0060004002940994200D1BAE0002D78
:10CFA00000DC94E02D1500D1A3E06D4B12039C46EC
:10CFB0008023120B5B0365441A43EB0700D581E025
:10CFC0006B109846E30F9B189B18802216210026B1
:10CFD000002764009203B818984202DC87181B1AD5
:10CFE000B618E00F5B0001391B18640052080029D5
:10CFF000F1D100220192944680221206202091460F
:10D0000009E09F4241D0E10FC9180138CB186400F4
:10D01000520800281ED0614651189F42F1DA8D183F
:10D02000AC46CD0FED07BA464D4539D0DB1B8C42DF
:10D03000BF417F42DB1B641A019901388B46934440
:10D0400059460191E10FC9185746CB1864005208A0
:10D050000028E0D123432BD1019B5B08414972108A
:10D060008C466244F10702D5802109060B434146F4
:10D0700009058D181E002F003000390003B03CBC9C
:10D0800090469946A246AB46F0BDA1420ED88D18F7
:10D09000AC46CD0FED074D4548D09A460023CAE770
:10D0A0006546002DC2DB7D1CAA46BFE73B00AAE710
:10D0B000019B01333ED0019A0123944613406344FF
:10D0C0005B08CBE7E30F52009A18640078E76B0027
:10D0D0005B0803432F00002BCED00025002A31D15E
:10D0E000E20A153D6405002AFAD080235B031A4248
:10D0F00023D180200023400300E00B005200591C84
:10D100000242FAD02020401AED1A2300C3408C407E
:10D110001A434AE702002B002900FBF735FD3200D5
:10D120002B00FAF7E1FD06000F00A5E76546002D8C
:10D13000B9DAB2E70136002390E7012320205B42F1
:10D140000021E1E73B0002003900FBF797FF0200F6
:10D150000B00FBF7F5F806000F008DE70000F07FED
:10D1600001FCFFFF0000E03FF0B54F464646C0B46B
:10D1700087B000920193754B4F00814688467F0827
:10D180009F4263DCFCF7EEFA002800D1DAE04A4661
:10D19000434648464146FBF7F7FC04000D006C4A45
:10D1A0006C4BFBF7F1FC6C4A6C4BFAF79DFD2200CF
:10D1B0002B00FBF7E9FC6A4A6A4BFBF75FFF220092
:10D1C0002B00FBF7E1FC684A684BFAF78DFD220063
:10D1D0002B00FBF7D9FC664A664BFBF74FFF22009A
:10D1E0002B00FBF7D1FC644A644BFAF77DFD22006B
:10D1F0002B00FBF7C9FC029003910022604B20003A
:10D200002900FBF7C1FC029A039B06000F002000D7
:10D210002900FBF7B9FC009A019B04000D00484669
:10D220004146FBF7B1FC02000B0020002900FBF790
:10D2300025FF02000B0030003900FBF71FFF020042
:10D240000B0000204F49FBF719FF70E002000B00B4
:10D25000FBF79AFC04000D003D4A3E4BFBF794FCA3
:10D260003D4A3E4BFAF740FD22002B00FBF78CFCB9
:10D270003B4A3C4BFBF702FF22002B00FBF784FCF0
:10D28000394A3A4BFAF730FD22002B00FBF77CFCC1
:10D29000374A384BFBF7F2FE22002B00FBF774FCF9
:10D2A000354A364BFAF720FD2B002200FBF76CFCC9
:10D2B000354B029003919F429FDD344B00229F42E9
:10D2C0003ADC334900207B182E4916001F00FBF77B
:10D2D000D5FE049005910022294B20002900FBF780
:10D2E00053FC32003B00FBF7C9FE029A039B060089
:10D2F0000F0020002900FBF747FC009A019B040067
:10D300000D0048464146FBF73FFC02000B002000A1
:10D310002900FBF7B3FE02000B0030003900FBF7D9
:10D32000ADFE02000B0004980599FBF7A7FE07B0BD
:10D330000CBC90469946F0BD164B0026049205930E
:10D34000154FC8E700200F49F1E7C046FFFF3F3EF9
:10D35000D43888BEE9FAA8BDC4B1B4BD9EEE213E62
:10D36000AD529C804F7E923E9015CB19A001FA3EA3
:10D370007751C1166CC1563F4C5555555555A53F73
:10D380000000E03F0000F03F3233D33F0000E93FB0
:10D390000000E0FF0000E73F0000D23FF0B5564636
:10D3A0004D4644465F46F0B4904CA544099119009F
:10D3B0001400A89A0B938E4B9200D2580B00029047
:10D3C000013BE01E18211D00160008920093F9F79A
:10D3D0002BFBC3430200DB171A401300110001337B
:10D3E0000E929A009B1ADB001B1906934C1B7619B0
:10D3F00018D4A99BA5009C46361926AF6544013672
:10D4000007E02868FCF7E4F9013403C70435B442A7
:10D4100008D0002CF5DA00200021013403C70435C0
:10D42000B442F6D1089B002B01DA00F0FDFB76AB8D
:10D430000A939A46009B0B9A9946089B94469B46F2
:10D44000D300E3449C46029A059362449046009BB5
:10D45000002B00DABBE14B46DC0026AB9C460026E5
:10D460000027029D64442268636803CDFBF78CFBB0
:10D4700002000B0030003900FAF736FC083C0600C9
:10D480000F004545EFD15346C0C39A4601239C4641
:10D49000E144D945DBD1089A564913008C466344D0
:10D4A0009B0012A8844619000298614484460D919D
:10D4B0000599043361448B4612A98C4663440F934B
:10D4C0000592059A0A98D30019000C938C46030024
:10D4D00063441E685F68002A34DD12AB994613006E
:10D4E000454A804694466344DB00984474AB9A46B0
:10D4F0000022424B30003900FBF746FBFCF732F9C3
:10D50000FCF766F900223E4B04000D00FBF73CFBE4
:10D5100002000B0030003900FBF7B0FDFCF722F9E8
:10D520004B4601C39946434620001A685B682900B0
:10D53000FAF7DAFB08235B429C46E04406000F0042
:10D54000D045D5D1069B30001A003900994601F02C
:10D5500037F8FF2300229B0504000D00FBF714FBA6
:10D56000FCF7DEFD0022274BFBF70EFB02000B0051
:10D5700020002900FBF782FD04000D00FCF7F2F803
:10D580008046FCF725F902000B0020002900FBF77C
:10D5900075FD4C4606000F00002C00DCF8E0059BF2
:10D5A00018205A1E920012AB9B58001B1900014113
:10D5B000884481405B1A12A98B501722121B134119
:10D5C0000793079B002B4BDD01239C46059BE04402
:10D5D000002B00DCF2E280251096119712AB00219F
:10D5E000002409486D04059F19E0C04684FDFFFF33
:10D5F000A8640300FEFFFF3FFFFFFF1F0000703E17
:10D600000000704100002040FFFFFF00002A02D010
:10D61000AA1A1A600134013104338F4209DD1A68F5
:10D62000002CF3D0821A01311A60012404338F4296
:10D63000F5DC109E119F069B002B0EDD012B00D107
:10D64000B1E0022B09D1059B12A95A1E920012AB20
:10D650009B5810939B029B0A8B50079B022B7ED0FA
:10D660000023002230003900F9F7DAFA059B002880
:10D6700000D16BE208995A1E914210DCBF490F9805
:10D680008C4612A963448C4600219B0063441C68AD
:10D69000043B21438342FAD1002900D0B5E0089B26
:10D6A00012AA013B9B00D358002B00D084E2012238
:10D6B0000D9B043B596801320029FAD005990B00F3
:10D6C0008C46013362440792934242DC0E9A9446A0
:10D6D000A99A634492460B9A9B00944626AA9046C8
:10D6E0009A44059B0A9A6344DB0098440C9B944639
:10D6F0009946079BE144DB00634405935346186851
:10D70000FCF766F8434618605960009B002B23DB4A
:10D71000444600260027029D2268636803CDFBF77C
:10D7200033FA02000B0030003900FAF7DDFA083C4A
:10D7300006000F005D45EFD14B469E60DF6004237D
:10D740009C460433E2449C46059BE144E0449945F1
:10D75000D4D1079B0593B4E600260027ECE73200FE
:10D760003B0000208649FBF789FC06000F00002CD7
:10D7700000D175E7069A0020814900F021FF0200E0
:10D780000B0030003900FBF779FC06000F0067E75B
:10D79000069B002B12D1059B12AA013B9B00D5587A
:10D7A000EB1507930DE7059B12A95A1E920012ABC9
:10D7B0009B5810935B025B0A8B504EE70022714B23
:10D7C000F9F752FA00280ED10023079348E7534691
:10D7D00000260027C0C39A4601239C46E144D94550
:10D7E00000D034E657E601239C4601330793059B9E
:10D7F000E044002B00DDEEE632003B0000206049F3
:10D80000FBF73CFC06000F002AE743460B93069B00
:10D8100012A8183B190006939300C3580092002BDE
:10D820000FD156481300844612A8634484469B00D7
:10D830006344043B5868013A18390028F9D0009233
:10D840000691069A00204E4900F0BAFE009B0400A3
:10D850000D00002B00DAB3E112AA94469F00DB0012
:10D8600067449C460A9A05936244934616003868BA
:10D87000FBF7AEFF22002B00FBF786F9424B30602E
:10D880007160002220002900FBF77EF9083E74AB8E
:10D8900004000D00043FB342E9D100239A464EAB89
:10D8A0000293089B99464B4600260027002B21DB5C
:10D8B0008020364B5D469846C00535490026002736
:10D8C000002408E008239C460835E044A24511DB0B
:10D8D0004346186859682A686B68FBF755F90200D7
:10D8E0000B0030003900FAF7FFF9013406000F0091
:10D8F000A145E7DA029A53469446DB0063441E6072
:10D900005F6001239C46093BE2449C4674ABE344C0
:10D910009B45C8D1029B9946A89B022B00DD82E063
:10D92000002B37DC1DD1059B00254B441E00002435
:10D930003268736828002100FAF7D6F9009B0500C9
:10D940000C00083E5A1E0092F2D2079B002B03D017
:10D9500080231B069C4664442A00230009990A6020
:10D960004B6007200B9B18409F239B009D443CBCB1
:10D9700090469946A246AB46F0BDC046FFFFFF3F2A
:10D980000000F03F0000E03F0000703EE054030064
:10D99000FB21F93F059B00204B441E0000214CAFAA
:10D9A00032687368083EFAF79FF9BE42F8D1079BC8
:10D9B000002B24D08023099A1B06CB1810605360DB
:10D9C0000B0002004E984F99FBF758FB009B002B71
:10D9D0000BDD012450AD0CCDFAF786F9009B013424
:10D9E000A342F8DA079B002B03D080231B069C463A
:10D9F00061440B00020009998A60CB60B1E7020024
:10DA00000B00099C226063600B0002004E984F9946
:10DA1000FBF734FB009B002BDBDC0B0002000999B9
:10DA20008A60CB609DE7A89B032B9AD1009B002BBB
:10DA300000DCE3E07F4A059B94464B441E685F6828
:10DA4000009B63449A46DB004B4498464CAB9B4694
:10DA500043465C681B681800210032003B000290BE
:10DA60000391FAF741F904000D0002000B0002983F
:10DA70000399FBF703FB3B003200FAF735F9434605
:10DA80009860D9601C605D6008235B429C46E0445E
:10DA900026002F00C345DBD1009B012B00DCADE04D
:10DAA000059BC8464B441E685F685346DB009B4697
:10DAB000D844434630005C681B68390000930194E9
:10DAC0001A002300FAF710F904000D0002000B0001
:10DAD00000980199FBF7D2FA3B003200FAF704F9FB
:10DAE00043469860D9601C605D6008235B429C4699
:10DAF000E04426002F00C145DBD15D46002700240D
:10DB000008354D4450AE2A686B6838002100FAF79A
:10DB1000EBF8083D07000C00AE42F4D1079B002B48
:10DB200071D08021099A4E9B090613604B468C46A2
:10DB30005B686444634453604B469B681761936021
:10DB40004B46DB6854616344D3600AE79946434619
:10DB50000B93069B30005A42390000F031FD002241
:10DB6000354B04000D00F9F77FF8002832D0334B15
:10DB7000002220002900FBF707F8FBF7F3FD4A46D7
:10DB800006009700FBF724FE00222B4BFAF7FCFF60
:10DB900002000B0020002900FBF770FAFBF7E2FD02
:10DBA00012AAD0514A46069B0132183300920693BE
:10DBB000930012AAD65044E601227FE500243AE5FC
:10DBC000A89B022B14DC002B0FDC00D0C9E600253B
:10DBD0000024BAE64B46200029009E00FBF7C2FD58
:10DBE00012AB98514B4600932BE600200021DEE655
:10DBF0004EAB9946A89B032B00D0B2E6079B0027AB
:10DC00000024002B8DD14E9A4F9B09990A604B60DE
:10DC10004B469A68DB68009201938A60CB603A00B9
:10DC200023000A614B619CE676AB0A930B9BDB00F9
:10DC3000059330E4FFFFFF1F000070410000703EBD
:10DC4000F0B54F464646C0B487B000920193464AAD
:10DC50004B00814688465B08934205DCFBF782FD5A
:10DC60004146031E484666D04A464346484641461A
:10DC7000FAF78AFF04000D0002000B0048464146F7
:10DC8000FAF782FF394A3A4B06000F0020002900BC
:10DC9000FAF77AFF374A384BFBF7F0F922002B00EE
:10DCA000FAF772FF354A364BFAF71EF822002B00BE
:10DCB000FAF76AFF334A344BFBF7E0F922002B00F6
:10DCC000FAF762FF314B324AFAF70EF80E9B0290D8
:10DCD0000391002B34D00098019900222D4BFAF7C4
:10DCE00053FF029A039B0490059130003900FAF724
:10DCF0004BFF02000B0004980599FBF7BFF92200C7
:10DD00002B00FAF741FF009A019BFBF7B7F9224A73
:10DD100004000D00214B30003900FAF735FF0200F6
:10DD20000B0020002900F9F7DFFF02000B00484636
:10DD30004146FBF7A3F907B00CBC90469946F0BDED
:10DD400002000B0020002900FAF71EFF124A134BB5
:10DD5000FBF794F932003B00FAF716FF4A464346B8
:10DD6000F9F7C2FFE7E7C046FFFF3F3E7CD5CF5A39
:10DD70003AD9E53DEB9C2B8AE6E55A3E7DFEB1574C
:10DD8000E31DC73ED561C119A0012A3F1111813F92
:10DD9000A6F810110000E03F495555555555C53FAF
:10DDA000F0B55F4656464D464446F0B489B0009300
:10DDB0004B005B089A46BB4B8146884602928B46D5
:10DDC0009A4516DCFBF7CEFC00282FD14B46524675
:10DDD0001A43129B0133134300D148E1129B012BDC
:10DDE00000D15BE14A4643460020AF49FAF7A8FA62
:10DDF000F8E0AE4B9A4519DD002900DA42E14A46C7
:10DE00004346AB48AB49FBF739F904000D00029AD1
:10DE1000009BA948A949FBF731F92B002200F9F72B
:10DE200063FF002381468846029300934A46434697
:10DE300048464146FAF7A8FE02000B0006000F0014
:10DE4000FAF7A2FE320004000D003B0048464146AE
:10DE5000FAF79AFE9A4A049005919A4B20002900FD
:10DE6000FAF792FE984A994BF9F73EFF22002B00F1
:10DE7000FAF78AFE964A974BF9F736FF22002B00F5
:10DE8000FAF782FE944A954BF9F72EFF22002B00F9
:10DE9000FAF77AFE924A934BF9F726FF22002B00FD
:10DEA000FAF772FE904A914BF9F71EFF32003B00E1
:10DEB000FAF76AFE8E4A069007918E4B20002900E1
:10DEC000FAF762FE8C4A8D4BF9F70EFF22002B0009
:10DED000FAF75AFE8A4A8B4BF9F706FF22002B000D
:10DEE000FAF752FE884A894BF9F7FEFE22002B0012
:10DEF000FAF74AFE864A874BF9F7F6FE22002B0016
:10DF0000FAF742FE844A854BF9F7EEFE02000B0059
:10DF100006980799F9F7E8FE049A059BFAF734FE8C
:10DF2000029D009C2A002300F9F7DEFE32003B0030
:10DF3000FAF72AFE02000B0028002100F9F7D4FEB0
:10DF400004000D0004980599754A764BFAF71CFEFB
:10DF500022002B00F9F7C8FE0B000200414648469C
:10DF600000920193F9F7C0FE504B04000D009A4552
:10DF70003FDC129B012B35D00F0002000B0000206C
:10DF80004949FAF7DDF900260D00029003914A464F
:10DF9000434630003900FBF771F8002402000B0003
:10DFA00000980199FBF76AF822002B00FAF7ECFDC4
:10DFB0002200009001912B0030003900FAF7E4FDB7
:10DFC0000022594BF9F790FE02000B0000980199CE
:10DFD000F9F78AFE029A039BFAF7D6FD22002B007E
:10DFE000F9F782FE09B03CBC90469946A246AB4682
:10DFF000F0BD1298FBF7ECFB220006000F002B008F
:10E0000020002900FAF7C0FD3200029003913B0086
:10E0100020002900F9F768FE02000B00029803991E
:10E02000FAF78EF9009A019BFBF728F802000B0023
:10E0300048464146FBF722F802000B00F9F754FE70
:10E0400002000B0030003900FBF718F85B460400B3
:10E05000981702231840013B181A0D00FBF7B8FB74
:10E0600002000B0020002900FAF78EFDBAE74846AF
:10E070004146FCF751F802000B0000202A49FAF74C
:10E080005FF9AFE78022802112069446009B0906C3
:10E0900041446344814688460093B0E64846414681
:10E0A000A0E7C046FFFF2F3E0000F0BF2794E53FEA
:10E0B000182D4454FB21E93F075C143326A6813C0C
:10E0C000D47ABF74702AFB3EE9A7F0320FB8123F32
:10E0D00068108D1AF726303F1583E0FEC8DB573FE6
:10E0E00093846EE9E326823FFE41B31BBAA1AB3FA6
:10E0F000735360DBCB75F3BEA69237A0887E143FC6
:10E100000165F2F2D844433F280356C9226D6D3FA2
:10E1100037D60684F464963F7AFE10111111C13F80
:10E12000635555555555D53F0000F03FF0B54E4667
:10E1300045465746E0B4DF4ACC0F4B0084B08146D9
:10E140008846E4075B0893424FD9DB4A934200D9E3
:10E15000F9E0002C00D17BE1D84AD94B4846414632
:10E16000F9F7C2FD00220023F8F760FD002800D077
:10E17000F4E0D44AD44B48464146FAF705FD020084
:10E180000B000020D149F9F7AFFDFBF7EBFA82460F
:10E19000FBF71EFBCE4ACF4B06000F00FAF7F4FC4C
:10E1A00002000B0048464146FAF768FFCA4A0400DD
:10E1B0000D0030003900C94BFAF7E6FC06000F00ED
:10E1C00032003B0020002900FAF758FF02000B0044
:10E1D0008146884620002900FAF750FF32003B00B4
:10E1E000FAF74CFF0290039109E0BD4A934200D92F
:10E1F000DBE00021BB4A8A46934200D805E10022B9
:10E20000B94B48464146FAF7BFFC04000D00020036
:10E210000B0048464146FAF7B7FC06000F00B34A28
:10E22000B34BFAF7B1FCB34AB34BF9F75DFD3200DB
:10E230003B00FAF7A9FCB14AB14BFAF71FFF3200D5
:10E240003B00FAF7A1FCAF4AAF4BF9F74DFD3200A6
:10E250003B00FAF799FCAD4AAD4BFAF70FFF3200DD
:10E260003B00FAF791FC0022AA4BF9F73DFD009024
:10E27000019102000B0020002900FAF785FC020042
:10E280000B000020A449FAF7F9FE02000B0004007D
:10E290000D0000980199FAF7F1FE2200009001911B
:10E2A0002B0048464146FAF76FFC02000B000020A5
:10E2B0009A49FAF7E3FE02000B0000980199FAF779
:10E2C0003FF83B003200FAF75FFC5346002B48D082
:10E2D000029C039D22002B00FAF7D0FE4A464346DB
:10E2E000FAF752FC22002B00FAF7C8FE3B0032007E
:10E2F000FAF7C4FE534604000D00013300D1B2E02A
:10E300005346012B00D188E053460133392B5ED8A8
:10E310005346132B00DCB5E081490022C91A0B05D6
:10E3200020002900F9F7E0FC02000B0048464146B6
:10E33000FAF7A4FE774B0022F9F7D6FC53461B05EB
:10E340005D1829001DE0774A934220D90903090B83
:10E35000014300D013E14146002C12D00020724945
:10E360000FE002000B0048464146FAF70DFC320070
:10E370003B00FAF783FE02000B0048464146FAF7DD
:10E380007DFE04B01CBC90469946A246F0BD674A8B
:10E39000674BF8F75FFC002800D1DAE6654A664B68
:10E3A00010001900FAF7F0FBEBE7644A934200D93A
:10E3B000CAE0474A474B002C1ED0F9F795FC0123D1
:10E3C0005B4204000D009A46434E5D4FF8E64A4614
:10E3D0004346FAF753FE02000B0000204D49FAF7BE
:10E3E0004DFE544602002005431819001000494B09
:10E3F0000022FAF743FEC4E7FAF740FE01230400C7
:10E400000D009A46344E354FDAE64A4A4A4B4146A9
:10E41000F9F76AFC02000B00ABE70022494B4846C3
:10E420004146F8F703FC002800D199E000222E4B6A
:10E4300048464146F9F758FC02000B00200029002D
:10E44000FAF71CFEC02300221B06FAF79DFB98E793
:10E450001C4A1D4B48464146FAF796FB02000B004A
:10E46000002021498FE602000B0048464146FAF79A
:10E4700005FE00221C4BFAF787FB00221A4BFAF725
:10E48000FDFD7EE7802352469B031341214A00266F
:10E49000D71A4A464346FAF7F1FD02000B00300056
:10E4A0003900FAF7EBFD5446020020054318190025
:10E4B000100066E779684340412E864059F3F8C260
:10E4C0001F6EA501FE822B654715F73F0000E0BFD8
:10E4D0000000E0FE422EE63F763C7935EF39EA3D1A
:10E4E000422ED63FFFFF8F3C0000E03F2DC3096E58
:10E4F000B7FD8ABE3952E686CACFD03EB7DBAA9EA8
:10E5000019CE143F8555FE19A0015A3FF410111180
:10E510001111A13F0000F03F00000840000018402A
:10E52000FF030000FFFFEF7F0000F0BFEF39FAFEAE
:10E53000422E86409C7500883CE4377EB1A2F03FB5
:10E54000EF39EABD0000D0BF104A114BFAF71CFBAF
:10E5500002000B000020002C00D013E60D4912E64B
:10E5600022002B0048464146FAF788FD02000B00C6
:10E57000F9F7BAFB0022084BF9F7B6FB01E70200F6
:10E5800043464146F9F7B0FBFBE6C046FE822B65E9
:10E590004715F73F0000E03F0000F03F034B480005
:10E5A0009C4640086044C00F7047C0460000108081
:10E5B00000207047002001497047C0460000F87FE6
:10E5C0004B0070B55B0D14000A00002B1AD14B00F4
:10E5D0005B08034315D00022224BFAF7D5FA224BF1
:10E5E0000A009C4222DB4B005B0D363B1F4DE318BB
:10E5F000AB4220DC002B0DDD1D4C1B0522401A43D5
:10E60000110070BD1B4DAB42F0D102000B00F9F7B9
:10E610006BFBF6E71D00353518DA174B02009C42FC
:10E620000ADC0B001548164900F032F8134A144B67
:10E63000FAF7AAFAE5E702000B001248124900F0C7
:10E6400027F8104A104BFAF79FFADAE7084C3633EE
:10E6500022401B051343190000220C4BFAF794FAD1
:10E66000CFE7C04600005043B03CFFFFFE0700006C
:10E67000FFFF0F80FF07000050C3000059F3F8C2EE
:10E680001F6EA5019C7500883CE4377E0000903C1D
:10E6900030B54A00DB0FDB0752081A43110030BDCA
:10E6A00070B5054C05001300201E04D00A0002209E
:10E6B000290000E000BF70BD00000000014B186899
:10E6C0007047C046CC200020084B10B50400002B3A
:10E6D00002D0002100E000BF054B1868836A002BC0
:10E6E00000D09847200006F080F8C04600000000E7
:10E6F000186503000E4B70B500251E000D4CE41A82
:10E70000A410A54204D0AB00F35898470135F8E7B0
:10E7100006F0C8FB084B00251E00084CE41AA410A4
:10E72000A54204D0AB00F35898470135F8E770BD17
:10E730005022002050220020502200207022002071
:10E7400010B5034B0100186806F0B8FA10BDC046BA
:10E75000CC200020002370B5064C050008001100F5
:10E76000236000F067FB431C03D12368002B00D01B
:10E770002B6070BD042B00200CB430B5164B9DB03F
:10E780000C1E1D6804DA8B2301202B6040421DE023
:10E79000822302A99B008B810023029008619C4286
:10E7A00000D0631E8B604B6101235B42CB81209ABA
:10E7B00021AB2800019300F015F9431C01DA8B23EB
:10E7C0002B60002C02D00023029A13701DB030BCC5
:10E7D00008BC02B01847C046CC200020F0B51F008E
:10E7E0000E0087B00590039102920C98347806F0E1
:10E7F000C9FA082300194078751C184001D02E0072
:10E80000F3E72D2C04D1073BB51C7478019304E089
:10E8100001902B2C01D17478B51C002F02D0102F41
:10E820000AD162E0302C5ED120222B789343582B02
:10E8300054D110276C780235019E3900731E9E4119
:10E840002C4BF6183000F8F7EBF830000491390043
:10E85000F8F760F800230200180021003039092978
:10E8600001D80C000AE021004139192901D8373CB0
:10E8700004E021006139192914D8573CA74211DD61
:10E88000591C0CD0824208D302D1049BA34203DB63
:10E8900078430123201802E0100001235B422C780A
:10E8A0000135DAE75A1C0BD10198124B471EB841CB
:10E8B000C0182223059A1360029B002B0AD117E08F
:10E8C000019A002A00D04042029A002A10D0039AEE
:10E8D000002B00D06A1E029B1A6009E03024002F32
:10E8E000AAD10827A8E70A27A6E7302C9CD0A3E7DF
:10E8F00007B0F0BDFFFFFF7F37B51300064A0500E4
:10E900001068046A002C00D1044C0A00009429000D
:10E91000FFF764FF3EBDC046CC200020D020002081
:10E92000F0B58E6885B007000C00039201939E42FB
:10E9300043D890238A89DB001A423ED00325096917
:10E94000236801985B1A029363695D43EB0F5D19BD
:10E95000029B6D1001331B18AB4200D91D005305FB
:10E9600010D52900380001F0DDFF061E14D0029AF0
:10E97000216906F07DF9A289194B134080221343C7
:10E98000A38112E02A00380001F0D6FF061E0CD148
:10E990002169380001F0CBFF0C23402201203B60AD
:10E9A000A38940421343A38117E0029B2661F61816
:10E9B00026606561019EED1AA560019BB34200D2FD
:10E9C0001E0032000399206806F05BF90020A3685E
:10E9D0009B1BA36023689E19266005B0F0BDC0464E
:10E9E0007FFBFFFFF0B59FB0029005938B890F006E
:10E9F00016001B0610D50B69002B0DD1402101F02C
:10EA000091FF38603861002804D10C23029A013844
:10EA10001360D8E040237B61002306AD6B61203397
:10EA20006B761033AB7634002378002B03D1A31B15
:10EA3000049312D003E0252BF9D00134F4E7A31B93
:10EA4000320039000298FFF76BFF431C00D1B4E09D
:10EA50006A69049B944663446B612378002B00D160
:10EA6000ABE00122002352426A6002A954325218DC
:10EA700001342B60EB60AB601370AB65534E2178B3
:10EA80000522300006F0DAF8002807D00123801BA9
:10EA900083402A68013413432B60EFE72B68DA06C2
:10EAA00004D55322202102A8121811701A0704D588
:10EAB00053222B2102A81218117022782A2A03D07F
:10EAC000099B00200A210EE0059A111D126805918C
:10EAD000002A01DB099204E05242EA600222134359
:10EAE0002B6001340BE02278303A092A04D84B43DA
:10EAF00001349B180120F6E7002800D00993237801
:10EB00002E2B1ED163782A2B0AD1059B02341A1DA5
:10EB10001B680592002B01DA01235B42079310E08A
:10EB200000230A201A0001346B602178303909294A
:10EB300004D84243013452180123F6E7002B00D0D9
:10EB40000792234E21780322300006F077F8002840
:10EB500006D04023801B83402A68013413432B6076
:10EB6000217806221B48661C297606F067F80028E3
:10EB700012D0194B002B06D10722059B0733934374
:10EB80000833059314E005AB00933A00134B2900BA
:10EB9000029800E000BF07E005AB00933A000F4B7E
:10EBA0002900029800F01CF80390039B013304D065
:10EBB0006B69039A9B186B6135E7BB890B985B0601
:10EBC00001D5012040421FB0F0BDC046076E0300D2
:10EBD0000D6E0300116E03000000000021E9020029
:10EBE000F0B58BB006920A00433207930590049269
:10EBF0000A7E0C00109B6E2A00D1ABE011D8632A6C
:10EC000022D009D8002A00D1B5E0582A00D0C5E0AA
:10EC100045310A70814A4FE0642A1DD0692A1BD011
:10EC2000BCE0732A00D1AAE009D86F2A29D0702A43
:10EC300000D0B3E0202209680A43226037E0752A39
:10EC40001FD0782A33D0A9E00E001A684236111D71
:10EC5000196013683370A4E021681A68080606D4A6
:10EC6000490604D5111D19600023D55E02E0111D6F
:10EC700019601568002D3BDA2D23049A6D4213703C
:10EC800036E021681A68080606D4490604D51568D6
:10EC9000111D1960ADB202E0111D196015685F4BBE
:10ECA000227E039308276F2A1DD00A271BE022002B
:10ECB0007821453211705A4A19680392081D22685A
:10ECC00018600D68100602D4500600D5ADB2D30707
:10ECD00002D520231A4322601027002D03D12023C0
:10ECE00022689A4322602300002243331A7002E014
:10ECF0000A274A4B03936368A360002B09DB0422B5
:10ED0000216891432160002D05D1049E002B11D074
:10ED10007BE0002D79D0049E28003900F7F780FEB3
:10ED2000039B013E5B5C280033703900F7F7F2FD6E
:10ED3000051EF1D1082F09D12368DB0706D56368CA
:10ED40002269934202DC3023013E3370049B9B1BFB
:10ED500023612BE009681A68080607D4490605D51F
:10ED6000111D19601368A28A1A8004E0111D196030
:10ED7000136862691A600023049E236116E01A6812
:10ED8000111D1960166800216268300005F056FFF9
:10ED9000002801D0801B6060636803E026004236D3
:10EDA0003270012323610023049A1370079B09AA80
:10EDB00000932100069B059805F0F9FF431C02D142
:10EDC0000120404227E02369320006990598079DFB
:10EDD000A847431CF4D0236800259B070FD4099B48
:10EDE000E068984217DA180015E022000123193272
:10EDF00006990598079EB047431CE1D00135E368AA
:10EE0000099A9B1A9D42F0DBE9E72600039B4236F4
:10EE10001B7833708EE70BB0F0BDC046186E030050
:10EE20001C65030058220120014B40421A607047C4
:10EE3000042B002058220120014B40421A607047E9
:10EE4000042B002070470220704710B5406802F084
:10EE50000AF810BD704713B50400406801F0F5FFD3
:10EE6000002811D061686846ECF70AFF694601A8DE
:10EE700001F0B1FF01A8ECF713FF606001A801F0F9
:10EE8000A2FE684601F09FFE13BD10B5E9F790F9A8
:10EE900010BD0300203B13B5040000205E2B0AD8F0
:10EEA0006846ECF701FD05214C432000009BA0388B
:10EEB0001818E9F7E1FC16BD10B543689B88594363
:10EEC000E9F788F910BD13B50400FFF7C4FF6168C6
:10EED00001A8ECF7D5FE01A801F099FE01A801F008
:10EEE00072FE13BDF7B5070015001E000C00FFF7FA
:10EEF000B2FF796801A8ECF7C3FEF3B22AB221B2DF
:10EF000001A8ECF7D5FE01A801F05DFEF7BD37B50D
:10EF100015000C00416801A8ECF7B2FE2AB221B23C
:10EF200001A8ECF7DBFE040001A801F04CFEE04371
:10EF3000C01720403EBD4368588870474368988892
:10EF4000704710B55C1EA3415B42DBB2FFF7CAFFFE
:10EF500010BD10B5FFF7DBFFC317181AC00F10BDA7
:10EF600010B543689B885943E9F748F910BD10B5BF
:10EF70000A0010230321EBF7E7FD10BD70B5040074
:10EF80000D00EAF7ADFC002807D0EEF799FE10233C
:10EF90002A0003212000EBF7D7FD70BD70B50400F7
:10EFA0000D00EAF79DFC002807D0EEF789FE10233C
:10EFB0002A0002212000EBF7C7FD70BD10B5EAF76B
:10EFC0008FFC031E04D0EEF77BFE431E9841C3B2B4
:10EFD000180010BD70477047704780880A3080085D
:10EFE00070477047063070478088704782880300FA
:10EFF00000208A4201D30633581870470320704717
:10F0000040680B3080087047808870470123820772
:10F0100002D143425841C3B21800704710B5E9F716
:10F0200009FC10BD07B5002201AB1A800121187040
:10F030001800E9F7FFFB0EBD030030B500208B423E
:10F0400014D08D1D9A888988981D914200D911008D
:10F050000022835CAC5CA34204D0A3429B4101200C
:10F06000184303E001328A42F3D9002030BD808882
:10F070007047F0B585B000282AD0002928D0D343A6
:10F08000DB171A408388871D00259A4200D2BD18DD
:10F09000EA1B9B1A01938E88002D19D0B34217D317
:10F0A0002C008B1D03938B7902932378029A934251
:10F0B00008D132000399200005F0CBFD002801D1D2
:10F0C000E01B07E0019B01341B1BEB18B342ECD2A1
:10F0D0000120404205B0F0BD10B5FFF7CAFF013076
:10F0E000431E984110BD01235840704710B5FAF7F0
:10F0F000E9FBE9F7EFFC10BD430010B55A10904250
:10F1000002D10120184303E0FAF762FBE9F7E2FCC1
:10F1100010BD030010B50E20002906DB9A8891422D
:10F1200003DA59188879FFF7E7FF10BD10B50E23F1
:10F13000002802D0FFF7EDFF0300180010BD4223A6
:10F14000002800D1383B180070470023062806D05D
:10F150000333422803D0023B0A2800D003001800E2
:10F16000704710B5E9F76AFEE9F7B4FC10BD4843F3
:10F17000704710B5F7F758FC10BD10B50C20EBF731
:10F1800037FA041E01D0EAF7C3FE200010BD008943
:10F19000704710B5043000F0F8FF10BD10B50A003C
:10F1A00004308188EAF79AFE10BD10B5043000F0F3
:10F1B000F7FF10BD02890023914202D24368890003
:10F1C000CB581800704710B50430EAF787FE10BD21
:10F1D00010B5043000F0F2FF10BD10B5043001F09E
:10F1E0000BF810BD704700207047406870474160C1
:10F1F000704710B50820EBF7FBF9041E01D0EAF7C1
:10F2000091FE200010BD10B5EBF7B8FB10BD431EFA
:10F210009841704710B51420EBF7EAF9041E01D0AD
:10F22000EAF788FE200010BD10B5040001F005F8D3
:10F230000023984205DB228A904202D2E3688000D4
:10F24000C358180010BDF8B504000F0016002500C3
:10F2500000F0F3FF0C35011E05DA2189201D3A006C
:10F26000EAF73CFE218A32002800EAF737FEF8BDB3
:10F27000704710B5E9F718FF10BD70B50D00E9F73C
:10F2800013FF04002800E9F70FFF1F2318408440F4
:10F290002000FFF731FF70BD70B50D00E9F704FFE6
:10F2A00004002800E9F700FF1F2318400441200054
:10F2B000FFF722FF70BD70B50D00E9F7F5FE040001
:10F2C0002800E9F7F1FE6040FFF716FF70BD70B54A
:10F2D0000D00E9F7E9FE04002800E9F7E5FE204308
:10F2E000FFF70AFF70BD10B5E9F7DEFEC043FFF778
:10F2F00003FF10BD70B50D00E9F7D6FE040028002D
:10F30000E9F7D2FE2040FFF7F7FE70BD70B50D00A3
:10F31000E9F7CAFE04002800E9F7C6FE1F231840DB
:10F32000C4402000E9F790FC70BDD0B50C0001008E
:10F3300021430023890720D1032A05D12100FFF7AB
:10F340007BFE4342434117E0022A12D1E9F788FECF
:10F35000060020000F00E9F783FE02000B003000DA
:10F3600039000124F7F75CFC002800D1041CE3B24B
:10F3700003E0031B58424341DBB21800D0BD70B517
:10F380000E00E9F76DFE040030000D00E9F768FE9D
:10F3900002000B0020002900F8F7A6FCE9F79AFB11
:10F3A00070BD70B50E00E9F75BFE040030000D0083
:10F3B000E9F756FE02000B0020002900F9F75EFE77
:10F3C000E9F788FB70BD0B000340D0B50C00DB07EC
:10F3D00003D5C3130133012B0FD9E9F741FE060012
:10F3E00020000F00E9F73CFE02000B00300039005E
:10F3F000F9F7CAFBE9F76EFB08E0E3130133012BD1
:10F40000EBD8401064106043FFF776FED0BDD0B556
:10F4100003000C0003290FD0E9F722FE06002000AC
:10F420000F00E9F71DFE0B00020039003000F8F76D
:10F4300087FFE9F74FFB03001800D0BDF8B50123A3
:10F440000C00184201D019420FD1E9F709FE06005D
:10F4500020000F00E9F704FE02000B003000390025
:10F46000FBF7DEFCE9F736FB0EE04B10EDD0E9F7D9
:10F470001BFE05002000E9F717FE01002800F7F742
:10F48000B9FB0800FFF738FEF8BD0123F7B50C0003
:10F49000184201D0194236D1E9F7E2FD06002000FA
:10F4A0000F00E9F7DDFD04000D0002000B00300045
:10F4B0003900F7F7CFFB002805D122002B003400DC
:10F4C0003D0016001F0032003B0020002900F7F726
:10F4D000A7FB002802D02000290011E0E9F7AEFCCC
:10F4E0002200009001912B0030003900F9F7C6FD91
:10F4F000009A019BF9F748FB22002B00F8F7F4FB78
:10F50000E9F7E8FA10E040106410844206DB2300BB
:10F51000040018009C4201D1200003E0001BE9F721
:10F52000DBF92018FFF7E8FDFEBD10B5E9F798FDFF
:10F53000FBF7E2FCE9F7CEFA10BD10B5E9F790FD54
:10F54000FBF762FDE9F7C6FA10BD10B5E9F788FDD3
:10F55000FAF7E6FDE9F7BEFA10BD10B5E9F780FD50
:10F56000FAF7FEFCE9F7B6FA10BD10B5E9F778FD39
:10F57000FBF79EF9E9F7AEFA10BD70B504000D0077
:10F580000E2801D1002016E00E29FBD0012318001F
:10F590008C4210D00B401C42F4D12000E9F738FD1A
:10F5A00006002800E9F734FD8642EBD1320029003D
:10F5B0002000FFF7BAFE70BD10B5FFF7DEFF422353
:10F5C000002800D1383B180010BD10B5FFF7D5FF5B
:10F5D0004223002800D0383B180010BDF7B50400C6
:10F5E0000D000E2801D1002051E00E29FBD0FFF7BD
:10F5F000ACFD06002800FFF7A8FD01230190019A49
:10F600001800964243D02B401C42ECD12000E9F771
:10F61000FFFC009007002800E9F7FAFC0300032F25
:10F6200001D1022803D0032815D1022F29D12000AF
:10F63000E9F716FD060028000F00E9F711FD0200AA
:10F640000B00300039000124F7F7EAFA002800D156
:10F65000041CE0B21BE0012F09D0012801D0019564
:10F6600000E00223009A26009342BCD103E0012867
:10F6700009D102230093009A01993000FFF755FE4B
:10F6800005E0012FEBD1022234000092E7E7FEBD36
:10F6900010B5FFF7A3FF10BD10B5FFF79FFF422382
:10F6A000002800D1383B180010BD10B5FFF796FFB9
:10F6B0004223002800D0383B180010BDF8B50F00D9
:10F6C000002446680589AC420AD2A3003900F058EC
:10F6D000FFF784FF002801D0200003E00134F2E7A7
:10F6E00001204042F8BD10B500220400FFF7E6FFFC
:10F6F00001000020814203DB201D00F05FFD01209E
:10F7000010BD10B50123422805D000230A2802D0DD
:10F71000E9F7A4FD0300180010BDF8B504000E00C1
:10F720000E2801D1022042E00E29FBD0E9F770FC3F
:10F7300005003000E9F76CFC032D06D1032804D145
:10F7400031002000FFF778FC32E00020B4422FD0D7
:10F750002000E9F785FC040030000D00E9F780FC8B
:10F76000220006000F002B0020002900F9F7DAFF25
:10F770000028D7D132003B0030003900F9F7D2FF22
:10F780000028CFD132003B0020002900F7F74EFAC5
:10F7900000280BD13B00320020002900F7F75AFA6D
:10F7A000431E984101234042184001E0012040429D
:10F7B000F8BD10B501230C001C40044004D0884261
:10F7C00000DB0023D8B206E0FFF7A7FF0300C00F5D
:10F7D000023300D1200010BD0B00034010B5DB0741
:10F7E00009D4FFF79AFF831C01D10A2006E0002804
:10F7F000FBDC422002E08842FBDDF6E710BD0B0097
:10F80000034010B5DB0709D4FFF787FF831C01D144
:10F810000A2006E00028FBDA422002E08842FBDBF7
:10F82000F6E710BD0B00034010B5DB0705D4FFF76A
:10F8300074FF002803DA0A2002E08842FBDB422042
:10F8400010BD0B00034010B5DB0705D4FFF765FFC3
:10F85000002803DC0A2002E08842FBDD422010BDC4
:10F86000E42010B58000EBF789F810BD10B5EBF778
:10F87000E3F80400102000F0B7FD23690360206165
:10F8800010BD10B5EBF7D8F84369122B03D0E9F798
:10F8900027FEE9F7FDFD10BD70B50E00E9F7E0FBAE
:10F8A000040030000D00E9F7DBFB02000B00200034
:10F8B0002900FBF74BF9E9F70DF970BD10B5E9F731
:10F8C000CFFBFAF74DFFE9F705F910BD10B5E9F7E1
:10F8D000C7FBFAF7FDFEE9F7FDF810BD10B5E9F733
:10F8E000BFFBFAF7D3FBE9F7F5F810BD10B5E9F760
:10F8F000B7FBFAF797F9E9F7EDF810BD10B5E9F79E
:10F90000AFFBFBF7C1F8E9F7E5F810BD10B5E9F773
:10F91000A7FBFAF7FBFFE9F7DDF810BD10B5E9F733
:10F920009FFBFBF771FCE9F7D5F810BD10B5029C01
:10F9300094421FDB002B09D00B0080185C1A944204
:10F940001BDA1C78013804700133F7E7042A06D16A
:10F95000032303400BD10A68026018000EE0022A5C
:10F9600005D10123034002D10A88028005E005F099
:10F970007FF902E00120404200E0002010BD10B5F8
:10F98000040008000299914205DA002105F08EF981
:10F990000120404220E0002B09D00300A418191ACE
:10F9A000914218DA013C217819700133F7E7042AF3
:10F9B00005D1032323400BD12268026006E0022A0E
:10F9C00006D10123234003D122880280180003E0DE
:10F9D000210005F04DF9002010BD08307047031ECE
:10F9E00007D00023994204DB4268914201DA4118B2
:10F9F0000B7A18007047002806D0002904DB436802
:10FA0000994201DA41180A72704710B5FFF7E7FF13
:10FA100010BD0123820705D1002803D0000F434207
:10FA20005841C3B21800704710B5FFF7E4FF10BD8E
:10FA300070B50C001600002B1CDB00291ADB416896
:10FA40008C4217DC5268091BD21A8A4200DD0A0078
:10FA5000002A0FDB35000835864204D1E918281941
:10FA600005F00FF904E008300019E91805F000F975
:10FA7000002001E00120404270BD4068704710B591
:10FA8000002A0EDB4468A2420BDC002B00DA2300C4
:10FA9000A41A9C4200DD1C0008308018220005F0EA
:10FAA00005F910BD436810B51C008B4200DD0C0049
:10FAB000002A00DA1A00191B914200DD11000830FB
:10FAC0000019E8F7D9FE10BD70B50D00002B01DA62
:10FAD00043689B1A002A2EDB44689918A1422ADC4D
:10FAE0008A4228DC002B26D0690024D059428D425E
:10FAF00001DDAB4206DC0022012311005B42FFF76F
:10FB0000BEFF18E008308618002D09DA6C425A1939
:10FB10003100301905F0B5F822000021300008E06E
:10FB20005C1B71192200300005F0ABF82A0000219F
:10FB3000301905F0BBF870BD030010B508305968E6
:10FB4000FFF76CFA10BD70B50400160008001D1E0A
:10FB500001DA63689D1A002E2BDB6268AB199342B1
:10FB600027DC9E4225DC002D23D0430021D0002835
:10FB700001DA2B02C0182900F7F73CF8002900DA57
:10FB8000491922000832921951180B0055199A424E
:10FB90000FD014781E780132501E0670581C1C704D
:10FBA000854202D108000300F1E79142FBD1010038
:10FBB000F9E770BD012307B55B4200930023FFF70F
:10FBC00037FF07BD0300002010B50C0081420DDD9A
:10FBD000180059680830E9F793FC1F2C06DC030075
:10FBE000E34058400123A340013B184010BD10B52D
:10FBF00001000020E8F740FE10BD10B581880630F6
:10FC0000E8F73AFE10BD30B50400501E85B00D0077
:10FC10000F2869D8F6F774FE080C14141C25252E3D
:10FC20002E37203B404F475C1800FFF722FB03E0D4
:10FC30001800FFF71EFBC0B2002D55DD207053E009
:10FC40001800FFF716FB02A908800023009518E0B2
:10FC50001800FFF70EFB02E01800E9F725FA029002
:10FC60001EE01800FFF705FB012302A908701A0027
:10FC7000009536E01800FFF7FCFA012302A908807E
:10FC8000009502222DE01800FFF7F3FA02E01800B9
:10FC9000E9F70AFA02900AE01800E9F763FA02901D
:10FCA0000095002305E01800E9F75CFA02900123B3
:10FCB0000095042214E01800E9F7D2F902900391AC
:10FCC000072D11DD082202A9200004F0D1FF0BE06E
:10FCD0001800E9F7C5F90123082202900391009565
:10FCE00002A92000FFF722FE05B030BD10B50C00C0
:10FCF000002A06DB41680830891A80182200FFF7C5
:10FD000082FF10BD30B5013A050085B000200F2AF2
:10FD100068D8100002AC0091F6F7F2FD080B151739
:10FD2000191D2629323A1B424C584E5A00230122F3
:10FD300013E00023012221002800FFF720FE207895
:10FD4000FFF7DAF94EE0002312E0002319E0002368
:10FD50001FE0002325E001231A0021002800FFF7FF
:10FD60000EFE00202056EBE701231A00E3E70123F3
:10FD7000022221002800FFF702FE0023E05EDFE7F9
:10FD80000123022221002800FFF7F9FD2088D7E790
:10FD90000123042221002800FFF7F1FD0298CFE79C
:10FDA0000123042221002800FFF7E9FD0298E8F76B
:10FDB0004BFF17E0002300E001230422210028006C
:10FDC000FFF7DDFD0298FFF791F90BE0002300E05B
:10FDD0000123210008222800FFF7D1FD0298039992
:10FDE000E8F778FE05B030BD10B5002A03DA002030
:10FDF000FFF782F907E0436808309B1A80180A0071
:10FE00001900FFF77FFF10BD10B5E9F7B3FD10BD76
:10FE100010B5E9F7D7FD10BD70470200FA2010B504
:10FE2000102301218000EAF78FFE10BD0200FA20A6
:10FE300010B5102302218000EAF786FE10BD10B530
:10FE4000E9F74EFD10BD10B5E9F74AFD002801D0D5
:10FE5000EDF7BAFE10BD10B50C00E9F741FD002822
:10FE600002D02100EDF77CFE10BD10B5E9F738FD9A
:10FE7000002801D0EDF704FF10BD10B50C00E9F724
:10FE80002FFD002802D02100EDF7D4FE10BD10B5E3
:10FE90000C00E9F725FD002802D02100EDF788FFCE
:10FEA00010BD70B504000D001600E9F719FD00281B
:10FEB00008D00321EDF7DEFF1023320029002000D7
:10FEC000EAF742FE70BDF0B585B00C001500E9F709
:10FED00007FD061E01D1002030E0EBF72DFE00905B
:10FEE0000191043C67426741EC173000EDF76CFE6E
:10FEF000B8420BD0EBF720FE009A019B801A994183
:10FF0000A142E8D8F1D18542EFD2E4E7EBF714FE45
:10FF100003903000EDF758FEB8420BD1EBF70CFE22
:10FF2000009A019B801A9941A142D4D8F1D185420F
:10FF3000EFD2D0E7EBF700FE039BC01A05B0F0BD8F
:10FF4000704710B50C00E9F7CBFC002802D0210067
:10FF5000EDF7DAFE10BD10B50124002903D00234FC
:10FF6000012900D00024E9F7BBFC002802D02100C1
:10FF7000EDF72AFF10BD10B50C00E9F7B1FC210028
:10FF8000EDF778FF10BD10B501000020E8F774FC14
:10FF900010BD704710B50400E9F76CFD036821003F
:10FFA0001B68984710BD10B50400E9F763FD2100F8
:10FFB000F5F71AFB10BD70B50D000400E9F75AFD06
:10FFC0002A002100F5F704FB70BD37B504000E25AB
:10FFD000E9F786FC4557282004F017FE0323290083
:10FFE0000093A2B2023BECF7B3FA37BD10B5E9F7C4
:10FFF00099FC10BD10B5EAF7D7FCEAF703F800202A
:020000040003F7
:1000000010BD704710B50120EAF7DAF910BD70474E
:10001000002070477047704770477047704710B5B1
:100020000368002B01D00800984710BD10B5036885
:10003000002B01D00800984710BD10B5E9F710F863
:10004000FAF73AFBE8F746FD10BD10B5E9F708F8F6
:10005000FAF764FEE8F73EFD10BD10B5E9F700F8C9
:10006000FAF7AAFBE8F736FD10BD10B5E8F7F8FF80
:10007000FBF756F8E8F72EFD10BD10B5E8F7F0FFD6
:10008000FAF7E0FDE8F726FD10BD10B5E8F7E8FF48
:10009000FAF760FDE8F71EFD10BD10B5E8F7E0FFC8
:1000A000F9F71AFDE8F716FD10BD10B5E8F7D8FF0F
:1000B000FAF78EFCE8F70EFD10BD031E0BD00322ED
:1000C00002400020002A06D1186801239843C37813
:1000D000F92B00D010007047002343810381436057
:1000E0007047002343810381436043820382C360DE
:1000F00070477047704770477047704770470123DB
:1001000010B502689A431369984710BD10B5FFF700
:10011000F6FF10BD704783880200181E08D0013B0F
:100120009BB2938012689B00D318002218681A6053
:100130007047F8B5C688050030000F00E9F71EFECD
:10014000041C80B2B84200D23C1CA4B2A64214D215
:10015000A000EAF7E5FAEA880600002A03D0920038
:10016000296804F085FDE8880021221A80009200A9
:10017000301804F09BFD2E60EC80F8BDC38810B5EC
:100180008B4201D8FFF7D5FF10BDC38870B50400BE
:100190000D008B4202D289B2FFF7F0FFA58070BD3F
:1001A00083880200181E08D0013B9BB2938012681E
:1001B0009B00D318002218681A607047F8B583882E
:1001C000040000208B4216D927688E00B8194A1CFB
:1001D0000568934206D9013B5A1A311D92007918DD
:1001E00004F04FFD00212800A3882268013B9BB248
:1001F000A3809B009950F8BDF8B50D0081880400DC
:100200001600A94214D9013189B2FFF7B7FFA288BD
:10021000681C23688000071F521BD9191818920008
:1002200004F02FFD2368DE51A3880133A38002E090
:100230002900E9F753FEF8BD7047F7B5068947680E
:100240000020B04205D28300FB588B421AD0013007
:10025000F7E700248B1D8D880193B4420CD2A300D4
:10026000F9588B889D420AD106312A00019804F082
:10027000F0FC002803D104E00120404202E00134F8
:10028000EBE72000FEBD704710B5EAF777FB10BD25
:1002900010B5FFF712FF002804D00089063843424A
:1002A0005841C0B210BD10B5EBF738FC10BD10B509
:1002B000EBF742FC8000800810BD10B5EAF79CFB0C
:1002C00010BD10B500F01DF910BD10B500F05CFABE
:1002D00010BD704710B5C11700F00FF910BD1FB564
:1002E000D3B28AB281B2684600F04AFC05B000BDC4
:1002F00010B5002B00D11033EAF726FC10BD10B565
:10030000EAF776FE01214942FEF788FE10BD10B5DE
:1003100000F036FA10BD704710B5081E03D089886A
:10032000063000F0FBF810BD70477047802010B514
:100330004000EBF70DFBF8234360002304008361CA
:10034000E9F7F0FE2000E9F70FFF10BD0123820757
:1003500005D1002803D0000F43425841C3B2180012
:10036000704710B50A008188E9F7A4FD10BD01228D
:100370000368934318888010704770B504680500BF
:10038000002C06D02000E9F757FFA9882000E9F7E4
:1003900091FF70BD70B50400EBF7DAFA083C050078
:1003A0004460A30703D0D2208000EAF7E7FA2800D0
:1003B000E9F7B8FE2800E9F7D7FE70BD10B50028B0
:1003C00011D0C468002C09D023684360636883603F
:1003D000A368C3602000EAF7F7F804E0EAF7F4F84E
:1003E0002000EAF731FB10BD10B5031E08D0EAF774
:1003F00097F98023021F11689B050B4313600300CC
:10040000180010BD10B50400FFF7A0FF002802D1AE
:100410002000E9F7E5FE10BD10B50430FFF7ADFF91
:1004200010BD10B581880C30E9F744FF10BD10B540
:100430004068E9F71BFF10BD10B504000430FFF75A
:100440009CFF20000C30FFF798FF10BD012210B573
:1004500008C89343198804398908E9F72BFF10BDB0
:1004600003207047808880000F308008704702208A
:1004700070470520704710B5EAF7AEFA10BD10B509
:10048000EBF772F910BD70477047704770477047BF
:10049000704710B5040004F0B4FB200010BD10B587
:1004A000040004F0AEFB200010BD10B5040004F001
:1004B000A8FB200010BD10B5040004F0A2FB200032
:1004C00010BD10B5FFF79EFFEBF76CF910BD10B52E
:1004D00004002000EAF70CFA1420EBF745F9F8E7DE
:1004E00010B50400EAF72CFA200004F08AFB200083
:1004F00010BD10B5EBF756F910BD10B504F05BFA5E
:1005000010BD10B589B280B200F083F910BD10B5EE
:100510000420EAF7A1FDEAF73DFA10BD10B5EAF7AD
:100520001BFA10BDF8B50D00002116001F000400D5
:10053000EDF716FB9620400004F03DFA72B63B0042
:1005400032002900200000F050F862B6F8BD70B506
:100550000D00002116000400EDF702FB962040007C
:1005600004F029FA72B632002900200000F024F8C5
:1005700062B670BD10B5041E0AD04368002B07D0C8
:100580000800E9F7ADF9210062680831FFF7DFFFE5
:1005900010BD70B50400150000280BD04368002B77
:1005A00008D00800E9F79CF921002B0008316268A7
:1005B000FFF7B8FF70BD7047F0B50C461546806870
:1005C00041680269C36808E01960064200D1116001
:1005D000760807D10134013D05D38026C04611605D
:1005E0002078F1E7FBE71160F0BDF0B50C46154649
:1005F0001F46806841680269C36808E019600642C6
:1006000000D1116076080AD10134013D08D380265B
:1006100020787843000A1160C046C046EEE7FAE74A
:100620001160F0BD10B518C96210E10701D58158FD
:10063000CB588018984710BD70B5DD24A400050084
:100640000059002804D002F06DFF836D9B0702D48F
:1006500000F09AF870BD2859F1F7F6FF03681321EE
:100660005B6A9847642004F0B1F9F1E782B030B5D5
:1006700085B008920500082202A8099304F0F8FA50
:10068000039B029C5810DB0701D52B581C592D18D1
:100690000AA90822684604F0EBFA089A099B280088
:1006A000A04705B030BC08BC02B0184782B01FB5E7
:1006B0000400100C0338069207930A282DD8F6F789
:1006C0001FF9062C20192C272C2C2C2C2000200064
:1006D0006930FF30002100F0CFFC20009130FF3066
:1006E000002100F0C9FC2000B930FF30012101F0E9
:1006F000F0FC12E0E6235B00E15801A800F054FD95
:100700000BE0E4235B00E15801A800F06DFC04E07D
:100710002000E130FF30EEF717FA1FBC08BC02B032
:10072000184773B5060000F02BF8050000F028F814
:100730000400A9B2684600F0A5F9210C01A800F058
:10074000A1F901AA6946300000F0ECF901A800F017
:100750007DF9684600F07AF9300076BD3ADF7047DF
:1007600012DF704713B56B46DC1D00232000237099
:10077000FFF7F6FF2078013843425841C0B216BD5A
:1007800080235B05586E704710B5EAF725FC10B55D
:100790008368984710BD704710B5040004F031FA23
:1007A000200010BD72B601650B68002B02D14365B5
:1007B000086006E05A6D002A01D01300FAE7586578
:1007C000426562B67047036D002B12D072B6026D9F
:1007D0001368984202D1436D136006E05A6D90424F
:1007E00001D01300FAE7426D5A65002343650365A3
:1007F00062B6704770B504000E001500EAF73AFEC5
:10080000002805D00123320029002000EAF7C0FEAD
:1008100070BD10B5EAF78AFE041E01D1EAF73AFF6F
:10082000200010BD10B50C008047A047EAF7BAFFC2
:1008300010BD10B5EAF71EFE002801D0EAF7B2FF9E
:1008400010BD70B51400030010000D009847200083
:10085000A8472000FFF7EDFF70BD10B5EAF704FFD1
:10086000EAF718FFFAE700234360037070470300BC
:10087000F0B58208980702D1181E01D137E0013285
:10088000541C72B6802621C93606A84217D20368C6
:10089000002B11DA5B005B08990041180F68002FEC
:1008A00008DAA94206D231007F007F08DB1919431C
:1008B0000160F1E7A34205D29B00C018E5E762B6EC
:1008C000002014E00232934203D99200821895422C
:1008D00004D803685B005B08036006E080211B1BF3
:1008E0000906043A0B431360046062B60430F0BD9D
:1008F00070B5040008000E00EBF72AF80500002C84
:100900000ED000280CD0231F1A689200B24200DDDE
:1009100032002100280004F0ABF92000EBF74EF87C
:10092000280070BD10B50800EBF712F810BD10B527
:100930000800EBF743F810BD10B508001100FFF7F1
:10094000D7FF10BDF7B504001D0008AB1B881030A1
:1009500016000F00019300F008F920002430FFF783
:1009600082FF6A460023928827806680A560200067
:10097000E360A280E3622362FEBDF7B504001D00C0
:1009800008AB160004CB10301B880F0000920193B7
:1009900000F0EBF820002430FFF765FF009B019A80
:1009A000E36001231343A380002327806680A560B2
:1009B0002000E3622362FEBD10B5838804009B071C
:1009C00002D5806804F01DF9200010BD82B030B55A
:1009D000046A87B00B9305000A920123002C14D1FE
:1009E00010220AA902A804F043F9182004F00DF916
:1009F0000400082204A9684604F03AF9029A039B0D
:100A0000200000F0CDF82C621BE02269002A02D001
:100A100001331400F9E7092B13DC10220AA902A8FC
:100A200004F026F9182004F0F0F80500082204A9C3
:100A3000684604F01DF9029A039B280000F0B0F804
:100A4000256107B030BC08BC02B0184710B50400DF
:100A5000006800F008FA200010BD70B5060008001C
:100A60000D0004F063F904000530EAF771FF30600F
:100A700000F0E8F9306829004480621C043004F07A
:100A8000F7F870BD1FB50400080001A9EAF770FA75
:100A9000200001A9FFF7E1FF200004B010BDF8B568
:100AA0000B68170002241C5F1368050002229B5E7E
:100AB0000E00E418601DEAF74BFF286000F0C2F951
:100AC0002868316844800223CA5E0430043104F08F
:100AD000CFF82B683968181D336802229B5EC01856
:100AE0000223CA5E043104F0C3F82B6828001C19E5
:100AF00000232371F8BD10B504000868206000F0E1
:100B0000A8F9200010BD70B50B68040000680D0046
:100B1000984205D000F0A7F92868206000F099F904
:100B2000200070BD70B5136804005D880868002D52
:100B300001D1206004E04088002804D1180023601F
:100B400000F087F902E02000FFF7A9FF200070BD48
:100B50000023994207DB02680223D05E002388420B
:100B600001DD51180B7918007047002310B5038080
:100B700043800400EAF7E0FFA060E160200010BDC0
:100B800070B50180428004001D00EAF7D5FFA06027
:100B9000E160002D02D02000EBF758F8200070BD76
:100BA00082B010B5040003930292FFF7DEFF10221B
:100BB00002A9200004F05CF800232000236110BC8F
:100BC00008BC02B0184710B50400006800F04BF9EB
:100BD000200010BD10B50A00002104F067F810BD18
:100BE00010B504000868206000F033F9200010BD43
:100BF00070B50B68040000680D00984205D000F045
:100C000032F92868206000F024F9200070BD10B58A
:100C100000684188838806305943FFF7DBFF10BD29
:100C200010B504000023EBF79FF8200010BD10B5AD
:100C30000400EBF799F8200010BDF0B587B00491DF
:100C40000CA90978070005910168002003914988E3
:100C500001918A4277DA039989888B4273DA049C7E
:100C60002468A44664881519029485426BDD6446A5
:100C7000A4881E19864266DD002A03DA0095280042
:100C8000019D03E00198029D801A0090A84200DDBA
:100C90000095002B03DA8E4205DD0E0003E0CE1A2C
:100CA000A64200DD260060460024D11755420630DA
:100CB0002940A34202DA029C64425C43641804198E
:100CC0000398111C0630002A00DA0021002509B221
:100CD000AB4201DD019D5D43059B69184518002B62
:100CE00027D000221000B2422DDA002300998B4257
:100CF00006DAE15C002901D0E95401300133F5E75F
:100D0000049B01321B6801935B88E4183B685B8895
:100D1000ED18E8E721002800009A03F0A9FF049BE2
:100D20001B6802935B88E4183B685B88ED18019BA5
:100D300001330193019BB342ECDBF043009BC017EE
:100D400030404343180007B0F0BDF0B587B000AFA6
:100D500009687B613B6BB8603961D418786B7B693B
:100D600049881B188C4201DA002C00DC0C00386921
:100D70008688B34202DA002B00DD1E00330068468D
:100D800063430733DB08DB00C31A9D4678697B6049
:100D900041433B69891806335D186B46FB607B69EC
:100DA0009E420EDD29002200F86803F061FF3B69D6
:100DB0005B88ED18FB689B19FB607B6901337B61E5
:100DC000EDE7B86832B221B27B68EAF7CDFFBD46E5
:100DD000B86807B0F0BD10B50400096804200A5EC9
:100DE0008B1D0220095E2000EAF7BEFF200010BD27
:100DF00010B50400006800F036F8200010BDF8B50A
:100E0000D443E4171440070020000C301E000D00EE
:100E1000EAF79EFD386000F015F83B681C723868F0
:100E20004660002D04D009302200290003F020FF85
:100E3000F8BD002310B504000A001900FFF7DFFF1A
:100E4000200010BD03230380704710B5EBF79EF818
:100E500010BD10B50400EBF799F8002802D12388E3
:100E60000233238010BD10B50400EBF78FF8002883
:100E700009D12388023B9BB2012B01D0238002E0E1
:100E80002000EAF79BFD10BD036870B504000181E6
:100E90001B6A9847236805005B69200098472081FA
:100EA000280070BD00897047036870B50400817226
:100EB0001B6A984723680500DB6920009847A072E9
:100EC000280070BD807A7047704710B5040003F0A9
:100ED00098FE200010BD0C300EC8494352435B43BE
:100EE0008818C01870477FB50400FFF7F4FF25008D
:100EF000902306001B04313598422AD9638F002BBA
:100F000007D1013308220D216846FFF739FE01237E
:100F1000638790239B049E4219D9A38F002B07D18E
:100F2000013309220D216846FFF72AFE0123A3871A
:100F30008023DB049E420AD9E38F002B07D10133C3
:100F40000A220D216846FFF71BFE0123E3870023D9
:100F50002B702B78042B02D801332B7003E0002375
:100F6000E387A38763872000EBF70AF902000B28C9
:100F700013D02300A18E3033814204D11A78042A81
:100F800004D8013201E00022A0861A70A28E618E80
:100F9000914208D01B78042B05D9628601230D21CC
:100FA0006846FFF7EDFD7FBD30B50400036A8BB0E6
:100FB000009302AD416A8269C369280002F079FAA0
:100FC00023000C3307CD07C30222A37920009343EB
:100FD000A371FFF788FF0123A1881A0006A8FFF775
:100FE000CFFD00200BB030BD70B50C0005000B68C4
:100FF00008005B6A984721002B000C3115C915C306
:10100000280070BD10B5040003685B6A9847E0686B
:1010100010BD10B5040003685B6A9847206910BDD5
:1010200010B5040003685B6A9847606910BD10B58D
:10103000040003685B6A9847A3799B0702D42000E9
:10104000EBF766F9A06A10BD10B5040003685B6A8F
:101050009847A3799B0702D42000EBF759F9E06A7F
:1010600010BD408E704710B50400EBF7F5F9200075
:1010700003F0C7FD200010BD0630C1777047012383
:10108000807918407047036870B5040001811B69BE
:101090009847236805009B69200098472081280015
:1010A00070BD00897047704710B5040003F0A9FDBA
:1010B000200010BD30B50400436BC26801699A1A64
:1010C00083698BB05A43836B92125B1AC169426386
:1010D0004B439B128363C16B406902AD091A206ABE
:1010E00041438912E16300912800216C02F0E1F98B
:1010F0002300283307CD07C30123A1881A0006A8BF
:10110000FFF73EFD00200BB030BD002310B583710A
:10111000643303810368040081801B6998470222BD
:10112000A3799343013A1343A37110BD84B030B542
:10113000069303000491059204AC0C3326CC26C31D
:1011400026CC26C322681A60022283791343837156
:1011500030BC08BC04B0184702238079184070479F
:1011600080220023D2008261C26102620222C36037
:1011700003614361436283799343837170474164A0
:10118000704773B50C00050016000B680800DB699A
:101190009847E36B280001960093626BA36B216C68
:1011A00002F048F9280076BD70B50C0005000B6808
:1011B0000800DB69984721002B00283115C915C3A9
:1011C000280070BDF0B587B0010003A8FFF7ECFF61
:1011D0000398F8F7FDFA040004980D00F8F7F8FA00
:1011E000060005980F00F8F7F3FA2200009001912D
:1011F0002B0020002900F7F7C7FC320004000D0087
:101200003B0030003900F7F7BFFC02000B00200064
:101210002900F6F769FD009A019B04000D001000FB
:101220001900F7F7B1FC02000B0020002900F6F7C7
:101230005BFDF9F7E9FFF8F795FA07B0F0BD10B5D7
:1012400004000368DB699847A06A10BD10B504006C
:101250000368DB699847E06A10BD10B504000368B5
:10126000DB699847206B10BD82B030B585B008921D
:101270000500082202A8099303F0FAFC039B029CD4
:101280005810DB0701D52B581C592D180AA9082224
:10129000684603F0EDFC089A099B2800A04705B0BA
:1012A00030BC08BC02B01847F8B50A6803680E00E5
:1012B0000700981AF6F792FC72687B68051C981A6A
:1012C000F6F78CFCBB68041CB068181AF6F786FCAD
:1012D000291C061C281CF6F7C5F9211C051C201C1E
:1012E000F6F7C0F9011C281CF5F77CFE311C041C24
:1012F000301CF6F7B7F9011C201CF5F773FEF8BD9A
:10130000F0B585B0019002910392FFF7CDFF012760
:10131000041C061C039B9F4217DA0C217943029B95
:1013200001985918FFF7C0FF051C011C201CF5F798
:10133000CBFC002800D02C1C291C301CF5F7B0FC7D
:10134000002800D02E1C0137E4E7211C301CF6F7E2
:101350009DFA05B0F0BDF0B58BB009938023DB009A
:101360000025C36003614361002304000C2707913B
:10137000089205604560856085610293119B9D42DE
:1013800018DA39006943109B07A85918FFF78CFF3A
:10139000F8F798FAF9F738FFF8F7E4F9F6F71EFCD2
:1013A000061C011C0298F5F77BFC002800D0029671
:1013B0000135E3E700260023109D05930196009672
:1013C000371C059B119A93425EDA290007A8FFF7A4
:1013D0006BFFF8F777FAF9F717FFF8F7C7FA011C70
:1013E00003900298F5F774FFFE218905F6F74EFA8F
:1013F0000490381CF6F7D0FB07000498F6F7CCFBF6
:10140000874200DA07003800F6F7E8FB2B68079AF6
:10141000071C981AF6F7E2FB0399F5F759FF40000D
:1014200004994008F6F71EF9011C0098F5F7DAFD5B
:10143000089B00900693069A6B68981AF6F7CEFB05
:101440000399F5F745FF400004994008F6F70AF9BB
:10145000011C0198F5F7C6FDAB68019009980C35A1
:10146000181AF6F7BBFB0399F5F732FF4000049911
:101470004008F6F7F7F8011C301CF5F7B3FD059BA3
:10148000061C013305939CE70099081CF6F7EAF85F
:101490000199051C081CF6F7E5F8011C281CF5F756
:1014A000A1FD311C051C301CF6F7DCF8011C281CC2
:1014B000F5F798FDF8F706FAF9F7A6FEF8F756FAE9
:1014C000051C011C0098F5F703FF391CF6F7CAF854
:1014D000FE218905F5F786FD8921C905F6F7C2F8D1
:1014E000F6F75AFB291CE0600198F5F7F1FE391C6C
:1014F000F6F7B8F8FE218905F5F774FD8921C905CD
:10150000F6F7B0F8F6F748FB291C2061301CF5F718
:10151000DFFE391CF6F7A6F8FE218905F5F762FD16
:101520008921C905F6F79EF8F6F736FB079B60613F
:101530002360089B029800936360099BA360F6F701
:101540002BFBA06120000BB0F0BDF0B5002504001E
:1015500017000B002E0028002A0091B00791BA4214
:1015600008DA1968013240185968761899680C33FE
:101570006D18F4E73900F5F757FA390020603000AC
:10158000F5F752FA390060602800F5F74DFA3A0095
:10159000A06007992000FFF7B3FE00260DAB08906E
:1015A000069605960393C8235B420493C8235B42C7
:1015B0000293C8235B4201932200039B23CA23C3E7
:1015C0002268049B9446039A6344136062681D007A
:1015D0009446029B039A63445360A268099394461D
:1015E000019B039A6344936007993A0003980A9316
:1015F000FFF786FE0B90011C0898F5F765FB0028A5
:1016000005D0099B0A9E06930B9B05950893019BA9
:10161000C83301931A00C8235B009A42CCD1029BC5
:10162000C83302939342C4D1049B029AC8330493F3
:101630009342BBD1059B2268934206D16368069A08
:10164000934202D1A368B34205D0059BA6602360F4
:10165000069B6360A7E7200011B0F0BD70B50400E1
:101660000D00160086B003A8FFF76FFF200001965B
:1016700000950399049A059BFFF76DFE200006B0C4
:1016800070BD10B518C96210E10701D58158CB585B
:101690008018984710BD10B50021406C03F06AFA1D
:1016A00010BD10B50400EBF7E7FB200003F0A9FA2A
:1016B000200010BD10B50400EBF7D0FB200003F0B4
:1016C000A0FA200010BD70B505000400743501219A
:1016D0002800EAF70BFC2200563213780133DBB204
:1016E0001370E17901318B4225D10023260013705C
:1016F000226D54360221525E33882021934205DA4E
:10170000200019B25030FFF723FA0100E2790023DC
:101710002800EAF7A1FB226D33880221525E934232
:1017200007DD2300002248331A702000EBF7AEFCDF
:1017300001E00133338070BD70B505000600826D95
:101740005C350221525E2B880400743620219342BE
:1017500004DA19B25830FFF7FBF90100002330001A
:101760001A00EAF779FBA26D2B880221525E9342A0
:1017700007DB2300002248331A702000EBF786FCB9
:1017800001E001332B8070BD73B504000600250015
:10179000743630006435FFF73AFA0023EA5E210020
:1017A0000023603100933000FFF747FA002804D18E
:1017B00023006C331B78002B05D1230066331B7884
:1017C0005BB2002B07D12300002248331A7020009F
:1017D000EBF75CFC05E02A886C34D3182B800123DE
:1017E000237073BDF0B506000021050004006636C5
:1017F000006E7156408864350023EA5E4B1D1B1A4B
:10180000200085B06C3003909A4202DC0378002BF4
:1018100024D127007437002A04DD494209B2380078
:10182000EAF764FB0023EA5E2100002360310093A5
:101830003800FFF702FA0023F356002B05D12200EF
:10184000483213702000EBF721FC0123039A137038
:1018500000222B88B256D3182B800DE02500483586
:101860002B78062B03D120007430FFF7D0F900232A
:1018700020002B70EBF70AFC05B0F0BD70B5050039
:1018800048352B780400002B33D0EAF70DF92300FC
:101890004C331A881018220080B218804A321288FD
:1018A000824226D800221A802B78022B02D12000F7
:1018B000FFF709FF2B78032B02D12000FFF73CFF35
:1018C0002B78042B02D12000FFF75EFF2B78052B2D
:1018D0000BD02B78062B08D02B78072B09D10023AF
:1018E00020002B70EBF7D2FB03E02000FFF77AFF1C
:1018F000F2E770BD1FB5036F827A9B680400013365
:101900009A4207D18188012302226846FFF738F9FD
:10191000002306E0EBF740FB2000FFF7AFFFA37AC0
:101920000133A3721FBD10B583790400DB0720D5F6
:10193000027B022A02D1FFF7DDFF1AE0837A016FF2
:101940000133DBB2837289688B4201D10023837239
:10195000002A02D12000EBF71FFB237B012B05D1CE
:10196000637300232000A373EBF7FAF92000FFF75D
:1019700085FF10BD70B504000D00022906D1EAF7FD
:1019800093F8052802D00520EAF740F8237B022BC4
:101990000CD1022D0AD0A66E002E05D03000EBF738
:1019A00075FE300003F02DF90023A366257370BD8A
:1019B000007B7047407A7047F0B5837987B00400A8
:1019C0000D00DB0702D5002902D035E0002933D015
:1019D000102100220127206F41568368CB188B42CB
:1019E00004DD3E008E4001313243F8E7112100232F
:1019F00001274156C0680818884204DD3E008E4029
:101A000001313343F8E71A43002D08D001230021A8
:101A100001A8F4F7F3F80122A37913430BE02B009C
:101A2000290001A8F4F7EAF8290001A803F06CF8EE
:101A30000122A3799343A37107B0F0BD10B5012132
:101A4000FFF7BAFF10BD10B50021FFF7B5FF10BDBD
:101A500010B57430FFF7DBF810BD052313B5019303
:101A600000930023040074311A00FFF76EF9200080
:101A700016BD70B5037B0400022B0AD00221FFF7CC
:101A800079FF482003F0C1F80500216FEBF7B6FDA0
:101A9000A566A06E00F0E3F870BD10B50400F3F782
:101AA000FBFC00232000237510BD1FB503AC637041
:101AB00000232270009322000233EBF7B7FC04B03E
:101AC00010BD1FB50F2401236C4400932300EBF7D6
:101AD000BDFC002800D1207804B010BD70B5040012
:101AE00016001D0003220F23EBF7EEFF200031004C
:101AF0000F2302221030EBF7E7FF200029000F230D
:101B000001222030EBF7E0FF200004990F2304228C
:101B10003030EBF7D9FF200005990F230522403024
:101B2000EBF7D2FF200006990B2311225030EBF780
:101B3000CBFF200007990B230C226030EBF7C4FF8A
:101B40000B2320001A0008997030EBF7BDFF20002E
:101B500009990B2312228030EBF7B6FF20000A9977
:101B60000B230A229030EBF7AFFF20000B990F23D5
:101B70000622A030EBF7A8FF20000C990B231A22B5
:101B8000B030EBF7A1FF20000D990B231422C030D9
:101B9000EBF79AFF20000E990B231722D030EBF7BA
:101BA00093FF20000F990B231622E030EBF78CFFF8
:101BB000200010990B231522F030EBF785FF601CF5
:101BC00011990B231022FF30EBF77EFF200011301C
:101BD00012990B230022FF30EBF776FF2000213013
:101BE0000B231E221399FF30EBF76EFF200070BD10
:101BF00010B518C96210E10701D58158CB5880187B
:101C0000984710BD82B030B585B008920500082213
:101C100002A8099303F02CF8039B029C5810DB07E1
:101C200001D52B581C592D180AA90822684603F023
:101C30001FF8089A099B2800A04705B030BC08BCD3
:101C400002B0184770B504000D001822002103F0FF
:101C50002DF82900200002F041FE200070BD03682D
:101C6000426803219A18836810B5D018F4F7DCFE97
:101C70005221A923FF315B001A00884204DC083A94
:101C8000FF3A904200DD0200FF2008219B1A5843D2
:101C9000FF31F4F7C9FE10BD0069002904DD0028FA
:101CA00002D00139C06AF8E7704710B50400EBF7BD
:101CB000DFFD200002F0A5FF200010BDF7B58388EE
:101CC00004005A070FD59A0648D4DA060BD501004E
:101CD00008221831684602F0CBFF226963692000B0
:101CE000FEF774FE3AE00422022601271343A38084
:101CF000A38833420BD0210008221831684602F035
:101D0000B7FF22696369A06801F060FB10E03B4205
:101D100008D0E368206900936169A269E369A56856
:101D2000A84705E020696169A269E369A568A84739
:101D30001022A38813420ED0256A002D0BD0290053
:101D4000A01802F095FF2B692800236202F059FFCA
:101D5000E9F7A0FCCCE704229343A380F7BD03007E
:101D600072B64069002807D002695A61002A00D182
:101D70009A619A8B013A9A8362B67047F7B500254B
:101D800007002E000469002C1BD0A288E36A11B260
:101D9000002914DA04210A4211D1002E01D13B613D
:101DA00000E0F362E36A20000193FEF705FE2000E5
:101DB00002F027FF340001352600019CE3E7019380
:101DC000FAE72800FEBD70B501230D00040088B0BD
:101DD0008669082208316846029302F049FF2A68A2
:101DE0006B682000EBF782FD002827D1A38B092B1D
:101DF00024D82900102204A802F03AFF182002F08B
:101E000004FF050006A90822684602F031FF049A83
:101E1000059B2800FEF7C4FE72B6002E03D163694D
:101E200065612B6102E033692B6135612B69002B01
:101E300000D1A561A38B0133A38362B608B070BD46
:101E400082B010B502A902920393FFF7BCFF0020F5
:101E500010BC08BC02B0184730B585B00500FFF7CC
:101E60008DFF2800FFF77BFF041E13D00100002325
:101E7000083108226846029302F0FAFE226863687D
:101E80002800EBF733FD200002F0BBFEE9F7C8FBAA
:101E90000028E6D105B030BD82B030B585B00892DB
:101EA0000500082202A8099302F0E2FE039B029CAF
:101EB0005810DB0701D52B581C592D180AA90822E8
:101EC000684602F0D5FE089A099B2800A04705B095
:101ED00030BC08BC02B01847028903008A4202D114
:101EE0008079012305E0428900208A4202D1987955
:101EF000022318407047028903008A4202D1807988
:101F0000042305E0428900208A4202D198790823FF
:101F100018407047028903008A4202D18079102359
:101F200005E0428900208A4202D198792023184096
:101F30007047038910B58B4207D183790124002AA9
:101F400001D0234300E0A343837143898B4207D12F
:101F500083790221002A01D00B4300E08B43837177
:101F600010BD038910B58B4207D183790424002A60
:101F700001D0234300E0A343837143898B4207D1FF
:101F800083790821002A01D00B4300E08B43837141
:101F900010BD038910B58B4207D183791024002A24
:101FA00001D0234300E0A343837143898B4207D1CF
:101FB00083792021002A01D00B4300E08B438371F9
:101FC00010BD82B0F0B589B00E920F93078995B21B
:101FD0000400BD4200D147890EAB5E88022E23D09B
:101FE000052E0FD0012E6FD1290020003200FFF7FF
:101FF000A0FF39002000FFF76FFF002864D0A18800
:1020000033000CE0290020000122FFF7AAFF39006D
:102010002000FFF770FF002856D00123A18832006E
:1020200004A8FEF7ADFD4FE039002000FFF754FF94
:10203000002815D03200A18801236846FEF7A0FDD4
:1020400029002000FFF757FFA68800282DD039006F
:102050002000FFF750FF002827D00123042226E0AC
:1020600029002000FFF756FF00280ED1267B012E05
:102070000BD129002000FFF73EFF002821D03300BC
:102080000422290004A8FEF77BFD2900200000227D
:10209000FFF74FFF290020000022FFF762FF002218
:1020A00029002000FFF775FF0EE001230322310015
:1020B00004A8FEF765FD012239002000FFF769FF43
:1020C000E3E733000322DCE709B0F0BC08BC02B050
:1020D000184701737047032380791840033843423F
:1020E0005841704710B518C96210E10701D58158F1
:1020F000CB588018984710BD70B5837904001B0732
:1021000006D5806801F0F4F90E23E35683420FD020
:102110002000EBF7E7FC082002F077FD0E21615666
:10212000050001F0D9F90822A379A5601343A37132
:10213000002070BDD0B5040086B08AB2002381882B
:1021400002A8FEF71DFD049E059FA06800F0E8F9B7
:1021500003000B430AD0049A059B00920193121AC4
:102160008B4102A804920593E9F770FD32003B0011
:10217000A06800F0D2F906B0D0BD1FB58379040085
:102180005B0602D50521FFF7D5FFA3799B0605D590
:10219000A188012302226846FEF7F2FC1FBD1FB58D
:1021A000837904005B0602D50421FFF7C3FFA379FE
:1021B0009B0605D5A188012303226846FEF7E0FCB3
:1021C0001FBD702310B582791A4201D0EBF78AFC4B
:1021D000002010BD704710B5040002F012FD200071
:1021E00010BD30B5040085B02569002D1ED0EA78F9
:1021F000012A06D0022A09D12000203000F03FF841
:102200000AE02000183000F017F805E092B2012330
:102210000A216846FEF7B4FC23699D42E4D1200000
:10222000EBF7DEFE280002F0ECFCDDE705B030BD88
:1022300000230160436070471FB504000068EBF79E
:10224000CFFE0023626843629A4201D160600BE0D6
:10225000516A002902D001330A00F9E7032B02DD9D
:1022600002F0CFFC06E05062012309211A00684603
:10227000FEF786FC1FBD002341600370704770B5F8
:1022800004004068EBF7ACFE012305002370043026
:10229000E9F7DCFC00232800237002F0B2FC70BDDB
:1022A00010B518C96210E10701D58158CB588018C4
:1022B000984710BDF8B50E001C00150006AA10883E
:1022C00007AA1788B84208D0335C29002370013070
:1022D000F4F790FC013488B2F4E7F8BD4C30007894
:1022E00070470300020050334E321B8811888B4226
:1022F00004D91188023A1078401800E01088C01AFA
:102300007047020003005C325A3311881B889942DF
:1023100005D91188043A1078C318581A01E01088BA
:10232000181A704710B50400012905D12000FFF7E5
:10233000E8FF0028FADC03E0022901D1E9F7AAF955
:1023400010BD10B504300022F3F742FF10BD10B5E8
:102350000968130002240A5F0431ECF719F810BD74
:10236000F7B5150000AF7B602B000E0069460833FF
:10237000DB08DB00CB1A9D460132002104006846D1
:1023800002F094FC7B682A0069463000ECF792F872
:10239000002803DC2000E9F73FFC04E002B26946B4
:1023A0002000E9F70FFCBD462000FEBD13B50C0070
:1023B00001A8ECF731FC210001A8ECF73FFC13BDAC
:1023C00073B50D0014001E0001A8ECF725FC3300C6
:1023D0002A00210001A8ECF76BFC73BD07B5019240
:1023E000802200915205136952696946133A5A4393
:1023F0000223FFF7E5FF07BD84B010B504928022E9
:10240000039105935205116953695269113B133ABF
:102410004A4359430F9B5B1AD21803A90C23FFF7B9
:10242000CFFF10BC08BC04B0184710B50400ECF78F
:10243000F5F9200010BD8023F7B55B051A695D69C9
:102440000191113D5543ECF7E9F9061E1FD03020EC
:1024500002F0DBFB302200210400002702F026FC02
:102460000835B7420DDA29003022200002F000FCC6
:102470002100019802F050FC002802D030350137CD
:10248000EFE72000B74202D102F0BBFB0020FEBD07
:1024900010B509680431FFF7CEFF10BD10B509680B
:1024A0000431ECF7EBF910BD52DF704712DF7047D3
:1024B000704710B5040002F0A4FB200010BD10B559
:1024C0000400E9F72BFB0022A46801238A4202D111
:1024D000844200D91300180010BD10B50400ECF7B9
:1024E00033FB1022A35E1222A05E181A10BD10B595
:1024F000ECF72AFB10BD70B50D000400ECF724FBCF
:10250000E56070BDC068704710B50400ECF764FB6F
:10251000200002F076FB200010BD02654365704785
:10252000416D006D704729DF704728DF704700203C
:1025300030B51C1A002C06DD155C0C5C0130AC4378
:10254000F7D0012000E0002030BD10B503685B6AC1
:10255000984710BD10B50400ECF7E0FC200002F035
:1025600050FB200010BD10B5C9B20D22FFF7A9FA2B
:10257000C7384342584110BD10B503685B6A98479D
:1025800010BD10B50400ECF70FFE200002F039FB7F
:10259000200010BD10B5C9B20D22FFF792FA5A38CB
:1025A0004342584110BD10B50368DB69984710BD20
:1025B00010B50400ECF76EFE200002F022FB2000B4
:1025C00010BD10B5C9B20722FFF77BFAC4384342E9
:1025D000584110BD10B503685B6A984710BD10B52F
:1025E0000400ECF771FF200002F00BFB200010BD8F
:1025F00010B5C9B20F22FFF764FA3338434258418D
:1026000010BD10B50368DB69984710BD10B5040014
:10261000EDF70EF8200002F0F4FA200010BD10B51E
:10262000C9B24F22FFF74DFA40384342584110BD1E
:1026300037B504680D00002C0ED0011D0822684635
:1026400002F016FB019A009B5010D20701D52258C8
:10265000D35820182900984737BD82B030B585B0CF
:1026600008920500082202A8099302F001FB039BCF
:10267000029C5810DB0701D52B581C592D180AA9AC
:102680000822684602F0F4FA089A099B2800A0473D
:1026900005B030BC08BC02B0184713B54A88438A5D
:1026A00004009A421AD10B89012B17D9CB681988DB
:1026B000C181406803681B699847606803685B696B
:1026C0009847E0812068EFF7CFFF2200618A00245D
:1026D00003680094DC680E320223A04713BD82B069
:1026E00010B5040000680393029200F01BFF836D95
:1026F0009B0715D56068FEF785FC20816068FEF7B2
:1027000088FC60816068FEF78BFCA0812068EFF791
:10271000ABFF22000368218A08325C690623A047C8
:1027200010BC08BC02B0184770B504000130250089
:102730000300002611351E7001339D42FBD100239A
:10274000638201332370002A08D10B0010339942B1
:1027500007D0013B1A7802700130F8E7102202F02E
:1027600090FAA37B627B1B0213432000638270BD3F
:10277000A7DF7047A9DF7047AADF704768DF70479F
:1027800010B50368002B01D00800984710BD10B5A4
:102790000368002B01D00800984710BD10B50368EE
:1027A000002B01D00800984710BD10B50368002B1E
:1027B00001D00800984710BD10B50400EDF7E0F80F
:1027C000200002F01EFA200010BD1FB50123FA21DF
:1027D0001A0089006846FEF7D3F905B000BD70B550
:1027E0001D000E001100C27F0400931C5B19012024
:1027F0001F2B12DC2B18A354E37F2A001B18DBB21B
:10280000E377E654E07F0130C0B2E077201802F0B1
:102810002FFA0020E37FED18E57770BD020001007C
:1028200010B5036834320A319B6F984710BD10B55C
:102830000400FFF7F3FF2368211DDB6F200098479A
:1028400010BD10B5002204000270431C11341A7030
:102850000133A342FBD1418210BD37B50D00EFF724
:10286000F3FE6B46DA1D0123040019000A301570CF
:10287000EDF782F9002802D12000FFF7CFFF3EBD1F
:10288000F8B50D0016001F00EFF7DEFE0400092D5D
:1028900003D1036831005B6B984720003B00320096
:1028A00029000A30EDF768F9002802D12000FFF76F
:1028B000B5FFF8BD70B5EFF7C7FE05000A35040097
:1028C0001F220021280002F0F1F900232000EB77FD
:1028D000FFF7A4FF70BD806810B5002803D0EFF7A4
:1028E000B3FEFFF7A4FF10BD10B513232F24002162
:1028F0008AB06B446C44DA1F11709A1F1170013258
:102900009A42FBD1D31D9C42F5D103AB0193042322
:1029100001AC80686371EFF7B7FE036821001B69A3
:102920009847A0790AB010BD10B504001830FEF722
:10293000EAF80123636110BD022370B5436104000E
:102940000D00E9F7EBF82061002D07D0082362693C
:10295000134304226361A3791343A37170BD10B5BF
:102960008068EFF771FE03685B69984710BDF7B5A3
:10297000009308AB1B88040080680E0017000193C9
:10298000EFF762FE002503685B699847A068FFF7D0
:1029900091FF009BA068AB4200D10335EFF754FED6
:1029A00001990571A068EDF74BF90621A068FFF7C2
:1029B00054FFEDF791FF3B003200A168EDF79AFF5D
:1029C0000500A068EFF740FEFFF731FF2800FEBDCD
:1029D00013B504AC2488096800940431FFF7C7FFDD
:1029E00016BDF0B587B003930CAB1B7804000493BD
:1029F0000DAB1B8880680E0017000593EFF724FECF
:102A0000002503685B699847A068FFF753FF049BA4
:102A1000A068AB4200D10335EFF716FE05990571AA
:102A2000A068EDF70DF90621A068FFF716FFEDF796
:102A300053FF039B3200A16800933B00EDF7D0FFEA
:102A40000500A068EFF700FEFFF7F1FE280007B0D1
:102A5000F0BD8023F0B55B0585B008005F6E029184
:102A6000FEF7F6FF01230424052501932900380011
:102A7000F3F7D6FF08000199F3F74CFF0523052271
:102A800000265D43019B039053433F1A0193039B30
:102A900001339E420ADA042302989A1B12B221B231
:102AA000FB337430E9F704F90136F0E7013CDDD27D
:102AB00005B0F0BD0130C07F704782B030B585B041
:102AC00008920500082202A8099302F0D1F8039B9E
:102AD000029C5810DB0701D52B581C592D180AA948
:102AE0000822684602F0C4F8089A099B2800A0470B
:102AF00005B030BC08BC02B0184710B500F012FD9C
:102B0000806D10BD82B070B504000068059304921A
:102B1000150CFFF7F2FF022318421DD09D4201D190
:102B200000230EE0012D0AD12600257101CEEFF71A
:102B30009BFD0368E18832005C692B000BE0052DEA
:102B40000AD12500237101CDEFF78EFD0368E188DE
:102B50002A005C690123A04770BC08BC02B018477A
:102B600082B070B50400006805930492150CFFF75D
:102B7000C4FF022318421BD09D4201D100230DE067
:102B8000012D09D165712068EFF76EFD0368621DA4
:102B900021895C692B000AE0052D09D16371206849
:102BA000EFF762FD0368621D21895C690123A0477C
:102BB00070BC08BC02B0184737B504680D00002C83
:102BC0000ED0011D0822684602F052F8019A009BBF
:102BD0005010D20701D52258D35820182900984701
:102BE00037BD10B54A88838A90B00C009A4219D13B
:102BF0000B89002B16D0CB681B78012B12D1806873
:102C0000EFF722FD036815215B6A9847FA208000E0
:102C100001F0DCFE238804A80380002301A90B70C7
:102C2000F2F734FB10B010BD704710B5040001F08E
:102C3000E8FF200010BD37B504680D00002C0ED051
:102C4000011D0822684602F013F8019A009B5010FB
:102C5000D20701D52258D35820182900984737BDEC
:102C600037B504680D00002C0ED0011D08226846FF
:102C700001F0FEFF019A009B5010D20701D52258A7
:102C8000D35820182900984737BD82B030B585B099
:102C900008920500082202A8099301F0E9FF039BAE
:102CA000029C5810DB0701D52B581C592D180AA976
:102CB0000822684601F0DCFF089A099B2800A0471B
:102CC00005B030BC08BC02B0184713B5836A4A8807
:102CD000DB8B04009A420ED1838D0133838580689B
:102CE000EFF7C2FCA36A2200D98B0023046800938B
:102CF0001832E468A04713BD82B010B504008068A4
:102D000003930292FFF7F9FE83070ED502AB1A88F0
:102D1000A068A2825B88E382EFF7A6FC220003682A
:102D2000218C14325C690423A04710BC08BC02B09B
:102D30001847704710B5040001F063FF200010BD74
:102D400037B504680D00002C0ED0011D082268461E
:102D500001F08EFF019A009B5010D20701D5225836
:102D6000D35820182900984737BD37B504680D009F
:102D7000002C0ED0011D0822684601F079FF019A4F
:102D8000009B5010D20701D52258D3582018290093
:102D9000984737BDF7B500260700050034000191BC
:102DA0003A370122B2406B6913421CD0EB682969A3
:102DB00030011818114202D1EAF706FF02E0EAF7E3
:102DC0005FFF8010019BC0B2002B02D13B78834291
:102DD00009D06300EB18DA1D013408333870D67758
:102DE000D877092C05DC01360137132ED9D1002CF8
:102DF0000BD0A868EFF738FC2A006400A3B2696D15
:102E000004682632C98B6469A047F7BD10B5436DCD
:102E10004A88DB8B9A4202D10121FFF7BBFF10BD2C
:102E200010B50400806800F07DFB836D9B0703D51F
:102E300000212000FFF7AEFF10BD37B504680D007C
:102E4000002C0ED0011D0822684601F011FF019AE6
:102E5000009B5010D20701D52258D35820182900C2
:102E6000984737BD37B504680D00002C0ED0011D02
:102E70000822684601F0FCFE019A009B5010D20720
:102E800001D52258D35820182900984737BDF0B5EE
:102E9000CB6885B001934B88828C04000D009A4268
:102EA0001FD10A89013A042A1BD84068EAF700F9C1
:102EB00000262B899E423ADA00270422019BD21B6E
:102EC0009B5D60681341012213405B4239B2DBB263
:102ED00032B274300137E8F7EBFE052FEDD1013641
:102EE000E7E7E28C9A4219D10823EA5E019902A829
:102EF000E8F768FE6068EAF7DBF8656802A903A8EE
:102F0000FDF7F9FDE28903A92800EAF7BDF903A856
:102F1000FDF79CFD02A8FDF799FD08E0228D9A427D
:102F200005D12B89012B02D9019B1B88E38105B0B8
:102F3000F0BDF0B54A88838C85B005009A4228D14F
:102F40000600431D03930024771B34723FB2686868
:102F500021B274303A00E8F7C1FE002806D00423FD
:102F600001221B1B9A40337A134333720134052C20
:102F7000EDD1039B01369E42E5D12868EFF774FB43
:102F80002A00A98C002503680095DD68083223001B
:102F9000A84705B0F0BD37B504680D00002C0ED071
:102FA000011D0822684601F063FE019A009B501043
:102FB000D20701D52258D35820182900984737BD89
:102FC00082B030B585B008920500082202A80993A6
:102FD00001F04EFE039B029C5810DB0701D52B58D5
:102FE0001C592D180AA90822684601F041FE089ACA
:102FF000099B2800A04705B030BC08BC02B01847A8
:103000001FB54B88028B9A4208D10A89012A05D93B
:10301000CB6802221B88038201230BE0428B9A4279
:103020000CD10B89002B09D0CB681B788374012B42
:1030300004D1042206216846FDF7A2FD05B000BDBB
:1030400010B504004068E9F78DFB0223002800D08A
:103050000323A3742068EFF707FB22000368618B4A
:1030600012325C690123A04710BD73B504000068EB
:1030700000F058FA0225836D2B4239D06068FEF7C4
:10308000DEF820816068FEF7E1F860816068FEF795
:10309000E4F8A081606803689B69984720822068F3
:1030A000EFF7E2FA0022218B036800922200DE682B
:1030B00010322B00B0472068EFF7D6FA22000368E1
:1030C000A18A5E6908320623B0476068FEF744F8BB
:1030D00000280DD06068E9F743FCE0812068EFF735
:1030E000C3FA22000368E18A0E325C692B00A04714
:1030F00073BD13B504004068218A03685B69984773
:10310000606803689B69984720822068EFF7ACFAF3
:10311000218B2200002403680094DC681032022313
:10312000A04713BD82B010B502920393120C012A7E
:1031300002D1FFF79AFF08E0022A02D1FFF7D9FF78
:1031400003E0042A01D1FFF77BFF10BC08BC02B0EA
:10315000184737B504680D00002C0ED0011D082259
:10316000684601F085FD019A009B5010D20701D5F9
:103170002258D35820182900984737BD82B030B55F
:1031800085B008920500082202A8099301F070FD9D
:10319000039B029C5810DB0701D52B581C592D1896
:1031A0000AA90822684601F063FD089A099B2800D5
:1031B000A04705B030BC08BC02B0184713B54A8818
:1031C000C38904009A4218D10B89012B15D9CB6809
:1031D000198841814068FFF78EF96068FFF792F91E
:1031E00060812068EFF740FA2200E189002403683B
:1031F0000094DC680A320223A04713BD82B010B5E8
:10320000040000680393029200F08CF9836D9B0721
:103210000DD56068FFF761F920722068EFF724FA96
:1032200022000368A18908325C690123A04710BC11
:1032300008BC02B0184710B50368002B01D0080085
:10324000984710BD37B504680D00002C0ED0011D45
:103250000822684601F00CFD019A009B5010D2072D
:1032600001D52258D35820182900984737BDF0B50A
:10327000C2684B8889B004000F00934248D10B8983
:10328000029300230093009A029B934240DD207A30
:10329000A17A0130F3F7AEFC637A0D0099422DD08C
:1032A0000026009AFB689B5C0193636902229B5E87
:1032B0000393039BB34210DD200031B21430FDF7BD
:1032C00047FC019B834206D1012396211A00C900C5
:1032D00004A8FDF755FC0136EBE76946237A22681E
:1032E0000979D154FF2325721D40A369AB420CD14B
:1032F00001235B42A3610222023301E00123032286
:10330000962104A8C900FDF73BFC009B0133B9E7F7
:1033100009B0F0BDF8B50E001C00150006AA108813
:1033200007AA1788B84208D0335C290023700130FF
:10333000F3F760FC013488B2F4E7F8BD427A037A0F
:103340000100981A9A4202D9887AC318981A7047CD
:1033500010B50968130002240A5F0431EEF7ACFCD3
:1033600010BD37B504680D00002C0ED0011D0822D9
:10337000684601F07DFC019A009B5010D20701D5F0
:103380002258D35820182900984737BD82B030B54D
:1033900085B008920500082202A8099301F068FC94
:1033A000039B029C5810DB0701D52B581C592D1884
:1033B0000AA90822684601F05BFC089A099B2800CC
:1033C000A04705B030BC08BC02B0184782B073B546
:1033D0000400061D069208A908226846079301F01A
:1033E00047FC65693100069A079B2068A84773BCB3
:1033F00008BC02B01847026810B594460A6800235A
:10340000944507D104310430102201F022FC4342DC
:103410004341DBB2180010BD10B5EFF711F840685A
:1034200010BD10B5EFF70CF8006810BD01704270C8
:103430004360704782B0F0B505920200069308AB76
:103440001B7805ACE0CCE0C2002B2ED04A78002AD5
:1034500005D0069A52424260079A524282604A68F8
:10346000022A08D0032A0DD0012A10D1026841682F
:103470005242016004E002685242026042685242D5
:10348000426004E042680168524202604160012BE0
:1034900004D0022B09D143685B4202E04268036812
:1034A0000260436083685B428360F0BC08BC02B08A
:1034B000184782B037B50400180007930B780692BE
:1034C0000193089B009303002000FFF7B3FF200047
:1034D0003EBC08BC02B0184710B50400F2F7F0FC7F
:1034E000200010BD10B5040001F04CFB200010BD01
:1034F000407840B2704702000B00F0B5126889B006
:10350000019203AA15001E004068016809688C46F4
:1035100092CE92C5DB680199D36000231361E04726
:1035200009B0F0BD10B5EFF78FF810BD022070475D
:10353000022070470020704700207047022070472B
:103540000220704702207047022070470220704717
:103550000220704702207047022070470220704707
:1035600002207047022070470220704702207047F7
:10357000002313607047002070470220704702202C
:1035800070470220704702207047022070470020D9
:1035900070470020704700207047022070470220CB
:1035A00070474160704781607047C160704701613A
:1035B0007047416170470220704702207047022027
:1035C0007047022070470220704702207047022097
:1035D0007047022070470020704702207047022089
:1035E00070470020704770470220704702207047E4
:1035F00070470220704700207047704766DF7047B1
:1036000048DF7047007970470C3070470C307047C6
:1036100010B5FFF7F5FF10BD10B50368002B01D002
:103620000800984710BD10B50368002B01D00800B2
:10363000984710BD10B50368002B01D008009847CB
:1036400010BD0823F0B597B002AA137106AA029222
:1036500002AA137310000EAB04930C00EFF76CFD7D
:1036600000230600984202D02371A37136E00500C2
:10367000072702AB1B7BA37102AB1B79AB4213D9AB
:103680006379AB4201D8257128E03800684323688C
:103690001818029B0193019AAB0099580135072233
:1036A00001F0E6FAEDB2E7E725710727002502AB46
:1036B00021791B7B6918AB420FD9637999420CDAE7
:1036C000794323685918049B0193019AAB009858D9
:1036D000013500F0C4F9EDB2E9E72171300017B00F
:1036E000F0BD10B5EFF7CEFC10BD10B5080011000D
:1036F000EFF7FEFC10BD10B508001100EFF7D4FC89
:1037000010BD10B5080011001A00029BEFF750FC25
:1037100010BD70B504000068002804D0056901F0F0
:1037200070FA2800F8E7206070BD10B50400EFF7CC
:103730006DF8200001F065FA200010BD10B50400FE
:10374000EFF76EF8200001F05CFA200010BD10B514
:103750000400EFF76FF8200001F053FA200010BDCD
:1037600010B50400EFF770F8200001F04AFA2000CD
:1037700010BD10B50400EFF771F8200001F041FA18
:10378000200010BD10B50400EFF772F8200001F022
:1037900038FA200010BD10B50400EFF773F82000D0
:1037A00001F02FFA200010BD70B50400E369236218
:1037B000256A002D08D0EB68210028009847236A6D
:1037C000002BF3D01B69F2E720001C30FFF7A1FFAC
:1037D00028006560A560E5602561656170BD10B574
:1037E000FFF7E2FF002800D0062010BD10B504004E
:1037F000EFF752F8200001F004FA200010BD10B5D8
:103800000400EFF753F8200001F0FBF9200010BD91
:1038100010B50400EFF754F8200001F0F2F9200091
:1038200010BD10B50400EFF755F8200001F0E9F9DC
:10383000200010BD10B50400EFF756F8200001F08D
:10384000E0F9200010BD70B50400E36A2363256B26
:10385000002D08D0EB68210028009847236B002B2F
:10386000F3D01B69F2E720002C30FFF752FF200055
:103870000830FFF74EFF20001430FFF74AFF20000A
:103880002030FFF746FF280070BD70B503790400B3
:103890000920002B20D0F1F7C7FC03000520002BE6
:1038A0001AD12500FC35A86B002803D1286C00280C
:1038B00006D10AE003685B6A98470028F6D00BE05F
:1038C00003689B6A9847002806D120000C3000F05E
:1038D00043FA002800D1207170BDF7B503790700C5
:1038E0000E001400002B08D008220021684601F0C9
:1038F000DDF90A256B461D710CE0EFF799FA05001A
:103900000C20002D0FD1012308223B7129006846AD
:1039100001F0CCF93000EEF775FEE36800906946DF
:10392000200098472800FEBD10B50400EFF700F80E
:10393000200001F066F9200010BD10B51F22002103
:10394000040001F0B3F90023E37710BD10B50020A7
:10395000EFF70EF910BDFC30836B70B50400002B3F
:1039600007D19920800001F050F90500EFF722F906
:10397000A563A06B70BDFC30836B70B50400002B99
:1039800007D19920800001F040F90500EFF712F906
:10399000A563A06B70BDF0B5040087B0E36B236432
:1039A000266C002E08D0F368210030009847236C65
:1039B000002BF3D01B69F2E720003C30FFF7A9FE93
:1039C0002000267166710C30FFF7A3FE200018302E
:1039D000FFF79FFE20002430FFF79BFE200001AD83
:1039E0003030FFF796FE31002800EFF7D3F82300C0
:1039F0002A00443383CA83C3EB68310023656665BC
:103A00002800EFF7C7F823002A00583383CA83C37E
:103A1000EB6831006366A6662800EFF7BBF8230069
:103A20002A006C3383CA83C33000EB68E667A36760
:103A300007B0F0BD70DF704771DF704760DF70471F
:103A4000704710B5F1F772FB002010BD70477EDFA4
:103A5000704768DF704710B500F065FD10BD0223A8
:103A600010B50B708C330B713F3B4B712D338B7149
:103A70004A1C043100F02EFD10BD70DF704771DF6D
:103A8000704772DF704773DF704774DF704775DF10
:103A9000704776DF704777DF704778DF704779DFF0
:103AA00070477ADF70477BDF70477CDF70477DDFD0
:103AB000704788DF70471420704764207047A0204B
:103AC0008001704710B50400FFF7DFFF03230028D3
:103AD00006D12300012158331A788A431A70030053
:103AE000180010BD03000800FC21583310B51C78E5
:103AF000214019703B218A4200D02839FFF7C9FFC5
:103B000003005A1E934103205B42184010BD03007E
:103B100010B5FE330A00D98C03681B6A984710BDA4
:103B200010B50800FFF7BFFF03005A1E93410320A2
:103B30005B42184010BD10B50800FFF7B2FF03004C
:103B40005A1E934103205B42184010BD080010B577
:103B50001100FFF79CFF031E00D00323180010BDC7
:103B600013B50C001100012C06D86B460622581C18
:103B700001F07EF8002005E0A31E012B01D90320EF
:103B800007E001206B4669461C70FFF776FF0028AE
:103B9000F5D116BD37B568460D001400FFF76FFF6D
:103BA000032300280DD1002D02D06B461B782B700B
:103BB000231E06D06B460622591C200001F058F83F
:103BC000002318003EBD080010B51100FFF76FFF7D
:103BD000031E00D00323180010BD10B50800FFF726
:103BE0005CFF031E00D00323180010BD10B50800B1
:103BF000FFF755FF031E00D00323180010BD10B5BA
:103C00000800FFF748FF0023984203D0053311282E
:103C100000D0023B180010BD08207047B83001707A
:103C200000207047B93001700020704702207047B3
:103C3000B83000787047B93000787047002070477E
:103C40000200030010B5F33211786C309B6F984777
:103C500010BD10B518C96210E10701D58158CB58C5
:103C60008018984710BD112337B5080001AC2370A8
:103C70000D0001F05BF8290082B22000FFF715FF6C
:103C8000031E00D0032318003EBDF8B506000D004A
:103C9000002407273300BA331B78A3420ED96B796F
:103CA000A3420BD9390061432B68072258187118B9
:103CB000BB31013400F0DCFFE4B2EBE72C710020F3
:103CC000F8BD10B50C00C97F01201F290ED80029AE
:103CD00001D103200AE0D37F2000FFF7D2FE0028A5
:103CE000F7D1208CFFF7D9FE0028F2D110BDF8B52E
:103CF00003680700DB6C0D000C79984703238442AE
:103D000028D8002307212879DAB2904208D90A007E
:103D10005A432C680133125D032AF5D1042319E0BC
:103D20003E000024BA3634702B79A34211D9072300
:103D300019003078614358432B6838185918BB3044
:103D4000072200F095FF3378013401333370E4B279
:103D5000EAE700231800F8BD10B50400EEF712FEE4
:103D600000280AD123000122FE335242DA84BA34F9
:103D7000463B18705870207000E0062010BDFE30E1
:103D8000C1847047FE30C08C7047A0DF7047A4DF4D
:103D90007047A5DF7047A6DF7047A8DF7047F7B50B
:103DA0000D0016000021082268461F00089C00F044
:103DB0007DFF6A4623883100280013800197FFF7B2
:103DC000E8FF0323002803D16B461B8823800300F0
:103DD0001800FEBD70B586B015006A4600200E00C2
:103DE000941DD380EEF7C4FE03681B699847FFF764
:103DF000C9FF012302A98B7000230E808B80CD6048
:103E00008C60FFF7C8FF83B2181E00D0052006B0F3
:103E100070BDF8B5040000200D001600EEF7A8FEF6
:103E200003681B6998472368DF69FFF7ABFF33001E
:103E300001002A002000B847F8BDF0B5D48B02007D
:103E40001E000023457985B0F8329D4223D90832FF
:103E50001700083F3F88A74210D11F33DB00C3186B
:103E60000E249A8802236C442380036803AD0094D7
:103E70009F682B00B847021E02D00DE00133E4E733
:103E800023880620022B07D12B8810009B0703D024
:103E90000123337000E0042005B0F0BD10B50278B6
:103EA000002A09D10C781300002C13D1438A488AC8
:103EB0001B1A584243410CE00023012A0AD10A7818
:103EC000012A07D1013101300F3200F0C2FE434216
:103ED0004341DBB2180010BD70B504000D006368EB
:103EE000A360A068002807D0C36829009847A3688A
:103EF000002BF4D01B69F3E770BD10B5C368984779
:103F000010BD30B5150087B004290ED0052917D093
:103F1000032925D144300100040004A8EFF744FC34
:103F2000049B002B18D1059B14E0583001000400BD
:103F30006846EFF739FC009B002B0DD1019B09E08F
:103F40006C300100040002A8EFF72EFC029B002B4E
:103F500002D1039BDB0703D529002000FFF7CDFF2B
:103F600007B030BDF0B50B888FB005000C00502BAA
:103F70000ED004D8012B25D0182B32D00CE1522BB7
:103F80002FD03FD3532B00D006E1CE88052146E049
:103F900002000023CE884179FC3299423ED9083292
:103FA000100008380088B0420AD1302120339B002D
:103FB0005A59531CDB7F0B4200D0D2E02E392EE041
:103FC0000133EAE70C7AEB682B612869002800D1FD
:103FD000E2E0C368210098472B69002BF3D01B69EE
:103FE000F2E7A3880AAE33802B6B6B63686B002803
:103FF00000D1D1E0C368310098476B6B002BF3D040
:104000001B69F2E78B79012B05D0022B00D0C3E0AE
:104010000E89072103E00E89062100E002212B0012
:1040200000206A79F83300900098824200D8B3E00B
:104030000833180008380088B04214D1062958D037
:10404000072913D03200022900D096E0A3880AA9DC
:104050000B804E80237A0B71A38BCB80E38B2034B3
:104060000B81CC6040E000980130DCE71022002199
:1040700002A800F01BFEA38802AA13805680E38BDF
:1040800006AF9380238C0021D3802300102222339B
:1040900038000193049300F009FE02233B70009B5B
:1040A00020339B005B591A002A321178002291427A
:1040B00006D0180002A9DB6C4030984702AB9A8901
:1040C000A0883900BA80FFF768FEBB88002B63D157
:1040D000A3880AA90B804E80A37A0B71E38BCB8057
:1040E000238C0B81019BCB6028001430FFF7F4FE7A
:1040F00052E006AF10220021380000F0D7FDA3885F
:104100007E803B80A38B0AAE102200213000BB8052
:1041100000F0CCFD01233370009B20339B005B59E2
:104120001A00293211780022914205D01800390076
:104130002C309B6B9847BA89B280BB89002B0BD17E
:10414000BA68002A08D00121B3790B43B371BB8848
:104150003381FB88F2607381A0883100FFF71DFE78
:104160001AE0A11CC97F0134E07F090208439906C7
:1041700007D50321840704D5D28B2800FFF7C1FEA1
:104180000AE00421DB06F7D50123010019400B00EA
:10419000594259410331EFE70FB0F0BD77DF704767
:1041A00078DF70477ADF70477CDF7047A2DF7047A7
:1041B000A3DF704763DF704710B586B06B46DC1D28
:1041C00000232370C15C02AA99540133102BF9D14A
:1041D00021001000FFF7EEFF0023984200D1237862
:1041E000180006B010BDF0B51600302499B0019348
:1041F0001EAB04CB02901B880391059320AB1B8858
:104200000492069321AB1B783440079323AB1F889D
:1042100024AB1B78089325AB1B780993002C33D073
:10422000032200210AA800F041FD012502230AAA69
:10423000937010212A000AA80A430270019A0D33D4
:10424000501E0AAA52789A43042818D8F2F758FB4D
:104250000305070C1100012107E001210AE00121FB
:104260000A431340302208E002210A43134010227F
:1042700003E002210A4313402022134302E02A43B1
:1042800013400B430AAA537011AD1C2200212800D1
:1042900000F00CFD621E94410AAB644223402E7074
:1042A0006B61002F05D0229B002B02D06B602F8109
:1042B0006F810BAC03220021200000F0F7FC0120ED
:1042C000089B099A03400240DB001101DBB20B435B
:1042D0001A00079B03401800022313430343A370F3
:1042E00032231E421FD0019B581E04281BD80F22C8
:1042F00023789343F2F704FB0305070C1100012117
:1043000007E001210AE001210B431340302208E0BD
:1043100002210B431340102203E002210B43134000
:104320002022134323700C231E421FD00198013812
:1043300004281BD80F2263789343F2F7E1FA0305B0
:10434000070C1100012107E001210AE001210B43C4
:104350001340302208E002210B431340102203E0F7
:1043600002210B4313402022134363700CAD14222F
:104370000021280000F09AFC039B2A000C936B4656
:104380009B8A11A92B816B461B8B0298AB81049BE6
:104390006C602B61269BFFF709FF80B219B0F0BD5E
:1043A000F0B589B000930EAB1B8805000F00160016
:1043B000019303220FAB002102A81C7800F076FCC9
:1043C000012302221C40144302AA947019001022F7
:1043D00002A81143020003AC0170517020001422A6
:1043E000002100F063FC02AB63606B461B88109AEF
:1043F00023816B469B88210028000397A3812661B7
:10440000FFF7D6FE80B209B0F0BD7FDF704782DFD4
:104410007047A7DF7047A9DF7047AADF7047002009
:104420007047002070470020704710B5EFF780FA02
:1044300010BD10B5EFF734FB10BD10B5EFF78CFBD6
:1044400010BD0020704700207047002070470020FA
:10445000704729DF704728DF704710B5FFF7F9FF75
:10446000F0F714F910BD10B5F0F780F8802252056E
:10447000136911699BB20138584389B2F2F74AFABD
:10448000FFF7E9FFF0F702F910BD2EDF704732DFCA
:10449000704733DF70474CDF70472EDF704751DFC6
:1044A000704710DF704711DF704761DF704710B54C
:1044B00008001100FFF7CAFA10BDAADF704744DFF9
:1044C000704711DF704713DF704700DF7047704798
:1044D0004DDF704730B500230D0014008DB06946E4
:1044E000C21AD27B5A540133102BF8D100210D226D
:1044F00004A800F0DBFB6A462B786846D3776B781C
:104500009377AB785377FFF7E3FF2F236B441B7848
:1045100023702E236B441B7863702D236B441B7810
:10452000A3700DB030BD30B50378040085B00D0028
:104530000020022B16D1611C032201A800F098FB79
:10454000211D032203A800F093FB02AA03A928005F
:10455000FFF7C0FF032202A901A800F07AFB434243
:104560005841C0B205B030BDA6DF7047F0B585B088
:104570001C000AAB0600039117001D78F0F7A4FF9A
:1045800001235D40009523003A000399300000F0BC
:104590007AFA201A441EA04105B0F0BDF0B585B0EE
:1045A0001C000AAB0600039117001D78F0F78CFF82
:1045B00001235D40009523003A000399300000F08C
:1045C0001FFA201A441EA04105B0F0BD10B504002A
:1045D000F0F788FF200000F014FB200010BD836975
:1045E00080681B681840431E9841704710B504301E
:1045F00000F0F3F910BD436910B50100002B04D1A0
:104600000368002B06D0984704E00068002801D01A
:104610000431984710BD10B5012903D0022904D1F7
:10462000383000E02030FFF7E6FF10BD10B500F095
:1046300036F810BD10B500F037F810BD704710B552
:10464000040000F0DEFA200010BD70B50D0004007B
:10465000F0F7A8FF2900201DF1F770FF70BD1823A7
:104660004A1C5A438218926810B55943002A05D152
:104670004118CB68002B09D0984707E04318DB6846
:10468000002B03D0411810311800904710BD70B5B1
:104690000D0004000430F1F759FDE56370BD10B55D
:1046A000043000F075FA10BD10B50C000430F1F7BD
:1046B000D3FD200010BD10B504004368426999186D
:1046C00000F077F8E36A002B04D1A369002B07D030
:1046D000984705E0A069002802D021001C319847C6
:1046E00010BD10B5040000F06CF80023A361E36274
:1046F00010BD70B50D00040000F063F8656120691D
:1047000000F054F92918200000F053F870BDC36A76
:1047100010B50100002B04D18369002B06D0984707
:1047200004E08069002801D01C31984710BD10B505
:104730000400F0F781FF200000F063FA200010BDB4
:10474000036810B50400002B05D1C06800F02EF9F5
:1047500001236060236010BD10B5040000680028CC
:1047600004D0E06800F022F96368C01A10BD10B5EB
:104770008468FFF7F1FF201810BD10B50400C06871
:1047800000F014F900236060A36010BD002310B591
:104790000360436083600400F0F77EFFE060200068
:1047A000FFF7EBFF200010BD10B503689B6898472A
:1047B00010BD10B50A000300011D006900F0BEF82D
:1047C00010BD10B5011D006900F0D4F810BD10B582
:1047D0000120F9F779FF7047704710B5FFF7FCFF2C
:1047E000FFF7F9FFFBF706FC10BD10B5002801D05C
:1047F00000F001F8FEE700B59BB0032102A800F02D
:104800006DF8022108A800F069F801210EA800F057
:1048100065F8102114A800F061F8059B039A962012
:104820001A60099A0C9B1A600F9A129B1A60159ACB
:10483000179B01921A6000F0C9F8069B039A962014
:104840001A60099A0B9B1A600F9A119B01921A60C9
:10485000159A189B1A6000F0B9F8DEE70FB4012032
:1048600010B5F9F731FF70B50D0004001600F0F730
:104870008BFF6B1C07D00021200000F0B4F8310042
:10488000200000F0AAF870BD70B5436804000D0068
:10489000002A01D0C26800E00269136020000121F3
:1048A00000F0A1F82900200000F097F870BD10B5C5
:1048B0000322FFF7D8FF10BD10B5FFF7D4FF10BDDE
:1048C00070B50D0004001600F0F75EFF6B1C04D0FD
:1048D000320000212000FFF7D7FF70BD10B5002285
:1048E000FFF7EEFF10BD70B504000D0003681B68F4
:1048F000984763681D6070BD036870B5DB6804008D
:10490000984763685A682368002A02D19B689847D1
:1049100013E05B681568984763682D1A5A68002D84
:1049200007DC916859601B68002BEAD050689847F3
:10493000E7E7236810681B69984770BD70B50D00E4
:1049400072B64B60002346680A607468002C05D07C
:104950002168511A02D42300A468F7E7002B05D17F
:10496000036875601B691000984700E09D60AC60AB
:1049700062B670BD10B572B6426853688B420CD1F6
:104980009B6853600268002B02D1936898470BE044
:1049900012691868904707E01300002B04D09A684A
:1049A0009142F9D18A689A6062B610BD10B5036869
:1049B0005B68984710BD70B50400F1F7FDFE050077
:1049C000F1F7FAFE401BA042FAD370BDFA2310B5EE
:1049D0009B005843FFF7EFFF10BD10B5007840B2C1
:1049E00000F082F810BD002901D0012907D1002371
:1049F000A022C356D205C133FF339B0099507047A4
:104A0000F7B50192B1221F0003684910D2009950F6
:104A10008021012289005A50190000240600FC312F
:104A2000CC601A607D1E019BAC4213DA191900227A
:104A30003000F0F7D7FF00280AD03000F1F7CAF8AD
:104A400007003000F1F794F83D1E1ADB250018E04E
:104A50000134E7E7591901223000F0F7C3FF0028BD
:104A600003D03000F1F784F80BE0089B3D00002BE9
:104A700007D03368FC339A68002AFCD000223D003E
:104A80009A602800FEBDF8B51700B1221D0003682A
:104A9000D200491099508022002492009C5001229B
:104AA00006009A60AC4211DA395D3000F0F786FFFB
:104AB000002809D03000F1F75BF83000F1F78AF8F0
:104AC000031E0FDB23000DE00134EBE7069B002BF8
:104AD00004D03000F1F764F8002801D12B0001E088
:104AE00001235B421800F8BDA0238000DB05C0183D
:104AF000E02310B50C24DB00C2588900A243C25049
:104B0000C2581143C15010BDF8B505000E00002475
:104B100001273B00A3402A691A4203D060B231004A
:104B2000FFF7E2FF01341F2CF3D1F8BD30B50029A7
:104B300003D001291DD1002311E001220C00130034
:104B40008B4005691D4203D005688B00EB181C6083
:104B500001311F29F3D10CE001331F2B09D00A00CA
:104B60009A4004691442F7D004689A00A2181160B0
:104B7000F2E730BD4268006913685940014059406E
:104B80001160704710B5407840B2F1F769F810BD78
:104B900003681A00FC32D1680129FCD10021D160E0
:104BA000A322D2009858C0B2704782B00190C0468C
:104BB000C046C046C046C046C046C046C046C046C5
:104BC000C046C046C046C046C046019B013B01935B
:104BD000002BECD102B07047704770470023CB56D2
:104BE0005A1C05D0834201D1486802E00C31F5E738
:104BF000180070470B0010B501001800F9F750FDC0
:104C000010BD10B5E6F7DAFE10BD10B5041E00D1D8
:104C100001342000E6F79CFE002807D1F1F76AFE78
:104C2000002801D100F003F88047F2E710BD10B56D
:104C30000620F9F785FD0120FFF7D7FDC9B28218DC
:104C4000904204D003788B4202D00130F8E7002074
:104C5000704730B50024A24208D0035D651C0C5D8E
:104C6000A34201D0181B02E02C00F4E7002030BD65
:104C7000002310B59A4203D0CC5CC4540133F9E749
:104C800010BD10B5884202D98B18984201D3002379
:104C900005E09B1A013A08D3995C8154FAE79342E4
:104CA00003D0CC5CC4540133F9E710BD0300821873
:104CB000934202D019700133FAE7704770B50400CF
:104CC0000D001F2904D916230360012040421EE075
:104CD000426C002A04D08B00D2181368002B08D134
:104CE000200000F015F82A0001002000F9F732FD3D
:104CF0000DE00020012B0AD0591C03D1173323608B
:104D0000013004E00024280014609847200070BDA2
:104D100010B5FAF787F810BD02780B78002A03D097
:104D2000013001319A42F7D0D01A70470023C25C9B
:104D30000133002AFBD1581E7047002330B59A4238
:104D40000BD0013AC45CCD5CAC4205D19A4202D092
:104D50000133002CF6D12500631B180030BD030081
:104D600030B5002A0DD00C7801335D1E013A2C704D
:104D70000131002CF5D19A189A4202D01C700133EF
:104D8000FAE730BDEC300068704782B0002900D1EE
:104D900001A9101E09D0002B05D013780B601078E4
:104DA000431E984101E00220404202B07047F7B52F
:104DB000170001938A680B6900900C00934200DA97
:104DC000130022003B6043321278002A01D00133E5
:104DD0003B6023689B0602D53B6802333B60062597
:104DE00023681D401ED0230043331B785A1E934175
:104DF000226892061CD53020E1184331087021004A
:104E00005A1C45310978A2184332023311700FE061
:104E100022000123193201990098089EB047431CD3
:104E20000ED00135E3683A689B1A9D42F0DBDAE761
:104E30002200019943320098089DA847431C02D1E3
:104E40000120404220E006232068E1683A680340E0
:104E50000025042B03D18D1AEB43DB171D40A368FB
:104E60002269934201DD9B1AED180027BD420AD04A
:104E7000220001231A3201990098089EB047431C72
:104E8000DED00137F2E70020FEBD0B1E07D0FF2A5F
:104E900003D98A2303608B3B01E001230A701800C9
:104EA00070470000F8B5C046F8BC08BC9E46704785
:104EB000F8B5C046F8BC08BC9E467047000000002C
:104EC0000108010842424242010801083ED8E98D2A
:104ED000D59501000D9601002D960100499601001F
:104EE0006996010089960100A9960100C996010002
:104EF000F99601002997010071970100919701002F
:104F0000E59701001BFE02002DFE0200259801001E
:104F100075980100B1980100D198010019AA01000B
:104F2000D7EF0200B99D01004D9F0100599F01007C
:104F3000719F0100918E0100659F0100099E010093
:104F400087020300C1930100A18E010073F20200E9
:104F5000A99001006190010065910100D58A0100CE
:104F6000EDF00200F9F00200498C01003FF102006F
:104F7000DDF502007BF502004D94010061F80200AE
:104F8000150003001700030068560300B455030022
:104F9000F85503005C570300F700030015010300F8
:104FA0004D0403006F0303001D00030019000300FC
:104FB0001B000300D59201005D92010003F702007F
:104FC00015F2020029F20200618F0100D58F010065
:104FD00047F20200ED8F010039F002007BF1020080
:104FE0008FF1020093F102009DF10200ABF102008B
:104FF000B5F10200C7F10200D1F10200DBF10200BD
:10500000BDF60200E7F602000D0103009102030065
:1050100015A001006DA00100B5880100C188010044
:105020002189010025F002002DF102001D8C0100F4
:10503000298901006FF002009D8B0100998A01000F
:1050400073F00200D9F00200E7F0020091F60200CE
:105050007FF30200A3F30200C7F302000FF4020083
:105060003DF402007BF202000DF3020099F202000F
:10507000B7F20200CFF20200E7F20200F5F20200FE
:10508000B3F70200D9F70200FFF7020025F802008B
:1050900043F8020099F60200ABF60200B9F50200EF
:1050A000CBF502009991010063F102008BF402003C
:1050B0002BF502003BF502004BF502005BF5020008
:1050C0006BF50200419201006FF1020073F10200E2
:1050D000B59B0100918E0100E5F10200A18E010057
:1050E000EBF10200EFF10200F3F10200118F010079
:1050F00007F202004D8F01000FF20200059001003F
:1051000071F2020011900100F99301006DF80200A4
:105110006D94010091940100E194010083F8020074
:1051200029A20100BD03030045A70100E97C02009C
:105130002D6C0200556C02007D900200418302003C
:10514000898B020019AA0100B18101008BEE0200D7
:1051500093EE0200D5810100FD810100B9EE02004D
:105160002D820100C7EE0200E5EE02000FEF020003
:1051700037EF02003DEF020043EF020053EF020061
:1051800061EF0200FDA7010025A801007DA8010034
:105190008DA80100B9A80100770403007F04030073
:1051A0006FEF020095830100F58301007DEF02009F
:1051B0009DEF020019840100BDEF0200E1840100AF
:1051C00029850100398501004D8501005D850100BB
:1051D0008D850100E1850100F5850100A70203002E
:1051E000AF020300BB020300C3020300CB020300B3
:1051F000D3020300D5020300DF020300F102030023
:10520000ADA00100B9A00100FF020300C5A001008C
:105210000F030300D5A001001703030019030300C7
:10522000E5A00100290303002B030300F5A0010002
:1052300005000300959B0100A99B01000F000300DE
:10524000110003006D82010081820100C98201000A
:10525000DD820100F1820100018301001183010060
:105260002183010031830100418301005D8301003E
:1052700009FE020011FE0200619501007595010012
:1052800019FE02003FFE020047FE020057FE020028
:105290006BFE02007BFE02008FFE0200A3FE0200F6
:1052A000F9980100C7FE02000599010041FF0200C4
:1052B00043FF02002599010075990100C59901007D
:1052C000D199010057FF020077FF020087FF02001B
:1052D00093FF0200319A0100599A010095FF0200E4
:1052E000A19A0100A7FF0200B7FF0200159B010071
:1052F000CBFF0200EDFF0200759B01000D8601004F
:10530000498601008D860100C9860100F1860100F1
:105310000D8701009D870100E5870100F5870100E9
:105320001588010025880100D5EF0200DBF9020095
:10533000DFF90200F7F902000BFA020013FA02008B
:1053400029FA0200EDFC0200E9FD02007BFA0200EE
:105350007FFA0200A5FA0200C9FA020039FB020036
:105360002595010047FB0200B5FB0200C5FB0200CA
:10537000EFFB0200FBFB02003B0003004B000300BD
:105380005B0003006B0003007B0003008B00030045
:105390009B000300AB00030099F80200BDF8020077
:1053A000CDF80200DDF80200EDF80200FDF8020081
:1053B0000DF902001DF902007505030093050300B5
:1053C000B7050300B5950100C5950100C59B010017
:1053D000859B010003000300859501009595010060
:1053E000A595010000000000010000000000000081
:1053F0000A0000000000000064000000000000003F
:10540000E80300000000000010270000000000007A
:10541000A08601000000000040420F0000000000D4
:10542000809698000000000000E1F50500000000F3
:1054300000CA9A3B0000000000E40B540200000088
:1054400000E87648170000000010A5D4E80000002E
:1054500000A0724E1809000000407A10F35A0000B4
:10546000E2652F227F2B7A3C075C143326A6813C11
:10547000BDCBF07A8807703C075C143326A6913CBC
:105480004FBB610567ACDD3F182D4454FB21E93F5C
:105490009BF681D20B73EF3F182D4454FB21F93F4B
:1054A000000000000000E03F000000000000E0BF3E
:1054B000763C7935EF39EA3D763C7935EF39EABD0E
:1054C0000000E0FE422EE63F0000E0FE422EE6BF76
:1054D000000000000000000000000000000000804C
:1054E00000000040FB21F93F000000002D44743E05
:1054F000000000809846F83C0000006051CC783BEA
:1055000000000080831BF0390000004020257A381D
:10551000000000802282E336000000001DF36935A0
:10552000080004F90000000009000000000000006D
:105530004BEE020055EE020045EE020047EE02007F
:10554000000000000000000000000000000000005B
:105550006856030004006E756C6C0000685603000A
:1055600009002D496E66696E6974790068560300FA
:105570000800496E66696E69747900006856030018
:105580000900756E646566696E656400685603009F
:1055900004007472756500006856030008006675A3
:1055A0006E6374696F6E0000B45503000000000064
:1055B00000000000080004F90000000003000000E3
:1055C00000000000D9EF0200C193010000000000BC
:1055D00001F00200000000000000000000000000D8
:1055E0000000000068560300000000006856030039
:1055F000050066616C7365000C0002F90000000094
:105600000200000000000000D9EF0200C193010079
:1056100000000000FDEF020000000000000000009C
:1056200000000000000000006856030008005B4F07
:10563000626A6563745D0000685603000900756E58
:10564000646566696E6564006856030006006F62F3
:105650006A656374000000006856030006006E75FA
:105660006D62657200000000080003F90000000090
:105670000100000000000000D9EF0200C19301000A
:10568000E3EF0200DBEF0200E5EF020009F00200A9
:10569000E9EF0200EDEF02006856030003004E61DF
:1056A0004E000000685603000600737472696E674E
:1056B00000000000685603000700626F6F6C6561B0
:1056C0006E000000685603000A005B46756E637446
:1056D000696F6E5D000000000C2500201C25002075
:1056E0002C2500203C2500204C2500205C25002096
:1056F0006C2500207C2500208C2500209C25002086
:10570000AC250020BC250020CC250020DC25002075
:10571000EC250020FC2500200C26002000000000C5
:10572000000000001C2600202C2600200C0004F99C
:10573000000000000600000000000000D900030087
:105740003902030019040300610403000000000093
:105750000000000000000000000000000C0005F93F
:10576000000000000400000000000000F50003003D
:10577000F900030023040300650403000000000097
:10578000000000000000000000000000080004F914
:10579000000000000700000000000000FD00030002
:1057A000FB0003002F0403006F040300000000004F
:1057B000000000000000000000000000140004F9D8
:1057C000000000000800000000000000E3000300EB
:1057D000F300030039040300730403000000000019
:1057E00000000000000000000000000000000000B9
:1057F0000000000041A90100E104030005000000D1
:105800000500000003000000090000000D04000076
:105810006765030000000000000000008F07030020
:105820008B0403009707030099070300FFFF0000A4
:1058300000000000FFFF0100010000000000000068
:1058400000000000890403008B040300910403009E
:10585000930403000000000000000000890403001E
:105860008B040300C90E0300CB0E0300890E030056
:10587000A50E0300A90E0300C50E0300B1BF010071
:10588000B9BF0100A90F03000000000000000000E4
:1058900071C401008B04030059C4010067100300A8
:1058A0000000000000000000890403008B040300D6
:1058B000A7100300A9100300ADC501008710030065
:1058C000A3100300B5C50100B510030000000000DF
:1058D00000000000271903008B04030079CE0100AB
:1058E000A31603000100000017000000460000009E
:1058F000A30000005F010000D6020000C405000004
:10590000A00B00000000000000000000411E03008A
:1059100081D70100E9D60100991C030071D801006C
:10592000AB1C0300591E0300F8FFFFFF000000003E
:105930008904030085D9010091D80100A1D8010094
:105940000000000000000000890403008B04030035
:105950008F0403009F04030000000000000000000B
:1059600089040300E3210300D5210300D7210300AC
:10597000000000000000000089040300EF24030081
:10598000B1240300B3240300000000000000000065
:10599000D9EB010009250300C40900000000000044
:1059A000881300000800000010270000100000000D
:1059B000204E000018000000803801002000000088
:1059C000007102002800000000E204003000000026
:1059D0000088130038000000E059030003000000B5
:1059E00002000000000000000400000001000000B0
:1059F000080000000200000000000000000000009D
:105A0000890403004B2503001DEF01005525030009
:105A1000890E0300A50E0300A90E0300C50E0300A6
:105A200029EE010061EF0100A90F0300BCFFFFFF99
:105A3000000000008904030019EE010041EF01009D
:105A400051EF01000DEF010087100300A3100300C8
:105A500061F00100B5100300985903000800000030
:105A6000E204000000000000C4090000080000007B
:105A7000881300001000000010270000180000002C
:105A8000204E0000200000008038010028000000A7
:105A9000007102003000000000C40900380000005E
:105AA000A85A0300030000000200000000000000EC
:105AB00004000000010000000800000002000000D7
:105AC00000000000000000008904030079250300A5
:105AD000A9F1010083250300890E0300A50E030030
:105AE000A90E0300C50E0300F5F00100C1F101008D
:105AF000A90F0300605A0300080000000000000026
:105B00000000000089040300A725030095F20100AE
:105B1000B12503003DF3010087100300A31003002B
:105B2000ADF20100B5100300D43000000000000009
:105B3000A86100002000000050C3000040000000E9
:105B4000A086010060000000400D030080000000FE
:105B5000801A06008800000000350C00900000004C
:105B6000006A1800B000000000D43000D00000002F
:105B700000A86100F00000000050C300F800000021
:105B8000285B03000B000000000000000000000084
:105B900089040300D5250300C9F40100DF250300B3
:105BA000890E0300A50E0300A90E0300C50E030015
:105BB00035F40100E1F40100A90F030069020000BF
:105BC00080000000E802000090000000C40900000E
:105BD0007000000088130000600000001027000023
:105BE00050000000204E000040000000409C0000DB
:105BF00030000000A08601002000000040420F009D
:105C0000100000000C5C0300040000000200000013
:105C10000000000004000000100000000800000068
:105C2000200000001000000030000000BC5B0300FA
:105C300009000000000000000000000089040300CB
:105C40000326030031F601000D260300D1F5010003
:105C500087100300A310030049F60100B5100300EC
:105C6000102700000C000000204E0000080000007B
:105C700050C3000004000000A086010000000000E6
:105C8000605C030004000000000000000000000051
:105C90008904030065FA010081F90100B9270300B6
:105CA0000000000000000000E32B030000000000E3
:105CB0000000000089040300710D0200292C03007C
:105CC0002B2C0300000000000000000089040300EA
:105CD000212E0300332D0300352D030000000000AA
:105CE00000000000C128020011380300000000007D
:105CF00000000000AD280200FF3703000000000094
:105D00000000000099280200ED37030000000000A9
:105D100000000000D5280200233803000000000026
:105D2000000000002D350300313503003535030038
:105D300039350300A92602003D3503004135030033
:105D400045350300493503004D3503005135030047
:105D500055350300593503005D35030061350300F7
:105D600065350300693503006D35030071350300A7
:105D7000773503007B3503007F350300833503004F
:105D8000873503008B3503008F35030093350300FF
:105D9000973503009B3503009F350300CF47030071
:105DA000CF4703008529020000000000000000002A
:105DB0008528020097370300000000000000000063
:105DC0005D2802007337030000000000000000009F
:105DD00049280200613703000000000000000000B5
:105DE000352802004F3703000000000000000000CB
:105DF000212802003D3703000000000000000000E1
:105E00007128020085370300000000000000000038
:105E1000B7350300BB350300BF350300C3350300AE
:105E2000C7350300CB350300CF350300D33503005E
:105E3000D735030097390300000000000000000080
:105E4000E9280200353803000000000000000000CF
:105E50000D2802002B3703000000000000000000A6
:105E6000DB350300B1260200DF350300E335030014
:105E7000E7350300E9350300ED350300F135030094
:105E8000F3350300F7350300FB3503004738030003
:105E9000000000000000000003370300F736030095
:105EA000EB360300E336030043360300A33503005B
:105EB000A7350300AB350300AF350300B33503004E
:105EC000DF3703000000000000000000DB380300A3
:105ED000053603008B3803009927020009360300BA
:105EE0000D360300773903005739030045270200B8
:105EF000FD2802001127020011360300312902009B
:105F0000293903000000000000000000613B03008D
:105F1000953B0300B73A0300BB3A0300BF3A0300C6
:105F2000C53A030041350300B9320200E53A0300E7
:105F30000F3B0300213B0300373B03004D3B0300B5
:105F4000673C0300C73B0300DB3B0300ED3B030062
:105F5000FF3B030069310200193C03008B3C030046
:105F6000EF3C03001D3C0300253C03002D3C0300D7
:105F7000313C0300373C03003D3C03009B350300EC
:105F8000B5310200C33C0300A9330200593D0300B0
:105F900000000000000000007D35020055340200C2
:105FA0009F3D03006D34020089340200D53D03009B
:105FB000133E03003B3E0300D73503005937020070
:105FC0004F440300A13A0200274403003344030076
:105FD00047440300313902004B4403002B440300C3
:105FE00043440300593B0200234403003B440300A5
:105FF00067440300A1470200CD4702005947020051
:10600000254702006946020039460200BD4B0200E6
:10601000A14B02000D4B0200000000000000000038
:10602000E5540200CD450300000000000000000020
:106030008D040300AB04030000000000000000001A
:106040004B4603003D4603003F46030000000000AE
:106050000000000087040300B704030000000000F4
:10606000000000005DCE0100B5160300B746030036
:106070000000000000000000395602002F47030016
:106080000F470300000000000000000000000000B7
:1060900000000000CF4703002D670200B96702002F
:1060A000D94B0300DB4B0300D1670200986003006B
:1060B00028290020010000000070004004000000BA
:1060C0000200000000700040080000000300000013
:1060D000007000401000000004000000007000404C
:1060E000200000000500000000700040400000009B
:1060F000060000000070004080000000FF0000006B
:10610000FFFFFFFF00000000B004000000F00400EB
:106110006009000000D00900C012000000B01300A8
:1061200080250000005027004038000000003B00A0
:10613000004B000000A04E008070000000F07500D1
:10614000127A0000000080000096000000509D00C0
:1061500000E1000000F0EB00002C010000903A018B
:1061600000C2010000E0D7010084030000B0AF03CB
:1061700090D00300000000040008070000705F07D3
:1061800000100E00A4DFBE0E40420F000000001001
:10619000227402004673020004740200DC730200E1
:1061A00004740200D073020004740200DC73020065
:1061B0004673020046730200D0730200DC730200D3
:1061C0008874020088740200887402000A74020055
:1061D0004673020046730200F0730200DA73020095
:1061E000F0730200D0730200F0730200DA73020051
:1061F0004673020046730200D0730200DA73020095
:10620000887402008874020088740200947402008A
:1062100080770200DE760200DE760200DC76020085
:10622000727702007277020068770200DC76020063
:10623000727702006877020072770200DC76020053
:1062400078770200787702007877020002780200FF
:1062500030850200FE83020004850200F483020000
:10626000048502000E85020004850200F48302000A
:10627000FE830200FE8302000E850200F48302000A
:10628000EA830200EA830200EA83020060870200D8
:10629000788D0200388C0200388C0200368C0200A7
:1062A000508D0200508D0200428D0200368C02009B
:1062B000508D0200428D0200508D0200368C02008B
:1062C000588D0200588D0200588D0200588F020030
:1062D00061636F730000000061636F73680000000A
:1062E0006173696E000000006174616E68000000F7
:1062F000636F73680000000065787000666D6F64FE
:10630000000000006C6F67006C6F673130000000A8
:1063100073696E6800000000737172740000000001
:10632000FB21F93FFB2109407CD91240FB21194098
:106330007A6A1F407CD92240BBFD2540FB212940C1
:106340003A462C407A6A2F405C4731407CD9324033
:106350009C6B3440BBFD3540DB8F3740FB2139401F
:106360001BB43A403A463C405AD83D407A6A3F40D6
:106370004C7E40405C4741406C1042407CD94240DA
:106380008CA243409C6B4440AC344540BBFD45402F
:10639000CBC64640DB8F4740EB584840FB21494085
:1063A00083F9A200444E6E00FC291500D157270046
:1063B000DD34F50062DBC0003C999500419043005C
:1063C0006351FE00BBDEAB00B761C5003A6E24002E
:1063D000D24D42004906E00009EA2E001C92D1008D
:1063E000EB1DFE0029B11C00E83EA700F535820038
:1063F00044BB2E009CE98400B4267000417E5F00FF
:10640000D6913900538339009CF439008B5F8400A6
:1064100028F9BD00F81F3B00DEFF97000F9805002C
:10642000112FEF000A5A8B006D1F6D00CF7E3600D2
:1064300009CB2700464FB7009E663F002DEA5F005C
:10644000BA277500E5EBC7003D7BF100F73907007F
:1064500092528A00FB6BEA001FB15F00085D8D005D
:10646000300356007BFC4600F0AB6B0020BCCF0035
:1064700036F49A00E3A91D005E619100081BE60056
:1064800085996500A0145F008D40680080D8FF00EA
:1064900027734D0006063100CA561500C9A87300BF
:1064A0007BE260006B8CC000020000000300000073
:1064B00004000000060000000000000000000000D2
:1064C00000000000000000000000000000000000CC
:1064D00000000000000000000000000000000000BC
:1064E00000000000000000000000000000000000AC
:1064F000000000000000000000000000000000009C
:10650000000000000000000000000000000000008B
:1065100000000000000000006C2000203031323309
:1065200034353637383961626364656600CFDBDF46
:10653000E4E7ECF1F680C0B112F5E6267930DAA294
:106540006E0273B604384AB112F5E6267930DAA243
:106550006E0273B6043849312E5800322E300032A4
:106560002E3200322E580000000402020402000005
:1065700002040404000202000404030100000103F9
:1065800003030001010203030402010103010403E8
:1065900001000300000401010200000302526562D1
:1065A0006F6F744D6F646500666C617368496E63EC
:1065B0006F6D706C657465007A76677074756F695D
:1065C00065617A76677074756F6965617A766770F0
:1065D0007400000402020402000002040404000229
:1065E000020004040301000001030303000101028F
:1065F000030304020101030104030100030000047A
:10660000010102000003021B1B000E11000000002C
:106610000008080800080A4A4000000A5FEA5FEA2A
:106620000ED92ED36E19324489330C924C924D08F8
:106630000800000004880808040804848488000A0C
:10664000448A4000048EC480000000048800000ECC
:10665000C000000000080001224488100C92525231
:106660004C048C84848E1C824C901E1EC244924C1E
:1066700006CA525FE21FF01EC13E02448ED12E1F99
:10668000E24488100ED12ED12E0ED12EC4880008DF
:1066900000080000048004880244880482000EC0C0
:1066A0000EC008048244880ED126C0040ED135B332
:1066B0006C0C925ED2521C925C925C0ED010100E4A
:1066C0001C9252525C1ED01C901E1ED01C90100EAC
:1066D000D013712E12525ED2521C8808081C1FE281
:1066E00042524C1254981492101010101E113B7507
:1066F000B131113935B3710C9252524C1C925C90ED
:10670000100C92524C861C925C92510ED00C825C02
:106710001FE4848484125252524C1131312A4411A4
:106720003135BB7112524C9252112A4484841EC4DA
:1067300088101E0EC808080E10080482410EC242BE
:10674000424E048A400000000000001F0804800040
:1067500000000ED2524F10101C925C000ED0100E92
:1067600002424ED24E0C925C900E06C81C88080E57
:10677000D24EC24C10101C92520800080808024069
:1067800002424C10149814920808080806001B7561
:10679000B131001C925252000C92524C001C925C7F
:1067A00090000ED24EC2000ED010100006C8049801
:1067B00008080EC807001252524F0011312A440037
:1067C000113135BB00124C8C9200112A4498001EE6
:1067D000C4881E06C48C8486080808080818080C9B
:1067E000881800000C836000000100020003000410
:1067F0000000010101020103010401000201020283
:106800000203020402000301030203030304030062
:10681000040104020403040404302C3235352C3006
:106820002C3235352C300A302C3235352C302C3288
:1068300035352C300A302C302C302C302C300A32AC
:1068400035352C302C302C302C3235350A302C326A
:1068500035352C3235352C3235352C300A0054493B
:106860004C5420544F2046494C4C205343524545EC
:106870004E2000636F6D7061737343616C007465CB
:106880006D7043616C00E95DFB24251D470AA06221
:10689000FA1922DFA9A8E95DCA4B251D470AA062A3
:1068A000FA1922DFA9A8E95D0753251D470AA0624E
:1068B000FA1922DFA9A8FFFF14000500FFFFFFFF60
:1068C000FFFFFFFFFFFFFFFF00FFFFFF000000FFD4
:1068D000FFFFFFFFFFFFFF00FFFFFF000000FF00C3
:1068E00000000000FFFF00FFFFFF000000FF0000AE
:1068F0000000000000000000FFFFFFFFFFFFFF009F
:10690000FFFFFF000000FF0000000000FFFFFFFF8F
:10691000FFFFFFFFFFFFFFFF00FFFFFF000000FF83
:106920000000FFFF00FF00FF00FF00FFFFFF00FF70
:1069300000FF00FF0000FFFF00626C6553797341A8
:106940007474727300424243206D6963726F3A62DD
:106950006974005D00424243206D6963726F3A6260
:106960006974205B00302C302C3235352C302C30C3
:106970000A302C3235352C302C302C300A3235355B
:106980002C3235352C3235352C3235352C323535E7
:106990000A302C3235352C302C302C300A302C304B
:1069A0002C3235352C302C300A00302C302C302C49
:1069B000302C300A302C302C302C302C3235350A2B
:1069C000302C302C302C3235352C300A3235352CE9
:1069D000302C3235352C302C300A302C3235352CD9
:1069E000302C302C300A003235352C302C302C3005
:1069F0002C3235350A302C3235352C302C323535A9
:106A00002C300A302C302C3235352C302C300A30DA
:106A10002C3235352C302C3235352C300A32353588
:106A20002C302C302C302C3235350A00322E312EC1
:106A3000312D2D6700E2ECF0F4F8FC0004E95DDA9A
:106A400090251D470AA062FA1922DFA9A8E95D98DE
:106A500082251D470AA062FA1922DFA9A8E95DDA9A
:106A600091251D470AA062FA1922DFA9A8E95D93C2
:106A7000B0251D470AA062FA1922DFA9A8E95D9393
:106A8000B1251D470AA062FA1922DFA9A82E636F5B
:106A90006D2F002E6F72672F002E6564752F002EEC
:106AA0006E65742F002E696E666F2F002E62697AF4
:106AB0002F002E676F762F002E636F6D002E6F7282
:106AC00067002E656475002E6E6574002E696E6613
:106AD0006F002E62697A002E676F7600687474709A
:106AE0003A2F2F7777772E0068747470733A2F2FB0
:106AF0007777772E00687474703A2F2F006874745B
:106B000070733A2F2F00AAFEE95DB84C251D470A85
:106B1000A062FA1922DFA9A8E95D9775251D470A29
:106B2000A062FA1922DFA9A8E95D93AF251D470AE3
:106B3000A062FA1922DFA9A8E95D23C4251D470A2E
:106B4000A062FA1922DFA9A8E95D5404251D470AAD
:106B5000A062FA1922DFA9A8E95DB9FE251D470A3E
:106B6000A062FA1922DFA9A8E95D8D00251D470A58
:106B7000A062FA1922DFA9A8E95DD822251D470ADB
:106B8000A062FA1922DFA9A8E95D127B251D470A38
:106B9000A062FA1922DFA9A8E95D5899251D470AC4
:106BA000A062FA1922DFA9A8E95D93EE251D470A24
:106BB000A062FA1922DFA9A8E95D0D2D251D470A5B
:106BC000A062FA1922DFA9A8E95D7B77251D470A93
:106BD000A062FA1922DFA9A8E95DD91D251D470A7F
:106BE000A062FA1922DFA9A8E95DF2D8251D470A9B
:106BF000A062FA1922DFA9A8E95D386C251D470AB1
:106C0000A062FA1922DFA9A8E95DFB11251D470A38
:106C1000A062FA1922DFA9A8E95DB358251D470A29
:106C2000A062FA1922DFA9A8E95D9715251D470A78
:106C3000A062FA1922DFA9A8E95D9250251D470A32
:106C4000A062FA1922DFA9A8E95D1B25251D470AC4
:106C5000A062FA1922DFA9A8E95D6100251D470A93
:106C6000A062FA1922DFA9A801FF01AAE97D3B1061
:106C7000251D470AA062FA1922DFA9A8E97DD91DBE
:106C8000251D470AA062FA1922DFA9A862616420C3
:106C900068616E646C6520746F20756E6465726CDB
:106CA00079696E67207472616E73706F7274006EB2
:106CB000400001B5A3F393E0A9E50E24DCCA9E6E63
:106CC000400002B5A3F393E0A9E50E24DCCA9E6E52
:106CD000400003B5A3F393E0A9E50E24DCCA9E4966
:106CE0004E495449414C495A4154494F4E5F494ECF
:106CF000434F4D504C455445004E6F7264696320BC
:106D0000424C45342E31207665723A2575206677DF
:106D10003A25303478004E6F7264696320287370AE
:106D2000656320756E6B6E6F776E29207665723A9B
:106D300025752066773A2530347800756E6B6E6F56
:106D4000776E00010203D8E2ECF0F4F8FC00046E68
:106D500052463578004E6F20617661696C61626CD5
:106D60006520493243004F6E6C7920386269747334
:106D70002053504920737570706F727465640053AE
:106D8000504920666F726D6174206572726F720077
:106D90004E6F20617661696C61626C652053504969
:106DA00000636F756C64206E6F742070696E6F7510
:106DB000740070696E6D6170206D69732D6D617402
:106DC00063680070696E6D6170206E6F7420666F0D
:106DD000756E6420666F7220706572697068657286
:106DE000616C0070696E6D6170206E6F7420666FEB
:106DF000756E6420666F722066756E6374696F6E5F
:106E000000504F53495800232D302B2000686C4C04
:106E100000656667454647003031323334353637D2
:106E2000383941424344454600002020202020209C
:106E3000202020282828282820202020202020202A
:106E4000202020202020202020208810101010102A
:106E5000101010101010101010100404040404047A
:106E6000040404041010101010101041414141415D
:106E700041010101010101010101010101010101C2
:106E80000101010101101010101010424242424253
:106E90004202020202020202020202020202020292
:106EA0000202020202101010102000000000000078
:106EB00000000000000000000000000000000000D2
:106EC00000000000000000000000000000000000C2
:106ED00000000000000000000000000000000000B2
:106EE00000000000000000000000000000000000A2
:106EF0000000000000000000000000000000000092
:106F00000000000000000000000000000000000081
:106F10000000000000000000000000000000000071
:106F20000000000000000000000000000000000061
:106F3000F011FE7F0100000000000000A10D0C0018
:106F4000000400000C660300456903002C6A03007E
:106F50008D6A0300936A0300996A03009F6A030025
:106F6000A56A0300AC6A0300B26A0300B86A0300B2
:106F7000BD6A0300C26A0300C76A0300CC6A03004B
:106F8000D26A0300D76A0300DC6A0300E86A0300E0
:106F9000F56A0300FD6A0300204E0000CF440300A1
:106FA000204E000000000000B8640300D864030015
:106FB000F864030000000000000000000000000072
:106FC00000000000000000000000000000000000C1
:106FD00000000000000000000000000000000000B1
:106FE00000000000000000000000000000000000A1
:106FF0000000000000000000000000000000000091
:10700000000000006C200020430000000000000091
:107010000000000000000000000000000000000070
:10702000000000000000000043000000000000001D
:107030000000000000000000000000000000000050
:1070400000000000000000004300000000000000FD
:107050000000000000000000000000000000000030
:1070600000000000000000004300000000000000DD
:107070000000000000000000000000000000000010
:1070800000000000000000004300000000000000BD
:1070900000000000000000000000000000000000F0
:1070A000000000000000000043000000000000009D
:1070B00000000000000000000000000000000000D0
:1070C000000000000000000043000000000000007D
:1070D00000000000000000000000000000000000B0
:1070E00000000000000000008B4E03008B4D0300E9
:1070F00000000000296E0300E66A0300E669030051
:10710000E6690300E6690300E6690300E669030037
:10711000E6690300E6690300E6690300E669030027
:10712000FFFFFFFFFFFFFFFFFFFFFFFFFFFF00006D
:1071300001004153434949000000000000000000E5
:10714000000000000000000000000000000000003F
:1071500000004153434949000000000000000000C6
:10716000000000000000000000000000000000001F
:1071700000000000204EFFFF00000000FFFF0F1086
:1071800010070004FF000001E9800100E1A70100F1
:10719000C5AA0100B9B8010025BC010041BF01002A
:1071A00069BF010095D90100C18001000000000005
:10C00000903C002061DC030073DC030075DC03005E
:10C010000000000000000000000000000000000020
:10C0200000000000000000000000000069C10300E3
:10C03000000000000000000079DC03007BDC03004E
:10C040007DDC03007DDC03007DDC03007DDC030080
:10C050007DDC0300000000007DDC03007DDC0300CC
:10C060007DDC03007DDC03007DDC03007DDC030060
:10C070007DDC03007DDC03007DDC03007DDC030050
:10C080007DDC0300B3D703007DDC03007DDC03000F
:10C09000C9D703007DDC0300A9F303007DDC0300A6
:10C0A0007DDC03007DDC03000000000000000000D8
:10C0B0000000000000000000000000000000000080
:10C0C00000F002F800F040F80CA030C8083824183E
:10C0D0002D18A246671EAB4654465D46AC4201D1C0
:10C0E00000F032F87E460F3E0FCCB64601263342B2
:10C0F00000D0FB1AA246AB46334318476C3600000B
:10C100008C360000103A02D378C878C1FAD85207AA
:10C1100001D330C830C101D504680C6070470000FD
:10C120000023002400250026103A01D378C1FBD853
:10C13000520700D330C100D50B6070471FB5C04611
:10C14000C0461FBD10B510BD03F091FA1146FFF7B0
:10C15000F5FF00F0D3F803F0A9FA03B4FFF7F2FFFC
:10C1600003BC03F0ADFA00000648704502D1EFF3BE
:10C17000098101E0EFF30881886902380078024AFA
:10C1800010470000FDFFFFFF95D40300401E00BFD5
:10C1900000BF00BF00BF00BF00BF00BF00BF00BFA7
:10C1A00000BF00BF00BFF1D170470000401E00BFBC
:10C1B00000BF00BF00BF00BF00BF00BF00BF00BF87
:10C1C00000BF00BF00BFF1D170470000401E00BF9C
:10C1D00000BF00BF00BF00BF00BF00BF00BF00BF67
:10C1E00000BF00BF00BFF1D170470000056885F3B4
:10C1F000088846680A4AEFF305839A42304602D11E
:10C20000084CA6463047074C064D0646064FF0B48C
:10C21000034C034D024E024FF0B4044800470000A7
:10C2200000000000FFFFFFFF00000021F9FFFFFFFB
:10C2300070B505460C46164602E00FCC0FC5103E01
:10C24000102EFAD2082E02D303CC03C5083E042ECA
:10C2500007D301CC01C5361F03E021782970641C87
:10C260006D1C761EF9D270BD0A4610B501466648AF
:10C2700003F012F810BD10B502F026FC10BD10B589
:10C28000624C86B01ECC03946C460EC4002807D0C6
:10C29000684618DF002803D00022114602F0FCFF98
:10C2A0000F20800313DF002803D00022114602F084
:10C2B000F3FF574B48225749092003F051F8002853
:10C2C00003D00022114602F0E7FF00200490059001
:10C2D00001206946087404A860DF002803D000220A
:10C2E000114602F0D9FF4C4803F056F8002803D05D
:10C2F0000022114602F0D0FF06B010BD08B5474835
:10C30000C169B12943D0002445480F214069890300
:10C31000884204D000221146104602F0BDFF0120E1
:10C320000007006901218902884204D000221146D9
:10C33000104602F0B1FF3B4800903B4B0522032121
:10C34000002001F068FA002803D00022114602F014
:10C35000A3FF00F015FC00F058FC012500281AD0BE
:10C3600000F062FC002803D00022114602F094FF86
:10C3700020466840FFF783FF00F038F800F07AFCB1
:10C3800000280ED00022114602F086FF09E00124A9
:10C390000021C161B8E720466840FFF770FF00F058
:10C3A00025F803252D03002C04D1A86800F03EFBDE
:10C3B000002807D100F0F5FB002803D00022114629
:10C3C00002F06AFFA86800F031FB002806D000F0F8
:10C3D0001CFC002802D1A86800F0EFFBBFF34F8FD0
:10C3E00013491248C860BFF34F8FFEE7094A10B5E2
:10C3F00048321421082002F0B9FE002803D00022A0
:10C40000114602F049FF10BDEFBEADDEE8F60300B5
:10C41000C7F203002C2B002077C203000005004068
:10C42000001000104BDC0300EC2800200400FA058B
:10C4300000ED00E070B5FF4C1E46A06815460229CD
:10C4400002D0042916D108E0052813D1A369002BD6
:10C4500010D03246294604200BE002280AD1F648C3
:10C46000406880470320A060A369002B02D03246B9
:10C4700029469847280003D00022114602F00CFFFD
:10C4800070BD4CB5EB4E0120307005200195009435
:10C4900000F006FB4CBD10B5E64C2078002801D01A
:10C4A000082010BD206901F0A2FA002803D0002264
:10C4B000114602F0F1FE0F2100228904206901F0EB
:10C4C00059FA040003D00022114602F0E5FE20468E
:10C4D00010BDD84910B5D7481C3141610221816097
:10C4E000C1681C3002F007FD002803D0002211466D
:10C4F00002F0D2FE10BD00B589B01822CF4902A8C3
:10C50000FFF796FE069807990090019102A80FC8C0
:10C5100000F0C6FA09B000BD00B5C64987B0498829
:10C520006A4611810321090389680691C2490120E5
:10C5300050394A6803928A680492C9680591069A3C
:10C540000091019202A90EC900F0AAFA002007B0DA
:10C5500000BD10B588B0182102A802F0C5FF002464
:10C56000B4480294408869468881B3480799503896
:10C57000C06806900191009003A90EC9204600F002
:10C580008FFA204608B010BD00B5AA4987B0498887
:10C590006A461181A849032050394A6803928A6883
:10C5A0000492C9680591069A0091019202A90EC9E8
:10C5B00000F076FA0020CAE73EB5A04A6B46183272
:10C5C00007CA07C39B4D00246C7029466C801C3140
:10C5D000684602F044FC002801D0AC603EBD032058
:10C5E0009449000380681C3148609248944A0021B5
:10C5F000103001F063F9002803D00022114602F048
:10C600004BFE0F2100228904286901F0B3F90028AC
:10C6100003D00022114602F03FFE01206C60A860AA
:10C6200000203EBD83498861704770B542688248EA
:10C630001468536891685038D26804604360C260DF
:10C6400081600078440701D5840705D19C0703D198
:10C650008C0701D1940701D0062070BD5B189A1891
:10C66000744D0F239B02EA60994207D80321090306
:10C6700089687723DB02591A914201D20C2070BDE0
:10C680006D4C7049216070496160C10701D06F48ED
:10C6900004E0800701D56E4800E06E48A060A868FD
:10C6A000012802D00826304670BDFFF7F4FE0600D0
:10C6B000FAD12168E8688847F5E770B5050004D02D
:10C6C000287A800703D0102070BD0E2070BD594C11
:10C6D000A068032805D0042801D0052803D008202D
:10C6E00070BD0520A0606868E168860060688019F8
:10C6F000884204D90020C04360600C2070BDFFF761
:10C70000CAFE0028FAD1A96832466368606902F05F
:10C71000C2FB0028F2D1616889196160E268914228
:10C72000ECD0092070BD10B5424C0820616800298A
:10C7300000D010BDA1680429FBD13F486178403882
:10C7400002F010FC002802D00021617010BD05210C
:10C75000A16010BDF8B5374C0746A068032804D087
:10C76000042804D008252846F8BD0420A06060688D
:10C77000002801D00820F8BDFFF78DFE0500FAD192
:10C780007868860060788119402901D90920F8BDB0
:10C79000294AB968403A1018324602F046FE6078DD
:10C7A00080196070DFE710B5224CA068052813D10E
:10C7B000E168606888420FD10620A060FFF76BFE39
:10C7C000002808D16069E168406802F005FC002893
:10C7D00001D10721A16010BD082010BD10B515487A
:10C7E0008168072901D0082010BD006901F0FFF819
:10C7F000002803D00022114602F04EFD0E4880684A
:10C80000804710BD1CB506200195009400F048F942
:10C810001CBDF8B51C4617460D46064600F0CEF87E
:10C8200000282AD00120000385421AD9291B301B79
:10C83000234611E000280020142D0020F8F6030004
:10C8400083C40300D3C40300F7C4030019C5030065
:10C8500089C5030053C503001A46FFF7DAFF002815
:10C860000BD13A462946304600F0B3F8002804D1EF
:10C870003A462946304600F0A1F8F8BDF0B589B037
:10C88000684600F00BFA049800282AD00121090319
:10C89000079A4018904226D9501A45081046049A23
:10C8A0000C468718024668001618001908900320E5
:10C8B00000038068049988420DD261190846042259
:10C8C00000F087F800280CD121460422084600F029
:10C8D00080F8002805D1BA1B2B4630460899FFF78F
:10C8E00098FF09B0F0BD049A079800F072F8F8E7D5
:10C8F00000B58DB004A800F0D1F9099800280DD03A
:10C90000089800280CD008990B9840180190002135
:10C910000998009180080290684618DF0DB000BDAC
:10C92000032000038068F1E700B58DB004A800F093
:10C93000B5F909980028F1D0089800280ED0089978
:10C940000B984018032100910F2102908903099848
:10C95000019180080390684618DFDFE70320000399
:10C960008068EFE730B591B0684600F097F9049819
:10C97000002814D001210903079A4018904214D9C5
:10C98000501A43081046049A5C0082180019611876
:10C9900003242403A468049DAC4202D20E2011B0EB
:10C9A00030BD121AFFF735FFF9E703200CAB07C3C0
:10C9B000049880080F900CA818DFF0E71FB5032338
:10C9C00001909008039000930291684618DF04B02C
:10C9D00010BD1FB5012301909008039000930291B0
:10C9E000684618DFF3E7000010B5BB480368012B69
:10C9F00002D1022900D10160100003D000221146AB
:10CA000002F04AFC10BD10B5B34C48DF002803D03B
:10CA10000022114602F040FC02F0FCFB20680228D4
:10CA200003D0032801D00428EFD110BD38B5006829
:10CA3000401C19D00024684600F058F9009801689D
:10CA4000012910D1818800290AD0C1680320000380
:10CA50008068002202F0CEFA00998988814201D1D3
:10CA6000012400E00024204638BD10B504469A4851
:10CA70002021001D02F0B9F9002803D00022114640
:10CA800002F00AFC9448002320222146001D02F0F7
:10CA90001BF9002803D00022114602F0FDFB10BD57
:10CAA0000FB4F8B5684600F021F96846818B069D01
:10CAB0000122894CFF238948002D13D0012D17D066
:10CAC000032D2BD00021022D37D02A46052D46D02C
:10CAD000042D4ED0062A01D104202060F8BC08BCE9
:10CAE00004B0184781800A9983600260C16010E039
:10CAF0008180099D089949190A9D4919C160A5219C
:10CB000083600160089901610999856141610B9910
:10CB1000C16122607148FFF7A8FFDFE700990B6849
:10CB200003608B888380C968C160AA2181600899ED
:10CB30000161099941610A990BE0009D2E68A52EBB
:10CB400009D00660AE888680ED68C56001618360AB
:10CB500041618161DDE781800360C160F6E700F03B
:10CB600085F9002803D00022114602F095FB03202E
:10CB7000B3E781800360C160009989688160C9E77B
:10CB80000EB557480090202001900120029002F03D
:10CB900001F8002804D150496846091D02F023F825
:10CBA0000EBD10B5FFF708FD002805D100F02FFBE2
:10CBB0000446FFF728FF204610BD70B511DF00289E
:10CBC00003D00022114602F067FB464900200B68A3
:10CBD000444C012180340A4682401A4204D0C506E2
:10CBE000ED0E0A46AA402260401C2028F3D30324FD
:10CBF0002403A06813DF002803D00022114602F0AE
:10CC00004BFBA06802F0F2F970BD08B5684600F071
:10CC10006DF800980168A52904D08068AA2801D081
:10CC2000002008BD012008BD10B5FFF79BFE0028BD
:10CC300003D1FFF779FE00281BD0642001F0F2FD3C
:10CC4000FFF71CFE002803D00022114602F024FB4F
:10CC5000FFF788FE002803D00022114602F01CFBDB
:10CC6000FFF746FE040003D00022114602F014FB39
:10CC7000204610BD00B589B018221B4902A8FFF755
:10CC8000D7FA069807990090019102A80FC8FFF7FC
:10CC900007FFFFF7B8FE002009B000BD10B50E4930
:10CCA00088B0044600232022091D684602F04FF890
:10CCB0000098206068468088A0800398E060029811
:10CCC000A06004982061059860610698A0610798AB
:10CCD000E06108B010BD000024280020202D0020B5
:10CCE000E9C9030000E100E01CF70300014901600D
:10CCF0007047000000FC030008280CD004DC00286A
:10CD000007D006280FD108E00B280AD00C280AD13A
:10CD100005E001207047022070470320704704207F
:10CD20007047042901D0062070470520704770B570
:10CD300015460A46032823D0042820D1FE4C00299A
:10CD400006D0E088FD49884219D0132176DF10E033
:10CD5000284602F0A3F9002803D00022114602F071
:10CD60009BFAE069A8420AD101220321F44801F0AC
:10CD700003F8002803D00022114602F08DFA70BD9E
:10CD800001211046FFF7B8FF02460121EEE7F0B59A
:10CD9000054608790E4685B081070CD0032211465E
:10CDA000284600F0E9FF002803D00022114602F0D7
:10CDB00073FA05B0F0BDE0490090183102F047F970
:10CDC000010011D1DC4CB168009AA06902F02DFB82
:10CDD000009802F097F9010006D120466946183004
:10CDE00002F09CF9010003D0284600F0AFFAE0E71A
:10CDF00004200190009880080290A069039001A887
:10CE0000FFF75BFC07000BD0092F10D0A06902F0E0
:10CE100045F9010002D0284600F098FA3946E3E7C8
:10CE20003079616940186061A069E061C1E73079DB
:10CE300061694118616160780028BAD06089401E3C
:10CE40000004000C6081B4D1284601F0E9F8002804
:10CE500003D00022114602F01FFA20896081A8E762
:10CE600010B50022114602F017FA10BD10B5B24CF1
:10CE700001202070E088B149884208D0132176DF74
:10CE8000002810D00022114602F006FA0BE0A0782C
:10CE9000002808D074DF002803D00022114602F0D9
:10CEA000FBF90020A07001F034FC002803D0002220
:10CEB000114602F0F1F9002010BD70B50D6804466E
:10CEC00001209D4A2B0002F002FC0A2B304306137E
:10CED00020575C466012FFF766FC0421FFF70CFF49
:10CEE000024604212EE00022114602F0D5F970BD61
:10CEF000FFF7BCFF002803D00022114602F0CCF956
:10CF0000FFF76CFC002808D170BDFFF7AFFF0028C9
:10CF100003D00022114602F0BFF9FFF773FC70BD89
:10CF2000106188680078107170BD022010618868F7
:10CF300000780128F8D1FFF7F6FB0221FFF7DCFEAD
:10CF400002460221204600F017FF0028CBD170BD19
:10CF50000320106170BD12692046012A06D0022A02
:10CF600007D0032AF6D1FFF712FF70BD00F001FAD7
:10CF700070BD00F03BFA70BD507088881081508100
:10CF800070BD00205070108170BD2046516901F0C5
:10CF900010F8DAE710B5044669488EB08179684622
:10CFA000817068490180342101A802F09DFA0220B5
:10CFB000019000216846417284720121018205902E
:10CFC000002101A801F03FFA002803D000221146F9
:10CFD00002F062F90EB010BDF0B5574C8BB0A078DE
:10CFE00000283AD156481821183802F07DFA204618
:10CFF000534CC078183C00250126002837D027461E
:10D00000483700950195029510226946F81D039551
:10D0100002F0DEF9002822D0F81D08900997684632
:10D02000067509A804906846067708A806900420AB
:10D03000FFF7B0FF25700220207204A8E0602820CE
:10D0400020823F486582183873DF002803D0002211
:10D05000114602F021F9384886700BB0F0BD05206A
:10D06000FFF798FF2670676025722582E9E70620A2
:10D07000FFF790FF257065602572E0E770B52E4CD4
:10D0800001880022E588A6B017290AD01EDC1129E4
:10D090003FD008DC022977D0102902D18088E080B7
:10D0A000A27026B070BD264C30342646183613299F
:10D0B00051D01429F5D1C289638D00219A4200D143
:10D0C000314600238088E21D82DF1BE0512970D0A9
:10D0D0000EDC18296CD01929E3D180790028E0D121
:10D0E000A270E068401EE0604FD0FFF775FFD8E700
:10D0F000522976D05529D4D180790028D1D1132155
:10D10000284676DF0028CCD00022114602F0C4F871
:10D11000C7E78020694688803220E060012301AAA9
:10D1200006A92846AADF002803D00022114602F0F3
:10D13000B3F82078002807E030280020FFFF000027
:10D14000582D00203015000001D1FFF745FF0020C9
:10D15000C043E080A5E70722C14910A802F065F9A5
:10D160001022E11D0CA802F060F91C22314612A821
:10D1700002F05BF90CA80A9012A8099006ABB94A14
:10D18000852128467FDFBDE70DE01822B64906A8B5
:10D19000FFF74EF80A980B990090019106A80FC866
:10D1A000FFF77EFC7DE70021284667DFAAE700E065
:10D1B00017E0817900299AD0807A042803D00628C4
:10D1C00001D0052893D1022909D0012069460872AF
:10D1D000FF208330888102A92846A8DF92E7022039
:10D1E000F4E700F08DF88DE710B5044601F0C2FABF
:10D1F0009B482146303800F09AFE2046FFF73EFF5C
:10D2000010BD10B50022114602F046F810BD30B531
:10D21000944D87B00024203D2C7094482C6102F07E
:10D22000B3F800286AD19248FFF7FCF901F000FF3B
:10D23000002863D18A4800F059F9002801D1012063
:10D24000E87011206946087207228AA102A87CDFD3
:10D25000002803D00022114602F01EF800940C2191
:10D2600068460194018018214180FF21848091311A
:10D27000C1807ADF002803D00022114602F00CF8AA
:10D2800004206946009408807C4801907C48029004
:10D290007348303800F00BFE002803D000221146FE
:10D2A00001F0FAFF1C21684602F01EF97548019052
:10D2B0000120800302900094032168460173C48119
:10D2C0000474714806900594684601F0FEF9002840
:10D2D00003D00022114601F0DFFF6249E122087805
:10D2E0004008400010400C30DF221040087007203A
:10D2F000487010208870FFF76FFE002007B030BD27
:10D3000070B5584C614D203CE088A84201D10820FE
:10D3100070BDE178002914D051490123082234312D
:10D32000A9DF0028F4D12A460C21E088A7DF58495C
:10D33000884204D0082802D0891C8842E8D1002005
:10D3400070BD00231A461946A9DF70BD10B50A4604
:10D35000044603211046FFF7CFFC02460321204676
:10D3600000F00AFD002803D00022114601F094FFCE
:10D3700010BD30B5054687B00020009001900290A6
:10D38000039038486A46203800791070364A0C3AC3
:10D3900010689268049068460692059008790C28F7
:10D3A00006D003221BE00022114601F075FFA5E71D
:10D3B0008C68204600F049F80190201D00F045F8E7
:10D3C00002902046083000F040F8039004A8FFF7D0
:10D3D0002CF9002892D00121FFF78EFC0246012192
:10D3E000284600F0C9FC0028DDD187E7FEB50446D9
:10D3F000087982070ED08207920F04239B1A00221D
:10D40000154604E08E683554401CC0B2521C9A4246
:10D41000F8D308710120009088680290087980088C
:10D4200001906846FFF796F900280DD00221FFF71A
:10D4300063FC02460221204600F09EFC002803D037
:10D440000022114601F028FFFEBD10B5044602F08F
:10D450004DF80002E178000A0906084310BD0000FB
:10D46000882D00205028002040F70300E9D1030058
:10D470002FCD03004466755461726700BBCE030074
:10D4800003D20300CD0C000061CE0300FFFF0000BB
:10D490000230000010B50C46002802D001200860C0
:10D4A00010BD2168002911D01C48421A814212D0B7
:10D4B0003C2A0DD23C303C3101220B7803701346DC
:10D4C000491E401E521C3C2BF7D904E00E200BE0F5
:10D4D0003C2201F0AAFF00223C21104801F08AFD05
:10D4E0000E49891E08800020206010BD70B50546D9
:10D4F00000223C21094801F07DFD084CA41E218832
:10D50000884201D00B2070BD3C220449284601F01E
:10D510008CFF2088401C2080002070BD823F0020AE
:10D520008307FF22DB0E9A408907090E99400028E5
:10D530000BDA0007000F08388308FA489B001B1815
:10D54000D86990430843D86170478308F6489B0028
:10D550001B181868904308431860704770B5012481
:10D56000F24960040860F24940108860F04940398F
:10D570008860F04D6C602F20FEF708FEAC60EE4D29
:10D5800000242F206C61FEF701FE2C7170BDF0B5F8
:10D59000E94F2821BC6841430D1939694A1C09D05B
:10D5A00028224A431619AB68B268934204D8D21AAB
:10D5B000B26069623861F0BD0A4602E00A46796AE3
:10D5C0009B1B4E1C0BD028264E433719BE689E422B
:10D5D000F4D328264E433619B768FF1AB760AB60FC
:10D5E000696228214A4311194862F0BD70B5D24CD6
:10D5F0002269A5681346114606E0814207D00A4613
:10D60000282671434919496A4E1CF6D170BD002E77
:10D61000FCD08A420CD1282043435819406A20612B
:10D62000401C05D1C34B01209860002363616071E9
:10D63000282041434819282381685A43406A5219D7
:10D640005062421CE2D0282250434019826851188F
:10D65000816070BDF8B5B84C2569681C35D0B748F5
:10D66000002640686169401A07023F0A19E0282035
:10D670004543A0682A189068B84214D8A3693F1A95
:10D680008619556A002B09D0116AD069984700287D
:10D6900007D00022114601F0FFFD02E0D169106AB7
:10D6A0008847681CE3D1A178E078814206D1401C0C
:10D6B000C0B2E070022801D10020E0709E4900064F
:10D6C000800D1C310E5000F0BAF9F8BDF8B50446D3
:10D6D000994800270169009146785CE09648F1007E
:10D6E000C2688D1851E0601C07D0934A28209268C8
:10D6F000604321468018446A24E028781821414379
:10D700006A68401CC0B252182870A978884200D1BB
:10D710002F70894B516828209B684843C0181368B4
:10D72000012B34D1037E002B31D19368C360D368C1
:10D73000036113694361526902627F4A5279002A88
:10D7400000D0C7607C4BC2685B6996469C46D31A82
:10D750001A027B4B120A9A4202D20369D21808E0DD
:10D76000724663469A1A12020369120A934202D958
:10D770009A1A826000E08760C76001220761027622
:10D78000921E42620846FFF702FF601CABD1287868
:10D7900069788842A7D13046761EF6B200289DD11E
:10D7A000654801690098814201D00120F8BD002040
:10D7B000F8BD64490020086048608860C86061491D
:10D7C00040390860486045E7FEB50020C0435A4D27
:10D7D00002906869019068462E6900F035F90746A5
:10D7E00000F04FF90446002F08D002AA01990098D2
:10D7F00000F08FF90298FFF769FF06E00298FFF743
:10D8000065FF002801D1002C02D0304600F0AAF9B3
:10D8100000206871FEBDFFB59807002481B01E4648
:10D8200015460F4600280BD1002E09D0FFF796FEB3
:10D8300041490A9888610F70324600208E6008E0E6
:10D84000072005B0F0BD28234343D4509B181C7615
:10D85000401CB842F7DB28204743BB19032048701F
:10D860000F461846CB6019461830002218232E4662
:10D870005E43D3005B181C705C709D70586030185C
:10D88000521C032AF5DB0020C0433861BC70FC70D9
:10D8900001242D482405046003211420FFF740FED5
:10D8A000224880380460254C0198A0600321112093
:10D8B000FFF736FE606878610020C2E770B51E4C45
:10D8C000A568002D06D0002A06D0002804D0002329
:10D8D000247809E0082070BD072070BD28265E432B
:10D8E000AE59002E04D05B1CA342F7DB042070BDB0
:10D8F000282401265C432E516419E26161600360B3
:10D90000002070BD07494868C005C00D2CD01038F4
:10D910001CD50207120F083A920892005118C969E3
:10D9200019E0000000ED00E000E400E080E100E02C
:10D93000401301400010014058280020001501400C
:10D94000FFFF7F004011014080E200E08108B14A02
:10D950008900891809688007C00EC1400806800F39
:10D96000012803D0032803D002207047002070470D
:10D9700001207047FEB50446A748174682680D4649
:10D98000002A0CD001788C4201D2052D01D207204B
:10D99000FEBD2146282359435358012B01D00820AE
:10D9A000FEBD8818406801281DD00026FFF7AAFF99
:10D9B000C00099490190C9684018694600F018F9FB
:10D9C000002812D001214460016094494968083060
:10D9D000E2C091490198C96841180098487000F068
:10D9E0002EF80020FEBD2E46E0E70420FEBDF8B56F
:10D9F000894D0446A868002809D029788C4201D3B3
:10DA00000720F8BD282161434058012801D0082093
:10DA1000F8BDFFF777FFC600E8686946301800F0E8
:10DA2000E7F8002809D0022112C0E86831180098F0
:10DA3000487000F004F80020F8BD0420F8BD012073
:10DA4000774900050860704710B5734900238A784C
:10DA5000CC78A24212D0521CD2B28A70022A00D1D3
:10DA60008B708A786C4B92001C339A58026048691C
:10DA700010180002000A4861012010BD0360002058
:10DA800010BDF8B5644801690091457833E06248FB
:10DA9000E900C0680E1834782AE0182060437168E5
:10DAA000641C0818B178E4B2A14200D100240168D6
:10DAB000022902D003291BD113E0574A40682821CC
:10DAC000926841438F18397E002911D0FFF78EFDEF
:10DAD000002038760CE028277843C0180276406A88
:10DAE00003E04D4900228B680869471CF3D10861A7
:10DAF0007078A042D1D128466D1EEDB20028C6D163
:10DB0000454801690098814201D00120F8BD0020FC
:10DB1000F8BDF7B5404C0025A76823691EE0282111
:10DB20005943C9198E68864202D9301A886017E0B5
:10DB3000801B751900268E600E764E699C464B6AD6
:10DB4000B646002E0AD0019E76193602360ACE60FD
:10DB500076460E6116684E6261461160591CDED130
:10DB60002361FEBDF8B52C4801694A1C3DD028222E
:10DB70005143826889188E6828494C684769007942
:10DB8000E11B0D022D0AED1C002815D10120254AAC
:10DB900000045060234A403A5060214940008031DF
:10DBA0000860214908602149012008602F20FEF704
:10DBB000EDFA194901200871B54200D23546E8193D
:10DBC00000021649000A4031086014494968001BE8
:10DBD000091B0902090A0002C91C000A814203D973
:10DBE00001200F4940040860F8BDFFF7B7FCF8BDFD
:10DBF00042788378521C934200D1002203789342EA
:10DC000001D1002070470A604168407818225043D3
:10DC10000818704700E400E0582800200015014073
:10DC200000E200E04013014000E100E0001001408C
:10DC300010B50446082904D000221146104601F010
:10DC40002BFB21686068884710BD1CB501910090CE
:10DC5000024A0821684601F09DFA1CBD31DC030030
:10DC60000A48026803210A430260094880470948BC
:10DC70000047FEE7FEE7FEE7FEE7FEE7FEE70000FF
:10DC800005480649064A074B704700002405004036
:10DC9000A9DC0300C1C0030090300020903C0020AC
:10DCA0009034002090340020F8B500F035F82B4E69
:10DCB000002804D02A4870602A49F01388612A4855
:10DCC0000124018CC9B201290DD1818C09070AD127
:10DCD000018D0906090F042905D1808D0006000F6A
:10DCE00001D1224884600027B461214D6F60A805EE
:10DCF0008460686800280ED1C820FEF757FA1D48D6
:10DD00007F1C8742F5D30020B0610120800784602A
:10DD100068680028FCD0F8BD1348018CC9B20129FD
:10DD200017D1818C090714D1018D09060A0F03D17F
:10DD3000828D1206120F0ED0090F012903D1828D98
:10DD40001206120F07D0032903D1808D0006000FA1
:10DD500001D00020704701207047000000050040FE
:10DD6000DFFF07C0006C0040C00F00F0000600405D
:10DD7000000100408813000030B585B0002822D093
:10DD80000388FE4CA34220D0FD4B1B78002B1CD0F7
:10DD9000FB4B10255B1C1D705970002401259A70E7
:10DDA000032269460A820094019402940394028A31
:10DDB0000A808D708C8004A90291039300886946C3
:10DDC000A6DF05B030BD0E20FBE70820F9E7F0B56F
:10DDD0008BB004460227684607730026099687849D
:10DDE000C68408A80A900D46A18A208809AAA5DF42
:10DDF000002804D0E16A00291AD0884718E0684654
:10DE0000008CC007C00F13D068460682208803A983
:10DE1000A8DF002813D1A97E28461B3001220B0061
:10DE200001F055FC09430F1B202224263E28430005
:10DE3000FF20FE3069460882208803A9A8DF0BB0C6
:10DE4000F0BD00960AE0062219E069460A710290C8
:10DE500022E0204690470020F1E700922B8B022B16
:10DE6000F3D2F0E700971DE003201AE0042018E049
:10DE7000052016E0298B032905D20322082120461C
:10DE8000FFF77AFFDBE74178027808021043694622
:10DE9000888003D006200090A26ADAE70720FAE71C
:10DEA000092000906946A26AD3E70322E7E730B56C
:10DEB00085B00D46040038D0002D36D068680028A3
:10DEC00033D00020C043AF4B20800FCB049301AB75
:10DED00007C3AD4869460880891C01A863DF002894
:10DEE00022D1221D69460120A0DF00281CD16846EE
:10DEF0008078A071204600F0CEF8002814D120468A
:10DF000000F055F900280FD12946204600F002F90B
:10DF1000002809D16868A062A868002800D0E062E3
:10DF200097490120087000204BE70E2049E73EB5D5
:10DF3000002828D0002926D0826A002A23D00A8807
:10DF4000102A21D0112A30D0502A1FD0512A1AD19C
:10DF500004460846891D0A78022A14D14A88238A71
:10DF60009A4210D1807A04280DD006280BD00528BB
:10DF700009D0891C2046FFF72AFF002803D0E16A58
:10DF8000002900D088473EBD898810E0CA880389EF
:10DF90009A42F8D1082200928A7F6B461A7120318A
:10DFA0000291826A694690473EBD0021C9430180C3
:10DFB0003EBDF0B585B00A4605002DD028886F49D2
:10DFC00088422BD06E480078002827D06C4C102057
:10DFD000641C2070072060700127A7700321684629
:10DFE00001820026E11C104600F04CF8014668460C
:10DFF000008A0918684601820096019602960396E7
:10E00000298A01808770868004A80394029028885A
:10E010006946A6DF05B0F0BD0E20FBE70820F9E752
:10E02000F0B585B00A46050028D0288853498842B3
:10E0300026D053480078002822D0514C1120641C6F
:10E0400020700127684607820026611C104600F0F8
:10E0500019F801466846008A091868460182009648
:10E06000019602960396298A01808770868004A80B
:10E070000394029028886946A6DFCBE70E20C9E703
:10E080000820C7E70870020A4A70020C8A70000E66
:10E09000C8700420704730B58FB005461C21684613
:10E0A00001F022FA6946087804210843694608709D
:10E0B000002401940394049405940694A87908A973
:10E0C000887031486946801C0884601C00070794EA
:10E0D000000F0C77103048778A7FF9200240921C9D
:10E0E000E7200240012002438A77142109A801F0A9
:10E0F000FBF908A8099007A80A9069468C851420A6
:10E10000CC8508860D942B46A888083309AAA2DF7F
:10E110000FB030BDF0B58FB00F4605461C216846E4
:10E1200001F0E2F9684601780226314301700024CB
:10E1300001940394049405940694A97908A8817025
:10E1400011496846091D0184601C0107090F10313F
:10E150006846079401770020014668464177817F31
:10E16000F9200140891CE720014001200143684655
:10E170008177142109A801F0B7F907E0FFFF00003B
:10E180008028002058F703003015000008A80990E7
:10E1900007A80A9068468685C48506860D972B4693
:10E1A000A888203309AA6946A2DF0FB0F0BD30B5B8
:10E1B0008FB005461C21684601F096F9694608783B
:10E1C0000821084310221043694608700024019476
:10E1D0000394049405940694A87908A988701448B7
:10E1E00069460884601C00070794000F0C77103004
:10E1F0004877887FF9210840801CF72108401043A8
:10E200000121084369468877142109A801F06CF9B7
:10E2100008A8099007A80A9069468C851720CC8524
:10E2200008860D942B46A888103309AAA2DF6FE751
:10E2300031150000FFB583B0074600200C9C8646D0
:10E24000267805463AE07868A90041180A886846A9
:10E2500082804988C1800022694601A865DF0028C4
:10E2600010D1684601780598814226D17046002871
:10E2700001D0002200E002222078891841181F29CD
:10E2800002D90C2007B0F0BD7146002908D1401C0E
:10E29000C0B2411C069B049A21701A540120864684
:10E2A000217806980A18694601A865DF0028E9D197
:10E2B000694620780978401820706D1C3888A8427B
:10E2C000C1DC7046002804D020780699801B401ECF
:10E2D00088550020D6E7F8B51546069C1E46074629
:10E2E00002220094FFF7A6FF002806D13346102231
:10E2F000294638460094FFF79DFFF8BDF7B582B078
:10E3000000260546167000681446002805D02846E9
:10E31000039900F0CAF8060008D1687900281ED0D9
:10E320002078039F001D1F2802D90C2005B0F0BDE6
:10E33000684679DF0028F9D121780322481C207033
:10E340007A5421781922481C20707A542078C119F7
:10E350006846008800F0A4F8217840182070A87959
:10E360000223002810D02078039A411C21701354F6
:10E3700020780399471C012227700A542078AA7933
:10E38000471C039927700A54A868002815D000215B
:10E39000415620788C460246C01C03991F28C4D8D9
:10E3A000501C20708B5422780A23501C20708B54F0
:10E3B00020786246431C23700A54A889002809D09B
:10E3C00028460094062202210C30039BFFF783FFAE
:10E3D0000600ABD1A88A002809D02846009407225D
:10E3E00003211430039BFFF776FF06009ED1A88B14
:10E3F000002809D028460094152214211C30039BC4
:10E40000FFF769FF060091D1686A002805D022460F
:10E41000039900F07FF8060088D1A86A002805D08B
:10E420002246039900F0B5F8060084D13020405D03
:10E43000002806D022462846039900F0DCF80600A2
:10E44000C7D1304672E770B50C4692B000216A46DB
:10E45000117007251171002809D0817949070CD561
:10E4600002A9FFF74BFF002808D102AE00E000260A
:10E47000002C0ED0A079002802D0284612B070BD22
:10E4800001AA0AA92046FFF739FF0028F6D10AAAF7
:10E4900000E00022684603790178304672DFEDE73C
:10E4A0000870000A487002207047F8B514780746D3
:10E4B000A01C15460E461F2803D83879801C1F283B
:10E4C00001D90C20F8BD1D20001B80B2694686468C
:10E4D00008803019801C7DDF0028F3D138680228BD
:10E4E00005D168460088704501D8092107E03879D0
:10E4F0000821002801D0704501D968460088421CD7
:10E500003255641CE2B2B1542978801C0818287076
:10E510000020F8BDF8B50D4611780646881D144652
:10E520001F2801D90C20F8BD33880720062BFAD309
:10E530001927FF01BB4202D94D4A9342F3D1728899
:10E54000062AF0D3BA4202D9494FBA42EBD1484F1A
:10E55000BB4203D0BA4201D09342E4D8481C052202
:10E5600020706A5420781222411C21702A5420788D
:10E5700041193088FFF794FF21784018C0B220700D
:10E5800041197088FFF78CFF217840182070002017
:10E59000F8BD70B5054600790E46801C1446C0B221
:10E5A0001178821C8A181F2A01D90C2070BD0A46D6
:10E5B000491C401C2170B0542078FF22411C21705E
:10E5C0003254207881192888FFF76AFF2178401893
:10E5D000C0B22070AA88002A09D0A968002908D0F2
:10E5E000801900F022FF207829794018207000203F
:10E5F00070BD072070BDF7B582B002981446C06A9E
:10E600000F46002832D0029800252030009028E0E4
:10E610000298C16A0C2068430E18217830794A1C90
:10E62000C01C2270785421781622481C20707A541D
:10E630002078C1193088FFF733FF21784018C0B225
:10E640002070B288002A09D0B16800290ED0C01904
:10E6500000F0EBFE20783179401820706D1C009896
:10E66000EDB2007CA842D3D800205FE607205DE62B
:10E67000FFFF000038B56749674A488890420FD0CD
:10E680004A78664C521CD2B24A70237B934208D31C
:10E69000083175DF002803D0A169002900D0884720
:10E6A00038BD00254D70217C002907D03B2176DF45
:10E6B000002803D0A169002900D08847616900299A
:10E6C000EED068460095884738BD70B505460146CE
:10E6D0001C225248FDF7ACFD4E4C002626702968DE
:10E6E000002907D00822A01800F09FFE204608301D
:10E6F0007ADF02E0474808307BDF002808D1401E5F
:10E70000608044486670464A0021001DFFF7D6F835
:10E7100070BD10B53F484068FFF769F910BDF8B506
:10E720003C48103000F069F800263A4D3B4C002878
:10E7300006D06169002919D001200090684614E0D4
:10E740002878002804D0616900290FD00096F5E7E9
:10E75000687800280CD0A16800226868FFF70AF9E1
:10E76000002803D0A169002900D088472E70F8BD89
:10E770006168F1E7F8B5294C02880027254DE68944
:10E78000102A18D029464968112A21D0122A2DD0E2
:10E79000502A0FD1801D0288B2420BD1028B022A6F
:10E7A00008D1C27E837E10021843C007C00F13D069
:10E7B000FFF7B5FFF8BD818869800146154808223A
:10E7C0001631103000F031FE6F70002EF0D0F8BD21
:10E7D0000020C04368806F700846FFF708F90028E2
:10E7E000F5D0A1690029F2D08847F8BD811D0948FC
:10E7F0000822103000F019FEDAE741880548083099
:10E800000288914204D34088814201D80120704798
:10E810000020704788280020FFFF0000C42D002042
:10E8200075E6030031B5054C04E0401E009020461B
:10E83000FDF7CCFC00980028F7D138BDE7030000B5
:10E8400018225043FE4A0021801801718160416105
:10E85000012281610261C1607047FFB581B0F94C4E
:10E86000049B039A054626691A4303200092002E52
:10E8700003D1002A0ED0012222612769039A0126C2
:10E88000360792003B0000F022FF072707162940B9
:10E89000526127000222EFE77069326992B2504359
:10E8A000326933691204920C9BB2594329DF002864
:10E8B00012D102210FE0084628DF00280CD103996D
:10E8C000002901D0032106E00499002916D12978F6
:10E8D000042946D017E0216105B0F0BD70693269A6
:10E8E00092B25043326993B24B4301461846039AA1
:10E8F00029DF0028F0D10499002901D00421EAE79A
:10E900002978042920D00521E5E773693069366943
:10E9100080B2434368681B189B18B6B24E43301848
:10E9200080181946049A29DF0028E9D0D4E7306915
:10E9300080B24843696880188A08696929DF00281D
:10E94000CAD1009900290CD00621C4E77069316949
:10E9500089B24843316989B200F0D9FD28DF002827
:10E96000BAD10721B7E7F8B5B54918230A780F20BF
:10E970005A435418241DB34922782669CF68022AC5
:10E980001BD001252D07042A2AD0052A5BD128692E
:10E9900081B2304600F0BBFD0146A36828699A1990
:10E9A00080B24843101A82086068181886192869CE
:10E9B0004B1C80B25843801B34E0B8026268616926
:10E9C000121A0918A3683018181801239B029A42DA
:10E9D00002D2920829DF31E0FF22013229DF2DE047
:10E9E000E268974914205043F4314018001D0BC8C9
:10E9F000B04203D160685943814218D0022A16D030
:10EA0000286981B2304600F082FD0146286980B253
:10EA10004843301A820828694B1C80B25843636807
:10EA20009B19C01A83082046FFF717FF06E02869E4
:10EA300081B2304600F06BFDC01928DF002802D1FA
:10EA40007F4901228A70F8BDF8B57D4C069E657835
:10EA50000A2D1DD027787D19EDB20A2D01D30A3D6C
:10EA6000EDB218277D432D192871AA6103C9EE6004
:10EA7000AB6069612861A1780020002904D1FFF70B
:10EA800072FF112800D100206178491C6170F8BD27
:10EA90000420F8BD38B50246694818230178594367
:10EAA000081803690179022B0AD014246343644CCB
:10EAB000F434E4588368009383691030A04738BD6C
:10EAC000604B14331C68F5E7F8B55D4B9978012964
:10EAD00014D100255B499D700A69082A05D00228D7
:10EAE0000FD003280AD10D2006E0022807D00D70B0
:10EAF00000F025FA002801D0FFF7CCFFF8BD0D612A
:10EB0000F6E74F48182403784E496343CC68181839
:10EB1000641C001DCC600378022B05D14668A1025D
:10EB2000B14201D3012700E00027052B01D1072ABC
:10EB300003D00021042B02D003E00121FAE7072AC9
:10EB400003D00026042B02D007E00126FAE7406834
:10EB5000A302834201D3002A1AD00020314301438B
:10EB60003943C5D0374E28463561FFF793FF344C03
:10EB70002078FFF765FEF5606078401E60702078B1
:10EB8000401CC0B220700A28B2D30A382070AFE708
:10EB90000120E3E770B500252A4C2948E56025618E
:10EBA0000570457085702E463046FFF749FE761C8D
:10EBB0000A2EF9D3012212076560516928461269AD
:10EBC000491E92B25143E560A1601D49F4310D60C8
:10EBD0008D600D61CD601B4914310D60888001216D
:10EBE0002170206170BDF8B5164A044610780E46B3
:10EBF000002830D0002C30D0002E2ED020680028E5
:10EC00002BD0012000076768016989B28F4228D89C
:10EC1000102F26D3A168002923D095687943436932
:10EC20004A19006980B243439A421AD8012000076A
:10EC3000006980B2814212D901200007006903E017
:10EC4000E02D0020A028002080B2394600F05FFCB3
:10EC5000002906D103E00820F8BD0E20F8BDB80752
:10EC600001D00720F8BDBD49486801281CD00F46D7
:10EC70001421BB4A21C641438E1875602368535046
:10EC80006168B160A168F160A268616800235143C6
:10EC9000012212075B1C14699BB2A4B28C4205D2FC
:10ECA0001469A4B2091B02E00420F8BD0021146914
:10ECB000A4B265191469A4B28C42EBD9BD60401CA2
:10ECC000336178600020F8BDF8B50446A3481E46BD
:10ECD000007815460F46002807D0002F07D0002CDB
:10ECE00005D02068002817D103E00820F8BD0E20C9
:10ECF000F8BD9B48016800290ED0C2688168406851
:10ED00004A4310186268904206D9002D04D0A942E7
:10ED100002D3A819884201D90720F8BD384600F06F
:10ED200008F9002811D0304600F003F900280CD073
:10ED3000606800F0FEF8002807D02B463A462146CE
:10ED400002200096FFF780FEF8BD1020F8BDFFB549
:10ED5000824881B000781F4616460D46002808D02C
:10ED6000002D08D00198002805D02868002817D168
:10ED700003E00820B0E50E20AEE5794C20680028BD
:10ED80000ED0E168A0686268414389186A689142C0
:10ED900006D9002E04D0B04202D3F119814201D924
:10EDA000072099E5019800F0C4F800281BD03846E8
:10EDB00000F0BFF8002816D0686800F0BAF8002804
:10EDC00011D068683246C119019800F02EFB0096F8
:10EDD0002868142148432458002203212846019B17
:10EDE000A047002078E5102076E5F8B505465B4899
:10EDF0000F460078002805D0002D05D0286800288F
:10EE000021D103E00820F8BD0E20F8BD544C0026A7
:10EE10002068002817D0A168E0684843616841185D
:10EE2000686881420FD900F084F800280DD0296865
:10EE300014225143091968684A688968801A00F0E9
:10EE400066FB002903D00720F8BD1020F8BD3B4623
:10EE50000022294604200096FFF7F6FDF8BD3F4A40
:10EE60001278002A0DD000280DD000290BD002689E
:10EE7000002A08D0394A14321368002B05D0042028
:10EE80007047082070470E20704702230B6000680F
:10EE9000106000207047F8B5044630481E460078E0
:10EEA00017460D46002807D0002D07D0002C05D0AE
:10EEB000206802281BD103E00820F8BD0E20F8BD11
:10EEC000264814300068002811D0084600F031F8B8
:10EED00000280ED0304600F02CF8002809D03B4620
:10EEE0002A46214602200096FFF7AEFDF8BD072016
:10EEF000F8BD1020F8BD08B5184A1278002A05D0D0
:10EF0000002805D00268022A11D103E0082008BDBC
:10EF10000E2008BD114A14321268002A07D00B4691
:10EF20000022014604200092FFF78EFD08BD072055
:10EF300008BD800701D000207047012070470849B4
:10EF400010B5F43949780020002906D0FFF70BFDF1
:10EF5000002802D0112800D1002010BDA0280020D8
:10EF6000D42E002070B500250C290ED3044643187A
:10EF7000008941000919581A0A38C2B21748022AF2
:10EF8000027002D30A318B4201D2092070BD1448AD
:10EF900000F04BFA134914480A88824202D02388B1
:10EFA000934217D14988814202D06088884211D1AA
:10EFB0000D4A0323521E20891B03A8420AD9690067
:10EFC00009194989914203D09E896D1CB142F4D13F
:10EFD000002070BD0B2070BD00207047BC280020B1
:10EFE000E82E002080100010FFFF000010B5FDF794
:10EFF000FDF810BD10B50446002A02D0108800228A
:10F0000010E00A48FBE7030A00020343A05C5840F3
:10F0100003061B0F43401803584083B21806C00C68
:10F020005840521C8A42EED310BD0000FFFF000082
:10F030004B48002101704C484A4A02608160C1601F
:10F04000016108224161426081610846704710B544
:10F0500000291DD000220A60434A5368002B1BD0B0
:10F06000202817D85B1E5360D0682423401CD06032
:10F07000106914684343E3180B60012383409169CE
:10F08000401C19434007400F91611061002010BDE2
:10F090000E2010BD0C2010BD042010BDF0B5324A6A
:10F0A0000646916800292BD057691020791A490724
:10F0B000490F14680B4624254D436519B54206D106
:10F0C000012495698C4065400020956104E0491C4D
:10F0D0004907490F8F42EED1491C4E07760F9569BB
:10F0E00001210C469C402B4623420AD19368002BF9
:10F0F00007D05B1E936053685B1C53603346F0E798
:10F100000420F0BD184A2423117C1268491E4907C7
:10F11000490F5943203150500020704770B50028E6
:10F120001AD0002918D0104AD368002B16D05B1EC5
:10F13000D360936824265B1C9360536915681C4652
:10F140007343EE1820330660E858641C08606007BB
:10F15000400F5061002070BD0E2070BD042070BDB6
:10F16000BD280020F42E00201430002030B5CB0044
:10F1700008339DB293070024002B01D0072030BD37
:10F180003B4B9A605219DA605C701C705880998011
:10F19000002030BDF7B5364C0E466088814237D826
:10F1A000344F00F069F822786078A188884201DA4B
:10F1B000401C00E00020C0B2904202D100F062F892
:10F1C00024E065786078884201DA401C00E0002085
:10F1D000607000F057F8BD4218D0A068EF000299A7
:10F1E000C151009900290CD0002E0AD06088324607
:10F1F0004543E068281800F018F9A06838188680A0
:10F2000002E00021381881800020FEBD0420FEBDF0
:10F210000920FEBD0EB504E068468188029A009878
:10F22000904702AA01A9684600F003F80028F3D02D
:10F230000EBD70B50E4B05241D785E78AE4215D01C
:10F240001D781C789E88B44201DA641C00E000241A
:10F250001C705C88DE686C43A41904609B68E8003D
:10F26000C418A4880C80185800241060204670BD73
:10F27000C4280020FFFF000072B606480168491C40
:10F280000160704703490868401E086000D162B6FB
:10F2900070470000D4280020BFF34F8F0349024875
:10F2A000C860BFF34F8FFEE70400FA0500ED00E0F1
:10F2B00010B5002904D0002211461046FFF7ECFFDC
:10F2C00000F010F810BD10B50021024A0846FFF703
:10F2D00061FF10BDB1F2030010B508461146FCF7FE
:10F2E000C3FF10BDF8B5384C2078002837D020690E
:10F2F000002807D00026E068002805D00025002E51
:10F3000004D013E00126F6E70125F8E7684651DF4F
:10F31000052806D0002806D000221146FFF7BCFFC2
:10F3200004E0012602E0216900988847002D12D1EF
:10F33000608869460880A06861DF052806D000283B
:10F3400006D000221146FFF7A7FF04E0012502E0E6
:10F35000E168A0688847002ED8D0002DCFD0F8BD36
:10F3600070B5002901D08C0701D0072070BD164C64
:10F370000125A16062801549636010DF0028F5D186
:10F38000257016202EDF70BD002803D00E49C860FE
:10F39000002070470E207047002803D00A490861FA
:10F3A000002070470E20704710B5074840680028BD
:10F3B00007D08047002803D000221146FFF76CFFDA
:10F3C00010BDFFF78FFF10BDD8280020D9F2030031
:10F3D000034610B50B439B070FD1042A0DD308C871
:10F3E00010C9121FA342F8D018BA21BA884201D915
:10F3F000012010BD0020C04310BD002A03D0D30758
:10F4000003D0521C07E0002010BD03780C78401C8C
:10F41000491C1B1B07D103780C78401C491C1B1B83
:10F4200001D1921EF1D1184610BDF8B5042A2CD393
:10F43000830712D00B78491C0370401C521E8307AF
:10F440000BD00B78491C0370401C521E830704D05C
:10F450000B78491C0370401C521E8B079B0F05D074
:10F46000C91ADF002023DE1B08C90AE0FCF7E0FE12
:10F47000F8BD1D4608C9FD401C46B4402C4310C0D1
:10F48000121F042AF5D2F308C91A521EF0D40B78C1
:10F49000491C0370401C521EEAD40B78491C0370AF
:10F4A000401C521EE4D409780170F8BD01E004C08C
:10F4B000091F0429FBD28B0701D50280801CC907D4
:10F4C00000D00270704700290BD0C30702D0027031
:10F4D000401C491E022904D3830702D50280801CE8
:10F4E000891EE3E70022EEE70022DFE70378C27817
:10F4F0001946437812061B0219438378C0781B040F
:10F50000194311430902090A000608437047002203
:10F5100003098B422CD3030A8B4211D300239C4650
:10F520004EE003460B433CD4002243088B4231D3C8
:10F5300003098B421CD3030A8B4201D394463FE05C
:10F54000C3098B4201D3CB01C01A524183098B42BC
:10F5500001D38B01C01A524143098B4201D34B01A5
:10F56000C01A524103098B4201D30B01C01A524108
:10F57000C3088B4201D3CB00C01A524183088B428F
:10F5800001D38B00C01A524143088B4201D34B0078
:10F59000C01A5241411A00D20146524110467047EA
:10F5A0005DE0CA0F00D04942031000D340425340EF
:10F5B00000229C4603098B422DD3030A8B4212D3AF
:10F5C000FC22890112BA030A8B420CD389019211E1
:10F5D0008B4208D3890192118B4204D389013AD01E
:10F5E000921100E08909C3098B4201D3CB01C01AF3
:10F5F000524183098B4201D38B01C01A5241430906
:10F600008B4201D34B01C01A524103098B4201D3F3
:10F610000B01C01A5241C3088B4201D3CB00C01A60
:10F62000524183088B4201D38B00C01A5241D9D278
:10F6300043088B4201D34B00C01A5241411A00D2F9
:10F640000146634652415B10104601D34042002BF5
:10F6500000D54942704763465B1000D3404201B574
:10F660000020C046C04602BD7047704770477546CF
:10F6700000F022F8AE46050069465346C008C000B7
:10F68000854618B020B5FEF7FBFA60BC0027490894
:10F69000B6460026C0C5C0C5C0C5C0C5C0C5C0C52A
:10F6A000C0C5C0C5403D49008D4670470446C046B0
:10F6B000C0462046FCF751FD00487047303000201E
:10F6C00001491820ABBEFEE726000200704730B4A7
:10F6D0007446641E2578641CAB4200D21D46635DEF
:10F6E0005B00E31830BC1847020000000000000077
:10F6F0000000000000000000040000000000000006
:10F7000000000000000000000000000000000000F9
:10F7100035C40300000000000000000002000000EB
:10F7200000000000000000000000000000000000D9
:10F7300000000000030000000000000000000000C6
:10F7400005000000000000000000000000000000B4
:10F75000000000000000000023D1BCEA5F78231500
:10F76000DEEF12120000000088F7030000280020DE
:10F77000EC00000004C1030074F80300EC28002032
:10F78000A413000020C103000000000000000000DE
:10F790000000000000000000000000000000000069
:10F7A0000000000000000000000000000000000059
:10F7B0000000000000000000000000000000FFFF4B
:10F7C0000000000032000000000000000000000007
:10F7D0000000000000000000000000000000000029
:10F7E0000000000000000000000000000000000019
:10F7F0000000000000000000000000000000000009
:10F80000000000000024F4000000000000000000E0
:10F8100000000000000000000000000000000000E8
:10F8200000000000000000000000000000000000D8
:10F8300000000000000000000000000000000000C8
:10F8400000000000000000000000000000000000B8
:10F8500000000000000000000000000000000000A8
:10F860000000000000000000000000000000000098
:04F870000000000094
:10FC00000100000000000000FE00000000000000F5
:10FC100000000000000000000000000000000000E4
:020000041000EA
:0410140000C0030015
:040000050003C0C173
:00000001FF
