:1000000000040020810A000015070000610A0000BA
:100010001F07000029070000330700000000000050
:10002000000000000000000000000000A50A000021
:100030003D070000000000004707000051070000D6
:100040005B070000650700006F07000079070000EC
:10005000830700008D07000097070000A10700003C
:10006000AB070000B5070000BF070000C90700008C
:10007000D3070000DD070000E7070000F1070000DC
:10008000FB070000050800000F0800001908000029
:10009000230800002D080000370800004108000078
:1000A0004B080000550800005F08000069080000C8
:1000B000730800007D080000870800009108000018
:1000C0009B080000A5080000AF080000B908000068
:1000D000C3080000CD080000D7080000E1080000B8
:1000E000EB080000F5080000FF0800000909000007
:1000F000130900001D090000270900003109000054
:100100003B0900001FB500F003F88DE80F001FBD8C
:1001100000F0ACBC40F6FC7108684FF01022401CA7
:1001200008D00868401C09D00868401C04D0086842
:1001300000F037BA9069F5E79069F9E7704770B554
:100140000B46010B184400F6FF70040B4FF0805073
:100150000022090303692403406943431D1B104621
:1001600000F048FA29462046BDE8704000F042BA47
:10017000F0B54FF6FF734FF4B4751A466E1E11E0DA
:10018000A94201D3344600E00C46091B30F8027B3B
:10019000641E3B441A44F9D19CB204EB134394B25D
:1001A00004EB12420029EBD198B200EB134002EBB2
:1001B000124140EA0140F0BDF34992B00446D1E952
:1001C0000001CDE91001FF224021684600F0F4FB58
:1001D00094E80F008DE80F00684610A902E004C8FB
:1001E00041F8042D8842FAD110216846FFF7C0FF7C
:1001F0001090AA208DF8440000F099F9FFF78AFFCB
:1002000040F6FC7420684FF01025401C0FD0206889
:1002100010226946803000F078F92068401C08D030
:100220002068082210A900F070F900F061F9A869AF
:10023000EEE7A869F5E74FF080500369406940F6A2
:10024000FC71434308684FF01022401C06D0086838
:1002500000F58050834203D2092070479069F7E788
:100260000868401C04D00868401C03D00020704778
:100270009069F9E70420704770B504460068C34DE3
:10028000072876D2DFE800F033041929631E250021
:10029000D4E9026564682946304600F062F92A46CE
:1002A0002146304600F031F9AA002146304600F0E0
:1002B00057FB002800D0032070BD00F009FC4FF46C
:1002C000805007E0201D00F040F90028F4D100F034
:1002D000FFFB60682860002070BD241D94E80700C3
:1002E000920000F03DFB0028F6D00E2070BDFFF715
:1002F000A2FF0028FAD1D4E901034FF0805100EBAE
:10030000830208694D69684382420ED840F6F8704E
:1003100005684FF010226D1C09D0056805EB8305B8
:100320000B6949694B439D4203D9092070BD55694A
:10033000F4E70168491C03D00068401C02D003E0C8
:100340005069FAE70F2070BD2046FFF735FFFFF731
:1003500072FF0028F7D1201D00F0F7F80028F2D135
:1003600060680028F0D100F0E2F8FFF7D3FE00F05B
:10037000BFF8072070BD10B50C46182802D0012028
:10038000086010BD2068FFF777FF206010BD41684E
:10039000054609B1012700E0002740F6F8742068FF
:1003A0004FF01026401C2BD02068AA68920000F065
:1003B000D7FA38B3A86881002068401C27D020688D
:1003C000FFF7BDFED7B12068401C22D026684FF051
:1003D0008050AC686D68016942695143A9420DD9EA
:1003E000016940694143A14208D92146304600F0E5
:1003F000B8F822462946304600F087F800F078F831
:100400007069D2E700F093F8FFF784FEF6E77069B1
:10041000D6E77669DBE740F6FC7420684FF01026DB
:10042000401C23D02068401C0CD02068401C1FD0EA
:100430002568206805F18005401C1BD027683879A5
:10044000AA2819D040F6F8700168491C42D001680A
:10045000491C45D00168491C3ED001680968491C07
:100460003ED00168491C39D000683EE0B069DAE747
:10047000B569DEE7B769E2E710212846FFF778FEA5
:100480003968814222D12068401C05D0D4F8001080
:1004900001F18002C03107E0B169F9E730B108CA63
:1004A00051F8040D984201D1012000E000208A4259
:1004B000F4D158B1286810B1042803D0FEE72846CB
:1004C000FFF765FF3149686808600EE0FFF722FE1C
:1004D00000F00EF87169BBE77169BFE7706904E06D
:1004E0004FF480500168491C01D000F0CBFAFEE7C0
:1004F000BFF34F8F26480168264A01F4E06111439B
:100500000160BFF34F8F00BFFDE72DE9F0411746B3
:100510000D460646002406E03046296800F054F8EF
:10052000641C2D1D361DBC42F6D3BDE8F08140F69B
:10053000FC700168491C04D0D0F800004FF48051D1
:10054000FDE54FF010208069F8E74FF080510A690F
:10055000496900684A43824201D810207047002050
:10056000704770B50C4605464FF4806608E0284693
:1005700000F017F8B44205D3A4F5806405F5805562
:10058000002CF4D170BD0000F40A0000000000202F
:100590000CED00E00400FA05144801680029FCD0C5
:1005A0007047134A0221116010490B68002BFCD0E0
:1005B0000F4B1B1D186008680028FCD0002010603D
:1005C00008680028FCD07047094B10B501221A605A
:1005D000064A1468002CFCD0016010680028FCD08A
:1005E0000020186010680028FCD010BD00E4014015
:1005F00004E5014070B50C46054600F073F810B9EB
:1006000000F07EF828B121462846BDE8704000F091
:1006100007B821462846BDE8704000F037B8000012
:100620007FB5002200920192029203920A0B000B06
:100630006946012302440AE0440900F01F0651F80C
:10064000245003FA06F6354341F82450401C8242F8
:10065000F2D80D490868009A10430860081D016827
:10066000019A1143016000F03DF800280AD00649C4
:1006700010310868029A10430860091D0868039A3F
:10068000104308607FBD00000006004030B50F4CED
:10069000002200BF04EB0213D3F800582DB9D3F8A1
:1006A000045815B9D3F808581DB1521C082AF1D3C3
:1006B00030BD082AFCD204EB0212C2F80008C3F8CD
:1006C00004180220C3F8080830BD000000E0014013
:1006D0004FF08050D0F83001082801D0002070473A
:1006E000012070474FF08050D0F83011062905D016
:1006F000D0F83001401C01D0002070470120704725
:100700004FF08050D0F830010A2801D00020704707
:100710000120704708208F490968095808471020B0
:100720008C4909680958084714208A4909680958FA
:100730000847182087490968095808473020854923
:100740000968095808473820824909680958084744
:100750003C20804909680958084740207D490968BC
:100760000958084744207B49096809580847482028
:1007700078490968095808474C207649096809589A
:10078000084750207349096809580847542071499F
:1007900009680958084758206E49096809580847E8
:1007A0005C206C4909680958084760206949096854
:1007B00009580847642067490968095808476820AC
:1007C00064490968095808476C2062490968095852
:1007D000084770205F4909680958084774205D4937
:1007E00009680958084778205A490968095808478C
:1007F0007C205849096809580847802055490968EC
:10080000095808478420534909680958084788202F
:1008100050490968095808478C204E490968095809
:10082000084790204B4909680958084794204949CE
:10083000096809580847982046490968095808472F
:100840009C204449096809580847A0204149096883
:1008500009580847A4203F49096809580847A820B3
:100860003C49096809580847AC203A4909680958C1
:100870000847B0203749096809580847B420354966
:10088000096809580847B8203249096809580847D3
:10089000BC203049096809580847C0202D4909681B
:1008A00009580847C4202B49096809580847C82037
:1008B0002849096809580847CC2026490968095879
:1008C0000847D0202349096809580847D4202149FE
:1008D000096809580847D8201E4909680958084777
:1008E000DC201C49096809580847E02019490968B3
:1008F00009580847E4201749096809580847E820BB
:100900001449096809580847EC2012490968095830
:100910000847F0200F49096809580847F4200D4995
:10092000096809580847F8200A490968095808471A
:10093000FC2008490968095808475FF48070054998
:10094000096809580847000003480449024A034B54
:100950007047000000000020000B0000000B0000AA
:1009600040EA010310B59B070FD1042A0DD310C82C
:1009700008C9121F9C42F8D020BA19BA884201D97E
:10098000012010BD4FF0FF3010BD1AB1D30703D0C6
:10099000521C07E0002010BD10F8013B11F8014B7C
:1009A0001B1B07D110F8013B11F8014B1B1B01D198
:1009B000921EF1D1184610BD02F0FF0343EA032254
:1009C00042EA024200F005B87047704770474FF0A6
:1009D00000020429C0F0128010F0030C00F01B800C
:1009E000CCF1040CBCF1020F18BF00F8012BA8BF1A
:1009F00020F8022BA1EB0C0100F00DB85FEAC17CDE
:100A000024BF00F8012B00F8012B48BF00F8012B90
:100A100070474FF0000200B51346944696462039C1
:100A200022BFA0E80C50A0E80C50B1F12001BFF4A7
:100A3000F7AF090728BFA0E80C5048BF0CC05DF80D
:100A400004EB890028BF40F8042B08BF704748BF5B
:100A500020F8022B11F0804F18BF00F8012B7047CF
:100A6000014B1B68DB6818470000002009480A4951
:100A70007047FFF7FBFFFFF745FB00BD20BFFDE719
:100A8000064B1847064A1060016881F308884068E1
:100A900000470000000B0000000B000017040000DE
:100AA000000000201EF0040F0CBFEFF30881EFF3ED
:100AB0000981886902380078182803D100E0000015
:100AC000074A1047074A12682C3212681047000084
:100AD00000B5054B1B68054A9B58984700BD0000B0
:100AE0007703000000000020F00A0000040000006E
:100AF000001000000000000000FFFFFF0090D00386
:10100000B00F002021AE010065B0000087AD0100E7
:1010100065B0000065B0000065B000000000000091
:10102000000000000000000000000000ADAE010064
:1010300065B000000000000065B0000065B0000071
:1010400015AF01001BAF010065B0000065B00000E6
:1010500065B0000065B0000065B0000065B000003C
:1010600021AF010065B0000065B0000027AF0100AE
:1010700065B000002DAF010033AF010039AF0100B2
:1010800065B0000065B0000065B0000065B000000C
:1010900065B0000065B0000065B0000065B00000FC
:1010A00065B000003FAF010065B0000065B0000012
:1010B00065B0000065B0000065B0000065B00000DC
:1010C00045AF010065B0000065B0000065B00000EC
:1010D00065B0000065B0000065B0000065B00000BC
:1010E00065B0000065B0000065B0000065B00000AC
:1010F00065B0000065B0000065B0000065B000009C
:1011000065B0000065B0000000F002F819F077FE4D
:101110000AA090E8000C82448344AAF10107DA4552
:1011200001D119F06CFEAFF2090EBAE80F0013F00E
:10113000010F18BFFB1A43F00103184770A201000A
:1011400090A201000A4410F8014B14F00F0508BFEB
:1011500010F8015B240908BF10F8014B6D1E05D083
:1011600010F8013B6D1E01F8013BF9D1641E03D05C
:10117000641E01F8015BFBD19142E4D3704700008B
:101180000023002400250026103A28BF78C1FBD890
:10119000520728BF30C148BF0B6070471FB500F031
:1011A00003F88DE80F001FBD19F026BE70B51B4C6B
:1011B00005460A202070A01C00F0D7F85920A08016
:1011C00029462046BDE8704006F0FEBE06F00CBF82
:1011D00070B50C461249097829B1A0F160015E2969
:1011E00008D3012013E0602804D0692802D043F21C
:1011F00001000CE020CC0B4E94E80E0006EB8000C2
:10120000A0F58050241FD0F8806E2846B04720609B
:1012100070BD0120704706207047000008000020C4
:101220001800002074AF01003249884201D2012029
:1012300070470020704770B50446A0F500002E4EA0
:10124000B0F1786F02D23444A4F5000429488442F6
:1012500001D2012500E0002500F043F848B125B98E
:10126000B44204D32548006808E0012070BD002086
:1012700070BD002DF9D1B442F9D321488442F6D291
:10128000F3E710B50446A0F50000B0F1786F03D283
:1012900019480444A4F5000400F023F84FF08041FD
:1012A00030B11648006804E08C4204D2012003E00B
:1012B00013488442F8D2002080F0010010BD10B520
:1012C00020B1FFF7DEFF08B1012010BD002010BDE6
:1012D00010B520B1FFF7AFFF08B1012010BD00200D
:1012E00010BD084808490068884201D101207047B4
:1012F0000020704700C00100000000201C000020FA
:101300000800002058000020BEBAFECA10B50446EE
:101310000021012000F041F800210B2000F03DF8F1
:101320000021082000F039F80421192000F035F8D8
:1013300004210D2000F031F804210E2000F02DF8DA
:1013400004210F2000F029F80421C84300F025F8FB
:101350000621162000F021F80621152000F01DF8C6
:101360002046FFF723FF002010BDCC2101807047ED
:10137000FFF72CBF1148704710487047104A10B54E
:1013800014680F4B0F4A08331A60FFF721FF0C480F
:10139000001D046010BD704770474907090E002802
:1013A00004DB00F1E02080F80014704700F00F002B
:1013B00000F1E02080F8141D7047000003F900429E
:1013C000100502400100000130B5FF4D0446062C17
:1013D000A9780ED2DFE804F0030E0E0E0509FFDF38
:1013E00008E0022906D0FFDF04E0032902D0FFDF76
:1013F00000E0FFDFAC7030BDF34810B5407E41081F
:10140000F14800F11A0005D00DF043FBBDE8104093
:1014100006F07ABC0DF024FBF8E730B50446A1F1E4
:1014200020000D460A2847D2DFE800F005070C1916
:10143000202532373C41FFDF3FE0207820283CD197
:10144000FFDF3AE0E0488078052836D0207824286D
:1014500033D0252831D023282FD0FFDF2DE020786E
:1014600022282AD0232828D8FFDF26E02078222827
:1014700023D0FFDF21E0207822281ED024281CD092
:1014800026281AD0272818D0292816D0FFDF14E0E4
:101490002078252811D0FFDF0FE0207825280CD0F8
:1014A000FFDF0AE02078252807D0FFDF05E020785D
:1014B000282802D0FFDF00E0FFDF257030BD1FB518
:1014C0000022ADF800200C88ADF802404B88ADF842
:1014D0000430CA88ADF808208988ADF806100021CC
:1014E000ADF80A10ADF80C1080B14FF6FF70062170
:1014F000844201D1ADF80210834201D1ADF804104D
:10150000824203D14FF44860ADF8080068460DF000
:10151000BEFB06F0F9FB04B010BD70B514460D46D5
:101520000646FFF788FE60B90DB1A54201D90C202F
:1015300070BD002409E000BF56F82400FFF77BFED1
:1015400008B1102070BD641CE4B2AC42F4D300209A
:1015500070BD2DE9F04105461F4690460E46002419
:101560000068FFF7B5FE30B9A98828680844401E16
:10157000FFF7AEFE10B11020BDE8F081286800280A
:10158000A88802D0B84202D850E00028F4D0092040
:10159000F2E72968085DB8B1671CCA5D152A2ED02C
:1015A0003CDC152A3AD2DFE802F039122222282840
:1015B0002A2A313139393939393939393939220019
:1015C000085D30BB641CA4B2A242F9D833E0022803
:1015D000DDD1A01C085C88F80000072801D2400774
:1015E00001D40A20C8E7307840F0010015E0C1437B
:1015F000C90707E0012807D010E00620BCE7010773
:10160000A1F180510029F5D01846B5E7307881075F
:1016100001D50B20B0E740F0020030702868005D73
:10162000384484B2A888A04202D2B0E74FF44853AD
:1016300082B2A242ADD800209EE710B502785408CD
:1016400009D0012243F20223012C07D0022C0DD035
:10165000032C13D10FE00020087005E080790324EB
:10166000B4EB901F0AD10A70002010BD8079B2EB54
:10167000901F03D1F7E780798009F4D0184610BD98
:1016800008B500208DF800004F4890F8221051B1A5
:1016900090F8230002280FD003280FD0FFDF00BFEF
:1016A0009DF8000008BD48486946193001F0C6F9A8
:1016B0000028F5D0FFDFF3E7032000E001208DF8DC
:1016C0000000EDE738B50C460546694601F0B6F96D
:1016D00000280DD19DF80010207861F3470020709C
:1016E00055F8010FC4F80100A888A4F805000020EF
:1016F00038BD38B51378C0B1022816D033A46D4672
:10170000246800944C7905EB9414247864F347031F
:10171000137003280ED003F0FE0010700868C2F8A2
:1017200001008888A2F8050038BD23F0FE0313707D
:101730000228EED1D8B240F00100EEE702210EF00F
:10174000BDBC38B50C460978222901D2082038BD25
:10175000ADF800008DF8022068460DF0D9F906F0CA
:10176000D3FA050003D121212046FFF756FE284673
:1017700038BD1CB500208DF80000CDF80100ADF893
:101780000500114890F82200022801D0012000E055
:1017900000208DF8070068460DF024FA002800D0DC
:1017A000FFDF1CBD2DE9FF478CB00025BDF834607C
:1017B00082461C4690468DF81C50700703D5606821
:1017C000FFF739FD90B903E0A00100200302FF01FB
:1017D000FE4F4FF0010997F8220058B197F8230007
:1017E000022807D16068FFF773FD18B1102010B010
:1017F000BDE8F087300702D5A089802815D870078A
:1018000004D4B8F1000F01D0387E70B1E07DC0F390
:1018100000108DF81B00617D072041B1012906D021
:101820000229E4D00429E2D117E00720DFE78DF890
:1018300017908DF819908DF81580606878B107A918
:10184000FFF7FBFE0028D2D1606850F8011FCDF8E9
:101850000F108088ADF8130005E00620C7E7CDF82B
:101860000F50ADF81350E07B0028F6D1207C002803
:10187000F3D1607C0028F0D1A07C0028EDD1E07C81
:10188000C006EAD18DF800A0BDF83400ADF8020022
:10189000A0680190A0680290CDA0D0E90010CDE929
:1018A0000A10E07C0AA901EB501000788DF80C00BA
:1018B000FFF7E6FE8DF80D009DF81C008DF80E0078
:1018C0008DF818508DF816508DF81A5009A96846F1
:1018D0000DF02CFA06F018FA89E7F0B58FB0002465
:1018E0008DF830408DF814408DF8344006468DF860
:1018F0002840019402940394049419B10FC901ADD6
:1019000085E80F00B14DA878052801D004280CD136
:1019100001986968884200D120B90398E968884233
:1019200003D110B108200FB0F0BD1F273B460DAA10
:1019300005A903A8FFF70DFE0028F4D13B460AAA2B
:101940000CA901A8FFF705FE0028ECD19DF81400B2
:10195000C00701D00A20E6E7A88A410708D4A97D7C
:1019600031B19DF82810890702D043F20120DAE74F
:101970009DF82810C90709D0400707D4288818B156
:1019800044F25061884201D90720CCE78DF8184015
:101990008DF81960BDF80800ADF81A00019807909D
:1019A00006A80DF0CEF906F0AFF90028BBD18DF8EE
:1019B00020408DF82160BDF81000ADF8220003989A
:1019C000099008A80DF0DFF906F09EF90028AAD1C9
:1019D00001AC2D1D94E80F0085E80F000020A2E760
:1019E00070B50646FFF7AAFE054606F06FFB040039
:1019F00000D1FFDF6680207820F00F00801C20F0EF
:101A0000F000203020700320207295F83E006072B4
:101A1000BDE8704006F05EBB2DE9F04385B00400E0
:101A200000D1FFDF2078694E20F00F00801C20F0ED
:101A3000F0007030207060680178C91F14292AD224
:101A4000DFE801F04DF3290AF3F33AF2292966F2AF
:101A5000F2F129F2F2F0EFF286883046FFF76EFEDF
:101A60000546304608F0BDF8C0B16068807985F859
:101A70003E0021212846FFF7D0FC304603F0FAF95A
:101A8000304604F0ADFB3146012012F047F9A87F43
:101A900020F01000A87705B0BDE8F083207820F092
:101AA000F00020302070032020726680606880790A
:101AB000607206F00FFBDCE785882846FFF73EFEE4
:101AC00000B9FFDF60688078012800D0FFDF606820
:101AD000817905B02846BDE8F04308F04ABA868807
:101AE0003046FFF72BFE050000D1FFDF06F0F2FACB
:101AF00060683146C08828816068008968816068B4
:101B00004089A881012012F009F90020A875C2E7D8
:101B1000807828B10228BED03C28BCD0FFDFBAE7CD
:101B200006F0D8FA6568A879AD1C00B9FFDFF77830
:101B3000B5F80290B046384606F05FF8060000D1CE
:101B4000FFDF0022022148460EF0AFFA040000D168
:101B5000FFDF22212046FFF760FCA17F012060F318
:101B60000101A177298B2181698B6181A98BA181D9
:101B700084F822708DF80800B0680090F068019039
:101B80006A46032148460EF090FA00B9FFDFB0889C
:101B9000ADF81000B0788DF8120004AA052148466F
:101BA0000EF083FA00B9FFDFB088ADF80C00F078D2
:101BB0008DF80E0003AA042148460EF076FA00B90B
:101BC000FFDF062105F1120006E00000A001002061
:101BD000070605040302010000F04DFF30B36879E9
:101BE000800700D5FFDF6979E07D61F34700E0758C
:101BF000D5F80600A0616889A083062105F10C00D4
:101C000000F039FFE0B198F819104A08617862F3E2
:101C100047016170D8F81A10C4F80210B8F81E0015
:101C200017E028E020E033E02DE017E0E07D20F031
:101C3000FE00801CE075D5F81200A061E88ADBE7A1
:101C4000607820F0FE00801C6070E868C4F8020034
:101C5000288AE0800320FFF7B7FB1CE705B0204689
:101C6000BDE8F04301F092BC06F034FA16F8240FF8
:101C700040F0020005E006F02DFA16F8240F40F0BF
:101C80000400307007E705B0BDE8F04306F022BA63
:101C9000B178052909D00429DFD106F01BFA02200A
:101CA00005B0BDE8F043FFF78FBB80780028D4D0A3
:101CB000F07800F0AAFE06F00DFA0320F0E72DE917
:101CC000F047054600780027000991460C463E463D
:101CD000012871D0022870D007280AD00A286DD0B8
:101CE000FFDF00BFA9F800600CB1278066800020EC
:101CF0007EE5D5F804C0DFF8448804F108009CF8BC
:101D000000204FF0010AD21F4FF6FF71142A76D23D
:101D1000DFE802F00AF9F9F9F9F9F91DF9F926C035
:101D2000889DF91061D476EE12271026BCF80400C5
:101D30002146F3E01C270A26ECB3BCF80200A08081
:101D4000686800792072686840796072CAE71B276A
:101D5000092684B30320207268684088A080C1E708
:101D60009CF802103C29BDD010272C260CF1020C47
:101D70000CB3BCF80210A180BCF818106182BCF84A
:101D800018102182BCF81A10A182BCF81C10E18244
:101D90009CF8053002460CF106011846FFF7A9FC35
:101DA0009CF8040001289DD184F80FA00020207623
:101DB00008F1040003E00BE0A8E0B2E0EAE090E8FC
:101DC0000E00D8F81000C4E90930C4E9071289E709
:101DD000A9F800608BE720271126002CF8D0A180FD
:101DE000686804F10A02807820726868807A6072FC
:101DF00069680B1DC8781946FFF77BFC72E782E023
:101E000021270A26002CE3D0BCF80200A0806868D5
:101E10000079207268684079607298F8241021F087
:101E2000040162E022270B26002CD1D0BCF804006C
:101E3000A0806868807820726868807900F02AFE47
:101E400060726868C07900F025FEA0724AE7262714
:101E50001C26002CBCD0A1806868C07860726868BD
:101E60008079A07208F1040090E80E00D8F8100004
:101E7000C4E90530C4E90312686880783C2803D0BF
:101E8000432804D0FFDF2DE784F808A02AE70220CA
:101E9000207227E724271026002C99D0BCF80200D6
:101EA000A0806868007920816868007A608168682D
:101EB000C088A08168684089E08113E72327102645
:101EC000002C85D0BCF80200A08068688088208142
:101ED0006868C088608168680089A08168684089F6
:101EE000E08198F8241021F0020188F82410F9E626
:101EF0002F272A26002C86D0A18069682222891CDF
:101F00000BF017FAEEE64A46214644E0287A02280A
:101F100001D0FFDFE6E612271026688800F098FD62
:101F2000E0E6287AB0B3012835D0022833D0032860
:101F300001D0FFDFD6E611270926002C8AD0B5F89C
:101F400002804046FFF7FAFB90F822A0A4F8048034
:101F5000687A2072042140460EF0C2F805214046FE
:101F60000EF0BEF8002140460EF0BAF801214046BE
:101F70000EF0B6F8032140460EF0B2F802214046BA
:101F80000EF0AEF8062140460EF0AAF8504600F0DA
:101F90003CFDA7E6FFE72846BDE8F04701F02CBC72
:101FA00070B5012801D0FFDF70BD8DB22846FFF764
:101FB000C5FB040000D1FFDF20782128F4D006F013
:101FC00085F880B1017821F00F01891C21F0F00122
:101FD000103101700221017245800020A075BDE81A
:101FE000704006F077B821462846BDE870401322BD
:101FF000FFF7A7BB2DE9F04116460C00804600D143
:10200000FFDF307820F00F00801C20F0F00010304F
:1020100030702078022802D0FFDFBDE8F081404612
:10202000FFF78CFB050000D1FFDFA1884FF6FF70A2
:102030000027814202D1E288824203D0814201D14D
:10204000E08840B106F046F894E80F00083686E8CC
:102050000F00AF75E1E7A87D0128DED178230022CB
:10206000414611F0B1FD0220A875D6E738B5054606
:102070000C460846FFF7DFF8A8B9242D31D006DC5E
:10208000202D0AD0212D0AD0222D04D124E0252D87
:102090001BD03F2D2DD0072038BD062038BD6068ED
:1020A000FFF70DF908B1102038BD618820886A4615
:1020B0000CF0E1FF05F028FE0028F5D16168002949
:1020C000F2D0BDF800200A8038BDA07800F00101F0
:1020D00020880DF001F808E02068BDE8384001F0E4
:1020E000C0BD618820880CF05FFFBDE8384005F076
:1020F0000BBE207800F001008DF8000068460CF05F
:10210000BDFD05F001FE38BD70B505460C4608461C
:10211000FFF7B7F808B1102070BD202D07D0212D92
:102120000DD0222D0BD0252D09D0072070BD208881
:10213000A11C0CF03CFDBDE8704005F0E5BD06209B
:1021400070BDFE481930704708B528220021FB48B1
:102150000BF019F90120FFF737F9F84968461A31F1
:1021600005F04AFFF5489DF80020417E62F34701E3
:1021700021F001014176002180F822104FF46171B5
:102180000184022180F82310FFF736F900B1FFDF48
:1021900000F0AEFC01F0CCF908BD10B50C464022B1
:1021A000002120460BF0EFF8A07F20F00300A0777D
:1021B000202020700020A07584F8230010BD7047F7
:1021C0002DE9FC410746FFF736F810B11020BDE8B5
:1021D000FC81DA4E06F11901D6F819000090B6F824
:1021E0001D50ADF80450F47F8DF806403846FFF7D7
:1021F00069FA0028EBD1FFF7FFF80028E7D0009933
:1022000046F8191FB580B471E1E710B50446FFF731
:1022100038F808B1102010BDC848C8492246407E91
:102220001A314008FFF765FA002010BD3EB504469C
:102230000D460846FFF725F808B110203EBD14B141
:1022400043F204003EBDBD488078052803D0042831
:1022500001D008203EBD694602A80BF01AFB2A46B1
:1022600069469DF80800FFF744FA00203EBDFEB520
:102270000D4604004FF0000711D00822FFF74DF97A
:10228000002811D1002608E054F826006946FFF71F
:10229000D4F9002808D1761CF6B2AE42F4D30CF083
:1022A00037FB10B143F20320FEBDA44E3776FCB1DC
:1022B00000271AE054F8270002A9FFF7BEF900B181
:1022C000FFDF9DF808008DF8000054F8270050F853
:1022D000011FCDF801108088ADF8050068460CF0AC
:1022E0003CFB00B1FFDF7F1CFFB2AF42E2D335768B
:1022F0000020FEBD2DE9F0478AB01546894604004E
:102300001DD00F4608222946FFF707F9002810D1F3
:10231000002612E054F826006946103000F08EFBCB
:10232000002806D13FB157F82600FEF784FF10B110
:1023300010200AB0DCE4761CF6B2AE42EAD30026E6
:10234000A5F101081CE000BF06F1010A0AF0FF0731
:1023500012E000BF54F82600017C4A0854F8271008
:102360000B7CB2EB530F05D10622113011310AF06C
:10237000B3FF58B17F1CFFB2AF42EBD30AF0FF06A8
:102380004645E1DB4E4624B1012003E043F205203F
:10239000CFE700200CF000FB10B90CF009FB10B1E6
:1023A00043F20420C5E75CB300270DF1170825E0D0
:1023B00054F827006946103000F040FB00B1FFDF01
:1023C00054F82700102250F8111FCDF80110808812
:1023D000ADF8050054F827100DF107000AF0A9FF29
:1023E00096B156F82710102240460AF0A2FF684620
:1023F0000CF098FA00B1FFDF7F1CFFB2AF42D7D3D9
:10240000FFF7B7F9002094E7404601F01EFCEEE725
:1024100030B585B00446FEF70EFF18B96068FEF7C8
:1024200057FF10B1102005B030BD60884AF2B811D6
:10243000884206D82078414D28B1012806D00228CC
:1024400004D00720EFE7FEF7D7FF18E060780228F6
:1024500004D0032802D043F20220E4E785F82300E9
:10246000C1B200200090ADF8040002292CD003294D
:1024700027D0FFDF68460CF00CFB05F045FC002878
:10248000D1D1606801F0D4FB207858B101208DF8DB
:1024900000000DF1010001F0D8FB68460CF075FE5C
:1024A00000B1FFDF207885F82200FFF762F960882D
:1024B00060B1288480B20CF067FA00B1FFDF002021
:1024C000B1E78DF80500D5E74020FAE74FF46170D9
:1024D000EFE710B50446FEF7D4FE20B9606838B1C6
:1024E000FEF7EDFE08B1102010BD606801F0ADFBF5
:1024F000124830F8201F6180C178617080782070A8
:10250000002010BD2DE9F843144689460646FEF723
:10251000B8FEB8B94846FEF7DBFE98B92046FEF78C
:10252000D7FE78B9054DA878012800D154B131788B
:10253000FF2909D061B143F2040001E0A0010020AD
:10254000BDE8F8831020F8E7012801D00420F4E763
:10255000CCB3052811D004280FD06946204600F0DE
:10256000A4FA0028E9D1217D49B1012909D0022925
:1025700009D0032909D00720DFE70820DDE702465C
:1025800004E0012202E0022200E00322804623460A
:10259000174600200099FFF705F90028CDD1A08942
:1025A0002880A07BE875BDF80000A882AF75BDF853
:1025B0000010090701D5A18931B1A1892980C0077F
:1025C00004D0032003E006E08021F7E70220FEF7B5
:1025D000FBFE86F800804946BDE8F8430020FFF77F
:1025E0007CB92DE9FC41FF4C06460D46A078022837
:1025F00003D0032801D00820E9E516B143F2040016
:10260000E5E506200DF00EFD10B9A078032849D0AD
:102610000FF07CFC074610F0DBFE381A00F0FF08D4
:1026200006200DF0F7FC074606200DF0FBFC391ADA
:10263000A078042809D000221144A8EB010111F070
:10264000FF0F04D0032804D00DE00122F4E713208B
:10265000BDE5284605F0D1FA10B3407810B32846FE
:1026600005F0D6FDE570FFF70BF80BF054F80120EC
:102670008DF800008DF801008DF802602088ADF81B
:102680000400E07D8DF8060068460CF050FC05F073
:102690003BFB0028B0D1A078032805D0042010E02F
:1026A000052094E5122092E5E07805F0A6FA0400F2
:1026B00000D1FFDF607800B9FFDF6078401E6070F6
:1026C0000520FEF781FE002081E51CB510B143F224
:1026D00004001CBDC34CA078042803D0052801D0F9
:1026E00008201CBD00208DF8000001218DF801108C
:1026F0008DF8020068460CF01AFC05F005FB002876
:10270000EFD1A078052805D05FF00200FEF75CFE4F
:1027100000201CBDE07800F078F90320F6E72DE9F1
:10272000FC4180460D4603260846FEF7D1FD08B160
:1027300010204CE54046FFF701F8040004D0207853
:10274000222804D2082042E543F202003FE5A07FA0
:1027500000F003073DB1012F0AD000202946FEF703
:10276000AEFE0600E5D1012F04D0FFDF30462EE596
:102770000120F3E7A07D2946022801D011B107E02E
:10278000112024E5684600F0E7FA0028D1D1694617
:10279000404607F0CEFB0600E8D10120A075E5E732
:1027A00070B50C460546FEF7C9FF010005D022466C
:1027B0002846BDE87040FEF7C4BF43F2020070BD7A
:1027C00010B5012807D1874B9B78012B00D011B1A0
:1027D00043F2040010BD0CF009F9BDE8104005F00B
:1027E00093BA012300F01BB900231A46194600F0E2
:1027F00016B970B5064615460C460846FEF741FD6B
:1028000018B92846FEF73DFD08B1102070BD2A46D4
:10281000214630460CF017FC05F076FA0028F5D179
:1028200021787F29F2D1052070BD7CB505460C4684
:102830000846FEF700FD08B110207CBD2846FEF7D3
:102840007DFF20B10078222804D208207CBD43F20D
:1028500002007CBD634890F82400400701D5112098
:102860007CBD2178C80802D16078C20801D0072059
:102870007CBD890801D1800801D006207CBDADF85F
:10288000005020788DF8020060788DF80300022057
:10289000ADF8040068460BF00FFF05F035FA7CBD7B
:1028A00070B586B014460D460646FEF747FF28B1C0
:1028B0000078222805D2082006B070BD43F202003D
:1028C000FAE72846FEF704FD20B944B12046FEF79A
:1028D000F6FC08B11020EFE700202060A0804148FE
:1028E00090F82400800701D51120E5E703A93046C0
:1028F0000BF01FFF18B100BF05F006FADCE7ADF8DA
:102900000060BDF81400ADF80200BDF81600ADF887
:102910000400BDF81000BDF81210ADF80600ADF8C7
:1029200008107DB1298809B1ADF80610698809B190
:10293000ADF80210A98809B1ADF80810E98809B10D
:10294000ADF80410DCB1BDF80610814201D9081AB7
:102950002080BDF80210BDF81400814201D9081A88
:102960006080BDF80800BDF80410BDF816200144D1
:10297000BDF812001044814201D9081AA0806846AF
:102980000BF074FFB8E770B505460C460846FEF735
:1029900078FC08B1102070BD214628460CF04AF999
:1029A000BDE8704005F0B0B93EB505460C46084696
:1029B000FEF767FC08B110203EBD0020009001909A
:1029C0000290ADF800502089ADF8080020788DF80D
:1029D0000200606801902089ADF808006089ADF8B8
:1029E0000A0001E0A001002068460CF031F905F072
:1029F0008BF93EBD0EB5ADF8000000200190684691
:102A00000CF026F905F080F90EBD10B505F0F5F8CB
:102A1000040000D1FFDF6078401C607010BD1CB561
:102A2000ADF800008DF802308DF803108DF8042009
:102A300068460CF0D7FA05F067F91CBD0278520819
:102A400004D0012A02D043F202207047FEF7F5BD00
:102A500070B50C0006460DD0FEF770FE050000D1E3
:102A6000FFDFA68028892081288960816889A0816C
:102A7000A889E08170BD10B500231A4603E0845C8C
:102A80002343521CD2B28A42F9D30BB1002010BDAD
:102A9000012010BD00B530B1012803D0022801D0BB
:102AA000FFDF002000BDFF2000BD00220A8092B29F
:102AB00022F060020A800078062817D2DFE800F0D2
:102AC000160306090C1142F0110007E042F01D0048
:102AD00009E042F0150006E042F0100040F002006C
:102AE00001E042F010000880002070470720704786
:102AF000FD48002101604160018170472DE9FF4FD1
:102B000093B09B46209F160004460DD01046FEF75A
:102B100092FB18B1102017B0BDE8F08F31460120AC
:102B2000FEF7CDFC0028F6D101258DF842504FF478
:102B3000C050ADF84000002210A9284603F016FE50
:102B40000028E8D18DF84250A8464FF428500025BF
:102B5000ADF840001C222946684607950AF013FC90
:102B60009DF81C000DF11C0A20F00F00401C20F005
:102B7000F00010308DF81C0020788DF81D00617871
:102B80009DF81E000DF1400961F3420040F0010084
:102B90008DF81E009DF8000008AA40F002008DF894
:102BA00000002089ADF83000ADF832506089ADF8F2
:102BB0003400CDF82CA060680E900AA9CDF82890BA
:102BC000684603F0C8FB0028A5D16068FEF777FBD4
:102BD00040B16068FEF77CFB20B9607800F003002C
:102BE000022801D0012000E00020BF4C08AA0AA959
:102BF0002072BDF8200020808DF8428042F601202E
:102C0000ADF840009DF81E0020F00600801C20F06A
:102C100001008DF81E000220ADF83000ADF8340040
:102C200014A80E90684603F096FB002889D1BDF8E1
:102C30002000608036B1211D304600F059F900288F
:102C4000C2D109E0BBF1000F05D00AF017F9E8BBCB
:102C50000AF014F9D0BBA58017B1012F43D04AE088
:102C60008DF8428042F6A620ADF8400046461C2270
:102C70000021684607950AF086FB9DF81C00ADF818
:102C8000346020F00F00401C20F0F00010308DF870
:102C90001C009DF81D0020F0FF008DF81D009DF820
:102CA0001E0020F0060040F00100801C8DF81E0080
:102CB0009DF800008DF8446040F002008DF800009F
:102CC000CDE90A9AADF8306011A800E011E00E904D
:102CD00008AA0AA9684603F03EFB0028A6D1BDF861
:102CE0002000E08008E00AF0C9F810B90AF0C6F840
:102CF00008B103200FE7E58000200CE73EB504464D
:102D0000794D0820ADF80000A88828B12046FEF7CC
:102D100092FA18B110203EBD06203EBD214601208A
:102D2000FEF7CDFB0028F8D12088ADF804006088BC
:102D3000ADF80600A088ADF80800E088ADF80A00FC
:102D4000A88801AB6A46002103F00CFFBDF8001013
:102D50000829E2D003203EBD7FB5634D0446A88814
:102D600068B1002002900820ADF80800CDF80CD022
:102D70002046FEF760FA20B1102004B070BD062096
:102D8000FBE7A98802AA4FF6FF7004F02DF900288E
:102D9000F3D1BDF80810082901D00320EDE7BDF8F4
:102DA00000102180BDF802106180BDF80410A180E0
:102DB000BDF80610E180E0E701B582B00220ADF871
:102DC0000000494802AB6A464088002103F0CAFE71
:102DD000BDF80010022900D003200EBD1CB5002153
:102DE00000910221ADF800100190FEF74AFA08B1F7
:102DF00010201CBD3C486A4641884FF6FF7004F025
:102E0000F3F8BDF800100229F3D003201CBDFEB575
:102E1000354C06461546207A0F46C00705D00846B1
:102E2000FEF709FA18B11020FEBD0F20FEBDF82DE7
:102E300001D90C20FEBD3046FEF7FDF918BB2088F5
:102E400001A902F08AFF0028F4D130788DF805003E
:102E5000208801A903F064FE0028EBD100909DF8C2
:102E600000009DF8051040F002008DF800000907F1
:102E700003D040F008008DF800002088694603F078
:102E8000ECFD0028D6D1ADF8085020883B4602AAB8
:102E9000002103F067FEBDF80810A942CAD0032044
:102EA000FEBD7CB505460020009001900888ADF875
:102EB00000000C4628460195FEF701FA18B9204695
:102EC000FEF7DFF908B110207CBD15B1BDF8000098
:102ED00060B105486A4601884FF6FF7004F084F837
:102EE000BDF8001021807CBDC80100200C20FAE74D
:102EF00030B5044693B000200D46014600901422E0
:102F000001A80AF040FA1C22002108A80AF03BFAA6
:102F10009DF80000CDF808D020F00F00401C20F0F4
:102F2000F00010308DF800009DF8010006AA20F096
:102F3000FF008DF801009DF8200001A940F002007B
:102F40008DF8200001208DF8460042F60420ADF8EF
:102F5000440011A801902088ADF83C006088ADF8CD
:102F60003E00A088ADF84000E088ADF842009DF832
:102F7000020020F00600801C20F001008DF8020005
:102F80000820ADF80C00ADF810000FA8059008A8B7
:102F900003F0E1F9002803D1BDF8180028800020D3
:102FA00013B030BD0A4810B5046809490948083112
:102FB00008600FF0BEFE0648001D046010BD064903
:102FC000002008604FF0E0210220C1F88002704725
:102FD0001005024001000001FC1F00400548064AA0
:102FE0000168914201D1002101600449012008607B
:102FF0007047000058000020BEBAFECA40E50140FC
:103000002CFFFFFFDBE5B15100C00100CC00FFFF4A
:1030100071000000C1CF6A00FEA0D9111C1006C3C8
:1030200089CCFC7A7B3B49141906A8C010B504462C
:10303000FEF701F908B1102010BD2078C0F302108E
:10304000042807D86078072804D3A178102901D86C
:10305000814201D2072010BDE078410706D42179D2
:103060004A0703D4000701D4080701D5062010BD84
:10307000002010BD70B514460D46064605F026F832
:1030800080B10178182221F00F01891C21F0F00194
:10309000A03100F8081B21460AF04BF9BDE870404A
:1030A00005F018B829463046BDE870401322FEF7F7
:1030B00048BB2DE9F047064608A8904690E8300442
:1030C00089461F461422002128460AF05CF9002197
:1030D000CAF80010B8F1000F03D0B9F1000F03D106
:1030E00014E03878C00711D02068FEF7CAF8C0BBDA
:1030F000B8F1000F07D12068123028602068143022
:1031000068602068A8602168CAF8001038788007D5
:1031100024D56068FEF7D3F818BBB9F1000F21D0B1
:10312000FFF70FF80168C6F868118188A6F86C11DE
:10313000807986F86E0101F034FAF84FEF6062682A
:1031400062B196F8680106F2691140081032FEF784
:10315000D0FA1022394660680AF0EBF80020BDE88A
:10316000F08706E0606820B1E8606068C6F8640136
:10317000F4E71020F3E730B5054608780C4620F058
:103180000F00401C20F0F001103121700020607011
:1031900095F8230030B104280FD0052811D0062857
:1031A00014D0FFDF20780121B1EB101F04D295F875
:1031B000200000F01F00607030BD21F0F0002030D2
:1031C00002E021F0F00030302070EBE721F0F00059
:1031D0004030F9E7F0B591B0022715460C46064697
:1031E0003A46ADF80870092103AB05F070FD049074
:1031F000002810D004208DF804008DF80170E03410
:10320000099605948DF818500AA968460EF051FCED
:1032100000B1FFDF012011B0F0BD2DE9F84F0646E7
:10322000808A0C4680B28246FEF788FA0546BB4F7C
:103230003078203F4FF002094FF000080F287CD271
:10324000DFE800F07BA39D082C5B6A7CBADAFD976F
:1032500048979700012150460CF030FF040000D140
:10326000FFDF97F85C00C00701D0386E0BE0032148
:1032700004F11D0010F06BFAD4F81D00A849B0FB52
:10328000F1F201FB1200C4F81D0070686067B068BD
:10329000A0672878252872D0FFDF70E00121504612
:1032A0000CF00CFF060000D1FFDF3078810702D55B
:1032B0002978252904D040F001003070BDE8F88F4E
:1032C00084F80090307F207106F11D002D36C4E98E
:1032D0000206F3E7012150460CF0F0FE050000D194
:1032E000FFDF2878C10604D5072020703D356560D2
:1032F000E4E740F008002870E0E7E87F000700D529
:10330000FFDF307CB28800F0010301B05046BDE819
:10331000F04F092106F06FBD05B9FFDF716821B1DB
:10332000102205F124000AF004F828212846FEF7AF
:1033300074F8307A85F82000C0E7F7E001215046A4
:103340000CF0BCFE050000D1FFDF022105F1850075
:1033500010F0FDF90420207005F5B4706060B5F838
:10336000850020826D4810387C356561C4E90270A3
:10337000A4E7012150460CF0A1FE00B9FFDF324660
:1033800029465046BDE8F84F74E605B9FFDF2878B6
:10339000212893D93079012803D1E87F40F0080033
:1033A000E877324629465046FFF764FE2846BDE8D6
:1033B000F84F2321FEF731B83279A28004F10803D7
:1033C0000921504605F083FCE06010B10520207013
:1033D00074E74546012150460CF070FE040000D110
:1033E000FFDF04F1620102231022081F0CF0FFFC32
:1033F00005703179417061E7012150460CF05EFEA5
:10340000040000D1FFDF94F8840000F003000128DD
:1034100059D1E87F10F0010003D194F8A010C9073A
:103420002AD0D4F8602132B394F88330117C63F34E
:1034300087011174AA7FD30963F3410100E071E0B1
:10344000D4F860211174D4F8602160F30001117484
:1034500090B1D4F86001102205F12401883409F0FC
:1034600068FF207E40F001002076207820F00100E7
:1034700004F8880919E0C0B994F88810C90714D075
:10348000D4F85C218AB194F88330117C63F387010E
:103490001174AA7FD309D4F85C2163F3410111743C
:1034A000D4F85C2160F30001117494F8880080075F
:1034B00009D594F87C00D4F86421400804F17D011A
:1034C0001032FEF716F98DF8009094F884006A46E1
:1034D00000F003008DF8010094F888108DF80210B8
:1034E00094F8A0008DF803002946504601F042F8F8
:1034F0002878252805D0212807D0FFDF2878222822
:1035000003D922212846FDF788FF012150460CF0FF
:10351000E7FD00283FF4DDAEFFDFCFE6F401002039
:1035200040420F00716881F80180C7E6FFDFC5E601
:1035300070B5FE4C002584F85C5025660EF085FAC7
:1035400004F11001204604F07DFD84F8305070BD78
:1035500070B50D46FEF7F2F8040000D1FFDF4FF41E
:10356000B8720021284609F00EFF2434012105F12C
:10357000E0002C610EF06AFA002800D0FFDF70BD79
:103580000A46014602F1E0000EF081BA70B5054628
:10359000406886B00178082906D00B2933D00C2961
:1035A0002FD0FFDF06B070BD46883046FEF7C6F864
:1035B000040000D1FFDF20782128F3D028281BD178
:1035C000686802210C3000F0A0FFA8B168680821EB
:1035D000001D00F09AFF78B104F1240130460BF091
:1035E000A8FC04F091FB00B1FFDF06B02046BDE867
:1035F00070402921FDF711BF06B0BDE8704004F00E
:1036000069BD01218171686886883046FEF796F8A9
:10361000040000D1FFDF20782128C3D068688179B9
:1036200009B1807808B1FFDFBCE704F053FDA07F4B
:10363000000622D5E07FC00705D094F8200000F0F6
:103640001F00102817D0052084F82300207829288F
:1036500015D02428A6D13146042010F05FFB22218A
:103660002046FDF7DAFE012130460CF039FD002836
:1036700098D0FFDF96E70620E6E70420E4E7012183
:1036800030460CF01BFD050000D1FFDF2521204650
:10369000FDF7C3FE03208DF80000694605F1E00048
:1036A0000EF0ECF90228BFD00028BDD0FFDF79E78B
:1036B0002DE9F04788B09A46164688468146FEF7BF
:1036C0003DF805003AD02878222837D3232835D072
:1036D000E87F000732D40027012148460CF0EEFCB9
:1036E000040005D10121002248460CF0DEFC04460E
:1036F000694600F066FF009800B9FFDF00983CB112
:10370000E03404612878222804D0242802D005E07F
:10371000076103E025212846FDF77FFE009801217F
:103720004170C0F824908680C0E9028A01A90EF099
:10373000C0F9022802D0002800D0FFDF08B00EE553
:1037400070B586B00546FDF7F9FF0078222814D938
:10375000012128460CF0B2FC04002CD1FFDF2AE046
:10376000B4F85E0004F1620630440178427829B171
:1037700021462846FFF72EFDB0B913E7ADF8042027
:103780000921284602AB05F0A2FA03900028F4D0E4
:1037900005208DF80000694604F1E0000EF06EF996
:1037A000022801D000B1FFDF02231022314604F1CC
:1037B0005E000CF052FBB4F860000028D0D1F1E6B6
:1037C00010B586B00446FDF7B9FF0078222811D95C
:1037D000012120460CF072FC040000D1FFDF06201E
:1037E0008DF80000694604F1E0000EF047F900286A
:1037F00000D0FFDF06B010BD2DE9F84F0546007878
:103800000C460027010904F1080090463E46BA46DE
:10381000009002297ED0072902D00A2909D142E06E
:1038200068680178082905D00B292CD00C292AD0EA
:10383000FFDF72E114271C26002C6CD04088A0808A
:10384000FDF77CFF5FEA000900D1FFDF99F8170060
:1038500009F118014008009AFDF74BFF686880895C
:10386000208268684168C4F812108068C4F81600A5
:10387000A07E20F0060040F00100A07699F81E001E
:1038800040F020014FE01A270A26002CD5D080886E
:10389000A080FDF753FF050000D1FFDF2846009907
:1038A000FFF769FC39E10CB1A88BA080287A4FF0B2
:1038B000010B0B287ED006DC01287CD0022808D022
:1038C000032804D137E00D2876D00E2875D0FFDF0D
:1038D00023E11E270926002CAFD0A088FDF72EFF7C
:1038E0005FEA000900D1FFDF287B00F00300012818
:1038F000207A1DD020F001002072297B890861F315
:1039000041002072297BC90861F382002072297B63
:10391000090901E0F7E0AEE061F3C300207299F815
:103920001E0040F0400189F81E10F6E0D40100208E
:1039300040F00100E0E713270D26002CA6D0A08858
:10394000FDF7FCFE81460121A0880CF0B7FB0500C5
:1039500000D1FFDF686F817801F003010129217A2E
:1039600050D021F00101217283789B0863F341015B
:1039700021728378DB0863F38201217283781B094B
:1039800063F3C3012172037863F306112172437854
:1039900063F3C711217284F809A0C178A17202797A
:1039A000E17A62F30001E1720279520862F34101A7
:1039B000E17203E029E067E04EE05FE002799208FF
:1039C00062F38201E1720279D20862F3C301E1720B
:1039D0004279217B62F3000121734279520862F33C
:1039E000410121734279920862F382012173407987
:1039F000C00860F3C301217399F8000023282AD975
:103A0000262139E041F00101ADE71827102694B3D3
:103A1000A088FDF793FE00900121A0880CF04EFBDA
:103A20005FEA000900D1FFDFE868A06099F80000B4
:103A300040F0040189F8001099F80100800708D5CA
:103A400084F80CB000980078232866D927210098C4
:103A500052E084F80CA060E015270F265CB1A08826
:103A6000FDF76CFE81460622E868009909F0E9FC42
:103A700084F80EB085E042E048463DE0162709266E
:103A8000ECB3287B207248E0287B19270E26B4B3BC
:103A9000C4F808A0A4F80CA0012807D0022808D078
:103AA00003280CD004280AD0FFDF15E084F808B002
:103AB00001E002202072607A20F003000BE0697BB5
:103AC000042801F00F0141F080012172F3D1607AE6
:103AD00020F00300401C6072A088FDF72FFE054611
:103AE0000078212819D0232800D0FFDF0121A088E9
:103AF0000CF0F6FA22212846FDF78FFC0DE0FFE7D7
:103B0000A8F800600EE00CB16888A080287A10B395
:103B1000012809D002283AD0FFDFA8F800600CB1D4
:103B200027806680002007E415270F26002CE7D0A9
:103B3000A088FDF703FE0121A0880CF0BFFA050064
:103B400000D1FFDFD5F81D000622009909F079FCAD
:103B500084F80EA0E1E717270926002CD0D0A08812
:103B6000FDF7ECFD81460121A0880CF0A7FA0500C5
:103B700000D1FFDF6878800701D5022000E0012036
:103B8000207299F800002328C7D9272174E7192744
:103B90000E26002CB4D0A088FDF7D0FD5FEA000906
:103BA00000D1FFDFC4F808A0A4F80CA084F808A096
:103BB000A07A40F00300A07299F81E10C90961F3C1
:103BC0008200A07299F81F2099F81E1012EAD11FE6
:103BD00005D099F8201001F01F01102925D020F000
:103BE0000800A07299F81F10607A61F3C300607238
:103BF000697A01F0030101298FD140F0040060725D
:103C0000E87A217B60F300012173AA7A607B62F37A
:103C100000006073EA7A520862F341012173A97AC5
:103C2000490861F34100607377E740F00800D8E786
:103C300010B5F84C30B10146102204F1200009F013
:103C400078FB012084F8300010BD10B5044600F068
:103C5000A8FCF04920461022BDE81040203109F0B0
:103C600068BB70B5EB4D06004FF0000412D0FDF7B5
:103C7000E2FA08B110240BE00621304609F0C8FB37
:103C8000411C04D02866012085F85C0000E0072470
:103C9000204670BD0020F7E7007810F00F0204D036
:103CA000012A05D0022A0CD110E0000909D10AE04E
:103CB0000009012807D0022805D0032803D00428D2
:103CC00001D0072070470870002070470620704719
:103CD00005282AD2DFE800F003070F171F00087835
:103CE00020F0FF001EE0087820F00F00401C20F0BC
:103CF000F000103016E0087820F00F00401C20F093
:103D0000F00020300EE0087820F00F00401C20F07A
:103D1000F000303006E0087820F00F00401C20F062
:103D2000F0004030087000207047072070472DE9F0
:103D3000F043804687B00D464FF000090846FDF776
:103D4000C7FAA8B94046FDF7F9FC060003D0307861
:103D500022280BD104E043F2020007B0BDE8F08353
:103D600035B1B07FC10601D4000703D50820F4E7C0
:103D70001020F2E7F07F000701D50D20EDE70027C6
:103D8000012140460CF09AF9040006D101210022DD
:103D900040460CF08AF9040005D0694600F011FC99
:103DA000009818B901E00420D7E7FFDF009802214E
:103DB000E0344170C0F82480446107810121017121
:103DC000297801F00102017E62F3010101762A786F
:103DD000520862F3820101762A78920862F3C301E5
:103DE00001762A78D20862F3041101762421304644
:103DF000FDF713FB01A900980DF05BFE022801D02E
:103E000000B1FFDF4846A8E72DE9FF4F0E46824983
:103E1000904697B09A4607C914AB4FF0000983E863
:103E200007001798FDF78AFC050006D02878262899
:103E300006D008201BB0BDE8F08F43F20200F9E77E
:103E400026B94046FFF7F2F80028F3D10121179870
:103E50000CF034F9040000D1FFDF852E27D007DCF9
:103E6000EEB1812E1DD0822E1DD0832E08D11CE0F4
:103E7000862E1ED0882E1ED0892E1ED08A2E1ED0B1
:103E80000F2020710F281CD004F020F9D8B1012098
:103E90008DF83400201D0E902079B0B126E100206D
:103EA000EFE70120EDE70220EBE70320E9E705203B
:103EB000E7E70620E5E70820E3E70920E1E70A2035
:103EC000DFE70720B6E71120B4E798F80000D4E94F
:103ED0001D764208A87F002162F3C710A87798F8E2
:103EE00000008208E87F62F30000E87798F800009D
:103EF000C209607862F34100607098F8000002091E
:103F0000207862F34710207098F80000C2086078AB
:103F100062F30000607098F80100607198F800008A
:103F200000F00102B07862F30100B070AA7FD209FC
:103F300062F38200B070EA7F62F3C300B07062780F
:103F400062F30410B0702278C0F3C00052093270DE
:103F50006278C2F34002727098F80220F2707171B8
:103F60003171B978C1F3C00108405FEA000B2ED06F
:103F70005046FDF760F978BBDAF80C00FDF75BF905
:103F800050BBDAF81C00FDF756F928BBDAF80C0034
:103F9000A060DAF81C00E06060787A7842EA5001AC
:103FA00061F341006070B978C0B200EA111161F3A9
:103FB000000060700020207705F117006061681C28
:103FC000A061B07800F00300012806D046E06078D8
:103FD0007A7802EA5001E3E719E0B87800F00300CC
:103FE00001283BD1321D711D404600F099FA31790C
:103FF000387901408DF8281070797A7910408DF861
:10400000300001432AD05046FDF715F930B1102099
:1040100010E70000D4010020E8B001000AF1100010
:1040200004F5AE7304F18C028DE80D0000210AAB9B
:104030005A462046FFF73DF80028E9D104F5B07252
:1040400004F1A403CDF800A0CDE9013201210CABAD
:104050005A462046FFF72DF80028D9D1607880070E
:1040600022D4B078B978C0F38000C1F3800108434E
:104070001AD0307814AA397832F810204B00DA4080
:1040800002F00309B9F1030F01D14FF00209BBF1AE
:10409000000F09D0012801D0042805D1012901D041
:1040A000042901D14FF00409A87F40F08000A877CF
:1040B000E97F6BF30001E9776078800706D503207C
:1040C000A071BBF1000F11D100202CE00220B9F14A
:1040D000020F1AD0B9F1010F19D0B9F1040F2AD08B
:1040E0000020A071A87F20F08000A8772521284615
:1040F000FDF793F90DA904F1E0000DF0BFFC10B13C
:10410000022800D0FFDF002094E6A071DCE7A07158
:104110000D22002104F1200009F035F9207840F04B
:104120000200207001208DF84C0013AA2946179830
:1041300000F020FADAE70120A071D7E72DE9F0437B
:1041400087B09046894604460025FDF7F7FA070038
:1041500004D03878272804D00820FEE543F2020076
:10416000FBE5012120460BF0A9FF040000D1FFDF91
:10417000A6795FEA090005D0012821D0B9F1020F24
:1041800026D110E0B8F1000F22D1012E05D0022E69
:1041900005D0032E05D0FFDF2EE00C252CE00125F5
:1041A0002AE0022528E04046FDF745F8B0B9032E85
:1041B0000ED11022414604F11D0009F0BAF81BE0AF
:1041C000012E02D0022E03D104E0B8F1000F13D06B
:1041D0000720C2E54046FDF72EF808B11020BCE5E7
:1041E0001022002104F11D0009F0CDF806214046FF
:1041F00009F00EF9C4F81D002078252140F00200D6
:1042000020703846FDF709F92078C10713D020F057
:104210000100207002208DF8000004F11D000290C2
:104220008DF804506946C3300DF028FC022803D0F5
:1042300010B1FFDF00E0257700208EE530B587B0B4
:104240000D460446FDF77AFA60B1012120460BF0D5
:1042500035FF04000CD02846FCF7EDFF28B11020F4
:1042600007B030BD43F20200FAE72078400701D4DE
:104270000820F5E7294604F13D002022054609F013
:1042800058F8207840F01000207001070FD520F07A
:104290000800207007208DF80000694604F1E00056
:1042A00001950DF0EBFB022801D000B1FFDF0020EB
:1042B000D6E770B50D460646FDF740FA18B100780E
:1042C000272817D102E043F2020070BD01213046D9
:1042D0000BF0F4FE040000D1FFDFA079022809D121
:1042E0006078C00706D02A4621463046FEF772FFA6
:1042F00010B10FE0082070BDB4F860000E280BD29A
:1043000004F1620102231022081F0BF070FD01214D
:1043100001704570002070BD112070BD70B506465B
:1043200014460D460846FCF786FF18B92046FCF7F0
:10433000A8FF08B1102070BDA6F57F40FF380ED051
:104340003046FDF7FBF938B1417822464B08811C15
:104350001846FDF7CEF907E043F2020070BD204693
:10436000FDF753FF0028F9D11021E01D0FF0EFF900
:10437000E21D294604F1170000F033F9002070BD5A
:104380002DE9F04104468AB015460E46002708463E
:10439000FCF79EFF18B92846FCF79AFF18B11020C9
:1043A0000AB0BDE8F0812046FDF7C8F95FEA0008D1
:1043B00004D098F80000272810D102E043F2020050
:1043C000EEE7012120460BF079FE040000D1FFDF6B
:1043D0002078400702D56078800701D40820DFE705
:1043E000D4E91D01497801B18DB1407800B176B1B1
:1043F000ADB1EA1D06A8E16800F0F3F8102206A9A5
:1044000005F1170008F068FF18B1042707E007203E
:10441000C6E71022E91D04F12D0008F08AFF2EB135
:104420001022F11D04F11D0008F083FF20782521E2
:1044300040F0020020704046FCF7EFFF2078C107F3
:1044400015D020F00100207002208DF8000004F14A
:104450001D000290103003908DF804706946B3304F
:104460000DF00CFB022803D010B1FFDF00E027772E
:10447000002095E770B50D4606460BB1072070BDCC
:10448000FDF75CF9040007D02078222802D3A07F32
:10449000800604D4082070BD43F2020070BDADB1A7
:1044A000294630460AF045FD03F02EFC297C4A08D7
:1044B000A17F62F3C711A177297CE27F61F300023B
:1044C000E277297C890884F8201004E030460AF05D
:1044D00053FD03F019FCA17F21F02001A17770BDED
:1044E00070B50D46FDF72AF9040005D02846FCF703
:1044F000C8FE20B1102070BD43F2020070BD2946F5
:104500002046FEF738FE002070BD04E010F8012BB5
:104510000AB100207047491E89B2F7D201207047C6
:1045200010B5C4780B7864F300030B70C47864088A
:1045300064F341030B70C478A40864F382030B7026
:10454000C478E40864F3C3030B700379117863F350
:104550000001117003795B0863F341011170037965
:104560009B0863F3820111700079C00860F3C301F6
:10457000117010BD70B51546064603F0A7FD040086
:1045800000D1FFDF207820F00F00801C20F0F00029
:104590002030207066802868A060BDE8704003F07D
:1045A00099BD10B5134C94F83000002808D104F1DF
:1045B0002001A1F110000DF0A3FA012084F83000D1
:1045C00010BD10B190F8B9202AB10A4890F8350012
:1045D00018B1002003E0B83001E00648343008602C
:1045E000704708B50023009313460A460BF065FF99
:1045F00008BD0000D4010020F0B5007B059F1E46D9
:1046000014460D46012800D0FFDF0C2030803A20F0
:104610003880002C08D0287A032806D0287B01286F
:1046200000D0FFDF17206081F0BDA889FBE72DE9EE
:10463000F04786B0144691F80C900E9A0D46B9F1E9
:10464000010F0BD01021007B2E8A8846052807D049
:10465000062833D0FFDF06B0BDE8F0870221F2E77D
:10466000E8890C2100EB400001EB4000188033206A
:104670001080002CEFD0E889608100271AE00096B6
:10468000688808F1020301AA696900F086FF06EB59
:104690000800801C07EB470186B204EB4102BDF81D
:1046A000040090810DF1060140460E320DF09EFA95
:1046B0007F1CBFB26089B842E1D8CCE734201080BB
:1046C000E889B9F1010F11D0122148430E3018804A
:1046D000002CC0D0E88960814846B9F1010F00D0B4
:1046E0000220207300270DF1040A1FE00621ECE7E9
:1046F0000096688808F1020301AA696900F04DFF7D
:1047000006EB0800801C86B2B9F1010F12D007EB4E
:10471000C70004EB4000BDF80410C18110220AF16B
:104720000201103008F005FE7F1CBFB26089B8425C
:10473000DED890E707EB470104EB4102BDF8040027
:10474000D0810AF10201404610320DF04FFAEBE73A
:104750002DE9F0470E4688B090F80CC096F80C8012
:10476000378AF5890C20109902F10C044FF0000AE9
:10477000BCF1030F08D0BCF1040F3FD0BCF1070F10
:104780007ED0FFDF08B067E705EB850C00EB4C003F
:10479000188031200880002AF4D0A8F1060000F02B
:1047A000FF09558126E01622002101A808F0EBFD43
:1047B00000977088434601AA716900F0EEFEBDF8CB
:1047C00004002080BDF80600E080BDF808002081CC
:1047D000A21C0DF10A0148460DF008FAB9F1000FCC
:1047E00000D018B184F804A0A4F802A007EB0800D8
:1047F00087B20A346D1EADB2D5D2C3E705EB850C86
:1048000000EB4C00188032200880002ABAD0A8F1B2
:10481000050000F0FF09558137E000977088434696
:1048200001AA716900F0B9FE9DF80600BDF80410F8
:10483000E1802179420860F3000162F341018208BE
:1048400062F38201C20862F3C301020962F3041138
:10485000420962F34511820962F386112171C00990
:104860006071BDF80700208122460DF1090148461C
:104870000DF0BCF918B184F802A0A4F800A000E083
:1048800007E007EB080087B20A346D1EADB2C4D250
:1048900078E7A8F1020084B205FB08F000F10E0CE5
:1048A000A3F800C035230B80002AA6D0558194813F
:1048B000009783B270880E32716900F06EFE61E776
:1048C0002DE9F84F1E460A9D0C4681462AB1607AB2
:1048D00000F58070D080E089108199F80C000C27D9
:1048E0004FF000084FF00E0A0D2872D2DFE800F0FA
:1048F0009D070E1B272F374554697272720021469F
:1049000048460095FFF778FEBDE8F88F207B91467A
:10491000082802D0032800D0FFDF3780302009E0CC
:10492000A9F80A80F0E7207B9146042800D0FFDF39
:10493000378031202880B9F1000FF1D1E4E7207BE6
:104940009146042800D0FFDF37803220F2E7207B39
:104950009146022800D0FFDF37803320EAE7207B32
:104960001746022800D0FFDF3420A6F800A02880D8
:10497000002FC9D0A7F80A80C6E7207B1746042875
:1049800000D0FFDF3520A6F800A02880002FBBD084
:104990004046A7F80A8012E0207B1746052802D07F
:1049A000062800D0FFDF1020308036202880002F1E
:1049B000AAD0E0897881A7F80E80B9F80E00B881F6
:1049C000A2E7207B9146072800D0FFDF3780372001
:1049D000B0E72AE04FF0120018804FF038001700BF
:1049E000288091D0E0897881A7F80E80A7F8108000
:1049F00099F80C000A2805D00B2809D00C280DD0F6
:104A0000FFDF81E7207B0A2800D0FFDF01200AE0DA
:104A1000207B0B2800D0FFDF042004E0207B0C2843
:104A200000D0FFDF052038736EE7FFDF6CE770B55D
:104A30000C460546FCF782FE20B10078222804D2FD
:104A4000082070BD43F2020070BD052128460BF01E
:104A500035FB206008B1002070BD032070BD30B46C
:104A60004880087820F00F00C01C20F0F000903043
:104A700001F8080B1DCA81E81D0030BC03F02ABBF9
:104A80002DE9FF4784B00027824602970798904699
:104A90008946123006F043FB401D20F003060798BC
:104AA00028B907A95046FFF7C2FF002854D1B9F131
:104AB000000F05D00798017B19BB052504681BE092
:104AC00098F80000092803D00D2812D0FFDF46E037
:104AD000079903254868B0B3497B428871439142E6
:104AE00039D98AB2B3B2011D0BF06DF904460780C3
:104AF00002E0079C042508340CB1208810B1032D76
:104B000029D02CE007980121123006F03AFBADF8CD
:104B10000C00024602AB2946504604F0D8F80700C4
:104B200001D1A01C029007983A461230C8F8040040
:104B3000A8F802A003A94046029B06F02FFBD8B1BB
:104B40000A2817D200E006E0DFE800F00709141495
:104B5000100B0D141412132014E6002012E611207D
:104B600010E608200EE643F203000BE6072009E6F4
:104B70000D2007E6032005E6BDF80C002346CDE92D
:104B800000702A465046079900F017FD57B9032DCB
:104B900008D10798B3B2417B406871438AB2011DC6
:104BA0000BF025F9B9F1000FD7D0079981F80C90D7
:104BB000D3E72DE9FE4F91461A881C468A46804667
:104BC000FAB102AB494604F082F8050019D040461C
:104BD000A61C27880BF0B7FB3246072629463B4622
:104BE00000960AF0D6FF20882346CDE900504A46B9
:104BF0005146404600F0E1FC002020800120BDE845
:104C0000FE8F0020FBE710B586B01C46AAB1042336
:104C10008DF800301388ADF808305288ADF80A20BE
:104C20008A788DF80E200988ADF80C1000236A46AA
:104C30002146FFF725FF06B010BD1020FBE770B539
:104C40000D4605210BF03AFA040000D1FFDF29469A
:104C500004F11200BDE8704006F07CBA2DE9F8437B
:104C60000D468046002603F031FA044628781028C5
:104C700078D2DFE800F0773B3453313112313131F3
:104C80000831313131312879001FC0B2022801D0FA
:104C9000102810D114BBFFDF35E004B9FFDF052178
:104CA00040460BF00BFA007B032806D004280BD0FB
:104CB000072828D0FFDF072655E02879801FC0B2DB
:104CC000022820D050B1F6E72879401FC0B2022850
:104CD00019D0102817D0EEE704B9FFDF13E004B9AC
:104CE000FFDF287901280ED1172137E00521404642
:104CF0000BF0E4F9070000D1FFDF07F11201404695
:104D000006F005FA2CB12A4621464046FFF7A7FED9
:104D100029E013214046FDF743FD24E004B9FFDFFD
:104D2000052140460BF0CAF9060000D1FFDF6946B5
:104D300006F1120006F0F5F9060000D0FFDFA988A1
:104D4000172901D2172200E00A46BDF8000082426E
:104D500002D9014602E005E01729C5D3404600F01C
:104D60003CFCD0E7FFDF3046BDE8F883401D20F073
:104D7000030219B102FB01F0001D00E00020104405
:104D8000704713B5009848B1002468460AF0C5FF83
:104D9000002C02D1F74A009911601CBD01240020AB
:104DA000F4E72DE9F0470C46154624220021204661
:104DB00008F0E9FA05B9FFDFA87860732888DFF802
:104DC000B4A3401D20F00301AF788946DAF8000053
:104DD0000AF0C1FF060000D1FFDF4FF00008266097
:104DE000A6F8008077B109FB07F1091D0AD0DAF8AF
:104DF00000000AF0B0FF060000D1FFDF6660C6F8D1
:104E0000008001E0C4F80480298804F11200BDE8A4
:104E1000F04706F06DB92DE9F047804601F1120028
:104E20000D46814606F07BF9401DD24F20F003026B
:104E30006E7B1446296838680AF0B8FF3EB104FB5F
:104E400006F2121D03D0696838680AF0AFFF05202A
:104E50000BF0E0F8044605200BF0E4F8201A0128D6
:104E600002D138680AF06CFF49464046BDE8F04779
:104E700006F054B970B5054605210BF01FF9040082
:104E800000D1FFDF04F112012846BDE8704006F0B2
:104E90003EB92DE9F04F91B04FF0000BADF834B0B2
:104EA000ADF804B047880C460546924605213846C1
:104EB0000BF004F9060000D1FFDF24B1A780A4F8AD
:104EC00006B0A4F808B0297809220B20B2EB111F14
:104ED0007ED12A7A04F1100138274FF00C084FF0E8
:104EE00001090391102A74D2DFE802F073F3F2F1A2
:104EF0008008D3898EA03DDCF4EFB7B7307B022861
:104F000000D0FFDFA88908EBC001ADF80410302104
:104F1000ADF83410002C25D06081B5F80E90002734
:104F20001DE004EBC708317C88F80E10F189A8F861
:104F30000C10CDF800906888042304AA296900F0B9
:104F40002CFBBDF81010A8F8101009F10400BDF8F2
:104F500012107F1C1FFA80F9A8F81210BFB26089E6
:104F6000B842DED80EE1307B022800D0FFDFE989AD
:104F700008EBC100ADF804003020ADF83400287B08
:104F80000A90001FC0B20F90002CEBD06181B5F8E1
:104F90001090002726E000BFCDF80090688869696E
:104FA00003AA0A9B00F0F9FA0A9804EBC7084844E0
:104FB0001FFA80F908F10C0204A90F980CF016FEF4
:104FC00018B188F80EB0A8F80CB0BDF80C1001E0CC
:104FD000D4E0D1E0A8F81010BDF80E107F1CA8F89E
:104FE0001210BFB26089B842D6D8CBE00DA80090AD
:104FF00001AB224629463046FFF719FBC2E0307B61
:10500000082805D0FFDF03E0307B082800D0FFDF51
:10501000E8891030ADF804003620ADF83400002CDB
:105020003FD0A9896181F189A18127E0307B0928DE
:1050300000D0FFDFA88900F10C01ADF80410372182
:10504000ADF83410002C2CD06081E8890090AB8939
:10505000688804F10C02296956E0E889392110308A
:1050600080B2ADF80400ADF83410002C74D0A989DA
:105070006181287A0E280AD002212173E989E18111
:10508000288A0090EB8968886969039A3CE00121CD
:10509000F3E70DA8009001AB224629463046FFF702
:1050A00057FB6FE0307B0A2800D0FFDF1220ADF8FD
:1050B0000400ADF834704CB3A9896181A4F810B034
:1050C000A4F80EB084F80C905CE020E002E031E03F
:1050D00039E042E0307B0B2800D0FFDF288AADF8B2
:1050E00034701230ADF8040084B104212173A98911
:1050F0006181E989E181298A2182688A00902B8A6D
:10510000688804F11202696900F047FA3AE0307BDE
:105110000C2800D0FFDF1220ADF80400ADF8347089
:105120003CB305212173A4F80AB0A4F80EB0A4F88A
:1051300010B027E00DA8009001AB2246294630466A
:10514000FFF75AFA1EE00DA8009001AB224629464F
:105150003046FFF7B5FB15E034E03B21ADF8040025
:10516000ADF8341074B3A4F80690A4F808B084F82D
:105170000AB007E010000020FFDF03E0297A0129D0
:1051800017D0FFDFBDF80400AAF800006CB1BDF82D
:1051900034002080BDF804006080BDF83400392858
:1051A00003D03C2801D086F80CB011B00020BDE837
:1051B000F08F3C21ADF80400ADF8341014B1697AD9
:1051C000A172DFE7AAF80000EFE72DE9F84356885F
:1051D0000F4680461546052130460AF06FFF040051
:1051E00000D1FFDF123400943B46414630466A68E6
:1051F00006F008F9B8E570B50D4605210AF05EFF26
:10520000040000D1FFDF294604F11200BDE8704020
:1052100005F092BF70B50D4605210AF04FFF04005E
:1052200000D1FFDF294604F11200BDE8704005F00F
:10523000B0BF70B5054605210AF040FF040000D15B
:10524000FFDF04F1080321462846BDE87040042230
:10525000AFE470B5054605210AF030FF040000D127
:10526000FFDF214628462368BDE870400522A0E400
:1052700070B5064605210AF021FF040000D1FFDFCA
:1052800004F1120005F04BFF401D20F0030511E072
:10529000011D00880322431821463046FFF789FC90
:1052A00000280BD0607BABB2684382B26068011DFE
:1052B0000AF0D3FD606841880029E9D170BD70B55E
:1052C0000E46054602F002FF040000D1FFDF012078
:1052D000207266726580207820F00F00C01C20F0DC
:1052E000F00030302070BDE8704002F0F3BE2DE9D0
:1052F000F0438BB00D461446814606A9FFF797FB95
:10530000002814D14FF6FF7601274FF420588CB1B6
:1053100003208DF800001020ADF8100007A80590BC
:1053200007AA204604A90CF080FC78B107200BB036
:10533000BDE8F0830820ADF808508DF80E708DF8A8
:105340000000ADF80A60ADF80C800CE00698A1787A
:1053500001742188C1818DF80E70ADF80850ADF848
:105360000C80ADF80A606A4602214846069BFFF7AA
:1053700087FBDCE708B501228DF8022042F6020225
:10538000ADF800200A4603236946FFF73CFC08BD40
:1053900008B501228DF8022042F60302ADF8002084
:1053A0000A4604236946FFF72EFC08BD00B587B006
:1053B00079B102228DF800200A88ADF808204988CA
:1053C000ADF80A1000236A460521FFF759FB07B024
:1053D00000BD1020FBE709B1072314E40720704744
:1053E00070B588B00D461446064606A9FFF71FFBA8
:1053F00000280ED17CB10620ADF808508DF80000D1
:10540000ADF80A40069B6A460821DC813046FFF76A
:1054100037FB08B070BD05208DF80000ADF80850CE
:10542000F0E700B587B059B107238DF80030ADF82B
:105430000820039100236A460921FFF721FBC6E7F4
:105440001020C4E770B588B00C460646002506A9B2
:10545000FFF7EDFA0028DCD106980121123005F0A3
:1054600090FE9CB12178062921D2DFE801F02005C9
:1054700005160318801E80B2C01EE28880B20AB1F1
:10548000A3681BB1824203D90C20C2E71020C0E7F9
:10549000042904D0A08850B901E00620B9E7012909
:1054A00013D0022905D004291CD005292AD00720B1
:1054B000AFE709208DF800006088ADF80800E088AB
:1054C000ADF80A00A068039023E00A208DF80000E0
:1054D0006088ADF80800E088ADF80A00A0680A25E9
:1054E000039016E00B208DF800006088ADF80800EE
:1054F000A088ADF80A00E088ADF80C00A0680B2584
:10550000049006E00C208DF8000060788DF808000B
:105510000C256A4629463046069BFFF7B1FA78E724
:1055200000B587B00D228DF80020ADF808100023DB
:105530006A461946FFF7A4FA49E700B587B071B18A
:1055400002228DF800200A88ADF808204988ADF8BD
:105550000A1000236A460621FFF792FA37E7102067
:1055600035E770B586B0064601200D46ADF8081047
:105570008DF80000014600236A463046FFF780FAA6
:10558000040008D12946304601F006FB00213046D0
:1055900001F020FB204606B070BDF8B51C4615464C
:1055A0000E46069F0AF0BDFE2346FF1DBCB23146E3
:1055B0002A4600940AF0B9FAF8BD30B41146DDE984
:1055C00002423CB1032903D0002330BC04F013BCD9
:1055D0000123FAE71A8030BC704770B50C460546C7
:1055E000FFF72DFB2146284601F0E5FA2846BDE8E5
:1055F0007040012101F0EEBA18B18178012938D14B
:1056000001E010207047018842F60112881A914289
:1056100031D018DC42F60102A1EB020091422AD0FF
:105620000CDC41B3B1F5C05F25D06FF4C050081851
:1056300021D0A0F57060FF381BD11CE001281AD0E2
:1056400002280AD117E0B0F5807F14D008DC0128C9
:1056500011D002280FD003280DD0FF2809D10AE06D
:10566000B0F5817F07D0A0F58070033803D0012802
:1056700001D0002070470F2070470A281FD008DC97
:105680000A2818D2DFE800F0191B1F1F171F231D5F
:105690001F21102815D008DC0B2812D00C2810D0A0
:1056A0000D2816D00F2806D10DE011280BD0842824
:1056B0000BD087280FD003207047002070470520AB
:1056C0007047072070470F2070470420704706205E
:1056D00070470C20704743F20200704738B50C4603
:1056E000050041D06946FEF7D7FA002819D19DF888
:1056F0000010607861F3020060706946681CFEF774
:10570000CBFA00280DD19DF80010607861F3C50038
:105710006070A978C1F34101012903D0022905D0A5
:10572000072038BD217821F0200102E0217841F0E6
:1057300020012170410704D0A978C90861F38610BF
:105740006070607810F0380F07D0A978090961F30C
:10575000C710607010F0380F02D16078400603D592
:10576000207840F040002070002038BD70B504461D
:105770000020088015466068FFF7B0FF002816D1AA
:105780002089A189884211D860688078C0070AD032
:10579000B1F5007F0AD840F20120B1FBF0F200FB26
:1057A0001210288007E0B1F5FF7F01D90C2070BDF1
:1057B00001F201212980002070BD10B50478137812
:1057C00064F3000313700478640864F341031370F6
:1057D0000478A40864F3820313700478E40864F383
:1057E000C30313700478240964F30413137004785A
:1057F000640964F3451313700078800960F386131D
:10580000137031B10878C10701D1800701D501209B
:1058100000E0002060F3C713137010BD42785307F7
:1058200002D002F0070306E012F0380F02D0C2F3F4
:10583000C20300E001234A7863F302024A70407811
:1058400010F0380F02D0C0F3C20005E0430702D0C9
:1058500000F0070000E0012060F3C5024A707047C5
:105860002DE9F04F95B00D00824613D01222002191
:10587000284607F088FD4FF6FF7B05AA0121584610
:1058800007F049FB0024264637464FF420586FF4B2
:10589000205972E0102015B0BDE8F08F9DF81E0071
:1058A00001280AD1BDF81C1041450BD011EB0900AD
:1058B0000AD001280CD002280CD0042C0ED0052CC4
:1058C0000FD10DE0012400E00224BDF81A6008E0C9
:1058D000032406E00424BDF81A7002E0052400E069
:1058E0000624BDF81A10514547D12C74BEB34FF0B1
:1058F000000810AA4FF0070ACDE90282CDE900A8FE
:105900000DF13C091023CDF810904246314658461F
:1059100007F0D1FB08BBBDF83C002A46C0B210A975
:105920000CF064F9C8B9AE81CFB1CDE900A80DF192
:10593000080C0AAE40468CE8410213230022394687
:10594000584607F0B8FB40B9BDF83C00F11CC01E3A
:10595000C0B22A1D0CF04AF910B103209BE70AE0FF
:10596000BDF82900E881062C05D19DF81E00A8721B
:10597000BDF81C00288100208DE705A807F0D7FAA4
:1059800000288BD0FFF779FE85E72DE9F0471C460C
:10599000DDE90978DDF8209015460E00824600D139
:1059A000FFDF0CB1208818B1D5B11120BDE8F08718
:1059B000022D01D0012100E0002106F1140006F0C3
:1059C00073F9A8F8000002463B462946504603F00A
:1059D0007EF9C9F8000008B9A41C3C600020E5E786
:1059E0001320E3E7F0B41446DDE904528DB100233F
:1059F00014B1022C09D101E0012306E00D7CEE0771
:105A000003D025F0010501230D742146F0BC04F0FC
:105A1000F2B91A80F0BC70472DE9FE4F91461A8802
:105A20001C468A468046FAB102AB494603F04FF95C
:105A3000050019D04046A61C27880AF084FC32468F
:105A4000072629463B4600960AF0A3F820882346FD
:105A5000CDE900504A4651464046FFF7C3FF0020BB
:105A600020800120BDE8FE8F0020FBE72DE9F047F4
:105A700086B082460EA8904690E8B000894604AAF7
:105A800005A903A88DE807001E462A462146504670
:105A9000FFF77BFF039901B101213970002818D16C
:105AA000FA4904F1140204AB0860039805998DE8E3
:105AB000070042464946504606F0A9FCA8B109280D
:105AC00011D2DFE800F005080510100A0C0C0E00DA
:105AD000002006B06AE71120FBE70720F9E708205D
:105AE000F7E70D20F5E70320F3E7BDF81010039862
:105AF000CDE9000133462A4621465046FFF772FFA2
:105B0000E6E72DE9F04389B01646DDE910870D463A
:105B100081461C461422002103A807F034FC012012
:105B200002218DF810108DF80C008DF81170ADF871
:105B3000146064B1A278D20709D08DF81600E0880D
:105B4000ADF81A00A088ADF81800A068079008A862
:105B50000095CDE90110424603A948466B68FFF75E
:105B600085FF09B0BDE8F083F0B58BB00024064690
:105B7000069407940727089405A8099401940097B0
:105B80000294CDE903400D4610232246304607F02B
:105B900092FA78B90AA806A9019400970294CDE96F
:105BA0000310BDF8143000222946304607F021F8D2
:105BB000002801D0FFF761FD0BB0F0BD06F0B2BECA
:105BC0002DE9FC410C468046002602F07FFA05468E
:105BD00020780D287ED2DFE800F0BC0713B325BD86
:105BE00049496383AF959B00A848006820B141787C
:105BF00041F010014170ADE0404602F099FAA9E091
:105C0000042140460AF05AFA070000D1FFDF07F1ED
:105C10001401404605F0DDFFA5BB13214046FCF70B
:105C2000BFFD97E0042140460AF048FA070000D182
:105C3000FFDFE088ADF800000020B8819DF800008B
:105C4000010704D5C00602D5A088B88105E09DF8FB
:105C5000010040067ED5A088F88105B9FFDF224605
:105C60002946404601F0C0FC022673E0E188ADF809
:105C700000109DF8011009060FD5072803D006284B
:105C80000AD00AE024E0042140460AF017FA060090
:105C900000D1FFDFA088F0810226CDB9FFDF17E039
:105CA000042140460AF00AFA070000D1FFDF07F19D
:105CB000140006F06EFE90F0010F02D1E0790006AC
:105CC00048D5387C022640F00200387405B9FFDF61
:105CD000224600E03DE02946404601F085FC39E0DF
:105CE000042140460AF0EAF9017C002D01F0020689
:105CF000C1F340016171017C21F002010174E7D11F
:105D0000FFDFE5E702260121404602F043FA21E0E9
:105D1000042140460AF0D2F90546606800902089C7
:105D2000ADF8040001226946404602F054FA287C8E
:105D300020F0020028740DE0002DC9D1FFDFC7E775
:105D4000022600214046FFF765FA002DC0D1FFDF93
:105D5000BEE7FFDF3046BDE8FC813EB50C0009D050
:105D600001466B4601AA002007F02AFA20B1FFF78E
:105D700084FC3EBD10203EBD00202080A0709DF818
:105D8000050002A900F00700FDF7A2FF50B99DF839
:105D9000080020709DF8050002A9C0F3C200FDF7BD
:105DA00097FF08B103203EBD9DF8080060709DF884
:105DB0000500C109A07861F30410A0709DF80510DA
:105DC000890961F3C300A0709DF80410890601D50C
:105DD000022100E0012161F342009DF8001061F30F
:105DE0000000A07000203EBD70B5144606460D466A
:105DF00051EA040005D075B10846FBF760FA78B99E
:105E000001E0072070BD2946304607F040FA10B186
:105E1000BDE8704031E454B12046FBF750FA08B1B8
:105E2000102070BD21463046BDE8704095E7002047
:105E300070BD2DE9FC5F0C469046054600270178B1
:105E40000822007A3E46B2EB111F7DD104F10A010F
:105E500000910A31821E4FF0020A04F1080B0191F1
:105E6000092A72D2DFE802F0EDE005F528287BAAC6
:105E7000CE00688804210AF021F9060000D1FFDF76
:105E8000B08928B152270726C3E00000380200205D
:105E900051271026002C7DD06888A0800120A07199
:105EA000A88900220099FFF79FFF002873D1A889D5
:105EB0002081288AE081D1E0B5F81290072824D10A
:105EC000E87B000621D5512709F1140086B2002C89
:105ED000E1D0A88900220099FFF786FF00285AD157
:105EE0006888A08084F806A0A88920810120A0737A
:105EF000288A2082A4F81290A88A009068884B46CD
:105F0000A969019A01F04CFBA8E0502709F11200A1
:105F100086B2002C3ED0A88900225946FFF764FFC4
:105F2000002838D16888A080A889E080287A0728CE
:105F300013D002202073288AE081E87BC0096073B7
:105F4000A4F81090A88A01E085E082E000906888BB
:105F50004B4604F11202A969D4E70120EAE7B5F83B
:105F60001290512709F1140086B2002C66D068887F
:105F700004210AF0A3F883466888A080A88900223B
:105F80000099FFF731FF00286ED184F806A0A88998
:105F9000208101E052E067E00420A073288A20827B
:105FA000A4F81290A88A009068884B46A969019AC3
:105FB00001F0F6FAA989ABF80E104FE06888FBF7FC
:105FC000BDFB0746688804210AF078F8064607B941
:105FD000FFDF06B9FFDF687BC00702D05127142618
:105FE00001E0502712264CB36888A080502F06D0BD
:105FF00084F806A0287B594601F0E2FA2EE0287BBF
:10600000A11DF9E7FE49A8894989814205D1542794
:1060100006269CB16888A08020E053270BE06888A2
:10602000A080A889E08019E0688804210AF046F879
:1060300000B9FFDF55270826002CF0D1A8F8006032
:1060400011E056270726002CF8D06888A080002091
:1060500013E0FFDF02E0012808D0FFDFA8F80060AE
:106060000CB1278066800020BDE8FC9F57270726DB
:10607000002CE3D06888A080687AA071EEE7401D0C
:1060800020F0030009B14143091D01EB40007047B6
:1060900013B5DB4A00201071009848B1002468460F
:1060A00009F03BFE002C02D1D64A009911601CBDBC
:1060B00001240020F4E770B50D461446064686B06C
:1060C0005C220021284607F05EF904B9FFDFA078C2
:1060D0006874A2782188284601F09DFA0020A881E2
:1060E000E881228805F11401304605F056FD6A4624
:1060F0000121304606F00FFF1AE000BF9DF80300B3
:10610000000715D5BDF806103046FFF72DFD9DF8A8
:106110000300BDF8061040F010008DF80300BDF834
:106120000300ADF81400FF233046059A07F077F816
:10613000684606F0FCFE0028E0D006B070BD10B541
:106140000C4601F1140005F060FD0146627C20461A
:10615000BDE8104001F094BA30B50446A84891B0AB
:106160004FF6FF75C18905AA284606F0D4FE30E037
:106170009DF81E00A0422AD001282AD1BDF81C009B
:10618000B0F5205F03D042F60101884221D1002002
:1061900002AB0AAA0CA9019083E80700072000902F
:1061A000BDF81A1010230022284606F084FF38B9E3
:1061B000BDF828000BAAC0B20CA90BF017FD10B156
:1061C000032011B030BD9DF82E00A04201D1002067
:1061D000F7E705A806F0ABFE0028C9D00520F0E7D8
:1061E00070B50546042109F069FF040000D1FFDF06
:1061F00004F114010C46284605F0EBFC2146284624
:10620000BDE8704005F0ECBC70B58AB00C4606469F
:10621000FBF794FA050014D02878222827D30CB174
:10622000A08890B101208DF80C0003208DF810009B
:1062300000208DF8110054B1A088ADF81800206836
:1062400007E043F202000AB070BD0920FBE7ADF899
:10625000180005900421304609F030FF040000D1F9
:10626000FFDF04F1140005F0E6FC000701D408206C
:10627000E9E701F02BFF60B108A802210094CDE905
:10628000011095F8232003A930466368FFF7EEFB61
:10629000D9E71120D7E72DE9F04FB2F802A08346E5
:1062A00089B0154689465046FBF748FA074604214F
:1062B000504609F003FF0026044605964FF00208F9
:1062C0000696ADF81C6007B9FFDF04B9FFDF414651
:1062D000504603F0DAFE50B907AA06A905A88DE8D2
:1062E00007004246214650466368FFF74EFB44488C
:1062F00007AB0660DDE9051204F11400CDF800904B
:10630000CDE90320CDE9013197F8232059465046C5
:106310006B6805F0D9FC06000AD0022E04D0032ECB
:1063200014D0042E00D0FFDF09B03046BDE8F08F56
:10633000BDF81C000028F7D00599CDE900104246B1
:10634000214650466368FFF74DFBEDE7687840F063
:1063500008006870E8E72DE9F04F99B004464FF067
:1063600000082748ADF81C80ADF82080ADF82480E7
:10637000A0F80880ADF81480ADF81880ADF82C8036
:10638000ADF82880007916460D464746012808D00A
:10639000022806D0032804D0042802D0082019B00F
:1063A000C4E72046FAF747FF70BB2846FAF743FFD9
:1063B00050BB6068FAF78CFF30BB606848B16089F9
:1063C0002189884202D8B1F5007F01D90C20E6E787
:1063D00080460EAA06A92846FFF7C8F90028DED194
:1063E00068688078C0F34100022808D19DF8190040
:1063F00010F0380F03D02869FAF761FF20B904E0E4
:10640000380200201400002022E005A92069FFF7CF
:1064100065F90028C3D1206948B1607880079DF8EC
:10642000150000F0380001D5F0B300E0E0BB9DF8A6
:10643000140080060ED59DF8150010F0380F03D01B
:106440006068FAF73CFF18B96068FAF741FF08B1D5
:106450001020A4E70AA96069FFF740F900289ED13F
:10646000606940B19DF8290000F0070101293CD185
:1064700010F0380F39D00BA9A069FFF72FF90028C9
:106480008DD19DF8280080062FD49DF82C00800621
:106490002BD4A06950B19DF82D0000F0070101290F
:1064A00023D110F0380F00E01FE01ED0E06818B1D3
:1064B0000078D0B11C2818D20FAA611C2046FFF723
:1064C0007CF90121384661F30F2082468DF8521085
:1064D000B94642F603000F46ADF850000DF13F02F9
:1064E00018A928680BF0A1FB08B1072057E79DF811
:1064F000600015A9CDF80090C01CCDE9019100F015
:10650000FF0B00230BF20122514614A806F02EFCCB
:10651000F0BBBDF854000C90FE482A89296900920E
:10652000CDE901106B89BDF838202868069906F07E
:106530001DFC01007ED120784FF0020AC10601D473
:1065400080062BD5CDF80C90606950B90AA906A831
:10655000FFF764F99DF8290020F00700401C8DF832
:1065600029009DF8280008A940F0C8008DF82800EF
:106570008DF8527042F60210ADF8500003AACDF823
:1065800000A0CDE90121002340F2032214A800E07D
:106590001EE00A9906F0EAFB01004BD1DD484D46AA
:1065A00008385B460089ADF83D000FA8CDE90290A0
:1065B000CDF80490CDF810904FF007090022CDF8E7
:1065C0000090BDF854104FF6FF7006F012FB10B1AA
:1065D000FFF753F8E3E69DF83C00000624D5294672
:1065E000012060F30F218DF852704FF42450039571
:1065F000ADF8500062789DF80C00002362F30000B3
:106600008DF80C006278CDF800A0520862F34100CA
:106610008DF80C0003AACDE9012540F2032214A84D
:1066200006F0A4FB010005D1606888B32069A8B911
:1066300005A900E084E006A8FFF7F0F8607880077D
:1066400006D49DF8150020F038008DF8150005E0FF
:106650009DF8140040F040008DF814008DF8527041
:1066600042F60110ADF85000208940F20121B0FB44
:10667000F1F201FB1202606809ABCDF80080CDE9B0
:106680000103002314A8059906F070FB010057D1FF
:106690002078C00728D00395A06950B90BA906A897
:1066A000FFF7BCF89DF82D0020F00700401C8DF886
:1066B0002D009DF82C008DF8527040F040008DF8B0
:1066C0002C0042F60310ADF8500007A903AACDF83C
:1066D00000A0CDE90121002340F2032214A80B9968
:1066E00006F044FB01002BD1E06868B32946012085
:1066F00060F30F218DF8527042F60410ADF850008F
:10670000E068002302788DF8582040788DF8590011
:10671000E06816AA4088ADF85A00E06800798DF864
:106720005C00E068C088ADF85D00CDF80090CDE970
:1067300001254FF4027214A806F018FB010003D0E3
:106740000C9800F0C9FF2AE672480321083801714D
:1067500056B100893080BDF824007080BDF820005B
:10676000B080BDF81C00F080002018E670B501254F
:106770008AB016460B46012802D0022816D104E042
:106780008DF80E504FF4205003E08DF80E5042F675
:106790000100ADF80C005BB10024601C60F30F2415
:1067A00004AA08A918460BF040FA18B107204AE5D8
:1067B000102048E504A99DF820205648CDE9002185
:1067C000801E02900023214603A802F2012206F057
:1067D000CDFA10B1FEF751FF35E54E4808380EB13D
:1067E000C1883180057100202DE5F0B593B00746D2
:1067F00001268DF83E6041F60100ADF83C0012AA7A
:106800000FA93046FFF7B2FF002849D1414C0025BF
:10681000083CEFB31C22002102A806F0B4FD9DF84D
:1068200008008DF83E6040F020008DF8080042F628
:106830000520ADF83C000E959DF83A00119520F02A
:106840000600801C8DF83A009DF838006A4620F05A
:10685000FF008DF838009DF8390009A920F0FF00ED
:106860008DF839000420ADF82C00ADF830000EA8EA
:106870000A9011A80D900FA80990ADF82E5002A80B
:10688000FFF769FD00280BD1BDF80000608100E032
:1068900008E0BDF80400A081401CE08125710020C3
:1068A00013B0F0BD6581A581BDF84800F4E72DE97E
:1068B000F74F1849A0B00024083917940A79A14667
:1068C000012A04D0022A02D0082023B02EE5CA886B
:1068D000824201D00620F8E721988A46824201D1FF
:1068E0000720F2E70120214660F30F21ADF84800B0
:1068F0004FF6FF780691ADF84A808DF86E0042F6AB
:10690000020B8DF872401CA9ADF86CB0ADF8704068
:10691000139101E040020020ADF8508012A806F06B
:1069200035FB00252E462F460DAB072212A9404607
:1069300006F02FFB78B10A285DD195B38EB3ADF880
:106940006450ADF866609DF85E008DF8144019AC97
:10695000012864D06BE09DF83A001FB3012859D19B
:10696000BDF8381059451FD118A809A901940294FF
:10697000CDE9031007200090BDF836101023002247
:10698000404606F098FBB0BBBDF86000042801D07B
:1069900006284AD1BDF82410219881423AD10F200F
:1069A00093E73AE0012835D1BDF83800B0F5205F13
:1069B00003D042F6010188422CD1BAF80600BDF896
:1069C0003610884201D1012700E0002705B19EB1B1
:1069D000219881421ED118A809AA01940294CDE9F8
:1069E0000320072000900D4610230022404606F0A9
:1069F00062FB00B902E02DE04E460BE0BDF86000FE
:106A0000022801D0102810D1C0B217AA09A90BF092
:106A1000EDF850B9BDF8369086E7052055E705A991
:106A200017A8221D0BF001F908B103204DE79DF8CE
:106A300014000023001DC2B28DF814202298009289
:106A4000CDE901401BA8069906F090F910B9022281
:106A50008AF80420FEF711FE37E710B50B46401EFA
:106A600088B084B205AA00211846FEF7A6FE0020D1
:106A70000DF1080C06AA05A901908CE80700072073
:106A800000900123002221464FF6FF7006F0B1F876
:106A90000446BDF81800012800D0FFDF2046FEF7AD
:106AA000ECFD08B010BDF0B5F74F044687B038795B
:106AB0000E46032804D0042802D0082007B0F0BDF9
:106AC00004AA03A92046FEF751FE0500F6D160682E
:106AD0008078C0F3410002280AD19DF80D0010F023
:106AE000380F05D02069FAF7EAFB08B11020E5E776
:106AF000208905AA21698DE807006389BDF8102067
:106B00002068039906F032F910B1FEF7B6FDD5E71B
:106B100016B1BDF814003080042038712846CDE746
:106B2000F8B50C0006460CD001464FF6FF75002361
:106B30006A46284606F044FB28B100BFFEF79DFDDB
:106B4000F8BD1020F8BD69462046FEF7C7FD0028B5
:106B5000F8D1A078314600F001032846009A06F0EB
:106B60005EFBEBE730B587B0144600220DF1080C50
:106B700005AD01928CE82C00072200920A460146DE
:106B800023884FF6FF7006F034F8BDF8141021800A
:106B9000FEF773FD07B030BD70B50D46042109F056
:106BA0008DFA040000D1FFDF294604F11400BDE88E
:106BB000704005F039B870B50D46042109F07EFA31
:106BC000040000D1FFDF294604F11400BDE8704045
:106BD00005F04DB870B50D46042109F06FFA0400B8
:106BE00000D1FFDF294604F11400BDE8704005F034
:106BF00065B870B50546042109F060FA040000D1BB
:106C0000FFDF214628462368BDE870400122FEF7D9
:106C100003BF70B50646042109F050FA040000D104
:106C2000FFDF04F1140004F0F0FF401D20F0030525
:106C300011E0011D00880022431821463046FEF76E
:106C4000EBFE00280BD0607CABB2684382B2A06838
:106C5000011D09F002F9A06841880029E9D170BD41
:106C600070B50546042109F029FA040000D1FFDFC0
:106C7000214628466368BDE870400222FEF7CCBE7C
:106C800070B50E46054601F021FA040000D1FFDF81
:106C90000120207266726580207820F00F00001DB0
:106CA00020F0F00040302070BDE8704001F012BAD2
:106CB00010B50446012900D0FFDF2046BDE8104092
:106CC0000121FEF7A7BA2DE9F04F97B04FF0000A67
:106CD0000C008346ADF814A0D04619D0E06830B15E
:106CE000A068A8B10188ADF81410A0F800A058461B
:106CF000FAF724FD070043F2020961D03878222810
:106D00005CD30421584609F0D9F9050005D103E008
:106D1000102017B0BDE8F08FFFDF05F1140004F07C
:106D200074FF401D20F00306A078012803D002283C
:106D300001D00720EDE7218807AA584606F0EBF8B6
:106D400030BB07A806F0F3F810BB07A806F0EFF871
:106D500048B99DF82600012805D1BDF82400A0F50A
:106D60002451023902D04FF45050D2E7E068B0B15C
:106D7000CDE902A00720009005AACDF804A0049256
:106D8000A2882188BDF81430584605F032FF10B1B2
:106D9000FEF773FCBDE7A168BDF8140008809DF8FC
:106DA0001F00C00602D543F20140B2E70B9838B18C
:106DB000A1780078012905D080071AD40820A8E717
:106DC0004846A6E7C007F9D002208DF83C00A86825
:106DD0004FF00009A0B1697C4288714391420FD9FC
:106DE0008AB2B3B2011D08F0EEFF8046A0F800A001
:106DF00006E003208DF83C00D5F800804FF0010933
:106E00009DF8200010F0380F00D1FFDF9DF8200022
:106E10001E49C0F3C200084497F8231010F8010C73
:106E2000884201D90F2074E72088ADF8400014A9EA
:106E30000095CDE90191434607220FA95846FEF778
:106E400015FE002891D19DF8500050B9A078012876
:106E500007D1687CB3B2704382B2A868011D08F004
:106E6000C6FF002055E770B5064615460C46084695
:106E7000FEF7C2FB002805D12A4621463046BDE870
:106E8000704073E470BD12E538020020F2B00100DA
:106E900070B51E4614460D0009D044B1616831B189
:106EA00038B1FC49C988814203D0072070BD102049
:106EB00070BD2068FEF7A0FB0028F9D132462146BC
:106EC0002846BDE87040FFF746BA70B515460C007D
:106ED00006D038B1EF490989814203D0072070BD3F
:106EE000102070BD2068FEF787FB0028F9D12946E5
:106EF0002046BDE87040D6E570B5064686B00D4622
:106F000014461046FAF7BDF9D0BB6068FAF7E0F90D
:106F1000B0BBA6F57F40FF3803D03046FAF70EFC31
:106F200080B128466946FEF79BFC00280CD19DF8ED
:106F300010100F2008293DD2DFE801F008060606F0
:106F4000060A0A0843F2020006B070BD0320FBE700
:106F50009DF80210012908D1BDF80010B1F5C05FFD
:106F6000F2D06FF4C052D142EED09DF80610012944
:106F70000DD1BDF80410A1F52851062907D200E073
:106F800029E0DFE801F0030304030303DCE79DF8D5
:106F90000A1001290FD1BDF80810B1F5245FD3D034
:106FA000A1F60211B1F50051CED00129CCD00229B1
:106FB00001D1C9E7FFDF606878B9002305AA294637
:106FC000304606F0FDF810B1FEF757FBBCE79DF820
:106FD0001400800601D41020B6E7618822462846B6
:106FE0006368FFF7BFFDAFE72DE9F043814687B047
:106FF000884614461046FAF744F918B1102007B035
:10700000BDE8F083002306AA4146484606F0D8F8BA
:1070100018B100BFFEF731FBF1E79DF81800C0067C
:1070200002D543F20140EAE70025072705A80195AC
:1070300000970295CDE9035062884FF6FF734146F1
:10704000484606F038F8060013D16068FAF719F9D7
:1070500060B960680195CDE90250009704952388D6
:1070600062884146484606F026F80646BDF81400F8
:1070700020803046CEE739B1864B0A889B899A42F8
:1070800002D843F2030070471DE610B586B0814C6C
:107090000423ADF81430638943B1A4898C4201D232
:1070A000914205D943F2030006B010BD0620FBE76C
:1070B000ADF81010002100910191ADF800300221CF
:1070C0008DF8021005A9029104A90391ADF81220D0
:1070D0006946FFF7F8FDE7E72DE9FC4781460D46D5
:1070E0000846FAF7A8F888BB4846FAF727FB5FEA94
:1070F00000080AD098F80000222829D30421484625
:1071000008F0DCFF070005D103E043F20200BDE810
:10711000FC87FFDF07F1140004F08DFD0646287898
:10712000012803D0022804D00720F0E7B0070FD5CC
:1071300002E016F01C0F0BD0A8792C1DC00709D057
:10714000E08838B1A068FAF776F818B11020DEE7C9
:107150000820DCE721882A780720B1F5847F35D024
:107160001EDC40F20315A1F20313A94226D00EDC67
:10717000B1F5807FCBD003DCF9B1012926D1C6E778
:10718000A1F58073013BC2D0012B1FD113E0012B6D
:10719000BDD0022B1AD0032BB9D0042B16D112E08C
:1071A000A1F20912082A11D2DFE802F00B04041040
:1071B00010101004ABE7022AA9D007E0012AA6D0DC
:1071C00004E0320700E0F206002AA0DACDB200F0B7
:1071D0007DFF50B198F82300CDE90005FA892346D8
:1071E00039464846FEF78DFC91E711208FE72DE9DF
:1071F000F04F8BB01F4615460C4683460026FAF723
:107200009DFA28B10078222805D208200BB081E52C
:1072100043F20200FAE7B80801D00720F6E7032F8F
:1072200000D100274FF6FF79CCB1022D73D3204651
:10723000FAF74EF830B904EB0508A8F10100FAF7A7
:1072400047F808B11020E1E7AD1E38F8028CAAB269
:107250002146484606F007F940455CD1ADB20D49DC
:10726000B80702D58889401C00E001201FFA80F889
:10727000F80701D08F8900E04F4605AA41465846DD
:1072800005F049FE4FF0070A4FF00009DCB3204635
:107290000BE0000038020020408810283BD8361D43
:1072A000304486B2AE4236D2A01902884245F3D3AA
:1072B00051E000BF9DF8170002074CD594B304EBD2
:1072C0000608361DB8F80230B6B2102B23D89A192A
:1072D000AA4220D8B8F8002091421CD1C0061CD583
:1072E000CDE900A90DF1080C0AAAA11948468CE8BD
:1072F0000700B8F800100022584605F07AFC20B1CB
:10730000FEF7BBF982E726E005E0B8F80200BDF819
:107310002810884201D00B2078E7B8F802003044EA
:1073200086B207E0FFE7C00604D55846FEF71CFC0E
:10733000002888D19DF81700BDF81A1020F0100021
:107340008DF81700BDF81700ADF80000FF23584670
:10735000009A05F064FF05A805F0E9FD18B9BDF82D
:107360001A10B942A6D90421584608F0A7FE040015
:1073700000D1FFDFA2895AB1CDE900A94D46002313
:1073800021465846FEF7BDFB0028BBD1A5813DE74D
:1073900000203BE72DE9FF4F8BB01E4617000D463E
:1073A0004FF0000412D0B00802D007200FB0B1E4B3
:1073B000032E00D100265DB10846F9F780FF28B9F9
:1073C0003888691E0844F9F77AFF08B11020EDE704
:1073D000C74AB00701D5D18900E00121F0074FF677
:1073E000FF7802D0D089401E00E0404686B206AA4F
:1073F0000B9805F090FD4FF000094FF0070B0DF1D1
:10740000140A38E09DF81B00000734D5CDF804902D
:10741000CDF800B0CDF80890CDE9039A434600229C
:107420000B9805F048FE60BB05B3BDF814103A8810
:1074300021442819091D8A4230D3BDF81E2020F8A6
:10744000022BBDF8142020F8022BCDE900B9CDE9BC
:107450000290CDF810A0BDF81E10BDF81430002227
:107460000B9805F028FE08B103209FE7BDF8140033
:107470002044001D84B206A805F059FD20B10A2859
:1074800006D0FEF7FAF891E7BDF81E10B142B9D95F
:1074900034B17DB13888A11C884203D20C2085E725
:1074A000052083E722462946404605F0DCFF0146D9
:1074B00028190180A41C3C80002077E710B5044601
:1074C000F9F7DFFE08B1102010BD8948C08920807F
:1074D000002010BDF0B58BB00D46064614220021E9
:1074E00003A805F050FF01208DF80C008DF8100066
:1074F00000208DF81100ADF814503046FAF71EF94F
:1075000048B10078222812D30421304608F0D6FD75
:10751000040005D103E043F202000BB0F0BDFFDF31
:1075200004F11400074604F086FB800601D408200D
:10753000F3E7207C022140F00100207409A80094A8
:10754000CDE90110072203A930466368FEF78EFAE1
:1075500020B1217C21F001012174DEE7294630466B
:10756000FDF749FE08A9384604F054FB00B1FFDFDF
:10757000BDF82040172C01D2172000E02046A84279
:1075800001D92C4602E0172C00D2172421463046A0
:10759000FFF711FB21463046FDF751FB0020BCE709
:1075A000F8B51C4615460E46069F08F0BAFE23465F
:1075B000FF1DBCB231462A46009408F0B6FAF8BD69
:1075C00070B50C4605460E220021204605F0DBFE74
:1075D000002020802DB1012D01D0FFDF70BD0620DD
:1075E00000E00520A07170BD10B5488008781346F2
:1075F00020F00F00001D20F0F00080300C460870D5
:107600001422194604F1080005F093FE00F062FD13
:107610003748046010BD2DE9F047DFF8D890491DC8
:10762000064621F0030117460C46D9F8000008F081
:1076300092FB050000D1FFDF4FF000083560A5F890
:1076400000802146D9F8000008F085FB050000D134
:10765000FFDF7560A5F800807FB104FB07F1091D0D
:107660000BD0D9F8000008F076FB040000D1FFDF52
:10767000B460C4F80080BDE8F087C6F80880FAE777
:107680002DE9F0411746491D21F00302194D064628
:1076900001681446286808F089FB2246716828684A
:1076A00008F084FB3FB104FB07F2121D03D0B16860
:1076B000286808F07BFB042008F0ACFC044604209A
:1076C00008F0B0FC201A012804D12868BDE8F04178
:1076D00008F036BBBDE8F08110B50C4605F0EAFBBA
:1076E00000B1FFDF2046BDE81040FDF7C6BF000037
:1076F00038020020140000204FF0E0214FF4004039
:10770000C1F88001BFF34F8FBFF36F8F00F021B836
:1077100010B5044600F01DF8002C09D0124A12489A
:1077200012491432124B012C03D0022C07D0FFDF78
:1077300010BD0224046011604FF0407004E0032487
:10774000046011604FF40000186010BD00B5FFDF49
:1077500000BD054800210160016005494FF06070DF
:10776000091D08607047000000F500404802002035
:1077700004F501402DE9F05FDFF850A44FF0000858
:107780008B4606469AF80940474645469AF80190C6
:1077900008E0284601F00EF8817B407811FB007765
:1077A0006D1CEDB24D45F4D19AF8090020442044F7
:1077B00020440744FF2F01D94FF013083068C01C44
:1077C00020F0030232605BEA080021D1FF48FBB2DF
:1077D000062120300CF0C8F9002408E0062C0FD256
:1077E000DFE804F005030A0A0C05F94800E0F9484F
:1077F0000CF0DAF9054604E0F748F9E7F748F7E74F
:10780000FFDFA54200D0FFDF641CE4B2062CE5D305
:10781000306800EB071030604046BDE8F09F38B597
:107820000C468288817B19B14189914200D90A4670
:107830002280C188121D90B26A4607F081FCBDF813
:107840000000032800D30320C1B2208800F0D1FF3C
:1078500038BD38B50C468288817B19B101899142C7
:1078600000D90A462280C188121D90B26A4607F0EC
:1078700067FCBDF80000022800D30220C1B22088B6
:1078800000F0B7FF401CC0B238BD2DE9FF5F824653
:107890008B46D34814460BF10302D0E90110CDE921
:1078A000021022F0030201A84421019208F035FAE7
:1078B000C64E002C02D1CB49019A8A60019901443D
:1078C0000191B57E05F1010504D1E8B20AF026F96F
:1078D00000B1FFDF019800EB0510C01C20F0030190
:1078E000019144B9727A00200870B08B80B205F023
:1078F00040F900B1FFDF0198F16908440190214689
:1079000001A8FFF737FF80460198C01C20F0030054
:107910000190717A04B1002008F0F5FA0199084449
:107920000190214601A800F06FFFA84800273D46BE
:1079300090F801900CE0284600F03CFF0646817864
:107940008088FDF713FA71786D1C00FB0177EDB2AA
:107950004D45F0D10198C01C20F00300019004B106
:1079600000203946FDF70DFA0199002708440190DF
:1079700096483D4690F801900CE0284600F01AFF2A
:107980000646C1788088FEF77AFB71786D1C00FB93
:107990000177EDB24D45F0D10198C01C20F00300F5
:1079A000019004B100203946FEF772FB01994FF0B7
:1079B00000090844019085484D4647780EE0284666
:1079C00000F0F8FE0646807B30B106F1080002F0B8
:1079D0009DF8727800FB02996D1CEDB2BD42EED1AC
:1079E0000198C01C20F00300019004B100207D49E3
:1079F0004A78494602F08EF80199084401902146E0
:107A000001A800F0B3FE0198C01D20F0070001900E
:107A1000DAF80010814204D3A0EB0B01B1F5803FEE
:107A200004DB4FF00408CAF8000004E0CAF80000C4
:107A3000B8F1000F02D0404604B0EEE674BB6A49CC
:107A40000020019A0CF0FEF9FAF77EFB5F4C207ED5
:107A50000090607E012823D0002318B300225B48E9
:107A600000210C30FBF74AF800B1FFDFE07EFEF7A3
:107A7000BCFE00B1FFDF55484FF4F67200213830EC
:107A800005F081FC51480421383080F8E91180F874
:107A9000EA11062180F8EB11032101710020CBE7E8
:107AA0000123DAE702AADAE770B5484C0646383413
:107AB000207804EB4015E078083598B9A01990F8C3
:107AC000E80100280FD0A0780F2800D3FFDF202284
:107AD0000021284605F057FC687866F302006870BC
:107AE0000120E070284670BD2DE9F04105460C46A6
:107AF00000270078052190463E46B1EB101F00D0CC
:107B0000FFDF287A50B101280ED0FFDFA8F800600F
:107B10000CB1278066800020BDE8F081012709268E
:107B200074B16888A08008E00227142644B16888F0
:107B3000A0802869E060A88A2082287B2072E5E77F
:107B4000A8F80060E7E730B5204C01200021207044
:107B50006170207260726176217621730521A182A5
:107B60001F21E182607321A121610A21A176E076C3
:107B70001C4D4FF4B060E0616868C11C21F0030146
:107B8000814200D0FFDF6868606030BD30B5154CC1
:107B90001568636810339D4202D20420136030BD23
:107BA0000A4B5D785A6802EB051210705170032081
:107BB000D080172090800120D070907000209073AA
:107BC0005878401C58706068103013E0540300204F
:107BD000A11F0000359C0000A9B000000F19010092
:107BE000F8B0010018000020000000206E52463559
:107BF000780000006060002030BD70B50646F8488F
:107C00000024457807E0204600F0D4FD0178B14219
:107C100004D0641CE4B2AC42F5D1002070BDF7B5CD
:107C2000074608780C4610B3FFF7E7FF0546A7F1B3
:107C30002006202F06D0052E19D2DFE806F00F2BE4
:107C40002B151A0000F0C2FD0DB1697800E000218B
:107C5000401AA17880B20844FF2808D8A07830B133
:107C6000A088022824D202E06088172820D20720AA
:107C7000FEBD207AE0B161881729F8D3A1881729C1
:107C8000F5D3A1790029F2D0E1790029EFD040287D
:107C900004D9ECE7242F0BD1207A48B161884FF644
:107CA000FB70814202D8A188814201D90420FEBD27
:107CB00065B9207802AA0121FFF768FF0028F6D1F4
:107CC0002078FFF79AFF050000D1FFDF052E18D2BC
:107CD000DFE806F0030B0E081100A0786870A0889A
:107CE000E8800FE06088A8800CE0A078A87009E028
:107CF000A078E87006E054F8020FA8606068E860B9
:107D000000E0FFDF0020FEBD1A2835D00DDC13286F
:107D100032D2DFE800F01B31203131272723252D17
:107D2000313129313131312F0F00302802D003DCBD
:107D30001E2821D1072070473A3809281CD2DFE8D5
:107D400000F0151B0F1B1B1B1B1B0700002070479F
:107D500043F20400704743F202007047042070476A
:107D60000D2070470F207047082070471120704782
:107D700013207047062070470320704710B5007825
:107D800000F0010007F0D2F9BDE81040BCE710B5E3
:107D9000007800F0010007F0CEF9BDE81040B3E72D
:107DA0000EB5017801F001018DF80010417801F065
:107DB00001018DF801100178C1F340018DF8021026
:107DC0004178C1F340018DF80310017889088DF8DE
:107DD0000410417889088DF8051081788DF8061017
:107DE000C1788DF8071000798DF80800684606F014
:107DF0005DFEFFF789FF0EBD2DE9F84F784CDFF8E7
:107E0000E481383400261FE0012000F048FD012005
:107E1000FFF74AFE054644214746D8F8080007F018
:107E20009AFF686000B9FFDF686806F03BFDA8B103
:107E30002846F9F7F1FD284600F036FD20B9442226
:107E40006968B86807F0B2FF94F9E9010428DBDA41
:107E5000022008F0DFF807460025A6E04422696802
:107E6000D8F8080007F0A2FFF2E7B8F80210404681
:107E7000491C89B2A8F80210B94201D300214180FF
:107E80000221B8F8020008F019F9002865D0B8F806
:107E90000200694607F0C8F8FFF736FF00B1FFDFC0
:107EA0009DF8000078B1B8F8020008F04CFA5FEADB
:107EB000000900D1FFDF484607F0CBFC18B1B8F845
:107EC000020002F0D0F8B8F8020008F02AFA5FEADF
:107ED000000900D1FFDF484607F0B3FCE8BB0321EF
:107EE000B8F8020008F0EAF85FEA000B48D1FFDFBB
:107EF00046E000BFDBF8100010B10078FF2849D041
:107F0000022000F0CCFC0220FFF7CEFD824648465E
:107F100007F0A3FDCAF8040000B9FFDFDAF8040097
:107F200007F06BFE002100900170B8F80210504677
:107F3000AAF8021001F0BAFF484607F060FE00B947
:107F4000FFDF504600F0B0FC18B99AF801000007B6
:107F500004D50099CBF8101012E024E0DBF81000F3
:107F600038B10178491C11F0FF01017008D1FFDF21
:107F700006E000221146484600F0F6FB00B9FFDF9C
:107F800094F9EA01022805DBB8F8020001F055FF78
:107F90000028AFD194F9E901042804DB484607F032
:107FA00092FE00B101266D1CEDB2BD4204D294F9DF
:107FB000EA010228BFF659AF002E7FF423AFBDE8D7
:107FC000F84F032000F06BBC10B5064CE060086869
:107FD0002061AFF2DB1002F0C8FF607010BD00003E
:107FE0005403002018000020F74800210170F748D2
:107FF0000170F7494160704770B505464FF08050F9
:108000000C46D0F8A410491C05D1D0F8A810C943DB
:108010000904090C0BD050F8A01F01F001012970D0
:10802000416821608068A080287830B970BD062141
:1080300020460BF08CFB01202870607940F0C000D6
:10804000607170BD70B54FF080540D46D4F880104B
:10805000491C0BD1D4F88410491C07D1D4F88810DE
:10806000491C03D1D4F88C10491C0CD0D4F88010D2
:108070000160D4F884104160D4F888108160D4F88D
:108080008C10C16002E010210BF061FBD4F890006D
:10809000401C0BD1D4F89400401C07D1D4F89800B0
:1080A000401C03D1D4F89C00401C09D054F8900F18
:1080B000286060686860A068A860E068E86070BDDB
:1080C0002846BDE8704010210BF041BBBE48383057
:1080D0000079E9E470B5BC4C3834E07830B32078EE
:1080E00004EB4010407A00F00700204490F9E801CA
:1080F000002800DCFFDF2078002504EB4010407AE8
:1081000000F00700011991F8E801401E81F8E8012C
:108110002078401CC0B220700F2800D12570A078B4
:10812000401CA0700BF09CF9E57070BDFFDF70BDC6
:108130003EB50546032107F0C1FF0446284608F076
:10814000F0F8054604B9FFDF206918B10078FF2870
:1081500000D1FFDF01AA6946284600F005FB60B99F
:10816000FFDF0AE0002202A9284600F0FDFA00B96C
:10817000FFDF9DF8080000B1FFDF9DF80000411E01
:108180008DF80010EED220690199884201D10020BB
:1081900020613EBD70B50546A0F57F400C46FF3816
:1081A00000D1FFDF012C01D0FFDF70BDFFF78EFF94
:1081B000040000D1FFDF207820F00F00401D20F0E8
:1081C000F000503020706580002020720120207364
:1081D000BDE870407EE72DE9F04116460D460746A2
:1081E000FFF774FF040000D1FFDF207820F00F00BC
:1081F000401D20F0F0005030207067800120207278
:1082000028682061A888A0822673BDE8F04161E754
:108210007FB5FFF7F2FC040000D1FFDF02A9204682
:10822000FFF7FDFA054603A92046FFF712FB8DF87C
:1082300000508DF80100BDF80800001DADF80200E7
:10824000BDF80C00001DADF80400E088ADF8060094
:10825000684606F053FF002800D0FFDF7FBD2DE900
:10826000F05F5A4E8146307810B10820BDE8F09F8B
:108270004846F9F706F808B11020F7E7524C207885
:1082800008B9FFF760FC647A4D4600F09FFAA042FF
:1082900007D2201AC1B22A460020FFF777FC002837
:1082A000E4D171684848C91C002721F003017160BE
:1082B000B3463E463D46BA463C4690F801800AE049
:1082C000204600F077FA4178807B0E4410FB015580
:1082D000641CE4B27F1C4445F2D10AEB870000EB3A
:1082E000C600DBF8041000EB850045185C4601224F
:1082F00029464846FFF7C9FA060013D00020FFF7C9
:108300007CFC05000CD005F11300616820F003002F
:10831000884200D0FFDF2C484178491E41706560DB
:108320003046A3E7002229464846FFF7AEFA00B1DF
:10833000FFDFD9F8000060604FF6FF706080012019
:108340002070002092E72DE9F04104461F481746AF
:108350000E46007810B10820BDE8F0810846F8F715
:108360006AFF08B11020F7E7174D287808B9FFF722
:10837000EAFB601E1E2807D8012C22D13078FE2887
:108380001FD8A8760020E7E7A4F120001F2805D811
:10839000E0B23A463146BDE8F04140E4A4F1400085
:1083A0001F2805D831462046BDE8F04100F0A2BAAA
:1083B000A4F1A0001F2804D80020A02C0AD0A12CD2
:1083C0000DD00720C8E7000054030020180000204B
:1083D00048100020317801F00101E976BCE73168EE
:1083E0000922F82901D38B0701D01046B4E76B7B33
:1083F00003F00303012B04D1EB8AD7339CB28C42E8
:10840000F3D8E961A8E72DE9F04781460E46084612
:10841000F8F737FF48B94846F8F751FF28B909F18E
:10842000030020F00301494502D01020BDE8F08789
:10843000FC484FF0000A817869B14178804600EB32
:1084400041140834378832460021204600F039FABA
:10845000050004D027E0A6F800A00520E6E7B9F162
:10846000000F24D03088B84201D90C251FE0607875
:1084700000F00705284600F012FA08EB050732461F
:1084800097F8E8014946401C87F8E801204607F5BF
:10849000F47700F016FA05463878401E387003204D
:1084A00000F0FDF92DB10C2D01D0A6F800A0284652
:1084B000BCE76078DC4E00F00701012923D00229D7
:1084C0000CD0032933D0FFDF98F801104046491C37
:1084D000C9B288F801100F2934D035E0616821B1A4
:1084E000000702D46088FFF723FE98F8EA014746A8
:1084F000012802D1707802F057FD97F9EA010428AB
:10850000E2DBFFDFE0E7616819B14422B06807F001
:108510004DFC98F8E9014746032802D1707802F033
:1085200043FD97F9E9010428CEDBFFDFCCE7C00665
:1085300002D56088FFF7FCFD98F9EB010628C3DB44
:10854000FFDFC1E780F801A08178491E8170617862
:1085500001F0070101EB080090F8E811491C80F8D0
:10856000E811A4E770B50D460446F8F764FE18B9A3
:108570002846F8F786FE08B1102070BD294620462F
:10858000BDE8704009F002BB70B5054609F021FB5B
:10859000C4B22846F8F793FE08B1102070BD35B17B
:1085A00028782C7018B1A04201D0072070BD204659
:1085B000FDF7D2FD052805D109F00FFB012801D0F8
:1085C000002070BD0F2070BD70B5044615460E46E4
:1085D0000846F8F730FE18B92846F8F752FE08B1F9
:1085E000102070BD022C03D0102C01D0092070BDCA
:1085F0002A463146204609F0F9FA0028F7D005202E
:1086000070BD70B514460D460646F8F714FE38B92D
:108610002846F8F736FE18B92046F8F750FE08B19C
:10862000102070BD22462946304609F0FEFA002887
:10863000F7D0072070BD3EB50446F8F722FE08B11A
:1086400010203EBD684606F0C0F9FFF75DFB00282C
:10865000F7D19DF806002070BDF808006080BDF8D5
:108660000A00A08000203EBD70B505460C460846B5
:10867000F8F725FE20B93CB12068F8F702FE08B1F2
:10868000102070BDA08828B121462846BDE8704062
:10869000FDF7BABD092070BD70B505460C46084609
:1086A000F8F7C9FD30B9681E1E2814D82046F8F71F
:1086B000C2FD08B1102070BD032D01D9072070BD87
:1086C00005B9FFDF594800EB850050F8041C20462F
:1086D000BDE870400847A5F120001F2805D82146B5
:1086E0002846BDE87040F9F7C1BCF02D0AD0BF2D77
:1086F000E4D1A078218800F0010001F08DFA68B182
:10870000002070BDA068F8F796FD0028D2D1204661
:1087100006F04CFDBDE87040FFF7F6BA082070BDCA
:1087200070B504460D460846F8F7ABFD30B9601E3B
:108730001E280FD82846F8F77EFD08B1102070BD1E
:10874000012C03D0022C01D0032C01D1062070BDD6
:10875000072070BDA4F120001F28F9D82946204623
:10876000BDE87040F9F7D0BC07F03AB81CB5002955
:108770001FD104F02AFE2C4800224178C06805F081
:108780001DFF29481030C0788DF8000010B1012875
:1087900002D004E0012000E000208DF800006846CF
:1087A00006F06BF9214824380068019001A806F012
:1087B000BFFA1CBD30B51B4D0446383D6878A04259
:1087C00000D8FFDF686800EB041030BD70B51548B5
:1087D000002538382C46467807E02046FFF7EAFFA8
:1087E0004078641C2844C5B2E4B2B442F5D12846AE
:1087F00070BD021D5143452900D245210844C01CCB
:10880000B0FBF2F0C0B270472DE9FC5F06460548A8
:108810004FF0000838388B464746444690F80190A0
:1088200029E000008C030020180000201CB101008A
:108830002046FFF7BFFF050000D1FFDF68786946DB
:108840003844C7B22846FEF7EAFF824601A9284607
:10885000FEF7FFFF0346BDF804005246001D81B23B
:10886000BDF80000001D80B207F0A6FC6A78641C09
:1088700000FB0288E4B24C45DAD13068C01C20F01D
:1088800003003060BBF1000F00D0002042463946A3
:1088900007F0A0FC316808443060BDE8FC9F5649F1
:1088A00008710020C87070475349CA782AB10A7805
:1088B00001EB42110831814201D0012070470020B4
:1088C00070472DE9F04106460078154600F00F0488
:1088D00000201080601E0F46052800D3FFDF4748A8
:1088E0002A4600EB8400394650F8043C3046BDE887
:1088F000F04118472DE9F0413F4E0C46383E4028E4
:1089000006D041281AD0422822D0432826D11AE086
:1089100020786578012801D913201DE5FF2D08D89E
:1089200009F0F4FA07460AF053FD381A401EA8422F
:1089300001DA122010E5208830810DE0BDE8F04119
:10894000084600F00DB80878022807D8307603E012
:108950000878022802D870760020FDE40720FBE4A6
:1089600038B50446407800F00300012803D00228FF
:108970000BD0072038BD606858B1F8F7A9FCD0B912
:108980006068F8F79CFC20B915E06068F8F753FCC4
:1089900088B969462046FBF77FF90028EAD160785C
:1089A00000F00300022808D19DF8000028B160689B
:1089B000F8F785FC08B1102038BD6189F8290ED878
:1089C000208988420BD8607800F003020A483838C2
:1089D000012A06D1D731C26989B28A4201D209205F
:1089E00038BD94E80E0000F10C0585E80E000AB9C8
:1089F00000218182002038BD8C03002004B10100D9
:108A00002DE9F041074614468846084601F024FD4A
:108A1000064608EB88001C22796802EBC0000D189E
:108A2000688C58B14146384601F025FD014678680A
:108A30000078C200082305F120000CE0E88CA8B102
:108A40004146384601F01EFD01467868082340780B
:108A5000C20005F1240007F000FA38B106212172A6
:108A60006681D0E90010C4E9031009E028780928DC
:108A70000BD00520207266816868E06000202870B5
:108A80002046BDE8F04101F0C8BC07202072668195
:108A9000F4E72DE9F04116460D460746406801EB24
:108AA00085011C2202EBC1014418204601F00CFD97
:108AB00040B10021708865F30F2160F31F4105204C
:108AC0000BF02CF909202070324629463846BDE8C3
:108AD000F04195E72DE9F0410E46074600241C21A0
:108AE000F07816E004EB8403726801EBC303D25CF8
:108AF0006AB1FFF7EBFA050000D1FFDF6F802A466D
:108B000021463046FFF7C5FF0120BDE8F081641C17
:108B1000E4B2A042E6D80020F7E770B5064600248C
:108B20001C21C0780AE000BF04EB8403726801EBEB
:108B3000C303D5182A782AB1641CE4B2A042F3D842
:108B4000402070BD28220021284604F01CFC7068DB
:108B500080892881204670BD70B5034600201C2501
:108B6000DC780CE000EB80065A6805EBC606324460
:108B7000167816B1128A8A4204D0401CC0B28442D0
:108B8000F0D8402070BDF0B5044600201C26E578E2
:108B90000EE000BF00EB8007636806EBC7073B44AD
:108BA0001F788F4202D15B78934204D0401CC0B240
:108BB0008542EFD84020F0BD0078032801D0002086
:108BC0007047012070470078022801D000207047CC
:108BD000012070470078072801D00020704701204D
:108BE00070472DE9F041064688461078F178154621
:108BF000884200D3FFDF2C781C27641CF078E4B295
:108C0000A04201D8201AC4B204EB8401706807EBBB
:108C1000C1010844017821B14146884708B12C7050
:108C200073E72878A042E8D1402028706DE770B53E
:108C300014460B880122A240134207D113430B8034
:108C400001230A22011D07F0D2F8047070BD2DE93E
:108C5000FF4F81B00878DDE90E7B9A4691460E46BB
:108C600040072CD4019807F06EFB040000D1FFDF11
:108C700007F1040820461FFA88F106F0BDFC050044
:108C800000D1FFDF204629466A4606F008FF00981B
:108C9000A0F80370A0F805A0284606F0AEFF017802
:108CA00069F306016BF3C711017020461FFA88F1C2
:108CB00006F0E5FC00B9FFDF019805F027FC06EBA4
:108CC0000900017F491C017705B0BDE8F08F2DE94F
:108CD000F84F0E469A4691460746032107F0EEF9F3
:108CE0000446008DDFF87C85002518B198F8000057
:108CF000B0421ED1384607F026FB070000D1FFDF47
:108D000009F10401384689B206F076FC050010D05E
:108D1000384629466A4606F0C2FE009800210A46F7
:108D20000180817005F067FC0098C01DCAF8000042
:108D300021E098F80000B04216D104F1260734F87B
:108D4000341F012000FA06F911EA090F00D0FFDFF5
:108D50002088012340EA090020800A22391D384674
:108D600007F060F8067006E0324604F1340104F1C1
:108D70002600FFF75CFF0A2188F800102846BDE8AE
:108D8000F88FFEB515460C46064602AB0C220621AE
:108D9000FFF79DFF002827D00299607812220A7001
:108DA000801C487008224A80A070029829880523F8
:108DB00081806988C180A9880181E9884181002575
:108DC0000C20CDE90005062221463046FFF73FFF83
:108DD0002946002266F31F41F02310460AF0F4FEF4
:108DE0006078801C60700120FEBD2DE9FE430C46BA
:108DF000804644E002AB0E2207214046FFF767FFA2
:108E0000002841D060681C2267788678BF1C06EB7A
:108E1000860102EBC10145180298142101704770C8
:108E20000A214180698A0181E98A4181A98881807A
:108E3000A9898181304601F00FFB029905230722A1
:108E4000C8806F700420287000250E20CDE9000531
:108E500021464046FFF7FBFE294666F30F2168F3E3
:108E60001F41F023002205200AF0AEFE6078FE4983
:108E7000801C607062682046921CFFF7B2FE60683A
:108E800080784028B6D10120BDE8FE83FEB50D46AE
:108E9000064638E002AB0E2207213046FFF717FFE7
:108EA000002835D068681C23C17801EB810203EBF0
:108EB000C2028418029815220270627842700A2257
:108EC0004280A2894281A2888281084601F0C4FAC8
:108ED000014602988180618AC180E18A0181A0886F
:108EE000B8B10020207000210E20CDE9000105233B
:108EF000072229463046FFF7AAFE6A68DB49284662
:108F0000D21CFFF76EFE6868C0784028C2D10120ED
:108F1000FEBD0620E6E72DE9FE430C46814644E00F
:108F2000204601F0BBFAD0B302AB08220721484625
:108F3000FFF7CDFE0028A7D060681C22657806796F
:108F4000AD1C06EB860102EBC10147180298B7F889
:108F5000108006210170457004214180304601F0E7
:108F60007BFA0146029805230722C180A0F80480FD
:108F70007D70082038700025CDE90005214648465F
:108F8000FFF765FE294666F30F2169F31F41F023C1
:108F9000002205200AF018FE6078801C607062686C
:108FA000B3492046121DFFF71CFE60680179402975
:108FB000B6D1012068E72DE9F34F83B00D4691E06B
:108FC000284601F06BFA00287ED068681C2290F8D1
:108FD00006A00AEB8A0102EBC1014418514628465B
:108FE00001F050FAA178CB0069684978CA000146BF
:108FF00004F1240006F04DFF07468188E08B4FF016
:109000000009091A8EB208B1C84607E04FF00108FE
:10901000504601F00CFA08B9B61CB6B2208BB0422B
:1090200000D80646B34602AB324607210398FFF745
:109030004EFE060007D0B8F1000F0BD0504601F0ED
:10904000F6F910B106E000203EE60299B8884FF02C
:10905000020908800196E28B3968ABEB09001FFA20
:1090600080F80A4403984E46009207F06CF9DDE957
:109070000021F61D4346009606F08BFDE08B404430
:1090800080B2E083B988884201D1012600E0002641
:10909000CDE900B6238A072229460398FFF7D7FDBA
:1090A000504601F0C4F910B9E089401EE0815EB17C
:1090B000A078401CA0706868E978427811FB02F142
:1090C000CAB20123816900E006E00E3006F08FFE8F
:1090D00080F800A00020E0836A6866492846921D57
:1090E000FFF77FFD6868817940297FF469AF01202F
:1090F000EAE570B5064648680D4614468179402970
:1091000010D104EB84011C2202EBC101084401F0E0
:10911000FCF9002806D06868294684713046BDE80D
:10912000704048E770BDFEB50C460746002645E096
:10913000204601F0B3F9D8B360681C22417901EBF5
:10914000810102EBC1014518688900B9FFDF02AB5C
:10915000082207213846FFF7BAFD002833D00299CC
:10916000607816220A70801C48700420488060686D
:10917000407901F071F901460298052307228180A8
:109180006989C1800820CDE9000621463846FFF7ED
:109190005EFD6078801C6070A88969890844B0F51C
:1091A000803F00D3FFDFA88969890844A8816E81C8
:1091B000626831492046521DFFF713FD606841790E
:1091C0004029B5D10120FEBD30B5438C458BC3F39A
:1091D000C704002345B1838B641EED1AC38A6D1E3C
:1091E0001D4495FBF3F3E4B22CB1008918B1A04201
:1091F00000D8204603444FF6FF70834200D3034655
:1092000013800C7030BD2DE9FC41074616460D4613
:10921000486802EB86011C2202EBC10144186A4631
:1092200001A92046FFF7D0FFA089618901448AB2D5
:10923000BDF80010914212D0081A00D500206081BC
:109240006868407940280AD1204601F054F9002886
:1092500005D06868294646713846FFF764FFBDE8C7
:10926000FC8100002C000020B98B0000C78B00009F
:10927000D58B00000BA50000F7A400002DE9FE4FE0
:109280000F46814615465088032106F017FF0190CE
:10929000B9F8020001F0D3F882460146019801F0C6
:1092A000FDF8002824D001981C2241680AEB8A00AE
:1092B00002EBC0000C18204601F006F9002817D177
:1092C000B9F80000E18A88420ED8A18961B1B8429C
:1092D0000ED100265146019801F0CDF8218C01EB0A
:1092E0000008608B30B114E0504601F0A0F8A0B344
:1092F000BDE8FE8F504601F09AF808B1678308E098
:10930000022FF5D3B9F804006083618A884224D81B
:109310000226B81B87B2B8F80400A28B801A002876
:1093200014DD874200DA38461FFA80FB68886968D6
:109330000291D8F800100A44009206F0F2FFF61DE0
:10934000009A5B460299009606F0EFFBA08B38442A
:1093500080B2A083618B884207D96888019903B0E5
:109360005246BDE8F04F01F0EDB81FD14FF00900B3
:109370002872B9F802006881D8E90010C5E9041024
:10938000608BA881284601F048F85146019801F009
:1093900072F801460198082340680078C20004F181
:1093A000200006F05AFD0020A0836083504601F0A3
:1093B0003EF810B9A089401EA0816888019903B0C9
:1093C0000AF0FF02BDE8F04F1DE72DE9F041064627
:1093D00015460F461C461846F7F72DFF18B92068AA
:1093E000F7F74FFF08B110201AE47168688C09780C
:1093F000B0EBC10F01D3132012E43946304601F01F
:109400003AF80146706808230078C20005F1200090
:1094100006F0EDFCD4E90012C0E90012002005E4DA
:1094200010B50446032106F049FE014600F114027E
:109430002046BDE81040A4E470B50446032106F0C0
:109440003DFE054601462046FFF765FD002816D083
:1094500029462046FFF767FE002810D029462046FF
:10946000FFF714FD00280AD029462046FFF7BDFC6F
:10947000002804D029462046BDE870409BE570BD19
:109480002DE9F0410C4680461EE0E178427811FB60
:1094900002F1CAB2816901230E3006F0DEFC0778C2
:1094A00060681C22C179491EC17107EB87016068A1
:1094B00002EBC10146183946204600F0EFFF18B113
:1094C000304600F0FAFF20B16068C1790029DCD194
:1094D0008AE7FEF7FBFD050000D1FFDF0A202872B6
:1094E000384600F0B9FF68813946204600F0CAFFCF
:1094F0000146606808234078C20006F1240006F0A7
:10950000ACFCD0E90010C5E90310A5F8028028469C
:1095100000F083FFB07800B9FFDFB078401EB07074
:1095200062E770B50C460546032106F0C7FD01460B
:109530004068C2792244C2712846BDE870409FE766
:109540002DE9FE4F8246507814460F464FF0000832
:10955000002850D0012807D0022822D0FFDF206841
:10956000B8606068F860C3E602AB0E22082150467E
:10957000FFF7ADFB0028F2D00298152105230170FA
:10958000217841700A214180C0F80480C0F8088029
:10959000A0F80C80628882810E20CDE900080822A4
:1095A00021E0A678304600F057FF054606EB86011D
:1095B0002C22786802EBC1010822465A02AB114600
:1095C0005046FFF784FB0028C9D00298072101709C
:1095D000217841700421418008218580C680CDE931
:1095E000001805230A4639464FEA0A00FFF72FFB09
:1095F00087F808807CE6A678022516B1022E13D0E3
:10960000FFDF2A1D914602AB08215046FFF75FFBA2
:109610000028A4D002980121022E01702178417007
:109620004580868002D005E00625EAE7A188C18052
:10963000E1880181CDE9009805230822394650468A
:10964000D4E710B50446032106F038FD014600F1C9
:1096500008022046BDE8104072E72DE9F04F0F46A2
:10966000054687B014465088032106F027FD4FF0C9
:1096700000088DF808800646ADF80A80042F5CD3F8
:109680006A78002A59D028784FF6FF794FF01C0AE3
:10969000132815D006DC01286FD006282BD0072808
:1096A00006D16EE0142869D0152868D0162867D036
:1096B000CDF80080CDF8048068788DF8000037E0A0
:1096C000B078904239D13078010736D5062F34D1A1
:1096D00020F0080030706088414660F31F41002090
:1096E0000AF01CFB02208DF80800ADF80C90A88849
:1096F000ADF80E00F4E0082F1FD1A888EF8881464E
:1097000000F09DFE80460146304600F0C7FE18B1CD
:10971000404600F08CFE98B1FA48D0E90010CDE93F
:1097200000106878ADF804908DF80000ADF8067070
:1097300060886A463146FFF703FF07B0BDE8F08F47
:10974000716808EB88002C2202EBC000085AB8426E
:10975000F3D1EC486A46D0E90210CDE900106878F0
:109760008DF8000008F0FF058DF802506088314642
:10977000FFF7E6FE2246294623E097E025E0CEE00B
:1097800023E1082FD9D1B5F80480E88800F057FE0E
:1097900007460146304600F081FE0028CDD007EB99
:1097A000870271680AEBC2000844028A4245C4D1AC
:1097B00001780829C1D1407869788842BDD1F9B2D1
:1097C00022463046FFF765F9B7E70E2F7FF470AFFA
:1097D000E9886F898B46B5F808903046FFF7BCF9E9
:1097E000ABF14001402901D3092048E0B9F1170F3E
:1097F00001D3172F01D20B2041E040280ED000EBFF
:10980000800271680AEBC20008440178012903D183
:1098100040786978884290D00A2030E03046FFF7DF
:109820007CF940282AD000EB800372680AEBC30160
:1098300002EB0108012288F800206A7888F80120EC
:109840007168AA884989B94200D93946AD8903238C
:109850002372A282E7812182A4F80C90658200F035
:10986000FBFD6081A8F81490A8F81870A8F80E50B5
:10987000A8F810B0204600F0D0FD5EE704200521D6
:109880002172A4F80A80E081012121739D49D1E968
:109890000421CDE9002169788DF80010ADF80200AF
:1098A00060886A463146FFF74BFEE3E7062F8BD30D
:1098B000B07890421AD13078010717D520F008000F
:1098C00030706088414660F31F4100200AF026FA9C
:1098D00002208DF80800A888ADF80C00ADF80E90B5
:1098E0006088224602A9F8F785FB26E70421304666
:1098F000FFF749F905464028BFD0022083030090B6
:1099000022462946304600F0E6FD4146608865F370
:109910000F2160F31F4105200AF000FA0DE70E2F1A
:10992000ABD104213046FFF72EF981464028A4D060
:109930004146608869F30F2160F31F4105200AF05A
:10994000EDF9A88906906889009070682F89408990
:10995000B84200D938468346B5F80680A8880190F9
:10996000484600F079FD6081069818B10220009009
:10997000069B24E0B8F1170F1ED3172F1CD3042029
:10998000207200986082E781A4F810B0A4F80C80DF
:1099900009EB890271680AEBC2000D18DDE90002CB
:1099A000A5F81480A5F818B0E8812A82204600F0B6
:1099B00034FD06202870C0E601200B2300902246CB
:1099C0004946304600F087FDB7E6082F8DD1A988BB
:1099D0003046FFF7C1F80746402886D000F027FD43
:1099E00000289BD107EB870271680AEBC20008448C
:1099F000804600F069FD002890D1ED88B8F80E008F
:109A00002844B0F5803F05D360883A46314600F0DF
:109A100099FD92E6002DCED0A8F80E0060883A4657
:109A20003146FFF766FB08202072384600F014FD2F
:109A30006081A5811EE72DE9F05F0C4601281ED04C
:109A4000957992F80480567905EB85011F2202EB87
:109A5000C10121F0030B08EB060111FB05F14FF6E4
:109A6000FF7202EAC10909F1030115FB0611264F35
:109A700021F0031ABB6840B101283ED125E061689E
:109A8000E57891F800804E78DEE75946184606F0F2
:109A900062F9606000B9FFDF5A460021606803F098
:109AA00072FCE5705146B86806F055F96168486186
:109AB00000B9FFDF6068426902EB090181616068FB
:109AC00080F800806068467017E06068524641691F
:109AD000184606F06BF95A466168B86806F066F9F0
:109AE000032006F097FA0446032006F09BFA201A9A
:109AF000012802D1B86806F023F90BEB0A00BDE893
:109B0000F09F000028B101002C0000200246002137
:109B1000022090E7F7B5FF4C0A2016462070009807
:109B200060B100254FEA0D0006F0F7F80021A170A2
:109B30006670002D01D10099A160FEBD01250020B5
:109B4000F2E770B50C46154638220021204603F096
:109B50001AFC012666700A22002104F11C0003F0A1
:109B600012FC05B9FFDF297A207861F3010020702B
:109B7000A87900282DD02A4621460020FFF75BFF58
:109B800061684020E34A88706168C8706168087144
:109B900061684871616888716168288808816168B6
:109BA00068884881606886819078002811D0616853
:109BB0000620087761682888C885616828884886F3
:109BC0006068068560686988928801868186468516
:109BD000828570BDC878002802D0002201202AE7C3
:109BE000704770B50546002165F31F4100200AF05B
:109BF00095F80321284606F061FA040000D1FFDF42
:109C000021462846FEF766FF002804D0207840F061
:109C100010002070012070BD70B505460C46032071
:109C200006F0EAF908B1002070BDBA48857084805A
:109C3000012070BD2DE9FF4180460E460F0CFEF756
:109C400045FA050007D06F800321384606F036FA42
:109C5000040008D106E004B03846BDE8F041132105
:109C6000F8F79EBDFFDF5FEA080005D0B8F1050FE9
:109C700018D0FFDFBDE8FF8120782A4620F00800D9
:109C800020700020ADF8020002208DF800004FF691
:109C9000FF70ADF80400ADF8060069463846F8F7E5
:109CA000A9F9E7E7C6F3072101EB81021C236068ED
:109CB00003EBC202805C042803D008280AD0FFDF2F
:109CC000D8E7012000904FF440432A46204600F098
:109CD00002FCCFE704B02A462046BDE8F041FEF77B
:109CE000D8BE2DE9F05F05464089002790460C4616
:109CF0003E46824600F0A3FB8146287AC01E082813
:109D00006BD2DFE800F00D04192058363C4772276B
:109D10001026002C6CD0D5E90301C4E902015CE0F7
:109D200070271226002C63D00A2205F10C0104F1E1
:109D3000080003F0FEFA50E071270C26002C57D0E3
:109D4000E868A06049E0742710269CB3D5E90301B8
:109D5000C4E902016888032106F0B0F98346FEF7E2
:109D6000B5F902466888508049465846FEF748FED5
:109D700033E075270A26ECB1A88920812DE07627EB
:109D80001426BCB105F10C0004F1080307C883E8F0
:109D9000070022E07727102664B1D5E90301C4E962
:109DA00002016888032106F089F901466888FFF7F7
:109DB00067FB12E01CE073270826CCB168880321FA
:109DC00006F07CF901460078C00606D56888FEF7E3
:109DD00081FE10B96888F7F703FEA8F800602CB17F
:109DE0002780A4F806A066806888A080002086E608
:109DF000A8F80060FAE72DE9FC410C461E4617461C
:109E00008046032106F05AF905460A2C0AD2DFE8FB
:109E100004F005050505050509090907042303E004
:109E2000062301E0FFDF0023CDE900762246294624
:109E30004046FEF70CFFBDE8FC81F8B50546A0F5ED
:109E40007F40FF382BD0284606F06BFA040000D183
:109E5000FFDF204605F001FE002821D001466A46BA
:109E6000204605F01CFE00980321B0F80560284646
:109E700006F024F90446052E13D0304600F0DFFA30
:109E800005460146204600F009FB40B1606805EB3D
:109E900085013E2202EBC101405A002800D001207A
:109EA000F8BD007A0028FAD00020F8BDF8B50446C5
:109EB000408806F036FA050000D1FFDF6A462846E2
:109EC000616800F0A8FA01460098091F8BB230F8CB
:109ED000032F0280428842800188994205D1042ADA
:109EE00008D0052A20D0062A16D022461946FFF7A8
:109EF000C5F9F8BD001D0E4605460146224630460E
:109F0000FBF763F90828F4D1224629463046FCF7CE
:109F1000C2F9F8BD2C000020636864880A46011D60
:109F20002046F9F7C5FBF4E72246001DFFF795FB35
:109F3000EFE770B50D460646032106F0BFF80400B2
:109F400004D02078000704D5112070BD43F2020030
:109F500070BD2A4621463046FEF713FF18B928681F
:109F600060616868A061207840F0080020700020DF
:109F700070BD2DE9F04F0E4691B08046032106F0EA
:109F80009DF80446404606F0DEF90746002007909B
:109F900008900990ADF830000A9002900390049068
:109FA00004B9FFDF0DF10809FFB9FFDF1DE03846F6
:109FB0000BA9002205F014FC9DF82C0000F07F0591
:109FC0000A2D00D3FFDF6019017F491E01779DF83C
:109FD0002C00000609D52A460CA907A8FEF727FE83
:109FE00019F80510491C09F80510761EF6B2DED2E4
:109FF00004F13400F84D04F1260BDFF8E0A304F17E
:10A000002A07069010E05846069900F08DFA064699
:10A0100028700A2800D3FFDF5AF8261040468847E8
:10A02000E08CC05DB04202D0208D0028EBD10A2028
:10A030002870EA4D4E4628350EE00CA907A800F01E
:10A0400073FA0446375D55F8240000B9FFDF55F870
:10A050002420394640469047BDF81E000028ECD128
:10A0600011B0BDE8F08F10B5032106F027F8040009
:10A0700000D1FFDF0A22002104F11C0003F083F964
:10A08000207840F00400207010BD10B50C4603216C
:10A0900006F014F82044007F002800D0012010BDF5
:10A0A0002DE9F84F894615468246032106F006F849
:10A0B000070004D02846F7F7BEF840B903E043F2A2
:10A0C0000200BDE8F88F4846F7F7DBF808B110202A
:10A0D000F7E7786828B169880089814201D90920A9
:10A0E000EFE7B9F800001C2488B100F0A8F9804619
:10A0F0000146384600F0D2F988B108EB880079684B
:10A1000004EBC000085C01280BD00820D9E73846D2
:10A11000FEF703FD8046402807D11320D1E7052034
:10A12000CFE7FDF7D3FF06000BD008EB8800796876
:10A1300004EBC0000C18B9F8000020B1E88910B198
:10A1400013E01120BDE72888172802D36888172854
:10A1500001D20720B5E7686838B12B1D2246414679
:10A160003846FFF732F90028ABD104F10C026946FA
:10A170002046FFF729F8288860826888E082B9F8CD
:10A18000000030B102202070E889A080E889A0B1E9
:10A190002BE003202070A889A0807868817840296E
:10A1A00005D180F8028039465046FEF71EFE404633
:10A1B00000F052F9A9F8000021E07868218B40896D
:10A1C000884200D908462083A6F802A004203072F5
:10A1D000B9F800007081E0897082F181208B3082B3
:10A1E000A08AB081304600F018F97868C17840291B
:10A1F00005D180F8038039465046FEF747FE00201F
:10A200005FE770B50D460646032105F057FF0400D1
:10A210000ED0284600F013F905460146204600F00E
:10A220003DF918B1284600F002F920B1052070BDB3
:10A2300043F2020070BD05EB85011C22606802EB51
:10A24000C101084400F040F908B1082070BD2A4659
:10A250002146304600F076F9002070BD2DE9F0412E
:10A260000C4617468046032105F028FF0546204688
:10A2700000F0E5F8044695B10146284600F00EF9D5
:10A2800080B104EB84011C22686802EBC10146180E
:10A29000304600F019F938B10820BDE8F08143F2EA
:10A2A0000200FAE70520F8E73B46324621462846F9
:10A2B000FFF78BF80028F0D1E2B229464046FEF7BE
:10A2C000A2FF708C0838082803D24348407800F079
:10A2D0006BFE0020E1E72DE9F0410D461746804670
:10A2E000032105F0EBFE0446284600F0A8F80646D8
:10A2F00024B13846F6F79FFF38B902E043F2020076
:10A30000CBE73868F6F797FF08B11020C5E731466C
:10A31000204600F0C3F860B106EB86011C2260689D
:10A3200002EBC1014518284600F0CEF818B108200C
:10A33000B3E70520B1E7B888A98A884201D90C2083
:10A34000ABE76168E88C4978B0EBC10F01D313200B
:10A35000A3E73146204600F095F8014660680823DF
:10A360004078C20005F1240005F041FDD7E9001254
:10A37000C0E90012F2B221464046FEF7BAFE0020C4
:10A380008BE72DE9F0470D461F4690468146032195
:10A3900005F094FE0446284600F051F806463CB10C
:10A3A0004DB13846F6F78BFF50B11020BDE8F0876D
:10A3B00043F20200FAE7606858B1A0F80C8028E088
:10A3C0003146204600F06AF818B1304600F02FF808
:10A3D00030B10520EAE700002C00002040B1010068
:10A3E00006EB86011C22606802EBC1014518284675
:10A3F00000F06AF808B10820D8E7A5F80880F2B2A2
:10A4000021464846FEF7FFFE1FB1A8896989084426
:10A4100038800020CAE705F042BB017821F00F0127
:10A42000491C21F0F00110310170FDF753BE20B935
:10A430004E48807808B101207047002070474B4992
:10A440008988884201D100207047402801D24020ED
:10A4500000E0403880B2704710B50446402800D96B
:10A46000FFDF2046FFF7E3FF10B14048808810BDB2
:10A470004034A0B210BD406842690078484302EB06
:10A48000C0007047C2784068037812FB03F243783B
:10A49000406901FB032100EBC1007047C2788A428A
:10A4A00009D9406801EB81011C2202EBC101405C2B
:10A4B00008B101207047002070470078062801D9B4
:10A4C00001207047002070470078062801D0012045
:10A4D000704700207047F0B401EB81061C274468E8
:10A4E00007EBC6063444049D05262670E3802571DB
:10A4F000F0BCFEF785BA10B5418911B1FFF7DDFF59
:10A5000008B1002010BD012010BD10B5C18C8278AB
:10A51000B1EBC20F04D9C18911B1FFF7CEFF08B169
:10A52000002010BD012010BD10B50C4601230A22E9
:10A53000011D05F092FC00782188012282409143A0
:10A54000218010BDF0B402EB82051C264C6806EB9E
:10A55000C505072363554B681C79402C03D11A713C
:10A56000F0BCFEF7D8BCF0BC704700002C00002007
:10A5700070B50B2000F0BDF9082000F0BAF90021F9
:10A580000B2000F0D4F90021082000F0D0F9F44CA1
:10A5900001256560A5600020C4F84001C4F84401AD
:10A5A000C4F848010B2000F0B5F9082000F0B2F91A
:10A5B0000B2000F091F9256070BD10B50B2000F064
:10A5C00098F9082000F095F9E54801214160816083
:10A5D000E4490A68002AFCD10021C0F84011C0F803
:10A5E0004411C0F848110B2000F094F9BDE8104068
:10A5F000082000F08FB910B50B2000F08BF9BDE8F2
:10A600001040082000F086B900B530B1012806D00E
:10A61000022806D0FFDF002000BDD34800BDD3488C
:10A6200000BDD248001D00BD70B5D1494FF00040BB
:10A630000860D04DC00BC5F80803CF480024046063
:10A64000C5F840410820C43500F053F9C5F83C4135
:10A65000CA48047070BD08B5C14A002128B101285C
:10A6600011D002281CD0FFDF08BD4FF48030C2F8A3
:10A670000803C2F84803BB483C300160C2F84011EF
:10A68000BDE80840D0E74FF40030C2F80803C2F834
:10A690004803B44840300160C2F84411B3480CE0AC
:10A6A0004FF48020C2F80803C2F84803AD48443094
:10A6B0000160C2F84811AD48001D0068009008BD57
:10A6C00070B516460D460446022800D9FFDF002269
:10A6D000A348012304F110018B4000EB8401C1F871
:10A6E000405526B1C1F84021C0F8043303E0C0F85A
:10A6F0000833C1F84021C0F8443370BD2DE9F04162
:10A700001D46144630B1012833D0022838D0FFDF6F
:10A71000BDE8F081891E002221F07F411046FFF73D
:10A72000CFFF012D23D00020944D924F0126687059
:10A730003E61914900203C3908600220091D0860F3
:10A740008D490420303908608B483D34046008206E
:10A750006C6000F0DFF83004C7F80403082000F054
:10A76000BBF88349F007091F08602E70D0E701206D
:10A77000DAE7012B02D00022012005E00122FBE7ED
:10A78000012B04D000220220BDE8F04198E701220D
:10A79000F9E774480068704770B500F0D8F8704C5D
:10A7A0000546D4F840010026012809D1D4F8080351
:10A7B000C00305D54FF48030C4F80803C4F84061E5
:10A7C000D4F8440101280CD1D4F80803800308D53B
:10A7D0004FF40030C4F80803C4F84461012008F0C5
:10A7E00014FAD4F8480101280CD1D4F80803400326
:10A7F00008D54FF48020C4F80803C4F8486102204B
:10A8000008F003FA5E48056070BD70B500F09FF86F
:10A810005A4D0446287850B1FFF706FF687818B102
:10A820000020687008F0F1F95548046070BD0320FD
:10A83000F8E74FF0E0214FF40010C1F80002704734
:10A84000152000F067B84B4901200861082000F08E
:10A8500061B848494FF47C10C1F808030020024653
:10A8600001EB8003C3F84025C3F84021401CC0B26F
:10A870000628F5D37047410A43F609525143C0F305
:10A88000080010FB02F000F5807001EB50207047CB
:10A8900010B5430B48F2376463431B0C5C020C6039
:10A8A000384C03FB0400384B4CF2F72443435B0D58
:10A8B00013FB04F404EB402000F58070401210708C
:10A8C00008681844086010BD2C4840687047294942
:10A8D0000120C1F800027047002809DB00F01F02C8
:10A8E000012191404009800000F1E020C0F80011F2
:10A8F000704700280DDB00F01F0201219140400944
:10A90000800000F1E020C0F88011BFF34F8FBFF34B
:10A910006F8F7047002809DB00F01F020121914072
:10A920004009800000F1E020C0F88012704749071C
:10A93000090E002804DB00F1E02080F800147047C5
:10A9400000F00F0000F1E02080F8141D70470C4863
:10A95000001F00680A4A0D49121D1160704700006F
:10A9600000B0004004B500404081004044B10040C8
:10A9700008F501400080004040850040380000207C
:10A9800014050240F7C2FFFF6F0C01000100000137
:10A9900010B5EFF3108000F0010472B6FC48417866
:10A9A000491C41704078012801D108F081FD002C3C
:10A9B00000D162B610BD70B5F54CA07848B901253C
:10A9C000A570FFF7E5FF08F084FD20B1002008F036
:10A9D0004EFD002070BD4FF08040E570C0F804537C
:10A9E000F7E770B5EFF3108000F0010572B6E84CA0
:10A9F000607800B9FFDF6078401E6070607808B949
:10AA000008F05AFD002D00D162B670BDE04810B5C7
:10AA1000817821B10021C1708170FFF7E2FF002031
:10AA200010BD10B5044608F054FDD9498978084096
:10AA300000D001202060002010BD10B5FFF7A8FF56
:10AA400008F047FD02220123D149540728B1D1481B
:10AA5000026023610320087202E00A72C4F8043322
:10AA60000020887110BD2DE9F84FDFF8249342785B
:10AA7000817889F80420002689F80510074689F8AE
:10AA800006600078DFF810B3354620B1012811D0F8
:10AA9000022811D0FFDF08F02EFD4FF0804498B15E
:10AAA00008F030FDB0420FD1304608F02FFD0028ED
:10AAB000FAD042E00126EEE7FFF76AFF5846016848
:10AAC000C907FCD00226E6E70120E060C4F8045183
:10AAD000B2490E600107D1F84412B04AC1F34231C5
:10AAE00024321160AD49343108604FF0020AC4F8D5
:10AAF00004A3A060AA480168C94341F3001101F111
:10AB00000108016841F01001016001E010F030F926
:10AB1000D4F804010028F9D0304608F0F7FC0028EA
:10AB2000FAD0B8F1000F04D19D48016821F010015E
:10AB30000160C4F808A3C4F8045199F805004E4612
:10AB400080B1387870B908F0C4FC804608F0CAFEBD
:10AB50006FF00042B8F1000F02D0C6E9032001E017
:10AB6000C6E90302DBF80000C00701D008F0ADFC25
:10AB7000387810B13572BDE8F88F4FF01808C4F876
:10AB800008830127A7614FF42070ADF8000000BFD3
:10AB9000BDF80000411EADF80010F9D2C4F80C5108
:10ABA000C4F810517A48C01D08F030FD3570FFF729
:10ABB00044FF67617949307920310860C4F8048323
:10ABC000D9E770B5050000D1FFDF4FF080424FF0AC
:10ABD000FF30C2F808030021C2F80011C2F80411C6
:10ABE000C2F80C11C2F81011694C617008F07DFCBC
:10ABF00010B10120A070607067480068C00701D0E4
:10AC000008F063FC2846BDE870402CE76048007AF5
:10AC1000002800D0012070472DE9F04F61484FF027
:10AC2000000A85B0D0F800B0D14657465D4A5E496B
:10AC3000083211608406D4F8080110B14FF0010801
:10AC400001E04FF0000808F0B4FC78B1D4F824011A
:10AC500000B101208246D4F81C0100B101208146D8
:10AC6000D4F8200108B1012700E00027D4F8000142
:10AC700000B101200490D4F8040100B10120039038
:10AC8000D4F80C0100B101200290D4F8100100B1F9
:10AC900001203F4D0190287800260090B8F1000F68
:10ACA00004D0C4F80861012008F0E1FBBAF1000FFC
:10ACB00004D0C4F82461092008F0D9FBB9F1000FD1
:10ACC00004D0C4F81C610A2008F0D1FB27B1C4F8F5
:10ACD00020610B2008F0CBFB2D48C01D08F09EFC26
:10ACE00000B1FFDFDFF8AC800498012780B1C4F821
:10ACF0000873E87818B1EE70002008F0B8FB287AE5
:10AD0000022805D1032028720221C8F8001027610B
:10AD1000039808B1C4F80461029850B1C4F80C61FA
:10AD2000287A032800D0FFDFC8F800602F72FFF7F1
:10AD300058FE019838B1C4F81061287A012801D171
:10AD400000F05CF86761009838B12E70287A01280D
:10AD500001D1FFF772FEFFF744FE0D48C01D08F059
:10AD600073FC1049091DC1F800B005B0BDE8F08FB3
:10AD7000074810B5C01D08F051FC0549B0B10120CD
:10AD800008704FF0E021C1F80002BDE81040FFE577
:10AD900040000020340C00400C0400401805004026
:10ADA00010ED00E01005024001000001087A0128C2
:10ADB00001D1FFF742FEBDE81040244808F044BC32
:10ADC00070B5224CE41FA07808B908F075FB01208B
:10ADD0008507A861207A0026032809D1D5F80C013F
:10ADE00020B9002008F092FB0028F7D1C5F80C61CB
:10ADF00026724FF0FF30C5F8080370BD70B5134CD4
:10AE0000E41F6079F0B1012803D0A179401E81428E
:10AE100018DA08F05EFB054608F064FD6179012947
:10AE200002D9A179491CA1710DB1216900E0E16845
:10AE3000411A022902DA11F1020F06DC0DB120617C
:10AE400000E0E060BDE87040F7E570BD470000201D
:10AE5000374901200860704770B50D2000F049F8AF
:10AE6000344C0020C4F800010125C4F804530D201F
:10AE700000F050F825604FF0E0216014C1F80001A7
:10AE800070BD10B50D2000F034F82A480121416052
:10AE90000021C0F80011BDE810400D2000F03AB8C4
:10AEA000254810B504682449244808310860214920
:10AEB000D1F80001012804D0FFDF1F48001D046005
:10AEC00010BD1B48001D00680022C0B2C1F800215F
:10AED00008F05FFCF1E710B5164800BFD0F800118C
:10AEE0000029FBD0FFF7DCFFBDE810400D2000F08B
:10AEF00011B800280DDB00F01F020121914040092C
:10AF0000800000F1E020C0F88011BFF34F8FBFF345
:10AF10006F8F7047002809DB00F01F02012191406C
:10AF20004009800000F1E020C0F880127047000066
:10AF300004D5004000D0004010050240010000018F
:10AF40004FF0E0214FF00070C1F8800101F5C071B1
:10AF5000BFF34F8FBFF36F8FC1F80001394B8022D1
:10AF600083F8002441F8800C704700B502460420A5
:10AF7000354903E001EBC0031B792BB1401EC0B281
:10AF8000F8D2FFDFFF2000BD41F8302001EBC00107
:10AF900000224A718A7101220A7100BD2A4A0021E9
:10AFA00002EBC0000171704710B50446042800D3BD
:10AFB000FFDF254800EBC4042079012800D0FFDF23
:10AFC0006079A179401CC0B2814200D060714FF01D
:10AFD000E0214FF00070C1F8000210BD70B50425EB
:10AFE000194E1A4C16E0217806EBC1000279012AAD
:10AFF00008D1427983799A4204D04279827156F815
:10B00000310080472078401CC0B22070042801D352
:10B01000002020706D1EEDB2E5D270BD0C4810B559
:10B0200004680B490B4808310860064890F8000492
:10B030004009042800D0FFDFFFF7D0FF0448001DBF
:10B04000046010BD19E000E07805002054000020E5
:10B0500010050240010000010F4A12680D498A42A2
:10B060000CD118470C4A12680A4B9A4206D101B516
:10B0700008F00AFC08F0DDFEBDE801400749096858
:10B080000958084706480749054A064B704700001B
:10B0900000000000BEBAFECA5800002004000020D4
:10B0A000B00F0020B00F002070B50C46054600F030
:10B0B00045FB21462846BDE8704001F026BC000053
:10B0C000F8B51D46DDE906470E000AD005F03BF94C
:10B0D0002346FF1DBCB231462A46009404F059FDB8
:10B0E000F8BDD0192246194602F023F92046F8BDD2
:10B0F00070B50D4604461022002102F044F9258166
:10B1000017206081A07B40F00A00A07370BD4FF64D
:10B11000FF720A800146022008F000BE70470089D5
:10B120007047827BD30701D1920703D480890880BE
:10B130000020704705207047827B920700D58181EF
:10B14000704701460020098841F6FE52114200D0A6
:10B150000120704700B50346807BC00701D0052061
:10B1600000BD59811846FFF7ECFFC00703D0987B5C
:10B1700040F004009873987B40F001009873002021
:10B1800000BD827B520700D509B140897047172066
:10B190007047827B61F3C302827370472DE9FC5FC5
:10B1A0000E46044601789646012000FA01F14DF65C
:10B1B000FF5201EA020962684FF6FF7B1188594588
:10B1C00002D10920BDE8FC9FB9F1000F05D041F67E
:10B1D000FE55294201D00120F4E741EA090111801E
:10B1E0001D0014D000232B7094F800C00521032209
:10B1F0001F464FF0020ABCF10E0F76D2DFE80CF0CA
:10B20000F909252F47646B77479193B4D1D804206F
:10B21000D8E7616820898B7B9B0767D517284AD3BD
:10B220000B89834247D38989172901D3814242D1AF
:10B2300085F800A0A5F80100328061688881606807
:10B24000817B21F002018173C6E0042028702089EF
:10B25000A5F801006089A5F803003180BCE0208AD0
:10B260003188C01D1FFA80F8414524D3062028707C
:10B270002089A5F801006089A5F80300A089A5F838
:10B2800005000721208ACDE90001636941E00CF047
:10B29000FF00082810D0082028702089A5F8010098
:10B2A0006089A5F8030031806A1D694604F10C002D
:10B2B00006F0BBFC10B15EE01020EDE730889DF891
:10B2C00000100844308087E00A2028702089A5F803
:10B2D0000100328044E00C2028702089A5F801008C
:10B2E0006089A5F8030031803AE082E064E02189BA
:10B2F000338800EB41021FFA82F843453BD3B8F193
:10B30000050F38D30E222A700BEA4101CDE9001057
:10B31000E36860882A467146FFF7D2FEA6F80080EF
:10B320005AE04020287060893188C01C1FFA80F8DC
:10B33000414520D32878714620F03F001230287014
:10B340002089A5F801006089CDE9000260882A46BD
:10B35000E368FFF7B5FEA6F80080287840063BD4E6
:10B3600061682089888037E0A0893288401D1FFAF3
:10B3700080F8424501D204273DE01620287020893C
:10B38000A5F801006089A5F80300A089CDE90001B6
:10B3900060882A4671462369FFF792FEA6F800806E
:10B3A000DEE718202870207A6870A6F800A013E065
:10B3B00061680A88920401D405271CE0C9882289A3
:10B3C000914201D0062716E01E2129703080606866
:10B3D000018821F400510180B9F1000F0BD0618880
:10B3E00078230022022008F0EFFB61682078887043
:10B3F00006E0338003276068018821EA09010180A3
:10B400003846DFE62DE9FF4F85B01746129C0D0048
:10B410001E461CD03078C10703D000F03F00192829
:10B4200001D9012100E000212046FFF7AAFEA84231
:10B430000DD32088A0F57F41FF3908D03078410630
:10B4400001D4000605D5082009B0BDE8F08F07201B
:10B45000FAE700208DF800008DF8010030786B1EAF
:10B4600000F03F0C0121A81E4FF0050A4FF0020921
:10B470004FF0030B9AB2BCF1200F75D2DFE80CF04D
:10B480008B10745E7468748C749C74B574BA74C8D0
:10B4900074D474E1747474F174EF74EE74ED748B9D
:10B4A000052D78D18DF80090A0788DF80400708873
:10B4B000ADF8060030798DF80100707800F03F009B
:10B4C0000C2829D00ADCA0F10200092863D2DFE8A9
:10B4D00000F0126215621A621D622000122824D048
:10B4E00004DC0E281BD01028DBD11BE016281FD04F
:10B4F0001828D6D11FE02078800701E02078400787
:10B50000002848DAEEE020780007F9E72078C00646
:10B51000F6E720788006F3E720784006F0E7207809
:10B520000006EDE72088C005EAE720884005E7E748
:10B5300020880005E4E72088C004E1E72078800740
:10B5400029D5032D27D18DF800B0B6F8010081E090
:10B55000217849071FD5062D1DD381B270780128A7
:10B5600003D0022817D102E0C9E0022000E0102039
:10B5700004228DF8002072788DF80420801CB1FB25
:10B58000F0F2ADF8062092B242438A4203D103970B
:10B59000ADF80890A6E079E02078000776D598B25B
:10B5A00082088DF800A0ADF80420B0EB820F6DD1B9
:10B5B0000297ADF8061095E02178C90666D5022DF0
:10B5C00064D381B206208DF80000707802285DD324
:10B5D000B1FBF0F28DF80400ADF8062092B24243C0
:10B5E0008A4253D1ADF808907BE0207880064DD593
:10B5F000072003E0207840067FD508208DF8000062
:10B60000A088ADF80400ADF80620ADF8081068E099
:10B610002078000671D50920ADF804208DF80000CF
:10B62000ADF8061002975DE02188C90565D5022DA9
:10B6300063D381B20A208DF80000707804285CD3AF
:10B64000C6E72088400558D5012D56D10B208DF82E
:10B650000000A088ADF8040044E021E026E016E0F8
:10B66000FFE72088000548D5052D46D30C208DF82E
:10B670000000A088ADF80400B6F803006D1FADF817
:10B680000850ADF80600ADF80AA02AE035E02088A1
:10B69000C00432D5012D30D10D208DF8000021E0FD
:10B6A0002088800429D4B6F80100E080A07B000740
:10B6B00023D5032D21D3307800F03F001B2818D06C
:10B6C0000F208DF80000208840F40050A4F80000FE
:10B6D000B6F80100ADF80400ED1EADF80650ADF867
:10B6E00008B0039769460598F9F7B8FA050008D03D
:10B6F00016E00E208DF80000EAE7072510E0082587
:10B700000EE0307800F03F001B2809D01D2807D03C
:10B710000220059908F002FB208800F400502080E8
:10B72000A07B400708D52046FFF70BFDC00703D1DB
:10B73000A07B20F00400A073284685E61FB50228F0
:10B7400006D101208DF8000088B26946F9F786FA23
:10B750001FBD0000F8B51D46DDE906470E000AD002
:10B7600004F0F1FD2346FF1DBCB231462A46009489
:10B7700004F00FFAF8BDD0192246194601F0D9FDA0
:10B780002046F8BD2DE9FF4F8DB09B46DDE91B57E4
:10B79000DDF87CA00C46082B05D0E06901F0FEF82E
:10B7A00050B11020D2E02888092140F010002880F4
:10B7B0008AF80010022617E0E16901208871E26929
:10B7C0004FF420519180E1698872E06942F60101ED
:10B7D0000181E069002181732888112140F0200057
:10B7E00028808AF80010042638780A900A203870D9
:10B7F0004FF0020904F118004D460C9001F0C6FB11
:10B80000B04681E0BBF1100F0ED1022D0CD0A9EB98
:10B810000800801C80B20221CDE9001005AB524621
:10B820001E990D98FFF796FFBDF816101A988142E1
:10B8300003D9F74800790F9004E003D10A9808B1C2
:10B8400038702FE04FF00201CDE900190DF1160319
:10B8500052461E990D98FFF77DFF1D980088401BEA
:10B86000801B83B2C6F1FF00984200D203461E99A6
:10B870000BA8D9B15FF00002DDF878C0CDE9032054
:10B8800009EB060189B2CDE901C10F980090BDF81E
:10B89000161000220D9801F00EFC387070B1C0B285
:10B8A000832807D0BDF8160020833AE00AEB09018F
:10B8B0008A19E1E7022011B0BDE8F08FBDF82C0035
:10B8C000811901F0FF08022D0DD09AF801204245A0
:10B8D00006D1BDF82010814207D0B8F1FF0F04D087
:10B8E0009AF801801FE08AF80180C9480068017851
:10B8F000052902D1BDF81610818009EB08001FFA56
:10B9000080F905EB080085B2DDE90C1005AB0F9A54
:10B9100001F03FFB28B91D980088411B4145BFF647
:10B9200071AF022D13D0BBF1100F0CD1A9EB0800A1
:10B93000801C81B20220CDE9000105AB52461E9960
:10B940000D98FFF707FF1D98058000203870002034
:10B95000B1E72DE9F8439C46089E13460027B26BD9
:10B960009AB3491F8CB2F18FA1F57F45FF3D05D0F9
:10B970005518AD882944891D8DB200E0002529198C
:10B98000B6F83C800831414520D82A44BCF8011063
:10B9900022F8021BBCF8031022F8021B984622F87A
:10B9A000024B914604F0BDFC4FF00C0C41464A4658
:10B9B0002346CDF800C004F0B8F8F587B16B00203D
:10B9C0002944A41D2144088003E001E0092700E088
:10B9D00083273846BDE8F88310B50B88848F9C42D6
:10B9E0000CD9846BE018048844B1848824F40044A2
:10B9F000A41D23440B801060002010BD0A2010BD40
:10BA00002DE9F0478AB00025904689468246ADF878
:10BA1000185007274BE0059806888088000446D414
:10BA2000A8F8006007A8019500970295CDE903509A
:10BA30004FF4007300223146504601F03CFB0400F5
:10BA40003CD1BDF81800ADF8200005980488818825
:10BA5000B44216D10A0414D401950295039521F439
:10BA600000410097049541F48043428821465046A6
:10BA700001F0BFF804000BD10598818841F4004122
:10BA8000818005AA08A94846FFF7A6FF0400DCD07C
:10BA90000097059802950195039504950188BDF8D6
:10BAA0001C300022504601F0A4F80A2C06D105AA49
:10BAB00006A94846FFF790FF0400ACD0ADF8185037
:10BAC00004E00598818821F40041818005AA06A937
:10BAD0004846FFF781FF0028F3D00A2C03D0204608
:10BAE0000AB0BDE8F0870020FAE710B50C46896B74
:10BAF00086B051B10C218DF80010A18FADF808105F
:10BB0000A16B01916946FAF75BF800204FF6FF71CF
:10BB1000A063E187A08706B010BD2DE9F0410D4676
:10BB20000746896B0020069E1446002911D0012B80
:10BB30000FD1324629463846FFF762FF002808D168
:10BB4000002C06D0324629463846BDE8F04100F0C8
:10BB500034BFBDE8F0812DE9FC411446DDE9087CE5
:10BB60000E46DDE90A15521DBCF800E092B296457A
:10BB700002D20720BDE8FC81ACF8002017222A7011
:10BB8000A5F80160A5F803300522CDE900423B4647
:10BB90002A46FFF7DFFD0020ECE770B50C4615469E
:10BBA00048220021204601F0EEFB04F1080044F891
:10BBB0001C0F00204FF6FF71E06161842084A58492
:10BBC0001720E08494F82A0040F00A0084F82A0044
:10BBD00070BD4FF6FF720A800146032008F09EB840
:10BBE00030B585B00C460546FFF77FFFA18E28468D
:10BBF00029B101218DF800106946F9F7E1FF002015
:10BC0000E0622063606305B030BDB0F8400070476B
:10BC10005C00002090F84620920703D440880880FA
:10BC20000020F4E70620F2E790F846209207EED5D0
:10BC3000A0F84410EBE70146002009880A0700D568
:10BC4000012011F0F00F01D040F00200CA0501D52B
:10BC500040F004008A0501D540F008004A0501D5EE
:10BC600040F010000905D2D540F02000CFE700B524
:10BC7000034690F84600C00701D0062000BDA3F897
:10BC800042101846FFF7D7FF10F03E0F05D093F88B
:10BC9000460040F0040083F8460013F8460F40F0D9
:10BCA00001001870002000BD90F84620520700D512
:10BCB00011B1B0F84200AAE71720A8E710F8462F04
:10BCC00061F3C3020270A2E72DE9FF4F9BB00E00A3
:10BCD000DDE92B34DDE92978289D24D02878C107B7
:10BCE00003D000F03F00192801D9012100E0002114
:10BCF0002046FFF7D9FFB04215D32878410600F05F
:10BD00003F010CD41E290CD0218811F47F6F0AD179
:10BD10003A8842B1A1F57F42FF3A04D001E01229EE
:10BD200001D1000602D504201FB0C5E5FA491D98CF
:10BD30004FF0000A08718DF818A08DF83CA00FAAEA
:10BD40000A60ADF81CA0ADF850A02978994601F022
:10BD50003F02701F5B1C04F1180C4FF0060E4FF0F1
:10BD6000040BCDF858C01F2A7ED2DFE802F07D7D9B
:10BD7000107D267DAC7DF47DF37DF27DF17DF47D3B
:10BD8000F07D7D7DEF7DEE7D7D7D7D7DED0094F808
:10BD90004610B5F80100890701D5032E02D08DF8B1
:10BDA00018B01EE34FF40061ADF85010608003211D
:10BDB0008DF83C10ADF84000D4E2052EEFD1B5F877
:10BDC00001002083ADF81C00B5F80310618308B1B1
:10BDD000884201D9012079E10020A07220814FF62C
:10BDE000FF702084169801F0D1F8052089F8000032
:10BDF0000220029083460AAB1D9A16991B9801F007
:10BE0000C8F890BB9DF82E00012804D0022089F8C4
:10BE10000100102003E0012089F8010002200590B4
:10BE2000002203A90BA805F000FFE8BB9DF80C0059
:10BE3000059981423DD13988801CA1EB0B018142DB
:10BE400037DB02990220CDE900010DF12A034A46B1
:10BE500041461B98FFF77EFC02980BF1020B801CF9
:10BE600081B217AA029101E09CE228E003A90BA885
:10BE700005F0DBFE02999DF80C00CDE9000117AB3F
:10BE80004A4641461B98FFF765FC9DF80C000AAB3B
:10BE90000BEB00011FFA81FB02991D9A084480B246
:10BEA000029016991B9800E003E001F072F8002858
:10BEB000B6D0BBF1020F02D0A7F800B04FE20A20C3
:10BEC0008DF818004BE200210391072EFFF467AFB5
:10BED000B5F801002083ADF81C00B5F8032062839B
:10BEE00000283FF477AF90423FF674AF0120A07274
:10BEF000B5F8050020810020A073E06900F04EFD38
:10BF000078B9E16901208871E2694FF4205191808C
:10BF1000E1698872E16942F601000881E069002167
:10BF20008173F01F20841E98606207206084169839
:10BF300001F02CF8072089F80000012004900290FD
:10BF40000020ADF82A0028E019E29FE135E1E5E0A4
:10BF500012E2A8E080E043E00298012814D0E069F2
:10BF60008079012803D1BDF82800ADF80E000498AF
:10BF700003ABCDE900B04A4641461B98FFF7EAFB08
:10BF80000498001D80B20490BDF82A00ADF80C00A2
:10BF9000ADF80E00059880B202900AAB1D9A169972
:10BFA0001B9800F0F6FF28B902983988001D05900B
:10BFB0008142D1D20298012881D0E069807901289C
:10BFC00003D1BDF82800ADF80E00049803ABCDE90D
:10BFD00000B04A4641461B98FFF7BCFB0298BDE102
:10BFE000072E02D0152E7FF4DAAEB5F801102183AA
:10BFF000ADF81C10B5F80320628300293FF4EAAEC7
:10C0000091423FF6E7AE0121A1724FF0000BA4F878
:10C0100008B084F80EB0052E07D0C0B2691DE269E1
:10C0200005F0E4FD00287FF44AAF4FF6FF7020844E
:10C0300001A906AA14A8CDF800B081E885032878E4
:10C04000214600F03F031D9A1B98FFF79BFB824699
:10C05000208BADF81C0082E10120032EC3D14021CA
:10C06000ADF85010B5F801102183ADF81C100AAAE4
:10C07000B8F1000F00D00023CDE9020304921D980F
:10C08000CDF80480009038880022401E83B21B98AF
:10C0900001F011F88DF8180090BB0B2089F8000012
:10C0A000BDF8280035E04FF0010C052E9BD1802013
:10C0B000ADF85000B5F801102183B5F803002084D5
:10C0C000ADF81C10B0F5007F03D907208DF81800DB
:10C0D00087E140F47C4222840CA8B8F1000F00D024
:10C0E0000023CDE90330CDE9018C1D9800903888FC
:10C0F000401E83B21B9800F0DEFF8DF8180018B1C7
:10C100008328A8D10220BFE00D2189F80010BDF8D6
:10C110003000401C22E100005C000020032E04D20D
:10C1200048067FF53CAE002018E1B5F80110ADF8E7
:10C130001C102878400602D58DF83CE002E007206C
:10C140008DF83C004FF000080320CDE902081E9B4B
:10C15000CDF810801D980193A6F1030B00901FFAF3
:10C160008BF342461B9800F044FD8DF818008DF8C3
:10C170003C80297849060DD52088C00506D5208B3E
:10C18000BDF81C10884201D1C4F8248040468DF8C7
:10C190001880E3E0832801D14FF0020A4FF4807049
:10C1A000ADF85000BDF81C002083A4F820B01E9804
:10C1B0006062032060841321CDE0052EFFF4EFAD13
:10C1C000B5F80110ADF81C10A28F6AB3A2F57F4339
:10C1D000FE3B29D008228DF83C2000BF4FF0000B19
:10C1E0000523CDE9023BDDF878C0CDF810B01D9AEB
:10C1F00080B2CDF804C040F400430092B5F80320AB
:10C200001B9800F0F6FC8DF83CB04FF400718DF8EF
:10C210001800ADF85010832810D0F8B1A18FA1F507
:10C220007F40FE3807D0DCE00B228DF83C204FF633
:10C23000FE72A287D2E7A4F83CB0D2E000942B466D
:10C2400031461E9A1B98FFF784FB8DF8180008B141
:10C2500083284BD1BDF81C00208353E700942B4664
:10C2600031461E9A1B98FFF774FB8DF81800E8BB47
:10C27000E18FA06B0844831D8DE888034388828882
:10C2800001881B98FFF767FC824668E095F80180FB
:10C29000022E70D15FEA080002D0B8F1010F6AD116
:10C2A00009208DF83C0007A800908DF84080434697
:10C2B000002221461B98FFF730FC8DF842004FF01A
:10C2C000000B8DF843B050B9B8F1010F12D0B8F19E
:10C2D000000F04D1A18FA1F57F40FF380AD0A08FB5
:10C2E00040B18DF83CB04FF4806000E037E0ADF82D
:10C2F00050000DE00FA91B98F9F762FC82468DF8FB
:10C300003CB04FF48060ADF85000BAF1020F06D097
:10C31000FC480068C07928B18DF8180027E0A4F81F
:10C32000188044E0BAF1000F03D081208DF8180086
:10C330003DE007A800904346012221461B98FFF7E5
:10C34000ECFB8DF8180021461B98FFF7CEFB9DF8FB
:10C35000180020B9192189F80010012038809DF8B3
:10C360003C0020B10FA91B98F9F72AFC8246BAF1CC
:10C37000000F33D01BE018E08DF818E031E0207892
:10C38000000712D5012E10D10A208DF83C00E0885C
:10C39000ADF8400003201B9907F0C0FC0820ADF861
:10C3A0005000C0E648067FF5FAAC4FF0040A20883A
:10C3B000BDF8501008432080BDF8500080050BD513
:10C3C000A18FA1F57F40FE3806D11E98E062289823
:10C3D0002063A6864FF0030A5046A5E49DF8180096
:10C3E00078B1012089F80000297889F80110BDF89A
:10C3F0001C10A9F802109DF8181089F804100520E7
:10C4000038802088BDF8501088432080E4E72DE96B
:10C41000FF4F8846087895B0012181404FF209000E
:10C42000249C0140ADF820102088DDF88890A0F50C
:10C430007F424FF0000AFF3A06D039B1000705D518
:10C44000012019B0BDE8F08F0820FAE7239E4FF0D5
:10C45000000B0EA886F800B018995D460988ADF863
:10C460003410A8498DF81CB0179A0A718DF838B0AD
:10C47000086098F8000001283BD0022809D0032862
:10C480006FD1307820F03F001D303070B8F80400D4
:10C49000E08098F800100320022904D1317821F0BF
:10C4A0003F011B31317094F84610090759D505AB8F
:10C4B000B9F1000F13D0002102AA82E80B00072077
:10C4C000CDE90009BDF83400B8F80410C01E83B2ED
:10C4D0000022159800F0EFFD0028D1D101E0F11CF9
:10C4E000EAE7B8F80400A6F80100BDF81400C01C83
:10C4F00004E198F805108DF81C1098F80400012844
:10C5000006D04FF4007A02282CD00328B8D16CE171
:10C510002188B8F8080011F40061ADF8201020D08F
:10C5200017281CD3B4F84010814218D3B4F8441033
:10C53000172901D3814212D1317821F03F01C91C62
:10C540003170A6F801000321ADF83410A4F84400BE
:10C5500094F8460020F0020084F8460065E10525C5
:10C560007EE177E1208808F1080700F4FE60ADF86D
:10C57000200010F0F00F1BD010F0C00F03D038884F
:10C58000228B9042EBD199B9B878C00710D0B96826
:10C590000720CDE902B1CDF804B00090CDF810B07D
:10C5A000FB88BA883988159800F023FB0028D6D17B
:10C5B0002398BDF82010401C80294ED006DC10299D
:10C5C0000DD020290BD0402987D124E0B1F5807F00
:10C5D0006ED051457ED0B1F5806F97D1DEE0C806B0
:10C5E00001D5082000E0102082460DA907AA0520E9
:10C5F000CDE902218DF83800ADF83CB0CDE90496C4
:10C6000008A93888CDE9000153460722214615982C
:10C61000FFF7B8F8A8E09DF81C2001214FF00A0AA6
:10C62000002A9BD105ABB9F1000F00D00020CDE965
:10C6300002100720CDE90009BDF834000493401E24
:10C6400083B2218B0022159800F035FD8DF81C0077
:10C650000B203070BDF8140020E09DF81C20012153
:10C660004FF00C0A002A22D113ABB9F1000F00D011
:10C670000020CDE902100720CDE900090493BDF8A0
:10C680003400228C401E83B2218B159800F013FDDC
:10C690008DF81C000D203070BDF84C00401CADF82A
:10C6A000340005208DF83800208BADF83C00BCE04C
:10C6B0003888218B88427FF452AF9DF81C004FF0E0
:10C6C000120A00281CD1606AA8B1B878C0073FF4EC
:10C6D00046AF00E018E0BA680720CDE902B2CDF815
:10C6E00004B00090CDF810B0FB88BA88159800F01F
:10C6F00080FA8DF81C00132030700120ADF8340052
:10C7000093E000005C0000203988208B8142D2D168
:10C710009DF81C004FF0160A0028A06B08D0E0B36B
:10C720004FF6FF7000215F46ADF808B0019027E09A
:10C7300068B1B978C907BED1E18F0DAB0844821D3D
:10C7400003968DE80C0243888288018809E0B87856
:10C75000C007BCD0BA680DAB03968DE80C02BB884D
:10C76000FA881598FFF7F7F905005ED0072D72D00B
:10C7700076E0019005AA02A92046FFF72DF90146AF
:10C78000E28FBDF80800824201D00029F1D0E08F8D
:10C79000A16B084407800198E08746E09DF81C00E3
:10C7A0004FF0180A40B1208BC8B138882083214649
:10C7B0001598FFF79AF938E004F118000090237EED
:10C7C000012221461598FFF7A8F98DF81C000028D2
:10C7D000EDD1192030700120ADF83400E7E70525D0
:10C7E00021461598FFF781F93AE0208800F400709F
:10C7F000ADF8200050452DD1A08FA0F57F41FE3926
:10C8000001D006252CE0D8F808004FF0160A48B1F0
:10C81000A063B8F80C10A1874FF6FF71E187A0F86C
:10C8200000B002E04FF6FF70A087BDF8200030F4A2
:10C830007F611AD0782300220320159907F0C4F9EC
:10C8400098F8000020712088BDF82010084320804F
:10C850000EE000E007252088BDF8201088432080E6
:10C86000208810F47F6F1CD03AE02188814321801A
:10C870009DF8380020B10EA91598F9F7A1F90546E1
:10C880009DF81C000028EBD086F801A00120307034
:10C89000208B70809DF81C0030710520ADF83400AD
:10C8A000DEE7A18EE1B118980DAB0088ADF8340039
:10C8B0002398CDE90304CDE90139206B0090E36AA8
:10C8C000179A1598FFF700FA054601208DF83800F1
:10C8D0000EA91598F9F774F900B10546A4F834B01B
:10C8E00094F8460040070AD52046FFF7A4F910F057
:10C8F0003E0F04D114F8460F20F004002070189861
:10C90000BDF83410018028469BE500B585B00328AA
:10C9100006D102208DF8000088B26946F9F750F977
:10C9200005B000BD10B5384C0B782268012B02D041
:10C93000022B2AD111E013780BB1052B01D104236E
:10C94000137023688A889A802268CB88D3802268F3
:10C950000B891381498951810DE08B88938022686E
:10C96000CB88D38022680B8913814B8953818B89B3
:10C970009381096911612168F9F722F92268002180
:10C980000228117003D0002800D0812010BD832020
:10C9900010BD806B002800D00120704781780129EC
:10C9A00009D10088B0F5205F03D042F6010188422A
:10C9B00001D10020704707207047F0B587B00024F0
:10C9C00015460E460746ADF8184011E00598008858
:10C9D000288005980194811DCDE902410721049426
:10C9E0000091838842880188384600F002F930B906
:10C9F00005AA06A93046FEF7EFFF0028E6D00A2870
:10CA000000D1002007B0F0BD5C00002010B58B788D
:10CA100083B102789A4205D10B885BB102E08B7931
:10CA2000091D4BB18B789A42F9D1B0F801300C88CE
:10CA3000A342F4D1002010BD812010BD072826D0CC
:10CA400012B1012A27D103E0497801F0070102E081
:10CA50004978C1F3C20105291DD2DFE801F00318AE
:10CA6000080C12000AB10320704702207047042806
:10CA70000DD250B10DE0052809D2801E022808D33E
:10CA800003E0062803D0032803D0052070470020C8
:10CA900070470F20704781207047C0B282060BD4C8
:10CAA000000607D5FA48807A4143C01D01EBD0004B
:10CAB00080B27047084670470020704770B51388F1
:10CAC0000B800B781C0625D5F14CA47A844204D83F
:10CAD00043F010000870002070BD956800F0070654
:10CAE00005EBD0052D78F54065F304130B70137832
:10CAF000D17803F0030341EA032140F20123B1FBA3
:10CB0000F3F503FB15119268E41D00FB012000EB17
:10CB1000D40070BD906870BD37B51446BDF80410E0
:10CB20001180117841F0040111709DF804100A067B
:10CB30001ED5D74AA368C1F30011927A824208D861
:10CB4000FE2811D1D21DD2084942184600F01BFC24
:10CB50000AE003EBD00200F00703012510789D40A6
:10CB6000A843994008431070207820F010002070EE
:10CB70003EBD2DE9F0410746C81C0E4620F00300DB
:10CB8000B04202D08620BDE8F081C14D002034467D
:10CB90002E60AF802881AA72E8801AE0E988491CDB
:10CBA000E980810614D4E17800F0030041EA002016
:10CBB00040F20121B0FBF1F201FB12012068FFF706
:10CBC0006CFF2989084480B22881381A3044A0605B
:10CBD0000C3420784107E1D40020D4E7AC4801228E
:10CBE0000189C08800EB400002EB8000084480B25D
:10CBF00070472DE9FF4F89B01646DDE9168A0F46CA
:10CC0000994623F44045084600F054FB040002D046
:10CC10002078400703D401200DB0BDE8F08F0998BB
:10CC200003F016FA02902078000606D59848817A1B
:10CC30000298814201D88720EEE7224601A9029896
:10CC4000FFF73CFF834600208DF80C004046B8F10A
:10CC5000070F1AD001222146FFF7F0FE0028DBD192
:10CC60002078400611D502208DF80C00ADF8107028
:10CC7000BDF80400ADF81200ADF814601898ADF8D6
:10CC80001650CDF81CA0ADF818005FEA094004D595
:10CC900000252E46A84601270CE02178E07801F017
:10CCA000030140EA012040F20121B0FBF1F280468D
:10CCB00001FB12875FEA494009D5B84507D1A17841
:10CCC000207901F0030140EA0120B04201D3BE42C5
:10CCD00001D90720A0E7A8191FFA80F9B94501D9A1
:10CCE0000D2099E79DF80C0028B103A90998F8F7E1
:10CCF00065FF002890D1B84507D1A0784FEA1921E7
:10CD000061F30100A07084F804901A9800B10580C6
:10CD1000199850EA0A0027D0199830B10BEB060099
:10CD20002A46199900F005FB0EE00BEB0608574662
:10CD3000189E099803F0F5FA2B46F61DB5B2394650
:10CD40004246009502F0F1FE224601A90298FFF743
:10CD5000B5FE9DF80400224620F010008DF8040076
:10CD6000DDE90110FFF7D8FE002055E72DE9FF4F60
:10CD7000DFF81C91824685B0B9F80610D9F800009A
:10CD800001EB410100EB810440F20120B2FBF0F124
:10CD9000174600FB1175DDE9138B4E4629460698B0
:10CDA000FFF77BFE0346FFF719FF1844B1880C30EC
:10CDB000884202D9842009B02FE70698C6B230060F
:10CDC00003D5B00601D50620F5E7B9F80620521CB8
:10CDD00092B2A9F80620BBF1000F01D0ABF80020F9
:10CDE000B00602D5C4F808800AE0B9F808201A4451
:10CDF00092B2A9F80820D9F80000891A0844A06066
:10CE00002246FE200699FFF787FEE77025712078FD
:10CE1000390A61F301002A0AA17840F0040062F3A4
:10CE20000101A17020709AF802006071BAF8000048
:10CE3000E08000252573300602D599F80A7000E0DD
:10CE40000127B00601D54FF000084E4600244FF0F0
:10CE500007090FE0CDE902580195CDF8009004953F
:10CE6000F1882046129B089AFFF7C3FE0028A2D142
:10CE7000641CE4B2BC42EDD300209CE700B5FFF790
:10CE8000ADFE03490C308A88904203D9842000BD4E
:10CE900098050020CA88086802EB420300EB830073
:10CEA000521C037823F004030370CA80002101732D
:10CEB0000846ECE72DE9F047804600F0FBF9070053
:10CEC00005D000264446F74D40F2012916E0012026
:10CED000BDE8F087204600F0EDF90278C17802F055
:10CEE000030241EA0222B2FBF9F309FB13210068B5
:10CEF000FFF7D3FD3044641C86B2A4B2E988601EFB
:10CF00008142E7DCA8F10100E8802889801B2881A4
:10CF100000203870DCE710B5144631B1491E21807D
:10CF200003F096F8A070002010BD012010BD70B570
:10CF30000446DC48C188036801E0401C208020884A
:10CF4000884207D200EB400213EB820202D0157830
:10CF50006D07F2D580B2884216D2AAB15079A0727C
:10CF6000D08820819178107901F0030140EA0120F6
:10CF7000A081A078E11CFFF7A1FD20612088401C62
:10CF80002080E080002070BD0A2070BD0121018258
:10CF900070472DE9FF4F85B04FF6FF798246A3F821
:10CFA000009048681E460D4680788DF80600486857
:10CFB0000088ADF8040000208DF80A00088A0C886B
:10CFC000A04200D304462C8251E03878400708D4B0
:10CFD000641C288AA4B2401C288208F10100C0B257
:10CFE00046E0288A401C2882781D6968FFF70EFDFC
:10CFF000D8BB3188494501D1601E30803188A1EB12
:10D00000080030806888A04238D3B878397900F0B9
:10D01000030041EA002801A9781DFFF7F7FC20BBB7
:10D02000298949452ED0002239460798FFF706FD89
:10D03000D8B92989414518D1E9680391B5F80AC0E2
:10D04000D7F808B05046CDF800C003F06AF9DDF813
:10D0500000C05A460CF1070C1FFA8CFC434603999A
:10D06000CDF800C002F02BFD60B1641CA4B200201A
:10D070008046204600F01EF90700A6D1641E2C82CF
:10D080000A2098E674807879B071F888B080397891
:10D09000F87801F0030140EA01207081A6F80C80C5
:10D0A000504602F0D5FF3A4606F10801FFF706FDAB
:10D0B000306100207FE62DE9FF4F87B081461C4696
:10D0C0009246DDF860B0DDF85480089800F0F2F880
:10D0D000050002D02878400702D401200BB09CE55F
:10D0E000484602F0B5FF2978090605D56D49897AC9
:10D0F000814201D88720F1E7CAF309062A4601A92F
:10D10000FFF7DCFC0746149807281CD000222946AC
:10D11000FFF794FC0028E1D12878400613D50120C0
:10D120008DF808000898ADF80C00BDF80400ADF8C3
:10D130000E00ADF81060ADF8124002A94846F8F7AD
:10D140003DFD0028CAD12978E87801F0030140EAC2
:10D150000121AA78287902F0030240EA022056450C
:10D1600007D0B1F5007F04D9611E814201DD0B209B
:10D17000B4E7864201D90720B0E7801B85B2A542FB
:10D1800000D92546BBF1000F01D0ABF8005017982D
:10D1900018B1B9192A4600F0CCF8B8F1000F0DD03B
:10D1A0003E4448464446169F03F0CDF82146FF1DF5
:10D1B000BCB232462B46009402F0EBFC00208DE717
:10D1C0002DE9F04107461D461646084600F072F864
:10D1D000040002D02078400701D40120D3E438466F
:10D1E00002F036FF2178090605D52E49897A814259
:10D1F00001D88720C7E422463146FFF75FFC65B1BE
:10D200002178E07801F0030140EA0120B0F5007FC9
:10D2100001D8012000E0002028700020B3E42DE9AF
:10D22000F04107461D461646084600F043F8040044
:10D2300002D02078400701D40120A4E4384602F04F
:10D2400007FF2178090605D51649897A814201D858
:10D25000872098E422463146FFF75EFCFF2D14D06C
:10D260002178E07801F0030240EA022040F2012236
:10D27000B0FBF2F302FB130015B900F2012080B2FB
:10D28000E070000A60F30101217000207BE410B51A
:10D290000C4600F00FF810B10178490704D40120C2
:10D2A00010BD000098050020C18821804079A07041
:10D2B0000020F5E70749CA88824209D340B10968CE
:10D2C00000EB40006FF00B0202EB80000844704757
:10D2D000002070479805002070B504460D46214691
:10D2E0002B460AB9002070BD01E0491C5B1C501E92
:10D2F000021E03D008781E78B042F6D008781E7857
:10D30000801BF0E730B50C4601462346051B9542CD
:10D3100006D202E0521E9D5C8D54002AFAD107E02D
:10D3200004E01D780D70491C5B1C521E002AF8D1C8
:10D3300030BDF0B50E460146334680EA030404F0E2
:10D340000304B4B906E002B9F0BD13F8017B01F89B
:10D35000017B521E01F00307002FF4D10C461D463D
:10D3600002E080CD80C4121F042AFAD221462B4647
:10D3700000BF04E013F8014B01F8014B521E002AD4
:10D38000F8D100BFE0E7F0B50C460146E6B204E094
:10D3900002B9F0BD01F8016B521E01F00307002F26
:10D3A000F6D10B46E5B245EA052545EA054501E01B
:10D3B00020C3121F042AFBD2194602E001F8016BB8
:10D3C000521E002AFAD100BFE3E710B506F0F7FEBF
:10D3D000FAF792F906F09CFDBDE8104006F02EBE6B
:10D3E000202801D2012070470020704701224FF011
:10D3F000A043824011B1C3F80C257047C3F808253B
:10D4000070474FF0A04101228240C1F818257047B3
:10D4100070B50346002002466FF02F050EE09C5CBD
:10D42000A4F130060A2E02D34FF0FF3070BD00EB9E
:10D43000800005EB4000521C2044D2B28A42EED359
:10D4400070BD30B50A230BE0B0FBF3F403FB14040A
:10D45000B0FBF3F08D183034521E05F8014CD2B2F7
:10D46000002AF1D130BD30B500234FF6FF7510E032
:10D47000040A44EA002084B2C85C6040C0F303148C
:10D48000604005EA00344440E0B25B1C84EA40108E
:10D490009BB29342ECD330BDF94A137882F88B30BB
:10D4A000A2F88C0082F88A10012082F8880092F895
:10D4B000640008B192F8600082F88E00704710B5E1
:10D4C0000B46114658B11846FFF7E6FFED48806855
:10D4D000008802F026FFBDE8104002F0CDBBBDE899
:10D4E00010404FF6FF70D7E770B50026044646702F
:10D4F000E44D1120207029682022A01C6831FFF71C
:10D5000018FF0121A171286800F8666F8078002853
:10D5100011D1DB48B0F86A20A0F89220AA68537BAA
:10D5200080F8943080F89010108802F0FAFEBDE880
:10D53000704002F0B0BB70BD70B5D24D296891F853
:10D5400096200024012A11D091F89020012A1CD0A5
:10D5500091F86620012A22D091F88820012A21D052
:10D5600091F8A020012A2ED0002070BD447017220F
:10D57000027051F8972FC0F802204A68C0F80620C0
:10D580000A7A827201F8014C1BE044700522027095
:10D59000D1F89220C0F8022081F8904011E0FFF706
:10D5A000A3FF0EE091F86620012AF8D044701422FF
:10D5B000027051F88A2FC0F802208A88C28001F8D0
:10D5C000024C012070BD44701A2200F8022B222266
:10D5D000A131FFF7AEFE286880F8A040F1E7A94826
:10D5E000006890F8661011B1B0F86A0070474FF605
:10D5F000FF70704770B5A34C206800B9FFDF20684A
:10D60000417811B10C25284670BD0025C422294659
:10D61000FFF7B9FE2168FF2008707F2081F83700EE
:10D6200013204884282081F86500012081F85C00DF
:10D63000002081F85F0007F0AFF906F091FCE2E707
:10D6400070B5904C0546206800B9FFDF21680020C6
:10D6500048706560FFF7CEFF002800D0FFDF70BD87
:10D66000884909680978814201D10120704700206A
:10D670007047844800B5016891F82400498CC0F3D4
:10D680008002C0F340031A4400F001001044132943
:10D6900015D004DC102909D0122904D10FE0152976
:10D6A00008D01D2904D0FFDF002000BD764903E02B
:10D6B000764800BD7449083131F8100000BD724948
:10D6C0000839F9E76F4840F271210068806A4843E1
:10D6D00070476C48006890F83600002800D00120A0
:10D6E000704710B5664C207B00F074FD40B1207D82
:10D6F00004F115010BF034FB082801D0012010BD06
:10D70000207B30B1022804D00120BDE8104007F092
:10D71000A6BC0020F9E75A490873704759490968BF
:10D7200081F83000704770B50646554890F82D00D6
:10D730000BF0A4FA050018D010210BF076FD00289C
:10D7400013D1504C012032462168C87628461C313E
:10D7500007F092FCD4E900101C310BF0BFFF6068A9
:10D76000BDE8704001210BF0C8BF70BD2DE9F0414C
:10D77000434C074694F82D000BF0FDFA064694F84A
:10D780002F0004F10E0528B126B194F82D000BF0FE
:10D7900018FAA0B194F83000002824D094F82E0094
:10D7A000002820D0607B294600F025FDA8B10BF0B1
:10D7B0008AFB3A462946BDE8F04107F05DBC0120EE
:10D7C00060733A462946304607F056FC94F82D100F
:10D7D0002846BDE8F0410BF065BB39462846BDE858
:10D7E000F04107F07EBCBDE8F08170B5254C2168A2
:10D7F000087BB0B1022814D0012048730E3107F025
:10D8000018FC2068007B00F0E5FC216881F82F00FF
:10D81000082081F82D00487B0E3100F0E3FC40B970
:10D8200001E00020E9E72168487B0E3100F0E3FCCD
:10D8300000B10120216881F82E0091F82F0018B95D
:10D8400091F82200400706D5087D15310BF088FAC3
:10D85000216881F82D0020680025456004F0ADFDA9
:10D86000216888600020FFF781FF2068C57690F866
:10D87000220040070CD5BDE87040002053E70000AF
:10D88000A405002064000020A0B101008F891300CE
:10D8900070BDFB4A1268137B0370D2F80E0008605B
:10D8A000508A8880704778B5F6490446F44D407B2D
:10D8B00008732A68207810706088ADF8000080B284
:10D8C00000F00101C0F3400341EA4301C0F38003CB
:10D8D00041EA8301C0F3C00341EAC301C0F300136E
:10D8E00041EA0311C0F3401341EA4311C0F3801031
:10D8F00041EA80105084E07D012825D0022825D0FF
:10D90000FFDF286880F85E60217B80F82410418C5E
:10D910001D291DD061688162617D80F83610A17B70
:10D92000C1B1022916D00121017554F80F1FC0F8AA
:10D930001510A188A0F81910217B012900D0002121
:10D9400080F83410002078BD0126DAE70226D8E7F7
:10D950000021E0E70021E7E7C948006890F82200CD
:10D96000C0F38000704700B5FFF7F6FF08B1002054
:10D9700000BD1F2000BD00B5FFF7F5FF002800D057
:10D98000012000BDBE49002209680A664B8C1D2B90
:10D9900002D081F86400704781F864207047B84A6B
:10D9A0000023126882F85D3042F84C1F90800120FD
:10D9B00050747047B24A0023126882F85C30A2F8B3
:10D9C000580042F8541F012010727047AC49096892
:10D9D00081F835007047AA49096881F85F007047EF
:10D9E000A748006890F95F007047A548006890F864
:10D9F000220000F001007047A148006890F8220062
:10DA0000C0F340007047002070479D48006890F8C0
:10DA10002200C0F3C000704701207047012070470A
:10DA20000120704770B500F0FAFB954C2068016E3C
:10DA3000491C016690F83300002530B106F0ACFFB8
:10DA400006F08EFA206880F833502068457090F810
:10DA5000381009B102201AE090F86410B1B1006EDC
:10DA6000814213D8022007F095FF206890F8220029
:10DA7000C00704D0A06843220188012003E04322AC
:10DA80004FF6FF710020BDE8704018E50020BDE8AA
:10DA9000704007F07FBF10B501280DD002280DD0CF
:10DAA00004280FD0FFDF7648006890F85E10BDE8CC
:10DAB0001040252006F0FEBB252000E0262006F0C1
:10DAC000D3FCF0E72720FAE702460020D30701D075
:10DAD000CB0705D0930705D58B0703D402207047E9
:10DAE000012070475207FCD54907FAD4042070473B
:10DAF0002DE9F041624C86B0206800B9FFDF206854
:10DB00004178E9BB0178FF2942D0002580F83150E7
:10DB1000A0F85A50857080F83850284606F09EFECE
:10DB2000182259496846FFF704FC684606F08AFE49
:10DB300006F0CCFB206890F95F0006F085FC5248A7
:10DB40001D3806F087FC5048203806F06CFE6068EF
:10DB500006F087FE2068002190F82400FFF7B4FF4C
:10DB6000FFF799FF206880F82C5006F071FE2068BE
:10DB700090F85E10002006F030FD0F21052000E037
:10DB800006E006F038FC206890F82E1051B902E04B
:10DB90000C2006B027E690F82F1019B990F8220053
:10DBA00040072BD504F009FC804620684146806878
:10DBB00005F004F9354F064690FBF7F007FB1060BF
:10DBC0004142404604F0CDF82168886096FBF7F0AA
:10DBD0004A68104448600BF0BFF821684A689042D8
:10DBE0000CD8C1E901580120FFF7C0FD206890F86A
:10DBF0002200400702D50120FFF795FD2068417BF8
:10DC00000E3006F0EAFB206890F85C1039B1B0F8ED
:10DC10005810A0F84810416D416480F85C5090F8AD
:10DC20005D1041B1B0F85010A0F84010C16C40F840
:10DC30003C1F80F821500BF0FCF8032160680BF0CA
:10DC40002FF9216881F833000020A2E70C49886091
:10DC500070472DE9F0410A4C0746002620683146FE
:10DC6000C57E6068068000F0D1FA2068408C1328D9
:10DC700040D00DDC102861D012280DD15CE00000EE
:10DC800064000020A4050020B0B1010040420F0054
:10DC9000152838D01D2836D0FFDF00BF00F0CAFAA3
:10DCA0002068418C1D2907D0152905D0B0F84820DF
:10DCB000416C60680BF028FD206890F82C1090F8FB
:10DCC0002400FFF701FF05463FB1FFF7E4FE012204
:10DCD0004FF49671002006F01EFD206890F82C107D
:10DCE000294380F82C1090F824208A434FF001013A
:10DCF00029D02DE0002160680BF0C4FC0121606890
:10DD000000F084FACAE7012160680BF0BBFC012136
:10DD1000606800F07BFAD4E9001025B11C310BF0EB
:10DD2000DDFC012104E015310BF0D8FC2068017DF9
:10DD300060680BF0E2FCB1E7062100E002216068B8
:10DD40000BF0A0FCAAE7428C1D2A0BD080F8311002
:10DD50004170418C13290ED007DC10290AD01229FA
:10DD600007D108E080F82C60F2E7152903D01D29BF
:10DD700001D0FFDF37E590F85E20BDE8F0410121DA
:10DD8000084606F05ABEF84810B50068417841B917
:10DD90000078FF2805D00021084600F059FA00203D
:10DDA00010BD00F03CFA0C2010BD2DE9F041EE4D05
:10DDB0000446174628680E4690F8660000B1FFDF5B
:10DDC0002968002F81F868704ED12088A1F86A0078
:10DDD0006088A1F88000A088A1F88200E088A1F8FE
:10DDE000840094F88C0181F8860091F82F0020B10E
:10DDF000487B0E3100F0FFF940B9296891F83000F6
:10DE000060B1487B0E3100F0EDF938B12868D0F8E8
:10DE10000E104167418AA0F8781003E02868476730
:10DE2000A0F878706968FF2E0878C0F380106076DB
:10DE3000D1F80300C4F81A00B1F80710E18314D038
:10DE4000296801F16E02C1F87A00E08BA1F87E002A
:10DE500030466D310AF099FF00B9FFDF286810F8ED
:10DE60006D1F41F002010170BDE42868C0F87A70AE
:10DE7000A0F87E70617E80F86D10D4F81A1040F81A
:10DE80006E1FE18B8180AEE470B5FFF7BEFDB64C2E
:10DE9000012538B13C22FF21A068FFF786FF2068EA
:10DEA00080F86650206890F82200C00704D0A0686F
:10DEB0003C220188012003E03C224FF6FF71002044
:10DEC000FFF7FDFA206880F8385070BDA649096850
:10DED00081F83200704770B5002507F0BAFC50B1E8
:10DEE000A14C20684178012908D0022901D00329DA
:10DEF00036D0FFDF70BDBDE8704093E58178002922
:10DF0000F8D1418C102913D090F8330020B106F0DD
:10DF100019F8402006F02DFD206890F822104907DE
:10DF200010D490F83610012904D0032902D002E061
:10DF3000002119E0102590F85E2045F00E01002028
:10DF400006F07BFD206890F8340008B106F054FD1F
:10DF50000021962006F0B1FC21680220487070BDB7
:10DF600081780029FBD18178BDE87040012000F064
:10DF70006FB957E510B57C4C206890F8340008B1B3
:10DF800000F07AF9206890F8330018B106F004FD2B
:10DF900005F0E6FF07F05DFC88B1206840780228B4
:10DFA00000D0FFDF0021012000F052F92068417805
:10DFB000002903D04078012800D0FFDF10BDBDE864
:10DFC00010402FE510B50AF0CBFE04460AF07DFFA5
:10DFD00038B120460AF052FE18B110210BF025F995
:10DFE00008B1002010BD012010BD2DE9F047DFF879
:10DFF00078910E460746032809D0FFF7F6FC044641
:10E00000D9F8000090F8320020B1012003E0FFF7BA
:10E01000F3FC04460020804606F018FA0546032F5C
:10E020002BD0012734EA080453D0D9F800004C461D
:10E0300090F8330068B10AF0E2FE30700146FF2824
:10E0400007D06068C01C0AF0B7FE30780AF0E1FE25
:10E05000054360680178C1F3801221680B7D9A4204
:10E0600005D10622C01C1531FFF736F938B1002062
:10E070003178FF290BD0D8B903E00227D2E701207D
:10E08000F6E7206890F82D00884211D008E038B1FA
:10E09000616811F8030BC0F38010FFF793FF38B1EC
:10E0A0000020216891F82210490703D5A0B910E09B
:10E0B0000120F6E785B92D4890F8360008B1B8423E
:10E0C00007D1616811F8030BC0F38010FFF77AFFE6
:10E0D00010B10020BDE8F0870120FBE7F8B5224C25
:10E0E0000746002520684078022800D0FFDF20681E
:10E0F00090F8340008B100F0BFF860680BF0E4FA63
:10E1000006460FB306F073F9F0B1052E1DD1606815
:10E1100090F8240000F01F00102816D9206890F80D
:10E12000350090B1FF208DF80000012569460520DB
:10E13000FFF75BFF40B1206880F8A05061682222A1
:10E14000A130C91CFFF7F5F815E060680BF0FCFA88
:10E1500088B1062E0FD2DFE806F00E0E0E030E0B6E
:10E1600000F0CDF806E0000064000020A4050020C7
:10E1700000F091F800B90125206890F8330018B13B
:10E1800006F00AFC05F0ECFE1DB10021012000F0B4
:10E190005FF820684178002906D04178012903D032
:10E1A0004078032800D0FFDFF8BD70B59F4E0546CC
:10E1B0000C463068807800280BD106F02FF8034613
:10E1C0003068214690F85E202846BDE8704007F090
:10E1D000C1BD70BD022803D0032801D000207047C4
:10E1E00001207047012802D14879800901D0002020
:10E1F000704701207047012806D148790121B1EB11
:10E20000901F01D101207047002070470278202321
:10E2100022F0200203EA41110A430270704710B550
:10E2200006F09AFB06F079FB06F0C8FABDE810404C
:10E2300006F0FFBA10B57D4C7D4960680BF048FAD6
:10E240007B480E38417B6068BDE810400BF04CBA4B
:10E25000764A10B5126892F831303BB1508C1D28C7
:10E2600000D1FFDFBDE81040FFF7DCBB002902D181
:10E27000BDE81040EDE410BD10B56C4C206837309F
:10E2800006F0C5FB18B921687F2081F83700BDE88A
:10E29000104006F0A7BB38B5FF208DF8000001251F
:10E2A00069460520FFF7A1FE30B3604C20688078F6
:10E2B00008BB6268A0681278417BC2F3401211402B
:10E2C0004173012100F04AF800229DF80010A06877
:10E2D000FFF76BFD2068012100F8661F82788188B6
:10E2E0000120FFF7ECF8216800204870FFF797FF46
:10E2F000012007F04FFB00E00025284638BD38B567
:10E30000FF208DF80000012569460320FFF76DFE10
:10E31000464C002820681CD090F8341031B190F899
:10E32000960018B99DF8000000F04CF860680021D4
:10E33000018004210BF0A6F9FFF77CFF2068B0F8FC
:10E340004020C16B60680BF0EFF921680320487032
:10E3500002E0807800B90025284638BD70B5334DFD
:10E360000446686850F80F2FC4F80E208288628235
:10E3700082792275C27962750289E282428962805D
:10E380008289A280C289E2800269A260027D227332
:10E39000427D02F01F022276407D400984F88C0104
:10E3A00084F8641084F86510002104F130000BF04B
:10E3B0002AFB286890F8651004F8661F90F85F0043
:10E3C000607070BD70B5194C0122216881F89620EB
:10E3D0000A7881F89720FF280DD001F19902983131
:10E3E0000AF0D3FC00B9FFDF206810F8981F41F055
:10E3F000020101700CE060680278C2F3801281F8BB
:10E400009820D0F8032041F8992FB0F807008880B1
:10E41000256895F837009F357F2800D1FFDF2068F9
:10E4200010F8371F29707F21017070BD6400002033
:10E43000B20500202DE9FC470C460646694600F06F
:10E4400010FF002860D1FFF7CAF8B0425CD0214627
:10E45000304608F0DEFF28BB019D95F82C01703591
:10E4600018B9287F08B1012000E00020814695F806
:10E4700039004FF000084FF0010AA0B195F83A00BA
:10E48000800710D584F8018084F800A084F8028009
:10E49000A68095F83B10A171A98F2181E98F618138
:10E4A00085F839802DE0304601F04DFF070000D19E
:10E4B000FFDF384601F06DF940B184F801800D218D
:10E4C0002170A680E08084F802A01AE0304601F0B6
:10E4D00028FF070000D1FFDFB9F1000F14D0384644
:10E4E00001F0AFF980B1304606F01EFD84F80180DE
:10E4F0000A21217084F80280A680697FA17185F8C5
:10E500001C800120BDE8FC870020FBE71CB56946A4
:10E5100000F0A7FE00B1FFDF684600F0AFFEF9494A
:10E5200000208968A1F8F2001CBD2DE9FC410446D9
:10E530000E46062001F06EFD00250746A84606445B
:10E5400017E02088401C80B22080B04202D34046B1
:10E55000A4F8008080B2B84204D3B04202D20020B6
:10E56000BDE8FC81694600F07CFE0028F8D06D1CF7
:10E57000EDB2AE42E5D84FF6FF7020801220EFE7F3
:10E5800010B506F043FD0AF026FBDF484FF6FF7199
:10E5900000234182818203701B2141804FF4A472C9
:10E5A0008280C180028103228275C2758272042436
:10E5B000C4728181C1810282837610BD70B5D14C55
:10E5C0000D466060217006F0ADFC00F063FEFFF7C1
:10E5D000D7FF207809F09EFD284607F04DFACA487B
:10E5E0002838FFF72DF82178606808F0F6FFBDE8BD
:10E5F00070400AF0F0BA10B501240AB1002010BD35
:10E6000021B1012903D00024204610BD02210BF0C6
:10E61000CBF8F9E7887800B90320C97801B903215C
:10E62000107019700020704730B587B0044600881C
:10E63000694600F016FE002806D1A08830B10128F6
:10E6400004D0022802D0122007B030BD05AB04AAC6
:10E6500021466846FFF7DEFF0400F5D1019901204D
:10E6600081F8C501019991F81012002539B9019975
:10E6700091F8C41119B9019991F8971009B13A2488
:10E6800015E00199039581F8C40101989DF81020C7
:10E6900080F8C621019B9DF8140083F8C7018DF80E
:10E6A0000C208DF80D0003AA01200AF0F4FE019859
:10E6B00080F8C5512046C7E710B504460020A17870
:10E6C00001B90120E2780AB940F0020000F0F6FD3D
:10E6D000002803D12046BDE81040A5E710BD70B565
:10E6E0000D4604460189002380880AF0C9FE696A44
:10E6F00081421DD2401A401CA1884008091A8AB2E2
:10E70000A2802189081A2081668895F86410104635
:10E710000AF08DFE864200D230466080E68895F889
:10E72000651020890AF083FE864200D23046E080E0
:10E7300070BDF0B585B00D46064603A900F091FD09
:10E7400000282AD104990022FB20B1F84E30FB2B7F
:10E7500000D30346B1F85040FB20FB2C00D3044605
:10E76000DFF8A8C19CE8811000900197CDF808C09F
:10E77000ADF80230ADF806406846FFF7B0FF6E8096
:10E78000BDF80400E880BDF808006881BDF802000B
:10E79000A880BDF806002881002005B0F0BD2DE955
:10E7A000F04186B004460088694600F05AFD002812
:10E7B00059D12189E08800F09BFD002853D1A18820
:10E7C000608800F095FD00284DD12189E08800F097
:10E7D00085FD002847D1A188608800F07FFD0600F4
:10E7E00041D1208802A9FFF7A4FF00B1FFDFBDF8E7
:10E7F000101062880920914235D3BDF80C10E288D0
:10E80000914230D3BDF81210BDF80E202389114477
:10E81000A2881A44914226D3019D01274FF0000897
:10E8200085F8BB71019890F8FC0105F5DD7508B11C
:10E830003A2615E0E08868806088E880218940F603
:10E840004800814200D30146A980A188814200D2BC
:10E8500008462881002228460199FFF740FF2F70C3
:10E8600085F80180304606B0BDE8F08197E710B525
:10E870000446FEF761FE002813D0207814280FD13B
:10E88000A07868B1A088062101F018FC40B100888A
:10E8900006F04AFBA088062101F022FC00B1FFDF50
:10E8A000012010BD2DE9F041060000D1FFDF164820
:10E8B000022114308046FFF738FE00B1FFDF124C12
:10E8C0000620A78A01F0A6FB0546A08AA84203D12C
:10E8D0003046FFF7CCFF20B9A08A3146FFF7AAFDEA
:10E8E00030B1304600F012FD0028EED10120BBE728
:10E8F00002214046FFF719FE10B9A08AB842E4D1C0
:10E900000020B1E77000002090060020C8B101008F
:10E9100010B500F083FC08B10C2010BD0AF096F988
:10E92000002010BD10B50446007818B1012801D0B0
:10E93000122010BD00F07DFC20B10AF0FDF908B1F5
:10E940000C2010BD207800F053FCE21D04F11703E9
:10E95000611CBDE810400AF09BB910B5044600F0F8
:10E960005DFC08B10C2010BD207818B1012801D041
:10E97000122010BD00F03CFC611C0AF041F908B106
:10E98000002010BD072010BD10B50AF0D9F908B15C
:10E99000002010BD302010BD10B5044600F049FC29
:10E9A00008B10C2010BD20460AF0C2F9002010BDAD
:10E9B00010B500F03EFC20B10AF0BEF908B10C2001
:10E9C00010BD0AF0A7F9002010BDFF2181704FF69D
:10E9D000FF718180F84949680A7882718A880281CA
:10E9E0004988418101214170002070471CB50024F5
:10E9F00012F1080F15D00CDC12F1280F11D012F112
:10EA0000140F0ED012F1100F0BD012F10C0F0CD10D
:10EA100007E012F1040F04D01AB1032A01D0042A2E
:10EA200003D1012804D0032806D0122420461CBD9F
:10EA30001046FEF7D0FFF9E708461446694600F095
:10EA400010FC08B10224F1E7019880F86740002427
:10EA5000ECE710B5134601220AF003FC002010BDBC
:10EA600010B5044600F0E5FB08B10C2010BD2146AE
:10EA7000002006F0CCFA002010BD10B5044607F0C7
:10EA800095F920B1207807F003F8002010BD0C2084
:10EA900010BD10B5044600F0CCFB08B10C2010BD31
:10EAA0002146012006F0B3FA002010BD38B5044617
:10EAB0004FF6FF70ADF80000A079E179884216D0DA
:10EAC0002079FEF78DFC90B16079FEF789FC70B17A
:10EAD0000022A07911460BF0DBFB40B90022E0795F
:10EAE00011460BF0D5FB10B9207A072801D9122066
:10EAF00038BD07F067F948B900216846FFF715FDF2
:10EB000020B1204605F0ADFB002038BD0C2038BDFB
:10EB10002DE9FC41817804461A2925D00EDC1629FE
:10EB20002DD2DFE801F02C2C2C2C2C212C2C2C2C81
:10EB30002C2C2C2C2C2C2C2C2C2121212A291ED0A5
:10EB40000BDCA1F11E010C2919D2DFE801F0181825
:10EB50001818181818181818180D3A3904290ED250
:10EB6000DFE801F00D020D022088B0F5706F06D2CB
:10EB70000127694600F075FB18B10220F0E412206D
:10EB8000EEE4019D68462E4605F5C87506F291161D
:10EB900000F05AFB08B1287808B10C20E0E42F708F
:10EBA000A0783070684600F069FB0020D8E41CB5FE
:10EBB0000C46694600F055FB002118B12160217117
:10EBC00002201CBD0198024610F1700080F842102E
:10EBD00093682360137B237190F84230002BF5D1AA
:10EBE00000201CBD10B5044600F023FB20B10AF044
:10EBF000A3F808B10C2010BD207800F0F9FAE279F2
:10EC0000611C0AF06EF908B1002010BD022010BD91
:10EC100010B5886E60B1002241F8682F0120CA71DA
:10EC2000897988400BF028FB002800D01F2010BDF8
:10EC30000C2010BD1CB50C46694600F012FB0028E4
:10EC400005D10198B0F87000401C208000201CBD48
:10EC50001CB504460088694600F003FB08B1022099
:10EC60001CBD606828B1DDE90001224600F09CFB74
:10EC70001CBDDDE90001FFF7CBFF1CBD10B500781E
:10EC8000012800D00020FEF7A1FE002010BDF0B545
:10EC900044888188C288038945898089A71F40F6F6
:10ECA0007B46B74215D28F1FB74212D28C4210D882
:10ECB000B2F5FA7F0DD2A3F10A04361FB44208D28E
:10ECC000521C4A43B2EB830F03DA854201D800207D
:10ECD000F0BD3020F0BDF8B515460E46044607F0ED
:10ECE00071F808B10C20F8BD204600F09CFB00280C
:10ECF000F9D1A078C1064FF01100F4D5E17D0329C8
:10ED0000F1D0FEF76DFE3070A07555B9FF208DF87B
:10ED1000000069460020FEF74DFE69460020FEF720
:10ED20003EFE2046BDE8F840FEF7BDBD0022D2E71A
:10ED30000078C10801D01220704720498876002051
:10ED4000704710B504460078C00704D1608810B140
:10ED5000FEF711FE80B12078618800F00102607832
:10ED600000F0ACFB002806D1FEF7FDFD01466088EF
:10ED7000884203D9072010BD122010BD6168FEF73C
:10ED800019FE002010BD10B504460078C00704D15C
:10ED9000608810B1FEF730FE90B12078618800F0F5
:10EDA0000102607800F08AFB002804D16088616865
:10EDB000FEF7F5FD002010BD700000209006002039
:10EDC0001220F8E77CB5044640784225012808D88F
:10EDD000A078FEF745FC20B120781225012802D04A
:10EDE00090B128467CBDFEF710FE20B1A088002817
:10EDF000F7D08028F5D8FEF70FFE60B160780028C4
:10EE0000EFD02078012808D006F07EF9044606F0FD
:10EE100009FE00287FD00C207CBDFEF762FC10B9F3
:10EE2000FEF7F1FD90B306F0CDFF0028F3D1FEF719
:10EE3000D6FBA0F57F41FF39EDD1FEF7D6FCA688C1
:10EE400042F210704643A079FEF79CFDFEF7CDFD1F
:10EE5000F8B10022062101A801F002F9040058D0FF
:10EE6000F7480021846020460AF01EF92046FEF78C
:10EE7000EDFEF44D04F13000AA89E989C2830184D2
:10EE8000FEF7CCFD60B1288A01210DE0FFE71220DA
:10EE90007CBD3146002006F0FEFD88B3FFDF44E074
:10EEA000FEF7BEFD0146288A06F090FE0146A062EC
:10EEB0000022204606F02BF9FEF7B0FD38B9FEF728
:10EEC000AFFD0246214601200AF0E3FAD0B1DD4A47
:10EED0002146163201200AF0DEFAE87A0090AB7A79
:10EEE000EA89A989208801F0A5F900B1FFDF20880F
:10EEF00006F019F83146204606F0CDFD00B1FFDFDF
:10EF000013E008E00621BDF8040001F0E9F800B1C3
:10EF1000FFDF09207CBD44B1208806F005F8208879
:10EF2000062101F0DDF800B1FFDF00207CBD0021EB
:10EF300048E770B50D46062101F0C0F8040003D083
:10EF400094F8930110B10AE0022070BD94F87D009E
:10EF5000142801D0152802D194F8E00108B10C2042
:10EF600070BD1022294604F5CA70FEF7E2F90120AF
:10EF700084F89301002070BD10B5062101F09EF8C1
:10EF800018B190F8931111B107E0022013E790F83F
:10EF90007D10142903D0152901D00C200BE7022184
:10EFA00080F89311002006E72DE9FC410D464BF651
:10EFB00080321221954213D895B1694600F051F97B
:10EFC00000280CD1019EB41C703627882A46394689
:10EFD00030460AF02AF82088B842F6D10020CDE564
:10EFE0000846CBE51CB504460088694600F039F9AF
:10EFF000002808D10199A378084691F82C20703197
:10F000009A4201D10C201CBD7F220A728A72002212
:10F01000CA72E17880F82D10217980F82E10A1783D
:10F0200080F82C1010461CBD1CB50C46694600F03B
:10F0300018F9002806D1019890F88C0000B1012041
:10F04000207000201CBD7CB50D461446694600F0BA
:10F0500008F9002805D1019890F82C00012801D06A
:10F060000C207CBD019890F87810297090F87900F8
:10F07000207000207CBD70B50D461646062101F0BB
:10F080001DF818B381880124C388428804EB410429
:10F09000AC4217D842F210746343A4106243B3FB2E
:10F0A000F2F2521E94B24FF4FA72944200D914460E
:10F0B000A54200D22C46491C641CB4FBF1F24A4321
:10F0C000521E91B290F8CC211AB901E0022070BD15
:10F0D00001843180002070BD10B50C46062100F07F
:10F0E000EDFF48B180F8FF4024B190F8FD1009B160
:10F0F00006F083FD00205EE602205CE6017899B10F
:10F10000417889B141881B290ED381881B290BD3F3
:10F11000C188022908D34B490268283941F8322FA7
:10F1200040684860002070471220704710B506F014
:10F130001EFD00203FE610B506F01CFD00203AE65B
:10F1400070B514460A46064600250121104606F011
:10F150003DFD002800D8284605460121304600F034
:10F160004EF806460121002000F049F8311801222E
:10F1700096318D4206D901F19600691AB1FBF0F083
:10F18000401C82B22280002070BD10B5044600F001
:10F1900050F808B10C200EE6601C09F08FFE2078B4
:10F1A00000F00100FEF7BAFA002004E610B50446AC
:10F1B000062000F021FF08B10C20FCE52078C007F4
:10F1C00010D00022607811460BF062F808B11220CE
:10F1D000F1E5A06808F073FD6078616808F078FDDB
:10F1E0000020E8E5002008F06AFD00210846F5E768
:10F1F00018B1022801D0012070470020704710B5D7
:10F20000012904D0022905D0FFDF2046D3E5C00044
:10F21000503001E080002C3084B2F6E710B506F0E3
:10F22000D1FD20B1FEF755FA08B10120C3E5002059
:10F23000C1E510B506F0C6FD002800D00120BAE5F2
:10F240007000002090060020416891F82C0191F890
:10F250008C1021B918B1042801D00120704700207A
:10F26000704710B50C46062100F028FF606018B109
:10F270000120207000209EE502209CE5416891F865
:10F28000FD20002A05D0002281F8FD20406806F00C
:10F29000B4BC704708B54FF6FF70ADF8000006E04B
:10F2A0000621BDF8000000F01BFF00B1FFDF0021C8
:10F2B0006846FFF73AF90028F2D008BD70B5144649
:10F2C0000546012200F00EF9002806D12146284605
:10F2D000BDE87040002200F005B970BDFB2803D8DE
:10F2E00040F64800814201D9112070470020704744
:10F2F0001B38E12806D2B1F5A47F03D344F2902055
:10F30000814201D912207047002070471FB58E49F5
:10F31000897ECA0702D10278192A0AD08A0702D444
:10F320000278182A24D0490739D40178122933D019
:10F3300035E04088ADF8000002A9FFF792FF00B168
:10F34000FFDF039810F8601F8DF8021040788DF8E9
:10F3500003000020ADF8040001B9FFDF9DF80300B1
:10F3600000B9FFDF6846FFF7A7F9D8B1FFDF19E062
:10F370004088ADF8000040F64800FB21ADF80400DD
:10F38000ADF80800ADF80210ADF806106846FFF7BA
:10F390006DFA38B1FFDF05E0007BC00702D0002026
:10F3A00004B008E50120FBE7F8B50646508914468D
:10F3B0000F4640B1B0F5004F05D20022A0781146AB
:10F3C0000AF066FF08B11220F8BDB86E394607F1A1
:10F3D000700530B1A07891F86E20904201D00C20D9
:10F3E000F8BD012081F86F00A07881F86E00606898
:10F3F00041F8680F608988802089A884002087F8F8
:10F400006F0020886946FFF715FCA88CBDF8001036
:10F41000081A00B2002804DD39463046FFF7F8FB31
:10F42000DDE70020F8BD38B504460078EF2841D864
:10F430006088ADF80000009800F061F888B361883A
:10F44000080708D4D4E90120824233D8202A31D3D6
:10F45000B0F5804F2ED8207B18B307282AD8607BC0
:10F4600028B1012803D0022801D0032822D14A075D
:10F4700003D4022801D0032805D1A07B08B10128BC
:10F4800018D1480707D4607D28B1012803D002288D
:10F4900001D003280ED1C806E07D03D5012809D18B
:10F4A00004E007E0012801D0032803D1E07E18B171
:10F4B000012801D0122038BD002038BD70B50C469F
:10F4C0000546FF2904D8FEF7A9FA18B11F2C01D967
:10F4D000122070BD2846FEF7C3F808B1002070BDA9
:10F4E000422070BD0AB1012200E00222024202D194
:10F4F000880802D109B1002070471120704780B2FE
:10F50000C1060BD401071CD481064FEAC07101D596
:10F51000B9B900E099B1800713D410E0410610D4C6
:10F5200081060ED4C1074FEA807104D0002902DBA6
:10F53000400704D405E0010703D4400701D40120AB
:10F5400070470020704700009006002030B5058805
:10F5500025F4004421448CB24FF4004194420AD275
:10F56000121B92B21B339A4201D2A94307E005F461
:10F570000041214303E0A21A92B2A9431143018042
:10F5800030BD0844083050434A31084480B27047C7
:10F5900070B51D4616460B46044629463046049A69
:10F5A000FFF7EFFF0646B34200D2FFDF282200211B
:10F5B0002046FDF7E8FE4FF6FF70A082283EB0B26D
:10F5C00065776080B0F5004F00D9FFDF618805F1F5
:10F5D0003C00814200D2FFDF60880835401B343890
:10F5E00080B220801B2800D21B2020800020A07722
:10F5F00070BD8161886170472DE9F05F0D46C1885B
:10F60000044600F12809008921F4004620F400484E
:10F6100000F063FB10B10020BDE8F09F4FF0000A3E
:10F620004FF0010BB0450CD9617FA8EB0600401AE2
:10F630000838854219DC09EB06000021058041806D
:10F640001AE06088617F801B471A083F0DD41B2F8A
:10F6500000DAFFDFBD4201DC294600E0B9B2681ADA
:10F660000204120C04D0424502DD84F817A0D2E750
:10F6700009EB06000180428084F817B0CCE770B532
:10F68000044600F12802C088E37D20F400402BB13D
:10F6900010440288438813448B4201D2002070BD7D
:10F6A00000258A4202D30180458008E0891A0904B6
:10F6B000090C418003D0A01D00F01FFB08E0637F10
:10F6C00000880833184481B26288A01DFFF73EFF0E
:10F6D000E575012070BD70B5034600F12804C588AA
:10F6E000808820F400462644A84202D100201882D7
:10F6F00070BD98893588A84206D3401B75882D1A9D
:10F700002044ADB2C01E05E02C1AA5B25C7F204497
:10F710003044401D0C88AC4200D90D809C8924B136
:10F72000002414700988198270BD0124F9E770B5AE
:10F73000044600F12801808820F400404518208A02
:10F74000002825D0A189084480B2A08129886A8830
:10F750001144814200D2FFDF2888698800260844CE
:10F76000A189884212D1A069807F2871698819B166
:10F77000201D00F0C2FA08E0637F2888083318448F
:10F7800081B26288201DFFF7E1FEA681268201205A
:10F7900070BD2DE9F041418987880026044600F1BB
:10F7A0002805B94219D004F10A0800BF21F400402D
:10F7B0002844418819B1404600F09FFA08E0637F71
:10F7C00000880833184481B262884046FFF7BEFEC5
:10F7D000761C6189B6B2B942E8D13046BDE8F08105
:10F7E0002DE9F04104460B4627892830A68827F4E6
:10F7F0000041B4F80A8001440D46B74201D100200F
:10F80000ECE70AB1481D106023B1627F691D1846FC
:10F81000FDF78FFD2E88698804F1080021B18A194F
:10F8200096B200F06AFA06E0637F6288083399199D
:10F8300089B2FFF78BFE474501D1208960813046B0
:10F84000CCE78188C088814201D101207047002027
:10F85000704701898088814201D1012070470020D2
:10F86000704770B58588C38800F1280425F40042EC
:10F8700023F4004114449D421AD08389058A5E19FD
:10F8800025886388EC18A64214D313B18B4211D398
:10F890000EE0437F08325C192244408892B2801AFD
:10F8A00080B22333984201D211B103E08A4201D1E0
:10F8B000002070BD012070BD2DE9F0478846C18849
:10F8C0000446008921F4004604F1280720F400458D
:10F8D00007EB060900F001FA002178BBB54204D914
:10F8E000627FA81B801A002503E06088627F801B6E
:10F8F000801A083823D4E28962B1B9F80020B9F837
:10F9000002303BB1E81A2177404518DBE0893844E2
:10F91000801A09E0801A217740450ADB607FE1897F
:10F920000830304439440844C01EA4F81280BDE8B1
:10F93000F087454503DB01202077E7E7FFE7618299
:10F940000020F4E72DE9F74F044600F12805C088B0
:10F95000884620F4004A608A05EB0A0608B1404553
:10F9600002D20020BDE8FE8FE08978B13788B6F872
:10F97000029007EB0901884200D0FFDF207F4FF0A3
:10F98000000B50EA090106D088B33BE00027A07FB6
:10F99000B9463071F2E7E18959B1607F29440830F6
:10F9A00050440844B4F81F1020F8031D94F82110A7
:10F9B0008170E28907EB080002EB0801E1813080E9
:10F9C000A6F802B002985F4650B1637F30880833D2
:10F9D000184481B26288A01DFFF7B8FDE78121E0DD
:10F9E000607FE18908305044294408442DE0FFE756
:10F9F000E089B4F81F102844C01B20F8031D94F8B8
:10FA00002110817009EB0800E28981B202EB080045
:10FA1000E081378071800298A0B1A01D00F06DF9DF
:10FA2000A4F80EB0A07F401CA077A07D08B1E088AC
:10FA3000A08284F816B000BFA4F812B084F817B002
:10FA400001208FE7E0892844C01B30F8031DA4F88B
:10FA50001F10807884F82100EEE710B5818800F14E
:10FA6000280321F400442344848AC288A14212D08E
:10FA7000914210D0818971B9826972B11046FFF745
:10FA8000E8FE50B91089283220F40040104419795A
:10FA90000079884201D1002010BD184610BD00F148
:10FAA0002803407F08300844C01E1060088808B949
:10FAB000DB1E136008884988084480B270472DE92E
:10FAC000F04100F12806407F1C460830904643185C
:10FAD00008884D88069ADB1EA0B1C01C80B29042F7
:10FAE00014D9801AA04200DB204687B298183A4603
:10FAF0004146FDF7F1FB002816D1E01B84B2B84463
:10FB0000002005E0ED1CADB2F61EE8E7101A80B249
:10FB10000119A94206D8304422464146BDE8F041C9
:10FB2000FDF7DABB4FF0FF3058E62DE9F04100F168
:10FB30002804407F1E460830904643180025088858
:10FB40004F88069ADB1E90B1C01C80B2904212D939
:10FB5000801AB04200DB304685B299182A464046EA
:10FB6000FDF7E7FB701B86B2A844002005E0FF1CF0
:10FB7000BFB2E41EEAE7101A80B28119B94206D872
:10FB8000211832464046FDF7D4FBA81985B2284615
:10FB900024E62DE9F04100F12804407F1E4608309C
:10FBA00090464318002508884F88069ADB1E90B1BE
:10FBB000C01C80B2904212D9801AB04200DB30469D
:10FBC00085B298182A464146FDF7B3FB701B86B2F2
:10FBD000A844002005E0FF1CBFB2E41EEAE7101AAB
:10FBE00080B28119B94206D8204432464146FDF719
:10FBF000A0FBA81985B22846F0E5401D704710B556
:10FC0000044600F12801C288808820F4004319448A
:10FC1000904206D0A28922B9228A12B9A28A9042C1
:10FC200001D1002010BD0888498831B1201D00F0A5
:10FC300064F800202082012010BD637F62880833B1
:10FC4000184481B2201DFFF781FCF2E70021C18139
:10FC500001774182C1758175704703881380C2891D
:10FC600042B1C28822F4004300F128021A440A601B
:10FC7000C08970470020704710B50446808AA0F5FF
:10FC80007F41FF3900D0FFDFE088A082E08900B12A
:10FC90000120A07510BD4FF6FF7181820021817592
:10FCA000704710B50446808AA0F57F41FF3900D126
:10FCB000FFDFA07D28B9A088A18A884201D1002059
:10FCC00010BD012010BD8188828A914201D1807DC2
:10FCD00008B1002070470120704720F4004221F451
:10FCE00000439A4207D100F4004001F400418842E9
:10FCF00001D0012070470020704730B504460088CD
:10FD00000D4620F40040A84200D2FFDF21884FF4C6
:10FD1000004088432843208030BD70B50C00054664
:10FD200009D0082C00D2FFDF1DB1A1B2286800F075
:10FD300044F8201D70BD0DB100202860002070BD6A
:10FD40000021026803E093881268194489B2002AEE
:10FD5000F9D100F032B870B500260D4604460829E6
:10FD600000D2FFDF206808B91EE0044620688188C1
:10FD7000A94202D001680029F7D181880646A9422C
:10FD800001D100680DE005F1080293B2002299420A
:10FD900009D32844491B02608180216809682160D9
:10FDA0000160206000E00026304670BD00230B603B
:10FDB0008A8002680A600160704700234360021D68
:10FDC000018102607047F0B50F46018840881546F2
:10FDD0000C181E46AC4200D3641B3044A84200D924
:10FDE000FFDFA019A84200D9FFDF3819F0BD2DE9C7
:10FDF000F041884606460188408815460C181F4683
:10FE0000AC4200D3641B3844A84200D9FFDFE0199C
:10FE1000A84200D9FFDF70883844708008EB0400E6
:10FE2000BDE8F0812DE9F041054600881E461746E1
:10FE3000841B8846BC4200D33C442C8068883044F4
:10FE4000B84200D9FFDFA019B84200D9FFDF6888A7
:10FE50003044688008EB0400E2E72DE9F0410688B1
:10FE60001D460446701980B2174688462080B84265
:10FE700001D3C01B20806088A84200D2FFDF701928
:10FE8000B84200D9FFDF6088401B608008EB0600A5
:10FE9000C6E730B50D460188CC18944200D3A41AA9
:10FEA0004088984200D8FFDF281930BD2DE9F04185
:10FEB000BF4D04469046A8780E46A04200D8FFDF0A
:10FEC00005EB8607786A50F8240000B1FFDFB868B8
:10FED000002816D0304600F032F90146B868FFF726
:10FEE0003AFF05000CD0786A072E40F8245000D362
:10FEF000FFDFB0484246294650F826302046984752
:10FF00002846BDE8F0812DE9F84305000C46009530
:10FF100024D00026E81C20F00300A84200D0FFDF18
:10FF2000DFF88C820027314688F8007088F801409D
:10FF300088F8024088F8034088F8044088F80540B3
:10FF400088F80640684600F003F900204246009910
:10FF5000C91C21F00301009116B10FE00126D9E779
:10FF600002EB80035962002106E000BFD3F824C0F1
:10FF70004CF82170491CC9B2A142F7D30099401C2A
:10FF800001EB8401C0B200910728E0D3481BBDE813
:10FF9000F88310B50446F1F774F908B1102010BDCC
:10FFA0002078834A618802EB800092780EE0436AF1
:10FFB00053F8213043B14A1C6280A180406A50F856
:10FFC0002100A060002010BD491C89B28A42EED8F1
:10FFD0006180052010BD70B505460C460846F1F756
:10FFE00050F908B1102070BD072D01D3072070BD56
:10FFF00025700020608070BD0EB56946FFF7EBFFED
:020000040001F9
:1000000000B1FFDF6846FFF7C4FF08B100200EBD56
:1000100001200EBD10B50446072800D3FFDF644859
:10002000005D10BD3EB5054600246946FFF7D3FFCD
:1000300018B1FFDF01E0641CE4B26846FFF7A9FFD6
:100040000028F8D02846FFF7E5FF001BC0B23EBDF0
:1000500057498978814201D9C0B27047FF20704763
:100060002DE9F04106291BD1514C00273B464FF6A4
:10007000FF7604EB810514F801C00AE0DC19D5F81D
:1000800024E0A4B25EF824E0BEF1000F04D05B1CB3
:100090009BB29C45F2D8344604802046B44201D13C
:1000A00000202EE7BDE8F04100E7A0F57F43FF3BCD
:1000B00001D0072901D300207047F7E6A0F57F4261
:1000C000FF3A0BD0072909D2394A9378834205D9E0
:1000D00002EB8101496A51F8200070470020704707
:1000E0002DE9F04104460D46A4F57F4143F202009C
:1000F000FF3902D0072D01D3072002E72C494FF02A
:1001000000088A78A242F8D901EB8506726A52F893
:100110002470002FF1D0274839461C3050F8252094
:1001200020469047716A284641F8248000F007F87D
:1001300002463946B068FFF739FE0020E1E61D4966
:10014000383131F810004FF6FC71C01C0840704780
:100150002DE9F843164E8846054600242868C01C41
:1001600020F0030028602046FFF7E9FF315D484397
:10017000B8F1000F01D0002200E02A680146009289
:1001800032B100274FEA0D00FFF7C7FD1FB106E0AF
:1001900001270020F8E706EB8401009A8A602968AD
:1001A000641C0844E4B22860072CD7D3EFE60000B3
:1001B000AC060020D4B1010070B50E461D461146B4
:1001C00000F0D5F804462946304600F0D9F820441E
:1001D000001D70BD2DE9F04190460D4604004FF022
:1001E000000610D00027E01C20F00300A04200D041
:1001F000FFDFE5B141460020FFF78FFD0C3000EB3B
:10020000850617B113E00127EDE7624F04F10C00FA
:10021000AA003C602572606000EB85002060002130
:100220006068FDF7B0F841463868FFF776FD304664
:10023000BDE8F0812DE9FF4F564C804681B0206823
:100240009A46934600B9FFDF2068027A424503D9F7
:10025000416851F8280020B143F2020005B0BDE822
:10026000F08F5146029800F082F886B258460E99F7
:1002700000F086F885B27019001D87B22068A1468B
:1002800039460068FFF767FD04001FD067802580AE
:100290002946201D0E9D07465A4601230095FFF76B
:1002A00077F92088314638440123029ACDF800A01E
:1002B000FFF76EF92088C1193846FFF79AF9D9F887
:1002C00000004168002041F82840C7E70420C5E746
:1002D00070B5304C0546206800B9FFDF2068017A10
:1002E000A9420ED9426852F8251051B1002342F8B4
:1002F00025304A880068FFF759FD216800200A7AF6
:1003000008E043F2020070BD4B6853F8203033B967
:10031000401CC0B28242F7D80868FFF711FD0020E8
:1003200070BD70B51B4E05460024306800B9FFDF74
:100330003068017AA94204D9406850F8250000B11C
:10034000041D204670BD70B5124E0546002430686D
:1003500000B9FFDF3068017AA94206D9406850F839
:10036000251011B131F8040B4418204670BD10B5AA
:100370000A460121FFF705F9C01C20F0030010BD5B
:1003800010B50A460121FFF7FCF8C01C20F003005D
:1003900010BD00007C00002070B50446C2F11005BD
:1003A0002819FCF7C6FF15F0FF0109D0491ECAB293
:1003B0008020A0542046BDE870400021FCF7E3BF38
:1003C00070BD30B505E05B1EDBB2CC5CD55C6C402B
:1003D000C454002BF7D130BD10B5002409E00B78D0
:1003E000521E44EA430300F8013B11F8013BD2B22C
:1003F000DC09002AF3D110BD2DE9F04389B01E4677
:10040000DDE9107990460D00044622D002460846E8
:10041000F949FEF71EFB102221463846FFF7DCFFA4
:10042000E07B000606D5F44A394610231032084610
:10043000FFF7C7FF102239464846FFF7CDFFF87B8C
:10044000000606D5EC4A4946102310320846FFF74D
:10045000B8FF102200212046FCF795FF0DE0103E6A
:10046000B6B208EB0601102322466846FFF7A9FF43
:10047000224628466946FEF7ECFA102EEFD818D02F
:10048000F2B241466846FFF787FF10234A466946A5
:1004900004A8FFF796FF1023224604A96846FFF739
:1004A00090FF224628466946FEF7D3FA09B0BDE818
:1004B000F08310233A464146EAE770B59CB01E46E9
:1004C0000546134620980C468DF808002022194650
:1004D0000DF10900FCF72DFF202221460DF1290026
:1004E000FCF727FF17A913A8CDE90001412302AAB1
:1004F00031462846FFF780FF1CB070BD2DE9FF4F45
:100500009FB014AEDDE92D5410AFBB49CDE90076A4
:10051000202320311AA8FFF76FFF4FF000088DF855
:1005200008804FF001098DF8099054F8010FCDF8BB
:100530000A00A088ADF80E0014F8010C1022C0F3D8
:1005400040008DF8100055F8010FCDF81100A88873
:10055000ADF8150015F8010C2C99C0F340008DF88A
:10056000170006A88246FCF7E4FE0AA8834610227C
:100570002299FCF7DEFEA0483523083802AA40681D
:100580008DF83C80CDE900760E901AA91F98FFF7F0
:1005900033FF8DF808808DF809902068CDF80A00A7
:1005A000A088ADF80E0014F8010C1022C0F3400032
:1005B0008DF810002868CDF81100A888ADF8150056
:1005C00015F8010C2C99C0F340008DF81700504627
:1005D000FCF7AFFE584610222299FCF7AAFE864887
:1005E0003523083802AA40688DF83C90CDE90076A2
:1005F0000E901AA92098FFF7FFFE23B0BDE8F08FF8
:10060000F0B59BB00C460546DDE922101E461746A4
:10061000DDE92032D0F801C0CDF808C0B0F805C03F
:10062000ADF80CC00078C0F340008DF80E00D1F892
:100630000100CDF80F00B1F80500ADF813000878FF
:100640001946C0F340008DF815001088ADF816006B
:1006500090788DF818000DF119001022FCF769FE52
:100660000DF1290010223146FCF763FE0DF139002F
:1006700010223946FCF75DFE17A913A8CDE9000149
:10068000412302AA21462846FFF7B6FE1BB0F0BD63
:10069000F0B5A3B017460D4604461E46102202A828
:1006A0002899FCF746FE06A820223946FCF741FEB1
:1006B0000EA820222946FCF73CFE1EA91AA8CDE967
:1006C0000001502302AA314616A8FFF795FE16989E
:1006D000206023B0F0BDF0B589B00446DDE90E0717
:1006E0000D463978109EC1F340018DF80010317825
:1006F0009446C1F340018DF801101968CDF802103D
:100700009988ADF8061099798DF808100168CDF830
:1007100009108188ADF80D1080798DF80F00102335
:100720006A46614604A8FFF74CFE2246284604A903
:10073000FEF78FF9D6F801000090B6F80500ADF885
:100740000400D7F80100CDF80600B7F80500ADF8B1
:100750000A000020039010236A46214604A8FFF7F0
:1007600030FE2246284604A9FEF773F909B0F0BD11
:100770001FB51C6800945B6801931368029352686C
:100780000392024608466946FEF763F91FBD10B59D
:1007900088B00446106804905068059000200690C8
:1007A000079008466A4604A9FEF753F9BDF8000011
:1007B000208008B010BD1FB51288ADF800201A883F
:1007C000ADF80220002201920292039202460846EE
:1007D0006946FEF73EF91FBD7FB5074B1446054637
:1007E000083B9A1C6846FFF7E6FF22466946284602
:1007F000FFF7CDFF7FBD000022B2010070B50446B7
:1008000000780E46012813D0052802D0092813D1FC
:100810000EE0A06861690578042003F07FFA052DD9
:100820000AD0782300220420616903F0CDF903E0A7
:100830000420616903F072FA31462046BDE8704039
:1008400001F08AB810B500F12D03C2799C78411DE2
:10085000144064F30102C271D2070DD04A795C7969
:1008600022404A710A791B791A400A718278C97844
:100870008A4200D9817010BD00224A71F5E74178A3
:10088000012900D00C21017070472DE9F04F93B081
:100890004FF0000B0C690D468DF820B00978012649
:1008A0000C2017464FF00D084FF0110A4FF00809C1
:1008B0001B2975D2DFE811F01B00C40207031F03D8
:1008C0005E037103A303B803F9031A0462049504D9
:1008D000A204EF042D05370555056005F30536061E
:1008E000390668068406FE062207EB06F00614B1F8
:1008F00020781D282AD0D5F808805FEA08004FD05C
:1009000001208DF82000686A02220D908DF82420C5
:100910000A208DF82500A8690A90A8880028EED042
:1009200098F8001091B10F2910D27DD2DFE801F0C4
:100930007C1349DEFCFBFAF9F8F738089CF6F50061
:1009400002282DD124B120780C2801D00026F0E314
:100950008DF82020CBE10420696A03F0DFF9A88834
:100960000728EED1204600F0F2FF022809D02046E9
:1009700000F0EDFF032807D9204600F0E8FF072824
:1009800002D20120207004E0002CB8D02078012889
:10099000D7D198F80400C11F0A2902D30A2061E0C8
:1009A000C4E1A070D8F80010E162B8F80410218604
:1009B00098F8060084F83200012028700320207087
:1009C00044E00728BDD1002C99D020780D28B8D15B
:1009D00098F8031094F82F20C1F3C000C2F3C002AE
:1009E000104201D0062000E00720890707D198F8BF
:1009F00005100142D2D198F806100142CED194F8E8
:100A0000312098F8051020EA02021142C6D194F86C
:100A1000322098F8061090430142BFD198F80400A4
:100A2000C11F0A29BAD200E008E2617D81427CD868
:100A3000D8F800106160B8F80410218198F8060019
:100A4000A072012028700E20207003208DF8200055
:100A5000686A0D9004F12D000990601D0A900F3016
:100A60000B9022E12875FCE3412891D1204600F04B
:100A70006EFF042802D1E078C00704D1204600F0C0
:100A800066FF0F2884D1A88CD5F80C8080B24FF077
:100A9000400BE669FFF745FC324641465B464E4651
:100AA000CDF80090FFF741F80B208DF82000686A20
:100AB0000D90E0690990002108A8FFF79FFE2078BB
:100AC000042806D0A07D58B1012809D003280AD0F7
:100AD0004AE305202070032028708DF82060CEE1C5
:100AE00084F800A032E712202070EAE11128BCD17E
:100AF000204600F02CFF042802D1E078C00719D06E
:100B0000204600F024FF062805D1E078C00711D167
:100B1000A07D02280ED0204608E0CCE084E072E1FF
:100B200051E124E103E1E9E019E0B0E100F00FFF59
:100B300011289AD1102208F1010104F13C00FCF7C0
:100B4000F8FB607801286ED012202070E078C00792
:100B500060D0A07D0028C8D00128C6D05AE0112856
:100B600090D1204600F0F3FE082804D0204600F083
:100B7000EEFE132886D104F16C00102208F1010169
:100B80000646FCF7D6FB207808280DD014202070EC
:100B9000E178C8070DD0A07D02280AD06278022A29
:100BA00004D00328A1D035E00920F0E708B10128DE
:100BB00037D1C80713D0A07D02281DD00020009097
:100BC000D4E9062133460EA8FFF777FC10220EA9C0
:100BD00004F13C00FCF780FBC8B1042042E7D4E9F3
:100BE0000912201D8DE8070004F12C0332460EA8DF
:100BF000616BFFF770FDE9E7606BC1F34401491ECB
:100C00000068C84000F0010040F08000D7E720787D
:100C1000092806D185F800908DF8209036E32870D9
:100C2000EFE30920FBE79EE1112899D1204600F06F
:100C30008EFE0A2802D1E078C00704D1204600F0D9
:100C400086FE15288CD104F13C00102208F1010128
:100C50000646FCF76EFB20780A2816D01620207076
:100C6000D4E90932606B611D8DE80F0004F15C036B
:100C700004F16C0247310EA8FFF7C2FC10220EA946
:100C80003046FCF729FB18B1F9E20B20207073E223
:100C90002046FFF7D7FDA078216AC0F110020B189B
:100CA00000211846FCF76FFB26E3394608A8FFF73A
:100CB000A5FD06463CE20228B7D1204600F047FEDB
:100CC000042804D3204600F042FE082809D3204619
:100CD00000F03DFE0E2829D3204600F038FE1228F1
:100CE00024D2A07D0228A0D10E208DF82000686AB1
:100CF0000D9098F801008DF82400F5E3022894D1B6
:100D0000204600F024FE002810D0204600F01FFEF0
:100D10000128F9D0204600F01AFE0C28F4D0042057
:100D20008DF8240098F801008DF8250060E2112864
:100D3000FCD1002CFAD020781728F7D16178606AAE
:100D4000022912D05FF0000101EB4101182606EBE9
:100D5000C1011022405808F10101FCF7EAFA042011
:100D6000696A00F0E7FD2670F0E50121ECE70B2849
:100D7000DCD1002CDAD020781828D7D16078616ACD
:100D800002281CD05FF0000000EB4002102000EBB6
:100D9000C2000958B8F8010008806078616A02282A
:100DA0000FD0002000EB4002142000EBC2000958D5
:100DB000404650F8032F0A604068486039E001203F
:100DC000E2E70120EEE71128B0D1002CAED0207868
:100DD0001928ABD16178606A022912D05FF0000156
:100DE00001EB41011C2202EBC1011022405808F125
:100DF0000101FCF79EFA0420696A00F09BFD1A20AD
:100E0000B6E00121ECE7082890D1002C8ED02078A4
:100E10001A288BD1606A98F80120017862F34701A3
:100E20000170616AD8F8022041F8012FB8F8060075
:100E300088800420696A00F07DFD90E2072011E6B9
:100E40003878012894D1182204F114007968FCF74D
:100E500070FAE079C10894F82F0001EAD001E07837
:100E600061F30000E070217D002974D1217803290D
:100E700009D0C00725D0032028708DF82090686A1B
:100E80000D90412008E3607DA178884201D90620B9
:100E9000E8E502262671E179204621F0E001E171C2
:100EA000617A21F0F0016172A17A21F0F001A17262
:100EB000FFF7C8FC2E708DF82090686A0D9007200F
:100EC000EAE20420ABE6387805289DD18DF82000B1
:100ED000686A0D90B8680A900720ADF824000A9857
:100EE0008DF830B06168016021898180A17A8171BB
:100EF00004202070F8E23978052985D18DF820107A
:100F0000696A0D91391D09AE0EC986E80E004121AE
:100F1000ADF824108DF830B01070A88CD7F80C8084
:100F200080B24026A769FFF70EFA41463A4633469B
:100F3000C846CDF80090FEF72CFE002108A8FFF768
:100F40005DFCE07820F03E00801CE07020780528F1
:100F500002D00F200CE04AE1A07D20B1012802D090
:100F6000032802D002E10720BEE584F80080EDE40A
:100F70002070EBE4102104F15C0002F0E8FB606BF0
:100F8000B0BBA07D18B1012801D00520FDE00620EE
:100F90002870F8486063A063C2E23878022894D1D0
:100FA000387908B12875B7E3A07D022802D003285C
:100FB00005D022E0B8680028F5D060631CE06078B6
:100FC000012806D0A07994F82E10012805D0E94810
:100FD00006E0A17994F82E00F7E7B8680028E2D07F
:100FE0006063E078C00701D0012902D0E14803E046
:100FF00003E0F8680028D6D0A06306200FE68DF83D
:101000002090696A0D91E1784846C90709D0617856
:10101000022903D1A17D29B1012903D0A17D032992
:1010200000D00720287033E138780528BBD120781C
:1010300007281ED084F800A005208DF82000686ADB
:101040000D90B8680A90ADF824A08DF830B0032157
:101050000170E178CA070FD0A27D022A1AD00021C0
:101060000091D4E9061204F15C03401CFFF725FA55
:101070006BE384F80090DFE7D4E90923211D8DE8B4
:101080000E0004F12C0304F15C02401C616BFFF7BD
:1010900022FB5AE3626BC1F34401491E1268CA4045
:1010A00002F0010141F08001DAE738780528BDD16E
:1010B0008DF82000686A0D90B8680A90ADF824A0F9
:1010C0008DF830B0042100F8011B102204F15C01FE
:1010D000FCF72FF9002108A8FFF790FB20780928DA
:1010E00001D0132044E70A2020709AE5E078C10778
:1010F00042D0A17D012902D0022927D038E06178B1
:1011000008A8012916D004F16C010091D4E9061257
:1011100004F15C03001DFFF7BBFA0A2028700326C8
:101120008DF82080686A0D90002108A8FFF766FB03
:10113000E1E2C7E204F15C010091D4E9062104F187
:101140006C03001DFFF7A4FA0026E9E7C0F3440191
:1011500014290DD24FF0006101EBB0104FEAB060DE
:10116000E0706078012801D01020BDE40620FFE681
:10117000607801283FF4B6AC0A2050E5E178C90751
:1011800008D0A17D012903D10B202870042030E074
:1011900028702EE00E2028706078616B012818D02E
:1011A00004F15C0304F16C020EA8FFF7E1FA20469B
:1011B000FFF748FBA0780EAEC0F1100230440021CA
:1011C000FCF7E1F806208DF82000686A09960D907A
:1011D0009BE004F16C0304F15C020EA8FFF7C8FA6F
:1011E000E8E73978022903D139790029D0D0297567
:1011F00092E28DF82000686A0D9056E5387807284D
:10120000F6D1D4E909216078012808D004F16C00F6
:10121000CDE90002029105D104F16C0304E004F170
:101220005C00F5E704F15C0304F14C007A680646C3
:10123000216AFFF763F96078012822D1A078216A3A
:10124000C0F110020B1800211846FCF79CF8D4E9F5
:101250000923606B04F12D018DE80F0004F15C039C
:1012600000E05BE204F16C0231460EA8FFF7C8F91A
:1012700010220EA904F13C00FCF72EF808B10B2057
:10128000ACE485F8008000BF8DF82090686A0D906E
:101290008DF824A009E538780528A9D18DF820001B
:1012A000686A0D90B8680A90ADF824A08DF830B047
:1012B00080F80080617801291AD0D4E9092104F16D
:1012C0002D03A66B03910096CDE9013204F16C0366
:1012D00004F15C0204F14C01401CFFF791F900217C
:1012E00008A8FFF78BFA6078012805D015203FE6A3
:1012F000D4E90912631DE4E70E20287006208DF85A
:101300002000686ACDF824B00D90A0788DF82800F0
:10131000CBE438780328C0D1E079C00770D00F2023
:101320002870072065E7387804286BD11422391D0E
:1013300004F11400FBF7FDFF616A208CA1F809009D
:10134000616AA078C871E179626A01F003011172E3
:10135000616A627A0A73616AA07A81F824001620B1
:101360005DE485F800A08DF82090696A50460D91E3
:1013700092E0000022B201003878052842D1B86816
:10138000A8616178606A022901D0012100E0002192
:1013900001EB4101142606EBC1014058082102F07F
:1013A000D6F96178606A022901D0012100E00021AC
:1013B00001EB410106EBC101425802A8E169FFF7C8
:1013C0000BFA6078626A022801D0012000E0002058
:1013D00000EB4001102000EBC1000223105802A9CD
:1013E0000932FEF7EEFF626AFD4B0EA80932A169D1
:1013F000FFF7E1F96178606A022904D0012103E076
:1014000044E18DE0BFE0002101EB4101182606EB2D
:10141000C101A27840580EA9FBF78BFF6178606A82
:10142000022901D0012100E0002101EB410106EB7E
:10143000C1014158A0780B18C0F1100200211846D4
:10144000FBF7A1FF05208DF82000686A0D90A869C0
:101450000A90ADF824A08DF830B0062101706278B2
:10146000616A022A01D0012200E0002202EB42025E
:1014700006EBC202401C89581022FBF75AFF0021DC
:1014800008A8FFF7BBF91220C5F818B028708DF82E
:101490002090686A0D900B208DF8240005E43878C0
:1014A000052870D18DF82000686A0D90B8680A9000
:1014B0000B20ADF824000A98072101706178626A58
:1014C000022901D0012100E0002101EB410310219C
:1014D00001EBC30151580988A0F801106178626AD4
:1014E000022902D0012101E02FE1002101EB41039B
:1014F000142101EBC30151580A6840F8032F4968D1
:10150000416059E01920287001208DF8300074E600
:10151000162028708DF830B0002108A8FFF76EF96A
:10152000032617E114202870AEE6387805282AD162
:101530008DF82000686A0D90B8680A90ADF824A074
:101540008DF830B080F800906278616A4E46022AC9
:1015500001D0012200E0002202EB42021C2303EB37
:10156000C202401C89581022FBF7E3FE002108A8A4
:10157000FFF744F9152028708DF82060686A0D90F7
:101580008DF8246039E680E0387805287DD18DF823
:101590002000686A0D90B8680A90ADF8249009217F
:1015A00001706169097849084170616951F8012F3A
:1015B000C0F802208988C18020781C28A8D1A1E722
:1015C000E078C00702D04FF0060C01E04FF0070CA6
:1015D000607802280AD000BF4FF0000000EB040141
:1015E00001F1090105D04FF0010004E04FF00100C6
:1015F000F4E74FF000000B78204413EA0C030B7063
:1016000010F8092F02EA0C02027004D14FF01B0CF3
:1016100084F800C0D2B394F801C0BCF1010F00D02F
:101620009BB990F800C0E0465FEACC7C04D028F07B
:1016300001060670102606E05FEA887C05D528F0D2
:101640000206067013262E70032694F801C0BCF122
:10165000020F00D092B991F800C05FEACC7804D0B4
:101660002CF001060E70172106E05FEA8C7805D594
:101670002CF002060E701921217000260078D0BBD4
:10168000CAB3C3BB1C20207035E012E002E03878FA
:10169000062841D11A2015E4207801283CD00C28D6
:1016A0003AD02046FFF7EBF809208DF82000686A51
:1016B0000D9031E03878052805D0062038700326D3
:1016C0001820287046E005208DF82000696A0D91E9
:1016D000B9680A910221ADF8241001218DF830106B
:1016E0000A990870287D4870394608A8FFF786F8DF
:1016F000064618202870012E0ED02BE001208DF810
:101700002000686A0D9003208DF82400287D8DF854
:10171000250085F814B012E0287D80B11D202070CE
:10172000172028708DF82090686A0D9002208DF89F
:101730002400394608A8FFF761F806460AE00CB114
:10174000FE2020709DF8200020B1002108A8FFF79E
:1017500055F80CE413B03046BDE8F08F2DE9F043A6
:1017600087B00C464E6900218DF8041001202578C1
:10177000034602274FF007094FF0050C85B1012DF4
:1017800053D0022D39D1FE2030708DF80030606AC0
:10179000059003208DF80400207E8DF8050063E09D
:1017A0002179012925D002292DD0032928D0042907
:1017B00023D1B17D022920D131780D1F042D04D30E
:1017C0000A3D032D01D31D2917D12189022914D3E4
:1017D0008DF80470237020899DF80410884201E080
:1017E0001AB2010018D208208DF80000606A059036
:1017F00057E070780128EBD0052007B0BDE8F083F2
:101800001D203070E4E771780229F5D131780C2978
:10181000F3D18DF80490DDE7083402F804CB94E8A6
:101820000B0082E80B000320E7E71578052DE4D1D3
:101830008DF800C0656A0595956802958DF81010C1
:1018400094F80480B8F1010F13D0B8F1020F2DD035
:10185000B8F1030F1CD0B8F1040FCED1ADF804706D
:101860000E202870207E687000216846FEF7C6FFB3
:101870000CE0ADF804700B202870207E002100F0F1
:101880001F0068706846FEF7B9FF37700020B4E7A4
:10189000ADF804708DF8103085F800C0207E6870B7
:1018A000277011466846FEF7A9FFA6E7ADF8049039
:1018B0002B70207F6870607F00F00100A870A07F0F
:1018C00000F01F00E870E27F2A71C0071CD094F876
:1018D000200000F00700687194F8210000F0070074
:1018E000A87100216846FEF789FF2868F062A88881
:1018F0003086A87986F83200A0694078707528791A
:10190000B0700D203070C1E7A9716971E9E700B5C9
:1019100087B004280CD101208DF800008DF8040058
:10192000002005918DF8050001466846FEF766FF28
:1019300007B000BD70B50C46054602F0EFF9214630
:101940002846BDE870407823002202F03DB908B176
:10195000007870470C20704770B50C0005784FF088
:1019600000010CD021702146F1F757FC694821781D
:10197000405D884201D1032070BD022070BDF1F7A7
:101980004CFC002070BD0279012A05D000220A70AB
:101990004B78012B02D003E0042070470A758A615E
:1019A00002799300521C0271C15003207047F0B5B8
:1019B00087B00F4605460124287905EB800050F8D2
:1019C000046C7078411E02290AD252493A460839FD
:1019D00001EB8000314650F8043C28469847044605
:1019E0000CB1012C11D12879401E10F0FF00287194
:1019F00001D00324E0E70A208DF80000706A05900A
:101A0000002101966846FFF7A7FF032CD4D007B04A
:101A10002046F0BD70B515460A46044629461046D4
:101A2000FFF7C5FF064674B12078FE280BD1207C55
:101A300030B100202870294604F10C00FFF7B7FFF1
:101A40002046FEF71CFF304670BD704770B50E464D
:101A500004467C220021FBF796FC0225012E03D0D0
:101A6000022E04D0052070BD0120607000E065707A
:101A70002046FEF704FFA575002070BD28B1027C4A
:101A80001AB10A4600F10C01C4E70120704710B5F5
:101A9000044686B0042002F041F92078FE2806D0E2
:101AA00000208DF8000069462046FFF7E7FF06B0EA
:101AB00010BD7CB50E4600218DF804104178012937
:101AC00003D0022903D0002405E0046900E0446942
:101AD0000CB1217C89B16D4601462846FFF753FFC2
:101AE000032809D1324629462046FFF793FF9DF887
:101AF0000410002900D004207CBD04F10C05EBE7A4
:101B000030B40C460146034A204630BC024B0C3A26
:101B1000FEF751BE60B201001AB2010070B50D4669
:101B2000040012D08DB1220100212846FBF72BFCC6
:101B3000102255492846FBF7FCFB53480121083881
:101B4000018044804560002070BD012070BD70B5EB
:101B50004D4E00240546083E10E07068AA7B00EB5D
:101B60000410817B914208D1C17BEA7B914204D170
:101B70000C222946FBF7B0FB30B1641C308884424C
:101B8000EBDB4FF0FF3070BD204670BD70B50D46E9
:101B9000060006D02DB1FFF7DAFF002803DB401C5A
:101BA00014E0102070BD384C083C20886288411C2D
:101BB000914201D9042070BD6168102201EB001030
:101BC0003146FBF7B6FB2088401C2080287000209F
:101BD00070BD2D480838008870472B49083908889F
:101BE000012802D0401E08800020704770B51446BE
:101BF0000D0018D0BCB10021A170022802D010281D
:101C000011D105E0288870B10121A170108008E091
:101C10002846FFF79CFF002805DB401CA070A88920
:101C20002080002070BD012070BD70B505461446AF
:101C30000E000BD000203070A878012808D005D9FC
:101C40001149A1F108010A8890420AD9012070BD0A
:101C500024B1287820702888000A5070022008706B
:101C60000FE064B14968102201EB001120461039E1
:101C7000FBF75FFB287820732888000A6073102028
:101C80003070002070BD0000880000202DE9F04178
:101C900090460C4607460025C2EB4811FE48072F28
:101CA00000EB410607D2DFE807F007070707040447
:101CB0000400012500E0FFDF06F81470002D13D0AA
:101CC000F5487C3000EB880191F827001F2803D0ED
:101CD00006EB4000447001E081F8264006EB440228
:101CE0001F20507081F82740BDE8F081F0B51F46F5
:101CF00014460E4605461F2A00D1FFDFE648C7EB13
:101D0000471100EB410CE4490CEB44007C3101EB42
:101D100087021F2E07D00CEB460140784B784870A5
:101D200018461F210AE092F82530407882F82500F5
:101D3000F6E701460CEB410005704078A142F8D16E
:101D400092F827401F2C03D00CEB4404637001E091
:101D500082F826300CEB41041F23637082F82710B1
:101D6000F0BD30B50D46CD4B44190022181A72EB68
:101D7000020100D2FFDFCA48854200DDFFDFC8480C
:101D80004042854200DAFFDFC448401C844207DA43
:101D9000002C01DB204630BDC048401C201830BD5F
:101DA000BE48C043FAE710B504460168407ABD4A10
:101DB00052F82020114450B10220084420F07F4006
:101DC000F8F759FD94F90810BDE81040C9E7042060
:101DD000F3E72DE9F047B04E7C3696F82D50DFF84A
:101DE000B89206EB850090F8264036E0C5EB451129
:101DF00009EB41074FF0070817F81400012806D037
:101E000004282ED005282ED0062800D0FFDF01F0B0
:101E100045F9014607EB4400427806EB850080F85F
:101E2000262090F82720A24202D11F2280F82720E6
:101E3000084601F03EF92A4621460120FFF726FF19
:101E40009948414600EB041002682046904796F8F6
:101E50002D5006EB850090F826401F2CC6D1BDE81A
:101E6000F087022000E003208046D0E710B58A4CBE
:101E70001F217C3484F8251084F8261084F827105C
:101E8000002084F8280084F82D0084F82E10411ECC
:101E9000A16044F8100B2074607420736073A07309
:101EA0008249E07720750870487000217A4A103C1A
:101EB00002F81100491CC9B21F29F9D30120F8F713
:101EC000CAFB0020F8F7C7FB012084F82200F9F7CD
:101ED00037F87748F9F749F8744CA41E2070754814
:101EE000F9F743F86070BDE81040F8F741BB10B552
:101EF000F8F763FB6D4CA41E2078F9F74FF8607873
:101F0000F9F74CF8BDE8104001F000B91F20704708
:101F10000020F8F779BB70B5054601240E46AC40A9
:101F20005AB1FFF7F5FF0146634800EBC500C0F862
:101F30001015C0F81465614801E06048001D046098
:101F400070BD2DE9F34F544D00247C3505EB810A1B
:101F500089B09AF825001F2823D0611E02915249AA
:101F6000009401EB0017391D03AB07C983E8070094
:101F700005F11400A0460189ADF81C10807A8DF897
:101F80001E009DF81500C8B10226464951F82040B0
:101F90000399A219114421F07F41019184B10221DA
:101FA0000FE00120F8F757FB0020F8F754FBF8F793
:101FB00022FB01F0ABF885F82F40A9E00426E4E706
:101FC00000218DF81810022801D0012820D1039893
:101FD00001190998081A801C9DF81C1020F07F40F8
:101FE00001B10221353181420BD203208DF8150059
:101FF0000398C4F13201401A20F07F40322403904C
:102000000CE095F8240018B901F063FA002863D0B9
:10201000322C03D214B101F06DF801E001F076F832
:10202000224A107818B393465278039B121B002162
:102030009DF81840994601281AD0032818D000208E
:102040008DF81E00002A04DD981A039001208DF8F7
:1020500018009DF81C0000B102210398184A20F0D6
:102060007F40039003AB099801F05CF810B110E0D9
:102070000120E5E79DF81D0018B99BF80000032832
:1020800029D08DF81C80CDF80C908DF818408DF873
:102090001E809DF8180015E0DC080020FF7F841EDC
:1020A0000020A10770B20100EC0600209A00002079
:1020B000773A0100D31D010000F0014004F5014012
:1020C000FFFF3F0058B103980123811900221846F1
:1020D000F8F714FB06E000200BB0BDE8F08F0120FC
:1020E000F8F7B9FA97F90C20012300200199F8F7C5
:1020F00005FBF87BC00701D0F8F7E9FB012085F864
:102100002F008AF8288020226946FE48FBF711F943
:102110000120E1E72DE9F05FDFF8E883064608EBF0
:10212000860090F825501F2D21D0A8F17C01C6EB28
:1021300046102C4601EB4007A1F5F879DFF8C8B34B
:1021400005E0A24607EB4A0044781F2C0AD0F8F7B6
:1021500020FB09EB04135A4601211B1D00F0E2FF8E
:102160000028EED0AC4202D0334652461EE0E7488B
:1021700008B1AFF30080F8F70CFB98F82F206AB194
:10218000D8F80C20411C891A0902CA1701EB126108
:102190000912002902DD0020BDE8F09F3146FFF75B
:1021A000D0FE08B10120F7E733462A461F2104205C
:1021B000FFF79CFDEFE72DE9F041D24C2569F8F7D8
:1021C000E8FA401B0002C11700EB1160001200D4B6
:1021D000FFDF94F8220000B1FFDF012784F82270AE
:1021E00094F82E001F2800D1FFDF94F82E601F20E6
:1021F00084F82E00002584F82F5084F8205084F8AD
:102200002150C34825600078022835D0032833D0F8
:1022100000202077A068401C05D04FF0FF30A06060
:102220000120F8F718FA0020F8F715FAF8F711FB73
:10223000F8F709FBF8F7DFF908F0C6F8B5480560CC
:1022400005604FF0E0214FF40040B846C1F880022D
:10225000F0F7B5FE94F82D703846FFF75BFF0028C5
:10226000FAD0A849C7EB47107C3901EB400010F8C1
:102270001600022802D006E00120CAE73A4631469D
:102280000620FFF703FD84F8238004EB870090F815
:1022900026001F2804D09E48801E4078F8F784FE50
:1022A000207F002803D0F8F7C4FA257765771BE56F
:1022B000944910B591F82D20924B0024C2EB4211A5
:1022C0007C3B03EB410100BF11F814302BB1641CBF
:1022D000E4B21F2CF8D31F2010BD8F4901EB04116D
:1022E00008600020C87321460120FFF7CFFC20467C
:1022F00010BD10B5012801D0032800D181B3814A57
:1023000092F82D307F4C0022C3EB43137C3C04EB4E
:10231000430300BF13F812400CB1082010BD521C3B
:10232000D2B21F2AF6D37A4A48B1022807D0072929
:1023300017D2DFE801F01606080A0C0E1000002183
:102340000AE01B2108E03A2106E0582104E0772149
:1023500002E0962100E0B52151701070002010BD00
:10236000FFE70720FBE76A4810B54078F8F783FAE3
:1023700080B2F4E710B51F2815D2624991F82D20DC
:10238000C2EB4213A1F17C0202EB430414F81030BB
:102390004BB191F82D30C3EB431302EB430212F81B
:1023A0001020012A01D00020D9E791F82D20014604
:1023B0000020FFF76BFC0120D1E710B5F8F7E9F931
:1023C000BDE81040F8F757BA2DE9F0410E464D4FE1
:1023D00001781F257C3FC3EB43130C4607EB4303F7
:1023E00003E0254603EB45046478944202D01F2C99
:1023F000F7D108E01F2C06D0A14206D103EB410122
:102400004978017007E000206EE403EB440003EB21
:10241000450140784870414F7EB127B1002140F21C
:102420002D40AFF300803078A04206D127B10021C3
:102430004FF48660AFF30080357027B1002140F281
:102440003540AFF3008001204EE410B542680B68C0
:102450009A1A1202D41702EB1462121216D4497A95
:1024600091B1427A82B92E4A006852F8211012685E
:1024700019441044001D891C081A0002C11700EB02
:1024800011600012322801DB012068E7002066E7B6
:102490002DE9F0478146204EC1EB411006F5F87159
:1024A0009846144601EB400713E000BF06EB041505
:1024B000291D4846FFF7C9FF68B988F80040A97B85
:1024C00099F80A00814201D80020C8E407EB4400D3
:1024D00044781F2CEAD10120C1E42DE9F04782465F
:1024E00008480E4600EB8600DFF82C8090F8254067
:1024F0001F201070C1EB46109946154608F5F8717B
:1025000010E0000058090020FFFF3F00000000001D
:102510009A00002000F50040EC06002000000000BA
:1025200070B2010001EB40070BE000BF08EB0410A4
:102530005146001DFFF789FF28B107EB44002C70BE
:1025400044781F2CF2D1297889F800104B46224696
:1025500031465046BDE8F0479AE72DE9FC410E466A
:1025600007460024FE4D08E09DF8000005EB001032
:102570008168384600F0EAFD01246B4601AA314625
:102580003846FFF7AAFF0028EED02046BDE8FC81C0
:1025900070B50446C0EB44110125F248A54300EB99
:1025A0004101C5EB451200EB42003E22FAF7C1FEA5
:1025B000ED4E26B100214FF49360AFF30080E9485F
:1025C0007C3000EB850100EB8400D0F82500C1F8D9
:1025D000250026B1002140F29C40AFF30080284640
:1025E00070BD8A4203D003460520FFF77FBB1F2939
:1025F00008D0DC4AC0EB401002EB400000EB410089
:1026000040787047D7497C3101EB800090F8250075
:102610007047D34901EB0010001DFFF7C4BB7CB528
:102620001D46134604460E4600F108022146184690
:10263000F8F72EF994F908000F2804DD1F382072EE
:102640002068401C206096B10220C84951F826102D
:10265000461820686946801B20F07F40206094F96E
:1026600008002844C01C1F2803DA012009E00420C8
:10267000EBE701AAF8F70CF99DF8040010B10098F7
:10268000401C00900099206831440844C01C20F090
:102690007F4060607CBDFEB50C46064609786079D7
:1026A000907220791F461546507279B12179002227
:1026B0002846A368FFF7B3FFAA4928467C3191F862
:1026C0002E201F2A0AD00969491D0DE0D4E90223F2
:1026D000217903B02846BDE8F040A0E7A449497835
:1026E000052900D20521314421F07F4100F02EFD63
:1026F00039462846FFF731FFD4E90232217968468E
:10270000FFF78DFF2B4600213046019A00F00AFDAD
:10271000002806D103B031462846BDE8F04000F05D
:1027200015BDFEBD2DE9FE4F814600F0CBFC38B152
:102730005FF0000799F8000020B10020BDE8FE8F8F
:102740000127F7E7874D884C4FF0000A7C3524B10C
:10275000002140F2FF40AFF3008095F82D8085F80E
:1027600023A0002624B1002140F20450AFF30080E2
:102770001FB94046FFF70CFF804624B1002140F20C
:102780000C50AFF30080F8F704F843466A46494618
:10279000FFF781FF24B1002140F21250AFF3008017
:1027A00095F82E001F280CD029690098401A0002C5
:1027B000C21700EB1260001203D5684600F0C6FC99
:1027C000012624B1002140F21C50AFF3008095F89F
:1027D00023000028BBD124B1002140F22250AFF3E6
:1027E0000080F7F7D6FF6B46624A002100F09AFCA2
:1027F0000028A3D027B941466846FFF7AEFE06433E
:1028000026B16846FFF7CFFAC9F8080024B10021C5
:1028100040F23550AFF3008001208FE72DE9F04FF3
:1028200089B08B46824600F04DFC4E4C7C3428B378
:102830009BF80000002710B1012800D0FFDF4A4DAF
:1028400025B1002140F2F750AFF300804449012048
:1028500001EB0A18A94607905FEA090604D0002197
:1028600040F2FF50AFF30080079800F022FC94F88C
:102870002D50002084F8230067B119E094F82E0051
:1028800001271F2800D1FFDF9BF800000028D6D0C9
:10289000FFDFD4E72846FFF77BFE054626B100217F
:1028A00040F20960AFF3008094F823000028D3D1F0
:1028B00026B1002140F21360AFF30080F7F769FF03
:1028C0002B4602AA59460790FFF7E5FE98F80F003D
:1028D0005FEA060900F001008DF8130004D0002122
:1028E00040F21D60AFF300803B462A4602A9CDF8B6
:1028F00000A0079800F035FC064604EB850090F830
:1029000028000090B9F1000F04D0002140F22460AB
:10291000AFF3008000F0C2FB0790B9F1000F04D0C4
:10292000002140F22A60AFF3008094F823000028D1
:1029300092D1B9F1000F04D0002140F23260AFF320
:1029400000800DF1080C9CE80E00C8E90112C8F8DF
:102950000C30BEB35FEA090612D000210CE0000083
:10296000EC060020DC0800200000000070B201002E
:102970009A000020FFFF3F0040F23F60AFF300806D
:102980000098B84312D094F82E001F280ED126B11B
:10299000002140F24460AFF300802846FFF7BAFB05
:1029A00020B99BF80000D8B3012849D0B9F1000F35
:1029B00004D0002140F26160AFF30080284600F0AF
:1029C00066FB01265FEA090504D0002140F26A6037
:1029D000AFF30080079800F06CFB25B1002140F2B6
:1029E0006E60AFF300808EB194F82D0004EB800090
:1029F00090F826001F2809D025B1002140F275600B
:102A0000AFF30080F9484078F8F7CEFA25B10021FD
:102A100040F27A60AFF3008009B03046BDE8F08F35
:102A2000FFE7B9F1000F04D0002140F24C60AFF392
:102A3000008094F82D2051460420FFF727F9C0E7C5
:102A4000002E3FF409AF002140F25760AFF3008041
:102A500002E72DE9F84FE64D814695F82D004FF03D
:102A60000008E44C4FF0010B474624B100214FF41D
:102A7000D160AFF30080584600F01BFB85F823704F
:102A800024B1002140F28D60AFF3008095F82D0055
:102A9000FFF77EFD064695F8230028B1002CE4D010
:102AA000002140F293604DE024B1002140F2976094
:102AB000AFF30080CE49C6EB46107C3901EB4001F4
:102AC00011F81900032856D1334605EB830A4A460C
:102AD0009AF82500904201D1012000E000200090EA
:102AE0000AF125000021FFF76FFC01460098014222
:102AF00003D001228AF82820AF77E1B324B1002166
:102B000040F29C60AFF30080324649460120FFF757
:102B1000BDF89AF828A024B1002140F2A760AFF3D5
:102B2000008000F0BBFA834624B1002140F2AC6083
:102B3000AFF3008095F8230038B1002C95D0002128
:102B40004FF4D660AFF300808FE7BAF1000F07D0E3
:102B500095F82E001F2803D13046FFF7DBFAE0B1CD
:102B600024B1002140F2C460AFF30080304600F091
:102B70008EFA4FF0010824B1002140F2CD60AFF38E
:102B80000080584600F095FA24B1002140F2D1604F
:102B9000AFF300804046BDE8F88F002CF1D0002153
:102BA00040F2BF60AFF30080E6E70120F7F72CBDED
:102BB0008E48007870472DE9F0418D4C94F82E0036
:102BC0001F2821D194F82D6004EB860797F8255033
:102BD0001F2D00D1FFDF8649C6EB46107C3901EB83
:102BE000400000EB4500407807F8250F0120F87001
:102BF00084F82300294684F82E50324602202234DD
:102C0000FFF744F8002020701EE42DE9F0417A4ED1
:102C1000774C012538B1012821D0022879D003282A
:102C20007DD0FFDF10E400F065FAFFF7C4FF207EDF
:102C300000B1FFDF84F821500020F7F70CFDA168F8
:102C4000481C04D0012300221846F7F757FD14F85A
:102C50002E0F217806EB01110A68012154E0FFF7DD
:102C6000AAFF0120F7F7F7FC94F8210050B1A06803
:102C7000401C07D014F82E0F217806EB01110A68CA
:102C8000062141E0207EDFF86481002708F1020878
:102C9000012803D002281ED0FFDFB5E7A777F7F79A
:102CA000C8FD98F80000032801D165772577607D7D
:102CB000524951F8200094F8201051B948B1616888
:102CC0000123091A00221846F7F718FD0220207682
:102CD0009AE7277698E784F8205000F00BFAA07F57
:102CE00050B198F8010061680123091A00221846C2
:102CF000F7F704FD257600E0277614F82E0F2178EB
:102D000006EB01110A680021BDE8F041104700E020
:102D100005E036480078BDE8F041F8F745B9FFF71F
:102D20004AFF14F82E0F217806EB01110A680521DD
:102D3000EAE710B52E4C94F82E001F2800D1FFDFD3
:102D400014F82E0F21782C4A02EB01110A68BDE815
:102D50001040042110477CB5254C054694F82E0000
:102D60001F2800D1FFDFA068401C00D0FFDF94F8CF
:102D70002E00214901AA01EB0010694690F90C00D0
:102D80002844F7F785FD9DF904000F2801DD012097
:102D900000E00020009908446168084420F07F4169
:102DA000A16094F82100002807D002B00123BDE8FB
:102DB000704000221846F7F7A1BC7CBD30B5104A20
:102DC0000B1A541CB3EB940F1ED3451AB5EB940F9A
:102DD0001AD3934203D9101A43185B1C14E095428E
:102DE00010D9511A0844401C43420DE098000020BD
:102DF0005809002000000000EC06002070B201001D
:102E0000FF7F841EFFDF0023184630BD0123002210
:102E100001460220F7F772BC0220F7F71CBCF7F757
:102E2000B8BC2DE9FE4FF24C05468A4694F82E00B8
:102E30001F2800D1FFDFEE4E94F82E10A04620464A
:102E4000A6F51B7202EB01141F218DF8001090F8FB
:102E50002D10376900EB8101D8F8000091F825901A
:102E6000284402AA01A90C36F7F712FD9DF90800C3
:102E7000002802DD0198401C0190A0680199642D92
:102E8000084453D3DB4B00225B1B72EB02014DD392
:102E90006168411A21F07F41B1F5800F46D220F0E0
:102EA0007F40706086F80AA098F82D1044466B4663
:102EB0004A463046FFF7ECFAB8B3A068401C10D081
:102EC000F7F767FCA168081A0002C11700EB116050
:102ED000001202282CDD0120F7F7BDFB4FF0FF3078
:102EE000A06094F82D009DF800201F210F34FFF7FB
:102EF00078FBA17FBE4AC1EB41117C3A02EB410154
:102F0000E27F01EB4201487054F80F0C284444F86A
:102F10000F0C012020759DF800001F2803D0B64833
:102F20004078F8F741F8012008E401E0002005E4CA
:102F30007760FBE72DE9F047AD4C074694F82D008C
:102F4000A4F17C06C0EB401006EB400010F817001F
:102F500000B9FFDF94F82D50A046A84C24B1002101
:102F600040F6E800AFF30080C5EB451040F6F409E9
:102F700040F6FD0A06EB400616F81700012819D0A6
:102F8000042811D005280FD006280DD01CB100212F
:102F90004846AFF3008007F0EBFE002CECD0002198
:102FA0005046AFF30080E7E72A4639460120FEF796
:102FB0006DFEF2E74FF0010A4FF00009454624B1DB
:102FC000002140F60410AFF30080504600F071F885
:102FD00085F8239024B1002140F60910AFF300805A
:102FE00095F82D00FFF7D4FA064695F8230028B18E
:102FF000002CE4D0002140F60F101FE024B1002186
:1030000040F61310AFF3008005EB860000F12701B6
:1030100033463A462630FFF7D7F924B1002140F66F
:103020001710AFF3008000F039F8824695F82300BE
:1030300038B1002CC3D0002140F61D10AFF3008042
:10304000BDE785F82D60012085F82300504600F08B
:1030500030F8002C04D0002140F62A10AFF3008095
:10306000BDE8F08730B5044661480D4690F82D0064
:103070005F49C0EB40107C3901EB400010F81400B0
:1030800000B9FFDF5E4800EB0410C57330BD58493E
:1030900081F82D00012081F82300704710B55948B0
:1030A00008B1AFF30080EFF3108000F0010072B6BA
:1030B00010BD10B5002804D1534808B1AFF300800B
:1030C00062B610BD51480068C005C00D10D0103860
:1030D00040B2002804DB00F1E02090F8000405E095
:1030E00000F00F0000F1E02090F8140D4009704747
:1030F0000820704710B53E4C94F82400002804D1F5
:10310000F7F746FC012084F8240010BD10B5384CB8
:1031100094F82400002804D0F7F763FC002084F81A
:10312000240010BD10B51C685B68241A181A24F01E
:103130007F4420F07F40A14206D8B4F5800F03D22F
:10314000904201D8012010BD002010BDD0E900320E
:10315000D21A21F07F43114421F07F41C0E90031B0
:1031600070472DE9FC418446214815460F46C2EBC5
:1031700045117C38089C00EB410616F81400012824
:1031800004D0022802D00020BDE8FC813B46204A42
:1031900001216046FFF7C6FFF0B101AB6A46294640
:1031A0003846FFF79AF9B8B19DF804209DF8001051
:1031B0002846FFF716FA06EB440148709DF8000018
:1031C0001F280DD006EB400044702A4621460320FC
:1031D000FEF75CFD0120D7E72A4621460420F7E7E9
:1031E0000348012100EB850000F8254FC170ECE792
:1031F00058090020FF1FA1079800002000000000D0
:10320000EC060020000000000000000004ED00E0DB
:10321000FFFF3F002DE9F041044680074FF0000515
:103220004FF001060CD56B480560066000F0DEF932
:1032300020B16948016841F48061016024F0020412
:10324000E0044FF0FF3705D564484660C0F80873C6
:1032500024F48054600003D56148056024F0804464
:10326000E0050FD55F48C0F80052C0F808735E490A
:103270000D60091D0D605C4A04210C32116006616D
:1032800024F48074A00409D558484660C0F8005260
:10329000C0F808735648056024F40054C4F3803025
:1032A000C4F3C031884200D0FFDF14F4404F14D083
:1032B00050484660C0F808734F488660C0F8005216
:1032C000C0F808734D490D600A1D16608660C0F88D
:1032D00008730D60166024F4404420050AD5484860
:1032E00046608660C0F80873C0F8487345480560BA
:1032F00024F4006407F042F84348044200D0FFDFA2
:10330000BDE8F081F0B50022202501234FEA020438
:1033100020FA02F1C9072DD051B2002910DB00BFFD
:103320004FEA51174FEA870701F01F0607F1E02720
:1033300003FA06F6C7F88061BFF34F8FBFF36F8FB4
:103340000CDB00BF4FEA51174FEA870701F01F0659
:1033500007F1E02703FA06F6C7F8806204DB01F103
:10336000E02181F8004405E001F00F0101F1E021C6
:1033700081F8144D02F10102AA42C9D3F0BD10B583
:10338000224C20600846F7F71CFC2068FFF742FF3C
:103390002068FFF7B7FF06F031FC00F088F906F06F
:1033A000EDFF06F02CFFF7F7CBFDBDE8104006F06F
:1033B000D9BC10B5154C2068FFF72CFF2068FFF72B
:1033C000A1FF06F0DBFFF7F7FBFC0020206010BD3B
:1033D0000A207047FC1F00403C17004000C000401E
:1033E00004E50140008000400485004000D000401A
:1033F00004D5004000E0004000F0004000F500402F
:1034000000B0004008B50040FEFF0FFD9C0000200A
:1034100070B526490A680AB30022154601244B6894
:103420005B1C4B600C2B00D34D600E7904FA06F345
:103430000E681E420FD0EFF3108212F0010272B636
:1034400000D001220C689C430C6002B962B6496846
:103450000160002070BD521C0C2AE0D3052070BD15
:103460004FF0E0214FF48000C1F800027047EFF305
:10347000108111F0010F72B64FF0010202FA00F252
:103480000A48036842EA0302026000D162B6E7E735
:1034900006480021016041607047012181400348D6
:1034A0000068084000D0012070470000A000002004
:1034B00001208107086070470121880741600021D1
:1034C000C0F80011184801707047174901200870B2
:1034D00070474FF08040D0F80001012803D0124817
:1034E0000078002800D00120704710480068C0070D
:1034F00000D0012070470D480C300068C00700D094
:10350000012070470948143000687047074910319E
:103510000A68D20306D5096801F00301814201D18E
:103520000120704700207047A800002008040040D8
:103530004FF08050D0F830010A2801D000207047A9
:103540000120704700B5FFF7F3FF20B14FF0805026
:10355000D0F8340108B1002000BD012000BD4FF0BB
:103560008050D0F83001062803D0401C01D0002044
:103570007047012070474FF08050D0F830010D287F
:1035800001D000207047012070474FF08050D0F8E4
:103590003001082801D000207047012070474FF00B
:1035A0008050D0F83001102801D000207047012051
:1035B000704700B5FFF7F3FF30B9FFF7DCFF18B92C
:1035C000FFF7E3FF002800D0012000BD00B5FFF7A2
:1035D000C6FF38B14FF08050D0F83401062803D32D
:1035E000401C01D0002000BD012000BD00B5FFF748
:1035F000B6FF48B14FF08050D0F83401062803D30D
:10360000401C01D0012000BD002000BD0021017040
:10361000084670470146002008707047EFF310819C
:1036200001F0010172B60278012A01D0012200E006
:1036300000220123037001B962B60AB1002070476D
:103640004FF400507047E9E7EFF3108111F0010FDC
:1036500072B64FF00002027000D162B600207047CF
:10366000F2E700002DE9F04115460E46044600271A
:1036700000F0EBF8A84215D3002341200FE000BF73
:1036800094F84220A25CF25494F84210491CB1FB19
:10369000F0F200FB12115B1C84F84210DBB2AB426B
:1036A000EED3012700F0DDF83846BDE8F08172491D
:1036B00010B5802081F800047049002081F8420094
:1036C00081F84100433181F8420081F841004331E3
:1036D00081F8420081F841006948FFF797FF684888
:1036E000401CFFF793FFF7F7B3FBBDE8104000F075
:1036F000B8B840207047614800F0A7B80A460146B4
:103700005E48AFE7402070475C48433000F09DB80A
:103710000A46014659484330A4E740210170002081
:10372000704710B504465548863000F08EF820707A
:10373000002010BD0A460146504810B58630FFF7FC
:1037400091FF08B1002010BD42F2070010BD70B516
:103750000C460646412900D9FFDF4A480068103868
:1037600040B200F054F8C5B20D2000F050F8C0B2DD
:10377000854201D3012504E0002502E00DB1F7F7F1
:10378000AAFB224631463D48FFF76CFF0028F5D0E2
:1037900070BD2DE9F0413A4F0025064617F10407A8
:1037A00057F82540204600F041F810B36D1CEDB2EB
:1037B000032DF5D33148433000F038F8002825D0E8
:1037C0002E4800F033F8002820D02C48863000F036
:1037D0002DF800281AD0F7F754FB2948FFF71EFFF1
:1037E000B0F5005F00D0FFDFBDE8F0412448FFF7EF
:1037F0002BBF94F841004121265414F8410F401C7E
:10380000B0FBF1F201FB12002070D3E74DE7002876
:1038100004DB00F1E02090F8000405E000F00F0068
:1038200000F1E02090F8140D4009704710F8411F96
:103830004122491CB1FBF2F302FB13114078814293
:1038400001D1012070470020704710F8411F4078D7
:10385000814201D3081A02E0C0F141000844C0B21D
:10386000704710B50648FFF7D9FE002803D1BDE820
:103870001040F7F7F1BA10BD0DE000E08809002014
:10388000AC00002004ED00E070B5154D2878401C18
:10389000C4B26878844202D000F0DBFA2C7070BDAC
:1038A0002DE9F0410E4C4FF0E02600BF00F0C6FAC3
:1038B00007F05EFA40BF20BF677820786070D6F8C6
:1038C0000052EDF759FD854305D1D6F8040210B931
:1038D0002078B842EAD000F0ACFA0020BDE8F081D0
:1038E000BC0000202DE9F04101264FF0E022310319
:1038F0004FF000084046C2F88011BFF34F8FBFF36E
:103900006F8F204CC4F800010C2000F02EF81E4DE3
:103910002868C04340F30017286840F01000286072
:10392000C4F8046326607F1C02E000BF07F020FAA1
:10393000D4F800010028F9D01FB9286820F0100041
:103940002860124805686660C4F80863C4F80081FE
:103950000C2000F00AF82846BDE8F08110B50446B6
:10396000FFF7C0FF2060002010BD002809DB00F039
:103970001F02012191404009800000F1E020C0F8C1
:103980008012704700C0004010ED00E008C5004004
:103990002DE9F047FF4C0646FF21A06800EB061218
:1039A00011702178FF2910D04FF0080909EB01119F
:1039B00009EB06174158C05900F0F4F9002807DD5B
:1039C000A168207801EB061108702670BDE8F08729
:1039D00094F8008045460DE0A06809EB05114158B8
:1039E000C05900F0DFF9002806DCA068A84600EB0B
:1039F00008100578FF2DEFD1A06800EB061100EB51
:103A000008100D700670E1E7F0B5E24B04460020A7
:103A100001259A680C269B780CE000BF05EB001787
:103A2000D75DA74204D106EB0017D7598F4204D0C7
:103A3000401CC0B28342F1D8FF20F0BD70B5FFF743
:103A4000EEF9D44C08252278A16805EB02128958BA
:103A500000F0A8F9012808DD2178A06805EB011124
:103A60004058BDE87040FFF7D1B9FFF7A1F8BDE8B5
:103A70007040F7F799BA2DE9F041C64C2578FFF769
:103A8000CEF9FF2D6ED04FF00808A26808EB05169E
:103A9000915900F087F90228A06801DD80595DE0A6
:103AA00000EB051109782170022101EB0511425C40
:103AB0005AB1521E4254815901F5800121F07F41D3
:103AC00081512846FFF764FF34E00423012203EB11
:103AD000051302EB051250F803C0875CBCF1000F20
:103AE00010D0BCF5007F10D9CCF3080250F806C006
:103AF0000CEB423C2CF07F4C40F806C0C3589A1A9D
:103B0000520A09E0FF2181540AE0825902EB4C324B
:103B100022F07F428251002242542846FFF738FFAC
:103B20000C21A06801EB05114158E06850F82720EE
:103B3000384690472078FF2814D0FFF770F9227894
:103B4000A16808EB02124546895800F02BF90128BC
:103B500093DD2178A06805EB01114058BDE8F041E4
:103B6000FFF754B9BDE8F081F0B51D4614460E4686
:103B70000746FF2B00D3FFDFA00700D0FFDF8548FB
:103B8000FF210022C0E90247C57006710170427032
:103B900082701046012204E002EB0013401CE15445
:103BA000C0B2A842F8D3F0BD70B57A4C064665782D
:103BB0002079854200D3FFDFE06840F82560607817
:103BC000401C6070284670BD2DE9FF5F1D468B4686
:103BD0000746FF24FFF723F9DFF8B891064699F866
:103BE0000100B84200D8FFDF00214FF001084FF07C
:103BF0000C0A99F80220D9F808000EE008EB01132E
:103C0000C35CFF2B0ED0BB4205D10AEB011350F869
:103C100003C0DC450CD0491CC9B28A42EED8FF2C47
:103C200002D00DE00C46F6E799F803108A4203D162
:103C3000FF2004B0BDE8F09F1446521C89F8022012
:103C400008EB04110AEB0412475440F802B00421B7
:103C5000029B0022012B01EB04110CD040F8012043
:103C60004FF4007808234FF0020C454513D9E905BD
:103C7000C90D02D002E04550F2E7414606EB413261
:103C800003EB041322F07F42C250691A0CEB0412BA
:103C9000490A81540BE005B9012506EB453103EBD8
:103CA000041321F07F41C1500CEB0411425499F8E8
:103CB00000502046FFF76CFE99F80000A84201D0A2
:103CC000FFF7BCFE3846B4E770B50C460546FFF773
:103CD000A6F8064621462846FFF796FE0446FF282A
:103CE0001AD02C4D082101EB0411A8684158304628
:103CF00000F058F800F58050C11700EBD140401398
:103D00000221AA6801EB0411515C09B100EB4120CA
:103D1000002800DC012070BD002070BD2DE9F047B7
:103D200088468146FFF770FE0746FF281BD0194DD5
:103D30002E78A8683146344605E0BC4206D02646B7
:103D400000EB06121478FF2CF7D10CE0FF2C0AD000
:103D5000A6420CD100EB011000782870FF2804D097
:103D6000FFF76CFE03E0002030E6FFF755F8414610
:103D70004846FFF7A9FF0123A968024603EB041395
:103D8000FF20C854A878401EB84200D1A87001EBAB
:103D9000041001E0540A002001EB061100780870BD
:103DA000104613E6081A0002C11700EB116000125A
:103DB0007047000010B5202000F07FF8202000F0B0
:103DC0008DF84D49202081F80004EDF7D3FA4B49D6
:103DD00008604B48D0F8041341F00101C0F8041307
:103DE000D0F8041341F08071C0F804134249012057
:103DF0001C39C1F8000110BD10B5202000F05DF89D
:103E00003E480021C8380160001D01603D4A481E3F
:103E100010603B4AC2F80803384B1960C2F8000131
:103E2000C2F8600138490860BDE81040202000F069
:103E300055B834493548091F08607047314933483F
:103E4000086070472D48C8380160001D521E02608E
:103E500070472C4901200860BFF34F8F70472DE950
:103E6000F0412849D0F8188028480860244CD4F83C
:103E700000010025244E6F1E28B14046EDF7D4F90D
:103E800040B9002111E0D4F8600198B14046EDF747
:103E9000CBF948B1C4F80051C4F860513760BDE8AF
:103EA000F041202000F01AB831684046BDE8F041EA
:103EB00006F068BFFFDFBDE8F08100280DDB00F0F1
:103EC0001F02012191404009800000F1E020C0F86C
:103ED0008011BFF34F8FBFF36F8F7047002809DB4E
:103EE00000F01F02012191404009800000F1E02014
:103EF000C0F880127047000020E000E0C8060240D1
:103F000000000240180502400004024001000001C8
:103F1000454800210170417010218170704770B5D3
:103F2000054616460C460220F3F7F2FB3E490120F7
:103F3000F61E08703D4806603C4808380560001FC2
:103F4000046070BD10B50220F3F7E2FB3649012092
:103F5000087000F051F836494FF40000086010BDB9
:103F600010B5314C207888B131494FF40000091D5B
:103F7000086000F04AF8002120B1012060702D484F
:103F8000006801E061701020A0702170BDE8104051
:103F90000020F3F7BDBB244810B5017859B126487D
:103FA000D0F8000128B100F030F8002800D001203E
:103FB00010BD022010BD407810BD10B5C824641E8D
:103FC000E4B2FFF7E8FF022803D0012800D0002068
:103FD00010BD002CF3D1FFDFF9E7134810B50178CD
:103FE00041B100F012F818B112480068C0B210BD1B
:103FF000102010BD807810BD0F480021C0F80011BE
:10400000C0F80411C0F8081170470B48D0F800112F
:1040100029B1D0F8041111B1D0F8080108B100207D
:104020007047012070470000BE00002010F50040DE
:1040300004F5014000F4004000F000404748002132
:1040400001704170704770B5064614460D46012058
:10405000F3F75EFB42480660001D0460001D05602A
:1040600070BD70B53D4901250D7040EA02413C4AE2
:1040700041F08071121F11603A4C0026C4F80461AF
:10408000394A4FF04071116058B1012800D0FFDF6C
:10409000C4F80062256034494FF00070091F0860C1
:1040A00070BDC4F80052256070BD2C48017871B114
:1040B0002D4A4FF0407111602A49D1F804210021A6
:1040C0001AB12A4A1268427000E041700170002063
:1040D000F3F71EBB2148017841B12248D0F8040112
:1040E000002802D021480068C0B27047407870476D
:1040F0002DE9F04700282AD01848007800B9FFDFE2
:10410000184DD5F80401002821D10227C5F8047301
:10411000174C2068C04340F30016206840F01000A0
:1041200020604FF400484FF0E029761C04E000BF07
:10413000C9F8808206F01CFED5F804010028F7D0EB
:104140001EB9206820F010002060C5F80873BDE893
:10415000F08704490120886070470000C1000020FA
:1041600008F5004000F0004008F5014000F4004070
:1041700010ED00E010B541F6A474012802D0022829
:1041800002D0FFDF204610BD41F2883010BD38B5A7
:10419000FE4D0024C5F80041C5F80C41C5F810419A
:1041A000C5F80441C5F81441C5F81841FFF70EFAE7
:1041B00008B1C5F82841F6480068009038BD70B5D0
:1041C000F44D00246C702C7000F0D2FD85F8254071
:1041D000EC620922002105F11800AC63F9F7D3F86D
:1041E000ED49601E0860091D0860091D0C60091D6D
:1041F0000860091D0C60091D0860091D0860091D83
:104200000860091D0860091D0860091D0860091D76
:104210000860091D0860091D086070BDDF4800B511
:10422000016801F00F01032905D0006800F00F00BC
:10423000042802D0FFDF012000BD022000BD00B530
:10424000012802D0022800D0FFDF002000BD00B509
:10425000012802D0022802D0FFDF282000BD18204C
:1042600000BD10B5CB4902681839CA4C0A634268D0
:104270004A63007A81F83800207E50B1207FF9F738
:10428000C0F8A07E08B1012100E00021207FF9F7ED
:10429000ADF8607E00280CD0607FF9F7B2F8E07EC0
:1042A00008B1012100E00021607FBDE81040F9F76E
:1042B0009DB810BD00F063BD10B500F060FDB348BF
:1042C000D0F80001002800D0FFDF10BD70B501203C
:1042D00000F030FDB2480025056001260660FFF7BA
:1042E00085F9B04C18B1206840F480602060FFF779
:1042F00036F928B12068AC4920F0770008432060E7
:10430000FFF764F938B1A748001D016821F47F4127
:1043100041F4B0510160A349A4483C310860FFF763
:1043200055F99C4C60B19D490220503184F8210020
:104330000860A0499E48086095481030091F086031
:104340004FF01020806C411C05D094497C310A68E4
:1043500060F317420A60914940F25B6028310860BF
:10436000091F40F203100860081F06608B490320F4
:1043700008608C48EC38066094F8211011B14FF4B5
:10438000C02100E08C498B4A41F46021943A1160CD
:104390008749884A091F083211607D490839121F70
:1043A0001160016821F440710160016841F480717D
:1043B0000160012000F0CFFC74491020C1F8040313
:1043C00084F83150E56270BD76483830016821F0DC
:1043D000010141F08071016070476E4A0368183A2C
:1043E000C2F81A308088D0836A48017270476948E1
:1043F00090F825007047674A517010707047F0B50B
:104400000546840061488B882044C0F820360B782C
:10441000D1F8011043EA0121C0F8001605F10800A7
:104420000127604C07FA00F6FC3C52B1012A00D08B
:10443000FFDF2068304320602068AF4038432060B1
:10444000F0BD2068B043F6E706F0E8B8514890F8B0
:1044500032007047514AC1781432116000684F49E8
:1044600000020C3108607047252807D0262807D0A5
:10447000272807D00A2807D8042206E0022107E0EF
:104480001A2105E0502103E0062202EB4001C9B2E7
:10449000424A083A116041494431086070473D483A
:1044A000817A012917D0022914D1417E002911D027
:1044B000827F0121C37F01FA02F299400A433D49FC
:1044C00094390A6090F820003C4A002102EB8000F9
:1044D000C0F810157047017EE8E72DE9F0472D4C34
:1044E000A17A01290BD0022975D1627E002A72D0EF
:1044F000012906D0677FE17E59B101260AE0227EBC
:10450000F4E7277FA17E09B1012600E000261121F2
:1045100001E000262421DFF898804FF0010AA8F17D
:104520004408C8F84CA0DFF898904518D9F8000066
:10453000A84200D3FFDF0021C8F84C11C9F8005091
:10454000380286F0010140EA015040F0031294F86D
:1045500020101A4800EB8103C3F8102500EB8101FD
:10456000A27F184800EBC203C3F81415164DC3F818
:104570001055E37F00EBC300C0F814150449083957
:10458000C0F810150AFA02F120E024E00010004003
:10459000181100407C0A0020000E00401015004059
:1045A000FC1F00403C170040880000802C00008960
:1045B000448000409CF5014000000404006000407D
:1045C0004C85004000F001404C8100400AFA03F0A5
:1045D0000143F9480160BDE8F0872DE9F0410E463E
:1045E000F64907460320C1F80002F54C94F8210073
:1045F00010B14FF4C02000E0F248EF4D2860304683
:1046000006F036F817B1012F0FD017E0FEF7DEFFE6
:1046100010B1304600F0C9FB0120A072A06B40F43D
:104620008010A0634FF4801007E00220A072A06BFE
:1046300040F40010A0634FF400102860F6F744F92E
:104640003146BDE8F04148E72DE9F05FDB4C074615
:1046500003200E469346C4F80002D94D95F8210078
:1046600010B14FF4C02100E0D649DFF84C93C9F8EF
:104670000010104605F0FCFFDFF83C834FF0010A04
:1046800008F1A808A7B3012F3ED0FFDFCE4806608F
:10469000C949CE48A4310860A86B40F40020A86343
:1046A000D4F800721025C4F808530020C4F80002A2
:1046B000C1494FF48028091DC1F8008004F5007439
:1046C000FFF765FD2760C9F80080C4F80451E903CD
:1046D000C9F80010BE49C1F84CA0BB48001D0068D5
:1046E000B04200D3FFDF59463046BDE8F05FF4E644
:1046F000FFE7FEF76BFF10B1584600F056FBC8F815
:10470000004085F80AA0C1E7AC49091DC8F80010AF
:104710000220A872BAE72DE9F041A94C064690465E
:1047200094F831000F46002500B9FFDF16B1012EC5
:1047300012D01DE094F83100012806D094F8302002
:104740004146384605F0A2FF10E094F8301042468A
:10475000384605F0DCFF09E094F8310094F8301099
:1047600001284246384609D005F0F8FFE16A4518AD
:10477000424629463046BDE8F04165E705F0A8FF0E
:10478000F4E708B5FF208DF800008C480021C0F840
:1047900010110121016104E09DF80010491E8DF8FF
:1047A00000109DF8001019B1D0F810110029F3D0B5
:1047B0009DF80000002800D1FFDF08BD2DE9F04181
:1047C0007E4CD4F8000220F00307D4F804034FF025
:1047D0001008C0F30016C4F808830025C4F800527E
:1047E000774890F8210010B14FF4C02000E07548E0
:1047F000714940F46020091D0860FFF750FEFFF783
:10480000C0FFC4F81051FEF7E1FE08B1C4F828510A
:1048100000F0AEFAC4F80072002E01D0C4F8048390
:10482000BDE8F081ADE700686A4920F07F4008608C
:10483000704710B5012000F07DFABDE8104001205E
:1048400000F089BA01465E4818221838F8F771BDA1
:104850004FF0E0210220C1F8000170475E49087066
:1048600070475C4938390860704770B50546F6F7FF
:104870002BF8534C2844E16A884200D8FFDF01201E
:104880002074F6F721F82844606194F8211041B1B2
:10489000084460614948D0F8001241F04001C0F876
:1048A00000124B490020C1F8440147496069091FC3
:1048B0000860BDE8704000F0A2BA70B5404C0646F2
:1048C00002200D462074FFF7A9FC024694F831003F
:1048D00094F8301001281BD0304605F081FF60614C
:1048E00094F8210048B16169084460613348D0F808
:1048F000001241F04001C0F8001235490020C1F813
:1049000044016169E06A08442F49091F086070BDCD
:104910002B46304605F037FFE1E727494FF480008A
:10492000091D08602648816B21F480018163002104
:10493000017470472A4A10B502EBC002274BC2F837
:104940001035C2F81415012181401B4801601C4834
:10495000826B0A43826310BD1D4801214160C16022
:104960000021C0F844111848001F01601448C162BA
:10497000704710B50446FEF729FE10B1104880F8C4
:1049800021401448243004600C48D0F8001241F053
:104990004001C0F8001210BD084810B5D0F8001250
:1049A00021F04001C0F80012FEF710FE0949243141
:1049B00000B10220086010BD04F501400010004065
:1049C0007C0A002000000404488500404881004023
:1049D000008000403C150040C3000020041100404E
:1049E00000F00140F948D0F8001221F01001C0F8A1
:1049F0000012012181617047F4480021C0F81C11A8
:104A0000D0F8001241F01001C0F800127047EF49D1
:104A100008B5D1F81C21012A01D0002008BDEC4ABC
:104A2000126802F07F02524202700020C1F81C019D
:104A3000E84800680090012008BDF0B517460C005A
:104A4000064600D1FFDFE44DE0072F7302D0012CB2
:104A500000D0FFDF46B102206872EC72012802D05C
:104A6000022800D0FFDFF0BD0120F5E770B5DA4C79
:104A70000021E27A930703D5830701D5430713D4B6
:104A8000D30605D594F8333013B194F835305BB1C3
:104A9000130702D594F8243033B9520702D594F89D
:104AA00025200AB1C00700D00121607A012518B184
:104AB000A1B1BDE8704081E694F8210010B14FF437
:104AC000C02000E0C548C6490860C048D0F80012C0
:104AD00021F00301C0F80012E57270BD012803D077
:104AE000022808D0FFDF70BD00F042F9A5729621C0
:104AF000227B002006E000F03BF90220A072227B1E
:104B000096210120BDE8704005E62DE9F05FDFF851
:104B1000D4B29BF80000042800D3FFDFB248D0F8DD
:104B20004C0108B1FFF7BBFCAB4CAD49A06B086072
:104B30004FF00008C4F8388000F06BF9DFF8AC9251
:104B40000546D9F80010A16294F8210008B1081AAE
:104B5000A062A648001F0068E062FFF75FFB84F8D0
:104B60003000A07ADFF868A2012184F83100AAF1B0
:104B7000440A022808D1607830B1DAF800201278AF
:104B800002402078904310D084F82480924EA807E9
:104B9000A6F1180605D5F5F797FEA16A081A31693E
:104BA0008847E80704D0002709E084F82410EDE7DF
:104BB000A80701D5012702E0280707D50227F5F746
:104BC00083FEE16A7269081A394690479BF8000033
:104BD000C0071CD1DAF800005746007800F00F003B
:104BE000072812D239680622A01C0931F8F774FB95
:104BF00038B9207A39680978B0EBD11F01D101208A
:104C000000E0002084F8250001E084F82580284693
:104C1000FFF72CFFE80701D030682FE0A80726D562
:104C200068071ED4FEF7D2FCD8B9FEF7DFFCC0B986
:104C30006748F4380168001F0068C0F3425CC0F3A5
:104C4000006700F00F03C0F30312C0F3032047B165
:104C50000BB102B128B921B1BCF1030F01D245F06B
:104C6000040545F380007168401C884709E0280767
:104C700001D5B06802E0E80602D5F068804700E0A0
:104C8000FFDFA07A02281BD1207C002818D0564ACA
:104C9000C2F8448102280FD0012800D0FFDFE16A6A
:104CA0006069884200D8FFDFD4F81410C9F80010FA
:104CB000BDE8F05F00F0A3B86169E06A0144F5E780
:104CC000BDE8F09F70B5054641F2643441F66A06CE
:104CD000022806D0012D12D0022D0CD0FFDF304665
:104CE00070BDFEF72FFC0028F6D1FEF738FC002837
:104CF000F2D141F6583441F29A00204470BD42F698
:104D0000CE3070BD324808300168032904D00068F5
:104D1000022801D000207047012070472C4808303D
:104D200001680B2904D000680A2801D000207047D0
:104D30000120704700280DDB00F01F020121914087
:104D40004009800000F1E020C0F88011BFF34F8FD0
:104D5000BFF36F8F7047002809DB00F01F020121AD
:104D600091404009800000F1E020C0F880127047B7
:104D700019480021417281720121C172704730B51A
:104D800000240546012902D002290BD0FFDF184874
:104D900004430F4834380460164805430C48303843
:104DA000056030BD4FF08074F1E7094A4032116868
:104DB00053060228D3F820031ED0C0F3062000BFFC
:104DC00021F4FE4141EA00201060704700100040CD
:104DD000481500401C1100407C0A0020000004041B
:104DE00008F50140C30000200080004044850040D9
:104DF0000801100000000302C0F30660E0E7354838
:104E0000816B41F48001816333494FF48000086075
:104E1000DBE7F8B52F4C314E0020217C19B1D6F8D4
:104E20004411012907D00023A27A2D49012A04D078
:104E3000022A0AD019E00123F6E7D1F80C01012873
:104E400001D0002011E008200FE0D1F80C0101286A
:104E500006D0002223480068012803D0042002E085
:104E60000222F7E7002010431843D1F81021012A4D
:104E70002ED0002505431C48026812F0FF0F03D016
:104E8000D1F81421012A00D0002284F832200068D1
:104E900010F0FF0F03D0D1F81801012800D0002036
:104EA00084F833000F481030006884F83400FFF7AE
:104EB00072F8012800D0002084F83500FFF767F968
:104EC0000020C6F844010948006800902846F8BD53
:104ED0001025CFE77C0A002004F501400080004047
:104EE0000010004000140040401600404481004083
:104EF00010B5444822220021F8F745FA4148002421
:104F0000017821F010010170012104F04DFC3D49B0
:104F10004FF6FF70263981F8224088843A4908808C
:104F2000488010BDE4E7704700F05FB83549016084
:104F30007047354908807047324926398A8CA2F576
:104F40007F43FF3B02D00021016008E091F822205E
:104F50002C492639012A02D0016001207047002027
:104F600070472848263810F8221F012908D001214F
:104F7000017025482349263900888884012070471C
:104F8000002070472049488070471E491E4B263933
:104F90008A8C5B889A4205D191F8222012B1016077
:104FA00001207047002070471648174A2638818C28
:104FB0005288914209D14FF6FF71818410F8221F67
:104FC00019B10021017001207047002070470D4881
:104FD0000D4A2638818C5288914204D190F82200E3
:104FE00008B10020704701207047064926398A8C95
:104FF000824205D1002081F822004FF6FF7088849C
:1050000070470000DE0A0020C400002070473D4ABF
:10501000012338B1012804D1137008689060888892
:105020009081704753700868C2F802008888D08069
:105030007047344A10B1012807D00EE0507860B1B3
:10504000D2F802000860D08804E0107828B1906897
:1050500008609089888001207047002070472949A6
:1050600010B1012802D005E0487800E0087808B1C6
:10507000012070470020704730B50C4605468DB0C2
:105080004FF0030104F1030012B1FEF741FB01E010
:10509000FEF75DFB60790D2220F0C00040F040007B
:1050A0006071002104A8F8F76EF9E0788DF81F0010
:1050B00020798DF81E0060798DF81D001022294698
:1050C0006846F8F736F9684604F036FE9DF82F007A
:1050D00020709DF82E0060709DF82D00A0700DB01E
:1050E00030BD10B5002904464FF0060102D0FEF78E
:1050F0000FFB01E0FEF72BFB607920F0C000607130
:1051000010BD0000C8000020FE48406870472DE92F
:10511000F0410E46074601461446012004F011FDF9
:10512000054697F86500FFF725F84AF2B1210844D3
:105130004FF47A71B0FBF1F1788840F2712250435C
:10514000C1EB4000041BA4F2663402F0BBFD00B1C9
:105150001E3CAE4201D2284600E03046A04204D2B6
:10516000AE4201D22C4600E034467C62BDE8F081BC
:1051700030B502460020002914D0A2FB01104C0AD1
:1051800044EAC054400A641C40F100000021D4F1FC
:10519000FF3240F2A175814100D2FFDF04F5F464D3
:1051A000B4FBF5F030BD2DE9FF4F8BB0044690F80D
:1051B00065008A460990DDE90D1008430890D24841
:1051C0000026007800F004FE054694F88C0100F0FB
:1051D000FFFD284480B2009094F87D000D2804D093
:1051E000002007900D9810B131E00120F9E794F804
:1051F0002C0103282BD1079848B3B4F8AE115145C0
:1052000025D1D4F83401C4F82001608840F2E2418D
:105210004843C4F82401B4F87A01B4F806110844EC
:10522000C4F82801204602F057FDB4F8B201E0822C
:1052300094F8B0016075B4F8B4016080B4F8B601B8
:10524000A080B4F8B801E080022084F82C01D4F8E2
:1052500084010590D4F880010390B4F80681B4F875
:105260007811D4F8740106900D9820B194F840019B
:1052700000287DD108E004F580700290743004901D
:1052800004F5B075001D07E004F5AA700290001D3A
:10529000049004F5A275001D0A90B4F87020AAEBE2
:1052A00002000FFA80F9AAEB010007B2002F05DA1D
:1052B000D4F87001069001204F46089092484FF0B4
:1052C000000B007970B3F5F7A1FC58B3B4F81801DE
:1052D000022827D394F82C01022823D094F8430104
:1052E00000BB94F88C0100F073FD00F5C86080B23B
:1052F000009094F82C01012845D0608840F2E241EA
:1053000048430099FFF734FF08EB0901CA1BD4F8A2
:10531000341180B2431A02FB03BBC4F834010120EC
:1053200084F8430194F82C0100286DD001287DD029
:1053300002287CD003287BD0FFDF00BFA6EB0B0147
:105340000698FCF70EFD0499012640F271220860D0
:105350000A990020A1F800A028702E710498006816
:10536000A8606088D4F834115043C1EB400000E0DD
:10537000BFE16549A0F23630C861896981427DD9B3
:10538000029908607BE194F88000032833D0012162
:10539000002004F0CDF8E18A40F27122514300EB85
:1053A00041000190D4F82401B8340099FFF7E0FEE1
:1053B000A16E226F431AA066DDE9001002FB03BB59
:1053C000FFF7D6FEA16FA067421A34F8B60C40F280
:1053D000E241484393440099FFF7CAFE08EB0901F4
:1053E000226FC91B8A1AE16F521E431A02FB03BBCC
:1053F000E067B83C93E7E08A40F27122D4F82411C8
:10540000504301EB4000CCE7039800B9FFDF0121D6
:10541000002004F08DF80646E08A40F271214843EE
:1054200006EB40000099FFF7A3FE02E0C0E058E061
:10543000DDE0C4F83001608840F2E2414843009961
:10544000FFF796FEC4F8340182B22046A16AFFF746
:105450005EFE14F8650FFEF7F2FE4FF47A7800F264
:10546000E140B0FBF8F1039801EB00092078FEF76A
:10547000E6FE07462078FEF77DFE00E0FDE03844BA
:105480004AF2AB310144B1FBF8F134F84F0C40F271
:105490007122504306EB4000411AD4F8CB0040F291
:1054A000E2430A1A02EB0906227814F8501C11FB99
:1054B00003F1203E00F0B9FC1349801C886114F808
:1054C0006509FEF7BCFE00F2E140B0FBF8F103987D
:1054D0000844301A40F2F6218842BFF42FAFFFDFB4
:1054E0002CE7E08A40F27122D4F82411504301EBFA
:1054F00040000099FFF73CFEC4F83001608840F29C
:10550000E24103E0000B0020D8000020484300994E
:10551000FFF72EFEC4F8340182B22046A16AFFF7DD
:10552000F6FDB8F1000F21D10E98F8B194F865603E
:105530003046FEF71FFE4AF2B12101444FF47A7063
:10554000B1FBF0F0D4F8301140F271230144E08A4D
:10555000D4F82421584302EB4000471A3046FEF7A6
:1055600076FE0599081A3E18203E0AE0E08A40F2CD
:105570007122D4F82411504301EB4000D4F83011CB
:10558000461AD4F82821D4F82011D4F8300140F27A
:10559000E24301FB020094F86520617D11FB03F1F9
:1055A00000F043FCF9498861012084F82C01C5E62C
:1055B000608840F271225043D4F83411D4F8282185
:1055C000C1EB40067E4308EB0900801AD4F8207135
:1055D000D4F83031401E07FB023200FB012094F862
:1055E0006520617D40F2E24311FB03F140E06088F9
:1055F00040F27122D4F834115043C1EB400694F8C4
:105600007C007E43242803D094F87D0024280AD10E
:10561000B4F8AE11AAEB010000B2002803DB94F845
:10562000B10100B109900898D8B1B8F1000F18D1B4
:10563000059808B1039800B9FFDF94F86500FEF7FC
:1056400099FD4AF2B12101444FF47A70B1FBF0F0B8
:10565000361A94F86500FEF7FAFD0599081A064413
:10566000203ED4F8341108EB090048430021099A80
:1056700000F0DBFBC549886160E602980160029892
:10568000616A0068084400F5D370E86002F01AFB14
:1056900010B1E8681E30E8606E71B4F8F010A1EB4C
:1056A0000A0000B2002801DD032068710798002875
:1056B0000E9822D0C0B100BFB4F81811B1B3B4F83D
:1056C0001A0100BFA4F81A0194F81C21401C42439F
:1056D0008A4209D26879401E002805DD6E71B4F84F
:1056E0001A01401CA4F81A010D9830B394F8400137
:1056F000F8B102200FB0BDE8F08F0028DCD194F89B
:105700002C010028F0D0608840F27122D4F83411C6
:105710005043C1EB4001284603F04EFE0004000C4C
:10572000E2D0189901B108800120E3E7FFE70020EB
:10573000C8E794F87C01FDF78CF994F87C012946C0
:1057400000F059FB20B10D9880F0010084F8410170
:105750000020CFE77CB50446FCF72FFE0146D4F8C5
:105760007001FDF72BFB214600F076FB94F87D10CD
:105770000D290AD0B4F87020B4F83E1113189942DC
:1057800006DB491CA4F83E1106E0B4F83E010CE02B
:10579000401C1044A4F83E0194F8420140B9B4F80A
:1057A0003E01B4F8F410884202D1401CA4F83E0136
:1057B000B4F87A0101AE401CA4F87A01B4F89A005A
:1057C000B4F89810401AB4F87010401E084485B21E
:1057D00009E000231A4620460096FFF7E4FCD0B10A
:1057E00001282ED0FFDFB4F83E11681A00B200285D
:1057F000EFDA082084F88D00012084F88C00204620
:1058000001F0F5FE204600F0F8FA60484079BDE866
:105810007C40F5F7C9BBA06E002811D0B4F83E015A
:10582000B4F89420801A01B2002909DD34F86C0F15
:105830000144491E91FBF0F189B201FB0020208553
:105840007CBDB4F83E01BDF804100844A4F83E0144
:10585000C9E770B54E4C607A08B1002070BD94F86D
:10586000300030B1616B606A884202D9F8F70CFBF6
:10587000F3E7A06AC8B1F7F725FF0546F7F7F9FE89
:10588000284442F210714618FCF797FD0546294658
:10589000E06AFDF793FAE562A16A8219914202D2A9
:1058A0000120A062E2E7081AA062012070BD70B575
:1058B000374C012500202575207494F8300004F140
:1058C000100650B14FF47A71A069FCF74AFAA06152
:1058D0000021304603F070FD10E0002000F00DFBC9
:1058E0000546F7F7EFFE05442946A069FCF739FAAB
:1058F000A0612946304603F05FFD451C208C411C09
:105900000A2901D228442084606828B1208C401CD8
:105910000A2801D3022000E003206075FFF799FFF9
:1059200038B1207B314600F066FA002800D1FFDF55
:1059300070BD00F0DAFA15484079BDE87040F5F71F
:1059400033BB38B50025044680F82C51A0F87851B7
:105950002B462A4629460095FFF725FC00B1FFDFBC
:10596000C4F828510120C4F8205184F82C01A4F86F
:105970003E51A4F83C5184F8425134F8700F401E57
:1059800024F8B80B0020A4F8525038BDD8000020ED
:10599000000B002010B530B1F749012807D00228CC
:1059A0000BD0FFDF10BDBDE8104000F0EABA486A36
:1059B000BDE81040002100F0B5BA002081F83000A9
:1059C000FCF7F9FBED484079BDE81040F5F7ECBA7B
:1059D0002DE9F0410646E8480F460178E74D0329D6
:1059E00009D1017BB14206D1406868613846BDE803
:1059F000F04100F0EEBA304600F0F3F90621FAF774
:105A00005DFB040000D1FFDF304600F0EAF9218899
:105A1000884200D0FFDF214638466C61BDE8F04186
:105A200000F027BA10B5D44C207848B1012060723C
:105A3000F8F74CFA2078032804D0207A002800D008
:105A40000C2010BD207BFDF704F8207BFDF772FAD7
:105A5000207BFCF78FFC00B9FFDF0020207010BD19
:105A600010B5FFF7DFFF00F0F1FAC348002180F81E
:105A70003010C172084610BDC049487100208870BE
:105A800001220A7048700A71C870BB490870E7E7C4
:105A9000BA49087070472DE9F047B74C07460E46E3
:105AA000207800284BD1B648FCF702FC20731F2851
:105AB00045D04FF00309676084F8009000256572B7
:105AC000257287B1012107F58E70FDF740FE062093
:105AD000FAF7A0FA97F81C11B1FBF0F200FB1210D4
:105AE000401C87F81C01FCF73EFC40F2F65188424E
:105AF00000D2084600F23F101FFA80F8F7F7B9FD10
:105B0000E061F7F7DFFD0127E0B1A772FCF755FC74
:105B10008246002000F0F1F900EB08015046FCF746
:105B200020F9A061C4E90A6A277584F815909249A2
:105B30002574207B103100F05EF990B910E00C2044
:105B4000BDE8F087FCF739FC4146FCF70AF9A06193
:105B5000A57284F83070A6F28B566663A562E3E7FF
:105B6000FFDF25840020F8F7B1F90020E8E783493A
:105B7000487070478149087170472DE9F0417F4CAA
:105B80000746E088401CE080D4E902516078D7F8ED
:105B9000806120B13246284603F036FC0546A068F5
:105BA000854205D02169281A08442061FDF7D3F801
:105BB000A560AE4205D897F82C01012801D0E07805
:105BC00010B10020BDE8F0810120FBE710B50446CC
:105BD0000846FEF7CFFA4AF2B12108444FF47A7131
:105BE000B0FBF1F040F2E2414C4300F23630844227
:105BF00001D9201A10BD002010BD7CB5044600203C
:105C000084F8400194F8FE0000283FD194F82C015C
:105C100003283BD1FCF7D1FB0146D4F87001FDF716
:105C2000CDF8002832DD214600F016F9411CB4F809
:105C300070000144A4F83C11B4F83C11B4F8F4200D
:105C4000511A09B2002921DD012184F84211B4F86A
:105C50009A10B4F8982001AE891A491E084485B2FA
:105C60000EE00096B4F83C11002301222046FFF715
:105C70009AFA00280AD0012809D0022806D0FFDFAE
:105C8000B4F83C01281A00B20028EADA7CBDB4F866
:105C90003C01BDF804100844A4F83C01F0E738B515
:105CA00000250446012902D13448C07868B1042097
:105CB00084F82C01FCF77FFAA4F87A51B4F870004C
:105CC000A4F83E0184F842515FE60095B4F8F41060
:105CD000012300222046FFF766FA0028EAD0FFDF02
:105CE000E8E710B5062916D2DFE801F00509030C34
:105CF0000C0D002100E00121BDE81040CFE7032199
:105D000080F82C1110BDB0F834118AB2816ABDE858
:105D10001040FFF7FCB9FFDF10BD70B5174CA1783C
:105D2000022916D1E188002913D16569C5F88401DB
:105D300095F86500FEF78BFAD5F88411081AA1686A
:105D40000144A160E1680844E060BDE8704000F0F3
:105D5000A9B970BD70B5054608488478022C11D0E9
:105D6000054C243401B34FF47A7601290ED0022970
:105D700010D0FFDF70BD0000000B0020D800002015
:105D8000D1590100446904F5C074EBE71846FEF7E9
:105D900056FA02E01046FEF795FF00F2E140B0FB34
:105DA000F6F0281A2060E5E72560E3E7FE4810B525
:105DB000007808B1002010BD0620FAF71DF980F028
:105DC000010010BDF8480078002800D0012070477D
:105DD00010B504460C2800D3FFDFF44830F8140057
:105DE00010BD10B504461F2800D3FFDFEE48383041
:105DF00030F8140010BDFCF711BD70B5044600204A
:105E000084F82C0194F87C514FF6FF761F2D00D3B7
:105E1000FFDFE548383020F8156094F87C01FCF786
:105E2000A9FA1F2084F87C01A4E770B505460C464A
:105E300016461046FEF79EF94AF2B12108444FF487
:105E40007A71B0FBF1F000EB450004443046FEF7F8
:105E5000FEF9204460308DE7002809D0D1F83421C4
:105E6000498840F271235943C2EB4101B0FBF1F084
:105E700070472DE9F04101250226CD4F0C46082838
:105E800031D2DFE800F0040E161611301A23204636
:105E900000F0ADF9204600F064F984F84051BE707E
:105EA00090E601F00AFF01E0FEF72FFE84F8405172
:105EB00088E62046BDE8F0414CE4FEF7B3FCFEF76F
:105EC00024FE4FF0E020C0F880627BE694F82C01BD
:105ED000042800D0FFDF2046FFF78FFF7879BDE868
:105EE000F041F5F761B8FFDF6CE610B5AE4C207BF2
:105EF000FCF740FA0020207010BD08B500284FF0D4
:105F00000101684602D0FDF703FC01E0FDF7F6FB56
:105F10009DF8000042F210710002B0FBF1F201FBAB
:105F2000120008BD2DE9F0419F4C0746002084F87F
:105F30003000A669E07220700120207201216068A3
:105F400003F0B2F86068C0F87061257B80F87C517E
:105F5000C0F88071C0F8746106881F2D00D3FFDF80
:105F60009148383020F815606068FFF7EAFC00B10E
:105F7000FFDFFCF720F98E484079BDE8F041F5F7E6
:105F800013B870B5884C0025A07A18B10120FFF72E
:105F9000B4FF0546F7F796FB4119A069FBF7E1FE50
:105FA000A061002525740320607501202075607AAA
:105FB00030B97D49207B1031FFF71DFF00B9FFDFAD
:105FC0002584FCF7F8F87A484079BDE87040F4F78A
:105FD000EBBF70B5744D04462878032800D0FFDF6E
:105FE000082C31D2DFE804F0040E2A2A2630302DA6
:105FF00000206862F7F77CFD00B1FFDF6C490320E9
:106000008870B7E6F7F735FBE9690446A14206D286
:10601000601A0421FCF705FFEC6108B906E0E861AD
:10602000F7F7B1FE0028ECD0FFDFA3E6BDE8704033
:106030000020AFE4BDE87040FEF767BDBDE87040EA
:1060400035E4BDE8704050E7FFDF93E6FEB5584CFD
:106050000120E0704FF6FF750CE00621FAF72EF8EC
:10606000060000D1FFDF96F87C01FCF763FF3046A5
:10607000FFF7C3FE69460620F9F7ADFF50B1FFDF19
:1060800008E0029830B190F82C1119B10088A842AC
:10609000E3D104E06846F9F77CFF0028F1D0002046
:1060A000E070FEBD2DE9F0474148446994F8431182
:1060B000002955D094F82C11032951D194F86590FA
:1060C0000078FFF785FE054694F88C01FFF780FE07
:1060D000284486B294F88C01FFF77AFE00F5C86078
:1060E0001FFA80F84846FEF7B2F8D4F884110D1A6A
:1060F0004846FEF73FF84FF47A7A00F2E730B0FBFB
:10610000FAF02D1A4846FEF7A2F8D4F800110F1A3B
:106110004846FEF72FF84AF2B1210144B1FBFAF0EC
:106120003A1AA2F160007043B0FBF8F1292000EBAD
:1061300052006031A0EB510200EB5100AA4201D89D
:10614000854201D3F4F714FE608840F2E2414843EF
:106150003146FFF70DF8C4F83401002084F84301FC
:10616000EEE470B50446FCF7FEF8054694F86500C9
:10617000FEF700F84AF2B12108444FF47A71B0FBFF
:10618000F1F0D4F8341140F2712201446088504398
:10619000C1EB4006303EB72D00D8B725214601207F
:1061A00003F0CFFC284405E0000B002088B201007A
:1061B000D8000020351A21460120A5F21B3503F036
:1061C000C0FC616A9C30814201D9081A00E00020BD
:1061D0002C49A842CD6000D328468860D4F86C01D1
:1061E000A0F5D3700861BDE87040FCF7B4BD10B5F0
:1061F000044624490020C4F88001C880C4F8840102
:1062000094F8410138B9FCF7D8F8D4F84C11FCF7F0
:10621000D5FD002813DCB4F83E11B4F870008142BB
:1062200001D1B4F8F410081AA4F8F600A4F870101C
:10623000D4F86801C4F84C01C4F870011CE0B4F84B
:106240003C01B4F87010401AA4F8F600B4F83C0110
:10625000A4F87000D4F84C01C4F86801C4F87001C7
:10626000D4F85401C4F80001D4F85801C4F87401FA
:10627000B4F85C01A4F878012046BDE8104001F0B4
:1062800006BC0000D80000202DE9F0410E4604466F
:1062900003F06FFB0546204603F06DFB044603F058
:1062A000FDF8FB4F010015D0386990F864208A4250
:1062B00010D090F8C4311BB190F8C63123421FD0E2
:1062C0002EB990F85D30234201D18A4218D890F857
:1062D000C401A8B1284603F0E1F870B1396991F81A
:1062E0006520824209D091F8C40118B191F8C70124
:1062F000284205D091F8C40110B10120BDE8F08119
:106300000020FBE730B5E24C85B0E06900285ED0A4
:10631000142200216846F7F736F8206990F86500E6
:10632000FDF728FF4FF47A7100F5FA70B0FBF1F534
:10633000206990F86500FDF78AFF2844ADF8060053
:1063400020690188ADF80010B0F87010ADF80410A5
:106350004188ADF8021090F8A60130B1A069C11CC7
:10636000039103F01FFA8DF81000206990F8A50141
:106370008DF80800E169684688472069002180F8A7
:10638000A61180F8A5110399002920D090F8A41136
:1063900000291CD190F87C10272918D09DF81010E6
:1063A000039A002913D013780124FF2B11D0072B57
:1063B0000DD102290BD15178FF2908D180F8A441D1
:1063C0000399C0F8A8119DF8101080F8A71105B026
:1063D00030BD1B29F2D9FAE770B5AD4C206990F8B1
:1063E0007D001B2800D0FFDF2069002580F8A75022
:1063F00090F8D80100B1FFDF206990F8A81041B1F2
:1064000080F8A8500188A0F8DC1180F8DA510C213E
:1064100008E00188A0F8DC1180F8DA51012180F849
:10642000DE110B2180F8D8110088F9F77AFFF9F70F
:1064300023FC2079F4F7B8FD206980F87D5070BD09
:1064400070B5934CA07980072CD5A078002829D16D
:1064500062692046D37801690D2B01F170005FD08D
:106460000DDCA3F102034FF001050B2B19D2DFE87D
:1064700003F01A1844506127182C183A6400152BA1
:106480006FD008DC112B4BD0122B5AD0132B62D0BB
:10649000142B06D166E0162B71D0172B70D0FF2B72
:1064A0006FD0FFDF70BD91F87F200123194602F005
:1064B00038FF0028F6D12169082081F87F0070BDDF
:1064C0001079BDE8704001F0A2BC91F87E00C007D1
:1064D00000D1FFDF01F05AFC206910F87E1F21F087
:1064E0000101017070BD91F87D00102800D0FFDF20
:1064F0002069112180F8A75008E091F87D00142848
:1065000000D0FFDF2069152180F8A75080F87D10AA
:1065100070BD91F87D00152800D0FFDF172005E041
:1065200091F87D00152800D0FFDF1920216981F83E
:106530007D0070BDBDE870404EE7BDE8704001F0E1
:106540003ABC91F87C200123002102F0EAFE00B958
:10655000FFDF0E200FE011F87E0F20F0040008701E
:106560001DE00FE091F87C200123002102F0D9FE0C
:1065700000B9FFDF1C20216981F87C0070BD12E0AA
:106580001BE022E091F87E00C0F30110012800D04A
:10659000FFDF206910F87E1F21F010010170BDE8B7
:1065A000704001F0F3BB91F87C200123002102F040
:1065B000B8FE00B9FFDF1F20DDE791F87D0021283C
:1065C00001D000B1FFDF2220B0E7BDE8704001F04C
:1065D000E9BB2F48016991F87E20130702D50121FC
:1065E0008170704742F0080281F87E208069C0788F
:1065F00081F8E10001F0C1BB10B5254C21690A8882
:10660000A1F81A2281F8180291F8640001F0A9FBA0
:10661000216981F81C0291F8650001F0A2FB216953
:1066200081F81D02012081F81602002081F8C401C2
:106630002079BDE81040F4F7B7BC10B5144C052123
:106640002069FFF74EFB206990F85A10012908D005
:1066500000F5F77103F048FA2079BDE81040F4F72F
:10666000A3BC022180F85A1010BD10B5084C0123BC
:106670000921206990F87C20703002F052FE48B168
:106680002169002001F8960F087301F81A0C10BD5B
:10669000F80000200120A070F9E770B5FE4D01233D
:1066A00029462869896990F87C2009790E2A01D148
:1066B000122903D000241C2A03D004E0BDE8704056
:1066C000D3E7142902D0202A07D008E080F87C40C4
:1066D00080F8A240BDE87040AFE7162906D0262A10
:1066E00001D1162902D0172909D00CE000F87C4FFF
:1066F00080F82640407821280CD01A2017E090F826
:106700007D20222A07D0EA69002A03D0FF2901D17F
:1067100080F8A63132E780F87D4001F037FB286928
:1067200080F8974090F8C4010028F3D00020BDE81D
:10673000704061E72DE9F843D74C206990F87C1050
:10674000202909D05FF0000790F87D10222905D09C
:106750007FB300F17C0503E00127F5E700F17D053B
:1067600010F8B01F41F004010170A06903F007F9AF
:106770004FF00108002608B33946A069FFF784FDF1
:10678000E0B16A46A169206902F096FE90B3A06963
:1067900003F0F3F82169A1F8AE01B1F8701001F02F
:1067A000C6FA40B32069282180F88D1080F88C80CB
:1067B00048E0FFE70220A070BDE8F883206990F868
:1067C000C40110B11E20FFF717FFAFB1A069216906
:1067D000C07881F8E20008FA00F1C1F3006000B966
:1067E000FFDF20690A2180F87C1090F8A20040B9F0
:1067F000FFDF06E009E01AE02E7001F0C7FAFFF7AC
:10680000E8FE206980F89760D6E7206990F8C40117
:1068100018B10020FFF7F0FE2E70206900F17D0115
:1068200080F897608D420DD180F87D600AE0206984
:106830009DF8001080F8B0119DF8011080F8B1119A
:1068400024202870206900F17D018D4203D1BDE82C
:10685000F84301F09BBA80F8A260ADE770B58E4CAA
:1068600001230B21206990F87D20703002F059FD42
:10687000202650BB20690123002190F87D20703034
:1068800002F04FFD0125F0B1206990F87C0024282A
:106890001BD0A06903F063F8C8B1206990F8B0106C
:1068A00041F0040180F8B010A1694A7902F00702B2
:1068B00080F85D20097901F0070180F85C1090F8FC
:1068C000C5311BBB06E0A57058E6A67056E6BDE8CC
:1068D00070407EE690F8C431C3B900F164035E787D
:1068E0008E4205D11978914202D180F897500DE07F
:1068F00000F504710D7002884A8090F85C200A71DE
:1069000090F85D0048712079F4F74EFB2169212051
:1069100081F87D00BDE8704001F02FBAF8B55E4CFB
:10692000206990F87E0010F0300F04D0A07840F07D
:106930000100A070F8BDA06902F0FAFF50B3A06991
:1069400002F0F0FF0746A06902F0F0FF0646A069DA
:1069500002F0E6FF0546A06902F0E6FF0146009757
:10696000206933462A46303003F046F8A079800784
:1069700003D56069C07814280FD0216991F87C0094
:106980001C280AD091F85A0001280ED091F8BB01BA
:1069900058B907E0BDE8F8401BE62169012081F8FD
:1069A0005A0002E091F8BA0130B1206910F87E1F58
:1069B00041F0100101700EE091F87E0001F5FE72C9
:1069C00040F0200081F87E0031F8300B03F080F8B1
:1069D0002079F4F7E9FABDE8F84001F0CEB970B5D6
:1069E0002D4C206990F87E10890707D590F87C20FF
:1069F00001230821703002F094FCE8B1206990F87E
:106A0000AA00800712D4A06902F073FF216981F8FF
:106A1000AB00A06930F8052FA1F8AC204088A1F8A0
:106A2000AE0011F8AA0F40F002000870206990F83B
:106A3000AA10C90703D00FE00120A0709EE590F8CE
:106A40007E00800700D5FFDF206910F87E1F41F02F
:106A50000201017001F091F92069002590F87C1085
:106A6000062906D180F87C5080F8A2502079F4F7EE
:106A70009BFA206990F8AC110429DFD180F8AC5161
:106A80002079F4F791FA206990F87C100029D5D18B
:106A900080F8A25072E50000F800002070B5FE4CAE
:106AA00001230021206990F87D20703002F039FC2C
:106AB000012578B9206990F87D20122A0AD0012397
:106AC0000521703002F02DFC10B10820A07055E5B2
:106AD000A57053E5206990F8A80008B901F04DF9B8
:106AE0002169A06901F5847102F0F1FE2169A069B4
:106AF000D83102F0F2FE206990F8E00100B1FFDF2A
:106B000021690888A1F8E20101F5F271A06902F09B
:106B1000D6FE2169A06901F5F67102F0D5FE206963
:106B200080F8E051142180F87D102079BDE8704094
:106B3000F4F73ABA70B5D84C01230021206990F8D7
:106B40007D20703002F0EDFB0125A8B1A06902F0B4
:106B50008CFE98B1A0692169B0F80D00A1F8AE01D2
:106B6000B1F8701001F0E3F858B12069282180F8DD
:106B70008D1080F88C5001E5A570FFE4BDE87040F1
:106B800027E5A0692169027981F8B021B0F80520D4
:106B9000A1F8B22102F060FE2169A1F8B401A06958
:106BA00002F05DFE2169A1F8B601A06902F05AFE6B
:106BB0002169A1F8B8010D2081F87D00DEE47CB5E3
:106BC000B54CA079C00738D0A06901230521C5784C
:106BD000206990F87D20703002F0A3FB68B1AD1EF3
:106BE0000A2D06D2DFE805F00909050509090505A2
:106BF0000909A07840F00800A070A07800281CD1F6
:106C0000A06902F0FFFD00287AD0A0690226C578AD
:106C10001DB1012D01D0162D18D1206990F87C00EE
:106C200002F067FB90B1206990F87C101F290DD00D
:106C3000202903D0162D16D0A6707CBD262180F801
:106C40007C10162D02D02A20FFF7D6FC0C2D58D030
:106C50000CDC0C2D54D2DFE805F033301D44A7A71F
:106C6000479E57A736392020A0707CBD0120152DE6
:106C700075D008DC112D73D0122D69D0132D64D07E
:106C8000142D3DD178E0162D7CD0182D7DD0FF2D10
:106C900036D183E020690123194690F87F207030B7
:106CA00002F03FFBF8B9A06902F007FE216981F804
:106CB0009201072081F87F0078E001F044F975E047
:106CC000FFF738FF72E001F01EF96FE0206990F8DD
:106CD0007D10112901D0A67068E0122180F87D1086
:106CE00064E0FFF7DBFE61E0206990F87D00172883
:106CF000F1D101F04BF821691B2081F87D0055E0AE
:106D000052E0FFF76CFE51E0206990F87E00C0076A
:106D100003D0A07840F001001FE06946A06902F0AE
:106D2000EAFD9DF8000000F02501206900F8B01F81
:106D30009DF8011001F04101417001F01EF8206939
:106D400010F87E1F41F0010114E0FFF78EFC2DE0EA
:106D5000216991F87E10490705D5A07026E00EE064
:106D600016E00FE011E001F008F8206910F87E1F2E
:106D700041F00401017019E0FFF7D0FD16E001F0C9
:106D80008AF813E0FFF76AFD10E0FFF7D3FC0DE08F
:106D900001F060F80AE0FFF780FC07E0E16919B153
:106DA000216981F8A60101E0FFF713FC2069F0E9F1
:106DB0003012491C42F10002C0E900127CBD70B5DE
:106DC000354CA07900074AD5A078002847D1206922
:106DD00090F8E400FE2800D1FFDF2069FE210025A5
:106DE00080F8E41090F87D10192906D180F8A7509A
:106DF00000F0CCFF206980F87D50206990F87C106D
:106E00001F2902D0272921D119E090F87D0002F036
:106E100070FA78B120692621012380F87C1090F85F
:106E20007D200B21703002F07CFA78B92A20FFF720
:106E3000E3FB0BE02169202081F87C0006E00121C2
:106E400080F8A51180F87C5080F8A250206990F855
:106E50007F10082903D10221217080F8E41059E441
:106E600010B50D4C216991F8B0210AB991F8642050
:106E700081F8642091F8B1210AB991F8652081F870
:106E8000652010B10020FFF7B7FB206902F0D4FDA8
:106E9000002809D0206901E0F8000020BDE810407A
:106EA00000F5F77102F020BE10BD70B5FC4C06462F
:106EB0000D46206990F8E400FE2800D0FFDF22692B
:106EC000002082F8E46015B1A2F8A40022E422F8C0
:106ED0009E0F012010711DE470B5F14C01230021BB
:106EE000206990F87C20703002F01BFA002869D0ED
:106EF000206990F8BA1111B190F8BB1139B190F82E
:106F0000C41100295DD090F8C51111B359E090F873
:106F10007D1024291BD090F87C10242917D0002341
:106F200000F5D87200F5DD7102F058FD21690020EE
:106F300081F8BA0101461420FFF7B7FF216901F17A
:106F40003000C28A21F8E62F408B48803FE00123C1
:106F5000E6E790F87D2001230B21703002F0E1F983
:106F600078BB206990F8640000F0FBFE05462069BC
:106F700090F8650000F0F5FE0646206990F8C6110D
:106F8000284600F0E0FE50B1206990F8C711304665
:106F900000F0D9FE18B10020FFF72EFB11E02069A8
:106FA0000123032190F87D20703002F0BAF940B936
:106FB00020690123022190F87D20703002F0B1F9A0
:106FC00008B1002080E400211620FFF76EFF0120A9
:106FD0007AE410B5F0BBB24C206990F87E10CA0775
:106FE00002D00121092051E08A070AD501210C2095
:106FF000FFF75BFF206910F8AA1F41F00101017043
:1070000046E04A0702D5012113203FE00A0705D5D3
:1070100010F8E11F41710121072037E011F0300F16
:107020003AD090F8BB11A9B990F8BA11D9B190F83B
:107030007D1024292ED090F87C1024292AD00023FA
:1070400000F5D87200F5DD7102F0C8FC216911F875
:107050007E0F00E020E020F0200040F010000870DB
:10706000002081F83C01206990F87E10C90613D5F4
:1070700002F0E2FCFFF7E1FA216901F13000C28A77
:1070800021F8E62F408B488001211520FFF70DFFE6
:10709000012010BD0123D3E7002010BD70B5804C46
:1070A000206990F8E410FE2978D1A178002975D1E3
:1070B00090F87F2001231946703002F032F9002841
:1070C0006CD1206990F8901149B10021A0F89C1072
:1070D00090F8911180F8E610002102205BE090F812
:1070E0007D2001230421703002F01BF90546FFF7D3
:1070F00070FF002852D1284600F089FF00284DD1AA
:1071000020690123002190F87C20703002F009F9F9
:1071100078B120690123042190F87D20703002F0BD
:1071200000F930B9206990F8960010B100211220C2
:1071300031E0206990F87C200A2A0DD0002D2DD155
:1071400001230021703002F0ECF878B1206990F84A
:10715000AC1104290AD105E010F8E21F01710021E9
:10716000072018E090F8AA00800718D0FFF7B4FEB7
:10717000002813D120690123002190F87C20703071
:1071800002F0CFF8002809D0206990F8A401002867
:1071900004D00021FF20BDE8704086E609E0002110
:1071A0000C20FFF782FE206910F8AA1F41F00101B0
:1071B000017043E43EB505466846FDF7BDFE00B9E3
:1071C000FFDF222200210098F6F7DDF80321009866
:1071D00002F0FFFA0098017821F0100101702946B1
:1071E00002F01DFB2E4C0D2D40D00BDCA5F102054D
:1071F0000B2D19D2DFE805F01F184719191F185673
:1072000018192400152D5ED008DC112D25D0122D63
:107210000BD0132D09D0142D06D154E0162D29D0F2
:10722000172D69D0FF2D73D0FFDFFDF79AFE0028E0
:1072300000D1FFDF3EBD2169009891F8E61017E00C
:10724000E26800981178017191884171090A817191
:107250005188C171090A0172E7E70321009802F021
:10726000A6FB0621009802F0A6FBDEE700980621A7
:107270000171DAE70098216991F8C621027191F84D
:10728000C7114171D1E72169009801F5887102F0B9
:1072900028FB21690098DC3102F028FBC5E70000DB
:1072A000F8000020F849D1E90001CDE90101206989
:1072B00001A990F8B00000F025008DF804000098B6
:1072C00002F048FBB1E72069B0F84810009802F0DE
:1072D00017FB2069B0F8E810009802F015FB206950
:1072E000B0F84410009802F013FB2069B0F8E610E3
:1072F000009802F011FB98E7216991F8C401002879
:107300000098B9D111F8642F02714978B9E7FFE705
:10731000206990F8A721D0F8A811009802F08DFA02
:1073200083E7DA4810B5006990F8821041B990F807
:107330007D2001230621703001F0F3FF002800D0EA
:10734000012010BD70B5D14D286990F8801039B179
:10735000012905D0022906D0032904D0FFDF0AE461
:10736000B0F8F41037E090F87F10082936D0B0F864
:107370009810B0F89A2000248B1C9A4206D3511A18
:10738000891E0C04240C01D0641EA4B290F896103F
:1073900039B190F87C2001230921703001F0C1FF40
:1073A00040B3FFF7BEFF78B129690020B1F8902003
:1073B000B1F88E108B1C9A4203D3501A801E00D055
:1073C000401EA04200D284B20CB1641EA4B228694F
:1073D000B0F8F4102144A0F8F01040E5B0F898108F
:1073E0000329BDD330F8701F428D1144491CA0F809
:1073F000801034E50024EAE770B50C4605464FF4EA
:10740000087200212046F5F7BEFF258027E5F8F732
:107410005FBF2DE9F0410D4607460621F8F74EFE05
:10742000041E3ED094F8CC010026B8B16E7007203F
:1074300028700DE0268484F8CC61D4F8CE01C5F81C
:107440000200D4F8D201C5F80600B4F8D60168816C
:1074500094F8CC010028EDD1AE70B6E094F8D801D4
:1074600090B394F8D8010B2813D00C2801D0FFDF7B
:10747000ABE02088F8F755FF0746F8F712FC78B91B
:107480006E700C20287094F8DA01A8702088A8800B
:1074900014E02088F8F745FF0746F8F702FC10B122
:1074A0000020BDE8F0816E700B20287094F8DA019E
:1074B000A8702088A88094F8DE01A87184F8D861AB
:1074C0003846F8F7E8FB80E0FFE794F80E0230B1A9
:1074D0006E700E20287084F80E626F8075E094F84C
:1074E000E00180B16E700820287020886880D4F890
:1074F000E4116960D4F8E811A960B4F8EC01A8813E
:1075000084F8E06161E094F8080270B16E701620B2
:10751000287005E084F80862D4F80A02C5F8020071
:1075200094F808020028F5D14FE094F8EE01B0B1CC
:107530006E70122028700DE084F8EE61D4F8F0012E
:10754000C5F80200D4F8F401C5F80600D4F8F80133
:10755000C5F80A0094F8EE010028EDD135E094F862
:10756000FC0180B16E701820287084F8FC61D4F89A
:10757000FE01C5F80200D4F80202C5F80600B4F80E
:107580000602688121E094F8100240B119202870A9
:1075900084F81062D4F81202C5F8020015E094F8DD
:1075A000160200283FF47DAF6E701320287008E0AB
:1075B00084F81662D4F81802C5F80200B4F81C0268
:1075C000E88094F816020028F2D1012069E72F48DC
:1075D0000021C16101620846704730B52B4D0C4651
:1075E000E860FFF7F4FF00B1FFDF2C7130BD002130
:1075F00080F87C1080F87D1080F8801090F8FE10E4
:1076000009B1022100E00321FEF76BBB2DE9F04137
:107610001E4C0546206909B1002104E0B0F80611AE
:10762000B0F8F6201144A0F8061190F8901139B97D
:1076300090F87F2001231946703001F072FE30B1BE
:10764000206930F89C1FB0F85A201144018020694D
:1076500090F8A23033B1B0F89E10B0F8F620114483
:10766000A0F89E1090F9A670002F06DDB0F8A410C7
:10767000B0F8F6201144A0F8A41001213D263DB138
:1076800080F88D6018E00000A0B20100F800002032
:107690002278022A0AD0012A11D0A2782AB380F8CF
:1076A0008C1012F0140F0DD01E2113E090F8E6207C
:1076B000062A3CD016223AE080F88C1044E090F87C
:1076C000922134E0110702D580F88D603CE09106EC
:1076D00003D5232180F88D1036E0900700D1FFDF1D
:1076E00021692A2081F88D002AE02BB1B0F89E2074
:1076F000B0F8A0309A4210D2002F05DDB0F8A420D7
:10770000B0F8A0309A4208D2B0F89C30B0F89A2075
:10771000934204D390F890310BB1222207E090F805
:1077200080303BB1B0F89830934209D3082280F8FA
:107730008D20C1E7B0F89820062A01D33E22F6E753
:10774000206990F88C1019B12069BDE8F0414EE72E
:10775000BDE8F0410021FEF7C4BA2DE9F047FF4C27
:1077600081460D4620690088F8F7EDFD060000D13E
:10777000FFDFA0782843A070A0794FF000058006B5
:10778000206904D5A0F8985080F8045103E030F83F
:10779000981F491C0180FFF7C4FD012740B3E08812
:1077A000000506D5206990F8821011B1A0F88E501E
:1077B0001EE02069B0F88E10491C89B2A0F88E1026
:1077C000B0F890208A4201D3531A00E00023B4F8A5
:1077D00008C00CF1050C634501D880F89670914201
:1077E00006D3A0F88E5080F80E722079F3F7DCFBF8
:1077F000A0794FF0020810F0600F0ED0206990F8C9
:10780000801011B1032908D102E080F8807001E0F6
:1078100080F880800121FEF764FA206990F88010DA
:10782000012904D1E188C90501D580F88080B9F12A
:10783000000F71D1E188890502D5A0F8185104E044
:10784000B0F81811491CA0F8181100F0A7FBFEF7BA
:1078500059FDFFF723FC00F0B2FD0028206902D09B
:10786000A0F8F85003E030F8F81F491C018000F040
:10787000A9FD38B1206990F80411022907D8491CE4
:1078800080F80411206990F80401022804D92069C5
:1078900020F8F85F4580057320690123002190F8E6
:1078A0007D20703001F03DFD20B9206990F87D0009
:1078B0000C286AD120690123002190F87C207030C7
:1078C00001F02FFD48B320690123002190F87F20AB
:1078D000703001F026FD00B3206990F88010022975
:1078E00053D190F80401C0B93046F7F7AAFFA0B110
:1078F000216991F8E400FE2847D1B1F8F20001288F
:1079000043D981F8FD70B1F89A20B1F89800931E20
:10791000984203DB012004E043E036E0101A401EE9
:1079200080B2B1F8F82023899A4201D3012202E003
:107930009A1A521C92B2904200D91046012801D1E5
:1079400081F8FD5091F86F206AB98A6E5AB1B1F88A
:107950009420B1F87030D21A12B2002A03DD90429E
:1079600000DB104680B291F8892192B1B1F8FA207B
:10797000B1F88A118A4201D3012102E0891A491C17
:1079800089B2884205D9084603E02169012081F8BF
:10799000FD502169B1F870201044A1F8F400FFF700
:1079A000D1FCE088C0F340214846FFF72FFE206954
:1079B00080F8FE50BDE8F047FDF7F6BA6749024689
:1079C0008878CB78184312D10846006942B189798A
:1079D000090703D590F87F00082808D001207047D8
:1079E000B0F84C10028E914201D8FEF7C6B80020C4
:1079F000704770B5594C05460E46E0882843E08034
:107A0000A80703D5E80700D0FFDF6661EA074FF05B
:107A100000014FF001001AD0A661F278062A02D0C8
:107A20000B2A14D10AE0226992F87D30172B0ED16F
:107A30000023E2E92E3302F8370C08E0226992F8BD
:107A40007D30112B03D182F8811082F8A800AA079B
:107A500018D56269D278052A02D00B2A12D10AE021
:107A6000216991F87D20152A0CD10022E1E930220C
:107A700001F83E0C06E0206990F87D20102A01D123
:107A800080F88210280601D50820E07067E42DE90F
:107A9000F84F324C00254FF00108E580A570E570E5
:107AA0004146257061F3070220619246814680F8C5
:107AB000FE800088F8F747FC070000D1FFDF20694F
:107AC0000088FDF736FA20690088FDF75BFA206927
:107AD000B0F8F21071B190F8E410FE290FD190F8CF
:107AE000901189B190F87F2001231946703001F080
:107AF00018FC78B1206990F8E400FE2804D02069D1
:107B000090F8E400FFF756FB206990F8FF1089B168
:107B1000258118E02069A0F89C5090F8911180F818
:107B2000E61000210220FFF7C0F9206980F8FD501F
:107B30000220E7E790F8CC1119B9018C82889142B4
:107B400000D881882181B0F8F610491E8EB2B0F8B5
:107B5000F8103144A0F8F81002E00000F80000200E
:107B600090F8FC1021B1A0F8FA5080F8FC5004E025
:107B7000B0F8FA103144A0F8FA1030F8981F3144E8
:107B80000180FFF7CEFB20B1206930F88E1F314411
:107B900001802069B0F8F210012902D8491CA0F830
:107BA000F2100EB180F8045190F8FD10A1B1B0F8B8
:107BB000F800218988420FD23846F7F742FE58B1C3
:107BC000206990F8891139B1B0F8FA10B0F88A013B
:107BD000814201D300F0F9FB206980F8FD5090F854
:107BE0007D100B2901D00C2916D1B0F87020B0F807
:107BF000AE31D21A12B2002A0EDBD0F8B011816079
:107C000090F8B4110173032101F04EFA206980F855
:107C10007D5080F8B28026E0242910D1B0F8701091
:107C2000B0F8AE21891A09B2002908DB90F8C40126
:107C3000FFF716F9206900F87D5F857613E090F86C
:107C40007C10242901D025290DD1B0F87010B0F88E
:107C5000AE01081A00B2002805DB0120FFF700F989
:107C6000206980F87C5020690146B0F8F620703019
:107C700001F0C8FA206990F8891109B1A0F8FA500A
:107C8000F6480090F64BF74A4946504600F0DEFAB7
:107C9000216A11B16078FCF74DFE206901230521AE
:107CA00090F87D20703001F03CFB002803D0BDE847
:107CB000F84F00F038BABDE8F88F00F045BBEA494C
:107CC000C8617047E848C069002800D001207047AB
:107CD000E54A50701162704710B50446B0F8B421FF
:107CE0004388B0F8B611B0F8B8019A4205D1A3881C
:107CF000994202D1E38898420FD02388A4F8D0316A
:107D0000A4F8D221A4F8D411A4F8D601012084F853
:107D1000CC01D5480079F3F747F90221204601F05C
:107D2000C3F9002004F87D0F0320E07010BD401A55
:107D300000B247F6FE71884201DC002801DC012018
:107D4000704700207047012802D0022805D102E0C8
:107D5000012904D001E0022901D000207047012050
:107D6000704710B5012804D0022804D0FFDF204658
:107D700010BD0124FBE70224F9E7BB48002100699C
:107D800020F8A41F8178491C81707047B64800B55F
:107D9000016911F8A60F401E40B20870002800DAF1
:107DA000FFDF00BDB0482721006980F87C1000216A
:107DB00080F8A411704710B5AB4C206990F8AC1155
:107DC000042916D190F87C2001230021703001F0A5
:107DD000A8FA00B9FFDF206990F8AA10890703D438
:107DE000062180F87C1004E0002180F8A21080F8C1
:107DF000AC11206990F87E00800707D5FFF7C6FF19
:107E0000206910F87E1F21F00201017010BD964913
:107E100010B5096991F87C200A2A09D191F8E2206D
:107E2000824205D1002081F87C0081F8A20010BDBB
:107E300091F87E20130706D522F0080081F87E0015
:107E4000BDE81040A2E7FF2801D0FFDF10BDBDE86C
:107E50001040A7E710B5844C206910F8B01F41F01E
:107E600004010170A06901F0A4FD162806D1206963
:107E700090F87C00202802D0262805D010BDA069EB
:107E800001F09BFDFEF7B8FB2169002081F87C0022
:107E900081F8A20010BDF8B5734C01230A212069B6
:107EA00090F87C20703001F03CFA38B3A06901F002
:107EB0003FFDC8B1A06901F035FD0746A06901F09A
:107EC00035FD0646A06901F02BFD0546A06901F0CD
:107ED0002BFD01460097206933462A46303001F0D9
:107EE0008BFD206901F0A8FD2169002081F8A20026
:107EF00081F87C00BDE8F840FEF79FBBA07840F019
:107F00000100A070F8BD10B5574C01230021206975
:107F100090F87D20703001F004FA30B1FFF72DFFAA
:107F20002169102081F87D0010BD20690123052101
:107F300090F87D20703001F0F4F908B1082000E0DD
:107F40000120A07010BD70B5474C012300212069AD
:107F500090F87D20703001F0E4F9012588B1A06926
:107F600001F0A8FC2169A1F8AE01B1F87010FFF78B
:107F7000DEFE40B12069282180F88D1080F88C50F9
:107F800084E5A57082E52169A06901F5D87101F049
:107F90008CFC21690B2081F87D0077E510B5FEF798
:107FA0000EFFFEF70CFE304CA079400708D5A078F4
:107FB00030B9206990F87F00072801D10120207096
:107FC000FEF73EFAA079C00609D5A07838B9206935
:107FD00090F87D100B2902D10C2180F87D10E078FB
:107FE00000070ED520690123052190F87D2070300F
:107FF00001F097F930B10820A0702169002081F8C4
:10800000D80110BDBDE81040002000F016BB10B52F
:10801000154C216991F87D2040B3102A06D0142A0E
:1080200007D0152A23D01B2A35D123E001210B20AC
:1080300022E0FBF769FB0C2820D32069082100F51A
:108040008870FBF765FB28B120690421DC30FBF761
:108050005FFB00B9FFDF012104200DE05B77010029
:10806000BD790100F3790100F800002008E000F07C
:1080700017F803E001210620FEF717FF012010BDCD
:10808000212A08D191F8970038B991F8C40110B1AC
:1080900091F8C50108B1002010BD01211720EBE7C0
:1080A00070B5184C0025206990F8931101290AD069
:1080B000022925D190F8A810A9B1062180F8E61070
:1080C0000121022017E090F8D811002918D100F101
:1080D000C80300F58471002200F5CA7001F0C1F8F0
:1080E0000121052007E090F8B000400701D51120DC
:1080F00000E00D200121FEF7D8FE206980F89351A1
:10810000C4E40000F8000020F9480078002800D0FE
:108110000C20704710B50446FFF7F6FF00B1FFDFF3
:10812000F348047210BDF2490120C871704770B560
:108130000C460546082B01D0194600E004211046E4
:1081400001F075F9844200D220460DB1001D80B2C5
:10815000C0B270BD70B5E64934314C6804F17005A9
:1081600060B1628F218F94F86530A87CFFF7DFFF44
:1081700094F86510BDE87040FCF79EB8FF2094F8B5
:108180006410F7E72DE9F0478146D9483430446858
:10819000002004F17005628F218F94F86530FFF79D
:1081A000C6FFD34F0646D34878620120FFF7D2FFBF
:1081B000A87C4FF0000840B305F15801CE4891E883
:1081C0000E1000F1080A8AE80E10A96EC0F82110FE
:1081D000E96EC0F82510FE38FCF743FBC6480121C4
:1081E00008300176D5E91412C0E90412A0F58372B3
:1081F000796AFBF728FF94F8650000F0A7FB0246B8
:1082000031460120FBF72DFF04E0786AFCF729FBDB
:10821000FBF74BFFB9F1000F03D141469620FCF765
:108220004CFB94F8642001210020FCF706FC94F834
:108230002C00012801D1FCF7DFFB02203870FCF78D
:1082400061FD002800D0FFDFBDE8F0872DE9F04395
:10825000A74D87B0804628780E9F1C461646894653
:1082600010B90EB104B107B9FFDFEF61C5E90564CC
:108270000020C5E90D89E871A871E870A87028711F
:108280009B4F6871A8813437E8817E68344636F8A0
:10829000700BF8F758F8E8622088F8F742F828637E
:1082A000FCF714F894F96700FCF7CEF804F112001B
:1082B000FCF7B9FA04F10E00FCF7CCF80120FCF74A
:1082C000CDFA18228D496846F5F733F88C480490AA
:1082D0006846FCF7B7FAF07EFCF7C6F8FCF7B8FA88
:1082E00094F86F0078B9A06E68B1B08C318888427C
:1082F00009D1B4F86C1001220844B08494F86E00DF
:10830000A16EF9F708FE628F218F94F86530B07C7A
:10831000FFF70DFF94F865402146FBF7CDFF786825
:1083200090F8880108B1FCF74FF821460120FCF7CE
:1083300054F97868D0F80001FCF797FA0120FFF7AC
:1083400021FF07B0BDE8F083694800B50078022836
:1083500000D0FFDF00BD664810B534304468FCF73C
:10836000FBFAFCF7DAFAFCF729FAFCF762FAFBF7FA
:108370009CFE94F82C00012801D1FCF733FB94F803
:108380006F0038B9A06E28B1002294F86E00114633
:10839000F9F7C1FD564CE08900F0E2FAE269A179F3
:1083A000A07890470020207010BD514810B500788B
:1083B000022800D0FFDFBDE81040CCE7CBE74C48F7
:1083C000007970474A48C078704749490120487190
:1083D00070472DE9FC474648454E3430A0F114075C
:1083E00044684FF0000A254694F875004FF00108E4
:1083F000703458B3012868D002286AD0032876D098
:10840000FFDF316AB1460826087820F008000870BE
:10841000A37906EAC303184320F004000870E37947
:10842000042606EA8303184320F0100008706779D9
:10843000D9F82C00F7F715FA0646FCF7C8FD022F0D
:1084400067D0012F65D0032F66D068E000F094FA62
:10845000AA8E0146104600F0EAFF298E814200D222
:1084600008464C21ADF8040048533846FCF78DFD12
:1084700048B14FF48060316A00F077FA03206071F0
:1084800084F80380BDE76A4601A9F06A00F05CFA4F
:10849000306210B194F8371029B13846FCF746FD28
:1084A00084F80580ADE79DF8001031B9A0F800A070
:1084B00080F802A0012101F08CF9BDF80410306AA7
:1084C00001F07DFA022060719BE73846FCF72EFD33
:1084D00097E7B5F84C00ADF804006A4601A9F06AC8
:1084E00000F032FA306200288BD1FFDF89E709E023
:1084F0001C010020780B0020780D0020A8B201009C
:108500001B5D01003846FCF740FD0028BAD1FFDFB3
:1085100077E7B04301D002E00EB1012100E0002175
:10852000D9F820004E46027842EA01110170617CC0
:1085300051B36179012927D004F15801F7488EC958
:1085400000F1080989E88E00A16EC0F82110E16EE3
:10855000C0F82510FE38FCF784F9F048083080F8A0
:1085600018A0D4E91212C0E90412A0F58371326A8E
:10857000FBF769FD95F8640000F0E8F90246FB217D
:108580000020FBF76EFD03E0FCF76BF9FBF78DFDB8
:10859000012195F865200846FCF74FFA86F804801B
:1085A000316A0A8832828978B17486F80080FCF7D3
:1085B000B5FB002800D0FFDFBDE8FC8770B5D84CC4
:1085C000054639B9012D05D1E078401CC0B2E070F4
:1085D000012820D8A16928468847E0B16179D148AF
:1085E00031B1012D04D1417811B90178C90612D5F4
:1085F000A17981B98DB9CA4910310978CA0602D466
:108600000078C00607D5A08928B9A06A28B9608972
:1086100018B1C80601D4012070BD002070BD10B58E
:10862000BF4CA06A00B9FFDF6289D4E90910D21CEF
:10863000F4F77FFEA06A606210BD2DE9F0470600E6
:10864000B748B74D00F134004468686A04F170041B
:10865000477801D0012E03D1296B02F0EDF8687044
:1086600068784FF000084FF0010938B1012816D0A2
:1086700002282FD0032844D0FFDFE5E5012E30D0BB
:10868000FFF7CDFF39460122286BF7F75BF926E0AB
:1086900084F8078030E000BF84F807902CE0012EBA
:1086A00008D0FFF7BCFF39460022286BF7F74AF9DC
:1086B000022EE2D0D4E91401401C41F10001C4E9CA
:1086C0001401E079012802D084F80790BCE584F811
:1086D0000780B9E5012E04D0286BF7F7B7FA022E10
:1086E000CBD0D4E91401401C41F10001C4E91401CC
:1086F000E0790128D0D1CBE7287ABDE8F047F2F73E
:1087000053BC012EB9D0286BF7F7A0FAF4E770B587
:108710008349834A343100264C68516A01257034FC
:108720000B7803F00303012B14D0022B12D0032B80
:1087300003D0907940F0040023E0A570D08940F484
:108740000060D081012000F010F91CE0E67170BDDE
:10875000E57170BD4978B1B1D38943F40063D38129
:10876000936A002BF5D0FB2908D8D17921B1BDE857
:108770007040802000F0F4B8057070BD907940F032
:108780001000907170BDE0790128E1D1DEE770B58D
:108790006348634D3430446828787034012800D031
:1087A000FFDFA07838B10020A0700146042000F05F
:1087B000DCF801202071296A0878C043800705D1C0
:1087C000A889400502D5022000F0CFF80121002041
:1087D000FFF7F4FE10B1BDE87040BCE5BDE87040A5
:1087E0000020CFE42DE9F84F4D4F4D4C3437002693
:1087F0007D6882468DF8006020787035022800D0B0
:10880000FFDFE08940F40070E0810020FFF7A2FC68
:10881000A87CBAF1000F5BD0FBF76AFCFBF75AFCAF
:108820004FF0010968B9A87C58B1606A417841B13C
:108830000078E979C0F3C000884202D184F8029040
:1088400059E0606A4178618121B1206BF7F734F813
:10885000A06200E0A662E089B84640F02000E08116
:10886000E670786800F17007064690F82C00012841
:1088700016D1FCF7B7F83946304600F010FD78B154
:10888000D8F804003188A0F80A12397A80F80C125E
:10889000797A80F80D1280F80892207AF2F784FB3A
:1088A000606AA9790078C0F38000884205D000F0A2
:1088B00094F8E08940F48070E081606AE97900789A
:1088C000C0F3C00088420AD16846FFF720FF06E0E7
:1088D00008B1FBF73EFCE08940F04000E0815146E2
:1088E0000120FFF76BFE00289DF8000007D010B1B3
:1088F0000020FFF7A2FEFFF72EFDBDE8F88F10B1B4
:108900000120FFF79AFEFFF764FD9DF800000028A4
:10891000F3D00220FFF791FEEFE70000780D002072
:108920001C010020780B002070B5064654480D4607
:108930004468FBF773FC034694F8642029463046EC
:10894000BDE87040FDF706BAF6F7C5BE00B50128D0
:1089500002D0022802D0FFDF002000BD012000BDB0
:10896000474A0021343A52691047454A343A9389BC
:108970000343938152691047414810B5446804F19C
:108980007001087B24280ED0497B24290BD01F2896
:108990000CD020280AD0222912D094F86400042890
:1089A00000D1082010BD94F8B01106E0222907D0AC
:1089B00094F8C60100F04FF8014694F8640008E00E
:1089C00094F8C60114F85D1F084000F044F8014611
:1089D000E079BDE8104000F048B870B52848446818
:1089E00094F875007034002832D0022810D1244D3C
:1089F000343DE86AF6F79BFE00B9FFDFD4E91201C7
:108A0000401C41F10001C4E91201287AF2F7CCFAC6
:108A100000256571207920B1257100211020FFF714
:108A2000A4FFE07878B1E570FCF7BEFA00B9FFDF8B
:108A300000210820FFF799FFD4E91201401C41F101
:108A40000001C4E91201A079012802D00120A0711F
:108A500070BDA57170BDC10701D0012070478007AE
:108A600001D50220704700207047002904D001285A
:108A700003D0012901D00220704701207047000077
:108A8000500100202DE9F0410F4606460024FE4D1E
:108A90000FE000BF05EBC40090F85311B14206D1BE
:108AA0000622394600F5AA70F4F716FC38B1641CAA
:108AB000E4B22878A042EDD81020BDE8F08120462D
:108AC000FBE7F0B50746F04816460478621C0270D2
:108AD00000EBC4050868C5F854018888A5F858015A
:108AE000102C00D3FFDF85F8537185F85A612046BA
:108AF000F0BD70B5054600F017FA10281CD1E24C05
:108B00002078401EC0B22070A84215D004EBC002ED
:108B100004EBC50102F58070D2F85321C1F853214E
:108B2000D0F85700C1F85701207800F0FDF910285F
:108B300002D0204480F8035170BD2DE9F047D24C9B
:108B40000646A719A078401EC5B2A57097F8038104
:108B5000AE422AD004EB051A04EB06190AF1030110
:108B600009F103001022F4F7E4FB0AF1830109F193
:108B700083001022F4F7DDFB601905EB450290F845
:108B8000031187F8031106EB460104EB420204EBE4
:108B90004101D2F80B31C1F80B31B2F80F21A1F825
:108BA0000F2190F83B0187F83B0104EBC80090F8D7
:108BB0005A01C00703D14046BDE8F04799E7BDE838
:108BC000F087B1498A78824203D9084490F843017A
:108BD00070470020704710B540F2D3120021AA4818
:108BE000F4F7D1FB0822FF21A848F4F7CCFBA748F3
:108BF00000210C38417081704FF46171818010BD8B
:108C000070B50D460646FFF73DFF9F4C102807D074
:108C100004EBC00191F85A11C90701D0012070BDC1
:108C20006178082910D2102808D004EBC000012177
:108C300080F85A116078401C6070EFE701222946E5
:108C40003046FFF73EFFF5E7002070BD70B58E4D52
:108C50002878401E44B20AE005EBC40090F85A019F
:108C6000C00702D0E0B200F070F9641E64B2002CBC
:108C7000F2DA864900200C39887070BD82498A7802
:108C8000824203D901EB0010C01C704700207047DE
:108C90002DE9F047984691460C460546FFF7F2FE4F
:108CA0000646102805D000F03FF9102801D0122008
:108CB00085E7754FB87808282AD2102E05D10022F2
:108CC00021462846FFF7FDFE0646BC781022601CB0
:108CD000B87007EB0415E81C494600F0B5FA05F139
:108CE00083001022414600F0AFFA1021404600F008
:108CF0009CFA3C44102184F84301484604F59674DC
:108D000000F093FAE07704F8296C0020E07356E74E
:108D1000072054E75C4810B58078401E44B204E058
:108D2000E0B2FFF70AFF641E64B2002CF8DA10BD4F
:108D300056490C394870704754480C384078704791
:108D400040B14AF2B811884204D850490C398880A1
:108D500001207047002070474C480C3880887047CD
:108D600010B5FFF78FFE102803D000F0DDF81028B3
:108D700000D1082010BD44498A78824203D901EB12
:108D8000001083307047002070473F4B10B59C782F
:108D900084420FD9184490F8030103EBC00090F807
:108DA00053310B70D0F854111160B0F85801908015
:108DB000012010BD002010BD334A114491F8032159
:108DC00032490C390A700268C1F80620808848814F
:108DD000704770B52D4B0C3B5B7873B12A4B9C7878
:108DE0005CB1451821460AB1D81C01E02648833001
:108DF0002A46FBF794F8012070BD002070BD10B525
:108E0000FBF7DBF818B1BDE81040FBF7E6B8FF2030
:108E100010BD1D498A78824209D9084490F803019F
:108E200001EBC00090F85A0100F0010070470020EB
:108E300070472DE9F04100242546134E2CE02846CA
:108E400000F072F88046FFF719FF06EBC50797F8A8
:108E50005A11C9071ED060B1B8F1100F05D006EB4A
:108E6000080191F83B11012903D0102100F0DDF930
:108E700080B10649204601F80480641C97F853210C
:108E800007F5AA71E4B203E0A80D002064010020F8
:108E9000FBF7B5FA6D1CEDB23078A842CFD80CE6DE
:108EA000012296E72E4A01EB410102EB41010268E3
:108EB000C1F80B218088A1F80F01704701461022EC
:108EC000284800F0C1B92748704725498A7882426E
:108ED00003D9084490F83B0108B1002070470120F5
:108EE00070472DE9F0410E460746154606213046EB
:108EF00000F09BF91A4C58B1002004E02118401CE6
:108F000081F83B51C0B2A1788142F7D80120D4E565
:108F100031463846FFF724FF082803D0204480F864
:108F20003B51F3E70020C8E50D4910B5034600208A
:108F30008A7806E00C1894F803419C4204D0401C47
:108F4000C0B28242F6D8102010BD05494A78521EA0
:108F50004A7001EBC001002281F85A21C9E50000E6
:108F6000A80D00207B0F002000F00101400800F058
:108F700001021144400800F001021144400800F0D1
:108F800001021144400800F001021144400800F0C1
:108F900001021144400800F00102114401EB5000AD
:108FA000704710B500240485848DDB004C43B3FB6F
:108FB000F2F394FBF2F45B1C84859BB203FB02F496
:108FC0004385B4F5C84F01DD5B1E43854FF4FA437A
:108FD000B3FBF2F35B1C0386438C02EBC3035B1E03
:108FE000B3FBF2F30384C38B4B43B3FBF2F1C183B6
:108FF00010BD70B50546087B0E4600F01F000873D3
:109000000020687604463019007AFFF7ADFF291971
:10901000641C0875697EE4B208446876052CF2D3B6
:10902000C0B2252800D9FFDF70BD0023C38342846E
:1090300001EBC202521EB2FBF1F101847047F0B5A0
:109040006FF01F02010C02EA90261F25A1F5AA402D
:1090500054380DD0A1F5AA40553809D0A1F52850B3
:10906000AA3805D0A1F52A40AA3801D0012000E095
:10907000002000221346144682EA0107FF431F43E3
:109080007F1C0FD006F00107520842EAC73205F0F4
:1090900001075B0876086D08641C43EAC733162C89
:1090A000EAD3F0BD0020F0BD2DE9F04101260446D1
:1090B000002500F1700751B1012974D0022971D047
:1090C00003296CD101463846BDE8F04191E7802282
:1090D00000213846F4F757F9BD71FD713D737D737A
:1090E000FD733D747D71BD76FD76212087F84000CB
:1090F000412087F84100FE2087F8740027887022FD
:1091000000212046F4F73FF9278084F8646084F852
:109110006560282084F8660004F1300000210746CD
:1091200000F071FC1B21F9833984A4F85210A4F8D3
:1091300054104FF4A470A4F85600A4F858006673B5
:109140004FF448606080A4F8F050A4F8F250A4F8FE
:10915000F450A4F8F650A4F8F850A4F8FA5084F8A3
:10916000FD5084F8FF50A4F8065184F80451A4F887
:109170001851A4F81A5184F8BA5184F8BB5184F8F4
:10918000C45184F8C55184F8895184F8905184F809
:10919000935184F8AC51C4F8A451C4F8A851BDE867
:1091A000F08100E025E0A4F8065184F8FE506188C3
:1091B000FE480A460844B0FBF1F0A4F890004BF6D4
:1091C0008030A4F89200E3883846FFF7EAFE214693
:1091D0003846FFF70EFFFAF7F9F920B1D4F80E0080
:1091E000FFF72DFF10B184F88851D8E784F8886123
:1091F000D5E74188B4F8B831B4F8B4213846BDE8B1
:10920000F041CEE6437E0BB1252B01D912207047E9
:109210002AB14B7B2BB1012B05D01F2070470020BA
:10922000704700F0EEB900F092B910B500231A466D
:1092300003E0845C2343521CD2B28A42F9D30BB1BF
:10924000002010BD012010BD30B5134606E0CC183B
:10925000D51A14F8014C5B1E4455DBB2002BF6D135
:1092600030BD70B50E468CB0144601461D46102226
:109270006846FFF7E9FF1022314604A8FFF7E4FF34
:10928000684600F059FD08A94FF0100228461CB1AD
:10929000FFF7DAFF0CB070BDF4F74BF8FAE738B51A
:1092A00005460C466846FBF7B2FB002820D09DF926
:1092B00000002072E17E617294F90A100022411AC6
:1092C00000D5494295F82D308B4210DCFF2B0ED093
:1092D000E17A491CC9B2E17295F82E30994202D860
:1092E000A17A7F2903D1A0720020E07201221046EA
:1092F00038BD0C2813D00B2811D00D280FD01F28F3
:109300000DD020280BD0212809D0222807D02328CF
:1093100005D0242803D0262801D000207047012042
:10932000704710B5A2F10F030C2941D2DFE801F01C
:1093300006080D1215181C40243E272EAAB337E04C
:10934000072A37D0082A35D032E00C2A32D00B2A2F
:1093500030D02DE00D2A2DD02AE00C2B2AD927E081
:10936000103A0B2A26D923E0032B23D990F8380092
:10937000F0B11B2A1ED91BE0062A1BD018E01C2ABC
:1093800018D01D2A16D01E2A14D011E01F2A11D081
:10939000202A0FD0212A0DD0222A0BD0232A09D02F
:1093A000242A07D0262A05D002E003E00E2A01D0A5
:1093B000002010BD012010BD2DE9F0410C460546EE
:1093C00040F23577866805E0F8F7F7FF3946F8F799
:1093D000C8FCA8602846F9F7A5F90028F4D08CB19C
:1093E0003046A968F9F7EAFC00280BDD2044401E4E
:1093F000B0FBF4F707FB04F13046F8F7B2FCA860C5
:109400003846CCE60020CAE670B5044690420BD23E
:10941000101B642800D2642025188D4205D8042131
:10942000F9F7FFFC08B1284670BD204670BD11F069
:109430000C0F19D04A074FF41671002A03DA00BF47
:109440004FF0100201E04FF0400201DA4FF09601B8
:1094500001F5BC71A0EB0103884202D993FBF2F045
:1094600000E0002080B27047022904D06FF00D01A7
:1094700001EBD000F6E76FF00E0101EB9000F1E791
:109480000844184498300AB1042100E0002108443F
:10949000704701207047106808667047C10701D007
:1094A00001207047810701D502207047400701D590
:1094B00008207047002070472DE9F0410546164608
:1094C00088460124084600F054FA0746404600F05A
:1094D00052FA0346FFF7E2FF02463846FFF7DEFF87
:1094E00052EA000100D10024990700D10022B907F7
:1094F00000D1002095F86410914200D10022327012
:1095000095F86510814200D10020707072B968B979
:10951000404600F032FAB5F87010401A00B247F633
:10952000FE71884201DC002800DC0024204636E67B
:1095300010B540F6C4125410012903D0022902D0FC
:10954000FFDF02E008B1104610BD204610BDF0B5A7
:109550000C7C8B7BCD7B5C404B7C02886B4044EA6F
:109560000324467E62400023D5B2120A95FAA5F57F
:1095700092FAA2F22D0E120E45EA022202EB02121C
:109580005B1C2244DBB292B2032BEDD36240252355
:10959000B2FBF3F403FB142301EBD304837603F053
:1095A00007070125247A05FA07F701E0FFDB05002C
:1095B0003C4201D0C3761AE05643320C521CD2B260
:1095C000002403191B7D934213D300230E19367A0E
:1095D00005FA03F73E4201D0521ED2B222B15B1C03
:1095E000DBB2082BF4D306E003EBC401C176002004
:1095F000F0BDD21AD2B2641CE4B2052CE1D31F2014
:10960000F0BDF0B5837E0C7E012504FB02322523DC
:10961000B2FBF3F403FB142201EBD204827602F0D6
:109620000703247A05FA03F31C4201D0C2761EE038
:10963000437EB2FBF3F403FB1422521CD2B200238C
:10964000C418247D944214D30024CE1896F80860E0
:1096500005FA04F73E4201D0521ED2B222B1641C78
:10966000E4B2082CF4D306E004EBC301C176002079
:10967000F0BD121BD2B25B1CDBB2052BE0D31F2066
:10968000F0BD000030B50546007801F00F0220F073
:109690000F0010432870092912D2DFE801F00507F6
:1096A00005070509050B0F0006240BE00C2409E053
:1096B000222407E001240020E87003E00E2401E0EA
:1096C0000024FFDF6C7030BD007800F00F007047A1
:1096D0000A6840F8032F8988818070470A6840F83B
:1096E000092F8988818070470278402322F0400248
:1096F00003EA81110A4302707047027822F0800267
:1097000042EAC1120270704770B514460E46054613
:109710001F2A00D9FFDF2246314605F10900F3F781
:1097200008FEA41D6C7070BD70B514460E4605464B
:109730001F2A00D9FFDF2246314605F10900F3F761
:10974000F8FDA41D6C7070BD30B5017801F00F01FB
:10975000032920D0052921D14578B0F81910B0F897
:109760001B40B0F81730827D222D17D1062915D362
:109770004FF44865A94211D8B4F5FA7F0ED26AB108
:10978000082A0BD88A4209D28B4207D8B0F81D00AC
:10979000A84205D902E040780C2801D0002030BD55
:1097A000012030BD4078704700B5027801F0030316
:1097B00022F003021A430270012905D0022903D0C6
:1097C000032903D0FFDF00BD002100E0012141702B
:1097D00000BD00B5027801F0030322F003021A4332
:1097E0000270012905D0022903D0032903D0FFDF2D
:1097F00000BD002100E00121417000BD007800F0B3
:1098000003007047417841B1C078192803D2704AEB
:10981000105C884201D1012070470020704730B5AC
:1098200001240546C170192902D26948445C02E04E
:10983000FF2900D0FFDF6C7030BD70B514460E46B6
:1098400005461B2A00D9FFDF6C7022463146E81C12
:10985000BDE87040F3F76DBDB0F807007047B0F891
:1098600009007047B0F80B00704770B5B0F80720DA
:10987000B0F80940B0F805300179951F40F67A46F6
:10988000B54210D8B4F5FA7F0DD261B108290AD8D3
:10989000914208D2934206D8B0F80B00B0F5486F59
:1098A00001D8012070BD002070BD42680A60007AB6
:1098B00008717047B0F80900704700797047426836
:1098C0000A6080684860704780890880704750F857
:1098D0000E2F0A60406848607047D0F81600086094
:1098E00070470A6842604968816070470968C160D2
:1098F00070470079704742680A6080684860704726
:109900000171090A417170478171090AC17170477B
:109910000172090A417270478172090AC172704767
:1099200080887047C08870470089704740897047B9
:1099300001891B290CD341894FF4A472914207D3AA
:1099400081881B2904D3C088904201D3012070472D
:10995000002070470A684260496881607047017959
:10996000490704D04079400701D00120704700200A
:1099700070470079704740797047C08870470CB5D0
:1099800014A2D2E90012CDE900120179407901F068
:10999000070269461DF80220012A04D800F00700DA
:1099A000085C012801D900200CBD01200CBD01710B
:1099B000704700797047417170474079704730B502
:1099C0000C460546FB2900D9FFDF6C7030BD000056
:1099D000C0B20100000101020102020310B58C882F
:1099E0000A894B88C988A0F84430A0F84810A0F82C
:1099F0004640A0F84A2010BD10B5029C8181C2816A
:109A00000382448210BD1B2202838282C281828132
:109A100042800281028042848284828300290AD1AA
:109A20004FF4A4714183C18241820182C18041818E
:109A30008180C18401857047F0B5B0F84830818FCE
:109A4000458EC48E8B4200D30B46B0F84A10B0F856
:109A50004020914200D20A464386C286068F478F35
:109A600000F130019E4200D21E46974200D21746B6
:109A70000E814F81AB4201D1A24201D0012400E00E
:109A80000024B0F84420C38F068E858E9A4200D3FE
:109A90001A46B0F84670B0F842309F4200D23B46BA
:109AA00090F85A70022F08D1964200D232469D4259
:109AB00000D22B46002780F85A700A808B80B24271
:109AC00001D1AB4201D0012000E000202043F0BDD5
:109AD000508088899080C889D080088A1081488AFF
:109AE000508101201070704770B502884A80048E42
:109AF0008C80838ECB80428E0A81C58E4D81B0F8DA
:109B00005660AE420BD1B0F85250954207D1B0F832
:109B100058509D4203D1B0F85430A34201D00123E4
:109B200000E000230B73A0F852204A89A0F85620C9
:109B30008A88A0F85420CA88A0F85820012008700C
:109B400070BD70B50C46088E91F8641000F016F8E0
:109B5000A18E0546A94200D20D46208F94F86510CB
:109B600000F00CF8618F814200D208460146284679
:109B7000BDE8704000221346FFF782BC11F00C0FC5
:109B800004D04FF4747101EB801006E0022902D07A
:109B9000C000703001E080003C3080B270470000AF
:109BA0002DE9F0410C4612490D68114A114908325D
:109BB0001160A0F12001312901D301200CE04128DE
:109BC00010D040CC0C4F94E80E0007EB8000241F0F
:109BD00050F8807C3046B84720600548001D05607D
:109BE000BDE8F081204601F0B9F8F5E7062070479E
:109BF0001005024001000001DCB2010010B555481B
:109C0000F9F704FD00B1FFDF5248401CF9F7FEFCF4
:109C1000002800D0FFDF10BD2DE9F14F4E4E82B07D
:109C2000D6F800B001274B48F9F7F8FCDFF824819B
:109C300020B9002708F10100F9F706FD474C00257F
:109C40004FF0030901206060C4F80051C4F80451CA
:109C5000029931602060DFF808A11BE0DAF800000B
:109C6000C00617D50E2000F068F8EFF3108010F052
:109C7000010072B600D001200090C4F80493D4F81B
:109C8000000120B9D4F8040108B901F071F8009876
:109C900000B962B6D4F8000118B9D4F8040100285C
:109CA000DCD0D4F804010028CCD137B1C6F800B01C
:109CB00008F10100F9F7B2FC11E008F10100F9F731
:109CC000ADFC0028B6D1C4F80893C4F80451C4F818
:109CD00000510E2000F031F81E48F9F7B5FC0020C5
:109CE000BDE8FE8F2DE9F0438DB00D4606460024F9
:109CF0000DF110090DF1200818E000BF04EB440736
:109D0000102255F827106846F3F713FB05EB870779
:109D1000102248467968F3F70CFB6846FFF77CFF92
:109D200010224146B868F3F704FB641CB442E5DB3B
:109D30000DB00020BDE8F0836EE7002809DB00F0DD
:109D40001F02012191404009800000F1E020C0F88D
:109D5000801270476C01002004E5004000E00040E4
:109D600010ED00E0B64900200870704770B5B54DA1
:109D700001232B60B44B1C68002CFCD0002407E0AE
:109D80000E6806601E68002EFCD0001D091D641CB4
:109D90009442F5D30020286018680028FCD070BDDC
:109DA00070B5A74E0446A94D3078022800D0FFDFD9
:109DB000AC4200D3FFDF7169A548012903D847F2FF
:109DC0003052944201DD03224271491C7161291B0A
:109DD000C1609F49707800F030F9002800D1FFDFA2
:109DE00070BD70B5964C0D466178884200D0FFDF9B
:109DF000964E082D4BD2DFE805F04A041E2D4A4A44
:109E00004A382078022800D0FFDF03202070A07895
:109E1000012801D020B108E0A06800F041FD04E075
:109E200004F1080007C8FFF7A1FF05202070BDE876
:109E30007040F8F7C0B9F8F7C0FA01466068F8F763
:109E4000BDFFB04202D2616902290BD30320F9F7AA
:109E50000EFB12E0F8F7B1FA01466068F8F7AEFFC2
:109E6000B042F3D2BDE870409AE7207802280AD0C9
:109E7000052806D0FFDF04202070BDE8704000F008
:109E8000D2B8022000E00320F9F7F1FAF3E7FFDF90
:109E900070BD70B50546F8F790FA694C606020789F
:109EA000012800D0FFDF6A490120087000200871F6
:109EB00004208D6048716548C86002202070607879
:109EC00000F0BBF8002800D1FFDF70BD10B55C4C7E
:109ED000207838B90220F9F7E0FA18B90320F9F729
:109EE000DCFA08B1112010BD5A48F8F7E1F96070AA
:109EF0001F2804D0012020700020606110BD0320C5
:109F000010BD2DE9F0471446054600EB84000E46CF
:109F1000A0F1040800F0D7FC07464FF0805001691B
:109F20004F4306EB8401091FB14201D2012100E039
:109F3000002189461CB10069B4EB900F02D90920B9
:109F4000BDE8F0872846E7F76FF990B9A84510D328
:109F5000BD4205D2B84503D245EA0600800701D0CC
:109F60001020EDE73046E7F75FF910B9B9F1000FBF
:109F700001D00F20E4E7384838490068884205D00E
:109F8000224631462846FFF7F1FE1AE0FFF79EFF12
:109F90000028D5D12A4800218560C0E9036481707A
:109FA000F9F7DDFA08B12E4801E04AF2F870604393
:109FB0004FF47A7100F2E730B0FBF1F01830FFF7A0
:109FC00068FF0020BCE770B505464FF0805004697B
:109FD0006C432046E7F728F908B10F2070BD00F068
:109FE00072FCA84201D8102070BD1B481B490068B4
:109FF000884203D0204600F053FC10E0FFF766FFD4
:10A000000028F1D10E48012184608170F9F7A7FA88
:10A0100008B1144800E014481830FFF73AFF002058
:10A0200070BD00F053BE10B5054C6078F8F7A2F98A
:10A0300000B9FFDF0020207010BDF8F7EFBB000073
:10A040007001002004E5014000E40140105C0C00B8
:10A050008C0F0020E39D010058000020BEBAFECA0C
:10A0600050280500645E0100A85B01007149096881
:10A070000160002070476F4908600020704701218F
:10A080008A0720B1012804D042F20400704791678A
:10A0900000E0D1670020704767490120086042F264
:10A0A0000600704708B50423634A1907103230B11F
:10A0B000C1F80433106840F0010010600BE0106834
:10A0C00020F001001060C1F808330020C1F8080139
:10A0D0005A4800680090002008BD011F0B2909D8CC
:10A0E000554910310A6822F01E0242EA4000086019
:10A0F0000020704742F205007047000100F18040E7
:10A10000C0F8041900207047000100F18040C0F839
:10A11000081900207047000100F18040D0F80009C4
:10A12000086000207047012801D907207047444A81
:10A1300052F8200002680A4302600020704701289C
:10A1400001D9072070473E4A52F8200002688A432E
:10A15000026000207047012801D907207047384A63
:10A1600052F820000068086000207047020035495E
:10A170004FF0000003D0012A01D0072070470A6089
:10A18000704708B54FF40072510510B1C1F80423AF
:10A1900008E0C1F808230020C1F8240127481C303A
:10A1A00000680090002008BD08B58022D10510B1DC
:10A1B000C1F8042308E0C1F808230020C1F81C01FD
:10A1C0001E48143000680090002008BD08B54FF408
:10A1D0008072910510B1C1F8042308E0C1F808238A
:10A1E0000020C1F8200115481830006800900020B8
:10A1F00008BD10493831096801600020704770B50A
:10A200004FF080450024C5F80841F9F7B4F910B9BA
:10A21000F9F7BBF928B1C5F82441C5F81C41C5F8C8
:10A2200020414FF0E020802180F800140121C0F887
:10A23000001170BD0004004000050040080100400E
:10A24000A0B30100780500406249634B0A68634986
:10A250009A42096801D1C1F31001016000207047E2
:10A260005C495D4B0A685D49091D9A4201D1C0F302
:10A2700010000860002070475649574B0A6857493C
:10A2800008319A4201D1C0F31000086000207047E5
:10A2900030B5504B504D1C6842F20803AC4202D01E
:10A2A000142802D203E0112801D3184630BDC300A0
:10A2B0004B481844C0F81015C0F81425002030BDD4
:10A2C0004449454B0A6842F209019A4202D00628E5
:10A2D00002D203E0042801D308467047404A012116
:10A2E00042F83010002070473A493B4B0A6842F26E
:10A2F00009019A4202D0062802D203E0042801D3C1
:10A3000008467047364A012102EBC0004160002038
:10A31000704770B52F4A304E314C156842F2090330
:10A3200004EB8002B54204D0062804D2C2F800181B
:10A3300007E0042801D3184670BDC1F31000C2F82D
:10A340000008002070BD70B5224A234E244C1568C9
:10A3500042F2090304EB8002B54204D0062804D27D
:10A36000D2F8000807E0042801D3184670BDD2F8DF
:10A370000008C0F310000860002070BD174910B538
:10A380000831184808601120154A002102EBC0036B
:10A39000C3F81015C3F81415401C1428F6D3002078
:10A3A00006E0042804D302EB8003C3F8001807E09A
:10A3B00002EB8003D3F80048C4F31004C3F800484C
:10A3C000401C0628EDD310BD04490648083108603A
:10A3D0007047000058000020BEBAFECA00F50140D8
:10A3E00000F001400000FEFF814B1B6803B198475D
:10A3F000BFF34F8F7F4801687F4A01F4E06111434A
:10A400000160BFF34F8F00BFFDE710B5EFF3108081
:10A4100010F0010F72B601D0012400E0002400F01A
:10A42000DDF850B1E6F7A4FFF7F761FDF8F7C1FFDB
:10A43000F9F7E2FC71490020086004B962B6002017
:10A4400010BD2DE9F0410C460546EFF3108010F0E9
:10A45000010F72B601D0012600E0002600F0BEF820
:10A4600020B106B962B60820BDE8F08100F006FD13
:10A47000E6F782FF0246002001234709BF0007F1EB
:10A48000E02700F01F01D7F80071CF40F9071BD07B
:10A49000202803D222FA00F1C90727D141B20029AE
:10A4A00004DB01F1E02191F8001405E001F00F0157
:10A4B00001F1E02191F8141D4909082916D203FA87
:10A4C00001F717F0EC0F11D0401C6428D5D3F9F731
:10A4D00071FC4B4A4B490020F9F7B4FC47494A4804
:10A4E00008602046E6F7A7FE60B904E006B962B648
:10A4F00041F20100B8E73E4804602DB12846E6F776
:10A50000E7FE18B1102428E0404D19E02878022811
:10A5100002D94FF4805420E007240028687801D045
:10A52000D8B908E0C8B1202817D8A878212814D8AD
:10A53000012812D001E0A87878B9E8780B280CD867
:10A54000E6F71AFF2946F8F71AFFF7F78FFC00F035
:10A55000EDF92846E6F7DAFE044606B962B61CB104
:10A56000FFF753FF20467FE700207DE710B5044644
:10A5700000F034F800B101202070002010BD244903
:10A5800008600020704770B50C4622490D682149CB
:10A59000214E08310E60102807D011280CD0122847
:10A5A0000FD0132811D0012013E0D4E90001FFF7E8
:10A5B00048FF354620600DE0FFF727FF00252060AB
:10A5C00008E02068FFF7D2FF03E011492068086027
:10A5D000002020600F48001D056070BD07480A4933
:10A5E0000068884201D101207047002070470000B8
:10A5F000880100200CED00E00400FA05580000205E
:10A600004810002000000020BEBAFECAA8B3010016
:10A6100004000020100502400100000100B585493A
:10A6200010F1080F19D00CDC10F1280F1DD010F11B
:10A63000140F18D010F1100F13D010F10C0F08D117
:10A640000DE010F1040F06D080B103280ED00428CD
:10A650000CD0FFDF00BDFC2008E0F82006E0F4206D
:10A6600004E0F02002E0EC2000E0D820086000BD0B
:10A67000704900B5091D012803D0022803D0FFDF6F
:10A6800000BD032000E00420086000BD2DE9F0417A
:10A6900005460C4617461046F9F76CFD4FF47A76DE
:10A6A000022C10D0012C10D040F63401441838464A
:10A6B000F9F7C5FD204449F679710844B0FBF6F07E
:10A6C000281ABDE8F0813146F0E74FF4C861EDE7A4
:10A6D00070B505460C460846FAF7F4FA022C10D07D
:10A6E000012C11D04FF4AF5149F6CA62511A0844F7
:10A6F0004FF47A7100F2E140B0FBF1F0281A801EAD
:10A7000070BD40F24C41EFE740F63401ECE770B524
:10A71000064615460C460846FAF7D4FA4FF47A7105
:10A7200040F63402022D11D0012D11D01346022C17
:10A7300011D0012C01D04FF4AF529A1A104449F6AF
:10A74000FC621044B0FBF1F0301A70BD0B46EEE72E
:10A750004FF4C863EBE740F24C42EEE770B50446B5
:10A760000E460846F9F706FD05463046F9F767FD3F
:10A7700028444AF2AB3108444FF47A71B0FBF1F04F
:10A78000201A801E70BD2DE9F04106461D460C467C
:10A790001746104600F045F806EB4601C1EBC6111E
:10A7A00000EBC100022C15D0012C16D04FF4AF5194
:10A7B00046182046FAF786FA301A4FF47A7100F6F6
:10A7C000B730B0FBF1F43846F9F741FD2044284496
:10A7D000401D76E740F24C41EAE740F63401E7E7F6
:10A7E00070B5044615460E460846F9F7C3FC04EB5F
:10A7F0004401C1EBC411C0EBC1043046F9F71FFDA1
:10A80000241A284600F00DF820444FF47A7100F61F
:10A81000B730B0FBF1F42846F9F719FD2044401D8C
:10A8200070BD082803D0042801D0F9F7A3BC4EF668
:10A83000283070470C150040F0B585B00C46054631
:10A84000FEF7DCFF07466E78204603A96A46F5F757
:10A8500004FA81198EB258B1012F02D0032005B03D
:10A86000F0BD204604AA0399F5F719F9049D01E00B
:10A87000022F0FD1ED1C042E0FD32888BDF8001035
:10A88000001D80B2884201D8864202D14FF00000FC
:10A89000E5E702D34FF00200E1E74FF00100DEE709
:10A8A0000B4A022111600B490B68002BFCD0084BAE
:10A8B0001B1D186008680028FCD000201060086884
:10A8C0000028FCD070474FF080504069704700006E
:10A8D00004E5014000E4014002000B464FF0000097
:10A8E000014620D0012A04D0022A04D0032A0DD127
:10A8F00003E0012002E0022015E00320072B05D22F
:10A90000DFE803F00406080A0C0E10000720704769
:10A91000012108E0022106E0032104E0042102E015
:10A92000052100E00621F7F7E4BC0000E24805211C
:10A9300081700021017041707047E0490A78012A56
:10A9400005D0CA681044C8604038F8F704BA8A686D
:10A9500010448860F8E7002819D00378D849D94A0C
:10A9600013B1012B0ED011E00379012B00D06BB98C
:10A9700043790BB1012B09D18368643B8B4205D22B
:10A98000C0680EE00379012B02D00BB100207047A4
:10A9900043790BB1012BF9D1C368643B8B42F5D2EB
:10A9A00080689042F2D801207047C44901220A70A1
:10A9B000027972B100220A71427962B104224A71AD
:10A9C000826852328A60C068C860BB4902208870C1
:10A9D00070470322EFE70322F1E770B5B74D044655
:10A9E00000202870207988B100202871607978B122
:10A9F0000420B14E6871A168F068F7F7B2F9A86059
:10AA0000E0685230E8600320B07070BD0120ECE7D0
:10AA10000320EEE72DE9F04105460226F8F7C5F8D8
:10AA2000006800B1FFDFA44C01273DB12878B8B120
:10AA3000012805D0022811D0032814D027710DE079
:10AA40006868C82808D30421F8F7EBF920B16868D2
:10AA5000FFF773FF012603E0002601E000F014F980
:10AA60003046BDE8F08120780028F7D16868FFF70C
:10AA700072FF0028E2D06868017879B1A0780428D4
:10AA800000D0FFDF01216868FFF7A7FF8B49E0785E
:10AA900000F003F90028E1D1FFDFDFE7FFF785FFD2
:10AAA0006770DBE72DE9F041834C0F46E17888427F
:10AAB00000D0FFDF00250126082F7DD2DFE807F058
:10AAC000040B28283D434F57A0780328C9D00228FB
:10AAD000C7D0FFDFC5E7A078032802D0022800D046
:10AAE000FFDF0420A07025712078B8BB0020FFF79D
:10AAF00024FF72480178012906D08068E06000F0E8
:10AB0000F9F82061002023E0E078F7F782FDF5E70F
:10AB1000A078032802D0022800D0FFDF207880BB75
:10AB2000022F08D05FF00500F8F7A1FCA0780328F9
:10AB300040D0A57095E70420F6E7A078042800D05F
:10AB4000FFDF022004E0A078042800D0FFDF01200E
:10AB5000A1688847FFF75EFF054633E003E0A07871
:10AB6000042800D0FFDFBDE8F04100F08DB8A078E8
:10AB7000042804D0617809B1022800D0FFDF2078D2
:10AB800018B1BDE8F04100F08AB8207920B1062064
:10AB9000F8F76DFC25710DE0607840B14749E07829
:10ABA00000F07BF800B9FFDF65705AE704E007208A
:10ABB000F8F75DFCA67054E7FFDF52E73DB1012DC9
:10ABC00003D0FFDF022DF9D14BE70420C0E70320BB
:10ABD000BEE770B5050004D0374CA078052806D133
:10ABE00001E0102070BD0820F8F757FC08B11120D3
:10ABF00070BD3548F7F75CFBE0701F2806D00121D7
:10AC0000F8F730FA0020A560A07070BD032070BD79
:10AC1000294810B5017809B1112010BD81780529A6
:10AC200006D0012906D029B101210170002010BDF4
:10AC30000F2010BD00F033F8F8E770B51E4C054644
:10AC4000A07808B1012809D155B12846FFF783FE45
:10AC500040B1287840B1A078012809D00F2070BDFC
:10AC6000102070BD072070BD2846FFF79EFE03E050
:10AC700000212846FFF7B1FE1049E07800F00DF8FA
:10AC800000B9FFDF002070BD0B4810B5006900F06F
:10AC900029F8BDE81040F7F78EBAF7F7BFBD0648B0
:10ACA00010B5C078F7F766FB00B9FFDF0820F8F7AA
:10ACB000DEFBBDE8104039E68C0100209C0F00202F
:10ACC0003D860100FF1FA107A5AA010010B5134C86
:10ACD0002060201D0160114810300260001D0360DB
:10ACE000002010BD0E490A6848F202139A4302433D
:10ACF0000A6070470A4A116848F2021301EA030029
:10AD0000994311607047054B02465B421020134483
:10AD1000FC2B01D8116000207047000000060040A5
:10AD2000C806024070477047704700001EF0040FCD
:10AD30000CBFEFF30880EFF30980014A10470000D1
:10AD40005F3E010001B41EB400B5F8F7A9FD01B4DF
:10AD50000198864601BC01B01EBD0000826903490E
:10AD600081614FF0010010447047000045AD0100C3
:10AD70000FF20C0000F10000694641F8080C20BFFA
:10AD800070470000FEDF18490978F9B904207146C0
:10AD900008421BD10699154A914217DC06990229EF
:10ADA00014DB02394878DF2810D10878FE2807D054
:10ADB000FF280BD14FF001004FF000020C4B184759
:10ADC00041F201000099019A094B1847094B002BE9
:10ADD00002D01B68DB6818474FF0FF3071464FF018
:10ADE0000002034B1847000028ED00E000C00100FE
:10ADF000E9A3010004000020174818497047FFF735
:10AE0000FBFFE6F7CBF900BD1548164909688842F3
:10AE100003D1154A13605B68184700BD20BFFDE7EA
:10AE20000F4810490968884210D1104B18684FF03C
:10AE3000FF318842F2D080F308884FF02021884209
:10AE400004DD0B48026803210A4302600948804779
:10AE500009488047FFDF0000B00F0020B00F00203E
:10AE600000100000000000200400002000C00100CD
:10AE700014090040DD2F000009AE0100F0B4404687
:10AE8000494652465B460FB402A0013001B5064860
:10AE9000004700BF01BC86460FBC804689469246EB
:10AEA0009B46F0BC70470000091100000420714669
:10AEB000084202D0EFF3098101E0EFF308818869CD
:10AEC00002380078102813DB20280FDB2C280BDB3E
:10AED0000A4A12680A4B9A4203D1602804DB094AE5
:10AEE0001047022008607047074A1047074A10477A
:10AEF000074A12682C3212681047000058000020E0
:10AF0000BEBAFECA7D130000A19B010087A5010007
:10AF1000040000200D4B0E4908470E4B0C49084712
:10AF20000D4B0B4908470D4B094908470C4B084985
:10AF300008470C4B064908470B4B054908470B4B84
:10AF4000034908470A4B02490847000019AC0000B2
:10AF500059B00000A52F00000BA8000099A7000021
:10AF6000A1AE0000991300004D7700001DB0000055
:10AF70002DAD01005F8200000784000065850000A0
:10AF8000C98500000386000037860000698600003E
:10AF90009986000021870000478300008985000012
:10AFA00013120000C12100000B2200006F220000DC
:10AFB000F522000011240000D32400000525000024
:10AFC000E3250000CB2600001F270000A12700007A
:10AFD000C1270000B92D0000DD2D0000FD2C000070
:10AFE000592D00000F2E0000A32E00002F3D000061
:10AFF000093E00003D4100003D420000B342000018
:10B000001D4300008143000017120000754400003A
:10B01000E1440000E3270000E927000017120000C8
:10B02000171200001712000017120000F32700008B
:10B030002B280000A12800001712000017120000A2
:10B040002D22000087290000A9290000F529000011
:10B05000131200001312000013120000131200005C
:10B06000EF5200007553000091530000AD530000F3
:10B070003B550000D7530000E1530000235400006B
:10B0800045540000215500006355000013120000D4
:10B0900013120000676E0000876E0000916E0000C2
:10B0A000CB6E0000F96E0000E96F000077700000C1
:10B0B0008B700000D9700000EF71000095730000E4
:10B0C000BD740000E95D0000D5740000131200009B
:10B0D00013120000A1A0000003A200005DA2000066
:10B0E000D7A2000083A30000100110013A02000063
:10B0F0001A0200040506000007000000FFFFFFFF22
:10B100000000FFFFE39C0000BF1C0000934E000006
:10B11000335E0000E97A000000000000A17D00001D
:10B120007D7D00008F7D0000000002000000000017
:10B13000000200000000000000010000000000000C
:10B14000136C0000F36B0000616C00007152000092
:10B150003352000053520000219400003994000043
:10B160004396000041370000816C000000000000A1
:10B17000B16C0000BF5200000000000000000000A1
:10B18000000000002395000000000000C13700000F
:10B19000555555D6BE898E0000006406640C6412B5
:10B1A00000000803AC055008000054044408340CA7
:10B1B00075DF0000DDE00000D7DE000073DF000077
:10B1C0001B5D0100ABE1000000000000480800002A
:10B1D0004808000051350000513500009B21000057
:10B1E000439B0000B7600000A34D0000F97301000D
:10B1F0008135000081350000BF210000D59B000093
:10B200003F610000174E00000F74010070017001D3
:10B21000400038005C002400200200000300656C40
:10B220007462000000000000000000000000000048
:10B230000000870000000000000000000000000087
:10B240000000BE83605ADB0B376038A5F5AA9183F6
:10B25000886C0000010000008B0801005D170100F0
:10B2600000000001020603040500000007000000C2
:10B2700000000000060000000A000000320000008C
:10B2800073000000B4000000F401FA0096006400AE
:10B290004B0032001E0014000A00050002000100ED
:10B2A0000041000000000000AB830100E5870100C1
:10B2B0008F870100BD830100000000002989010083
:10B2C0000C0802170D010102090901010602091803
:10B2D00018030101090903030500000049A2010048
:10B2E00061A2010079A2010091A20100C1A20100A6
:10B2F000E9A2010013A3010047A30100C79F0100B9
:10B30000039F010023A0010007AD01000D360100DD
:10B310001D360100493601001B37010023370100AB
:10B32000353701007FA0010099A001006DA0010048
:10B3300077A00100A5A00100DBA00100ED9B0100AA
:10B34000FBA0010009A1010017A1010027A1010034
:10B350003FA1010057A101006DA10100ED9B01007B
:10B3600000000000B7A900000DAA000023AA0000F9
:10B37000D9A80100199C0100E59C0100D3AB010094
:10B3800011AC01003BAC0100113401005D3901003A
:10B3900083A10100A9A10100CDA10100F3A1010039
:10B3A0001C0500402005004000100200CCB3010045
:10B3B00008000020980100004411000000B40100C2
:10B3C000A0010020100E00008011000001150545AD
:10B3D000481000200519A40500203601000100884E
:10B3E0003720FB349B5F80041F8000100D9DCB092C
:10B3F0000020880900200E0A0020024810000000EA
:10C000000000022065CD03008DCD03008FCD03001D
:10C0100091CD030093CD030095CD030000000000F7
:10C0200000000000000000000000000097CD0300A9
:10C0300099CD0300000000009BCD03009DCD0300BF
:10C040009FCD03004527030005CC0300C9CB0300A7
:10C05000DDCB03009FCD030061B4030069A20300A0
:10C0600005C803000DC8030015C803009FCD0300D9
:10C070009FCD03009FCD03009FCD03009FCD030004
:10C080009FCD0300D5D503009FCD03009FCD0300B6
:10C090009FCD03009FCD0300110B04009FCD030033
:10C0A0009FCD03009FCD03001DC8030025C80300DA
:10C0B0009FCD03009FCD03000000000000000000A2
:10C0C0009FCD03009FCD03009FCD0300F1CB030064
:10C0D0009FCD03009FCD03009FCD03009FCD0300A4
:10C0E0002DCC030000000000000000000000000054
:10C0F000000000009FCD03000000000019CC0300E9
:10C10000000000000000000000000000000000002F
:10C11000000000000000000000000000000000001F
:10C12000000000000000000000000000000000000F
:10C1300000000000000000000000000000000000FF
:10C1400000000000000000000000000000000000EF
:10C1500000000000000000000000000000000000DF
:10C1600000000000000000000000000000000000CF
:10C1700000000000000000000000000000000000BF
:10C1800000000000000000000000000000000000AF
:10C19000000000000000000000000000000000009F
:10C1A000000000000000000000000000000000008F
:10C1B000000000000000000000000000000000007F
:10C1C000000000000000000000000000000000006F
:10C1D000000000000000000000000000000000005F
:10C1E000000000000000000000000000000000004F
:10C1F000000000000000000000000000000000003F
:10C200002DE9F04F85B003910778A7F10903042BBE
:10C21000044607F07F0200F10100F5D9202AF3D08F
:10C220002B2F04BF677804462D2F75D09FED427BDE
:10C230008DED007B4FF000084FF000099FB34FF0E9
:10C24000000C25464FF0000ADFF8FCB0644619E008
:10C250002AF052FF8046894630462AF0E3FE4246E5
:10C260004B462AF093FD5246804689465B46DDE9FF
:10C2700000013CB32BF06AF8CDE90001A44615F8A3
:10C28000017F7FB1A7F13006092E52465B4640463A
:10C290004946DDD9CCB92E2F17D115F8017F0124DD
:10C2A000002FEFD12C4642464B46DDE900012AF033
:10C2B00023FF80468946039B404649461C6005B0E3
:10C2C000BDE8F08F4FF0010CD9E72C46BCF1000F10
:10C2D00029D042464B46DDE900012AF00DFF07F068
:10C2E000DF07452F80468946E5D10399681C0A225D
:10C2F0002AF01AFD1449024600202BF05DFA02468E
:10C300000B46404649462AF0F7FE8046894640469D
:10C31000494605B0BDE8F08F9FED097B67788DED4C
:10C32000007B013486E7DFF824904FF00008404698
:10C33000494605B0BDE8F08F000000000000F03F66
:10C34000000000000000F0BF000024400000F87F63
:10C350002DE9F047002314460022804689462BF041
:10C360003DF928B109F1004399462D23237001348A
:10C3700000220023404649462BF026F928B13022FE
:10C38000002322706370BDE8F0874046494628F0DC
:10C3900003FA2BF061F973A3D3E90023074649465A
:10C3A00040462BF01BF900284ED170A3D3E900239F
:10C3B000404649462BF030F9002845D10E2F07F1B1
:10C3C000010540F3B980A7F10E063246002062490C
:10C3D0002BF0F2F902460B46404649462AF0B6FFDA
:10C3E00000225E4B2AF0D2FC2BF022FA002DA7F19E
:10C3F0000F0E4FF0010C4DDD594FDFF8788101220F
:10C4000045F6F3294FF02E0A494508BF40454FF045
:10C4100030030AD3B0EB080061EB0901494508BFBE
:10C42000404503F10103F5D2DBB2237050EA01036A
:10C4300004F101084AD1954252DD0132102A4FD051
:10C44000444677E90289DFE7002F33DB3A460020D4
:10C4500041492BF0B1F902460B46404649462AF0C5
:10C4600075FF3BA3D3E900238046894601250026BA
:10C47000404649462AF040FE0022384B2AF086FC0E
:10C480002BF0D6F9002DBC464FF0FF3E37464FF05B
:10C490000006B1DC234630224FF02E0803F8022BB1
:10C4A00084F80180FC4345D01C4403F8012BA342CF
:10C4B000FBD1A1E77A42002027492BF07DF9024603
:10C4C0000B46404649462AF017FECAE7954202F15C
:10C4D000010204BF84F801A004F10208102AAFD1C0
:10C4E0006EB14246302102F8011BC2F101037344D0
:10C4F0004344002BF7DC2EEAEE7301339844BCF181
:10C50000010F12D0BCF1000F4FF0650388F8003026
:10C51000C5BF2B2388F8013008F1010108F10201A1
:10C520006046BDE8F04716F0F5BA002388F8003001
:10C53000BDE8F0871C465FE7C7F10E020020064900
:10C540002BF03AF93E4602460B46012790E700BF22
:10C550000000901EC4BCD642000024400000E03F12
:10C56000388504008DEDB5A0F7C6B03E50EFE2D699
:10C57000E41A4B4400407A1070B54FF0FF3008F0D9
:10C5800033FE04466FF07F4008F02EFE064620463C
:10C590002AF038FD00220C4B2AF0AEFD044630464E
:10C5A0000D462AF02FFD06A3D3E900232AF0CEFE84
:10C5B00002460B46204629462AF0E8FB70BD00BF24
:10C5C0000000E0DFFFFF6F430000F03D00000000CF
:10C5D0002DE9F843036B044618680D462AF034FD34
:10C5E000064668680F4668B32AF01CFD28F0D4F8A8
:10C5F000236B95ED037AD3ED007A77EE677A804668
:10C60000894617EE900A2AF01FFD42464B462AF053
:10C6100073FD10A3D3E900232AF098FE3B4632466F
:10C620002AF0B4FB2BF060F807EE900AF5EEC07A22
:10C63000F1EE10FA4FF0000354BFC4ED137AE36437
:10C64000BDE8F88300200249D0E700BFAFF30080C7
:10C650000000F03F333333333333FF3F000000003B
:10C660004389DA0700F103822DE9F04F43F001031B
:10C670004FF080424381D2F80034B94A97B0054662
:10C680000B92002B00F0E28113680133136013F06A
:10C6900017FC05F1B8031C46002128460A9314F044
:10C6A000E5FC204616F024FDAE4C04F1F00654F8EB
:10C6B000043F184613B11B681B689847A642F6D181
:10C6C00028460CF02FFBA84B0A9E0024CDE912341B
:10C6D00012AB93E8030010238DE803002246029377
:10C6E00040F2FD312B46304614F06CFC9F4BCDE9F7
:10C6F000143416AB13E90300C0238DE80300029342
:10C7000064222B4640F2FD31304614F05BFC688910
:10C71000974BA0216022802640F4C040E02468812D
:10C7200083F8094383F80A13402483F81A2383F813
:10C730001B2383F8071383F81C1383F8216383F802
:10C74000222305F2947283F8016305F5E160164631
:10C75000079283F8024383F806430DF041F88549B8
:10C76000304619F025FE84490746304619F020FE70
:10C770002B68824A5B680990934240F07481642080
:10C7800016F0ECFE0B9B4FF0000A1B68089305F1B6
:10C790000C0B0FF2BC19D9E9008954465B4656468A
:10C7A000A3469A46089B032B00F0938005F654009D
:10C7B00019F012FD002840F0A280002F00F0E08068
:10C7C000FF233246214605F2F4701CF0FFFA2B6875
:10C7D0005B681420694A934240F08D8016F0BEFEDB
:10C7E0000134E4B2052C0BF1010B02D1731CDEB253
:10C7F0000024BBF1190F00F09180002FD2D05D49C9
:10C80000079819F009FF38462BF0AEF909982BF07C
:10C81000ABF90B9A002313600CF0CEFA01460CA87A
:10C820001CF056FE20F08AF842464B46CDE9040142
:10C830002AF0AAFF0EA811461CF036FE42464B46CF
:10C84000DDE904012AF0A0FF42464B462AF09CFF96
:10C850000FAB114618461CF027FE3FA3D3E9002377
:10C86000DDE904012AF090FF014610A81CF01CFE2F
:10C870000FAA10A911A81CF0B9FE0EAA11A90DA8A3
:10C880001CF0B4FE11A81CF0EFFD10A81CF0ECFD8C
:10C890000FA81CF0E9FD0EA81CF0E6FD079A012385
:10C8A0000CA9CDE9002350460A9B0DAA11F04AF9C4
:10C8B0000DA81CF0D9FD0CA81CF0D6FD05F65402FD
:10C8C00005F2E471504610F00FFF089B032B7FF434
:10C8D0006DAFBBF1180F25DCFF233246214605F270
:10C8E000F4701CF073FA2B68244A5B6893424FF093
:10C8F0000A003FF473AF01462846984770E705F6F3
:10C90000780019F069FC00283FF457AFBBF1180F0D
:10C910007FF756AF002F7FF453AF05E0002F3FF4B1
:10C9200072AF6CE7002FD7D1099B6BB3FF23324660
:10C93000214605F2F4701CF049FA089A2B68032A84
:10C9400014BF14200A205B6844E700BFAFF30080E7
:10C9500000CA9A3B00000000000064A7B3B6E00DD7
:10C9600030200020D0390020A50B0300910B0300DC
:10C9700000E100E0849804004C9B0400410B03009C
:10C98000099B002B7FF41CAF0CF016FA01460CA893
:10C990001CF09EFD1FF0D2FF39A3D3E90023064609
:10C9A0000F462AF0F1FE0EA811461CF07DFD34A3BF
:10C9B000D3E90023304639462AF0E6FE30A3D3E916
:10C9C00000232AF0E1FE0FA811461CF06DFD2EA3F6
:10C9D000D3E90023304639462AF0D6FE014610A896
:10C9E0001CF062FD0FAA10A911A81CF0FFFD0EAAF1
:10C9F00011A90DA81CF0FAFD11A81CF035FD10A816
:10CA00001CF032FD0FA81CF02FFD0EA81CF02CFD11
:10CA10000024079B00930DAA0A9B01940CA9504681
:10CA200011F090F80DA81CF01FFD0CA81CF01CFDC7
:10CA300014F082F82B68104A5B6893420CD10A20EC
:10CA400016F08CFD204617B0BDE8F08F4FF47A70D9
:10CA5000136017F001F91AE628460A219847204684
:10CA600017B0BDE8F08F6421284698478AE603484E
:10CA7000704700BFAFF30080410B030016FCFFFFBF
:10CA800000CA9A3B00000000000064A7B3B6E00DA6
:10CA90002DE9F04F2DED028B044683B0C0682AF0DB
:10CAA000C1FA8046206989462AF0BCFA824660694C
:10CAB0008B462AF0B7FA024601F1004306460F46BC
:10CAC0004046494627F01CFD2AF00EFEE06205466E
:10CAD00027F0CEFB0190284627F07EFB019B054600
:10CAE00018462AF0B1FA42464B462AF005FB80462A
:10CAF000284689462AF0A8FA32463B462AF0FCFA34
:10CB000002460B46404649462AF03EF902460B468D
:10CB10005046594627F0F4FC2AF0E6FD002208EEC4
:10CB2000100A0023304639462AF076FD28B3B5EEC8
:10CB3000C08AF1EE10FA1CDD11A7D7E9006718EEE4
:10CB4000100A2AF081FA02460B46304639462AF08E
:10CB50001BF932463B462AF019F92AF0C5FDA062BE
:10CB6000E38843F00203E38003B0BDEC028BBDE831
:10CB7000F08F05A7D7E90067E1E784ED0A8AEFE7C0
:10CB8000EA2E4454FB21F93FEA2E4454FB21F9BF1D
:10CB900008B517F077FADFED0C7A07EE100A67EEAA
:10CBA000277A17EE900A2AF04FFA05A3D3E900235B
:10CBB0002AF0CCFB2AF050FD08BD00BFAFF3008087
:10CBC000EA2E4454FB2119400000B4430000000049
:10CBD00008B517F065FADFED0C7A07EE100A67EE7C
:10CBE000277A17EE900A2AF02FFA05A3D3E900233B
:10CBF0002AF0ACFB2AF030FD08BD00BFAFF3008087
:10CC0000EA2E4454FB2119400000B4430000000008
:10CC100070B52DED068B044684B0406CDFED34AA70
:10CC200017F03EFA0646606C17F02CFA02222146F5
:10CC3000054601A817F054FBDDED027AB8EEE78A4D
:10CC4000DDED037A3046B8EEE79A27F011FB0AEEE5
:10CC5000100A304627F0C0FA09EE900A284627F05D
:10CC600007FB08EE900A284627F0B6FA68EE287A05
:10CC70009DED017A06EE900AB8EEC77A67EE8A7AE1
:10CC800029EEC88AE7EE267A69EE288AA9EE0A8A92
:10CC9000E8EEA97A18EE101A17EE900A27F0C0FEF7
:10CCA00007EE900A67EEAA7A17EE900A2AF0CCF9FE
:10CCB0000DA3D3E900232AF049FB2AF015FDDFED8F
:10CCC0000D7A07EE100A77EEC77AF5EEC07AF1EE2C
:10CCD00010FA48BF77EEAA7AFDEEE77A17EE900ACF
:10CCE00004B0BDEC068B70BDEA2E4454FB21194004
:10CCF0000000B4430000B44200B585B001220146F3
:10CD000001A817F0EDFADDED027AF8EEE77A17EEFA
:10CD1000901ADDED017AF8EEE77A17EE900A27F027
:10CD20007FFEDFED137A07EE100A67EE277A17EE23
:10CD3000900A2AF089F90CA3D3E900232AF006FB14
:10CD40002AF0D2FC07EE900AF5EEC07AF1EE10FA66
:10CD500044BF9FED087A77EE877AFDEEE77A17EE0B
:10CD6000900A05B05DF804FBEA2E4454FB2109400B
:10CD7000000034430000B443494A21F00043934289
:10CD80002DE9704304460D4649DC464A93420E465F
:10CD90000EDC3FA3D3E9002329F0F8FF0022424B29
:10CDA0002AF03AFC00284AD020462946BDE8708384
:10CDB0003E4A934239DCB3F1804F40DD27F0FAF868
:10CDC0002246804689462B46204629462AF094F979
:10CDD0000022354B29F0DAFF28F09AF942464B46FB
:10CDE00029F0D4FF02460B4600202F492AF0AEFA64
:10CDF000424604460D464B464046494629F0C6FF8A
:10CE000002460B462046294629F0C0FF01F0A0FE4D
:10CE1000002E08DC01F100431946BDE8708302468C
:10CE20000B4629F0B3FFBDE8708327F0C3F801F08B
:10CE30008FFE19A3D3E9002329F0A8FFE8E72246D3
:10CE40002B46204629462AF057F980468946204637
:10CE5000294627F0AFF8002204460D46124B404603
:10CE6000494629F093FF28F053F900220E4B29F090
:10CE70008DFF02460B46404649462AF067FA224695
:10CE80002B4629F083FF00F0A7FAC1E7AFF300803B
:10CE90009C7500883CE4377EEF39FAFE422EE63F6F
:10CEA000FFFFEF7FFFFF2F3E0000F03F0000B0418B
:10CEB0002DE9F84FBE4B21F000469E4204460D4638
:10CEC0008A460EDDBB4B9E4200F3B18000F0AC8081
:10CED000BAF1000F40F3EA8099A1D1E90001BDE861
:10CEE000F88FB54B9E4200F3BA80A3F1DE739E42E9
:10CEF00040F3A5804FF0FF3B22462B4620462946B3
:10CF00002AF0FAF802460B46804689462AF0F4F8E1
:10CF10008DA3D3E9002306460F462AF0EDF88CA333
:10CF2000D3E9002329F032FF32463B462AF0E4F8E9
:10CF300089A3D3E9002329F029FF32463B462AF092
:10CF4000DBF887A3D3E9002329F020FF32463B46D4
:10CF50002AF0D2F884A3D3E9002329F017FF324640
:10CF60003B462AF0C9F882A3D3E9002329F00EFF3B
:10CF700042464B462AF0C0F87FA3D3E900238046FF
:10CF80008946304639462AF0B7F87DA3D3E9002315
:10CF900029F0FAFE32463B462AF0AEF87AA3D3E9EE
:10CFA000002329F0F1FE32463B462AF0A5F878A38B
:10CFB000D3E9002329F0E8FE32463B462AF09CF8EC
:10CFC00075A3D3E9002329F0DFFE32463B462AF061
:10CFD00093F802460B464046494629F0D7FE2246C2
:10CFE0002B462AF089F8BBF1FF3F02460B4661D081
:10CFF000724B734E4FEACB0B5B44D3E9002329F00D
:10D00000C3FE22462B4629F0BFFEB34402460B4620
:10D01000DBE9000129F0B8FEBAF1000F0DDA01F1E9
:10D0200000431946BDE8F88F00283FF451AF22466F
:10D030002B462046294629F0A9FEBDE8F88F58A3C3
:10D04000D3E9002329F0A2FE00225E4B2AF0E4FA85
:10D0500000283FF44FAF20462946BDE8F88F26F060
:10D06000A9FF594B9E4204460D4629DCA3F55023E7
:10D070009E424EDC02460B4629F088FE0022514BB0
:10D0800029F082FE002206460F464FF080432046DC
:10D09000294629F07BFE02460B46304639462AF0E7
:10D0A00055F94FF0000B04460D4625E73EA1D1E9A6
:10D0B0000001C2E72046294629F066FEBDE8F88F48
:10D0C000424B9E421ADC0022414B29F05DFE0022B9
:10D0D00006460F463E4B204629462AF00DF8002210
:10D0E000384B29F053FE02460B46304639462AF0AB
:10D0F0002DF94FF0020B04460D46FDE602460B46A5
:10D10000002034492AF022F94FF0030B04460D4663
:10D11000F2E600222B4B29F037FE002206460F468E
:10D12000284B2046294629F031FE02460B46304660
:10D1300039462AF00BF94FF0010B04460D46DBE6A9
:10D14000182D4454FB21F93F11DA22E33AAD903F08
:10D15000EB0D76244B7BA93F513DD0A0660DB13F2E
:10D160006E204CC5CD45B73FFF8300922449C23F96
:10D170000D5555555555D53F2F6C6A2C44B4A2BF5B
:10D180009AFDDE522DDEAD3F6D9A74AFF2B0B33F23
:10D19000711623FEC671BC3FC4EB98999999C93F9B
:10D1A0009C7500883CE4377E182D4454FB21F9BF60
:10D1B000FFFF0F440000F07FFFFFDB3F60850400AE
:10D1C000408504000000F03FFFFFF23FFF7F034077
:10D1D0000000F83F0000F0BF2DE9F041C1F30A570D
:10D1E000A7F2FF35132D02460B460C46884606462D
:10D1F00020DC002D4ADB364F2F4101EA070C5CEAA8
:10D20000000C1CD030A3D3E9002329F0BFFD00227D
:10D2100000232AF001FA48B1002C04DD4FF48013FA
:10D2200043FA05F5A84428EA0704002621463046BB
:10D23000BDE8F081332D06DDB5F5806F38D010469E
:10D240001946BDE8F081A7F213474FF0FF3C2CFAD6
:10D2500007F70742F3D01CA3D3E9002329F096FD7A
:10D26000002200232AF0D8F90028DFD0002C09DDA5
:10D27000142D22D00123C5F1340503FA05F5AE19AA
:10D2800028BF984426EA07064446CFE70EA3D3E911
:10D29000002329F07BFD002200232AF0BDF900289D
:10D2A000C4D0002C0CDB264305D00026094CBDE77A
:10D2B00029F06CFDC5E73446B8E704F10108E1E761
:10D2C00000264FF00044B1E79C7500883CE4377EAF
:10D2D000FFFF0F000000F03F2DE9F041C1F30A57B6
:10D2E000A7F2FF35132D02460B460C46884606462C
:10D2F0001DDC002D3CDB364F2F4101EA070C5CEAB8
:10D30000000C19D030A3D3E9002329F03FFD0022FF
:10D3100000232AF081F9C8B3002C04DA4FF48013FB
:10D3200043FA05F5A84428EA070400262EE0332D29
:10D3300006DDB5F5806F2DD010461946BDE8F081A9
:10D34000A7F213474FF0FF3C2CFA07F70742F3D040
:10D350001DA3D3E9002329F019FD002200232AF0A0
:10D360005BF998B1002C21DB26EA070644460DE064
:10D3700015A3D3E9002329F009FD002200232AF098
:10D380004BF918B1002C08DB002634462146304604
:10D39000BDE8F08129F0FAFCD0E724F000430D4A03
:10D3A0001E43002E18BF14460026EFE7142D08D0A8
:10D3B0000123C5F1340503FA05F5AE1928BF9844D9
:10D3C000D2E704F10108CFE79C7500883CE4377E82
:10D3D000FFFF0F000000F0BF2DE9F04FD84B99423E
:10D3E00087B08046894643DDD64B99420E4600F30E
:10D3F000F480D54B994240F32D819FEDBB7B8DEDA1
:10D40000047B4FEA215A0446AAF2FF3ACF4BC6F3F7
:10D4100013069E4246F07F5500F3128145F44015F5
:10D42000204629460022CA4B29F0AEFC00220446C1
:10D430000D46C84B29F060FE22462B4629F05CFEC3
:10D44000A046CDE90201A946CDE90001002E3AD15E
:10D4500000220023204629462AF0B6F8002800F0D2
:10D460001B81BAF1000F40F0858100200021B8E057
:10D47000B94B21F000449C420A460FDD0022B74B15
:10D480002AF0A2F8002800F0AF800022002300203C
:10D49000B34929F05BFF07B0BDE8F08FB14B9C4268
:10D4A00040F3AF80B04B1A449A4240F2D38000223E
:10D4B000A84B29F021FE42464B4629F01DFECDE93E
:10D4C00000014FF0000A00224FF0804340464946D9
:10D4D00029F05CFC02460B464046494629F036FFDF
:10D4E00002460B4606460F4629F006FE80A3D3E906
:10D4F000002304460D4629F0FFFD7FA3D3E9002356
:10D5000029F044FC22462B4629F0F6FD7CA3D3E902
:10D51000002329F03BFC22462B4629F0EDFD7AA39F
:10D52000D3E9002329F032FC22462B4629F0E4FD02
:10D5300077A3D3E9002329F029FC22462B4629F0C2
:10D54000DBFD75A3D3E9002329F020FC22462B46FE
:10D5500029F0D2FD72A3D3E9002329F017FC22465B
:10D560002B4629F0C9FDDDE9002329F00FFC3246E6
:10D570003B4629F0C1FD04460D46BAF1000F00F00C
:10D58000A880504629F04EFD67A3D3E900238246C8
:10D590008B4629F0B1FD66A3D3E9002306460F466A
:10D5A0005046594629F0A8FDDDE9042329F0EEFB99
:10D5B00022462B4629F0EAFB02460B46DDE9000134
:10D5C00029F0E2FB42464B4629F0DEFB02460B46C1
:10D5D0003046394629F0D8FB03E002460B4629F0D5
:10D5E000D5FB07B0BDE8F08F42464B464046494662
:10D5F00029F0CAFB02460B4629F0A8FE07B0BDE899
:10D60000F08F0022594B29F0C1FB002200232AF0A1
:10D6100003F810B1564B9C4262DD42464B464046F1
:10D62000494629F069FD00224A4B29F065FD024672
:10D630000B464046494629F0A7FB07B0BDE8F08FEE
:10D6400045F40015C6F5801620462946B6100AF1A5
:10D65000010AE7E600223E4B4046494629F096FB88
:10D660004FEA215AAAF2FF3ABAF1000F04460D46DA
:10D670000E4640F3BD8042464B4629F085FB0246EC
:10D680000B460020324929F07FFB22462B4629F029
:10D690005DFECDE90401B9E627A3D3E900232046C6
:10D6A000294629F029FD02460B460020284929F089
:10D6B0006BFBDDE9022329F01FFD06460F46BAF198
:10D6C000000F75D102460B462046294629F05CFB27
:10D6D00087E702460B46DDE9000129F055FBA6E786
:10D6E000404649467DE700BF000000000000000002
:10D6F00044523EDF12F1C23F9FC678D0099AC33F21
:10D70000DE03CB966446C73FAF788E1DC571CC3F14
:10D71000599322942449D23F04FA97999999D93F71
:10D72000935555555555E53F0000E0FE422EE63F26
:10D73000763C7935EF39EA3D555555555555E53F18
:10D740007982DA3FFFFFEF7FFFFF3F439DA0060096
:10D750000000F03F0000E03FFFFFEF3F0000F0BFA0
:10D76000000050C3FFFF1F3E3C412D4000005043CE
:10D77000FFFF8F3C504629F055FC24A3D3E900233A
:10D7800006460F4629F0B8FCDDE9042329F0FEFA2D
:10D7900020A3D3E9002304460D463046394629F03C
:10D7A000ABFC02460B462046294629F0EFFA18E763
:10D7B000504629F037FC17A3D3E9002382468B4655
:10D7C00029F09AFC11A3D3E90023804689465046EC
:10D7D000594629F091FCDDE9042329F0D7FA0246E5
:10D7E0000B463046394629F0CFFA22462B4674E7DD
:10D7F0000022054B29F0C8FA02460B46404649462E
:10D8000029F0C2FA41E700BF0000F03F763C7935CD
:10D81000EF39EA3D0000E0FE422EE63F0000000046
:10D8200008B526F03BFF04A3D3E9002329F08EFDC1
:10D8300008BD00BFAFF30080EF39FAFE422EE63F8D
:10D840002DE9F043DFF8B4808BB004460D4600F0BC
:10D8500057FF98F90030013306460F462CD0224678
:10D860002B462046294629F0E1FE814620BB204672
:10D87000294626F09FFB1FA3D3E9002329F0CCFE05
:10D88000D0B1194A98F90030CDF820900321CDE9A4
:10D890000445CDE90245CDE9001293B113490020BA
:10D8A000022BCDE9060111D129F0E6F9222303600C
:10D8B000089B9BB9DDE90667304639460BB0BDE8E9
:10D8C000F0830B4B4FF06042CDE90623684628F009
:10D8D0007FFE0028E8D0089B002BEBD029F0CCF984
:10D8E000089B0360E6E700BFACAE04000000F07FD9
:10D8F000FFFFEF477DF8B98FCE3386407A230020B3
:10D900002DE9F043DFF8E4808BB004460D4600F0CB
:10D91000A7FF98F90030013306460F4633D0204662
:10D92000294628F04FFE70B32CA3D3E900232046EC
:10D93000294629F071FE814650BB2AA3D3E9002372
:10D940002046294629F04AFEE8B198F90030204ADD
:10D95000CDF82090002000210426022BCDE90445BB
:10D96000CDE902450096CDE90601019229D068462D
:10D9700028F02EFE28B3089B1BB129F07DF9089BE7
:10D980000360DDE90667304639460BB0BDE8F08339
:10D990000F4A98F90030019203210022CDE9044595
:10D9A000CDE90245009108922BB90A4B4FF0604235
:10D9B000CDE90623DBE708490020022BCDE906016B
:10D9C000D5D129F059F922230360D4E7AFF30080C1
:10D9D000B4AE0400FFFFEF470000F07FEF39FAFE1E
:10D9E000422E864051302DD5104987C07A23002021
:10D9F0002DE9F84FC44E21F00043B34204460D46D2
:10DA00000DDD03F1404303F58013034340F0B9807B
:10DA1000002940F3408100200021BDE8F88FBB4E73
:10DA2000B34208DCBA4A934200F3B5809CA1D1E925
:10DA30000001BDE8F88F0029C0F2708102460B4654
:10DA40000020B44929F0A0F90022B34B29F054FB7F
:10DA500004460D4627F05CFB93A3D3E900238946D7
:10DA600080462946204629F047FB91A3D3E90023AD
:10DA700029F08CF922462B4629F03EFB8EA3D3E9F0
:10DA8000002329F081F922462B4629F035FB8CA38F
:10DA9000D3E9002329F07AF922462B4629F02CFB02
:10DAA00089A3D3E9002329F06FF922462B4629F0F8
:10DAB00023FB87A3D3E9002329F068F922462B46EC
:10DAC00029F01AFB84A3D3E9002382468B46204623
:10DAD000294629F011FB82A3D3E9002329F054F948
:10DAE00022462B4629F008FB7FA3D3E9002329F027
:10DAF0004DF922462B4629F0FFFA7DA3D3E90023F6
:10DB000029F042F922462B4629F0F6FA0022814BF1
:10DB100029F03CF902460B465046594629F016FCBE
:10DB200042464B4629F0E8FA002682468B463246AA
:10DB30004B463046494629F0DFFA02460B4620465E
:10DB4000294629F021F9324604460D464B46404607
:10DB5000494629F01BF902460B462046294629F082
:10DB6000F5FB02460B465046594629F00FF932465E
:10DB70004B4629F00BF902460B4629F007F9BDE8A0
:10DB8000F88F02460B4629F0FFF802460B4629F0B3
:10DB9000DDFBBDE8F88F02460B4629F0ADFA42A343
:10DBA000D3E9002306460F4629F0A6FA40A3D3E99D
:10DBB000002329F0EBF832463B4629F09DFA3EA3BC
:10DBC000D3E9002329F0E0F832463B4629F094FAE5
:10DBD0003BA3D3E9002329F0D9F832463B4629F08C
:10DBE0008BFA39A3D3E9002329F0CEF832463B461D
:10DBF00029F082FA36A3D3E9002329F0C7F8324688
:10DC00003B4629F079FA34A3D3E9002380468946BC
:10DC10003046394629F070FA31A3D3E9002329F0C0
:10DC2000B3F832463B4629F067FA2FA3D3E9002325
:10DC300029F0ACF832463B4629F05EFA2CA3D3E932
:10DC4000002329F0A1F832463B4629F055FA00227C
:10DC5000304B29F09BF802460B464046494629F0D6
:10DC600075FB22462B4629F047FA02460B4622A1B5
:10DC7000D1E9000129F088F802460B4620462946E2
:10DC800029F082F802460B4605A1D1E9000129F0EE
:10DC90007BF8BDE8F88F1AA1D1E9000179E700BF50
:10DCA000182D4454FB21F93F09F7FD0DE13D023FDA
:10DCB00088B20175E0EF493F3B8F68B52882A43FE9
:10DCC0005544880E55C1C93F7D6FEB0312D6D43F32
:10DCD000555555555555C53F82922EB1C5B8B33FE0
:10DCE00059018D1B6C06E63FC88A599CE52A004005
:10DCF0004B2D8A1C273A0340075C143326A6913C1F
:10DD0000182D4454FB210940FFFFEF3FFFFFDF3F89
:10DD10000000603C0000F03F0000E03F00225C4B50
:10DD200029F034F800225B4B29F0E6F940A3D3E94F
:10DD3000002304460D4629F0DFF93FA3D3E9002371
:10DD400029F024F822462B4629F0D6F93CA3D3E942
:10DD5000002329F019F822462B4629F0CDF93AA3E1
:10DD6000D3E9002329F012F822462B4629F0C4F902
:10DD700037A3D3E9002329F007F822462B4629F0E0
:10DD8000BBF935A3D3E9002329F000F822462B463E
:10DD900029F0B2F9804689462046294627F0B8F98D
:10DDA0002FA3D3E9002306460F462046294629F033
:10DDB000A3F92DA3D3E9002328F0E6FF22462B4642
:10DDC00029F09AF92AA3D3E9002328F0DFFF22469D
:10DDD0002B4629F091F928A3D3E9002328F0D4FF9A
:10DDE00022462B4629F088F90022294B28F0CEFF45
:10DDF00002460B464046494629F0A8FA32463B46C1
:10DE000029F07AF91EA3D3E9002328F0BDFF32469A
:10DE10003B4628F0BBFF02460B4628F0B7FF024600
:10DE20000B4619A1D1E9000128F0AEFFB1E600BF11
:10DE300009F7FD0DE13D023F88B20175E0EF493F72
:10DE40003B8F68B52882A43F5544880E55C1C93F11
:10DE50007D6FEB0312D6D43F555555555555C53FEB
:10DE600082922EB1C5B8B33F59018D1B6C06E63FB7
:10DE7000C88A599CE52A00404B2D8A1C273A03404A
:10DE8000075C143326A6913C182D4454FB2109400D
:10DE90000000F03F0000E03F414A91422DE9F84385
:10DEA00004460D4637DD3F4A91420B4608DD02F13C
:10DEB000795291423DDD024628F068FFBDE8F883C3
:10DEC00001F1404202F5801202432ED0B1F1804FA1
:10DED00037DC0022344B28F057FF02460B4604463D
:10DEE0000D4628F053FF224606460F462B46204695
:10DEF000294629F001F902460B463046394628F0FA
:10DF000045FF27F005F922462B4628F03FFFBDE8E4
:10DF1000F843FFF761BA02460B4628F035FF024688
:10DF20000B4629F013FABDE8F88300200021BDE874
:10DF3000F88300F00DFE18A3D3E9002328F026FF94
:10DF4000F1E7024629F0D8F80022174B28F01CFF11
:10DF500027F0DEF82246804689462B462046294691
:10DF600028F014FF224606460F462B4640464946F7
:10DF700028F00CFF02460B4600200B4929F0E6F979
:10DF80000B4602463946304628F0FEFEBDE8F8430F
:10DF900000F0DEBDAFF30080EF39FAFE422EE63F1F
:10DFA000FFFFEF3FFFFFAF410000F03F0000000028
:10DFB0002DE9F04FAE4B21F000479F4287B0044659
:10DFC0000D4611DD07F1404707F5801703463B4337
:10DFD00021D002460B4628F0D7FE02460B4629F018
:10DFE000B5F907B0BDE8F08FA24B9F420E4629DC81
:10DFF000B7F1795F80F2468181A3D3E9002328F04D
:10E00000C5FE00229C4B29F007FBD8B120462946CB
:10E0100007B0BDE8F08F7CA3D3E9002329F06CF8AA
:10E020007BA3D3E9002306460F462046294629F064
:10E0300063F802460B463046394628F0A7FE07B083
:10E04000BDE8F08F2046294625F0B4FF02460B4676
:10E050000020894928F098FE0022884B29F04CF8CE
:10E060006DA3D3E9002304460D4629F045F86CA3BF
:10E07000D3E9002328F08AFE22462B4629F03CF8FB
:10E0800069A3D3E9002328F07FFE22462B4629F01E
:10E0900033F867A3D3E9002328F078FE22462B4605
:10E0A00029F02AF864A3D3E9002328F06DFE224664
:10E0B0002B4629F021F862A3D3E9002328F066FE5D
:10E0C00022462B4629F018F85FA3D3E90023CDE9B7
:10E0D00000012046294629F00FF85DA3D3E900236B
:10E0E00028F052FE22462B4629F006F85AA3D3E91F
:10E0F000002328F04BFE22462B4628F0FDFF58A3B4
:10E10000D3E9002328F040FE22462B4628F0F4FFF6
:10E11000594B002228F03AFE82468B46204629467B
:10E12000CDE902AB26F0F4FF554B9F42804689466D
:10E1300000F3198102460B4628F028FEDDE9022390
:10E14000CDE90401DDE9000129F000F902460B46A2
:10E15000DDE9040128F0D0FF4FF0000ACDE900010D
:10E1600052464B465046494628F0C6FF02460B46EB
:10E170002046294628F008FE524604460D464B46E6
:10E180004046494628F002FE02460B4620462946F4
:10E1900029F0DCF802460B4628F0F8FD02460B4653
:10E1A0001BA1D1E9000128F0EFFD02460B46DDE995
:10E1B000000128F0E9FD524604460D464B46504604
:10E1C000494628F0E3FD02460B4627A1D1E90001AC
:10E1D00028F0DAFD02460B462046294628F0D4FDF9
:10E1E00002460B4620A1D1E9000128F0CDFD002E0A
:10E1F0003FF7F7AE01F100431946F2E6AFF30080B6
:10E200009C7500883CE4377E182D4454FB21F93F6F
:10E21000075C143326A6913C09F7FD0DE13D023F52
:10E2200088B20175E0EF493F3B8F68B52882A43F73
:10E230005544880E55C1C93F7D6FEB0312D6D43FBC
:10E24000555555555555C53F82922EB1C5B8B33F6A
:10E2500059018D1B6C06E63FC88A599CE52A00408F
:10E260004B2D8A1C273A0340182D4454FB21E93FCB
:10E27000FFFFEF3FFFFFDF3F0000F03F0000E03F08
:10E280003233EF3F02460B4628F036FF4BA3D3E96B
:10E29000002306460F4628F02FFF4AA3D3E90023A8
:10E2A00028F074FD32463B4628F026FF47A3D3E909
:10E2B000002328F069FD32463B4628F01DFF45A3A8
:10E2C000D3E9002328F062FD32463B4628F014FFD4
:10E2D00042A3D3E9002328F057FD32463B4628F0FD
:10E2E0000BFF40A3D3E9002328F050FD32463B4604
:10E2F00028F002FF3DA3D3E900238046894630463B
:10E30000394628F0F9FE3BA3D3E9002328F03CFD71
:10E3100032463B4628F0F0FE38A3D3E9002328F02C
:10E3200035FD32463B4628F0E7FE36A3D3E900230D
:10E3300028F02AFD32463B4628F0DEFE00221E4B26
:10E3400028F024FD02460B464046494628F0FEFFD1
:10E3500022462B4628F0D0FE22462B4628F016FDFA
:10E3600007B0BDE8F08F52465B46DDE9000128F0BA
:10E37000EDFF42464B4628F0BFFE42464B4628F092
:10E3800005FD02460B4628F001FD07A3D3E9002353
:10E3900028F0FAFC02460B4605A1D1E9000128F05D
:10E3A000F3FC24E7AFF30080075C143326A6913C0E
:10E3B000182D4454FB21F93F0000F03F09F7FD0DF3
:10E3C000E13D023F88B20175E0EF493F3B8F68B500
:10E3D0002882A43F5544880E55C1C93F7D6FEB0389
:10E3E00012D6D43F555555555555C53F82922EB13D
:10E3F000C5B8B33F59018D1B6C06E63FC88A599CCE
:10E40000E52A00404B2D8A1C273A034000000000FB
:10E410002DE9F84F1D465342134325F00049DFF81C
:10E42000C8C149EAD3736345144606460F4626D849
:10E43000C0F1000848EA000821F0004A4AEAD8780A
:10E44000E04503468B461AD805F1404808F5801888
:10E4500058EA0208AE4643D04FEAA57808F0020811
:10E460005AEA030348EAD17811D1B8F1020F55D026
:10E47000B8F1030F09D14AA1D1E9000105E0324604
:10E480003B462046294628F081FCBDE8F88F59EA32
:10E49000020329D0E1452ED0E24525D0AAEB090997
:10E4A0004FEA2959B9F13C0F3CDC002D3EDA19F155
:10E4B0003C0F3BDA00200021B8F1010F4ED0B8F13B
:10E4C000020F3ED0B8F1000FDFD037A3D3E900230D
:10E4D00028F05AFC36A3D3E9002328F055FCD4E7F2
:10E4E000BDE8F84FFEF7E4BCBBF1000F12DB32A130
:10E4F000D1E90001C9E7CA4534D0B8F1020F0DD007
:10E50000B8F1030FB7D0B8F1010F4FF0000036D0CB
:10E510000021BAE72AA1D1E90001B6E724A1D1E997
:10E520000001B2E724A1D1E90001C5E722462B464C
:10E530003046394628F00AFF25F03CFDFEF7B8FCCE
:10E54000BAE719A3D3E9002328F01EFC02460B46C4
:10E5500017A1D1E9000128F017FC96E701F100436B
:10E56000194692E7B8F1020F14D0B8F1030F0DD09D
:10E57000B8F1010F06D014A1D1E9000185E74FF0F1
:10E58000004182E712A1D1E900017EE712A1D1E9A1
:10E5900000017AE712A1D1E9000176E7AFF300802C
:10E5A000182D4454FB2109C0075C143326A6A13C56
:10E5B000182D4454FB210940182D4454FB21F93FE8
:10E5C000182D4454FB21F9BF182D4454FB21E93F79
:10E5D000182D4454FB21E9BFD221337F7CD902C0DE
:10E5E000D221337F7CD902400000F07F0000000080
:10E5F00043422DE9F047034321F000463C4A46EAF6
:10E60000D373934204460D462AD8964240D0394BE4
:10E610009E428A462EDD384B9E4235463FDD3346CC
:10E620000246314628F0B2FB224606460F462B46EC
:10E6300000202F4928F0A8FB02460B4630463946F9
:10E6400028F084FEFEF7C8FE00222C4B28F054FD73
:10E65000BAF1000F0CDA01F100431946BDE8F0876A
:10E6600002460B4628F090FB02460B4628F06EFE51
:10E67000BDE8F0871CA3D3E9002328F087FB002224
:10E68000002328F0C9FF48B120462946BDE8F0879D
:10E690000022002328F05AFEBDE8F08735462246C6
:10E6A0002B462046294628F071FB22462B4606467B
:10E6B0000F4628F021FD2246804689462B46002041
:10E6C0000B4928F061FB02460B464046494628F0BC
:10E6D0003DFE32463B4628F059FBFEF77DFE002208
:10E6E000064B28F009FDB3E79C7500883CE4377EB3
:10E6F0000000F03FFFFF2F3EFFFFDF3F0000E03F45
:10E700002DE9F8434E4B21F000449C4206460F464B
:10E710001BDC4C4B9C4222DD4B4B9C4254DD4B4B53
:10E720009C4246DD4A4B9C426FDD01339C4269D0DE
:10E7300041A3D3E900231046194628F0DDFC064624
:10E740000F4630463946BDE8F88302460B4628F0AE
:10E75000D3FC06460F4630463946BDE8F88325F01F
:10E7600029FC01F0F9FE00223A4B8046894628F048
:10E770000DFBB4F1725F06460F46ECDB42464B469A
:10E780004046494628F0B8FC32463B4604460D4612
:10E790003046394628F0FAFA02460B46204629460A
:10E7A00028F0D4FD00222B4B28F0F0FA06460F4645
:10E7B000D1E725F0FFFB00F053F80022264B28F0AC
:10E7C0009BFC06460F46C6E725F0F4FB00F048F830
:10E7D0000022214B06460F4628F08EFC32460446A6
:10E7E0000D463B4600201C4928F0B0FD02460B4672
:10E7F0002046294628F0CAFA06460F4630463946D2
:10E80000BDE8F883154B984292D83046394625F03A
:10E81000D1FB0022104B28F06FFC00F021F8002201
:10E8200004460D460C4B28F067FC22462B4628F088
:10E8300063FC06460F468EE79C7500883CE4377EF5
:10E84000FFFFEF7F422ED63FFFFF3540412E86402F
:10E85000CD3386400000F03F0000E03F7DF8B98FE7
:10E860002DE9F047B04F21F00042BA4284B004468F
:10E870000D464FEAD17610D9AC4FBA4240F28A80A9
:10E88000C1F313030343024640F0F180002E7ED013
:10E890000020002104B0BDE8F087A54B9A4200F2A9
:10E8A000B680A44B9A4240F2D1804FF0000A224633
:10E8B0002B462046294628F01FFC85A3D3E90023D8
:10E8C00006460F4628F018FC83A3D3E9002328F05E
:10E8D0005BFA32463B4628F00FFC81A3D3E90023C4
:10E8E00028F054FA32463B4628F006FC7EA3D3E9D2
:10E8F000002328F049FA32463B4628F0FDFB7CA372
:10E90000D3E9002328F042FA32463B4628F0F4FBD4
:10E9100002460B462046294628F036FA02460B46A8
:10E9200006460F462046294628F0E6FB80468946E3
:10E93000BAF1000F00F0AB8032463B4600204FF0AA
:10E94000804128F021FA02460B464046494628F00D
:10E95000FDFC02460B46DDE9020128F015FADDE96F
:10E96000002328F011FA0B4602467349002028F0D4
:10E970000BFA6FF47F739A4580F2A3800AF57A7AD6
:10E9800001EB0A5100224FF0B87328F0B5FB04B038
:10E99000BDE8F08758A3D3E9002328F03DFE002806
:10E9A0006BD157A3D3E900232046294628F016FE51
:10E9B00000287FF46DAF614953A3D3E9002301EB35
:10E9C000C6062046294628F097FBD6E9002328F002
:10E9D000DDF928F041FE824628F024FB4CA3D3E960
:10E9E000002306460F4628F087FB02460B462046CA
:10E9F000294628F0C9F948A3D3E90023CDE900014D
:10EA00003046394628F078FBCDE9020115E04C4B41
:10EA10009A42D0D84B4BF4002344D3E9002328F08A
:10EA2000B3F9494B234493ED007BCDE900018DED13
:10EA3000027BC6F1010AAAEB060ADDE90223DDE941
:10EA4000000128F0A1F904460D4630E734A3D3E9CC
:10EA5000002328F09BF90022374B28F0DDFDA8B3F6
:10EA6000204629460022344B28F090F98FE70B46C8
:10EA700028F08CF904B0BDE8F08729A3D3E900237E
:10EA80001046194628F038FB04B0BDE8F087304640
:10EA9000394600224FF0804328F076F902460B46B3
:10EAA0004046494628F052FC22462B4628F06CF995
:10EAB00002460B460020204928F066F904B0BDE864
:10EAC000F08701EB0A5104B0BDE8F0878246EEE61C
:10EAD000D0A4BE726937663EF16BD2C541BDBB3E64
:10EAE0002CDE25AF6A56113F93BDBE166CC1663F42
:10EAF0003E5555555555C53FEF39FAFE422E8640D5
:10EB000051302DD5104987C0FE822B654715F73F40
:10EB10000000E0FE422EE63F763C7935EF39EA3DD3
:10EB20009C7500883CE4377E412E8640FFFFEF7FD6
:10EB3000422ED63FFFFF2F3E0000F03F80850400AD
:10EB4000B1A2F03F90850400A08504000000000001
:10EB50002DE9F04FB1F5801F85B006460F460B46F4
:10EB600080F2D08021F00042024300F0DA800029D8
:10EB7000C0F2E9800022D64B28F0BEFAD54A0B46F7
:10EB8000934206460F466FF0350E00F3C180C3F383
:10EB9000130505F5152C0CF6647C0CF4801C8CF028
:10EBA0007F5282F440121C1542EA0507A4F2FF349A
:10EBB00074440022C84B3046394604EB1C5428F0FC
:10EBC000E3F8AB1CC3F31303022B82468B464FF0D2
:10EBD000000240F3AF804FF0804328F0D7F80246A0
:10EBE0000B465046594628F0B1FB064620460F46D4
:10EBF00028F018FA3246CDE902013B463046394644
:10EC0000CDE9006728F078FA02460B46804689462F
:10EC100028F072FA9AA3D3E9002306460F4628F09B
:10EC20006BFA99A3D3E9002328F0B0F832463B46AB
:10EC300028F062FA96A3D3E9002328F0A7F8324619
:10EC40003B4628F059FA94A3D3E9002328F09EF814
:10EC500042464B4628F050FA91A3D3E90023804660
:10EC600089463046394628F047FA8FA3D3E9002376
:10EC700028F08CF832463B4628F03EFA8CA3D3E9C4
:10EC8000002328F083F832463B4628F035FA0B463D
:10EC900002464946404628F079F8A5F5C223C5F555
:10ECA000D725A3F27A4351351D43002D06460F4662
:10ECB00040F387800022894B5046594628F01CFAC1
:10ECC00052465B4628F018FA02460B4680468946B3
:10ECD0003046394628F05AF8DDE9002328F00CFACE
:10ECE00006460F46002C40F0818002460B46404607
:10ECF000494628F049F802460B465046594628F046
:10ED000043F80BE0734A93424FF0000E7FF73FAF9A
:10ED100032463B463046394628F038F805B0BDE863
:10ED2000F08F0022002300206D4928F00FFB05B072
:10ED3000BDE8F08F002328F047FC60B1002C7CD1A7
:10ED400000200021EAE7024628F01EF800220023F6
:10ED500028F0FCFAE2E758A3D3E9002350465946CD
:10ED600028F0CAF902460B4600205C4928F00CF84E
:10ED7000524606460F465B465046594628F0BCF9B7
:10ED800002460B463046394628F0B6F906460F468D
:10ED90002CB3204628F046F949A3D3E90023804646
:10EDA000894628F0A9F948A3D3E9002304460D4673
:10EDB0004046494628F0A0F902460B4630463946FF
:10EDC0002CE002460B465046594627F0DDFFDDE9B0
:10EDD000002328F091F906460F46002C47D1324611
:10EDE0003B465046594627F0CFFF97E734A3D3E977
:10EDF0000023DDE9020128F07FF933A3D3E90023E2
:10EE000004460D46DDE9020128F076F932463B461C
:10EE100027F0BCFF02460B464046494627F0B4FFA8
:10EE200052465B4627F0B0FF02460B462046294675
:10EE300027F0AAFF05B0BDE8F08F204628F0F2F8D1
:10EE40001FA3D3E9002306460F4628F055F91EA359
:10EE5000D3E9002304460D463046394628F04CF9E4
:10EE600002460B462046294627F090FF56E7DDE98B
:10EE7000028913A3D3E900234046494691E700BF26
:10EE800044523EDF12F1C23FDE03CB966446C73FD9
:10EE9000599322942449D23F935555555555E53FF2
:10EEA0009FC678D0099AC33FAF788E1DC571CC3FFD
:10EEB00004FA97999999D93F555555555555D53FC8
:10EEC0000000E0FE422EE63F763C7935EF39EA3D20
:10EED00000005043FFFFEF7F0000F03F0000E03FE5
:10EEE000000050C300000000B1F5801F2DE9F84379
:10EEF00004460D460B4619DA21F00042024359D070
:10EF000000295FDB00223A4B28F0F6F8394A0D461B
:10EF10002B46934204466FF035010CDD22462B460A
:10EF20002046294627F032FFBDE8F883314A934254
:10EF30004FF00001F2DC1815A0F2FF3008444FEA50
:10EF4000D0794844C3F3130828F06CF8C9F57F73EF
:10EF5000033348EA035506460F4620462946FFF785
:10EF6000F7FD1DA3D3E90023804689463046394684
:10EF700028F0C2F81AA3D3E9002304460D46404600
:10EF8000494628F0B9F802460B462046294627F0A4
:10EF9000FDFE15A3D3E9002304460D46304639464D
:10EFA00028F0AAF802460B462046294627F0EEFE36
:10EFB000BDE8F8830022002300200F4928F0C6F99D
:10EFC000BDE8F883024627F0DFFE0022002328F088
:10EFD000BDF9A9E7AFF30080362BF111F3FE593DDF
:10EFE0000EE526157BCBDB3F00609F501344D33FDB
:10EFF00000005043FFFFEF7F000050C300000000FF
:10F000002DE9F047CA4B21F000479F4290B080465F
:10F01000894640F38F80C74B9F420C46924626DCC0
:10F020000029B9A3D3E9002340F38F8027F0ACFE79
:10F03000C14B9F4204460D4600F04781B4A3D3E97B
:10F04000002327F0A1FE02460B46CAE90023204612
:10F05000294627F099FEAEA3D3E9002327F094FEBA
:10F060000125CAE90201284610B0BDE8F087B34B7C
:10F070009F4240F38980B24B9F4200F31C813D15B3
:10F08000A5F21645A7EB055319461F46064628F07C
:10F09000E3FA27F0C7FF8046894642464B46304692
:10F0A0003946CDE90A8927F06FFE0022A54B28F0EA
:10F0B00023F88946804628F0CFFA27F0B3FF0646AA
:10F0C0000F4632463B4640464946CDE90C6727F09D
:10F0D0005BFE00229B4B28F00FF800220023CDE9B5
:10F0E0000E0128F071FA002800F0608100233046FC
:10F0F0003946002228F068FA002814BF01230223B1
:10F10000914A019202212A4600910AA8514600F034
:10F1100087FB002C054614DADAF80420DAF80C3004
:10F1200002F1004203F100434542CAF80420CAF844
:10F130000C3006E000200021C2E90089C2E902018A
:10F140000025284610B0BDE8F08727F01FFE7A4B57
:10F150009F4204460D4600F00B816DA3D3E90023C6
:10F1600027F014FE02460B46CAE900232946204632
:10F1700027F00AFE66A3D3E9002327F007FE4FF02D
:10F18000FF35CAE90201DCE724F014FF62A3D3E9EA
:10F1900000238046894627F0AFFF00226B4B27F003
:10F1A000F5FD28F059FA054627F03CFF56A3D3E9B0
:10F1B0000023CDE9060127F09FFF02460B4640469B
:10F1C000494627F0E1FD52A3D3E900238046894652
:10F1D000DDE90601CDE9028927F08EFF1F2D0246E9
:10F1E0000B46CDE9042340F3B380DDE90423DDE9D8
:10F1F000020127F0C9FD804689463F15C9F30A532D
:10F20000FB1A102B40F3B18045A3D3E90023DDE9BD
:10F21000060127F071FF8046894602460B46DDE96C
:10F22000020127F0B1FD02460B46DDE90201CDE9FE
:10F23000082327F0A9FD42464B4627F0A5FD3AA337
:10F24000D3E9002380468946DDE9060127F054FF13
:10F2500042464B4627F098FD0B46CDE90401024695
:10F26000DDE9080127F090FDC1F30A53FF1A312FA1
:10F270008046894600F39C809DED087BCAE90089A1
:10F280008DED027B42464B46DDE9020127F07CFD15
:10F29000DDE9042327F078FD002CCAE90201BFF65E
:10F2A00050AF09F1004401F100436D42CAE9008406
:10F2B000CAE9020345E702460B4627F065FD002533
:10F2C000CAE90201CAE900013BE715A3D3E900231B
:10F2D00027F05AFD14A3D3E900230D46044627F076
:10F2E00053FD02460B46CAE900232946204627F073
:10F2F0004BFD0DA3D3E9002327F046FD0125CAE904
:10F3000002011EE7AFF3008000004054FB21F93FEB
:10F310003163621A61B4D03D83C8C96D305FE43F88
:10F320000000601A61B4D03D7370032E8A19A33BAC
:10F33000FB21E93F7BD90240FB21F93FFB21394109
:10F34000FFFFEF7F0000704174AF04000000E03F5A
:10F350004046494627F018FD394B6A1E804653F84F
:10F360002230BB4289463FF448AFCAE9008989E7A9
:10F370002BA3D3E9002327F009FD2BA3D3E9002316
:10F380000D46044627F002FD02460B46CAE900235B
:10F390002946204627F0F8FC23A3D3E9002327F0D1
:10F3A000F5FC4FF0FF35CAE90201CAE60323A7E6E0
:10F3B0001FA3D3E90023DDE9060127F09DFE0646E1
:10F3C0000F4602460B46DDE9080127F0DDFC8046CA
:10F3D000894602460B46DDE90801CDE9028927F09E
:10F3E000D3FC32463B4627F0CFFC13A3D3E90023DE
:10F3F00006460F46DDE9060127F07EFE32463B4613
:10F4000027F0C2FC02460B4640464946CDE904239C
:10F4100027F0BAFC80468946A7E700BFAFF300801B
:10F420000000601A61B4D03D7370032E8A19A33BAB
:10F430000000002E8A19A33BC14920259A837B39FD
:10F44000F4AE040000000000574A2DE9F84F21F007
:10F450000048904506460F462CDC544B0029B4BFAB
:10F46000534D544D98454FF0000411DC524B9845D4
:10F4700026DC4BA3D3E9002327F088FC00224F4B66
:10F4800028F0CAF8002840D030463946BDE8F88F49
:10F490004B4B984530DD4B4B984568DD0133984523
:10F4A00062D0304639463EA3D3E9002327F024FE3C
:10F4B000BDE8F88F02460B4627F068FCBDE8F88FE0
:10F4C00024F078FD01F048F83F4B984506460F467A
:10F4D00023DD0022394B27F059FC02460B4630460B
:10F4E000394627F033FF32463B4627F04FFC224691
:10F4F0002B4627F001FEE1E724F05CFDFFF7B0F9B1
:10F5000022462B4627F0F8FDD8E73046394624F04E
:10F5100051FD01F021F806460F4632463B46304683
:10F52000394627F033FC324682468B463B4630460E
:10F53000394627F0E1FD0022804689461F4B3046C0
:10F54000394627F023FC02460B464046494627F041
:10F55000FDFE02460B465046594627F015FC224652
:10F560002B4627F0C9FDA9E7184B984299D8304699
:10F57000394624F01FFD00220E4B27F0BDFDFFF79A
:10F580006FF906460F4602460B462046294627F0ED
:10F59000B3FD32463B4627F0AFFD8FE7AFF3008067
:10F5A0003374AC3C1F7BAC7FFFFFEF7FFFFF354028
:10F5B0000000E0BF0000E03FFFFF2F3E0000F03FF3
:10F5C000412E8640CD338640FFFFEF3F7DF8B98F57
:10F5D0002DE9F04F21F00048B8F1795F85B006467B
:10F5E0000F4692469B466BDA28F036F8002800F06A
:10F5F000E18032463B463046394627F07DFD74A314
:10F60000D3E9002304460D4627F076FD72A3D3E923
:10F61000002327F0BBFB22462B4627F06DFD70A38D
:10F62000D3E9002327F0B0FB22462B4627F064FDE8
:10F630006DA3D3E9002327F0A9FB22462B4627F030
:10F640005BFD6BA3D3E9002327F09EFB22462B46EC
:10F6500027F052FD68A3D3E9002327F097FB224649
:10F660002B4627F049FDCDE900010022664B2046DC
:10F67000294627F041FDDDE90023804689462046E2
:10F68000294627F039FD524604460D465B46304672
:10F69000394627F031FD02460B462046294627F021
:10F6A00073FB02460B464046494627F06DFB024677
:10F6B0000B460020554927F067FB05B0BDE8F08FE9
:10F6C00002460B4627F018FD41A3D3E90023044668
:10F6D0000D4627F011FD40A3D3E9002327F056FB88
:10F6E00022462B4627F008FD3DA3D3E9002327F04F
:10F6F0004BFB22462B4627F0FFFC3BA3D3E900231C
:10F7000027F044FB22462B4627F0F6FC38A3D3E92A
:10F71000002327F039FB22462B4627F0EDFC36A3C9
:10F72000D3E9002327F032FB2B46224627F0E4FCE6
:10F73000374B9845CDE9000197DD364B98453EDCC7
:10F74000A8F500130022002030499046994627F082
:10F750001BFBCDE9020100222B4B2046294627F056
:10F76000CBFC42464B4627F00FFBDDE900238046E9
:10F7700089462046294627F0BFFC524604460D46DE
:10F780005B463046394627F0B7FC02460B4620461A
:10F79000294627F0F9FA02460B464046494627F02B
:10F7A000F3FA02460B46DDE9020127F0EDFA05B057
:10F7B000BDE8F08F1549002005B0BDE8F08F9FED42
:10F7C000107B4FF000088DED027BDFF84C90C2E714
:10F7D000D43888BEE9FAA8BDC4B1B4BD9EEE213EBE
:10F7E000AD529C804F7E923E9015CB19A001FA3EFF
:10F7F0007751C1166CC1563F4C5555555555A53FCF
:10F80000000000000000E73F0000E03F0000F03F84
:10F810003233D33F0000E93F0000D23F0000000038
:10F820002DE9F04FADF5197DBE4CA29EBE4D54F8AA
:10F8300026600793D41E85FB0475E417C4EBA5046A
:10F8400024EAE4741D46631CA3EB8303013D02EB31
:10F85000C3030593731904960994019503900B91C2
:10F86000A4EB05071AD43B44002400255E1C0DF1CF
:10F870008008DDF88C9208E059F8270027F0D2FBC9
:10F880000137B742E8E8020108D0002FF4DA013767
:10F8900020462946B742E8E80201F6D1049B002B36
:10F8A000079B4FEAC30302932ADB039A20A902EBCA
:10F8B000030801EB0309049B72AA02EBC30B0DF5CD
:10F8C000E07A019B002B4FF000064FF0000711DBA0
:10F8D000039C4D4675E90223F4E8020127F00CFC75
:10F8E00002460B463046394627F050FA4445064654
:10F8F0000F46EFD1EAE80267DA4509F10809E0D1DD
:10F90000DDE90204049920448B0082460BA8A3F190
:10F910000802C31808930CAB13440A938B4698ABA8
:10F9200003EBCB03BBF1000F53E9284529DD70AB96
:10F9300003EBCB080DF1300900227C4B2046294611
:10F9400027F0DAFB27F088FE27F06CFB0022784BCB
:10F9500006460F4627F0D0FB02460B4620462946B6
:10F9600027F012FA27F078FE78E9022349F8040B11
:10F970003946304627F00AFA70AB984504460D46E2
:10F98000DAD1DDF81490204629464A4601F030F8D5
:10F9900000224FF07F5304460D4627F0ADFBFDF7E4
:10F9A0009BFC0022634B27F0A7FB02460B46204638
:10F9B000294627F0E9F90D46044627F04DFE80461A
:10F9C00027F030FB0B4602462946204627F0DCF99B
:10F9D0004B46002B06460F4640F3E1800BF1FF3209
:10F9E0000CA9C9F1180351F8225045FA03F101FAA4
:10F9F00003F30CA8EB1A40F82230C9F1170588442C
:10FA000043FA05F5002D2CDDBBF1000F08F10108CC
:10FA100040F381820C9C002C40F0A780BBF1010FC9
:10FA20000AD00CA9012251F8044F531C002C40F0BD
:10FA30009E809B451A46F6D1059B002B0EDD012BBF
:10FA400000F0D980022B09D10BF1FF320CAB0CA9CD
:10FA500053F82230C3F3150341F82230022D00F091
:10FA6000AF80002200233046394627F0ADFD002844
:10FA700000F05382049B0BF1FF394B4510DC0BF176
:10FA800080430CAA013B089802EB8303002253F841
:10FA90000419834242EA0102F9D1002A40F0B680FB
:10FAA000049B0CAA013B52F82330002B40F0A180AC
:10FAB0000A9A012352F8041901330029FAD05B4451
:10FAC0000BF10109994506934CDC099A079909EB5A
:10FAD000020801EB0B0508F1804802EB030BA39B26
:10FAE00008F1FF3803EB880870AB03EBC909A39B4F
:10FAF00020A903EB8B0301EBC505029358F8040F13
:10FB000027F090FA0B4601990246002905F1080BEF
:10FB1000C5E900234FF000064FF000071CDB039CF3
:10FB20000CE000BF14B40400ABAAAA2A0000703E87
:10FB3000000070410000204075E90223F4E8020152
:10FB400027F0DAFA02460B463046394627F01EF90E
:10FB5000544506460F46EFD1029B9845E9E80267F7
:10FB60005D46CBD1DDF818B0D9E6012300220CA9FF
:10FB7000C4F180749B4541F822400EDD51F82320EA
:10FB800001EB8B0001EB83036FF07F4100E01A680B
:10FB90008A1A43F8042B8342F9D101244CE706D199
:10FBA0000BF1FF330CAA52F82350ED152AE700227F
:10FBB0007B4B27F027FD002840F0A381054650E746
:10FBC00032463B460020774927F0DEF806460F46CE
:10FBD000002C3FF446AF059A7249002000F008FF60
:10FBE00002460B463046394627F0CEF806460F4609
:10FBF00037E7012363E70BF1FF320CAB0CA953F895
:10FC00002230C3F3160341F8223027E70CAB059AE4
:10FC100053F82930183ACDE9068505926BB909F1F8
:10FC20008043013B0CA901EB830353F8041909F14C
:10FC3000FF39183A0029F8D00592059A5949002051
:10FC400000F0D6FEB9F1000F04460D46C0F2C081A7
:10FC50004FEAC90370AA02EB030808930CAB03EB4D
:10FC60008906DFF844B14FF0000A08F108070436AE
:10FC700056F8040D27F0D6F922462B4627F03CFA19
:10FC80005B4667E9020152462046294627F034FACE
:10FC90000CAB9E4204460D46EAD148AB0393019358
:10FCA000CDF8149009F10103DDF810900293C346DA
:10FCB0004FF0000AB9F1000FC0F22A81DFF8EC80A2
:10FCC0005D4635A3D3E9002300260027002403E086
:10FCD000544510DCF8E80223F5E8020127F00CFA9D
:10FCE00002460B463046394627F050F80134A1450C
:10FCF00006460F46ECDA019BE3E802670193029B9C
:10FD00000AF1010A9A45ABF1080BD3D1A29BDDF8A9
:10FD10001490032B39D8DFE813F0D9000600060051
:10FD20004D0048AB0393B9F1000F4FF000004FF0C6
:10FD3000000109DB039D05EBC904083474E90223C3
:10FD400027F024F8A542F9D1079B002B40F01E8133
:10FD50000B9BC3E900010B4603990246D1E9000160
:10FD600027F012F8B9F1000F0CDD4AAD012401347F
:10FD7000F5E8022327F00AF8A145F8DA079B002BE3
:10FD800040F014810B9BC3E90201069B03F00700BE
:10FD90000DF5197DBDE8F08F00000040FB21F93F13
:10FDA0000000E03F0000F03F0000703EC885040006
:10FDB00048AB0393B9F1000F40F32781039ACDF8C4
:10FDC00010904FEAC9030193D318D3E900AB09F1AE
:10FDD0000053013B02EBC9080293914678E90267A0
:10FDE00052465B463046394626F0D0FF04460D4663
:10FDF00002460B463046394626F0C6FF52465B4661
:10FE000026F0C4FFC145A246AB46C8E90201C8E9D5
:10FE10000045E3D1DDF81090B9F1010F40F3F58012
:10FE2000019B039A02991344C900D3E9006701F1C9
:10FE3000080A019192440DF5947B7AE902893246D1
:10FE40003B464046494626F0A1FF04460D46024681
:10FE50000B464046494626F097FF32463B4626F081
:10FE600095FFD34526462F46CAE90201CAE9004557
:10FE7000E3D1019C039B1034002000211C4403F1BA
:10FE8000100574E9022326F081FFA542F9D1039CF5
:10FE9000079ED4E90023D4E90245002E00F08A80B1
:10FEA00003F1004701F100430B99C1E90403069BEC
:10FEB0002646944605F1004403F00700C1E900C757
:10FEC000C1E902640DF5197DBDE8F08F089C039D22
:10FED0000834002000212C4474E9022326F056FF48
:10FEE000A542F9D1079B13B101F1004319460B9BC1
:10FEF000C3E90001069B03F007000DF5197DBDE87D
:10FF0000F08FBBF1000F08F1010874DD022581E5D7
:10FF100000260027EFE600248EE5CDE90685059D45
:10FF2000304639466A4200F063FD0022384B0646EF
:10FF30000F4627F067FB00B30022364B30463946A8
:10FF400027F0DAF827F088FB044627F06BF8002248
:10FF50002F4B27F0D1F80B4602463946304626F0A3
:10FF600013FF27F079FB0BF101090CAB183543F8AF
:10FF70002B00059543F829405FE63046394627F0C7
:10FF80006BFB0CABD94643F82B0056E60B9C01F1FA
:10FF90000043C4E900030B4603990246D1E900017E
:10FFA00026F0F2FEB9F1000F3FF7DFAE01F100439A
:10FFB0001946E7E60B9EC6E90023069BC6E9040145
:10FFC00003F00700C6E902450DF5197DBDE8F08F85
:10FFD000A29B032B3FF6D9AE01A252F823F000BF3B
:10FFE000F1FF010023FD010023FD0100B1FD01002F
:10FFF0000020002176E732463B460020064926F0E5
:020000040002F8
:10000000C3FE022506460F462BE5002000213EE7F1
:10001000000070410000703E0000F03F0000000052
:100020002DE9F04F21F00046B6F1795F85B0044626
:100030000D469046994604DA27F00EFB002800F0A2
:10004000858022462B462046294627F055F806464D
:100050000F4602460B462046294627F04DF841A39D
:10006000D3E9002382468B463046394627F044F8D0
:100070003EA3D3E9002326F087FE32463B4627F015
:100080003BF83CA3D3E9002326F080FE32463B46F2
:1000900027F032F839A3D3E9002326F075FE324663
:1000A0003B4627F029F837A3D3E9002326F06EFE5C
:1000B0000E9BCDE900019BB30022294B40464946E7
:1000C00027F01AF8DDE90023CDE902015046594630
:1000D00027F012F802460B46DDE9020126F054FE35
:1000E00032463B4627F008F842464B4626F04CFE87
:1000F00019A3D3E9002306460F465046594626F079
:10010000FBFF02460B463046394626F03FFE0246CC
:100110000B462046294626F037FE05B0BDE8F08F95
:1001200002460B463046394626F0E6FF0AA3D3E9DD
:10013000002326F029FE52465B4626F0DDFF2246CC
:100140002B4626F023FE05B0BDE8F08F2046294659
:1001500005B0BDE8F08F00BF495555555555C53F11
:100160000000E03F7CD5CF5A3AD9E53DEB9C2B8A85
:10017000E6E55A3E7DFEB157E31DC73ED561C11984
:10018000A0012A3FA6F810111111813F00000000C4
:100190002DE9F04FC04C21F0004687B0A6428246C0
:1001A0008B460F46CDE900231ADC27F055FA0028CC
:1001B0003FD1109B524601331343334300F0B781C4
:1001C000109B012B00F0C0815B460020B34927F053
:1001D000BDF804460D462046294607B0BDE8F08F1D
:1001E000AF4B9E4225DD002909DADDE900452246B4
:1001F00005F10043CDE900230BF100418B46524647
:100200005B4685A1D1E9000126F0BEFDDDE90023B2
:1002100004460D4682A1D1E9000126F0B5FD9FED0F
:10022000827B22462B468DED007B26F0AFFD824679
:100230008B4652465B465046594626F05DFF0246C5
:100240000B468046894626F057FF424604460D4637
:100250004B465046594626F04FFF75A3D3E900237D
:10026000CDE902012046294626F046FF72A3D3E9D4
:10027000002326F08BFD22462B4626F03DFF70A37F
:10028000D3E9002326F082FD22462B4626F034FFD8
:100290006DA3D3E9002326F079FD22462B4626F0F4
:1002A0002BFF6BA3D3E9002326F070FD22462B46DB
:1002B00026F022FF68A3D3E9002326F067FD42461B
:1002C0004B4626F019FF66A3D3E90023CDE90401CC
:1002D0002046294626F010FF63A3D3E9002326F029
:1002E00055FD22462B4626F007FF61A3D3E90023E4
:1002F00026F04CFD22462B4626F0FEFE5EA3D3E9F7
:10030000002326F043FD22462B4626F0F5FE5CA393
:10031000D3E9002326F03AFD22462B4626F0ECFED8
:1003200059A3D3E9002326F031FD02460B46DDE94F
:10033000040126F02BFDDDE9022326F0DDFEDDE9D8
:10034000004522462B4626F021FD42464B4626F02C
:10035000D3FE22462B4626F019FD4DA3D3E90023F8
:1003600004460D46DDE9020126F0C6FE22462B4674
:1003700026F00CFD0B4602468046894650465946FB
:1003800026F004FD464B9E4204460D4600F38C8049
:10039000109B012B3BD002460B4600203F4926F024
:1003A000D5FF002406460F462046294652465B46A6
:1003B000CDE90067CDE90201009426F0E5FCDDE916
:1003C00000AB02460B464046494626F0DDFC52464D
:1003D0005B4626F091FE524604460D465B46DDE93B
:1003E000020126F089FE00222E4B26F0CFFC0246A9
:1003F0000B462046294626F0C9FC32463B4626F0ED
:100400007BFE52465B4626F0C1FC04460D46204664
:10041000294607B0BDE8F08F182D4454FB21E93F71
:10042000075C143326A6813C000000000000000099
:10043000D47ABF74702AFB3EE9A7F0320FB8123F9E
:1004400068108D1AF726303F1583E0FEC8DB573F52
:1004500093846EE9E326823FFE41B31BBAA1AB3F12
:10046000735360DBCB75F3BEA69237A0887E143F32
:100470000165F2F2D844433F280356C9226D6D3F0F
:1004800037D60684F464963F7AFE10111111C13FED
:10049000635555555555D53FFFFF2F3E0000F0BF22
:1004A0002794E53F0000F03F109826F0BBFD224660
:1004B000CDE900012B462046294626F01DFEDDE948
:1004C0000023CDE902012046294626F05FFC0246C2
:1004D0000B46DDE9020126F039FF42464B4626F085
:1004E00053FC02460B465046594626F04DFC024648
:1004F0000B4626F04BFC02460B46DDE9000126F0D8
:1005000043FC0446B81700F00200C0F101000D469C
:1005100026F088FD02460B462046294626F0ECFDD3
:1005200004460D462046294607B0BDE8F08F5046E8
:10053000594623F03FFD02460B460020044926F0B1
:1005400005FF04460D4662E754465D465FE700BF7F
:100550000000F03F000000002DE9F04FCC4A21F0F0
:100560000043934285B082468B460C4620D9C94A47
:10057000934200F2D780002C80F2A481ACA3D3E98F
:1005800000235046594626F001FC0022002327F0A4
:1005900025F8002840F0D180A7A3D3E900235046D6
:1005A000594626F0A9FD02460B460020BA4994E1BF
:1005B000BA4A934200F2E580B94A934240F22E8152
:1005C000002301930022B74B5046594626F094FD74
:1005D00006460F4602460B465046594626F08CFD0D
:1005E00097A3D3E9002304460D4626F085FD96A384
:1005F000D3E9002326F0CAFB22462B4626F07CFDD9
:1006000093A3D3E9002326F0BFFB22462B4626F016
:1006100073FD91A3D3E9002326F0B8FB22462B46B5
:1006200026F06AFD8EA3D3E9002326F0ADFB224617
:100630002B4626F061FD00229B4B26F0A7FB80464F
:10064000894602460B463046394626F055FD02469D
:100650000B460020954926F097FB064602460B46BE
:100660000F464046494626F08FFB32468046894673
:100670003B465046594626F03FFD02460B460020B9
:100680008B4926F081FB02460B464046494626F040
:100690005DFE22462B4626F02FFD019E02460B46AC
:1006A000002E4DD0DDE9026732463B4626F06CFB5A
:1006B00052465B4626F020FD32463B4626F064FB60
:1006C0002B46224626F060FB019B013306460F466F
:1006D00000F02381019B012B7BD0019A531C392B05
:1006E0004FEA025500F22881019A132A40F35581FE
:1006F000019BC3F57F7403340022230526F046FBDB
:1007000002460B465046594626F03EFB0022664BF9
:1007100026F03CFB824605EB010B5046594605B0DE
:10072000BDE8F08F634A93421BD9C1F3130303431F
:10073000024640F012810029EFDA00205E490DE008
:100740005046594626F0D8FC22462B4626F01CFB84
:1007500002460B465046594626F016FB05B0BDE84A
:10076000F08F41A3D3E9002326F056FF00283FF481
:1007700002AF3FA3D3E900231046194626F0BCFC84
:10078000ECE74E4A934200F2EC8000293AA3D3E909
:10079000002339DA26F0FAFA39A7D7E900674FF0D3
:1007A000FF3380468946019332463B4640464946E0
:1007B00026F0EAFA02460B4682468B4640464946F8
:1007C00026F0E2FA32463B4626F0DEFACDE9020197
:1007D000F8E600223A4B5046594626F0FFFE002824
:1007E00000F0CC805046594600222E4B26F0CEFA1F
:1007F00002460B463046394626F0C6FA00224FF034
:10080000404326F079FCA9E726F0BEFA0123804692
:10081000894601931CA7D7E90067C5E714A3D3E96C
:10082000002326F0B3FA02460B468FE7AFF30080B1
:1008300059F3F8C21F6EA501FE822B654715F73FDD
:100840002DC3096EB7FD8ABE3952E686CACFD03EA7
:10085000B7DBAA9E19CE143F8555FE19A0015A3F59
:10086000F41011111111A13FEF39FAFE422E86400A
:100870009C7500883CE4377E0000E0FE422EE63F97
:10088000763C7935EF39EABD763C7935EF39EA3D8A
:1008900079684340412E86400000E0BF422ED63F9B
:1008A000FFFF8F3C0000E03F0000F03F00000840E9
:1008B00000001840FFFFEF7F0000F0BFB1A2F03F43
:1008C0000000D0BF44A3D3E900235046594626F088
:1008D00013FC02460B460020414926F057FA26F049
:1008E000BBFE019026F09EFB37A3D3E9002306460A
:1008F0000F4626F001FC02460B465046594626F0AC
:1009000043FA33A3D3E9002380468946304639466B
:1009100026F0F2FB06460F4646E702460B465046D7
:10092000594626F031FA00222D4B26F0E5FB002235
:100930002B4B26F029FA11E752465B4626F024FAA3
:1009400002460B460020274926F01EFA6B1819466E
:100950000022244B26F018FA00E70B4626F016FA80
:10096000FCE61DA3D3E9002326F0C6FB002C0246BB
:100970000B464FF00000AFDA1B49AEE732463B466C
:100980005046594626F000FA02460B4626F0FEF97C
:100990000022144B26F0FAF9E0E64FF4001343FA74
:1009A00002F452465B4626F0EFF9C4F17F57002669
:1009B00007F5401702460B463046394626F0E4F963
:1009C000A8E600BFAFF300800000E0FE422EE63F45
:1009D000763C7935EF39EA3DFE822B654715F73FC6
:1009E0000000E03F0000F03F0000E0BF000000001A
:1009F000F8B5C1F30A5304460D460E4617460BBB25
:100A000021F00046034633431BD0354B002226F02D
:100A100073FB344B9F4204460D4635DBC1F30A534A
:100A20000E46363B3B4440F2FE72934232DC002BD2
:100A300011DD26F0FF4626F4E00646EA035520467F
:100A40002946F8BD40F2FF729342EBD102460B46B5
:100A500026F09CF9F8BD13F1350F28DA4CF250332B
:100A60009F4222462B460ADD19A1D1E9000126F05A
:100A7000E7F817A3D3E9002326F03EFBF8BD16A143
:100A8000D1E9000126F0DCF813A3D3E9002326F016
:100A900033FBF8BD22462B460DA1D1E9000126F01B
:100AA000CFF80BA3D3E9002326F026FBF8BD26F0F0
:100AB000FF4626F4E006363346EA0355204629462B
:100AC0000022094B26F018FBF8BD00BFAFF30080F1
:100AD0009C7500883CE4377E59F3F8C21F6EA5016F
:100AE00000005043B03CFFFF0000903C10B5054CA7
:100AF000237833B9044B13B10448AFF300800123CA
:100B0000237010BD603800200000000094B5040080
:100B100008B5034B1BB103490348AFF3008008BD80
:100B2000000000006438002094B50400154B002B31
:100B300008BF134B9D46A3F5803A00218B460F4614
:100B40001348144A121A02F007FF0F4B002B00D073
:100B500098470E4B002B00D098470020002104003E
:100B60000D000D48002802D00C4808F0B9FA26F014
:100B70009DF82000290007F0E7FC26F083F800BF6D
:100B8000000008000000022000000000000000003B
:100B9000002400204C430020E190020000000000EF
:100BA000704700BF0B68984221D10B6998421EDC48
:100BB0008B6998421BDA002830B408DB4B68146854
:100BC000A3425468B8BF1360A342C8BF53600B6B05
:100BD000002B05DD4A688D6A0C6A2A444A601B1B9B
:100BE0004A6A0130134408600B6330BC7047704799
:100BF0000B6898422DD1F0B44B684F69BB4226DB9D
:100C00008C69A04223DA0C6BD1F820C00BE0CD6ACE
:100C10004E6A05443444A8420D60644403F1FF3336
:100C200013D1BB4211DB002807DB15689D425568D4
:100C3000C8BF13609D42B8BF5360002CE7DC0D684D
:100C4000A842644403F1FF33EBD00C634B60F0BC6B
:100C5000704770470B6898422DD1F0B44B684F69CC
:100C6000BB4226DC8C69A04223DA0C6BD1F820C091
:100C70000BE0CD6A4E6A0544A41BA8420D60644493
:100C800003F1010313D1BB4211DC002807DB156817
:100C90009D425568C8BF13609D42B8BF5360002C89
:100CA000E7DC0D68A842644403F10103EBD00C6358
:100CB0004B60F0BC7047704743685889884207DD35
:100CC000002A05DB98898242ACBF002001207047D2
:100CD00000207047704700BF70B506464068457AEF
:100CE000012D82B000F110040ED0042D27D183898C
:100CF0009B001F335B119B0001FB0344C2B92078AA
:100D000000F00F0002B070BD83890733DB1001FBD8
:100D100003440AB104EBE2040123217802F0070244
:100D200003FA02F20A4214BF1846002002B070BD56
:100D30005310E05CD307E3D5001102B070BD40F260
:100D40003530CDE9001203F055FC00997368019A23
:100D50005B7A641A32B1012BDCD0042BE8D000207E
:100D600002B070BD042BCAD0012BF8D1D4E700BF6C
:100D700070B506464068447A012C84B000F1100535
:100D800013D0042C29D1808980001F3040118000AD
:100D900001FB00519ABB91F9000020F00F0003F015
:100DA0000F0303430B7004B070BD80890730C0107F
:100DB00001FB00510AB101EBE201012002F0070240
:100DC00000FA02F2087823B920EA0200087004B0A1
:100DD00070BD1043087004B070BD40F23530CDE9ED
:100DE0000223019103F006FCDDE9022301997068FA
:100DF000691A407A82B10128DDD00428D3D101EBF1
:100E00006201D20791F90000C7D500F00F0040EA57
:100E100003130B7004B070BD0428BCD00128CCD0E3
:100E200004B070BD2DE9F84F0A9FBF1A48BF7F423A
:100E3000A3EB01094CBF4FF0FF3B4FF0010B7F00CC
:100E40008B42A7EB09050C469846164682464FEAA8
:100E500049090EDB324621460B9B50460134FFF711
:100E600087FF002DC4BFA5EB09055E44A0453D44A6
:100E7000F0DABDE8F88F00BF2DE9F84FDDF82880E3
:100E80005B1A48BF5B42A8EB02094CBF4FF0FF3B27
:100E90004FF0010B5F009045A7EB090514460E4685
:100EA00082464FEA49090EDB224631460B9B5046EB
:100EB0000134FFF75DFF002DC4BFA5EB09055E44BB
:100EC000A0453D44F0DABDE8F88F00BFD0E901321B
:100ED000013282609A0701D11A0F08D110B5044679
:100EE000596803F1080004F04BF9606010BD7047C9
:100EF00030B445680B68688923EAE374431EA34253
:100F0000A8BF23460B60AB891168013B21EAE17160
:100F10008B42A8BF0B46136030BC704738B504F055
:100F20002FF9054605F0C8FF0C2005F0C1FE044668
:100F300028B10A4A456000230260836025B1284633
:100F400005F0C8FF204638BD40F2353003F052FBB3
:100F5000284605F0BFFF204638BD00BF2C860400A0
:100F6000B0F5FA6F24D8B1F5FA6F21D8012A70B51F
:100F700018D0042A1ED18B001F335C11830003FBA1
:100F800004F308330D460446194600201646FFF7C1
:100F9000C5FF4368872100225E725C819D811972C2
:100FA000DA8170BDCB1DDB1000FB03F30833E9E7EA
:100FB00000207047002070BD38B14368082B02DD67
:100FC000027A872A02D0002070477047427A012AAD
:100FD0000FD0042AF7D18289408992001F32521122
:100FE000800000FB02F00830181AB0FA80F04009C7
:100FF0007047828940890732D21000FB02F0083026
:10100000F2E700BF48B14268042A04DD037AE12B0D
:1010100014D0E42B02D0002070477047817A437AC5
:101020001F2000EB81009B00401103FB00F30833FD
:10103000181F801AB0FA80F040097047817A437A0D
:10104000C81DC01003FB00F30833F1E70020704710
:1010500043685889704700BF43689889704700BF4C
:101060004368587AA0F10100B0FA80F04009704757
:1010700043689A0704D11B0F0CBF01200020704762
:10108000012070478068003018BF0120704700BF02
:101090002DE9F0410D1E04DB04461F46FFF70CFE50
:1010A00008B9BDE8F08116462046FFF70FFF3B4622
:1010B000324629462046BDE8F041FFF759BE00BF41
:1010C00070B50C1E04DB25460446FFF7F5FD08B994
:1010D000002070BD29462046BDE87040FFF7FCBDEA
:1010E0004068437A042B00D0704743898B42FBD978
:1010F00070B4848955685E1AA30004FB06F4AC4200
:1011000003F11F034FEA6313A8BF2C469B00103066
:10111000641001FB030112D0013C08190A320139A5
:1011200011F8013F03F00F0302F8023C0B788142F3
:101130004FEA231302F8013C02F10202F0D170BC25
:10114000704700BF2DE9F04143685D7A042D01D05E
:10115000BDE8F081B3F80A808845F9D904461746FE
:101160009D890E46FFF7B2FE63685A7A012A03F1A1
:10117000100424D0042A26D1998989001F314911ED
:1011800089007B68A8EB060805FB08F09842A8BF19
:101190001846401001FB0641DAD007F10A02084464
:1011A00012F8023C12F8014C03F00F0343EA041357
:1011B00001F8013B814202F10202F1D1C8E79989AD
:1011C0000731C910DDE740F2353003F013FA4FF074
:1011D000FF31D6E72DE9F04786B0CDE902210BB10A
:1011E0000E9D15B906B0BDE8F08745686E89B1421D
:1011F0000446F7DAAD89AA42F4DA01390B440E99B4
:10120000013A0A44002BCDE90432EBDB002AE9DB8A
:1012100005AA04A9FFF76CFE02AA03A92046FFF75E
:1012200067FE6168DDE90475DDE90223888901371D
:1012300001354607A7EB0307A5EB020505D123B946
:101240001AB94B899F4200F0CA802046FFF73EFE44
:1012500061684B7A012B00F09380042B40F0C7802B
:10126000B1F80CE00F984FEA8E0E0EF11F0E00F051
:101270000F06DDE902324FEA6E1E06EB06164FEA54
:101280008E0E5FFA86FA01F11008B1F80CC04FEA31
:101290008C0C0CF11F0C4FEA6C1C4FEA8C0C02FBFF
:1012A0000C8C002B40F09880002F07F1FF3106DCFA
:1012B00098E7042B2FD001394B1CF44492D063687B
:1012C0005B7A012BF5D1029A002D02F0070203FA96
:1012D00002F3F0DDE046002205E0384388F8000024
:1012E00001329542E7DDB3F5807F0BD0DFB25B00C2
:1012F0000F9E98F80000002EEFD120EA070088F832
:101300000000EDE708F10100AB1A072B80462FDC47
:1013100002230127ECE7029B13F0010F14BFF02713
:101320000F27002DC7DDE04600200DE0FAB23F0197
:1013300098F8003083EA0A0902EA090201305340B2
:10134000854288F80030B6DDB7F5706FEED108F150
:1013500001022B1A012B9046A3F1020302DCF027B5
:101360000F22E5E70230854202F801ABF2DCA2E78A
:101370000832954200F801ABA3F10803C5DC9AE7F7
:10138000B1F80CE00EF1070E4FEAEE0EF446DDE97F
:10139000023201F110080CFB028C0F9A42F3000696
:1013A0005FFA86FA002B3FF47FAF0CEBE30C7BE790
:1013B00040F23530CDE9003203F01CF9019A009B70
:1013C000A8EB020CA3B36268527A012A4FF0FF3EE9
:1013D000EBD0042A7FF468AF0CEB630C64E7854222
:1013E0007FF433AF20460F9900F026F8FAE640F27A
:1013F000353003F0FFF86168487A012808D1B1F868
:101400000CC00CF1070C4FEAEC0C4FF0FF3EBEE7AE
:101410000F9B03F00F0606EB061604285FFA86FA08
:10142000DDE9023201F11008C2D14FF0FF3E2CE796
:101430004FF0FF3E38E700BF30B5054683B00C469D
:1014400019B1436899894A072DD12846FFF73EFD17
:1014500069684A7A01F110034968012AE4B218BFA9
:1014600004F00F04A1F108010CBF44F3000404EBE5
:1014700004140329E2B20ED998070DD102EB022021
:1014800021F0030400EB00401C4443F8040BA3428A
:10149000FBD101F0030121B119441A7001339942C3
:1014A000FBD103B030BD00225B890091019411464D
:1014B000FFF790FE03B030BD10B5141482B0CDE933
:1014C000004313B20A1409B2FFF784FE02B010BD44
:1014D0002DE9F04784B0CDE900210BB10C9C14B983
:1014E00004B0BDE8F08745686E89B1428246F7DAFC
:1014F000AE89B242F4DA6D7A042DF1D10D9C6568A3
:101500000F2DEDDD01390B440C99013A0A44002BF3
:10151000CDE90232E4DB002AE2DB03AA02A9FFF7ED
:10152000E7FC6A4601A95046FFF7E2FCDDE9022329
:10153000DDE90061013201335046A2EB01089E1B38
:10154000FFF7C4FCDAF804700D9A7B7A012B02F1E4
:10155000080544D0042B53D1B7F80CC04FEA8C0CCB
:101560000CF11F0C4FEA6C1CDDE900494FEA8C0CB2
:101570001037634603FB0977002C61D1B8F1000FE7
:1015800008F1FF34ACDD009B002E03F001021FDDEB
:101590003B7838460AB301220EE043780132084610
:1015A00003F00F0103F0F003695C01F00F010B433E
:1015B000964203700CDD0132191103F00F0315F888
:1015C00001E0014643EA0E13964201F8013BE4DCD8
:1015D000013C631C6744D6D182E70122E0E7B7F8FB
:1015E0000CC0DDE900490CF1070C4FEAEC0C103798
:1015F000634603FB0977002CC0D007EBE407BDE787
:1016000040F2353002F0F6FFDAF80430DDF80490ED
:101610005A7A009C012A03F1100714D0042A1BD027
:1016200040F2353002F0E6FFA7EB09078CB1DAF89B
:1016300004305B7A012B4FF0FF3CDED0042B9DD1B0
:1016400007EB64079AE79B890733DB104FF0FF3CF9
:10165000CFE74FF0FF3C91E79B899B001F335B1165
:101660009B004FF0FF3C85E710B5141482B0CDE924
:10167000004313B20A1409B2FFF72AFF02B010BDEB
:1016800081B108B54068496842684B689A4201D008
:10169000002008BD0831083026F095FAB0FA80F035
:1016A000400908BD08467047406841680830FFF7A8
:1016B00035BC00BF2DE9F0410746FFF707FC7B680A
:1016C0005A892AB300269C89013C002C1CDD002588
:1016D0002A4631463846FFF7FFFA22468046314611
:1016E0003846FFF7F9FA2A46034631463846FFF7EF
:1016F0003FFB01352246434631463846013CFFF761
:1017000037FBA542E4DB7B685A8901369642DADB77
:10171000BDE8F08170B5436805465A7A59899889C1
:10172000FFF71EFC6B685A890646B2B100249A89FD
:101730007AB1214600222846FFF7CEFA2246034618
:1017400000213046FFF714FB6B689A890134002AA8
:10175000EFD15A8901349442E9DB304670BD00BFB5
:101760002DE9F043436899897E2983B05ADC81468C
:101770005A7A58894900FFF7F3FBD9F804304268D8
:10178000597A5F890129804602F110043FD004296B
:1017900057D19E89B6001F367611B600517A0129BD
:1017A0003CD0042944D19589AD001F356D11AD00A1
:1017B000D9F804202848517A284A012908BF104640
:1017C0000FB303F10F0E4FF0000905F1FF3C002DA0
:1017D00014DD7146002311F8012F02F00F0263455A
:1017E000825C227008BF013405D00A7812110234DD
:1017F000825C04F8012C0233AB42ECDB09F10109F5
:10180000B945B644E3D1404603B0BDE8F0839E89B4
:10181000517A073601294FEAE606C2D19589073584
:10182000ED10C5E74FF00008404603B0BDE8F08377
:1018300040F2353001934FF0FF3502F0DBFE019BA3
:10184000B6E740F2353001934FF0FF3602F0D2FE9A
:10185000D8F80420019BA1E71C8604000C86040034
:10186000F8B543685B7A042B00D0F8BD02F00F0690
:101870008E42FAD005460F46FFF728FB6B6817B972
:101880009A89520721D15A68082A03F11001ECD035
:101890001144340109390F3364B213F8010F00F019
:1018A0000F02BA4204BF20F00F003043B7EB101F05
:1018B00003D100F00F002043C0B299421870ECD160
:1018C000F8BD9A8901379742CFDA5A89002AF8D0B1
:1018D000002404E06B685A8901349442F1DA3A46F4
:1018E00021462846FFF7F8F90028F3D133463A4657
:1018F00021462846FFF73CFAECE700BF2DE9F0410E
:101900001C4684B08C420746DDE90A5306DB8BE0B7
:101910002E46204615460C4632460146A142F7DBCC
:10192000B2EB0508A1EB040610D1002E6CD04FF0ED
:10193000010C0B932A4606EB0C0321463846CDF8E2
:1019400028C004B0BDE8F041FFF744BC7EB9B8F14F
:10195000000F64DD08F10102CDE90A232A46214681
:101960003846012304B0BDE8F041FFF733BC00293D
:1019700052DBD7F804C0BCF80A00A0424CDD002CB2
:1019800005DA04FB08F494FBF6F42D1B00248842CE
:1019900007DC0138411A08FB01FE01469EFBF6F008
:1019A00002449542BCF80C0045DB824234DA002D3B
:1019B00032DB002A05DA06FB02F292FBF8F2891A02
:1019C0000022854207DB0138451B06FB05FC054666
:1019D0009CFBF8F004443846CDE902230191FFF75F
:1019E00075FAB8F1000FDDE90112039B3ADB4645B9
:1019F000CDE90A2338460B462A4621463CDC04B092
:101A0000BDE8F041FFF738BA2A462146384604B00F
:101A1000BDE8F041FFF73CBB04B0BDE8F081C8F180
:101A20000101CDE90A139AE7164608462A462146DF
:101A30003546044674E78542EEDA002AECDB002DD9
:101A400005DA06FB05F595FBF8F5641B00258242D7
:101A5000C1DB0138821A06FB02FC02469CFBF8F04F
:101A60000144B8E7C8F1000846450B9309DD0A9226
:101A70000B462A462146384604B0BDE8F041FFF740
:101A8000D1B90A9523463846B9E700BF10B51414FA
:101A900082B0CDE9004313B20A1409B2FFF72EFF5A
:101AA00002B010BDF8B50F1E16DB144600221E460C
:101AB0000546FFF701F978B1069B002B0CDB0022ED
:101AC00019462846FFF7F8F830B1079B002B03DDD5
:101AD0006B685A7A042A00D0F8BD7268517A0429DA
:101AE000FAD19889558981001F3149111033890035
:101AF00007FB0137079B1E198642A8BF0646002C2C
:101B00004FEA054595FBF3F52FDB01D007EB6407A2
:101B10000021938906989B001F335B119B00A6420E
:101B200000FB03F302F11002D6DD02EB030C4B14B1
:101B3000CA031CF803304CBF1A1103F00F0297F9C7
:101B4000003014F0010F03F00F0004BF23F00F0367
:101B5000134340EA021004F1010414BF07F8010B1B
:101B60003B70B4422944E2D1F8BD05FB04F149427F
:101B70000024CEE730B51D1483B01CB2CDE900457A
:101B800013460A1409B2FFF78DFF03B030BD00BF42
:101B90002DE9F04F8BB0914601901089059108B165
:101BA0005368186803F054FFB9F80830012B88BF58
:101BB000D9F8043004468CBF5868002003F048FF71
:101BC000B9F80830022B88BFD9F8043080468CBFA2
:101BD0009868002003F03CFFB9F80830032B88BF59
:101BE000D9F8043007468CBFD868002003F030FFD6
:101BF000B9F80830042B88BFD9F8043082468CBF6E
:101C00001869002003F024FFB9F80830052B88BFBD
:101C1000D9F8043005468CBF5869002003F018FF3E
:101C2000B9F80830062B88BFD9F8043083468CBF3A
:101C30009869002003F00CFFB9F80830072B06461E
:101C400040F2B980D9F80430D86903F001FFB9F83F
:101C50000820D9F80410082A034640F2BE80086A1A
:101C6000422800F0BE800A2840F0CB80002002907D
:101C7000092A09D9486A422800F0C0800A2803D0FE
:101C800010B1062840F0B0804FF00009059A019984
:101C9000526848685189B0F80AC0B0F80CE09289DF
:101CA00030042E448E42A8BF0E4603EB0B01914236
:101CB000A8BF11461B0493FBFAF306930B4690FB57
:101CC000F7F004EAE47127441B04C2446745089313
:101CD00001FB00F30090A8BF6746C3EB0540F24547
:101CE000069B08EAE872A8BFF246CDF81CA002FBEA
:101CF00003FA631ACAEB0B4A049320EAE073360432
:101D00000993A8EB02082AEAEA7AB9F1000F60D039
:101D1000079B984549DA089B534546DDDDF814B02A
:101D2000CDF80CA0039B4FEA234A049BBB422FDA59
:101D3000099CA6422CDD52464B46C246B146049D44
:101D40001E4690460AE0002837D1029B8BB1013530
:101D5000009BBD421C4417D0A14515DD424621140D
:101D60005846FEF7B9FF002EEDD1029B0BB10028BB
:101D7000EDD00346294652460198FEF7F9FF01359A
:101D8000009BBD421C44E7D13346D0464E4699469F
:101D9000039B069A13440393079B08F10108984597
:101DA00003D0089B039A9342BCDC4FF000094846DD
:101DB0000BB0BDE8F08F002047E752462946019856
:101DC000FEF78AFF0028C2D0B14648460BB0BDE8F6
:101DD000F08F0198FFF77AF89AE700220292914675
:101DE00054E70120029043E7009304F0B9F910F1A1
:101DF000000918BF4FF00109009B47E74FF00109A8
:101E000044E700283FF433AF06283FF42FAF009398
:101E100004F0A6F9031C18BF01230293D9F804109B
:101E2000B9F80820009B23E7FFF7B2BE2DE9F04F79
:101E300089B05C000594C4F1010403945C1E53D482
:101E4000012306928B46824607930493002507E000
:101E5000049A013C02321344A5420492039343DCEA
:101E6000069E129B4FEA4509A6EB050809F10109F8
:101E7000CDE90093424601230BEB04015046FFF7E6
:101E8000A9F96700129B0137361BCDE90073324672
:101E900001230BEB05015046FFF79CF9129B0193C0
:101EA00042460123ABEB04015046CDF80090FFF70A
:101EB00091F9129B0193324601230097ABEB050188
:101EC0005046FFF787F9039B059A002BA3EB02030B
:101ED000BEDC039A079B114601351944A54203F164
:101EE000020303910793BBDD09B0BDE8F08F00BF8B
:101EF00010B582B00C46009309B213462214FFF7C6
:101F000095FF02B010BD00BF70B4BDF90C50036165
:101F1000AC1A84EAE4765B1AA6EBE476B342C0E935
:101F200002124260036201604FEA4302446245616B
:101F300011DD002CB8BF64424FEA4404ACBF01215C
:101F40004FF0FF31E31A81620021C0E908240363E6
:101F5000416370BC70470123002C04FA03F1C36293
:101F6000B2BFA418141B02230463C0E90821436311
:101F700070BC7047F0B505464068467A85B0012EC2
:101F80009DF8287000F110042ED0042E3BD18089DA
:101F900080001F304011800001FB0041002A45D124
:101FA0000F25002B1EDD00240AE0E8B22D010A787F
:101FB00082EA0706304001344240A3420A7011DD34
:101FC000B5F5706FF1D1481C1A1B012A0146A2F128
:101FD000020202DCF0250F20E9E70234A34200F8F8
:101FE000017BF2DC05B0F0BD80890730C01001FB39
:101FF0000041002AD4D001EBE20112F0010F14BF1E
:10200000F0250F25CDE740F23530CDE902230191CF
:1020100002F0F0FADDE902230199611A002ABFD02B
:102020006868407A0128E6D00428E6D101EB620115
:10203000E3E700BF2DE9F04FB9B08B420491984619
:102040000746439C80F2DE80A142084640F3EB80C5
:10205000444506DB2146449B4298449044464293C3
:102060008846449BDDF808C1BDF910B015B21EB218
:1020700024B20FFA8CF90FFA88FA214632460095FD
:102080005B460EA8FFF740FF324621465346CDF887
:1020900000901CA8FFF738FF4A46514600955B4662
:1020A0002AA8FFF731FF634A379B7D68299C07CA3E
:1020B0000BAE86E8070038A91B9A6E89AD89319569
:1020C00001EB830301EB820201EB840453F8B43C7F
:1020D000059338464FF0FF3352F8B49C54F8B4AC33
:1020E000309622961496CDE9095323951595FEF75F
:1020F000EDFE7B681E9C5A7A459B012ADBB216BF17
:1021000003F00F0343F3000303EB0313DBB203936A
:10211000731E9845A8BF98464445079309AE2EDC28
:102120004FF0FF3B05EB0B03069302972046324628
:102130000EA9CDE9095BC84720461CA93246D04705
:10214000002C2146029804F1010415DB099AAA42E9
:1021500012DA0A9B002B0FDB002ABCBF0022099277
:10216000AB42A8BF069B039FA8BF0A93C2F1010C14
:1021700000976344FFF7FEFE4445D7DD029F2C988D
:10218000059B32462AA99847049A07992C9C8A42B3
:10219000A8BF0A4601349442904630DC4FF0FF3A23
:1021A00005EB0A0BCDF810B0DDF814B0029720460D
:1021B00032460EA9CDE9095AC84720462AA9324617
:1021C000D847002C2146029804F1010415DB099A36
:1021D000AA4212DA0A9B002B0FDB002ABCBF0022A6
:1021E0000992AB42A8BF049B039FA8BF0A93C2F108
:1021F000010C00976344FFF7BDFE4445D7DD39B0BD
:10220000BDE8F08FA34207DD049BCDF81080114696
:102210009846429A42911BE7449B449221461A46B3
:10222000049C04911DE7449B44922146049104467A
:102230001A460DE7008604002DE9F04FC7B01D4691
:102240001EB20B46079112B209B2AB420EAB8246E8
:10225000519CDDF84C91BDF94081029203910493A9
:1022600080F2E2801846CDF800803346FFF74CFE3E
:10227000529BA5421FB20FFA84FB1CAB80F2CA80AE
:10228000069318460097424631465B46FFF73CFEF0
:10229000549B4C451EB20FFA89F82AAB80F2B180EC
:1022A0000593184600963A4659464346FFF72CFEDA
:1022B000079B4B450DF1E00B80F29A800096434658
:1022C000DDE902215846FFF71FFE5C4ADAF80430C8
:1022D000379F07CA0BAE86E807001B9845995A89B5
:1022E0009E893F960DF58C7C0CEB800E29983E92D2
:1022F0004C4523460CEB800CB8BF4B4646A8AB427E
:1023000000EB870700EB810107983092B8BF2B469E
:102310004C45A8BF4C46834202F1FF38B8BF034684
:10232000A542A8BF25469845A8BF9846079B5EF8DA
:10233000EC4C02949D42A8BF1D465CF8EC4C039403
:102340004FF0FF33504657F8EC9C229214920A93B8
:1023500051F8EC7C3196239615960996FEF7B6FD5A
:10236000DAF804305A7A559B012ADBB216BF03F023
:102370000F0343F3000303EB0313DBB245451C4695
:1023800033DC731E07934FF0FF3328460A9309AAE4
:102390000499029B099698472846039B069909AA27
:1023A0009847284609AA0599C8472846594609AAC0
:1023B000B847002D2946504605F1010513DB099A5F
:1023C000B24210DA0A9B002B0DDB002ABCBF0022B0
:1023D0000992B342A4BF079B0A93C2F1010C009477
:1023E0006344FFF7C7FD4545CDDD47B0BDE8F08F3D
:1023F000029B00933246039B41465846FFF784FDFB
:1024000063E71846059300975B4632464146FFF75F
:102410007BFD4DE718460693CDF8008033463A46DB
:102420005946FFF771FD33E7029A0092184642467B
:10243000039B3146FFF768FD1AE700BF00860400E2
:102440002DE9F04F0546088985B00C4608B14B6868
:10245000186803F0FDFA2389012B88BF63680646DC
:102460008CBF5868002003F0F3FA2389022B88BF41
:10247000636807468CBF9868002003F0E9FA238957
:10248000032B88BF636880468CBFD868002003F0A8
:10249000DFFA2389042B88BF636881468CBF1869E3
:1024A000002003F0D5FA2389052B88BF6368824694
:1024B0008CBF5869002003F0CBFA2389062B88BF14
:1024C000636883468CBF9869002003F0C1FACDE9A8
:1024D000009ACDE902B043463A4631462846FFF716
:1024E000A9FD05B0BDE8F08F2DE9F04F044608893D
:1024F00089B0884608B14B68186803F0A9FAB8F8A3
:102500000830012B88BFD8F8043005468CBF5868C6
:10251000002003F09DFAB8F80830022B88BFD8F8E5
:10252000043006468CBF9868002003F091FAB8F892
:102530000830032B88BFD8F8043007468CBFD86812
:10254000002003F085FAB8F808300690042B8ABF03
:10255000D8F804300020186903F07AFAB8F8083087
:10256000052B88BFD8F8043081468CBF58690020FD
:1025700003F06EFAB8F80830062B88BFD8F804309C
:1025800082468CBF9869002003F062FAB8F80830E0
:10259000072B88BFD8F8043083468CBFD869002049
:1025A00003F056FAB8F80820082A88BFD8F80420A3
:1025B000034688BF106A079398BF002003F048FACB
:1025C000079BCDF80490CDE90430069B0093CDE93C
:1025D00002AB3B46324629462046FFF72DFE09B0A6
:1025E000BDE8F08F10B50422FEF7BAFC0446D8B15E
:1025F00043685A68083A032A03F110030BD913F011
:10260000030009D122F00301194443F8040B8B4263
:10261000FBD102F003022AB11A44002119700133E0
:102620009342FBD1204610BD40F2913001F0E2FF11
:10263000204610BD032A70B40FD940EA01039B075E
:1026400010D003461A440C78E4B21C700133934254
:1026500001F10101F7D170BC70470346002AF1D1A6
:1026600070BC704722F00303CE18041F51F8045BBE
:1026700044F8045FB142F9D102F003020344002A96
:10268000E0D1EDE770B54A68436855895E89AE428E
:1026900000D070BD96899D89AE42FAD1527A5B7A9C
:1026A0009A42F6D10D460446FEF710FC6968606850
:1026B0004A681030083A1031BDE87040FFF7BABFE1
:1026C0002DE9F04FD1F804C0BCF80A5005EB02091F
:1026D000B9F1000F8BB058DD4468B4F80AB05A4520
:1026E000074652DABCF80C001E18002E03964CDD8B
:1026F000B4F80C80434548DA002BC0F2C880A8EB40
:10270000030E86457646A8BF06460696667A02966A
:10271000149E9CF809A016F1020F02D1002A00F0C5
:102720009980BAF1010F00F03281BAF1040F40F044
:102730001C8680001F304011800004900298012800
:1027400000F01981042840F02186B4F80CC04868D4
:102750004FEA8C0C0CF11F0C4FEA6C1C4FEA8C06F4
:10276000103001961034059043B17868407A012802
:1027700000F08A80042801D104EB63040298042845
:1027800000F08A800299012903D000200BB0BDE837
:10279000F08FBAF1010FF8D17968487AB1F80CA03E
:1027A00001F11008A8EB040101280AF1FF3A069193
:1027B00000F0CC85042840F01786BAF1000F40F0F5
:1027C000268606990791002DDFD003990198059E72
:1027D000CDF8089003F0070A5144089100FB024429
:1027E000A1F10808059307E0049B1E44019B1C44CB
:1027F000029B01329A42C8D05A45F5D2069B059FEA
:1028000003EB040E079B4745B446254603EB04093A
:1028100080F2A7850021039207E001432970474514
:1028200005F10105194680F2C0801CF8013BAE4558
:1028300007F1080703FA0AF3F1D843EA2121A94571
:10284000C9B2ECD3149A28780132E6D10142E6D01D
:1028500001209BE7002B7FF464AF029EB2457FF41A
:1028600060AF5D457FF45DAF40457FF45AAF3846B9
:102870000193FFF707FF019B184687E7002B00F045
:10288000EC854FF0FF30019004EBE30476E746451A
:10289000A8BF4646069639E7BAF1040F00F0A880B3
:1028A000BAF1010F7FF471AF002B51DB002D3FF423
:1028B0006CAF059D594203F00100002B01F00701A8
:1028C0004FF0010305F1010A019D03FA01F3149988
:1028D00005FB0244069DB4BF002001230901054405
:1028E00006934BB20390AE46029307E0049B01327D
:1028F0009A44019B4A451C443FF447AF5A45F5D2E0
:10290000039B1AF801CC73452546D046EEDA0699AA
:10291000059210E095F90000029A00F00F071743A6
:10292000149A20F00F001043002E3CD02F70013578
:10293000013373455AD0B1F5807F2DD00846490048
:102940001CEA000F03F00106E4D1002EF0D0EEE700
:102950004868467A1030012E0590C3F1000400F05B
:102960005D85042E40F06085059901EB64010591B9
:102970007C6810349AE7B4F80CC048680CF1070C76
:102980004FEAEC061030019610340590ECE6073063
:10299000C01004900298D2E698F800C0022108F115
:1029A00001080120CCE72870C2E7039A0899CF1BE1
:1029B000002F7FF719AFAE453FF616AFA945FFF4DC
:1029C00013AF9CF80010287801FA0AF141EA23239A
:1029D000C7F10807FF2141FA07F714993B4001317D
:1029E000DBB200F0FC8403432B70FDE6059A7DE723
:1029F00004998910002D3FF4C8AE0398DDF814A0A7
:102A0000CDF80C904045A8BF404606460198059376
:102A100000FB0244A6F1080006908800029003F033
:102A20000100A8F1080704908C465A4580F0EA801E
:102A30001498002851462346C0F2FB80DDE904309B
:102A4000251DE646002B40F0AE81904667E0B84277
:102A500003F00F0200F3E0803AB115F8049C29F06E
:102A60000F0949EA020205F8042C13F0F00F09D00F
:102A700015F8049C23F00F0209F00F0949EA02023D
:102A800005F8042CC3F30329B9F1000F07D015F89A
:102A9000032C22F00F0242EA090205F8032C4FEA48
:102AA000133919F00F0F07D015F8032C02F00F029D
:102AB00042EA091205F8032CC3F30349B9F1000FE8
:102AC00007D015F8022C22F00F0242EA090205F89D
:102AD000022C4FEA135919F00F0F07D015F8022CEA
:102AE00002F00F0242EA091205F8022CC3F303694F
:102AF000B9F1000F07D015F8012C22F00F0242EABD
:102B0000090205F8012C1B0F07D015F8012C02F063
:102B10000F0242EA031305F8013C083004351EF1A8
:102B2000FF3EC0F02682002851F8043B8FDA13F0F4
:102B3000F00F0DD0421C0BD4964209DD15F8049C11
:102B400023F00F0209F00F0949EA020205F8042CEC
:102B5000C3F3032262B110F1020909D44E4507DD27
:102B600015F8039C29F00F0949EA020205F8032C25
:102B70001A0B12F00F0F0CD010F1030909D44E45B7
:102B800007DD15F8039C09F00F0949EA021205F860
:102B9000032CC3F3034262B110F1040909D44E457A
:102BA00007DD15F8029C29F00F0949EA020205F831
:102BB000022C1A0D12F00F0F0CD010F1050909D4D8
:102BC0004E4507DD15F8029C09F00F0949EA02128B
:102BD00005F8022CC3F3036262B110F1060909D4AF
:102BE0004E4507DD15F8019C29F00F0949EA02025C
:102BF00005F8012C1B0F90D0C21D8ED496428CDD9F
:102C000083E74A46029B9A44019B1C44039B013282
:102C10009A427FF40AAFB8E5002A88D0B04286DA3B
:102C200015F8049C29F00F0949EA020205F8042C62
:102C30007DE714980230049800F09D81059B251DC6
:102C4000002840F031828646914649E09F4200F0DC
:102C50000F02C0F29E8022B115F8042C12077FF4F7
:102C6000F7AD10F0F00F05D015F8042C12F0F00FAE
:102C70007FF4EEAD10F4706F04D015F8032C12073A
:102C80007FF4E6AD10F4704F05D015F8032C12F068
:102C9000F00F7FF4DDAD10F4702F04D015F8022C86
:102CA00012077FF4D5AD10F4700F05D015F8022C83
:102CB00012F0F00F7FF4CCAD10F0706F04D015F867
:102CC000012C12077FF4C4AD020F05D015F8012CBA
:102CD00012F0F00F7FF4BCAD0EF1010E0833043595
:102CE000E6458ED0002B51F8040BAFDA10F0F00F50
:102CF00009D05A1C07D4964205DD15F8042C12F0B1
:102D0000F00F7FF4A5AD10F4706F08D09A1C06D4B4
:102D1000964204DD15F8032C12077FF499AD10F4E8
:102D2000704F09D0DA1C07D4964205DD15F8032C44
:102D300012F0F00F7FF48CAD10F4702F09D013F166
:102D4000040806D4464504DD15F8022C12077FF46A
:102D50007FAD10F4700F09D05A1D07D4964205DDDF
:102D600015F8022C12F0F00F7FF472AD10F0706FB6
:102D700008D09A1D06D4964204DD15F8012C1207DE
:102D80007FF466AD020FA7D0DA1DA5D49642A3DD6D
:102D90009CE7002AAAD09E42A8DD15F8042C120751
:102DA0007FF456ADA2E7914664E0874203F00F023C
:102DB000C0F2D2803AB115F8042C02F00F0242EAB8
:102DC000031205F8042CC3F30318B8F1000F07D061
:102DD00015F8032C22F00F0242EA080205F8032C32
:102DE0004FEA132818F00F0F07D015F8032C02F044
:102DF0000F0242EA081205F8032CC3F30338B8F1B6
:102E0000000F07D015F8022C22F00F0242EA080248
:102E100005F8022C4FEA134818F00F0F07D015F8E9
:102E2000022C02F00F0242EA081205F8022CC3F34A
:102E30000358B8F1000F07D015F8012C22F00F024B
:102E400042EA080205F8012C4FEA136818F00F0F48
:102E500007D015F8012C02F00F0242EA081205F81B
:102E6000012C1B0F04D02A7822F00F0213432B7081
:102E7000083004351EF1FF3EFFF4C3AE002851F8C0
:102E8000043B92DAC3F3031262B110F1010809D4D2
:102E9000464507DD15F8038C28F00F0848EA0202C2
:102EA00005F8032C1A0A12F00F0F0CD010F10208CB
:102EB00009D4B04507DA15F8038C08F00F0848EA82
:102EC000021205F8032CC3F3033262B110F10308B8
:102ED00009D4B04507DA15F8028C28F00F0848EA43
:102EE000020205F8022C1A0C12F00F0F0CD010F190
:102EF000040809D4B04507DA15F8028C08F00F0869
:102F000048EA021205F8022CC3F3035262B110F131
:102F1000050809D4464507DD15F8018C28F00F088F
:102F200048EA020205F8012C4FEA136818F00F0F67
:102F30000BD0821D09D4964207DD15F8012C02F052
:102F40000F0242EA081805F8018C1B0F90D0C21D31
:102F50008ED496428CDD86E7002A93D0864291DD9E
:102F600015F8042C02F00F0242EA031205F8042CB3
:102F700088E7424646E6002840F0488105980792D7
:102F8000E64610E0069A82427FDB4FEA15294FEAB7
:102F9000154803F8045C2D0E03F8039C03F8028C1B
:102FA00003F8015C08301EF1FF3E7BD3002803F1DB
:102FB000040351F8045BE5DA10F101080BD446452F
:102FC00009DD13F8048C25F00F0908F00F0848EA12
:102FD000090803F8048C10F102080BD4464509DDFA
:102FE00013F8038CC5F3032928F00F0848EA0908F1
:102FF00003F8038C10F103080BD4464509DD13F8E0
:10300000038C4FEA153908F00F0848EA091803F84D
:10301000038C10F104080BD4464509DD13F8028C2B
:10302000C5F3034928F00F0848EA090803F8028CA1
:1030300010F105080BD4464509DD13F8028C4FEA60
:10304000155908F00F0848EA091803F8028C10F126
:1030500006080BD4464509DD13F8018CC5F3036956
:1030600028F00F0848EA090803F8018C10F1070856
:1030700098D4464596DD13F8018C2D0F08F00F0803
:1030800048EA051503F8015C8CE7864294DD13F8E5
:10309000048C05F00F0928F00F0848EA090803F826
:1030A000048C89E7079AADE54FF0000E914648E0A1
:1030B0009F4200F00F02C0F29E802AB115F8042C46
:1030C00012F0F00F7FF4C4AB10F0F00F04D015F83D
:1030D000032C12077FF4BCAB10F4706F05D015F809
:1030E000032C12F0F00F7FF4B3AB10F4704F04D048
:1030F00015F8022C12077FF4ABAB10F4702F05D03B
:1031000015F8022C12F0F00F7FF4A2AB10F4700F40
:1031100004D015F8012C12077FF49AAB10F0706FF1
:1031200005D015F8012C12F0F00F7FF491AB020FCF
:1031300003D02A7810077FF48BAB0EF1010E083311
:103140000435E6453FF45DAD002B51F8040BAFDAD2
:1031500010F0F00F08D05A1C06D4964204DD15F882
:10316000032C12077FF474AB10F4706F09D09A1C13
:1031700007D4964205DD15F8032C12F0F00F7FF40A
:1031800067AB10F4704F08D0DA1C06D4964204DD09
:1031900015F8022C12077FF45BAB10F4702F0AD0E5
:1031A00013F1040807D4464505DD15F8022C12F08A
:1031B000F00F7FF44DAB10F4700F08D05A1D06D4F9
:1031C000964204DD15F8012C12077FF441AB10F094
:1031D000706F09D09A1D07D4964205DD15F8012CB1
:1031E00012F0F00F7FF434AB020FA6D0DA1DA4D496
:1031F0009642A2DD9DE7002AAAD09E42A8DD15F8DE
:10320000042C12F0F00FA3D0FFF722BB0598079211
:10321000E6461FE0069A8242C0F28D8013F8049CB5
:1032200093F8008009F00F0928F00F0849EA051902
:1032300048EA157803F8049C83F800804FEA1519D2
:103240004FEA15382D0D03F8039C03F8028C03F8A0
:10325000015C08301EF1FF3EFFF424AF002803F1AB
:10326000040351F8045BD5DA10F101080BD446458C
:1032700009DD13F8038CC5F3031928F00F0848EA99
:10328000090803F8038C10F102080BD4464509DD48
:1032900013F8038C4FEA152908F00F0848EA0918BB
:1032A00003F8038C10F103080BD4464509DD13F82D
:1032B000028CC5F3033928F00F0848EA090803F81F
:1032C000028C10F104080BD4464509DD13F8028C7A
:1032D0004FEA154908F00F0848EA091803F8028C6C
:1032E00010F105080BD4464509DD13F8018CC5F330
:1032F000035928F00F0848EA090803F8018C10F177
:1033000006080BD4464509DD13F8018C4FEA156910
:1033100008F00F0848EA091803F8018C10F10708B3
:1033200097D4464595DD93F8008028F00F0848EAC9
:1033300015751D708DE7864296DD13F8048C08F034
:103340000F0848EA051803F8048C8DE7BAF1000F5E
:103350003FF437AA08EBEA08A8EB04010791FFF74E
:1033600032BA059F0023FFF721BB40F235300793A7
:103370000592019101F03EF97C68059A607A019905
:103380004FF0FF330493079BFFF7D9B940F2353074
:10339000CDE90723019101F02DF97C68019994F89A
:1033A00009C04868BCF1010F00F11003059304F156
:1033B0001004DDE907233FF461AABCF1040F46D0F5
:1033C00040F23530CDE90823079101F013F94FF0B1
:1033D000FF3301930799DDE90823FFF7C5B90342DD
:1033E0003FF402AAFFF734BA40F235300793029255
:1033F00001F000F9029A079BBAF1000F3FF4E1A92E
:103400007968497A0129A5D004297FF4DAA908EB63
:103410006A08A8EB04010791FFF7D5B9059901EBFC
:10342000E4010591FFF7A4BA40F23530CDE902126C
:10343000079301F0DFF80299039A4968079B497ADC
:103440000129EBD004297FF493AAFFF78DBA23B1A9
:103450004FF0FF300190FFF78FB94FF0FF30019030
:10346000FFF78CB92DE9F04182B00E461746984619
:1034700005460024FDF72AFD43463A4631462846D4
:103480000094FFF71DF902B0BDE8F08110B582B0DD
:103490004FF0FF340094FFF713F902B010BD00BFE6
:1034A0002DE9F041044682B00D4616461F46FDF751
:1034B0000DFD63686A685B7A042B02D1537A042B92
:1034C00016D04FF000085389CDF8048092890092FD
:1034D00031463A462046FDF77DFECDF800803B465A
:1034E000324629462046FFF7EBF802B0BDE8F081EE
:1034F0006FF0010C3B46324629462046CDF800C00D
:10350000FFF7DEF8F1E700BF2DE9F0478146884676
:103510001546FDF7DBFCD9F80400437A012B58D09F
:10352000042B40F0AD808489A4001F346411A400F2
:10353000002D53D1B8F1000F47891DDB1AD0B845D3
:1035400000F1100579DB04FB07F4032C0BD915F00F
:10355000030209D124F003032B4445F8042B9D42B8
:10356000FBD104F003042CB12C4400232B70013553
:10357000A542FBD1BDE8F087C8F1000ABA4500F1C9
:103580001006437A3BDB012B53D0042B40F08180A3
:10359000828992001F325211920004FB07F4032C1F
:1035A00005FB02630BD913F003010AD124F00302D7
:1035B0001A4443F8041B9342FBD104F00304002C8B
:1035C000D8D01C4400221A700133A342FBD1BDE8BD
:1035D000F08784890734E410002DABD041680830AF
:1035E000FDF79CFC002104464846FDF725FF2B46CD
:1035F000424621464846BDE8F047FFF751BF012B40
:1036000038D0042B56D1818989001F314911890096
:103610000AFB01F108EB07053144304604FB05F2D3
:1036200024F0E0FAD9F804005746437A00F1100676
:10363000A9E782890732D210AFE7437A012B14D071
:10364000042B2DD1808980001F3040118000294635
:10365000A7EB080200FB085004FB02F224F0C2FAB8
:10366000D9F80450474610356DE780890730C010FF
:103670002946EDE781890731C9100AFB01F1C9E745
:1036800040F2353000F0B6FF4FF0FF34D9F80400B7
:103690004EE740F2353000F0ADFF4FF0FF327CE7EF
:1036A00040F2353000F0A6FFD9F804104FF0FF309B
:1036B0001031CDE740F2353000F09CFF4146A9E7DC
:1036C0002DE9F843054600AFFDF700FC6C68637A0E
:1036D000012B2FD0042B37D1A589B4F80A80AD0077
:1036E0001F356D11AD002E4608F1FF3810342B4602
:1036F000073308FB064623F00703ADEB030DA64294
:10370000E84614D9C5F1000921462A464046FEF78D
:1037100091FF31462A462046FEF78CFF2C44304666
:103720002A4641464E44FEF785FFB442ECD3BD46DF
:10373000BDE8F883A589B4F80A800735ED102E4658
:1037400008F1FF381034D2E740F2353000F052FF74
:103750006B685A7A5E89012A06F1FF3803F110047A
:103760000AD0042A0ED040F2353000F043FF4FF06B
:10377000FF331D461E46BBE79B890733DE104FF023
:10378000FF35B4E79B899B001F335B119E004FF010
:10379000FF35ACE72DE9F04743685A897E2A33DCD0
:1037A0000446998950005A7AFDF7DAFB6368456848
:1037B0005A7A5E89012A074605F1100503F11008BF
:1037C0001ED0042A24D19C89A4001F346411A400B3
:1037D0009EB14FEA440A4FF000094146224628466E
:1037E000FEF728FF09F10109414628192246FEF794
:1037F00021FF4E45A0445544EFD13846BDE8F0873F
:103800009C890734E410E3E700273846BDE8F087D9
:1038100040F2353000F0EEFE4FF0FF34D8E700BF45
:1038200038B5FFF7B7FF044603F046FB2046FDF727
:1038300097FF0546204603F04DFB284638BD00BFE4
:1038400038B50546FDF7B8FBA8B10C2003F030FAF7
:10385000044628B10B4A45600023026083605DB1D5
:10386000204603F029FB2046FFF7DAFF05462046F5
:1038700003F030FB686838BD40F2353000F0BAFE26
:10388000EEE700BF2C860400F8B50446FDF794FB74
:1038900070BB07462046FDF7B5FB002839D06168AC
:1038A0003846043101F06CFC87230372237A03F05D
:1038B0000F034372637A4381A37A8381C78162686D
:1038C00004F10C01043A05461030FEF7B3FE284619
:1038D00003F0F2FA0C2003F0EBF9064618B1C0E948
:1038E00001570D4B0360284603F0F4FA3046F8BD4B
:1038F0000C2003F0DDF9064658B1074A4460002366
:1039000002608360002CF1D140F2353000F072FE8D
:10391000ECE700263046F8BD2C860400F0B50C46D6
:1039200083B0064615461F46FDF7D0FA2046FFF73E
:10393000ABFF18B143685B7A012B01D003B0F0BD37
:103940000146009730462B142AB2FEF7B9FE03B0A9
:10395000F0BD00BFFFF798BF032A19D9830721D113
:1039600030B422F0030301EB012505EB05450344C8
:10397000044644F8045B9C42FBD102F003022AB1E6
:10398000C9B21A44197001339A42FBD130BC704756
:10399000034632B1C9B21A44197001339A42FBD1BD
:1039A000704770470346F5E70120704701EB81013E
:1039B00000EB410020307047F0B5044685B00D465D
:1039C00000F10C060AF0BAFA144B2360A56004F16A
:1039D0002000002509F094F92046E5602561656125
:1039E000A561E5610E490AF0C7FA20464FF2E6519B
:1039F0000AF0D6FA20460B490AF0BEFA082714222C
:103A00002046CDE901270092334629464FF2E6527F
:103A10000AF0D6FA204605B0F0BD00BF6486040067
:103A2000A8860400988604002DE9F04F83B08846EC
:103A300017461C4606460AF051FB60B3002F2ADDEC
:103A4000002C06F10C0314BF6FF07F0B6FF03F0BDF
:103A500006F10D0A019300257C1B132CA8BF13242B
:103A60004BEA0403224608EB050133735046FEF788
:103A7000E1FD336800211B69304698478146304696
:103A80000AF01AFB2544014614234846019A09F01E
:103A900051F9AF42E0DC03B0BDE8F08F10B538203B
:103AA00024F069F8044A3C23116B3D2204460CF0D3
:103AB00065FD024B1C6010BD0025002080380020F1
:103AC00070B50B4E34680D463CB12046AA88A91D3E
:103AD0000023BDE87040FFF7A7BF2C2024F04BF86F
:103AE000044B0446196BFFF767FF3460EDE700BF36
:103AF0007C3800200025002008B5282024F03BF861
:103B0000034BD3F81C29196BBDE8084009F076B8BF
:103B10000025002008B5202024F02DF8024B196B59
:103B2000BDE808400AF0E0BD0025002008B57C2073
:103B300024F021F8034AA2F54B73196BBDE8084045
:103B40000BF0E8BA2C28002008B5482024F013F820
:103B5000034AA2F2E473196BBDE808400BF0AEBC57
:103B6000E42C002008B5242024F005F8034AA2F62E
:103B70000813196BBDE808400CF06EBB082E00203E
:103B800008B5402023F0F7FF034BD3F82029196B29
:103B9000BDE808400BF0D6BE00250020024B1B6894
:103BA00003B17047FFF77ABF8038002070B50C4E24
:103BB000346882B005467CB1B5F90420A91D01A87E
:103BC00015F0CAFC01A9022220460CF005FE01A84E
:103BD00015F04AFC02B070BDFFF760FF3468EBE7F8
:103BE0008038002070B5124E346882B00546DCB1D2
:103BF000B5F90420A91D684615F0AEFC6A460223FB
:103C0000214601A80CF050FE0198B0F902100430D2
:103C100001F0B4FA044601A815F026FC684615F038
:103C200023FC204602B070BDFFF738FF3468DFE7A1
:103C30008038002070B5084D2B68044643B1626897
:103C4000184604F108010223BDE870400CF01CBDC9
:103C5000FFF724FF2B68F2E78038002070B51B4D7A
:103C6000286870B30CF0E8FE0146002001F088FAE5
:103C7000044600F1080603F01FF93146286862681F
:103C800002230CF0B3FD011E11DB63688B4208D0E8
:103C9000304601F075FA0546204603F01BF9284628
:103CA00070BD2046254603F015F9284670BD002159
:103CB000084601F065FA0546204603F00BF9284650
:103CC00070BDFFF7EBFE2868CCE700BF803800200E
:103CD000F0B5104E346883B005460F46B4B1B5F95F
:103CE0000420A91D01A815F037FC01A900222046D7
:103CF0000CF0C4FD01A815F0B7FB3A4610230121D2
:103D00004FF4966001F01EF903B0F0BDFFF7C6FE58
:103D10003468E4E7803800200246102301214FF484
:103D20007A7001F00FB900BF0246102302214FF450
:103D30007A7001F007B900BF2DE9F041104B114C2A
:103D400081F3030584B013F905801746811DB0F98E
:103D500004204FF4C87603A815F0FEFB42463B460C
:103D600003A92046009609F0F9FB03A815F07CFB97
:103D70002946204609F062FA04B0BDE8F08100BF90
:103D8000B88604000C2500204368102B00D0704733
:103D900010B582B081F30301074B009204464FF443
:103DA000C8725B56019204F1080104F11202034843
:103DB00009F0DEFB02B010BDB88604000C2500201F
:103DC00080F30301014809F039BA00BF0C25002037
:103DD000014809F0DFBA00BF0C25002008B501F04A
:103DE000A5FDF9F71DFDBDE8084001F0F7BA00BFD9
:103DF00008B501F09BFDF9F783FDBDE8084001F02F
:103E0000EDBA00BF08B501F091FD20F049F9BDE819
:103E1000084001F0E3BA00BF08B501F087FD20F0CB
:103E20003BFDBDE8084001F0D9BA00BF08B501F07C
:103E30007DFDF9F705FDBDE8084001F0CFBA00BFF0
:103E400008B501F073FD20F05DFBBDE8084001F00E
:103E5000C5BA00BF08B501F069FDF8F78DFFBDE8F0
:103E6000084001F0BBBA00BF08B501F05FFD20F0CB
:103E70009FFABDE8084001F0B1BA00BF10B584B0A8
:103E80000C46014603A814F06FFF002303A900931A
:103E90001A460194034811F0C5FF03A814F04EFF21
:103EA00004B010BD202D002010B50129B8BF01219C
:103EB00082B00C4690B1828882B1012A17D0811D50
:103EC00012B201A815F048FB224601A90C4812F0D5
:103ED00009F801A815F0C8FA02B010BD094807F0AA
:103EE00019FA04EB84000FF039FB02B010BD01EBAE
:103EF00081028179024811F06BFF02B010BD00BF52
:103F0000202D0020E42C0020014814F055BF00BFF4
:103F1000F42C002010B584B00C46014603A814F020
:103F200023FF0023224603A9CDE9003304480523DB
:103F300012F042F803A814F001FF04B010BD00BF56
:103F4000202D002000B585B0014602A814F00CFF1A
:103F500002A903A814F000FF002303A9CDE9003350
:103F60001A46064811F05EFF03A814F0E7FE02A807
:103F700014F0E4FE05B05DF804FB00BF202D002026
:103F800000F060BB0FF0EABA70B5049E96420C4692
:103F900024DB15466BB9042A19D0022A02D110F08D
:103FA000010310D001462A462046FEF743FB0020BD
:103FB00070BD10440D4410F8013D01F8013B8D42E5
:103FC000F9D1002070BD02880A80184670BD10F03B
:103FD0000303E7D102680A60184670BD0846002155
:103FE000FFF7BAFC4FF0FF3070BD00BF08307047DC
:103FF00040B1002905DB43688B4202DD0844007AAA
:1040000070470020704700BF30B1002904DB4368CF
:104010008B42C4BF40180272704700BF40B10029F4
:1040200005DB4368994202DA0844007A70470020B1
:10403000704700BF830704D1030F0CBF012000208D
:1040400070470120704700BF30B1002904DB43688E
:104050009942BCBF40180272704700BFF8B5002BF0
:1040600020DB00291EDB46688E421BDB5468761A73
:10407000E51AB542A8BF3546002D13DB824202F196
:1040800008070C4600F108062A4605D0F918301931
:10409000FEF7D0FA0020F8BDF118381923F0A2FD80
:1040A0000020F8BD4FF0FF30F8BD00BF40687047FA
:1040B00010B4141E10DB4268A2420DDB33EA230366
:1040C00028BF1346121B08309A422044A8BF1A4644
:1040D0005DF8044BFFF740BC5DF8044B704700BF30
:1040E00010B443688B4200F108041846A8BF084684
:1040F00032EA220128BF19461B1A99422044A8BF60
:1041000019465DF8044B01F03BB800BF70B5002BB9
:10411000BCBF43689B1A002A0E4620DB44689918EE
:10412000A1421CDC91421ADBCBB136F0004116D023
:104130005942B14214DAB34212DD0830002E00EBCE
:10414000020515DB9C1B2246A919284623F04AFDCF
:10415000324628190021BDE87040FFF7FDBB70BD55
:10416000002211464FF0FF33BDE87040FFF7A0BFBB
:1041700074429A192946281923F034FD224628460C
:104180000021BDE87040FFF7E7BB00BF03460830E1
:10419000596800F0F3BF00BF70B50546002069689C
:1041A000490000F0C7FF6B68002B14DD0A4EEB1DC1
:1041B00002465C782411991F345D94715C7804F098
:1041C0000F04491B345DD4716C688C4202F1020209
:1041D00003F10103EDDC70BDC0860400002BBCBF01
:1041E00043689B1A002A30DB70B445689C18AC42C7
:1041F00029DC944227DB33B331F0004423D000297B
:10420000B8BF01EB032191FBF3F403FB1411002968
:1042100000F10800B8BFC918024411448A4213448F
:1042200011D00C4604E08A4204460FD094420AD0D2
:104230002046157810F8016B02F8016B8342257057
:10424000F1D10C46F2E770BC704770470146EDE7CC
:1042500000B583B04FF0FF3300930023FFF7FEFE5D
:1042600003B05DF804FB00BF10B50C1E0EDD416805
:10427000083002F0A3F91F2C07DC0123A34020FA29
:1042800004F4013B444004EA030010BD002010BDCB
:104290000146002000F074BF03460630998800F004
:1042A0006FBF00BF30B5013A83B004460D460F2AF8
:1042B00013D8DFE802F0141408086114141B1B73F0
:1042C0004A2554675A38184601F0C2FB012D04DD17
:1042D00080B2E20754BF2080208003B030BD184672
:1042E00001F0B6FB002DF8DD2070F6E7184601F06E
:1042F000AFFB012DF1DDC0F3072360702370ECE705
:10430000184601F03BFB032D0090E6DD9DF8000010
:104310009DF801109DF802209DF803302370E07095
:10432000A1706270D9E7184601F000FB072DCDE9B6
:104330000001D2DD0DF1FF3204F1080312F8011F74
:1043400003F8011D9C42F9D1C7E7184601F016FB9E
:10435000032DC2DDA3070CBF20602060BDE7184617
:1043600001F00EFC032DF5DCB7E7184601F008FC60
:10437000032D0090CADCB0E7184601F069FB032D5D
:10438000E8DCAAE7184601F0D1FA072DCDE90001D3
:10439000A3DD6B4603CB206061609EE7184601F009
:1043A00057FB032D0090B1DC97E700BF30B4141E1B
:1043B00007DB456808300A462044291B30BCFFF75C
:1043C00071BF30BC704700BF00B5013A85B00F2AFD
:1043D00000F28880DFE802F01623303D4A56595C2F
:1043E0005F626571748083080091012308220DEBE0
:1043F0000201FFF7C9FDDDE9020100F0EFFF05B0A2
:104400005DF804FB00910023012202A9FFF7BCFD27
:104410009DF9080001F0D8F805B05DF804FB0091A3
:104420000023012202A9FFF7AFFD9DF8080001F06B
:10443000CBF805B05DF804FB00910023022202A92D
:10444000FFF7A2FDBDF9080001F0BEF805B05DF868
:1044500004FB00910023022202A9FFF795FDBDF89D
:10446000080001F0B1F805B05DF804FB00910023ED
:10447000042202A9FFF788FD029801F0A5F805B013
:104480005DF804FB01230091BEE701230091C8E71A
:1044900000910123D2E700910123DCE70091012381
:1044A000E6E700910023042202A9FFF76DFD0298C0
:1044B00001F094F805B05DF804FB00910123F2E7E8
:1044C00000910023042202A9FFF75EFD029801F08B
:1044D00073F805B05DF804FB0091002386E70091B6
:1044E0000123EFE700208AE7131E09DB10B44468BC
:1044F00008300A461844E11A5DF8044BFFF764BF20
:10450000002001F061B800BF054B1A6810B4146BAD
:104510000023A4461A4619465DF8044B604700BFC5
:10452000D038002030B585B06C4684E80F0094E8A0
:104530000F000A4C089D84E80F00BDF8020001F04E
:1045400043F8074B1A68146B002301461A462846A5
:10455000A44605B0BDE83040604700BF20380020C9
:10456000D038002008B502F0B5FCBDE808400FF0D7
:104570008BB800BF08B5064E054632680023146BA1
:1045800019461A462846A04714200EF0E7FFF4E724
:10459000D038002010B5034B0360044615F09CFE94
:1045A000204610BDDC86040010B5054B03600446B0
:1045B00015F092FE204623F0D7FA204610BD00BF2A
:1045C000DC8604000A4602230146014810F0C2BA04
:1045D000702B002010B504460EF036FD034638B1AE
:1045E00000200CB144F820301B6A0130002BF8D1B8
:1045F00010BD00BF10B5044618F096F903F0E0FEB8
:104600002046BDE8104004F027BC00BF08B50A48AA
:10461000F8F726F801200FF06BF940F204439842B6
:1046200000D808BD01200FF063F9BDE80840A0F5EF
:10463000806002F0C1B900BF002500200FF024B84F
:104640000FF00CBB50B110B5044602F035FC21460A
:10465000034A0448BDE810400EF074BE704700BF26
:10466000BD3603007545020050B110B5044602F096
:1046700023FC2146034A0448BDE810400EF062BE08
:10468000704700BF654502000945020089B280B24B
:104690000EF08ABF08B5042004F0D8FB6FF000408C
:1046A00004F07CFBBDE8084000F08CBD074B10B562
:1046B0001C6800F0E5FF4FF0805213691269013B5E
:1046C000234418445242104010BD00BFD03800208F
:1046D000024B1B7803B17047FFF774BF0C430020F7
:1046E000024B186800B1406A704700BFC43A00200E
:1046F000014B1B6858627047C43A00202DE9F04F07
:10470000DFF8DC80D8F8003085B0002B52D00EF0F6
:104710009BFC0346002857D000241B6A0134002B61
:10472000FBD14FEA840A50460FF042F90190FFF79F
:1047300051FFA04239D1002C2FDD019BA3F10409C8
:10474000CA4459F8047F7E6A2EB30436D8F8003084
:1047500034689F4227D03868D7F808B018F038F985
:10476000D8F800207568ABEB00009742044407D0EE
:104770003868D7F808B018F02BF9ABEB0000054407
:10478000A54205D954F8040B02F0C0F8AC42F9D3A5
:10479000B668002EDAD1CA45D3D1019805B0BDE87C
:1047A000F04F0FF02BB97568EAE74FF44B70FFF745
:1047B00021FFC0E701200FF0FBF80390039805B03C
:1047C000BDE8F04F0FF01AB90FF0F2F80190FFF7C3
:1047D00001FF0028E1D04FF44B70FFF70BFFDCE73F
:1047E000C43A002010B5074C20460CF065FA20466C
:1047F000054A064923F0BAF90548BDE8104014F00F
:1048000063BA00BF002500204020002015480200A8
:1048100020380020684B03F13C022DE9F0470446A4
:10482000C0E9003200F59450644F654E04F06EFD0F
:10483000002504F6381004F0F3F804F60810C4F864
:104840000879A4F80E590EF0DBFA04F50E60C4F8EE
:10485000E078A4F8E6580EF0D3FA04F6AC0012F0B3
:1048600095FE584BC4F89C3804F69C000FF012FAE1
:1048700004F6780011F0DCFB04F6540011F0D8FBCC
:1048800004F2E47004F044FC04F2847006F0B2FA1E
:1048900004F5EB6005F092FA04F5E16004F048FDE0
:1048A000C4F8F06604F5DE6015F016FDC4F8D866AD
:1048B00004F5DB6015F010FD04F5CE6017F05EFB2B
:1048C000414BC4F82C3304F54B7604F26C6014F0C1
:1048D00039FD3046C4F82C73A4F832530EF090FA28
:1048E0003A4BC4F8EC3204F53B7013F049F8384BFE
:1048F000C4F8E0302833C4F8E83004F1E00904F5E6
:10490000377804F5397600E02E46351F284614F036
:1049100019FDA845F8D1DFF8C0A0283E04F1FC0835
:1049200046F818AC3C3D304613F06CF905F1080030
:1049300014F008FDA845A6F13C06F1D10025484633
:10494000C4F8E070A4F8E6500EF05AFA04F1B8008A
:1049500012F05AFA04F1800010F0E6FE04F164004F
:10496000A4F86A5067660EF04BFA04F14C00A4F804
:104970005250E7640EF044FA264604F1340065878D
:1049800067630EF03DFA134B46F80C3F04F120002C
:1049900014F06AFD04F11C0014F066FD30466582D7
:1049A000E7600EF02DFA201D658167600EF028FA91
:1049B0002046BDE8F08700BF209D0400E89E04006B
:1049C000DC86040074A20400809D0400A8AC0400EE
:1049D000DCAA0400A4980400B4AA04002DE9F84F4E
:1049E000684B694F694E03F13C02A0F1040804468C
:1049F00040E9013208F5945004F088FC002504F6E3
:104A0000341004F00DF804F60410C4F80479A4F886
:104A10000A590EF0F5F904F6DC00C4F8DC78A4F8C5
:104A2000E2580EF0EDF904F6A80012F0AFFD584B75
:104A3000C4F8983804F698000FF02CF904F67400C6
:104A400011F0F6FA04F5056011F0F2FA04F5FC60D5
:104A500004F05EFB04F5F06006F0CCF904F254704B
:104A600005F0ACF904F2047004F062FCC4F8EC66E2
:104A700004F2EC6015F030FCC4F8D46604F2D460A3
:104A800015F02AFC04F26C6017F078FA414BC4F878
:104A9000283304F54A7604F5CD6014F053FC304613
:104AA000C4F82873A4F82E530EF0AAF93A4BC4F8B0
:104AB000E83204F53A7012F063FF384BC4F8DC308A
:104AC0002833C4F8E43004F1DC0904F5367A04F53F
:104AD000387600E02E46351F284614F033FCAA45F0
:104AE000F8D1DFF8C0A0283E04F1F80B46F818AC66
:104AF0003C3D304613F086F805F1080014F022FC26
:104B0000AB45A6F13C06F1D100254846C4F8DC705F
:104B1000A4F8E2500EF074F904F1B40012F074F944
:104B200004F17C0010F000FE04F16000A4F866506F
:104B300027660EF065F904F14800A4F84E50A7640A
:104B40000EF05EF9264604F13000E58627630EF08C
:104B500057F9134B46F8083F04F11C0014F084FC8D
:104B600004F1180014F080FC3046E581A7600EF0D7
:104B700047F92046E58027600EF042F94046BDE83F
:104B8000F88F00BF209D0400E89E0400DC8604002E
:104B900074A20400809D0400A8AC0400DCAA0400F8
:104BA000A4980400B4AA04002DE9F84F694B6A4F99
:104BB0006A4E03F13C02A0F10408044640E90132C8
:104BC00008F5945004F0A2FB002504F6341003F01D
:104BD00027FF04F60410C4F80479A4F80A590EF06B
:104BE0000FF904F6DC00C4F8DC78A4F8E2580EF003
:104BF00007F904F6A80012F0C9FC594BC4F898381C
:104C000004F698000FF046F804F6740011F010FA5C
:104C100004F5056011F00CFA04F5FC6004F078FA74
:104C200004F5F06006F0E6F804F2547005F0C6F8FA
:104C300004F2047004F07CFBC4F8EC6604F2EC604F
:104C400015F04AFBC4F8D46604F2D46015F044FBB6
:104C500004F26C6017F092F9424BC4F8283304F563
:104C60004A7604F5CD6014F06DFB3046C4F8287325
:104C7000A4F82E530EF0C4F83B4BC4F8E83204F508
:104C80003A7012F07DFE394BC4F8DC302833C4F89A
:104C9000E43004F1DC0904F5367A04F5387600E0F6
:104CA0002E46351F284614F04DFBAA45F8D1DFF8F3
:104CB000C4A0283E04F1F80B46F818AC3C3D304641
:104CC00012F0A0FF05F1080014F03CFBAB45A6F183
:104CD0003C06F1D100254846C4F8DC70A4F8E25047
:104CE0000EF08EF804F1B40012F08EF804F17C009E
:104CF00010F01AFD04F16000A4F8665027660EF06B
:104D00007FF804F14800A4F84E50A7640EF078F83C
:104D1000264604F13000E58627630EF071F8144B47
:104D200046F8083F04F11C0014F09EFB04F1180043
:104D300014F09AFB3046E581A7600EF061F820463A
:104D4000E58027600EF05CF8404622F00DFF4046FB
:104D5000BDE8F88F209D0400E89E0400DC86040076
:104D600074A20400809D0400A8AC0400DCAA040026
:104D7000A4980400B4AA0400694B03F13C022DE995
:104D8000F0470446C0E9003200F59450654F664E86
:104D900004F0BCFA002504F6381003F041FE04F6D6
:104DA0000810C4F80879A4F80E590EF029F804F593
:104DB0000E60C4F8E078A4F8E6580EF021F804F686
:104DC000AC0012F0E3FB594BC4F89C3804F69C008D
:104DD0000EF060FF04F6780011F02AF904F6540092
:104DE00011F026F904F2E47004F092F904F28470F0
:104DF00006F000F804F5EB6004F0E0FF04F5E16074
:104E000004F096FAC4F8F06604F5DE6015F064FA72
:104E1000C4F8D86604F5DB6015F05EFA04F5CE60E0
:104E200017F0ACF8424BC4F82C3304F54B7604F27F
:104E30006C6014F087FA3046C4F82C73A4F832532F
:104E40000DF0DEFF3B4BC4F8EC3204F53B7012F082
:104E500097FD394BC4F8E0302833C4F8E83004F14A
:104E6000E00904F5377804F5397600E02E46351F61
:104E7000284614F067FAA845F8D1DFF8C4A0283E08
:104E800004F1FC0846F818AC3C3D304612F0BAFE7E
:104E900005F1080014F056FAA845A6F13C06F1D138
:104EA00000254846C4F8E070A4F8E6500DF0A8FFCD
:104EB00004F1B80011F0A8FF04F1800010F034FCF8
:104EC00004F16400A4F86A5067660DF099FF04F1DC
:104ED0004C00A4F85250E7640DF092FF264604F10E
:104EE0003400658767630DF08BFF144B46F80C3F69
:104EF00004F1200014F0B8FA04F11C0014F0B4FA24
:104F000030466582E7600DF07BFF201D658167609C
:104F10000DF076FF204622F027FE2046BDE8F08700
:104F2000209D0400E89E0400DC86040074A20400B6
:104F3000809D0400A8AC0400DCAA0400A49804002E
:104F4000B4AA04002DE9F0414FF0000C8CB04FF0F2
:104F5000100E1FFA81F887B2CDE900CE05461C4637
:104F60003946174B164602A842460EF08FFD02A99D
:104F7000144811F031FE02A80EF0A4FD0F2DA4B2CA
:104F800001D1C02C0FD1282022F0F5FD394605466D
:104F9000CDE9006442460A4B0EF078FD29460948E7
:104FA00011F066FE28B9304601F086FF0CB0BDE86E
:104FB000F08128460EF086FD284622F0D5FDF2E766
:104FC00025450200B825002008B510F0AFFB08BD4C
:104FD00008B510F0BBFB20F0404008BDFFF744BB14
:104FE000FFF754BB03F02EBF704700BFC117FFF798
:104FF00027BB00BF00B585B0D3B28AB281B2684684
:1050000013F042FE05B05DF804FB00BF002B08BFA3
:105010001023FFF797BF00BF014B5888704700BFB0
:1050200020380020014B9868704700BF20380020CE
:1050300008B503F0C1FE4FF0FF31BDE8084000F0B5
:105040009DB800BF00B583B00E49684604F006FB6A
:10505000BDF80430A3F51943033B032B10D8DFE858
:1050600003F002020D0D0023074A52F823004FF00F
:10507000FF3103B05DF804EB00F080B80123F3E7E3
:105080000223F1E7082C00204420002003F090BE0A
:105090000821014800F074B860000010704700BF9C
:1050A000084619B189880630FFF712BB704700BF68
:1050B00008B512F04BF808BD704700BF704700BF3D
:1050C000014820F06040704700000220012001F0FC
:1050D000BDBC00BF08B5022001F0B8FC40F293301F
:1050E000BDE80840FFF786BA014B1860704700BF63
:1050F00084380020704700BF0020704780880A3045
:1051000080087047063070478088704783888B42DC
:1051100026BF063040180020704700BF03207047AC
:1051200040680B308008704780887047704700BF28
:10513000704700BF70B50C1E064603DB3CB90D4D31
:10514000284670BD22F09BFD0446002CF7D0E01DE0
:1051500001F0AEFD054608B1074B0360AC8026B1F7
:1051600031462246A81DFDF765FA2C440023A371A1
:10517000284670BDE487040028870400FFF7DABFE3
:1051800070B50D1E12DD064605F1080001F090FD18
:10519000044608B1094B0360656004F108002A4623
:1051A000314636B1FDF746FA204670BD044C204624
:1051B00070BDFEF7D1FB204670BD00BF58870400CC
:1051C000D8870400014B1860704700BF50200020B2
:1051D000034A044B116803FB00F04840106070471D
:1051E00050200020CB5725CA30B40E4D2A68044603
:1051F00021460020930983EAD273534083EA1213B5
:1052000083EA92035208534042EAC37202F0010358
:10521000490843EA4000EDD18442E9D32A6030BC1A
:10522000704700BF5020002000487047E48704000A
:1052300000B583B002AB0022ADF8042003F8040DE2
:1052400001211846FFF776FF03B05DF804FB00BFAD
:105250002DE9F0410D4688B11C4B39B198422BD055
:105260009D4204460FD12046BDE8F081984221D0EE
:105270008688174D0446311D042707E0144CF9B108
:10528000124B9D42EFD0A688AF88F1190020FFF79E
:1052900051FF04F10608831D044641461846324674
:1052A000FDF7C8F93A463044A91DFDF7C3F9204679
:1052B000BDE8F081064CD6E70C462046BDE8F081FB
:1052C000042725463E460821E0E700BFE4870400A6
:1052D00038880400884212D030B48B888288063027
:1052E0009A4228BF1A460531034613F8015B11F8AC
:1052F000014FA54205D009D3012030BC70470020E2
:1053000070471C1A9442F0D90020F6E74FF0FF30A6
:10531000F3E700BF80887047002A1ADD10B4848844
:105320000029BCBF631823EAE371631A934206DCC9
:10533000002B03DC08485DF8044B70471A46A14275
:105340003ABF06304018002011465DF8044BFFF7C5
:10535000F1BE0148704700BFE487040078B371B321
:105360002DE9F047858822EAE272AA4223D200F1B1
:10537000060818EB0204A5EB02058F881BD0BD427E
:1053800019D391F806A001F1060902E0AF423446B4
:1053900011D82378534505F1FF3504F10106F5D105
:1053A0003A464946204622F00EFC0028EED1A4EBF6
:1053B0000800BDE8F0874FF0FF30BDE8F0874FF000
:1053C000FF30704708B5FFF7C9FF013018BF012053
:1053D00008BD00BF80F00100704700BF0A1E38B54D
:1053E00011D138B302460B4604460D4622F01EF991
:1053F000002841D10C2001F05BFC08B11F4B036079
:10540000C0E9014538BDC2F30A54A4F2FF331D2B95
:1054100012D8142B054618DC0028E3D1A4F2F3348B
:1054200012FA04F4DED1D002C3F11F0340F00040B1
:10543000D8401AE0012038BD1E2BD3D10028D1D18D
:105440000F4B9A42CED10F4838BDA4F2134410FA44
:1054500004F4C7D1D002C3F11F0140F00040C3F1F2
:105460003403C84025FA03F31843002AB8BF40426A
:10547000400040F0010038BD0E2038BD8887040090
:105480000000D0C1010000802DE9F04182B006305B
:1054900001A9F6F7B5FE0022002306460F4622F0CA
:1054A00093F860BB27F00045304629464FF0FF32A5
:1054B0001F4B34464FF0010822F0B8F838B94FF0CE
:1054C000FF321B4B3046294622F0A6F8F0B118F007
:1054D000FF0F1FD100224FF48013204629464FF0C2
:1054E000010822F0A3F838B92046294600224FF4DB
:1054F000801322F073F8B0B118F0FF0F0AD13046D4
:105500003946FFF76BFF02B0BDE8F081804618F026
:10551000FF0FDFD0074F002630463946FFF75EFF0A
:1055200002B0BDE8F081804618F0FF0FE7D0F1E748
:10553000FFFFEF7F0000F87F08B521F073FDBDE8A5
:105540000840FFF74BBF00BF01448879400040F09E
:105550000100704720B1002902DB8288914201DB03
:105560000F48704710B582B0FFF7EEFF0E280446D3
:105570000DD0C3070ED502A800236410ADF8043087
:10558000012100F8044DFFF7D5FD02B010BD04481D
:1055900002B010BD40F27130FFF72CF8EBE700BF0E
:1055A000E487040020B1002902DB8288914201DBFC
:1055B0000E207047FFF7C8BF08B521F045FDBDE8D4
:1055C0000840FFF70BBF00BF4300B0EB630F01D0F3
:1055D000FFF7B2BF43F00100704700BFB0F1804F4A
:1055E00008B503D2400040F0010008BD21F00AFDDB
:1055F000BDE80840FFF7F2BE002814BF42200A2091
:10560000704700BF08B5F6F7B7FFBDE80840FFF7E1
:10561000E5BE00BF01FB00F0704700BF90FBF1F05A
:10562000704700BF10B50C2001F042FB044608B1E2
:1056300002F0B2FC204610BD00897047043002F031
:1056400047BC00BF03460A460430198902F020BC5B
:10565000043002F04DBC00BF03894268994234BF58
:1056600052F8210000207047043002F011BC00BF46
:10567000043002F04BBC00BF043002F06BBC00BF32
:10568000024B1B68588CC000704700BFD038002008
:10569000704700BF0020704738B51C4B1B688BB1AA
:1056A0005C6AACB1236898422DD08BB1002300E036
:1056B00072B1023354F823208242F9D101339B00A6
:1056C000E05838BD124B1C6844F21022944216D0A8
:1056D0000D460446FFF7DEFF78B103689C4210D008
:1056E0005BB1002300E042B1023350F82320A24214
:1056F000F9D101339B00C05838BD284638BD5B68DE
:10570000CEE70423F7E70423DAE700BFD038002010
:10571000007F0400406870474160704710B5082062
:1057200001F0C6FA044608B102F03EFC204610BD66
:1057300070B50C1E054616460EDB83889C420BDABC
:1057400005EB8404E36823B10B2140F2863002F0BC
:105750006FFCE660284670BD0A2140F2863002F0F8
:1057600067FCEDE7FEF746BF18B1024B984208BF51
:1057700000207047E4870400003018BF0120704704
:1057800010B5142001F094FA044608B102F014FC9C
:10579000204610BD10B5044602F018FC002806DBB8
:1057A000238AE268984202D252F8200010BD0020FD
:1057B00010BD00BF2E4B1B682DE9F047DF6ABA68A9
:1057C0003B68824203F1FF3107F1040703D857F821
:1057D0002120824230D2002945DD5B1057F823207A
:1057E000904226D0B0F804904FF0010C00F105086B
:1057F0000DE034BF03F1010C03F1FF318C4532DCC5
:105800000CEB01035B1057F82320824211D09488DF
:105810004C4528BF4C46063226464546144614F8E9
:1058200001AB15F801EFF245E3D1A4EB020E76458A
:10583000F5D21846BDE8F087002914DD5B1057F853
:1058400023209042F5D0012403E057F82320824220
:10585000EFD090428CBF5C1C03F1FF310B19A142C9
:105860004FEA6303F1DA00231846BDE8F08700BF72
:10587000D0380020034B1B680131DB6A53F821103C
:10588000FFF788BFD0380020F8B504460F4616460B
:1058900002F09CFB011E04F10C0505DB3246284694
:1058A000BDE8F84002F0F4BA3A462189201D02F022
:1058B000EFFA3246218A2846BDE8F84002F0E8BAFD
:1058C000034B1B680131DB6A53F82110FFF7DCBF83
:1058D000D0380020014B1868704700BFCC3800203A
:1058E000704700BF820708B508D130B1036823F0C4
:1058F0000103DA78F92A13D1987808BD0028FCD082
:10590000C3070FD40E280DD042280DD00A280BD083
:10591000062805D040F22130FEF76CFE042008BDB9
:10592000042008BD022008BD012008BD0E281FD09C
:1059300010B5044670B915E0FFF7D4FF0346022BFB
:10594000204612D0032B0DD1FFF79EFD0E280446F2
:1059500008D03CB1A3072046EED000F00FF821F0AC
:1059600061FB10BD0020044910BDD4E9010110BD48
:1059700000200149704700BF0000F87FC1070346BF
:1059800051D4820704D59B0914BF01200020704721
:1059900000284AD02DE9F041FFF7C8FF21F000456B
:1059A0000F464FF0FF322946274B064604464FF07C
:1059B000010821F03BFE40B94FF0FF32224B304648
:1059C000294621F029FE00B9804618F0FF0F2ED19C
:1059D00000224FF48013204629464FF0010821F0A1
:1059E00025FE40B92046294600224FF4801321F0BD
:1059F000F5FD00B9804618F0FF0F18D13046394642
:105A00001EF0BEFB0022114B1EF0E8FD0022002319
:105A100004460D4621F0E2FD60B92046294621F0FA
:105A200043FEBDE8F0814010704700207047002021
:105A3000BDE8F081204629460022044B21F0A6F95A
:105A400004460D46E9E700BFFFFFEF7F0000F0418D
:105A5000FFF794BF38B50D46FFF790FF0446284680
:105A6000FFF78CFF00F01F0004FA00F04300B0EBDA
:105A7000630F03D0BDE83840FFF75EBD43F001007F
:105A800038BD00BF38B50D46FFF778FF04462846FD
:105A9000FFF774FF00F01F0044FA00F04300B0EB82
:105AA000630F03D0BDE83840FFF746BD43F0010067
:105AB00038BD00BF38B50D46FFF760FF04462846E5
:105AC000FFF75CFF60404300B0EB630F03D0BDE81D
:105AD0003840FFF731BD43F0010038BD38B50D4601
:105AE000FFF74CFF04462846FFF748FF20434300DA
:105AF000B0EB630F03D0BDE83840FFF71DBD43F0A6
:105B0000010038BD08B5FFF739FFC0434300B0EBD3
:105B1000630F03D0BDE80840FFF70EBD43F001005E
:105B200008BD00BF38B50D46FFF728FF04462846DC
:105B3000FFF724FF20404300B0EB630F03D0BDE824
:105B40003840FFF7F9BC43F0010038BD38B50D46C9
:105B5000FFF714FF04462846FFF710FF00F01F0070
:105B600024FA00F0B0F1804F03D2400040F0010071
:105B700038BD21F047FABDE83840FFF72FBC00BF21
:105B80000E2816D008B50346C0B19B0708D0FFF712
:105B9000F5FE07EE900AF8EEE77A17EE900A08BDD8
:105BA000FFF7C4FE21F0A0FD07EE900A17EE900A61
:105BB00008BDDFED057A17EE900A7047DFED027A37
:105BC00017EE900A08BD00BF0000C07F70B50E46FA
:105BD000FFF7ACFE044630460D46FFF7A7FE02462F
:105BE0000B462046294621F0D1F8BDE87040FFF76A
:105BF000F5BB00BF70B50E46FFF798FE0446304671
:105C00000D46FFF793FE02460B462046294621F03B
:105C1000BBF8BDE87040FFF7E1BB00BF01F0010336
:105C2000184203D0C3130133012B12D9D0B50C464F
:105C3000FFF77CFE064620460F46FFF777FE02463A
:105C40000B463046394621F057FABDE8D040FFF701
:105C5000C5BBCB130133012BE8D84310481000FB20
:105C600003F04300B0EB630F02D143F00100704733
:105C7000FFF762BC032912D0D0B50C46FFF756FEE1
:105C8000064620460F46FFF751FE02460B463046B9
:105C9000394621F05BFBBDE8D040FFF79FBB704762
:105CA000F8B50C46C107034603D5E20701D56208E3
:105CB00011D11846FFF73AFE064620460F46FFF779
:105CC00035FE0B460246394630461EF087FCBDE8DD
:105CD000F840FFF783BBFFF751FE05462046FFF76C
:105CE0004DFE95FBF0F303FB10504300B0EB630F48
:105CF00003D0BDE8F840FFF71FBC43F00100F8BD3A
:105D00002DE9F0410C468046FFF710FE064620467E
:105D10000F46FFF70BFE04460D46F7F7DDFA224665
:105D20002B4621F051FC28BB002200233046394687
:105D300021F072FC80B9002200233046394621F060
:105D400043FC20B3204629460022002321F046FCD4
:105D500028BB4046BDE8F081304639461EF09EFC27
:105D600022462B4621F0C8F9F7F7CAFDBDE8F041FD
:105D7000FFF734BB2946204621F06EFC3946024627
:105D8000304621F019FDBDE8F041FFF727BB304652
:105D900039461EF083FCBDE8F041FFF71FBB0C2025
:105DA00000F086FF08B1034B0360034B0022C0E9FB
:105DB0000123CFE7888704000000F07FC2072DE9A8
:105DC000F8430C460BD5CB0709D540104C10844244
:105DD00041DB3DD1640044F00100BDE8F883FFF7EA
:105DE000A5FD064620460F46FFF7A0FD04460D46DA
:105DF00002460B463046394621F00EFC90B9224649
:105E00002B463046394621F0DFFB28B13046394673
:105E1000BDE8F843FFF7E2BA22462B4634463D463A
:105E200016461F46F6F7A8FB2246804689462B46B3
:105E30003046394620F0A8FF42464B4621F05CF937
:105E400022462B4620F0A2FFBDE8F843FFF7C6BA72
:105E5000234604461846001BFFF7C6F920444400B9
:105E6000B0EB640F02D144F00100B6E7BDE8F8439F
:105E7000FFF762BB08B5FFF759FD1EF00FFCBDE848
:105E80000840FFF7ABBA00BF08B5FFF74FFD1EF0A3
:105E900083FCBDE80840FFF7A1BA00BF08B5FFF7D3
:105EA00045FDF7F719FABDE80840FFF797BA00BFBC
:105EB00008B5FFF73BFDF7F78FF9BDE80840FFF79E
:105EC0008DBA00BF08B5FFF731FD1EF059F9BDE8E6
:105ED0000840FFF783BA00BF08B5FFF727FD054B61
:105EE000002220F053FFF7F7F7F9BDE80840FFF76D
:105EF00075BA00BF0000E03F0E280BD00E2909D074
:105F00008842F8B5044618D001F00102104216D0BC
:105F10000020F8BD00207047A288A888A31D9042E9
:105F200028BF1046691D1A4612F8014B11F8015F8F
:105F3000A542EDD1D41A8442F6D90120F8BD0D4610
:105F4000FFF7D0FC06462846FFF7CCFC8642DFD19F
:105F500044EA05039B07DBD1032EDDD0022ED7D107
:105F60002046FFF7E3FC064628460F46FFF7DEFC17
:105F70000B4602463946304621F026FB4FF001031E
:105F800000B90346D8B2F8BD08B5FFF7B5FF002841
:105F900014BF42200A2008BD08B5FFF7ADFF002856
:105FA0000CBF42200A2008BD0E281AD00E29F8B5D1
:105FB0000C4614D00628054615D042283FD00A28A2
:105FC0001CD00629034600F09080422C11D00A2CE8
:105FD00037D09C4210D004F001031D4211D00020A4
:105FE000F8BD00207047062906D0422C4FF0000370
:105FF000EDD10322934204D10120F8BD0123062CE8
:10600000E3D12846FFF76EFC06462046FFF76AFC00
:10601000032E22D003282FD0012E14D0012821D006
:106020008642DCD145EA04039B07D8D1032847D038
:10603000022828D0601BB0FA80F04009F8BD032385
:10604000DDE70122D6E7062D33D0422D4FF00206C0
:1060500034D00A2DE2D10125E0E7022813D003282D
:10606000DCD1DFE7062C4FF0020020D0422C23D0F9
:106070000A2CD5D10124D3E7022E04D0012EAED1B3
:10608000062DE2D1ABE72846FFF750FC0646204636
:106090000F46FFF74BFC02460B463046394621F0CF
:1060A00093FA4FF0010400B90446E0B2F8BD0024B1
:1060B000B6E702260025B1E70324B1E70325ADE7E3
:1060C000AC4299D0AB88A288A81D9A4228BF1A4634
:1060D0000534034613F8011B14F8015F8D427FF469
:1060E0007EAF191A9142F5D986E7002282E700BFF8
:1060F000FFF75ABF08B5FFF757FF002814BF42202B
:106100000A2008BD08B5FFF74FFF00280CBF42204A
:106110000A2008BDF8B5078945687FB10E46043DE1
:10612000002402E00134A74208D0314655F8040F9C
:10613000FFF73AFF0028F5D02046F8BD4FF0FF30BA
:10614000F8BD00BF10B500220446FFF7E3FF011EB3
:1061500004DB201D01F0DAFE012010BD002010BD7F
:1061600038B58307044608D148B1FFF7BBFB0328C5
:1061700012D0022814D0012038BD0A2801D10020F5
:1061800038BD0028FBD00E28F9D00628F7D010F132
:10619000FF3018BF012038BD0C4B9C42EBD1EEE71D
:1061A0002046FFF7C3FB02460B4604460D4621F08E
:1061B0003DFA0028E3D1204629460022002321F0A1
:1061C00003FAB0FA80F0400938BD00BFE48704004C
:1061D000422805D00A2801D0FFF7C2BF002070472F
:1061E000012070470E2857D00E2955D0F8B50C461F
:1061F0000546FFF777FB06462046FFF773FB032EA5
:106200002FD0A5422BD02846FFF790FB064620460C
:106210000F46FFF78BFB324604460D463B463046A1
:10622000394621F003FAA0BB22462B4620462946D8
:1062300021F0FCF968BB22462B463046394621F056
:10624000CDF918BB22462B463046394621F0E4F9F9
:10625000003018BF0120F8BDD01A81420DD20020B5
:10626000F8BD0328CDD1A542F9D0AA88A188AB1DDD
:10627000914228BF114605341A4612F8015B14F802
:10628000010F8542E8D028BF0120E4D24FF0FF3053
:10629000F8BD6FF00100F8BD6FF00100704700BF5E
:1062A00038B501F0010313EA000404D08842ACBF02
:1062B0000020012038BDFFF795FF831C14BFC00FDD
:1062C000204638BD10B501F00104204203D08842B9
:1062D00007DC422010BDFFF785FF831C01D000289A
:1062E000F7DD0A2010BD00BF10B501F00104204207
:1062F00003D0884207DA422010BDFFF773FF831CEA
:1063000001D00028F7DB0A2010BD00BF10B501F056
:106310000104204203D0884205DB422010BDFFF774
:1063200061FF0028F9DA0A2010BD00BF10B501F0A6
:106330000104204203D0884205DD422010BDFFF752
:1063400051FF0028F9DC0A2010BD00BFF0B591B064
:106350000446FFF7C7FA03283DD002280FD00528CE
:1063600048D0002C4CD00A2C42D00E2C45D0422CC8
:1063700055D02C4B2C48062C08BF18462CE0E307C0
:106380002CD40E2C39D02046FFF7D0FA21F000454E
:106390000F464FF0FF322946244B064621F046F9BE
:1063A00038B9304629464FF0FF32204B21F020F912
:1063B00040B332463B463046394621F037F9E0B922
:1063C000304639466A46F5F7C3FF68464FF0FF315D
:1063D000FEF7B0FE00E0204611B0F0BD6946601047
:1063E0000CF098FB68464FF0FF31FEF7A3FEF3E791
:1063F0000F48F1E70F4811B0F0BD0F4811B0F0BDE4
:106400000E48E9E7002330463946002221F0E6F83D
:106410000B4C0C4B002814BF20461846DCE70A48FA
:10642000DAE700BF388804005C880400FFFFEF7FD4
:10643000508804006C8804001C880400C88704008D
:10644000288804000C8804004488040010B5044621
:10645000FFF748FA04280ED164B1A3070AD12368D4
:10646000074A23F001035B69934203D02046BDE84D
:106470001040184710BD2046BDE81040FFF766BF2A
:106480004D64020008B5FFF72DFA052810D8DFE8A3
:1064900000F0030507090B0D084808BD084808BDB2
:1064A000084808BD084808BD084808BD084808BD98
:1064B00040F22230FEF79EF8002008BDFC87040061
:1064C000B887040080880400A08804009088040035
:1064D000EC870400062808D008B5FFF703FABDE8EA
:1064E000084000F57570FEF785B840F2DD30FEF724
:1064F00081B800BF4FF46470FEF77CB810B5FEF7AA
:10650000EFF80446102000F07FFC22690260206151
:1065100010BD00BF38B5FEF7E3F80469054634B195
:1065200023682B612046BDE8384000F0ADBB40F247
:106530005330FEF75FF8F3E7F0B585B00746FEF796
:10654000CFF8046906468CB194E80F006D463061BF
:1065500085E80F00204600F097FB084B77611B6829
:10656000284631469B6B984705B0F0BD3846FFF78B
:106570006DFF40F2E730FEF73DF8E5E7D038002048
:1065800010B5FEF7ADF8446912239C42436101D077
:10659000204610BD40F25330FEF72CF8204610BDC7
:1065A00008B5FEF79DF84369122B05D0FFF7E8FF09
:1065B000BDE80840FFF7C0BF08BD00BF79B110B407
:1065C000084B094C014410F8012B04FB03F38842EB
:1065D00083EA0203F7D118465DF8044B7047014B7C
:1065E00018467047C59D1C819301000138B50468A9
:1065F00034F00304054612D0A30F15D12846E369F1
:10660000984705462DB140F6BE239D4205D9002C82
:1066100003DB40F24930FDF7EDFF284638BD40F27C
:106620005130FDF7E7FFE9E7C4F39905EAE700BF5A
:10663000F8B54FF480400DF0BBF9194C194B1A4DC9
:106640001A4E002787611A4F8760D3E90112276825
:10665000C76000F10807276000F580540131063457
:106660003460596043F6F8742968446022449A60A3
:1066700079B188420DD30A6872B1904203D20BE01F
:10668000984203D31A461368002BF9D103601060B7
:10669000F8BD01602860F8BD13460A46F6E700BF62
:1066A000C0380020A43800209038002098380020FE
:1066B000F83F008038B5144B9A881B6892B1551E7C
:1066C00053F8251088421AD0023A03EB82032A4677
:1066D00002E0216881420BD0013A511C1C46A3F113
:1066E0000403F6D14FF45270BDE83840FDF782BF85
:1066F000954204D0044801F075FB206038BD024883
:10670000BDE8384001F06EBB9C38002018210148DC
:10671000FEF736BDA4380020036823F00103188873
:106720008008704730B338B5C5680446A5B155E94F
:1067300001326868A96862605A0F032AC4E902013D
:1067400005D040F24930FDF755FF55F8043C43F0C1
:10675000004345F8043C38BD50F8043C5A0F032A66
:1067600009D143F0004344F8043C0020BDE8384020
:10677000FDF7BEBF704740F24930FDF73BFF54F8CC
:10678000043CEEE738B550F8043CDB070546A0F1C1
:1067900004041CD4104B1B6873B103F1080294422B
:1067A000F9D359680A449442F5D255F8043C43F0B1
:1067B000010345F8043C38BD40F24A30FDF71AFFAA
:1067C00055F8043C43F0010345F8043C38BD40F261
:1067D0004F30FDF70FFFDDE790380020830709D128
:1067E00040B1030F06D00168114B194202D1CB789A
:1067F000F92B00D070470F4B10B504461B688BB1C6
:1068000003F108029442F9D3586802449442F5D245
:10681000094841F00101216022468188BDE810400D
:1068200001F0C8BA40F24A30FDF7E4FE2168EFE714
:1068300003000040903800208838002000294DD007
:106840002DE9F84F0F468046DFF89CB0DFF89CA09A
:10685000DFF88C90061F002502E00135AF423BD0E7
:1068600056F8044FA307F8D1002CF6D0230FF4D02C
:10687000206810EA0B0FF0D1C378F92BEDD1DAF8CC
:10688000003053B103F108018C4203D35A680A4423
:10689000944207D31B68002BF4D140F24A30FDF735
:1068A000A9FE2068B9F8041040F0010020602246DB
:1068B0000B4801F07FFAB9F80430642BCDD90C20D5
:1068C0000DF076F80135074A08EB85037D1BC0E91A
:1068D0000135116801601060BDE8F88F704700BF96
:1068E00088380020943800200300004090380020B1
:1068F00038B505684DB104462846FFF743FFA18827
:106900002846BDE83840FFF799BF38BD830709D155
:1069100040B1030F06D00168234B194202D1CB7856
:10692000F92B00D07047214B2DE9F04104461B683C
:10693000002B33D003F108029442F8D35868024484
:106940009442F4D221F0030341F001019B692160DC
:106950000BB120469847164D164C2F46AB8883B98D
:1069600023681846C3B1D3E90026D3F80880226013
:106970000DF044F841463046FFF760FFAB88002B2E
:10698000EED0384601F02EFA036823F003039B692A
:10699000002BE3D09847E1E7BDE8F08140F24A30B0
:1069A000FDF728FE2168CDE7030000409038002065
:1069B0008838002094380020F8B505460CF0F8FF20
:1069C0000446A5F10800830760602ED11B4A1C4FC6
:1069D000556891681B4EC31C23F00043014423F00B
:1069E0000303013543F00043C2E901513A68A36053
:1069F000E26004F10803144A31683B6003EB900045
:106A0000106079B18C420DD30A68A2B1944203D2CE
:106A100011E09C4203D31A461368002BF9D123607E
:106A20001460F8BD21603460F8BD4FF45270FDF77A
:106A3000E1FD6068CAE713460A46F0E7A438002083
:106A4000C038002090380020983800202DE9F04F01
:106A5000834B1B780646980783B005D54FF45270D8
:106A6000FDF7C8FD7E4B1B787E4A146895887C4AEA
:106A700043F0020313706DB104EB850554F8040B69
:106A800020F0010310F0010F18BF1868FFF73EFF58
:106A9000A542F3D1744C3046FDF730FE23688BB12C
:106AA000724B1B685E8D01F0D1FA256805EB8605F7
:106AB000861B07D00024013455F8040BFFF726FF8E
:106AC000A642F8D16A4A6B4B16781D683EB1002485
:106AD000013455F8040BFFF719FFA642F8D16649B7
:106AE000664A0B68176801330B60654B00221A6019
:106AF000002F00F0B180CDE90022904691467B68DE
:106B0000019A07F108059B0805EB83061A44B54274
:106B1000019248D22B6813F001017DD11A0F062A89
:106B20007AD0AE4240F28880AA4601E0DAF800301E
:106B3000002B4FEA13720FDBD90714D4062A12D0A8
:106B40005A0009D4DB78F92B40F2493001D0FDF727
:106B500051FD504601F020F95046FFF747FD0AEB82
:106B6000800A5645E2D8AAEB05044FEAA40CE0459A
:106B70004FEA8C024FF0FF01284642F0004BB8BFAD
:106B8000E046E144FCF7E8FE042CC5F800B04CDD1B
:106B900000236B60009B002B49D0009B00955D603B
:106BA0005546AE42B6D83F68002FA8D13549019866
:106BB0000B684FEA890202EB091780004FEA88044C
:106BC0007F009BB12E4B1D684FEA590975B12B68A8
:106BD000C3F39906B14506D236E02B68C3F3990397
:106BE0001E44B14531D36D68002DF6D122494B6961
:106BF000C1E903246BB193420BD8B84201D3FFF72C
:106C000017FD174A137823F00203137003B0BDE891
:106C1000F08F194B5A61F0E723F001032B602846EF
:106C2000FFF7E4FC05EB8005BBE75546B9E7144BDD
:106C300000951D605546B4E74FF00043B8F1000FD2
:106C40002B60AEDA8846ACE733469944A9EB0603DD
:106C500005EB83030B60C9E73C4638463A46C5E777
:106C60000D4300209C380020CC380020D038002074
:106C70000E430020BC380020A438002090380020AB
:106C8000C03800209838002050F8043C5A0F032ADE
:106C900010B5044605D040F24930FDF7ABFC54F87E
:106CA000043C43F0004344F8043C204610BD00BFC0
:106CB0002DE9F84F42F6F823C71C98424FEA970790
:106CC0007CDC444BDFF810A15B68C3F30803002BA6
:106CD0005ED19AF8003018075AD143F001038AF8C0
:106CE0000030FDF7FDFC10B14368002B6DD0DFF8DC
:106CF000ECB0DFF8EC900026DBF80040002C4ED022
:106D00004FF0000803E0A0461C46002B47D040F29D
:106D100051301EB9D9F80030A34248D3A10701D1A0
:106D2000230F01D1FDF766FC2568002D40F24B30A2
:106D300001DBFDF75FFCC5F39905ED1B002D6368D2
:106D4000E1DB0AD0AA0042F0004244F8272004EB1D
:106D50008707012D1CBF7B603B46B8F1000F31D087
:106D6000C8F80430002222604BB15B683BB19A073F
:106D700001D11B0F03D14FF45470FDF73BFC9AF87F
:106D8000003023F001038AF800302046BDE8F88F78
:106D900040F29230FDF72EFC9AF800309DE736B1B4
:106DA000012E08D01520FDF725FC0136A4E70020B0
:106DB000FFF74CFEF9E7FFF73BFCF6E71620FDF77F
:106DC00019FC7EE7CBF80030CCE740F24E30FDF7FF
:106DD00011FC8CE700ED00E00D430020C0380020DE
:106DE00098380020033010B520F00304201DFFF771
:106DF0005FFFE31D23F0804323F0030343F0804350
:106E000040F8043B10BD00BF08B538B1FFF7EAFFFA
:106E100050F8043C43F0005340F8043C08BD00BF68
:106E2000F8B5214B5B68C3F3080306460F46002BF9
:106E300034D1FDF755FC1D4D1D4AF31B9B102B70E3
:106E400004461760A8B10C20FFF7CCFF50F8043CB3
:106E50006268026043F00053A26840F8043CE368B3
:106E6000C0E90123E0600023A6602B706360204628
:106E7000F8BD1820FFF7B6FF0E4A50F8043C126820
:106E8000026043F00053122240F8043C00234261A8
:106E9000C0E903330446FDF72BFCE4E740F29230EF
:106EA000FDF7A8FBC5E700BF00ED00E00E430020A2
:106EB000BC380020CC380020830702D108B1030F72
:106EC00000D17047024B02469988184600F072BF05
:106ED0009C3800208207034602D108B11B0F00D165
:106EE0007047FFF7E7BB00BF4068FFF777BC00BF04
:106EF0000430FFF7FDBC00BF03460C309988FFF754
:106F00009DBC00BF4068FFF769BC00BF10B50446D8
:106F10000430FFF7EDFC04F10C00BDE81040FFF772
:106F2000E7BC00BF50F8043B23F001031988043983
:106F30008908FFF783BC00BF032070470320704718
:106F4000808880000F308008704700BF02207047A3
:106F5000052070470349044A0023C1E90033C2E910
:106F6000003370479C38002088380020704700BFED
:106F700002207047406812F0A5BB00BF704700BFF9
:106F800010B50446034B41600846236012F07CFBB9
:106F9000204610BDB088040010B5044682B0406899
:106FA00012F05EFB88B16168684611F0DDFE69464B
:106FB00001A812F055F901A811F0E6FE606001A8E1
:106FC00011F0BCFE684611F0B9FE02B010BD00BF62
:106FD00038B505460820FFF76BFE044628B1044B80
:106FE00045602846236012F04FFB204638BD00BFA5
:106FF000B0880400FFF7ECBFA0F120035E2B10D88F
:1070000010B582B00446684611F096FD04EB84008A
:10701000009BA0381844052102B0BDE81040FEF7DF
:10702000AFB80020704700BF10B584B00C4641686F
:1070300003A811F099FE0023624203A9CDE90033B1
:1070400003480EF0EFFE03A811F078FE04B010BD67
:10705000202D002030B585B00C46416803A81546A8
:1070600011F082FE0023624203A9009301950448B7
:107070000EF0D8FE03A811F061FE05B030BD00BFD0
:10708000202D002043689B8801FB03F1FFF7CCBF54
:1070900070B584B00E46416802A8154611F064FE32
:1070A00002A903A811F058FE00246FF0FE00334639
:1070B0002A4603A9CDE9000405480EF07DFF03A888
:1070C00011F03CFE02A811F039FE04B070BD00BF03
:1070D000202D002010B5044682B0FFF75DFF6168E7
:1070E00001A811F041FE01A811F066FE01A811F0FF
:1070F00025FE02B010BD00BFF0B5074683B00C46B8
:1071000015461E46FFF748FF796801A811F02CFECE
:10711000F3B22AB221B201A811F058FE01A811F071
:107120000DFE03B0F0BD00BF30B583B00C46154670
:10713000416801A811F018FE21B22AB201A811F08D
:107140005BFE044601A811F0F9FD24EAE47003B0E7
:1071500030BD00BF43685888704700BF43689888B7
:10716000704700BF002B14BFFF230023FFF7C4BFED
:1071700008B5FFF7D9FF0028D4BF0020012008BDC3
:1071800043689B8801FB03F1FFF764BF0A461023A5
:107190000321FDF7D7BE00BF082870B504460D4691
:1071A0001AD0A0F10903012B07D92A462146102342
:1071B0000D20BDE87040FDF7C5BE0F4ED6F81C0986
:1071C00003689B6A98470528EFDCD6F81C0903681A
:1071D00008215B6A9847E8E7074ED6F81C09036860
:1071E0009B6A98470228E0DCD6F81C090368042152
:1071F0005B6A9847D9E700BF0025002038B5074CE7
:107200000546D4F81C090CF025FFD4F81C090CF035
:1072100055FF401BB0FA80F0400938BD0025002022
:1072200070B50D46044600F05BFA50B10368DB6AA6
:1072300098472A46204610230321BDE87040FDF7F9
:1072400081BE70BD70B50D46044600F049FA50B1DC
:107250000368DB6A98472A46204610230221BDE8CE
:107260007040FDF76FBE70BD08B500F039FA28B167
:107270000368DB6A9847003018BF012008BD00BFD3
:107280002DE9F843204CD4F81C090CF0E3FE1FF064
:10729000C9FE8046D4F81C0989460CF0E3FE1FF0B5
:1072A000C1FE0646D4F81C090F460CF0E3FE1FF0A1
:1072B000B9FE424604460D464B46404649461FF03D
:1072C0001BFF3246804689463B46304639461FF012
:1072D00013FF02460B46404649461FF057FD224623
:1072E00006460F462B46204629461FF005FF02465C
:1072F0000B46304639461FF049FD1DF033FB20F0A8
:10730000ABF9BDE8F88300BF00250020032814D89E
:10731000DFE800F00E090402FFF7B2BF084BD3F814
:107320001C090CF0A7BE064BD3F81C090CF09ABE42
:10733000034BD3F81C090CF08DBE0020704700BF32
:1073400000250020014803F0E9BF00BFE42C002025
:10735000024BD3F820090CF0F1BF00BF002500203C
:10736000014802F00BBD00BF082E002040B10128EB
:1073700004D1064BD3F81C09F5F72ABC002070474E
:10738000024BD3F81C09F5F703BC00BF0025002011
:1073900008B503283FD8DFE800F02F2011021F4B6B
:1073A000D3F820090CF012FF1FF03CFE00221C4B0A
:1073B0001FF0CCFFBDE80840FEF710B8174BD3F81C
:1073C00020090CF0B3FF1FF02DFE154B00221FF01B
:1073D000BDFFBDE80840FEF701B8104BD3F8200907
:1073E0000CF09CFF1FF01EFE0D4B00221FF0AEFFA5
:1073F000BDE80840FDF7F2BF084BD3F820090CF0B8
:1074000085FF1FF00FFE064B00221FF09FFFBDE817
:107410000840FDF7E3BF00200021CBE70025002056
:1074200000408F40024BD3F820090CF00DBF00BF85
:1074300000250020034BD3F81C391A680146526A14
:107440001846104700250020012808B505D002285D
:1074500011D0032808D0002008BD0A480EF0BCFE59
:10746000003018BF012008BD07480FF077FE00303C
:1074700018BF012008BD05480EF0AEFE003018BF51
:10748000012008BD542D00209C2D0020782D0020C7
:107490000AB2FF2301B2014811F098BCF42C00207D
:1074A00070B5FF2A82B005460E4604DC002A144659
:1074B0000ADC002300E0FF230C4832B229B202B0FC
:1074C000BDE8704011F082BCFF2A0CD0084803F0E0
:1074D00007FE0128E3B2EFD001210548019303F034
:1074E0000DFD019BE8E71346E6E700BFF42C002002
:1074F000E42C00200AB2002301B2014811F066BC5E
:10750000F42C00200AB201B2014811F075BC00BF92
:10751000F42C002001480EF0E5BB00BF202D002018
:10752000C1B2014803F0EABCE42C002008B50248CF
:1075300003F0D6FD08BD00BFE42C002001480CF08C
:107540002FBF00BFE42C00200146014803F008BF14
:10755000E42C002010B9034803F06EBC014803F08E
:1075600083BD00BFE42C002030B583B00C4901A8D6
:107570000CF01AFF01A811F007FC044601A811F055
:10758000DDFB0820FFF794FB054610B12146FFF70D
:10759000F7FC204612F096F8284603B030BD00BF35
:1075A000E42C00202DE9F0410668B3F5807F28BF68
:1075B0004FF480730446D6F800800D46002116462D
:1075C0001F46C0474FF496700CF048FB227D094BD4
:1075D00009481F2A98BF184672B6217D074C01F052
:1075E0001F0141EA075133462A46A04762B6BDE86B
:1075F000F08100BF00050050000800500D2300205E
:1076000008B1436803B9704710B50446084600F056
:1076100067F8626804F108014FF48073BDE8104018
:10762000FFF7C0BF08B1436803B9704770B504469F
:107630001546084600F054F82B46626804F108012C
:10764000BDE87040FFF7AEBF704700BF10B4054CF7
:107650000A4610230146B4F808055DF8044BFDF70F
:1076600071BC00BF0025002008B5034813F04CFE94
:10767000003018BF012008BD002A002080F3080157
:10768000014801F06FB800BF382E0020014801F01A
:1076900075B800BF382E00200146014801F078B8C7
:1076A000382E002008B5064803F0CEFA50EA010350
:1076B00001D1002008BD0348BDE8084001F03EB9F3
:1076C000402E0020382E002007EE900AF8EEE77AD0
:1076D000024817EE901A03F097BA00BF402E002020
:1076E0006E2856D00BDC682855D014DD6B283AD0B4
:1076F0002DDC692849D06A2837D12948704773287A
:107700004BD011DD78282CD017DC74283FD0772897
:107710002BD124487047652833D01EDD66282ED033
:10772000672822D12048704770282CD025DB71288B
:1077300021D0722819D11D48704740F2E933984290
:1077400017D040F2EA3398420FD1194870476C289D
:107750000DD06D2809D117487047642805D1164807
:107760007047164870471648704700207047154804
:1077700070471548704715487047154870471548B9
:1077800070471548704715487047154870471548A9
:10779000704715487047154870471548704700BF37
:1077A000C8280020D0290020802800208829002017
:1077B000202B00201029002038280020E829002054
:1077C000E0280020F8280020082B00207029002045
:1077D0004029002068280020502800205829002037
:1077E000B0280020B829002028290020982800204F
:1077F000A0290020FFF774BF10B5FFF771FF20B17B
:107800000368BDE810405B68184710BD10B5FFF76E
:1078100067FF20B10368BDE810401B68184710BD22
:1078200010B5FFF75DFF20B10368BDE810405B694C
:10783000184710BD10B5FFF753FF20B10368BDE82E
:107840001040DB68184710BD10B5FFF749FF20B1A5
:107850000368BDE810409B6B184710BD70B5044627
:10786000FFF73EFF68B103680D46164603215B6DC6
:1078700098473246294620461023BDE87040FDF760
:1078800061BB70BD014B9868704700BF2038002075
:1078900008B5FFF725FF78B1C38804290CBF43F46E
:1078A000807323F48073C380036811461B6D98476F
:1078B000024B984200D008BD002008BD11FCFFFF1C
:1078C00010B5FFF70DFF48B103681C694FF4FA6269
:1078D000A44640F2DC53BDE81040604710BD00BF35
:1078E000704700BF10B5FFF7FBFE20B10368BDE88D
:1078F00010401B6B184710BD08B5FFF7F1FE014B98
:10790000186008BDC8380020026870B50D1E044616
:10791000D66802DD0A4A12782AB920463346002189
:10792000BDE870401847521101219140B0472368CB
:1079300004499B6B91FBF5F12046BDE87040184768
:107940006E23002040420F00114B124A1B78FF2883
:1079500008DC002812DB107073B198B140110121CE
:10796000814003E0FF2111703BB180210A4B186870
:1079700010B10A4B1B783BB1704770470021117062
:10798000002BF9D00021F1E70368DB68184700BF3E
:107990000F4300206E230020C83800201043002031
:1079A000014B1878704700BF6E23002070B50E4D54
:1079B0002B680C46ABB10D4E0146224618460123FA
:1079C0003370FFF7A1FF002C0ADD20460BF0C6FD47
:1079D000286818B103680021DB68984700233370DA
:1079E00070BD034B2B60E6E7C83800200F43002032
:1079F0002C37002010B559B101290CBF02210021FC
:107A0000FFF76EFE48B10368BDE810405B6C184795
:107A10000121FFF765FE0028F5D110BD10B5FFF775
:107A20005FFE0368BDE810405B6D1847014600200B
:107A3000FDF7A6BB704700BF70B50C4D2C6882B037
:107A400014B1204602B070BD2C2020F094F8084BF1
:107A5000002603F1180203F130010096044614F0E9
:107A600043F820462C6002B070BD00BFC43800202F
:107A70007029002010B50446FFF7DEFF0368214699
:107A80001B69BDE81040184770B50C4682B0F0B1D4
:107A9000054639B16A6863689A4203D040F28D3076
:107AA000FCF7A8FDFFF7C8FF03686A685E6905F187
:107AB000080134B1154604F108030095B04702B03F
:107AC00070BD254623460095B04702B070BD39B160
:107AD000FFF7B2FF036865685E6900210A46EAE7BE
:107AE00040F28D30FCF786FDF2E700BF10B504468A
:107AF000FFF7A2FF036821469B68BDE810401847C6
:107B000070B505460C46FFF797FF03682A462146E5
:107B1000DB68BDE8704018472DE9F043134C23683B
:107B200083B007460E4615462BB11A681846136AED
:107B30009847002323603846FFF7D2FD07463046BA
:107B4000FFF7CEFD80462846FFF7CAFD81462C2070
:107B500020F011F800264B4642463946009605466D
:107B600013F0C2FF256003B0BDE8F083C4380020E5
:107B700030B583B00446FFF7B3FD90F914503C20B4
:107B80001FF0F9FF032300932946A2B2012308F056
:107B9000ABFF03B030BD00BF10B5FFF7A1FD074C30
:107BA0000146204600F0B2FE054B1978204681F0D0
:107BB0000101BDE8104000F0FDBD00BF382E0020DF
:107BC000104300200146034B034881F001021A7064
:107BD00000F0F0BD10430020382E0020F0B5044620
:107BE00083B0002017460E46FDF7CAFA610005462D
:107BF00000F1080289B200973346034812F058FD9D
:107C0000284603B0F0BD00BFF02B002010B582B0B5
:107C10000C4640004B68009281B204F10802024811
:107C200012F0E2FC02B010BDF02B00200023C0E9EE
:107C300001337047704700BF0023C0E90133C0E93A
:107C400003337047704700BF2DE9F047C4888C426A
:107C500005460E462FD24FEA8408D0F80090002C3B
:107C600039D03F2C35DDB4F5007F3DDB04F580775E
:107C70004FF6FE724FF6FF73974288BF1F46B7421A
:107C8000B8BF3746B8000BF093FE82461CB142469F
:107C90004946FAF7CFFC3A1B920000210AEB080094
:107CA000FBF75AFE48460BF0A9FEC5F800A0EF808E
:107CB000AE80BDE8F08782889142F9D20068521AFE
:107CC00000EB810092000021FBF746FEAE80BDE88C
:107CD000F0876700D3E704290F46B8BF0427B80030
:107CE0000BF066FE8246D6E7034B08EB0407A3FBC6
:107CF00007377F08C3E700BFABAAAAAA704700BF37
:107D0000704700BF704700BF704700BF704700BF9B
:107D10000B6823F0010370B51B89042B0C46054644
:107D200002D13DB9204670BD40F28530FCF762FCBF
:107D3000002DF7D0E81C8000FEF7BAFF064608B118
:107D4000074B0360A368B360AAB2B580920000211C
:107D500006F10C003446FBF7FFFD204670BD00BF66
:107D6000E088040038B502690A4B9A42054603D000
:107D70004FF46270FCF73EFC2888FEF799FF04463A
:107D800000B105602A880021043A201DFBF7E4FDBC
:107D9000204638BD017D0200036823F001031B6902
:107DA000184700BF036823F001031B69184700BF91
:107DB000704700BF4FF6FE7399420AD883888B4202
:107DC00070B5054616460C4604D92B6843F8246066
:107DD00070BD70470131FFF737FF2B6843F824600F
:107DE00070BD00BF83884BB1013B9BB202688380AA
:107DF000002152F8230042F82310704718467047BC
:107E0000C38870B54BB33F2B0FDDB3F5007F2CDB80
:107E100003F580744FF6FE72944223D8A4B28C42CC
:107E200038BF0C46A34207D370BD5C00A4B28C429D
:107E300038BF0C46A342F7D20546A000FEF7D2FF9A
:107E4000EB880646E3B9E21A920006EB83000021B4
:107E5000FBF782FD2E60EC8070BD042938BF042141
:107E60000C46E7E74FF6FF74E4E7084A03EB8304A8
:107E7000A2FB0424C4F34F048C4238BF0C46D9E75C
:107E80009A002968FAF7D6FBEB88DCE7ABAAAAAA26
:107E900030B5C3888B4283B005460C4609D90368C8
:107EA00043F82120AB889C4224BF0134AC8003B04E
:107EB00030BD4FF6FE739942F9D8013189B2019273
:107EC000FFF79EFF2B68019A43F82420EAE700BFE2
:107ED00038B5C3888B4204468DB201D2AB4201D97A
:107EE000A58038BD2946FFF78BFFA58038BD00BFB0
:107EF00083884BB1013B9BB202688380002152F81A
:107F0000230042F82310704718467047F8B583885D
:107F10008B421DD905684A1C8F009342044655F8D0
:107F2000216005EB070007D8013B9BB20022A3802C
:107F300045F823203046F8BD5A1A02F18042013A32
:107F4000391D294492001FF04DFEA3882568EBE7F8
:107F50000026EFE783888B421CD970B50E46154684
:107F6000591CC28889B28A4204460FD9701C216804
:107F700080009B1B061F9A00084431441FF032FE0C
:107F8000A388226801339551A38070BDFFF738FFA5
:107F9000A388EBE7FFF77CBF024A02600022C0E93A
:107FA0000122704770890400024A02600022426088
:107FB000704700BF40890400034A02600022C0E904
:107FC0000122C0E903227047108904002DE9F04125
:107FD000068945681EB32B68994224D02A460020A2
:107FE00003E052F8044F8C4217D00130B042F8D170
:107FF000B1F804808F1D002404E00134A6420ED0A5
:1080000055F8043F9A889045F7D1991D4246384665
:108010001FF0D9FD0028F0D12046BDE8F0814FF0D7
:10802000FF30BDE8F0810020F7E700BF704700BFD8
:10803000FCF7E0BA014B1B6818697047D038002084
:10804000014B1B6898697047D0380020014B1B68B2
:10805000188C7047D0380020014B1B68D86B7047D4
:10806000D03800200268F8B544F210239A4200D0BC
:10807000FEE74368194A1968194F91423B6014D0D2
:108080000646188C174D8000FEF7BEFE3B68286040
:108090001A8C00219200FBF75FFC3C68124B2268AF
:1080A00029689A420D6006D0FEE740F29F30BDE895
:1080B000F840FCF79FBAB36822699A42F4D1FCF702
:1080C000E9FA3A680023156B04F140001A46194694
:1080D000A847BDE8F840FCF7B1BA00BF718E3B92EB
:1080E000D0380020CC380020708E3B920148FFF73A
:1080F000B9BF00BF007F040048B110F0030207D1F0
:10810000036823F00103D978F92903D0104670479A
:10811000002070471889A0F10600B0FA80F04009ED
:10812000704700BF70B505460C20FEF7C1FD044640
:1081300020B1154B03600023C0E901333DB1AB070B
:1081400005D12B6823F00103DA78F92A01D0204603
:1081500070BD0E4A9342FAD12E89002EF7D02046E8
:10816000FEF7AAFE63899E4203D93146201DFFF720
:1081700047FEB200696826816068FAF75BFA20461C
:10818000FEF7A8FE204670BD708904001089040027
:1081900038B50D46044608B1830714D040F29B3031
:1081A000FCF728FA29462046FFF710FF051E08DBDA
:1081B0002946201DFFF7AAFE294604F10C00FFF70F
:1081C000A5FE422038BD036823F00103DA78F92ABE
:1081D000E4D1024A9342E5D0E0E700BF10890400F1
:1081E00010B5104882B00DF001F890B1024600239E
:1081F00001A80C490CF09CFF0198B0F90210043062
:10820000FCF7BCFF044601A811F02EF9204602B08D
:1082100010BD01460448FCF7B1FF0446204602B0F9
:1082200010BD00BF702B00203898040030B5034605
:1082300083B00E4CB0F904200D4601A8991D11F031
:108240008BF901A9002220460CF058FD01A811F07D
:108250000BF92A46102301210C20FCF773FE20465F
:1082600000210CF0D3FE03B030BD00BF702B002006
:1082700098B100B5014683B0B1F9042001A80631D8
:1082800011F06AF901A9022204480CF08DFC01A842
:1082900011F0EAF803B05DF804FB7047702B002082
:1082A000014628B142680348022308310CF052BC51
:1082B000704700BF702B0020F8B5051E21DD022796
:1082C00029460020FCF75CFF044600F10806FEF793
:1082D000F3FD3B46314662680D480CF0B3FE854223
:1082E00009D001463046FCF74BFF05462046FEF715
:1082F000F1FD2846F8BD20462546FEF7EBFD284651
:10830000F8BD03480CF072FF00270546D8E700BF10
:10831000702B002070B50D4614460646FFF7E0F9B5
:1083200090B12846FFF7DCF970B13046FFF7D8F975
:1083300006462846FFF7D4F93146024605480CF0B8
:108340004BFC054B01221A7021460248BDE87040E3
:108350000CF034BC702B0020114300200146014872
:108360000CF02CBC702B002038B5094A094B02F1E7
:1083700050042046A2F1180100251D700CF02CFCC1
:1083800020464FF4E131BDE838400CF017BC00BF87
:10839000202B002011430020014601480CF0F2BEC2
:1083A000702B0020014601480CF006BF702B002006
:1083B000024B1B7803B1704708F002BE1143002046
:1083C000024B1B7803B1704708F0FABD114300203F
:1083D00010B582B0B0F90420811D684611F0BCF8D8
:1083E0006A46022301A809490CF09EFC0198B0F9E5
:1083F00002100430FCF7C2FE044601A811F034F864
:10840000684611F031F8204602B010BD702B0020F4
:1084100000B5831D83B0B0F9042069B9194601A8DD
:1084200011F09AF801A90C4803F050FD01A811F0D1
:108430001BF803B05DF804FB194601A811F08CF895
:1084400001A90122044803F0A9FD01A811F00CF8CC
:1084500003B05DF804FB00BF28370020014803F09B
:10846000CFBA00BF28370020792810B50C4609D1B3
:108470000748A4F10101B1FA81F14909BDE81040B2
:1084800012F0E2BEFFF72CF90028F2D110BD00BFB8
:10849000002A002070B50E46FDF748FA0446304623
:1084A0000D46FDF743FA02460B46204629461CF0CE
:1084B00027F8BDE87040FCF791BF00BF08B5FDF795
:1084C00035FA1BF0BFFDBDE80840FCF787BF00BFD1
:1084D00008B5FDF72BFA1BF071FDBDE80840FCF76D
:1084E0007DBF00BF08B5FDF721FA1BF01BFDBDE8FD
:1084F0000840FCF773BF00BF08B5FDF717FAF4F7A3
:10850000D7FCBDE80840FCF769BF00BF08B5FDF720
:108510000DFA1BF0A3FFBDE80840FCF75FBF00BFEA
:1085200008B5FDF703FA1BF0F1FEBDE80840FCF7C3
:1085300055BF00BF08B5FDF7F9F91CF013FABDE807
:108540000840FCF74BBF00BF08B5FCF75FF8FFF72A
:10855000CDFD002008BD00BF70B50A4A41F290135E
:1085600005460C46D05801210FF00AFE022D224686
:108570000CBF0221012110231520BDE87040FCF73B
:10858000E1BC00BF0025002008B5194A41F2901354
:10859000D05870B14FF0FF310FF0C8FD07EE900AD0
:1085A000FDEEE77A17EE900A772803DC332803DC28
:1085B000002008BDFF2008BD9FED0E7ADFED0E6A9A
:1085C000F8EEE77A77EEC77AFDEEE77A17EE903AA3
:1085D000C3EB032307EE903AB8EEE77AC7EE267AAC
:1085E000FDEEE77A17EE900AFF28A8BFFF2008BD2E
:1085F000002500200000504200008842124A41F24B
:108600009013D358E3B181F3080207EE902A9FED4F
:108610000F7A9FED0F6ADFED0F6AF8EEE77A022816
:1086200067EE877A184687EE867A77EE267AFDEE31
:10863000E77AF8EEE77A17EE901A02D00FF0E6BD6F
:1086400070470FF0B1BD00BF002500200000884238
:1086500000007F4300005042704700BF704700BFDA
:10866000024B1B6803EB4000704700BFD03800206E
:10867000704700BF704700BF704700BF0048704799
:1086800016FCFFFF704700BF704700BF82B070B597
:108690000C4684B005464968206802AC03C40399BF
:1086A00008AC481084E80C00CB0745BF2A58029B51
:1086B000029CD4580AAB2E1893E803008DE80300FF
:1086C00008AB0CCB3046A04704B0BDE8704002B008
:1086D000704700BF10B50446D0F8E80803680121D0
:1086E0001B6898470121D4F8E80812F0ABFFD4F8D2
:1086F0004818D4F8E00811F03FFC012384F86038F2
:1087000010BD00BF38B50446D0F8E808036800255E
:10871000294684F860581B6898472946D4F8E80829
:10872000BDE8384012F08EBF82B038B504A90446C7
:1087300081E80C00D0F84808BDF8125018300FF04E
:108740007DFA18B925F00205012D05D12046BDE8B6
:10875000384002B0FFF7BEBF2046BDE8384002B047
:10876000FFF7D0BFFF2906D808B58900083002F00E
:1087700017FA002008BD6FF47A70704708B508300A
:1087800002F024FA0028B8BF0330801008BD00BFF3
:10879000D0F8DC3880F862185BB1D0F8682819B9D5
:1087A0001146184612F0A6BA11461846012212F0D8
:1087B00075BA7047D0F8DC3880F863185BB1D0F830
:1087C000642819B91146184612F094BA1146184691
:1087D000002212F063BA704770B5044682B03820A8
:1087E0001FF0C9F904F1080513232A460646009331
:1087F0001849194B12F070F80021C4F8DC683046B3
:1088000012F052F9D4F8DC0812F01EF881B22846B2
:1088100002F0ECF94FF40041284602F0F1F994F827
:1088200062182046FFF7B4FF94F863182046FFF75C
:10883000C1FFD4F8D8380BB102B070BD284640F261
:10884000FF33054A04F66C0102F06AF9C4F8D8084F
:1088500002B070BD0010024000442C47044B186861
:1088600010B1D0F8DC3803B17047FFF7B5BF00BFD7
:10887000D438002010B5044689B3D0F8DC3823B3CF
:10888000C388214A43F001030221C380C2F8841047
:10889000BFF34F8FBFF36F8FD0F8DC0812F0F8F9F9
:1088A000D4F86818D4F8DC0812F024FAD4F8641864
:1088B000D4F8DC0812F01EFAD4F8DC0810B1036812
:1088C0009B6998470023C4F8DC3894F86038DBB221
:1088D00084F861382046FFF715FF002010BDC388DB
:1088E000DA0705D5D0F8DC2823F00103C38042B1B4
:1088F00094F86138002BF0D02046FFF7EBFE002003
:1089000010BDFFF769FFF3E700E100E070B5044632
:10891000D0F8DC0894F86358002384F863380E46D6
:1089200018B1D4F8641812F0E5F9C4F8646829465F
:108930002046BDE87040FFF73DBF00BF70B500F1B5
:1089400008040CF003FF0646204602F07DF90546B8
:10895000204602F07FF96DB105F5B5550C35B542ED
:1089600008D830B100F5B2500830B0428CBF0020BA
:10897000012070BD012070BD2DE9F04F83B0DDE90D
:108980000C9ABDF83880002B3BD0B9F1000F35D0E0
:108990000F2902D1B8F1C00F33D1074628201D4658
:1089A0000E4693461FF0E7F80446103010F08CF99D
:1089B00018202680A4F802B01FF0DDF8CDE9009A57
:1089C00006466B46024603CB46F80C5B00233D6827
:1089D000D36048F002087360E360506091600E4914
:1089E0005161C4E90833A4F80480A2606B6838467A
:1089F0002146984740B903B0BDE8F08F1AF0010F47
:108A0000C6D16FF47A70F6E720460BF05BF820468B
:108A10001FF0AAF80148EEE78D86020016FCFFFF62
:108A200070B50446D0F8DC081B4B236048B1D4F87D
:108A3000681812F05FF9D4F86418D4F8DC0812F062
:108A400059F9164BC4F8F43803F18402A833C4F87A
:108A50000C29C4F81439124E002504F5126010F0E8
:108A600071FC04F60C10C4F80C69A4F812590AF051
:108A7000C7F904F50F6002F091FF04F66C0002F0F4
:108A800093FC04F1080001F027FE20462660E580F3
:108A90000AF0B6F9204670BDA88904006495040068
:108AA000E89E040010B50446FFF7BAFF20461FF009
:108AB0005BF8204610BD00BF2DE9F04F774D0560F3
:108AC0008BB000250646456004468B4692461F46FD
:108AD000DDF850900AF024F9714B46F8083B40F25B
:108AE000FF3203236F49304601F0B0FD04F66C08F5
:108AF000012284F8605884F8622884F8632840F6DC
:108B0000C2314AF64442C4F864B8C4F868A884F88C
:108B10006158404602F07EFC159BC4F8E838414697
:108B2000C4F8D858C4F8DC58C4F8E078C4F8E4981D
:108B300004F50F6002F030FF31462B2204F6F400FA
:108B400003F0E0FC584A1168002900F0A480404678
:108B5000012102F017FF00224946384611F0BEF904
:108B60001621C4F84808384611F020F900220721E0
:108B7000D4F848084D4D10F0CFFE0AF0C1F8074672
:108B800050201EF0F8FFD4F848183A46064618312F
:108B90000FF068FFC4F8546830460FF0E1FD074657
:108BA00048201EF0E8FF0A2202233946CDE90032B0
:108BB0003F4A012306460FF091FCD4F85408C4F84C
:108BC0004C6803689B689847804668201EF0D3FF76
:108BD000384A019200261522CDE902264FF0834241
:108BE000354B00924146354A07460FF045FA2B684F
:108BF000C4F85878A3B1324AD4F85478CDE90426A1
:108C000004AA92E803003F894FF0C00C8DE80300EE
:108C100032461846CDF808C039462346FFF7ACFE69
:108C200050201EF0A8FFD4F84C1825222431064607
:108C30000FF018FF2B68C4F8506843B30026DFF824
:108C40008080CDF81880079606AA92E80300C02716
:108C50008DE8030032461846252123460297FFF788
:108C60008BFED4F848082D68314618300EF0DAFF34
:108C7000CDE908860AAB024613E9030002978DE8A6
:108C800003002346284640F2FF31FFF775FE2046D9
:108C90000BB0BDE8F08F146059E700BFE89E0400F8
:108CA000A889040000442C47D4380020003B002051
:108CB0000AD7A33D00005042000082420000AA42B1
:108CC0002987020000487047E0890400BFF34F8FF6
:108CD0000549064BCA6802F4E0621343CB60BFF358
:108CE0004F8F00BFFDE700BF00ED00E00400FA0574
:108CF00012DF7047704700BF08460AF0B1BF00BFDF
:108D000013F01CBE08460AF0A7BF00BF13F024BE34
:108D1000024A034901601060704700BFE438002038
:108D2000088A040030B583B002AB002103F8011DAE
:108D300005461846FFF7DCFF9DF80730012B1BD0D6
:108D4000134A1448012313600424C2F80011D2F816
:108D50000031002BFBD0D2F80835013C43EA00205B
:108D6000F3D1012353602B680B4A9B69934209D1CD
:108D70000AF076FF03B030BD2B68074A9B690548AF
:108D80009342F5D001462846984703B030BD00BF56
:108D900000D00040ED5EBC0BF98C0200034B1B6859
:108DA0000BB10AF05FBF1846704700BFE4380020DF
:108DB0004FF08053586E704770B4174E174C0FCE5B
:108DC00089B001AD0FC596E8070003C5002104F87E
:108DD000051F4FF080532A705E6E0520012501EBC0
:108DE000810208AB1A44B6FBF0F300FB1363B3FB3C
:108DF000F5F31A44013112F81C2C04F8012D052951
:108E0000A6EB030600EB800005EB8505E7D10348E0
:108E100009B070BC704700BFC4890400D838002076
:108E200000B583B002A8002300F8013DFFF760FF02
:108E30009DF80700A0F10100B0FA80F0400903B0EE
:108E40005DF804FB08B5FFF741FF00BF014B186058
:108E5000704700BFE03800202DE9804889B0DFF876
:108E60007092079013F060FD914A9249924D002351
:108E7000C1F8103509F10404C2F810354846C2F8AB
:108E800014351C21C2F81835C2F81C35C2F820353B
:108E9000C2F82435C2F828354FF0A043032201F56B
:108EA000E071844243F8212009D010F8011F1F29E6
:108EB00086BF01F01F012B464FF0A043EFE77F4B29
:108EC0007D4D1C1D1A464FF0A0411523032003F5CC
:108ED000E073944241F8230009D012F8013F1F2BA0
:108EE00086BF03F01F0329464FF0A041EFE7734808
:108EF000714D15234FF0A041012404FA03F382427F
:108F0000C1F80C3509D010F8013F1F2B86BF03F0C4
:108F10001F0329464FF0A041EFE7694B694A1B68E0
:108F200012680693DFF890A10592002303934FF097
:108F3000010B059B002B00F0AF80039A934240F396
:108F4000A98000230493604B01931B244FF0A04899
:108F500000230293019B03F1040E029B272B6FDC7D
:108F6000039B49F63F42052B49F6404C40F69F7360
:108F7000ACBF4FF47A6C1346019E504F49F6404205
:108F8000654604200441E407CC464FF01C010FD590
:108F90001F2943D84FF0A0440BFA01F1C4F80C1577
:108FA00080B134781CF8011F01380441E407EFD484
:108FB0001F2937D84FF0A0440BFA01F1C4F8081567
:108FC0000028EED15DB139781F2986BF01F01F015D
:108FD00050464FF0A0400BFA01F1C0F808150021EF
:108FE00002E00131914212D09942D8F80405F8D13B
:108FF00038781F2886BF00F01F0054464FF0A04469
:1090000001310BFA00F09142C4F80C05ECD1764521
:1090100007F101070AD016F8014FB2E701F01F016E
:109020005446B9E701F01F015446C5E7029B0133DE
:10903000302B029309D0019B1C78029B272B8FDDDC
:109040004FF0FF334FF0000C96E7049B591C0429A6
:109050002AD0012926D0049B012B14BF01230A2307
:109060001A48079A92FBF3F380FB0320DA17C2EB4E
:10907000A00202EB8202A3EB4203303305225BB273
:109080006FF09F0012FB0303069A0491D11801911F
:10909000D45C5DE7FFF71AFE0B4B0193059B04932D
:1090A0001B2453E76423DBE7039B0133039340E76F
:1090B000046000400060004000030050F08904009C
:1090C00010210020E0380020E88904006766666609
:1090D000F889040008B50846FBF78CFA08BD00BF04
:1090E0004FF0FF30704700BF054B186828B1036888
:1090F000044ADB69934202D1704713F01DBC184744
:10910000E4380020F58C02000048704716FCFFFF91
:1091100010B5074B03F1080248330446026040F8DB
:109120003C3F0CF021FC204601F066FE204610BDBD
:10913000288A0400A0F13C00FFF7EABF094B10B5F4
:1091400003F1080248330446026040F83C3F0CF04B
:109150000BFC204601F050FE20461EF005FD204687
:1091600010BD00BF288A0400A0F13C00FFF7E6BF55
:109170002DE9F041044682B01820154688461EF0BD
:10918000FAFC012607461B220C4913F04FFB2B4625
:10919000424639462046009601F06CFF2A46214699
:1091A00004F13C000CF00AFC054B204603F10802D8
:1091B00048332260E36302B0BDE8F08100B00140B3
:1091C000288A0400F8B54FF400620646426304465C
:1091D00056F8640B03680025DF6931460B23B84756
:1091E000294684F88B5084F8805084F8755084F8B0
:1091F0009050102204F181001DF0ACFD29466064FE
:10920000102204F176001DF0A5FD656B2368E06473
:1092100005F50065E5631A68676C126B18469047A0
:109220002844874203D3E56C636CAB4201D3002032
:10923000F8BD20680368DB6A98478542F7D230465C
:109240000E2203491EF0BFFCB0FA80F04009F8BDC1
:109250008C8A040010B50446C0E901230160042390
:1092600008314FF480720C3008F03CFA00220121E2
:1092700004F124000AF0B2FA04F1980010F08EF91B
:109280000023C4E91433A363236223646363E363A9
:109290006364A365E36484F85C3084F85D3023661E
:1092A000C4F89430204610BD30B5036ADB078DB09A
:1092B000044602D4FFF786FF90B12D2200216846B4
:1092C000FAF74AFB2068616B03686A461D6A0B2344
:1092D000A8472068E16C03686A461D6A0123A84715
:1092E000236A23F0010323620DB030BD38B500F1CD
:1092F0002404054620460AF07BFA2846FFF7D4FFEF
:109300002046BDE838400AF0ABBA00BF10B50446AD
:10931000983010F0A9F8204610BD00BFC1600020B1
:10932000704700BF014B1880704700BF004300200A
:1093300010B5044B036000230446C38009F060FDB0
:10934000204610BDE89E040010B5064B03600023C4
:109350000446C38009F054FD20461EF005FC20465B
:1093600010BD00BFE89E040082B070B50C4684B00A
:1093700005464968206802AC03C4039908AC48104C
:1093800084E80C00CB0745BF2A58029B029CD458A6
:109390000AAB2E1893E803008DE8030008AB0CCB52
:1093A0003046A04704B0BDE8704002B0704700BF2F
:1093B00010B5006A84B0026800230093146AE021AB
:1093C0000DF10F02A04704B010BD00BF2DE9F84316
:1093D000154D05600025044645601F4689469046A8
:1093E000BDF8206009F09CFC10482060C4E9089892
:1093F000A7622A4604F12C0001210AF0EFF9E38864
:10940000256143F480430020002143F0040365619B
:10941000A561C4E91001E563A4F84850A680E38083
:109420002046BDE8F88300BFE89E0400F08A0400EF
:10943000C3885B0700D47047FFF7BABF30B5C38855
:109440005B0783B004460D4601D5FFF7B1FF206AE4
:109450002A6801685388002400940C6A0432E021D1
:10946000A04703B030BD00BF70B50646486AD0F8CB
:109470000C33B0F812435B6884B000F543700D46BE
:109480009847B0FA80F0C4F300244009A04215D0F8
:1094900003A801220C210FF02BFFEB885B071DD4E2
:1094A000286A039A0368002100919C6A04320C2305
:1094B000E021A04740B103A80FF044FF30460FF071
:1094C00011FF304604B070BD03A930460FF032FFE3
:1094D00003A80FF037FF304604B070BD2846FFF7F1
:1094E00067FFDDE770B50C4682B0064668460FF0B0
:1094F000F9FEE38843F00103E380012501200AF02F
:10950000ABFB214601A8FFF7AFFF01A968460FF0AA
:1095100021FF01A80FF016FF009B5A88691CE2B1D9
:109520001A79202A1DD1E2885B79920601D5392B60
:109530001FD0312B11D0022168460FF089FFE3883C
:1095400023F00103E380694630460FF0F3FE6846DE
:109550000FF0F8FE304602B070BD132D0CDC0D4646
:10956000CCE7132AE7D059790E480AF001FBC11C59
:10957000E2E701210D46C1E70122022101A80FF017
:10958000B7FE019B3822202119715A71E38823F01C
:109590000103E38001A930460FF0CCFE01A80FF0D3
:1095A000D1FED4E7A08A0400F0B5164683B00D467C
:1095B0001F4604460FF096FE314601A80FF0BAFE92
:1095C00001A92846FFF73AFF00B92FB901A80FF00B
:1095D000B9FE204603B0F0BD01A80FF0B3FE294646
:1095E00001A8FFF77FFF01A920460FF0B3FE01A8F5
:1095F0000FF0A8FE204603B0F0BD00BF70B582B0EA
:109600001646044601220D46684602210FF070FE00
:1096100020460FF067FE009B10225E711A716946AA
:1096200001A80FF087FE01A92846FFF707FF0646AD
:1096300001A80FF087FE56B9294601A8FFF752FF8F
:1096400001A920460FF086FE01A80FF07BFE6846B8
:109650000FF078FE204602B070BD00BF30B5CB8859
:109660009B0783B00C46054606D5A068A3892860F1
:109670002846AB8003B030BD68460FF033FE0122B0
:1096800001A82146FFF7BAFF01A968460FF062FE64
:1096900001A80FF057FE009BB3F80730A381022208
:1096A00001A82146FFF7AAFF01A968460FF052FE64
:1096B00001A80FF047FE009BB3F807302381022B6F
:1096C00003D1E38843F02003E3800322214601A86D
:1096D000FFF794FF01A968460FF03CFE01A80FF0C8
:1096E00031FE009AA189B2F80720E388628149F629
:1096F0000412914243F0020016BF23F0040343F02A
:10970000060343F00203E080E38068460FF01AFE90
:10971000ABE700BF70B584B006460C4601A8012235
:1097200004210FF0E5FD019A0823012584F00104CE
:109730001221D47111715371957101A90DEB0300C0
:109740000FF0F8FD2B46314602AA03A8FFF72CFFC5
:1097500003A80FF0F7FD02A80FF0F4FD01A80FF029
:10976000F1FD04B070BD00BF70B5012184B00546A5
:10977000FFF7D0FF0021012009F056FB01A80122CC
:1097800004210FF0B5FD019B0822012412260720B9
:1097900001A91E715871DA719C710DEB02000FF076
:1097A000C9FD234602AA294603A8FFF7FDFE03A828
:1097B0000FF0C8FD02A80FF0C5FD0A200AF04CFA10
:1097C000686A032100F5437011F05AFF4FF080439F
:1097D00001A8C3F800450FF0B5FD04B070BD00BF8F
:1097E000C388DB0700D5704730B50446406AD0F81F
:1097F0000C33B0F812535B6883B000F543709847A0
:10980000B0FA80F0C5F300254009A84213D068469D
:109810000FF068FD01A82146FFF726FE01A9684662
:109820000FF098FD01A80FF08DFD009B5A8822B91A
:1098300068460FF087FD03B030BD1A79112AF7D1C1
:109840005A79092AF4D19A79012AF1D1DB79032BCB
:10985000EED12046FFF788FFEAE700BFC38870B566
:1098600013F0010403D0114B00221A6070BD0546AD
:10987000406AD0F80C33B0F812635B6800F54370AF
:109880009847B0FA80F0C6F300264009B042EAD00B
:10989000064A13681D2B02DC0133136070BD284695
:1098A0001460BDE87040FFF79BBF00BFE8380020A0
:1098B000C38819B923F00103C380704743F0010343
:1098C000C380704708B509F073FF003018BF01204E
:1098D00008BD00BF2DE9184804460BF027FFD4E966
:1098E0001023821A61EB0303002B08BFB2F5FA7F45
:1098F00006D3E06B0028CCBF00200120BDE818880B
:109900000020BDE8188800BF2DE9F04F8BB0054658
:1099100099469DF8503004930C46019190460BF007
:1099200015FFAB6A002B00F0008106460F460BF0D6
:109930000DFF82468B467CB1894508BF8045C0F04B
:10994000F280B8EB0A0069EB0B01794A00238B42E5
:1099500008BF824280F0E78028460121FFF7DAFE47
:10996000049B002B0CBF01200220002109F05CFAAF
:1099700008A80BF0BDFFCDE90201A86A426903689F
:10998000D2F848150591D2F804130691D2F80413C1
:10999000DB69C2F80813C2680792664A934240F036
:1099A000BA80654BC360DFF8A4A10023AAF8003099
:1099B000049B002B00F09C80686A032100F5437033
:1099C00011F05EFE5D4B40221A60A86A089A036897
:1099D0000221DB6B9847A86A03689B6A9847DDE918
:1099E0000223B8F10D0049F1FF31921B63EB07032D
:1099F000801B61EB070192185B41801A61EB030148
:109A0000089C002600278046894628E04F4508BF6D
:109A1000464529D2B8EB060269EB07034848002106
:109A2000994208BF904200D20246A86A0368022108
:109A30002244DB6B984730BFA86A03689B6C984749
:109A4000041B3619834647F100070BF07FFEBAF876
:109A500000309BB200213BB1AAF800105C46019B8C
:109A6000002BD3D1364AE0E7686A002100F5437045
:109A700011F006FE0499002933D0A86A03681B6B15
:109A80009847A86A43690268D3F80413D269C3F8F7
:109A9000081328498A4241D1079AC260059AC3F83F
:109AA000482500220023194610460BF031FFAB6A0F
:109AB000049A5B69002A069AC3F804230CBF0320AA
:109AC0000420002109F0B0F900212846FFF722FE0A
:109AD0000BF02CFEC5E91001002318460BB0BDE8C1
:109AE000F08F159B002BC8D0184611F0C9FDC4E7B4
:109AF000159B002B3FF460AF1B6815985B68984777
:109B0000159B1598DB8813F4807F0CBF032102217D
:109B100011F0B6FD50E70849984744E70799904788
:109B2000AB6A5B69BAE7074BD7E7074BD5E700BFDE
:109B30009F8601001D9302002593020000E100E0D2
:109B4000BFBDF0FF09FCFFFF16FCFFFF0043002034
:109B500070B584B004AB0024002563E902450646D5
:109B600018460BF0EDFE002501240146DDE9022335
:109B70003046CDE90045FFF7C7FE04B070BD00BF19
:109B80002DE9F041044682B00E4615461030984645
:109B9000BDF828700FF098F82680658018201DF019
:109BA000EAFF08AB054693E803006A4682E8030033
:109BB0002E4603CA46F80C8B0023084AEB6047F098
:109BC0000207736068602046A780A560E360C4E96F
:109BD0000833A9606A6102B0BDE8F08169930200B0
:109BE00010B5104B1C6890B0CCB10F4A0492002203
:109BF000059204AA034692E8030010228DE80300B0
:109C0000029240F2FF31052206A8FFF7B9FF236850
:109C100006A99B682046984706A809F053FF10B094
:109C200010BD00BF003B00206D9C020038B504460B
:109C3000002009F0C5FD2046FFF7D2FF2046FFF7C0
:109C400087FF054604F12C0009F01EFE284638BDAA
:109C500010B504462C3009F017FE002009F0B0FDC5
:109C60002046BDE81040FFF7BBBF00BF82B08DE8C3
:109C70000C00BDF8002040F2FF339A4201D002B040
:109C80007047BDF80230052BF9D102B0FFF7E0BFF5
:109C90004CDF704710B5044B036000230446C380BB
:109CA00009F0AEF8204610BDE89E040010B5064B42
:109CB000036000230446C38009F0A2F820461DF08B
:109CC00053FF204610BD00BFE89E040070B5094B4D
:109CD00003600025044645600E4609F021F84FF464
:109CE0007A73054A2561E360A680A560226020465C
:109CF00070BD00BFE89E0400148B040010B5C3883B
:109D000043F48043C38086B004460BF00FFDA26885
:109D10000023994208BF904202D2002006B010BD35
:109D200000230193FFF77CF808BB134B01221A6054
:109D3000D3F80021002AFBD00022C3F80021D3F879
:109D40000825019201215960002AB8BF0332921000
:109D500022820BF0EBFCE368A18818440123A06089
:109D60001A4602A80EF090FF002006B010BD01A810
:109D7000FFF78EFF019AE7E700C0004010B50446E8
:109D8000FFF7BCFFB4F91000B4F91230C01A10BDCF
:109D9000FFF7B4BF38B504460D46FFF7AFFFE560E7
:109DA00038BD00BFC0687047002070470368DB6A99
:109DB000184700BFA0F10800FFF7F8BF094B10B526
:109DC00003F10802483304460260836018300FF044
:109DD0004BFB054B236000232046E38009F010F87D
:109DE000204610BD788B0400E89E04000B4B03F165
:109DF0000802483310B504460260836018300FF043
:109E000033FB074B23600023E380204608F0F8FF74
:109E100020461DF0A9FE204610BD00BF788B04002F
:109E2000E89E0400002070472DE9F041104D0560C8
:109E300000254560044617461E468846BDF8185062
:109E400008F06EFF0B48C4F80C8000F108014830A0
:109E5000A060C4E90476216004F118000FF09EFBB5
:109E600040221823A580A262E3802046BDE8F0814D
:109E7000E89E0400788B04002DE9F04F032B85B099
:109E800082460D461746194603A8B8BF0321012292
:109E90009B460FF02DFA4FF014094FF000080121F6
:109EA0006869FFF705FDE8683A6801685388CDF8EE
:109EB00000800C6A0432E421A047064600285ED1E7
:109EC0003B681B790C2B38D1EB8813F0400F14BF83
:109ED0006420142009F042FB2869D0F80C33B0F854
:109EE00012435B6800F543709847B0FA80F0C4F302
:109EF00000244009A04224D0002211464FF0FF3335
:109F000003A80FF04DFAE868039A01685388CDF86A
:109F100000808C6A0432E421A0470646B8B9039A4F
:109F20003968137909798B4230D0E888800619D5D1
:109F3000202B0CD15379392B09D1012009F00EFBCC
:109F4000CAE70136012009F009FB142EC4D1B9F18A
:109F50000109A4D168694946FFF7AAFC50460FF0F1
:109F6000C1F91FE0002BE8D0202BF0D153799942A2
:109F7000E3D0002BE1D0B9F1010990D1EAE701204B
:109F800009F0ECFAB9F1010989D1E3E70146686902
:109F9000FFF78EFC594603A80FF05AFA03A9504662
:109FA0000FF0C8F903A80FF0CDF9504605B0BDE891
:109FB000F08F00BF2DE9F0410D4684B00646486998
:109FC00098461746FFF734FAEB88DB0611D403AC4A
:109FD000394620460FF0AEF9434622462946304620
:109FE000FFF74AFF20460FF0ADF9304604B0BDE858
:109FF000F0810122114601A80FF07AF93A68019B1D
:10A000001279032A0CBF062203221A7101A902A8A1
:10A010000FF090F903210A4809F0AAFD03AC0346AA
:10A0200002AA29462046FFF727FF20460FF08AF9AB
:10A0300002A80FF087F901A80FF084F9C8E700BF64
:10A04000308B0400F0B585B0044616460F46012259
:10A05000082101A81D460FF04BF920460FF042F9E8
:10A0600046F02060019E08F0E1F8AD0070602846DF
:10A0700008F0DCF801A9B06002A80FF05BF905F167
:10A08000080302AA394603A8FFF794FF03A9204654
:10A090000FF060F903A80FF055F902A80FF052F97C
:10A0A00023685B88082B0FD803A80FF01BF903A9BE
:10A0B00020460FF04FF903A80FF044F901A80FF064
:10A0C00041F9204605B0F0BD002220464FF0FF3395
:10A0D00008210FF07FF923685988204608390FF0CE
:10A0E000B7F901A80FF02EF9204605B0F0BD00BF6A
:10A0F00030B583B00C46014601A81D46FFF7A2FF0C
:10A1000001994B885BB12046AA000431F8F792FA16
:10A11000002401A80FF016F9204603B030BD014C11
:10A12000F7E700BF0CFCFFFFA0F10800FFF7E0BF5E
:10A130002DE9F04F804685B068464FEA83090D4609
:10A1400093460FF0CFF8D8F828104945A8BF4946E4
:10A150000831012201A80FF0CBF809EB050A01A88C
:10A160004FF0FF330022FF210FF01AF955453DD281
:10A17000002601E0AA4539D9D8F82830019FA9EB7B
:10A1800006049C4245F03060A8BF1C4608F04EF81B
:10A190007860204608F04AF826F003012246B860AD
:10A1A000594407F10C00F8F745FA04F1080101A839
:10A1B0000FF04EF901A902A80FF0BCF8092302AA7A
:10A1C000414603A8FFF7F6FE03A968460FF0C2F860
:10A1D00003A80FF0B7F802A80FF0B4F8009B5B8853
:10A1E00025442644002BC5D1064C00E0002401A8DC
:10A1F0000FF0A8F868460FF0A5F8204605B0BDE8B6
:10A20000F08F00BF0EFCFFFFA0F10800FFF790BF2A
:10A2100070B5154682B0012204460E4668461146C6
:10A220000FF066F8009B69461D7101A80FF082F8D7
:10A230002946094809F09CFC01AA034631462046FC
:10A24000FFF7B8FE01A80FF07DF868460FF07AF826
:10A25000204602B070BD00BF308B040010B5C3882B
:10A260009B0784B0044609D5636A00209AB262F362
:10A270000F001B0C63F31F4004B010BD01A80FF0CA
:10A2800031F8072202A82146FFF7C2FF02A901A860
:10A290000FF060F802A80FF055F8019B5A88B2B988
:10A2A0000622214602A8FFF7B3FF02A901A80FF07A
:10A2B00051F802A80FF046F8019B5A881AB901A874
:10A2C0000FF040F8D0E75B7984F82630F7E7B3F871
:10A2D000050007F0BDFF0622A084214602A8FFF773
:10A2E00097FF02A901A80FF035F802A80FF02AF88D
:10A2F000019B5A88002AE2D05B79A28C84F8263030
:10A3000002FB03F3B3F5F83F05DD4FF4F83393FB9D
:10A31000F2F284F8262002A86169FFF79FF9BDF8E0
:10A320000830012BE38814D023F0100343F02803F6
:10A330004022E380A262BDF80C2002F5CD427B32C0
:10A3400092B2012A98BF43F0400343F00203E38036
:10A35000B5E7402243F01803E380A262EBE700BFB9
:10A360002DE9F04788B006460D4617460821012220
:10A3700001A80EF0BDFF02A80EF0B4FF03A80EF076
:10A38000B1FF04A80EF0AEFF3046FFF767FFB48CB4
:10A3900096F826300590B90001EB050904FB03F39C
:10A3A000994500F2D680B9FBF4F7B5FBF4F304FB52
:10A3B00007F7B9EB070204FB03FA08BF3F1B55453B
:10A3C00000F0C180A21A04FB1353B2FBF4F104FBAA
:10A3D0001124002B40F08F80002C7DD1F3881B07C7
:10A3E0003ED5BA455ED8544607AD03E0B38C1C4455
:10A3F000BC4257D844F04060DDF8048007F016FFF7
:10A40000C8F80400204607F011FF01A9C8F80800A9
:10A4100006A80EF08FFF012306AA31462846FFF753
:10A42000C9FD294602A80EF095FF28460EF08AFFC6
:10A4300006A80EF087FF029B5B88002BD6D1464C06
:10A4400004A80EF07FFF03A80EF07CFF02A80EF018
:10A4500079FF01A80EF076FF204608B0BDE8F0872E
:10A460004AF04060019C07F0E1FE6060384607F06A
:10A47000DDFE01A9A06006A80EF05CFF012306AA7C
:10A4800007A83146FFF796FD07A902A80EF062FF64
:10A4900007A80EF057FF06A80EF054FF029B5B883A
:10A4A000002BCCD0039B5B88002B36D1049B5C88AF
:10A4B000002CC5D004A907A80EF03CFF079A31680C
:10A4C00053880C6A9B08494604323046A04707A8C7
:10A4D0000EF038FF0024B3E707ADA30828464A462C
:10A4E0003146FFF7AFFD294604A80EF033FF28469A
:10A4F0000EF028FF72E707AD9B082846524631460A
:10A50000FFF7A0FD294603A80EF024FF28460EF011
:10A5100019FF002C3FF462AFDEE703A907A80EF095
:10A5200009FF079A316853880C6A9B085146043228
:10A530003046A04707A80EF005FF049B5C88002C5E
:10A540003FF47EAFB6E7601B384488427FF43AAFF1
:10A5500044E76FF47A7473E70EFCFFFF30B50446EE
:10A5600083B00D46FFF77AFEA28C2946920820465A
:10A5700003B0BDE83040FFF7F3BE00BFA0F1080014
:10A58000FFF7ECBF10B5044682B0FFF767FEA38C5F
:10A5900094F8260000FB03F002B010BDA0F1080003
:10A5A000FFF7F0BF10B5044682B0FFF757FEA08C4E
:10A5B00002B010BDA0F10800FFF7F4BF0246002072
:10A5C000D3680133D36070470B6881601B6808460D
:10A5D000184700BF8068003018BF0120704700BFD7
:10A5E000D0F81408704700BFCB1E012B05D94B1EB5
:10A5F000012B02D96FF47A7070474B1C03EBD373B5
:10A600005B10C0F81418C0F818380020704700BF5D
:10A6100000F501600068704710B5044B044640F82F
:10A62000083B0EF08FFE204610BD00BFE48B0400F7
:10A6300010B5054B044640F8083B0EF083FE20465B
:10A640001DF092FA204610BDE48B0400F0B4214CBA
:10A6500004600226032400F61C05C0F81448C0F864
:10A66000186800244FF07E56C0E901442E6000F6C1
:10A6700024054FF0000CC0F820480127C5F800C0A1
:10A6800000F503660024002580F82878C6E9004517
:10A69000DE1E00F63807012EC7E9004510D95C1E02
:10A6A000012C0DD992B207EE902A00F50162F8EE66
:10A6B000677A00F60C031160F0BCC3ED007A7047B6
:10A6C0005C1C04EBD4746410C0F81438C0F818484B
:10A6D000E8E700BFF88B0400F8B5104B104E114F9F
:10A6E000036005466C68A4B16068E26B03686A6049
:10A6F000DB68984723689B68B34220460BD140F83B
:10A70000087B0EF01FFE20461DF02EFA6C68002C10
:10A71000EAD12846F8BD9847E4E700BFF88B04006B
:10A7200031A60200E48B040038B54B684FF07E522E
:10A730000A631A6805460C461846126905F5016554
:10A74000904795ED006A9FED117AD4ED067AD4ED2D
:10A75000075A6063C7EE276A431C03EBD37320F0EC
:10A7600002005B100128A36385EE867AC4ED096AB6
:10A7700084ED0A7A02D00023236238BDBEEE007A4F
:10A7800067EE877AC4ED087A38BD00BF00C07F4409
:10A790002DE9F04F2DED048B8DB00C460291059004
:10A7A0000AF0D4FF6468CDE90601002C00F097811F
:10A7B000029B4FF40072D3F8183892FBF3F2029B1D
:10A7C000002A03F10C03049306DD002103EB82024F
:10A7D00043F8041B9A42FBD1CC4EDFEDCD8A012514
:10A7E000A346DBF83470DBF83C30039347B9594695
:10A7F0000298FFF799FFDBF83470002F00F0A1807A
:10A80000029BDBED0A7AD3F818284FF4007AF5EEB4
:10A81000407A9AFBF2FA0AF1030A03EB8A02F1EE9C
:10A8200010FA019209D103F5016292ED007ADBED95
:10A83000076AC6EE877ACBED0A7A019B1946049B1C
:10A8400099427ED99946DBF80820DBF838305288E7
:10A8500092FBF3F207EE102ADBED0B7ADBED0A6ACE
:10A86000019AB8EEC77AA2EB090437EE677AA41012
:10A8700087EE268ABDEEC88A18EE108AA045A8BFCA
:10A88000A046B8F1000F34D04546CA4607EE103A4C
:10A8900001E09BED0E7ADBF8102056F82730B8EE79
:10A8A000C77A67EE277AFDEEE77A17EE900A104432
:10A8B000984706EE900ADBED087A9BED097A9AED4F
:10A8C000006ADBED0C5AF8EEE66A013D76EEA77AF7
:10A8D00067EE877AA5EEA76AAAEC016A9BED0B7A70
:10A8E000DBED0A7A77EE277ACBED0B7AD1D109EB43
:10A8F000880918EE103A9C4220DDDBF80C3003B3D7
:10A90000DBF804100A68013BCBF80C3008A8136888
:10A91000984708A90BF108000EF01CFD08A80EF0DE
:10A9200011FDDBF80820CBED0B8A131DCBF810309E
:10A9300051880B44CBF81430538813B1019B9945CF
:10A9400081D3DDF80CB0BBF1000F7FF44AAF029B5E
:10A950002C46184693F82818002D40F0848079B1D1
:10A96000029BDDE9060103F6380283F82848C2E9B4
:10A9700000010123022240F6D63108A80EF084F926
:10A9800001224FF4007108A80EF0B2FC0299089C55
:10A990009FED607A01F60C0201F61C0392ED008A2D
:10A9A000D3ED007AD1F814386288D1F8181892FBE8
:10A9B000F1F268EE277A032B04F10404C7EE879ABC
:10A9C00000F08480012BF6EE008A28EE289A00F031
:10A9D000978068EE688AB0EE498A9FED4F9A551EBF
:10A9E0007AB3B8EEC99A4D4E049FDDF8088001E0B5
:10A9F000D8F81438F7EC017AD8F8202856F8233024
:10AA0000B0EE497AA7EEA97A2046013DB4EE687A05
:10AA1000F1EE10FAF0EE477A48BFF0EE687AF4EE05
:10AA2000487AF1EE10FAC8BFF0EE487AFDEEE77A08
:10AA300017EE901A11439847D8F818381C446B1C2D
:10AA4000D6D1029B986803681B68984708A90598A7
:10AA50000EF070FC08A80EF075FC05980DB0BDEC6A
:10AA6000048BBDE8F08F03F62403D3ED007AF5EEF6
:10AA7000407AF1EE10FA0ED04FF40072D0F8183888
:10AA800092FBF3F2002A06DD049B03EB8202E3EC67
:10AA9000017A9A42FBD100297FF472AF0299DDE975
:10AAA00006450846012301F5036280F8283801F6BF
:10AAB0003801C2E9004500240025C1E900451A46D5
:10AAC00040F6D63108A80EF0DFF859E7B6EE009A46
:10AAD00028EE099ADFED0E8ABDEEC99A7FE7029B48
:10AAE000986803681B68984701224FF40071059825
:10AAF0000EF0FEFB05980DB0BDEC048BBDE8F08FA9
:10AB0000BDEEC99ADFED028A69E700BFC8200020C8
:10AB10000000000000C07F4400000000EC20002086
:10AB200070B505462DED028B402008EE902A0E46AA
:10AB300008EE103A1DF01FF8402204460021F8F7F5
:10AB40000BFF2046154B40F8083B0EF0CBFBF5EE13
:10AB5000408AF1EE10FA04BF05F50163D3ED008AD7
:10AB60006660B8EEC88A002300222146284684ED9C
:10AB7000068AC4ED078AE262C4E903336361FFF722
:10AB8000D3FD33686A685B68E26330466C602146D7
:10AB90009847BDEC028B204670BD00BFE48B0400DB
:10ABA000B1F5806F0DD207EE901ADFED076AF8EE6F
:10ABB000E77A00F61C0387EEA67A002083ED007A80
:10ABC00070476FF47A70704700C07F4400F61C0035
:10ABD000D0ED007A9FED047A67EE877AFDEEE77A92
:10ABE00017EE900A704700BF00C07F4407EE901A2E
:10ABF000F8EE677A00F60C00C0ED007A002070478E
:10AC0000C0F820180020704707EE901AF5EEC07AC1
:10AC1000F1EE10FA10D49FED0A7AF4EEC77AF1EE55
:10AC200010FA09DC9FED077A77EEC77A00F6240068
:10AC3000C0ED007A002070476FF47A70704700BF53
:10AC4000000080440000004400F50360D0E90001EA
:10AC5000704700BF00F63800D0E90001704700BF20
:10AC600029DF704728DF704712DF7047022802D1C2
:10AC7000014B01221A7070471243002000207047D8
:10AC8000C0687047D0E9023000FB03F0704700BF96
:10AC900010B54468084611199A00F7F7CBFC00205C
:10ACA00010BD00BF2DE9F04182B002AD4FF00008A9
:10ACB00005F8018D446828461E460C441546FFF7EA
:10ACC000D3FF9DF80730A3B11C4F87F8008002E046
:10ACD0000A200AF007FE324629462046FFF7C0FF49
:10ACE0000028F5D13B78002BFCD0002002B0BDE855
:10ACF000F081134A0123C2F80435D2F80034002B46
:10AD0000FBD076B129460E4A05EB8605641A631816
:10AD100051F8040B1860D2F80034002BFBD0A94284
:10AD2000F5D1074A0023C2F80435D2F80034002BCD
:10AD3000FBD0002002B0BDE8F08100BF124300202C
:10AD400000E0014002680549D2688A4204D1D0E996
:10AD5000022000FB02F07047104700BF85AC0200E4
:10AD600070B582B002AB002203F8012D446805469D
:10AD700018460C44FFF778FF9DF8073093B1164E44
:10AD8000327002E00A200AF0ADFDE868B4FBF0F092
:10AD9000FFF768FF0028F5D13378002BFCD00020A6
:10ADA00002B070BD0D4A0223C2F80435D2F8003457
:10ADB000002BFBD00949C2F80845D1F80034002B1C
:10ADC000FBD00023054AC1F80435D2F80034002B2B
:10ADD000FBD0002002B070BD1243002000E0014013
:10ADE00030B4034D0560C0E90112C36030BC704748
:10ADF000208C0400704700BF10B5C388044A02606D
:10AE000023F400530446C38009F0DEFA204610BD47
:10AE1000448C040010B5C388064A026023F4005332
:10AE20000446C38009F0D0FA20461CF09DFE20465F
:10AE300010BD00BF448C0400F8B5C37D03B9F8BD54
:10AE40000446006A0368DB6A9847206A03681B6B44
:10AE50009847E369DA68002A1FDD6FF02F051A4F63
:10AE60002D1B04F13002002612F9013B03F5A273F9
:10AE7000A81847F82360E369D9688142F4DC002907
:10AE80000BDD00255B6953F8250003685B68984774
:10AE9000E369DA680135AA42F4DC9A68002A0BDD1E
:10AEA00000251B6953F8250003685B689847E36930
:10AEB0009A680135AA42F4DCE388002223F00203F9
:10AEC000E380E275F8BD00BF0060004008B50346AE
:10AED00049B9094A12780AB9002008BD1B68DB6A23
:10AEE0009847002008BD02680349C37D0B70136BAF
:10AEF0009847002008BD00BF134300202DE9F84FFC
:10AF0000C37DD0F81CB004460F4613B1C388DB07DD
:10AF100048D5DBF80C30002B40DD0123DFF8D8905A
:10AF2000DFF8D880314EDFF8D8E09C4604F13005D8
:10AF300004F1350100209A1C2B700A70DBF81420F4
:10AF40001258127D03F5A27A49EA022248F82A2013
:10AF5000226A11F901AB526900F5A27B0AF1A20A3B
:10AF60005A4446F83A2011F9012C15F901ABA232E6
:10AF700006EBC2020EEB8A0AC2F804A011F9012CFA
:10AF80000CFA02F2C6F80425D4F81CB0DBF80C2049
:10AF90009A4200F1040003F10103CCDCE38823F0C2
:10AFA0000103E3809BF80830217B114D206ABA1E13
:10AFB000012A9CBF0133DBB26375C3EB03139B0013
:10AFC0000C4A92FBF3F202FB01F1A5FB0131C90B24
:10AFD000C4E9092103680021DB6B9847236A5B6998
:10AFE0000122DA60A775BDE8F88F00BF00F00140CC
:10AFF000818080800024F400030001000060004094
:10B000003060004038B50546817DFFF777FFEB697A
:10B010009A68002A0CDD00241B6953F82400036899
:10B0200000219B689847EB699A680134A242F3DCDF
:10B03000DA68002A0CDD00245B6953F824000368F9
:10B0400000219B689847EB69DA680134A242F3DC7F
:10B05000286A03685B6A9847286A03689B6A98476E
:10B060000123EB7538BD00BFC37D03B17047FFF707
:10B07000C9BF00BFF8B5154604460E465268296898
:10B080009DF8187009F0CCF90021124BE561266299
:10B09000A77523602176E1752175E162EB680E4AA0
:10B0A000052B146001DD2046F8BD336830469B6BEC
:10B0B0009847206A03684FF47A51DB6C9847236AFB
:10B0C000064ADA60E37D002BEDD12046FFF79AFFB8
:10B0D0002046F8BD448C0400EC38002005B3020083
:10B0E000807D70472DE9F047C269037D916805694D
:10B0F0008B42044680F28F80126952F82300036865
:10B1000000211B689847236A5B6901225A60237DEE
:10B11000607DE169134493FBF0F200FB1233D8B277
:10B1200020758A68934280F28B80CE688A69002EEF
:10B1300002EB430238DD06350023267E1078218994
:10B140005778032E03D8DFE806F002463F4C07FB92
:10B150000151085CA17D266A11F0FD0F776903F1AA
:10B16000010302D1002843D0FF20A16A03F5A8768D
:10B1700001FB00F147F8261000293DD0E11891F9B4
:10B180002F10890001F1804101F5C041D1F810056F
:10B1900020F48010C1F81005E169D1E902609842FD
:10B1A00002EB4602C9DC207D0B6953F820000368DE
:10B1B00001211B689847236A5A690123D360226AD8
:10B1C00052691360BDE8F0876689F71BC04301FB35
:10B1D0000751085CBEE700FB01116818F943405CA9
:10B1E000B8E76689013E301A01FB0051C85DB1E73E
:10B1F00003F5A87147F82100E11891F92F10890093
:10B2000001F1804101F5C041D1F8100540F48010F2
:10B21000C1F81005C0E7D0E908315B69C288D3F8EE
:10B220004435890042F00302C3EB0323B3FBF1F37F
:10B23000C3F1FF03C362C280817DFFF75FFE62E757
:10B24000D4E9080203689200DB6B00219847E369A8
:10B25000DA68002A26DD4FF000086FF02F05274F2F
:10B2600046462D1B04F1300919F9013B03F5A27381
:10B2700005EB090A47F82360D4E908230AF5A87109
:10B2800052699B0042F82130E3695B6953F808007A
:10B29000036801211B689847E369DA68524508F1A1
:10B2A0000408E1DC1B691868036800211B689847E3
:10B2B000E36994F930101B6910481B68104A1B7D24
:10B2C00001F5A2711B0243F0011340F8213094F9FB
:10B2D000303094F935109B00A23103F1804303F51F
:10B2E000C24342F8313094F93510236AA2315B69C8
:10B2F00002EBC102443353605DE700BF00600040D1
:10B3000000F00140024B186808B1FFF7EBBE704730
:10B31000EC38002010300DF04FBD00BF10B5837D1C
:10B3200004469BB1012B04D0E3889B0709D5E06A52
:10B3300010BD03212046FFF7E1FDE38823F002035F
:10B34000E380192008F00AF9E06A10BD0221FFF736
:10B35000D5FDE288A37D22F00202E280E2E700BF91
:10B3600010B5044609F014F840B9217B636A044A19
:10B3700003FB01F3A2FB0323DB0BA36210BD00BFA1
:10B3800081808080C1607047C068003018BF012094
:10B39000704700BF03207047806B07EE900AF8EEFD
:10B3A000E77A17EE900A70470F4B03F10802383323
:10B3B00010B50446C0E900232C300DF0C3FF04F1A2
:10B3C00028000DF0BFFF04F124000DF0BBFF04F1D5
:10B3D00020000DF0B7FF054B63600023201D638143
:10B3E00007F00EFD204610BD7C8C0400E89E040092
:10B3F000A0F10400FFF7D8BF10B50446FFF7D4FF53
:10B4000020461CF0B1FB204610BD00BFA0F1040097
:10B41000FFF7F2BFF0B5274B0446274821810025EE
:10B4200083B0C4E900036581201D174607F078FC4E
:10B43000224B2360303363602A4604F1100001215F
:10B4400008F0CCF904F1240601224FF4007104F154
:10B4500020000DF04DFF30460DF044FF04F12800B0
:10B460000DF040FF294604F12C0001220DF040FFB1
:10B4700000234FF40071E36501226164E560C4E9D3
:10B480000C55A56401A80DF033FF01A930460DF05D
:10B4900061FF01A80DF056FF094AE263AF424FF089
:10B4A00000032046C4E91555C8BFA763A4F840307F
:10B4B00003B0F0BDE89E040008A30400848C0400DF
:10B4C00000C07F44036B1BB1438943F004034381F5
:10B4D000704700BF43895B0770B50446056B5FD4B6
:10B4E000A16A2B46081D002B66D0503323634A887F
:10B4F000024493421DD3D1ED037A2063F5EEC07A66
:10B50000F1EE10FA0EDB0026AD1B18BF01252663F5
:10B5100004F12C0104F128000DF01CFFC4E91566AC
:10B52000284670BD04F1100008F0BEF90028EADCDE
:10B53000236B93ED027ADFED227A19685A6822654F
:10B54000B5EEC07AF1EE10FA48BFB1EE477AC7EE19
:10B55000276A0020E164A06503F13C0504F1600165
:10B56000D4ED0E7AF8EEE77A67EEA67AFDEEE77A8A
:10B57000F8EEE76AC4ED157ADA699861012AB8BF76
:10B58000012207EE902AB8EEE77ADA61C6EE877AF2
:10B5900014339D42E1EC017AEED10025284670BDBE
:10B5A0000023036300F12C0128300DF0D3FEA16AC3
:10B5B000236B081D002B98D12063034697E700BF3B
:10B5C00000007A4438B50D460446FDF747F92B686C
:10B5D0005B884F2B1AD904F1100008F009F92946AD
:10B5E00004F128000DF0B6FE2046FFF773FF6389D3
:10B5F00013F0010501D0002038BDE068026843F077
:10B600000103638113689847284638BD6FF47A7048
:10B6100038BD00BF2DE9F04F2DED068B8846D1E9EE
:10B62000151C8DB008F120039FEDB78ADFEDB7AA96
:10B630009FEDB7AA02900493002762468A4231D058
:10B64000B8F80A3013F004032CD107938A423FDB89
:10B65000B8F80A309B0740F11D81079B002BEDD005
:10B66000002F00F04581D8ED0F7AB8F84020B6EEF3
:10B67000007A67EE877A4F45FCEEE77A17EE903A4C
:10B6800043EA02039BB203D227F8023B4F45FBD3A8
:10B69000049902980DF04EFE02980DB0BDEC068B99
:10B6A000BDE8F08F4046FFF715FFD8F85410B8F802
:10B6B0000A30002940F08C80002840F08D805A0725
:10B6C00000F18C80D8F8582001238A420793BFDA12
:10B6D000002F00F0E28008AB019308F160030393B0
:10B6E00008F16C0BD8ED136A98ED0E7AD8ED0F8A3D
:10B6F000D8ED147AD8F83030039C019D66EE886A44
:10B70000B8EEC77A68EEA78A86EE879A68EEAA8AAC
:10B71000F0EE4A9AE8EECA9A9E69D869F4EC017A8A
:10B7200007EE106AB8EEC77A013867EE277A8642CC
:10B73000FDEEE77A03F11403E5EC017A08BF45F862
:10B74000041CA345E8D1DDE908540A9BAC42A8BF1C
:10B750002C469C42A8BF1C4613469C4255DD4F45D3
:10B7600096D0D8ED177AD8F83030FDEEE77AD3E9E5
:10B77000032017EE901A904707EE900AB8EE677A0A
:10B78000F0EE696AE8EE876AD8F85820B8F84010F9
:10B79000D8ED177ABCEEE67A79EE277A17EE100A22
:10B7A000F4EEC87A531C0843F1EE10FA27F8020BA6
:10B7B0001A46C8ED177AC8F85830CEDD77EEC87A49
:10B7C000F4EEC87AF1EE10FAF8DCC8ED177AC4E7A7
:10B7D00013F0040271D008B1C8F8347023F00402E9
:10B7E000A8F80A2001230522B8F80810C8F8482054
:10B7F00008A81A460DF048FA08F1100008F030F8D1
:10B8000001230793D8E9151220E7AB424FF000045B
:10B81000BA46CDF8149008D0651C032D2C4630D0C4
:10B82000019951F82550AB42F6D14FEA840909EB52
:10B830000406D8F83070B10007EB010EDEE906C649
:10B84000651C0691B44505EB850107EB8101404677
:10B85000E3DADEF81460002E48D0B047D8F8307034
:10B86000069BD8F858203B441E461346D6F818C00D
:10B870004C4407EB84070CF10101032DB9612C4600
:10B88000CED1D8F85410DDF81490994257463FF7BE
:10B8900029AFE2E6002F7FF4E0AED8F8347087B12C
:10B8A000D8F820300024181DC8F834405B888A423C
:10B8B00000EB0309FFF60FAFCFE60792D8F8582048
:10B8C000C4E608AC0122D8F8441020460DF010FD63
:10B8D000214604980DF03EFD20460DF033FDD8F8CA
:10B8E00020301F1DD8E915123846DFE7651CBFE779
:10B8F00008A80DF0F7FC08A904980DF02BFD08A886
:10B900000DF020FDC4E600BF000080440000803A36
:10B9100000000044F0B50C4601F1240685B0314624
:10B9200007460DF007FD636B6D4633B1284621468F
:10B93000FFF770FE28460DF005FD0023636304F158
:10B94000200130460DF006FD21462846FFF762FE35
:10B9500028460DF0F7FCE06803681B689847A36C65
:10B96000002B02DD013BA36413B1384605B0F0BDE6
:10B9700021892846012302220DF086F9384605B0B8
:10B98000F0BD00BF438919B923F00203438170471A
:10B9900043F002034381704701607047704700BF66
:10B9A000002928DD0378303B092B26D870B40446E3
:10B9B000642600204FF47A754A1E032A05D8DFE872
:10B9C00002F01315100205FB03000129114606D0F1
:10B9D00014F8013F303B092BEED94FF0FF3070BC1B
:10B9E000704706FB0300F0E71844EEE703EB830320
:10B9F00000EB4300E9E7002070474FF0FF3070474D
:10BA00000068FFF75FBD00BF38B5041E0CDB0029DE
:10BA10000ADB480001300D4607F0B4F8641B2044EF
:10BA20000028B8BF404238BD4FF0FF3038BD00BFDE
:10BA30002DE9F04F87B00C46084601210592FFF72B
:10BA4000AFFF04210390601CFFF7AAFF0421074603
:10BA5000601DFFF7A5FF0421064604F10900FFF76A
:10BA60009FFF0221824604F10D00FFF799FF042198
:10BA7000029004F11200FFF793FF0421814604F1C4
:10BA80001A00FFF78DFF0421804604F11E00FFF726
:10BA900087FF0221049004F12200FFF781FF0421B7
:10BAA000019004F12400FFF77BFF0421834604F199
:10BAB0002800FFF775FF0421054604F12C00FFF76D
:10BAC0006FFF01463046FFF79FFF0421064604F151
:10BAD0003000FFF765FF01464846FFF795FF042158
:10BAE000814604F13400FFF75BFF01463846FFF75B
:10BAF0008BFF0421074604F13800FFF751FF014690
:10BB00004046FFF781FF0421804604F13C00FFF727
:10BB100047FF01465046FFF777FF0421824604F1B4
:10BB20004000FFF73DFF01465846FFF76DFF042137
:10BB3000834604F14400FFF733FF01462846FFF730
:10BB400063FF711C18D0B9F1FF3F15D07A1C13D0D8
:10BB5000B8F1FF3F10D0BAF1FF3F0DD0BBF1FF3F6E
:10BB60000AD0431C08D0039B059A042B0AD8DFE8AF
:10BB700003F07A7774710700002007B0BDE8F08FFA
:10BB80006E4BD36007EE906A07EE10AA049BD36158
:10BB9000F8EEE77AF8EEC76A029BC2ED007AC2EDD2
:10BBA000026A122B13D8DFE803F07A7D0A12128F93
:10BBB0008612776A776A776A776A776A610007EE32
:10BBC000909AF8EEE77A5E4BC2ED087A536140F244
:10BBD000FF339F42A8BF1F469845A8BF984627EA53
:10BBE000E77728EAE87807EE907A07EE108AF8EE11
:10BBF000E77A9FED546ADFED544A544B9362B8EEF6
:10BC0000C77A87EE865A24231363019B022BC7EE63
:10BC1000065A86EEA47A07EE900AF8EEE77A82EDED
:10BC2000015AC2ED0D5A67EE277A78D0032B03D064
:10BC3000012B66D00120A0E707EE10BAFDEEE77AEF
:10BC4000B8EEC77A424BC2ED117A82ED127AD36315
:10BC5000012092E73F4BD36094E73F4BD36091E7DD
:10BC60003E4BD3608EE73E4BD3608BE707EE909A56
:10BC7000F8EEE77A3B4BC2ED087A5361A7E73A4BFF
:10BC80005361029B083B092BA1D8DFE803F036364D
:10BC900032322E2E2A2A2626344B5361F1E7344BBA
:10BCA000536194E707EE909AF8EEE77A314BC2EDD4
:10BCB000087A53618BE707EE909AF8EEE77A2E4BFD
:10BCC000C2ED087A536182E707EE909AF8EEE77AC0
:10BCD0002A4BC2ED087A536179E7294B1B6813623E
:10BCE00075E7284B1B68136271E7274B1B681362CB
:10BCF0006DE7264B1B68136269E7254B1B681362CF
:10BD000065E707EE10BAFDEEE77AB8EEC77A214B89
:10BD1000C2ED117A019882ED127AD3632DE707EE16
:10BD200010BAFDEEE77AB8EEC77A1B4BC2ED117A76
:10BD300082ED127AD36301201FE700BFFD8A030062
:10BD400099C7020000C07F4400401C46BDC90200E4
:10BD5000E5C70200198B0300CD8A0300F98A0300AE
:10BD6000E18A0300D1C5010015C90200B9C802006B
:10BD700069C702006DC702007DC8020041C8020009
:10BD80006420002060200020542000205C2000203F
:10BD90005820002075C9020099C9020038B50C4628
:10BDA0000546364920460DF00FFC002837D13449AE
:10BDB00020460DF009FC60BB324920460DF004FC22
:10BDC00098BB314920460DF0FFFBA0BB2F49204610
:10BDD0000DF0FAFBA0BB2E4920460DF0F5FBA0BBF1
:10BDE0002C4920460DF0F0FBA0BB2B4920460DF05E
:10BDF000EBFBA0BB294920460DF0E6FBA0BB284980
:10BE000020460DF0E1FBA0BB214628460DF0BEFB0D
:10BE100003E0244928460DF0B9FB284638BD2249E5
:10BE200028460DF0B3FB284638BD204928460DF0C2
:10BE3000ADFB284638BD1E4928460DF0A7FBECE7B0
:10BE40001C4928460DF0A2FBE7E71B4928460DF0E8
:10BE50009DFBE2E7194928460DF098FBDDE71849FC
:10BE600028460DF093FBD8E7164928460DF08EFBC7
:10BE7000D3E7154928460DF089FBCEE71C39002091
:10BE80001039002014390020F4380020083900202F
:10BE90001839002028390020203900202C390020B2
:10BEA0000C39002034390020F038002038390020C7
:10BEB00004390020243900203C390020FC380020BF
:10BEC000F838002000390020303900202DE9F041F9
:10BED00082B0064668460C460DF058FB694601A83C
:10BEE000FFF75CFF01A920460DF05EFB01A80DF0F5
:10BEF000BBFA68460DF0B8FA2568274BB5F9022061
:10BF0000541CA3FB0413E41A03EB5404A40904EB2C
:10BF1000C40304EBC303013B9A4202D002B0BDE864
:10BF2000F08104EB84073F013946012268460DF099
:10BF3000DFF9009B0433F4B12C1D1F44C4F1490800
:10BF400001E049342B461A462146304603F150059C
:10BF5000FFF76EFD08EB040338B1BD420BD0002B98
:10BF6000EFDD94F848302C2BEBD068460DF0EAF961
:10BF700002B0BDE8F0813468694601A80DF0DAF935
:10BF800001A92046FFF71EFB01A80DF0DBF968466A
:10BF90000DF0D8F9C2E700BF3970E0C030B50368D2
:10BFA00083B004460D461889114607F04BF929461F
:10BFB00001A80DF0EBFA01A92046FFF787FF01A8C1
:10BFC0000DF052FA07F0C0FA03B030BDF8B5664F75
:10BFD000664D674C674E684938460DF079FA2A4637
:10BFE000214638461BF0C2FD644F654930460DF0CE
:10BFF0006FFA2A46214630461BF0B8FD614E624971
:10C0000038460DF065FA2A46214638461BF0AEFD4B
:10C010005E4F5F4930460DF05BFA2A4621463046B6
:10C020001BF0A4FD5B4E5C4938460DF051FA2A46E0
:10C03000214638461BF09AFD584F594930460DF0BD
:10C0400047FA2A46214630461BF090FD554E564988
:10C0500038460DF03DFA2A46214638461BF086FD4B
:10C06000524F534930460DF033FA2A4621463046A6
:10C070001BF07CFD4F4E504938460DF029FA2A46F8
:10C08000214638461BF072FD4C4F4D4930460DF0AD
:10C090001FFA2A46214630461BF068FD494E4A49A0
:10C0A00038460DF015FA2A46214638461BF05EFD4B
:10C0B000464F474930460DF00BFA2A462146304696
:10C0C0001BF054FD434E444938460DF001FA2A4610
:10C0D000214638461BF04AFD404F414930460DF09D
:10C0E000F7F92A46214630461BF040FD3D4E3E49B9
:10C0F00038460DF0EDF92A46214638461BF036FD4C
:10C100003A4F3B4930460DF0E3F92A462146304686
:10C110001BF02CFD374E384938460DF0D9F92A4628
:10C12000214638461BF022FD344F354930460DF08C
:10C13000CFF92A46214630461BF018FD314E3249D0
:10C1400038460DF0C5F92A46214638461BF00EFD4B
:10C1500030462E490DF0BCF92A4621463046BDE84E
:10C16000F8401BF003BD00BF1C3900204020002018
:10C1700069940300F0380020D08C040010390020AE
:10C18000D88C040034390020488E04001439002073
:10C19000508E0400383900202C8F0400F438002021
:10C1A000348F040004390020109004000839002066
:10C1B0001C90040024390020B0900400183900209D
:10C1C000B49004003C390020489104002839002034
:10C1D00050910400FC380020E49104002039002034
:10C1E000EC910400F8380020809204002C390020E3
:10C1F00088920400003900201C9304000C390020B0
:10C2000024930400303900207093040078930400D4
:10C210006FF47D70704700BF6FF47D70704700BF92
:10C2200010B5036804465B6C9847236820465B683A
:10C23000BDE81040184700BF6FF47D70704700BF25
:10C240006FF47D70704700BF6FF47D70704700BF62
:10C25000C08800F00500003018BF0120704700BF03
:10C26000C08800F00A00003018BF0120704700BFEE
:10C27000C08810F0030018BF01207047C08800F08C
:10C280000C00003018BF0120704700BFC088C0F309
:10C29000802070476FF47D70704700BF6FF47D7031
:10C2A000704700BF03684FF47A729B6B02FB01F189
:10C2B000184700BF6FF47D70704700BF6FF47D704A
:10C2C000704700BF08B50368DB6B9847024BA3FBC0
:10C2D0000030800908BD00BFD34D62106FF47D703F
:10C2E000704700BF6FF47D70704700BF0161002090
:10C2F000704700BF6FF47D70704700BF6FF47D70B2
:10C30000704700BF38B503689B6904460D469847DF
:10C3100078B1236820465B689847B5FA85F35B09D6
:10C32000984206D1236829461B682046984700207A
:10C3300038BD014838BD00BF12FCFFFF0A717047CD
:10C34000704700BF704700BF406B704703684FF4F1
:10C350007A729B6B02FB01F1184700BF006B7047BC
:10C3600001207047806A003018BF0120704700BF6D
:10C37000A0F12000FFF7F6BF10B504461BF0F4FB58
:10C38000204610BD2DE91848C38B026D990704465D
:10C3900007D56AB1BDE8188823F002039BB2E38396
:10C3A000226D002AC4BF43F00203E383BDE818886E
:10C3B00009F0BCF9236CB0EB030B61F1000CBCF18C
:10C3C000000F08BFBBF1650FE38BE5D29A07E1D4FC
:10C3D000E6E700BFA0F11800FFF7D4BF0B4B10B584
:10C3E00003F1080103F18C02B0330446016082615D
:10C3F00003622C300CF0A6FF054BA361002304F16F
:10C400001800E38306F0FCFC204610BD5C95040098
:10C41000E89E040038B50C4B03F1080103F18C02CF
:10C42000B033044640F8181C0260836014300CF0EE
:10C4300089FF064B236000232046E380A4F1180502
:10C4400006F0DEFC284638BD5C950400E89E04003A
:10C4500002680849D26B8A4208B505D1006B064BC9
:10C46000A3FB0030800908BD9047034BA3FB0030BD
:10C47000800908BD5DC30200D34D621001207047E2
:10C4800038B50E4B03F1080103F18C02B0330446BA
:10C4900040F8181C0260836014300CF053FF084B06
:10C4A00023600023E380A4F11805204606F0A8FCD1
:10C4B00028461BF059FB284638BD00BF5C95040098
:10C4C000E89E04000D4B03F1080103F18C02B03328
:10C4D00010B504460160826103622C300CF032FF1B
:10C4E000074BA3610023E38304F1180006F088FCE6
:10C4F00020461BF039FB204610BD00BF5C950400B0
:10C50000E89E040070B504461A4D02811A4B25605E
:10C51000022200254FF48070E0802271A36104F1B3
:10C5200018002575C4E90355E5610E4606F0F8FBD1
:10C53000124B666203F1080103F18C02B0332160F3
:10C54000A261236204F12C0001224FF400710CF06F
:10C55000CFFEE38BE26A25630021043243F480437B
:10C5600080206063A56225642565A264E164E3839D
:10C57000204670BDF0940400E89E04005C95040021
:10C5800010B4C26A131D548800293AD01919274CD7
:10C59000826B836CA4FB024299424FEA121429D9A0
:10C5A000520907EE902AB8EEE77A07EE904ADFEDDF
:10C5B000205AF8EEE76AB7EE006AD0ED137AF4EE8F
:10C5C000C77AF1EE10FA4CBF90F8502000221A7092
:10C5D000D0ED137A836C77EE867A0133F4EEE67A47
:10C5E000F1EE10FAC8BFF0EE657A8B42C0ED137A17
:10C5F0008364E2D3D0E90C235DF8044BC0E90E2339
:10C600007047D0E91021521A07EE902A9FED097A5F
:10C61000F8EE677A67EE877AFDEEE77A17EE901A02
:10C62000A142D4BF59181919B1E700BFA38B2EBA84
:10C630000000000078C2B93C10B5044609F076F855
:10C64000236B206403B1636B236500212046FFF751
:10C6500097FFE38BDB0700D510BDFCF7FFF804F173
:10C6600020018023064A606AFEF75AFAE38B0168CC
:10C67000A06243F001030A68E383BDE8104010475D
:10C6800000442C47B1F5806F0DD8B1F5007F08B597
:10C69000C8BFC1F580618029A8BF80214163FFF731
:10C6A000CBFF002008BD6FF47A70704708B5144BBB
:10C6B000A3FB01231A09162303FB02F303F116025D
:10C6C00007EE902A06EE903AB8EE677A07EE901AD7
:10C6D000F8EE666AF8EE677A37EEC77A77EEE67AB2
:10C6E000B0EEC77AF0EEE77AF4EEC77AF1EE10FA20
:10C6F00058BF13460363FFF79FFF002008BD00BF2C
:10C70000A38B2EBA70B50C4682B005460CF0EAFD3C
:10C71000E38B9B0716D504F12C06314628460CF016
:10C7200019FE01212046FFF72BFF01224FF4007173
:10C7300001A80CF0DDFD01A930460CF00BFE01A8AC
:10C740000CF000FEE36A0433A36408F0EFFFA36A71
:10C7500060641A68184613689847284602B070BD8E
:10C76000A1F12001FFF7CEBF704700BF036B91ED31
:10C77000036AD3ED007AD1ED026A91ED017A36EECB
:10C78000676AF8EEE66AB8EEC77AC6EE265AE7EEB2
:10C79000257AC0ED137A7047D1ED017ADFED0F6A8B
:10C7A0009FED0F7AF8EEE77A38B567EEA67A044681
:10C7B000C7EE877A0D4617EE900A17F059FD236BE6
:10C7C00095ED037AD3ED007A06EE900A37EE677A9C
:10C7D000E7EE267AC4ED137A38BD00BF21C8474082
:10C7E00000003443F8B504462DED028B48680D4631
:10C7F0001AF018FC17F0E2FB236BD5ED037A93EDEA
:10C80000008A77EEC87A06460F4617EE900A1AF0AD
:10C810001BFC32463B461AF06FFC064618EE100A27
:10C820000F461AF011FC02460B46304639461AF004
:10C83000ADFA1AF059FFBDEC028BE064F8BD00BF01
:10C84000D1ED017A9FED0C7AF8EEE77A38B567EE14
:10C85000877A044617EE900A0D4617F009FD236B00
:10C8600095ED037AD3ED007A06EE900AE7EE267A8C
:10C87000C4ED137A38BD00BF34FA8E3CD1ED017A95
:10C880009FED0C7AF8EEE77A38B567EE877A0446C2
:10C8900017EE900A0D4617F09FFC236B95ED037A77
:10C8A000D3ED007A06EE900AE7EE267AC4ED137A0D
:10C8B00038BD00BF34FA8E3C2DE9F041D1F80C8030
:10C8C0004F68D8F8046097FBF6F407EE904AF8EE4C
:10C8D000E77A036B2DED028B054617EE901A4FF0A9
:10C8E000804093ED008A18F017F9D8F8003007EE71
:10C8F000900A06FB147428EE277A03EB8404BDEC3F
:10C90000028BD4ED007A67EE877AC5ED137ABDE825
:10C91000F08100BF2DE9F041D1E90134D1F80C805C
:10C92000026BD8F80470013CE41A94FBF7F507EEAB
:10C93000905AF8EEE77A2DED028B064617EE901A24
:10C940004FF0804092ED008A18F0E6F8D8F80030F9
:10C9500007EE900A07FB154428EE277A03EB8404C0
:10C96000BDEC028BD4ED007A67EE877AC6ED137AC0
:10C97000BDE8F0814B684BB1DB0790ED137AD1ED48
:10C98000037A04D567EE877AC0ED137A7047C7EE55
:10C99000276AC0ED136A70474B684BB1DB0790ED17
:10C9A000147AD1ED037A04D567EE877AC0ED147A54
:10C9B0007047C7EE276AC0ED146A7047036B91EDAC
:10C9C000036AD3ED017AD1ED026A91ED017A36EE78
:10C9D000676AF8EEE66AB8EEC77AC6EE265AE7EE60
:10C9E000257AC0ED147A70470220704701EB81016F
:10C9F00000EB41001430704782B070B50C4684B033
:10CA000005464968206802AC03C4039908AC481085
:10CA100084E80C00CB0745BF2A58029B029CD458DF
:10CA20000AAB2E1893E803008DE8030008AB0CCB8B
:10CA30003046A04704B0BDE8704002B0704700BF68
:10CA40002DE9F04103681B4E1B690F88B342044671
:10CA50000D4626D11E300388BB4201D0BDE8F081CF
:10CA60006B89012BFAD9A989A06861820368DB6907
:10CA70009847A06803681B6A984723681B69254686
:10CA8000B34225F8120F0FD104F11E06204601F023
:10CA900013FB2A46014602233046BDE8F04100F070
:10CAA00035B901219847D6E7012120469847064627
:10CAB000ECE700BFEDC9020010B50446806807F03E
:10CAC000C9FAA081A06807F0CDFAE081A06807F05C
:10CAD000D1FA208210BD00BF82B070B504A981E8F0
:10CAE0000C00044601F0FAFA18B9BDE8704002B033
:10CAF00070472046FFF7E0FF23680C4A1B6993420A
:10CB000004F10C060DD104F11405204601F0D4FA0D
:10CB1000324601462846BDE87040062302B000F0C8
:10CB200009B90021204698470546EEE7EDC9020005
:10CB30002DE9F041044682B00E4615461030984665
:10CB4000BDF828700CF0C0F82680658018201BF016
:10CB500012F808AB054693E803006A4682E8030032
:10CB60002E4603CA46F80C8B0023084AEB6047F0B8
:10CB70000207736068602046A780A560E360C4E98F
:10CB80000833A9606A6102B0BDE8F081F9C902000A
:10CB900070B5044686B0FFF78FFFA06803681B6A74
:10CBA0009847144A144B6082049328200023166887
:10CBB00005931AF0E0FF06AB054613E90300C02217
:10CBC0008DE8030023460292052128460122FFF743
:10CBD000AFFF336830465B682946984708B906B00E
:10CBE00070BD284606F06EFF284606B0BDE87040CE
:10CBF0001AF0BABF003B0020D9CA020070B5044643
:10CC000084B0154601F09AF91E4B2360A56004F12B
:10CC1000140000F075F8002504F11E0000F070F813
:10CC200020461949C4E9035501F0A6F9204640F20F
:10CC3000537101F0B5F909260622294604F10C03C7
:10CC40002046CDE9012600924CF64B2201F0B8F9BE
:10CC500002220521CDE901212046009204F11203B0
:10CC60004FF62432012101F0ABF9204601F036FAEB
:10CC700028B1064B1B6813B12046FFF789FF2046F9
:10CC800004B070BDEC960400D0980400003B002076
:10CC9000024B1B680BB1FFF77BBF7047003B0020C6
:10CCA00010B5114B1C6890B0C4B1C9B90F4ACDE999
:10CCB000042104AA034692E8030010228DE8030031
:10CCC00002920521012206A8FFF732FF236806A978
:10CCD0009B682046984706A806F0F4FE10B010BDE9
:10CCE000FFF756FF10B010BD003B0020D9CA02006C
:10CCF0000021FFF7D5BF00BFACDF7047AEDF704744
:10CD00000022028102604260704700BF10B582B00D
:10CD10000C4601920188ADF80030204600236A4697
:10CD2000ADF80230FFF7E8FFB0FA80F0400902B03A
:10CD300010BD00BFF0B54FF6FF7487B0A142ADF84B
:10CD4000063032D00389DB07054616460C460088BC
:10CD50000FD4BDF8063002AAADF808300146002312
:10CD600020460396ADF80A30FFF7C6FF184607B015
:10CD7000F0BD02AA012300270DF1060CADF8080052
:10CD80001146204605968DF80A30ADF80C70CDF8A6
:10CD900010C0FFF7B3FF0028E8D00499BDF80630B3
:10CDA0000988994201D02888D6E7002007B0F0BD55
:10CDB000F0B54FF6FF7487B0A142ADF8063031D020
:10CDC00003899B07054616460C4600880FD4BDF81C
:10CDD000061002AA0023ADF808100146204603966B
:10CDE000ADF80A30FFF788FF184607B0F0BD02AA79
:10CDF0004FF0020C0023ADF808000DF106071146B4
:10CE0000204605968DF80AC0ADF80C300497FFF760
:10CE100075FF50B10499BDF806000988884201D118
:10CE20002888D7E7002007B0F0BD012007B0F0BD8B
:10CE300072DF704773DF704774DF704776DF7047CB
:10CE400077DF704778DF70477ADF70478FDF704792
:10CE500069DF70471321FFF7F1BF00BF0B68034A7A
:10CE60000146D2560320FFF7EBBF00BFAC9704008A
:10CE7000094B10B5044640F8143B0CF0F5FA04F1E8
:10CE800010000CF0F1FA054B236000232046E380EC
:10CE900005F0B6FF204610BDA4980400E89E0400EB
:10CEA0002DE91848C3885A0708D41B0701D4BDE8E8
:10CEB00018880420BDE8184810F094BC044608F017
:10CEC00035FCA369B0EB030B61F1000CBCF1000F62
:10CED00008BFBBF5FA6F01D2E388E6E700210448FA
:10CEE00011F098FAE38823F004039BB2E380DCE7B7
:10CEF00055CE020010B54FF47A731E4C03FB01F1BE
:10CF0000A4FB01318AB000284FEA51214FF0000301
:10CF10000CBF042001201F29CDE90433CDE90733DC
:10CF20008DF8100009931CDC202306930AAB1F2107
:10CF300023F8241D1046104900911A4601240023AD
:10CF4000CDF80A30CDF80630ADF80E308DF825401A
:10CF500010F068FD04AA69460848FFF769FF0AB0A7
:10CF600010BDB1F5804FCABF4FF4804306910693C0
:10CF7000DCE700BF5917B7D14C3900206F230020E0
:10CF8000F0B5224C95B0246801944FF6AA650024B0
:10CF9000CDF80A4006460F46ADF80E40ADF80C300D
:10CFA000ADF80850DBB105AD9446214628463C2239
:10CFB000CDF810C0F6F7D0FC01AA02A80621012383
:10CFC0000F908DF817100A9239462A463046ADF870
:10CFD00024308DF84030FFF78DFF15B0F0BD05AD62
:10CFE000194628463C220493F6F7B6FC0621012296
:10CFF00001AB8DF81710ADF8242039462A4630468B
:10D000000A93FFF777FF15B0F0BD00BF209704002B
:10D0100010B5664C002943D12378980638D4D90638
:10D020002FD41A0725D458071DD4990713D4DA072B
:10D030000BD45B0603D410F099F9002010BD5C4BB3
:10D0400001211878FFF7F6FEF5E713F027FD2378A6
:10D050005B06F0D5F3E7574B4FF400321A602378A4
:10D06000DA07E6D5F1E7534A012151609907DED589
:10D07000F1E7504B4FF000721A6023785807D4D56F
:10D08000F1E74C4B01221A6023781A07CBD5F0E761
:10D09000484B4FF400621A602378D906C1D5F0E7F7
:10D0A00010F05EF90023237013F010FD237810B9FF
:10D0B00043F0010323703F4A1268920348BF43F0D4
:10D0C00002033C4A48BF23705268D00748BF43F070
:10D0D0000403384A48BF23701268910148BF43F0E7
:10D0E0000803344A48BF23701268D20748BF43F090
:10D0F0001003304A48BF2370126810052C4A48BFFD
:10D1000043F02003107848BF2370FFF795FEB0B1BD
:10D11000D90719D49A071CD4580726D419072FD435
:10D12000DA0639D49C0688D5224B4FF40062C3F846
:10D130008020BFF34F8FBFF36F8F002010BD43F0EF
:10D140004003D9072370E5D513F088FC23789A07AC
:10D15000E2D5184B4FF40032C3F88020BFF34F8F55
:10D16000BFF36F8F23785807D8D5124B0122C3F82D
:10D170008420BFF34F8FBFF36F8F23781907CFD56C
:10D180000C4B4FF00072C3F88020BFF34F8FBFF3FA
:10D190006F8F2378DA06C5D5064B0122C3F88020AD
:10D1A000BFF34F8FBFF36F8F2378BBE7144300208B
:10D1B0006F23002000E100E00B4B10B5044640F85F
:10D1C000143B0CF051F904F110000CF04DF9074B31
:10D1D00023600023E380204605F012FE20461AF06B
:10D1E000C3FC204610BD00BFA4980400E89E0400C4
:10D1F00038B500250E4B03600446456005F090FDF0
:10D200000C4B2360A56004F110000CF0C7F904F189
:10D2100014000CF0C3F90123074AE56084F82030BC
:10D2200084F82130146013F095FE204638BD00BF0D
:10D23000E89E0400A498040084390020072914D82B
:10D2400010B50B4C0B482160214611F0E3F80A4B56
:10D250001978FF2907D02368084A0120D256FFF722
:10D26000EFFD002010BD002010BD6FF47A707047F4
:10D27000702000205DCE02006F230020AC970400D8
:10D2800090F8202022B9C3689B0701D400F002B8AF
:10D29000012070472DE918480446042921D8DFE809
:10D2A00001F0322505030D008369D3B108F03EFA81
:10D2B000E368A061C3F34000BDE81888836983B1C7
:10D2C00008F034FAA369B0EB030B61F1000CBCF178
:10D2D000000F08BFBBF5FA6F03D301212046FFF70B
:10D2E000CFFFE068C0F34000BDE81888C3880A2279
:10D2F00043F00403C380C26004F092FFE068C0F30F
:10D300004000BDE818880223C3600120BDE81888EA
:10D3100010B5044682B012F0CFFA204612F0DAFAC5
:10D320002378023B062B18D8DFE803F00B192717E8
:10D3300017170400237A012B03D1144A1368013B09
:10D340001360134B186840B190F820302BB9C368B4
:10D350009B0702D40321FFF79DFF02B010BD0C4BC9
:10D360001B68002BF9D093F82020002AF5D1DA6849
:10D370009207F2D40222DA60EFE702A9012301F852
:10D38000043D608812F086F902B010BD803900209B
:10D3900084390020014B1878FFF74EBD6F23002021
:10D3A00010B5044684B0012302224FF47A71684616
:10D3B0000BF06AFC94F821300BB904B010BD10F0EA
:10D3C000A3FF0028F9D1034B01211878FFF732FDA4
:10D3D00004B010BD6F23002010B50388103B86B049
:10D3E000462B33D8DFE803F043583232325F323213
:10D3F0003224323232323232323A32323232323213
:10D4000032323232323232323232323232323232FC
:10D4100032323234323232323232323232323232EA
:10D42000323232323232323232323232323234000C
:10D43000037A5BB92D4B186840B190F820302BB9B6
:10D44000C3689B0702D40221FFF724FF06B010BD7A
:10D4500013218088FFF7F2FC06B010BD06A9002357
:10D4600021F8103D8088FFF7F1FC06B010BD8188DF
:10D470004FF6FF73994206D01D4B1E4A1B680320CE
:10D48000D256FFF7DDFC01231A464FF47A7102A849
:10D490000BF0FAFB06B010BD144B18680028D5D06D
:10D4A000FFF77EFFD2E700F10801062268460CF084
:10D4B00053F8694601A80CF069F80C4B1C686CB174
:10D4C00001A902A80CF062F802A904F110000CF006
:10D4D0006BF8012302A8E3600BF0C6FF01A80BF074
:10D4E000C3FF68460BF0C0FF06B010BD84390020B2
:10D4F00070200020AC97040008B510F005FF003044
:10D5000018BF012008BD00BFF0B58BB00C46154612
:10D510001E46BDF8407001F02FF9234600950DF12D
:10D520000E0204A901F034F9044688B90A4D28789E
:10D53000FFF782FCBDF80E30023B394630469BB205
:10D540000DF11202FFF71CFD28780121FFF772FC94
:10D5500020460BB0F0BD00BF6F23002010B4096857
:10D56000BDF80440019404315DF8044BFFF7CCBFD3
:10D570002DE9F04188B00C4615461E469DF83870DE
:10D58000BDF83C8001F0F8F82346CDE900560DF1D6
:10D590000A0203A901F078F9044688B90A4D2878EF
:10D5A000FFF74AFCBDF80A30023B414638469BB2C1
:10D5B0000DF10E02FFF7E4FC28780121FFF73AFC99
:10D5C000204608B0BDE8F0816F230020F0B5A9B077
:10D5D0006A220D460DA82849284EF5F72BF80DA90B
:10D5E00003A80BF0C1FB03A906A80BF0B5FB05F1DE
:10D5F0003C0701226FF0FE0306A9CDE90032384650
:10D600000523642208F0D8FC06A80BF097FB0FCE88
:10D6100006AC0FC496E8070003C422700522114629
:10D6200006AB04A80BF0C4FC002404A905A80BF069
:10D6300093FB384605A9CDE900442346224608F06D
:10D64000F1FB05A80BF07AFB2B6821465B6A2846A4
:10D6500098470534052005F081FFFF2CF4D14FF4E5
:10D660007A7005F07BFF04A80BF068FB03A80BF0B1
:10D6700065FB29B0F0BD00BF24970400909704001B
:10D680002DE9F84F4FF0805308460F46D3F864A0B9
:10D69000FDF740FE10374FF0040B4FF005084FF038
:10D6A0000109BAFBF8F308FB13A3B3FBF9F35D1C04
:10D6B000002DAAEB030A08EB880809EB89090DDDA8
:10D6C0000FFA8BF60024C4F1040212B20134FF23D6
:10D6D000314638460BF07AFBA542F4D11BF1FF3BF3
:10D6E000DFD2BDE8F88F00BFA54B2DE9F04F1E68D3
:10D6F000A44D33690446002743F0080395B0336115
:10D70000287884F82070A7610E469346FFF794FBB3
:10D7100039463C2205A8F6F71FF906234FF0020C04
:10D7200005AAC82101208DF8173006F13C038DF8B9
:10D7300014C00393FFF7DEFB01212878FFF77AFB83
:10D74000039808F0CFFA31462046FFF73FFF3146F5
:10D750002046FFF795FF3D46029706F1100804F1B9
:10D7600010074FF0FF0994F82020E36812B99807DA
:10D7700040F1D58013F0010A31D1590766D49A07D8
:10D7800040F1C38013F0080A00F0A9807E4904A884
:10D790000BF0AEFB04A905A80BF0DEFA0023CDE9DF
:10D7A00000331A4605A9039808F03CFB05A80BF0C6
:10D7B000C5FA43F6982005F0D1FE04A80BF0BEFA96
:10D7C000642005F0CBFE40F68D25FBF73BFB94F87B
:10D7D0002020E368002ACAD013F0010ACDD06B499B
:10D7E00004A80BF085FB04A905A80BF0B5FA0023EB
:10D7F000CDE900331A4605A9039808F013FB05A8E4
:10D800000BF09CFA029B002B40F08F80A9F10409D9
:10D81000B9F1280F40F38F80B9F1FF0F029BA8BF29
:10D8200000230293DBF800305846DB69984728B1A3
:10D83000E36823F0010343F00403E36004A80BF062
:10D840007DFAE36859074FF0000598D53368FF214A
:10D850005B6A304698472369B3F90230002B76DDC6
:10D86000002521E0E3689A076FD4FFF713FD002835
:10D870006DD14FF4487005F071FE3046FDF74AFD5A
:10D8800094F8203004212046FBB9E3689A075CD461
:10D89000FFF700FD00285AD1C82005F05FFE23697C
:10D8A000B3F90230AB4252DD29B238460BF0B6FE76
:10D8B000002301461A4640460BF016FC94F820302F
:10D8C000042120460135002BCCD0E36803F002028E
:10D8D000002A3AD1642005F041FE012543E72C4996
:10D8E00004A80BF005FB04A905A80BF035FA534674
:10D8F000524605A9CDE900AA039808F093FA05A8B5
:10D900000BF01CFA04A80BF019FA642005F026FEAF
:10D91000013540F68B239D427FF725AF55E7042163
:10D920002046FFF7B7FCE36824E709F10409B9F1E1
:10D93000280F3FF771AF3046FDF7ECFC029BB9F1C1
:10D94000000FD8BF534602936CE700251AE7E3683F
:10D9500094F8205003F00202002DB9D1002A7FF480
:10D9600011AF04212046FFF795FC0028ADD14FF4FC
:10D970007A7005F0F3FDE36803F00202A8E700BF48
:10D98000C43A00206F230020FC970400B4970400E1
:10D990003C98040030B50446806883B020B10C493F
:10D9A00008F006FD054618B1FBF74CFA03B030BD90
:10D9B00002AA042302F8015D0549A06808F032FDBF
:10D9C00028461AF0D1F8FBF73DFA03B030BD00BF8E
:10D9D0008498040090F82000704700BF38B5124BBF
:10D9E000054600241878FFF727FA85F8214010F043
:10D9F00073FC98B9EB696BB107F098FEEB69C41A38
:10DA000061F10005002D08BFB4F5FA7F2CBF01209D
:10DA1000002038BD07F08AFEE861EDE721460348A3
:10DA200010F0F8FC204638BD6F23002055CE0200D0
:10DA300020B9034B186808B1FFF7D0BF704700BF8B
:10DA4000843900200238012801D90120704710B51F
:10DA5000074C206850B1C38843F00803C38004F02A
:10DA6000DFFB2068BDE81040FFF7B8BF012010BD04
:10DA700084390020012808D138B50D4B1D6835B117
:10DA80002846BDE83840FFF7A9BF01207047094B81
:10DA900004461878FFF7D0F910F01EFC08B92046AC
:10DAA00038BD2946044810F0B5FC284638BD00BFF3
:10DAB000843900206F23002055CE02002DE97043E9
:10DAC00084B011F011FE1E4E30603368002B02DC72
:10DAD00004B0BDE870830DF107034FF6FF700393A8
:10DAE00011F0A4F84FF6FF75A842044609D1EFE7FC
:10DAF000039B1B7820465BB111F098F8A8420446BE
:10DB0000E6D002AA0121204611F060FA0028EFD0E9
:10DB100007F00CFE40F2E73480468946002511F0FC
:10DB2000BDFD09E007F002FEB0EB080261EB09035E
:10DB30009D4208BF9442CBD33368002BF2D1C7E794
:10DB4000803900202DE9F04FC488ADB014F4805422
:10DB50009DF8DC9002D02DB0BDE8F08F0DF1B00B38
:10DB60001E46369B8360C0E9064401920F46054677
:10DB70000FF092FB13F07CF84BF8A04D0FF01CFE59
:10DB800012F0CCFE5946012012F0F6FFA04B05F131
:10DB9000140A19681CA80BF09BFC1CA950460BF03A
:10DBA00003FD1CA80BF060FC0DF12008994906A8A4
:10DBB0000BF08EFC984940460BF08AFC06AA5146B1
:10DBC0000AA80BF013FD3A460AA90DA80BF00EFDAA
:10DBD00042460DA91CA80BF009FD1CA950460BF0EC
:10DBE000E3FC1CA80BF040FC0DA80BF03DFC0AA8C0
:10DBF0000BF03AFC40460BF037FC06A80BF034FC67
:10DC00006A690C94101DCDE90A40C4F3072102276C
:10DC100067F301018DF829105188ADF83010508854
:10DC2000ADF832000AA9049A4120FFF711F95846CD
:10DC300012F0ECFF2046FFF705F903224FF0000336
:10DC400062F306130721102206948DF81C408DF80C
:10DC500019108DF818308DF81A2011F0BDFC06A8A7
:10DC600011F000FD6D4811F0E1FC6D4AADF8244063
:10DC70004FF4C87340460892ADF82630FFF7E4F839
:10DC80002146684810F032FDB9F1000F40F0A9803C
:10DC900005AC654B1C931CA813F0B6F87C2019F05A
:10DCA0006AFF3246AB68294601F016FF584B1CA8A4
:10DCB00019680BF00DFC5D490DA80BF009FC0DAACD
:10DCC0001CA920460BF092FC0DA80BF0CDFB1CA864
:10DCD0000BF0CAFB402200211CA8F5F73DFE544B77
:10DCE00018681D9001238DF8AC3010B119F0C7FFF2
:10DCF00080B2059BADF87000181D1F90002800F041
:10DD0000828019F0BCFF83B2019AADF878301068B8
:10DD10000430219010B119F0B2FF80B2454BADF83C
:10DD200080001868239010B119F0A9FF80B2424B0F
:10DD3000ADF888001868259010B119F0A0FF80B2E6
:10DD40003E4BADF890001868279000285DD019F080
:10DD500096FF83B21CA8ADF8983013F0FDF950205F
:10DD600019F009FF3246294600F0A2FE2846FFF7C7
:10DD7000A5FE3C2200210DA8F5F7EEFD06260223A4
:10DD80000DAA322101208DF834308DF83760FFF76D
:10DD9000B1F831462846FFF751FA4FF4A036032276
:10DDA00000234FF4F0210DA8CDE91033CDE9123353
:10DDB0008DF84020CDE90E61CDF8348010F022F9C5
:10DDC0001F4B012185F821101878FFF733F8EB88F5
:10DDD00043F480532046EB800BF046FB2DB0BDE8AA
:10DDE000F08F11F081FC032805AC7FF752AF22467B
:10DDF0001CAB0DA90DF10E0011F0A2FCBDF8140032
:10DE000011F094FC45E703467EE70346A2E700BF16
:10DE10006C200020909804009498040011D3020014
:10DE2000080010006C39002031DA020098980400D4
:10DE30004439002040390020682000204839002063
:10DE40006F23002041F20103984216D00DD944F20D
:10DE50000103984206D044F2020398420AD14820B6
:10DE6000F6F7C8BB4920F6F7C5BB012802D146200A
:10DE7000F6F7C0BB4A20F6F7BDBB4720F6F7BABBA2
:10DE8000A8DF7047B0DF704762DF7047704700BFA0
:10DE90008B79012B05D0022B02D10368DB6A18476E
:10DEA000704703689B6A18470368034A9B6893425C
:10DEB00000D17047063118478DDE020070B50B881F
:10DEC000502B044631D01AD8102B26D0112B14D148
:10DED0000368194DDA69AA422BD100252E4605E0C8
:10DEE00023681B699847236806810135DB68204653
:10DEF0009847A84229462046F2DC012070BD512BEC
:10DF000006D0532BF9D103681B6B9847012070BDD5
:10DF100003685B6A9847012070BD0368064A9B69E5
:10DF20009342EAD09847012070BD03681B6A984766
:10DF3000F9E790472368D0E78DDE020010B5064B65
:10DF40000360002304460371C38000F0CDF921462D
:10DF500000F0D8F9204610BDE898040010B5054B34
:10DF60000360044600F0C0F9214600F0DBF92046CA
:10DF700010BD00BFE898040010B584B010310DF159
:10DF8000FF330DF10F0411F8012D03F8012FA34207
:10DF9000F9D1011D6846FFF777FF04B010BD00BF3F
:10DFA00000B583B00379ADF80410821D01A90120EA
:10DFB0008DF80630FFF764FF03B05DF804FB00BF87
:10DFC0002DE9F04788B00546BDF84060BDF84470C3
:10DFD000BDF84840924688461E2200210DF10200FD
:10DFE0009946F5F7B9FCBB1B18BF01232A79ADF898
:10DFF00000A0E107ADF804708DF80C30ADF80660B4
:10E00000CDF808908DF8022005D59DF80D3043F02D
:10E0100002038DF80D30A20705D59DF80D3043F0B1
:10E0200004038DF80D30630705D59DF80D3043F0DE
:10E0300008038DF80D30270705D59DF80D3043F006
:10E0400010038DF80D30E60605D59DF80D3043F030
:10E0500020038DF80D30A00605D59DF80D3043F056
:10E0600040038DF80D30610605D59DF80D3043F065
:10E0700001038DF80D30E20544BF01238DF80F3008
:10E08000A30544BF01238DF810302B68EC881A6972
:10E09000012341468DF811308DF812308DF8133080
:10E0A0008DF814302846904769460246204610F005
:10E0B000DDF908B0BDE8F08700B58DB001A810F01B
:10E0C0004DF9019B23B1BDF808000DB05DF804FBCC
:10E0D0004FF6FF700DB05DF804FB00BF08B510F0FF
:10E0E00013F9003018BF012008BD00BF03682DE9F7
:10E0F000F041DB6806460D4690469847071E1BDD3B
:10E1000000240BE04388AB421ED08388AB4221D071
:10E11000C388AB4224D00134A7420DD033682146D6
:10E120001B69304698470388AB42EBD1012388F83E
:10E1300000302046BDE8F08100234FF0FF3488F81E
:10E1400000302046BDE8F081022388F800302046E8
:10E15000BDE8F081032388F800302046BDE8F08157
:10E16000042388F800302046BDE8F08130B583B044
:10E170000C460DF10702C9880546FFF7B7FF011EDF
:10E1800008DB9DF807202B68032A05D01B680B4A83
:10E1900093420ED103B030BD228A022AF6D11B6908
:10E1A00028469847E17CA27C2B6842EA0122028142
:10E1B000ECE7A11D2846984703B030BD8DDE020074
:10E1C000F0B58BB00C460DF1070209890746FFF741
:10E1D0008DFF002819DB9DF80730E6890122934264
:10E1E0008DF8082013D09DF80E20A088ADF810609F
:10E1F000002363F3000202A98DF80E20ADF80C3065
:10E20000ADF812300593FFF73DFE0BB0F0BD3A6854
:10E210001F4952682089ADF81A6000258A428DF89E
:10E220001C308DF81D30ADF818000895ADF824505D
:10E2300015D12A462F4629469DF80E50ADF80C10F0
:10E2400063F30005A088ADF8106002A9ADF8127064
:10E2500005928DF80E50FFF715FE0BB0F0BD384655
:10E2600006A990479DF81C304BB99DF81D30BDF8AC
:10E270001A60BDF82470089A4FF48171DCE72946D2
:10E280009DF81D30BDF81A60BDF82470089AD3E7D8
:10E290008DDE020000B583B009890DF10702FFF79A
:10E2A00025FF03B05DF804FBF8B50E4C26689EB15F
:10E2B0003368002B0FDD07463546002402E0336843
:10E2C000A34208DD55F8040F036839465B69984797
:10E2D00001340028F3D1F8BD542019F04CFC206023
:10E2E0000660F8BD8839002010B5054C206800B1E3
:10E2F00010BD542019F03FFC00232060036010BDC6
:10E300008839002038B50368132B04460D4603DD19
:10E310001420FAF7A1FD236804EB83020133556052
:10E32000236038BDF0B40668002E0DDD43689942C5
:10E3300026D0041D002204E054F8045F8D4205D06D
:10E340001A46531CB342F7D1F0BC70470232B242B6
:10E3500013DA551C5C1C03EB060C00EB850500EB87
:10E360008404ACEB020C1946013155F8047B44F8E7
:10E37000047B6145F8D1B21A13440360F0BC7047C6
:10E3800001220023E3E700BF02207047013101EBC7
:10E39000810100EB4100704782B070B50C4684B03B
:10E3A00005464968206802AC03C4039908AC4810CC
:10E3B00084E80C00CB0745BF2A58029B029CD45826
:10E3C0000AAB2E1893E803008DE8030008AB0CCBD2
:10E3D0003046A04704B0BDE8704002B0704700BFAF
:10E3E00082B070B504A981E80C000546BDF8124062
:10E3F000FFF774FE28B1022C1ED0012C29D0052C69
:10E4000003D0BDE8704002B070472C46022304F8E8
:10E41000083F2B681D4A1B69934230D105F10A065B
:10E420002846FFF749FE224601463046BDE87040C7
:10E43000012302B0FEF77EBC2C46002104F8081F21
:10E440002B68124A1B699342E8D028469847064633
:10E45000E6E72E460D4A06F8084F2B681B699342E3
:10E460000FD105F10A042846FFF726FE3246014681
:10E470002046BDE87040012302B0FEF75BBC0021DE
:10E48000E3E70021284698470446ECE78DE30200C5
:10E4900082B070B504A981E80C000546BDF81240B1
:10E4A000FFF71CFE28B1022C1ED0012C1FD0052C1A
:10E4B00003D0BDE8704002B070472C46022304F838
:10E4C000093F2B681A4A1B69934226D105F11406AD
:10E4D0002846FFF7F1FD224601463046BDE8704070
:10E4E000012302B0FEF726BC2C460023E7E72E46A8
:10E4F0000F4A06F8094F2B681B69934212D105F1A8
:10E5000014042846FFF7D8FD324601462046BDE8F0
:10E510007040012302B0FEF70DBC01212846984748
:10E520000646D5E72146284698470446E9E700BF56
:10E530008DE302002DE9F041044682B00E461546F7
:10E5400010309846BDF828700AF0BEFB2680658022
:10E55000182019F010FB08AB054693E803006A4643
:10E5600082E803002E4603CA46F80C8B0023084AB3
:10E57000EB6047F00207736068602046A780A560E3
:10E58000E360C4E90833A9606A6102B0BDE8F081C4
:10E5900099E302002DE9F04385B0BDF838803BB324
:10E5A0000C9C14B30F2902D1B8F1C00F20D106463C
:10E5B00028201C460D46174619F0DDFA0CAB8146A3
:10E5C00093E803003A468DE8030023462946CDF838
:10E5D00008804846FFF7AEFF336849465B6830461F
:10E5E000984740B905B0BDE8F0830D9CE407D9D445
:10E5F0006FF47A70F6E7484605F064FA484619F079
:10E60000B3FA0148EEE700BF16FCFFFF2DE9F04129
:10E61000324F3E6894B0002E36D00C460546304B43
:10E62000002934D1CDE9083108AB93E803004FF05D
:10E63000100822468DE803002B460121CDF8088002
:10E640000AA8FFF777FF33680AA99B683046984706
:10E650000AA805F037FA234B3E68CDE9063406AB2D
:10E6600093E8030022468DE803002B460221CDF8F3
:10E6700008800AA8FFF75EFF336830469B680AA946
:10E6800098470AA805F01EFA14B0BDE8F0810024EE
:10E690000493059404AB93E803004FF010088DE851
:10E6A000030022462B463046CDF808800121FFF7B3
:10E6B00071FF0C4B3E68CDE90A340AAB93E80300C6
:10E6C00022468DE80300CDF808802B463046022113
:10E6D000FFF760FF14B0BDE8F08100BF003B0020F1
:10E6E000E1E3020091E40200F0B5044685B0FFF7D3
:10E6F00025FC20461A4B40F80A3BFEF701FB002799
:10E7000004F11400FEF7FCFA204616492781FFF7B2
:10E7100033FC01250926204649F68201FFF740FC1B
:10E72000394604F1080320464DF69022CDE9015602
:10E730000095FFF745FC2046CDE901560095A31949
:10E7400029464DF69122FFF73BFC2046FFF7C6FC19
:10E7500018B129462046FFF759FF204605B0F0BD05
:10E7600024990400D09804000121FFF74FBF00BF97
:10E770000021FFF74BBF00BF10B5044C206800B16B
:10E7800010BD012019F0F7F9206010BD8C39002070
:10E790002DE9F04F89B00025009215809DF94820A1
:10E7A000ADF81C50CDE90355CDE905550192002B7C
:10E7B00063D01E781C46002E5FD0DFF8C8808946E3
:10E7C00058F8047B384619F05AFA3946834602460F
:10E7D000204619F05CFA002849D00135042DEFD10C
:10E7E00000270EB3112F1FDC07F1FF3803AB2646BD
:10E7F0009844234D002402E001340E2C2DD055F80E
:10E8000004AB504619F03BFA514683460246304667
:10E8100019F03DFA0028EFD15E440137337808F84B
:10E82000014F0BB1122FE4D1019A89F80320AA23DA
:10E83000FE2289F80030102389F8012089F802307F
:10E840003A4603A909F10400F3F7F4FE009B0437EC
:10E850001F80002009B0BDE8F08F344608AB3B4470
:10E8600014F8012B767803F8142C0137B9E75C44CF
:10E870008DF80C5026780127B3E76FF47A70E9E73A
:10E8800084200020742000202DE9F04184B000266F
:10E89000174616809DF92CC00A9A4BB342B31868EC
:10E8A000B3F80880D2F800E092880D46596885F8E0
:10E8B00003C06B4603C36C46A3F80080CDF80AE0A2
:10E8C000ADF80E200FCC4FF0AA084FF0FE0E4FF01F
:10E8D000140CAE70686085F8008085F801E0A960CE
:10E8E000EA602B61A7F800C0304604B0BDE8F081B3
:10E8F0006FF47A76F8E700BF0420704701EB8101DE
:10E9000000EB41002630704782B070B50C4684B0F1
:10E9100005464968206802AC03C4039908AC481056
:10E9200084E80C00CB0745BF2A58029B029CD458B0
:10E930000AAB2E1893E803008DE8030008AB0CCB5C
:10E940003046A04704B0BDE8704002B0704700BF39
:10E9500010B5074B074A036000238260C381044659
:10E96000083004F04DFA2046FFF7F8FA204610BDB3
:10E97000009A0400E89E040010B5084A084940F8CF
:10E98000082C00220160C280A0F1080404F038FACB
:10E990002046FFF7E3FA204610BD00BF009A0400AE
:10E9A000E89E040010B5094B094A03600023826009
:10E9B000C3810446083004F023FA2046FFF7CEFA5C
:10E9C000204619F0D1F8204610BD00BF009A04007F
:10E9D000E89E040010B5094A094940F8082C0022B5
:10E9E0000160C280A0F1080404F00AFA2046FFF793
:10E9F000B5FA204619F0B8F8204610BD009A040078
:10EA0000E89E04000368124A1B69934270B50446ED
:10EA10000D460E8816D130300388B34200D070BD49
:10EA20002069A18C03684A1CDB68A284984704F122
:10EA30001C0350B102884188A2830422E183AB60A9
:10EA4000AA8170BD01219847E6E7AB60A88170BD3F
:10EA5000FDE8020082B070B504A981E80C0004460C
:10EA6000FFF73CFB18B9BDE8704002B0704723685F
:10EA70000E4A1B69BDF81000BDF8121020839342A6
:10EA800061830ED104F126052046FFF715FB04F142
:10EA9000180201462846BDE87040042302B0FEF784
:10EAA00049B90021204698470546EDE7FDE80200F8
:10EAB0002DE9F043044685B0154600F10809FFF73B
:10EAC0003DFA314BA3600023E360484604F028F987
:10EAD0002E4B256103F148022360A26004F1260554
:10EAE00004F14E0628460A35FEF70AF9AE42F9D17E
:10EAF0000026A0466661266258F8200FE06127468E
:10EB0000234957F81C0FA061A6842046FFF734FA6A
:10EB1000204649F2AF31FFF743FA0425092204F1F8
:10EB200018033146CDE901522046009549F275722D
:10EB3000FFF746FA06230293204604F11403CDE9B9
:10EB4000005545F204420221FFF73AFA43462046B7
:10EB5000CDE90155009542F2C4320321FFF730FAA6
:10EB600040F209123B46029201214BF64C0220462C
:10EB7000CDE90055FFF724FA484603F051FB204643
:10EB800005B0BDE8F08300BFE89E0400009A0400D1
:10EB9000D09804002DE9F041044682B00E46154697
:10EBA00010309846BDF828700AF08EF826806580EF
:10EBB000182018F0E0FF08AB054693E803006A460A
:10EBC00082E803002E4603CA46F80C8B0023084A4D
:10EBD000EB6047F00207736068602046A780A5607D
:10EBE000E360C4E90833A9606A6102B0BDE8F0815E
:10EBF00009E902002DE9F04F03683D4D1B694F897B
:10EC0000B1F80090AB428BB006460C4601F10C08FF
:10EC100066D13A3003884B450DD03368B4F8009084
:10EC20001B69AB425FD106F1440003884B4519D004
:10EC30000BB0BDE8F08F032FFADD3D1F25F0030573
:10EC400008F108084544103434F8022C34F8041C48
:10EC5000012306A804340AF017F8A542F4D10BB03A
:10EC6000BDE8F08F032FE3DD043F27F0030708F131
:10EC70000805DFF880B03D4410344FF0000A01E091
:10EC8000AC42D5D034F8047C34F8022CD6F810808D
:10EC900005920F2F4FF02800CDE906BA04F10404C5
:10ECA000EED018F068FF06AB814693E8030010230E
:10ECB0008DE80300029339463346059A4846FFF72C
:10ECC00069FFD8F8003049465B68404698470028FD
:10ECD000D6D0484604F0F6FE484618F045FFCFE788
:10ECE0000221984796E70321304698479DE700BFE9
:10ECF000FDE8020055EA020030B591B00446FFF786
:10ED0000EDF908B9A38C0BB911B030BD0D4B2569D5
:10ED1000CDE9043004AB024693E803001023A2843B
:10ED20008DE8030002931146234606A8FFF732FF41
:10ED30002B6806A99B682846984706A804F0C2FEDF
:10ED400011B030BD55EA0200A0F10800FFF7D4BFB2
:10ED50000420704701EB810100EB41005230704705
:10ED600010B5074B074A036000238260C381044645
:10ED7000083004F045F82046FFF7F0F8204610BDB3
:10ED80006C9A0400E89E040010B5084A084940F84F
:10ED9000082C00220160C280A0F1080404F030F8C1
:10EDA0002046FFF7DBF8204610BD00BF6C9A040038
:10EDB000E89E040010B5094B094A036000238260F5
:10EDC000C3810446083004F01BF82046FFF7C6F85C
:10EDD000204618F0C9FE204610BD00BF6C9A040002
:10EDE000E89E040010B5094A094940F8082C0022A1
:10EDF0000160C280A0F1080404F002F82046FFF789
:10EE0000ADF8204618F0B0FE204610BD6C9A040004
:10EE1000E89E04002DE9F84F0368BC4F1A690E887C
:10EE2000BA4204460D4640F042815C300288B2424C
:10EE300000F0F6801A692E88BA4240F0338104F15E
:10EE400052000288B24200F0A3801B692E88BB42A8
:10EE500040F0E28004F166000388B34258D0236892
:10EE60002E881B69BB4240F0438104F17000038887
:10EE7000B34201D0BDE8F88FB5F80A80B8F1010FB0
:10EE8000F8D9A8F1020805F11003C8F34E0803EB06
:10EE900048080E354FF001090C2716E0122B94BFDD
:10EEA00018221346206915F8011C98BF12FB037243
:10EEB00003EB430300EBC30388BF0C22DB68104461
:10EEC0001B6898470235A845D4D015F8023CA169C3
:10EED00009FA03F21140F5D160690240DED0122B2D
:10EEE0009ABF182010FB03720B46206915F8011C0D
:10EEF00003EB430300EBC30388BF0C22DB68FF294D
:10EF00001044DB6814BF890040F2FF319847D9E70D
:10EF10006A89002AAED07E4BA3FB023AA2EB0A0319
:10EF20000AEB530A4FEA9A0ACAEBCA03D21A92B200
:10EF3000002A9FD11AF0FF0A91D005F10C0807238F
:10EF400013FB0A8A18E018220C2012FB030B20691D
:10EF500003EB4303DE0083195844DB68DB68984702
:10EF60002069064408F10708F36849469B6B58443A
:10EF70009847C2453FF473AF98F80030B8F80110D5
:10EF8000D8F80390122BDED900234FF00C0BDEE7EC
:10EF90006A89032A7FF659AF2646EA6846F8142F95
:10EFA0001B69BB4240F0AD8004F152082046FFF7D8
:10EFB00083F83246014604234046FDF7A7FE0026AB
:10EFC0004FF0010909E006EB4602D20002F10C0104
:10EFD000002B7ED10136132E18D0D4E9052309FA6F
:10EFE00006F818EA020F08EA0303ECD006EB460223
:10EFF000D20002F10C01002BECD020690244013652
:10F00000D36808445B699847132EE6D123682E889D
:10F010001B69BB423FF41EAF0221204698471BE705
:10F020006A89032A7FF606AF2646EA6846F8182F53
:10F030001B69BB4260D104F15C082046FFF73CF835
:10F040003246014604234046FDF760FE00264FF09D
:10F05000010908E006EB4602D20002F10C0153BBA5
:10F060000136132E18D0D4E9052309FA06F818EA58
:10F07000020F08EA0303EDD006EB4602D20002F1CC
:10F080000C01002BECD0206902440136D3680844FF
:10F090005B699847132EE6D123682E881A69BA4215
:10F0A0003FF4CDAE0021204690472368C9E60121F8
:10F0B00090472368BAE6206902440844D3685B6835
:10F0C0009847636918EA030FCAD0A36908EA0303E3
:10F0D000D2E7206902440844D3685B6898476369B3
:10F0E00018EA030F3FF476AFA36908EA03037DE74C
:10F0F000032120469847BAE60121204698478046DA
:10F100009BE700212046984780464FE755ED0200D7
:10F11000254992242DE9F043044685B0154600F1B7
:10F120000808FEF70BFF364BA3600023E360404660
:10F1300003F0F6FD334B256103F148022360A26022
:10F1400004F1520504F17A0628460A35FDF7D8FD88
:10F15000AE42F9D10025C4F84A502046C4E905550D
:10F16000C4F83E502849C4F84250C4F84650C4F888
:10F170004D50E561256265622585FEF7FDFE04269A
:10F180004FF00509204641F27B21FEF709FF294691
:10F1900004F114032046CDE90169009645F6990271
:10F1A000FEF70EFF04F118032046CDE90169009631
:10F1B0004BF6FE120121FEF703FF04F11C070E229D
:10F1C0003B46CDE90022204602964DF6220202215E
:10F1D000FEF7F6FE40F20D121423CDE901320321B1
:10F1E00004F12A034FF40D4220460095FEF7E8FE95
:10F1F000404603F015F8204605B0BDE8F08300BF97
:10F20000E89E04006C9A0400D09804002DE9F047B1
:10F21000002405468A46A0460C264FF001091CE052
:10F220004B689847C0B22B19BAF1000F03D193F87D
:10F230003E2082420CD005EB480208F10108B8F1EB
:10F24000090F83F83E0082F82A4082F82B001ADC6E
:10F250000134132C06F1180615D0AB6909FA04F233
:10F260001A4204EB440CF3D02B696F6903EBCC0C0E
:10F270003A4233441846DCF80C10D1D04A69904722
:10F28000C0F38700CFE74046BDE8F08703680D4A2A
:10F290001B69934270B504460D460E880FD170303D
:10F2A0000388B34200D070BD01212046FFF7AEFFB6
:10F2B0000028F8D02A344000AC60A88170BD03213A
:10F2C0009847EDE755ED02002DE9F0410446FEF7C1
:10F2D00005FF08B9BDE8F08100212046FFF796FF41
:10F2E0000028F7D023680D4A1B694000934285B27D
:10F2F00004F12A070CD104F170062046FEF7DCFE6B
:10F300002B463A4601463046BDE8F041FDF712BDB6
:10F310000321204698470646EFE700BF55ED02005F
:10F32000A0F10800FFF7D0BF0320704701EB810177
:10F3300000EB4100283070472DE9F84F03681B4A65
:10F340001B690C889342834689462CD12830038858
:10F35000A34201D0BDE8F88F0027BA460BF10B0598
:10F360004FF0010805F801AF3EB20024DBF80800B9
:10F3700021B23246103009F03FFDC4F104030134DC
:10F3800020B12A7808FA03F313432B70052CEDD132
:10F390000137052FE6D10BF10C03C9F80830A9F8A5
:10F3A0000C70BDE8F88F00219847D0E72DF30200DC
:10F3B0002DE9F0430368404C1B69B1F80080A3427B
:10F3C00083B005460E4601F10C076AD12830038848
:10F3D00043451FD02B68B6F800801B69A34263D158
:10F3E00005F13200038843453CD02B6837881B6900
:10F3F000A3425DD105F13C000388BB4202D003B0BB
:10F40000BDE8F0837389012B84BFB3896B8203B09D
:10F41000BDE8F0837389013B042BDBD8A8683C303E
:10F4200006F060FC7389002BE9D04FF000090FFA59
:10F4300089F800243B78A868C4F10402134143F31F
:10F44000000321B2DBB210304246013409F0BEFCA9
:10F45000052CEFD1738909F101094B4507F101072B
:10F46000E5DCCCE7B6F90A20394668460AF074F8BC
:10F47000A8683C3006F036FCA868694600F13C04F8
:10F4800001A80AF083F86A8A01A9204606F00CFD5B
:10F4900001A809F0E9FF684609F0E6FF03B0BDE8FE
:10F4A000F0830021984792E701212846984799E781
:10F4B0000221284698479FE72DF30200F0B5044645
:10F4C00085B01546FEF73AFD234B2360A56004F195
:10F4D0002800FDF715FC04F13200FDF711FC04F1E2
:10F4E0003C00FDF70DFC0025782363822046E56093
:10F4F00025741A492575FEF73FFD20464DF61D116E
:10F50000FEF74EFD052604F10C0740F205123B46BE
:10F5100029462046CDE90162009647F67732FEF78C
:10F520004FFD14220421A318CDE9012120460092A9
:10F53000012149F2EE32FEF743FD022120460296F8
:10F5400004F11203CDE9001140F62D52FEF738FD0B
:10F55000204605B0F0BD00BFD89A0400D098040042
:10F560000420704701EB810100EB41001830704727
:10F5700082B070B50C4684B005464968206802AC7C
:10F5800003C4039908AC481084E80C00CB0745BFBE
:10F590002A58029B029CD4580AAB2E1893E8030009
:10F5A0008DE8030008AB0CCB3046A04704B0BDE8A3
:10F5B000704002B0704700BFF0B503681C4E1B6975
:10F5C0000F88B34285B004460D4629D12C300388FC
:10F5D000BB420BD023682F881B69B34223D104F1AF
:10F5E00036000388BB420ED005B0F0BD6B89012BFD
:10F5F000F0D9AB89A382022201230621684609F0D3
:10F6000043FB05B0F0BD6B89002BEDD02B7BA375C0
:10F61000012BE9D104220621684609F035FBE3E716
:10F6200002219847D3E7032120469847D9E700BF36
:10F6300065F5020010B50446806804F067FEA081FD
:10F64000A06804F06BFEE081A06804F06FFEA36880
:10F6500020821A681846536A9847A082A06804F06E
:10F6600039FE00B910BDA06804F068FE608210BDCC
:10F6700070B50446806804F0E7FDA8B10323A375C4
:10F6800023680D4A1B69934204F116060FD104F159
:10F6900036052046FEF710FD324601460123284676
:10F6A000BDE87040FDF746BB0223A375E8E70321E0
:10F6B000204698470546ECE765F502002DE9F04144
:10F6C0000446FEF70BFD08B9BDE8F0812046FFF7C0
:10F6D000B1FF2368244D1B69AB4204F1140738D1F4
:10F6E00004F12C062046FEF7E7FC3A4601460223C9
:10F6F0003046FDF70BFB23681B69AB4204F10C0796
:10F7000022D104F118062046FEF7D6FC3A460146FF
:10F7100006233046FDF70EFBA06804F0DBFD002851
:10F72000D2D023681B69AB4204F1120616D104F152
:10F7300022052046FEF7C0FC324601460223284639
:10F74000BDE8F041FDF7F6BA00212046984706468D
:10F75000D9E70221204698470646C3E70121204603
:10F7600098470546E5E700BF65F5020070B5044619
:10F7700005468068A18A03681B6A9847A0680368E9
:10F780005B6A984723680C4A1B6925F8140F93425B
:10F790000CD104F12C062046FEF78EFC2A460146C9
:10F7A00002233046BDE87040FDF7B0BA0221204682
:10F7B00098470646EFE700BF65F5020082B08DE886
:10F7C0000C00BDF80230012B05D0022B09D0042B10
:10F7D00004D002B0704702B0FFF770BF02B0FFF76D
:10F7E00047BF02B0FFF7C2BF2DE9F041044682B027
:10F7F0000E46154610309846BDF8287009F064FA98
:10F8000026806580182018F0B6F908AB054693E805
:10F8100003006A4682E803002E4603CA46F80C8BB2
:10F820000023084AEB6047F00207736068602046D7
:10F83000A780A560E360C4E90833A9606A6102B0EB
:10F84000BDE8F08171F502002DE9F04385B0BDF807
:10F8500038803BB30C9C14B30F2902D1B8F1C00F10
:10F8600020D1064628201C460D46174618F083F97D
:10F870000CAB814693E803003A468DE8030023462B
:10F880002946CDF808804846FFF7AEFF3368494661
:10F890005B683046984740B905B0BDE8F0830D9CE1
:10F8A000E407D9D46FF47A70F6E7484604F00AF911
:10F8B000484618F059F90148EEE700BF16FCFFFF73
:10F8C0002DE9F0411D4F1E4D8AB000260446FFF77A
:10F8D000B1FECDE908760AAB13E903008DE8030019
:10F8E000C02223462868029206210122FFF7ACFFBE
:10F8F000CDE9067606AB93E803002A684FF01008BE
:10F900008DE8030023461046CDF808800222062128
:10F91000FFF79AFFCDE904760DEB080393E80300A7
:10F920002D68CDF808808DE8030023460422284680
:10F930000621FFF789FF0AB0BDE8F081BDF702009C
:10F94000003B002070B5044684B01546FEF7F6FA79
:10F950002E4BA560236004F1180504F140062846EB
:10F960000A35FDF7CDF9AE42F9D10025A068256131
:10F970000368E5605B6A9847A575A0822449204624
:10F98000FEF7FAFA4FF2D8212046FEF709FB0926C6
:10F9900006232946CDE90136022500934FF61132A0
:10F9A00004F10C032046FEF70BFB04F1120349F2AD
:10F9B000157201212046CDE901560095FEF700FBA6
:10F9C00005232946029343F66C0204F114032046F2
:10F9D000CDE90055FEF7F4FA01230C22CDE90132FE
:10F9E0000093204604F116034BF258320321FEF730
:10F9F000E7FA2046FEF772FB28B1064B1B6813B1ED
:10FA00002046FFF75DFF204604B070BD149B040044
:10FA1000D0980400003B0020024B1B680BB1FFF79D
:10FA20004FBF7047003B002030B5114B1C6891B0B0
:10FA3000BCB10A46B9B90F49CDE9041204A903467D
:10FA400003C910258DE803000295062106A8FFF7DB
:10FA5000CBFE236806A99B682046984706A804F0B9
:10FA600031F811B030BDFFF72BFF11B030BD00BF32
:10FA7000003B0020BDF702000021FFF7D5BF00BF0B
:10FA80000120704701EB810100EB410070307047AD
:10FA900082B070B50C4684B005464968206802AC57
:10FAA00003C4039908AC481084E80C00CB0745BF99
:10FAB0002A58029B029CD4580AAB2E1893E80300E4
:10FAC0008DE8030008AB0CCB3046A04704B0BDE87E
:10FAD000704002B0704700BF2DE9F041044686B087
:10FAE000002590461F46FEF729FA2E492160C4E9F9
:10FAF0000287258284F85450A56504F17000FDF753
:10FB0000FFF820462849E56525666566A566E56631
:10FB1000FEF732FA20464DF61D11FEF741FA04F1C8
:10FB20005C0614220A2733462946CDE901272046E0
:10FB3000009243F61032FEF743FA2820D4F80880EA
:10FB400018F019F80646103009F0BEF82923336082
:10FB5000182018F010F8154ACDE90425074604AA24
:10FB6000034603CA47F80C4BDD607D60586099601E
:10FB7000D8F800200E49F56012205961B360B080BA
:10FB8000C6E90855536840463146984718B920469B
:10FB900006B0BDE8F081304603F094FF304617F020
:10FBA000E3FFF4E7749B04005C9B0400E9FE0200A1
:10FBB00091FA0200F0B5037CCA78934285B00546FD
:10FBC00029D022D99B1A072BCCBF00240124D4B9F9
:10FBD000314A2B68128804AE214626F8102D28469B
:10FBE0001B69984707462846FEF766FA0223014636
:10FBF00032463846FDF79EF86B7C85F85440043356
:10FC0000DBB26B742B7405B0F0BDD31AF82BD4BFE4
:10FC100000240124DBE70A4690F8540001332B74DA
:10FC200052F804CF030105F11404E01857689668F0
:10FC3000D26844F803C047608660C26095F85430CB
:10FC4000012B0FD01ED3032B18D101231A462921D3
:10FC5000684609F019F86B7C002204336B7485F850
:10FC60005420D0E78B784978AA6D1B0443EA0163DE
:10FC700013430222AB6585F85420C4E7013385F8AD
:10FC80005430C0E7B1F801305BBA9BB20122AB65DA
:10FC900085F85420B7E700BF489B0400F0B503681F
:10FCA0004F4A1B690E88934297B004460D4615D102
:10FCB00070300388B34201D017B0F0BD6B89002BC0
:10FCC000FAD02A7B022A17D00BD8DAB1012AF3D155
:10FCD00005F10C012046FFF76DFFEDE70021984785
:10FCE000E7E7EE2A5FD0FF2AE6D16B7B23B1012B39
:10FCF000E2D1F9F7A7F8DFE70123292106A808F0E8
:10FD0000C3FFD9E706A802F055FC364B1A684AB97A
:10FD1000129A3AB19DF84410032903D1324813993D
:10FD2000026019606B7B8DF80530142106A803EB87
:10FD3000830201FB030316A901EB820252E90E6262
:10FD4000103303CB330E8DF809608DF80630330C79
:10FD5000360A25688DF80D208DF807308DF808607B
:10FD6000130C0026170E120A8DF80C20CDF80E0089
:10FD7000CDF812108DF80A708DF80B308DF80460F4
:10FD80002B6931462046984705462046FEF794F9F0
:10FD900001AA014612232846FCF7CCFF268284F8EC
:10FDA0005460A66588E7114B002518688DF81A5035
:10FDB0004FF4F773ADF81830FDF70CFE23688DF89B
:10FDC0001A0029461B692046984705462046FEF73B
:10FDD00073F90323014606AA2846FCF7ABFF6BE73D
:10FDE00085FA0200903900209439002084390020DF
:10FDF00010B5ADF5627D01A802F042FA4FF46072D1
:10FE0000002102A8F3F7A8FD0220012300225821B7
:10FE1000039003A80A930DF0E7FB00220290C32190
:10FE20009AA80DF0E1FB40F6FC7399901A68013234
:10FE300032D04FF080521C6813691C4420464FF4A6
:10FE4000607202A917F0BFFEB0B940F6FC731C68DF
:10FE50004FF4607202A9204617F0B5FE48B1214662
:10FE600001A802F00FFA02AA214601A8E02302F03D
:10FE70003FFA0DF5627D10BD214601A802F002FA9D
:10FE8000E023214602AA01A802F032FA40F6FC73F0
:10FE90001B680133D9D10EE04FF010224FF0805390
:10FEA00094691B691C4420464FF4607202A917F044
:10FEB0008AFE0028E0D14FF010239C69C8E700BFFC
:10FEC00040F6FC731A6801320ABF4FF010231A681B
:10FED0009A694FF080531B69134493F8A13203B918
:10FEE0007047FFF785BF00BF82B02DE9F04383B0B4
:10FEF0000AA90546684681E80C0002F0C1F9BDF880
:10FF00002A40022C56D0FF2C4BD0012C04D003B039
:10FF1000BDE8F04302B070474C49E86806F048FA83
:10FF20000746002865D001AE384617F01DFE4FF099
:10FF30008052AC6D1169B4FBF1F301FB13438BB933
:10FF4000116989080ED02168013108BF201D04D035
:10FF50004AE050F8041B013146D111690133B3EB7B
:10FF6000910FF6D32146684605F11402102302F0E2
:10FF7000BFF94FF601722B68ADF804201B69002110
:10FF80002846984704462846FEF796F8324601462A
:10FF900002232046FCF7CEFE03B0BDE8F04302B0DA
:10FFA00070472B4B1868FDF7F5FC03B0BDE8F04334
:10FFB00002B070471023684605F11402A96D02F0E3
:10FFC00097F9FFF715FFE868204906F025FB214B5C
:10FFD000186810B1012101F049F8F8F733FF03B0B8
:10FFE000BDE8F04302B070472146684602F04AF986
:10FFF000B8E702AE234606F8044D174C1349E868EB
:020000040003F7
:10000000324606F00FFA2368002B8DD0134AD2F83F
:100010000090994588D24FF08058A9F1040309F661
:10002000FC7101E08B4207D053F8042F0132F9D064
:100030004946684602F026F9D8F81030226823F0C5
:10004000030399449145E8D36EE700BF4C9B04003D
:1000500084390020E43800209039002094390020B1
:100060000220704701EB810100EB41001030704726
:1000700082B070B50C4684B005464968206802AC71
:1000800003C4039908AC481084E80C00CB0745BFB3
:100090002A58029B029CD4580AAB2E1893E80300FE
:1000A0008DE8030008AB0CCB3046A04704B0BDE898
:1000B000704002B0704700BF2DE9F04103681A4E4E
:1000C0001B690F88B34204460D4624D11A300388B9
:1000D000BB4201D0BDE8F0816B89012BFAD9A98917
:1000E000E181A068F9F756FEA068F9F75BFE236886
:1000F0001B692546B34225F80E0F0FD104F11A06ED
:100100002046FDF7D9FF2A46014602233046BDE8C6
:10011000F041FCF7FBBD01219847D8E701212046BB
:1001200098470646ECE700BF6500030082B070B553
:1001300004A981E80C000446FDF7D0FF18B9BDE81A
:10014000704002B07047A068F9F718FE25460D4AC6
:1001500005F80C0F23681B6993420DD104F11006BA
:100160002046FDF7A9FF2A4601463046BDE870400B
:10017000012302B0FCF7DEBD002120469847064669
:10018000EEE700BF650003002DE9F041044682B0B0
:100190000E46154610309846BDF8287008F094FDBC
:1001A00026806580182017F0E6FC08AB054693E82A
:1001B00003006A4682E803002E4603CA46F80C8B09
:1001C0000023084AEB6047F002077360686020462E
:1001D000A780A560E360C4E90833A9606A6102B042
:1001E000BDE8F0817100030070B5044686B08068F8
:1001F000F9F7C4FD2073A068F9F7D4FD144A154B34
:10020000E0810493282000231668059317F0B3FCBF
:1002100006AB054613E90300C0228DE80300234620
:100220000292082128460122FFF7AEFF33683046CC
:100230005B682946984708B906B070BD284603F0A8
:1002400041FC284606B0BDE8704017F08DBC00BFE9
:10025000003B00202D01030070B5044684B0154614
:10026000FDF76CFE1E4B2360A56004F11000FCF747
:1002700047FD002604F11A00FCF742FD2673E681D3
:1002800020461849FDF778FE20464FF4C241FDF79D
:1002900087FE01250922314604F10C032046CDE9F1
:1002A0000152009549F25022FDF78AFE05260222EE
:1002B0002046CDE901260092294604F10E0341F6BD
:1002C0002532FDF77DFE2046FDF708FF28B1064BDD
:1002D0001B6813B12046FFF787FF204604B070BDAE
:1002E000B09B0400D0980400003B0020024B1B6828
:1002F0000BB1FFF779BF7047003B002010B5114BE1
:100300001C6890B0C4B1C9B90F4ACDE9042104AA50
:10031000034692E8030010228DE8030002920821B0
:10032000012206A8FFF730FF236806A99B68204634
:10033000984706A803F0C6FB10B010BDFFF754FFA6
:1003400010B010BD003B00202D0103000021FFF77D
:10035000D5BF00BF0220704701EB810100EB4100D7
:100360002430704790F823200023038480F8223043
:1003700002B9704700B585B00123032240F2FF3176
:10038000684608F081FC05B05DF804FB2DE9F041FA
:100390000446FDF7A3FE18B900263046BDE8F081FB
:1003A0002368DFF890801B694345064639D104F184
:1003B000240003899B07EFD594F82230E068E77C9E
:1003C00094F82110132B074418D894F82020914258
:1003D00005D113E094F820208A420FD0E0685A1C1F
:1003E00084F82220425CFA5494F82230E07C0131F7
:1003F000132B91FBF0F200FB1211EBD9226812696A
:1004000042459DB211D104F124082046FDF754FE67
:100410002B4601463A464046FCF7CAFC3046BDE84A
:10042000F081002120469847C3E7002120469047ED
:100430008046EAE75903030030B503681B4A1B698D
:100440000D88934285B004462DD124300388AB42F9
:1004500001D005B030BD94F8222094F82130E17C21
:1004600094F823501344002093FBF1F201FB123364
:1004700084F8213084F822000123032240F2FF3166
:10048000684608F001FC002DE3D194F82230002BDF
:10049000DFD194F8212094F820309A42D9D0204618
:1004A000FFF774FFD5E700219847CFE75903030012
:1004B0002DE9F04F0368304A1B690C88934285B0E0
:1004C00005460F4654D12E300388A34202D005B012
:1004D000BDE8F08F7B89002BF9D00C3707EB030BBD
:1004E0002B7CAA7C687C591C91FBF2F602FB161649
:1004F00086422AD0AA6997F80080B2F90290B9F131
:10050000000F17DD05F1180A002401E0A14510D005
:1005100021B2504609F082F8804504F10104F5D17A
:1005200001231A464FF49661684608F0ADFBA145D9
:10053000EED12B7CAA6802F80380EB692E749E42F0
:100540000BD00137BB45CBD1C1E7012303224FF4C8
:100550009661684608F098FBF3E74FF0FF33EB61D4
:10056000022201234FF49661684608F08DFBE8E70C
:1005700001219847A8E700BF590303002DE9F04186
:10058000044684B015461E46FDF7D8FC2046254B90
:1005900040F8183B09F002F8013604F12400FCF79A
:1005A000AFFBF6B204F12E000135FCF7A9FBEDB26A
:1005B00006F128002844012103F040FA05F1140354
:1005C00000270344C4E90203A5742046E674278289
:1005D000278484F8227084F823701349FDF7CCFC3B
:1005E00020460121FDF7DCFCA36800974FF01408BA
:1005F00006222B442046CDE9018201210322FDF78A
:10060000DFFCE368CDF804801022204602920097B8
:10061000394633440222FDF7D3FC204604B0BDE83E
:10062000F08100BFFC9B0400E49B0400012923D05F
:1006300070B50446407C71B1A57C461C022996FB2E
:10064000F5F205FB126202D1237C83420DD0A36830
:10065000185C627470BD237C834210D0A37C411C63
:1006600091FBF3F203FB1212F1E7E2614FF49660A3
:1006700002F09AFF607CF1E76FF47A7070470148EE
:1006800070BD00BF0CFCFFFF2DE9F04FB2F1000878
:1006900083B040F39980012B00F0968005461E46FA
:1006A0000091FDF71BFD002800F08B802B68484F60
:1006B0001B69BB4240F0818005F1240003899A0741
:1006C0007FD54FF0000B05F12403DA4601934FF07C
:1006D00001092846FDF702FD002858D02B681B6948
:1006E000BB4258D1019803899B0750D5C34527DAEF
:1006F00095F82010EA7C95F821004B1C93FBF2F44E
:1007000002FB143398421BD0009A0BF1FF301044C7
:1007100008E0EC7C95F821C092FBF4F304FB132372
:100720009C450DD0EA6810F8014F54540BF1010BB1
:10073000D9B2D84503F1010285F82010E9D1C346AA
:10074000022E2CD185F82390032140F2FF3002F0D5
:1007500079FD95F8223043B995F8212095F820309D
:100760009A4202D02846FFF711FE02F0EDFED8456E
:1007700085F823A0ADD195F8212095F820309A4234
:1007800005D02846C346FDF7A9FC0028A6D1584647
:1007900003B0BDE8F08F002128469847A3E795F8FD
:1007A0002230002BF3D195F8212095F820309A4281
:1007B000EDD02846FFF7EAFDE9E7002128469847F3
:1007C0007CE7DFF810B0E2E76FF47A7BDFE700BF89
:1007D0005903030016FCFFFF10B40C681346211DDB
:1007E000B4F902205DF8044BFFF74EBF012BF8B5BA
:1007F00041D017460D460646D3B1022B2AD1437C81
:10080000027C9A423DBF817C8918CB1AD31A9F4241
:1008100023DC002F1EDD6C1EE51902213046FFF798
:1008200005FF04F8010FA542F7D13C462046F8BD6C
:10083000002A0FDD4D1E1C4604E00134A74205F8D6
:10084000010FF3D000213046FFF7F0FE0028F4DA64
:100850002046F8BD00242046F8BD817C3A44D31AD6
:1008600093FBF1F201FB1233C36102214FF4966056
:1008700002F09AFECDE76FF47A74D7E7012A0FD021
:1008800010B51830144608F08FFE022C01D000205D
:1008900010BD01214FF4966002F086FE002010BDCD
:1008A0006FF47A70704700BF2DE9F04F87B000AF4A
:1008B000012B7B60F86000F0B6804D7C0C7CBD6045
:1008C000A5428946934636D01168D9F80830B1F967
:1008D00002105E5D002905F1010824DD00244FF0BF
:1008E000FF3A21B2584608F099FEDBF80010B1F942
:1008F00002100134B04208BFAA46A142F1DC99F8C7
:10090000120099F8104098FBF0F500FB1585AC42F9
:100910001CD0BAF1FF3F40D1D9F8083000295E5D04
:1009200005F10108DADC99F8120098FBF0F500FBFC
:100930001585A542CDD17B68022B0DD0F86808F053
:100940002DFEF8681C37BD46BDE8F08F7B68022B92
:1009500023D1BAF1FF3F20D1594607F1140008F026
:1009600015FE07F1140102224846FFF787FF07F141
:10097000140008F079FD99F8103007F1140003F124
:10098000FF3A08F00BFE07F1140109F1180008F016
:100990000BFE07F1140008F067FDBAF1000FCDDB84
:1009A000BB6899F812409A45ABBFBB68E61AAAEB40
:1009B0000306564406F1080222F007026D46ADEB2D
:1009C000020D00216846721CF2F7C6FFB7F80880D6
:1009D000D9F808E01FFA8AF3984569460FD00DF15F
:1009E000FF3C08F1010090FBF4F204FB12021EF838
:1009F00008000CF8010F1FFA82F84345F1D199F86D
:100A00001130F8680133334493FBF4F204FB1234E1
:100A100089F8114032B208F09FFDF868AD461C37E6
:100A2000BD46BDE8F08F6FF47A7108F03DFDF868BF
:100A30001C37BD46BDE8F08F437C027C934283BFE8
:100A4000807C8018C01AD01A704700BF10B5074BC1
:100A5000036003F1740103F1A40204468161426260
:100A6000183005F0E5FA204610BD00BF389C0400A0
:100A700010B5074A40F8182C02F1740402F1A401E1
:100A80000460C160A0F1180405F0D2FA204610BD40
:100A9000389C040010B5084B036003F1740103F1A6
:100AA000A402044681614262183005F0C1FA204672
:100AB00017F05AF8204610BD389C040010B5094ABA
:100AC00040F8182C02F1740402F1A401C160046022
:100AD000A0F1180405F0ACFA204617F045F82046BE
:100AE00010BD00BF389C0400F0B583B016469DF8D9
:100AF0002050CAB21F463146012304460AF07AFB51
:100B0000012D04F1180003D0032D14BF0025022588
:100B100000213B46324600910195214605F0ACFB91
:100B2000044B236003F174022046A433A261636284
:100B300003B0F0BD389C040042DF7047704700BF2F
:100B4000084602F00BBD00BF82B070B50C4684B001
:100B500005464968206802AC03C4039908AC4810F4
:100B600084E80C00CB0745BF2A58029B029CD4584E
:100B70000AAB2E1893E803008DE8030008AB0CCBFA
:100B80003046A04704B0BDE8704002B0704700BFD7
:100B900082B08DE80C0000F63810002102B0F7F7A3
:100BA00009BE00BF82B010B502A981E80C00BDF8F3
:100BB0000A30062B3ED00FD9152B22D040F6B93281
:100BC000934227D1BDE8104041F290134FF0FF311E
:100BD000C05802B007F0AABA032B21D10446002165
:100BE00000F6540005F06EFB04F67800002105F0D5
:100BF00069FB04F69C00BDE81040012102B006F03C
:100C00000BBCBDE8104041F290130121C05802B066
:100C100007F0B6BA0D2B05D0BDE8104002B0704702
:100C2000052BF9D1BDE81040D0F81C09036802B0CB
:100C30001B6B1847BDE81040D0F82009036802B0CC
:100C40009B6A184738B500F5E16405462046F8F779
:100C500039FE40B105F10C00FCF74EFC38B92046D6
:100C6000F8F738FE50B9BDE838400BF065BE2046B5
:100C7000F8F7EEFFBDE838400BF05EBE2046F8F70F
:100C8000D5FF0028EFD138BD064A1368591E116000
:100C90003BB9054A116821B14189136021F4005321
:100CA00043817047BC20002030200020A0F10400C8
:100CB000FFF7EABF704700BF2DE9F04F89B0044647
:100CC000F8F726F8B64B4FF00008C4E90138201DAC
:100CD00002F026F8B34B236004F10C073C33636049
:100CE00004F134063846FCF783FA04F14C05276317
:100CF00030460922AC490BF099FD04F164072846FF
:100D00000A22AA490BF092FD38461A22A8490BF094
:100D10008DFD42463146012304F1800004F066FD5A
:100D200004F1E00304F1B800039306F0C1F8DDF824
:100D30000C80222304F53B7B294640465B2208F0C9
:100D400093FE04F54B753946122258460BF03EFBD4
:100D500004F5CE6741465A46284604F5DB680497F9
:100D600000F0E4F9934B384604F5C46204F5C16120
:100D70000BF066F904F5AF6204F5AC61404601F092
:100D8000A7FE04F59A6204F59D6104F5DE6001F0AA
:100D90009FFE282704F5E16318462A46059341463D
:100DA0003346009781462A26F8F710FB04F5EB62DC
:100DB00041464B461046069200962A46F9F734F80B
:100DC00040F6F87304F284751A6801320ABF4FF0D6
:100DD0001023196859694FF0805304F2947618690A
:100DE0001B6900EB4000091A01222846F9F7F8FFB9
:100DF000294630460022079605F0B0FA04F5BE6297
:100E0000C4F8B027D4F85026C4F8B427D4F8542630
:100E1000C4F8B827D4F85826C4F8BC2704F5B2673C
:100E2000D4F85C26C4F8A07704F5B56604F5BB6178
:100E3000052304F2E47A04F5B860C4F8A467C4F8A2
:100E4000AC17C4F8C0275C49D4F86026C4F8A807DA
:100E500004F5F46504F2B47704F5F966C4F8C42720
:100E6000C4F8C837C4F8CC37C4F8D037C4F8D4377E
:100E7000C4F8E017504631460722C4F8D857C4F8E2
:100E8000DC77F8F775F94FF0000901231A46CDE930
:100E9000009904F56C7104F6540005F0EDF9CDE904
:100EA00000990123022204F5886104F6780005F018
:100EB000E3F903230222012104F69C0006F00AFB59
:100EC0005A4640F6AC5304F5A06104F6AC0006F0B7
:100ED0007BFB092104F50E6001F0D8FB082104F624
:100EE0000810F8F7F3FE404600F04AFCC4F81C096D
:100EF000404600F029FD079BD4F81C2900930146C9
:100F00005346C4F8200904F6241001F041F904F511
:100F1000A36A04F5A66004F5A961CDE90010039B5E
:100F2000524604F54E7104F63810F7F7C5FDDDE9B9
:100F30000432069904F59450F8F78CF9B4F80635A4
:100F4000A4F80A9043F4006304F5C769A4F80635D1
:100F500048460AF099F80221484609F063FFB4F8C0
:100F60003E36164923F480734046A4F83E3609F015
:100F700083F955F8040B01210AF064FBAF42F8D164
:100F800055F8040B01210AF05DFBAE42F8D1504642
:100F900001210AF057FB204609B0BDE8F08F00BFE1
:100FA000E89E0400209D04000090004000A0004046
:100FB00000A0014000200040E49C0400801A0600CC
:100FC000704700BF2DE9F04F83B0DDE90C9ABDF802
:100FD0003880002B3BD0B9F1000F35D00F2902D15A
:100FE000B8F1C00F33D1074628201D460E46934660
:100FF00016F0C1FD0446103007F066FE182026806A
:10100000A4F802B016F0B7FDCDE9009A06466B468B
:10101000024603CB46F80C5B00233D68D36048F0E2
:1010200002087360E360506091600E495161C4E949
:101030000833A4F80480A2606B68384621469847BC
:1010400040B903B0BDE8F08F1AF0010FC6D16FF4BC
:101050007A70F6E7204602F035FD204616F084FD52
:101060000148EEE7490B030016FCFFFF70B50024B2
:1010700086B04FF48053802205460E4602A82146D2
:101080000094F9F7ADFE012302A80E4A01A9F9F771
:10109000FFFD019B73B101236A460A4902A8F9F7D3
:1010A00001FE05F59450F8F721F902A8F9F7A2FE20
:1010B00006B070BD002EF4D102A8F9F79BFE06B071
:1010C00070BD00BFE09C0400A0F10400EBF7C8BABB
:1010D00010B5084B0360044600F5507008F032F973
:1010E000054B236000232046E38001F089FE204663
:1010F00010BD00BF809D0400E89E0400094B10B5A0
:101100000446036000F5507008F01CF9064B23609C
:101110000023E380204601F073FE204616F024FDF4
:10112000204610BD809D0400E89E04002DE9F04F8C
:10113000B34B03600026044687B04660CDE9021237
:1011400001F0EEFD2046AF4B40F80C3B022203239A
:1011500064210AF04FF803231A46652104F12400A4
:101160000AF048F804F1540B03230422662104F129
:101170003C000AF03FF804F16C0A03231F226721A8
:1011800058460AF037F804F1840503231C2268212D
:1011900050460AF02FF804F19C07284603230E223C
:1011A0006921009504F1B4090AF024F838460323B4
:1011B00025226A2101970AF01DF803230B226B21D7
:1011C00048460AF017F803230A226C2104F1CC00E8
:1011D0000AF010F804F1FC08032309226D2104F140
:1011E000E4000AF007F804F58A7703231E226E2133
:1011F000404609F0FFFF3846032317226F2109F00C
:10120000F9FF03230C22702104F5967009F0F2FF18
:1012100003231122712104F5A27009F0EBFF0323CF
:101220000122722104F5AE7009F0E4FF03230D22C0
:10123000732104F5BA7009F0DDFF03232222742123
:1012400004F5C67009F0D6FF03231A22772104F5AE
:10125000D27009F0CFFF04F5EA750323202278212C
:1012600004F5DE7009F0C6FF032324227921284605
:1012700009F0C0FF324603237A2104F5F67009F025
:10128000B9FF032314227B2104F5017009F0B2FF9A
:1012900003230522862104F5077009F0ABFF032321
:1012A00010227C2104F50D7009F0A4FF032308220D
:1012B0007D2104F5137009F09DFF032315227E2183
:1012C00004F5197009F096FF032316227F2104F517
:1012D0001F7009F08FFF03230F22802104F5257072
:1012E00009F088FF03231822812104F52B7009F0EF
:1012F00081FF03231322822104F5317009F07AFF64
:1013000001230622832104F5377009F073FF0123BE
:101310002822842104F53D7009F06CFF19228521F3
:10132000032304F5437009F065FF019BC4F83033D3
:1013300004F55076009BC4F83833C4F83C73C4F805
:101340002CB3C4F824A3C4F82893C4F834833046DB
:1013500007F0C8FF2C4A02992C4B11602122A26091
:10136000039A1A6013272B6828465B6C0021984764
:10137000A3680137BB4205F11805F4DCD4F8240357
:10138000036800215B6C9847D4F8280303680021A8
:101390005B6C9847D4F82C03036800215B6C98477A
:1013A000D4F83003036800215B6C9847D4F8340309
:1013B000036800215B6C9847D4F838030368002168
:1013C0005B6C9847D4F83C03036800215B6C98473A
:1013D000A1680122013105A807F08AFF05A930465E
:1013E00007F0B8FF05A807F0ADFFA268D4F84033B6
:1013F0001344204600221A7107B0BDE8F08F00BFE9
:10140000E89E0400809D0400F03B0020EC3B00209F
:101410002DE9F8438268D0F8403313441A7942F03A
:1014200001021A718368002B44DD00250646DFF8AF
:101430008890A84600F10C0413E0D3F8003703F4B9
:101440004033B3F5003F06D1D6F840332B441A7928
:1014500042F008021A71B3680135AB4204F1180476
:1014600028DDD6F84033277D2B44204683F80480BE
:101470002368DB69984707F01F020028EBD1202F73
:1014800034BF4FF0A0434B4603EB8203D3F8002751
:1014900002F44032B2F5403FCFD1D6F840332B446E
:1014A00001351A7942F004021A71B368AB4204F1B3
:1014B0001804D6DCBDE8F88300030050F8B5816855
:1014C000D0F840331E4A0B44197921F001011971FB
:1014D0008368D2F80473D2F80413C2F80813002BFF
:1014E0002ADD064600F10C0400250FE011F0080388
:1014F00020464FF0020104BF204619460AF0C0F80A
:10150000B3680135AB4204F1180415DD23682046A9
:10151000DB6998470028F3D1D6F840332B4419797A
:101520004B07E3D5204603210AF0AAF8B36801353A
:10153000AB4204F11804E9DC014BC3F80473F8BDB5
:10154000006000402DE9F04F324C8568D4F804B3B8
:10155000D4F80463C4F80863002D83B045DD9946D0
:1015600000928846064604464FF0000A06E0B3683B
:101570000AF1010A534504F1180436DDE36894F8D2
:101580002070DB6904F10C05284698470028EED14D
:10159000E36828461B6A98470028E8D0638A13F45A
:1015A00000712BD0B8F1000FE1D0009A6AB31F2F61
:1015B00007F01F07184A07F5E07198BF4FF0A042E7
:1015C000019252F8211011F4403FD0D113F4807FE2
:1015D00028460CBF032102210AF052F80123019A88
:1015E00003FA07F7C2F82075C1E70A4B0022C3F8D7
:1015F0007C21C3F804B303B0BDE8F08FB9F1000F4C
:10160000B5D028460AF03CF8B1E7284600990AF020
:1016100037F8ACE7006000400003005010B5044606
:10162000062918D8DFE801F02B3546575704190072
:10163000002A54D08368002B0DDD03EB430300EB3D
:10164000C303418A8C0500F1180002D511680131ED
:1016500011609842F5D1002010BD8268002AFADDA1
:1016600002EB420200EBC202438A990544BF23F415
:101670000073438218308242F6D10020ECE7FFF776
:10168000C7FE0122204611460023FFF75BFF002022
:1016900010BD8268D0F8403313441B79DA0701D4B7
:1016A000FFF7B6FE0123204619460022FFF74AFF46
:1016B000002010BDD0F84033826813441B79DB074B
:1016C00001D4FFF7A5FE012320461A461946FFF76D
:1016D00039FF002010BDFFF7F1FE002010BD6FF4B0
:1016E0007A7010BD10B5044603EB43002160C4E9D5
:1016F00002230121800002F0A1F90023606023820F
:10170000204610BD704700BF064B1B68834203D0C4
:101710001A681846D36A184710B53220F7F79CFBB1
:10172000014810BDA039002016FCFFFF064B1B68C6
:10173000834203D01A681846136B184710B532203D
:10174000F7F78AFB014810BDA039002016FCFFFF07
:1017500010B5034B0360044602F0B2FC204610BDF6
:10176000A49D040010B5054B0360044602F0A8FCDC
:10177000204616F0F9F9204610BD00BFA49D0400D4
:101780002DE9F041404C236813F0010382B0074675
:101790004FD03E4C2368DB073DD53D4D2B7823B120
:1017A0003C4C206802B0BDE8F0813B4E072002F0BF
:1017B00053FA304609F068FC0221304609F032FB4A
:1017C000F38823F4807332213846F38005F0D4F88F
:1017D000002836D1442016F0CEF9052206462F49BE
:1017E0002C4C02F097FA2E4B33604C20266016F0FA
:1017F000C2F906222949804600F09CF8294BC3F81B
:1018000000804046216802F069FD206801232B70AA
:1018100002B0BDE8F0810323192285211E4809F09A
:10182000E9FC0123204A21491B48236016F09EF958
:10183000B3E701221146194807F0A2F901232360FA
:10184000A7E7502016F097F932230522CDE90032A0
:101850003946124B0F4C3246804605F073F854203F
:10186000C4F8008016F087F94FF0060C3C23CDE950
:10187000003C3246094B3946804605F05BF9094B7E
:10188000C3F80080BDE700BF983900209C390020D4
:1018900015430020A0390020AC390020A4390020D5
:1018A000A49D0400C4390020402000200517030037
:1018B00010B5044616F058F9204610BD064B1B68BB
:1018C000834203D01A681846D369184710B53320ED
:1018D000F7F7C2FA014810BDC439002016FCFFFF1B
:1018E000064B1B68834203D01A681846936A184750
:1018F00010B53320F7F7B0FA014810BDC439002005
:1019000016FCFFFF10B5034B0360044602F030FDE8
:10191000204610BDE49D040010B5054B036004464D
:1019200002F026FD204616F01FF9204610BD00BF2C
:10193000E49D040010B5044602F01CFC014B23603A
:10194000204610BDE49D040008B5FFF719FF014BC8
:10195000186808BDC439002082B070B50C4684B048
:1019600005464968206802AC03C4039908AC4810D6
:1019700084E80C00CB0745BF2A58029B029CD45830
:101980000AAB2E1893E803008DE8030008AB0CCBDC
:101990003046A04704B0BDE8704002B0704700BFB9
:1019A000F0B44B68456804680F688668EB1A06EE69
:1019B000903AE71BF8EEE66A07EE907A8B68F8EE4D
:1019C000E77A66EEA66AF31AE7EEA76A012A07EE3F
:1019D000903AF8EEE77AE7EEA76A35DD02EB4202CD
:1019E00001EB8207B0EE666A0C3FD1E90303EB1A04
:1019F00007EE903A201AF8EEE77A07EE100A4A69E5
:101A0000B8EEC77A67EEA77AB21AE7EE077A0C311A
:101A100007EE102AB8EEC77AE7EE077AF4EE667A98
:101A2000F1EE10FAF4EE467A48BFF0EE676AF1EE96
:101A300010FAC8BFB0EE676A8F42D6D176EE667AEA
:101A4000F0BC17EE900A7047B0EE666A76EE667AE2
:101A5000F0BC17EE900A70472DE9F0472DED088B8A
:101A600084B004AC04E90E00159A039E00234FF4E1
:101A700080619A428146DDE90187C0E900338360D5
:101A80008361C0E90311416140F3D080149DDFED13
:101A9000778A02EB420205EB820A2C46D4E9001356
:101AA000FB1A07EE903AA8EB0101F8EEE77A07EE91
:101AB000101AA268B8EEC77A67EEA77AB21AE7EEF4
:101AC000077A0C3407EE102AB8EEC77AE7EE077AE9
:101AD000F5EE407AF1EE10FAB1EEE78A00F1B1804E
:101AE000FDEEC87AF8EEE77AF4EE687AF1EE10FAD5
:101AF000C8BFF0EE678AA245D0D1DFED5C9AB7EEA1
:101B000000BAB0EE69AAF0EE69AAB0EE699AD5E91A
:101B10000012B81A07EE900AA8EB010006EE900A30
:101B2000F8EEE77AAB6867EEA77AF8EEE66AF01AA5
:101B300007EE100AE6EEA67AB8EEC77AE7EE077A65
:101B4000F5EE407AF1EE10FAB1EEE78A7ED4A1EB21
:101B50000801D21B9B1B0C3507EE101AB8EEC76AA2
:101B600007EE102AC8EE887AF8EEC76A07EE103A38
:101B7000B8EEC77AC6EE085A86EE886AC7EE086ADB
:101B800077EECB7AF0EEE55AF4EE497AF1EE10FA00
:101B9000B0EEC66AB0EEE67AC8BFB0EE679AAC4265
:101BA000E5EEA7AAA6EE27AAE7EE279AAFD16AEE3E
:101BB0000A7ABDEEE87AEAEEAA7A17EE103AE9EE72
:101BC000A97AF5EE407AF1EE10FAB1EEE78A45D443
:101BD0004846C9E90087C9F80860C9F81830CAEE54
:101BE000886A8AEE087A89EE886AF7EE007AF0EE63
:101BF000675AE9EE265AF0EE656AF0EE675AE9EEAA
:101C0000075AE9EE067AB0EE657AFEEECB6ABEEED2
:101C1000CB7AFEEECB7AC9ED036A89ED047AC9ED81
:101C2000057A04B0BDEC088BBDE8F087DFED0F9AB4
:101C3000B0EE69AAF0EE69AAB0EE699AB0EE698AD0
:101C4000C6E717EE900A13F0FDF849E717EE900A81
:101C500013F0F8F8D5E90012AB6878E717EE900AB0
:101C60008DED007A13F0EEF8009BB1E70000000064
:101C70002DE9F04F8BB0131E8346019100937ADD5E
:101C800003EB430000230A4601EB80001C46194683
:101C9000D2E9007695680C3282423C4431442B44B0
:101CA000F6D1009A94FBF2F0059091FBF2F193FBD0
:101CB000F2F3059ACBF80830CBE900215846DDE96C
:101CC0000021FFF76DFE0023CDE9033305EE900AF6
:101CD00002930DF11C086FF0C7096FF0C70A6FF08F
:101CE000C7079BE8070088E80700DDE90745099E6C
:101CF0004C443E445544DDE900214046CDE90745CA
:101D00000996FFF74DFE07EE900AF4EEE57AF1EE44
:101D100010FA07F1C80704D5CDE9035605EE900A7D
:101D20000294B7F5C87FDCD10AF1C80ABAF5C87FBA
:101D3000D5D109F1C809B9F5C87FCED1059B029A62
:101D400093420AD0039A029BCBF80420049ACBF862
:101D50000030CBF808200593BDE7DBF80430039A88
:101D60009342EFD1DBF80830049A9342EAD1584607
:101D70000BB0BDE8F08F00231946059399E700BF2B
:101D8000F0B587B003AC05460E4617462046FFF770
:101D90006FFFCDE90067284694E80E00FFF75CFE70
:101DA000284607B0F0BD00BF82B02DE9F04FEDB07E
:101DB00076A98346642081E80C0001F04DFF0522DE
:101DC000114610A807F08CF8BD4911A807F090F84B
:101DD00021AB6CA900229A60C3E900220C338B422C
:101DE000F9D1DBF808008DF864200368B54E9B6AD2
:101DF000CDE91322CDE91522CDE9172298470B90A2
:101E0000DBF808000368FF215B6A9847DBF80800ED
:101E10003C3003F067FF43F68C42002307920493A3
:101E20009A460693CDF814B09B46079B43F68C4226
:101E300093420DF1640900F0AE80A34A9342C0F2D0
:101E4000AA80079BA3F1640214B2002B00F0DA8091
:101E5000049B0F2B00F0D680079BCDE90743069922
:101E60009A4B059D2831A3FB0132C820920900FB43
:101E70001212D3B26868069302F0ECF80446686860
:101E800002F0F0F814F52A7FC0F2A18014F1C80F17
:101E9000C0F2B080B4F52A7F00F30D81C82C40F366
:101EA0001F81032310F52A7F09931F4680F2968035
:101EB00000230A93984610A806F07EFF814D13ACCC
:101EC00005E04C4505F102050ED014F801BFBBF149
:101ED000010FF6D16A782978FF2310A806F076FF63
:101EE0004C4505F10205F0D1069BDDE9091210A869
:101EF00006F06CFF089B002B02DB049B0F2B08D91C
:101F0000059B98680023009310301A4610A907F02B
:101F100055F800231C460DF1300B04E00134192C58
:101F20002BD016F814309F42F8D106EB44035B78AF
:101F30004345F3D10AEB4A0321A901EB830513AB17
:101F40005846195D01294FF00002E7D0059B19683A
:101F500002F0C6F99BE8070013AB85E80700049D73
:101F60004FF001021A55013501340AF1010AEBB2B2
:101F7000192C5FFA8AFA0493D3D1642001F06CFE25
:101F8000BAF1180F47D8079B9DF84CB043F68C4226
:101F900093427FF452AF059CA068F9F7BBF9A068A3
:101FA0004B4900F13C041AA807F092FA78221AA9CA
:101FB000204603F079FF1AA807F056FA43F68C433F
:101FC00043F62842CDE907230023049347E7002383
:101FD00009931F4610F52A7FFFF66AAF10F1C80F6C
:101FE0000CDBB0F52A7F62DCC82875DD03230A9379
:101FF000984660E7012309931F46EBE701230A9304
:10200000984658E7059B9868079B08933C3003F077
:1020100069FE079423E7524621A91AA8DDF814B0F7
:10202000FFF7AEFE1DAB0FCBDBF800408DE80F00D5
:102030001AAB20460ECB02F037F9DBF80C0020B1CA
:102040001AAA1C23234904F0EDF9DBF80800F9F77C
:1020500061F9DBF8083011A912A803F13C0406F07D
:102060007BFE002340F2DC52CDE9003212A91A4671
:10207000204603F087FE12A806F060FE4FF47A7047
:1020800001F0EAFDDBF80800F9F744F9DBF8080095
:102090000B9903685B6A984711A806F04FFE10A8D9
:1020A00006F04CFE6DB0BDE8F04F02B0704704235F
:1020B0000A939846FFE6042309931F468AE700BF68
:1020C000149E0400809E0400D18AFFFF1F85EB51FF
:1020D0005C9E0400749E040002230A939846EAE67C
:1020E000022309931F4675E72DE9F04F83B0DDE920
:1020F0000C9ABDF83880002B3BD0B9F1000F35D0D9
:102100000F2902D1B8F1C00F33D1074628201D4650
:102110000E46934615F02FFD0446103006F0D4FD10
:1021200018202680A4F802B015F025FDCDE9009A0C
:1021300006466B46024603CB46F80C5B00233D681F
:10214000D36048F002087360E360506091600E490C
:102150005161C4E90833A4F80480A2606B68384672
:102160002146984740B903B0BDE8F08F1AF0010F3F
:10217000C6D16FF47A70F6E7204601F0A3FC204642
:1021800015F0F2FC0148EEE75919030016FCFFFFB9
:10219000F0B58DB004461298C4E90012C4E90230CB
:1021A0001C4904F005F9E8B10646074656F8100F39
:1021B000D4F800E07168B268F3680DF1140C65465C
:1021C0000FC530697169B26907C50CAB13E90F001F
:1021D0008DE80F0070469CE80E0002F065F8384666
:1021E00015F0C2FC0C4B1B6883B10C4A059200220F
:1021F000069205AA92E80300C0228DE8030002922D
:102200001846032223460621FFF76EFF20460DB035
:10221000F0BD00BF749E0400003B0020A91D030018
:10222000C38843F48043C380704700BF82B0C0F3CB
:102230000761C0F30742C0F307238DF807008DF84C
:1022400004108DF805208DF80630019802B0704713
:1022500082B0C0F307238DF807008DF80630BDF873
:10226000060002B0704700BF29DF704728DF7047C3
:10227000022802D1014B01221A7070471643002038
:10228000704700BF70B50C46F6F7CAFD98B1164D01
:1022900000232B704FF0805602E00A2003F022FB4F
:1022A0003069B4FBF0F0FFF7E1FF0028F5D12B789F
:1022B000002BFCD070BD0D4A0223C2F80435D2F8C1
:1022C0000034002BFBD00949C2F80845D1F800348E
:1022D000002BFBD00023054AC1F80435D2F80034A6
:1022E000002BFBD070BD00BF1643002000E0014072
:1022F000F8B50D4614461E46F6F792FD88B11A4F02
:1023000000233B7002E00A2003F0ECFA324621463B
:102310002846FFF7A9FF0028F5D13B78002BFCD019
:10232000F8BD124A0123C2F80435D2F80034002B5C
:10233000FBD0002E0EDD211F0C4A01EB8606281F64
:1023400051F8043F40F8043FD2F80034002BFBD092
:10235000B142F5D1054A0023C2F80435D2F8003461
:10236000002BFBD0F8BD00BF1643002000E0014069
:10237000F0B50B4687B09A68496804461868DB6870
:1023800002AD0FC59DF80860032E3CD84FF0805376
:10239000BDF80A201D699DF80930039F022B05FB3B
:1023A00002F51FD006AB13E903006A4682E803007A
:1023B000731EDBB203EB830C4FEA8C0C03CA0CF1E7
:1023C000100E03EB830304EB830304EB0E0C2F448A
:1023D00044F80E00CCF8041000201E719D60DF60F0
:1023E00007B0F0BD0498002102E00131642902D059
:1023F000435C002BF9D100220BF0F6F80023CDE965
:1024000000036A46D4E76FF47A70E9E72DE9F04FEC
:10241000604A614C614B4FF0805122440C69D21AE2
:1024200085B0B2FBF4F304FB13230192002B00F000
:10243000AD800C691444E41A40F6F8734FF08051F3
:102440001A680F6901320ABF4FF010231E685E69D7
:102450004FF080531B69A6EB8306A6427DD98046C8
:10246000DFF848A1DFF848B108E054F8103C5B45BC
:1024700076D027F003031C44A6426ED9CDF80CA0F9
:10248000039B2268DB439A42EFD16368444A93423C
:10249000EBD1A368434A9342E7D102F14E42E3688D
:1024A000A2F5A512A2F64F229342DED198F80020A1
:1024B000032A1CD002EB8201531C08EB8101DBB222
:1024C00000264FF4E035032B8E60CD6088F8003095
:1024D0000E715DD003EB830108EB810102328D6048
:1024E000D2B20120019DCD6088F80020087140F62D
:1024F000F8714FF0805308681F691D6901300ABFE9
:102500004FF01023086858694FF08053032A1E6962
:1025100011D002EB820108EB8101A0EB8600019B48
:10252000B3FBF5F3013205FB037302268B60C86031
:1025300088F800200E712246234652F8101F526878
:10254000C8F82820C8F8241053F8182F5B68C8F87A
:102550003C30C8F83820C8F8304005B0BDE8F08FEE
:1025600054F8043C104A934283D114F8083C002BE1
:102570003FF47FAFA4F12005A5EB0319294640469F
:10258000103DFFF7F5FE4D45F8D172E7019C53E78A
:102590001A46ACE7B823002024B6040040200020EF
:1025A000C615A841C49866C99DD7B1C18F71C46DC5
:1025B000FE307F590346002210B503F8102B044665
:1025C00000F14C0103F80C2C1A605A6043E9022216
:1025D00014338B42F6D12046FFF718FF204610BD7A
:1025E00010B5044B036000230446C38000F008FCD0
:1025F000204610BDE89E040010B5064B0360002382
:102600000446C38000F0FCFB204615F0ADFA2046DE
:1026100010BD00BFE89E0400F0B51B4F85B0054615
:1026200000F118062C6974B1E278012A0DD0022A53
:1026300005F1200021D100F0FFF92B69A3420AD057
:102640001C46002CF0D105B0F0BD304600F0CAF9B0
:102650002B69A342F4D10222C7F88020BFF34F8F29
:10266000BFF36F8F2969EB7A496A2961013BEB72ED
:1026700020463A6015F078FAD4E701230A2168462B
:1026800006F002FBD9E700BF00E100E070B5114B96
:1026900003600025044645600E4600F041FB2046DD
:1026A0000D4B40F8183B214600F098F9214604F103
:1026B000200000F0BDF9094BA57207210622E57242
:1026C00021726272A680E580C4E9035565611C60D1
:1026D000204670BDE89E0400C49E0400C839002056
:1026E00038B543694BB3C27A032A23D8C288D207CC
:1026F0004CBFC268124A9A6204462C2015F03BFA7D
:102700002C2200210546F1F727F9636900225A625D
:1027100022690AB90BE01A46536A002BFBD16369A0
:102720005362E37A65610133E372002038BD636967
:102730002361F6E76FF47B7038BD6FF47A7038BDB3
:1027400016FCFFFF38B5194BD3F8002122B1002148
:102750000122C3F800119A60144BD3F80C217AB10E
:10276000134C0021C3F80C112068D3F80054C28820
:10277000012D02F0010204D09AB90C4B01229A609B
:1027800038BDD3F848350AB15B42C360FFF7A8FFF4
:102790002268064B5269C3F80425044B01229A6053
:1027A000EEE7024BC16001229A60E9E700100040A9
:1027B000C8390020F8B5C388DB0701D50020F8BD73
:1027C0000446F6F72DFB00286DD16569002D61D018
:1027D0004FF0804300220121C3F800211A461960FE
:1027E000D2F80031002BFBD0637A304A304DD35CF5
:1027F000C5F80C35227AC5F808252E4B0022C5F8FD
:102800001025C5F81C35A67AF6F70AFB00283DD03E
:10281000274BDFF8B0C0284F284D002001210826A3
:10282000C3F82C050222C3F83015C3F81465C3F8A9
:1028300018C54FF6FF7CC3F83425C3F83CC5C3F870
:1028400038751827C3F854756769C3F80475C3F859
:102850000463C5F880212A60D3F8002242F01002F8
:10286000C3F80022C3F800011A465960D2F80031BB
:10287000002BFBD0E38843F4804343F001030020A6
:102880000121C2F80C019160E380F8BDA672C5F881
:102890002465BDE72C2015F06EF929462C22F1F7AE
:1028A0005BF8606194E70648F8BD00BFB49E040081
:1028B00000100040746962752110010000E100E021
:1028C00016FCFFFF2000040210B50446F6F7A8FA34
:1028D000F8B9E38813F0010301D1184610BD0E4B7F
:1028E0000222C3F88020BFF34F8FBFF36F8F0B4BD3
:1028F0000121C3F810011A461961D2F81031002BDA
:10290000FBD0E38823F4804323F00103E38000201D
:1029100010BD034810BD00BF00E100E00010004002
:1029200016FCFFFF70B505460C46F6F779FA00284D
:1029300036D1EB8844B113F001041FD1194A106855
:10294000C0F3400070B970BD13F0040120D113F042
:102950000200F8D0134A23F002030224EB80146033
:10296000084670BD43F002030221EB80C2F88010DC
:10297000BFF34F8FBFF36F8F204670BD06462846CA
:10298000FFF7A2FFEB8843F004033046EB8070BDF5
:1029900023F00403EB802846FFF70CFF204670BDB0
:1029A000014870BD00E100E016FCFFFF034600692E
:1029B00088B1094930B40224C1F88040BFF34F8F79
:1029C000BFF36F8F1D69DA7A6D6A1D61013ADA72A1
:1029D0000C6030BC7047704700E100E00022C0E9A5
:1029E0000012704710B5044684B00068FFF7DEFFA0
:1029F000002343626268B2B1516A09B915E0114619
:102A00004A6A0133002AFAD1032B08DC4862012309
:102A10001A460921684606F037F904B010BD15F0D2
:102A2000A3F804B010BD6060F1E71146EEE700BF07
:102A3000002241600270704738B504464068FFF7D5
:102A4000B5FF012305462370043006F047F9002343
:102A500028462370BDE8384015F086B810B5044606
:102A6000006806F02FFE204610BD00BFF8B522EA30
:102A7000E275044605F10C001F460E4600F098FF73
:102A8000206006F047FE23681D72226857603EB141
:102A900020682A4631460930BDE8F840EFF7CABD44
:102AA000F8BD00BF10B5074C00232046194601228F
:102AB000FFF7DCFF2046044A0449BDE8104015F04A
:102AC00055B800BFCC390020402000205D2A03000B
:102AD00010B50023044607F0DFFC024B23602046BC
:102AE00010BD00BFDC86040088B110B5044615F0A7
:102AF000C6F801382044844207D22378027804F8CB
:102B0000012B00F801398442F7D3002010BD6FF487
:102B10007A707047F8B549B380EAE074C4EBE074AA
:102B20004F1E0025DFF84CC000E01D468CFB04233F
:102B3000E217C2EBA30202EB8203C4EB4303303380
:102B4000564207F8013F14466B1C002EEDD10028B9
:102B500001EB030203DA2D220235CA544A1900237D
:102B600008461370FFF7C0FF3046F8BD6FF47A7661
:102B7000FAE700BF67666666014B18600020704781
:102B8000D0390020002821DD30B4124D124B2A68C4
:102B9000002A00F1FF3408BF1A462146002093099D
:102BA00083EAD273534083EA121383EA92035208F2
:102BB000534042EAC37202F00103490843EA40006D
:102BC000EDD1A042E9D82A6030BC70476FF47A702A
:102BD000704700BFD0390020A10D0C000A4B0360E4
:102BE00010B40A4C0023C380224602E001333C2B80
:102BF00006D052F8041B8842F8D1002244F8232062
:102C00005DF8044B704700BFE89E0400D4390020F3
:102C10000048704716FCFFFF10B504460A4B0B48EE
:102C200023600023E380024602E001333C2B06D000
:102C300052F8041B8C42F8D1002240F82320204691
:102C400014F092FF204610BDE89E0400D439002005
:102C5000013908B503290AD8DFE801F00B0B02029D
:102C60000368084ADB68934201D00021984700209E
:102C700008BD0368034ADB689342F8D001219847F6
:102C8000F5E700BF0991020070B584B004AC04E917
:102C90000F00BDF80230012B18D0022B14D1154CB7
:102CA000154E04F1F00501E0AC420DD054F8040FCC
:102CB0000028F9D0C3885B04F6D503689B68B3424B
:102CC000F2D09847AC42F1D104B070BD094C0B4E24
:102CD00004F1F00501E0A542F6D054F8040F0028F5
:102CE000F9D0C3889A04F6D503685B68B342F2D082
:102CF0009847F0E7D03900208986020085860200D7
:102D000010B5064C20884FF6E853984203D9152099
:102D1000F1F770FC2088431C238010BD6A2300203B
:102D20002DE9F041314C82B02246002302E001330C
:102D30003C2B05D052F8041B0029F8D144F823009D
:102D40002B4C237813F001030BD12A4D2A6842B192
:102D50000093102201234FF47A60002102F006FD57
:102D600010B102B0BDE8F0812820D5F80080224ED5
:102D700014F001FFC02300930122204B10210746CD
:102D800000F06CFED8F800305B68B34222D13846C0
:102D900000F098FE384614F0E7FE28202F6814F063
:102DA000EAFEC02300930222144B0F21054600F0D7
:102DB00055FE3B685B68B34212D1284600F082FEA4
:102DC000284614F0D1FE237843F00103237002B0AB
:102DD000BDE8F0814046394698470028DDD0D6E767
:102DE0003846294698470028EDD0E6E7D439002038
:102DF00017430020003B0020112C0300892C030006
:102E000010B4084C0023224602E001333C2B06D0CC
:102E100052F8041B8142F8D1002244F823205DF8C7
:102E2000044B7047D4390020062816D8F8B5012382
:102E3000834013F0580F0E4605460FD0104CA4F1F6
:102E4000F00754F8043D32462946184613B11B6872
:102E50001B699847BC42F4D1F8BD704713F0270FA7
:102E6000FAD0084C04F1F00754F8043F32462946E2
:102E7000184613B11B681B699847A742F4D1F8BDE7
:102E8000C43A0020D0390020084600F067BB00BFDC
:102E90000048704716FCFFFF10B5044609F044FDDA
:102EA000E3696BB1A2699A61A3690BB1E269DA6166
:102EB0000023C4E906336361BDE8104009F026BD74
:102EC000D4E905321A60EFE738B50D46044609F03B
:102ED0002BFD2A6865610AB90AE01A469369002B3E
:102EE000FBD19461C4E90632BDE8384009F00EBD5B
:102EF000C4E906222C60BDE8384009F007BD00BFD8
:102F00002DE9F04184B004AC04E90F00114B1C68BA
:102F1000DDE902014FF47A72002314F035FCB4B1FC
:102F2000DFF8348006460F46E268A56900239F4219
:102F300008BF964208D3636920460BB1FFF7ACFF88
:102F400020464146FFF7C0FF2C46002DECD104B0CF
:102F5000BDE8F081CC3A0020D43A00202DE9F04FB2
:102F6000DFF8E08093B0D8F8005004AC84E80F009C
:102F7000002D32D02F4BBDF810401A68BDF81260FA
:102F8000AAB12D4F4FF0000A40F2FE3540F2FF3952
:102F9000D368D2F818B0190CAC429BB288B21FD0DB
:102FA000002B33D09C4231D05A46002AF0D1A4F2F3
:102FB000FE33012B11D9D8F80050204B1027324690
:102FC000214608A8009700F049FD2B681C4A9B6821
:102FD00093422AD108A800F075FD13B0BDE8F08F28
:102FE0004B45DDD109B1B042DED1BAF1000FDBD1E2
:102FF000536923B110460392FFF74EFF039A104620
:103000003946FFF761FF4FF0010ACDE709B1B04241
:10301000CAD1536923B110460392FFF73DFF039ACB
:1030200010463946FFF750FFBEE7284608A99847E3
:10303000D0E700BFE43A0020D43A00205D2F03001F
:10304000912E0300C83A0020014B1868704700BF5A
:10305000D83A002038B509F067FC164B1C68D4B18B
:10306000636913B12046FFF717FF09F04FFC0023F7
:1030700023616362256809F09DFC0146284609F03A
:10308000A5FC09F051FC0C4B1A6822621C6009F087
:103090003DFC204638BD282014F06DFD282200217B
:1030A0000446F0F759FC09F089FC0023C4E9000349
:1030B000A360DAE7DC3A0020D83A002038B50A4BA2
:1030C0001C682369DB0707D5084D286830B1636A9F
:1030D0004362002363620446204638BDFFF7BAFF0F
:1030E00028600028F8D0F2E7C43A0020D03A002047
:1030F0002DE9F041464D2A7812F0010482B002D049
:1031000002B0BDE8F081434E434F3060FFF7A2FFAD
:10311000424B43491860FFF7D7FEFFF79BFF38602B
:10312000D0F8008009F046FC011F404609F04CFC35
:103130003B683C49186809F045FC3768002F4ED0C1
:10314000282014F018FDC0232246009340F2FF31DE
:10315000354B364C804600F081FC3B685B68A342EF
:1031600044D1404600F0AEFC404614F0FDFC28205F
:10317000D6F8008014F0FFFCC023009300222A4BF5
:1031800040F2FE31074600F069FCD8F800305B6879
:10319000A34237D1384600F095FC384614F0E4FCE1
:1031A00000230F22002100934FF47A60012302F0E4
:1031B000DDFA2820376814F0DEFCC02300930122DA
:1031C0001B4B0F21064600F049FC3B685B68A3429D
:1031D00012D1304600F076FC304614F0C5FC2B7856
:1031E00043F001032B7002B0BDE8F0813846414640
:1031F00098470028BBD0B4E73846314698470028A6
:10320000EDD0E6E74046394698470028C8D0C1E7E8
:1032100018430020C83A0020E03A0020C43A0020B9
:10322000D43A0020993703005D2F0300112C0300CE
:10323000012F0300024B187800F00100704700BF17
:1032400018430020F0B51F4F3B6883B0002B37D0E8
:103250001D4B1B78DB0733D50E460446FFF72EFFC8
:10326000436944EA06420546C2600BB1FFF714FE0B
:1032700028461649FFF728FEA4F2FE33012B16D983
:1032800028203F6814F077FCC02332460093214683
:103290000F4B054600F0E2FB3B680E4A5B68934229
:1032A00008D1284600F00EFC284614F05DFC0020F2
:1032B00003B0F0BD3846294698470028F7D0F0E71C
:1032C0000548F5E7C83A002018430020E43A0020FA
:1032D0005D2F0300112C030016FCFFFF2DE9F041C8
:1032E00028B321B30546984617460E46FFF7B2FEAF
:1032F0000446E0B132463B462946006809F070FBBF
:10330000256809F057FB011F284609F05DFB0A4BB1
:103310000A492068B8F1000F18BF194609F052FB9E
:1033200020460749FFF7D0FD2046BDE8F081002484
:103330002046BDE8F08100BF713703009D360300D1
:10334000D43A0020074B1B7813F0010308D010B4C7
:10335000144601230A4621465DF8044BFFF7BEBF21
:103360001846704718430020024B1868B0FA80F0E6
:1033700040097047D43A002030B50F4D2B789A079A
:1033800085B004D50D4B1B6873B105B030BD43F05B
:103390000204022201230F2168462C7005F074FC00
:1033A000064B1B68002BF0D12B7823F002032B7007
:1033B000F5F79AFE05B030BD18430020D43A00203E
:1033C0002DE9F0415A4D2C682369D90737D4594E5D
:1033D000594F3268396812B36069B04200F0898091
:1033E0002A6091421CD0944252D08C4252D0534B0E
:1033F00062699A424ED0206809F0EAFA064609F05E
:10340000E9FAD4E90131361ACB1A9E422F6860D806
:103410002068BB683A68BDE8F04109F011BC29603A
:103420001B0745D52C60FFF7A7FF3368002BFAD0A8
:103430009C422B602CD039688B42D6D13BE0404E69
:103440002068326843F0020323611369146843F073
:103450000403136109F0C2FA0146204609F0B6FAE6
:103460003768386809F0B4FA044609F0B3FAD7E9C6
:103470000123241A9B1A9C4241D833689968186822
:1034800009F01FFC2B681A690021920731600AD4E9
:10349000BDE8F0812A680021936812680846BDE8FB
:1034A000F04109F0CDBB1868BDE8F04109F043BC1C
:1034B0002B689C42ECD01E6809F07CFA011F304654
:1034C00009F082FA3B681F49186809F07BFA3968ED
:1034D0008BE72C6009F07EFA6068203626F01F0624
:1034E00018BB304600F064FA3118C4E901012F60BE
:1034F0008EE7A069002818BF02462A6071E7D5F858
:1035000000802F6009F066FA7868203424F01F04E8
:1035100040B9204600F04CFA0444C7E90104C5F85C
:103520000080AAE700F06AFAF3E700F067FAD8E74C
:10353000C43A0020D43A0020E03A0020DC3A0020CF
:10354000D03A002099370300034B1B78DB0701D5E5
:10355000FFF736BF704700BF1843002070B5104D0D
:103560002A78D20714D50446FFF7A8FD064602F0D4
:10357000DDF873692044F06013B13046FFF78CFC2E
:1035800030460849FFF7A0FC2B78DB0704D470BD58
:10359000BDE8704000F060BBBDE87040FFF710BFB1
:1035A00018430020CC3A002000B583B0FFF74AFE54
:1035B00018B9074B1B78DB0702D403B05DF804FB96
:1035C0000190FFF7FDFE019803B05DF804FB00BF1A
:1035D0001843002038B5284D2868436913B1FFF718
:1035E0005BFC2868254C2146FFF76EFC24684CB133
:1035F000A369002223B11C460132A369002BFAD132
:10360000032A22DC2B6800221A611C6809F0D2F917
:103610000146204609F0DAF909F086F9184B2968C5
:103620001A688A4225D04AB1136A99421DD02BB13B
:103630001A6A91421AD01346002BF9D109F066F9A3
:10364000104B1B78DB070CD438BDE269206893610E
:1036500000F0D4F9606800F0D1F9204600F0CEF90E
:10366000D0E7BDE83840FFF7ABBE13460A6A1A62DE
:10367000E4E7126A1A60E1E7C43A0020DC3A00206D
:10368000D83A002018430020034B1B78DB0701D5F4
:10369000FFF7A0BF704700BF1843002010B50C46CD
:1036A0008047A047044B1B78DB0700D410BDBDE862
:1036B0001040FFF78FBF00BF18430020034B1B785B
:1036C000DB0700D47047FFF785BF00BF1843002019
:1036D000002842D02DE9F041DFF8908098F80030C2
:1036E000DC0782B032D51E4F3B680A46196949078C
:1036F000054601D15C6A44B1284601231949FFF708
:10370000EDFD002002B0BDE8F0811868019209F0DB
:10371000FAFA3968019A0B6913F0020618D143F0DE
:10372000010310460B61A8473B6818695E6220F0F0
:10373000010210F004001A61E4D098F8000010F0C3
:103740000100DFD0FFF746FF3046DBE70648D9E748
:1037500023F003030B612046D4E76FF47A707047BF
:10376000C43A0020BD36030016FCFFFF18430020BA
:1037700038B50346144610460D4698472046A847DC
:10378000044B1B78DB0700D438BDBDE83840FFF799
:1037900021BF00BF1843002008B5044CFFF7ECFD23
:1037A0002378DB07FAD5FFF70BFEF7E71843002075
:1037B000024B1878C0F38000704700BF1843002008
:1037C000054A137818B923F004031370704743F0C7
:1037D00004031370704700BF1843002010B4002486
:1037E000C460C0E9001102725DF8044B704700BF6D
:1037F000F8B5194D2B78DA0700D4F8BD044609F066
:1038000093F82668013E266009F080F8002EF4DA6D
:10381000FFF754FC436907460BB1FFF73DFB04F18A
:103820000C013846FFF750FB09F07EF823689E42F2
:1038300008DD7B6913B13846FFF72EFB3846074990
:10384000FFF742FB09F062F82B78DB07D5D5BDE81E
:10385000F840FFF7B5BD00BF18430020D43A002060
:10386000036810B5C4680133036054B1636913B1D0
:103870002046FFF711FB20460249BDE81040FFF744
:1038800023BB10BDD43A0020C36810B504462BB149
:103890002046FFF7E5FFE368002BF9D1237A0BB947
:1038A0006368236010BD00BF00680028B4BF4042B9
:1038B00000207047F8B50C4C05460E46277809F0F5
:1038C00033F80A4A731B02EBC7019B0843F000431D
:1038D00042F837504E602B6023780133237009F093
:1038E00015F80020F8BD00BF1A430020E83A002078
:1038F000064B1B78834207D9054B03EBC00253F8F4
:1039000030305068C01A7047002070471A430020BA
:10391000E83A0020F8B583074FEA90063BD188B11A
:103920000D4609F001F8D5E90045771CA54206D9F6
:103930002368002B07DB04EB8304A542F8D808F0CA
:10394000E5FF0020F8BD23F00043990054F8232040
:10395000002A04EB01000DDB0EE022F000421344CC
:1039600043F00042226054F823209900002A04EB1F
:10397000010001DA8542F0D89F4201D90C44D5E715
:1039800002369E4209D3236823F00043236008F0E7
:10399000BDFF201DF8BD0136C2E704EB8606B54227
:1039A000F1D9DB1B43F0004346F8043C2760EEE707
:1039B00038B5044640B10C4D2B783BB120460B493D
:1039C000FFF7A8FF044658B1204638BD0849094A08
:1039D000086809491370FFF76DFF01232B70EDE7AD
:1039E0001420F0F707FEEFE719430020E83A002023
:1039F000182100201A43002000F80120A0B10E4B2E
:103A00001A6882420DD25B6883420AD950F8043C9E
:103A1000002B10B5044608DD43F0004344F8043C95
:103A200010BD1E20F0F7E6BD70471E20F0F7E2FD46
:103A300054F8043CF0E700BFE83A002038B501FB39
:103A400000F52846FFF7B4FF044628B101232A46B3
:103A500003600021EFF780FF204638BD2DE9F041DB
:103A600004461030884617461E46BDF8185005F02B
:103A70002BF90020E060C4E90800A4F8008067800A
:103A8000A660A5802046BDE8F08100BF2DE9F8437F
:103A9000BDF82450089E04461030894690461F46C3
:103AA00045F0010505F010F90020C4E90800A4F86C
:103AB0000090A580A4F80280C4E902762046BDE803
:103AC000F88300BF83889B0710B5044602D5806841
:103AD00014F04AF8204610BD82B070B586B00AA92D
:103AE00081E80C00036A4BB31C696CB1012200E051
:103AF0001C4623690132002BFAD1092A05DD06B0E4
:103B0000BDE8704002B070471C460AAB0FCB02AD57
:103B100085E80F00182014F02EF806AB064613E9CE
:103B2000030095E80C008DE80300304605F0F2F83C
:103B3000266106B0BDE8704002B0704704460FC968
:103B400002AD85E80F00182014F015F806AB064604
:103B500013E9030095E80C008DE80300304605F0FA
:103B6000D9F8266206B0BDE8704002B0704700BFC9
:103B7000D0E9002303F10053013B10B402EBC3046E
:103B8000A24210D852F8333099420CD8A21A22F02F
:103B900007022346A21A03E053F8080D814202D817
:103BA00093421C46F8D160685DF8044B704700BF33
:103BB000D0E9002303F10050013802EBC0039A4220
:103BC00052F8300016D8814215D89A1A22F007020E
:103BD00010B49A1A03E053F8080D814206D89342B4
:103BE0001C46F8D118685DF8044B704720685DF8F2
:103BF000044B704770477047D0E9002303F1005031
:103C0000013802EBC0039A4252F830001FD88142BB
:103C10001DD89A1A22F007029A1A9342184615D014
:103C200010B453F8084DA14206D8934218460BD061
:103C300053F8084DA142F8D900685DF8044B081A02
:103C4000B0FA80F0400970471868F6E71868081A5B
:103C5000B0FA80F04009704701F044BE01F012BE96
:103C6000FEF78ABFFEF78EBF38B50446074B0360E8
:103C700000254560FFF754F8E388054A258143F4A1
:103C800080532260E380204638BD00BFE89E0400D8
:103C90000C9F040010B5044B036000230446C3804E
:103CA000FFF7AEF8204610BDE89E0400008970477B
:103CB000807A704738B5036881720446DB6A98479A
:103CC0002368074A9B6A9342054603D1A07AA072F3
:103CD000284638BD20469847A072284638BD00BF08
:103CE000B13C030038B5036801810446DB6A98479C
:103CF0002368074A1B6A9342054603D12089208125
:103D0000284638BD204698472081284638BD00BF48
:103D1000AD3C0300F8B504460025154B0360456033
:103D20000E461746FEF7FCFF94F8363066624FF0F9
:103D30000112C4E90E22022103F0F90365F3C30363
:103D40000C4E2563142084F84050A1722081E56058
:103D5000C4E90455C4E906552562A780E580A58617
:103D6000A4F8425084F8363026602046F8BD00BFE3
:103D7000E89E0400349F0400C16811F5C87FF0B4C8
:103D800080F2848090F8363013F0020340F0868091
:103D9000046914F5C87F66DA90F8362012F0040240
:103DA00069D1456915F5C87F31DA90F8362012F0EF
:103DB000080234D0B2FA82F390F8366090F84020CE
:103DC0005B0963F3C30680F83660032A08D8013222
:103DD000D2B2012A80F8402000F08B80042A77D0EC
:103DE000B0F8423090F8366001339BB216F001070C
:103DF000A0F8423062D01D2B17D900236FF30006C4
:103E000080F83660A0F8423080F840300DE0B5F51B
:103E1000C87F04DD90F8362012F00802CAD090F86E
:103E20004020002BD1D1002ADAD104FB04F301FB9E
:103E30000133334A05FB053393423CD911F5487FE2
:103E400051DBB1F5487F51DC14F5487F54DBB4F504
:103E5000487F3BDC15F5487F50DBB5F5487FD4BF84
:103E60000020062028E0B4F5C87F9ADD90F83620BF
:103E700012F0040295D1B2FA82F390F836205B0971
:103E800063F3820280F8362001238AE7B1F5C87F08
:103E90000FDD90F8363013F002030AD190F8362087
:103EA000B3FA83F35B0963F3410280F83620012300
:103EB0006EE700236CE70720F0BC7047092BB4D9EC
:103EC000013A80F84020A0F84270AEE70120F3E705
:103ED00090F83630002243F0010380F83630A0F825
:103EE00042200B20E8E70320F0BC70470420F0BC20
:103EF0007047A0F8422098E70220DDE70520DBE7C5
:103F0000FF700200D0E9033230B502FB02F24569CE
:103F100003FB032305FB0535B5F5800F85B004468B
:103F200016D9038F002B4DD0B5F5100F25D80123DE
:103F300084F831302046FFF71FFF0B2814D0A38EE2
:103F4000834231D00023A08684F8303005B030BDE4
:103F500090F83130042B56D90023C0E90E332046A7
:103F6000FFF70AFF0B28EAD16086024601230D21E4
:103F7000684604F089FE05B030BD638F002B39D050
:103F8000B5F1107FD3D9A38F5BB3B5F1806FCED9D4
:103F9000E38F002BCBD101230A220D21684604F0C8
:103FA00073FE0123E387C2E794F83030628E042B5E
:103FB00014D80133DBB2904284F83030C6D0052BE0
:103FC000D2D0C3E701230C220D21684604F05CFE29
:103FD0000123B5F5100F2387A9D9CEE79042C3D1AD
:103FE000B4E7012309220D21684604F04DFE0123A8
:103FF000A387CAE7012308220D21684604F044FE86
:1040000001236387BCE70133DBB291E730B5D0E928
:1040100008218BB002AD009200F1180304460CCBCE
:10402000284604F0FFFD95E80700E38804F10C053D
:1040300023F0020385E80700E3802046FFF762FFD4
:104040000123A1881A4606A804F01EFE00200BB02A
:1040500030BD00BF10B5036804461B6B9847E0688D
:1040600010BD00BF10B5036804461B6B984720695C
:1040700010BD00BF10B5036804461B6B984760690C
:1040800010BD00BF036810B504461B6B9847E3885A
:104090009B0702D42046E8F7FBFCA06A10BD00BFD6
:1040A000036810B504461B6B9847E3889B0702D44E
:1040B0002046E8F7EDFCE06A10BD00BF408E704777
:1040C00010B5044B036000230446C380FEF798FE3E
:1040D000204610BDE89E040000897047F0B50446F4
:1040E000416BA26BE36B2769656900F13406C06818
:1040F000D71B5D1BD4E90723081AA16902FB07F24D
:1041000001FB00F1881292128BB0C4E90D0203FB8F
:1041100005F39B12216CE36302AD009396E80C005B
:10412000284604F07FFD95E80700012304F12805E7
:1041300085E80700A1881A4606A804F0A5FD00201E
:104140000BB0F0BD38B5036801810446DB699847C0
:104150002368074A5B6A9342054603D12089208180
:10416000284638BD204698472081284638BD00BFE4
:10417000D94003002DE9F041124B036000250446AD
:10418000456088461746104EFEF7CAFD4FF480631F
:1041900014204FF480512081C4F84080C4E90355B5
:1041A0006561C4E90955C4E90B55C4E90D55E563DA
:1041B0006564A7802660E180C4E906332362204657
:1041C000BDE8F081E89E0400749F04002DE9F843E7
:1041D000036804469B6A9847A06A12F023FF804652
:1041E000E06A894612F01EFF0646206B0F4612F069
:1041F00019FF424604460D464B464046494612F0DA
:104200007BFF3246804689463B463046394612F0AF
:1042100073FF02460B464046494612F0B7FD224660
:1042200006460F462B462046294612F065FF0246F9
:104230000B463046394612F0A9FD10F093FB13F0FF
:104240000BFABDE8F88300BF30B5C58815F004054A
:1042500085B023D1036804469B6A9847E388E560EC
:1042600023F002034FF4806243F00403E380C4E9C7
:10427000062222620123C4E9045565620322A18853
:10428000684604F001FDE388054813F0020F23F0AF
:104290000403E38018BF002005B030BD0148FBE7F0
:1042A00014FCFFFF15FCFFFF84B070B404AC84E87D
:1042B0000E0006460FCC06F10C050FC594E807006A
:1042C000F38843F0020385E80700F38070BC04B074
:1042D000704700BFC08800F002007047416470471B
:1042E00070B50B6882B005460C4608469B6A1646B8
:1042F0009847D4E90F31019600933434284694E866
:104300000C0004F045FC284602B070BD10B50368EF
:1043100004469B6A9847A06A10BD00BF10B50368A9
:1043200004469B6A9847E06A10BD00BF10B5036859
:1043300004469B6A9847206B10BD00BFC288510796
:1043400011D4930710B504460AD5636C20461BB1FF
:10435000BDE81040E8F75CBCBDE81040E8F7CCBC15
:10436000FFF772FFF1E70148704700BF15FCFFFF40
:1043700010B5044B036000230446C380FEF740FDE4
:10438000204610BDE89E04000089704740897047B0
:10439000FF299ABF017300206FF47A70704700BF45
:1043A000007B7047704700BF10B50A894C8982B006
:1043B0000023CDE9002410311A46044604F00AFF18
:1043C000204602B010BD00BF10B5074B044640F8B0
:1043D000103B04F0B3FC054B236000232046E38030
:1043E000FEF70EFD204610BDAC9F0400E89E0400C1
:1043F000094B10B5044640F8103B04F09FFC074BF6
:1044000023600023E3802046FEF7FAFC204613F0E9
:10441000ABFB204610BD00BFAC9F0400E89E04002B
:10442000F8B50C4D05600025044645600E4615465E
:104430001F46FEF775FC2046074B40F8103B2AB29A
:1044400031B204F04DFDFF222273A78026816581E1
:104450002046F8BDE89E0400AC9F04006FF47D7018
:10446000704700BF6FF47D70704700BF6FF47D70C0
:10447000704700BF6FF47D70704700BF10B584B007
:1044800004AB046803F8012D00220092246A1A4646
:104490000123A04704B010BD10B584B004688DF8A6
:1044A0000C20002200928DF80D30246A022303AA0A
:1044B000A04704B010BD00BF10B5012384B004684C
:1044C000CDE900330DF10F03E46AA04708B99DF868
:1044D0000F0004B010BD00BFF0B585B004469DF8D4
:1044E0002C508DF80F201F4602680E4685B101231F
:1044F0000093156A0DF10F02A84738B923680090A0
:104500009D6A0A9B3A4631462046A84705B0F0BD51
:10451000D3699DF80F209847EFE700BF2DE9F84FCA
:104520009DF82870002A3CD0002B3ADD88460168AF
:10453000DFF874901E468B684B458246144628D19E
:104540000D69DFF868B05D451BD1264405E00134F4
:10455000A6420AD0DAF800301D695D45F7D021780F
:1045600050460134A847A642F4D117B10020BDE857
:10457000F88FDAF80030DB684B450ED13846BDE8DD
:10458000F88F5FFA88F15046A847DAF800301D69C5
:10459000DBE79847DAF80010D2E7504698473846EC
:1045A000E5E76FF47A70E2E76D44030075440300B9
:1045B0002DE9F04F83B09DF83090002A5AD0002B9F
:1045C000984657DD05689246AB682C4A93420646EA
:1045D0003DD12B692A4FBB4241D1B8F1010F1BD00D
:1045E000A8F102080AEB080B0AF1FF3405E00B20E2
:1045F00004F8010FA3450BD035686D69BD42F6D0B4
:1046000000213046A847C0B204F8010FA345F3D1FA
:1046100008F101083568C2446B69BB4212D10B2016
:104620008AF80000B9F1000F03D0002003B0BDE804
:10463000F08F3368114ADB68934217D1484603B0C4
:10464000BDE8F08F012130469847C0B2E8E70191FC
:10465000984735680A4F2B690199BB42BDD041F09C
:104660000101C9B2304698473568B6E730469847E9
:104670004846DBE76FF47A70D8E700BF6D4403006B
:1046800075440300024A02600022027142717047C1
:10469000EC9F04006FF47D70704700BF4079704755
:1046A0004171704719B30B68934214D070B50E4630
:1046B0001446054623B11A680E49126E8A420CD17F
:1046C00034B123680C4ADB6D93420BD100232B716C
:1046D0003460002070BD0020704718469047002CC1
:1046E000EFD1F5E72946002220469847F0E76FF41E
:1046F0007A70704741C302003DC302000EB42DE939
:10470000F04787B00FAB054653F8046B0093317840
:1047100049B125290CD02B6801369B69284698475A
:1047200031780029F5D107B0BDE8F04703B07047F4
:10473000009B7178D3F80090632903F10403009380
:1047400006F102067ED015D9732969D0782964D084
:10475000642941D02B683F219B69284698472B68E4
:104760003F219B69284698472B683F219B69284633
:104770009847CCE725294BD05829EBD14FF00008BA
:104780001C2708244FF0000A10E0B8F1000F3CD0BD
:1047900003F157012B6828469B6998474FF0010A9F
:1047A000013C14F0FF04A7F10407B0D029FA07F385
:1047B00003F00F0303F13002392AD1B2E5DC302ACD
:1047C000E8D130212846BAF1000F01D1012CE7D100
:1047D0002B689B699847E3E7002301A94846CDE988
:1047E0000133CDE903330593FEF794F99DF80410E6
:1047F00000298CD00DF105042B6828469B69984749
:1048000014F8011B0029F7D181E703F13701C1E753
:104810002B6828469B69984779E74FF00108AFE776
:1048200099F8001009F1010900293FF470AF2B68D5
:1048300028469B69984799F8001009F10109002959
:10484000F5D164E72B685FFA89F19B6928469847A0
:104850005DE700BFC389DB0600D4704710B504468E
:1048600084B0818901230422684604F00DFAE389AB
:1048700023F01003E38104B010BD00BFA0F10800D5
:10488000FFF7E8BFC3895B073DD52DE9F041836998
:10489000B3F90270002F84B00E46054615DD00F115
:1048A0001808002401E0A7420FD021B2404604F0CE
:1048B000B5FEB04204F10104F5D101231A46A989DD
:1048C000684604F0E1F9A742EFD1EB8C95F824108B
:1048D000288D5A1C92FBF1F301FB13239BB29842E3
:1048E00012D0EA8C296A92B28E54EA69EB84002ACB
:1048F00002DBEB8C9A4210D0EB8943F01003EB8182
:1049000004B0BDE8F0817047A989012303226846FD
:1049100004F0BAF904B0BDE8F0814FF0FF33EB6169
:1049200002220123A989684604F0AEF9E4E700BF3A
:10493000C3891B0700D4704730B5838EC16A0268F3
:104940009BB20446C95C926985B09047A58E94F8E5
:104950003020618E6B1C93FBF2F502FB1535ADB276
:10496000A94202D0A58605B030BD0123022240F243
:10497000FF31684604F088F9236801219B682046CE
:104980009847EFE72DE9F047B2F1000A054629DD27
:104990009946408E01F1FF38002608E0EB6A18F8CE
:1049A000012F1A540136B2456C8620461BD095F86B
:1049B0003070AA8E431C93FBF7F407FB1434A4B2A7
:1049C0009442EBD12B6801215B6828469847B9F1E6
:1049D000020F1FD0B9F1010F0DD0B9F1000F02D0B5
:1049E000688EDBE700262B6828465B680121984724
:1049F0003046BDE8F087688E06E095F83030AA8E24
:104A000003449B1A002BC9DDAB8E9842F5D3AB8EC5
:104A1000C31AF7E7494640F2FF30FEF7C5FD688E3E
:104A2000BCE700BFC3895A0770B5044607D50368C1
:104A300000219B689847206AFEF7E0FFE38994F81D
:104A4000240023F004039DB2E581FEF7B1FF20624C
:104A500060B12368002645F004055B68E581E684C3
:104A60002685204631469847304670BD6FF47B70EE
:104A700070BD00BF38B5C3891A07054607D503685E
:104A800001219B689847E86AFEF7B8FFEB8995F823
:104A9000300023F008039CB2EC81FEF789FFE86246
:104AA00030B1002044F00804EC816886A88638BD47
:104AB0006FF47B7038BD00BF2DE9F0470446224DEE
:104AC00025602248A060002504F108002571657169
:104AD000E5608846174699469DF82060BDF824A0F9
:104AE000FEF71EF91A4AC4F8108002F1080340329A
:104AF0002360A260676104F1180004F04FFD09F122
:104B000001094FF0FF330136E361E584424604F1C9
:104B1000100184F8249084F83060A4F80CA0256279
:104B2000E56225856586A5862046FFF7BBFD3A46EA
:104B300004F114012046FFF7B5FDE38943F48043F7
:104B4000E3812046BDE8F08728A00400E89E040029
:104B50002CA004002DE9F041C789BC071DD4002A10
:104B60001DDDE1B1984647F00203C3813B070446CF
:104B700015460E460BD543462A4631462046FFF7DA
:104B800001FFE38923F00203E381BDE8F081FFF731
:104B900071FF0028EFD0BDE8F0810248F5E76FF41F
:104BA0007A70F2E70DFCFFFF10B40C681346211D6C
:104BB000B4F902205DF8044BFFF7CCBF38B50B1EEB
:104BC00007DB1D460368DB680446984700B9A56308
:104BD00038BD6FF47A7038BDC38913F0030F60D10C
:104BE00043F0030370B50446C38115460E460A46DA
:104BF00000F11001FFF756FD2A4604F1140120468A
:104C0000FFF750FDA28E638E93423DD3A28E9B1A76
:104C10002268002B926804DD01212046904723681A
:104C20009A680021204690472B681F4A5B6C93428C
:104C300033D123682A4631461B69204698472368AA
:104C400000215B6820469847A28E638E934221D252
:104C500094F83020A18E13445B1A002B04DD2368E6
:104C600001215B6820469847A56B002D06DB236871
:104C70002946DB682046984700B9A563E38923F0FD
:104C80000303E381002070BD94F83020A18E13440B
:104C90005B1ABDE7A28E9B1ADFE7022128469847E0
:104CA000C7E70248704700BFDDC202000DFCFFFFEE
:104CB000012A20D0022A38B50AD0C38C90F82420CB
:104CC000194491FBF2F302FB1311C161002038BDBE
:104CD00005460C4680891146FEF7B4FAE98C95F832
:104CE0002420214491FBF2F302FB1311E961FEF74A
:104CF0002BFC002038BD6FF47A707047012A0FD06A
:104D000038B514460546183004F04EFC022C01D08C
:104D1000002038BDA8890121FEF746FC002038BDDF
:104D20006FF47A70704700BF2DE9F04F87B0CE89DD
:104D300000AFF507C7E9013060D47407894615460E
:104D400040F1D780B9F828A0B9F8263046F001061E
:104D50009A45A9F80E6058D02B68D9F82010B3F9FD
:104D600002205646731C002A11F80680FB602ADDDB
:104D70004FF0000B4FF0FF340FFA8BF1284604F090
:104D80004DFC2A68B2F902200BF1010B404508BF27
:104D900034465A45F0DC99F82430F968B9F8268091
:104DA00091FBF3F61FFA88F803FB1616B04500F0E6
:104DB000A880601C54D1D9F82010731C002A11F867
:104DC0000680FB60D4DC99F82430F868B9F82680B6
:104DD00090FBF3F61FFA88F803FB1606B045C1D125
:104DE0007B68012B00F094807B68022B13D0B9F80C
:104DF0000E60B86826F00106A9F80E6004F0CEFB3C
:104E0000B8681C37BD46BDE8F08F7B68012B00F009
:104E1000BA80022BEDD1294607F1140004F0B6FB4D
:104E200007F1140102224846FFF768FF07F114005A
:104E300004F01AFBB9F8264014F1FF3402D299F8B5
:104E40002440013C07F1140004F0A8FB07F1140111
:104E500009F1180004F0A8FB07F1140004F004FBAA
:104E6000002CB9F80E60C4DB99F824505445BABF41
:104E7000A5EB0A0BA344A4EB0A0B0BF1080323F0E8
:104E80000703E846ADEB030D002168460BF1010274
:104E9000A4B2EEF761FDA2456946D9F820000FD013
:104EA0000DF1FF320AF1010C9CFBF5F305FB13C376
:104EB00010F80AC002F801CF1FFA83FA5445F1D165
:104EC000B9F82830B86801335B4426F0010693FB3B
:104ED000F5F205FB1235A9F80E600FFA8BF2A9F86E
:104EE000285004F039FBC546B8681C37BD46BDE8FC
:104EF000F08F0846FFF796FD002837D1B9F80E600D
:104F000020E77B68012B29D1611CA9D1D9F8201099
:104F1000B9F826309845FBD008F10103002A11F8B2
:104F20000860FB6027DD4FF0000B4FF0FF340FFAF5
:104F30008BF1284604F072FB2A68B2F902200BF1CB
:104F4000010BB04208BF44465A45F0DC99F82430C2
:104F5000F96891FBF3F803FB1818D5E77B68022B7F
:104F60007FF47EAF631C7FF47BAF54E70146B868E3
:104F700004F09AFAB8E799F82430F86890FBF3F84F
:104F800003FB1808C4E72B68D9F82010B3F90220F6
:104F9000D046BDE7C3895B0710B5044605D5E38C51
:104FA000208DC01A18BF012010BDFFF73BFD00285F
:104FB000F5D010BD38B50446F9B101290D4610D120
:104FC0002046FFF7E7FF0028FAD0238D226A94F8E5
:104FD0002410D05C013393FBF1F201FB12332385E3
:104FE00038BD0229F1D1FFF7D5FF0028EDD12A46BF
:104FF00001212046FFF75CFEE7E7FFF7CBFF002823
:10500000E3D1014838BD00BF0CFCFFFF38B5C389B0
:10501000DA0712D443F001025B0704460D46C28151
:1050200002D4FFF7FFFC38B929462046FFF7C2FF3C
:10503000E38923F00103E38138BD014838BD00BF97
:105040000DFCFFFFB0F80EC01CF0010F2DE9F04180
:105050006AD198461CF0040F4CF00103064617462F
:105060000D46C3812BD0B8F1000F11D1002F59DDAF
:10507000013D444604E00134A74205F8010F17D072
:1050800000213046FFF796FF10F57D7FF3D10FE04A
:10509000B8F1010F1CD1002F44DD6C1EE519012170
:1050A0003046FFF787FF04F8010FAC42F7D13C46CA
:1050B000F38923F00103F3812046BDE8F081FFF777
:1050C000B1FC04460028F7D1B8F1000FCED0DFE7DD
:1050D000B8F1020F26D1F38C318D994285BF96F835
:1050E0002430F28CF38C9B185B1A9F420DDDF38CFD
:1050F000994285BFF28C96F82430F38C9B18591A8C
:10510000791A02223046FFF7D3FD002F0ADD6C1E0C
:10511000E51902213046FFF74DFF04F8010FAC42BC
:10512000F7D1C4E70024C3E7004CC5E70DFCFFFF3F
:105130002DE9F0411446083222F0070200AFADEB32
:10514000020D0E469846621C002105466846EEF7A1
:1051500003FC4346224669463046FFF773FF0028AA
:1051600008DD02B26946284604F0F6F92846BD4635
:10517000BDE8F081284604F011FA2846BD46BDE896
:10518000F08100BFC389DA0712D4FF2918BF0131AB
:1051900010B543F00103044618BFC9B2C38180F8BB
:1051A0002410FFF73FFCE38923F00103E38110BDE6
:1051B000004870470DFCFFFFC3899A0712D4FF29EE
:1051C00018BF013110B543F00203044618BFC9B23D
:1051D000C38180F83010FFF74DFCE38923F0020310
:1051E000E38110BD004870470DFCFFFF90F82400DC
:1051F000704700BF828E438E934237BF90F83020B5
:10520000808E808E9B18181A704700BF0A4B10B50D
:1052100003F108024033044602608360183004F052
:1052200023F9064BA360002304F10800E381FDF796
:10523000E7FD204610BD00BF2CA00400E89E04003E
:1052400008B5C06803681B6B9847002008BD00BF05
:1052500008B5C06803689B6A9847002008BD00BF76
:105260002DE9D84704469246994607F05DFBE6686B
:1052700094F8118034683046A36CE76B98474B462E
:105280005246002B08BF0A2A38BF0A220244414670
:105290003046B847BDE8D84707F038BB70B504467C
:1052A00007F042FBE06803689B6C9847D4E9015122
:1052B000D4E908236060401B1518084443F1000638
:1052C000B0F57A7FC4E90856A0600CD3D4E9062370
:1052D0000132A0F57A7043F10003B0F57A7FF7D27E
:1052E000C4E90623A060BDE8704007F00FBB00BF13
:1052F0002DE9F84F1646426BBDF82880BDF82C907A
:105300009DF830A0002A10DDC46A1F46238A83B1AD
:1053100004F11803002102E033F8085C4DB10131BB
:1053200091421C4603F11803F6D16FF47B70BDE87F
:10533000F88F0546FFF7B2FFD5E9082312EB060BFD
:1053400043EB070CBAF1000F22D1002001460D9B60
:10535000A4F81080C4E90001C4E902BCA4F81290CA
:10536000636107F0E1FA296B39B1D4E90223D1E98D
:1053700002018B4208BF824205D22C6332463B4673
:105380002846FFF76DFF07F0C1FA0020BDE8F88F4F
:1053900030463946DBE700BF2DE9F003456BC36AB1
:1053A00000218D4201631EDD0A461C8A013254B180
:1053B00039B1D3E90267D1E902894F4508BF4645B3
:1053C00001D203631946AA4203F11803EDD151B18A
:1053D000036A8A68D21A0A2AB8BF0A22D317BDE81C
:1053E000F003FFF73DBFBDE8F00370472DE9F04F34
:1053F00083468BB059B1C468067C236820469A6CFA
:10540000DD6B9047394A314602442046A84758464A
:10541000FFF744FFDBF83420DBF82C40002A49DD9D
:105420000025AA461CE0D4E9006756EA0701628A13
:1054300046D1DBF830000021A042218247D0012173
:105440000291CDE90089194606A803F02DFCDBF88E
:1054500034200AF1010A0135AA4204F1180426DDBC
:10546000238A002BF7D0D4E90201DBE908898945BA
:1054700008BF8045CDE90401D5D26369DB07EAD5D1
:10548000FEF796F960B1DBE90801194ED4E9022371
:1054900036184FF000074F41BB4208BFB24219D344
:1054A000DBF834200135AA4204F11804D8DCBAF143
:1054B000000FB1D15846FFF76FFF0BB0BDE8F08F7A
:1054C000DDE9040180197941C4E90201B7E7CBF8AD
:1054D0003010B4E70123CDE900010293052240F228
:1054E000FF3106A803F0E0FBDAE700BF80969800E2
:1054F000A0860100074B1B6853B1197C084110F0CE
:105500000101184601D1FFF771BF0121FFF76EBFFE
:10551000704700BFF43A0020426BC36A02EB4202BC
:1055200003EBC20293424FF0000025D2198AF9B171
:105530005969C9071CD5D0B1F0B4D0E90245D3E907
:105540000267AF4208BFA64238BF184618339A42D6
:105550000BD9198A0029F9D05969CC07F6D500284A
:10556000EBD1184618339A42F3D8F0BC704718466E
:1055700018339A42DAD87047704700BF2DE978484F
:1055800004460D4607F0D0F9E06803689B6C984725
:10559000636860600646D4E90801A268F31A10EB5C
:1055A000030B134441F1000CB3F57A7FC4E908BC46
:1055B000A3600CD3D4E906010130A3F57A7341F15D
:1055C0000001B3F57A7FF7D2C4E90601A360E06871
:1055D00003681B6B984707F099F90023C5E900633E
:1055E000D4E90801BDE878882DE9F84FDDE90A899A
:1055F0000446154607F098F958EA090330D0D4E973
:10560000082312EB080043EB0901C4E908014FF439
:105610007A7200234046494612F0B6F8D4E906678C
:1056200016EB000A47EB010BC4E906AB40464946BE
:105630004FF47A72002312F0A7F8A3681A44B2F567
:105640007A7FA2600BD31AF1010AA2F57A724BF1AC
:10565000000BB2F57A7FF6D2C4E906ABA2606560B2
:105660002046FFF71BFED4E90889636BE56A03EB6C
:10567000430305EBC30C18F10A0A4FF0000349F18C
:10568000000B6545236314D333E05B4508BF5245E7
:1056900001D2C5E902AB236B3BB1D3E90201D5E9E5
:1056A00002238B4208BF824200D225631835AC45E5
:1056B0001FD92B8A002BF9D0D5E9006756EA0701DC
:1056C000D5E90223E1D012EB060843EB0709D945DF
:1056D00008BFD04502D3DEE78046894616EB0800B6
:1056E00047EB0901594508BF5045F5D3C5E9028983
:1056F000D1E7E06803689B6C98470546E068094A73
:105700000368217CDB6B2A449847236B33B1E06844
:10571000617C036805F10A02DB6B9847BDE8F84F2E
:1057200007F0F4B880969800704700BF064B10B59C
:105730001C682CB12046FFF7B1FDD4E9060110BD6D
:105740000020002110BD00BFF43A0020064B10B528
:105750001C682CB12046FFF7A1FDD4E9080110BD5B
:105760000020002110BD00BFF43A002070B50A4CA3
:10577000266884B076B11D4614460B4602460121C8
:1057800008980390CDE9004530460291FFF7B0FD3F
:1057900004B070BD0148FBE7F43A002016FCFFFF9F
:1057A00070B50E4D2C68B4B12046FFF777FD0C4B59
:1057B000266A42F2107098472C682046FFF76EFD6B
:1057C000236A0849053B9B1B42F210720020B2FB82
:1057D000F3F30B6070BD044870BD00BFF43A0020C5
:1057E000C1200020F03A002016FCFFFFF8B50D465E
:1057F000437416460A231E4A1E4901600446436349
:10580000C56006740121F0201460FEF717F92B68BB
:10581000194FDA69E062002100202163BA424FF09B
:105820000001C4E90601C4E908011AD1134AEA607B
:105830003146134ADB6B28469847E06803685B6A89
:105840009847E068036800229B6CA2609847E36871
:1058500060601A681846936A9847FFF7A1FF2046D0
:10586000F8BD284605499047E5682B68E0E700BF8A
:10587000F43A002090A004001D930200F5540300A8
:10588000809698002DE9F843124D2E6806B3124B0E
:1058900004461868A8B93046FFF700FDD6E9086746
:1058A00016EB040847F100092C682046FFF7F6FCC8
:1058B000D4E908234B4508BF4245F5D30020BDE895
:1058C000F88304FB00F0054B98470020BDE8F883FF
:1058D0000348F4E7F43A0020F03A0020C120002009
:1058E00016FCFFFF4FF47A7303FB00F0FFF7CABF0B
:1058F000064B1B681BB101461846FFF73FBE00224E
:105900000023C0E90023194610467047F43A0020EE
:1059100070B5094C266882B05EB114461D46024639
:105920000B463046CDE90045FFF75EFE002002B091
:1059300070BD0248FBE700BFF43A002016FCFFFFF1
:10594000084B1B685BB110B504461846FFF7E4FD31
:1059500020B1D0E90223C4E90023012010BD18467C
:10596000704700BFF43A0020C3880D4A23F4005367
:1059700010B504460260C3802C3003F0DFF904F157
:10598000240003F071FD04F11C0003F06DFD054BD4
:10599000236000232046E380FDF732FA204610BD45
:1059A000A0A00400E89E040010B50446FFF7DCFF49
:1059B000204612F0D9F8204610BD00BFF8B50025EA
:1059C000164B0360044645600F461646FDF7A8F9DE
:1059D000134B2360A76004F10C0003F0A5F804F159
:1059E0001C0003F0DBFD04F1240003F0D7FD04F1FB
:1059F0002C0003F0ABF94FF4405384F8225084F8A4
:105A00003250A6802575E582258325842585258647
:105A100084F83350E3802046F8BD00BFE89E0400C0
:105A2000A0A0040000B5012385B081881A4668460D
:105A300003F02AF9012368461A4640F2FE3103F0CA
:105A400023F905B05DF804FB2DE9F84304468068AE
:105A50000121103003F08EFB94F92230042B06DC78
:105A6000E269B4F92010B2F902208A421ADCA06877
:105A700001335DB284F822500368DB699847013036
:105A8000854201D0BDE8F883E369002284F8222032
:105A9000B3F90210B4F92030994236DD0133238482
:105AA000BDE8F88304F11C0003F0B8FD04F10C0517
:105AB0000146284603F04AF8064660B3A06894F908
:105AC00022700268C7F1040301279F40D3699847F9
:105AD000354600F1FF38A068FFB25FFA88F8053656
:105AE0006FEA050915F8013B3B4204D1AE42F9D1FA
:105AF00094F92230BCE709EB0502103012B2FF2303
:105B0000414603F063F9A068F0E722752046BDE83E
:105B1000F843FFF787BF2846202103F017F8064611
:105B2000CCE700BF38B50446436AB4F92810B3F98E
:105B3000023080688B4200F110050FDC2021002329
:105B40001A46284603F0D0FA626AB4F92830B2F94E
:105B500002209A4208DB0133238538BD04F124007A
:105B600003F05CFD0146EAE7002323752046BDE80B
:105B70003840FFF757BF00BF10B50446806882B0B9
:105B8000103003F019F9A068B4F930200023103068
:105B900004F12C01009303F011FA50B994F833305A
:105BA0003BB100232046237502B0BDE81040FFF74B
:105BB00039BF94F93230002BF3D0218E01220B44EF
:105BC000238684F8332002B010BD00BF30B50446F0
:105BD0008068B4F93050036883B0DB699847E36AA2
:105BE00094F932105B88CB1A184485420DDC94F886
:105BF000333053B1237D062B2ED00023204623754E
:105C000003B0BDE83040FFF70DBFB4F93020A06805
:105C1000002A00F1100010DC0023009304F12C0195
:105C200003F0CCF994F932307BB1218E01220B4480
:105C3000238684F8332003B030BD494203F09AFA3A
:105C4000A068B4F930201030E6E723752046FFF74E
:105C5000E9FE94F93230E8E7A068103003F0ACF8C0
:105C6000CBE700BF037D0022022B10B50446028360
:105C70001CD0237D032B1ED0237D042B21D0237D1C
:105C8000052B06D0237D062B03D0237D072B06D0C2
:105C900010BD2046FFF79AFF237D072BF8D1002384
:105CA00023752046BDE81040FFF7BCBEFFF7CCFED1
:105CB000237D032BE0D12046FFF734FF237D042B07
:105CC000DDD12046FFF758FFD9E700BF037D33B190
:105CD000038BC18A04339BB29942038300D9704776
:105CE000FFF7C0BF10B5037D84B0044673B1012334
:105CF00000220275A1881A46684602F0C5FF0123FA
:105D000068461A4640F2FF3102F0BEFFA06810302C
:105D100003F052F804B010BD10B50121044607206D
:105D2000FDF742FC064B984205D010BD237D012BA8
:105D3000FBD006F001FE237D002BF7D110BD00BF84
:105D400016FCFFFF38B5151E16DB037D13B1037D6E
:105D5000012B0FD104468068002310301A4603F04F
:105D6000C3F92DB100200723E5822083237538BDB8
:105D7000284638BD024838BD6FF47A7038BD00BF80
:105D800012FCFFFF70B582B0079D002D1BDB047D68
:105D900014B1047D012C14D1069E04468068F6B22D
:105DA0001BB212B21030009603F008F935B1002092
:105DB0000723E5822083237502B070BD284602B018
:105DC00070BD0248F8E76FF47A70F5E712FCFFFF48
:105DD000F8B5151E21DB037D0F4604463BB909E0EB
:105DE000012140F2FF30FDF7DFFB237D13B1237D5E
:105DF000012BF5D1237D03F0FF0663B939462A460E
:105E00002046FFF79FFF25B12046FFF785FF30466C
:105E1000F8BD2846F8BD0248F8BD6FF47A70F8BDA9
:105E200011FCFFFF2DE9F04385B00D9E002E36DBFF
:105E30009846037D17468946044673B1037D012BBE
:105E400003D10AE0257D012D07D0012140F2FF306A
:105E5000FDF7AAFB257D002DF4D1237D03F0FF057E
:105E6000DBB9494603A802F077FF0C9B009301962B
:105E700043463A4603A92046FFF784FF03A802F0F1
:105E80005DFF36B12046FFF747FF284605B0BDE865
:105E9000F083304605B0BDE8F0830248F6E76FF4C2
:105EA0007A70F3E711FCFFFF70B5161E14DD037D59
:105EB00013B1037D012B0DD10025044680F822503B
:105EC00005841C3003F070FB022325832846E682FC
:105ED000237570BD024870BD6FF47A7070BD00BF4D
:105EE00012FCFFFFF0B5161E83B026DD037D0F46C2
:105EF00004463BB909E0012140F2FF30FDF754FBB5
:105F0000237D13B1237D012BF5D1237D03F0FF0504
:105F10008BB9394601A803F039FB324601A9204666
:105F2000FFF7C2FF01A803F09FFA2046FFF7F4FE37
:105F3000284603B0F0BD0248FBE76FF47A70F8E73B
:105F400011FCFFFFF0B583B0171E089E2FDD047D06
:105F5000FCB916F1FF0F0446C3F100051ED036B29E
:105F600084F83250268604F12C0002F015FF099BBC
:105F7000002D18BF3D46002B07F1FF320CBF052353
:105F800006230020E5822283237584F8330003B0C2
:105F9000F0BD047D012CDCD00648F8E78068019153
:105FA0000368DB699847461936B20199D8E76FF460
:105FB0007A70ECE712FCFFFF2DE9F041161E84B069
:105FC00031DD1F46037D8846044673B1037D012BF6
:105FD00003D10AE0207D012807D0012140F2FF30E3
:105FE000FDF7E2FA207D0028F4D1237D03F0FF05C0
:105FF000BBB9414603A802F0AFFE0B9B01930A9B7D
:10600000009332463B4603A92046FFF79BFF03A8B7
:1060100002F094FE2046FFF77FFE284604B0BDE85C
:10602000F0810248FAE76FF47A70F7E711FCFFFF9E
:1060300010B5054B03F10802383304460260C36013
:10604000FDF728FE204610BDBCA0040010B5074B8C
:1060500003F10802383304460260C360FDF71AFEFC
:10606000204611F081FD204610BD00BFBCA00400F9
:10607000C28838B5047C22F400520025C280CD606D
:1060800014B103689B699847002038BDA0F10C004B
:10609000FFF7EEBFC388DB0400D470472DE930481A
:1060A000036888B05B6A04469847227EE38878B12B
:1060B0000B2A04D80132D2B2082A22760ED9D90787
:1060C0001ED503F00305012D2CD008B0BDE83088A3
:1060D00032B1013AD2B2082A2276F0D8012AF0D899
:1060E000DA07EED523F00303E38002220123A1881F
:1060F000684602F0C9FD657E012D2CD0E388E0E7FB
:1061000043F001020123E280A1881A4604A802F0AC
:10611000BBFD238901332381FFF708FB227EE3883F
:106120006061DBE7FFF702FB6369B0EB030B61F132
:10613000000C002340F2DB52634508BF5A45C4D22D
:10614000E288A18842F00202E2802B46052204A8E0
:1061500002F09AFDB9E7FFF7E9FA6369B0EB030BC8
:1061600061F1000CBCF1000F08BFBBF57A7F2B4634
:106170002CBF04220322A18804A802F085FDBDE7FC
:1061800010B5044684B0E9B9C269D288930502D437
:10619000002004B010BD03685B6A98470028F7D060
:1061A000E288A188012342F001020320E2802076E8
:1061B0001A46684602F068FD01232381FFF7B6FA0C
:1061C0006061E5E7C288002122F00302C2800181FC
:1061D0000176002004B010BDC16938B5CB6800F16C
:1061E0000C05AB421CD0044623B11A68184612684D
:1061F0009047E169A27ECB88CD60012A0CBF43F4B1
:10620000807323F48073CB800B680A4A5B6C9342E3
:106210000AD1E08840F40050E08000F0010038BD71
:10622000C08800F0010038BD084694F82010984757
:10623000EFE700BFDDC2020070B5054600F10C06B5
:1062400030460121FEF72CFAE8690A4A03685B68C8
:1062500093420CD16FF47D73AC7EE41AB4FA84F4EB
:10626000304664090021FEF71BFA204670BD9847AE
:106270000346F1E719C202002DE9F84304460D4632
:1062800090461F469DF820609DF82490FDF7ECFC99
:106290000B48E561002100F108053830E06084F822
:1062A0002090A4F804806776A67625602174617436
:1062B000616121762046FFF78FFF2046BDE8F88315
:1062C000BCA004004176704710B50446806830B128
:1062D0004FF480720021BDE81040EDF73DBB4FF454
:1062E0008070FDF765FB4FF48072A0600021BDE86F
:1062F0001040EDF731BB00BFF0B50446406822689E
:10630000036885B000256E461F690095022301953C
:106310003146B847104B009A9A4219D02046CDE931
:106320000035FFF7D1FF96E8030002AB83E80300D6
:1063300003CBA36818605960D4E9001003689B6917
:106340009847D4E90102036821685C694023A047AB
:10635000019805B0F0BD00BFA10D0C00F8B50023F9
:10636000161E836004460D4641600B680FDB08462D
:106370001B6898472B6807469B682846984706FB8A
:10638000007020602046FFF7B7FF2046F8BD0846A2
:106390005B6898472B6807469B682846984706FB2A
:1063A000107020602046FFF7A7FF2046F8BD00BF11
:1063B0002DE9F0478A468146FFF79EFF804638B3B5
:1063C0003020D9F8004011F0D6FB302200210646DB
:1063D000EDF7C2FAB8F1000F04F1080415DD00254D
:1063E00002E00135A84517D0D9F804000368224619
:1063F0001F6931460C23B8473146504611F035FC31
:1064000030340028EDD1A84506D03046BDE8F087ED
:1064100006463046BDE8F087304611F0A5FB002661
:10642000F3E700BF2DE9F04F0546C3B008460C4620
:1064300092461F4611F023FC00F10109B9F1100F3B
:1064400000F2E180202F00F2DE8021462846FFF78F
:10645000AFFF064660B13A465146103011F0B3FB2B
:1064600080463046B8F1000F00F0A48011F07CFBAC
:106470004A46214606A8ECF7DDF851463A460AA8F6
:10648000ECF7D8F82846D5F800A0FFF735FF302202
:106490008046002112A8EDF75FFA2846FFF714FFA7
:1064A000B8F1000F0AF1080640F3AB80002701970E
:1064B0000DF1A8090DF1D80B6868036832461C6914
:1064C00012A90C23A04706A912A811F0CEFBA6EB37
:1064D0000A0E002874D14F4ACDE9022802AB03CB43
:1064E000AB680DF1180C18605960BCE80F001EACC9
:1064F0000FC4BCE80F000FC49CE80F0084E80F0035
:10650000AB681EAC9E44A446BCE80F00CC45CEF858
:106510000000CEF80410CEF80820CEF80C30644607
:106520000EF1100EEFD1012301930137B84506F1AA
:106530003006C1D108EB4804019BA400A71C3BBB5B
:10654000B8F1050F62D0334A08F10103CDE9042305
:1065500004AB03CBAB6806AC186059600FCC36AE09
:106560000FC60FCC0FC694E80F0086E80F00AC688A
:106570000DF1D80C04EB870442AF66460FCEBE4245
:1065800020606160A260E360B44604F11004F4D1BD
:10659000D5E9001003689B699847D5E901020368B3
:1065A00029685C694023A0474FF00008404643B08B
:1065B000BDE8F08F11F0D8FA404643B0BDE8F08F47
:1065C0000DF1480CBCE80F004C460FC4BCE80F00AE
:1065D0000FC49CE80F0084E80F00AB684C469E4453
:1065E000A446BCE80F00DC45CEF80000CEF804104D
:1065F000CEF80820CEF80C3064460EF1100EEFD124
:1066000093E702279FE76FF47A78D5E76FF47B78FA
:10661000D2E700BFA10D0C002DE9F04FA1B08946D3
:106620000546FFF769FE002800F08680804630228C
:10663000002108A82E68EDF78FF92846FFF744FEE1
:106640003E4ACDE9022802AB03CBAB68B8F1000F9C
:1066500006F108061860596061DD00270192BB460B
:106660004FF0020A10E0019A08F1FF33CDE904234C
:1066700004AB03CB0137AB68B845186059604FF0E5
:10668000010B06F1300632D06868036808A91C695E
:1066900032460C23A047494608A811F0E6FA002824
:1066A000E1D00DF1200CBCE80F0014AC0FC4BCE825
:1066B0000F000FC49CE80F0084E80F00AC680DF1D8
:1066C000500C04EB8A04E646BEE80F00E36020AB02
:1066D0009E4520606160A260F44604F11004F2D18E
:1066E0000137B8450AF10C0A06F13006CCD1BBF1EE
:1066F000000F14D0D5E9001003689B699847D5E9CD
:106700000102036829685C6908EB48084FEA8803BE
:106710000233A0470023184621B0BDE8F08F074B95
:10672000AA68CDE9063806AB03CB054B10601846C6
:10673000516021B0BDE8F08F014BECE7A10D0C00DA
:106740000CFCFFFF03681B6B184700BF01892DE994
:10675000F0414FF47A76044606FB01F12148FDF73B
:1067600027FA214AA17A0346A2FB03239B0923812E
:106770001E48FDF71DFA656CA072E3882A68B4F81C
:106780004C80576A13F4807320D14146284620225A
:10679000B84728BB606CB4F84C10036822225D6ACD
:1067A0001023A847E0B9656CA17A2B680F485E6A90
:1067B000B4F84C40FDF7DCF960F07F03DBB2214612
:1067C00028462322B04758B9BDE8F0812189054801
:1067D00006FB01F1FDF7CCF940F00703DBB2D4E78B
:1067E0000348F1E700A10400D34D6210F8A00400B3
:1067F0000EFCFFFF10B5034B03600446FDF760FC81
:10680000204610BD78A1040010B5054B0360044676
:10681000FDF756FC204611F0A7F9204610BD00BF39
:1068200078A1040008B50246C38819B1D9050AD475
:10683000002008BD9905FBD523F4007343F4804381
:10684000D380002008BD016823F4824343F4007321
:10685000C380CB6A9847002008BD00BFF0B5C3884D
:10686000DA0585B005462BD4026843F48243C38021
:10687000D36A98470126314FA86C0368C4885B68C7
:10688000BB42C4F3002416D1002084424FF02702FB
:106890000DD0686C95F84C1003681B6B984710F08E
:1068A00008040FD1002EE7D1204605B0F0BD002E20
:1068B000E2D13446F8E79847B0FA80F04009E4E7BF
:1068C0000026D8E7686CB5F84C100368062201244E
:1068D000CDE90024A822DC6A02ABA047044608B137
:1068E000174CE1E7BDF90830BDF90A20BDF90C00ED
:1068F000AE7A2968002BB8BF1F33002AB8BF1F32F9
:1069000000284FEA63134FEA6212B8BF1F304011EC
:10691000ADF80830ADF80A2016FB03F316FB02F2BF
:10692000524216FB00F65B42ADF80C00C5E90623A7
:106930002E624B6B28469847B6E700BF19C202008B
:106940000EFCFFFFF8B504460F4616461946BDF883
:106950001C20BDF81850FDF7DDF9064A67640023D6
:10696000A664A4F84C502260E3802046FFF7EEFEB8
:106970002046F8BD78A1040008B50368C9B21B6BB6
:106980000F229847A0F13300B0FA80F0400908BD0B
:1069900003689B6A184700BF018938B54FF47A75C0
:1069A000044605FB01F11548FDF702F9144A0346B8
:1069B000A2FB03239B0999B205FB01F123810F4838
:1069C000FDF7D6F8E288B4F85010C3B2A06CD20537
:1069D000026858BF43F00303556A6022A84758B9BC
:1069E000A06CE3880268B4F85010546AC3F3002323
:1069F0006222A04700B938BD024838BDB0A10400EA
:106A0000D34D62100EFCFFFF10B5034B036004462C
:106A1000FDF7AEFC204610BDE0A1040010B5054B0B
:106A200003600446FDF7A4FC204611F09DF82046C3
:106A300010BD00BFE0A1040008B50246C38819B12B
:106A4000D9050AD4002008BD9905FBD523F40073AD
:106A500043F48043D380002008BD016823F48243BF
:106A600043F40073C380CB699847002008BD00BF82
:106A7000F0B5C388DA0585B005462BD4026843F427
:106A80008243C380D36998470126284FE86C036886
:106A9000C4885B68BB42C4F3002416D10020844242
:106AA0004FF067020DD0A86C95F8501003681B6B6F
:106AB000984710F008040FD1002EE7D1204605B00A
:106AC000F0BD002EE2D13446F8E79847B0FA80F0E6
:106AD0004009E4E70026D8E7A86CB5F85010036831
:106AE00006220124CDE90024E822DC6A02ABA0479B
:106AF000044608B10E4CE1E7BDF90C30BDF80A00C0
:106B0000BDF808102A6803EB8303C3EB03135B0093
:106B1000EB634FF66A7310FB03F011FB03F3C5E957
:106B20000D03D36A28469847C8E700BF19C2020080
:106B30000EFCFFFFF8B504460F4616461946BDF891
:106B40001C20BDF81850FDF715FB054BA4F850505C
:106B5000C4E9127623602046FFF71EFF2046F8BDE9
:106B6000E0A1040082B08DE80C00014802B070473B
:106B700016FCFFFF002070470029806905DD08B979
:106B800004E010B10139406AFBD17047704700BF83
:106B900082B070B50C4684B005464968206802ACE6
:106BA00003C4039908AC481084E80C00CB0745BF28
:106BB0002A58029B029CD4580AAB2E1893E8030073
:106BC0008DE8030008AB0CCB3046A04704B0BDE80D
:106BD000704002B0704700BF002943D02DE9F0415A
:106BE0008469002C3BD00D460646DFF880800027E4
:106BF00005E0A268AB689A420DD0646ADCB1AA884D
:106C0000A38853409907F8D49207F2D5A968A068E1
:106C100002F09CFDA8B12B88BBB96B88DBB9B368C7
:106C20000BB120469847A38843EA0803A380646A0F
:106C30000137002CE3D1002FC8BF20460FDDBDE88F
:106C4000F081AB889B07D8D4D3E722889A42D4D16D
:106C50006B88002BE3D062889A42CED1DFE76FF4D5
:106C60007A70ECE76FF47A70704700BF0080FFFF26
:106C7000002971D0F0B5846985B00D4606463CB94F
:106C800066E0A388980708D5914219D0646A14B3C6
:106C9000AB8821682A689F07F3D49142F6D1A26895
:106CA000AB689A42F2D1EA68E3689A42EED1A388CF
:106CB0001A0402D5C3F30E03A380294805B0F0BD22
:106CC000A968A06802F042FD0028DFD0EA68E36806
:106CD0009A42DBD1EBE7D6F818C02A88BCF1000F46
:106CE0002ED06046634600E00B461C88944211D2C9
:106CF000596A18460029F7D163451DD0596A69625F
:106D00005D62012340F2FD31684601F0BDFF0020C5
:106D100005B0F0BD1ED16F885988B94204D319E07F
:106D20004888B842E8D20B46596A0029E4D008885E
:106D3000A042F5D06345E1D119888A4202D26B6244
:106D4000B561DEE7DAD1588869888842D6D9F6E796
:106D50000A88F5E70346CFE76FF47A70704700BF03
:106D600016FCFFFF2DE9F04183885F0782B00646DD
:106D700003D59D062DD4DC0638D443F00403B3803C
:106D800006F1100506F1180815E0F368009395E880
:106D90000F00A047B388DA0618D5346AB4B194E876
:106DA0000F00276985E80F002046376210F0DCFEEF
:106DB000FCF7CAFBB388B46898070DD4D907E4D4AC
:106DC00095E80F00A047B388DA06E6D423F0040361
:106DD000B38002B0BDE8F08198E8030095E80C00AC
:106DE0008DE80300204602F099FCD3E700F1180378
:106DF00093E803008DE8030006F110030CCB304646
:106E0000FCF76AFEE5E700BF70B51C4B8CB003F1E0
:106E10000802283304460260C36006A801F054FF4C
:106E20000F231820029310F0A6FE0025144A0092AA
:106E3000064601956A46034603CA46F80C4B114ABA
:106E4000DD60049375605A6158609960204602A91C
:106E50001223ADF80C300595CDE90A55FFF7BCFEBD
:106E600002A8FCF72FFE084B658204F10C00E360DA
:106E7000FBF7C6FF20460CB070BD00BF28A204007F
:106E800005710300916B0300E89E0400A0F10C0063
:106E9000FFF7BABF10B50446FFF7B6FF204610F063
:106EA00063FE204610BD00BFA0F10C00FFF7F2BF4B
:106EB000F0B5254B254A02600025044683B0C0E9A1
:106EC000025305610C30FBF72BFF214B236003F1CC
:106ED0002002E260A561C4E90755E584282010F08E
:106EE0004AFE0646103001F0EFFE1A4B33601820C0
:106EF00010F041FE184ACDE9002507466A460346D0
:106F000003CA47F80C4B154ADD604FF0C20C7D6098
:106F100058609960204631465A61C6E90235C6E993
:106F20000855A6F804C0FFF7A3FE30B90C4B1A6849
:106F300002B91C60204603B0F0BD3046FCF7C2FD2C
:106F4000304610F011FEF1E7E89E040018A204009C
:106F500030A204000F00020005710300916B0300D2
:106F6000003B002038B5044605F0DEFCE5692DB194
:106F70002B69E36133B1E38C013BE38405F0C6FC8C
:106F8000284638BD2362F6E72DE9F04184690CB349
:106F9000A388656A00271A0480463E4606D4264622
:106FA00095B12C46A388656A1A04F8D55B07F6D418
:106FB0006EB17562656A2046FCF784FD2046013794
:106FC00010F0D2FD002DECD13846BDE8F081C8F8B4
:106FD0001850F0E727463846BDE8F0812DE9F0412A
:106FE0008469002C44D016460D46DFF88C800127BA
:106FF0000CE0A38803F0C003A3F1C003B3FA83F34A
:107000005B09B34215D00027646A4CB323882988F2
:10701000994201D0002BF7D163886A889A4201D047
:10702000002BF1D1FCF706F90028E2D10123B3428D
:10703000E9D1B4F804E01EF4004FE4D195E80F0064
:1070400004F1100C1EF0400F8CE80F0002D1FCF789
:10705000F1F840B92046FFF785FE646A002CD5D1CF
:107060003846BDE8F08121464046FCF731FBCBE7CE
:1070700001273846BDE8F081656D0300F0B50122B7
:1070800087B00446066A0D46FFF7A8FF10B9E38CE7
:10709000092B01D907B0F0BD95E80F0002AD85E8D6
:1070A0000F00182010F067FD06AB074613E9030038
:1070B00095E80C008DE80300384601F02BFE05F042
:1070C00033FC66B133693B6137613B695BB1E38C8B
:1070D0000133E38407B0BDE8F04005F017BCE36975
:1070E0003B61E761F2E72762F1E700BF82B008B5D4
:1070F00002A9C1E90023FFF7C1FFBDE80840002055
:1071000002B0704782B038B5054604A981E80C008A
:10711000FFF73AFF2846FFF725FF90B1044604E049
:107120002846FFF71FFF044658B100222146284693
:10713000FFF754FF204610F017FDFCF715F9002863
:10714000EED1BDE8384002B0704700BF024B18884E
:10715000421C1A80704700BF6C230020C08800F0DA
:107160000300A0F10300B0FA80F04009704700BFAF
:1071700082B070B50C4684B005464968206802AC00
:1071800003C4039908AC481084E80C00CB0745BF42
:107190002A58029B029CD4580AAB2E1893E803008D
:1071A0008DE8030008AB0CCB3046A04704B0BDE827
:1071B000704002B0704700BF10B5034B0360044637
:1071C000FCF768FD204610BD74A2040010B5054B05
:1071D00003600446FCF75EFD204610F0C5FC204627
:1071E00010BD00BF74A2040082B070B588B00CA9B5
:1071F00081E80C004289BDF83050BDF8323095422C
:1072000004460BD0022B27D0052B00F08680012BE3
:1072100078D008B0BDE8704002B070478189022B79
:107220000E461AD0052B5AD0012BF2D1C3888D42BD
:1072300043F00103C38068D0A9426AD003F002037F
:10724000002BE6D001231A46A18804A801F01CFDFA
:10725000238901332381DCE71646B24217D0A18986
:10726000B14265D0954267D0A3899D42194600F08E
:107270009C80A17B012900F0C1809D4200F0AE807E
:107280009542C6D1E38823F01003E380C1E7E38889
:1072900003F00103002BE5D001230222A1886846F8
:1072A00001F0F2FC63899D4200F09080A289A188E0
:1072B000AA4250D00123032204A801F0E5FC628910
:1072C000B24203D1E38843F01003E380A389B342C1
:1072D00000F08F80954266D09D429AD168E0C388C5
:1072E0008D4243F00403C3801AD0A9421CD003F09E
:1072F0000803002B8DD0A1880123052204A801F0EA
:10730000C3FC86E78689B54203D1E38843F00203D4
:10731000E380E38803F0010392E78689B54203D155
:10732000E38843F00803E380E38803F00403E0E725
:10733000E38803F00203ADE7E088C6061FD5A38902
:1073400020F0010189B29D42E18028D02A4621F037
:107350000401E18091E7E28802F008000028A9D04A
:10736000B34238D0A389B342A4D102F00802002A64
:10737000A0D00123042204A801F086FC9FE7A37B90
:10738000012B3ED100F00403002B37D0012304224F
:10739000294604A801F078FC6289A3899AE720F0C5
:1073A000030189B2D2E7E088CAE7E38898062BD5C3
:1073B000E38823F0020189B29542E1802AD023F0CC
:1073C0000A039BB223F02003E38022E7E288A1882E
:1073D00002F00400C2E702F00402C8E7E18821F0ED
:1073E00008039BB29542E38004BF21F018039BB2CF
:1073F000E8E7E18841F02001E1806BE70123032207
:10740000C6E7A1890B4665E7A07B0128FAD103F006
:107410000803B9E72B469AE7817370472DE9F04FCF
:1074200083B0DDE90C9ABDF83870002B40D0B9F17B
:10743000000F3AD00F2901D1C02F39D18046282022
:107440001D460E46934610F096FB0446103001F0A0
:107450003BFC18202680A4F802B010F08CFBCDE98C
:10746000009A06466B46024603CB46F80C5B0023A7
:10747000D8F80050D360E3607360506091606D682D
:1074800011491248A26047F002078D42A780C4E963
:10749000083350610FD12046FCF714FB204610F052
:1074A00063FB0B4803B0BDE8F08F1AF0010FC1D1A8
:1074B0006FF47A70F6E740462146A8470028EAD1E3
:1074C00003B0BDE8F08F00BF112C03007171030001
:1074D00016FCFFFF2DE9F0471C4F044688B0884694
:1074E00016461D46FCF7C0FB3A681949A5800025E1
:1074F000A4F80A80A6812160A57312B3DFF854A016
:10750000CDE904A504AB93E803004FF0C0098DE872
:107510000300234641461046CDF808902A46FFF75F
:107520007DFFCDE906A508AB13E903003F68CDF860
:1075300008908DE803002A46234638463146FFF777
:107540006DFF204608B0BDE8F08700BF003B00207B
:1075500074A20400E9710300C3889A0610B50446BA
:1075600008D4406A03682146DB699847E38843F002
:107570002003E380DB0606D4D4E90A309842B4BF86
:107580000020012010BD002010BD00BF10B5044632
:10759000406A074B026803F1080138332160E36059
:1075A0002146136A98472046FEF742FD204610BD4B
:1075B00094A2040010B50446FFF7E8FF204610F03F
:1075C000D3FA204610BD00BFF0B50C8983B000256A
:1075D0001E46174601232246CDE900550446FEF714
:1075E0004BFE0C4B676203F13002C4E90A6523606D
:1075F000E2602046FFF7B0FFAE4207DAE388A562FB
:1076000043F010034FF4FA72E380E262204603B0C5
:10761000F0BD00BF9CA2040038B5054600F10C0483
:1076200020460121FDF73CF8E8690A4A03685B68D7
:10763000934207D120466FF47D750021FDF730F8A5
:10764000284638BD9847002105462046FDF728F812
:10765000284638BD19C2020070B5054600F10C0479
:1076600020460E460121FDF71BF8E869094A036828
:107670001B68934205D120460021BDE87040FDF70C
:107680000FB83146984720460021BDE87040FDF70D
:1076900007B800BF11C20200F0B41D4DC6884A00F1
:1076A00085FB0234D317C3EB6414F3061FD5836A3A
:1076B0004BBB6222164FC56A02FB01F187FB013208
:1076C000CB17C3EB62132344013DC0E90A3565B90A
:1076D00003EB830287FB0217D217C2EB6712023358
:1076E00026F010061344C6808362F0BC7047622205
:1076F00002FB01F185FB0123C917C1EB631323448E
:10770000C362F0BC70479942B8BF1946D1E700BFC9
:107710001F85EB5110B50446FEF7AAFC606A0368AA
:1077200021461B6A9847E38823F02003E38000206A
:1077300010BD00BFA0F10C00FFF7ECBF30B4456BEB
:10774000002D0DDD836899420ED000F10802002360
:1077500003E052F8044F8C4207D001339D42F8D128
:107760006FF47A7030BC70470023AA1C023350F8C3
:10777000222040F82320013D4563002030BC7047A3
:1077800082B070B50C4684B005464968206802ACEA
:1077900003C4039908AC481084E80C00CB0745BF2C
:1077A0002A58029B029CD4580AAB2E1893E8030077
:1077B0008DE8030008AB0CCB3046A04704B0BDE811
:1077C000704002B0704700BF38B5446B0A2C1DD022
:1077D000002C0DDD8368994215D000F108020023CA
:1077E00003E052F8045F8D420DD001339C42F8D182
:1077F0000346A21C013440F8221008465C63FFF7E0
:107800000BFF002038BD6FF47A7038BD6FF47B70C9
:1078100038BD00BF82B02DE9F04708A981E80C000F
:10782000426B002A804619DD314F051D00240126D8
:1078300003E0A24283F8306010DD55F8043FD869B8
:107840000168896CB94204F10104F2D08847D8F884
:1078500034202B68A24283F83060EEDC0120FCF774
:10786000FBF9D8F83000DFF88CA003681B6853459B
:1078700036D10026D8F83420B146002A26DD00246F
:10788000274608F1040502E00134A24219DD55F84B
:10789000040F90F83030002BF6D0FFF7BDFE012822
:1078A000286802D0836AB34204DC80F83090314605
:1078B000FFF7F2FED8F834200134A24207F10107A5
:1078C000E5DC164417B1B6F57A7FD6DDD8F830007E
:1078D00003681B68534506D1BDE8F04702B0704706
:1078E00001219847C5E7BDE8F047002102B01847DD
:1078F000E5C2020011C2020070B5074B036000250B
:10790000044645600E46FBF70BFA044BA680C4E91B
:107910000C552360204670BDE89E0400D8A20400E8
:107920002DE9F041044682B00E46154610309846C7
:10793000BDF8287001F0C8F926806580182010F085
:107940001AF908AB054693E803006A4682E803008B
:107950002E4603CA46F80C8B0023084AEB6047F01A
:107960000207736068602046A780A560E360C4E9F1
:107970000833A9606A6102B0BDE8F0818177030035
:1079800070B5174A174B1568036090B00446C5B12F
:1079900001222423CDE9043204AB93E80300A38839
:1079A00010268DE803000296194606A82346FFF725
:1079B000B7FF2B680C4A9B6893420CD106A8FCF7D2
:1079C00081F80A4B236000232046E380FBF718FA76
:1079D000204610B070BD284606A99847EEE700BFC4
:1079E000003B0020D8A20400912E0300E89E040072
:1079F00010B50446FFF7C4FF204610F0B5F8204646
:107A000010BD00BF00207047704700BF704700BF27
:107A1000002070470048704716FCFFFF00207047A9
:107A2000002070470048704716FCFFFF0346006ABD
:107A3000D9610268191D5368184700BFC06900303A
:107A400018BF0120704700BF006A03681B69184710
:107A50000023C361704700BF82B010B5C169002424
:107A6000846102AC84E80C0029B10B6804461B68F1
:107A700008469847A061BDE8104002B0704700BFBB
:107A8000006A10B103689B6918470020704700BF67
:107A9000006A10B10368DB6918470020704700BF17
:107AA00010B5044601F01EFC204610BD82B070B532
:107AB0000C4684B005464968206802AC03C40399AB
:107AC00008AC481084E80C00CB0745BF2A58029B3D
:107AD000029CD4580AAB2E1893E803008DE80300EB
:107AE00008AB0CCB3046A04704B0BDE8704002B0F4
:107AF000704700BF30B54B69012B85B00C46054679
:107B000006D94A89012340F2FF31684601F0BCF8EA
:107B1000637C002262613BB1216A0B6828461B68C6
:107B20009847284605B030BD237404F10C0128465F
:107B300001F000FC284605B030BD00BF10B5436918
:107B4000032B84B0044603D80133042B436124D0B3
:107B5000637CDBB9237C0BB1A36943BB216A0B684F
:107B600068461B689847694604F10C0001F0F2FB77
:107B7000684601F0E7FB012368462374228940F23E
:107B8000FF3101F081F8A06904B010BDE069B8B11F
:107B900003681B68984704B010BD4289002AD7D0FB
:107BA000012340F2FF31684601F06EF8D0E701236F
:107BB000228940F2FF31684601F066F8A069EAE7E1
:107BC0000048E8E712FCFFFFA0F10400FFF7B6BF92
:107BD00038B50B4B03F1080234330446C0E90023E7
:107BE0000C300D4601F07EFB00230120042260745E
:107BF000256262612374A361A360E361204638BDFE
:107C000028A3040010B5064B03F1080234330446E0
:107C1000C0E900230C3001F095FB204610BD00BFE9
:107C200028A3040010B50446408910B911B1618140
:107C3000084610BDFFF78AFA608110BD406903282D
:107C40008CBF002001207047417439B92DE9F04103
:107C5000058982B01DB102B0BDE8F08170470446CD
:107C6000FFF774FA1D4B20811F688046002FF2D069
:107C700028200FF080FF0646103001F025F840F272
:107C8000FF3318203380A6F802800FF074FF144AE7
:107C9000CDE9002584466A46034603CA4CF80C4BDE
:107CA000DD60CCF80450586099603A680D49F56081
:107CB00012205961B360B080C6E908555368384650
:107CC000314698470028C6D03046FBF7FBFE3046C9
:107CD00002B0BDE8F0410FF047BF00BF003B0020FD
:107CE000597A0300AD7A030010B5054B054A83604D
:107CF000002304460260C380FBF782F8204610BDD3
:107D00009CA30400E89E040010B5074B074A83605B
:107D1000002304460260C380FBF772F820460FF090
:107D200023FF204610BD00BF9CA30400E89E040072
:107D30002DE9F04F2DED0A8B90F82C308BB00546D5
:107D4000002B00F03E81E9680B6805A81B68984786
:107D5000E868059A036804321B690092984730F07E
:107D6000040380460AD0082800F047814FF480734E
:107D7000AB6101239FEDA49A029305E08023AB61E0
:107D80000223B7EE009A0293059B029A5B8893FB4D
:107D9000F2F30193002B00F0BD80AE69B342C0F254
:107DA000B9809FED9AAADFED9A9A9FED9ABADFED1E
:107DB0009ABADFED9AAA9FED9ACA009B1E449E4292
:107DC00040F2B180DFF86092DDF808A09B4647F6EC
:107DD000FE770024584659F8283098478442B8BFA7
:107DE00004B2D3448742C8BF07B25E45F2D8E41B51
:107DF00004EBD47444F34F034FF0000B039508EEEB
:107E0000103A3546009C029EDA46204659F8283042
:107E100098473444C01BA5420BF1010B00FB00AA9C
:107E2000F3D89AFBFBF00FF0FDF8039D0CF09AFDE0
:107E30000FF05AFCF8EEC87A95ED097A67EE897A68
:107E400008EE900AC7EE8A6A66EE877AC7EEA97ACC
:107E500017EE900A0CF0E6FD07EE100AF3EE047A36
:107E600067EE277A95ED0A7AB4EEE77AF1EE10FA2A
:107E70006FDD85ED077AAB69019995F85020C91A35
:107E800001910099012A1944009140F2B28005F154
:107E900054042046FBF708FD002802DD2046FBF7CE
:107EA000F3FCEB889A0708D495ED077AD5ED047AB0
:107EB000B4EEE77AF1EE10FA62DC5B0708D495EDD8
:107EC000077AD5ED057AB4EEE77AF1EE10FA64D4CC
:107ED00095F83C30002B48D0D5ED107AF4EEE87AD6
:107EE000F1EE10FA01D5C5ED108ADFED4E7AF4EE11
:107EF000E78AF1EE10FA17DDAB6B00210133C5E91B
:107F00000D13012285F83C20019B1BB1AE699E42F6
:107F10007FF753AF05A801F015FA00200BB0BDECB8
:107F20000A8BBDE8F08FFFDEAB6B023B0B2B06D854
:107F3000D5ED107AF4EECC7AF1EE10FA3ADA6B6BFA
:107F4000C5ED10AA002201336B6385F83C20AA63BB
:107F5000DAE7F0EEE76AF4EE4B6AF1EE10FA88BF6A
:107F6000F0EE477AC5ED077A85E7F4EEEB8AF1EE9D
:107F700010FAD9DD6B6B132BD6DDC5ED108ABBE78C
:107F800001230222A98806A800F07EFEEB8823F0D8
:107F9000040343F00203EB809AE701231A46A98801
:107FA00006A800F071FEEB8823F0020343F00403FF
:107FB000EB808DE701230822A98806A800F064FE63
:107FC000BDE7FDF7B3FBD5E91223821A61EB03038A
:107FD000002B08BF4B2AFFF4B6AE05F15400FBF7A7
:107FE00063FC00287FF4AFAE85F85000A0F2EE30BD
:107FF00094E7013285F850208CE74023AB610423DD
:108000009FED069A0293BFE60000804300FEFF4604
:10801000ACC5A737FFFF7F7F00004843000000008A
:10802000000096430000C842C8200020A0F10800CC
:10803000FFF77EBEDFED0C7A9FED0C7A30EE670A1B
:1080400020EE070AB5EEC00AF1EE10FA09D4DFED12
:10805000087AB4EE670AF1EE10FAC8BFB0EE670A0C
:1080600070479FED040A704700000C42B1137B403B
:1080700000007F43000000002DE9F84F294D2DED51
:10808000028B05600025456004468B4617469846DE
:10809000DDF830A09DED0D8ABDF838909DF83C606C
:1080A000FAF73EFE204A226002F1280329462A46BA
:1080B000A360C4F80CB004F15400FBF78FFBE28816
:1080C000A4F8049001250021802342F00102C4F8A5
:1080D0001480276184ED0A8AC4F824A0E161A361B9
:1080E000E280256384F82D509EB984F82C6000232B
:1080F00084F85030BDEC028B002000220021C4E93E
:10810000120122642046C4E90D3384F83C30BDE8F6
:10811000F88FE068036804F108015B68984784F809
:108120002C50E4E7E89E040074A3040038B504462C
:10813000C06803689B680D46984728B9E0680368E3
:1081400004F108015B68984794F85030012B11D96D
:10815000FDF7ECFA6A1C08BF256BE369022DC4E940
:10816000120105D100EE103AFFF764FF10EE103A4D
:10817000184638BD04F15400FBF73AFBE8E700BFAE
:1081800080F82C1001B9704710B50446C068036828
:108190009B68984700B110BDE068036804F10801CE
:1081A0005B68BDE81040184708B5036B022B07EE6B
:1081B000901A07D19FED136A9FED137AC7EE866A76
:1081C00076EE877A90ED047AB4EE677AF1EE10FAE3
:1081D0000CD090ED057AC388C0ED047AB4EEE77A4E
:1081E00023F00203F1EE10FAC38001DC002008BD89
:1081F000B7EE007A77EEC77A17EE901A00F006F81D
:10820000002008BDB1137B4000000C4208B5036B91
:10821000022B07EE901A07D19FED136A9FED137A98
:10822000C7EE866A76EE877A90ED057AB4EE677AC5
:10823000F1EE10FA0CD090ED047AC388C0ED057A07
:10824000B4EEE77A23F00403F1EE10FAC38001D410
:10825000002008BDB7EE007A77EE877A17EE901A05
:10826000FFF7A2FF002008BDB1137B4000000C42C5
:108270000078704790F90000704700BF0088704791
:10828000B0F90000704700BF0068000A704700BFE7
:1082900000680012704700BF0068704700687047B0
:1082A0000170704701807047018070470A120B14FB
:1082B00001704270837070470160704701607047C1
:1082C00010B50446806800B110BD206A03681B69C0
:1082D0009847A06010BD00BFA0F10400FFF7F0BFF9
:1082E00008299ABF816000206FF47A70704700BF40
:1082F000A0F10400FFF7F4BF006A03689B69184708
:10830000A0F10400FFF7F8BF006A0368DB691847B3
:10831000A0F10400FFF7F8BF002070472DE9F04FEF
:108320002DED028BD1ED057A89B00C46FDEEE77A92
:108330000490CDED037A00F0D5FF206A03681B6935
:108340009847A36882460BB9A0600346216A0133AF
:108350000A6803EBD3735B101268019306A8904779
:10836000A368069A0AF1010808EBD87801334FEAAE
:10837000680803EBD373B8EB630FB2F8029099FB74
:10838000F8F900F09180019B09FB03F319460122E3
:1083900007A8059300F0ACFF07A9049800F0DAFFE6
:1083A00007A800F0CFFF049B069D1E68B9F1000FDF
:1083B00005F1040506F104067FDD0027DFF808B1AA
:1083C00002975BF82A2028469047019B217F0246AE
:1083D0000137304645441E4421B1029B13440293A9
:1083E000039BD21A07EE902AB8EEE77AD4ED047A0E
:1083F000A268334B67EE277A53F82220A369FDEE7B
:10840000E77A17EE901A19439047B945D9D1237FDF
:1084100073B3DDED027A637FB8EEE77A07EE909AE8
:10842000F8EEE77A87EE278AD3B160690EF00CFE8A
:108430000022244B0EF060FE064618EE100A0F468E
:108440000EF002FE00221F4B0EF056FE02460B46B7
:10845000304639460EF09AFC0FF046F908EE100A45
:10846000E26884ED058A012363777AB90123A37753
:10847000DDE90441204600F0EBFF06A800F062FFB2
:10848000204609B0BDEC028BBDE8F08FFDEEC87A46
:10849000039917EE903A5B1A002BB8BF5B429A42E1
:1084A000E6DD0123A377E3E706A9049800F052FF75
:1084B000019B09FB03F3059375E700230293A6E7ED
:1084C000EC2000200000E03FC8200020A1F10401C2
:1084D000FFF724BF01707047002070472DE9F84373
:1084E000164FDDE908850E4607F124010446C0E970
:1084F00000710662011D24301F469146FFF768FB9C
:108500000023B8F1080F4FF0000198BFC4F80880AD
:10851000C4F810902777E5606161A36163775FB16C
:10852000B5FA85F35B093268A37730465368214674
:1085300098472046BDE8F8830123F4E7A8A3040088
:108540002430FFF7FBBA00BF704700BF4369C26920
:10855000013343611AB1136810461B68184701487C
:10856000704700BF12FCFFFFA0F10400FFF7EEBF51
:10857000C069003018BF0120704700BF8368586A87
:1085800003681B69184700BF8368586A03685B6902
:10859000184700BF00F1240300F14C0253F8040F08
:1085A00078B110B4C4698C4208D093420DD053F80E
:1085B000040F0028F9D0C4698C42F6D15DF8044B51
:1085C00070479342EAD10020704700205DF8044BC9
:1085D000704700BF10B504460FF0C6FA204610BD24
:1085E00010B58468C16184B001231A4621896846A8
:1085F00000F04AFB04B010BD00B5836885B00022CE
:10860000C261198902220123684600F03DFB05B0D2
:108610005DF804FB094B10B503F108022C33044646
:10862000C0E900230C3000F08DFE054B6360002391
:10863000201D6381FAF7E4FB204610BDECA3040083
:10864000E89E0400A0F10400FFF7E4BF0B4B03F128
:1086500008022C3310B50446C0E900230C3000F0AA
:1086600071FE074B636000236381201DFAF7C8FB8E
:1086700020460FF079FA204610BD00BFECA304009D
:10868000E89E0400A0F10400FFF7E0BFF0B583B05E
:1086900001F10C04054601A80E4600F023FE01A9D5
:1086A000204600F067FE074601A800F04BFE5FB1D0
:1086B000716A0B6801A81B68984701A9204600F061
:1086C00049FE01A800F03EFE2146284600F032FE99
:1086D000284603B0F0BD00BFF0B5002385B00546C5
:1086E000036200F1240400F14C06012754F8043F12
:1086F00018464BB11B689B6A984728B92B6A2A7E9B
:1087000001332B62D2B12F76B442EFD12C6A0CB96F
:108710002B7ED3B9684600F0E5FD694605F10C00F3
:1087200000F018FE684600F00DFE29896846012316
:108730000A2200F0A9FA094805B0F0BD012303227E
:108740002989684600F0A0FADDE70123042229897F
:10875000684600F099FA2C76DCE700BF12FCFFFFB8
:1087600070B500F12403002453F8045F25B10134EF
:108770000A2CF9D1002070BD064620200FF0FBF92D
:108780000A34F369084A46F824000133002102F153
:1087900034048660C561C0E905550561C0E900245F
:1087A000C160F36170BD00BF3CA4040010B58368D4
:1087B0002DED028B0446C160586A03689B6908EE80
:1087C000101A984707EE900AF4EEC87AF1EE10FA04
:1087D00004D418EE100ABDEC028B10BDA368586AD1
:1087E000036818EE101ADB69984707EE900AF4EE5A
:1087F000C87AF1EE10FAECD5A368BDEC028B586A8A
:108800000368BDE810409B69184700BF10B500F130
:108810002402002352F8044F8C4204D001330A2B67
:10882000F8D1002010BDC2690A330024013A40F893
:108830002340C26149B10B68064A5B6A934208460D
:1088400005D10FF091F9012010BD012010BD98470E
:10885000012010BDD5850300D0ED037AF5EE407AF6
:10886000F1EE10FA02D017EE900A70478368586A4A
:1088700003689B69184700BF2DE9F04F2DED028B6F
:108880000C4689B089680590486A06930168896931
:10889000154698468847A36894ED038A08EE900A27
:1088A000586A03681B699847FDEEE87A2F6817EE4F
:1088B000902AFDEEC87A451C17EE904A05EBD57557
:1088C000131B6D107E8896FBF5F692FBF6F493FB76
:1088D000F4F4341B04FB05F2434683460292002B5A
:1088E00053D0029B149A9342A8BF13463601002B23
:1088F00096FBF4F20492069A029307F1040703929E
:1089000060DD0792DFF8D480DFF8D4A0079E002452
:10891000002C2246B8BF04F10F02121105FB02F22F
:10892000B81858F82B3001929847019A58F82B3014
:108930008146501938449847B0EB090348BF0F33BC
:10894000D4F1000C0CF00F0C04F00F014FEA2313CC
:1089500058BFCCF10001304601FB03915AF82B308F
:108960009847049A039B2E441444029AF31A9A429D
:10897000CEDC0799059800F0CDFC069BCBB105989D
:1089800009B0BDEC028BBDE8F08F10469046FBF7B6
:108990000FF8360196FBF4F304934346002B07903F
:1089A00007F104070390ADDC029A0799059800F0DF
:1089B000B1FC0798FBF722F8059809B0BDEC028BD3
:1089C000BDE8F08F029ADDE9050100F0A3FC0598EF
:1089D00009B0BDEC028BBDE8F08F00BFC8200020BD
:1089E000EC20002070B50C462DED028B8968A36940
:1089F0000A6884B001330026A361666105465368A6
:108A000002A8984794ED038AB5EE408AF1EE10FA79
:108A10000BD0A368586A03689B69984707EE900AD1
:108A2000B4EEE78AF1EE10FA0BDB02A9284600F05B
:108A300081FC02A800F086FC284604B0BDEC028B45
:108A400070BD02A903A800F075FC4FF0FF30009044
:108A500033462846214603AAFFF70EFF03A800F07D
:108A600071FCE6E7F8B50446154B16482060002572
:108A7000C4E90135201D0E461746FAF751F9124B8D
:108A800023602433636004F10C0000F02BFC666269
:108A90002781E5612562257604F1240304F14C0069
:108AA00043F8045F8342FBD1336830465B6821465C
:108AB000984700220023C4E904232046F8BD00BFE4
:108AC000E89E040068A30400F4A30400B1F5007F4D
:108AD000A4BFC1F57F710331490088B2704700BF60
:108AE000C1F58063B3F5007FB8BF1946014B33F879
:108AF0001100704774A4040088B2704728B180B296
:108B000011FB00F0C0F30900704741F6EF6011FB64
:108B100000F0C0F309007047B1F5007F40F2FF306C
:108B2000A8BF0020704700BF024A126802607E2280
:108B30004260704710210020034A034692E8030078
:108B400083E8030018467047F83A0020A1F120039B
:108B50005E2B07D8006805236FF09F0213FB0121ED
:108B60000844704700207047034A044B12681A609B
:108B70007E225A60704700BF10210020F83A002082
:108B800010B40170427043605DF8044B704700BF41
:108B900082B030B402AC84E80C000D46034694E881
:108BA00007009DF8144083E80700B4B1687818B155
:108BB00049425242C3E901126A68022A11D0032ACB
:108BC0002AD0012A22D0012C15D0022C05D1D3E9BC
:108BD000011249425242C3E9011230BC184602B0A8
:108BE0007047D3E90012012CC1F10001C2F100026B
:108BF000C3E90012E9D130BCD3E900109A681860CB
:108C000052421846C3E9011202B07047D3E900216D
:108C1000524219605A60D6E7D3E9001252425960B5
:108C20001A60D0E782B010B582B004AC84E80C00C2
:108C30000B78069C019304AB0CCB00940446FFF721
:108C4000A7FF204602B0BDE8104002B0704700BF49
:108C500030B50B4B1C6883B024B12268094B1568F2
:108C60009D4201D103B030BD00F10802034692E8F5
:108C700003008DE8030020460CCBA84703B030BDAD
:108C8000003B0020656B030038B50180428004463C
:108C90001D46FCF75BFDC4E9020115B12046FFF754
:108CA000D7FF204638BD00BFD0B5DDE904679DF889
:108CB000183001800446C0E9026742800BB1FFF71B
:108CC000C7FF2046D0BD00BF10B500230360044697
:108CD000FCF73CFDC4E90201204610BD30B50B4B4A
:108CE0001C6883B024B12268094B15689D4201D1EC
:108CF00003B030BD00F10802034692E803008DE89E
:108D0000030020460CCBA84703B030BD003B002039
:108D1000656B030082B038B5002504A905600446E0
:108D200081E80C00FCF712FD04AB0FCB256184E851
:108D30000F002046BDE8384002B0704710B5044629
:108D4000006800F0BFFC204610BD00BF014B03606F
:108D5000704700BF54AA040010B50446086820609C
:108D600000F092FC204610BD10B5044629B1016008
:108D7000084600F089FC204610BD024B03602046E7
:108D800010BD00BF54AA04000346024A00681A60DE
:108D9000704700BF54AA040038B504460B68006849
:108DA000984206D00D4600F08DFC2868206000F047
:108DB0006BFC204638BD00BF0068438882880021D4
:108DC000063002FB03F2EAF7C7BD00BF30B400680B
:108DD0004488A1420DDA8588AA420ADA002908DB14
:108DE000002A06DB084404FB02020020937130BC19
:108DF00070476FF47A70FAE703685888814211DA95
:108E000010B49C88A2420ADA002908DB002A06DB9B
:108E10000B4400FB023398795DF8044B70476FF404
:108E20007A70F9E76FF47A70704700BF2DE9F04768
:108E3000B1F1000A21DD1D46FBB10468A788B4F832
:108E400002809742A8BF1746D045A8BFD046002F42
:108E5000814604F106040DDD0026294620464246DF
:108E6000E9F7E8FBD9F8003001365B88BE4255448B
:108E70001C44F2D10020BDE8F0876FF47A70FAE765
:108E80002DE9F0410F1E19DB002A17DB04460620EE
:108E900007FB02001E461546FAF78AFD206000F027
:108EA00039FC23685F8023689D805EB133462A4683
:108EB00039462046BDE8F041FFF7B8BF074B0360D5
:108EC000BDE8F081206843888288314602FB03F2C6
:108ED0000630BDE8F041EAF73FBD00BF54AA0400E8
:108EE00010B500230446FFF7CBFF204610BD00BF9E
:108EF0002DE9F041054684B000294FD00A780C4690
:108F0000002A51D000218C460F460E46234607E02A
:108F10000A2A39D00EB10137002613F8012F42B1C9
:108F2000A2F130000928F3D813F8012F0126002AF6
:108F3000F6D109B20FFA8CF200232846FFF7A0FF02
:108F40002F6823780637DBB101AE32464FF00008B8
:108F500004E002F8013B14F8013F8BB1A3F13001AA
:108F60000929F6D9B24282F80080F4D930460EF0D1
:108F700026FE07F8010B14F8013F3246002BEDD115
:108F8000284604B0BDE8F08106B10137B942B8BF48
:108F9000394600270CF1010C3E46BEE7034B036047
:108FA000284604B0BDE8F0811146C5E754AA040084
:108FB00010B50446FFF764FF204610BD2DE9F84FB9
:108FC00005689DF82840B5F802C062454FDAB5F84B
:108FD00004E073454BDAD1F800B0BBF8029002EB25
:108FE0000907002F43DDBBF804A003EB0A08B8F122
:108FF000000F3CDD002A55DBACEB02074F45A8BF54
:109000004F46002B0BF1060660DBAEEB0308D045A4
:10901000A8BFD04622EAE27205F106090BB10CFBAB
:10902000032291443CB3B8F1000F20DD4FF0000E55
:10903000724607F1FF3A002F0FDD731E4C4606EB18
:109040000A0C13F8015F0DB1257001329C4504F143
:109050000104F6D10568D1F800B0BBF802406B8876
:109060000EF1010EF04526449944E4D100E00022BF
:109070001046BDE8F88FB8F1000FF8DD0D468246C6
:109080003A4631464846E9F7D5FA2A68DAF8003018
:1090900052885B880134A04516449944F0D107FBFF
:1090A00008F2E5E76745A8BF6746002B0BF1060607
:1090B00012DAF045A8BFF046C2F1000C09FB13C359
:1090C0001E4422EAE27205F10609AAE7F045A8BFAC
:1090D000F0464FF0000CF1E7AEEB0308D045A8BF17
:1090E000D046B61A96E700BF2DE9F043804683B01C
:1090F000684691461D460C46FFF71EFDD8F8003025
:109100005A88914533DA9B889D4230DA1F2C2ED93C
:10911000019B9C422BDC21466846FFF717FD4FF070
:10912000100E07462B1A053007EB030C0021D8F868
:109130000040658801EB0906B5420EDDA288624554
:1091400034444EFA01F208DD3E780CFB0544164229
:1091500014BF4FF0FF320022A27101310529E6D180
:109160000137B842E0D1002003B0BDE8F0836FF4CE
:109170007A70F9E72DE9F04103680D1E5F8826DD5E
:10918000BD4203F1060480469A8817DA9AB17F1B24
:10919000002661193A462046E9F74CFA2A46E019BA
:1091A0000021EAF7D9FBD8F800305A889B880136AD
:1091B0009E421444EDDB0020BDE8F08107FB02F283
:1091C00020460021EAF7C8FB0020BDE8F0816FF4DB
:1091D0007A70F1E72DE9F84F00AFD1F80090BE6A40
:1091E000B9F80240F96A02EB0608A0451D4682461E
:1091F000194432DAB8F1000FD8BFA046B9F80460BC
:10920000B14202DA0029C8BF0E4608FB06F3073355
:1092100023F0070304FB0522ADEB030D09F106045F
:10922000AE421444EB460DDD6B46424621461846DD
:10923000E9F700FA0135B9F802200346AE4233449B
:109240001444F2D150465B4632B20FFA88F1FFF770
:1092500017FE5046BD46BDE8F88FA046CEE700BFDA
:1092600010B5096804468B1DB1F90420B1F902104C
:10927000FFF706FE204610BD10B5064B064C1846FB
:10928000236000F001FA2046044A0549BDE8104079
:109290000EF06CBC54AA0400043B002040200020C7
:1092A0003D8D0300F8B50546101D14461F460E46B9
:1092B000FAF77EFB286000F02DFA2B685C802EB157
:1092C0002868314604302246E9F7B4F9012F00D06E
:1092D000F8BD2868224604300021BDE8F840EAF7CE
:1092E0003BBB00BF014B0360704700BF5CAA04009A
:1092F000002910B5044606DD13460A460021FFF793
:10930000D1FF204610BD024B0360204610BD00BFB8
:109310005CAA0400002A10B5044604DD0023FFF710
:10932000C1FF204610BD024B0360204610BD00BFA8
:109330005CAA040010B504460868206000F0A4F997
:10934000204610BD10B50446006800F0BBF9204669
:1093500010BD00BF38B504460B680068984206D0BF
:109360000D4600F0AFF92868206000F08DF9204626
:1093700038BD00BF0068096888420ED008B5438830
:109380004A889A4201D0002008BD043104300EF012
:109390001AFCB0FA80F0400908BD0120704700BFF8
:1093A00038B5151E13DB04686288A8B290420ED847
:1093B00033EA230328BF1346521B9A4204F10404E4
:1093C000A8BF1A466019EAF7C7FA002038BD6FF443
:1093D0007A7038BD002B70B50D4602DA03685B88E1
:1093E0009B1A002A21DB046866889918B1421CDCAC
:1093F00091421ADBCBB135F0004116D05942A94257
:1094000014DAAB4212DD0434002D04EB020612DB49
:109410005C1B2246711930460EF0E4FB2A463019D7
:109420000021BDE87040EAF797BA70BD0021BDE8A1
:109430007040FFF7B5BF6C425A19314630190EF033
:10944000D1FB224630460021BDE87040EAF784BADD
:10945000002906DB03685A888A4202DB5980002013
:1094600070476FF47A70704710B50446006800F0DA
:1094700029F9204610BD00BF70B50546501D1446A1
:109480000E46FAF795FA286000F044F92B685C80E4
:109490002868224631460430E9F7CCF82B681C4492
:1094A0000023237170BD00BF10B50B4684B0044685
:1094B00001A91846F9F72EFB01A80EF0E0FB01A95F
:1094C00002462046FFF7D8FF204604B010BD00BF7B
:1094D00038B5054611B10B780C461BB9064B2B600D
:1094E000284638BD08460EF0CAFB214602462846EB
:1094F000FFF7C2FF284638BD60AA0400F8B517463A
:109500000A683B68B2F90250B3F902301D440446C0
:10951000681D0E46FAF74CFA206000F0FBF823684D
:109520005D8031682068B1F9022004300431E9F728
:1095300081F8326823683968B2F90200B1F9022073
:10954000043318440431E9F775F823681D440023F7
:109550002B712046F8BD00BF70B5054649B10B78A8
:109560000C4633B1084616460EF089FBB3B283426F
:1095700003D9054B2B60284670BD2846324621464C
:10958000FFF77AFF284670BD60AA040010B50446B4
:109590000868206000F078F8204610BD014B036099
:1095A000704700BF60AA040038B504460B68006825
:1095B000984206D00D4600F085F82868206000F03B
:1095C00063F8204638BD00BF08B5006809684388C5
:1095D0004A889A4201D0002008BD043104300EF0C0
:1095E00044FBB0FA80F0400908BD00BF70B51368B5
:1095F0000D685E8804465EB16D881DB1FFF77EFF81
:10960000204670BD0360184600F03EF8204670BD4D
:109610000560284600F038F8204670BD002907DBB9
:109620000368B3F902208A4202DD0B4418797047BF
:109630000020704710B5064B064C1846236000F01A
:1096400023F82046044A0549BDE810400EF08EBAC2
:1096500060AA0400083B0020402000206994030019
:1096600008B503884FF6FF729BB293420AD0012BD4
:1096700001D0DB0704D41E20EAF7BCFF002008BDA0
:10968000002008BD012008BD03884FF6FF729BB281
:10969000934215D0012B10B504460DD0DB070BD536
:1096A000BFF35B8FD4E85F3F0233C4E8523F002A28
:1096B000F8D1BFF35B8F10BD1E20EAF79BFFEFE7E9
:1096C000704700BF03884FF6FF729BB2934218D0D9
:1096D000012B10B5044610D0DB070ED5BFF35B8F0E
:1096E000D4E85F3F9A1EC4E8512F0029F8D1BFF398
:1096F0005B8F9BB2032B05D010BD1E20EAF77AFFCB
:10970000ECE770472046BDE8104000F001B800BF0C
:10971000FAF774B903230380704700BF82B070B5B5
:1097200082B0044608A906A880E80C0003C9266890
:1097300065698DE8030006AB0CCB3046211DA847B8
:1097400002B0BDE8704002B0704700BF08B50268C3
:109750000B689A4201D0002008BD04311022043069
:109760000EF031FAB0FA80F0400908BD04207047CD
:109770000429024808BF0020704700BF16FCFFFF05
:10978000436805481B6990FBF3F007EE900AF8EE7A
:10979000E77A17EE900A704740420F00837C43F04F
:1097A00020038374704700BF807CC0F34010704773
:1097B00010B508310446FFF7BDFD204610BD00BFBF
:1097C000184B03F128022DE9F04106460360826040
:1097D00000F5FE7700F5017500E025462C1F2046B8
:1097E000FFF7B0FDA742F8D1DFF84080283D06F131
:1097F0001C0745F8188C3C3C2846FEF703FA04F198
:109800000800FFF79FFDA742A5F13C05F1D1064BEB
:10981000336000233046F380F9F7F2FA3046BDE8B2
:10982000F08100BFDCAA0400E89E0400B4AA040092
:10983000084B094A0321C3F80815D2F80034DB07A6
:10984000FBD40123936090F80832002BFBD1012058
:10985000704700BF00F0014000700040194B03F159
:1098600028022DE9F04106460360826000F5FE778C
:1098700000F5017500E025462C1F2046FFF762FD2C
:10988000A742F8D1DFF84480283D06F11C0745F8CF
:10989000188C3C3C2846FEF7B5F904F10800FFF7A8
:1098A00051FDA742A5F13C05F1D1074B33600023E0
:1098B000F3803046F9F7A4FA30460EF055F93046F9
:1098C000BDE8F081DCAA0400E89E0400B4AA04000C
:1098D000104B70B50446C0E9003104F1180508309A
:1098E0001646FFF7FFFC21462846FEF771F9A368EC
:1098F000E6745B88E381022200234FF4007128465E
:109900002182A374A2821946A381FEF79DF9204605
:1099100070BD00BFB4AA0400072914D8032A12D8C6
:1099200010B4C37C01751B0103F1804342F48054E1
:1099300003F5E043427544EA01210020C3F81815FD
:109940005DF8044B70476FF47A70704710B5898AE0
:1099500004460022FFF7CCFC20464FF0FF330022E4
:109960008821FFF71DFD204610BD00BF38B5044615
:109970008069036800219B6B9847A06903684FF4D6
:109980007A51DB6C98472269A17D07EE902A012964
:109990000B46F8EE677AB8BF012303EB8303B3EEFF
:1099A000007AB2FBF3F3FF2B67EE877A2FD980237F
:1099B00000225B1002F10102FBD101293AD92649AC
:1099C000072AC1F8F4352BDD9FED247A67EE877AFC
:1099D0004FF48072C4F80422A069FDEEE77A0368B0
:1099E0000021DB6B17EE902A9847A3691C4A5B693C
:1099F0001C48012103F5A0740225C3F80012C2F827
:109A00000855C2F81845C2F81C05D96038BD5B106E
:109A1000CED101291DD910490122C1F8F435D9E769
:109A2000012303FA02F207EE102AB8EEC77AC7EE56
:109A3000877ACFE70123934007EE103AB8EEC77A52
:109A4000C7EE877A04490123C1F8F425C4F804322B
:109A5000C2E71A46F6E700BF007000400000803BF6
:109A600000F00140047000402DE9F047504D0560C2
:109A7000002582B0456004460E4691469A46F9F7A5
:109A80004FF94C4AA66102F1080330322360A2600C
:109A900021462A462573657304F11C00FFF718FF61
:109AA000214604F158000122FFF712FF214604F17C
:109AB00094000222FFF70CFF214604F1D00003229C
:109AC000FFF706FF214604F586700422FFF700FF2A
:109AD000214604F5A4700522FFF7FAFE214604F59D
:109AE000C2700622FFF7F4FE04F5FE770722214636
:109AF00004F5E070FFF7ECFE04F500763846FFF75A
:109B0000F1FB3046FFF7EEFB4FF001084FF4007316
:109B1000A382214601A8A4F804A0C4F81090A5755A
:109B200084F80852C4F80482FFF710FF01A93846F0
:109B3000FFF710FC01A8FFF705FC214601A8FFF77D
:109B400005FF01A93046FFF705FC01A8FFF7FAFB66
:109B5000194E1A4BE57580271C60C6F88070BFF35C
:109B60004F8FBFF36F8F164B164AC3F80055032073
:109B7000C3F8F00514492320C3F80403C2F808858C
:109B80002046C2F81015C2F81435FFF7EFFE86F82C
:109B90000753C6F880713760A06903685B6A98470D
:109BA000A06903681B6B9847204602B0BDE8F087A8
:109BB000E89E0400D4AA040000E100E00C3B002071
:109BC0000070004000F0014004710040F0B5514DBC
:109BD00051492B68514C524A85B0012600930B68BD
:109BE0000193236802930023136017681660009A9C
:109BF0002A60019A0A60029A2260A1F2446103225B
:109C00002324C1F800351F46C1F8F0258E46C1F85F
:109C100004431A469C468375064617E0CFB2877503
:109C200096F8313096F82F1096F8304043F4805370
:109C30000EEB011143EA0423082AC1F8183506F196
:109C40003C06C5F81025C5F814C51CD013019C1A94
:109C500000EB840403F1804594F82E4014F01004C6
:109C600007F1010105F5E04502F1010203F180432E
:109C7000D4D103F5E043082AC3F8104506F13C06A9
:109C8000C3F81445E2D117B9384605B0F0BD254DEB
:109C900004460126C5F80065FFF768FEE77D7F37BB
:109CA00004EB870703A82146FFF750FE03A93846B7
:109CB000FFF750FB03A8FFF745FBD4F80422A17D72
:109CC000E07DA38AB24001FB02F204EB800093FB2B
:109CD000F2F702FB17329B1AD0F8FC21124801F16F
:109CE000004103EBD3730139043233410327C5F834
:109CF0002C26C5F8303602EB41022E6048F688016A
:109D0000C0F8047584F8086213889942FCD00120D9
:109D100005B0F0BD407600404476004048760040F3
:109D2000FC7F00400070004000F0014008B5034691
:109D300089B190F8083203F0FF011BBB184B194A98
:109D4000197013681849DB0903F00100DB0708707C
:109D50001CD4002008BD144A12785AB9104A12784F
:109D6000002AF6D093F80822002AF2D11846FFF70D
:109D70002DFFEEE70B4A80211160094A1278002A74
:109D8000F0D1E6E7FFF754FD0146D7E78023C2F89C
:109D90008030BFF34F8FBFF36F8F002008BD00BF2F
:109DA0001C43002000E100E01B43002090F8082243
:109DB00038B5044612B90161002038BD0D46FFF7E1
:109DC00037FD25610028F7D094F80832002BF3D135
:109DD0002046FFF7FBFEEFE707EE901A9FED0E7AA5
:109DE000C7EE277A10B5044640680369FDEEE77AAE
:109DF00017EE901A994201DAFFF7D8FF2368074A55
:109E00009B699342204603D1BDE81040FFF7B8BCE0
:109E1000BDE81040184700BF002474498197030033
:109E200038B50D460446FFF75DFA02F07DFDEB7D87
:109E30007F3305EB83012046FFF78CFA02F066FDC5
:109E4000204638BD30B5837C13F0100483B002D1B6
:109E5000204603B030BD044601A86168FFF7E0FF6B
:109E60000023E57C1B481A4602F1510109014158C3
:109E700001B10133954202F1010228D0082AF3D141
:109E8000154B01990A1D48F68800D55A854213449E
:109E900012D065684988AD7D0A449A424FEA45056B
:109EA00002D805E09A4203D92B4419888142F9D19E
:109EB0005B1BB3F90030A381A48901A824B2FFF78A
:109EC00041FA24EAE474A4B2204603B030BD013B59
:109ED0005B00D6E7007000402EF8FFFFF8B50E4695
:109EE0000446097D22481546F9F786FEC8B1317D42
:109EF0001F48F9F73DFE471EA5B13D01EB1B04EBE2
:109F0000830393F82E30DB0613D53368194ADB6DD3
:109F1000934222D10023ED1B237304EB850404F14B
:109F20001C00F8BD3D01ED1B04EB850404F11C0091
:109F3000F8BD94F80832B3B9EB1B04EB830393F834
:109F40002E2042F0100283F82E2094F80832002BC5
:109F5000DBD12046FFF73AFED7E73046002204F176
:109F600008019847DFE72046FFF762FCE4E700BFFF
:109F700064AA04003DC30200D9B138B58B7CDB066E
:109F80000DD490F8083205460C467BB9A37C43F00B
:109F90001003A37495F8083203F0FF040BB10020FE
:109FA00038BD2846FFF712FE204638BDFFF740FCBB
:109FB000ECE76FF47A70704738B50C460546097DBA
:109FC0001B48F9F719FE80B3217D1948F9F7D0FD38
:109FD0000138C0EB001005EB800494F82E30DB064E
:109FE0000BD595F8083203F0FF0043B994F82E30F2
:109FF00003F0EF0384F82E3038BD002038BD28462A
:10A00000FFF716FC94F82E3003F0EF0384F82E309F
:10A010000028F2D095F8083203F0FF04002BECD1B1
:10A020002846FFF7D3FD204638BD6FF47A7038BD5F
:10A0300064AA040070B5002205460E46FFF74EFFE5
:10A0400038B1044631462846FFF7B6FFA37CDB064D
:10A05000FCD42B7B1BB12B6828469B6998470020BA
:10A0600070BD00BFA0F10800FFF7E4BF2DE9F04F7D
:10A07000847CE40685B057D50C68B4F802804FEABA
:10A080006808904550DD043404EB480804EB4207AF
:10A0900000E0A846A8F10205EC1B641094FBF3F65F
:10A0A00003FB1644002CF4D1B5F900208281827C98
:10A0B000920639D5012B06464ED0B0F90E108068B5
:10A0C0000A1DB84500EB020BB0F802A02CD95D00C8
:10A0D00006F10803A146019307E0B6F90E30534597
:10A0E0001CD0B84520D9B6F90E10514504F1010431
:10A0F0001DD0B7F9003099440E9B9C422F44ECD1FF
:10A1000099FBF4F4ABF80040F38902331BB200244E
:10A1100053450BF1020BF381A146E2D106F1180081
:10A12000FDF70CFDB845DED805B0BDE8F08F012283
:10A13000B6F9101003A8FFF7DBF803A90198FFF7A1
:10A1400009F903A8FFF7FEF8B2680023F381B2F81B
:10A1500002A002F1040BCCE70830FFF7FBF8B3686C
:10A160005B88F38106F11800FDF7E8FCDCE700BF2F
:10A170002DE9F0433B4BD3F8042185B005461AB9CD
:10A18000D3F81431002B42D095F81780354F08F1E1
:10A19000010303F00103EB75D7F8341608F17F08CB
:10A1A00005EB8808490040460024FFF751F9264690
:10A1B00005F11C0902E00134082C1DD004F1510303
:10A1C0001B01FB58002BF6D0414603A8FFF7B2F85D
:10A1D000D5F80422AB7D0092C4EB0410324609EBA3
:10A1E000800003A9FFF742FF013403A8FFF7AAF894
:10A1F000082C06F10106E1D11A4BD3F8042112B163
:10A200000022C3F80421174BD3F814211ABB154EB2
:10A21000D6F80031E3B1EC7D013404F0010404F11F
:10A220007F07294605EB870703A87E34FFF78EFBDF
:10A2300005EB840503A93846FFF78CF803A8FFF760
:10A2400081F86B6800220433C6F82C36C6F800216A
:10A2500005B0BDE8F0830022C3F8142185F8082278
:10A26000D5E700BF00700040024B186808B1FFF747
:10A270007FBF70470C3B0020154A4369914218D9B3
:10A28000144A914221D9013210B44FF0C860002421
:10A290009142C3F80045C3F8240503D14FF0C462CE
:10A2A000C3F8242506220020C3F800255DF8044BDE
:10A2B00070474FF0CC720021C3F80015C3F8242575
:10A2C0000622C3F80025002070474FF08062F2E7B5
:10A2D0008FD003007F1A0600704700BF10B50446F8
:10A2E0000DF042FC204610BDF0B585B004AC066808
:10A2F00004F8012D9DF82C70009722461F46366AFF
:10A30000012305460C46B04738B92B68009021461A
:10A310003A469C6A0A9B2846A04705B0F0BD00BF9C
:10A32000C3688B4210B5044606D003698B4203D044
:10A33000237953B9002010BD23680022DB6B11463E
:10A34000204698472379002BF4D02368054A9B6B5D
:10A350009342204603D10DF007FC002010BD984722
:10A36000E8E700BFDDA20300C368002B3AD0036911
:10A37000002B37D01A6870B50446012118461368BF
:10A380009847E068036801211B6898470420F9F7A3
:10A3900065FC0025E068036802219B689847014638
:10A3A00008BB206903681B6898470420F9F756FC2E
:10A3B0002069036801211B680D4498470420F9F7C0
:10A3C0004DFC092DE6D1E068036800211B68984721
:10A3D0000420F9F743FCE068036801211B68BDE82D
:10A3E000704018477047002DEDD170BD38B5044658
:10A3F00015460A4600F10C01FAF754F92A4604F111
:10A4000010012046FAF74EF96269E3680025C2F8A8
:10A410000055F3B12369E3B101212046FAF740F971
:10A420000621E06801F0F2F80621206901F0EEF85B
:10A430002046FFF799FFE068036802219B68984770
:10A440002069036802219B68984729462046FAF74D
:10A4500027F90A20F9F702FCD4E904239AB1107D08
:10A46000E268AAB1147DC3F808054FF0CC7106224A
:10A47000C3F80C450A20C3F82415C3F80025F9F7E2
:10A48000EDFB002038BDE2684FF0FF30002AE9D133
:10A490004FF0FF34E7E700BFF8B504461D46174606
:10A4A0000E46FAF7EFF80022104B2360C4E90222AF
:10A4B00022615DB1284602F0A7FA606160B13A46B8
:10A4C00031462046FFF792FF2046F8BD012002F0FA
:10A4D000BDFA60610028F2D15A20EAF78BF83A46BB
:10A4E00031462046FFF782FF2046F8BD10AB04003E
:10A4F0002DE9F04143698EB282B09A590546002A8F
:10A5000061D1D3F82441002C36D14FF00108334FEC
:10A5100010E0D3F8482592B9632C54DC0A20F9F7EF
:10A520009DFB6B699A59002A4DD1D3F824211ABB9F
:10A53000BC4221D0D3F850210134002AE9D1632C48
:10A54000ECDDD3F860213AB1D3F80022D10503D570
:10A55000D3F84821002A32D0D3F86021002ADDD078
:10A56000D3F800229205D9D5D3F80421002AD5D1F9
:10A57000C3F814801446D1E7D3F8C424C3F8C42424
:10A580000022C3F82421D3F8242101920122019949
:10A59000134C1A625A6101E0013C16D00A20F9F707
:10A5A0005DFB6B69D3F80431002BF5D00D4CA86826
:10A5B00008B1F9F753FB204602B0BDE8F081C3F8BB
:10A5C0001C801446AAE70024F1E72B682A69DB6B9C
:10A5D000E968044C28469847E9E700BF41420F006C
:10A5E000A08601000EFCFFFF70B44469C1F347016F
:10A5F000C4F888150021C4F8041189B0D4F80461A6
:10A600000696069EC4F82411D4F824610596059E8A
:10A61000C4F86011D4F860610496049EC4F85C111B
:10A62000D4F85C610396039EC4F85011D4F85061CD
:10A630000296029EC4F84C11D4F84C619DF830503B
:10A640000196019EC4F84425C4F8483575B14FF40D
:10A6500080720123C4F80022A360D4F84821DAB93B
:10A660004FF4A47109B070BCFFF742BF4FF4007201
:10A670000123C4F80022A360D4F84821A2B12362C8
:10A68000C4F84851D4F848310793079B4FF48271BE
:10A6900009B070BCFFF72CBF2362C4F84811D4F88E
:10A6A00048310793079BDBE74FF48271DAE700BF7D
:10A6B00070B54469C1F34701C4F888150021C4F896
:10A6C000041188B0D4F804610696069EC4F82411DB
:10A6D000D4F824610596059EC4F86011D4F8606131
:10A6E0000496049EC4F85C11D4F85C610396039E42
:10A6F000C4F85011D4F850610296029EC4F84C116F
:10A70000D4F84C619DF830500196019EC4F8342570
:10A71000C4F83835B5B94FF480520123C4F800228B
:10A720002360D4F8482132B12362C4F84851D4F8E8
:10A7300048310793079B4FF4827108B0BDE8704021
:10A74000FFF7D6BE01232360D4F8482192B94FF415
:10A75000AE710446FFF7CCFE08B108B070BD636966
:10A76000012220464FF4A471DA6108B0BDE87040C0
:10A77000FFF7BEBE2362C4F84811D4F848310793EE
:10A78000079BE4E70E4B03F12C0103F1380270B58F
:10A79000C0E902120546036000F12C0600F1340402
:10A7A000043C2046FEF7CEFDA642F9D1054B2B60B6
:10A7B00000232846EB80F8F723FB284670BD00BF36
:10A7C00058AB0400E89E040070B544690D7D002379
:10A7D0004FF0FF3604EB83020133D2F86015A94233
:10A7E00008BFC2F86065042BF4D1037C13B1036881
:10A7F0009B699847002070BDA0F10C00FFF7E4BFF3
:10A800000F4B03F12C0103F1380270B5C0E90212BD
:10A810000546036000F12C0600F13404043C204698
:10A82000FEF790FDA642F9D1064B2B600023EB808A
:10A830002846F8F7E5FA28460DF096F9284670BD47
:10A8400058AB0400E89E04004369D3F8080570473C
:10A850009FED1F7A07EE901AC7EE277A10B4B0EE7C
:10A86000677ABEEECE7A17EE101AB1F5004F29DBEB
:10A870000023013341FA03F2B2F5004FF9DA072B56
:10A8800004DD144B5DF8044B184670471C4612FA61
:10A8900003F348BF0F331B1107EE903ADFED0C6A4C
:10A8A0004169F8EEE77A002386EEA77AC1F80C45F5
:10A8B000C1F808255DF8044BC0ED097A80ED087AEF
:10A8C00018467047002417EE102A2346DFE700BF22
:10A8D0000024744900407AC42DE9F843494D0560CD
:10A8E0000025456004460F4616469846BDF8209060
:10A8F000F8F716FA4448676100F12C0200F13803BA
:10A90000C4E9022320602574657404F12C00FEF76D
:10A91000E9FC04F13000FEF7E5FC63693B4F666338
:10A920000126A4F80490E561657625852576A6764E
:10A93000E676C3F800554FF08023C7E90033C7E936
:10A94000023341462046FFF783FF6369304AC3F86C
:10A9500004550227042030219342C3F81075C3F830
:10A960004855C3F82855C3F84C55C3F82C55A6765E
:10A97000E676C3F81465C3F80002C3F8041320D0C8
:10A98000244A93422FD0244A93420CD0606B016832
:10A9900001224D68227604F10801C3F80025A8477A
:10A9A0002046BDE8F8831D4A1D4B92681D49C2F838
:10A9B000C81004221C49C3F884215A6063698C6062
:10A9C000E4E7194A154B14609A681849C2F8B010A8
:10A9D000A3F540634FF08052C3F880211A60636989
:10A9E0000C4A9342CFD10D4A0D4B92681049C2F8E0
:10A9F000C41002220C49C3F884215A6063694C6078
:10AA0000C1E700BFE89E040058AB0400103B0020E3
:10AA100000C00140001002400020024000ED00E0B4
:10AA200000E100E081AC0300203B002061AC0300AA
:10AA300071AC030007EE901AFEEECE7A10B417EE5A
:10AA4000901AB1F5004F23DB0022013241FA02F3E4
:10AA5000B3F5004FF9DA072A1FDC14464169DFED30
:10AA6000106AC1F80C45C1F80835934048BF0F3350
:10AA70001B1107EE903AF8EEE77A002386EEA77AEC
:10AA8000C0ED097A80ED087A18465DF8044B7047EE
:10AA9000002417EE903A2246E0E76FF47A73F3E76A
:10AAA00000247449406A704743690020C3F81015B8
:10AAB000704700BFC2768176436939B93022C3F846
:10AAC0001415C3F80012C3F80823704701200421AD
:10AAD0003022C3F81405C3F80012C3F804237047EA
:10AAE00070B590F92930044682B0C0696BB16269D3
:10AAF00001235360D2F80431002BFBD0002565768A
:10AB00002585D0B9002002B070BD0D46F0B9A37EF6
:10AB1000002BF7D0637E002BF4D0E37E002BF1D125
:10AB200063691C4903EB451508220123C5F820156C
:10AB3000C5F8242584F82930E5E723680138E06169
:10AB4000DB6920469847284602B070BD616B0B68F0
:10AB500005F10B061B6801A804EB8606984701A9BE
:10AB60003046FEF7F7FB01A8FEF7ECFB04EB85028D
:10AB70006369D16AE26903EB45150B1DC5F8203501
:10AB80004988531E49100120C5F82415E36102B01D
:10AB900070BD00BF103B002038B5C369817E013312
:10ABA0000446C36119B1637E63B1002038BDFFF76D
:10ABB00097FFC8B1636901229A60A37E002BF2D18E
:10ABC000002038BD0125657694F828102046FFF74F
:10ABD00087FF94F828302B442B4084F828303BB969
:10ABE000636901229A60E0E7E37E002BE5D0E1E7AC
:10ABF000E3691BB900236376002038BD294620464F
:10AC0000FFF76EFF94F82830013303F0010384F856
:10AC10002830002BEED1E3E7A0F10800FFF7BCBF1E
:10AC200038B54369D3F81021044672B9D3F814310A
:10AC300003B938BD002584F8285001212046FFF7CC
:10AC40004FFF6369C3F8145138BD012380F82830E1
:10AC50000021FFF745FF63690022C3F81021E5E7F3
:10AC6000024B186808B1FFF7DBBF7047203B00209C
:10AC7000024B586808B1FFF7D3BF7047203B002054
:10AC8000024B986808B1FFF7CBBF7047203B00200C
:10AC9000426900230376C2F800357047032A26DC98
:10ACA00070B502F5AC7642690B7D52F826209A42C7
:10ACB0001BD00B680C4605461B6E08469847236858
:10ACC00000211B68204698476A692368217D42F865
:10ACD0002610204605F10C01DB6D00229847E38821
:10ACE00043F00803E380002070BD002070BD6FF4C6
:10ACF0007A70704703681B6A184700BFF8B5C768C9
:10AD00008F4208D0054616460C4617B103681B6EE5
:10AD100098472671EC60F8BD10B5036804465B6C7B
:10AD20009847236820465B68BDE81040184700BF7D
:10AD3000F0B40479A40728D5002922DB002A20DDFD
:10AD4000002B1EDDB4294FF47A74A8BFB42104FB94
:10AD500001F10F4F05680F4E2D6B8908A7FB01719C
:10AD600002EBD277A3EB670304FB03F3890802FB32
:10AD7000013286FB0231D2172B46C2EBA111F0BC87
:10AD800018476FF47A70F0BC70470348FBE700BFC8
:10AD9000176CC116D34D621016FCFFFFC08800F07F
:10ADA0000500003018BF0120704700BF037D0B4A2B
:10ADB0001F2B98BF4FF0A04203F01F03D2F81415C9
:10ADC000012202FA03F30B4206D1C08800F00A0008
:10ADD000003018BF01207047104670470003005034
:10ADE000C08810F0030018BF01207047C08800F031
:10ADF0000C00003018BF0120704700BF03684FF4FB
:10AE00007A729B6B02FB01F1184700BF08B503681B
:10AE1000DB6B9847024BA3FB0030800908BD00BFE5
:10AE2000D34D6210027D0F4B202A38BF4FF0A04354
:10AE300002F01F0203EB82030129D3F800274171BE
:10AE400022F00C0207D0022908BF42F00C02C3F81E
:10AE500000270020704742F00402C3F800270020BA
:10AE6000704700BF00030050D0F8103521EA0301FD
:10AE7000C0F81815704700BFD0F810351940C0F859
:10AE80001815704738B503799A071ED5C3885B0734
:10AE9000044602D403681B6E98470D4B1868A0B196
:10AEA00001222146FFF71AF8054670B1E06810B19B
:10AEB000F9F7F4FB18B9E38843F00403E38028466C
:10AEC000FEF7C0FFC0F30F1038BD024838BD00BF09
:10AED000F03B002016FCFFFF70B52DED028BC38800
:10AEE00082B01B07019137D51C4D1D4C286808EE18
:10AEF000101AFFF7A9FCF8EE487A08EE900A17EE50
:10AF0000901A2868FFF796FDF8EEE88A04F1080623
:10AF10002388286807EE103AB8EE478AFFF794FCBA
:10AF200007EE900AB8EEE77A27EE087AC7EE287A9D
:10AF3000FCEEE77A17EE903A24F8023BB442E7D1F0
:10AF4000084B074918680822012308F0D3FF0020A6
:10AF500002B0BDEC028B70BD0348F9E7F43B002062
:10AF6000F83B0020003C002016FCFFFF38B5027DB6
:10AF70001B4B202A38BF4FF0A04302F01F020125CF
:10AF8000D3F8144505FA02F2144224D10D460446C2
:10AF9000D1B9C3F80C2518461146FFF76DFF217D86
:10AFA0000F4B202938BF4FF0A043D3F8143513427C
:10AFB00013D0236820461B6E9847236829461B68D8
:10AFC00020469847002038BDC3F80825184611468A
:10AFD000FFF74AFFE3E7002038BD024838BD00BF55
:10AFE0000003005012FCFFFF38B5C3889B070446DE
:10AFF0000D4614D5C06810B1F9F750FB78B1227D29
:10B00000012302F01F018B408DB31E491F2A8CBF04
:10B010000A464FF0A0420020C2F8083538BD236828
:10B0200020461B6E9847217D164B202901F01F00FA
:10B030004FF0010238BF4FF0A0438240A5B9C3F8DA
:10B040000C2520290F4BE28838BF4FF0A04303EBBB
:10B05000800342F00202D3F8001741F00101C3F867
:10B0600000170020E28038BDC3F80825E9E705494C
:10B070001F2A8CBF0A464FF0A0420020C2F80C35B0
:10B0800038BD00BF00030050C388DB0770B504461D
:10B0900016D5C06810B1F9F701FB88B1237D2049AE
:10B0A000202B38BF4FF0A0410122D1F8101503F03A
:10B0B0001F0302FA03F30B4214BF1046002070BDB9
:10B0C0002368174D1B6E20469847237DE088216832
:10B0D000202B03F01F0234BF4FF0A0432B4603EB9D
:10B0E000820340F00102D3F800074E6C617920F032
:10B0F0000300C3F80007E2802046B047237D202BE1
:10B1000038BF4FF0A0450122D5F8101503F01F03FA
:10B1100002FA03F30B4214BF1046002070BD00BFBB
:10B120000003005008B5C3881B070AD5064B1868F2
:10B13000FFF7B8FC07EE900AFCEEE77A17EE900AEC
:10B1400008BD024808BD00BFF43B002016FCFFFF0D
:10B1500038B50368234A9B6A934204461DD1C588CB
:10B16000C5F38025C5B9E06810B1F9F797FAB8B111
:10B17000227D1D4BE1881F2A98BF4FF0A04302F0AB
:10B180001F0203EB820301F43062D3F8001721F4AD
:10B190004031C3F80017E28038BD98470546E1E723
:10B1A000E068E388026843F480631268E380214624
:10B1B00090470E4BE1681B680BB103F10C05A942E7
:10B1C000227D02D00023E360D3E7094BFF25181D41
:10B1D00013F9011B914208BF03F8015C9842F7D1B3
:10B1E000F0E700BF8DC2020000030050F43B0020D6
:10B1F0001421002070B5044615464FF480760E48A1
:10B200002371012200232F2D21812575E6802060E6
:10B210006271C4E9033302D93220E9F7EBF9074A36
:10B220000749084B42F825404FF000454022C1F83D
:10B2300004531A60204670BD9CAB04002C3B0020D8
:10B240000060004000E100E00379DB0755D5F0B570
:10B25000C388DA0683B00D46044603D5C3F3C02382
:10B26000994223D0236820461B6E9847012D2368FE
:10B270002ED05B682046984723682420DE6D0CF0B2
:10B280007AFC002322890746CDE9003321460123B9
:10B29000FAF7F2FF07F10C0101222046B047E388DC
:10B2A00023F400639BB243F01103E380012DE068B7
:10B2B0000AD038B150F80C3CDB690C3803B0BDE85B
:10B2C000F04018470368FFDE0028F3D10368FFDE73
:10B2D0003420DE6D0CF04FFC094A40F6AC530746B3
:10B2E00012682146FCF770F92A4607F10C01204646
:10B2F000B047E38843F40063D5E70248704700BFD6
:10B30000EC3B002016FCFFFFC188C1F3C021FFF712
:10B310009BBF00BF10B5044684B00A4600236846B0
:10B320002189FDF7B1FCE3684BB1029AD96ADA6270
:10B330006846521A0023CDE90223FDF7CFFC04B082
:10B3400010BD00BF10B5C388590684B0044609D4A7
:10B350009A060DD41B0603D523690BB1012098472B
:10B3600004B010BD0521FFF7D5FFE3889A06F1D59B
:10B370000123022221896846FDF786FCE388E9E77C
:10B3800010B5C388590684B0044609D49A060DD472
:10B390001B0603D523690BB10020984704B010BDEC
:10B3A0000421FFF7B7FFE3889A06F1D501230322B2
:10B3B00021896846FDF768FCE388E9E72DE9F04B51
:10B3C000D0F8204584B0054674B3DFF890800E466F
:10B3D00001274FF01F0BB4FA84FCABEB0C03991957
:10B3E00007FA03F258F8219024EA0204B9F1000F99
:10B3F00018D0B9F8062012F0E00F05EB83030FD048
:10B40000D3F8002782F48032C3F80027D3F800373E
:10B4100013F4803F48461CD0FFF794FFB9F806208C
:10B42000930508D4002CD4D14FF0FF33C5F8203554
:10B4300004B0BDE8F08BF8F7BBF90028F2D0012387
:10B44000052240F2FF316846FDF71EFC002CC0D1FA
:10B45000EAE7FFF795FFB9F80620E1E72C3B00206B
:10B4600008B5094BD3F87C2102B908BD0021C3F807
:10B470007C114FF0A040FFF7A1FF20210348BDE859
:10B480000840FFF79BBF00BF006000400003005072
:10B49000C38813F0E00F70B504460D4640D05A063D
:10B4A0000ED423F0E003022D9BB218D0032D22D03E
:10B4B000012DE38004BF43F08003E380002070BDD2
:10B4C000032D11D0E068036821461B689847E38884
:10B4D000002223F0E003022D9BB2E260E8D143F0AA
:10B4E0002003E380002070BD23F0E00343F040031D
:10B4F000E380002070BD43F04003E38030200CF077
:10B500003AFB2146054608F0BBFAFAF71FF9236813
:10B51000E86229462046DB6D01229847002070BD75
:10B5200003685B689847237D114A1F2B98BF4FF033
:10B53000A04203F01F0302EB8301D1F8006726F459
:10B540004036C1F8006758B1D1F8000740F44030E8
:10B55000C1F8000701219940E388C2F820159EE751
:10B56000D1F8000740F40030C1F80007F2E700BF4F
:10B570000003005000B583B0042920D8DFE801F0B3
:10B58000100A0A0A03000368DB6A9847002003B028
:10B590005DF804FBFFF77CFF002003B05DF804FBBF
:10B5A000C38803F0F0031BB9084603B05DF804FB41
:10B5B000036801911B6E984701990846E7E76FF40D
:10B5C0007A70E4E738B5036804465B680D4698472F
:10B5D000E3885B0605D52946E068BDE8384008F0F9
:10B5E000DDBA2368084A5B6D93424FF003012046A1
:10B5F00007D1FFF74DFF2946E068BDE8384008F065
:10B60000CDBA9847E7E700BF75B50300072913D8FF
:10B61000027D0B4B202A38BF4FF0A04302F01F02DF
:10B6200003EB82030020D3F8002722F4E06242EA11
:10B630000121C3F8001770476FF47A70704700BF9C
:10B640000003005010B4037D0C4A00290CBF0024F5
:10B650004FF440741F2B03F01F018CBF13464FF0B3
:10B66000A04303EB81030020D3F8002722F4E0621B
:10B670002243C3F800275DF8044B704700030050D5
:10B68000027D0B4B202A38BF4FF0A04302F01F026F
:10B6900003EB8203D3F8002722F44032C3F80027DB
:10B6A000D3F8002742EA0141C3F80017704700BFF2
:10B6B00000030050F0B5154C236883B0CBB1144D96
:10B6C0002E6816B1002003B0F0BD38200CF053FAFC
:10B6D0002268104B1049132407460094FFF7FCF82A
:10B6E0003846314601222F60FFF7E4F9002003B00D
:10B6F000F0BD40200CF03FFA054608F0BFFB28469D
:10B700000321256008F062FBD9E700BF003C002060
:10B71000F43B00200000484200C0014003799B0731
:10B7200060D5B1F5806F5FD2C3881A072DE9F0416B
:10B7300005460E4602D403681B6E98472C4F297DA0
:10B740003A464FF0FF34002312F9010B884208BF3C
:10B750001C460133042BF7D1631C2FD0DFF8A880DF
:10B76000E86810B1F8F79AFF18B9EB8843F00803BE
:10B77000EB80D8F800001F4DFFF766F807EE906ADF
:10B78000DFED1D6A1D4AB8EEE77AF7EE007AE7EEC4
:10B79000667A2946012307EE100AB8EEC77A1068C8
:10B7A00067EE877A0822FDEEE77A17EE906A25F8B1
:10B7B000146008F09FFB0020BDE8F0812846FFF7E9
:10B7C00079FF0F4BDFF840801C78297DD8F8000006
:10B7D000013404F003042246395529461C70FFF752
:10B7E0005DFABDE7074870476FF47A70704700BF95
:10B7F00014210020F83B00200000803A003C00208B
:10B800007023002016FCFFFFF43B002070B5174D9D
:10B810002DED028B044608EE101AFFF74BFF286847
:10B82000FFF740F9DFED127A07EE100AB4EE677AFF
:10B83000F1EE10FA04D0286817EE901AFFF7FAF824
:10B84000DFED0C7A9FED0A7A2368B8EE488A20462D
:10B8500028EE278ADB68C8EE077ABDEC028BBDE8CC
:10B860007040FDEEE77A17EE901A1847F43B00207F
:10B8700000409C46000080441F4B026A9A4220D040
:10B880001E4B994209D94FF0004143698B4202D0C7
:10B8900000234161837600207047194B99421FD8DD
:10B8A000184B99421FD8184B99421FD8174B9942F1
:10B8B0001FD8174B99428CBF4FF080614FF0007139
:10B8C000E3E7144B994202D94FF0A051DDE7A3F50D
:10B8D0007403A3F510539942D2D94FF02061D4E7F5
:10B8E0004FF08041D1E74FF00051CEE74FF080514B
:10B8F000CBE74FF00061C8E700F00240FF117A008B
:10B90000FF083D007F841E003F420F001FA107007B
:10B910008FD00300FF47E801082A4FF0000341766B
:10B92000837614BF6FF47A7018467047704700BF73
:10B9300010B504460CF018F9204610BD036AD3F880
:10B94000182182B100B50022C3F8182187B0D3F8BE
:10B950001811436A0191019933B14262806A984794
:10B9600007B05DF804FB704701230322182102A8E9
:10B97000FDF78AF9F4E700BF70B50121044681762E
:10B98000F8F78EFE236AA0680021C3F8001500288E
:10B9900073D003681B689847A068627E0368012A19
:10B9A0005B6C8CBF022101219847A368E0681D7D74
:10B9B000002867D003685B689847E068627E036888
:10B9C000012A5B6C8CBF022101219847E368206942
:10B9D0001E7D617E00285BD00368012994BF002191
:10B9E00001211B6898472369617E187D236A62697B
:10B9F000C3F808050139C9B20229C3F80C55C3F8C8
:10BA00001065C3F824259CBF264A52F8211094F9EA
:10BA1000182088BF00210025C3F8541542200721B3
:10BA2000AA42C3F8C055C3F80403C3F8001532DBBB
:10BA300002F1604202F56142E02382F8003394F99A
:10BA40001830002B13DB5909603103F01F0301226A
:10BA5000154802FA03F340F8213094F91830002B0E
:10BA600005DB03F01F015B098A4040F823202046D4
:10BA70000121BDE87040F8F713BEE0684FF0FF35D4
:10BA8000002897D12069617E4FF0FF360028A3D1AE
:10BA90004FF0FF30AAE7054B02F00F021344E022FB
:10BAA0001A76CCE708AC040000E100E0FCEC00E012
:10BAB00070B5044616460A4600F108011D46F8F71F
:10BAC000F1FD324604F10C012046F8F7EBFD2A4661
:10BAD00004F1100100252046F8F7E4FD2046A57684
:10BAE000FFF74AFF284670BD38B504460498174D45
:10BAF000A1600021C4E90323256021716171C8B1EF
:10BB000000F082FF2062D8B100F0F2FF6369207676
:10BB1000B3F1805F1CBF4FF08053636100220023AC
:10BB2000A276206A637663622246094901F014F81E
:10BB3000204638BD042000F089FF20620028E3D1B0
:10BB40005A20E8F757FD206ADEE700BF1CAC04006E
:10BB50003DB903002DE9F047847E82B005468A4650
:10BB6000DDE90A87164699462CB3B6F5803F35D2F3
:10BB7000B8F5803F32D22C6A0020C4F844A5C4F83E
:10BB80004865C4F83495C4F83885C4F81801D4F869
:10BB900018310193019BC4F85005C4F840056FB1FA
:10BBA000012240230C996F62A9622261C4F8043318
:10BBB00002B0BDE8F087FFF7DFFED6E703211820CB
:10BBC000F7F740FB2B6A012140221961C3F80423D7
:10BBD000F7F7BAFC384602B0BDE8F0876FF47A7028
:10BBE000E6E700BFF0B585B0B2F5803F14460646E3
:10BBF0000F469C460A9D02D2B5F5803F09D36346A5
:10BC00002246394630460A9505B0BDE8F04007F0B7
:10BC100097BE00240095CDE90144FFF79BFF05B0D6
:10BC2000F0BD00BF2DE9F041DDE90664DDF82080BC
:10BC3000C4B1B2F5803F07468C4615469E4602D2F7
:10BC4000B6F5803F0AD3CDE90748069673462A46E3
:10BC500038466146BDE8F04107F09EBEBDE8F041C0
:10BC6000FFF778BF6FF47A70BDE8F08130B585B02A
:10BC700000250122C17600F11C0300F11B01CDE972
:10BC8000015500920446FFF765FFA842ACBF207F34
:10BC9000014805B030BD00BF0AFCFFFF21B9436E6B
:10BCA0004FF40472C3F8082300207047B1F5614FC8
:10BCB00043D00FD9B1F5612F2AD0234B994219D027
:10BCC000B1F5613F2BD0436E4FF0EB720020C3F80B
:10BCD0002425704747F61223994227D0B1F5164F15
:10BCE0000FD0B1F5165FEED1436E184AC3F8242584
:10BCF00000207047436E4FF080520020C3F8242587
:10BD00007047436E4FF41D020020C3F8242570478E
:10BD1000436E4FF070620020C3F824257047436ED5
:10BD20004FF06C720020C3F824257047436E4FF427
:10BD300000020020C3F824257047436E4FF46B02C5
:10BD40000020C3F82425704740420F000050270010
:10BD500070B504460E4615462046F9F74BFA002802
:10BD6000FADC94F83C3003F0FF00002BF4D1636E52
:10BD7000317D2A7DC3F80C15C3F8142570BD00BFB2
:10BD80000021F9F717B900BF70B5044684B0B9B9FE
:10BD9000C3895A073DD5636E04F144012022C3F8DC
:10BDA0003415C3F83825636E4FF404720021216402
:10BDB000C3F80423636E01221A60002004B070BD32
:10BDC00001290D46F9D190F83C30002BF5D1F9F757
:10BDD00011FA0028F1D0A08EA38E94F83060E16AA9
:10BDE0005A1C92FBF6F306FB13239BB282B2206827
:10BDF000A3868369895C20469847A38E628E9A4207
:10BE0000DBD12B46022240F2FF316846FCF73CFFB3
:10BE1000D3E7F8F707FEE3895B07BCD4002004B042
:10BE200070BD00BF10B584B004468DF8071002E065
:10BE300094F83C301BB100F063FD0028F8D000F00E
:10BE40005FFD70B1636E0022C3F82021D3F820118A
:10BE5000636E03910399C3F85821D3F858310293C4
:10BE6000029B626E01230DF1070184F83C30C2F899
:10BE70004415C2F84835626E936000F041FDA0B1F0
:10BE8000636E00E099B9D3F82021D3F85811002A45
:10BE9000F8D061B90122DA60626ED2F85831002B15
:10BEA000FBD00020002384F83C3004B010BD0148D2
:10BEB000F8E700BF09FCFFFF70B50446406E0E4670
:10BEC00000F016FE05461EB1E18911F0200125D0D3
:10BED000002D14DA236800215B682046984720462D
:10BEE000F9F788F9002804DD236801215B68204602
:10BEF0009847A16B2046F8F761FE002070BD6B09E2
:10BF00009B0003F1604303F5614305F01F05012227
:10BF100002FA05F5C3F880511D60DBE72368134A78
:10BF20009B6893421ED1636E4FF40472C3F80823DA
:10BF30002046F9F75FF90028FADC94F83C30002B32
:10BF4000F6D1002DD9DB6B0920330122084905F019
:10BF50001F0502FA05F541F82350BFF34F8FBFF3D9
:10BF60006F8FCAE720469847E2E700BF9DBC0300F9
:10BF700000E100E0A0F10800FFF79EBF10B5244BE0
:10BF8000426E036023493C338360C2F8081382B0D9
:10BF90000446406E00F0ACFD00280DDB4309203361
:10BFA00001221D4900F01F0002FA00F041F82300B1
:10BFB000BFF34F8FBFF36F8F626ED2F8003223F062
:10BFC0002003C2F80032626E01235360626E0021CA
:10BFD000C2F85811D2F85811626E01910199D360DC
:10BFE000626ED2F85831002BFBD00023C2F8003526
:10BFF000636E4FF0FF32C3F80C25C3F81425606E52
:10C0000000F048FD2046F9F701F9204602B010BDC6
:10C0100048AC04001403420000E100E0A0F1080075
:10C02000FFF7ACBF10B50446FFF7A8FF20460BF0A2
:10C030009BFD204610BD00BFA0F10800FFF7F2BF36
:10C04000F0B514248BB00C25CDE900451F462346DE
:10C05000154604460E46F8F72FFD514B236000228B
:10C060003C3384F83C20A36062662264002F00F019
:10C070008A80384600F0C8FC6066002800F08A809C
:10C080004FF0EB73C0F82435636E0022C3F86C25C3
:10C090002046F9F7AFF80028FADC94F83C3003F0BA
:10C0A000FF02002BF4D1636E307D297DC3F80C05AF
:10C0B000C3F81415636E3B48C3F80821D3F8081180
:10C0C000636E09910999C3F81021D3F81011636EBA
:10C0D00008910899C3F82021D3F82011636E0791C5
:10C0E0000799C3F82421D3F82411636E06910699A9
:10C0F000C3F84421D3F84411636E05910599C3F840
:10C100005821D3F85811636E04910499C3F84C2157
:10C11000D3F84C31626E0393039BD2F8003222496C
:10C1200043F02003C2F80032636EC3F80403606E6C
:10C13000224600F011FD606E00F0DAFC00281BDBE7
:10C1400043099B0000F1604103F1604303F5614343
:10C1500001F5614100F01F00012202FA00F02025E4
:10C1600081F80053C3F880011860636E08222046EE
:10C17000C3F800250BB0F0BD0C4B00F00F000344DA
:10C1800020221A76F1E7102000F060FC606600289B
:10C190007FF476AF5A20E8F72DFA606E70E700BFA3
:10C1A00048AC040014034A00F9C10300FCEC00E0B1
:10C1B00030B5436ED3F83C55026CAA4283B00446B6
:10C1C00006DA0022C3F80821D3F808310193019B55
:10C1D000236C9D420BDD236C5A1C2344226493F88C
:10C1E00044102046F8F74EFB236CAB42F3DB0023F0
:10C1F000236403B030BD00BF70B5456ED5F808317B
:10C2000088B00446D3B1036C1F2B17DC002602E074
:10C21000236C1F2B12DCC5F80861D5F80831019397
:10C22000019B236C5A1C2344226493F8441020463B
:10C23000F8F728FBD5F80831002BE9D1D5F81031F3
:10C24000002B3AD1D5F84C3173B10023C5F84C31ED
:10C25000D5F84C31626E0393202104F14403039816
:10C26000C2F83435C2F83815D5F8243153B100235B
:10C27000C5F82431D5F824310493049BD5F88034D3
:10C28000C5F88034D5F8443133B10023C5F84431C2
:10C29000D5F844310593059BD5F82031C3B9D5F8BD
:10C2A000583143B10023C5F85831D5F858210792C9
:10C2B000079A84F83C3008B070BD0023C5F81031EF
:10C2C000D5F8103102932046029BFFF771FFB9E7C2
:10C2D0000023C5F82031D5F820210692069A84F86B
:10C2E0003C302046F8F786FF002802DC0123EB6093
:10C2F000D5E72046F8F71CFBD1E700BF10B5034B8C
:10C3000003600446FBF73CFB204610BDA8AC0400CC
:10C3100010B5054B03600446FBF732FB20460BF0DB
:10C3200023FC204610BD00BFA8AC040010B5044695
:10C33000D4E90E2352694FF47A50002BD2F84415F9
:10C34000C2F8440522DA1B4A616B0020C2F81005CE
:10C35000013393FBF1F201FB1233E36300F0E4FAE3
:10C36000D4E90E2352690121002BD1600ADB02338C
:10C37000104A54F82330DB691B7D1B0243F0011384
:10C38000C2F81035BDE8104000F0C0BA023354F8CE
:10C390002300FBF781F9E36B064A616B0020C2F8CA
:10C3A0001005002BD4D10129D2D14FF0FF33E36324
:10C3B000D4E700BF00600040034B186808B1436B2E
:10C3C00003B97047FFF7B2BF043C002070B50E46BA
:10C3D00011460446FBF790FA33681C4A1C49146066
:10C3E00000259B6BA6632160E5632946304698478C
:10C3F000A06B184E03684FF47A51DB6C9847A06B22
:10C4000003682946DB6B144D4FF47A529847A06BB2
:10C41000124B01684269C3F82055CD694432C3F814
:10C420002425B5424FF00402C3F8042509D10C4B72
:10C43000C3604B6A9847A06B03689B6A9847204685
:10C4400070BD0749A847A06B0168F2E7043C0020D3
:10C45000A8AC04001D9302000061004000F0014000
:10C46000B9C3030038B50D460446FBF7ADF92846BD
:10C470000021FBF7F1F8636B012B01D0002038BDE0
:10C48000A06B03685B6B9847002038BD38B50D463C
:10C490000446FBF753F928460021FBF7DDF8636BF0
:10C4A00013B9024AC2F81035002038BD00600040C0
:10C4B000007A704790F910304901002BC9B207DBB0
:10C4C00003F1604303F56143002083F800137047D4
:10C4D000034A03F00F031A4400201176704700BF8F
:10C4E000FCEC00E090F91030002B11DB5A0910B47D
:10C4F00060320A4C03F01F03012101FA03F344F8F0
:10C50000223043695DF8044B012200201A60704715
:10C51000436901221A600020704700BF00E100E07B
:10C5200090F91030002B07DB03F01F0001225B099C
:10C530000249824041F823200020704700E100E0DA
:10C5400010B5036804461B6B9847636901225A6063
:10C5500000201A6110BD00BF90F91030002B0DDBD8
:10C560005A0920320121064803F01F0301FA03F3A0
:10C5700040F82230BFF34F8FBFF36F8F002070471A
:10C5800000E100E0012902D006D3022902D143696B
:10C59000C3F804150020704743690022C3F804253E
:10C5A00000207047437A013B99420FDC10B44FF4EE
:10C5B0008033446901F5A87003FA01F144F82020A2
:10C5C0000020C4F804135DF8044B70476FF47A70D0
:10C5D000704700BF437A013B994211DC30B4446993
:10C5E00004EB81054FF48033D5F8400503FA01F1DF
:10C5F0000244C5F840250020C4F8041330BC70473D
:10C600006FF47A70704700BF437A013B994208DCAF
:10C6100042694FF4803303FA01F1C2F80813002095
:10C6200070476FF47A707047032907D8DFE801F08C
:10C630001710090243690322C3F80825017200207C
:10C64000704743690222C3F8082501720020704731
:10C6500043690022C3F8082501720020704743692E
:10C660000122C3F8082501720020704710B5044B61
:10C67000036000230446C380F6F7C2FB204610BDCA
:10C68000E89E040010B5064B036000230446C380F7
:10C69000F6F7B6FB20460BF067FA204610BD00BF48
:10C6A000E89E040010B5034629B190F91020002A35
:10C6B0000CDA002010BDC288D107FAD5196822F023
:10C6C0000102DA808B6A9847002010BD540908499E
:10C6D00051F8241002F01F0221FA02F2D407E8D523
:10C6E000C288016842F00102C2800B6B9847E0E704
:10C6F00000E100E038B590F91030002B044611DA63
:10C700000025236820461B6B984762690123D3608C
:10C71000D368002BFCD11DB1236820469B6A984743
:10C72000002038BD5909044A52F8215003F01F0374
:10C73000DD4005F00105E4E700E100E0B1F57A5FD6
:10C7400014D830B4002201254FF47A5405FA02F3CC
:10C75000B4FBF3F3994205D3436930BC0020C3F81E
:10C76000102570470132092AF0D1F5E76FF47A708D
:10C77000704700BF70B590F910500368002D044653
:10C780001B6B07DA984763690122DA64D3F84C65BA
:10C79000304670BD69090A4A52F8216098476369BA
:10C7A00005F01F05012226FA05F5DA64D3F84C6579
:10C7B000EB07EDD5236820469B6A9847304670BD4D
:10C7C00000E100E00E4BF0B453F82070B7B1002345
:10C7D0007E6918469C46012506EB830205FA03F4A0
:10C7E000D2F84011013319B12043C0B2C2F840C1A0
:10C7F000042BF1D1FB680BB1F0BC1847F0BC7047BB
:10C80000083C00200020FFF7DDBF00BF0120FFF73C
:10C81000D9BF00BF0220FFF7D5BF00BF0320FFF73D
:10C82000D1BF00BF0420FFF7CDBF00BFF8B52D4B2F
:10C8300003600026466004460D461746F6F770FA78
:10C8400029492A48277403238D42E66065612060E8
:10C8500063723CD0264A954230D002F58032954230
:10C8600037D1244A204642F82340FFF775FE94F959
:10C87000103062690121002B5160116120DB03F14E
:10C88000604303F56143402283F8002301231A46E5
:10C890004FF47A51092B02FA03F003F1010504D099
:10C8A000B1FBF0F0B0F57A7F1AD861690322C1F8C4
:10C8B00010352046C1F808252272F8BD0223D0E7C2
:10C8C0000D4A03F00F031A4440231376DEE70123D9
:10C8D000C7E70A4B9D4208BF0423C2D03346C0E7D6
:10C8E0002B46D7E7E89E040000900040D8AC040037
:10C8F00000A00040083C0020FCEC00E000B001403B
:10C90000014B93F9000070471D430020054A13783E
:10C91000013B5BB2002B01DD1370704700231370E5
:10C9200062B670471D43002072B6024A1378013385
:10C93000137070471D43002020BF70474FF0805197
:10C9400030B44C6E086E0022234642EA00042046B2
:10C95000194630BC704700BFBFF34F8F0549064BE7
:10C96000CA6802F4E0621343CB60BFF34F8F00BF8D
:10C97000FDE700BF00ED00E00400FA05704700BFCE
:10C9800008B50B4B0122C3F8402502210022930079
:10C9900003F1A0430132202AC3F80017C3F8001A9C
:10C9A000F5D1FFF7EBFFBDE80840E4F7BFB800BFE3
:10C9B00000E0014000487047000002204020F6F7E8
:10C9C000F7BF00BF8163704741637047C163704721
:10C9D000C06B7047EFF30880704700BF406B704733
:10C9E000C0E900128360704710B5054B054C18462E
:10C9F000A1684FF48072E5F71DFEA06010BD00BF76
:10CA00000024002000ED00E0F0B40E4F0E4E3C6814
:10CA10000523012505FA03F2224203EB430103F14A
:10CA2000FF3303D156F82110814205D05A1CF1D1B1
:10CA300000210846F0BC704722433A600846F0BC2B
:10CA4000704700BF203C002030AD0400F0B40F4F11
:10CA5000DFF83CC03C6862460523012505FA03F176
:10CA6000214202D1566C304207D1013B591CA2F140
:10CA70000C02F3D10020F0BC704703EB43032143C9
:10CA80005CF823003960F0BC704700BF203C0020F8
:10CA900030AD0400144B98421ED003F5E043984299
:10CAA0001CD0A3F5343398421AD003F504339842CE
:10CAB00018D0B0F1402F06D0A3F50033984208BF3C
:10CAC000002001D070470120084901220B688240F4
:10CAD00023EA02030B6070470520F5E70420F3E723
:10CAE0000320F1E70220EFE700800240203C002015
:10CAF00008B5174B984218D0B0F1402F1ED003F55F
:10CB0000003398421CD0A3F5043398421AD003F5A1
:10CB10003433984218D0A3F5E043984216D05A20F7
:10CB2000E7F768FD4FF0FF3008BD0023094A03EB2B
:10CB3000430302EB830393F9040008BD0123F5E7E7
:10CB40000223F3E70323F1E70423EFE70523EDE7EF
:10CB50000030004030AD040038B5184B98420D4607
:10CB6000144620D0B0F1402F1FD003F50033984277
:10CB70001DD0A3F5043398421BD003F534339842FB
:10CB800019D0A3F5E043984208BF052304D05A20EA
:10CB9000E7F730FD4FF0FF33094A0A4842F82350C7
:10CBA00040F8234038BD0023F6E70123F4E70223D1
:10CBB000F2E70323F0E70423EEE700BF0030004074
:10CBC000243C00203C3C0020024A034B10681B68B8
:10CBD000184700BF3C3C0020243C0020024A034B85
:10CBE00050685B68184700BF3C3C0020243C002094
:10CBF000024A034B90689B68184700BF3C3C0020EA
:10CC0000243C0020024A034BD068DB68184700BF71
:10CC10003C3C0020243C0020024A034B10691B6965
:10CC2000184700BF3C3C0020243C0020024A034B34
:10CC300050695B69184700BF3C3C0020243C002041
:10CC4000002815D0006041608260C36004614561C6
:10CC50008661C761444604624C464462544684621D
:10CC60005C46C462644604636E46466374468463ED
:10CC7000002906D0C46B043C043925680D60B44219
:10CC8000F9D1946BA646566BB546002B06D0D46BF3
:10CC9000043C043B1D682560B442F9D1146BA446E2
:10CCA000D46AA346946AA246546AA146146AA0466E
:10CCB000D769966955691469D36851681068926894
:10CCC0007047006041608260C360046145618661B5
:10CCD000C761444604624C464462544684625C46E2
:10CCE000C462644604636E46466374468463C46BE0
:10CCF000043C043925680D60B442F9D1C7698669DE
:10CD0000456904697047006041608260C3600461E6
:10CD100045618661C761444604624C46446254469C
:10CD200084625C46C462644604636C464463744631
:10CD3000846304697047846BA646446BA546046B04
:10CD4000A446C46AA346846AA246446AA146046A09
:10CD5000A046C769866945690469C3688268006836
:10CD6000416870470649074A074B9B1A03DD043B9D
:10CD7000C858D050FBDC00F025F8FFF701FE00009A
:10CD800024B604004020002000240020FEE7FEE737
:10CD9000FEE7FEE7FEE7FEE7FEE7FEE7FEE7FEE76B
:10CDA000BFF34F8F0549064BCA6802F4E062134394
:10CDB000CB60BFF34F8F00BFFDE700BF00ED00E089
:10CDC0000400FA0508B57F4B1A68511C28D07E4B29
:10CDD0000D2A1B6800F09A807A4A12680D2A40D00A
:10CDE0007A4AD2F8883043F47003C2F88830BFF32F
:10CDF0004F8FBFF36F8F4FF01023D3F80C22D20761
:10CE000000F1BF80D3F80022002AC0F29480D3F84A
:10CE10000432002BC0F28F806D4B6E4A1A6008BD41
:10CE20006D4A6E4B12781B680D2AC3F3031310D1A1
:10CE3000012B6DD9684A694B12781B680D2AC3F320
:10CE4000031306D1012B19D95E4B1A68501C40F010
:10CE5000B680614A614B12781B680D2AC3F3031335
:10CE6000BED1012BBCD84FF08043D3F80024D107AA
:10CE700044BF6FF00102C3F80024B1E74FF08052C5
:10CE8000574BD2F80414C3F82015D2F80814C3F88D
:10CE90002415D2F80C14C3F82815D2F81014C3F8CE
:10CEA0002C15D2F81414C3F83015D2F81814C3F89E
:10CEB0003415D2F81C14C3F84015D2F82014C3F866
:10CEC0004415D2F82414C3F84815D2F82814C3F82E
:10CED0004C15D2F82C14C3F85015D2F83014C3F8FE
:10CEE0005415D2F83414C3F86015D2F83814C3F8C6
:10CEF0006415D2F83C14C3F86815D2F84014C3F88E
:10CF00006C15D2F84424C3F870259DE7012B0CD88A
:10CF10002C4A4FF0804312680021C3F80C11C3F86B
:10CF20001011C3F83815531C84D0274B0D2A1B68E9
:10CF30007FF452AF86E72B4A0123C2F80435D2F8BA
:10CF40000034002BFBD04FF010231221254AC3F8E8
:10CF50000012D2F80034002BFBD04FF01023122126
:10CF6000204AC3F80412D2F80034002BFBD000236F
:10CF70001C49C2F80435D1F80034002BFBD0FFF770
:10CF80000FFF184B0122C3F80425D3F80024002A10
:10CF9000FBD04FF01021134BD1F80C2222F00102EC
:10CFA000C1F80C22D3F80024002AFBD000210D4A3E
:10CFB000C3F80415D2F80034002BFBD0DFE70433AC
:10CFC0001B680BE7300100103401001000ED00E099
:10CFD0001C2100200090D003E00F00F0E80F00F0CB
:10CFE00000C0004000E00140D0E90223D1E9020185
:10CFF000994208BF90422CBF01200020704700BF1B
:10D000002DE930480C4800F0CFFA0C4B0C49D3E91D
:10D010000023D1E9004512EB000B43F1000CAC45B5
:10D0200008BFA3455846614603D21BF180704CF1FE
:10D030000001BDE8308800BF2021002030380020EA
:10D040003838002030B583B005460C460B4801A99E
:10D0500000F07CFB70B10570446001A9074800F046
:10D060007FFB08B903B030BD054800F0A1FA0020ED
:10D0700003B030BD042003B030BD00BFB03C002081
:10D08000202100201B4B1B782DE9304823B118B11B
:10D09000037F03F0FF041BB900242046BDE830885D
:10D0A0000546FFF7ADFFD5E90223994208BF90423C
:10D0B0001BD32B69BBB1D5E90530984729690029F5
:10D0C000EAD02B7F03F0FF04002BE5D0D5E9022343
:10D0D00012EB010B43F1000CC5E902BC29460648DE
:10D0E00000F0EEFBD9E72B77E5E72946024800F090
:10D0F000E7FBD2E71E4300207CAD04002DE9F04F92
:10D1000083B0834600F024FA40B15B49D1E90023A3
:10D1100012F1807443F10005C1E900450021584631
:10D1200000F030FA554C30B1236823B12068FFF786
:10D13000A9FF002323600121584600F023FA20B103
:10D14000FFF75EFF4E4BC3E9000101A94D4800F017
:10D1500017FB08B34C4E4D4F4A4D0378012B6CD052
:10D1600073D3022B0ED130464FF0000800F0BCFB09
:10D1700030B180F81C80304600F0B6FB0028F8D1B2
:10D1800001233B7001A9284600F004FB01A92846B1
:10D1900000F0F6FA0028E0D1DFF8EC80DFF8F0903C
:10D1A000DFF8F0A003E00D2838D0002323604046CC
:10D1B00000F0A0FB2368002858D05BB12368D0E9B9
:10D1C0000201D3E90223994208BF90421FD223688B
:10D1D0001B7F3BBB404600F087FBD0E9026705465A
:10D1E000FFF70EFF361A67EB0107012E77F10003F8
:10D1F00010DB56451BD8AA684FF496030021484619
:10D2000000F026F90028CED1236843B3256003B08F
:10D21000BDE8F08F0021484600F0AAF92846FFF744
:10D2200031FFC2E72168404600F04AFBD2E748469A
:10D2300000F0BAF900EB0A02DEE741682368994280
:10D2400011D0304600F05AFB9CE741680B7F002B61
:10D2500098D101230B77304600F032FB92E7584615
:10D2600000F0CCF8D2E7002323608BE7002BCED16F
:10D27000584600F0C7F8CAE730380020C03C00200C
:10D2800038380020B03C00207CAD04001E43002054
:10D2900020210020FFFFB40010B5134B13491B6879
:10D2A000134882B058220193082300F015FA04466F
:10D2B00010B1204602B010BD0E4A0F4801A900F07F
:10D2C0005BF804460028F4D101210B4800F038F93E
:10D2D00001231946094A084800F098F8084B012232
:10D2E00020461A7002B010BD78AD0400583C0020F2
:10D2F000B03C0020FDD0030020210020FFFF7F0074
:10D300001E4300204AB1A1F101010368B1FA81F185
:10D310004909C3E90412002070470720704700BF85
:10D32000037F0BB1002070472DE93048826104462D
:10D330000D46FFF765FE236910EB050B41F1000C6C
:10D34000C4E902BC03B1256121460020BDE8304894
:10D35000FFF778BE0023014603770120FFF772BE76
:10D36000014800F04FB800BF20210020014800F024
:10D3700045B800BF20210020F0B444791C4D1D4F5A
:10D38000E600AB1947F824201B7973BB03680A88B1
:10D39000C3F808258A7890F904305201002BD1B2E5
:10D3A000DFB21CDB5A09920002F1604203F16043D4
:10D3B00002F5614207F01F074FF0010C03F56143CE
:10D3C0000CFA07F783F80013C2F880711760AB19E5
:10D3D000012245F834001A710020F0BC7047064B5A
:10D3E00007F00F073B441976F1E70820F0BC7047BF
:10D3F000C43C0020CC3C0020FCEC00E0036801228F
:10D400001A607047036801225A60704770B48C003C
:10D4100004F5A0740068A4B24FF480358D40002656
:10D42000C0F80853C0F84853065183B0045901941A
:10D4300001F5A87122F07F42019C40F82120C0F83C
:10D4400044530BB1C0F8045303B070BC704700BF25
:10D450002DE9F04F04684FEA81084FF480358D4084
:10D4600004EB080C08F5A076C4F84853B6B2C4F82B
:10D47000085381460F464FF0000AD4F80415DCF833
:10D480004005CCF8401544F806A085B0401A20F0BD
:10D490007F40A159029101289B4622F07F42029BC6
:10D4A0000ED1264B019243F001034FF48060984760
:10D4B000D9F80040019A44F806A0A3590393039BAE
:10D4C000D4F80465C4F84453931B23F07F43012B25
:10D4D00018D107F5A877194B013244F8272043F0FB
:10D4E00001034FF480609847D9F80040D4F8043520
:10D4F0009E421FD10020C4F84453C4F8045305B021
:10D50000BDE8F08FA044531EC8F84025D4F8041598
:10D51000CBF1FF1B5B1A0BF57F4B23F07F439B4541
:10D5200008D3002BE6D10132C8F84025D4F80435E1
:10D530009942DFD00D2005B0BDE8F08FC084040013
:10D5400003680222C3F8442309B1C3F804237047D7
:10D550000368D3F8040150B1002282B0C3F804215B
:10D56000D3F804310193019B012002B0704770474A
:10D5700002684FF4803303FA01F1C2F84813C2F88D
:10D5800008137047890001F5A07189B203685858E3
:10D5900040B100225A5082B05B580193019B012098
:10D5A00002B07047704700BF0368D3F804057047A6
:10D5B00090F90430002B09DB5A09403203F01F03B5
:10D5C0000121034801FA03F340F82230704700BFFD
:10D5D00000E100E0024A034B10681B68184700BFD7
:10D5E000C43C0020CC3C0020BAB11268D243C1B187
:10D5F00030B401440C4C4D1E013810F8013F082195
:10D6000053405A08DB0748BF624001391346F8D13E
:10D610008542F2D1D04330BC70474FF0FF32002931
:10D62000E6D1D043704700BF2083B8ED10B483B07B
:10D6300050E8013F9CB2B0F80EC06444B0F80CC092
:10D64000644528BFA4EB0C04B0F808C0644502BFD1
:10D65000BFF32F8F002208E0C4EA030440E8014C26
:10D66000BCF1000FE4D14FF001028DF803200193CB
:10D67000019B9DF803000B6003B05DF8044B7047FD
:10D6800010B483B050E8023F1FFAA3F4B0F806C00C
:10D69000644502BFBFF32F8F002211E0B0F80EC027
:10D6A0006444B0F80CC0644528BFA4EB0C04C3EA82
:10D6B000044440E8024CBCF1000FE3D14FF00102FA
:10D6C0008DF803200193019B9DF803000B6003B0CC
:10D6D0005DF8044B704700BF99B110B4B2FBF3F48E
:10D6E00003FB1424A4B244B9C0E90014846082810D
:10D6F000C38120465DF8044B704709205DF8044B58
:10D7000070470E20704700BF82B050E8022FC188DA
:10D71000B2EB324F4FF0000317BF92B241EA014122
:10D7200042EA014104E04268B2EB324F08BF0123F4
:10D7300040E80212002AE8D18DF807309DF8073042
:10D74000002B0CBF1120002002B0704738B50446F2
:10D75000FFF76CFF10B10B882068184438BD00BF7C
:10D760000A884B889A4201D00020704750E8012F68
:10D77000C2EA024240E80123002BF7D101207047A2
:10D7800038B50446FFF77CFF10B14B882068184479
:10D7900038BD00BF0A884B889A4201D000207047EC
:10D7A00050E8022FC2EA224240E80223002BF7D1C0
:10D7B0000120704733DF7047064A074B10B500243D
:10D7C00014701C60BFF35F8F0449054800F062F8D5
:10D7D000204610BD20430020D83C002088AD040026
:10D7E000D03C00202DE9F041244E05460121304671
:10D7F00004F008FFBFF35F8FD8B9042D2BD0204B66
:10D800001A789AB91F4C012225701A701E4F7B6836
:10D810008BB1B84605E0404600F046F87B6853B14E
:10D8200025781B68284698470028F4D1BFF35F8FFE
:10D830003060BDE8F0812378023B012B0ED903F064
:10D8400007F9C0B94FF080430122C3F80025BFF3A8
:10D850004F8F20BFFDE70B4C2578D7E7BFF34F8FE5
:10D860000A490B4BCA6802F4E0621343CB60BFF372
:10D870004F8F00BFFDE7FFF79DFFE3E7D83C002097
:10D88000204300201F430020D03C002000ED00E09A
:10D890000400FA05D1E900329342C0E9001304BF45
:10D8A00000234360704700BF436843B10268D2E978
:10D8B00001210B449342436004BF0023436070473F
:10D8C00070B54468064620680D4618B908E024681B
:10D8D000206828B1B368294698470028F7D1206806
:10D8E0002860256070BD00BF4368186808B10268F1
:10D8F0001A60704743681868704700BF4068036843
:10D9000073B18B4203D107E0814204D0034618680B
:10D910000028F9D1704718460B6803600120704752
:10D92000184670476DDF704779DF70477DDF7047BD
:10D9300064DF70472DE9F04F83B004880C9EBDF87A
:10D940003490B6F800A0002C39D098460023174632
:10D950008B4605461C4603E02A880134A24224DD9A
:10D960006A6852F82400019000220DF1030101A819
:10D97000FFF7DEFF20BB9DF80320BA42ECD13288CE
:10D98000D11903B349452BDC42440DF1030101A831
:10D990000123FFF7CDFF98B931889DF803200A4491
:10D9A00032802A880134A242DADC43B13388013B59
:10D9B000A3EB0A039BB2FF2B12D808F80A30002011
:10D9C00003B0BDE8F08F02310132894592B207DB26
:10D9D000328008F802B03288013292B23280D3E746
:10D9E0000C2003B0BDE8F08F2DE9F04182B017465E
:10D9F000089CBDF8245000940195022206469846E2
:10DA0000FFF798FF10B102B0BDE8F08143463946F8
:10DA100030461022CDE9084502B0BDE8F041FFF7DD
:10DA200089BF00BF2DE9F04790F82D3017881446C4
:10DA3000002286B005460E462280002B40F0FC8076
:10DA4000AB78002B40F0FE80EA78A2B12388D91C85
:10DA5000B94200F2F3800221F154238801339BB2D2
:10DA600001212380F15423880B449BB22380F2547C
:10DA700023880B4423806B68B3B12288D11CB94240
:10DA800000F2DC80022093F90010B05423880133A7
:10DA90009BB20A222380F254238801339BB2238055
:10DAA000F1542388013323802B89002B40F01B8104
:10DAB0002B8A002B40F024812B8B002B40F02D81F2
:10DAC0002B6A002B44D02288911DB94200F2B68007
:10DAD0001988052940F203816FF4486801EB0800BA
:10DAE00080B24FF27D3C604540F2F98058880528AD
:10DAF00040F2F5806FF4486E86441FFA8EFEE645CC
:10DB000040F2ED804FF6FF7C614504D0604502D0C5
:10DB1000814200F2E4800521B1542288013292B2A0
:10DB200012212280B1542288013292B222801988B7
:10DB3000B1543244090A51702288023292B22280D2
:10DB40005B88B35432441B0A53702388023323800A
:10DB50006B6A002B2FD09988B4F800C0881C0CF198
:10DB600002020244BA4269D8FE2867D8033106F897
:10DB70000C102288013292B2FF212280B1542288F7
:10DB8000013292B222801988B1543244090A51708C
:10DB90002088023080B220809A8862B1996803930D
:10DBA000002900F09C803044E4F744FD039B9A88F0
:10DBB00023881344238095F82C30002B40F08A8072
:10DBC000287800283BD02B88012B00F08880228801
:10DBD00002F1020CBC4531D8012804D16B78023324
:10DBE00013449F422AD3BB1E9B1A06A99BB221F85D
:10DBF000083D06EB0C00FFF799FE00BB2978BDF845
:10DC00001020022900F0E18068789042C0F0D880AE
:10DC10009342C0F0D5800921FE2A0FD82388501CDA
:10DC2000F054238801339BB22380F15423880133BD
:10DC30001A442280002002E0082F23D80C2006B0CE
:10DC4000BDE8F08723880433BB42F7D804A8FFF768
:10DC50006BFE0028F3D12388BDF810200321F15476
:10DC6000238801339BB219212380F1542388013387
:10DC70009BB2F1182380F254120A4A7023880233AF
:10DC80002380E1E604A8FFF74DFE0028D7D12388C2
:10DC90009DF810200821F154238801339BB21B21E9
:10DCA0002380F154238806A901339BB251F8070D54
:10DCB0002380F050334489889980238806339BB2AF
:10DCC00012F0FE0218BF01222380F2542388013390
:10DCD0002380B5E6D5F82880B8F1000F2AD10720B7
:10DCE00006B0BDE8F087CDE90047334606220221A1
:10DCF00005F10800FFF778FE00283FF4D9AE9EE753
:10DD0000CDE9004733460722032105F11000FFF754
:10DD10006BFE00283FF4D0AE91E7CDE900473346D3
:10DD20001522142105F11800FFF75EFE00283FF4CC
:10DD3000C7AE84E7B8F804300233FE2B3FF67EAF5F
:10DD40004FF000094FF0160A22880133B35423889C
:10DD500001339BB2238006F803A0238801339BB2D2
:10DD60002380B8F80020F2543344120A5A702088F5
:10DD7000023080B22080B8F8043030441A465BB1DB
:10DD8000D8F808301946002BA9D0E4F753FCB8F8AE
:10DD9000042023881344238009F1010995F82C30CD
:10DDA0005FFA89F94B4509EB49087FF609AFAB6A81
:10DDB00003EB8808B8F804300233FE2BC4D93DE7E2
:10DDC000012906D01A46082126E79342BFF423AF63
:10DDD000F8E78342F6D3024608211DE775DF704756
:10DDE00076DF70477ADF70477BDF704730B51D4BB9
:10DDF0001A8884B2A24283B001D003B030BD1A4D5C
:10DE0000187A297B88420FD32A7C00211972E2B943
:10DE10006B69002BF1D00022ADF806408DF804208C
:10DE200001A8984703B030BD104603F10A01FFF77F
:10DE3000D5FF28B11128E0D0AB69002BF1D1DCE788
:10DE40001A7A01321A7203B030BD3B212046FFF727
:10DE5000C7FF30F00803DBD0AB69002BD8D0984760
:10DE6000D6E700BFF83C0020DC3C002070B54B7AC0
:10DE700082B002467BB90F4C0E7A4868D4E9015350
:10DE8000002E0CBF29461946FFF74AFA08B1A369CC
:10DE90006BB902B070BD074B5B6900200872002BA4
:10DEA000F7D00121ADF806208DF8041001A898479D
:10DEB00002B070BDDC3C00208388B3F5FA7F28BF38
:10DEC0006FF4F97230B428BF9D1804884A8838BFAF
:10DED000002594420DD8408890420AD38888A842F1
:10DEE00007D303F2F313834234BF0020012030BC78
:10DEF0007047002030BC70470288112A70B5034675
:10DF00002FD01BD9122A07D0502A04D13A4CC188ED
:10DF1000E289914236D070BD384C8288258895427E
:10DF2000F9D100F1080104F10A00FFF7C5FF6072A2
:10DF300021462846BDE87040FFF798BF102AEAD175
:10DF4000C27B012AE7D12D4C21884FF6FF72914206
:10DF50002FD0294B9B69002BDDD00420BDE87040F9
:10DF60001847264C828823889A42D4D16068FFF7EC
:10DF7000F1F918B1204B9B6903B198474FF6FF7335
:10DF8000238070BD028A022AC5D11C4D82882E884A
:10DF90009642C0D1123000F061FA30BB6868FFF7DA
:10DFA000D9F90028B7D0A369002BB4D0BDE87040E0
:10DFB0001847134A8588258003CA04F10A02C4F869
:10DFC0000E1003F110010023C4F80A00237210465A
:10DFD000FFF772FF084B6072DB89002B9BD1214653
:10DFE0002846BDE87040FFF741BF29463046BDE8EE
:10DFF0007040FFF73BBF00BFDC3C0020F83C002036
:10E000000C3D002000282FD0F8B5054606460FCD60
:10E01000164F3C460FC4844695E80700144B3B60FE
:10E0200084E80700BCF1000F18D06046FFF7DAFE65
:10E0300098B932681068516803C30E4B0E490F4AF5
:10E0400018464FF6FF7440F8041F1C800021FFF7AC
:10E0500059F9002814BF03200020F8BD1846FFF727
:10E06000C3FE0028E9D0F8BD0E207047DC3C00203C
:10E070000C3D0020F83C002040380020EDDD03007E
:10E08000F0B583B00190A1B1019D7DB100240E4691
:10E0900017462546214601A804F070FA394610B10A
:10E0A000A0B2B04701350134142CF3D1284603B097
:10E0B000F0BD0D46284603B0F0BD00BF0146014843
:10E0C00004F05CBA183D002070B582B0064601919C
:10E0D000019D6DB100242546214601A804F04EFAA9
:10E0E00018B106EB450301359C800134142CF3D1A3
:10E0F0003046356002B070BD2DE9F0470388B0F8B6
:10E100000480103B8CB007460A2B1BD8DFE803F0D5
:10E110002F281A1A1A1A1A1A1A1D0600047A3848D1
:10E120002409032C41464BD804F01EFA032C49D095
:10E130004146344804F018FA022C47D04146324890
:10E1400004F012FA0CB0BDE8F087037A002BF9D185
:10E15000437A2B481B0741464FD404F005FAF1E7F8
:10E1600041462A4804F000FA0CB0BDE8F087284E7A
:10E17000B3680CA8DB4340F8303D716804F064FAE2
:10E18000009901A8FFF7A0FF019B83B10DF10609DB
:10E190007C3609EB430A39F8025F1E4C20462946BB
:10E1A000043404F0E1F9A642F8D1D145F3D1B8F135
:10E1B000130F12D9042003F0B1F80CB0BDE8F087BA
:10E1C00004F0B8F941460F4804F0B4F941460E484E
:10E1D00004F0B0F90CB0BDE8F08741460B4804F0FC
:10E1E000A9F941460B4804F0A5F9FB7B012BA9D006
:10E1F0004146094804F09EF9A4E704F09BF9A1E721
:10E200002C3D0020283D0020243D00201C3D002006
:10E21000143D0020183D0020203D0020132801D986
:10E2200000207047FFF74ABF132801D9002070472C
:10E23000FFF744BF132801D90020704710B50446EA
:10E24000FFF73CFF08B9002010BD2146034804F049
:10E2500095F9002814BF0220012010BD1C3D0020AC
:10E26000132801D90020704710B50446FFF726FF98
:10E2700008B9002010BD21460248BDE8104004F056
:10E280007DB900BF243D0020132801D9002070472C
:10E2900010B50446FFF712FF08B9002010BD214653
:10E2A0000248BDE8104004F069B900BF283D0020D5
:10E2B000132801D90020704710B50446FFF7FEFE71
:10E2C00008B9002010BD21460248BDE8104004F006
:10E2D00055B900BF2C3D002070B50A4B82B002AE8C
:10E2E0009B6846F8043D00252C462146304604F044
:10E2F00045F9013400B10135142CF6D1284602B09D
:10E3000070BD00BF143D002070B50E4A82B0D368C6
:10E3100002A8DB4340F8083D02AE916804F094F98E
:10E32000009B46F8043D00252C462146304604F06B
:10E3300025F9013400B10135142CF6D1284602B07C
:10E3400070BD00BF143D002010B5034B0446596852
:10E35000FFF7BAFE204610BD143D002010B5094954
:10E3600082B0CA6802ABD24343F8042D04468968E0
:10E37000184604F069F920460199FFF7A5FE2046EA
:10E3800002B010BD143D002008B51821024804F069
:10E39000FFF8C0B208BD00BF143D002070B50C4CA2
:10E3A000054620460E4604F0E9F808B1132D01D9C0
:10E3B000002070BD2846FFF781FE0028F8D0F01D30
:10E3C00004EB80002946BDE8704004F0D7B800BFD8
:10E3D000143D0020F8B50E4C0546204617460E4663
:10E3E00004F0CCF808B1132D00D9F8BD2846FFF78A
:10E3F00065FE0028F9D0F01D04EB800029461FB906
:10E40000BDE8F84004F0B0B8BDE8F84004F092B8B8
:10E41000143D0020034B9B680A4601461846FFF74F
:10E420002FBE00BF143D0020F8B50A4C05460E462D
:10E4300020462946174604F0A1F800B9F8BD063574
:10E4400004EB85043A4660683146BDE8F840FFF7C2
:10E4500017BE00BF143D0020AADF7047007800F00F
:10E46000010070470078C0F34000704770B58C78A9
:10E4700090B01346002C40F0AF8001228DF80E20A2
:10E480004A7C0C88ADF80C40013A00248DF802401B
:10E49000ADF80040042A09D8DFE812F00500C600F4
:10E4A000CA00CE00C20011228DF800208C7C013CF5
:10E4B000042C09D8DFE814F00500C800CC00B00037
:10E4C000C40011228DF80120CD7B9DF802400A7C0A
:10E4D0000E7B65F3C3040D7D62F30414002D4A7BAB
:10E4E00014BF0225012566F3000465F3420412F00F
:10E4F000300F4FF000058DF80240CDE90955CDE908
:10E500000B55CDE90D550F9569D10022CDE90622B5
:10E510004D7B08928C688A7B8DF824508DF82520DD
:10E5200003AD8A88CDF814D00495ADF81C201CB139
:10E53000CA880894ADF818208C69002C2FD00026CA
:10E540008DF80660ADF804602688227BADF82C605B
:10E550006688ADF82E6001AD66680A96013A0D95A1
:10E56000042A28D8DFE802F024948488900011223D
:10E570008DF80520A67A9DF80650E27A66F3C30569
:10E5800062F30415A27B267A002A2C4666F3000467
:10E5900014BF0222012262F342048DF80640CA69C8
:10E5A00002B10C9209A904AAFFF756FF10B070BD82
:10E5B00011228DF80420627B013A042ADAD801A5E1
:10E5C00055F822F06FE5030061E6030069E60300F9
:10E5D00059E6030081E603008DF80E4050E7CA7C3F
:10E5E000ADF80850013A8DF80A50042A07D8DFE840
:10E5F00002F0035F5B57530011228DF809209DF84C
:10E600000A2002AC0E94012464F3420211248DF816
:10E610000A208DF8084078E712228DF8012053E790
:10E6200022228DF8002041E721228DF800203DE7CD
:10E6300031228DF8002039E712228DF8002035E7CD
:10E6400022228DF801203FE721228DF801203BE7AF
:10E6500031228DF8012037E712228DF8052089E755
:10E6600021228DF8052085E731228DF8052081E7EC
:10E6700031228DF804209EE712228DF804209AE7BB
:10E6800022228DF8052075E722228DF8042092E7DA
:10E6900021228DF804208EE722228DF80920AEE792
:10E6A00012228DF80920AAE731228DF80920A6E769
:10E6B00021228DF80920A2E790DF7047A5DF70477F
:10E6C000B5DF704710B5002384B004466A4618468B
:10E6D00002A9ADF80840ADF80A4003930093ADF8E5
:10E6E0000430FFF7E9FF04B010BD00BF08B90E20E9
:10E6F000704730B403464FF017151B240020172233
:10E7000019611D6041F61B311C71DA801A81987203
:10E71000D872998130BC70478388C3B930B50288FC
:10E72000232A83B00C4613D036D93A2A18D0552A5A
:10E730003FD0242A5ED0A37A3BB1E1880020FFF7C6
:10E74000BDFF10B90123A072E37203B030BD704762
:10E75000007A0B7B984228BF1846FFF7B3FFEAE721
:10E760004289C98825698A4228BF0A46172A38BFC4
:10E770001722228165B1E17A51B140F67721ADF8D7
:10E780000010ADF80230ADF8042069462046A847D5
:10E790000023E372A372D8E7102A3FD0112ACAD10E
:10E7A000172241F61B31A372E372E2802281A1811C
:10E7B000CBE7C288C988A372172A38BF17228A42BA
:10E7C00028BF0A4618462281FFF77AFFE37A002B1A
:10E7D000B1D12269002AAED02189ADF8023040F6CD
:10E7E0007720ADF80000ADF8041020466946904748
:10E7F000A37AA1E70A69017A6173002A9BD04DF6DA
:10E800007A20ADF80430ADF802308DF80410ADF880
:10E810000000694620469047A37A8DE7C37B0879BC
:10E820000873012B0CBF2188C988238908BFE180A8
:10E830008B4204D3637B8342BFF47DAF8DE700201E
:10E84000FFF73CFF18B90123E372207BF2E71128A0
:10E8500009BF0123207B207BA372EBE72DE9F04168
:10E86000DFF8988000238AB04FF6FF7088F80030F8
:10E87000CDE9003300F0DCFC4FF6FF76B0421FD04C
:10E88000044648F2096707E000F06EFC204600F0FD
:10E89000CFFCB042044613D0A4F58045ADB2284663
:10E8A0006A4602A903F094FDB8422046ECD02846FF
:10E8B00003F0FEFC48F207629042034603D043B9DE
:10E8C0000AB0BDE8F081012388F800300AB0BDE845
:10E8D000F08100220721079305A84FF6FF73CDE9C9
:10E8E0000522CDE90822ADF818408DF81410ADF8D6
:10E8F000163000F063FA0AB0BDE8F0812143002031
:10E9000010B58389047886B003F5804300229BB25A
:10E91000611ECDE90122CDE90322ADF80830059250
:10E92000042913D8DFE801F03232321903004368BA
:10E93000002B55D113238DF804304FF6FF7301A837
:10E94000ADF80830ADF8063000F038FA2D4C2378D9
:10E950000BB1FFF783FF06B010BD43F6FE72934282
:10E96000F4D8C289002AF1D14268002A42D00B2390
:10E9700003928DF80430234C01224FF6FF7301A857
:10E980002270ADF8063000F019FAE0E743F6FE72A7
:10E990009342C1891ED8D0E90132A4F10304B4FA2C
:10E9A00084F464098DF80C108DF80D400492E3B9DD
:10E9B0009DF81430082243F001038DF814308DF8CF
:10E9C00004204FF6FF7301A8ADF806300D4C00F09F
:10E9D000F5F9BCE701F580439BB29342DBD9B5E77B
:10E9E000142203938DF80420A7E7092205938DF8DC
:10E9F0000420E6E718460A238DF8043000F0B4FB43
:10EA0000B9E700BF2143002010B5A1F5804182B0D5
:10EA1000A0F58040002489B26B4680B2CDE9004465
:10EA200003F09AFCA04214BF0520204602B010BD9E
:10EA300030B5184889B003F06FFA30BB03F084FAA0
:10EA40000546F0B900F070FBCDE903550DE005A8CF
:10EA500003F0CEFB019B9C8804F58044A4B205A87A
:10EA600003F0F0FB204600F067FB05A903AA4CF277
:10EA7000070003F08DFC01A90028E8D0284609B062
:10EA800030BD8625284609B030BD0325284609B08B
:10EA900030BD00BF01E90300F0B5FF2887B004D8FE
:10EAA000012906D00C1F052C03D90725284607B0DD
:10EAB000F0BD164603AA1F460C46FFF7A5FFE0B9B6
:10EAC00001A903A803F094FB0546B0B9019BB470FB
:10EAD0005B8833800299A7B13A6870689C00A242B3
:10EAE00028BF22461646E3F7A5FDB4420BD803A87B
:10EAF00003F0A8FB284607B0F0BD0525284607B05F
:10EB0000F0BD7160F3E70C25F8E700BF024B00226F
:10EB1000C3E90022704700BF903D0020012804D0C7
:10EB2000031F052B01D90120704770B5044686B03C
:10EB3000A0F5804016460D4680B203A90D4A03F0A9
:10EB400027FC10B1002006B070BD01A903A803F096
:10EB50004FFB0028F6D1DDE90121938852883280ED
:10EB600003F58043B470716003A82B8003F06AFB47
:10EB70000120E8E7903D0020F0B5FF2887B005D8D8
:10EB80008C78012C06D0231F052B03D9072420469F
:10EB900007B0F0BD0B46A4F5804621465C681B8893
:10EBA000ADF80260A0F58047154603AAADF80070E5
:10EBB000CDE90143FFF728FF052813D0694603A8D4
:10EBC00003F06EFB044648F206639C421AD00FD94C
:10EBD00048F207639C4203D048F20D639C420FD178
:10EBE0001124D4E7694603A803F056FB0446EAE77C
:10EBF00034B9002DCBD0294603A803F009FCC6E7A1
:10EC00000324C4E78624C2E74FF6FF7000F094BAED
:10EC1000FF2806D808B500F095FAFFF71FFE002080
:10EC200008BD0720704700BF00F0B2BA00F0D8BAA4
:10EC300000F0FEBA00F002BB70B41D4E0546002283
:10EC400002EB4203980036F82330AB4205D0013284
:10EC5000042AF5D1002070BC7047304483788B4281
:10EC60001ED0531C042BF5D05800C41836F824408D
:10EC7000AC420ED002EB420206EB820202E0948923
:10EC8000AC4205D00133042B02F10C02F7D1E1E7CD
:10EC90005800184406EB80001A4683788B42E0D176
:10ECA000837A9B07DDD14368002BDAD170BC7047B3
:10ECB000E83E002070B5037A05465BB10D4E002496
:10ECC000697A2144C9B2304600F06EFF2B7A0134D4
:10ECD000A342F5D8AB7A002203F0FD03FF204FF6E4
:10ECE000FF716FF3000368722A72AB722980A970FA
:10ECF0006A6070BDD83E002010B582B08278417A3B
:10ED0000044600232B48CDE900338DF8022000F0A3
:10ED100031FF002839D0237AA178019003EB8303D7
:10ED20009B004A1EADF800308DF80210072A08D863
:10ED3000DFE802F01E070707071E042E1423ADF8B4
:10ED400000306946221D2088FFF716FF07280DD0E6
:10ED500012D9112822D0862817D1A37A164A03F097
:10ED6000FD0343F001030121A372117002B010BD35
:10ED70000123ADF80030E4E738B9A37A60F341032A
:10ED800060F30003A37202B010BD032002B010BDF7
:10ED9000838809339B08ADF80030D2E7A37A064A8E
:10EDA00043F002036FF3000301210020A3721170EE
:10EDB00002B010BDD83E0020224300202DE9F047CC
:10EDC000444EC168044686B03746334600205A6830
:10EDD000914203F10C0375D001300428F7D10020D3
:10EDE0002378092B19D0132B69D0082B5FD04FF053
:10EDF0000008204600F0D8FA204601F09BFCDFF81E
:10EE0000D890204604F05EFA204604F02BF899F8DA
:10EE100000307BB906B0BDE8F087637A002BE6D1FD
:10EE2000002854D0827ADFF8B090436042F00202AA
:10EE300098468272002489F800404FF0010A63006E
:10EE40001A1907EB8202927A91072DD4D20727D59F
:10EE500089F800A0B8F1000F22D023449D0070195A
:10EE6000FFF74AFFE0B17B5BADF8083086284FF62C
:10EE7000FF73ADF8063016BF03900623072301A8E1
:10EE80008DF8043000F090FA01A801F053FC01A8BD
:10EE900004F018FA01A803F0E5FF06B0BDE8F0871A
:10EEA0000134042CCBD1B5E789F800A0D5E7657A09
:10EEB000002D9CD158B1FFF7FDFEA84699E74FF011
:10EEC000010896E700EB400007EB800088E78046EA
:10EED0008FE700BFE83E002022430020F0B5174E28
:10EEE000002183B033460D464FF6FF74FF2701EB38
:10EEF000410206EB82021C809C705F72907A0131A5
:10EF000000F0FD006FF300000429907203F10C0380
:10EF100003F8045C43F8085CE9D15023CDE9001301
:10EF20004FF4A072064B0749074800F0D5FD0028B2
:10EF300014BF0320002003B0F0BD00BFE83E002056
:10EF4000183F0020983D0020D83E0020F8B51E4F05
:10EF50000646002505EB45039A0037F82330B342F7
:10EF600005F101040AD0042C2546F3D13046FFF701
:10EF70004FFE10B1072818BF0320F8BD3A4491781E
:10EF80003046FFF759FE08B1FFF794FE042C2346E4
:10EF9000ECD06200111937F82110B1420ED005EB08
:10EFA000450507EB850202E09189B14205D00133A6
:10EFB000042B02F10C02F7D1D8E75A001A441D467F
:10EFC00007EB82025C1CDAE7E83E00200023FFF733
:10EFD00063BD00BF83B32DE9F041CD1F012D0C4669
:10EFE00025D8551E032D22D807461E461546FFF785
:10EFF00023FE804688B3037AAB421BD198F80910F0
:10F00000FF291FD0002788F80850254800F0B2FDDE
:10F0100068B305EB85031B019BB29B083380B4707A
:10F0200070600FB1082C09D00020BDE8F0810720E6
:10F03000BDE8F0810F20FBE70E2070479B00063BE8
:10F040008380F1E72946164800F05CFDFF28014661
:10F0500088F809000FD00127D5E7FF214FF6FF7090
:10F06000FFF7EAFD804620B107808470C6E70320E1
:10F07000DEE71120DCE798F80A3088F8020003F098
:10F08000FD0300226FF300034FF6FF7188F80A308A
:10F09000A8F8001088F80820C8F804201120C7E755
:10F0A000D83E002008B5FFF7C7FD18B1FFF702FEF4
:10F0B000002008BD052008BDCB1F012B01D907206A
:10F0C000704770B50646104615460C46FFF7ACFD76
:10F0D00050B130462146FFF7AFFD38B1058084704E
:10F0E000BDE87040FFF708BE072070BD052070BD69
:10F0F0004FF6FF73984210B509D0FF2804460FD889
:10F100000846214603F020FA50B9204610BD0846B3
:10F110004FF4807103F03CFA80B2B0F5807FF5D1F6
:10F120004FF6FF7010BD00BF402200210148E4F7F8
:10F1300013BC00BF1C3F00200149FFF7D9BF00BF2F
:10F140001C3F00204FF6FF72904209D010B50549D0
:10F150000446FFF7CDFF201AB0FA80F0400910BD39
:10F16000002070473C3F0020FF2800D9704710B5B1
:10F1700001460446044803F0F7F921460348BDE878
:10F18000104003F0F1B900BF1C3F00203C3F0020BD
:10F19000FF2801D9002070470146014803F0EEB96D
:10F1A0001C3F002038B54FF6FF7398420D4615D02E
:10F1B000013084B2FF2C04D90CE09CB2B4F5807FFE
:10F1C00008D02146284603F0D9F9631C0028F4D062
:10F1D000204638BD4FF6FF74204638BD0024F0E7C6
:10F1E000F8B51149FFF7DEFF4FF6FF75A84217D0BB
:10F1F000FF28044612D80D4EA6F1200707E020464E
:10F20000FFF7D0FFA84204460AD0FF2C06D82146BB
:10F21000304603F0B3F939460028F0D12046F8BD56
:10F220004FF6FF742046F8BD1C3F00203C3F0020F5
:10F230000149FFF7B7BF00BF3C3F002070B5002475
:10F24000064E25462146304603F098F90134B4F5C0
:10F25000807F0544F6D1284670BD00BF1C3F0020CA
:10F26000074B1A7802B9704710B5044604F0BCFA8F
:10F27000204601F0BBFA2046BDE8104003F0D4BEA2
:10F280002443002010B582B0002401926A46009405
:10F29000FFF702FC02B010BD2DE9F04F87B08346A6
:10F2A0004FF6FF708A4601929946FFF7BFFC002592
:10F2B0000421CDE9031503AB04AA062102AE0446DE
:10F2C00002950596FFF7E8FB07283FD04FF6FF773A
:10F2D000B8464FF0FF3660B1052814D12046FFF73D
:10F2E000A5FC03AB04AA06210446FFF7D5FB0028C2
:10F2F000F2D1029BAB4224BFA0461D46B3423CBFA5
:10F300001E462746EAE74FF6FF739C421AD1A045F6
:10F3100020D0A7420CBF05200020BBF1000F01D078
:10F32000ABF80080BAF1000F01D0CAF80050019B81
:10F3300003B11F80B9F1000F05D0C9F8006007B014
:10F34000BDE8F08F032007B0BDE8F08F052007B0BF
:10F35000BDE8F08F0520E0E70F4B70B51C7814B9BD
:10F360000E4B1C7070BD0E4D0E4E002329463046CC
:10F370001A46FFF791FF052805D0B0FA80F4074B35
:10F3800064091C7070BD00232B60044B4FF6FF72A4
:10F3900032801C7070BD00BF244300202643002033
:10F3A0005C3F0020024300202DE9F041054686B075
:10F3B000808804F095F92B786880083B032B3BD8B4
:10F3C000DFE803F0283D1702654A664E117833786E
:10F3D000002940F08A804BB1634F002457F8243055
:10F3E00028469847337801349C42F7DB06B0BDE8E5
:10F3F000F0815B4C2378002B37D15C4B1B78DBB161
:10F400005B4BAA881B889A4216D1564EFFF7A4FF81
:10F410003378E0E76B7A2BBB56490A681AB1E86883
:10F42000824200F09480514B1B782BB1504BAA883C
:10F430001B889A4200F086804A4E3378CBE7494ECB
:10F440006A7A3378002AC6D14A4801680029C2D0B6
:10F45000EC68A142BFD1484C02602168EA600139E2
:10F460002160B8E7012BE7D1DDE74FF6FF70FFF72A
:10F47000DDFB4FF6FF7398420646BED1FFF7D8FB7F
:10F48000B042BAD1374E327800230DF104080C2176
:10F4900001932370C8E90133C8E90333ADF80800CC
:10F4A000ADF806008DF804109AB12F4F1C4657F89E
:10F4B000243028469847337801349C42F7DB43B127
:10F4C000002457F8243040469847337801349C4252
:10F4D000F7DB264B1B78002B88D0254AAB88128897
:10F4E0009A4283D1FFF738FF80E70DF1040800242A
:10F4F0000D2101941470C8F80440C8E903444FF684
:10F50000FF728DF80410A968ADF80820ADF8062048
:10F510000391002B3FF46AAF134F57F8243028466D
:10F520009847337801349C42F7DB002B3FF45EAF01
:10F53000002457F8243040469847337801349C42E1
:10F54000F7DB53E72B7A062B7FF476AF5DE7084AAB
:10F55000044EA8880B60EB60108033783BE700BF57
:10F560002343002025430020603F00202643002045
:10F57000024300206C3F00205C3F002078B1F8B5CA
:10F58000074E337853B1074F0546002457F824300F
:10F5900028469847337801349C42F7DBF8BD704722
:10F5A00025430020603F0020F8B5074E337853B163
:10F5B000064F0546002457F82430284698473378EC
:10F5C00001349C42F7DBF8BD25430020603F00205A
:10F5D000FFF7EABFFFF7E8BF38B5FFF729FAD0B960
:10F5E000FFF77CFCB8B901F0C9F8A0B900F09CFBAA
:10F5F00088B903F09DFC70B903F070FE58B9074A52
:10F60000074C0849084B10604FF6FF750122258012
:10F6100008701A7038BD032038BD00BF6C3F002051
:10F620000243002026430020244300200A4B1B787D
:10F630007BB10A4A1378022B09D810B4591C084C24
:10F64000117044F8230000205DF8044B704704203B
:10F6500070470820704700BF244300202543002046
:10F66000603F0020034B1B780BB101F0D9B8082094
:10F67000704700BF2443002008B5054B1B782BB111
:10F6800001F0F0F8082808BF112008BD082008BDC7
:10F690002443002009B101F0E3B87047024B1B7806
:10F6A00003B9704703F084BD24430020034B1B784B
:10F6B0000BB100F093BF0820704700BF2443002027
:10F6C000084B1B7843B151B110B50C4603F096FFBF
:10F6D00000232080184610BD0823184670470E23CB
:10F6E0001846704724430020024B187800B9704731
:10F6F000FFF7A0BA2443002000B50B4B83B01B7862
:10F700005022019243B159B10A4601AB0721FFF7DC
:10F71000B9FD03B05DF804FB082003B05DF804FBFD
:10F720000E2003B05DF804FB24430020034B1B783C
:10F730000BB103F0E7BF0820704700BF244300204F
:10F7400010B4054C24781CB15DF8044BFFF7A4BD40
:10F7500008205DF8044B704724430020354B1B788C
:10F76000002B38D02DE9F041334B344D064693E859
:10F77000030088B02B7801AC84E8030013B3DFF8F2
:10F78000C880D8F8005015BB2D4B2E4F1A883B6807
:10F79000B24224D05A1C20D00133214630462A4A96
:10F7A0003B60FFF7E9F998B13B680022013B112863
:10F7B0003B60C8F800200AD0862809D0072818BF67
:10F7C000032005E0FFF7C8FD2B78002BD7D11120CF
:10F7D00008B0BDE8F081082070471320F8E7002B3F
:10F7E000DAD008233046194C0795CDE90355CDE909
:10F7F00005558DF80C3003F073FF9DF81C3022780E
:10F80000ADF80E0065F300030621ADF810608DF829
:10F81000155006958DF81C308DF8141042B10C4E21
:10F8200056F8253003A89847237801359D42F7DB29
:10F830000020CDE72443002094AD0400264300209F
:10F84000024300205C3F00206C3F00202543002045
:10F85000603F002076DF704710B5044682B059B98A
:10F8600001A9FFF723FF43F20202904200D0B0B992
:10F870009DF804309B0710D400212046FFF7FCFEC2
:10F8800058B1112809D00D2810D00B2805D043F20B
:10F890000202904201D001F041FD02B010BD01F022
:10F8A0003DFD9DF804309B07F7D4E5E72046132182
:10F8B000FFF7D0FFF1E700BF017839B1072900D089
:10F8C000704780680028FBD001F028BD4088FFF712
:10F8D000C3BF00BF2DE9F041037886B00446142B66
:10F8E0001BD8DFE803F00B1A4C1A1A1A6A1A1D1AF1
:10F8F0001D1A1A1A1A1A1A1A1A235C008088FFF79E
:10F900002DFF862868D0112866D0132803D8584BBD
:10F91000C340DB0701D401F001FD06B0BDE8F08172
:10F92000544B01221A7006B0BDE8F081524B534A85
:10F930001C68504B524F002504F1080815701D70CB
:10F940004FF6FF76624202F0070204F0070358BF49
:10F950005342013437F81320B24201A80AD002956D
:10F9600027F813600195CDE903550595ADF80820FA
:10F97000FFF7B0FFA045E5D106B0BDE8F081037AFE
:10F98000012BCAD800238288059301A8CDE9013351
:10F99000CDE90333ADF80820FFF79CFFBDE783688E
:10F9A000364948F20D6200209342087002D0B3F548
:10F9B000064FB2D100F066F8AFE7304C2378002B49
:10F9C000ABD12C4D2B78E3B102F09CFCB0B148F2E6
:10F9D00007629042A1D09EE72749294A0B68A08878
:10F9E00022F8130001335A4202F0070203F0070322
:10F9F00058BF53420B6000F045F88EE70123237097
:10FA00008BE701A802F00EFD30BBBDF80A30002BD9
:10FA100014BF012300232B70D6D1002301AA19465D
:10FA20001846FFF78DFE064628B1431F012B7FF6CF
:10FA300074AF30466FE7BDF80400FFF777FE064667
:10FA400008B101F06BFC0122731F93422A707FF60C
:10FA500064AF002EB8D0ECE701F060FCBDF80A30CE
:10FA6000002B14BF012300232B707FF456AFD4E783
:10FA7000C100080071230020703F002027430020B0
:10FA80002821002000B587B00023062201A8CDE977
:10FA90000133CDE9033305938DF80420FFF71AFFF6
:10FAA00007B05DF804FB00BF42685AB1FF2938B5C2
:10FAB0000D4606D00446BFF35F8F104602F05EFD90
:10FAC00008B938BD70476068BFF35F8F2946BDE84D
:10FAD000384002F049BD00BF70B4DDE9034570B1A4
:10FAE00069B163B105FB04F6964208D83CB135B163
:10FAF000C0E90245C0E9001370BC00207047072030
:10FB000070BC7047F8B5002830D0036806466BB368
:10FB1000406858B3B3684BB300250F46FF2429460D
:10FB20000EE0FF2C19BF2B1B013301232C469F42F3
:10FB30001DD00135B368EDB29D42294616D27068DA
:10FB400002F002FDBFF35F8F0028EAD0FF2C0BD03C
:10FB5000AC4209D23368214630460BB1FFF7A4FF0F
:10FB60000134E4B2AC42F5D1FF24E2E7FF242046A1
:10FB7000F8BD00BFA8B102689AB142688AB1FF29F6
:10FB800038B50D460BD00446BFF35F8F104602F028
:10FB9000F5FC20B1E368206803FB050038BD0020B8
:10FBA00038BD0020704700BF18B103680BB1FFF7E4
:10FBB0007BBF70477EDF70477FDF704786DF70470F
:10FBC00010B50446408803F019FDA0802046BDE82A
:10FBD000104000F06FBD00BF00B587B000230422C5
:10FBE0000193ADF806000DEB0200CDE90233CDE93B
:10FBF00004338DF80420FFF7E3FF07B05DF804FB42
:10FC000030B50E4D87B0002403948DF80C10ADF87C
:10FC10000E2029780194224603250494ADF80600AD
:10FC20008DF81030029405948DF80450FEF7D2FB45
:10FC300001A8FFF7C5FF07B030BD00BF7323002048
:10FC400030B5134B0A1C87B018BF01220C46197837
:10FC50000546FEF7BFFB0F4BA4F10102B2FA82F298
:10FC6000197828465209FEF7B5FB0023012201A8A6
:10FC700001930393ADF806508DF80C400293CDE943
:10FC800004338DF80420FFF79BFF07B030BD00BFA1
:10FC90007523002074230020F0B51D4B87B00D465E
:10FCA000197816460446FEF779FB38B90146334603
:10FCB0002A462046FFF7A4FF07B0F0BD154B2046AB
:10FCC0001978FEF76BFB04F5807300284FF00701ED
:10FCD00098B214BF01270227FFF7E4F978B105288D
:10FCE0000DD00023CDE901330390CDE9043301A801
:10FCF0000723ADF806408DF80430FFF761FF334667
:10FD00002A4639462046FFF77BFF07B0F0BD00BF0B
:10FD10007523002074230020024B0A781978FEF71F
:10FD200059BB00BF72230020F8B5184C2378182B5C
:10FD300028D0174D2B78182B20D0164E3378182B3F
:10FD400018D0154F3B78182B10D02378182B0BD0D8
:10FD50002B78182B08D03378182B05D03B78182B2C
:10FD60000CBF03200020F8BD0320F8BDFEF70CFBFC
:10FD70003870EAE7FEF708FB3070E2E7FEF704FBB5
:10FD80002870DAE7FEF700FB2070D2E7732300202B
:10FD90007523002074230020722300202DE9F041F8
:10FDA0008AB00E4617460546FEF73EFA2022044664
:10FDB000002102A8E3F7D0FD012C10D054B1002E91
:10FDC0006AD1852102AB28460022FFF7F5FE0AB072
:10FDD000BDE8F08143F202000AB0BDE8F081DFF82F
:10FDE000D080002298F800102846FEF7F3FA002E83
:10FDF0005AD0284603F002FC4FF6FF73984229D1EF
:10FE00003378DA0758BF002139D505F5807080B204
:10FE10006B4601220721FFF7DDF81128D7D0002813
:10FE20003ED1014650220198E3F796FD01991F4A01
:10FE30000B4601F1180C03F8344B284605974F1C6C
:10FE400011310293CDE906C7099203F0EDFB48BBDF
:10FE5000014617E098F800102846FEF79FFA0028A0
:10FE6000CED12846FFF7B8FE98F800102846FEF7D6
:10FE700095FA0028C4D13378DB0715D485210B4BC4
:10FE800005970993012C9DD102AB32462846FFF716
:10FE900093FE0AB0BDE8F081284603F0AFFBAFE760
:10FEA000032094E7082092E78521EDE7743F0020C6
:10FEB0007223002038B50C460546FEF7B5F9012837
:10FEC0000AD13CB121462846FFF774FE042808BF3A
:10FED000112038BD204638BD43F2020038BD00BFB6
:10FEE0002DE9F0470388113B88B00446092B2ED832
:10FEF000DFE803F0522D05682D2D2D2DA1308088CF
:10FF0000FEF792F9012811D1227AA588BA4B12F096
:10FF1000010F08BF0226024618BF0126284619789D
:10FF2000FEF758FA31462846FFF78AFE34F8041FD8
:10FF30000434002303A805220594CDE90333CDE959
:10FF40000633ADF80E108DF80C20FFF739FE08B01F
:10FF5000BDE8F087A94B80881978FEF71FFA05469F
:10FF60000028F4D1A088FEF77BF9002800F0DA80A1
:10FF7000A14BA08819782A46FEF72CFAA388ADF881
:10FF80000E3003A802238DF814508DF815508DF80B
:10FF90000C30FFF715FEDAE7037A8588964A3D2B89
:10FFA000284641F23D03117814BF4FF488541C4693
:10FFB000FEF7F4F90028CAD0214628460022FFF7B0
:10FFC0006BFEC4E700F11006304603F065FB4FF608
:10FFD000FF7398420546074678D00146A08803F093
:10FFE00087FBA788844B384619780122FEF7F2F97F
:10FFF00038460021FFF724FE284601AA0721FEF714
:020000040004F6
:10000000E5FF002875D0002500231A462946A08860
:10001000FFF7D4FD08289AD0002840F08B80A37EFB
:10002000DB0794D5002D92D1A0882B4641F2060221
:10003000FFF7E6FD8BE7704B057A1978868875B176
:10004000427A304602F00304FEF7A8F900283FF494
:100050007EAF224629463046FFF71EFE77E72A4646
:100060003046FEF7B7F9637A13F004034CD006F577
:100070008077BFB2384601AB01220721FEF7AAFF05
:10008000804600285CD003AF072338460395CDF89F
:1000900014808DF80C30ADF80E600495CDE906554E
:1000A000FFF78EFD637AA1888DF8155013F0040FC9
:1000B0000CBF0222012202233846ADF80E108DF843
:1000C00014208DF80C30FFF77BFD40E7A08803F08B
:1000D00095FAB4F80480484B054619784046012249
:1000E000FEF778F940460021FFF7AAFDBD428AD00D
:1000F00082E7A37ED90786D5029D95F84430DA07BA
:1001000040F1B98034357FE7A288ADF80E2003A80E
:1001100002228DF815308DF80C208DF81420FFF791
:100120004FFD14E701460123A08841F20602FFF7C4
:1001300067FD0CE70590A188002303A80722FCE6D1
:10014000304603F05BFA4FF6FF739842054681464E
:100150001DD0C14638462A460721FEF7ADFF0346AB
:1001600000284FD1637AA288ADF80E2013F0040F57
:100170000CBF022101210222012303A88DF81410D3
:100180008DF80C208DF81530FFF71AFDDFE60146DB
:10019000029803F013FA4845054682465FD0DFF81F
:1001A00060A00146304603F0A3FA9AF800103046EA
:1001B000FEF7F4F881460028CBD13046FFF70CFD5E
:1001C0009AF800103046FEF7E9F80028C2D1637AA9
:1001D000A1888DF8150013F0040F0CBF0222012234
:1001E000022303A8ADF80E108DF814208DF80C3002
:1001F000FFF7E6FCABE600BF732300207523002069
:1002000072230020862803AF3ED04FF00008384606
:1002100005930723CDE90388CDE906888DF80C30D6
:10022000ADF80E60FFF7CCFC637AA1888DF81580DD
:1002300013F0040F0CBF0222012202233846ADF84E
:100240000E108DF814208DF80C30FFF7B9FCB9F1C1
:10025000000F3FF47CAE284603F054FA77E6FEF731
:10026000D3FC5045054632D02946304603F040FACB
:100270004FF001096EE7314605F1460003F0F2F94F
:1002800000287FF43FAFBEE6002338460622CDE9C2
:100290000333CDE9053307938DF80C20ADF80E60DC
:1002A000FFF78EFC637AA288ADF80E2013F0040FDE
:1002B0000CBF022101210222012338468DF81410BF
:1002C0008DF80C208DF81530FFF77AFC3FE603AF70
:1002D000042307223846CDE903880593ADF80E6064
:1002E000CDE906888DF80C20FFF76AFC637AA188B7
:1002F0008DF81580DAE600BF28B3027802F0820399
:10030000802B1ED0C2F30213042B1AD802F0F20382
:10031000322B16D0437881788B4212D8062B10D915
:1003200010290ED8C17810B411F0040405D1037956
:10033000580702D40B43190706D500205DF8044B7B
:10034000704700207047704703F00300D30703D5C0
:10035000003018BF0120F1E7B0FA80F04009EDE766
:1003600031F0080323D0112921D070B58AB00023C1
:100370000D29064615460C46CDE90533CDE9073370
:10038000099315D003F03AF90723ADF81660ADF8DC
:10039000180005AD8DF814300FCD6E460FC62B68D2
:1003A000336068460294FFF7E9F80AB070BD704701
:1003B00003F024F90323ADF81660ADF8180005AC7E
:1003C0008DF814300FCC6E460FC6236833607DB1B4
:1003D0002B7813F0010F0CBF0222012241F201130E
:1003E00068468DF80820ADF80A30FFF7C7F8DCE75B
:1003F0000222F3E72DE9F043244B8FB00025CDE92D
:100400000A551B68099309AC0746894694E807001A
:100410000DF1040888E807003846C4E90355C4E92B
:100420000155099503F0EAF80523ADF82800ADF869
:1004300026708DF824300FCC04AE0FC623683360CD
:1004400004A8CDF81890CDF81C80FFF797F8104B52
:1004500001991A683846FFF7A1FC0E4BA0F1110272
:10046000B2FA82F20446197838465209FDF7B2FF13
:10047000094B2A4619783846FDF7ACFF2146384625
:10048000019AFFF76DFF0FB0BDE8F083C03F002079
:10049000B43F002079230020782300200021FFF7BB
:1004A000A9BF00BF2DE9F04706468EB09046994699
:1004B0000D4600294DD1384B0A911B6809930B91C9
:1004C00009AC94E807000DF1040A8AE807003046F9
:1004D000C4E90355C4E90155099503F08FF80527D0
:1004E000ADF82800ADF826608DF824700FCC0DF122
:1004F000100CACE80F002368CDF81CA004A8CCF8C1
:100500000030FFF73BF8254BDDF804A01B785BB308
:10051000424651463046FFF7CDFC11280446204B99
:1005200027D0002219783046FDF754FF0B2C19D044
:1005300012D8BCB1082C15D00327B9F1000F04D094
:10054000524621463046FFF70BFF38460EB0BDE855
:10055000F0874FF0000ADBE70D2C03D043F20203D3
:100560009C42E9D12746E8E79DF80D30002BCFD11A
:10057000EBE7197801223046FDF72CFF094B2A469C
:1005800019783046FDF726FF074B4246197830466A
:10059000FDF720FF0027D0E7C03F002028430020C0
:1005A000782300207723002076230020094B70B5A4
:1005B00019780446FDF7F2FE074B054619782046E8
:1005C000FDF7ECFE2A46014601232046BDE87040B7
:1005D000FFF768BF762300207723002000293AD058
:1005E000F0B583B005460C46FDF724FE064670B311
:1005F000284603F003F8A6F102062378B6FA86F639
:100600004FF6FF72821A4FEA561618BF012266F3A0
:10061000000362F3C303237007462846FDF720FE5C
:10062000237860F3410323702846FDF72DFE2378DD
:1006300060F3820323702846FDF73AFE68B101207B
:10064000237860F304130020237003B0F0BD43F25D
:10065000020003B0F0BD0E2070472846FDF700FEF3
:100660000028EDD038466A460721FEF7AFFC20B9D6
:10067000019B93F84430DB07E1D40020E0E700BFA2
:1006800010B582B002ABE02203F8042D0C461946E7
:10069000FFF7A4FF22789DF8041030B932EA010375
:1006A0000CBF0120002002B010BD0023184602B08C
:1006B00010BD00BF30B50378052B83B0044614D0BD
:1006C000122B04D02046FEF759FF03B030BD184B63
:1006D00040881A687AB1FDF7C3FD014668B96088A1
:1006E0000A460123FFF7DEFEECE781684088FFF74A
:1006F00081FE03B030BD0121F3E7227A6088002536
:10070000C2F340012B4661F38203C2F3000161F39F
:10071000C303C2F3800202A962F3041301F8043D8B
:10072000FFF7AEFF80F00102D2B229466088D8E719
:10073000C03F002008B50378083BDBB20B2B06D87E
:10074000012202FA03F340F60F02134200D108BD62
:10075000064B074918780022FDF766FE054B06494F
:1007600018780022BDE80840FDF75EBE792300201E
:100770009D04040078230020AD05040010B5174C3B
:100780002378182B0DD0164C2378182B10D0154C2D
:100790002378182B13D0144C2378182B16D0002054
:1007A00010BDFDF7F1FD20700D4C2378182BEED114
:1007B000FDF7EAFD20700B4C2378182BEBD1FDF7E9
:1007C000E3FD2070084C2378182BE8D1FDF7DCFD01
:1007D0001828207008BF0320E1D110BD7823002025
:1007E00076230020772300207923002008B5FFF727
:1007F00077FB074B074918780022FDF715FE064BDB
:10080000064918780022BDE80840FDF70DBE00BF7C
:10081000792300209D04040078230020AD05040006
:1008200010B5044670B1FFF767FD88B1094B206829
:10083000186021790848094A197101210360117073
:10084000002010BD0449054A08600121117010BD47
:10085000072010BDB83F0020C03F002028430020E3
:10086000FFF75ABA00230A461946FFF71BBE00BF1E
:1008700010DF704711DF704710B582B004460C4995
:100880006846FDF707F8019B2BB90DE06846FDF7B8
:100890000BF8019B43B1D3E9002120469047002883
:1008A000F4D1112002B010BD002002B010BD00BF75
:1008B000A0AD040010B582B0044609496846FCF7B3
:1008C000E9FF019B4BB1D3E90021204690476846E0
:1008D000FCF7EAFF019B002BF5D102B010BD00BF71
:1008E000B8AD04000B4991F81623EC2352091341CB
:1008F000DB070BD5084B9A6822B11A6842F48002D4
:100900001A6070474FF480030B60704742F2020098
:1009100000F004BD00E100E03C430020F0B51B4DB9
:100920002C7883B01CBB1A4F012620463E70FFF77F
:10093000A3FF112818D02046FFF7BCFF02A8154BD3
:1009400000F8054D1B68019300F0F8FC124901A85E
:10095000FFF78EFFB0FA80F304465B099DF80300B1
:100960002B7000F011FD34B1204603B0F0BD082417
:10097000204603B0F0BD094B3C701C70FFF7B2FF7E
:100980003046FFF797FF204603B0F0BD2A43002012
:10099000294300209CAD040045DE02002B430020CB
:1009A000F0B51F4D2B7883B083B301231D4E18463D
:1009B0003370FFF761FF112824D00220FFF77AFF80
:1009C00002A8002700F8017D00F0B8FCFFF752FFF5
:1009D00004469DF807002F7000F0D6FC9CB9124B1E
:1009E00034709A68B2B9114B4FF48002C3F880207A
:1009F000BFF34F8FBFF36F8F0320FFF75BFF2046DE
:100A000003B0F0BD0024204603B0F0BD082420460A
:100A100003B0F0BD1A6822F480021A60ECE700BF50
:100A20002A430020294300203C43002000E100E04D
:100A3000054B1B7833B1054B1B780BB9FFF76EBF25
:100A4000FFF7AEBF08207047294300202A4300204B
:100A5000014B1878704700BF2A4300200B4B1B78CE
:100A600073B10B4B9A6862B90A4B4FF48002C3F81A
:100A70008020BFF34F8FBFF36F8F074B01221A7097
:100A800070471A6822F480021A60F6E72A430020B1
:100A90003C43002000E100E02B43002010B5084C4F
:100AA000237813B1074B1B7803B910BD064B4FF4E5
:100AB0008002C3F80021FFF715FF0023237010BD4B
:100AC0002B4300202A43002000E100E0034B1B7869
:100AD00013B1034B18787047012070472A43002058
:100AE0002B43002000B583B068460849FCF7D2FECE
:100AF000019B43B1D3E9002090476846FCF7D4FE40
:100B0000019B002BF6D103B05DF804FBACAD0400F3
:100B1000FFF7E8BF60DF704769DF704761DF70474C
:100B2000134B1B781BB330B5124D91B034240DF12B
:100B3000020103A8ADF80240FFF7F0FF88B929468B
:100B400001A8FCF7A7FE029B002BF0D0D3E90021FF
:100B500003A8904701A8FCF7A7FE029B002BF5D144
:100B6000E5E7052801D000F0D9FB11B030BD704792
:100B70002C430020C4AD0400002942D070B584B0DD
:100B80000023214A0A60CDE901330C46012501A961
:100B90008DF804000626202003938DF80650ADF84A
:100BA0000860FFF7B9FF01A9226801934020CDE951
:100BB00002338DF80550FFF7AFFF01A922680393B8
:100BC00028460425CDE901338DF80450FFF7A4FF32
:100BD0000DEB0501226802934FF4E465A120039315
:100BE0000195FFF799FF2268019301A90124A02034
:100BF000CDE902338DF80440FFF78EFF184604B0AC
:100C000070BD0E20704700BF4020002008B5FFF7E0
:100C100081FF10B9014B01221A7008BD2C4300203E
:100C20004BDF704710B5114C84B001A8FFF7F8FFF7
:100C3000A8B9214602A8FCF72DFE039B002BF4D097
:100C4000D3E900210198904702A8FCF72DFE039BF1
:100C5000002BF5D101A8FFF7E3FF0028E9D0052814
:100C600001D000F05BFB04B010BD00BFD0AD0400AC
:100C700000207047A8DF7047ADDF7047AEDF7047D8
:100C8000B0DF704762DF70473CDF70473DDF704781
:100C9000704700BFF8B10388112B17D010D9F0B5F9
:100CA000512B89B0044618D0532B07D1314DC2883F
:100CB000EB889A4202D12B7E002B44D109B0F0BDC3
:100CC000102B09D12B4B82889A807047294B818841
:100CD0009A88914233D070477047264D8388A88800
:100CE0009842EBD1A379022BE8D12189EA8891427D
:100CF000E4D1A27B043A022AE0D9002601AF02AA7D
:100D000069890293CDE90466CDE906668DF8103055
:100D10000397FFF7B1FFF0B140F2FD13ADF81430C7
:100D200004A9A888FFF7ACFF1128F9D0BDF814304A
:100D3000002BC3D104F1080000F046F9BEE74FF6DE
:100D4000FF729A80704700F0C9F90028B6D06B692D
:100D500002209847B2E73846FDF784FB0028DBD035
:100D60009DF81630ADF8146043F001038DF816308D
:100D7000D6E700BFC43F002030B5144B87B0DA88F7
:100D80008DF8050002248DF806109888ADF808202B
:100D900000230321CDF80A302025ADF80E300DEBED
:100DA000040201ABADF8021002A98DF804508DF8D1
:100DB0000A40CDE90423FFF761FF20B9BDF80230F6
:100DC000032B18BF0C2007B030BD00BFC43F00206C
:100DD00010B54FF0FF310020FFF758FF044608B16F
:100DE000204610BDB121FFF74FFF04460028F7D180
:100DF000044B01205B6998470220FCF7F3FC204676
:100E000010BD00BFC43F002030B51A4B05460FCBC4
:100E100087B002AC84E80F004DB32A68164B4FF63A
:100E2000FF7000215A6198801976EAB1124800F0EB
:100E300083F808B107B030BD06A94FF6596321F811
:100E4000143D012318460D4A8DF80630FFF712FFB6
:100E50000028EFD120460849FFF714FF0028E9D108
:100E6000054800F087F8E5E7054A5A61DEE70E20FD
:100E700007B030BDDCAD0400C43F0020C63F0020F9
:100E8000910C0400B2DF70474FF0020C00DF704796
:100E900010B50E4C2368BBB11A7EAAB10278082A9D
:100EA0000AD0092A10D1FFF793FF68B12368022006
:100EB0005B69BDE810401847027A012A04D11A691B
:100EC000013A1A61002AEED010BD00BF384300205D
:100ED00017490B6853B34B6843B370B50831984753
:100EE0000828044621D0134D2B6888B100221A76B9
:100EF0005A7606210120FFF73FFF18B12B68032027
:100F00005B6998472B6802205B69BDE87040184711
:100F10000121587619760846FFF72EFF28B12B6875
:100F200003205B6998472B681C7670BD704700BF33
:100F30002040002038430020034620B1034A0448E3
:100F40001360FEF773BB0E20704700BF38430020CC
:100F5000910E040008B501F0B1FD00B108BD0448D0
:100F6000FFF792FF0028F9D1BDE8084001F0B6BDB7
:100F70002040002030B589B004461E2200210DF12A
:100F80000200E2F7E9FC2246608812F8063B8DF881
:100F90000230042528240123ADF800508DF80D40BF
:100FA0006946032417258DF810308DF80C308DF824
:100FB0001130ADF804508DF813408DF81240FDF754
:100FC00055FA09B030BD00BF2DE9F042047B012C79
:100FD00096B01FD13E4D2F68797E064659BB02A8B8
:100FE0005022E2F7B9FCB88801A9FEF769FB48B9BD
:100FF000BDF804004FF6FF73984265D002A9FEF7D2
:101000007BFB18B31128347B1ED00F2814BF04219A
:10101000072101E02E4D02212046FFF7ADFE18B159
:101020002B6803205B6998472B6802205B6998470F
:1010300016B0BDE8F08220460621FFF79DFE00288D
:10104000F6D01128347BE0D10621E5E70DF1580CEC
:10105000204F5CF84F0DDCF80410DCF80820DCF8B9
:101060000C30BCF814900FC70DF13C0EDCF81000EA
:101070003860BEE80F009CF816C087F806C007F17C
:10108000080CA7F80490ACE80F009EE8070016AB28
:101090008CE80700082223F8522D2A6807F1240162
:1010A00090881A462346FFF7EDFE0028AAD10A4988
:1010B000A7F1140051F8083B98470028A2D12B68EB
:1010C0005C7616B0BDE8F082347B0721A4E700BF50
:1010D00038430020E43F00202040002010B5064C9B
:1010E000236800205B6998472468FEF7A7F8206111
:1010F00002F08CF9002010BD38430020A8DF7047B3
:10110000F0B5074689B014461E460D46E9B114B93C
:10111000204600F003F91E2200210DF10200E2F743
:101120001BFC0C4B0E9A1888ADF800700223694620
:10113000ADF80440ADF8064002958DF811608DF8C9
:101140000D30FDF793F909B0F0BD084600F0E6F860
:10115000DDE700BF0443002070B586B006A941F664
:101160000A0321F80C3D01230446624A8DF80E3033
:101170001846FFF7C3FF0546002869D12288002AD8
:1011800069D12289002A40F08D80228A002A40F00D
:101190009680228B002A40F09F80228C002A69D101
:1011A000228D002A72D1236B1BB3D3E90021160ACA
:1011B000100C8DF81410110E8DF811608DF81020A0
:1011C0008DF812008DF8131099684B4A94F83C3052
:1011D0008DF81510080A0E0C00928DF816000822E2
:1011E00004A942F623208DF81760FFF789FF002835
:1011F0003CD1616B51B141480A7994F83C3009689F
:10120000009042F62A20FFF77BFF78BBA26BFAB171
:1012100013788DF8103053888DF811301B0A8DF833
:10122000123093888DF813301B0A8DF8143094F81F
:101230003C30D488324A0092250A072204A942F69B
:1012400050208DF816508DF81540FFF759FF0546D0
:10125000284606B070BD2B4894F83C306168009079
:1012600042F62920FFF74CFF00288AD00546284681
:1012700006B070BD244894F83C30616A009042F694
:101280002620FFF73DFF00288AD0EFE71F4894F89B
:101290003C30E16A009042F62820FFF731FF002839
:1012A00081D0E3E71A4894F83C30E168009042F6B8
:1012B0002420FFF725FF00283FF467AFD6E7154845
:1012C00094F83C306169009042F62520FFF718FF42
:1012D00000283FF45EAFC9E70F4894F83C30E1695D
:1012E000009042F62720FFF70BFF00283FF455AF90
:1012F0000546BCE7044300206C4000205440002019
:101300004C4000203C4000202C4000206440002045
:10131000444000205C4000203440002000B585B0EF
:1013200000230390194601AA44F20100CDE90133DC
:10133000ECF788FD05B05DF804FB00BF70B4EFF377
:10134000108472B60D4B9A68AAB90D490D4E01254D
:101350009D60D1F8805035401D60C1F88060D1F8A3
:1013600084505D604FF0FF33C1F88430027004B9DF
:1013700062B670BC704701230370F8E73C4300205D
:1013800000E100E0FC06FFBD094B9A687AB170B934
:1013900010B4EFF3108172B6064A1C6814605C68E2
:1013A0005460986001B962B65DF8044B70477047AD
:1013B0003C43002000E100E070B50A4C0A48626836
:1013C00086885388016882B0033300209BB2009066
:1013D00003259B0001EB86010448257001F078F994
:1013E00002B070BD9840002064410020A42300207A
:1013F000014608B50548FCF7A9F9002202604260E1
:101400008260C26002614261826108BD5041002079
:101410001D4B0A6800EB800003EB80035B6803F55B
:10142000805072B35388033302EB8302824217D297
:101430001368013314D05388033302EB83039842BB
:101440000ED330B44FF6FF759488AC420AD014889E
:1014500044B19468013405D001200A6030BC704763
:1014600000207047984209D91A6801321A4605D0FF
:101470005C88033403EB84039842E5D2002030BC3F
:10148000704703F10802D1E7B0400020F0B5426890
:1014900083B01AB11F4BDC68A2421FD200270E4650
:1014A00005460F800197002005E0019B2A689C6893
:1014B00094420DD0308801A9FFF7AAFF0028F4D18B
:1014C000338801339BB23380002BEBD003B0F0BDE7
:1014D000114A6B6013892B8103B0F0BD1B699A42DE
:1014E000DCD812F00303D9D10B4C05892489A5421D
:1014F000D4D105689468A542D0D10848406882429A
:1015000006D900F58050824202D20B800120DDE72F
:101510001846DBE7A423002098400020B0400020BC
:101520002DE9F0419C8854B9DFF8648017460E46D7
:1015300005461C4698F8000058B10123A38048F2E4
:101540000960BDE8F08186B11988328891420CD0DB
:10155000A0882146FFF75CFF80B12368002DF2D000
:1015600099882A889142EED0F2E708499A68098959
:101570003981C7E900230020BDE8F081A3882060FD
:1015800001339BB2A380002BD4D0D8E79840002031
:10159000B040002030B40E4C0E4A638803EB830346
:1015A00002EB8302D3685BB10B4B0C481968022233
:1015B00005259A8025700023012230BC01F0BCB8BB
:1015C0000425516825700548012230BC01F0B4B8EB
:1015D00098400020B040002064410020A423002057
:1015E00008B5074B191D5888FFF712FF18B9BDE859
:1015F0000840FFF7CFBFBDE80840FFF7DDBE00BFE2
:10160000984000202DE9F04FDFF88083DFF880A3B9
:10161000DFF880B3DFF880938BB00546D8F8004040
:10162000002C00F0898023785A1E052A60D8DFE854
:1016300002F05237371C1C03002D40F0B88099F897
:101640000B2099F80030002A00F03781013B89F81F
:101650000B50062B00F2A482DFE813F034038C0257
:10166000AF01C401A2028F027202002D40F01C8162
:101670002779012F00F05581C0F02C8105AE022F93
:101680000595C6E90255356140F09E802846023B2B
:101690000690042B35D8DFE803F07E6A5E5793008E
:1016A000A68AA07D002D40F0E080B700AD4DB919AD
:1016B00005EB8101B1F808C04A6802EB8C020628EC
:1016C00000F2D282DFE810F01702C201D301E80174
:1016D000FC019101B701002D40F0BB802279032A63
:1016E00000F29580DFE812F0A9005A019E00730015
:1016F000002305AEC6E9033348F20E62B3600593DA
:101700000692994C04F1100554F8043B304603B19D
:101710009847A542F8D1514600255846C8F80050D0
:10172000FCF738F80121914800F0B2FF00287FF45F
:1017300075AF0BB0BDE8F08F51465846FCF720F866
:101740000446C8F800006EE7E388ADF820300423B3
:101750008DF81430D5E70323E18822898DF8143001
:10176000E3680793ADF82010ADF82220C9E7A37D08
:101770002289A088E168ADF82020A3F10603B3FA1E
:1017800083F35B0902228DF82430ADF82200079123
:101790008DF81420B5E701232189A2888DF8143033
:1017A000E3680793ADF82010ADF82220A9E705AE55
:1017B0000023B3600593C6E903334FF40643069351
:1017C00005238DF814309CE748F20E605FE7684E01
:1017D000684A31686848634D0027277108230097DD
:1017E00000F076FFB9F802303468B18803EB830368
:1017F00005EB830205F823705368336002235460BD
:101800001181B380002894D0D8F8004023785B4938
:1018100005AE00224A600592C6E90222326148F212
:101820000D6034E7524A54481168002323710224A2
:101830009480012200F080FFE4E74D4B504A196884
:101840004D480123237100230093082300F040FF3B
:10185000D8E705AE494A002353600593C6E9023331
:1018600033614FF4064306934BE70228E28876D9AA
:10187000B7003C4DB81905EB8000D11CB0F808C08A
:10188000614401813E4405EB8605C2F57F426989CA
:1018900005AEFD320A4400216A81B1600591C6E9B6
:1018A00003114FF40640F2E605AE0022B260059245
:1018B000C6E903224FF40640E9E6072B00F2C08197
:1018C000DFE813F07701BE01BE014D01AD013E011D
:1018D0003E01A701022305AE23713046E36805935C
:1018E0000DF1120106950795FFF7D0FD002800F0D5
:1018F0001D810699234A8B88E3800B8823811E482B
:1019000000950423BDF8124000F0E2FE002840F0EC
:10191000D481144B04EB840403EB8404012323746B
:1019200007E7164B1B78002B00F0F38005AE164B33
:1019300032462946A01DFFF7F3FD002800F0C581BF
:1019400048F20963104A9842C2E900553DD1C6E900
:101950000055C6E9025535612846237897E6014DC2
:10196000B7008FE7B0400020804000206041002099
:1019700064410020F0AD0400A4230020904000202A
:10198000F8AD0400ECAD040070410020AC40002034
:10199000A44000205041002098400020B44D2B78F6
:1019A000022B40F0778100236968B24A0093B24865
:1019B0002B70082300F08CFE24E7FFF7FDFC0028C5
:1019C0003FF4B7AED8F8004005AE002241F61D51F5
:1019D00023783261C6E90022C6E90222884208BFA4
:1019E000104654E6FFF7D6FDE9E7A44BA44A1B884E
:1019F00003934FF0060C0023516884F816C0A14AE7
:101A000000939D48042300F063FE002800F04D8100
:101A1000A27DE388022A48F20D600FD83E4405EB10
:101A20008605C3F57F436A89D8F80040FD33134427
:101A30006B8105AEC9E7E38841F61D50B91905EB86
:101A40008101DA1C0C8922440A81E7E7032B0CBFD1
:101A5000052306230020A375111D0090042304F123
:101A60000802854800F034FE0028D1D161E62369E0
:101A70008148002B14BF032301234FF0000CA375F2
:101A800002F108010423CDF800C004F10C0200F0BB
:101A90001FFE0028BCD14CE6E38877484FF0010CCC
:101AA00084F816C04FF0000C02F10C019B00226973
:101AB000CDF800C000F00CFE00283FF43AAEA7E7D6
:101AC0006F4BA0690392186000226C495A60184657
:101AD000FFF7DCFC039A002800F009810223A375BC
:101AE00011460423002200926348E21800F0F0FD42
:101AF00000288DD11DE602230020A3750423114682
:101B00000090E2185C4800F0E3FD00283FF411AEBD
:101B10007EE75D4B0595C3E9005505AE237848F295
:101B20000160C6E90155C6E90355B0E548F2096010
:101B30000023C6E90033C6E9023333612378A6E502
:101B4000524B534A19684C48002300930724C9F8A4
:101B50000430082389F8004000F0BAFD2FE74B4A13
:101B6000D9F804109388498803330B4402219380E9
:101B700089F80010FFF734FD21E7B9F802203C4D49
:101B80009300134405EB830500236968394A0093E9
:101B900006240823384889F8004000F099FD0EE734
:101BA00005AE0023B3600593C6E9033348F20E6324
:101BB00005E62F4DB9F808202B780132B3FA83F3EC
:101BC00000215B09A9F80820012289F80A30A9F848
:101BD000021089F80B1089F800204BB1244DEB68F6
:101BE000002289F80A201BB92A7C002A40F089804B
:101BF00005AED8F800400020706089F80000A9F810
:101C00000200C9F804000590C6E90200306123789B
:101C10003DE5012389F8003099F80A30DDE7B9F88D
:101C20000220134D19489300991805EB81010468AF
:101C30004F6886884C60022407600E818480A0E78C
:101C4000013B062BACD801A252F823F0C51C0400BE
:101C5000751B0400BB190400E5190400A11B040056
:101C60007B1B0400411B0400E38848F20E60E5E69C
:101C7000B0400020F0AD0400A42300200643002063
:101C800074400020ECAD040070410020644100204D
:101C9000F8AD04001D4A05AE012313700023536004
:101CA0000593C6E902333361DDE5039B03EB830B48
:101CB00005EB8B0501232B743BE5D8F8004048F277
:101CC0000D6035E799F80A3087E7114C00950699C1
:101CD000104A1148A488042300F0FAFC0028ECD133
:101CE0000E4B04EB840403EB8404277421E505AE5A
:101CF0000590C6E90100C6E90300237848F20960AF
:101D0000C5E4A9F80230FFF76BFC58E690400020CC
:101D100070410020ECAD0400A4230020B04000205E
:101D20004068FFF76FBC00BF08B50121044800F010
:101D300097FC00B108BDBDE80840FFF763BC00BFD9
:101D4000604100202DE9F0474E4C247882B0002CF1
:101D50004FD0002969D00D884FF6FF74A54243D0BB
:101D60004C88002C40D04C68A40763D1002A45D091
:101D7000B2F800905788804601A81E460C46FFF72F
:101D800037FB054600285DD0636803614FF0000A09
:101D90000670A0F8149080F816A001213A4800F0CF
:101DA0006BFC22886388AB80032EE8602A81EF8079
:101DB00058D0A5F80AA001A93448FBF7D1FCB8F126
:101DC000000F0BD0324AEB681289C8F800300023AC
:101DD000A8F80820C8F8043088F80A30FFF7A4FFF4
:101DE000002002B0BDE8F08748F2036002B0BDE811
:101DF000F08748F2016002B0BDE8F0870F89FA1C55
:101E000092B240F2FE34A24219D8224D2E78B6BBCF
:101E1000B5F80AC02C8964441444A4B2B4F5806FA8
:101E20002DD862446A81B146A5E748F2046002B049
:101E3000BDE8F08748F2026002B0BDE8F08748F2E2
:101E40000860D3E7134B09EB890903EB8909C7F550
:101E50007F47B9F80A30FD371F44A9F80A7048F2E5
:101E60000760C3E7D8F80030AB610422AA750DEB18
:101E70000201A5F80AA00548FBF772FCA2E748F2A8
:101E80000660B3E790400020A840002050410020A9
:101E900098400020B04000208368F0B501334FF037
:101EA00002040C8015D01B4F00F580554FF6FF76CD
:101EB00008304FF0010CB0F802E00EF1030400EB23
:101EC0008404A54206D20AB1012313704FF4806343
:101ED0000B80F0BD8388B34216D00388A3B183681A
:101EE0005C1C11D03C689C4200D23B600B880333E1
:101EF00073440B804388033300EB83008542E8D9A9
:101F000003680133D7D1F0BD002AEFD082F800C0BA
:101F1000ECE700BFA840002038B5094B1A68042A36
:101F20000AD01D68074C02460121184644F82520B6
:101F300000F0A2FB002038BD48F20B6038BD00BFA6
:101F40006C410020804000202DE9F04F9B4C89B06F
:101F500022780023CDE90333CDE90533079372B12D
:101F6000974C04F1100554F8043B03A803B19847BB
:101F7000A542F8D10025284609B0BDE8F08F201D04
:101F800002F0FF0600F090FB07460028F2D140F671
:101F9000F8731B685D1C00F09D804FF08052116942
:101FA0005269DFF848828749C8F810304046A3F5E7
:101FB00000530022C8F80C3000F082FB05460028D0
:101FC000D9D11C238C2280498048FBF785FBA94688
:101FD0004FF0020BAA46D8F80C3019EB030C59F855
:101FE00003204CD07A4B9A4200F0828001324BD0D1
:101FF00078480AEB8A0300EB830203210BF1FF3BD5
:102000000AF1010A00F823101FFA8BFB1FFA8AFA63
:10201000C2F804C009F58059B9F5005FDBD1BBF106
:10202000010F62D9FFB2022F5FD0062F00F091801E
:10203000002F5AD002A8FFF7DBF9002800F0BA8081
:102040000123013F03700A2F09D8DFE807F01208C7
:1020500012080F080F08150615000223037102A9C4
:102060005A48FBF77DFBFFF75FFE84E7012303710E
:10207000F5E700230371F2E703230371EFE7531C35
:1020800002D0534B9A42B3D10CF104030CF58051AA
:102090001A68013203F10403AAD19942F8D14E4BD8
:1020A0001A68002A7ED04B4ADFF838E10AEB8A032F
:1020B00002EB830110460222C1F804C00A8100F835
:1020C00023200AF10101AEF802A01FFA81FA47F0BD
:1020D00001079FE7414B4FF080521B68116952691D
:1020E000581C08BF02FB01F35BE748F20A6542E7B0
:1020F000DCF804303A498B423AD001318B42BED1F0
:10210000002E55D0374A344BA2F802A0314A196844
:1021100001910AEB8A0E02EB8E010846022102F8B9
:102120002E1002460AF1010A0198506011811FFA2F
:102130008AFA604600222C49C3F800C00193FFF7D9
:10214000ABFE019B9B88022B14BF082304231F4373
:1021500060E71B4D01220023227005F11006636029
:1021600055F8043B03A803B19847B542F8D101E7FD
:102170000AEB8A0217489300002100F8221001465A
:10218000184403F1100208330A44C0F804C019448B
:1021900060460AF1010AFFF77FFE47F002071FFAC7
:1021A0008AFA37E70222C3F800C09A8001268EE738
:1021B000094BBEE748F20765DDE600BF904000200E
:1021C000804000200CAE0400C4400020504100209C
:1021D000DEC0ADDEB04000206441002014100010CD
:1021E000FE011EF19840002068410020A423002039
:1021F00010B309B370B582B00C460DF10601054667
:10220000FFF744F9A0B1BDF806000D4B6E6800EB76
:10221000800003EB800001210C3000F02DFA6B6888
:1022200026600C33012200206360AA7202B070BDE8
:1022300048F2096002B070BD48F20460704700BF08
:10224000B0400020F0B110B582B00DF10601044697
:10225000FFF71CF990B1BDF806300E4A03EB83037B
:1022600002EB8303DA6882B1A27A72B1DA680021E4
:10227000013A0846DA60A17202B010BD48F2096066
:1022800002B010BD48F20460704748F2056002B029
:1022900010BD00BFB040002002230022FFF752BD56
:1022A00018B103230022FFF74DBD48F204607047C8
:1022B000124B1B78DBB14FF6FF73984214D010B568
:1022C00082B0044601A8FFF793F898B105220123D4
:1022D00002700371C48001A90948FBF741FAFFF7B6
:1022E00023FD002002B010BD48F20360704748F2A1
:1022F0000160704748F2076002B010BD90400020B6
:1023000050410020114B1B78A3B100B583B001A848
:10231000FFF76EF8A0B10623037001A90C48FBF784
:102320001FFA0C4B1A7842B9FFF7FEFC002003B0ED
:102330005DF804FB48F2016070470122DA72F3E7AE
:1023400048F2076003B05DF804FB00BF9040002036
:10235000504100209840002010B50C4C82B0ADF8E0
:1023600006002078ADF8041060B13AB133B101A98C
:102370000DF10600FFF7D4F802B010BD48F204607A
:1023800002B010BD48F2016002B010BD90400020C4
:1023900000B50E4B83B01B78ADF8060083B151B188
:1023A0004AB1134600200A460DF10601FFF7B8F8BE
:1023B00003B05DF804FB48F2046003B05DF804FB71
:1023C00048F2016003B05DF804FB00BF90400020BC
:1023D00000B50E4B83B01B78ADF8060083B151B148
:1023E0004AB113460DF106000A460021FFF798F89E
:1023F00003B05DF804FB48F2046003B05DF804FB31
:1024000048F2016003B05DF804FB00BF904000207B
:1024100020B119B103680B600020704748F20460D6
:10242000704700BF3F4B1B78002B6ED000286FD049
:10243000F0B43D490025C0F80250C0F80650C0F87D
:102440000A504E890B894C68C0F80E503344022262
:102450009BB202801CB1354A256895425BD00122AF
:102460000280CD6802894188478932440D448689BB
:102470000281C3F5806189B2A26845808E423B44E7
:1024800038BF81810132438104F5805104F1080392
:102490002BD06289033203EB820291421BD34FF6A9
:1024A000FF759A88AA4223D01A880AB39A68013223
:1024B0001ED08288013282805A88033203EB820365
:1024C000994212D91A6801320FD05A88033203EBAD
:1024D00082029142E5D2C489C288CB1A04EBA303DD
:1024E00001320121C381C28001740020F0BC704719
:1024F000C488C2890134C4805C8803322244C2810A
:102500005A88033203EB8203DAE748F2016070472E
:1025100048F2046070476568054A2A44012AA0D938
:102520009DE700BF90400020B0400020DEC0ADDE3F
:1025300002FEE10E01F01F024B09012100EB8300B6
:10254000914000F075B800BF10B5012301F01F04E1
:10255000490900EB810003FA04F100F05DF8E04066
:1025600000F0010010BD00BF01F01F020123490966
:10257000934000EB8100D94300F066B84B0901F0AD
:102580001F0150F82300C84000F00100704700BF51
:102590002DE9F84301F1FF384FEA581300F1040820
:1025A0000F46064608EB83080446002523686FEAB9
:1025B000030999FAA9F9B9FA89F9B9F1200F18D0E4
:1025C000A9444F450CD814E02368DB4393FAA3F3E6
:1025D000B3FA83F3202B05EB03090AD04F4508D942
:1025E00049463046FFF7B0FF0028EDD14846BDE828
:1025F000F8830434444505F12005D7D1B94648464F
:10260000BDE8F88350E8002F0B4640E8003C9CF002
:10261000000FF7D11046704750E8002F42EA01033F
:1026200040E8003C9CF0000FF6D11046704700BF18
:1026300050E8003F43EA010240E8002C9CF0000F04
:10264000F6D11046704700BF50E8003F03EA010290
:1026500040E8002C9CF0000FF6D11046704700BFF8
:1026600050E8002F02EB010340E8003C9CF0000F13
:10267000F6D11046704700BF50E8003F03EB01025F
:1026800040E8002C9CF0000FF6D11046704700BFC8
:1026900050E8003FA3EB010240E8002C9CF0000F43
:1026A000F6D11046704700BF012350E800CF4CEA36
:1026B000030240E8002191F0000FF6D16046704718
:1026C00020B119B101600B68114618470E20704700
:1026D00050B32DE9F0414AB3D0F800E0BEF1000F4D
:1026E00027D01D4673B14768D7F80480B3FBF8F7CD
:1026F00008FB173737B942EA0104A40705D01020B8
:10270000BDE8F0810920BDE8F081C468A142F6D39C
:1027100001F1FF3C04696544A542F0D8DEF80C40A5
:10272000A446BDE8F04160470E2070470E20BDE88A
:10273000F0810820BDE8F08100B3D0F800C0F0B50A
:10274000BCF1000F1CD0AAB14768D7F800E00EF129
:10275000FF370F4210D1C768B9420DD34D1E04692F
:102760000EFB0255A54207D8DCF81040A446BDE890
:10277000F04060470920F0BD1020F0BD0E207047EA
:102780000820F0BD29DF704728DF704703689A688A
:1027900032B330B50479856887B000230191029384
:1027A0000093CDE9033305956CB1012C07D1C368C3
:1027B000416904911B03022102938DF800106846C1
:1027C000904707B030BDD0E9031443690493012555
:1027D0008DF80050CDE902416846904707B030BD02
:1027E000704700BF0846704700207047024B187AB8
:1027F000003018BF0120704714420020034B187AA4
:102800000122B0FA80F05A74400970471442002047
:1028100008B510461A46DFF70DFF002008BD00BFBF
:1028200010B5064B06480024C3E90044C3E902443E
:102830001C61FAF769FF204610BD00BF144200205A
:102840000442002010B5094C094B43602046FFF7B5
:102850002BFF40B9FEF7FCF81C2320748C2205499D
:102860000548FAF739FF002010BD00BF14420020D0
:1028700000AE0400784100200442002038B5254C09
:10288000237AFBB1244B1B681A790221217222B3EF
:10289000012A0AD1D3E903021044FFF775FF80B380
:1028A000112802D10123237238BD18460321FFF7F6
:1028B0006DFF00232372636018491948BDE8384052
:1028C000FAF768BF15491648FAF75AFF124A034645
:1028D00010600028D8D1606038BDD3E90525521BAF
:1028E000B2F5805F28BF4FF48052D3E903109208FD
:1028F000012A38BF012229442844FFF743FF00285A
:10290000CED1237C002BCFD10220BDE8384000F08F
:1029100009B800BF144200202C42002028420020A9
:102920000442002010B5234C237AA3B1022B08D116
:10293000022811D0032804D1E3680133082B1CD8E6
:10294000E360637C1BB1BDE81040FEF771B8BDE8E1
:102950001040FFF793BF10BD174B18680379002292
:10296000E260D3B1012BECD1D0E9043201339342C0
:102970000361E6D10021217205E00F4A00231068AF
:10298000E36023720D21FFF701FF0C490C48FAF7B1
:1029900001FF637C002BD6D1D9E7D0E90523D11AFA
:1029A000B1F5805F94BF5B1803F580539A42836151
:1029B000C7D1DFE7144200202C420020284200202B
:1029C00004420020831E012B00D97047FFF7AABFE5
:1029D00000F0FD03012B00D07047A0F10100044B73
:1029E000B0FA80F04009002218745A74FFF746BF0D
:1029F0001442002010B5064C201DFFF755FE08B903
:102A0000637C03B110BDBDE81040FFF737BF00BFC6
:102A1000144200202DE9F04383B081460D46114851
:102A200001A917469846FAF791FEB0B10024012398
:102A30002D0B446001A9037104618461C560C0F875
:102A40000090C0F8088047610648FAF789FEFFF752
:102A5000D1FF204603B0BDE8F083042003B0BDE8F9
:102A6000F08300BF044200202DE9F04182B080468F
:102A70000F46104801A916461D46FAF767FEA0B199
:102A80000024089B83604460C0F80080C0E90367AD
:102A9000456101A9846104710648FAF761FEFFF7F8
:102AA000A9FF204602B0BDE8F081042002B0BDE8D5
:102AB000F08100BF0442002013DF704740F6F87336
:102AC0001868421C01D0FFF7F7BF034B1868431C7E
:102AD000F9D10420704700BF141000100148FFF71F
:102AE000EBBF00BF00C00100A0DF7047A1DF70474F
:102AF000ADDF7047B3DF7047B4DF704710B50446F1
:102B0000408800F07BFDA0802046BDE81040FCF727
:102B10004BBD00BF70B54FF6FF728AB000249042E3
:102B2000CDE90044CDE902440494ADF8020001D19E
:102B30000AB070BD054600F027FC0B28064629D0D8
:102B40000FD911280BD043F20203984212D122462A
:102B5000144B28461978FBF73DFC0AB070BD0122E2
:102B6000F6E738B90E2368468DF80030FFF7C6FF48
:102B70003246EDE70024072305A8CDE90544079672
:102B8000ADF81650CDE908448DF81430FFF7B6FFC4
:102B90002246DDE70F2368468DF80030FFF7AEFFD1
:102BA0002246D5E730430020FFF7B4BF2DE9F047B8
:102BB0004A4E88B031780546FBF7F0FB10B108B0FB
:102BC000BDE8F0870446284600F044FC082839D0C8
:102BD00017D8002863D006281DD1284600F00EFD26
:102BE00000F054FC00273E4B3A4619782846FBF784
:102BF000F1FB224631782846FBF7ECFB08B0BDE834
:102C0000F08743F20203984215D043F20143984201
:102C100013D011280FD00023CDE903330590CDE95F
:102C2000063303A80723ADF80E508DF80C300127AA
:102C3000FFF764FFD7E70127D5E72846FFF76AFFCC
:102C40000127D0E70DF10600FFF754FFBDF806306D
:102C5000012BC2D9274601230DF108084FF00209C4
:102C600042F6021A07E0524529D00133BDF806208A
:102C70009BB29A42B1D9414600221846CDE9039849
:102C8000FFF73AFF42F605210028A6D1BDF808203B
:102C9000002FE8D1571AB7FA87F77F09E5E7CDE9A2
:102CA0000344CDE9054407941023012403A8ADF89B
:102CB0000E508DF80C302746FFF720FF93E719469A
:102CC00003AA01AB28460493FFF712FF002884D122
:102CD000BDF80430002B80D085E700BF33430020CF
:102CE0003243002010B582B0044600F087FC002378
:102CF0006A460921FBF7D0FE052801D002B010BDBD
:102D0000034B204619780122FBF764FB02B010BD8B
:102D10002E43002030B50E4B83B002AA1B6842F848
:102D2000043D42F6A624002501236946ADF8025071
:102D3000ADF800408DF802300446FFF7D5FE28B903
:102D400004491A4620460978FBF744FB03B030BD1E
:102D50002CAE04002D43002030B5012187B005467C
:102D60002648FFF74FFCBFF35F8F08B107B030BDB7
:102D70000446284600F0BAFA112803461BD012D99F
:102D800086282ED043F2020290421BD11C4B2246D1
:102D900028461978FBF71EFBBFF35F8F174B002205
:102DA0001A6007B030BD68B915490246097828464F
:102DB000FBF710FBDAE7124B284619780122FBF7E4
:102DC00009FBE9E70024CDE904440722CDE90144E9
:102DD00001A80393ADF806508DF80420FFF78EFE8E
:102DE000D4E70623CDE9014401A8ADF80650CDE9AA
:102DF000034405948DF80430F0E700BF3042002012
:102E00003143002038B5037803B138BD044640880B
:102E1000FFF780FE6588284600F006FB28B10C4BC2
:102E2000284619780122FBF7D5FA6088FFF75AFF88
:102E3000084B094918780022FBF7F6FA02460028E9
:102E4000E3D1064B06491878BDE83840FBF7ECBAE9
:102E50003243002031430020592D04002E4300202E
:102E6000152D0400F0B50378082B83B00ED0294C43
:102E7000207829490022FBF7D7FA024620B9274BD0
:102E800027491878FBF7D0FA03B0F0BD437A04461F
:102E9000002BECD1057A072D22D0082D31D0012D41
:102EA000E5D16A4629468088FCF790F80646002856
:102EB000DDD1019B1B78002BD9D0A08800F010FC3D
:102EC0004FF6FF739842D2D0164F124C39782A46EB
:102ED000FBF780FA324638781349FBF7A5FAC7E7C3
:102EE00080880C4C00F0FCFB4FF6FF7398420546BF
:102EF000BED001222178FBF76DFA2846FFF7F2FEDB
:102F0000B6E70A4A11680129B1D1BFF35F8F014CBE
:102F10001360ADE731430020592D04002E430020FB
:102F2000152D040032430020AD2B04003042002058
:102F30002DE9F843FBF728FA1E4C1F4D2070FBF7D4
:102F400023FA2870FBF720FA1C4E1D4F3070FBF758
:102F50001BFA3870FBF718FADFF87080DFF8709012
:102F600088F80000FBF710FA89F80000FBF70CFA6C
:102F70002378144A182B107019D02B78182B16D0E0
:102F80003378182B13D03B78182B10D098F80030DA
:102F9000182B0CD099F80030182B08D0182806D020
:102FA000094B00201860BFF35F8FBDE8F883032052
:102FB000BDE8F88331430020304300203243002035
:102FC000334300202F430020304200202E430020B6
:102FD0002D43002070B5114B82B0002422460D46CF
:102FE00001261978CDF802400923ADF800608DF86C
:102FF00002300646ADF80640FBF7ECF9084B0949EC
:103000003046A54208BF1946019100F0F7FA224662
:103010006946FBF7B1FD02B070BD00BF2E43002032
:1030200030AE040034AE040070B503888588353BAB
:1030300086B004461F2B23D8DFE803F0521022226B
:103040002222222222222222222222222222222260
:10305000222222222222226722862230494E28461C
:103060003178FBF79BF958B1317800222846FBF7FD
:10307000B1F9E18800296CD000212846FFF7AAFFAA
:10308000414C424B424918780022FBF7CDF9207899
:1030900040490022FBF7C8F906B070BD0026112395
:1030A0002846CDE90166CDE903668DF80430ADF818
:1030B0000650059600F0A2FAADF8080000F0E6F917
:1030C000354B314C197832462846FBF783F92846B0
:1030D00032462178FBF77EF901A8FFF70FFDD0E714
:1030E0002E4E28463178FBF759F90028C8D0002227
:1030F00031782846FBF76EF9E288002A31D028465D
:103100000021FFF767FF204CBBE7037B012BB7D102
:10311000827A012AB4D1018942F602139942AFD1D1
:103120001F4C28462178FBF755F9002220781D49CD
:10313000FBF77AF902460028A2D11B4B1B491878ED
:10314000114CFBF771F99CE72846FFF7E3FC0E4CA6
:1031500097E7E389012B90D1217C003118BF012131
:103160008BE7A389012BCAD1E1892846FFF7BEFC72
:103170000028C4D1034A044C117828461A46FBF7AC
:1031800029F97EE72F4300203243002030430020FE
:10319000A92B0400AD2B0400334300202D43002055
:1031A00031430020592D04002E430020152D04002A
:1031B0002DE9F0418CB000F029F901A8FBF7C4F823
:1031C000019EDFF85480DEB100244FF6FF7703E064
:1031D0000134A4B2B44213D20CAB03EB440333F872
:1031E000285C284600F00AFAB842F1D1013428469A
:1031F000012298F80010A4B2FBF7ECF8B442EBD32C
:1032000098F80000034900220CB0BDE8F041FBF73C
:103210000BB900BFAD2B040032430020AFDF704775
:10322000B1DF7047B2DF7047B3DF704710B50446B7
:10323000808800F055FA60802046BDE81040FCF719
:10324000C7B900BF70B51D4B1D4C93E80300238820
:1032500088B04FF6FF7501AEAB4286E8030007D198
:1032600022E02088FBF7E2FCA842034620801BD026
:10327000184600223146FBF77FFC03460028F0D0B9
:103280000022218807921128CDE90322CDE90522E9
:10329000ADF8101008D0862B03A807D0072205939D
:1032A0008DF80C20FFF7C2FF08B070BD06238DF823
:1032B0000C30FFF7BBFF08B070BD00BF38AE040094
:1032C00008430020044B1A884FF6FF739A4201D03E
:1032D000FFF7B8BF704700BF08430020024B4FF60E
:1032E000FF721A8000207047084300202DE9F0414A
:1032F00082B0074600F082F94FF6FF7398423CD047
:10330000064601244FF003086B462246082130464A
:10331000FBF760FE03230546F0B9019A3846911D7C
:1033200042F8048BFFF77EFF013403460821D8B131
:103330000C28304603D1A4B2FBF7B4FEE4E7082121
:10334000052B18BF1D46FBF7ADFE002818BF03254F
:10335000284602B0BDE8F081072814BF05460C25B9
:10336000284602B0BDE8F08132463046FBF7A4FEA5
:103370000546284602B0BDE8F08143F20205284622
:1033800002B0BDE8F08100BF2DE9F04182B00746F0
:1033900000F034F94FF6FF73984227D100263546E6
:1033A00003244FF001082346324629463846FFF7EA
:1033B00037FF04280AD008280AD00B280AD0B8F111
:1033C000000F08BF0B2002B0BDE8F0811120F6E726
:1033D0000020F4E714F0020406D195B126462546F4
:1033E00003244FF00008DEE70124FAE76A460821CB
:1033F000FBF7ECFD0028D1D1019DAE882C68063585
:10340000CFE7002EDFD02E460324EAE708B54FF6BB
:10341000FF70FBF70BFC034B1880BDE80840FFF77B
:1034200011BF00BF0843002000B585B00DF10703B0
:10343000039300F0E3F802AA0121FBF7C7FD20B9CE
:10344000039B187805B05DF804FB002005B05DF81B
:1034500004FB00BF38B50C4B04461846FFF7E4FEEA
:1034600078B9198843F203054FF6FF722046FFF73B
:10347000D5FEA84200D038BD1988013189B2198023
:10348000F2E7032038BD00BF0A43002010B5074B08
:10349000044693E8030082B06B4683E803000022F1
:1034A00019462046FBF768FB02B010BD40AE040091
:1034B00046DF7047F8B50C4D0746002401E0142C98
:1034C0000ED02B88BB42A6B205F10A0504F1010417
:1034D000F5D13046FAF7A2FE0028F0D03046F8BD0C
:1034E0004FF6FF763046F8BD3442002090B191B1DE
:1034F00008B50A780378534013F0FE0F08D1013164
:103500000622013004F05FFBB0FA80F0400908BDEC
:10351000002008BD70470846704700BF2DE9F04104
:103520004C1C0E46054621460130102205F11107BC
:1035300006F1110804F047FB08BB2B4605F110010A
:1035400001E08B421BD013F8012F002AF9D07378C9
:103550004BB9214606F1100201E091420FD011F85B
:10356000013F002BF9D041463846FFF7BFFF6B7C87
:1035700003F0FE03042B1ED10120BDE8F08141467B
:103580003846FFF7B3FF6B7C03F0FE03042B0FD02C
:103590000022062B09D0737C03F0FE03042B04D019
:1035A000062B08BF1046BDE8F0811046BDE8F0814B
:1035B0000020BDE8F0810122EBE700BF70B584B0C8
:1035C00006460D46FBF7A2FA02AA0DF106010720F6
:1035D000FBF7A4FA60B1BDF80640AC423046F3D028
:1035E0000399FFF79BFF0028EED0204604B070BD82
:1035F0004FF6FF74204604B070BD00BF13280DD8ED
:1036000010B50446FAF70AFE28B104EB8403054A14
:1036100032F8130010BD4FF6FF7010BD4FF6FF706B
:10362000704700BF34420020132816D838B504462E
:103630000D46FAF7F3FD68B1094A04EB840302EB87
:103640004303002053F8022F2A609A889B79AB71BC
:10365000AA8038BD43F2020038BD43F20200704731
:103660003442002038B505884DB9821C00F10A04A7
:1036700012F8013B1BB99442FAD1002038BD0B88E7
:10368000AB42FAD102310822023004F09CFAB0FABF
:1036900080F0400938BD00BF30B585B00546FBF766
:1036A00035FA0CE0039C284604F14601FFF7DAFFE7
:1036B00004F12A0178B92846FFF7D4FF58B902AAC5
:1036C0000DF106010720FBF729FA0028EAD14FF691
:1036D000FF7005B030BDBDF8060005B030BD00BFBD
:1036E0004FF6FF73984201D0FFF7E4BE704700BF6A
:1036F000132804D800EB8000014B23F8101070470A
:103700003442002070B54FF6FF75A84203D1BDE8E2
:103710007040FBF71BBC0446FFF7CCFE0646204674
:10372000FBF714FC30B9132E04D806EB8606024BC7
:1037300023F8165070BD00BF3442002030B58DB064
:1037400010300DF1FF330DF10F0510F8014D03F8A6
:10375000014FAB42F9D100230D784C78897806935C
:103760006846CDE904338DF81C308DF81D108DF8B6
:103770001F508DF81E40FFF79BFE9DF82F009DF80F
:103780002E109DF82D301070517093700DB030BD1B
:1037900030B5034685B030F8015F33F8042F8478E4
:1037A0009B78ADF80C20084602AA03A98DF80E30CC
:1037B000ADF804508DF80640FFF7C0FFBDF80420B7
:1037C000BDF808309A4204D0012080F0010005B015
:1037D00030BD9DF806209DF80A309A42F4D10020B1
:1037E00080F0010005B030BD0388102B00D0704779
:1037F000F0B5041D0FCC91B006AD0FC50FCC0FC5B1
:103800009DF81C3094E8030003F0FE03062B85E8C6
:10381000030014D1BDF818304849079803EB83031F
:103820005B004FF6FF74CC52CA18BDF820409DF8DB
:1038300022101172C2F80200D48011B0F0BDFBF763
:1038400065F99DF81C305B08012B25D9022BE1D1CD
:1038500007AE01AC0DF1020505E09DF81C3003F048
:10386000FE03042B5DD0224629460720FBF756F9BC
:103870000028F2D1BDF81830304A0798B488B179E1
:1038800003EB83035B004FF6FF75D5521344C3F877
:103890000200DC801972D0E701AC0DF1020522466E
:1038A00029460720FBF73AF9002844D0029911F184
:1038B000110FF4D04E7C9DF81C30734013F0FE0FB6
:1038C0004FF0060201F112010DF11D00E7D104F0E5
:1038D0007AF90028E3D1BDF8021007AEBDF8182030
:1038E000164F079802EB82035B00FD18F952AB1CE0
:1038F000C5F80200B08898804FF6FF70B5799D71C9
:1039000081429AD000232046ADF80620ADF8081079
:103910008DF80430FBF75EFE2046FFF773FA11B016
:10392000F0BD029930460131FFF732FF00289AD0EE
:10393000BDF80210D2E707AE9CE700BF344200207A
:103940002DE9F84FDDF828904A45904638BFC84623
:10395000B8F1000F1BD09B468A4605461746002447
:1039600006E0A14588BF0BF80400013444450ED0A1
:103970002B68A74288BF1AF804101E6998BF00215F
:103980002846B0470028ECDA0248BDE8F88F00204E
:10399000BDE8F88F0AFCFFFF30B583B00468069DD0
:1039A00000956469A047044A0446DDE90701EFF782
:1039B000C9FC204603B030BDBD36030082B070B5EF
:1039C0000C4684B005464968206802AC03C40399DC
:1039D00008AC481084E80C00CB0745BF2A58029B6E
:1039E000029CD4580AAB2E1893E803008DE803001C
:1039F00008AB0CCB3046A04704B0BDE8704002B025
:103A0000704700BF82B0D0B50699C16000F11004C4
:103A100000260027C0E9086704A9204681E80C00B9
:103A2000EFF732FF2046BDE8D04002B0EFF7E0BE2E
:103A300082B038B5D0E9084504A981E80C0054EA01
:103A4000050303D1BDE8384002B070470446F1F7E2
:103A50007DFED4E908238B4208BF8242F2D20023C4
:103A600004F1100500200021C4E90801E3602846A4
:103A7000EFF70AFF2846BDE8384002B0EFF7B8BEBE
:103A800070B5044600250A4B036000F11006816002
:103A90002A460121304625716571EFF79FFE3046B9
:103AA000E560E56284F82850EFF7A2FE204670BD7D
:103AB00058AE04002DE9F041044682B00E4615468A
:103AC00010309846BDF82870F5F7FEF8268065801E
:103AD000182004F050F808AB054693E803006A4646
:103AE00082E803002E4603CA46F80C8B0023084ADE
:103AF000EB6047F00207736068602046A780A5600E
:103B0000E360C4E90833A9606A6102B0BDE8F081EE
:103B1000BD3904002DE9F04385B0BDF838806BB3A2
:103B20000C9C44B30F2902D1B8F1C00F26D1064630
:103B300028201C460D46174604F01DF80CAB8146A4
:103B400093E803003A468DE803002346CDF8088049
:103B500029464846FFF7AEFF33680E4A5B6893423A
:103B60000FD14846EFF7AEFF484603F0FDFF0A4885
:103B700005B0BDE8F0830D9CE407D3D46FF47A70F0
:103B8000F6E73046494698470028EAD105B0BDE837
:103B9000F08300BF112C030016FCFFFF2DE9F0435A
:103BA00090F8283089B004460D469BB1002D4FD1C6
:103BB00000220023C4E908230023E36004F110007D
:103BC000EFF716FEE0682F4B002808BF184609B033
:103BD000BDE8F08380682C4A03685B6D93424CD14A
:103BE0002A4B04934FF0000804AACDF81480284F04
:103BF000C688B0F808C03B68DFF89C9092E80300E4
:103C000016F4807F4FF0C0068DE803000CBF05223C
:103C100004226146184602962346FFF77BFF1D4BA0
:103C20003A68CDE9063808AB13E9030023468DE86E
:103C3000030002961046232142F21072FFF76AFF3A
:103C400099F8003063B1012384F82830002DAFD0FB
:103C5000F1F77CFD421941EBE573C4E90823ABE7BA
:103C60000093232242F2107342F210700021F1F708
:103C70007DFD012389F80030E5E703219847A0681E
:103C8000AEE700BF11FCFFFFFDC20200053A0400D1
:103C9000003B0020313A040034430020F0B52B4BA8
:103CA00081682B4ECD88B1F808C0376893B00022E8
:103CB000CDE9063206AB80F82820044693E80300DD
:103CC00015F4807F4FF010058DE8030014BF042227
:103CD000052223460295614608A8FFF7EBFE3B68E4
:103CE0001C4D9B68AB4228D108A8EFF7EBFE1A4B9E
:103CF00004930023059304AB93E803003668102374
:103D00008DE80300029342F210722346232108A893
:103D1000FFF7D0FE33689B68AB4212D108A8EFF7DB
:103D2000D1FE002100230020C4E90801E36004F172
:103D30001000EFF7A9FD13B0F0BD384608A9984769
:103D4000D2E7304608A99847E8E700BF053A0400E3
:103D5000003B0020912E0300313A040090F82830F7
:103D600010B504463BB923791BB1236820469B68F4
:103D70009847002010BDFFF791FFF4E790F8283036
:103D8000044A10B5044602600BB1FFF787FF2046D6
:103D900010BD00BF58AE040090F82830054A10B599
:103DA000044602600BB1FFF779FF204603F0DCFE0A
:103DB000204610BD58AE040041627047406A003092
:103DC00018BF0120704700BF406870474160002065
:103DD000704700BFF0B58B68CD699D42A8BF1D46F6
:103DE0000C4683B001222946064604F10C0701A8BF
:103DF000F5F77EFA01A93846F5F7ACFA01A8F5F710
:103E0000A1FAE06861692A460430DEF713FC6269B2
:103E1000E3692A445D1B002D6261E5612BD1236AB1
:103E2000002BC4BF03F1FF33236293B1A36922695E
:103E3000E361002B626104DD606A03681B689847D8
:103E4000E36933B139463046F5F774FA304603B0CA
:103E5000F0BD236A002BF5D194F82830002BF1D067
:103E600004F12C00EFF7FCFC39463046F5F762FA16
:103E7000304603B0F0BDDFDCE4E700BF38B50446F0
:103E80000C4B40F80C3B04F12C05F5F72BFA2846B7
:103E900000220121EFF7A2FC002101224FF48073E0
:103EA0002846E4636162C4E90123EFF7A1FC2046E0
:103EB00038BD00BF6CAE040070B5456A9DF8106057
:103EC0008DB1002A0FDD73B1044628682362C4E96E
:103ED0000411036884F82860C4E90622284698473C
:103EE00094F8283003B970BD04F12C00BDE870408F
:103EF000EFF77EBC10B582B000240094FFF7DCFF22
:103F000002B010BD024B1868BFF35B8F704700BF53
:103F1000FC420020024B1868BFF35B8F704700BF64
:103F20003821002030B5214A21F00043934287B068
:103F30001BDD1F4A934205DD02460B4602F024FFBB
:103F400007B030BD02AADBF75BF800F00303012BDA
:103F500011D0022B23D0DBB10124DDE90423DDE9FC
:103F600002010094DCF75CF8EAE700220023DBF7AB
:103F70002FFB07B030BDDDE904450093DDE9020108
:103F800022462B46DCF74CF801F1004107B030BD6A
:103F9000DDE90423DDE90201DBF71AFBD0E7DDE907
:103FA0000423DDE90201DBF713FBEDE7FB21E93F29
:103FB000FFFFEF7F21F000431946704730B51F4ADD
:103FC00021F00043934287B01CDD1D4A934205DD7A
:103FD00002460B4602F0D8FE07B030BD02AADBF75E
:103FE0000FF800F003000128DDE9042312D00228B5
:103FF0001CD0A0B1DDE90201DBF7EAFA01F10041D2
:1040000007B030BD0023009300220023DCF708F83E
:1040100007B030BDDDE90201DBF7DAFADCE70124A5
:10402000DDE902010094DBF7FBFFD5E70124DDE9C0
:1040300002010094DBF7F4FFE0E700BFFB21E93F5A
:10404000FFFFEF7F30B5144A21F00043934287B061
:1040500019DD124A934205DD02460B4602F094FE3A
:1040600007B030BD02AADAF7CBFF440004F0020427
:10407000C4F10104DDE90423DDE902010094DCF769
:1040800087F807B030BD0123009300220023DCF73E
:104090007FF807B030BD00BFFB21E93FFFFFEF7F96
:1040A000334A21F000439342D0B506460F460C46F2
:1040B0000DDD02460B4600202E4903F047F9002F84
:1040C0004FF000022B4B2EDB02F060FED0BD2A4ADF
:1040D000934207DD27490020002CF7DA01F1004365
:1040E0001946D0BDB3F1725F20DB244A934226DD2E
:1040F000FFF760FF02460B4602F048FEDCF72CFAA1
:1041000000224FF0804302F041FE02460B460020A1
:104110004FF0804103F01AF902460B460020154982
:1041200002F032FED8E702F02FFED0BD0022114B84
:1041300002F02CFE32463B4602F0DEFFD0BDFFF718
:1041400039FF00224FF0404302F0D6FFDCF704FABB
:1041500000224FF08043064601F1004702F016FEB0
:1041600002460B463046394603F0F0F8B4E700BF8C
:10417000FFFFEF7F0000F03FFFFF3540FFFFEF3F05
:1041800070B5C1F30A56A6F2FF33132B0A4608DCBA
:10419000002B1BDB0F4C44FA03F3002022EA03013F
:1041A00070BD332B044607DDB3F5806FF8D10246AE
:1041B0000B4602F0EBFD70BD4FF0FF33A6F2134645
:1041C00023FA06F6114624EA060070BD002002F02C
:1041D000004170BDFFFF0F0000B585B0234A01907C
:1041E000019B23F0004393421DDDB3F1FF4F08DB39
:1041F000DDED017A77EEE77A17EE900A05B05DF80B
:1042000004FB02A901F06EFC00F00302012A14D0A5
:10421000022A22D0D2B101220399029802F084F935
:1042200007EE900AE8E7002101F0B4FD07EE900ADE
:1042300017EE900A05B05DF804FB0399029802F0AE
:1042400073F907EE900AF1EE677AD5E703990298C1
:1042500001F0A0FD07EE900ACEE70399029801F065
:1042600099FD07EE900AF1EE677AC5E7D80F493F4E
:1042700000B585B0244A0190019B23F0004393428E
:104280001EDDB3F1FF4F08DBDDED017A77EEE77A53
:1042900017EE900A05B05DF804FB02A901F022FCBC
:1042A00000F00300012816D0022823D0D0B10399D2
:1042B000029801F06FFD07EE900AF1EE677AE7E7EA
:1042C0000022002102F030F907EE900A17EE900A62
:1042D00005B05DF804FB0399029801F05BFD07EE61
:1042E000900AD5E701220399029802F01DF907EE22
:1042F000900ACDE701220399029802F015F907EE22
:10430000900AF1EE677AC3E7D80F493F2DE9F043F1
:10431000DFF898808BB004460D46D9F769FB98F911
:104320000030013306460F462BD022462B4620464E
:10433000294603F07BF9814618BB20462946FFF742
:1043400039FE0022164B03F067F9D0B1154B164821
:1043500001930122CDF820900092CDE90445CDE9EA
:10436000024502F037F998F90030022BCDE9060139
:104370000CD0684602F02CF940B1089B5BB9DDE92E
:104380000667304639460BB0BDE8F08302F074FC96
:1043900021230360F1E702F06FFC089B0360EEE766
:1043A0000000F03F8CAE0400389804007A2300200F
:1043B0002DE9F0438BB004460D46D9F76DFD244B33
:1043C00093F90080B8F1FF3F06460F460ED0224613
:1043D0002B462046294603F029F9814630B90022B0
:1043E0001C4B2046294603F0F9F820B930463946DF
:1043F0000BB0BDE8F0830022002301210091164E8E
:10440000CDF8209010461946CDE90445CDE9024586
:10441000019602F09BFFB8F1020FCDE906010CD026
:10442000684602F0D5F840B1089B5BB9DDE9066744
:10443000304639460BB0BDE8F08302F01DFC212365
:104440000360F1E702F018FC089B0360EEE700BF91
:104450007A2300200000F03F94AE04002DE9F043E1
:10446000DFF898808BB004460D46D9F7A1FD98F986
:104470000030013306460F462BD022462B462046FD
:10448000294603F0D3F8814618BB20462946FFF79A
:1044900091FD0022164B03F0BFF8D0B1154B164822
:1044A00001930122CDF820900092CDE90445CDE999
:1044B000024502F08FF898F90030022BCDE9060191
:1044C0000CD0684602F084F840B1089B5BB9DDE986
:1044D0000667304639460BB0BDE8F08302F0CCFBEE
:1044E00021230360F1E702F0C7FB089B0360EEE7BE
:1044F0000000F03F9CAE0400389804007A230020AE
:10450000D9F786BF2DE9F04FDFF8CCA08BB0044679
:104510000D46DAF76DF89AF90030013306460F467A
:1045200037D022462B462046294603F07FF88346A3
:1045300078BB20462946FFF73DFD0022244B8046EC
:10454000894603F05FF820B3404649460022204BDD
:1045500003F062F89AF9006060B3CDE90445CDE953
:1045600002450121002200231A4F0091CDF820B00E
:1045700010461946019702F0E9FE022ECDE9060128
:104580000CD0684602F024F840B1089B6BB9DDE915
:104590000667304639460BB0BDE8F08F02F06CFB81
:1045A00021230360089B002BF1D002F065FB089BE0
:1045B0000360ECE7022308900093064FCDE9044521
:1045C000CDE902452046294600220023D2E700BF5C
:1045D0000000F03FA4AE04007A2300202DE9F04F44
:1045E0008BB01D4606460F46144600F07FFC294B53
:1045F00093F900A0BAF1FF3F8046894635D02246A4
:104600002B462046294603F011F870BB32463B4644
:104610003046394603F00AF8834630BB00220023B7
:104620002046294602F0D0FFF8B11B4BCDF820B050
:104630000122CDE90267CDE90445CDE90023BAF1B5
:10464000000F17D0002200231046194602F07EFE0C
:10465000BAF1020FCDE906010ED102F00DFB2123C4
:104660000360089B83B9DDE90689404649460BB0E3
:10467000BDE8F08FCDE90667684601F0A9FF002884
:10468000EBD0089B002BEED002F0F6FA089B0360FB
:10469000E9E700BF7A230020B8AE04002DE9F0431B
:1046A0008BB004460D46DAF753FA364B93F90060A7
:1046B000731C804689460DD022462B46204629464B
:1046C00002F0B4FF30B9002200232046294602F050
:1046D000A3FF20B1404649460BB0BDE8F0832A4B0A
:1046E0000890CDE90245CDE904450193DEB9274F95
:1046F0004FF060462046294600220023CDE9066798
:1047000002F062FF002835D002230093684601F0D2
:104710005FFFB8B1089BD3B9DDE906894046494639
:104720000BB0BDE8F0831A4B0022CDE906232046EA
:1047300029460022002302F047FF68B102239E426F
:104740000093E3D102F098FA22230360E2E702F03B
:1047500093FA089B0360DFE70123022E00930BD13D
:1047600002F08AFA212303600A4801F033FFCDE901
:104770000601CFE701230093684601F029FF0028D6
:10478000F2D1EDE77A230020C0AE0400FFFFEFC7AF
:104790000000F0FF389804002DE9F0438BB0044688
:1047A0000D46DAF7A1FB374B93F90060731C804686
:1047B00089460ED022462B462046294602F036FF77
:1047C000074630B9002200232046294602F010FF98
:1047D00020B9404649460BB0BDE8F0832A4B089704
:1047E000CDE90245CDE904450193DEB9274F4FF0ED
:1047F00060462046294600220023CDE9066702F0E4
:10480000E3FE002835D002230093684601F0E0FE65
:10481000B8B1089BD3B9DDE90689404649460BB0DB
:10482000BDE8F0831A4B0022CDE906232046294635
:104830000022002302F0C8FE68B102239E420093CA
:10484000E3D102F019FA22230360E2E702F014FA3E
:10485000089B0360DFE70123022E00930BD102F0D7
:104860000BFA212303600B4801F0B4FECDE90601E9
:10487000CFE701230093684601F0AAFE0028F2D199
:10488000EDE700BF7A230020C4AE0400FFFFEFC7AE
:104890000000F0FF389804002DE9F0432B4E8BB058
:1048A00080468946DAF7D0FD96F900300133044698
:1048B0000D4603D001F086FE074620B1204629466A
:1048C0000BB0BDE8F0834046494601F07BFE00286E
:1048D000F4D01F4B96F9004008970322CDE900233E
:1048E000CDE90489CDE902894046494600220023EA
:1048F00064B902F091FE4FF06042E8B1154BCDE98A
:104900000623684601F064FE68B908E002F084FE00
:10491000002298B1104B022CCDE90623F1D102F010
:10492000ABF922230360089B53B9DDE90645204615
:1049300029460BB0BDE8F083084BE0E7084BEAE7F7
:1049400002F09AF9089B0360EFE700BF7A2300208A
:10495000CCAE0400FFFFEF470000F07FFFFFEFC782
:104960000000F0FF2DE9F04F8BB004460D4600F03B
:10497000CFFB294B93F900A0BAF1FF3F06460F4643
:1049800012D022462B462046294602F04FFE83468F
:1049900050B94FF000084FF0000920462946424622
:1049A0004B4602F01BFE20B9304639460BB0BDE83D
:1049B000F08F0122194BCDF820B00092CDE90445CB
:1049C000CDE902450193BAF1000F17D042464B469C
:1049D0004046494602F0BAFCBAF1020FCDE90601A1
:1049E0000ED102F049F921230360089B73B9DDE978
:1049F0000667304639460BB0BDE8F08FCDE9068931
:104A0000684601F0E5FD0028EFD1EAE702F034F94D
:104A1000089B0360EBE700BF7A230020D4AE0400BC
:104A200000F036BC10B52DED028B8AB008EE100AEE
:104A300000F0E8FC334B93F90040631C09D0B4EE5E
:104A4000488AF1EE10FA04D6B5EEC08AF1EE10FAFB
:104A500003D90AB0BDEC028B10BD2B4B019318EEAD
:104A6000100A0023089302F0EFFACDE90401CDE922
:104A70000201CCB9254BB5EE408A4FF06042F1EE11
:104A800010FACDE9062334D102230093684601F0E1
:104A90009FFDB0B1089BCBB9DDE9060102F024FE11
:104AA0000AB0BDEC028B10BD194BB5EE408A002256
:104AB000F1EE10FACDE906230DD102239C420093BA
:104AC000E4D102F0D9F822230360E3E702F0D4F83E
:104AD000089B0360E0E70123022C00930BD102F056
:104AE000CBF8212303600B4801F074FDCDE90601EA
:104AF000D0E701230093684601F06AFD0028F2D157
:104B0000EDE700BF7A230020DCAE0400FFFFEFC713
:104B10000000F0FF389804002DE9F0432DED048BE0
:104B2000B34E8BB008EE900A08EE101A00F0E0FCCD
:104B300096F900506B1C044630D0B4EE488AF1EE72
:104B400010FA2BD6F4EE688AF1EE10FA68D69FEDD3
:104B5000A99AF4EE498AF1EE10FA25D1B4EE498A09
:104B6000F1EE10FA40F090800123A34A009318EE72
:104B7000900A00230192089302F066FACDE902013F
:104B800018EE100A02F060FA00220023CDE90401B9
:104B9000CDE90623002D60D04FF07E5420460BB0A7
:104BA000BDEC048BBDE8F08301F0FCFD0546002858
:104BB00000F09A8007EE904AF5EE407AF1EE10FA96
:104BC000ECD118EE900A01F0EDFD0028E6D018EEC9
:104BD000100A01F0E7FD0028E0D00423864A009384
:104BE00018EE900A00230893019202F02DFACDE905
:104BF000020118EE100A02F027FA96F9003000249C
:104C00000025022BCDE90401CDE9064503D0684615
:104C100001F0DEFC38BB02F02FF82223036022E013
:104C2000B5EE408AF1EE10FAB8D10123724A009332
:104C300018EE900A00230192089302F005FACDE9DC
:104C4000020118EE100A02F0FFF96C4B0022022D4F
:104C5000CDE90401CDE906239ED0684601F0B8FCF9
:104C6000002800F08480089B1BB102F005F8089B27
:104C70000360DDE9060102F037FD044620460BB073
:104C8000BDEC048BBDE8F08318EE100A01F08AFD3C
:104C9000002883D0B5EEC08AF1EE10FA7FF57EAF22
:104CA0000123554A009318EE900A002308930192BD
:104CB00002F0CAF9CDE9020118EE100A02F0C4F9B7
:104CC00096F90030CDE90401002B55D04C49002065
:104CD000022BCDE9060153D101F0CEFF2123036061
:104CE000089B002BC5D0C0E718EE900A01F05AFDD2
:104CF00000283FF45FAF18EE100A01F053FD0028C2
:104D00003FF458AF18EE900A02F09EF9804618EE74
:104D1000100A894602F098F907EE904AF4EE677A95
:104D2000F1EE10FA96F9007072D6F6EE007A0322D0
:104D3000314B08950092CDE90289CDE90401019338
:104D400028EE278A17BB2F4BF5EEC08A4FF0604242
:104D5000F1EE10FACDE9062324D4684601F038FCC0
:104D60000028BDD101F088FF22230360B8E701F0DD
:104D700083FF2123036076E700220023CDE9062389
:104D8000684601F025FC0028AAD1A5E71E4BF5EEE8
:104D9000C08A0022F1EE10FACDE9062315D4022FC5
:104DA000E0D0DAE718EE100A01F062FD07EE900A93
:104DB000F4EE487AF1EE10FA16D0144B96F9007022
:104DC0004FF06042CDE90623E9E718EE100A01F042
:104DD0004FFD07EE900AF4EE487AF1EE10FA03D098
:104DE000074B0022CDE9062396F90070D7E700BFF4
:104DF0007A23002000000000E4AE04000000F03F31
:104E00000000F0FFFFFFEF470000F07FFFFFEFC75C
:104E100001220B4B08950092CDE90289CDE90401EE
:104E20000193002FA8D0C9EE097A17EE900A02F07C
:104E30000BF9022FCDE906013FF44EAFA0E700BF0A
:104E4000E4AE040010B52DED028B8AB008EE100A16
:104E500000F098FF234B93F90040631C09D0B4EE97
:104E6000488AF1EE10FA04D6B5EEC08AF1EE10FAD7
:104E700003D40AB0BDEC028B10BD01231A4A009383
:104E800018EE100A00230192089302F0DDF80022C8
:104E9000CDE90401CDE902010023ACB11046194669
:104EA00002F054FA022CCDE906010FD101F0E4FE24
:104EB00021230360089B7BB9DDE9060102F014FCA5
:104EC0000AB0BDEC028B10BDCDE90623684601F0A7
:104ED0007FFB0028EED1E9E701F0CEFE089B0360DE
:104EE000EAE700BF7A230020ECAE04002DE9F0478A
:104EF00023F0004E5EEA020620D07E4E21F00048EC
:104F0000B04589461ADC564216437B4F4EEAD676A8
:104F1000BE42144612D8F0451D46944682460746C6
:104F200001F0004612DC0FDB90420DD30ED1734B23
:104F3000F60F03EBC603D3E9000105E002F0DCF84D
:104F400002460B4602F002FABDE8F087B8F5801F72
:104F50003BDB4FEA2852A2F2FF32BEF5801F80F2FF
:104F60008F80BEF1000F40F09F80002C23466449E3
:104F700004DD5B00002B01F1FF31FADC614B9A424A
:104F800070DBC9F3130343F480135E4881425BDB9B
:104F9000C5F3130444F48014501A07E052EA0503E1
:104FA00021D0EB0F03EB42036F0001381A1BA7EB74
:104FB0000C05F8B1674538BF02F1FF32002AEDDA7F
:104FC000FA0F02EB43037F00EFE7B8F1000F5CD16B
:104FD000BAF1000F53464A4ABFDD5B00002B02F1D5
:104FE000FF32FADCB9E7454BF60F03EBC606D6E90C
:104FF0000001A9E7674538BF02F1FF32002ABCBFB4
:105000003D461A4652EA0503EDD03F48824208DC8D
:10501000EB0F03EB4202824201F1FF314FEA4505FB
:10502000F6DD384B99424EDA5B1A142B54DC01F250
:105030001E41DD4002FA01F142FA03F31E4341EA48
:105040000502314610467FE7401A1F2826DC01F290
:105050001E450EFA00FE24FA05F504FA00FC45EAA6
:105060000E0499E79F1A1F2F27DC02F21E4308FA4D
:1050700007F82AFA03F30AFA07F743EA080384E772
:105080004FEA2E51A1F2FF3178E71E4A4FEAC823BA
:105090005B00002B02F1FF32FADC5EE71B4D6D1A5C
:1050A000AC404FF0000C77E716494FEACE235B0087
:1050B000002B01F1FF31FADC60E7144B9B1A0AFA6E
:1050C00003F3002761E7A2F58012164301F2FF33D4
:1050D00046EA0351284637E71F2B07DC01F21E4141
:1050E00002FA01F125FA03F20A43AAE7074B591A1B
:1050F0000A41A6E7FFFFEF7F0000F07FB0850400C4
:10510000EDFBFFFF02FCFFFFFFFF0F00E2FBFFFFD5
:105110005E4A8A432DE9F04104460D4600F0958031
:1051200000290B460646844656DD0F1500F0A58083
:10513000C3F31303A7F2FF3743F480134FEADC7283
:10514000F80702EB43034FEA4C0504D5ED0F05EBDE
:1051500043034FEA8C0500267F10B44616224FF415
:1051600000110CEB010098424FEAD5744FEA450557
:1051700003DC1B1A00EB010C0E44013A04EB430361
:105180004FEA5101EDD11046964620244FF00042DF
:1051900009E051D05B00013C03EBD5734FEA5202AA
:1051A0004FEA450537D0634502EB0E01F1DD0029DA
:1051B00001EB020E0ADBE046A3EB0C03A94288BF19
:1051C00003F1FF336D1A1044C446E3E7BEF1000F4C
:1051D000F1DB0CF10108EFE721F00042024329D096
:1051E000002942D10146CA0A153B4905002AFAD0D6
:1051F00012F4801001D044E060465200D40200F165
:10520000010CF9D5CCF1200401FA0CFCE1401F1A85
:1052100041EA02038CE72B4321D14408731003F1C8
:105220007F53F20703F5001348BF44F0004403EB3B
:1052300007512046BDE8F081A942ABD8002901EB17
:10524000020EC3DB98460023BCE702460B4601F082
:1052500053FF22462B4601F099FDBDE8F081411C29
:1052600016BF421C01365408D8E7024601F08CFDF7
:1052700002460B4602F06AF8DCE71A4631463B4626
:10528000B6E78C4620244FF0FF30BFE70000F07FE8
:1052900030B583B007EE900A0191019B23F00042E4
:1052A000B2F1FF4F17DC20F00041B1F1FF4F05468E
:1052B00011DCB3F17E5F3FD09C1704F0020444EA96
:1052C000D07481B9022C4CD09FED437A032C08BFD7
:1052D000F0EE477A03E09DED017A77EE277A17EE3C
:1052E000900A03B030BDF2B1B2F1FF4F29D0B1F155
:1052F000FF4F18D08A1AD2153C2A35DC002B36DA3B
:105300003C3234DADFED357A012C47D0022C3CD028
:10531000002CE4D0DFED326A9FED327A77EEA67A88
:1053200077EEC77ADBE7DFED307A9FED307A002D3C
:10533000B8BFF0EE477AD2E703B0BDE8304001F0E5
:105340004FB9B1F1FF4F30D0022C0AD0032C39D025
:10535000DFED277A9FED217A012C18BFF0EE477A16
:10536000BDE7DFED207ABAE7DFED1F7ACCE70198E1
:1053700007EE100AC7EE877A17EE900A01F00EFAD0
:1053800001F02EF907EE900ABEE7DFED156A9FEDFA
:10539000157A77EEA67A77EE677AA0E717EE903A5D
:1053A00003F1004307EE903A99E7022C10D0032C4A
:1053B0000BD0DFED107A9FED107A012C18BFF0EEC4
:1053C000477A8CE7DFED047A89E7DFED0C7A86E730
:1053D000DFED0B7A83E700BFDB0F49C00000000060
:1053E0002EBDBB33DB0F4940DB0FC93FDB0FC9BF0D
:1053F00000000080DB0F49BFDB0F493FE4CB16C044
:10540000E4CB164000B52DED028B83B001900198DE
:1054100030F0004337D0002842DBB0F1FF4F4EDAC6
:10542000B0F5000F56DADFED2C7A9DED017A67EECC
:10543000277A6FF0180217EE900AC3157F3B1344CA
:10544000DA0F134407EE903AC2F17F01C0F3160061
:1054500040EAC150B8EEE78A01F0E6FADFED1F7AC4
:10546000DFED1F6A9FED1F7A06EE100A66EE277ABF
:10547000E8EE267AE8EE077A17EE900A03B0BDEC64
:10548000028B5DF804FBDFED186A9FED187AC6EE1B
:10549000877A17EE900A03B0BDEC028B5DF804FB2F
:1054A000DDED017A9FED117A77EEE76AC6EE877A35
:1054B00017EE900A03B0BDEC028B5DF804FBDDED46
:1054C000017A77EEA77A17EE900A03B0BDEC028B53
:1054D0005DF804FB0022B0E70000004CD95BDE3E23
:1054E000DB27543580209A3E000000CC00000000ED
:1054F0002DE9F04731F000462DED028B12D020F05F
:105500000047B7F1FF4F804606DDBDEC028B5A48DD
:10551000BDE8F04701F0A8B9B6F1FF4F08DDB7F1DB
:105520007E5FF2D14FF07E50BDEC028BBDE8F0877C
:1055300000280C462BDB4FF00009B6F1FF4F38D0A6
:10554000B6F17E5F3DD0B4F1804F19D0B4F17C5FED
:1055500005468A4643D1B8F1000F6FDA01F01EF913
:10556000B7F1FF4F01D0002F3FD1A7F17E5757EA87
:10557000090369D0B9F1010FD6D180F00040D3E71B
:1055800007EE900A67EEA77A17EE900ACCE7B6F11D
:10559000974F21DAB6F17E5F08DBF315C3F196036E
:1055A00046FA03F202FA03F3B34256D04FF0000971
:1055B000C6E7B7F17E5FB5D03BDD002C28DB08469F
:1055C000B2E7002CB0DA07EE100AF7EE007AC7EE69
:1055D000877A17EE900AA7E74FF00209ADE701F0CE
:1055E000DDF8B7F1FF4F15D0A7B1B7F17E5F11D04D
:1055F0004FEAD873013B59EA030233D0B6F19A4F10
:1056000040DD1E4A974200F39481002CC0F297813E
:10561000002089E7002C07DA07EE100AF7EE007A7F
:10562000C7EE877A17EE900AB8F1000FBFF67CAF8D
:105630009BE7002CECDA81F0004075E7BDEC028BB3
:10564000BDE8F04700F09EBB07EE900A77EEE77AE0
:10565000C7EEA77A17EE900A66E702F00102C2F1E0
:1056600002096DE707EE905A77EEE77AC7EEA77A60
:1056700017EE900A58E700BF38980400F7FF7F3F05
:105680000000804BB7F5000F80F249815FED047A8E
:1056900007EE100A67EE277A6FF0170217EE907A7E
:1056A000F048F915C7F316077F398742114447F0D0
:1056B0007E5240F33681EC48874240F3B9819FED3A
:1056C000EB5A0131A2F50002F0EE453A0020F7EE68
:1056D000006A04EE902A74EEA67AB7EE007A87EE9E
:1056E000278A521042F0005202F58022024434EE22
:1056F000E67ADFEDDF8A9FEDDF2A9FEDDF0ADFED3F
:10570000DF0A9FEDDF1ADFEDDF1ADFEDDF2A9FED05
:10571000DF3A27EE084A07EE902A24EE046ADC4AB4
:10572000A6EE282A14EE100A104005EE900AA2EE0A
:10573000060AB1EE652A77EEE66AA2EE277AF0EE67
:10574000607AE0EE067A74EEE64AF0EE476AB0EE72
:10575000417AA7EE867AE2EE246AE7EE061A66EE52
:10576000886A75EE847A26EE066A67EEA67AF0EE0F
:10577000084AE6EE217AB0EE646AA5EEA56A07EE65
:10578000101A36EE276ADFEDC31A16EE101A114012
:1057900006EE101A76EE644AB8EEC77AE2EE254AB3
:1057A00077EEE47A67EE847AE6EE267AF0EE676AC0
:1057B000E5EE866A16EE901A114006EE901AE2EEB9
:1057C000066A05EE901A77EEE67A67EEA27AE5EEC3
:1057D000837A77EEA37AF0EE676AE5EEA16A76EE59
:1057E000856A76EE876A16EE901A114006EE901AD8
:1057F00036EEC77A37EE457AA5EEE17A77EEC77ACC
:1058000024F47F6424F00F0407EE10AA06EE104A79
:1058100067EE877A37EE466A07EE104AE6EE267A9A
:1058200009F1FF3959EA030326EE877ABFEE008AB1
:1058300077EE876AB7EE006A16EE900A18BFB0EEF0
:10584000468A002820F0004340F39480B3F1864F4D
:1058500000F387807AD0B3F17C5F00F3978000215A
:1058600016EE903A23F47F6323F00F0306EE903A8E
:105870009FED896ADFED895A9FED893ADFED893A1C
:105880009FED892A9FED894ADFED894A9FED895A6C
:1058900036EEC77AF0EE002A77EEC77A26EE867AE1
:1058A000A7EEA57AF7EE005AF0EE477AA6EE837AD5
:1058B00027EE076AF0EE471AE6EEC31AF0EE636AC7
:1058C000E6EE026A77EEE17AA6EE864AE7EE277AFE
:1058D000E4EE064AA4EE865AF0EE456AB0EE475A68
:1058E000A6EEC65AF0EE456A36EEE26A27EE055A93
:1058F000C5EE066A76EEE77A37EEC77A35EEC77AF6
:1059000017EE103A03EBC153B3F5000FC0F2A280BB
:1059100007EE903A67EE887A17EE900A04E60022C6
:10592000BEE69FED525A0020F0EE453AF7EE006ACF
:10593000CFE6614A974248DD002C7FF769AEDFED84
:105940005F7A67EEA77A17EE900AEDE59FED5C6A45
:1059500076EEC76A37EE866AB4EEE66AF1EE10FAC2
:1059600014DD9FED567A68EE077A67EE877A17EEB8
:10597000900AD9E5534A934263DC7FF46CAF76EE2C
:10598000C76AF4EEE76AF1EE10FA5ADADB154FF463
:1059900000027E3B42FA03F30344C3F3C7524A4C6E
:1059A0007F3A1441C3F3160123EA040306EE903A4A
:1059B000C2F1170241F4000137EE667A1141002866
:1059C000B8BF494277EE876A4AE707EE100AF7EE5A
:1059D000007A77EE677A9FED296A9FED3C7ADFEDDA
:1059E0003C4ADFED3C5AB1EE675AF5EE006AA5EE8F
:1059F000266AF6EE006AE6EE676A27EEA76A66EEAA
:105A0000866A27EE667AA7EEA47AF0EE476AE7EE9A
:105A1000A56A16EE902A22F47F6222F00F0207EEAA
:105A2000902AE5EE257A06EE902A77EE677AE7E689
:105A30009FED295ADFED293A4FF40010F7EE086A7E
:105A400047E69FED277A68EE077A67EE877A17EECA
:105A5000900A69E517EE100A00F072FF07EE900A4F
:105A600058E700BF71C41C00D6B35D000000000001
:105A700042F1533E55326C3E05A38B3EABAAAA3E83
:105A8000B76DDB3E9A99193F4F38763FA0C39D36DC
:105A900000F0FFFF0038763F8CBEBF351872313FF3
:105AA0000072313F0EEADDB54CBB313355B38A3855
:105AB000610B36BBABAA2A3E0700803FCAF2497190
:105AC0003CAA383300001643FFFF7F003BAAB83FD3
:105AD00070A5EC3600AAB83F00C0153FDCCFD13529
:105AE0006042A20D70B5994A20F00044944286B0FD
:105AF0006BDD974A944206461CDC002824F00F0414
:105B0000DFED947A944A07EE100A64DD944277EE52
:105B1000677A00F0D5809FED917A77EEC76A012011
:105B200077EEE67AC1ED006A77EEC77AC1ED017AC9
:105B300006B070BD8A4A94420D4660DDB4F1FF4F55
:105B400080F2B480E215863AA4EBC25307EE903A95
:105B5000BDEEE77ADFED836AB8EEC77A77EEC77AF3
:105B60008DED037A67EEA67ABDEEE77AB8EEC77AD6
:105B700077EEC77A8DED047A67EEA67AF5EE407A75
:105B8000F1EE10FACDED057A40F0CC80B5EE407A1A
:105B9000F1EE10FA0CBF0123022373490191022197
:105BA000009103A8294600F07FF9002E11DA95ED47
:105BB000007AD5ED017AB1EE477AF1EE677A40428C
:105BC00085ED007AC5ED017A03E0002208604A60A5
:105BD000002006B070BD944277EE277A00F08F80E7
:105BE0009FED5E7A77EE876A4FF0FF3077EEE67AC8
:105BF000C1ED006A77EE877AC1ED017AE9E700F03E
:105C0000CDFD9FED5A6A9FED535ADFED546A07EEC2
:105C1000100AF6EE007AE7EE067AFDEEE77AB8EEC5
:105C2000E76A17EE900AF1EE465AF0EE477A1F281F
:105C3000E5EE857A26EE267A54DD77EEC76A16EE13
:105C4000903AE415C3F3C753E31A082B54DD9FEDD4
:105C5000487ADFED486AB0EE675AA5EE875A77EECC
:105C6000C57AE5EE877AD6EE267A75EE676AB0EEEB
:105C7000677A16EE903AC3F3C753E41A192C53DC33
:105C8000C5ED006AF0EE457A77EEE67A002E77EE03
:105C9000C77AC5ED017A9CDAF1EE666AF1EE677AB1
:105CA000C5ED006AC5ED017A404292E707EE900A21
:105CB00077EEE77A0020C1ED017AC1ED007A88E73E
:105CC000DFED2B6A9FED2B7A77EEE67A012077EEF7
:105CD000C76A77EEE67AC1ED006A77EEC77AC1ED62
:105CE000017A76E7421E244B53F8223024F0FF025B
:105CF0009A4277EEC76AA2D0C5ED006AC4E7DFED2D
:105D00001C6A9FED1C7A77EEA67A4FF0FF3077EE93
:105D1000876A77EEE67AC1ED006A77EE877AC1EDA1
:105D2000017A56E7032338E7DFED146ADFED144A02
:105D3000F0EE457AE5EEA67A35EE677AA5EEA67A1C
:105D400096EE247A77EEC76AD6E700BFD80F493FB0
:105D5000E3CB1640800FC93FD00FC93F43443537CE
:105D6000800F494300008043FCB0040084F9223FC7
:105D70000044353708A3852E7CB0040000A3852E8F
:105D800032318D2407EE900AF1EEE77A17EE900A91
:105D9000704700BF20F00043B3F1485F06EE100AE1
:105DA00006EE901A2EDAFDEEC67A17EE903A002B28
:105DB0005FD026EE067ADFED343A9FED344ADFED10
:105DC000344A9FED345ADFED347ADFED345AA7EED2
:105DD000234AE7EE044AA7EE245AE7EE057AE7EEF7
:105DE000275A65EE875A66EEC66AB6EE006AE7EE97
:105DF000256AF7EE007AD7EE066A77EEE67A17EEB6
:105E0000900A704726EE067ADFED1F3A9FED1F4A93
:105E1000DFED1F4A9FED1F5ADFED1F7ADFED1F5A9E
:105E20001F4AA7EE234A9342E4EE074AA4EE875A9C
:105E3000E5EE077AE7EE875A65EE875AD3DD194A11
:105E400093421BDC03F17F4307EE903AB7EE005A12
:105E500035EE675A66EEC66AB6EE006AE7EE256A68
:105E6000D7EE067A77EEE67A75EE677A17EE900A45
:105E70007047F7EE007A17EE900A7047B6EE075AB1
:105E8000F5EE027AE6E700BF4ED747ADF6740F3164
:105E90007CF293B4010DD037610BB6BAABAA2A3DA0
:105EA0009999993E0000483F2DE9F04F2DED048B64
:105EB000D7B003F1FF390293D31E48BF131DBA4C6C
:105EC000649D0591DB1023EAE37354F82560039386
:105ED00003F10108A2EBC80816EB09028646A3EB02
:105EE000090316D41A449FEDB17A6598511C1AAA79
:105EF000002BA4BF50F8234007EE904A03F10103A2
:105F0000ACBFF8EEE77AF0EE477A8B42E2EC017A2A
:105F1000EED1029B002E4FEA83044FEA860A1DDB76
:105F20001AAB181943AA7346191902EB0A0742ADB6
:105F3000F446B9F1000FDFED9D7A09DB02466346B6
:105F4000F3EC016A32ED017A8B42E6EE877AF7D103
:105F5000E5EC017ABD4200F10400EAD1AAF10803A0
:105F600006ADEB1804939FED939ADFED918A0096AE
:105F700005ABB34674449A4442AF76464FEA8B036E
:105F800056AA1A44BBF1000F52ED146A16DD07EB56
:105F90008B02294666EE897AB0EE667AFDEEE77AE4
:105FA00032ED016AF8EEE77ABA42A7EEE87A77EEC8
:105FB000866ABDEEC77AA1EC017AEBD1414616EEB6
:105FC000900A019300F0BCFC08EE100AF4EE007A8F
:105FD00068EE277A17EE900A00F0ECFB07EE100A45
:105FE000F2EE007AA7EE678AB8F1000F019BFDEE92
:105FF000C89AF0EE487AB8EEE98A37EEC88A40F3DC
:10600000C6800BF1FF3CC8F1080255F82C1041FA8C
:1060100002F000FA02F2891A45F82C1019EE90CA23
:106020008444C8F1070209EE90CA41FA02F2002A3C
:1060300048DD19EE901ABBF1000F01F1010109EEE4
:10604000901A40F33682D5F800C0BCF1000F40F042
:106050009B80BBF1010F20D0AE4601205EF8041FEB
:1060600000F1010C002900F09980E6468C4671464B
:10607000CCF5807C8B4545F820C00CDD55F821001F
:106080002B4405EB810100E00868C0F1FF0041F8F6
:10609000040B9942F8D14FF0010CB8F1000F0EDD5E
:1060A000B8F1010F00F02E81B8F1020F07D10BF10A
:1060B000FF3155F8213003F03F0345F82130022A23
:1060C00000F00981B5EE408AF1EE10FA40F08680CA
:1060D000009B0BF1FF3C63450EDC0BF18041013965
:1060E00005EB8101002051F80439514540EA0300D5
:1060F000F9D1002840F00F81009B013B55F8233077
:10610000002B40F0FC80049B4FF0010C53F8042955
:106110000CF1010C002AF9D0DC440BF1010EE6452C
:1061200030DC039B029A0EEB03015A4403EB0C0B89
:106130001AAB01F1804103EB8202659B013903EB4D
:10614000810107EB8E0E03EB8B0B51F8043F9FEDA3
:10615000177A07EE903AF8EEE77A1046B9F1000F99
:10616000E0EC017A09DB334601E072ED017AF3ECF1
:10617000016AA342A6EEA77AF7D15945AEEC017A9F
:106180000246E2D1E346F9E60121002070E715D18D
:106190000BF1FF3255F82220121248E7E345604622
:1061A0007FF45CAF8C4678E750B404000000000038
:1061B000000080430000803B0000C93FF6EE007AFB
:1061C000B4EEE78AF1EE10FA80F25D81B5EE408A16
:1061D000F1EE10FA4FF000023FF47AAFC8F100017F
:1061E00018EE100A0192009E00F0AAFB5FED106A03
:1061F000019A07EE100AB4EEE67AF1EE10FAC0F258
:106200005B815FED147A67EE277A0BF10103FDEEF7
:10621000E77A08F10808F8EEE77AA7EEE67AFDEEED
:10622000E77ABDEEC77A17EE101A45F82B1017EE75
:10623000901A45F8231041464FF07E50CDE90023D7
:1062400000F07EFB019B009A002B07EE100AC0F2C3
:106250004A819F0042A907F1040E5FED2A6A0F44AC
:10626000381D05EB0E0171ED017AF8EEE77AA942CF
:1062700067EE877A27EE267A60ED017AF3D10DF189
:10628000B8081FED336AC44603F101090025002E4A
:10629000C0F20481A24CDFEDA37A3846B0EE467A14
:1062A000002103E0A94208DCB4EC017AF0EC016AB9
:1062B00001318E42E6EE877AF4DA01354D45ECEC99
:1062C000017AA7F10407E2D16499032955D8DFE8E0
:1062D00001F0CAB7B75DF7EE007A37EEC88ABCF1B5
:1062E000000F3FF4EFAE17EE900A4146019200F026
:1062F00027FB07EE900A019A38EE678AE2E64FF034
:10630000010C09E70BF1FF3155F8213003F07F0351
:1063100045F82130D3E655F82C10009E6346A8F1CD
:106320000808002987D10CF18041013905EB810172
:1063300051F80409013BA8F108080028F8D07AE7D1
:10634000DFED787A002A40F0BF809DED2E7A059926
:10635000002BC1ED007A77EE677A0BDD2FA80121C3
:10636000B0EC017A01318B4277EE877AF8DA002AB5
:1063700040F0B680059BC3ED017A19EE903A03F028
:10638000070057B0BDEC048BBDE8F08F002B40F345
:10639000C4809C0056A921440DF1B80803F1804047
:1063A00051ED286A013808EB830171ED017A37EE6F
:1063B000A67A884577EEC77A81ED007A77EEA67ADD
:1063C000F0EE476AC1ED017AEFD1012B40F3A580D1
:1063D00056AB1C448000031D54ED286A43442FA98A
:1063E00073ED017A37EEA67A994277EEC77A83ED9C
:1063F000007A77EEA67AF0EE476AC3ED017AEFD124
:106400000830DFED487A08EB000308F1080833EDA7
:10641000017A984577EE877AF9D1DDED2E6A9DED08
:106420002F7A2AB1F1EE666AB1EE477AF1EE677A19
:10643000059BC3ED006A83ED017AC3ED027A9CE708
:10644000002BFFF67DAF2EA800EB8301DFED357A40
:10645000043131ED017A884277EE877AF9D1002A4A
:106460003FF473AF30E0DFED2F7AC6443EED017AA2
:10647000F04577EE877AF9D10AB1F1EE677A059B9C
:10648000C3ED007A79E719EE902ABBF1000F02F113
:10649000010209EE902A3ADD0222D4E5DFED217AED
:1064A00001354D45ECEC017AA7F104077FF4EFAE1E
:1064B0000AE74FF0000CF0E5BDEEC77A5B4617EE39
:1064C000101A45F82B10B6E6DDED2E6A0599B1EEEF
:1064D000677A002B76EEE77A81ED007A3FF73EAFE0
:1064E000F1EE677A46E7649903293FF646AF01A0CB
:1064F00050F821F005650400416404004164040083
:106500008D630400DFED077A002AB6D1B7E7F7EE16
:10651000007A37EEC88A0222D4E5DFED027A7CE702
:1065200028B404000000000020F00043B3F1485FED
:1065300007EE900A06EE101A04DABDEEE77A17EEBF
:10654000103A23B327EEA77A9FED174ADFED174ADB
:106550009FED175ADFED175ADFED176AE7EE044A91
:1065600027EE874AA4EE875AE5EE075AE5EE876ADA
:1065700082B166EEC46AF6EE005AE6EE256ADFEDF9
:106580000F5A96EE876AA4EE256A77EEC67A17EE62
:10659000900A70479FED0A6AA7EE266AE6EE047A33
:1065A00017EE900A704700BFD3C92E2F342FD7B2F1
:1065B0001BEF3836010D50B98988083CABAA2A3E3A
:1065C000ABAA2ABE41F0004101F58010C00F704710
:1065D0000020704700200149704700BF0000F87F8D
:1065E00038B520F00044B4F1A14F07EE900A0546FB
:1065F0000DDBB4F1FF4F5CDC9FED557ADFED557A92
:106600000028C8BFF0EE477A17EE900A38BD524B0B
:106610009C4261DCB4F1445F50DB4FF0FF3327EE66
:10662000A76A9FED4E1A9FED4E2ADFED4E1ADFED61
:106630004E2A9FED4E3ADFED4E3A9FED4E4ADFED8A
:106640004E4A9FED4E5A9FED4E7ADFED4E5A66EE62
:10665000066A5A1CA6EE812AE6EEA12AA2EE263A86
:10666000E2EEA63AA3EE264AE3EEA64AA4EE265AA6
:10667000A4EEA67AE5EE265A27EE267AA5EE867ACD
:1066800027EE277A3FD04049404A9B001944D1ED7C
:10669000006A37EE667A134437EE677AD3ED007AF4
:1066A00077EEC77A002DB8BFF1EE677A17EE900A41
:1066B00038BD77EEA77A17EE900A38BD9FED347A91
:1066C00037EE877AF7EE006AB4EEE67AF1EE10FA6A
:1066D000A3DD17EE900A38BD00F060F82D4B9C4208
:1066E00007EE100A14DCA3F5D0039C4225DCF0EE83
:1066F000007AFFEE006AE7EE276A002337EE277A7A
:10670000C6EE877A8BE777EEC77A17EE900A38BD28
:10671000214B9C420BDCF7EE087AF7EE006AE7EEBD
:10672000276A022337EE677AC7EE267A77E7FFEE0D
:10673000006AC6EE877A032371E7F7EE007A77EEF8
:10674000676A37EE277A0123C6EE877A67E700BFCC
:10675000DB0FC93FDB0FC9BFFFFFDF3ED769853CB9
:1067600059DA4B3D21A215BD6BF16EBD356B883DED
:1067700095879DBD6E2EBA3D388EE3BD2549123EEC
:10678000CDCC4CBEABAAAA3E6CB404005CB40400F1
:10679000CAF24971FFFF973FFFFF1B4020F0004006
:1067A000704700BF20F00040B0F1FF4FACBF0020A9
:1067B0000120704782B00190019A22F00041CB0D78
:1067C0007F3B162B20DC002B10462EDB2349194182
:1067D0000A4224D0DFED227A9DED017A77EE277A06
:1067E000F5EEC07AF1EE10FA19DD002A04DA4FF462
:1067F000000242FA03F3184420EA010307EE903A3C
:1068000017EE900A02B07047B1F1FF4FDDED017A4B
:10681000F6D377EEA77A17EE900A02B07047DDED57
:10682000017A17EE900A02B07047DFED0D7A9DED08
:10683000017A77EE277AF5EEC07AF1EE10FAEEDD06
:10684000002A02DBDFED077ADAE7FFEE007A0029A3
:1068500018BFB0EE677AF0EE477AD1E7FFFF7F000E
:10686000CAF2497100000000004870470000C07F74
:1068700010B485B00190019A22F00041CB0D7F3B0E
:10688000162B2ADC21B3002B11464FEAD27032DBE3
:10689000294A1A4111421BD05208114207D04FF425
:1068A000001421EA020244FA03F342EA0301234BF3
:1068B00003EB800090ED007A07EE901A77EE277ACE
:1068C000CDED037ADDED037A77EEC77ACDED017A6F
:1068D000019805B05DF8044B7047B1F1FF4FF7D355
:1068E000DDED017A77EEA77ACDED017A019805B05A
:1068F0005DF8044B7047C2F316035B420F495B0A15
:10690000120D03F4800312051A4301EB800191ED8F
:10691000007A07EE902A77EE277ACDED037ADDED47
:10692000037A77EEC77A17EE903A23F0004343EAF2
:10693000C0730193CCE700BFFFFF7F007CB404006D
:1069400000B52DED028B83B00190019B33F0004226
:106950001DD0B2F1FF4F0FD2B2F5000F20D3D20DF0
:106960000A44FE2A2CDC002A3DDD23F0FF4343EAE3
:10697000C25307EE903A03E007EE900A77EEA77A4B
:1069800017EE900A03B0BDEC028B5DF804FBDDED61
:10699000017A17EE900A03B0BDEC028B5DF804FBA0
:1069A0009DED017ADFED1B7A1B4B67EE277A99424A
:1069B000CDED017A10DB019BC3F3C752193ACFE743
:1069C0009FED168A019918EE100A00F041F907EEC2
:1069D000900A67EE887AD3E7DFED117A9DED017AB0
:1069E00067EE277ACCE712F1160F06DA4CF2503335
:1069F0009942E5DC9FED0A8AE4E7193223F0FF4370
:106A000043EAC2539FED077A07EE903A67EE877A22
:106A1000B6E700BF0000004CB03CFFFFCAF249716E
:106A20006042A20D0000003330B482B00190019B9F
:106A300033F0004241D0002B4ADBB3F1FF4F54DA70
:106A4000B3F5000F80F29D80DFED6E7A9DED017A47
:106A500067EE277A6FF0180517EE903A6A4AC3F38B
:106A60001604224402F4000282F07E50DB1504F189
:106A70000F0120437F3B07EE900AC1F316012B4420
:106A8000B7EE007A0F2903EBD25337EEC77A35DC25
:106A9000B5EE407AF1EE10FA75D1002B00F0AE8021
:106AA00007EE903AB8EEE77ADFED587ADFED586AF4
:106AB00067EE277AE7EE267A05E0DFED566A9FED6E
:106AC000567AC6EE877A17EE900A02B030BC70474D
:106AD000DDED017A9FED507A77EEE76AC6EE877AB0
:106AE00017EE900A02B030BC7047DDED017A77EE08
:106AF000A77A17EE900A02B030BC7047B0EE006A79
:106B000037EE066A9FED452ADFED453ADFED454A4F
:106B1000DFED452A9FED454ADFED456ADFED457A19
:106B20004549C7EE065AC4F55712214402F52272B0
:106B30000A43002A06EE103A25EEA55AB8EEC63AE8
:106B400025EE056AE6EE023AA6EE224AE3EE864A12
:106B5000E4EE067AE4EE866A66EE856AE7EE866A19
:106B60003BDDB6EE006A27EE066A26EE076A76EE91
:106B7000866A66EEA56A03BB76EE666A77EE667A8B
:106B8000A1E700256AE7DFED2D6AF6EE007AE7EE71
:106B9000667A67EE076A67EEA67ADBB106EE903A90
:106BA000DFED1A5A9FED1A6AF8EEE66AE6EEE57A2C
:106BB00077EEC77AD6EE867A85E7DFED147ADFEDD9
:106BC000145AE3EE276A76EE667A77EEC77AD3EE4A
:106BD000257A78E777EE677A75E777EE667A67EE7B
:106BE000A57A002BF6D09FED096ADFED096AE3EE86
:106BF000467A77EEC77AD3EE267A64E7DFED067A37
:106C000061E700BF0000004C20FB4A00D1F71737B6
:106C10008071313F000000CC000000009788173ED3
:106C200025333A3E2549923E4FD01C3E298E633E85
:106C3000ABAA2A3FCDCCCC3E305CCFFFABAAAA3E5C
:106C400003F0004321F0004242EA0301704700BF15
:106C500001F0004120F000400843704710B5054C9A
:106C600013462CB10A4601460220AFF3008010BD46
:106C70002046FCE700000000014B1868704700BF89
:106C80003C21002008B5074B044613B10021AFF3A7
:106C90000080054B1868836A03B19847204600F0CE
:106CA00061FF00BF0000000084B4040070B50D4E09
:106CB0000D4CA41BA4100025A54209D10B4E0C4C71
:106CC00001F00EF9A41BA4100025A54205D170BD4A
:106CD00056F8253098470135EEE756F825309847A5
:106CE0000135F2E77C2300207C2300207C23002058
:106CF000A0230020024B0146186800F08CBF00BFA3
:106D00003C21002038B5074C0023054608461146B3
:106D1000236000F01FFF431C02D1236803B12B60E6
:106D200038BD00BF48430020084B37B51C68084DEC
:106D3000236A002B08BF2B46009313460A460146E0
:106D4000204600F0B6FF03B030BD00BF3C2100205C
:106D5000A0210020084B37B51C68084D236A002B82
:106D600008BF2B46009313460A460146204601F011
:106D70001BF803B030BD00BF3C210020A021002043
:106D800081F0004102E000BF83F0004330B54FEADC
:106D900041044FEA430594EA050F08BF90EA020F49
:106DA0001FBF54EA000C55EA020C7FEA645C7FEADC
:106DB000655C00F0E2804FEA5454D4EB5555B8BFFF
:106DC0006D420CDD2C4480EA020281EA030382EA70
:106DD000000083EA010180EA020281EA0303362D02
:106DE00088BF30BD11F0004F4FEA01314FF4801CD5
:106DF0004CEA113102D0404261EB410113F0004FE7
:106E00004FEA03334CEA133302D0524263EB43039D
:106E100094EA050F00F0A780A4F10104D5F1200E3B
:106E20000DDB02FA0EFC22FA05F2801841F1000196
:106E300003FA0EF2801843FA05F359410EE0A5F16A
:106E400020050EF1200E012A03FA0EFC28BF4CF09B
:106E5000020C43FA05F3C01851EBE37101F0004551
:106E600007D54FF0000EDCF1000C7EEB00006EEB5E
:106E70000101B1F5801F1BD3B1F5001F0CD34908E8
:106E80005FEA30004FEA3C0C04F101044FEA44523F
:106E900012F5800F80F09A80BCF1004F08BF5FEAC6
:106EA000500C50F1000041EB045141EA050130BDA6
:106EB0005FEA4C0C404141EB010111F4801FA4F149
:106EC0000104E9D191F0000F04BF01460020B1FA9E
:106ED00081F308BF2033A3F10B03B3F120020CDAD6
:106EE0000C3208DD02F1140CC2F10C0201FA0CF0B4
:106EF00021FA02F10CE002F11402D8BFC2F1200C19
:106F000001FA02F120FA0CFCDCBF41EA0C019040CE
:106F1000E41AA2BF01EB0451294330BD6FEA040417
:106F20001F3C1CDA0C340EDC04F11404C4F1200202
:106F300020FA04F001FA02F340EA030021FA04F314
:106F400045EA030130BDC4F10C04C4F1200220FA6B
:106F500002F001FA04F340EA0300294630BD21FAA9
:106F600004F0294630BD94F0000F83F4801306BF6F
:106F700081F480110134013D4EE77FEA645C18BF63
:106F80007FEA655C29D094EA050F08BF90EA020FFA
:106F900005D054EA000C04BF1946104630BD91EAF2
:106FA000030F1EBF0021002030BD5FEA545C05D1F5
:106FB0004000494128BF41F0004130BD14F5800434
:106FC0003CBF01F5801130BD01F0004545F0FE41A8
:106FD00041F470014FF0000030BD7FEA645C1ABFDD
:106FE000194610467FEA655C1CBF0B46024650EA14
:106FF000013406BF52EA033591EA030F41F4002140
:1070000030BD00BF90F0000F04BF0021704730B5C5
:107010004FF4806404F132044FF000054FF000019A
:1070200050E700BF90F0000F04BF0021704730B55B
:107030004FF4806404F1320410F0004548BF404230
:107040004FF000013EE700BF42004FEAE2014FEA85
:1070500031014FEA02701FBF12F07F4393F07F4F60
:1070600081F06051704732F07F4208BF704793F063
:107070007F4F04BF41F40021704730B54FF4607476
:1070800001F0004521F000411CE700BF50EA010279
:1070900008BF704730B54FF000050AE050EA010222
:1070A00008BF704730B511F0004502D5404261EB92
:1070B00041014FF4806404F132045FEA915C3FF4D3
:1070C000D8AE4FF003025FEADC0C18BF03325FEA70
:1070D000DC0C18BF033202EBDC02C2F1200300FA21
:1070E00003FC20FA02F001FA03FE40EA0E0021FA46
:1070F00002F11444BDE600BF70B54FF0FF0C4CF434
:10710000E06C1CEA11541DBF1CEA135594EA0C0FE5
:1071100095EA0C0F00F0DEF82C4481EA030621EA20
:107120004C5123EA4C5350EA013518BF52EA03355B
:1071300041F4801143F4801338D0A0FB02CE4FF00D
:107140000005E1FB02E506F00042E0FB03E54FF03D
:107150000006E1FB03569CF0000F18BF4EF0010E35
:10716000A4F1FF04B6F5007F64F5407404D25FEA31
:107170004E0E6D4146EB060642EAC62141EA5551E4
:107180004FEAC52040EA5E504FEACE2EB4F1FD0C26
:1071900088BFBCF5E06F1ED8BEF1004F08BF5FEAA4
:1071A000500E50F1000041EB045170BD06F0004656
:1071B00046EA010140EA020081EA0301B4EB5C0403
:1071C000C2BFD4EB0C0541EA045170BD41F48011FB
:1071D0004FF0000E013C00F3AB8014F1360FDEBF20
:1071E000002001F0004170BDC4F10004203C35DAFC
:1071F0000C341BDC04F11404C4F1200500FA05F37F
:1072000020FA04F001FA05F240EA020001F000421F
:1072100021F0004110EBD37021FA04F642EB060195
:107220005EEA430E08BF20EAD37070BDC4F10C04BF
:10723000C4F1200500FA04F320FA05F001FA04F283
:1072400040EA020001F0004110EBD37041F100016F
:107250005EEA430E08BF20EAD37070BDC4F120057A
:1072600000FA05F24EEA020E20FA04F301FA05F2E2
:1072700043EA020321FA04F001F0004121FA04F28A
:1072800020EA020000EBD3705EEA430E08BF20EA5A
:10729000D37070BD94F0000F0FD101F00046400094
:1072A00041EB010111F4801F08BF013CF7D041EA16
:1072B000060195F0000F18BF704703F0004652001A
:1072C00043EB030313F4801F08BF013DF7D043EAEB
:1072D0000603704794EA0C0F0CEA135518BF95EAA1
:1072E0000C0F0CD050EA410618BF52EA4306D1D128
:1072F00081EA030101F000414FF0000070BD50EA47
:10730000410606BF1046194652EA430619D094EAD0
:107310000C0F02D150EA013613D195EA0C0F05D1BA
:1073200052EA03361CBF104619460AD181EA03010E
:1073300001F0004141F0FE4141F470014FF00000C6
:1073400070BD41F0FE4141F4780170BD70B54FF061
:10735000FF0C4CF4E06C1CEA11541DBF1CEA1355E1
:1073600094EA0C0F95EA0C0F00F0A7F8A4EB0504C3
:1073700081EA030E52EA03354FEA013100F08880BA
:107380004FEA03334FF0805545EA131343EA126383
:107390004FEA022245EA111545EA10654FEA002638
:1073A0000EF000419D4208BF964244F1FD0404F5F1
:1073B000407402D25B084FEA3202B61A65EB03054D
:1073C0005B084FEA32024FF480104FF4002CB6EB0A
:1073D000020E75EB030E22BFB61A754640EA0C008A
:1073E0005B084FEA3202B6EB020E75EB030E22BFCA
:1073F000B61A754640EA5C005B084FEA3202B6EB0B
:10740000020E75EB030E22BFB61A754640EA9C00C9
:107410005B084FEA3202B6EB020E75EB030E22BF99
:10742000B61A754640EADC0055EA060E18D04FEA57
:10743000051545EA16754FEA06164FEAC30343EAF7
:1074400052734FEAC2025FEA1C1CC0D111F4801FC4
:107450000BD141EA00014FF000004FF0004CB6E7BD
:1074600011F4801F04BF01430020B4F1FD0C88BF5C
:10747000BCF5E06F3FF6AFAEB5EB030C04BFB6EB67
:10748000020C5FEA500C50F1000041EB045170BD5A
:107490000EF0004E4EEA113114EB5C04C2BFD4EB87
:1074A0000C0541EA045170BD41F480114FF0000E0B
:1074B000013C90E645EA060E8DE60CEA135594EA87
:1074C0000C0F08BF95EA0C0F3FF43BAF94EA0C0F8A
:1074D0000AD150EA01347FF434AF95EA0C0F7FF4FF
:1074E00025AF104619462CE795EA0C0F06D152EA53
:1074F00003353FF4FDAE1046194622E750EA410637
:1075000018BF52EA43067FF4C5AE50EA41047FF447
:107510000DAF52EA43057FF4EBAE12E74FF0FF3CAC
:1075200006E000BF4FF0010C02E000BF4FF0010C7D
:107530004DF804CD4FEA410C7FEA6C5C4FEA430CF6
:1075400018BF7FEA6C5C1BD001B050EA410C0CBF45
:1075500052EA430C91EA030F02BF90EA020F0020A7
:10756000704710F1000F91EA030F58BF994208BF0E
:1075700090422CBFD8176FEAE37040F001007047CB
:107580004FEA410C7FEA6C5C02D150EA013C07D122
:107590004FEA430C7FEA6C5CD6D152EA033CD3D06D
:1075A0005DF8040B704700BF8446104662468C4667
:1075B0001946634600E000BF01B5FFF7B7FF00289A
:1075C00048BF10F1000F01BD4DF808EDFFF7F4FFC3
:1075D0000CBF012000205DF808FB00BF4DF808ED4E
:1075E000FFF7EAFF34BF012000205DF808FB00BF71
:1075F0004DF808EDFFF7E0FF94BF012000205DF893
:1076000008FB00BF4DF808EDFFF7CEFF94BF012047
:1076100000205DF808FB00BF4DF808EDFFF7C4FF40
:1076200034BF012000205DF808FB00BF4FEA410C89
:107630007FEA6C5C02D150EA013C0AD14FEA430C6C
:107640007FEA6C5C02D152EA033C02D14FF00000A9
:1076500070474FF0010070474FEA410212F50012E7
:1076600015D211D56FF47873B3EB625212D94FEA89
:10767000C12343F0004343EA505311F0004F23FA73
:1076800002F018BF404270474FF00000704750EAC8
:10769000013005D111F0004008BF6FF00040704785
:1076A0004FF00000704700BF4A0011D212F50012DF
:1076B00011D20DD56FF47873B3EB62520ED44FEA4A
:1076C000C12343F0004343EA505323FA02F07047CA
:1076D0004FF00000704750EA013002D14FF0FF3008
:1076E00070474FF0000070474FEA4102B2F1E043AB
:1076F00024BFB3F5001CDCF1FE5C0DD901F0004C99
:107700004FEAC0024CEA5070B2F1004F40EB8300E8
:1077100008BF20F00100704711F0804F21D113F114
:107720003872BCBF01F00040704741F480114FEA4D
:107730005252C2F11802C2F1200C10FA0CF320FAD6
:1077400002F018BF40F001004FEAC1234FEAD323F3
:1077500003FA0CFC40EA0C0023FA02F34FEA43035D
:10776000CCE77FEA625307D150EA01331EBF4FF0E6
:10777000FE4040F44000704701F0004040F0FE4001
:1077800040F40000704700BF53B94AB9002908BF50
:1077900000281CBF4FF0FF314FF0FF3000F0D0B990
:1077A000ADF1080C6DE904CE00F064F8DDF804E0FA
:1077B000DDE9022304B070472DE9F84382EAE27460
:1077C000A4EBE2741546E20758BFDFF86090064666
:1077D0000F4652BF4FF00008804689466408324683
:1077E0003B463046394613D0FFF786FCE307064692
:1077F0000F46F3D54046494632463B46FFF77CFCF0
:1078000064088046894632463B4630463946EBD1CD
:10781000002D07DA42464B4600200449FFF796FD4B
:107820008046894640464946BDE8F8830000F03F5F
:10783000D0B500220D4B06460F46FFF75DFCFFF763
:1078400033FF0446FFF7DEFB0022094BFFF754FC31
:1078500002460B4630463946FFF796FAFFF724FFFB
:107860000022234610431946D0BD00BF0000F03D62
:107870000000F0412DE9F047089E04468846002BA1
:107880004BD18A42154667D9B2FA82F24AB1C2F1A7
:10789000200701FA02F320FA07F7954047EA0308A8
:1078A00094404FEA154E230CB8FBFEF71FFA85FCF7
:1078B0000EFB178843EA084307FB0CF1994209D9EC
:1078C000EB1807F1FF3080F01B81994240F21881DC
:1078D000023F2B445B1AA4B2B3FBFEF00EFB103345
:1078E00044EA034400FB0CFCA44509D92C1900F11F
:1078F000FF3380F00781A44540F2048102382C4414
:1079000040EA0740A4EB0C0400271EB1D44000233A
:10791000C6E900433946BDE8F0878B4209D9002EFD
:1079200000F0EB800027C6E9000138463946BDE883
:10793000F087B3FA83F7002F47D18B4202D38242FC
:1079400000F2FA80841A61EB030301209846002EAE
:10795000E0D0C6E90048DDE702B9FFDEB2FA82F204
:10796000002A40F08F80491B4FEA154E1FFA85F818
:107970000127B1FBFEFC230C0EFB1C1143EA014363
:1079800008FB0CF1994207D9EB180CF1FF3002D239
:10799000994200F2CD808446591AA3B2B1FBFEF0A1
:1079A0000EFB101443EA044408FB00F8A04507D975
:1079B0002C1900F1FF3302D2A04500F2B680184620
:1079C000A4EB080440EA0C409FE7C7F1200CBB4041
:1079D00022FA0CFE4EEA030E01FA07F420FA0CF527
:1079E00021FA0CF34FEA1E482543B3FBF8F92C0C9F
:1079F00008FB19331FFA8EFA44EA034309FB0AF421
:107A00009C4202FA07F200FA07F10BD91EEB0303BE
:107A100009F1FF3080F087809C4240F28480A9F118
:107A2000020973441B1BADB2B3FBF8F008FB103323
:107A300045EA034400FB0AFAA24508D91EEB0404F8
:107A400000F1FF336BD2A24569D90238744440EA91
:107A50000940A0FB0289A4EB0A044C45C2464B46F0
:107A600054D351D0002E69D0B1EB0A0564EB030466
:107A700004FA0CFCFD40FC404CEA0505C6E9005444
:107A8000002747E7C2F1200320FA03F7954001FAE7
:107A900002F021FA03F34FEA154E3843010CB3FB11
:107AA000FEF71FFA85F80EFB173341EA034107FB87
:107AB00008F38B4204FA02F407D9691807F1FF3C76
:107AC0002FD28B422DD9023F2944CB1A81B2B3FB6E
:107AD000FEF00EFB103341EA034100FB08F38B423A
:107AE00007D9691800F1FF3C17D28B4215D902382B
:107AF0002944C91A40EA07473BE73746304609E7B9
:107B00000746E7E61846FBE64145ABD2B8EB020A6A
:107B100069EB0E0201381346A4E76046E9E7184610
:107B200095E76746D1E781467CE702382C4447E772
:107B3000ACF1020C2B442FE7384608E73746E9E65C
:107B4000704700BF024B58221A604FF0FF30704759
:107B500048430020024B58221A604FF0FF30704714
:107B600048430020FEE700BFEBF748BF0B46014645
:107B70001846FFF773B810B5002814BF0446012457
:107B80002046EBF715FF30B9FCF7BCF908B900F057
:107B90000FF88047F4E710BD08B500F004F808B509
:107BA000804700F005F808B5FCF7B4F9FFF7F7FFD8
:107BB00008B50620FFF79EF80120FFF7D3FF0A2241
:107BC0000021FFF7B1B830B50024A24201D1002056
:107BD00007E0035D01340D1915F8015CAB42F4D0E8
:107BE000581B30BD884210B501EB020307D8421E76
:107BF00099420AD011F8014B02F8014FF8E783428D
:107C0000F5D98118D21AD34200D110BD13F8014D15
:107C100001F8014DF7E71F2938B504460D4604D990
:107C2000162303604FF0FF3038BD426C12B152F89A
:107C300021304BB9204600F016F82A46014620466E
:107C4000BDE83840FFF75EB8012B0AD0591C03D1BC
:107C5000162303600120E7E7002442F82540284668
:107C600098470020E0E7FFF76DBF10F8012B11F8EF
:107C7000013B012A28BF9A42F7D0D01A7047034629
:107C800013F8012B002AFBD1181A0138704710B5E0
:107C90006AB10139841810F8013B11F8012F9342A1
:107CA00003D1A04201D0002BF5D1981A10BD104687
:107CB000FCE72DE9F0478046894692461E460F466E
:107CC0003D46089815F8014B00F0E8F82044437849
:107CD00013F0080332D12D2C32D17C78BD1C012247
:107CE000002E5DD0102E09D1302C07D12B7803F057
:107CF000DF03582B4FD16C7810260235002A14BFB1
:107D00004FF000416FF000410027B1FBF6FC384610
:107D100006FB1C1EA4F13003092B17D81C46A642F3
:107D200023DD7B1C07D084451CD301D1A64519DB7C
:107D300000FB0640012715F8014BEBE72F46BFE794
:107D40002B2C04BFBD1C7C781A46C9E7A4F1410363
:107D5000192B01D8373CE2E7A4F16103192B04D8B1
:107D6000573CDCE74FF0FF37E5E77B1C08D12223C7
:107D7000C8F800300846BAF1000F07D1BDE8F08717
:107D800002B14042BAF1000FF8D00FB105F1FF394E
:107D9000CAF80090F2E73024002EAFD10826ADE7F4
:107DA000302CA3D00A26A9E72DE9F0478046894662
:107DB00092461E460F463D46089815F8014B00F0C6
:107DC0006DF82044437813F0080330D12D2C30D1C6
:107DD0007C78BD1C0121002E5CD0102E09D1302CE6
:107DE00007D12B7803F0DF03582B4ED16C78102687
:107DF00002354FF0FF320023B2FBF6F206FB02FC25
:107E00006FEA0C0C1846A4F13007092F17D83C462E
:107E1000A64223DD002B1EDB82421CD301D1A445E8
:107E200019DB00FB0640012315F8014BEBE72F4659
:107E3000C1E72B2C04BFBD1C7C781946CBE7A4F10D
:107E40004107192F01D8373CE2E7A4F16107192F48
:107E500004D8573CDCE74FF0FF33E5E7002B09DAA5
:107E60002223C8F800304FF0FF30BAF1000F07D1DD
:107E7000BDE8F08701B14042BAF1000FF8D00BB174
:107E800005F1FF39CAF80090F2E73024002EB0D196
:107E90000826AEE7302CA4D00A26AAE7D0F8EC00DA
:107EA000704782B001B901A942B14BB113780B60A0
:107EB0001278101C18BF012002B070471046FBE773
:107EC0006FF00100F8E749B1FF2A85BF8A230360FC
:107ED0000A704FF0FF3098BF012070470846704786
:107EE000F8B500BFF8BC08BC9E467047F8B500BFA7
:107EF000F8BC08BC9E46704700000000000000006F
:107F00000108010842424242010801083ED8E98DB9
:107F10004D100200511002005910020061100200C1
:107F200071100200851002008526020091100200E7
:107F3000C110020039140200E110020045110200D4
:107F4000B91402006916020081160200A916020087
:107F5000C1360200B51602001517020009350200ED
:107F600095370200611702006118020021380200F3
:107F7000A1340200653402008D3402001D39020074
:107F80008D1A0200751B0200291E0200F11E02005C
:107F900041240200E924020055390200E5250200CF
:107FA00041380200C13A0200F93A0200153B0200D2
:107FB0002D3B0200493B0200653B0200813B020071
:107FC0009D3B0200AD3B0200E53B0200353C020058
:107FD0005D3C0200D13C0200193D0200293D020037
:107FE000393D0200893D0200C13D0200D13D020041
:107FF000AD460200C1830200117D020035800200FF
:108000004180020059800200815602004D8002002A
:10801000657D02002D8002004D6402009956020029
:10802000515A02007D5902002D590200815B020065
:10803000DD530200B9550200C9550200DD550200AA
:10804000F9550200A95F0200F95E0200D564020042
:10805000F5640200598602005D860200288704004C
:108060005887040088870400E0880400017D02002E
:10807000B17D0200256F02001967020079860200B7
:1080800071860200758602004D6302006161020084
:10809000D16102008157020095570200B5570200D6
:1080A0007558020089580200C1580200D5520200DA
:1080B00025560200395602003D5602004556020080
:1080C00051560200595602006956020071560200CC
:1080D000795602001561020045610200A57D02008B
:1080E000F98002002581020091810200C551020041
:1080F000D15102002952020031520200A55502005E
:1081000055550200515202001553020089540200D5
:10811000195302005D530200C5530200D5530200FB
:10812000F1600200CD5B0200F55B02001D5C020005
:10813000755C0200A15C0200555A02004D5B020012
:10814000855A0200B55A0200DD5A0200055B0200A2
:10815000255B0200A1620200C5620200E962020022
:108160000D6302002D630200F5600200056102004C
:10817000895F0200995F0200015D0200055602005E
:10818000BD5D0200755E0200895E02009D5E020018
:10819000B15E0200C55E0200D95E02001556020003
:1081A0001D560200618602008156020091560200AF
:1081B0009956020015570200195702001D57020078
:1081C00031570200655702006957020079570200D3
:1081D000D5580200E1580200E5580200856402000B
:1081E000FD64020015650200396502008165020028
:1081F000A16502000D67020025670200216E0200E2
:108200008D6D0400DD75040019760400896D04008D
:108210004D730400F9700400AD460200D16F0200F6
:10822000F56F0200F96F020029700200557002001C
:108230008570020091700200D5700200F970020092
:1082400029710200557102005D7102006571020022
:1082500071710200817102007D3E0200A93E0200A0
:10826000093F0200153F0200453F0200813F020026
:10827000853F02008D71020099710200FD710200BC
:108280002172020045720200497402006972020004
:108290000D73020045730200517302006173020006
:1082A0006D730200917302002574020035740200A0
:1082B000C94F0200D14F0200DD4F0200E14F020022
:1082C000E54F0200E94F0200ED4F0200F54F0200BA
:1082D0000D500200195002002550020031500200DA
:1082E000455002008D500200915002009D50020046
:1082F000A1500200B1500200B9500200BD5002006E
:10830000C1500200CD500200D5500200E9500200D9
:10831000F5500200F950020091740200A1740200AD
:10832000F5740200057502003D75020049750200F2
:1083300015750200217502002D75020055750200A9
:10834000697502007D7602008D7602009976020042
:10835000A5760200C9760200F5770200F9770200DF
:108360000D78020021780200357802004978020079
:108370005D7802008578020091780200C1780200E1
:10838000E1780200E5780200F978020049790200FC
:10839000A1790200AD790200F57902001D7A020090
:1083A0002D7A0200357A0200DD7B02000D7C02008E
:1083B000757A0200897A0200ED7A0200017B0200E0
:1083C000197B0200717B0200997B0200C57B0200D1
:1083D000D1830200E18102002D820200718202003D
:1083E000A1820200B9820200158302005D830200AF
:1083F0006983020099830200A5830200B183020011
:10840000ED3F0200F13F0200094002001D40020062
:108410003540020049400200AD430200E944020039
:10842000AD400200B1400200E14002000D410200F7
:108430008D41020099410200DD41020051420200DB
:10844000694202009142020099420200DD3D0200B1
:10845000F13D0200053E0200193E02002D3E0200E1
:10846000413E0200553E0200693E02009584020032
:10847000BD840200D1840200E5840200F984020078
:108480000D8502002185020035850200017602007B
:1084900025760200497602004D76020069760200D8
:1084A00069840200118402005D8402005985020083
:1084B00089850200FD850200000000000000000028
:1084C0000338FDD8704700000100000000000000E4
:1084D0000A0000000000000064000000000000002E
:1084E000E80300000000000010270000000000006A
:1084F000A08601000000000040420F0000000000C4
:10850000809698000000000000E1F50500000000E2
:1085100000CA9A3B0000000000E40B540200000077
:1085200000E87648170000000010A5D4E80000001D
:1085300000A0724E1809000000407A10F35A0000A3
:108540004FBB610567ACDD3F182D4454FB21E93F6B
:108550009BF681D20B73EF3F182D4454FB21F93F5A
:10856000E2652F227F2B7A3C075C143326A6813CE0
:10857000BDCBF07A8807703C075C143326A6913C8B
:10858000000000000000E03F000000000000E0BF2D
:108590000000E0FE422EE63F0000E0FE422EE6BF75
:1085A000763C7935EF39EA3D763C7935EF39EABDED
:1085B000000000000000000000000000000000803B
:1085C00000000040FB21F93F000000002D44743EF4
:1085D000000000809846F83C0000006051CC783BD9
:1085E00000000080831BF0390000004020257A380D
:1085F000000000802282E336000000001DF3693590
:10860000A50B0200F10B0200550C020000030C0F39
:1086100030333C3FC0C3CCCFF0F3FCFF001122331A
:10862000445566778899AABBCCDDEEFF0C0004F9AF
:10863000000000000500000000000000A10B020087
:10864000D50C0200E96E0200396F02000000000044
:10865000000000000000000000000000000000001A
:10866000000000008DDE02008DDE02008DDE0200C3
:10867000A9390200AD390200BDDE02008DDE020024
:108680008DDE02006DE1020091DE0200C1E1020018
:1086900095E20200A9DE0200B1120000267930DA6C
:1086A000A26E0273B604384AB1120000267930DA9D
:1086B000A26E0273B6043849CFDBDFE4E7ECF1F6D3
:1086C0003031323334353637383961626364656648
:1086D00000000000000000000000000021A30300D3
:1086E00079A203006D4403006D4403007544030048
:1086F000754403005D4403007D440300E9A50300C5
:1087000099440300B1A60300E9A20300B9440300A1
:1087100095450200A9450200EDA30300322E30006A
:10872000322E3200322E5800080003F900000000FB
:108730000100000000000000315102004D64020001
:108740002D510200FD5002000551020009510200A6
:10875000295102000D510200080004F90000000038
:108760000300000000000000315102004D640200CF
:108770000000000021510200000000000000000085
:1087800000000000000000000C0002F900000000E2
:108790000200000000000000315102004D640200A0
:1087A000000000001D510200000000000000000059
:1087B0000000000000000000288704000700626F2E
:1087C0006F6C65616E000000288704000900756EFB
:1087D000646566696E6564005887040000000000E7
:1087E0000000000028870400000000002887040023
:1087F000080066756E6374696F6E00002887040058
:108800000900756E646566696E65640028870400FA
:108810000800496E66696E69747900002887040053
:1088200003004E614E0000002887040009002D4916
:108830006E66696E697479002887040004006E759D
:108840006C6C0000288704000400747275650000D9
:1088500028870400050066616C73650028870400A2
:1088600008005B4F626A6563745D0000288704003E
:108870000A005B46756E6374696F6E5D00000000F0
:108880002887040006006E756D62657200000000A6
:108890002887040006006F626A65637400000000A8
:1088A000288704000600737472696E670000000078
:1088B000080004F9000000000900000000000000AA
:1088C000756F02006D6F02007D6F0200716F020014
:1088D0000000000000000000000000000000000098
:1088E0000C0005F90000000004000000000000007A
:1088F0000D7D0200FD7C0200F96E0200416F020056
:108900000000000000000000000000000000000067
:10891000140004F90000000008000000000000003E
:10892000397C0200457C02000D6F0200516F02008D
:108930000000000000000000000000000000000037
:10894000080004F90000000007000000000000001B
:10895000097D0200057D0200056F02004D6F0200D7
:108960000000000000000000000000000000000007
:108970000C0004F9000000000600000000000000E8
:108980002D7C0200357C0200F16E02003D6F02007A
:1089900000000000000000000000000000000000D7
:1089A00000000000000000007D86020085860200B5
:1089B0008986020075880200512C0300218A02007A
:1089C000A58A02007A76677074756F6965617A7638
:1089D000677074756F6965617A76677074000000FE
:1089E000756E6B6E6F776E001B1B000E1100000022
:1089F00015160F18130000001C0B1F251E00000089
:108A000000000000000000000D8D0200892E030010
:108A1000058D0200C58C0200018D0200D590020078
:108A2000F98C0200F58C020000000000000000003C
:108A30007D8602008586020089860200CDAE020096
:108A4000512C0300119102003D9102008943030063
:108A50008D43030061B30200A143030069B002002B
:108A600039AE0200A9430300C4FFFFFF000000006D
:108A70007D860200CD5C0300898602000991020018
:108A8000512C03003591020069910200554249546E
:108A90005F4C4F475F46535F565F3030320A0000ED
:108AA000A88A040008000000010000000200000085
:108AB00002000000020000000300000002000000AD
:108AC0000400000001000000050000000800000094
:108AD0000600000001000000070000000100000087
:108AE000080000000100000000000000000000007D
:108AF0007D860200858602005D98020009910200D1
:108B0000512C030031930200499302000000000041
:108B1000000000007D86020085860200919D020013
:108B200009910200512C0300959C0200AD9C0200AB
:108B3000388B040008000000010000000C00000059
:108B40000200000005000000030000000200000019
:108B5000040000000100000005000000010000000A
:108B600006000000020000000700000003000000F3
:108B700008000000010000000000000000000000EC
:108B80007D86020085860200898602000991020026
:108B9000512C0300BD9D0200ED9D0200F1A00200DA
:108BA00031A102005DA50200A99D020085A5020079
:108BB000A5A50200AD9D0200F8FFFFFF0000000028
:108BC000259E02009DA50200B5A50200B59D0200EC
:108BD00029A1020009A202007DA5020000000000F8
:108BE00000000000BDA5020019A6020031A6020087
:108BF000000000000000000091A70200C9A50200CB
:108C0000D5A502000D7A0300E1A50200E9A5020046
:108C100011A60200217A03000000000000000000FD
:108C20007DAC020045AD020081AC020085AC0200C3
:108C300091AC0200A5AC020061AD02000000000092
:108C4000000000007D860200858602008986020001
:108C5000CDAE0200512C0300F9AD020015AE0200AA
:108C6000894303008D43030061B30200A143030065
:108C700069B0020039AE0200A94303000000000001
:108C80000000000015B9020085B3020089B302009C
:108C90000D7A030095B30200157A030099B3020020
:108CA000217A0300A9B30200F9B30200FCFFFFFF21
:108CB000000000007D860200858602008986020091
:108CC00009910200512C0300F1B302000DB402001F
:108CD000676967676C65000030313032333039388E
:108CE0003830313930303834343030343430303852
:108CF0003838313032333030313630313030333350
:108D0000303032343030303030303030303030305D
:108D10003030303030303030303030303030303053
:108D20002C3131303233323537303038373431311D
:108D30003434303034343030383838303335323001
:108D4000303539303130303333303030313030300D
:108D50003030303030303030303030303030313012
:108D60003030303030303030302C333130323332FC
:108D700037323930323131303534343032383839B5
:108D800030383838303039313030363330303030B8
:108D900030303030323430373030303230303030C4
:108DA00030303030303030303330303030303030C0
:108DB00030302C3331303233323732393031303297
:108DC000303534343032383839303838383030395A
:108DD0003130303633303030303030303032343083
:108DE000373030303230303030303030303030307A
:108DF00030333030303030303030302C333130326E
:108E0000333237323930313134303534343032382E
:108E10003839303838383030393130303633303016
:108E20003030303030303234303730303032303033
:108E3000303030303030303030303330303030302F
:108E40003030303000000000686170707900000040
:108E500030313032333139393230363639313134DC
:108E600034303034343030383838303236323030D4
:108E700032383030303031383030303230353030D8
:108E800030303030303030303030303030313030E1
:108E900030303030303030302C30303233323231CC
:108EA000323930323935303834343032343034308D
:108EB0003838383030303030303034303030323292
:108EC000343030313130303030303030303030309C
:108ED0003030303030303037353030303030303086
:108EE000302C303030303032313239303239353068
:108EF0003934343032343034303838383031343535
:108F00003030303430303032323430303131303053
:108F10003030303030303030303030303030303051
:108F200037353030303030303030000068656C6CB0
:108F30006F0000003331303233303637333031395F
:108F400037303234343031313837303838383130E6
:108F500032333031323830303030303030303234FB
:108F60003030303030303030303030303030303001
:108F70003030303030303030303030302C333030F2
:108F800030303130363430303136303234343030C5
:108F9000393831303838383030303030313238309C
:108FA00030303030313030303430303030303030BC
:108FB00030303030303030303030303030303030B1
:108FC00030303030302C3331303233313036343091
:108FD000323933303234343030393831303838384F
:108FE000313032333031323830303030303130306F
:108FF000303430303030303030303030303030306D
:1090000030303030303030303030303030300000C0
:109010006D7973746572696F757300003430303028
:10902000303233393030333331303034343032341D
:1090300030343038383830343737303030343030FE
:109040003032323430303131303430303030303012
:109050003030303030303030303038303030303008
:10906000303030302C3430353531323834353338D7
:1090700035303030343430303434303038383830C3
:1090800030303030313238303330313035303031CB
:1090900036303030303030303030303030303030CA
:1090A0003030383530303035303030313500000038
:1090B000736164003331303233323232363037301C
:1090C0003830313434303136323430383838313069
:1090D0003233303132383030303030313030323479
:1090E0003030303030303030303030303030303080
:1090F0003030303030303030303030302C33313070
:109100003233313632333039333630323434303032
:109110003933393038383830303030303132383017
:109120003030303031303032343030303030303038
:10913000303030303030303030303030303030302F
:109140003030303030000000736C6964650000001E
:1091500031303532303233323530323233303234EE
:1091600034303234303430383838313032333031D2
:1091700032383031303230303030313130343030DC
:1091800030303030303030303030303030313030DE
:1091900030303030303030302C30313032333235C6
:1091A00032303039313030323434303034343030A1
:1091B0003838383130323330313238303130323281
:1091C0003430303131303430303030303030303095
:1091D000303030303030313030303030303030308E
:1091E00030000000736F6172696E67003231303297
:1091F0003334303039353330393035343430353933
:109200003939303838383130323330303232303228
:109210003030303430303032303235303030303041
:10922000303030303030303030323030303030303C
:10923000303030302C34303232333337323732370B
:1092400033303134343430303434303038383830EE
:1092500030303030303331303130323434303030FF
:1092600033303030303030303030303030303030FB
:10927000303030303030303030303030300000007E
:10928000737072696E6700003330363539303033B1
:109290003731313633313234343030353837303895
:1092A0003838303830373030333430303030303098
:1092B00030303234303030303030303030303030A8
:1092C0003030303030353030303030303030303099
:1092D0002C30313032333030333731313633313373
:1092E0003434303035383730383838313032333044
:1092F0003033313030303030303030323430303064
:109300003030303030303030303030303030353058
:109310003030303030303030300000007477696EDB
:109320006B6C6500303130313830303037363732A1
:1093300032303934343030373536303838383038E8
:109340003535303132383030303030303030323402
:10935000303030303030303030303030303030300D
:1093600030303030303030303030303000000000BD
:109370007961776E000000003230303030323238A0
:1093800031313333323032343430313530303038BB
:1093900038383130323330313238303130323431A4
:1093A00030303234303430303033303030303030B0
:1093B00030303030303130303030303030303030AC
:1093C0002C30303533313235323030393130303283
:1093D0003434303034343030383838303633363056
:1093E0003132383031303232343030313130333064
:1093F000303030303030303030303030303031306C
:109400003030303030303030302C30303832323054
:109410003738343031393030383434303034343017
:10942000303838383036383130303136303030300E
:10943000353530303234303030303030303030301C
:109440003030303030303030353030303030303017
:1094500030302C30303437393037383430313930DF
:1094600030383434303034343030383838303239C1
:1094700038303031363030303030303030323430D7
:1094800030303030303030303030303030303030DC
:1094900030353030303030303030302C30303332C6
:1094A000313037383430313930303834343030348A
:1094B0003430303838383031303830303136303080
:1094C000303033333030303830303030303030308E
:1094D0003030303030303030303035303030303087
:1094E00030303030000000000000000000000000BC
:1094F00011C2020019C2020021C2020039C20200D8
:1095000041C2020049C2020051C2020061C202000F
:1095100071C202007DC202008DC2020095C202002B
:109520009DC20200A5C20200B5C20200BDC2020077
:10953000C5C20200DDC20200E5C20200EDC20200A7
:10954000F5C20200FDC2020005C302003DC30200D5
:1095500041C3020045C3020079C3020000000000BD
:109560000000000011C2020019C2020021C2020064
:1095700085C6020041C2020049C3020051C2020076
:1095800061C2020071C202007DC202008DC20200EF
:1095900095C202009DC202004DC30200ADC602008A
:1095A0005DC3020051C40200DDC20200E5C2020038
:1095B000EDC20200F5C20200FDC2020005C30200B6
:1095C0003DC3020041C30200DDC30200C5C4020066
:1095D00085C3020005C7020061C3020065C3020023
:1095E000E8FFFFFF000000007D8602008586020084
:1095F000D5C3020009910200512C030015C40200DA
:1096000081C40200E0FFFFFF0000000061C702000C
:10961000097A030071C302000D7A03007DC40200C1
:10962000157A03001D7A0300217A03005496040082
:109630000C00000084960400060000009C960400C4
:1096400004000000AC96040007000000C896040067
:10965000070000000000803F6D56853F0000903FEE
:109660009A99993F0000A03F93A9AA3FA301B43F54
:109670000000C03FCDCCCC3F6D56D53F6666E63F7F
:109680000000F03F0000803F0000903F0000A03F3E
:10969000A301B43FCDCCCC3F6666E63F0000803FDF
:1096A0009A99993FA301B43F6D56D53F0000803F82
:1096B0000000903F0000A03F93A9AA3F0000C03FD8
:1096C0006D56D53F0000F03F0000803F0000903F06
:1096D0009A99993F93A9AA3F0000C03FCDCCCC3FB7
:1096E0006666E63F000000000000000041CA02007C
:1096F0008DDE02008DDE0200E9C90200EDC9020024
:10970000BDDE020091CC0200F1CC02006DE102004E
:1097100091DE0200C1E1020095E20200A9DE020032
:10972000AAFE0100FFFF14000500FFFFFFFFFFFF7F
:10973000FFFFFFFFFFFF00FFFFFF000000FFFFFF35
:10974000FFFFFFFFFF00FFFFFF000000FF00000022
:109750000000FFFF00FFFFFF000000FF000000000F
:10976000000000000000FFFFFFFFFFFFFF00FFFF02
:10977000FF000000FF0000000000FFFFFFFFFFFFF1
:10978000FFFFFFFFFFFF00FFFFFF000000FF0000E3
:109790000000FFFF00FF00FF00FF00FFFFFF00FFD2
:1097A00000FF00FF0000FFFF00000000D8ECF0F415
:1097B000F8FC0004302C302C3235352C302C300A9B
:1097C000302C3235352C302C302C300A3235352CBB
:1097D0003235352C3235352C3235352C3235350A8B
:1097E000302C3235352C302C302C300A302C302CAB
:1097F0003235352C302C300A00000000302C302C53
:10980000302C302C300A302C302C302C302C32358F
:10981000350A302C302C302C3235352C300A32358C
:10982000352C302C3235352C302C300A302C32355A
:10983000352C302C302C300A000000003235352C0D
:10984000302C302C302C3235350A302C3235352C3A
:10985000302C3235352C300A302C302C3235352C2A
:10986000302C300A302C3235352C302C3235352C1A
:10987000300A3235352C302C302C302C3235350A2C
:10988000000000005265626F6F744D6F64650000E8
:10989000205B00005D000000205632000000000048
:1098A000000000007D86020085860200A1CE020035
:1098B00011D00200512C030071CE0200B9D1020078
:1098C000424243206D6963726F3A6269740000001E
:1098D000E95D0000251D470AA062FA1922DFA9A848
:1098E00000000000000000008DDE02008DDE02009E
:1098F0008DDE0200997B0400997B0400BDDE02002E
:109900008DDE02008DDE02006DE1020091DE0200BC
:10991000C1E1020095E20200A9DE020000000000A1
:10992000000000008DDE02008DDE02008DDE0200F0
:1099300089E302008DE30200BDDE020069E7020058
:1099400071E702006DE1020091DE0200C1E1020058
:1099500095E20200A9DE02002E636F6D2F00000069
:109960002E6F72672F0000002E6564752F000000B7
:109970002E6E65742F0000002E696E666F2F00003A
:109980002E62697A2F0000002E676F762F0000008C
:109990002E636F6D000000002E6F726700000000E4
:1099A0002E656475000000002E6E657400000000D6
:1099B0002E696E666F0000002E62697A000000005A
:1099C0002E676F7600000000687474703A2F2F774E
:1099D00077772E0068747470733A2F2F7777772E0D
:1099E00000000000687474703A2F2F00687474705F
:1099F000733A2F2F0000000000000000000000005C
:109A0000F5EB020005EA02008DDE0200F9E8020033
:109A1000FDE80200BDDE02008DDE02008DDE0200E8
:109A20006DE1020091DE0200C1E1020095E2020058
:109A3000A9DE0200F9EC020051E90200A5E90200EA
:109A4000F8FFFFFF000000007D860200858602000F
:109A500049ED020009910200512C030079E902004E
:109A6000D5E90200000000000000000015EE020031
:109A70008DF202008DDE020051ED020055ED020074
:109A8000BDDE02008DDE02008DDE02006DE102000F
:109A900091DE0200C1E1020095E20200A9DE0200AF
:109AA000C9F2020061ED0200B5ED0200F8FFFFFF10
:109AB000000000007D8602008586020021F302007E
:109AC00009910200512C030089ED0200E5ED02002E
:109AD0000000000000000000B1F3020039F30200B2
:109AE0008DDE020029F302002DF30200BDDE02002C
:109AF0008DDE02008DDE02006DE1020091DE0200CB
:109B0000C1E1020095E20200A9DE020000000000AF
:109B100000000000B9F502008DDE02008DDE0200BB
:109B200061F5020065F50200BDDE020019FA0200CF
:109B300079FA02006DE1020091DE0200C1E102004B
:109B400095E20200A9DE020001AA0000666C6173C2
:109B500068496E636F6D706C65746500E97D000027
:109B6000251D470AA062FA1922DFA9A800000000FB
:109B7000000000009DFC02008DDE02008DDE020070
:109B800081FA020085FA0200BDDE02008DDE0200CD
:109B90008DDE02006DE1020091DE0200C1E10200F3
:109BA00095E20200A9DE02000000000000000000B3
:109BB000B90003008DDE02008DDE020061000300AB
:109BC00065000300BDDE0200ED0203004D0303004B
:109BD0006DE1020091DE0200C1E1020095E20200A7
:109BE000A9DE02006E400000B5A3F393E0A9E50EE4
:109BF00024DCCA9E0000000000000000B104030045
:109C00008DDE0200390403005503030059030300ED
:109C1000BDDE02008DDE0200650303006DE102007F
:109C200091DE0200C1E1020095E20200A9DE02001D
:109C30000000000000000000E9AF030089B003004D
:109C400019AD03001DB7030031AD030085AE03005D
:109C50009DAD0300ADAD0300E1AD0300EDAD03002C
:109C60008DC2020009B303000DB80300FDAD03006F
:109C7000D9AE030025B103000DAE030025AE0300ED
:109C8000E5C20200EDC20200C5B5030075B50300D0
:109C90006DAF0300FDAC030051B103004D0A03009A
:109CA000950A0300E8FFFFFF000000007D86020028
:109CB000956003008986020081610300512C030036
:109CC000710A0300BD0A0300D9610300716003003B
:109CD00039620300DCFFFFFF000000008D6003001D
:109CE000FFFFFFFF0000000100020003000401006D
:109CF0000101010201030104020002010202020348
:109D0000020403000301030203030304040004012B
:109D1000040204030404000000000000000000002E
:109D20000D8D0200410B0300058D0200C58C020061
:109D3000018D0200D5900200F98C0200450C030051
:109D400061C601003D0B0300890C030015480200A9
:109D5000794D0200FCFFFFFF00000000C910030066
:109D6000AD0C0300B50C030009910200512C030057
:109D7000DD490200A94B02000000000000000000C5
:109D80007D86020085860200898602000991020014
:109D90001D160300D1100300FD1003000000000099
:109DA000000000007D860200858602008986020090
:109DB00009910200512C030051170300651703009D
:109DC000E53C0300AD3C0300B53C0300B13C03009F
:109DD000091703002D1703000D40030000000000C9
:109DE000000000007D860200858602008986020050
:109DF00009910200512C03000519030019190300F1
:109E0000BD18030045410300D9400300E1180300D9
:109E1000DD400300302C3235352C302C3235352CDA
:109E2000300A302C3235352C302C3235352C300A76
:109E3000302C302C302C302C300A3235352C302C54
:109E4000302C302C3235350A302C3235352C323529
:109E5000352C3235352C300A0000000054494C5462
:109E600020544F2046494C4C2053435245454E20E8
:109E700000000000636F6D7061737343616C0000DC
:109E800000000100020003000400000101010201C2
:109E900003010401000201020202030204020003A2
:109EA0000103020303030403000401040204030486
:109EB00004040000D8ECF0F4F8FC000400000000FA
:109EC000000000007D86020085860200192603003E
:109ED00025290300512C0300E1250300F925030087
:109EE00000000000000000007D8602008586020060
:109EF0008986020009910200512C0300DD2B03002A
:109F0000192C030000000000000000007D86020004
:109F1000858602008986020009910200512C030007
:109F20000000000000000000997B04000000000019
:109F3000000000007D8602008586020089860200FE
:109F400009910200512C03000000000000000000F5
:109F5000E53C0300AD3C0300B53C0300B13C03000D
:109F6000997B0400997B04000D4003000000000071
:109F7000000000007D8602008586020089860200BE
:109F800009910200512C03000000000000000000B5
:109F9000997B040045410300D9400300997B0400EC
:109FA000DD40030000000000000000007D8602008C
:109FB000858602008986020009910200512C030067
:109FC000C9430300F1430300894303008D430300A9
:109FD00091430300A1430300A5430300A5430300ED
:109FE000A9430300000000000000000095460300A4
:109FF000654403006D4403006D4403007544030091
:10A00000754403005D4403007D4403001D450300C7
:10A0100099440300B1450300D9440300B944030047
:10A020000000000000000000954603000000000052
:10A030000000000095460300997B0400997B040012
:10A04000997B0400997B040055480300997B040028
:10A05000997B0400FD460300294D03000000000029
:10A0600000000000F8FFFFFF000000007D860200F6
:10A07000858602007D48030009910200512C0300EF
:10A0800000000000000000000000000000000000D0
:10A090005152030041520300000000000000000084
:10A0A0007D860200CD5C03008986020009910200D2
:10A0B000512C030069590300A95903000000000056
:10A0C000000000007D860200956003008986020082
:10A0D00081610300512C0300316003004D600300D7
:10A0E000D96103007160030039620300F4FFFFFFD0
:10A0F000000000008D60030008A1040004000000BF
:10A1000028A1040009000000020000000000000077
:10A110000400000010000000080000002000000003
:10A120001000000030000000690200008000000004
:10A13000E802000090000000C40900007000000068
:10A14000881300006000000010270000500000008D
:10A15000204E000040000000409C00003000000045
:10A16000A08601002000000040420F001000000007
:10A1700000000000000000007D86020085860200CD
:10A180004567030025680300512C0300F5670300B1
:10A1900009680300E53C0300AD3C0300B53C030047
:10A1A000B13C03004D6703005D6803000D400300F0
:10A1B000B8A1040004000000102700000C000000FB
:10A1C000204E00000800000050C300000400000002
:10A1D000A086010000000000000000000000000058
:10A1E0007D8602008586020091690300396A0300BA
:10A1F000512C0300096A03001D6A030099690300DA
:10A2000045410300D9400300716A0300DD400300AB
:10A210000000000000000000656B0300112C03002B
:10A22000912E0300756B0300000000000000000089
:10A23000ED700300716C0300D96B0300796B0300B0
:10A24000096E0300956E0300F4FFFFFF000000009D
:10A250007D8602008586020089860200099102003F
:10A26000512C03008D6E0300A96E03000000000056
:10A27000000000007D8602008586020089860200BB
:10A2800009910200512C0300B9710300CD71030044
:10A290005D71030000000000000000007D860200E8
:10A2A000956003008986020081610300512C030040
:10A2B0008D750300B5750300D961030015770300A0
:10A2C00059750300F4FFFFFF00000000357703001D
:10A2D00000000000000000007D860200858602006C
:10A2E0008986020009910200512C03008179030044
:10A2F000F1790300C97703003D7703001578030067
:10A300000000000000000000A17A0300097A0300A9
:10A31000057A03000D7A0300117A0300157A030011
:10A320001D7A0300217A03000000000000000000F5
:10A33000F57A03002D7A03003D7A0300517A030079
:10A34000497A0300157A0300817A0300917A0300A9
:10A350003D7B0300FCFFFFFF00000000C97B030002
:10A360000000000000000000257A0300000000004B
:10A37000000000007D8602008586020089860200BA
:10A3800009910200512C0300E97C0300097D0300C0
:10A39000317D0300F8FFFFFF000000002D80030067
:10A3A0000000000000000000418503001D83030041
:10A3B000C1820300E1820300F982030009830300E4
:10A3C00019830300FCFFFFFF00000000CD840300A1
:10A3D000097A0300D98403000D7A0300D9820300AF
:10A3E000F1820300018303001183030000000000D9
:10A3F00000000000D98603008D86030061870300FA
:10A400000D88030095850300158603004D86030023
:10A41000FCFFFFFF000000007D8602008586020031
:10A420008986020009910200512C03004586030031
:10A43000858603000000000000000000E58903009D
:10A44000E185030071850300F98503007D85030024
:10A450008985030059880300AD87030049850300FF
:10A46000D58503004D850300FCFFFFFF00000000C1
:10A4700069850300000000000000000000000000EB
:10A4800000000000000000000000010001000100C9
:10A4900001000200020002000300030003000400A8
:10A4A000040005000500060006000700070008007C
:10A4B0000800090009000A000B000B000C000D0049
:10A4C0000D000E000F00100010001100120013000C
:10A4D00014001500160016001700180019001A00C5
:10A4E0001B001C001D001E00200021002200230074
:10A4F000240025002600280029002A002B002D001A
:10A500002E002F00310032003300350036003800B5
:10A5100039003A003C003D003F004000420044004A
:10A520004500470048004A004C004D004F005100D4
:10A53000520054005600570059005B005D005F0058
:10A54000600062006400660068006A006C006E00D3
:10A55000700072007400760078007A007C007E0043
:10A56000800082008400860088008A008D008F00B1
:10A5700091009300950098009A009C009E00A10015
:10A58000A300A500A700AA00AC00AF00B100B30073
:10A59000B600B800BB00BD00BF00C200C400C700C9
:10A5A000C900CC00CE00D100D300D600D800DB001B
:10A5B000DE00E000E300E500E800EB00ED00F00065
:10A5C000F300F500F800FB00FD00000103010601A7
:10A5D00008010B010E0111011301160119011C01E3
:10A5E0001F012101240127012A012D01300133011E
:10A5F000350138013B013E014101440147014A0157
:10A600004D0150015301560159015C015F01620186
:10A61000650168016B016E017101740177017A01B6
:10A620007D0180018301860189018C018F019201E6
:10A63000950198019B019E01A101A401A801AB0114
:10A64000AE01B101B401B701BA01BD01C001C4013D
:10A65000C701CA01CD01D001D301D601D901DD0165
:10A66000E001E301E601E901EC01EF01F201F6018D
:10A67000F901FC01FF010202050208020C020F02AF
:10A680001202150218021B021E02210225022802D4
:10A690002B022E023102340237023A023E024102FC
:10A6A000440247024A024D025002530256025A0225
:10A6B0005D0260026302660269026C026F0272024E
:10A6C000750278027B027E028102840287028A027E
:10A6D0008D0290029302960299029C029F02A202AE
:10A6E000A502A802AB02AE02B102B402B702BA02DE
:10A6F000BD02C002C302C602C902CB02CE02D10211
:10A70000D402D702DA02DD02DF02E202E502E80249
:10A71000EB02ED02F002F302F602F802FB02FE0287
:10A7200001030303060309030B030E0311031303C1
:10A73000160319031B031E03200323032603280308
:10A740002B032D0330033203350337033A033C0355
:10A750003F0341034303460348034B034D034F03A9
:10A7600052035403570359035B035D036003620301
:10A770006403660369036B036D036F037103740362
:10A78000760378037A037C037E03800382038403C9
:10A79000860388038A038C038E0390039203940339
:10A7A000960398039A039C039E039F03A103A303AC
:10A7B000A503A703A803AA03AC03AD03AF03B1032A
:10A7C000B203B403B603B703B903BA03BC03BE03B1
:10A7D000BF03C103C203C403C503C603C803C9033F
:10A7E000CB03CC03CD03CF03D003D103D303D403D6
:10A7F000D503D603D803D903DA03DB03DC03DD0377
:10A80000DE03E003E103E203E303E403E503E6031D
:10A81000E703E803E803E903EA03EB03EC03ED03D2
:10A82000EE03EE03EF03F003F103F103F203F3038E
:10A83000F303F403F503F503F603F603F703F70355
:10A84000F803F803F903F903FA03FA03FB03FB0324
:10A85000FB03FC03FC03FC03FD03FD03FD03FD03FD
:10A86000FE03FE03FE03FE03FE03FE03FE03FE03E0
:10A87000FE03FE03FF03FE030000000000080808BB
:10A8800000080A4A4000000A5FEA5FEA0ED92ED3A8
:10A890006E19324489330C924C924D080800000026
:10A8A00004880808040804848488000A448A400054
:10A8B000048EC480000000048800000EC000000068
:10A8C00000080001224488100C9252524C048C84DF
:10A8D000848E1C824C901E1EC244924C06CA525F4B
:10A8E000E21FF01EC13E02448ED12E1FE2448810AA
:10A8F0000ED12ED12E0ED12EC488000800080000E3
:10A90000048004880244880482000EC00EC008043B
:10A910008244880ED126C0040ED135B36C0C925EF1
:10A92000D2521C925C925C0ED010100E1C925252AD
:10A930005C1ED01C901E1ED01C90100ED013712EC9
:10A9400012525ED2521C8808081C1FE242524C125E
:10A9500054981492101010101E113B75B13111391A
:10A9600035B3710C9252524C1C925C90100C925266
:10A970004C861C925C92510ED00C825C1FE4848445
:10A9800084125252524C1131312A44113135BB716B
:10A9900012524C9252112A4484841EC488101E0EF6
:10A9A000C808080E10080482410EC242424E048AB2
:10A9B000400000000000001F0804800000000ED2CC
:10A9C000524F10101C925C000ED0100E02424ED25C
:10A9D0004E0C925C900E06C81C88080ED24EC24CDB
:10A9E00010101C92520800080808024002424C1045
:10A9F000149814920808080806001B75B131001C51
:10AA0000925252000C92524C001C925C90000ED25A
:10AA10004EC2000ED010100006C8049808080EC8D8
:10AA200007001252524F0011312A4400113135BB38
:10AA300000124C8C9200112A4498001EC4881E06F5
:10AA4000C48C8486080808080818080C88180000B8
:10AA50000C836000FFFF010000000000FFFF00000A
:10AA6000FFFF00006CAA04000800000002000000C4
:10AA700001000000030000000200000004000000CC
:10AA80000300000005000000040000001C0000009E
:10AA9000050000001D000000060000001E00000070
:10AAA000070000001F000000080000000000000078
:10AAB00000000000B19703009D970300A9970300D1
:10AAC0000D7A03006D9703007197030081970300CF
:10AAD000D99D030000000000000000007D860200F8
:10AAE00085860200898602002D9D0300512C0300FB
:10AAF000C19703005D98030035A00300F8FFFFFF36
:10AB00000000000065A0030000000000000000003D
:10AB100021A3030079A203006D4403006D440300E8
:10AB200075440300754403005D4403007D44030045
:10AB3000E9A5030099440300B1A60300E9A20300BC
:10AB4000B9440300D9A20300DDA20300EDA3030072
:10AB500000000000000000007D86020085860200E3
:10AB60008986020009910200512C030085A7030089
:10AB700001A8030099AB0300C9A70300F8FFFFFF7A
:10AB80000000000019AC0300F4FFFFFF000000000C
:10AB9000F9A703000000000000000000E9AF030077
:10ABA00089B0030019AD03001DB7030031AD0300E8
:10ABB00085AE03009DAD0300ADAD0300E1AD030024
:10ABC000EDAD03008DC2020009B303000DB8030010
:10ABD000FDAD0300D9AE030025B103000DAE0300A7
:10ABE00025AE0300E5C20200EDC20200C5B50300B8
:10ABF00075B503006DAF0300FDAC030051B1030058
:10AC000005170300B1180300020000000400000053
:10AC10000600000000000000000000009546030050
:10AC2000B1BA030079B8030019B903006DBC030081
:10AC3000E5BB030025BC03002DB9030031B90300B7
:10AC400000000000000000009546030089BD0300DD
:10AC50009DBC0300ADBC030051BD0300554803007B
:10AC600025BE030081BD0300FD460300294D0300FE
:10AC70007DBF030025C00300B9BE0300F8FFFFFF3E
:10AC8000000000007D860200858602007D480300EA
:10AC900075BF0300512C03001DC0030039C0030021
:10ACA00000000000000000007D8602008586020092
:10ACB0008986020009910200512C0300FDC20300A5
:10ACC00011C3030065C403008DC40300157803009D
:10ACD00000000000000000007D8602008586020062
:10ACE00089860200A5C60300512C03006DC603002F
:10ACF00085C603001D930200B5C40300E5C403002C
:10AD000021C5030041C5030059C50300F5C6030072
:10AD100085C50300A5C50300D5C5030009C603000A
:10AD200075C703003DC7030029C60300B1C4030073
:10AD300000300040030000000F0000000040004011
:10AD4000040000000F00000000300240230000005B
:10AD50000C00000000200040020000001000000075
:10AD600000F002402F0000000400000000800240BC
:10AD70002800000010000000010006000000000094
:10AD8000543C0020E9CF0300F0B50400F4B5040002
:10AD900004000000010006005C3F002000100201DA
:10ADA0000CB604001CB6040008000000FCB504004A
:10ADB0000CB6040008000000F4B50400FCB5040063
:10ADC0000800000098B50400D0B504000800000099
:10ADD000D0B50400F0B504000800000050EADA30F5
:10ADE0008883B89F604F15F30000C98E0000FFFFF5
:10ADF000DEC0ADDEFE011EF1DEC0ADDEFF011EF1E4
:10AE000000100000040000000100000045280400BC
:10AE10002128040011280400692A0400152A0400CE
:10AE2000E5270400E9270400ED2704000100FFFFE7
:10AE300000000000010000000100010048AE040015
:10AE4000010001004CAE0400010000000000000001
:10AE500000000000000000005D3D04007D3D040096
:10AE6000993D04000000000000000000D53D0400F2
:10AE7000B93D0400BD3D04000D7A0300C93D040046
:10AE8000CD3D04001D7A0300217A030061636F73D6
:10AE90000000000061636F73680000006173696EF9
:10AEA000000000006174616E68000000636F7368E9
:10AEB0000000000065787000666D6F64000000009F
:10AEC0006C6F67006C6F67313000000073696E68EB
:10AED0000000000073717274000000006C6F673135
:10AEE00030660000706F7766000000007371727446
:10AEF00066000000FB21F93FFB2109407CD912408C
:10AF0000FB2119407A6A1F407CD92240BBFD2540B5
:10AF1000FB2129403A462C407A6A2F405C47314059
:10AF20007CD932409C6B3440BBFD3540DB8F3740D1
:10AF3000FB2139401BB43A403A463C405AD83D4088
:10AF40007A6A3F404C7E40405C4741406C10424032
:10AF50007CD942408CA243409C6B4440AC34454079
:10AF6000BBFD4540CBC64640DB8F4740EB584840D1
:10AF7000FB21494083F9A200444E6E00FC291500D4
:10AF8000D1572700DD34F50062DBC0003C99950005
:10AF9000419043006351FE00BBDEAB00B761C500CA
:10AFA0003A6E2400D24D42004906E00009EA2E0024
:10AFB0001C92D100EB1DFE0029B11C00E83EA70049
:10AFC000F535820044BB2E009CE98400B426700055
:10AFD000417E5F00D6913900538339009CF43900DB
:10AFE0008B5F840028F9BD00F81F3B00DEFF97004F
:10AFF0000F980500112FEF000A5A8B006D1F6D008E
:10B00000CF7E360009CB2700464FB7009E663F0033
:10B010002DEA5F00BA277500E5EBC7003D7BF10024
:10B02000F739070092528A00FB6BEA001FB15F00FC
:10B03000085D8D00300356007BFC4600F0AB6B00D2
:10B0400020BCCF0036F49A00E3A91D005E61910098
:10B05000081BE60085996500A0145F008D4068001C
:10B0600080D8FF0027734D0006063100CA56150030
:10B07000C9A873007BE260006B8CC000000FC93F61
:10B08000000F494000CB9640000FC9400053FB40E1
:10B0900000CB164100ED2F41000F494100316241C4
:10B0A00000537B41003A8A4100CB9641005CA341AA
:10B0B00000EDAF41007EBC41000FC94100A0D54169
:10B0C0000031E24100C2EE410053FB4100F2034275
:10B0D000003A0A420083104200CB164200141D427F
:10B0E000005C234200A5294200ED2F420036364283
:10B0F000007E3C4200C74242000F4942A2000000CD
:10B10000F9000000830000006E0000004E00000007
:10B11000440000001500000029000000FC000000B1
:10B120002700000057000000D1000000F5000000DB
:10B1300034000000DD000000C0000000DB00000063
:10B140006200000095000000990000003C00000033
:10B15000430000009000000041000000FE000000DD
:10B160005100000063000000AB000000DE000000A2
:10B17000BB000000C500000061000000B700000037
:10B18000240000006E0000003A00000042000000B1
:10B190004D000000D2000000E000000006000000AA
:10B1A000490000002E000000EA0000000900000035
:10B1B000D1000000920000001C000000FE00000012
:10B1C0001D000000EB0000001C000000B1000000AA
:10B1D00029000000A70000003E000000E800000079
:10B1E0008200000035000000F50000002E00000085
:10B1F000BB0000004400000084000000E9000000E3
:10B200009C0000007000000026000000B400000058
:10B210005F0000007E0000004100000039000000D7
:10B2200091000000D60000003900000083000000FB
:10B230005300000039000000F40000009C000000F2
:10B24000840000005F0000008B000000BD000000D3
:10B25000F9000000280000003B0000001F00000073
:10B26000F800000097000000FF000000DE00000072
:10B2700005000000980000000F000000EF00000033
:10B280002F000000110000008B0000005A00000099
:10B290000A0000006D0000001F0000006D000000AB
:10B2A000360000007E000000CF00000027000000F4
:10B2B000CB00000009000000B70000004F000000B4
:10B2C000460000003F000000660000009E000000F5
:10B2D0005F000000EA0000002D0000007500000083
:10B2E00027000000BA000000C7000000EB000000CB
:10B2F000E5000000F10000007B0000003D000000C0
:10B300000700000039000000F70000008A0000007C
:10B310005200000092000000EA0000006B000000F4
:10B32000FB0000005F000000B10000001F000000F3
:10B330008D0000005D0000000800000056000000C5
:10B34000030000003000000046000000FC00000088
:10B350007B0000006B000000AB000000F00000006C
:10B36000CF000000BC000000200000009A00000098
:10B37000F4000000360000001D000000A9000000DD
:10B38000E300000091000000610000005E0000008A
:10B39000E60000001B00000008000000650000003F
:10B3A00099000000850000005F000000140000000C
:10B3B000A000000068000000400000008D000000B8
:10B3C000FF000000D8000000800000004D000000D9
:10B3D000730000002700000031000000060000009C
:10B3E000060000001500000056000000CA00000022
:10B3F00073000000A8000000C90000006000000009
:10B40000E20000007B000000C00000008C00000093
:10B410006B000000020000000300000004000000B8
:10B42000060000000000C93F0000F0390000DA37D4
:10B430000000A2330000842E0000502B0000C22721
:10B440000000D0220000C41F0000C61B00004417EB
:10B450000400000007000000090000003863ED3E12
:10B46000DA0F493F5E987B3FDA0FC93F6937AC314D
:10B4700068212233B40F14336821A2330000004B3B
:10B48000000000CB402100204300504F534958009A
:10B490002E000020202020202020202028282828BE
:10B4A0002820202020202020202020202020202094
:10B4B00020202088101010101010101010101010E4
:10B4C00010101004040404040404040404101010F4
:10B4D00010101010414141414141010101010101A0
:10B4E000010101010101010101010101010110102E
:10B4F0001010101042424242424202020202020274
:10B5000002020202020202020202020202021010FF
:10B5100010102000000000000000000000000000EB
:10B52000000000000000000000000000000000001B
:10B53000000000000000000000000000000000000B
:10B5400000000000000000000000000000000000FB
:10B5500000000000000000000000000000000000EB
:10B5600000000000000000000000000000000000DB
:10B5700000000000000000000000000000000000CB
:10B5800000000000000000000000000000000000BB
:08B590000000000000000000B3
:10B59800F9E003000000000019E703006C390020FF
:10B5A800F9DE03000000000061F203000000000063
:10B5B800A9E2020000000000950C0400C43F00202E
:08B5C800D9D3020000000000CD
:10B5D0006DAC0200000000007122030000000000BA
:10B5E000C529040000000000D10E04000000000086
:04B5F00045DA020036
:08B5F400D12904000000000051
:10B5FC00210B040000000000250C040000000000DA
:10B60C0075DA020000000000FD27040000000000B5
:08B61C001055FD7F0100000044
:10B62400000000001C870400208704002487040015
:10B63400A10D0C003C960400449604004C960400B2
:10B644002C96040034960400E0890400C098040099
:10B6540006000000C8990400D4990400E499040089
:10B66400EC99040058990400609904006899040056
:10B674007099040078990400809904008899040062
:10B684009099040098990400A0990400A8990400D2
:10B69400B0990400B8990400C09904007D0000002A
:10B6A4000138FDD1704700BF71820300718203002D
:10B6B400758203007D820300818203008982030076
:10B6C40091820300998203009D820300A1820300FA
:10B6D400A1820300D5840300A5820300A98203008C
:10B6E400AD820300AD820300B9820300BD82030072
:10B6F40078A80400FFFFFFFF4C4300200090D00314
:10B704000010014011000400FFFFFFFFFFFFFFFFD7
:10B71400FFFFFFFFFFFFFFFFB17B0400402100207C
:10B724000000000000000000000000000000000015
:10B734000000000000000000000000000000000005
:10B7440000000000000000000000000000000000F5
:10B7540000000000000000000000000000000000E5
:10B7640000000000000000000000000000000000D5
:10B7740000000000000000000000000000000000C5
:10B784004300000000000000000000000000000072
:10B7940000000000000000000000000000000000A5
:10B7A4004300000000000000000000000000000052
:10B7B4000000000000000000000000000000000085
:10B7C4004300000000000000000000000000000032
:10B7D4000000000000000000000000000000000065
:10B7E4004300000000000000000000000000000012
:10B7F4000000000000000000000000000000000045
:10B8040043000000000000000000000000000000F1
:10B814000000000000000000000000000000000024
:10B8240043000000000000000000000000000000D1
:10B834000000000000000000000000000000000004
:10B8440043000000000000000000000000000000B1
:10B8540000000000000000000000000000000000E4
:10B86400C77E0400A37E04000000000092B404001C
:10B8740090B4040091B4040091B4040091B40400A1
:10B8840091B4040091B4040091B4040091B4040090
:10B8940091B4040091B40400FFFFFFFFFFFFFFFF1A
:10B8A400FFFFFFFFFFFF0000010041534349490030
:10B8B4000000000000000000000000000000000084
:10B8C400000000000000000000004153434949000B
:10B8D4000000000000000000000000000000000064
:10B8E400000000000000000000000000F0B50F0D93
:10B8F40011F0FF01012414FA01F114461D46034618
:10B904001BE099600822064208BF5FF00302013A77
:10B91400FDD1D9600422064208BF5FF00602760812
:10B9240005D000BF00BF00BF013AFDD1E9E7023AEC
:10B93400013AFDD10134013D05DD802620787843AC
:10B94400000AD960DDE7D960F0BD00FA0004FFFF0A
:10B95400030118181818181818180100110B020000
:10B96400E5470200556F0200CDBF0200A52A03007F
:10B97400698B03007992030035960300E9C903003B
:10B98400ED0A02000000000000000000211D040078
:08B994000000000000000000AB
:04B99C0000000000A7
:020000040007F3
:1070000000000220F97207002173070023730700B4
:10701000257307002773070029730700000000008D
:107020000000000000000000000000001DB5070087
:107030002D730700000000002F7307003173070055
:10704000337307003373070033730700337307008C
:10705000337307003373070033730700337307007C
:10706000337307003373070033730700337307006C
:10707000337307003373070033730700337307005C
:10708000998E0700337307003373070033730700CB
:1070900033730700337307001DB70700337307000E
:1070A000337307003373070033730700337307002C
:1070B0003373070033730700000000000000000076
:1070C000337307003373070033730700337307000C
:1070D0001D8B0700337307003373070033730700FA
:1070E00033730700000000000000000000000000F3
:1070F0000000000033730700000000003373070036
:10710000000000000000000000000000000000007F
:10711000000000000000000000000000000000006F
:10712000000000000000000000000000000000005F
:10713000000000000000000000000000000000004F
:10714000000000000000000000000000000000003F
:10715000000000000000000000000000000000002F
:10716000000000000000000000000000000000001F
:10717000000000000000000000000000000000000F
:1071800000000000000000000000000000000000FF
:1071900000000000000000000000000000000000EF
:1071A00000000000000000000000000000000000DF
:1071B00000000000000000000000000000000000CF
:1071C00000000000000000000000000000000000BF
:1071D00000000000000000000000000000000000AF
:1071E000000000000000000000000000000000009F
:1071F000000000000000000000000000000000008F
:107200000348044B834202D0034B03B11847704735
:10721000A02B0020A02B00200000000005480649FC
:107220000B1AD90F01EBA301491002D0034B03B194
:1072300018477047A02B0020A02B00200000000062
:1072400010B5064C237843B9FFF7DAFF044B13B1AE
:107250000448AFF300800123237010BDB42B00203D
:1072600000000000B0D2070008B5044B1BB1044970
:107270000448AFF30080BDE80840CFE700000000FD
:10728000B82B0020B0D20700A3F5803A704700BFAA
:10729000154B002B08BF114B9D46FFF7F5FF002152
:1072A0008B460F461148124A121A05F00FFC0C4B80
:1072B000002B00D098470B4B002B00D098470020A4
:1072C000002104000D000B4805F0DEFA05F010FB6C
:1072D0002000290001F020F905F0DCFA0000080088
:1072E000000000000000000000000220B42B00207D
:1072F0004C520020BDC807000649074A074B9B1A9D
:1073000003DD043BC858D050FBDC00F023F8FFF746
:10731000BFFF000020D30700E82A0020B42B002084
:10732000FEE7FEE7FEE7FEE7FEE7FEE7FEE7FEE735
:10733000FEE7FEE7054B1B680D2B01BF044B1868E9
:10734000B0FA80F0400918BF0020704730010010EB
:107350003401001008B5FFF7EDFF40B14FF0804356
:107360000022C3F80C21C3F81021C3F83825FFF719
:10737000E1FF002846D04FF080524D4BD2F8041464
:10738000C3F82015D2F80814C3F82415D2F80C1449
:10739000C3F82815D2F81014C3F82C15D2F8141419
:1073A000C3F83015D2F81814C3F83415D2F81C14E9
:1073B000C3F84015D2F82014C3F84415D2F82414A9
:1073C000C3F84815D2F82814C3F84C15D2F82C1479
:1073D000C3F85015D2F83014C3F85415D2F8341449
:1073E000C3F86015D2F83814C3F86415D2F83C1409
:1073F000C3F86815D2F84014C3F86C15D2F84424C9
:10740000C3F87025FFF796FF48B14FF08043D3F8DB
:107410000024D20744BF6FF00102C3F80024254ABC
:10742000D2F8883043F47003C2F88830BFF34F8F2E
:10743000BFF36F8F4FF01023D3F80022002A03DB35
:10744000D3F80432002B2FDA1B4B0122C3F804259A
:10745000D3F80024002AFBD04FF010221221C2F8EA
:107460000012D3F80024002AFBD04FF01023122280
:10747000C3F80422104B1A46D3F800140029FBD09D
:107480000021C3F80415D2F80034002BFBD0BFF361
:107490004F8F0849094BCA6802F4E0621343CB607E
:1074A000BFF34F8F00BFFDE7054B064A1A6008BDCA
:1074B00000C0004000ED00E000E001400400FA05DB
:1074C000E82A00200090D0034B1C30B5DB000446B6
:1074D00012F003009BB20DD1074D2A601A44074BEE
:1074E0001A60074B1870074B1870074B1C80074B2E
:1074F000198030BD0720FCE7D82B0020D42B0020BA
:10750000D02B0020E02B0020DC2B0020DE2B0020E5
:107510002DE9F3472B4F3B888B4206460D4690469C
:107520004BD300240DF107008DF8074000F086F8DA
:10753000254B26481A78264B008893F800C08445CE
:107540005FFA8CF138BF4C1CD2B238BFE4B2A24211
:107550002DD01C781A78D1B2904286BF0131C9B2C1
:10756000002119709DF8070000F08CF84FF6FF73AA
:107570009C4224D0DFF86090D9F800204FEAC40A7A
:1075800042F8348002EBC403A6B19DB1114B388898
:107590001B682A4604FB0030314605F0FDF9D9F896
:1075A0000030534400209D8002B0BDE8F0874FF6C4
:1075B000FF74D7E700209880F6E70920F4E704205D
:1075C000F2E700BFDC2B0020E02B0020DE2B0020A8
:1075D000D02B0020D42B0020D82B0020F8B5114C44
:1075E000114D264622782B789A4200D1F8BD0F48DB
:1075F0000F4A2378126807880E4802EBC30100681F
:1076000052F83320898803FB070090470A49227803
:107610000988D3B2914286BF0133DBB200233370B5
:10762000E0E700BFE02B0020D02B0020DC2B002067
:10763000D82B0020D42B0020DE2B002070B5EFF3D8
:10764000108672B60C4A946801239CB993600B4B68
:107650000B4DD3F8801029401160C3F88050D3F847
:10766000841051604FF0FF32C3F88420047006B9D3
:1076700062B670BD0370FAE7C04E002000E100E082
:10768000FC06FFBD10B5084B9A685AB150B9EFF32C
:10769000108172B6054A1C6814605C68546098607A
:1076A00001B962B610BD00BFC04E002000E100E08D
:1076B00030B53AB11368DB430A4D0144814204D12D
:1076C000D84330BD4FF0FF33F6E710F8012B53409D
:1076D000082213F0010418BF2C46013A84EA530330
:1076E000F7D1EBE72083B8ED10B561B1B2FBF3F44D
:1076F00003FB1424A4B244B9C0E90014846082815D
:10770000C381204610BD0E20FCE70920FAE782B0B5
:1077100050E8022FC188B2EB324F4FF0000317BF81
:1077200092B241EA014142EA014104E04268B2EB0F
:10773000324F08BF012340E80212002AE8D18DF839
:1077400007309DF80730002B0CBF1120002002B03D
:10775000704737B550E8013F9DB2C48925448489FC
:10776000A54228BF2D1B0489A54202BFBFF32F8F5E
:10777000002207E0C5EA030540E80154002CE9D1E6
:107780004FF001028DF803200193019B9DF8032027
:107790000B6002F0FF0322B10B880068184403B0AD
:1077A00030BD1846FBE70A884B889A4209D150E859
:1077B000012FC2EA024240E80123002BF7D1012049
:1077C00070470020704737B550E8023F1FFAA3F515
:1077D000C488A54202BFBFF32F8F00220DE0C489E9
:1077E00025448489A54228BF2D1BC3EA054540E8EE
:1077F0000254002CE8D14FF001028DF803200193D0
:10780000019B9DF803200B6002F0FF0322B14B881F
:107810000068184403B030BD1846FBE70A884B885F
:107820009A4209D150E8022FC2EA224240E80223DC
:10783000002BF7D1012070470020704710B5034698
:1078400053E8000F40EA010243E8002494F0000FDF
:10785000F6D110BD10B5034653E8002F02EA01002F
:1078600043E8000494F0000FF6D110BD0121FFF7AA
:10787000E5BF0021FFF7EEBF10B590B1D0E90123BD
:1078800001689B1ADBB20A60013BDBB2FF2B026886
:1078900002D10020107110BD11684C1C14600B70D7
:1078A000F2E70E20F7E737B5044600250DF1070093
:1078B0008DF80750FFF7C2FE2268616813688B429B
:1078C00010D9591E116013F8015C228AE36802FB8B
:1078D00005352268A36811685B1A1179DBB29942F9
:1078E00038BF13719DF80700FFF7CCFE284603B0A0
:1078F00030BD37B5054600230DF107000C468DF865
:107900000730FFF79BFE2A681368591C1160E9686D
:10791000641A298AB4FBF1F41C709DF80700FFF784
:10792000B1FE03B030BD01600B681146184710B4BA
:107930000468E468A4465DF8044B604710B404682A
:107940002469A4465DF8044B6047000070B550B947
:107950000E4D0F4C0026641B1423B4FBF3F4B44209
:1079600008D1002010E00368002BF1D0BDE8704082
:10797000DB6918472B6813B901361435EFE7DB696B
:10798000284698470028F7D070BD00BFA02B0020E4
:10799000B42B0020014B436000207047B4CD07009A
:1079A0000846704700207047024B1868003818BF1F
:1079B00001207047E42B002008B50248FFF759FF6B
:1079C000002008BDE42B002008B510461A4604F03C
:1079D000E3FF002008BD00002DE9F043814687B099
:1079E00014480E4615469846FFF740FF0446F0B986
:1079F0000746BD4215D10F48FFF73BFFD9F80830C5
:107A00005BB102228DF800200022CDE90126CDE9EC
:107A10000325CDF8148068469847204607B0BDE896
:107A2000F08306EB073000F07DFB0137E1E711241E
:107A3000F3E700BFE42B00202DE9F041804686B03B
:107A400011480F4616461D46FFF710FF0446C8B9F9
:107A5000AA083146384600F093FB0B48FFF709FFB0
:107A6000D8F8083053B101228DF800200C9A059205
:107A7000CDE90147CDE9036568469847204606B041
:107A8000BDE8F0811124F9E7E42B002029DF7047DD
:107A900028DF704770B50668B36886B004460D46A7
:107AA00073B114220021684605F010F8A36805930D
:107AB0002379019533B1012B0ED0B36868469847FE
:107AC00006B070BD01238DF8003023690293E3688E
:107AD000039363690493F0E702238DF80030E368B1
:107AE0001B030293F5E7084670470020704700002B
:107AF000024B187A003818BF01207047D42D00209F
:107B0000034B187A0122B0FA80F05A74400970478A
:107B1000D42D002008B510461A4604F03DFF002081
:107B200008BD000008B514220021044804F0CEFF6F
:107B30000348FFF7ECFD002008BD00BFD42D002056
:107B4000C42D002010B5094C094B43602046FFF7B7
:107B50008DFE48B903F0C8FD064920741C23064871
:107B60004FF4EE72FFF7C0FD002010BDD42D0020B1
:107B7000E0CD0700E82B0020C42D002070B5234C79
:107B8000234E237A25463BB922492348FFF71BFEA3
:107B9000306008B9606070BD022334682B722379AD
:107BA00073B1012B22D020460321FFF773FF00237E
:107BB0002B726B60BDE8704016491748FFF72EBE68
:107BC000D4E90523D21A142AD4E9031028BF1422B9
:107BD0009208012A38BF012219441844FFF756FFC2
:107BE00050B11128DFD101232B72D4E7D4E903036C
:107BF0001844FFF74DFFF3E72B7C002BCBD1014658
:107C0000BDE87040022000F009B800BFD42D00206C
:107C1000EC2D0020E82D0020C42D002038B5831E57
:107C2000012B43D8224C237A002B3FD0022B09D1C1
:107C300003282ED01F4B00221B68E2601A793AB14C
:107C4000012A20D0637C6BBBBDE83840FFF796BFAC
:107C5000D3E905128D1A142D94BF521914329A616A
:107C60009142EFD102284FF0000308BF194623725A
:107C7000104B18BF0D211868FFF70CFF0E490F4875
:107C8000FFF7CCFDDEE71A6901321A615B699A429F
:107C9000E7E7E3680133082B01D8E360D2E700236C
:107CA000E360DFE7BDE8384003F00EBD38BD00BF3C
:107CB000D42D0020EC2D0020E82D0020C42D002024
:107CC00000F0FD03012B08D1044B00225A74421E20
:107CD000504250411874FFF751BF7047D42D002017
:107CE00010B5064C201DFFF7C1FD28B9637C1BB9F8
:107CF000BDE81040FFF742BF10BD00BFD42D0020EB
:107D00002DE9F34180460D460F4801A916461F464E
:107D1000FFF71FFD0446A8B11C22002104F0D6FE87
:107D20002D0B0123237101A90748C4F80080A76027
:107D3000E5606661FFF737FDFFF7D2FF002002B074
:107D4000BDE8F0810420FAE7C42D00202DE9F743B7
:107D500081468846104801A917461E46FFF7F9FCE0
:107D60000446B0B11C22002104F0B0FE00250A9B9D
:107D7000A36001A9C4E9037807482571C4F80090FD
:107D80006661FFF710FDFFF7ABFF284603B0BDE8C3
:107D9000F0830420FAE700BFC42D002001600B68C7
:107DA00043604A68934204BF0023436070474368BE
:107DB00043B1026891680B4443605268934204BF28
:107DC00000234360704700002DE9F04FC9B008AAB6
:107DD00001F1400514464B780E781B0443EA066314
:107DE000CE7833438E78043143EA06238D4244F83B
:107DF000043BF0D11024916B16464FEAF14383EA1D
:107E0000714383EA9123716A366852F8045F314402
:107E10000B444FEAB54181EAF51181EAD5010134FD
:107E20000B44402CD363E6D1D0E914E30093836D77
:107E30000193C36D0293036E0393436E0493836EA9
:107E40000593C36E0693DDE9057BDDE9031CDDE9DF
:107E500001592B4B009E079374464FF00008079B77
:107E600053F8042B07934FEAF12383EAB11383EA13
:107E7000716A08AB53F828301A440AEB020327EA68
:107E8000010A01EA0C028AEA02021A444FEA743A31
:107E900086EA05035A448AEAB40A06EA050B234037
:107EA00083EA0B038AEAB45A08F101089A44B8F14C
:107EB000400F02EB0903BB465244A94619D1724454
:107EC0000265009A22444265019A32448265029A10
:107ED0002A44C265039A1A44049B02660B44436613
:107EE000059B63448366069B3B44C36649B0BDE87B
:107EF000F08F674635468C46264619461446AEE74F
:107F00000CCE070030B5E0B10F4A1049002400251F
:107F1000C0E91245C0E914120D4C0E4A0E4DC0E9DD
:107F200016420E4AC0E918520D4A826602F1745296
:107F3000A2F523020023A2F692420364C266184609
:107F400030BD0E20FCE700BF85AE67BB67E6096A5F
:107F500072F36E3C3AF54FA57F520E518C68059B2B
:107F6000ABD9831F70B5F0B1DAB900201CE00C4624
:107F70008D180026AC42F8D0036C14F8012BC254C3
:107F80000133402B0364F5D10146FFF71DFFD0E913
:107F9000123213F5007342F10002C0E91232066496
:107FA000E8E70029E3D10E2070BD70B50D461646F6
:107FB0000446002875D0002973D0026C8021372A2E
:107FC000815402F101034FF0000240D8382B39D11F
:107FD000D4E91201226C0823E3FB020103BAE36334
:107FE0000B0A84F83A300B0C84F839300B0EC4E9D4
:107FF000120184F83B1084F8383021462046FFF700
:10800000E3FE691E76B30023E26EDA4001F8012F29
:10801000A26EDA400A71626EDA400A72226EDA40AB
:108020000A73E26DDA400A74A26DDA400A75626D75
:10803000DA400A76226DDA400833202B0A77E3D142
:10804000002070BDE2540133C0E7E25401333F2BFE
:10805000FBD921462046FFF7B7FE3822002104F065
:1080600035FDB5E71823226DDA4001F8012F626D66
:10807000DA400A71A26DDA400A72E26DDA400A73E0
:10808000226EDA400A74626EDA400A75A26EDA4035
:108090000A76E26EDA40083B13F1080F0A77E2D164
:1080A000CEE70E20CDE743689B68184708B54368C4
:1080B00008305A7900F083F9002008BD2DE9F0411D
:1080C0000C469CB008461F460392FFF7ECFFD4F81D
:1080D0000480039998F80550BD4228BF3D460646E6
:1080E0002A4604A800F060F998F8052022990CA807
:1080F00000F065F900960CAB2A4604A904F10800CB
:1081000004F044FA002848F2425018BF00201CB086
:10811000BDE8F081024AD2F80034002BFBD0704752
:1081200000E001400A4908B50223C1F80435BFF355
:108130006F8FBFF34F8FC1F80805FFF7EBFF0023E8
:10814000C1F80435BFF36F8FBFF34F8F08BD00BF79
:1081500000E0014010B5094C0123C4F80435BFF319
:108160006F8FBFF34F8F0160FFF7D4FF0023C4F878
:108170000435BFF36F8FBFF34F8F10BD00E0014098
:108180000E4B10B50124C3F80445BFF36F8FBFF346
:108190004F8F01EB8204401AA14208D1074B002205
:1081A000C3F80425BFF36F8FBFF34F8F10BD431883
:1081B00051F8042B1A60FFF7ADFFEDE700E0014036
:1081C00028B139B10023C1E900301846704748F2A0
:1081D0001050704748F21350704738B1006848F2A9
:1081E0004053884214BF18460020704748F2105090
:1081F000704730B148F21153914214BF1846002025
:10820000704748F21050704770B506460C461D4640
:10821000FFF7D6FF50B9B3794AB1AB420AD1114644
:108220002046FFF743FF08B9044B236070BD48F2B6
:108230001050FBE748F21150F8E700BF7052464D6E
:108240002DE9F0470C4606460F492046DDE908892E
:1082500015461F46FFF7C1FFA0B963685A79494622
:1082600052004046FFF7C5FF60B94DB1CDF8208000
:108270003B462A4621463046BDE8F047FFF71EBF81
:1082800048F21050BDE8F0877052464D10B50446D4
:1082900038B149B141600B68984708B9044B236075
:1082A00010BD48F20150FBE748F21050F8E700BF5C
:1082B0006E524648F0B4134648B10768094EB742BB
:1082C0000AD161B12AB14368F0BC5B68184748F233
:1082D00001531846F0BC704748F20253F9E748F2E0
:1082E0001053F6E76E524648F0B460B107680C4E82
:1082F000B7420CD171B143681568DC68A5420CD354
:10830000F0BC9B68184748F20150F0BC704748F237
:108310000250FAE748F21350F7E748F21450F4E736
:108320006E524648F7B50446DDE9086715460193E5
:10833000FFF7ACFF68B9019A29462046FFF7BAFF5C
:1083400038B93A463146204603B0BDE8F040FFF761
:10835000CBBF03B0F0BD0000F8B50A4F0A4C0B4D7F
:10836000E41B0121E40829700026A64203D1022360
:108370002B700020F8BD57F8363098470028F9D107
:108380000136F2E7B4D20700B4D20700F02D002086
:1083900001390144814200D2704703780A7800F81D
:1083A000012B01F80139F5E7013A02440139824213
:1083B00000D2704711F8013F02F80139F7E770B5B4
:1083C00016460D46FFF7F0FF3246A9193044BDE8C6
:1083D0007040FFF7E9BF38B50D460446FFF7D8FFF8
:1083E00029466019BDE83840FFF7D2BFBFF34F8F71
:1083F0000549064BCA6802F4E0621343CB60BFF341
:108400004F8F00BFFDE700BF00ED00E00400FA055C
:10841000044A136801331360034B1B780BB100F05F
:10842000FFB87047FC2D0020F82D002010B5094C36
:1084300000F018F923785BB9074A137000F0B8F818
:10844000012323700549BDE81040A32000F0D6BBEE
:1084500010BD00BFF82D0020F12D00201184070071
:1084600008B5084B00221A7000F030F90649A32025
:1084700000F0C4FB054B1A68054B1A60054B01223E
:108480001A7008BDF82D002011840700FC2D002073
:10849000F42D0020F12D0020013870B5082823D8D4
:1084A000DFE800F00A0C23220522050E0C0011481B
:1084B000BDE87040FFF7BABF0F48F9E70F48F7E78C
:1084C00002F07AF80E4B1B787BB10E4E0E4D3468DD
:1084D0002B68E41A3B2C94BF0021012100F040F9E5
:1084E0003B2C01D933682B6070BDBDE87040FFF7AD
:1084F000B7BF00BF5DCF070058CF070062CF0700AE
:10850000F12D0020FC2D0020F42D002008B5FFF7F0
:108510006DFF08B5FFF76AFF08B500F089FC024857
:1085200000F0A6F9FFF762FF99840700F0B51B4B36
:108530001B4819781B4B1C4D5F5C0422012447FA31
:1085400002F6F60710F8013B1BD51F2B86BF03F080
:108550001F032E464FF0A04604FA03F3C6F80C356D
:10856000013AECD2114B5B5C1F2B86BF0E4903F026
:108570001F034FF0A041012202FA03F3C1F80835AE
:10858000F0BD1F2B86BF03F01F032E464FF0A04601
:1085900004FA03F3C6F80835E2E700BF052E002011
:1085A00067CF0700002E0020000300506CCF0700AB
:1085B00030B41748174D0022032410F8013B1F2B3D
:1085C00086BF03F01F0329464FF0A04103F5E07377
:1085D0000132052A41F82340EFD10F480D4D00220A
:1085E000032410F8013B1F2B86BF03F01F0329460D
:1085F0004FF0A04103F5E0730132052A41F8234012
:10860000EFD1064B00221A7030BCFFF78FBF00BFBE
:1086100067CF0700000300506CCF0700052E002035
:1086200010B40D4A0D4913780120C95C03441F2979
:10863000DBB28ABF0A4C4FF0A04401F01F01042BAB
:1086400000FA01F188BF0023C4F80C1513705DF81F
:10865000044BFFF76BBF00BF052E00206CCF070057
:108660000003005001460522014804F095B900BFFF
:10867000002E00201F2886BF054A00F01F004FF083
:10868000A042012303FA00F0C2F80805704700BFBA
:10869000000300500B4B185C1F288ABF0A4B4FF099
:1086A000A04300F01F01D3F8042598BF0146CA403B
:1086B000D20704D501228A40C3F80C257047FFF782
:1086C000D9BF00BF71CF070000030050F8B5204AA2
:1086D000204D214E002313602846032410F8012B5F
:1086E0001F2A86BF02F01F0231464FF0A04102F55B
:1086F000E0720133052B41F82240EFD1174C164FA1
:1087000020460022032610F8013B1F2B86BF03F0F2
:108710001F0339464FF0A04103F5E0730132052AEB
:1087200041F82360EFD1002115F8010BFFF7A2FFFC
:1087300001310529F8D1002114F8010BFFF79AFF48
:1087400001310529F8D1BDE8F8400020FFF7A2BFAC
:10875000082E002071CF07000003005076CF0700DD
:10876000F0B5164A164F1668DFF858C03446002593
:108770004FF0010E00EB8000642390FBF3F0A04269
:108780000BDCB042B8BF304605B11060A1B104287F
:1087900012DCBDE8F040FFF77DBFE35D1F2B8ABF11
:1087A00065464FF0A04503F01F030EFA03F3C5F82A
:1087B0000C3501340125E2E7F0BD00BF082E002092
:1087C00071CF070000030050007800F001007047EF
:1087D00041DF7047014B01221A7070472C32002094
:1087E000BFF34F8F0549064BCA6802F4E06213439A
:1087F000CB60BFF34F8F00BFFDE700BF00ED00E08F
:108800000400FA05024B034800221A7001F0F2BF7F
:108810002C320020E1870700042810B5044609D84F
:10882000022811D816D00D4B1B68B3B12046BDE805
:1088300010401847831F012BF5D8094B0948002227
:108840001A7001F0D7FFEEE707494FF4701000F0FF
:10885000A7F9E8E701F014FFE5E710BD303200208A
:108860002C320020E18707000588070000207047B0
:1088700038B5504B1860002001F0D2FF04460028A4
:1088800040F0928000F07EFA012800F088800228F3
:1088900000F08C80002840F087804FF08043D3F8B0
:1088A000004414F4803435D04FF48032C3F80024EF
:1088B0000446414D2B6A012B3FD04FF4701400F059
:1088C000F7FA3E4A20211820FEF7FEFD08B1FFF717
:1088D00020FE3B4B1A6802F0F802B02A06D11A6853
:1088E000D20742BF1A6802F04E021A60FFF7BEFFBD
:1088F000002859D12046334900F052F9324800F09F
:10890000E9FF002850D100F0F9FAFEF767FEFFF703
:108910005FFFF8E7D3F8202502F0F802A82A0AD171
:10892000D3F82025D10706D5D3F8202502F056022A
:10893000C3F82025BDE70124BBE743F204031A680E
:10894000224B9A4209D002F023F8AA69014694B159
:108950001F4802F07AFB90B9AFE76A6B1CB995F833
:108960006032012BEFD01B484FF4805102F06DFBB9
:108970000028E8D1A1E795F8A132012BE8D1104BEE
:108980001B6813F0B10F98D101F0AEFF60B9124B24
:108990001870124801F02EFF00F024F804E00E4B8E
:1089A0000F481C7001F026FF032038BD4FF4A024AF
:1089B00085E700BF30320020CC4E00200C2E002076
:1089C0001C0500400588070019880700DBE5B15148
:1089D0006D5100202C5100202C320020D58707003B
:1089E000E187070008B5074B4FF0FF32C3F880203E
:1089F000C3F8802101F060FCBDE808404FF48050CE
:108A000000F002B800E100E000B5EFF305830023B9
:108A1000D0E9001283F3148883F3108883F311885C
:108A200083F3138881F308884FF0FF339E46104785
:108A30005DF804FB00F1402000F50030002382B017
:108A4000036003680193019B02B0704738B56FF073
:108A50007F42134C057BD4F804358A4228BF0A466E
:108A6000891A13444A1E942A23F07F4305F5A872FD
:108A70009BBF963B96314160416044F82230094BE0
:108A80004FF4F86043F00103984705F1500080006F
:108A9000FFF7D0FF4FF48033AB40C4F8043338BD48
:108AA0000040024080CF070008B517490A7852BB42
:108AB0004FF080434FF48070D3F81834DB035EBF6F
:108AC000124B01221A60FFF7B5FF4FF4A070FFF7B9
:108AD000B1FF4FF4A270FFF7ADFF4FF4A470FFF7A2
:108AE000A9FF0B4B0B48A02283F8242310225A60C5
:108AF000094A0023C2F808350123036002201360ED
:108B0000C2F804030B7008BD383200200800004092
:108B100000E100E008400240004002402DE9F04141
:108B2000194B1B683BB1194A13684FF4827001332B
:108B30001360FFF77FFF164C164DDFF86080164E6E
:108B40004FF480372B68A5F5804080B25BB1FFF70A
:108B500071FF237B07FA03F3C8F80833616849B152
:108B60002046FFF773FF0435B54204F11004E9D144
:108B7000BDE8F081A16811B12046FFF767FF2368C7
:108B8000002BF0D09847EEE7044102403432002039
:108B9000EC2A0020404102404C410240004002408B
:108BA00070B50B4B1D682A7B4FF480339340094A04
:108BB0000E46C2F80833044640B1FFF775FF2E6039
:108BC00021462846BDE87040FFF740BF70BD00BF9A
:108BD0001C2B00200040024070B5074B1D680E465C
:108BE000A8600446FFF760FF2E6021462846BDE8D6
:108BF0007040FFF72BBF00BF242B002070B50E4B39
:108C00001C68237B4FF480329A400C4B0E46D3F8FD
:108C100004130A42054602D0A16881420BD0C3F872
:108C20000823A560FFF740FF266029462046BDE8DF
:108C30007040FFF70BBF70BD202B002000400240AA
:108C4000014B01221A7070473932002038B50F4BA2
:108C5000DA6A5D6A9C6CAC2A10D15B6B1C44ED1A1D
:108C60000B482A46214603F067FE68B100F046F93A
:108C700029462046BDE8384001F000BB002CEFD16A
:108C800001F09CFE0446EBE738BD00BFCC4E00204F
:108C9000007007002DE9F74F06468846A8EB060549
:108CA0002D0B02F6FF77144600F002F9802D28BF45
:108CB00080252B03DFF868B001933F0B0CB92346E6
:108CC00029E0BD422CBFBA46AA464FF000025146E9
:108CD000304634BFDDF80490A14601F0B7FA0346F0
:108CE000C8B909F1030222F003024146304601F0FF
:108CF0009FFA034678B9DBF830304B44CBF830307C
:108D000001F07EFDA7EB0A07A4EB09044E44C8441A
:108D100003460028D2D0184603B0BDE8F08F00BF4C
:108D2000CC4E002010B501F059FE154A42F2040362
:108D3000916CCC5803F1A34303F5471303F2D753C7
:108D40009C4218D1D2E90C32934216D0884204D109
:108D5000BDE81040002001F053BDD21A02F6FF72A8
:108D600022F47F6222F00F0219441844FFF792FFA9
:108D70000028EDD010BD0320FCE70020FAE700BF7B
:108D8000CC4E002070B5264CE36AAA2B37D005D80C
:108D9000012B0BD0A52B2ED0002070BDAC2BFBD10E
:108DA000FFF7C0FF48BBFFF751FF26E0A66C656ADE
:108DB00001F0EEFD864229D101F0EAFD00222946AC
:108DC000FEF776FCA36A984202BF0123C4E90703B9
:108DD000A5610025134801F0CFFD134B1348002275
:108DE0001A7001F00DFD68B975B1236A012B14BF2B
:108DF00001200220D1E7FFF795FF0125EAE7FFF701
:108E000025FFE6E70320C8E70120C6E7236BEA1A3F
:108E1000F1181844FFF73EFF0028DAD1CCE700BF75
:108E2000CC4E0020F04E002039320020418C07004B
:108E300008B540F6F8700368013302D10749FFF71F
:108E400089F940F6FC700368013305D1BDE808409C
:108E50004FF4FC21FFF77EB908BD00BF007007008A
:108E60000A4AD2F800347BB109480023D2F8081529
:108E7000D940C90748BF03F5C07103F1010348BFDA
:108E800042F82100072BF1D1704700BF00000140DC
:108E90003546526EFFF7E4BF044B002282B01A60E1
:108EA0001B680193019B02B0704700BF00010140A5
:108EB00038B50E4C2278BAB90D4BD3F800248AB1DC
:108EC000D3F80455FFF7CCFF40F61650A842B8BFC0
:108ED00028460849A0F54860FFF77EFE064B4FF490
:108EE00080321A600123237038BD00BF3A3200205F
:108EF00000000140958E070000E100E0034BD3F82D
:108F000000340BB1FFF7ACBF704700BF0000014059
:108F10000023C0E90232C0E900118B881A440261C3
:108F2000B1F906301A4442610888003818BF0120A0
:108F3000704710B5426811880346002939D002F104
:108F400010014160148A2CB9C2680168FFF7E0FF84
:108F5000204610BD9078118900F03004302C1BD1D0
:108F6000947C04F03004302C1DD190881969091AC2
:108F700019610021907810F0300F02BF986801301D
:108F80009860908A0844196901441961B2F9162061
:108F9000114459610120DCE700F0F004202C02D1DB
:108FA00050894143E6E700F0C000802808BF042153
:108FB000E0E70846CDE770B5466804460D466368AD
:108FC0001A88AA4204D19B7803F00F03082B07D11B
:108FD0002046FFF7AEFF6368B342F0D1002070BDBA
:108FE0000120FCE743681A44426011B101399A42FA
:108FF00001D10120704713F8010B01F8010FF6E7CA
:109000002DE9F34183680446884623B9002630469B
:1090100002B0BDE8F081036801220DF10701984715
:1090200006460028F2D0A3689DF80750013BA360D4
:109030009DF90730002B1ADA05F07F050727A36892
:10904000002BE3D0236801220DF107012046984749
:109050000028DBD0A3689DF80720013BA36002F045
:109060007F03BB401D43130607F1070702D4C8F86E
:109070000050CCE7232FE2D1C8E770B54268927860
:1090800002F00F01082986B003461FD103691C684E
:1090900000260CB906B070BD236826739D6862680F
:1090A00029466846FFF734FF6368049304F10C0314
:1090B0000593AB7803F0C003802B08BF231D6846DF
:1090C00008BF0493FFF7D9FFA468E2E712F0C001DC
:1090D00020D102F0300010280ED15A6911705A6860
:1090E00018699378D46803F00F03072B09D1014660
:1090F000204600F017F8CDE79006F0D55B6919809F
:10910000C8E71289214614B103F046FCC2E703F018
:10911000DDFCBFE78029BDD1006900219206016016
:10912000B8D5EBE77FB50A4601466846FFF7F0FE83
:1091300030B16846FFF7A1FF6846FFF7FAFEF7E790
:1091400007B05DF804FB000030B5044685B0154655
:10915000A9B90268114B9A4211D0102D06D82A469F
:1091600069462046FFF7F0FF05B030BD1022694682
:109170002046FFF7E9FF0028F6D0103DEDE7A36891
:10918000AB4201D20020EFE723682A4620469847E9
:109190000028F7D0A268521BA260E5E7E58F070020
:1091A000F7B50E4601A907461546FFF729FFA8B1F6
:1091B000019A0123D3184FF0000404D2B17801F0D2
:1091C000C001802901D1204608E031899942FAD3B3
:1091D00029463846FFF7B8FF019BEC5403B0F0BDB9
:1091E00073B50D4601A906461446FFF709FF98B16D
:1091F000019AB2F5803F11D2AB7803F0C003802B07
:1092000002F102010AD02B898B4207D32146304656
:1092100021F8022BFFF798FF02B070BD0020FBE79A
:1092200010B5034C82600022C0E90041C26010BD4D
:10923000E58F07002DE9F341002604460F46B046AE
:109240003546A3682BB3236801220DF107012046A0
:109250009847F0B1A3689DF807C0013B0CF07F026E
:10926000C5F12001A360A5F1200302FA03F322FA5D
:1092700001F10B43AA401CF0800F46EA020643EAC4
:10928000080805F1070502D1C7E9006802E0462D8C
:10929000D7D1002002B0BDE8F08173B50C46694615
:1092A0001646FFF7C7FF68B12389082B0CD1DDE90B
:1092B0000045C6E90045DDE90023AB4206BFA242F6
:1092C0000120002002B070BD042B04D1009B33604C
:1092D0001C460025EFE7022B4FF0000004D1009B55
:1092E00033809CB20546E6E7012BEBD1009B33703F
:1092F00003F0FF04F6E737B50D4669461446FFF75D
:1093000099FF30B12A89082ADDE9003103D1C4E987
:10931000003103B030BD042A18464FEAE37108D18A
:1093200023601A460B468B4206BF82420120002072
:10933000EFE7022A04D11BB223801AB2D317F2E757
:10934000012A03D15BB223705AB2F7E70020E0E7AD
:10935000F7B51F4600233B700D460B70136001A943
:1093600004461646FFF74CFE30B9A36813B9012333
:109370003B70002003B0F0BD019C002CF7D0E30847
:1093800004F0070433602C70F4E713B50446052994
:109390001FD8DFE801F0030F151E1E1C012201A9D2
:1093A0002046FFF7D1FE18B19DF90430002BF5DB04
:1093B00002B010BD082200212046FFF7C5FEF7E7E6
:1093C00001A9FFF71DFE0028F2D0019AF3E704225D
:1093D000F1E70020ECE773B50D4601A90446FFF75D
:1093E0000FFE064618B90026304602B070BD94E85C
:1093F0000F0085E80F0001998A42F4D3A960A368A1
:109400005B1AA360F0E700002DE9F0435768BB78D2
:1094100013F0C00489B006468C46154603D0402C94
:109420006AD000240CE003F00F025F4903F0300320
:10943000202B51F8228026D006D8CBB1102B1CD07F
:10944000204609B0BDE8F083302BF9D16B6939882B
:109450001980072A0AD16B6828691A89214603F006
:1094600035FB6B682969D868FFF75CFE2A6940E024
:109470002A693946C0470446E2E76B6901221A703F
:109480002A696968F6E7BCF1020FD5F8149024D177
:10949000042A22D804A9FFF79EFF04460028C0D062
:1094A000069B2BB16968B9F800304A899A4205D801
:1094B000059B7360069B002BC2D0B2E708892A691E
:1094C00003FB002204A8C04728B1B9F800300133DB
:1094D000A9F80030E4E70446EAE7B9F800307A89F1
:1094E0009A429ED92A693989581CA9F8000003FBC1
:1094F000012269683046BDE7D2F81080474657F828
:10950000043B13B9FFF741FFB5E7022914D104A9C1
:10951000FFF761FF002884D0D8F8003069683A4628
:1095200004A89847044600283FF47BAF069B002B15
:10953000F2D1059B736083E7012925D005292BD043
:1095400000297FF46EAF0C460DF1040901340B2C99
:109550003FF467AF012249463046FFF7F5FD00288A
:109560003FF45FAF19F9013B002BEFDB0F4B049386
:1095700001ABCDE9053400230793D8F800306968C2
:109580003A4604A8984776E7082201A9FFF7DCFDD0
:1095900008240028EAD144E704220DEB0201FFF77A
:1095A000D3FD0424F5E700BF88CF0700E58F07004F
:1095B0002DE9F04F91B00446002604A8CDE90266DB
:1095C000FFF7A6FCA3683BBBDDE9053404A89D7842
:1095D000FFF7AFFC0028F7D115F0300F03D1059B42
:1095E0001B8803B10134002C00F0A980630900221C
:1095F00002A9934240F09C8010AA02EB830304F07E
:109600001F0453F8383CC4F120044FF0FF30E04011
:10961000C31A584258410DE00DF1030301AA0DF1A0
:1096200002012046FFF794FE38B99DF80330002B65
:10963000CAD1002011B0BDE8F08F019904A8FFF74E
:10964000BAFC002850D1019BB3427DD3059D059AF9
:10965000937803F00F03082B7FD004A8FFF769FC71
:10966000059B9D42F3D14FF0FF36019FB7426BD36C
:10967000089B9DF802A0D4F808801D684FF00109EE
:10968000A368002D5DD098459CD12B68D3F800B01D
:10969000BBF1000F08D053463A4629462046D8472A
:1096A0000028C6D0AD68EBE7D3F808B0BBF80030AF
:1096B0009F42F7D16A6859460AA8FFF729FC6B68F0
:1096C0000E9305F10C030F939BF8023003F0C003D7
:1096D000802B04BF2B1D0E930AAA85F80C905146CF
:1096E0002046FFF791FEDBE7059B9B7813F0300FD8
:1096F0000FD1069A3F2A0CD8510910AB03EB810118
:1097000002F01F020123934051F8382C134341F813
:10971000383CE5682DB19DF80220019904AB204644
:10972000A8479DF8021004AA2046FFF76DFE10E03E
:1097300051F8225001357FF47DAF013259E7012005
:1097400078E798457FF43EAF9DF802102046FFF77A
:109750001CFE00287FF436AF6BE7168885E737B527
:109760000C460546114620460192FFF7DBFC019AA4
:109770002146284603B0BDE83040FFF719BF70B559
:1097800086B0CE6801920C4602A90546FFF723FE7B
:1097900068B1E06858B1A378019A03F03003202B38
:1097A000314602A805D1FFF7DAFF039B6B6006B0D4
:1097B00070BDFFF7FDFEF8E7D3B50C466946FFF72D
:1097C00039FD80B1DDE9001300274A0801F00106E8
:1097D00042EAC37256EA07014FEA53031CBFD24361
:1097E000DB43C4E9002302B0D0BD37B50D4669465E
:1097F0001446FFF7E1FF68B12B89082B0CD1DDE996
:109800000001C4E90001DDE900238B4206BF82426A
:109810000120002003B030BD042B03D1009820604C
:10982000C117F0E7022B04D1BDF90000208000B27F
:10983000F6E7012B04D19DF90000207040B2EFE75C
:109840000020E7E713B504220C460DEB0201FFF7F9
:109850007BFC08B1019B236002B010BD1146FFF7ED
:10986000F1BF13B508220C466946FFF76DFC18B12D
:10987000DDE90023C4E9002302B010BD1146FFF763
:10988000F0BF10B513681F2B144607D9002208300B
:10989000FEF78BFB08B92023236010BD48F214505B
:1098A000FBE70830FEF75EBB0830FEF72BBB00007D
:1098B000831F012B10B5044602D8002001F044F8A4
:1098C000034B1B681BB12046BDE81040184710BD74
:1098D0003C32002008B5074B18600020FFF7E8FF76
:1098E000054801F019F820B9BDE80840024800F029
:1098F0007BBE08BD3C320020B19807006EDF704788
:109900006FDF704772DF704773DF704774DF704737
:1099100075DF704776DF70477ADF70477CDF70470E
:109920007DDF70477FDF704786DF70478FDF7047CE
:1099300090DF7047A8DF7047AADF7047ADDF704740
:10994000AEDF7047AFDF7047B0DF7047B1DF704701
:10995000B5DF704762DF704766DF704713DF70471F
:109960007FB50023CDF80B308DF80F300A4BADF8E2
:1099700006109B89ADF8083001238DF80A300DF1EF
:109980000603CDE90430054B02A91888FFF7D8FF7C
:1099900007B05DF804FB00BF8E4200202A2B002098
:1099A00001460148FDF7A5BFBCD2070070B51822DB
:1099B0008CB00DEB0200002103F088F801238DF834
:1099C00018308DF82D30324B1B7828220892002B4E
:1099D0005CD0304B02AA03F110061546186859688E
:1099E000144603C40833B3422246F7D12A4C10224E
:1099F0002946204602F0A0FF002847D002238DF818
:109A00002C30012104F110036846CDE90034FFF742
:109A100075FF0122002101A8FFF772FF04231F4CEC
:109A200002941622A37003230926ADF80420E370E4
:109A300000225923CDE903220592012502226371F8
:109A400001A9FE23A019ADF80C6022706570227187
:109A5000A371FFF765FFB8B9BDF8043026725A1933
:109A6000E271BDF80C200E4C134402A906AA204650
:109A7000ADF80C30FFF746FF30B92078FFF746FF0E
:109A800020782946FFF740FF0CB070BD0623C6E7DB
:109A90000C43002080D10700D0420020A2420020C9
:109AA000282B00202DE9F0410388232B8AB004469F
:109AB00036D80F2B05D8012B00F0EB800AB0BDE89B
:109AC000F081103B132BF9D801A252F823F000BF0C
:109AD000519B07006D9B0700BD9A07003D9C070046
:109AE0008F9D0700BD9A0700BD9A0700BD9A070029
:109AF000BD9A0700BD9A0700E99D0700BD9A0700BF
:109B0000BD9A0700BD9A0700BD9A0700BD9A0700DD
:109B1000BD9A07006F9C0700BD9A07002D9C0700A7
:109B2000503B9AB2062AC9D8062BC7D801A252F8D0
:109B300023F000BF959B07009F9C0700E99D07004D
:109B4000BD9A0700BD9A0700ED9B07007F9C0700A8
:109B5000984B82881A80984A12681C460AB10120E4
:109B6000904796492088FFF7D3FEA7E7914B4FF621
:109B7000FF721A80924B1B685A0704D4FFF716FF36
:109B800008B1FEF7C6FC8C4B1B68002B96D0022058
:109B9000984793E78B4EE288B3889A428ED18A48E1
:109BA000FDF781FE0546002888D0228A04F11201C3
:109BB00002F0F2FE1822002104A802F087FF082319
:109BC0008DF81030814B0693814B0596CDE9073512
:109BD00004A8238AADF8243000F0FCFC00283FF4F0
:109BE0006DAF79482946FDF784FE67E7E188F629DD
:109BF0001AD8CB1E9B070DD0CB1F9BB2013B5A42FC
:109C000002F0030203F0030301F1FF3158BF534296
:109C1000C91A89B2674B1888FFF79AFE00283FF4EB
:109C20004DAFFEF776FC49E7F721F3E7002204A9E0
:109C30008088CDE90422FFF77BFEEFE700235D4C2F
:109C4000ADF812300223ADF81030208802AB04AA20
:109C500042F605210593FFF771FE08B1FEF759FCA6
:109C6000002320881A468521FFF75CFED6E70023F3
:109C700004A98088ADF81030FFF758FECEE7A3792D
:109C8000002B7FF41BAF4B4B13211888FFF742FECC
:109C9000C4E7484B00211888FFF75EFEBEE7A379B2
:109CA000002B3FF40BAF022B7FF408AF454920890E
:109CB0008A8990420E467FF401AFA27B012A7FF48D
:109CC000FDAE00220120CDE904228DF81600208A85
:109CD000384DADF81800608AADF81A0004F1140090
:109CE0000790ADF80A20098A28888DF8103001AF56
:109CF00002AAADF808300397FFF720FEA84660B926
:109D00003846FEF761FD40B940F2FD132888ADF8F2
:109D1000143004A9FFF718FED0E6002304A9B8F810
:109D20000000ADF81430FFF70FFE014600287FF465
:109D3000C5AE182204A802F0C9FE237D234A8DF87F
:109D40001030022B0596069218D0062B10D0012B4E
:109D500010D1204B1A88204B1A80637DD4F816202E
:109D60000893012B099205D11C4800F0EDFD01E09C
:109D7000637D089304A800F02DFC9FE6A27D637D1F
:109D800043EA0223134A1380134A1380F2E7144B69
:109D90001A7862B11349028ACB8D9A4201F104020A
:109DA00005D11C31A0880023FFF7BEFD36E7002156
:109DB000F8E700BF2A2B0020C8420020A6D10700E8
:109DC000C44200208E420020BCD20700BD9E070086
:109DD000A19907000E43002010430020B4D20700D1
:109DE0000C430020CC420020174B1B7833B3174B99
:109DF00017491C88082201232046FFF7A7FD0028E9
:109E00007FF40FAF0246014602232046FFF79EFD76
:109E100000287FF406AF0F4B4FF6FF7219882046DB
:109E2000FFF790FD43F2020398423FF447AE082843
:109E30003FF444AE11287FF4F1AE3FE6A0881A4605
:109E40001946FFF783FDE9E60C4300202A2B00208A
:109E5000044300208E42002038B5134A1368D90706
:109E600001D4002038BD11498842FAD01049088831
:109E70004FF6FF71884211D043F0040313211360A1
:109E8000FFF748FD0028EDD10A4DC82445F0010533
:109E90004FF47A40A847013CFAD1E2E7064B187824
:109EA000BDE83840FFF732BDC4420020B4D20700FD
:109EB0002A2B0020A0D10700282B002010B5044633
:109EC00086B000210D2202A8019102F0FFFD237847
:109ED000082B0BD1364A374913880988013B9BB2BE
:109EE0001380D9B1D3B9032311802370627823780A
:109EF0008DF805306021012A8DF804108DF80620B8
:109F00000ED00B2A12D100F0AFF98DF80700002017
:109F100000F0A4F9042101A8FFF722FD06B010BD4E
:109F2000062B05D0082B29D0032B27D00321F2E7DD
:109F3000E1688DF80710D4E90123080A8DF80800BC
:109F4000080C090E8DF80A10110A8DF80B208DF8F7
:109F50000C10110C120E8DF80E201A0A8DF80F300D
:109F60008DF810201A0C1B0E8DF80D108DF80900BD
:109F70008DF811208DF812300F21CCE7D4E90123A0
:109F8000110A8DF807208DF80810110C120E8DF8AB
:109F90000A201A0A8DF80B308DF80C201A0C1B0EB3
:109FA0008DF809108DF80D208DF80E300B21B2E7D9
:109FB000104300200E4300202DE9F0414D4B94B09A
:109FC00005464FF6FF721A8001204FF659632A4664
:109FD00002A98DF80A00ADF80830FFF7ABFC044683
:109FE000002840F08380444B04AA03F11007164672
:109FF00018685968144603C40833BB422246F7D197
:10A00000A91C3046FFF7A6FC044600286ED11C228E
:10A0100001460DA802F05AFD04F0F8029DF8343014
:10A02000ADF8044042F003028DF80620F42243F01C
:10A030000403CDE90A44ADF82C20304A8DF83430C1
:10A040000223ADF80C3092F80080AB788DF80E301A
:10A0500001AE212303AFCDE908768DF805300C94CD
:10A06000B8F1000F04D1012262F307138DF8053017
:10A070002B4608AA33F8040B0DA9FFF75DFC044634
:10A08000A0BB01461C220DA802F020FD9DF8343033
:10A09000ADF8044023F0180343F0180304F0E8027D
:10A0A00042F013028DF83430AB788DF80E30012178
:10A0B00021238DF806201722CDE90A44CDE9087640
:10A0C000ADF80C108DF805300C94ADF82C20B8F1DB
:10A0D000000F03D161F307138DF805302B4608AA52
:10A0E00033F80C0B0DA9FFF727FC0446204614B0EB
:10A0F000BDE8F0812A2B002090D107000C430020FE
:10A1000073B5354D2B6813F0010403D000242046AD
:10A1100002B070BD314E30603148FDF7ADFB0194A7
:10A1200000F0BDF804460028F1D12E48FFF716FCD8
:10A1300004460028EBD101F059FA04460028E6D184
:10A1400001A801F021FB04460028E0D101A901206B
:10A1500001F024FB04460028D9D101A801F082FBBC
:10A1600004460028D3D100F093FB1F4B002830D0C9
:10A170001E4A126A012A2CD11D481A7000F07CFB7D
:10A1800011231C488DF8043002F0FAFC194982B200
:10A1900001A8FFF7C3FB04460028B8D11648FFF713
:10A1A000BBFB04460028B2D11448FFF705FF044664
:10A1B0000028ACD1FFF7FAFB04460028A7D12B6892
:10A1C00043F001032B603368002B9FD00920984790
:10A1D0009DE700221A70D3E7C4420020C842002045
:10A1E000BCD20700007007000C430020CC4E0020BA
:10A1F000CC42002078D10700A6D107008E42002073
:10A2000043690BB1C06818477047000010B4054996
:10A21000054C0022904218BF214604485DF8044BCB
:10A22000FDF781BBC0CD0700ECCD0700A02B0020BF
:10A2300007B5009313460A4601460348FDF777FB2E
:10A2400003B05DF804FB00BFA02B002013460A46B4
:10A2500001460148FDF772BBA02B0020014B18708E
:10A260000B20704712430020024B002218781A700E
:10A27000704700BF1243002018DF704730B585B02B
:10A28000054610220C466846002102F01FFCA40877
:10A29000684601950294FFF7EFFF05B030BD1FB58A
:10A2A0000023CDE901330393684602230093FFF7AF
:10A2B000E3FF05B05DF804FB4FF000534FF480520C
:10A2C0001A60002070470000014B06201B681847E9
:10A2D0001C4300200A2803D90B38C0B2FFF7BEBFC9
:10A2E0007047000010B5044686B00020FDF72EFB35
:10A2F000014630B1164A18212046FDF709F906B08B
:10A3000010BD1822684602F0E1FB0423114A8DF8C3
:10A310000030114B116D1B68994211D10F4B186819
:10A3200000F0F4FF8DF80100FFF7D4FFD4E901132A
:10A330008DF8010068469847094800F061FADEE7A9
:10A3400001238DF801306846D4E901139847D6E718
:10A35000E5A20700CC4E0020144300201843002043
:10A36000C9A20700F0B5044687B01822002168464C
:10A3700002F0ACFB22788DF8002001238DF801302B
:10A38000531E0B2B00F20C81DFE813F01100330099
:10A39000110011000A0111000A0111000A010A014D
:10A3A0000A010C007F4B1B680720984721E0062A12
:10A3B0007D4901D0012A01D122690A700A78012A57
:10A3C00004D0022A51D000230B7094E0072B10D840
:10A3D000DFE803F0040F452F0F420F1C714B0320E1
:10A3E0001B689847606900F06BFDFFF773FF8DF8FD
:10A3F0000100D4E90113684698479DF80130012B0C
:10A4000000F0C380674B05201B68BDE0A18A20696E
:10A4100000F06EFDFFF75EFF644B8DF80100DA6B14
:10A420001B6C0293E3680192002BE2D020699847ED
:10A43000DFE75F495F4800F0A7FDFFF74BFF01280A
:10A440008DF80100D5D1002000F0DAF90028D0D035
:10A450000A238DF80130CCE74FF400730393534B7C
:10A46000DA6B1B6C01920293C3E7072BC1D801A2E0
:10A4700052F823F095A40700F3A3070059A507009D
:10A4800065A50700F3A307008FA50700F3A3070046
:10A49000FBA4070000F04CFD08B90823D9E7626966
:10A4A0000AB90323D5E7C2F30B0333B13F4B40494D
:10A4B0005B6D096813448B42F3D1B2F5805F01D91B
:10A4C0000423C6E7394B3A49586D096815188D427F
:10A4D000E3D85A64DA6C9A6418651863354B61697D
:10A4E0001B6801F6FF710022090B1844FFF7AEFE4E
:10A4F00000283FF47EAF0523ABE700F019FD0028EC
:10A50000CBD02A4DA18AD5E914329B1A6A6C0B4430
:10A510009342C6D8274B2F6B1B68206905F1480270
:10A520001F44FDF7C5F8E368A28A2169064638464C
:10A53000FFF77EFE08B1E36878E7A28A2B6B13442D
:10A540002B63A38A2A6DAE641344CDE901362B65D3
:10A55000144B08201B6828E7144B9A6C1B6D029261
:10A56000019346E7114BD3E91402596C821A8A42CF
:10A5700093D19A6C5865002120465964DA64FFF73C
:10A58000B1FE084B1B680420984707B0F0BD074B8D
:10A590009A6C1B6D01934FF480530292039328E74A
:10A5A000022356E71C4300202C2B0020CC4E002019
:10A5B0001443002018430020044B054A186D6423FF
:10A5C00043431068B3FBF0F0704700BFCC4E00204F
:10A5D0001443002083681BB1024A1821FCF798BF7E
:10A5E0000720704765A3070038B50546C0B10120B4
:10A5F000FFF70CFE044648B900F054FC00F098FC4C
:10A6000030B9084B00201D60FFF728FE204638BDFA
:10A610000549064800F0B8FC0128F2D00324F5E70C
:10A620000724F3E71C4300201443002018430020B4
:10A630002DE9F04115464FF46072064688461F46E4
:10A6400002F07AF928B915B90020BDE8F081A847D1
:10A65000FAE7002201213046FFF7F8FD70B94FF408
:10A6600060724146384602F097F92B464FF460720B
:10A6700039463046FFF7DCFD0028E5D00320E4E74B
:10A680002DE9F0413D4C236801335CD00022582174
:10A69000201DFDF70DF8D4F80080A8EB0002D2F1E0
:10A6A000000848EB0208364D364E2F683B680133F0
:10A6B0005ED000225821381DFCF7FAFF3B68834228
:10A6C00044D17C68012C0AD00022C32107F5187000
:10A6D000FCF7EEFFD7F85C42231A5C425C41B8F10C
:10A6E000000F35D0254927484FF4607202F054F925
:10A6F00064B1296824485422043102F04DF92968D4
:10A7000022484FF432725C3102F046F97468012C31
:10A710002CD11F49402201F5E47002F03DF91D499A
:10A720001C2201F5E47002F037F91B4986F8A142BA
:10A730000023042201F2862086F8603286F8E23295
:10A7400002F02AF910E04FF00008ACE70024C6E759
:10A7500024B129680B484FF46072D5E709484FF4DB
:10A760006072002102F0B2F902237360BDE8F0814B
:10A77000B8F1000FF2D00024B4E700BF00F00700EA
:10A78000302B0020CC4E0020D04E0020284F00203F
:10A790002850002068500020E84E002070B50D4C75
:10A7A0000546002258212046FCF782FF002244F88B
:10A7B000040CC32104F51770FCF77AFF261FC4F8B8
:10A7C00058022A463146044B0448BDE87040FFF762
:10A7D0002FBF00BFD04E00202043002000F0070014
:10A7E00002460248024B0068FFF722BF302B0020D0
:10A7F000A04600200149FFF7F3BF00BF00F00700AB
:10A8000038B505460020FFF7C9FF044618B90349CB
:10A810002846FFF7E5FF204638BD00BFCC4E00209C
:10A8200010B5FFF7F3FC044628B9FFF729FF2046CF
:10A83000FFF7E6FF00B1032010BD29DF70470000DD
:10A8400038B50C4D0446D5F8243378B101330FD117
:10A8500000223C210430FCF72BFF2060214605F547
:10A8600049701022BDE83840FFF7E7BF0E2038BD21
:10A870000820FCE700F0070008B528B10349402292
:10A8800002F08AF8002008BD0E20FCE724F3070040
:10A8900010B5064C00223C212046FCF709FF54F875
:10A8A000043C1B1A5842584110BD00BF28F3070052
:10A8B00038B50C4D0446D5F8643378B101330FD167
:10A8C000002218210430FCF7F3FE2060214605F534
:10A8D00059700722BDE83840FFF7AFBF0E2038BDE2
:10A8E0000820FCE700F0070010B50A4CD4F8243328
:10A8F000D4F864231340013309D04FF4FE20FDF750
:10A9000011FCC92221464FF4FE20FDF739FC00203E
:10A9100010BD00BFCC4E0020F8B5094E094CA41B59
:10A920000746E4080025A54201D10020F8BD56F8ED
:10A930003530384698470028F8D10135F3E700BF95
:10A94000B4D20700BCD20700F8B5094E094CA41BCD
:10A950000746E40800250436A54201D10020F8BDD1
:10A9600056F83530384698470028F8D10135F3E7D6
:10A97000B4D20700BCD2070008B50C22002102F0B7
:10A98000A5F8024B00221A6308BD00BFCC4E002080
:10A9900043F204031A68084B9A4201BF43F20803CA
:10A9A000186800F6FF7020F47F600CBF20F00F00E5
:10A9B0004FF48050704700BFDBE5B15108B5FFF799
:10A9C000E7FF054B9B69184400F6FF7020F47F6099
:10A9D00020F00F0008BD00BFCC4E00204FF4805087
:10A9E000704700002DE9F74F0193244BDFF894B036
:10A9F0001B6ADFF894900093054616464FF0000856
:10AA000043F2040AB8F1010F5FFA88F714D0022F5D
:10AA10001FD0FFF7D3FF6EB1009B013B5C425C414E
:10AA2000A9EB0000A84200D3F9B1B4B1A8421CD2EE
:10AA300004201FE03446F3E7FFF7AAFF019B33B978
:10AA4000DAF80040B4EB0B0418BF0124E8E74446F1
:10AA5000E6E701244FF48050E2E708F10108B8F17D
:10AA6000030FCFD1A842E3D300E017B10448FFF7AA
:10AA700083FF002003B0BDE8F08F00BFCC4E002064
:10AA8000E44E0020DBE5B1510040070090F855206E
:10AA900012F0FB0F07D190F8643023B1836ECBB175
:10AAA0000B600120704712F0010303D090F856307C
:10AAB00003B1836D9207F2D590F85C20002AEED0A6
:10AAC000054A006EC2F5FC22904201D80344E6E735
:10AAD000042070470F2070470070070010B5084C25
:10AAE0004FF40072FF21204601F0F0FF20220021E8
:10AAF000A4F1240001F0EAFF002344F82C3C10BD2F
:10AB0000284F00202DE9F0475A495B48DFF888813B
:10AB1000DFF88891DFF888A1584C92B00C2201F040
:10AB20000BFF064600284CD15349382204A801F0F7
:10AB300033FF4FF447723146204688F80060C9F869
:10AB40000060CAF8006001F0C1FF079D012D58D1D7
:10AB50004FF48073A3803423636143F20C0384F8C1
:10AB60006C612570A5712572E560257425831B88AD
:10AB7000E361089B2367032384F87630099BA4F8DC
:10AB80005C5084F85E50266684F86450A66684F8AB
:10AB90006C5084F87450A4F8783020220AA904F18B
:10ABA0007A0001F0F9FEA4F89A50A4F89C5084F8B9
:10ABB0009E60A4F8A06088F800500834304B1C60F8
:10ABC00020E03049304E8A6B6F465C313846FEF7E4
:10ABD00027FB97E80F0086E80F0000212B4B88F831
:10ABE00000104FF447722046C9F80010CAF8001050
:10ABF000F36001F06BFF264922463046FEF7AFFDB9
:10AC000020B90025284612B0BDE8F08798F800501A
:10AC1000002DF6D094F86C3194F800801BB3B8F195
:10AC2000000FEED194F87231002BEAD0DAF8002050
:10AC3000D9F800103846FEF7F3FA97E80F0086E8D7
:10AC40000F004FF4B272414604F5BA7001F03EFFB6
:10AC5000104904F5BA723046FEF781FD0028D0D0C5
:10AC600004F5BA74AAE7B8F1000FCAD0A379002B93
:10AC7000A3D1C6E7AED10700284F0020504A0020DC
:10AC8000284E0020CC4E00206C4D0020A5AC0700C3
:10AC900008D1070054D007004C4A0020484A002041
:10ACA000444A002030B55B68DA680D4B9A4208D1FF
:10ACB0000C490A6812B90C4A14681CB10B4B0022EB
:10ACC0001A7030BDD0E90134181913F9015B002D59
:10ACD000A0EB0304F9DB0B601460044B0122EFE7E7
:10ACE00054D00700484A0020444A00204C4A002023
:10ACF00010B543F2040319491C688C4202462BD05C
:10AD000042F20403C358581A434243418C42184646
:10AD100021D142F20403D358A3421CD14FF4405333
:10AD200002F500511B780978142B81BF43F21403FC
:10AD30000B481B68B3FBF0F398BF0023142989BFAD
:10AD400042F2140100205058054A88BFB0FBF2F0CF
:10AD5000181A18BF012010BD0023D7E7DBE5B15159
:10AD600040420F0000B591B0FDF7F6FA6846084979
:10AD70002022FDF724FB6A46064907484023FDF7D9
:10AD800043FA064B01221A7011B05DF804FB00BFB4
:10AD900018CF07007C4D00200CCF0700204A002070
:10ADA000F0B5A3B007460D4614461E467822202370
:10ADB000002104A8029301F089FE00230393194B9C
:10ADC0001B780BB9FFF7CEFF2DB337BB02AB164F85
:10ADD00001931649289B0097324604A8FDF7A2FA72
:10ADE000E8B9402C1BD1124E22462946304601F0CC
:10ADF000D3FD20213046FDF7EEFACDE90064029B39
:10AE00000C493A4603A8FDF71BFA00280CBF0120A5
:10AE1000052023B0F0BD1320FBE71620F9E70A2038
:10AE2000F7E700BF204A0020C44D0020ACCF070048
:10AE3000E44D00207C4D0020F0B5ABB004460D463B
:10AE400016461F467822202300210CA8039301F008
:10AE50003DFE114B1B780BB9FFF784FF2FB1214644
:10AE6000202204A8FDF7A0FA04AC03AB0B4F01931A
:10AE70000B49009733462A460CA8FDF753FA48B908
:10AE800020222146384601F057FDB0FA80F04009F3
:10AE90002BB0F0BD0020FBE7204A0020214A002013
:10AEA000ACCF070008B5044B986B08B1FFF72AFE3A
:10AEB000024B187008BD00BFCC4E0020244E00206D
:10AEC00010B5044658B1B0F5007F0AD8064B0022F1
:10AED0001A70FFF703FE054B01209C6310BD032091
:10AEE000FCE70420FAE700BF244E0020CC4E0020EF
:10AEF00070B50E4C0646E06BA36B42189A420D46A5
:10AF000011D85C300A462044314601F045FDE36B20
:10AF100004F140022B4429463046E363FCF7C8FBAA
:10AF20002064012070BD0320FCE700BFCC4E002050
:10AF3000014B1878704700BF244E002013B50F4C0A
:10AF400094F86C31B3B10E4B1B6800930D4BB4F801
:10AF5000DA221B6894F8D80204F53771FFF720FF56
:10AF6000012809D104F5B874201D02B0BDE81040D5
:10AF700000F0D0B90434F7E702B010BD504A002009
:10AF8000444A0020484A00202DE9F843DFF8888031
:10AF9000D8E90E329A4206460D4637D1DFF87C904A
:10AFA00099F800704FB1FFF709FD1A4B3060294640
:10AFB0001868BDE8F843FFF769BDFFF7A3FD38B394
:10AFC000FFF7BCFF0128376004462F601BD1114BEF
:10AFD00029461868FFF75AFD0128044613D198F84E
:10AFE000A112B1FA81F103463A4628684909FFF7F0
:10AFF000F9FC38B9FFF7E2FC89F8004030602046E0
:10B00000BDE8F8830424FFF769FDF8E70824F6E7B4
:10B010000524F4E7284E0020CC4E0020244E0020CA
:10B0200010B490F86C305BB190F86E404CB1B0F851
:10B03000704034B15DF8044B01237230FFF7FCBE61
:10B04000012318465DF8044B704713B504460846C3
:10B0500023781146032B03D8DFE803F021050F18EE
:10B06000002002B010BD0022D4F80140FCF720FB04
:10B07000844214BF00200120F3E70A460023014662
:10B08000601C02B0BDE81040FFF7D6BE0091034639
:10B090004022611C0020FFF783FE0128E9E7012020
:10B0A000DFE700002DE9F041A2B004460D46164648
:10B0B000002178221F4604A8202303939DF8A08036
:10B0C00001F004FD41220021204601F0FFFCB5F80B
:10B0D00094300BB195F8968084F80080B8F1030F96
:10B0E0001ED8DFE808F00902111F00223946304659
:10B0F000FCF7DEFAC4F801003A4631462046FFF775
:10B10000A4FF22B0BDE8F08103AB0193631C009360
:10B1100008493B46324604A8FDF704F90028EBD065
:10B120000020EEE7B5F8982005F19A01601C01F0C7
:10B1300033FCE1E7ACCF07002DE9F0476D4B1D680C
:10B14000A4B004460F4690460A4601462846FFF73B
:10B1500067FF002800F0CC8095F855601EBB4FF0CB
:10B160000109CDF800903B462246294613A8FFF777
:10B1700099FF00287FD0B8F1000F6DD041225E48C2
:10B1800013A901F009FC5D4BC3F82C901E626A689C
:10B190009A60002239462046FCF78AFA574B01256F
:10B1A000C3E909709FE04122002102A801F08EFC52
:10B1B00006F001094122002113A806F0020601F061
:10B1C00085FCB9F1000F4BD042F20403E15803F1C2
:10B1D000A34303F5471303F2D75399424BD1D5F854
:10B1E00058A00AF5FF520AF6FF73C3F30B031F3290
:10B1F000D21A42F20803E35893423CD343F20403C9
:10B200001B688B4213D14FF440531B78102B8ABF1D
:10B2100043F2100300221A6804F500531B78102B28
:10B220008ABF42F210030023E3589A4223D12046FA
:10B23000FFF75EFD00B1F6B10123009322465346AD
:10B24000294602A8FFF72EFFA8B1AB6DE218FB1A42
:10B250004EB9B8F1000F18D1284B01255D6110E0FF
:10B260003B462246F4E70021009113A82946FFF748
:10B2700019FF0028EDD10525B8F1000F30D1FFF7F7
:10B280002DFC284624B0BDE8F087DFF87080B9F1C6
:10B29000000F21D02046FFF72BFD18B108F1180050
:10B2A000FFF76AFB1648412202A901F075FB002E48
:10B2B00014BFAC23A523C8F82C30AB6DC8F83430CC
:10B2C000002E3FF466AF0F48412213A901F064FB42
:10B2D0006B68C8F80C305CE7AA23C8F82C30EFE79D
:10B2E0000948FFF749FBFFF7F9FB044B9C64C8E7EB
:10B2F0001725C1E7284E00206D510020CC4E0020BC
:10B300002C510020AE510020F04E00200122FFF70A
:10B3100013BF0000F0B590F854200346002A51D026
:10B3200090F8550003284DD893F86E20032A47D192
:10B330001A7A002A46D0DA68342A45D143F2040149
:10B340001A8A0C6821498C422AD152B15969E9B153
:10B35000D2B2002103F1140543F20C06CCB2A24292
:10B3600001D8122011E055F821703488A74201F16C
:10B370000101F3D11A78FAB101285B68144A15D893
:10B380009068834234BF10200120F0BD10B9012A1B
:10B39000E7D8EFE7421E18BF0122002AEAD1E0E712
:10B3A00012B15A69002ADCD11A78F6E7D0688342D4
:10B3B0008CBF01201020E8E7012818BF0F20E4E728
:10B3C0001420E2E70F20E0E71120DEE7DBE5B151D2
:10B3D000CC4E002038B1054B0360054B4360012380
:10B3E0000372002070470E20704700BF61B4070051
:10B3F00015B4070038B1054B0360054B43600123CA
:10B400000372002070470E20704700BF91B4070000
:10B410003BB4070069B10B78022B0CD1022804D091
:10B42000032814BF08201120704703230B7000204D
:10B4300070470E2070470820704769B10B78022BC7
:10B440000CD1022804D0032814BF08201120704713
:10B4500003230B70002070470E20704708207047B0
:10B4600010B50C4681B10B78012B06D00ED9033BE9
:10B47000012B94BF0820112010BDFFF7E1F900282F
:10B48000FAD102232370F7E70E20F5E70820F3E74F
:10B4900010B50C4681B10B78012B06D00ED9033BB9
:10B4A000012B94BF0820112010BDFFF701FA0028DE
:10B4B000FAD102232370F7E70E20F5E70820F3E71F
:10B4C00070B5144B144A0C21D21AB2FBF1F2816907
:10B4D00011F8025C044635B900690021914205D19A
:10B4E000012323600EE04FF0FF30F6E71E68AE4206
:10B4F0000CD1461C07D19D68D4E90001D4E9022390
:10B50000A847206070BD5E688642F4D001310C33DC
:10B51000E4E700BFD0D20700E8D207001EF0040F16
:10B520000CBFEFF30880EFF30980FFF7C9BF00BF3E
:10B5300010DF704711DF704713B5044609496846AC
:10B54000FCF72CFC019808B902B010BDD0E900212D
:10B550002046904718B16846FCF729FCF2E7112015
:10B56000F2E700BFC0D1070013B50446074968469B
:10B57000FCF714FC019B0BB902B010BD2046D3E9C7
:10B58000002190476846FCF712FCF3E7D8D107008A
:10B59000064B9A6822B11A6822F480021A6070473A
:10B5A000034B4FF48002C3F880207047C04E002048
:10B5B00000E100E00B4991F816335A09EC231341DE
:10B5C000DB0706D5084B9A683AB94FF480030B6045
:10B5D000704742F20200FCF79CBF1A6842F48002F6
:10B5E0001A60704700E100E0C04E0020F7B5194F27
:10B5F0003C7864BB184E012520463570FFF79CFF50
:10B60000112821D02046FFF7AFFF144B8DF80340DF
:10B61000186801900DF10300FCF710F8104901A81B
:10B62000FFF786FF0446B0FA80F0400938709DF8B5
:10B630000300FCF727F83CB90A4B34701C70FFF785
:10B64000B9FF2846FFF790FF204603B0F0BD08245D
:10B65000FAE700BF2D4E00202C4E0020BBD1070082
:10B660000D8507002E4E0020F7B5154F3B781BB314
:10B67000144E01203070FFF75FFF11284FF00005D6
:10B680001CD00220FFF770FF0DF107008DF8075066
:10B69000FBF7D4FFFFF74EFF04469DF807003D700F
:10B6A000FBF7F0FF2CB93470FFF772FF0320FFF7B0
:10B6B0005BFF204603B0F0BD0824FAE72C46F8E70C
:10B6C0002D4E00202C4E0020054B1B7833B1054B2E
:10B6D0001B780BB1FFF7C8BFFFF788BF0820704782
:10B6E0002C4E00202D4E0020014B1878704700BFD3
:10B6F0002D4E002007B508496846FCF74FFB019B1B
:10B7000013B903B05DF804FBD3E900209047684605
:10B71000FCF74DFBF3E700BFCCD10700FFF7EABF12
:10B7200060DF704769DF704761DF704730B5114DEA
:10B73000ADF5017D4FF4FA740DF1020103A8ADF8E7
:10B740000240FFF7F1FF70B9294601A8FCF726FB7C
:10B75000029B002BF0D003A8D3E90021904701A859
:10B76000FCF725FBF4E7052801D0FCF7D2FE0DF528
:10B77000017D30BDE4D10700024B1B780BB1FFF710
:10B78000D5BF70472F4E002018B1034B0360002037
:10B7900070470E20704700BFE82A00207FB506469C
:10B7A0000C46002959D02E4B0B600C22002101A819
:10B7B00001F08CF9012506232268ADF8083001A9B3
:10B7C00020208DF804608DF80650FFF7ABFF0C22A7
:10B7D000002101A801F07AF922688DF8055001A92D
:10B7E0004020FFF79FFF0C22002101A801F06EF915
:10B7F000F7232268ADF8063001A923208DF80460F4
:10B80000FFF790FF0C22002101A801F05FF92268E8
:10B810008DF8045001A92846FFF784FF0C2200216F
:10B8200001A801F053F94FF4B0632268019301A914
:10B83000A120FFF777FF0C22002101A801F046F9B3
:10B840009DF8043022682B4301A9A0208DF8043014
:10B85000FFF768FF002004B070BD0E20FBE700BFBB
:10B86000E82A002008B5FFF75BFF10B9014B012261
:10B870001A7008BD2F4E00204BDF70471FB50D4CCE
:10B8800001A8FFF7F9FF70B9214602A8FCF786FA74
:10B89000039B002BF4D00198D3E90021904702A824
:10B8A000FCF785FAF4E7052801D0FCF732FE04B076
:10B8B00010BD00BFF0D107008B1802448B4200D1AD
:10B8C000704713F8010D02F8010DF7E700000000C2
:10B8D000C3F10803DB0070B501330446002003A563
:10B8E0005B1920C940CAAD1920C4184720C940CAF5
:10B8F000754120C420C940CA754120C420C940CA2E
:10B90000754120C420C940CA754120C420C940CA1D
:10B91000754120C420C940CA754120C420C940CA0D
:10B92000754120C4404170BD0000000000000000CF
:10B93000C3F10803DB0070B50133002403A500BF89
:10B940005B1920C940CAAD1B20C0184720C940CA96
:10B95000B54120C020C940CAB54120C020C940CA55
:10B96000B54120C020C940CAB54120C020C940CA45
:10B97000B54120C020C940CAB54120C020C940CA35
:10B98000B54120C06441B4FA84F0400970BD00BFE5
:10B990002DE9F04F08B4F8CA04B451F8042BA3FB06
:10B9A000028940F8048B4FF0000AE4FB629A4FF0E2
:10B9B000000BE5FB62AB4FF0000CE6FB62BC4FF006
:10B9C000000EE7FB62CE51F8042B4FF00008E3FBBA
:10B9D000628940F8048BE4FB629AE5FB62ABE6FB0C
:10B9E00062BCE7FB62CE51F8042B4FF00008E3FB8A
:10B9F000628940F8048BE4FB629AE5FB62ABE6FBEC
:10BA000062BCE7FB62CE51F8042B4FF00008E3FB69
:10BA1000628940F8048BE4FB629AE5FB62ABE6FBCB
:10BA200062BCE7FB62CE51F8042B4FF00008E3FB49
:10BA3000628940F8048BE4FB629AE5FB62ABE6FBAB
:10BA400062BCE7FB62CE40F8049B40F804AB40F8D0
:10BA500004BB40F804CB40F804EB0CBC052B00F011
:10BA60001E810C68A0F11400A1F11401A2F11402CE
:10BA700052F804EB4FF0000550F8046BE4FB6E56EF
:10BA800052F804EB50F8047BE4FB6E6752F804EBC9
:10BA900050F8048BE4FB6E7852F804EB50F8049BEA
:10BAA000E4FB6E8952F804EB50F804ABE4FB6E9AA9
:10BAB000A0F1140052F8044B51F804EB4FF0000CC5
:10BAC000E4FB6EC540F804CB51F804EBE4FB6E5682
:10BAD00040F8045B51F804EBE4FB6E6740F8046B3C
:10BAE00051F804EBE4FB6E7840F8047B51F804EB6A
:10BAF000E4FB6E8940F8048B51F804EBE4FB6E9A8A
:10BB0000A0E80006062B00F0CA800C68A0F118001F
:10BB1000A1F11801A2F1180252F804EB4FF0000550
:10BB200050F8046BE4FB6E5652F804EB50F8047BBB
:10BB3000E4FB6E6752F804EB50F8048BE4FB6E787C
:10BB400052F804EB50F8049BE4FB6E8952F804EBC6
:10BB500050F804ABE4FB6E9A52F804EB50F804BBC7
:10BB6000E4FB6EABA0F1180052F8044B51F804EB63
:10BB70004FF0000CE4FB6EC540F804CB51F804EB29
:10BB8000E4FB6E5640F8045B51F804EBE4FB6E678F
:10BB900040F8046B51F804EBE4FB6E7840F8047B4A
:10BBA00051F804EBE4FB6E8940F8048B51F804EB88
:10BBB000E4FB6E9A40F8049B51F804EBE4FB6EAB97
:10BBC000A0E8000C072B6AD008B40C68A0F11C0098
:10BBD000A1F11C01A2F11C0252F804EB4FF0000588
:10BBE00050F8046BE4FB6E5652F804EB50F8047BFB
:10BBF000E4FB6E6752F804EB50F8048BE4FB6E78BC
:10BC000052F804EB50F8049BE4FB6E8952F804EB05
:10BC100050F804ABE4FB6E9A52F804EB50F804BB06
:10BC2000E4FB6EAB52F804EB50F804CBE4FB6EBCC3
:10BC3000A0F11C0052F8044B51F804EB4FF0000344
:10BC4000E4FB6E3540F8043B51F804EBE4FB6E5620
:10BC500040F8045B51F804EBE4FB6E6740F8046BBA
:10BC600051F804EBE4FB6E7840F8047B51F804EBE8
:10BC7000E4FB6E8940F8048B51F804EBE4FB6E9A08
:10BC800040F8049B51F804EBE4FB6EAB40F804ABC6
:10BC900051F804EBE4FB6EBCA0E8001808BCBDE85A
:10BCA000F08F002310B51C465AB2914200DC10BD43
:10BCB00040F823400133F7E710B500231A465CB281
:10BCC000A14203DCB2FA82F0400910BD50F82340D3
:10BCD00001332243F3E74A11012350F8220001F017
:10BCE0001F0103FA01F108407047013910B549B24C
:10BCF000041D0A06CBB204D4013954F82120002ACD
:10BD0000F7D001335BB273B103F18042013A50F8CE
:10BD10002220002022B9013B00EB431318B210BDD2
:10BD200052080130F6E71846F9E710B500235CB277
:10BD3000A24200DC10BD51F8234040F823400133FB
:10BD4000F5E710B5013A52B2130601D5002010BD37
:10BD500050F8224051F822309C4205D802F1FF32BF
:10BD6000F2D24FF0FF30F2E70120F0E700EB810163
:10BD70000023884200D3704751F8042D43EA520350
:10BD80000B60D307F5E737B51D469DF918300193D1
:10BD90000446FFF79DFD019B38B91A462146284607
:10BDA000FFF7CFFF0128019B07D02A4621462046F6
:10BDB00003B0BDE83040FFF7BBBD03B030BD37B5C1
:10BDC0001D469DF9183001930446FFF7B1FD019B14
:10BDD00038B12A462146204603B0BDE83040FFF77F
:10BDE00077BD03B030BD2DE9F04FB5B004AC9DF97F
:10BDF000F8501E4680462B462046FFF7C9FD24AB6F
:10BE000029463046CDE90234FFF76FFFC0EB8510BD
:10BE100004B2002C2146B8BF04F11F01634241F374
:10BE2000471103F01F0314A804F01F0758BF5F4217
:10BE3000FFF737FF002F08B22BDD14AB002203EB16
:10BE40008001C7F1200E1346AB4217D36B0001935C
:10BE500014AB03EB85096F1E34AB012603EB870798
:10BE6000002C54DA34AB03EB86062A4656F8C81C7D
:10BE70004046FFF75AFF35B0BDE8F08F56F823C0B3
:10BE80000CFA07F0024341F8042B01332CFA0EF2AE
:10BE9000DAE714AB2A46314603EB8000FFF745FF93
:10BEA000D4E70FFA82FE5AF8C83C53F82EB034ABF0
:10BEB00003EB8202013052F8803C0B44BBEB0303DE
:10BEC00034BF012200229B4518BF11465CF8C82CE4
:10BED00042F82E30019B42B29A42E2DB731A5E4274
:10BEE000294614A85E41FFF741FF34AB03EB8503FD
:10BEF000294653F8802C57F8803C484643EAC273E1
:10BF0000013C47F8803C24B2FFF730FFA8E734AB90
:10BF10000020C6F1010C014603EB860A03EB8C0CF2
:10BF2000D8E730B51C4691B0054693F90030684615
:10BF3000FFF72EFDD4F8AC3069462846984711B07B
:10BF400030BD13460A46FFF7ECBF2DE9F04793F9E1
:10BF5000006092B0044689461046314615461F4699
:10BF6000FFF7AAFE002840F091803A46494602A811
:10BF7000FFF7E7FF3B4602AA21460AA8FFF7D1FFD9
:10BF800002A908463A46FFF7DCFF3B462A464946E7
:10BF90004846FFF7C6FF07F104083A4629462846F7
:10BFA000FFF7CFFF43462A46214620460096FFF77B
:10BFB000EAFE43462A46294628460096FFF7E3FE56
:10BFC00043462A46214628460096FFF7F8FE3B46A0
:10BFD0002A4621462046FFF7A4FF43462246214633
:10BFE00028460096FFF7CFFE434600962A46214694
:10BFF0002046FFF7C8FE2368DB074AD53346424692
:10C0000021462046FFF764FC314682462046FFF772
:10C01000ADFE06F18043013B54F8232042EACA7288
:10C0200044F823203A4621462846FFF78AFF434634
:10C030000AAA294628460096FFF7C1FE43460AAAE7
:10C04000294628460096FFF7BAFE0AA90846434645
:10C050002A460096FFF7B3FE3B460AAA2146204631
:10C06000FFF75FFF02AA4346104621460096FFF7FE
:10C07000A6FE324629462046FFF757FE4946284687
:10C08000FFF753FE02A94846FFF74FFE12B0BDE886
:10C09000F08731462046FFF769FEC3E72DE9F041FE
:10C0A00015468AB004460E461C22002103A800F063
:10C0B0000DFD2F1D95F9008003232A4631462046A9
:10C0C0000293FFF73EFF3B4602AA21462046CDF8E9
:10C0D0000080FFF774FE2B46324621462046FFF7CC
:10C0E00020FFCDF800803B4605F184022146204622
:10C0F000FFF749FE0AB0BDE8F08100002DE9F042EB
:10C10000082288B00C468146FFF70FFECB6A0393E6
:10C110000B6B04934B6B05938B6B0693CB6B079365
:10C12000002708236A4669466846CDE901770097EB
:10C13000FFF7CEFB082305466A4649464846FFF707
:10C14000C7FB236B0393636B0493A36B0593E36BB0
:10C150000544CDE906376A46082369466846FFF775
:10C16000B7FB082305446A4649464846FFF7B0FB3B
:10C17000236A0093636A0193A36A0293A36B0693F5
:10C18000E36B0793054408236A4649464846CDE9D0
:10C1900004770397FFF79CFB636A0093A36AA26B83
:10C1A0000193E36A02930492636BE26B0393CDE91C
:10C1B0000523236A07932E1808236A4649464846F2
:10C1C000FFF786FBE36A0093236B0193636B029393
:10C1D000236A0693A36A0793351808236A464946DB
:10C1E0004846CDE904770397FFF7A2FB236B009342
:10C1F000636B0193A36B0293E36B0393636A0693F0
:10C20000E36A07932E1A08236A4649464846CDE951
:10C210000477FFF78DFB636B0093A36B0193E36BD4
:10C220000293236A0393636A0493A36ACDE90537F3
:10C23000236B0793361A08236A4649464846FFF798
:10C2400077FBA36B0093E36BCDE90137636A03933C
:10C25000A36A0493E36ACDE90537636B0793361A43
:10C2600008236A4649464846FFF762FB361A0E4CD9
:10C270000FD436B9082249462046FFF762FD01284F
:10C280000FD00823224649464846FFF751FB361A8D
:10C29000EFE70823224649464846FFF719FB3618C0
:10C2A000F7D408B0BDE8F08200D2070070B514469C
:10C2B0008AB006460D461A46214602A80193FFF7AA
:10C2C00040FE019B02AA31463046FFF72AFE02A932
:10C2D000019B22460846FFF724FE019B02AA29463D
:10C2E0002846FFF71EFE0AB070BD2DE9F0478AB060
:10C2F0001446DDF848A055461F4615F9046B009614
:10C30000804689462B460246214602A8FFF757FD84
:10C3100002A952460846FFF714FE534602AA4146B8
:10C320004046FFF7FEFD534602AA21462046FFF78E
:10C33000F8FD2B464A46394638460096FFF73FFD42
:10C340005246394602A8FFF7FCFD02A92B46424699
:10C3500008460096FFF733FD02A92B462246084601
:10C360000096FFF72CFD2B464246214620460096BC
:10C37000FFF725FD5346224649464846FFF7D1FDC3
:10C380002B4602AA414620460096FFF718FD534669
:10C39000224639463846FFF7C4FD2B464A46394601
:10C3A00038460096FFF70BFD324602A92046FFF7FC
:10C3B000BCFC0AB0BDE8F0872DE9F0479846B3F918
:10C3C0000230894613F11F0148BF03F13E01DD1D14
:10C3D00048BF03F10E05EC104E11944275B228BF10
:10C3E000144629460746FFF75CFC22464946FFF7FC
:10C3F00063FAB8F90230B3EBC40F4FEAC40220D29B
:10C40000D21A07EB86010020C2F120068F420FD31B
:10C4100008F124082A4639464046FFF792FC0128D5
:10C420000FD02B4642463846BDE8F047FFF780BAAA
:10C4300051F8044D24FA02F303430B6004FA06F0AA
:10C44000E4E7BDE8F08770B5036813F00106054620
:10C45000144605D013460A460146FFF739FA064648
:10C4600021462846FFF782FC46B104F18042013A9A
:10C4700055F8223043F0004345F8223070BDF0B546
:10C480000F46A1B006461946384615461C46FFF72A
:10C4900013FC20B13046FFF704FC21B0F0BD22466A
:10C4A00039466846FFF741FC294608A8FFF73DFCDE
:10C4B00010A82146FFF7F5FB012318A81093FFF7FA
:10C4C000F0FB224608A96846FFF73BFC28B9224644
:10C4D00010A93046FFF729FCDFE7009BDA0709D4F3
:10C4E00021466846FFF742FC2246294610A8FFF77E
:10C4F000AAFFE6E7089BDB0707D4214608A8FFF759
:10C5000035FC2246294618A8F1E7002823461CDD01
:10C5100008AA69466846FFF70BFA21466846FFF706
:10C5200025FC224618A910A8FFF70BFC002805DA05
:10C5300010A923462A460846FFF7CAF910A9234640
:10C5400018AA0846FFF7F4F9CEE708A96A46084694
:10C55000FFF7EEF9214608A8FFF708FC224610A9CC
:10C5600018A8FFF7EEFB002805DA18A923462A468B
:10C570000846FFF7ADF918A9234610AA0846FFF7A9
:10C58000D7F9BEE700487047FCD107002DE9F04F0E
:10C590002DED028BEDB08946789E05901946B6F9CF
:10C5A000023096F9004013F11F0748BF03F13E0720
:10C5B00047F3471707F1FF3B24AB002543F82B5007
:10C5C0006CAB03EB8B0307EE902A4CA896F9012085
:10C5D00043F8805C43F8605CFFF76EF996F9012040
:10C5E00054A81144FFF768F921464CA8FFF764FBF3
:10C5F0008046002840F0428154A8FFF75DFB03907D
:10C60000002840F03D8106F1240A3A464CA95046E4
:10C61000FFF797FB012840F035813A4654A9504670
:10C62000FFF78FFB0128069040F02C811CAD3B46A4
:10C63000524654A92846FFF722FF0DF13008039B0C
:10C6400048F82B3017EE902A494640463346FFF70C
:10C65000B3FE4146404653462A460097FFF7C3FBC8
:10C660000DF5B87B53462A464CA914A80097FFF74E
:10C67000BAFB224658460599FFF757FBA3000793DC
:10C68000059B0BEB840903EB84014846FFF74DFB48
:10C6900006F14403194634A80493FFF746FB049BB4
:10C6A000A10059183CA8FFF740FB331D08EE903A53
:10C6B000594634AA28460094FFF781FB4B465A4658
:10C6C0003CA934A80096FFF710FE18EE902A2346E6
:10C6D00029462846FFF7D3FE2A46494658463346A0
:10C6E000FFF7E4FD039B0893049B0993059B3946E0
:10C6F0004046CDE90A3BFFF7F8FA3946834614A8CD
:10C70000FFF7F3FA5845B8BF58461FFA80FB0BF104
:10C71000FF3109B240460491FFF7DDFA0499B0F108
:10C72000000814A818BF4FF00108FFF7D4FA00283A
:10C7300014BF0220002048EA00080DF1200922461B
:10C7400059F8281024A8FFF7F0FA0DF1B009A3005A
:10C7500019444846FFF7E9FA21462846FFF7A1FAAF
:10C76000069B2B60ABF1020824AB08EE105A0FFABF
:10C7700088F80493B8F1000F2ADA18EE902A18EE20
:10C78000101A18EE100A2346FFF779FE18EE102A49
:10C79000049833464946FFF789FD04993A465046C6
:10C7A000FFF7CFFA012805D004993B4652460846C8
:10C7B000FFF7BEF8013C64B24CAA230653D5039B95
:10C7C000B3FA83F040096DB0BDEC028BBDE8F08F89
:10C7D000334618EE102A0498D6F8A4504946A847C4
:10C7E00041460CA8FFF777FA4146B0F1000B14A8B8
:10C7F00018BF4FF0010BFFF76EFA002814BF02209C
:10C8000000204BEA000B08AB53F82B1031B3224643
:10C8100034A8FFF78AFA079B3CA81944FFF785FA6A
:10C8200018EE102A33463CA934A8FFF73FFD18EE56
:10C83000903A0499009434AA44A8FFF7C0FA049AE5
:10C8400000964B463CA934A8FFF74FFD18EE101A8E
:10C8500018EE100A334644AAFFF763FB08F1FF38CD
:10C860000FFA88F886E7049B52F8241053F8243016
:10C870004B40039919430391013C9EE72846A2E7E8
:10C880004046A0E703989EE7002301461A46184653
:10C8900000F0E4B908B5074B044613B1002100F0DD
:10C8A0002DFA054B1868836A03B19847204600F0BB
:10C8B00073FA00BFFDCC0700ACD2070038B50A4CB4
:10C8C0000A4D641BA4100AD004F18043013B05EB20
:10C8D0008305013C55F804399847002CF9D1BDE88F
:10C8E000384000F061BA00BFA02B00209C2B002034
:10C8F00070B50D4E0D4D761BB61006D000240134D8
:10C9000055F8043B9847A642F9D1094E094D761BCC
:10C9100000F044FAB61006D00024013455F8043B68
:10C920009847A642F9D170BD982B0020982B002083
:10C930009C2B0020982B0020032A70B412D940EAC7
:10C940000105AD0704460B4620D11946204653F891
:10C95000045B54F8046BAE4218D1043A032A204613
:10C960001946F2D8541E72B103780A789A4208BF69
:10C97000241806D00CE010F8013F11F8012F934263
:10C9800006D1A042F7D1002070BC7047541EEBE7DF
:10C99000981A70BC704700BF844641EA000313F048
:10C9A00003036DD1403A41D351F8043B40F8043BB6
:10C9B00051F8043B40F8043B51F8043B40F8043B79
:10C9C00051F8043B40F8043B51F8043B40F8043B69
:10C9D00051F8043B40F8043B51F8043B40F8043B59
:10C9E00051F8043B40F8043B51F8043B40F8043B49
:10C9F00051F8043B40F8043B51F8043B40F8043B39
:10CA000051F8043B40F8043B51F8043B40F8043B28
:10CA100051F8043B40F8043B51F8043B40F8043B18
:10CA200051F8043B40F8043B403ABDD2303211D3B8
:10CA300051F8043B40F8043B51F8043B40F8043BF8
:10CA400051F8043B40F8043B51F8043B40F8043BE8
:10CA5000103AEDD20C3205D351F8043B40F8043BB8
:10CA6000043AF9D2043208D0D2071CBF11F8013BB6
:10CA700000F8013B01D30B8803806046704700BF7C
:10CA8000082A13D38B078DD010F003038AD0C3F18B
:10CA90000403D21ADB071CBF11F8013B00F8013B6D
:10CAA00080D331F8023B20F8023B7BE7043AD9D32C
:10CAB000013A11F8013B00F8013BF9D20B78037001
:10CAC0004B7843708B78837060467047F0B486076C
:10CAD00046D0541E002A3CD0CAB2034602E014F1EC
:10CAE000FF3436D303F8012B9D07F8D1032C29D945
:10CAF000CDB245EA05250F2C45EA054533D9A4F109
:10CB00001006360903F1200707EB061703F11002A0
:10CB100042E9045542E902551032BA42F8D1721C7A
:10CB200014F00C0F03EB021204F00F0613D0331FA6
:10CB300023F003030433134442F8045B9342FBD114
:10CB400006F003042CB1C9B21C4403F8011B9C423B
:10CB5000FBD1F0BC704734461346002CF3D1F8E704
:10CB600014460346C2E71A462646E0E700000000E6
:10CB700000000000000000000000000000000000B5
:10CB800090F800F06DE9024520F007016FF0000C0D
:10CB900010F0070491F820F040F049804FF00004B5
:10CBA0006FF00700D1E9002391F840F000F1080090
:10CBB00082FA4CF2A4FA8CF283FA4CF3A2FA8CF3C8
:10CBC0004BBBD1E9022382FA4CF200F10800A4FA2F
:10CBD0008CF283FA4CF3A2FA8CF3E3B9D1E9042383
:10CBE00082FA4CF200F10800A4FA8CF283FA4CF3BA
:10CBF000A2FA8CF37BB9D1E9062301F1200182FA74
:10CC00004CF200F10800A4FA8CF283FA4CF3A2FA79
:10CC10008CF3002BC6D0002A04BF04301A4612BA87
:10CC2000B2FA82F2FDE8024500EBD2007047D1E98A
:10CC3000002304F00305C4F100004FEAC50514F019
:10CC4000040F91F840F00CFA05F562EA05021CBFEA
:10CC500063EA050362464FF00004A9E72DE9F843B3
:10CC6000224C25680DB36C681F2C3BDC984691461E
:10CC70000F46064688B1D5F8880028B3D0F80031B1
:10CC800040F824900122A24000EB84011343022EBD
:10CC9000C0F80031C1F8808010D0A31C01346C6052
:10CCA00045F823700020BDE8F883114E114D256032
:10CCB000002ED8D03468C5F88840D4E7D0F80431C5
:10CCC0001A43C0F80421E8E70B4B5BB14FF48470C2
:10CCD000AFF3008030B100236C68C0E94033C5F881
:10CCE0008800CDE74FF0FF30DDE700BFBC4E0020ED
:10CCF00000000000304E0020000000002DE9F04F41
:10CD0000DFF8908083B0D8F8005001900F464FF0C4
:10CD1000010A8DB16C68D5F88860013C0CD405F12E
:10CD2000080B67B12EB106F1800353F82430BB42E3
:10CD300005D014F1FF34F4D203B0BDE8F08F6B6876
:10CD40005BF82420013BA34216BF00236C604BF824
:10CD50002430002AEDD0D5F80490B6B1D6F80011F1
:10CD60000AFA04F30B4210D0D6F8040156F8241046
:10CD700003420CD1019890476B68D8F800204B45CE
:10CD800001D1AA42D5D01546C3E79047F4E708463B
:10CD90009047F1E7BC4E0020FEE700BFF8B500BFAA
:10CDA000F8BC08BC9E467047F8B500BFF8BC08BC8C
:10CDB0009E467047001000000400000001000000C3
:10CDC00095790700B9790700C9790700397A070012
:10CDD000D9790700A1790700A5790700A97907008B
:10CDE000001000000400000001000000457B070067
:10CDF000257B0700157B07004D7D0700017D07009F
:10CE0000E77A0700EB7A0700F17A0700982F8A4249
:10CE100091443771CFFBC0B5A5DBB5E95BC256398C
:10CE2000F111F159A4823F92D55E1CAB98AA07D8A4
:10CE3000015B8312BE853124C37D0C55745DBE72C7
:10CE4000FEB1DE80A706DC9B74F19BC1C1699BE447
:10CE50008647BEEFC69DC10FCCA10C246F2CE92DD7
:10CE6000AA84744ADCA9B05CDA88F97652513E98FB
:10CE70006DC631A8C82703B0C77F59BFF30BE0C602
:10CE80004791A7D55163CA0667292914850AB72790
:10CE900038211B2EFC6D2C4D130D385354730A652D
:10CEA000BB0A6A762EC9C281852C7292A1E8BFA204
:10CEB0004B661AA8708B4BC2A3516CC719E892D16C
:10CEC000240699D685350EF470A06A1016C1A419EF
:10CED000086C371E4C774827B5BCB034B30C1C39EE
:10CEE0004AAAD84E4FCA9C5BF36F2E68EE828F74AD
:10CEF0006F63A5781478C8840802C78CFAFFBE90C7
:10CF0000EB6C50A4F7A3F9BEF27871C64800280074
:10CF10000020400085C50700DDAC843D1EBD6AFCD5
:10CF2000F19B4BD0C49DB1BE608F0D7ACA0083AA1D
:10CF3000B84899DE96F7E90C05200B441BE1104A2E
:10CF4000A3418950BAD2FDB74999C850A1D379AF4E
:10CF50008939544350D9C92D06150E1506110A04F6
:10CF60000A1104041F04041C0B1F251E15160F189C
:10CF7000131C0B1F251E15160F18130000000000B0
:10CF80000338FDD870470000F79207009B92070016
:10CF9000EB9707005D9807007D980700E191070077
:10CFA000A19107007F97070000000000A9980700E3
:10CFB000A398070083980700200000007800000075
:10CFC000000000000100010000000000010000005E
:10CFD0000000000002000500010000004200000007
:10CFE0000000000000000000000000000000000041
:10CFF00000000000010011000100FFFF010000001F
:10D0000000000000020017000200FEFF64010000A3
:10D0100054D00700000000000000000000000000E5
:10D0200000000000010001000000000001000000FD
:10D0300000000000020005000100000022000000C6
:10D0400000000000000000000000000000000000E0
:10D0500000000000010011000400FCFF04000000BB
:10D0600000000000020011000400FCFF04000000AA
:10D0700000000000030021000400FCFF0400100079
:10D0800000000000040011000100FFFF010000008B
:10D0900000000000050011000200FEFF0400000077
:10D0A00000000000060011000400FCFF0400000066
:10D0B00000000000070011000400FCFF0400000055
:10D0C00000000000080017000200FEFF240000001E
:10D0D00024D00700090010000100FFFF010000003C
:10D0E00004D107000A0027000200FEFF44000300ED
:10D0F000C4CF070000000000000000000000000096
:10D100000000000000000000010017000400FCFF08
:10D1100068010000F4CF0700020017000400FCFFC4
:10D12000AC01000038D10700000000000000000042
:10D1300000000000000000000100070000000000E7
:10D1400068010000F4CF07000200010000000000A9
:10D1500001000000000000000300050001000000C5
:10D16000420000000000000000000000000000007D
:10D170000000000000000000446675546172670002
:10D18000000000000000000000000000000000009F
:10D1900050EADA308883B89F604F15F30000C98EDB
:10D1A0000338FDD870470C000C00000058026D6970
:10D1B00063726F6269745F61707000001002010039
:10D1C00008D3070010D3070008000000F8D20700BA
:10D1D00008D3070008000000F0D20700F8D20700CB
:10D1E00008000000E8D20700F0D2070008000000A5
:10D1F00010D3070018D30700080000000820000122
:10D20000FFFFFFFFFFFFFFFFFFFFFFFF000000002A
:10D21000000000000000000001000000FFFFFFFF11
:10D22000512563FCC2CAB9F3849E17A7ADFAE6BCC8
:10D23000FFFFFFFFFFFFFFFF00000000FFFFFFFFFA
:10D2400096C298D84539A1F4A033EB2D817D0377A0
:10D25000F240A463E5E6BCF847422CE1F2D1176B3B
:10D26000F551BF376840B6CBCE5E316B5733CE2B0E
:10D27000169E0F7C4AEBE78E9B7F1AFEE242E34F3D
:10D280004B60D2273E3CCE3BF6B053CCB0061D657A
:10D29000BC86987655BDEBB3E7933AAAD835C65A03
:10D2A0004BBF07009DC00700FDC00700382B0020C2
:10D2B0000000000001A10700599E07004032002035
:10D2C0007C4200208D42002048320020F400000003
:10D2D0000000000003000000F5B30700000000009C
:10D2E00002000000D5B30700A59A07000000000067
:10D2F000C17C07000000000079B7070000000000B3
:10D300007DB8070000000000017B0700000000005E
:10D310001D7C070000000000709FFF7F01000000DF
:10D320000090D0030000000000000000000000009A
:10D3300000000000000000000000000000000000ED
:10D3400001000000000000000000000000000000DC
:10D3500002000000EC2A00200C2B0020FC2A0020F8
:10D36000FF00FFFF0100000000E00700382B002055
:10D3700000000000000000000000000000000000AD
:10D38000000000000000000000000000000000009D
:10D39000000000000000000000000000000000008D
:10D3A000000000000000000000000000000000007D
:10D3B000000000000000000000000000000000006D
:10D3C000000000000000000000000000000000005D
:10D3D00069720700417207000000000000000000B1
:0CD3E00001A2070000100000000008007F
:10E00000BE361649020000000000000000000000BB
:10E0100000000000000000001CD20000105EBCF8F0
:10E0200001000000000000000000000000000000EF
:10E0300000000000000000000000000000000000E0
:10E0400000000000000000000000000000000000D0
:10E0500000000000000000000000000000000000C0
:10E0600000000000000000000000000000000000B0
:10E0700000000000000000000000000000000000A0
:10E080000000000000000000000000000000000090
:10E090000000000000000000000000000000000080
:10E0A0000000000000000000000000000000000070
:10E0B0000000000000000000000000000000000060
:10E0C0000000000000000000000000000000000050
:10E0D0000000000000000000000000000000000040
:10E0E0000000000000000000000000000000000030
:10E0F0000000000000000000000000000000000020
:10E10000000000000000000000000000000000000F
:10E1100000000000000000000000000000000000FF
:10E1200000000000000000000000000000000000EF
:10E1300000000000000000000000000000000000DF
:10E1400000000000000000000000000000000000CF
:10E1500000000000000000000000000000000000BF
:10E1600000000000000000000000000000000000AF
:10E17000000000000000000000000000000000009F
:10E18000000000000000000000000000000000008F
:10E19000000000000000000000000000000000007F
:10E1A000000000000000000000000000000000006F
:10E1B000000000000000000000000000000000005F
:10E1C000000000000000000000000000000000004F
:10E1D000000000000000000000000000000000003F
:10E1E000000000000000000000000000000000002F
:10E1F000000000000000000000000000000000001F
:10E20000000000000000000000000000000000000E
:10E2100000000000000000000000000000000000FE
:10E2200000000000000000000000000000000000EE
:10E2300000000000000000000000000000000000DE
:10E2400000000000000000000000000000000000CE
:10E25000000000000000000000000000A21BDAAC7B
:10E2600000000000000000000000000000000000AE
:10E27000000000000000000000000000000000009E
:10E28000000000000000000000000000000000008E
:10E29000000000000000000000000000000000007E
:10E2A000000000000000000000000000000000006E
:10E2B000000000000000000000000000000000005E
:10E2C000000000000000000000000000000000004E
:10E2D000000000000000000000000000000000003E
:10E2E000000000000000000000000000000000002E
:10E2F000000000000000000000000000000000001E
:10E30000000000000000000000000000000000000D
:10E3100000000000000000000000000000000000FD
:10E3200000000000000000000000000000000000ED
:10E3300000000000000000000000000000000000DD
:10E3400000000000000000000000000000000000CD
:10E3500000000000000000000000000000000000BD
:10E3600000000000000000000000000000000000AD
:10E37000000000000000000000000000000000009D
:10E38000000000000000000000000000000000008D
:10E39000000000000000000000000000000000007D
:10E3A000000000000000000000000000000000006D
:10E3B000000000000000000000000000000000005D
:10E3C000000000000000000000000000000000004D
:10E3D000000000000000000000000000000000003D
:10E3E000000000000000000000000000000000002D
:10E3F000000000000000000000000000000000001D
:10E40000000000000000000000000000000000000C
:10E4100000000000000000000000000000000000FC
:10E4200000000000000000000000000000000000EC
:10E4300000000000000000000000000000000000DC
:10E4400000000000000000000000000000000000CC
:10E4500000000000000000000000000000000000BC
:10E4600000000000000000000000000000000000AC
:10E47000000000000000000000000000000000009C
:10E48000000000000000000000000000000000008C
:10E49000000000000000000000000000000000007C
:10E4A000000000000000000000000000000000006C
:10E4B000000000000000000000000000000000005C
:10E4C000000000000000000000000000000000004C
:10E4D000000000000000000000000000000000003C
:10E4E000000000000000000000000000000000002C
:10E4F000000000000000000000000000000000001C
:10E50000000000000000000000000000000000000B
:10E5100000000000000000000000000000000000FB
:10E5200000000000000000000000000000000000EB
:10E5300000000000000000000000000000000000DB
:10E5400000000000000000000000000000000000CB
:10E5500000000000000000000000000000000000BB
:10E5600000000000000000000000000000000000AB
:10E57000000000000000000000000000000000009B
:10E58000000000000000000000000000000000008B
:10E59000000000000000000000000000000000007B
:10E5A000000000000000000000000000000000006B
:10E5B000000000000000000000000000000000005B
:10E5C000000000000000000000000000000000004B
:10E5D000000000000000000000000000000000003B
:10E5E000000000000000000000000000000000002B
:10E5F000000000000000000000000000000000001B
:10E60000000000000000000000000000000000000A
:10E6100000000000000000000000000000000000FA
:10E6200000000000000000000000000000000000EA
:10E6300000000000000000000000000000000000DA
:10E6400000000000000000000000000000000000CA
:10E6500000000000000000000000000000000000BA
:10E6600000000000000000000000000000000000AA
:10E67000000000000000000000000000000000009A
:10E68000000000000000000000000000000000008A
:10E69000000000000000000000000000000000007A
:10E6A000000000000000000000000000000000006A
:10E6B000000000000000000000000000000000005A
:10E6C000000000000000000000000000000000004A
:10E6D000000000000000000000000000000000003A
:10E6E000000000000000000000000000000000002A
:10E6F000000000000000000000000000000000001A
:10E700000000000000000000000000000000000009
:10E7100000000000000000000000000000000000F9
:10E7200000000000000000000000000000000000E9
:10E7300000000000000000000000000000000000D9
:10E7400000000000000000000000000000000000C9
:10E7500000000000000000000000000000000000B9
:10E7600000000000000000000000000000000000A9
:10E770000000000000000000000000000000000099
:10E780000000000000000000000000000000000089
:10E790000000000000000000000000000000000079
:10E7A0000000000000000000000000000000000069
:10E7B0000000000000000000000000000000000059
:10E7C0000000000000000000000000000000000049
:10E7D0000000000000000000000000000000000039
:10E7E0000000000000000000000000000000000029
:10E7F0000000000000000000000000000000000019
:10E800000000000000000000000000000000000008
:10E8100000000000000000000000000000000000F8
:10E8200000000000000000000000000000000000E8
:10E8300000000000000000000000000000000000D8
:10E8400000000000000000000000000000000000C8
:10E8500000000000000000000000000000000000B8
:10E8600000000000000000000000000000000000A8
:10E870000000000000000000000000000000000098
:10E880000000000000000000000000000000000088
:10E890000000000000000000000000000000000078
:10E8A0000000000000000000000000000000000068
:10E8B0000000000000000000000000000000000058
:10E8C0000000000000000000000000000000000048
:10E8D0000000000000000000000000000000000038
:10E8E0000000000000000000000000000000000028
:10E8F0000000000000000000000000000000000018
:10E900000000000000000000000000000000000007
:10E9100000000000000000000000000000000000F7
:10E9200000000000000000000000000000000000E7
:10E9300000000000000000000000000000000000D7
:10E9400000000000000000000000000000000000C7
:10E9500000000000000000000000000000000000B7
:10E9600000000000000000000000000000000000A7
:10E970000000000000000000000000000000000097
:10E980000000000000000000000000000000000087
:10E990000000000000000000000000000000000077
:10E9A0000000000000000000000000000000000067
:10E9B0000000000000000000000000000000000057
:10E9C0000000000000000000000000000000000047
:10E9D0000000000000000000000000000000000037
:10E9E0000000000000000000000000000000000027
:10E9F0000000000000000000000000000000000017
:10EA00000000000000000000000000000000000006
:10EA100000000000000000000000000000000000F6
:10EA200000000000000000000000000000000000E6
:10EA300000000000000000000000000000000000D6
:10EA400000000000000000000000000000000000C6
:10EA500000000000000000000000000000000000B6
:10EA600000000000000000000000000000000000A6
:10EA70000000000000000000000000000000000096
:10EA80000000000000000000000000000000000086
:10EA90000000000000000000000000000000000076
:10EAA0000000000000000000000000000000000066
:10EAB0000000000000000000000000000000000056
:10EAC0000000000000000000000000000000000046
:10EAD0000000000000000000000000000000000036
:10EAE0000000000000000000000000000000000026
:10EAF0000000000000000000000000000000000016
:10EB00000000000000000000000000000000000005
:10EB100000000000000000000000000000000000F5
:10EB200000000000000000000000000000000000E5
:10EB300000000000000000000000000000000000D5
:10EB400000000000000000000000000000000000C5
:10EB500000000000000000000000000000000000B5
:10EB600000000000000000000000000000000000A5
:10EB70000000000000000000000000000000000095
:10EB80000000000000000000000000000000000085
:10EB90000000000000000000000000000000000075
:10EBA0000000000000000000000000000000000065
:10EBB0000000000000000000000000000000000055
:10EBC0000000000000000000000000000000000045
:10EBD0000000000000000000000000000000000035
:10EBE0000000000000000000000000000000000025
:10EBF0000000000000000000000000000000000015
:10EC00000000000000000000000000000000000004
:10EC100000000000000000000000000000000000F4
:10EC200000000000000000000000000000000000E4
:10EC300000000000000000000000000000000000D4
:10EC400000000000000000000000000000000000C4
:10EC500000000000000000000000000000000000B4
:10EC600000000000000000000000000000000000A4
:10EC70000000000000000000000000000000000094
:10EC80000000000000000000000000000000000084
:10EC90000000000000000000000000000000000074
:10ECA0000000000000000000000000000000000064
:10ECB0000000000000000000000000000000000054
:10ECC0000000000000000000000000000000000044
:10ECD0000000000000000000000000000000000034
:10ECE0000000000000000000000000000000000024
:10ECF0000000000000000000000000000000000014
:10ED00000000000000000000000000000000000003
:10ED100000000000000000000000000000000000F3
:10ED200000000000000000000000000000000000E3
:10ED300000000000000000000000000000000000D3
:10ED400000000000000000000000000000000000C3
:10ED500000000000000000000000000000000000B3
:10ED600000000000000000000000000000000000A3
:10ED70000000000000000000000000000000000093
:10ED80000000000000000000000000000000000083
:10ED90000000000000000000000000000000000073
:10EDA0000000000000000000000000000000000063
:10EDB0000000000000000000000000000000000053
:10EDC0000000000000000000000000000000000043
:10EDD0000000000000000000000000000000000033
:10EDE0000000000000000000000000000000000023
:10EDF0000000000000000000000000000000000013
:10EE00000000000000000000000000000000000002
:10EE100000000000000000000000000000000000F2
:10EE200000000000000000000000000000000000E2
:10EE300000000000000000000000000000000000D2
:10EE400000000000000000000000000000000000C2
:10EE500000000000000000000000000000000000B2
:10EE600000000000000000000000000000000000A2
:10EE70000000000000000000000000000000000092
:10EE80000000000000000000000000000000000082
:10EE90000000000000000000000000000000000072
:10EEA0000000000000000000000000000000000062
:10EEB0000000000000000000000000000000000052
:10EEC0000000000000000000000000000000000042
:10EED0000000000000000000000000000000000032
:10EEE0000000000000000000000000000000000022
:10EEF0000000000000000000000000000000000012
:10EF00000000000000000000000000000000000001
:10EF100000000000000000000000000000000000F1
:10EF200000000000000000000000000000000000E1
:10EF300000000000000000000000000000000000D1
:10EF400000000000000000000000000000000000C1
:10EF500000000000000000000000000000000000B1
:10EF600000000000000000000000000000000000A1
:10EF70000000000000000000000000000000000091
:10EF80000000000000000000000000000000000081
:10EF90000000000000000000000000000000000071
:10EFA0000000000000000000000000000000000061
:10EFB0000000000000000000000000000000000051
:10EFC0000000000000000000000000000000000041
:10EFD0000000000000000000000000000000000031
:10EFE0000000000000000000000000000000000021
:10EFF0000000000000000000000000000000000011
:10F00000BE361649020000000000000000000000AB
:10F0100000000000000000001CD20000105EBCF8E0
:10F0200001000000000000000000000000000000DF
:10F0300000000000000000000000000000000000D0
:10F0400000000000000000000000000000000000C0
:10F0500000000000000000000000000000000000B0
:10F0600000000000000000000000000000000000A0
:10F070000000000000000000000000000000000090
:10F080000000000000000000000000000000000080
:10F090000000000000000000000000000000000070
:10F0A0000000000000000000000000000000000060
:10F0B0000000000000000000000000000000000050
:10F0C0000000000000000000000000000000000040
:10F0D0000000000000000000000000000000000030
:10F0E0000000000000000000000000000000000020
:10F0F0000000000000000000000000000000000010
:10F1000000000000000000000000000000000000FF
:10F1100000000000000000000000000000000000EF
:10F1200000000000000000000000000000000000DF
:10F1300000000000000000000000000000000000CF
:10F1400000000000000000000000000000000000BF
:10F1500000000000000000000000000000000000AF
:10F16000000000000000000000000000000000009F
:10F17000000000000000000000000000000000008F
:10F18000000000000000000000000000000000007F
:10F19000000000000000000000000000000000006F
:10F1A000000000000000000000000000000000005F
:10F1B000000000000000000000000000000000004F
:10F1C000000000000000000000000000000000003F
:10F1D000000000000000000000000000000000002F
:10F1E000000000000000000000000000000000001F
:10F1F000000000000000000000000000000000000F
:10F2000000000000000000000000000000000000FE
:10F2100000000000000000000000000000000000EE
:10F2200000000000000000000000000000000000DE
:10F2300000000000000000000000000000000000CE
:10F2400000000000000000000000000000000000BE
:10F25000000000000000000000000000A21BDAAC6B
:10F26000000000000000000000000000000000009E
:10F27000000000000000000000000000000000008E
:10F28000000000000000000000000000000000007E
:10F29000000000000000000000000000000000006E
:10F2A000000000000000000000000000000000005E
:10F2B000000000000000000000000000000000004E
:10F2C000000000000000000000000000000000003E
:10F2D000000000000000000000000000000000002E
:10F2E000000000000000000000000000000000001E
:10F2F000000000000000000000000000000000000E
:10F3000000000000000000000000000000000000FD
:10F3100000000000000000000000000000000000ED
:03F32000000000EA
:020000040000FA
:020000041000EA
:081014000070070000E0070076
:040000033000CD6597
:00000001FF
