:1000000000040020810A000015070000610A0000BA
:100010001F07000029070000330700000000000050
:10002000000000000000000000000000A50A000021
:100030003D070000000000004707000051070000D6
:100040005B070000650700006F07000079070000EC
:10005000830700008D07000097070000A10700003C
:10006000AB070000B5070000BF070000C90700008C
:10007000D3070000DD070000E7070000F1070000DC
:10008000FB070000050800000F0800001908000029
:10009000230800002D080000370800004108000078
:1000A0004B080000550800005F08000069080000C8
:1000B000730800007D080000870800009108000018
:1000C0009B080000A5080000AF080000B908000068
:1000D000C3080000CD080000D7080000E1080000B8
:1000E000EB080000F5080000FF0800000909000007
:1000F000130900001D090000270900003109000054
:100100003B0900001FB500F003F88DE80F001FBD8C
:1001100000F0ACBC40F6FC7108684FF01022401CA7
:1001200008D00868401C09D00868401C04D0086842
:1001300000F037BA9069F5E79069F9E7704770B554
:100140000B46010B184400F6FF70040B4FF0805073
:100150000022090303692403406943431D1B104621
:1001600000F048FA29462046BDE8704000F042BA47
:10017000F0B54FF6FF734FF4B4751A466E1E11E0DA
:10018000A94201D3344600E00C46091B30F8027B3B
:10019000641E3B441A44F9D19CB204EB134394B25D
:1001A00004EB12420029EBD198B200EB134002EBB2
:1001B000124140EA0140F0BDF34992B00446D1E952
:1001C0000001CDE91001FF224021684600F0F4FB58
:1001D00094E80F008DE80F00684610A902E004C8FB
:1001E00041F8042D8842FAD110216846FFF7C0FF7C
:1001F0001090AA208DF8440000F099F9FFF78AFFCB
:1002000040F6FC7420684FF01025401C0FD0206889
:1002100010226946803000F078F92068401C08D030
:100220002068082210A900F070F900F061F9A869AF
:10023000EEE7A869F5E74FF080500369406940F6A2
:10024000FC71434308684FF01022401C06D0086838
:1002500000F58050834203D2092070479069F7E788
:100260000868401C04D00868401C03D00020704778
:100270009069F9E70420704770B504460068C34DE3
:10028000072876D2DFE800F033041929631E250021
:10029000D4E9026564682946304600F062F92A46CE
:1002A0002146304600F031F9AA002146304600F0E0
:1002B00057FB002800D0032070BD00F009FC4FF46C
:1002C000805007E0201D00F040F90028F4D100F034
:1002D000FFFB60682860002070BD241D94E80700C3
:1002E000920000F03DFB0028F6D00E2070BDFFF715
:1002F000A2FF0028FAD1D4E901034FF0805100EBAE
:10030000830208694D69684382420ED840F6F8704E
:1003100005684FF010226D1C09D0056805EB8305B8
:100320000B6949694B439D4203D9092070BD55694A
:10033000F4E70168491C03D00068401C02D003E0C8
:100340005069FAE70F2070BD2046FFF735FFFFF731
:1003500072FF0028F7D1201D00F0F7F80028F2D135
:1003600060680028F0D100F0E2F8FFF7D3FE00F05B
:10037000BFF8072070BD10B50C46182802D0012028
:10038000086010BD2068FFF777FF206010BD41684E
:10039000054609B1012700E0002740F6F8742068FF
:1003A0004FF01026401C2BD02068AA68920000F065
:1003B000D7FA38B3A86881002068401C27D020688D
:1003C000FFF7BDFED7B12068401C22D026684FF051
:1003D0008050AC686D68016942695143A9420DD9EA
:1003E000016940694143A14208D92146304600F0E5
:1003F000B8F822462946304600F087F800F078F831
:100400007069D2E700F093F8FFF784FEF6E77069B1
:10041000D6E77669DBE740F6FC7420684FF01026DB
:10042000401C23D02068401C0CD02068401C1FD0EA
:100430002568206805F18005401C1BD027683879A5
:10044000AA2819D040F6F8700168491C42D001680A
:10045000491C45D00168491C3ED001680968491C07
:100460003ED00168491C39D000683EE0B069DAE747
:10047000B569DEE7B769E2E710212846FFF778FEA5
:100480003968814222D12068401C05D0D4F8001080
:1004900001F18002C03107E0B169F9E730B108CA63
:1004A00051F8040D984201D1012000E000208A4259
:1004B000F4D158B1286810B1042803D0FEE72846CB
:1004C000FFF765FF3149686808600EE0FFF722FE1C
:1004D00000F00EF87169BBE77169BFE7706904E06D
:1004E0004FF480500168491C01D000F0CBFAFEE7C0
:1004F000BFF34F8F26480168264A01F4E06111439B
:100500000160BFF34F8F00BFFDE72DE9F0411746B3
:100510000D460646002406E03046296800F054F8EF
:10052000641C2D1D361DBC42F6D3BDE8F08140F69B
:10053000FC700168491C04D0D0F800004FF48051D1
:10054000FDE54FF010208069F8E74FF080510A690F
:10055000496900684A43824201D810207047002050
:10056000704770B50C4605464FF4806608E0284693
:1005700000F017F8B44205D3A4F5806405F5805562
:10058000002CF4D170BD0000F40A0000000000202F
:100590000CED00E00400FA05144801680029FCD0C5
:1005A0007047134A0221116010490B68002BFCD0E0
:1005B0000F4B1B1D186008680028FCD0002010603D
:1005C00008680028FCD07047094B10B501221A605A
:1005D000064A1468002CFCD0016010680028FCD08A
:1005E0000020186010680028FCD010BD00E4014015
:1005F00004E5014070B50C46054600F073F810B9EB
:1006000000F07EF828B121462846BDE8704000F091
:1006100007B821462846BDE8704000F037B8000012
:100620007FB5002200920192029203920A0B000B06
:100630006946012302440AE0440900F01F0651F80C
:10064000245003FA06F6354341F82450401C8242F8
:10065000F2D80D490868009A10430860081D016827
:10066000019A1143016000F03DF800280AD00649C4
:1006700010310868029A10430860091D0868039A3F
:10068000104308607FBD00000006004030B50F4CED
:10069000002200BF04EB0213D3F800582DB9D3F8A1
:1006A000045815B9D3F808581DB1521C082AF1D3C3
:1006B00030BD082AFCD204EB0212C2F80008C3F8CD
:1006C00004180220C3F8080830BD000000E0014013
:1006D0004FF08050D0F83001082801D0002070473A
:1006E000012070474FF08050D0F83011062905D016
:1006F000D0F83001401C01D0002070470120704725
:100700004FF08050D0F830010A2801D00020704707
:100710000120704708208F490968095808471020B0
:100720008C4909680958084714208A4909680958FA
:100730000847182087490968095808473020854923
:100740000968095808473820824909680958084744
:100750003C20804909680958084740207D490968BC
:100760000958084744207B49096809580847482028
:1007700078490968095808474C207649096809589A
:10078000084750207349096809580847542071499F
:1007900009680958084758206E49096809580847E8
:1007A0005C206C4909680958084760206949096854
:1007B00009580847642067490968095808476820AC
:1007C00064490968095808476C2062490968095852
:1007D000084770205F4909680958084774205D4937
:1007E00009680958084778205A490968095808478C
:1007F0007C205849096809580847802055490968EC
:10080000095808478420534909680958084788202F
:1008100050490968095808478C204E490968095809
:10082000084790204B4909680958084794204949CE
:10083000096809580847982046490968095808472F
:100840009C204449096809580847A0204149096883
:1008500009580847A4203F49096809580847A820B3
:100860003C49096809580847AC203A4909680958C1
:100870000847B0203749096809580847B420354966
:10088000096809580847B8203249096809580847D3
:10089000BC203049096809580847C0202D4909681B
:1008A00009580847C4202B49096809580847C82037
:1008B0002849096809580847CC2026490968095879
:1008C0000847D0202349096809580847D4202149FE
:1008D000096809580847D8201E4909680958084777
:1008E000DC201C49096809580847E02019490968B3
:1008F00009580847E4201749096809580847E820BB
:100900001449096809580847EC2012490968095830
:100910000847F0200F49096809580847F4200D4995
:10092000096809580847F8200A490968095808471A
:10093000FC2008490968095808475FF48070054998
:10094000096809580847000003480449024A034B54
:100950007047000000000020000B0000000B0000AA
:1009600040EA010310B59B070FD1042A0DD310C82C
:1009700008C9121F9C42F8D020BA19BA884201D97E
:10098000012010BD4FF0FF3010BD1AB1D30703D0C6
:10099000521C07E0002010BD10F8013B11F8014B7C
:1009A0001B1B07D110F8013B11F8014B1B1B01D198
:1009B000921EF1D1184610BD02F0FF0343EA032254
:1009C00042EA024200F005B87047704770474FF0A6
:1009D00000020429C0F0128010F0030C00F01B800C
:1009E000CCF1040CBCF1020F18BF00F8012BA8BF1A
:1009F00020F8022BA1EB0C0100F00DB85FEAC17CDE
:100A000024BF00F8012B00F8012B48BF00F8012B90
:100A100070474FF0000200B51346944696462039C1
:100A200022BFA0E80C50A0E80C50B1F12001BFF4A7
:100A3000F7AF090728BFA0E80C5048BF0CC05DF80D
:100A400004EB890028BF40F8042B08BF704748BF5B
:100A500020F8022B11F0804F18BF00F8012B7047CF
:100A6000014B1B68DB6818470000002009480A4951
:100A70007047FFF7FBFFFFF745FB00BD20BFFDE719
:100A8000064B1847064A1060016881F308884068E1
:100A900000470000000B0000000B000017040000DE
:100AA000000000201EF0040F0CBFEFF30881EFF3ED
:100AB0000981886902380078182803D100E0000015
:100AC000074A1047074A12682C3212681047000084
:100AD00000B5054B1B68054A9B58984700BD0000B0
:100AE0007703000000000020F00A0000040000006E
:100AF000001000000000000000FFFFFF0090D00386
:10100000B00F002021AE010065B0000087AD0100E7
:1010100065B0000065B0000065B000000000000091
:10102000000000000000000000000000ADAE010064
:1010300065B000000000000065B0000065B0000071
:1010400015AF01001BAF010065B0000065B00000E6
:1010500065B0000065B0000065B0000065B000003C
:1010600021AF010065B0000065B0000027AF0100AE
:1010700065B000002DAF010033AF010039AF0100B2
:1010800065B0000065B0000065B0000065B000000C
:1010900065B0000065B0000065B0000065B00000FC
:1010A00065B000003FAF010065B0000065B0000012
:1010B00065B0000065B0000065B0000065B00000DC
:1010C00045AF010065B0000065B0000065B00000EC
:1010D00065B0000065B0000065B0000065B00000BC
:1010E00065B0000065B0000065B0000065B00000AC
:1010F00065B0000065B0000065B0000065B000009C
:1011000065B0000065B0000000F002F819F077FE4D
:101110000AA090E8000C82448344AAF10107DA4552
:1011200001D119F06CFEAFF2090EBAE80F0013F00E
:10113000010F18BFFB1A43F00103184770A201000A
:1011400090A201000A4410F8014B14F00F0508BFEB
:1011500010F8015B240908BF10F8014B6D1E05D083
:1011600010F8013B6D1E01F8013BF9D1641E03D05C
:10117000641E01F8015BFBD19142E4D3704700008B
:101180000023002400250026103A28BF78C1FBD890
:10119000520728BF30C148BF0B6070471FB500F031
:1011A00003F88DE80F001FBD19F026BE70B51B4C6B
:1011B00005460A202070A01C00F0D7F85920A08016
:1011C00029462046BDE8704006F0FEBE06F00CBF82
:1011D00070B50C461249097829B1A0F160015E2969
:1011E00008D3012013E0602804D0692802D043F21C
:1011F00001000CE020CC0B4E94E80E0006EB8000C2
:10120000A0F58050241FD0F8806E2846B04720609B
:1012100070BD0120704706207047000008000020C4
:101220001800002074AF01003249884201D2012029
:1012300070470020704770B50446A0F500002E4EA0
:10124000B0F1786F02D23444A4F5000429488442F6
:1012500001D2012500E0002500F043F848B125B98E
:10126000B44204D32548006808E0012070BD002086
:1012700070BD002DF9D1B442F9D321488442F6D291
:10128000F3E710B50446A0F50000B0F1786F03D283
:1012900019480444A4F5000400F023F84FF08041FD
:1012A00030B11648006804E08C4204D2012003E00B
:1012B00013488442F8D2002080F0010010BD10B520
:1012C00020B1FFF7DEFF08B1012010BD002010BDE6
:1012D00010B520B1FFF7AFFF08B1012010BD00200D
:1012E00010BD084808490068884201D101207047B4
:1012F0000020704700C00100000000201C000020FA
:101300000800002058000020BEBAFECA10B50446EE
:101310000021012000F041F800210B2000F03DF8F1
:101320000021082000F039F80421192000F035F8D8
:1013300004210D2000F031F804210E2000F02DF8DA
:1013400004210F2000F029F80421C84300F025F8FB
:101350000621162000F021F80621152000F01DF8C6
:101360002046FFF723FF002010BDCC2101807047ED
:10137000FFF72CBF1148704710487047104A10B54E
:1013800014680F4B0F4A08331A60FFF721FF0C480F
:10139000001D046010BD704770474907090E002802
:1013A00004DB00F1E02080F80014704700F00F002B
:1013B00000F1E02080F8141D7047000003F900429E
:1013C000100502400100000130B5FF4D0446062C17
:1013D000A9780ED2DFE804F0030E0E0E0509FFDF38
:1013E00008E0022906D0FFDF04E0032902D0FFDF76
:1013F00000E0FFDFAC7030BDF34810B5407E41081F
:10140000F14800F11A0005D00DF043FBBDE8104093
:1014100006F07ABC0DF024FBF8E730B50446A1F1E4
:1014200020000D460A2847D2DFE800F005070C1916
:10143000202532373C41FFDF3FE0207820283CD197
:10144000FFDF3AE0E0488078052836D0207824286D
:1014500033D0252831D023282FD0FFDF2DE020786E
:1014600022282AD0232828D8FFDF26E02078222827
:1014700023D0FFDF21E0207822281ED024281CD092
:1014800026281AD0272818D0292816D0FFDF14E0E4
:101490002078252811D0FFDF0FE0207825280CD0F8
:1014A000FFDF0AE02078252807D0FFDF05E020785D
:1014B000282802D0FFDF00E0FFDF257030BD1FB518
:1014C0000022ADF800200C88ADF802404B88ADF842
:1014D0000430CA88ADF808208988ADF806100021CC
:1014E000ADF80A10ADF80C1080B14FF6FF70062170
:1014F000844201D1ADF80210834201D1ADF804104D
:10150000824203D14FF44860ADF8080068460DF000
:10151000BEFB06F0F9FB04B010BD70B514460D46D5
:101520000646FFF788FE60B90DB1A54201D90C202F
:1015300070BD002409E000BF56F82400FFF77BFED1
:1015400008B1102070BD641CE4B2AC42F4D300209A
:1015500070BD2DE9F04105461F4690460E46002419
:101560000068FFF7B5FE30B9A98828680844401E16
:10157000FFF7AEFE10B11020BDE8F081286800280A
:10158000A88802D0B84202D850E00028F4D0092040
:10159000F2E72968085DB8B1671CCA5D152A2ED02C
:1015A0003CDC152A3AD2DFE802F039122222282840
:1015B0002A2A313139393939393939393939220019
:1015C000085D30BB641CA4B2A242F9D833E0022803
:1015D000DDD1A01C085C88F80000072801D2400774
:1015E00001D40A20C8E7307840F0010015E0C1437B
:1015F000C90707E0012807D010E00620BCE7010773
:10160000A1F180510029F5D01846B5E7307881075F
:1016100001D50B20B0E740F0020030702868005D73
:10162000384484B2A888A04202D2B0E74FF44853AD
:1016300082B2A242ADD800209EE710B502785408CD
:1016400009D0012243F20223012C07D0022C0DD035
:10165000032C13D10FE00020087005E080790324EB
:10166000B4EB901F0AD10A70002010BD8079B2EB54
:10167000901F03D1F7E780798009F4D0184610BD98
:1016800008B500208DF800004F4890F8221051B1A5
:1016900090F8230002280FD003280FD0FFDF00BFEF
:1016A0009DF8000008BD48486946193001F0C6F9A8
:1016B0000028F5D0FFDFF3E7032000E001208DF8DC
:1016C0000000EDE738B50C460546694601F0B6F96D
:1016D00000280DD19DF80010207861F3470020709C
:1016E00055F8010FC4F80100A888A4F805000020EF
:1016F00038BD38B51378C0B1022816D033A46D4672
:10170000246800944C7905EB9414247864F347031F
:10171000137003280ED003F0FE0010700868C2F8A2
:1017200001008888A2F8050038BD23F0FE0313707D
:101730000228EED1D8B240F00100EEE702210EF00F
:10174000BDBC38B50C460978222901D2082038BD25
:10175000ADF800008DF8022068460DF0D9F906F0CA
:10176000D3FA050003D121212046FFF756FE284673
:1017700038BD1CB500208DF80000CDF80100ADF893
:101780000500114890F82200022801D0012000E055
:1017900000208DF8070068460DF024FA002800D0DC
:1017A000FFDF1CBD2DE9FF478CB00025BDF834607C
:1017B00082461C4690468DF81C50700703D5606821
:1017C000FFF739FD90B903E0A00100200302FF01FB
:1017D000FE4F4FF0010997F8220058B197F8230007
:1017E000022807D16068FFF773FD18B1102010B010
:1017F000BDE8F087300702D5A089802815D870078A
:1018000004D4B8F1000F01D0387E70B1E07DC0F390
:1018100000108DF81B00617D072041B1012906D021
:101820000229E4D00429E2D117E00720DFE78DF890
:1018300017908DF819908DF81580606878B107A918
:10184000FFF7FBFE0028D2D1606850F8011FCDF8E9
:101850000F108088ADF8130005E00620C7E7CDF82B
:101860000F50ADF81350E07B0028F6D1207C002803
:10187000F3D1607C0028F0D1A07C0028EDD1E07C81
:10188000C006EAD18DF800A0BDF83400ADF8020022
:10189000A0680190A0680290CDA0D0E90010CDE929
:1018A0000A10E07C0AA901EB501000788DF80C00BA
:1018B000FFF7E6FE8DF80D009DF81C008DF80E0078
:1018C0008DF818508DF816508DF81A5009A96846F1
:1018D0000DF02CFA06F018FA89E7F0B58FB0002465
:1018E0008DF830408DF814408DF8344006468DF860
:1018F0002840019402940394049419B10FC901ADD6
:1019000085E80F00B14DA878052801D004280CD136
:1019100001986968884200D120B90398E968884233
:1019200003D110B108200FB0F0BD1F273B460DAA10
:1019300005A903A8FFF70DFE0028F4D13B460AAA2B
:101940000CA901A8FFF705FE0028ECD19DF81400B2
:10195000C00701D00A20E6E7A88A410708D4A97D7C
:1019600031B19DF82810890702D043F20120DAE74F
:101970009DF82810C90709D0400707D4288818B156
:1019800044F25061884201D90720CCE78DF8184015
:101990008DF81960BDF80800ADF81A00019807909D
:1019A00006A80DF0CEF906F0AFF90028BBD18DF8EE
:1019B00020408DF82160BDF81000ADF8220003989A
:1019C000099008A80DF0DFF906F09EF90028AAD1C9
:1019D00001AC2D1D94E80F0085E80F000020A2E760
:1019E00070B50646FFF7AAFE054606F06FFB040039
:1019F00000D1FFDF6680207820F00F00801C20F0EF
:101A0000F000203020700320207295F83E006072B4
:101A1000BDE8704006F05EBB2DE9F04385B00400E0
:101A200000D1FFDF2078694E20F00F00801C20F0ED
:101A3000F0007030207060680178C91F14292AD224
:101A4000DFE801F04DF3290AF3F33AF2292966F2AF
:101A5000F2F129F2F2F0EFF286883046FFF76EFEDF
:101A60000546304608F0BDF8C0B16068807985F859
:101A70003E0021212846FFF7D0FC304603F0FAF95A
:101A8000304604F0ADFB3146012012F047F9A87F43
:101A900020F01000A87705B0BDE8F083207820F092
:101AA000F00020302070032020726680606880790A
:101AB000607206F00FFBDCE785882846FFF73EFEE4
:101AC00000B9FFDF60688078012800D0FFDF606820
:101AD000817905B02846BDE8F04308F04ABA868807
:101AE0003046FFF72BFE050000D1FFDF06F0F2FACB
:101AF00060683146C08828816068008968816068B4
:101B00004089A881012012F009F90020A875C2E7D8
:101B1000807828B10228BED03C28BCD0FFDFBAE7CD
:101B200006F0D8FA6568A879AD1C00B9FFDFF77830
:101B3000B5F80290B046384606F05FF8060000D1CE
:101B4000FFDF0022022148460EF0AFFA040000D168
:101B5000FFDF22212046FFF760FCA17F012060F318
:101B60000101A177298B2181698B6181A98BA181D9
:101B700084F822708DF80800B0680090F068019039
:101B80006A46032148460EF090FA00B9FFDFB0889C
:101B9000ADF81000B0788DF8120004AA052148466F
:101BA0000EF083FA00B9FFDFB088ADF80C00F078D2
:101BB0008DF80E0003AA042148460EF076FA00B90B
:101BC000FFDF062105F1120006E00000A001002061
:101BD000070605040302010000F04DFF30B36879E9
:101BE000800700D5FFDF6979E07D61F34700E0758C
:101BF000D5F80600A0616889A083062105F10C00D4
:101C000000F039FFE0B198F819104A08617862F3E2
:101C100047016170D8F81A10C4F80210B8F81E0015
:101C200017E028E020E033E02DE017E0E07D20F031
:101C3000FE00801CE075D5F81200A061E88ADBE7A1
:101C4000607820F0FE00801C6070E868C4F8020034
:101C5000288AE0800320FFF7B7FB1CE705B0204689
:101C6000BDE8F04301F092BC06F034FA16F8240FF8
:101C700040F0020005E006F02DFA16F8240F40F0BF
:101C80000400307007E705B0BDE8F04306F022BA63
:101C9000B178052909D00429DFD106F01BFA02200A
:101CA00005B0BDE8F043FFF78FBB80780028D4D0A3
:101CB000F07800F0AAFE06F00DFA0320F0E72DE917
:101CC000F047054600780027000991460C463E463D
:101CD000012871D0022870D007280AD00A286DD0B8
:101CE000FFDF00BFA9F800600CB1278066800020EC
:101CF0007EE5D5F804C0DFF8448804F108009CF8BC
:101D000000204FF0010AD21F4FF6FF71142A76D23D
:101D1000DFE802F00AF9F9F9F9F9F91DF9F926C035
:101D2000889DF91061D476EE12271026BCF80400C5
:101D30002146F3E01C270A26ECB3BCF80200A08081
:101D4000686800792072686840796072CAE71B276A
:101D5000092684B30320207268684088A080C1E708
:101D60009CF802103C29BDD010272C260CF1020C47
:101D70000CB3BCF80210A180BCF818106182BCF84A
:101D800018102182BCF81A10A182BCF81C10E18244
:101D90009CF8053002460CF106011846FFF7A9FC35
:101DA0009CF8040001289DD184F80FA00020207623
:101DB00008F1040003E00BE0A8E0B2E0EAE090E8FC
:101DC0000E00D8F81000C4E90930C4E9071289E709
:101DD000A9F800608BE720271126002CF8D0A180FD
:101DE000686804F10A02807820726868807A6072FC
:101DF00069680B1DC8781946FFF77BFC72E782E023
:101E000021270A26002CE3D0BCF80200A0806868D5
:101E10000079207268684079607298F8241021F087
:101E2000040162E022270B26002CD1D0BCF804006C
:101E3000A0806868807820726868807900F02AFE47
:101E400060726868C07900F025FEA0724AE7262714
:101E50001C26002CBCD0A1806868C07860726868BD
:101E60008079A07208F1040090E80E00D8F8100004
:101E7000C4E90530C4E90312686880783C2803D0BF
:101E8000432804D0FFDF2DE784F808A02AE70220CA
:101E9000207227E724271026002C99D0BCF80200D6
:101EA000A0806868007920816868007A608168682D
:101EB000C088A08168684089E08113E72327102645
:101EC000002C85D0BCF80200A08068688088208142
:101ED0006868C088608168680089A08168684089F6
:101EE000E08198F8241021F0020188F82410F9E626
:101EF0002F272A26002C86D0A18069682222891CDF
:101F00000BF017FAEEE64A46214644E0287A02280A
:101F100001D0FFDFE6E612271026688800F098FD62
:101F2000E0E6287AB0B3012835D0022833D0032860
:101F300001D0FFDFD6E611270926002C8AD0B5F89C
:101F400002804046FFF7FAFB90F822A0A4F8048034
:101F5000687A2072042140460EF0C2F805214046FE
:101F60000EF0BEF8002140460EF0BAF801214046BE
:101F70000EF0B6F8032140460EF0B2F802214046BA
:101F80000EF0AEF8062140460EF0AAF8504600F0DA
:101F90003CFDA7E6FFE72846BDE8F04701F02CBC72
:101FA00070B5012801D0FFDF70BD8DB22846FFF764
:101FB000C5FB040000D1FFDF20782128F4D006F013
:101FC00085F880B1017821F00F01891C21F0F00122
:101FD000103101700221017245800020A075BDE81A
:101FE000704006F077B821462846BDE870401322BD
:101FF000FFF7A7BB2DE9F04116460C00804600D143
:10200000FFDF307820F00F00801C20F0F00010304F
:1020100030702078022802D0FFDFBDE8F081404612
:10202000FFF78CFB050000D1FFDFA1884FF6FF70A2
:102030000027814202D1E288824203D0814201D14D
:10204000E08840B106F046F894E80F00083686E8CC
:102050000F00AF75E1E7A87D0128DED178230022CB
:10206000414611F0B1FD0220A875D6E738B5054606
:102070000C460846FFF7DFF8A8B9242D31D006DC5E
:10208000202D0AD0212D0AD0222D04D124E0252D87
:102090001BD03F2D2DD0072038BD062038BD6068ED
:1020A000FFF70DF908B1102038BD618820886A4615
:1020B0000CF0E1FF05F028FE0028F5D16168002949
:1020C000F2D0BDF800200A8038BDA07800F00101F0
:1020D00020880DF001F808E02068BDE8384001F0E4
:1020E000C0BD618820880CF05FFFBDE8384005F076
:1020F0000BBE207800F001008DF8000068460CF05F
:10210000BDFD05F001FE38BD70B505460C4608461C
:10211000FFF7B7F808B1102070BD202D07D0212D92
:102120000DD0222D0BD0252D09D0072070BD208881
:10213000A11C0CF03CFDBDE8704005F0E5BD06209B
:1021400070BDFE481930704708B528220021FB48B1
:102150000BF019F90120FFF737F9F84968461A31F1
:1021600005F04AFFF5489DF80020417E62F34701E3
:1021700021F001014176002180F822104FF46171B5
:102180000184022180F82310FFF736F900B1FFDF48
:1021900000F0AEFC01F0CCF908BD10B50C464022B1
:1021A000002120460BF0EFF8A07F20F00300A0777D
:1021B000202020700020A07584F8230010BD7047F7
:1021C0002DE9FC410746FFF736F810B11020BDE8B5
:1021D000FC81DA4E06F11901D6F819000090B6F824
:1021E0001D50ADF80450F47F8DF806403846FFF7D7
:1021F00069FA0028EBD1FFF7FFF80028E7D0009933
:1022000046F8191FB580B471E1E710B50446FFF731
:1022100038F808B1102010BDC848C8492246407E91
:102220001A314008FFF765FA002010BD3EB504469C
:102230000D460846FFF725F808B110203EBD14B141
:1022400043F204003EBDBD488078052803D0042831
:1022500001D008203EBD694602A80BF01AFB2A46B1
:1022600069469DF80800FFF744FA00203EBDFEB520
:102270000D4604004FF0000711D00822FFF74DF97A
:10228000002811D1002608E054F826006946FFF71F
:10229000D4F9002808D1761CF6B2AE42F4D30CF083
:1022A00037FB10B143F20320FEBDA44E3776FCB1DC
:1022B00000271AE054F8270002A9FFF7BEF900B181
:1022C000FFDF9DF808008DF8000054F8270050F853
:1022D000011FCDF801108088ADF8050068460CF0AC
:1022E0003CFB00B1FFDF7F1CFFB2AF42E2D335768B
:1022F0000020FEBD2DE9F0478AB01546894604004E
:102300001DD00F4608222946FFF707F9002810D1F3
:10231000002612E054F826006946103000F08EFBCB
:10232000002806D13FB157F82600FEF784FF10B110
:1023300010200AB0DCE4761CF6B2AE42EAD30026E6
:10234000A5F101081CE000BF06F1010A0AF0FF0731
:1023500012E000BF54F82600017C4A0854F8271008
:102360000B7CB2EB530F05D10622113011310AF06C
:10237000B3FF58B17F1CFFB2AF42EBD30AF0FF06A8
:102380004645E1DB4E4624B1012003E043F205203F
:10239000CFE700200CF000FB10B90CF009FB10B1E6
:1023A00043F20420C5E75CB300270DF1170825E0D0
:1023B00054F827006946103000F040FB00B1FFDF01
:1023C00054F82700102250F8111FCDF80110808812
:1023D000ADF8050054F827100DF107000AF0A9FF29
:1023E00096B156F82710102240460AF0A2FF684620
:1023F0000CF098FA00B1FFDF7F1CFFB2AF42D7D3D9
:10240000FFF7B7F9002094E7404601F01EFCEEE725
:1024100030B585B00446FEF70EFF18B96068FEF7C8
:1024200057FF10B1102005B030BD60884AF2B811D6
:10243000884206D82078414D28B1012806D00228CC
:1024400004D00720EFE7FEF7D7FF18E060780228F6
:1024500004D0032802D043F20220E4E785F82300E9
:10246000C1B200200090ADF8040002292CD003294D
:1024700027D0FFDF68460CF00CFB05F045FC002878
:10248000D1D1606801F0D4FB207858B101208DF8DB
:1024900000000DF1010001F0D8FB68460CF075FE5C
:1024A00000B1FFDF207885F82200FFF762F960882D
:1024B00060B1288480B20CF067FA00B1FFDF002021
:1024C000B1E78DF80500D5E74020FAE74FF46170D9
:1024D000EFE710B50446FEF7D4FE20B9606838B1C6
:1024E000FEF7EDFE08B1102010BD606801F0ADFBF5
:1024F000124830F8201F6180C178617080782070A8
:10250000002010BD2DE9F843144689460646FEF723
:10251000B8FEB8B94846FEF7DBFE98B92046FEF78C
:10252000D7FE78B9054DA878012800D154B131788B
:10253000FF2909D061B143F2040001E0A0010020AD
:10254000BDE8F8831020F8E7012801D00420F4E763
:10255000CCB3052811D004280FD06946204600F0DE
:10256000A4FA0028E9D1217D49B1012909D0022925
:1025700009D0032909D00720DFE70820DDE702465C
:1025800004E0012202E0022200E00322804623460A
:10259000174600200099FFF705F90028CDD1A08942
:1025A0002880A07BE875BDF80000A882AF75BDF853
:1025B0000010090701D5A18931B1A1892980C0077F
:1025C00004D0032003E006E08021F7E70220FEF7B5
:1025D000FBFE86F800804946BDE8F8430020FFF77F
:1025E0007CB92DE9FC41FF4C06460D46A078022837
:1025F00003D0032801D00820E9E516B143F2040016
:10260000E5E506200DF00EFD10B9A078032849D0AD
:102610000FF07CFC074610F0DBFE381A00F0FF08D4
:1026200006200DF0F7FC074606200DF0FBFC391ADA
:10263000A078042809D000221144A8EB010111F070
:10264000FF0F04D0032804D00DE00122F4E713208B
:10265000BDE5284605F0D1FA10B3407810B32846FE
:1026600005F0D6FDE570FFF70BF80BF054F80120EC
:102670008DF800008DF801008DF802602088ADF81B
:102680000400E07D8DF8060068460CF050FC05F073
:102690003BFB0028B0D1A078032805D0042010E02F
:1026A000052094E5122092E5E07805F0A6FA0400F2
:1026B00000D1FFDF607800B9FFDF6078401E6070F6
:1026C0000520FEF781FE002081E51CB510B143F224
:1026D00004001CBDC34CA078042803D0052801D0F9
:1026E00008201CBD00208DF8000001218DF801108C
:1026F0008DF8020068460CF01AFC05F005FB002876
:10270000EFD1A078052805D05FF00200FEF75CFE4F
:1027100000201CBDE07800F078F90320F6E72DE9F1
:10272000FC4180460D4603260846FEF7D1FD08B160
:1027300010204CE54046FFF701F8040004D0207853
:10274000222804D2082042E543F202003FE5A07FA0
:1027500000F003073DB1012F0AD000202946FEF703
:10276000AEFE0600E5D1012F04D0FFDF30462EE596
:102770000120F3E7A07D2946022801D011B107E02E
:10278000112024E5684600F0E7FA0028D1D1694617
:10279000404607F0CEFB0600E8D10120A075E5E732
:1027A00070B50C460546FEF7C9FF010005D022466C
:1027B0002846BDE87040FEF7C4BF43F2020070BD7A
:1027C00010B5012807D1874B9B78012B00D011B1A0
:1027D00043F2040010BD0CF009F9BDE8104005F00B
:1027E00093BA012300F01BB900231A46194600F0E2
:1027F00016B970B5064615460C460846FEF741FD6B
:1028000018B92846FEF73DFD08B1102070BD2A46D4
:10281000214630460CF017FC05F076FA0028F5D179
:1028200021787F29F2D1052070BD7CB505460C4684
:102830000846FEF700FD08B110207CBD2846FEF7D3
:102840007DFF20B10078222804D208207CBD43F20D
:1028500002007CBD634890F82400400701D5112098
:102860007CBD2178C80802D16078C20801D0072059
:102870007CBD890801D1800801D006207CBDADF85F
:10288000005020788DF8020060788DF80300022057
:10289000ADF8040068460BF00FFF05F035FA7CBD7B
:1028A00070B586B014460D460646FEF747FF28B1C0
:1028B0000078222805D2082006B070BD43F202003D
:1028C000FAE72846FEF704FD20B944B12046FEF79A
:1028D000F6FC08B11020EFE700202060A0804148FE
:1028E00090F82400800701D51120E5E703A93046C0
:1028F0000BF01FFF18B100BF05F006FADCE7ADF8DA
:102900000060BDF81400ADF80200BDF81600ADF887
:102910000400BDF81000BDF81210ADF80600ADF8C7
:1029200008107DB1298809B1ADF80610698809B190
:10293000ADF80210A98809B1ADF80810E98809B10D
:10294000ADF80410DCB1BDF80610814201D9081AB7
:102950002080BDF80210BDF81400814201D9081A88
:102960006080BDF80800BDF80410BDF816200144D1
:10297000BDF812001044814201D9081AA0806846AF
:102980000BF074FFB8E770B505460C460846FEF735
:1029900078FC08B1102070BD214628460CF04AF999
:1029A000BDE8704005F0B0B93EB505460C46084696
:1029B000FEF767FC08B110203EBD0020009001909A
:1029C0000290ADF800502089ADF8080020788DF80D
:1029D0000200606801902089ADF808006089ADF8B8
:1029E0000A0001E0A001002068460CF031F905F072
:1029F0008BF93EBD0EB5ADF8000000200190684691
:102A00000CF026F905F080F90EBD10B505F0F5F8CB
:102A1000040000D1FFDF6078401C607010BD1CB561
:102A2000ADF800008DF802308DF803108DF8042009
:102A300068460CF0D7FA05F067F91CBD0278520819
:102A400004D0012A02D043F202207047FEF7F5BD00
:102A500070B50C0006460DD0FEF770FE050000D1E3
:102A6000FFDFA68028892081288960816889A0816C
:102A7000A889E08170BD10B500231A4603E0845C8C
:102A80002343521CD2B28A42F9D30BB1002010BDAD
:102A9000012010BD00B530B1012803D0022801D0BB
:102AA000FFDF002000BDFF2000BD00220A8092B29F
:102AB00022F060020A800078062817D2DFE800F0D2
:102AC000160306090C1142F0110007E042F01D0048
:102AD00009E042F0150006E042F0100040F002006C
:102AE00001E042F010000880002070470720704786
:102AF000FD48002101604160018170472DE9FF4FD1
:102B000093B09B46209F160004460DD01046FEF75A
:102B100092FB18B1102017B0BDE8F08F31460120AC
:102B2000FEF7CDFC0028F6D101258DF842504FF478
:102B3000C050ADF84000002210A9284603F016FE50
:102B40000028E8D18DF84250A8464FF428500025BF
:102B5000ADF840001C222946684607950AF013FC90
:102B60009DF81C000DF11C0A20F00F00401C20F005
:102B7000F00010308DF81C0020788DF81D00617871
:102B80009DF81E000DF1400961F3420040F0010084
:102B90008DF81E009DF8000008AA40F002008DF894
:102BA00000002089ADF83000ADF832506089ADF8F2
:102BB0003400CDF82CA060680E900AA9CDF82890BA
:102BC000684603F0C8FB0028A5D16068FEF777FBD4
:102BD00040B16068FEF77CFB20B9607800F003002C
:102BE000022801D0012000E00020BF4C08AA0AA959
:102BF0002072BDF8200020808DF8428042F601202E
:102C0000ADF840009DF81E0020F00600801C20F06A
:102C100001008DF81E000220ADF83000ADF8340040
:102C200014A80E90684603F096FB002889D1BDF8E1
:102C30002000608036B1211D304600F059F900288F
:102C4000C2D109E0BBF1000F05D00AF017F9E8BBCB
:102C50000AF014F9D0BBA58017B1012F43D04AE088
:102C60008DF8428042F6A620ADF8400046461C2270
:102C70000021684607950AF086FB9DF81C00ADF818
:102C8000346020F00F00401C20F0F00010308DF870
:102C90001C009DF81D0020F0FF008DF81D009DF820
:102CA0001E0020F0060040F00100801C8DF81E0080
:102CB0009DF800008DF8446040F002008DF800009F
:102CC000CDE90A9AADF8306011A800E011E00E904D
:102CD00008AA0AA9684603F03EFB0028A6D1BDF861
:102CE0002000E08008E00AF0C9F810B90AF0C6F840
:102CF00008B103200FE7E58000200CE73EB504464D
:102D0000794D0820ADF80000A88828B12046FEF7CC
:102D100092FA18B110203EBD06203EBD214601208A
:102D2000FEF7CDFB0028F8D12088ADF804006088BC
:102D3000ADF80600A088ADF80800E088ADF80A00FC
:102D4000A88801AB6A46002103F00CFFBDF8001013
:102D50000829E2D003203EBD7FB5634D0446A88814
:102D600068B1002002900820ADF80800CDF80CD022
:102D70002046FEF760FA20B1102004B070BD062096
:102D8000FBE7A98802AA4FF6FF7004F02DF900288E
:102D9000F3D1BDF80810082901D00320EDE7BDF8F4
:102DA00000102180BDF802106180BDF80410A180E0
:102DB000BDF80610E180E0E701B582B00220ADF871
:102DC0000000494802AB6A464088002103F0CAFE71
:102DD000BDF80010022900D003200EBD1CB5002153
:102DE00000910221ADF800100190FEF74AFA08B1F7
:102DF00010201CBD3C486A4641884FF6FF7004F025
:102E0000F3F8BDF800100229F3D003201CBDFEB575
:102E1000354C06461546207A0F46C00705D00846B1
:102E2000FEF709FA18B11020FEBD0F20FEBDF82DE7
:102E300001D90C20FEBD3046FEF7FDF918BB2088F5
:102E400001A902F08AFF0028F4D130788DF805003E
:102E5000208801A903F064FE0028EBD100909DF8C2
:102E600000009DF8051040F002008DF800000907F1
:102E700003D040F008008DF800002088694603F078
:102E8000ECFD0028D6D1ADF8085020883B4602AAB8
:102E9000002103F067FEBDF80810A942CAD0032044
:102EA000FEBD7CB505460020009001900888ADF875
:102EB00000000C4628460195FEF701FA18B9204695
:102EC000FEF7DFF908B110207CBD15B1BDF8000098
:102ED00060B105486A4601884FF6FF7004F084F837
:102EE000BDF8001021807CBDC80100200C20FAE74D
:102EF00030B5044693B000200D46014600901422E0
:102F000001A80AF040FA1C22002108A80AF03BFAA6
:102F10009DF80000CDF808D020F00F00401C20F0F4
:102F2000F00010308DF800009DF8010006AA20F096
:102F3000FF008DF801009DF8200001A940F002007B
:102F40008DF8200001208DF8460042F60420ADF8EF
:102F5000440011A801902088ADF83C006088ADF8CD
:102F60003E00A088ADF84000E088ADF842009DF832
:102F7000020020F00600801C20F001008DF8020005
:102F80000820ADF80C00ADF810000FA8059008A8B7
:102F900003F0E1F9002803D1BDF8180028800020D3
:102FA00013B030BD0A4810B5046809490948083112
:102FB00008600FF0BEFE0648001D046010BD064903
:102FC000002008604FF0E0210220C1F88002704725
:102FD0001005024001000001FC1F00400548064AA0
:102FE0000168914201D1002101600449012008607B
:102FF0007047000058000020BEBAFECA40E50140FC
:103000002CFFFFFFDBE5B15100C00100CC00FFFF4A
:1030100071000000C1CF6A00FEA0D9111C1006C3C8
:1030200089CCFC7A7B3B49141906A8C010B504462C
:10303000FEF701F908B1102010BD2078C0F302108E
:10304000042807D86078072804D3A178102901D86C
:10305000814201D2072010BDE078410706D42179D2
:103060004A0703D4000701D4080701D5062010BD84
:10307000002010BD70B514460D46064605F026F832
:1030800080B10178182221F00F01891C21F0F00194
:10309000A03100F8081B21460AF04BF9BDE870404A
:1030A00005F018B829463046BDE870401322FEF7F7
:1030B00048BB2DE9F047064608A8904690E8300442
:1030C00089461F461422002128460AF05CF9002197
:1030D000CAF80010B8F1000F03D0B9F1000F03D106
:1030E00014E03878C00711D02068FEF7CAF8C0BBDA
:1030F000B8F1000F07D12068123028602068143022
:1031000068602068A8602168CAF8001038788007D5
:1031100024D56068FEF7D3F818BBB9F1000F21D0B1
:10312000FFF70FF80168C6F868118188A6F86C11DE
:10313000807986F86E0101F034FAF84FEF6062682A
:1031400062B196F8680106F2691140081032FEF784
:10315000D0FA1022394660680AF0EBF80020BDE88A
:10316000F08706E0606820B1E8606068C6F8640136
:10317000F4E71020F3E730B5054608780C4620F058
:103180000F00401C20F0F001103121700020607011
:1031900095F8230030B104280FD0052811D0062857
:1031A00014D0FFDF20780121B1EB101F04D295F875
:1031B000200000F01F00607030BD21F0F0002030D2
:1031C00002E021F0F00030302070EBE721F0F00059
:1031D0004030F9E7F0B591B0022715460C46064697
:1031E0003A46ADF80870092103AB05F070FD049074
:1031F000002810D004208DF804008DF80170E03410
:10320000099605948DF818500AA968460EF051FCED
:1032100000B1FFDF012011B0F0BD2DE9F84F0646E7
:10322000808A0C4680B28246FEF788FA0546BB4F7C
:103230003078203F4FF002094FF000080F287CD271
:10324000DFE800F07BA39D082C5B6A7CBADAFD976F
:1032500048979700012150460CF030FF040000D140
:10326000FFDF97F85C00C00701D0386E0BE0032148
:1032700004F11D0010F06BFAD4F81D00A849B0FB52
:10328000F1F201FB1200C4F81D0070686067B068BD
:10329000A0672878252872D0FFDF70E00121504612
:1032A0000CF00CFF060000D1FFDF3078810702D55B
:1032B0002978252904D040F001003070BDE8F88F4E
:1032C00084F80090307F207106F11D002D36C4E98E
:1032D0000206F3E7012150460CF0F0FE050000D194
:1032E000FFDF2878C10604D5072020703D356560D2
:1032F000E4E740F008002870E0E7E87F000700D529
:10330000FFDF307CB28800F0010301B05046BDE819
:10331000F04F092106F06FBD05B9FFDF716821B1DB
:10332000102205F124000AF004F828212846FEF7AF
:1033300074F8307A85F82000C0E7F7E001215046A4
:103340000CF0BCFE050000D1FFDF022105F1850075
:1033500010F0FDF90420207005F5B4706060B5F838
:10336000850020826D4810387C356561C4E90270A3
:10337000A4E7012150460CF0A1FE00B9FFDF324660
:1033800029465046BDE8F84F74E605B9FFDF2878B6
:10339000212893D93079012803D1E87F40F0080033
:1033A000E877324629465046FFF764FE2846BDE8D6
:1033B000F84F2321FEF731B83279A28004F10803D7
:1033C0000921504605F083FCE06010B10520207013
:1033D00074E74546012150460CF070FE040000D110
:1033E000FFDF04F1620102231022081F0CF0FFFC32
:1033F00005703179417061E7012150460CF05EFEA5
:10340000040000D1FFDF94F8840000F003000128DD
:1034100059D1E87F10F0010003D194F8A010C9073A
:103420002AD0D4F8602132B394F88330117C63F34E
:1034300087011174AA7FD30963F3410100E071E0B1
:10344000D4F860211174D4F8602160F30001117484
:1034500090B1D4F86001102205F12401883409F0FC
:1034600068FF207E40F001002076207820F00100E7
:1034700004F8880919E0C0B994F88810C90714D075
:10348000D4F85C218AB194F88330117C63F387010E
:103490001174AA7FD309D4F85C2163F3410111743C
:1034A000D4F85C2160F30001117494F8880080075F
:1034B00009D594F87C00D4F86421400804F17D011A
:1034C0001032FEF716F98DF8009094F884006A46E1
:1034D00000F003008DF8010094F888108DF80210B8
:1034E00094F8A0008DF803002946504601F042F8F8
:1034F0002878252805D0212807D0FFDF2878222822
:1035000003D922212846FDF788FF012150460CF0FF
:10351000E7FD00283FF4DDAEFFDFCFE6F401002039
:1035200040420F00716881F80180C7E6FFDFC5E601
:1035300070B5FE4C002584F85C5025660EF085FAC7
:1035400004F11001204604F07DFD84F8305070BD78
:1035500070B50D46FEF7F2F8040000D1FFDF4FF41E
:10356000B8720021284609F00EFF2434012105F12C
:10357000E0002C610EF06AFA002800D0FFDF70BD79
:103580000A46014602F1E0000EF081BA70B5054628
:10359000406886B00178082906D00B2933D00C2961
:1035A0002FD0FFDF06B070BD46883046FEF7C6F864
:1035B000040000D1FFDF20782128F3D028281BD178
:1035C000686802210C3000F0A0FFA8B168680821EB
:1035D000001D00F09AFF78B104F1240130460BF091
:1035E000A8FC04F091FB00B1FFDF06B02046BDE867
:1035F00070402921FDF711BF06B0BDE8704004F00E
:1036000069BD01218171686886883046FEF796F8A9
:10361000040000D1FFDF20782128C3D068688179B9
:1036200009B1807808B1FFDFBCE704F053FDA07F4B
:10363000000622D5E07FC00705D094F8200000F0F6
:103640001F00102817D0052084F82300207829288F
:1036500015D02428A6D13146042010F05FFB22218A
:103660002046FDF7DAFE012130460CF039FD002836
:1036700098D0FFDF96E70620E6E70420E4E7012183
:1036800030460CF01BFD050000D1FFDF2521204650
:10369000FDF7C3FE03208DF80000694605F1E00048
:1036A0000EF0ECF90228BFD00028BDD0FFDF79E78B
:1036B0002DE9F04788B09A46164688468146FEF7BF
:1036C0003DF805003AD02878222837D3232835D072
:1036D000E87F000732D40027012148460CF0EEFCB9
:1036E000040005D10121002248460CF0DEFC04460E
:1036F000694600F066FF009800B9FFDF00983CB112
:10370000E03404612878222804D0242802D005E07F
:10371000076103E025212846FDF77FFE009801217F
:103720004170C0F824908680C0E9028A01A90EF099
:10373000C0F9022802D0002800D0FFDF08B00EE553
:1037400070B586B00546FDF7F9FF0078222814D938
:10375000012128460CF0B2FC04002CD1FFDF2AE046
:10376000B4F85E0004F1620630440178427829B171
:1037700021462846FFF72EFDB0B913E7ADF8042027
:103780000921284602AB05F0A2FA03900028F4D0E4
:1037900005208DF80000694604F1E0000EF06EF996
:1037A000022801D000B1FFDF02231022314604F1CC
:1037B0005E000CF052FBB4F860000028D0D1F1E6B6
:1037C00010B586B00446FDF7B9FF0078222811D95C
:1037D000012120460CF072FC040000D1FFDF06201E
:1037E0008DF80000694604F1E0000EF047F900286A
:1037F00000D0FFDF06B010BD2DE9F84F0546007878
:103800000C460027010904F1080090463E46BA46DE
:10381000009002297ED0072902D00A2909D142E06E
:1038200068680178082905D00B292CD00C292AD0EA
:10383000FFDF72E114271C26002C6CD04088A0808A
:10384000FDF77CFF5FEA000900D1FFDF99F8170060
:1038500009F118014008009AFDF74BFF686880895C
:10386000208268684168C4F812108068C4F81600A5
:10387000A07E20F0060040F00100A07699F81E001E
:1038800040F020014FE01A270A26002CD5D080886E
:10389000A080FDF753FF050000D1FFDF2846009907
:1038A000FFF769FC39E10CB1A88BA080287A4FF0B2
:1038B000010B0B287ED006DC01287CD0022808D022
:1038C000032804D137E00D2876D00E2875D0FFDF0D
:1038D00023E11E270926002CAFD0A088FDF72EFF7C
:1038E0005FEA000900D1FFDF287B00F00300012818
:1038F000207A1DD020F001002072297B890861F315
:1039000041002072297BC90861F382002072297B63
:10391000090901E0F7E0AEE061F3C300207299F815
:103920001E0040F0400189F81E10F6E0D40100208E
:1039300040F00100E0E713270D26002CA6D0A08858
:10394000FDF7FCFE81460121A0880CF0B7FB0500C5
:1039500000D1FFDF686F817801F003010129217A2E
:1039600050D021F00101217283789B0863F341015B
:1039700021728378DB0863F38201217283781B094B
:1039800063F3C3012172037863F306112172437854
:1039900063F3C711217284F809A0C178A17202797A
:1039A000E17A62F30001E1720279520862F34101A7
:1039B000E17203E029E067E04EE05FE002799208FF
:1039C00062F38201E1720279D20862F3C301E1720B
:1039D0004279217B62F3000121734279520862F33C
:1039E000410121734279920862F382012173407987
:1039F000C00860F3C301217399F8000023282AD975
:103A0000262139E041F00101ADE71827102694B3D3
:103A1000A088FDF793FE00900121A0880CF04EFBDA
:103A20005FEA000900D1FFDFE868A06099F80000B4
:103A300040F0040189F8001099F80100800708D5CA
:103A400084F80CB000980078232866D927210098C4
:103A500052E084F80CA060E015270F265CB1A08826
:103A6000FDF76CFE81460622E868009909F0E9FC42
:103A700084F80EB085E042E048463DE0162709266E
:103A8000ECB3287B207248E0287B19270E26B4B3BC
:103A9000C4F808A0A4F80CA0012807D0022808D078
:103AA00003280CD004280AD0FFDF15E084F808B002
:103AB00001E002202072607A20F003000BE0697BB5
:103AC000042801F00F0141F080012172F3D1607AE6
:103AD00020F00300401C6072A088FDF72FFE054611
:103AE0000078212819D0232800D0FFDF0121A088E9
:103AF0000CF0F6FA22212846FDF78FFC0DE0FFE7D7
:103B0000A8F800600EE00CB16888A080287A10B395
:103B1000012809D002283AD0FFDFA8F800600CB1D4
:103B200027806680002007E415270F26002CE7D0A9
:103B3000A088FDF703FE0121A0880CF0BFFA050064
:103B400000D1FFDFD5F81D000622009909F079FCAD
:103B500084F80EA0E1E717270926002CD0D0A08812
:103B6000FDF7ECFD81460121A0880CF0A7FA0500C5
:103B700000D1FFDF6878800701D5022000E0012036
:103B8000207299F800002328C7D9272174E7192744
:103B90000E26002CB4D0A088FDF7D0FD5FEA000906
:103BA00000D1FFDFC4F808A0A4F80CA084F808A096
:103BB000A07A40F00300A07299F81E10C90961F3C1
:103BC0008200A07299F81F2099F81E1012EAD11FE6
:103BD00005D099F8201001F01F01102925D020F000
:103BE0000800A07299F81F10607A61F3C300607238
:103BF000697A01F0030101298FD140F0040060725D
:103C0000E87A217B60F300012173AA7A607B62F37A
:103C100000006073EA7A520862F341012173A97AC5
:103C2000490861F34100607377E740F00800D8E786
:103C300010B5F84C30B10146102204F1200009F013
:103C400078FB012084F8300010BD10B5044600F068
:103C5000A8FCF04920461022BDE81040203109F0B0
:103C600068BB70B5EB4D06004FF0000412D0FDF7B5
:103C7000E2FA08B110240BE00621304609F0C8FB37
:103C8000411C04D02866012085F85C0000E0072470
:103C9000204670BD0020F7E7007810F00F0204D036
:103CA000012A05D0022A0CD110E0000909D10AE04E
:103CB0000009012807D0022805D0032803D00428D2
:103CC00001D0072070470870002070470620704719
:103CD00005282AD2DFE800F003070F171F00087835
:103CE00020F0FF001EE0087820F00F00401C20F0BC
:103CF000F000103016E0087820F00F00401C20F093
:103D0000F00020300EE0087820F00F00401C20F07A
:103D1000F000303006E0087820F00F00401C20F062
:103D2000F0004030087000207047072070472DE9F0
:103D3000F043804687B00D464FF000090846FDF776
:103D4000C7FAA8B94046FDF7F9FC060003D0307861
:103D500022280BD104E043F2020007B0BDE8F08353
:103D600035B1B07FC10601D4000703D50820F4E7C0
:103D70001020F2E7F07F000701D50D20EDE70027C6
:103D8000012140460CF09AF9040006D101210022DD
:103D900040460CF08AF9040005D0694600F011FC99
:103DA000009818B901E00420D7E7FFDF009802214E
:103DB000E0344170C0F82480446107810121017121
:103DC000297801F00102017E62F3010101762A786F
:103DD000520862F3820101762A78920862F3C301E5
:103DE00001762A78D20862F3041101762421304644
:103DF000FDF713FB01A900980DF05BFE022801D02E
:103E000000B1FFDF4846A8E72DE9FF4F0E46824983
:103E1000904697B09A4607C914AB4FF0000983E863
:103E200007001798FDF78AFC050006D02878262899
:103E300006D008201BB0BDE8F08F43F20200F9E77E
:103E400026B94046FFF7F2F80028F3D10121179870
:103E50000CF034F9040000D1FFDF852E27D007DCF9
:103E6000EEB1812E1DD0822E1DD0832E08D11CE0F4
:103E7000862E1ED0882E1ED0892E1ED08A2E1ED0B1
:103E80000F2020710F281CD004F020F9D8B1012098
:103E90008DF83400201D0E902079B0B126E100206D
:103EA000EFE70120EDE70220EBE70320E9E705203B
:103EB000E7E70620E5E70820E3E70920E1E70A2035
:103EC000DFE70720B6E71120B4E798F80000D4E94F
:103ED0001D764208A87F002162F3C710A87798F8E2
:103EE00000008208E87F62F30000E87798F800009D
:103EF000C209607862F34100607098F8000002091E
:103F0000207862F34710207098F80000C2086078AB
:103F100062F30000607098F80100607198F800008A
:103F200000F00102B07862F30100B070AA7FD209FC
:103F300062F38200B070EA7F62F3C300B07062780F
:103F400062F30410B0702278C0F3C00052093270DE
:103F50006278C2F34002727098F80220F2707171B8
:103F60003171B978C1F3C00108405FEA000B2ED06F
:103F70005046FDF760F978BBDAF80C00FDF75BF905
:103F800050BBDAF81C00FDF756F928BBDAF80C0034
:103F9000A060DAF81C00E06060787A7842EA5001AC
:103FA00061F341006070B978C0B200EA111161F3A9
:103FB000000060700020207705F117006061681C28
:103FC000A061B07800F00300012806D046E06078D8
:103FD0007A7802EA5001E3E719E0B87800F00300CC
:103FE00001283BD1321D711D404600F099FA31790C
:103FF000387901408DF8281070797A7910408DF861
:10400000300001432AD05046FDF715F930B1102099
:1040100010E70000D4010020E8B001000AF1100010
:1040200004F5AE7304F18C028DE80D0000210AAB9B
:104030005A462046FFF73DF80028E9D104F5B07252
:1040400004F1A403CDF800A0CDE9013201210CABAD
:104050005A462046FFF72DF80028D9D1607880070E
:1040600022D4B078B978C0F38000C1F3800108434E
:104070001AD0307814AA397832F810204B00DA4080
:1040800002F00309B9F1030F01D14FF00209BBF1AE
:10409000000F09D0012801D0042805D1012901D041
:1040A000042901D14FF00409A87F40F08000A877CF
:1040B000E97F6BF30001E9776078800706D503207C
:1040C000A071BBF1000F11D100202CE00220B9F14A
:1040D000020F1AD0B9F1010F19D0B9F1040F2AD08B
:1040E0000020A071A87F20F08000A8772521284615
:1040F000FDF793F90DA904F1E0000DF0BFFC10B13C
:10410000022800D0FFDF002094E6A071DCE7A07158
:104110000D22002104F1200009F035F9207840F04B
:104120000200207001208DF84C0013AA2946179830
:1041300000F020FADAE70120A071D7E72DE9F0437B
:1041400087B09046894604460025FDF7F7FA070038
:1041500004D03878272804D00820FEE543F2020076
:10416000FBE5012120460BF0A9FF040000D1FFDF91
:10417000A6795FEA090005D0012821D0B9F1020F24
:1041800026D110E0B8F1000F22D1012E05D0022E69
:1041900005D0032E05D0FFDF2EE00C252CE00125F5
:1041A0002AE0022528E04046FDF745F8B0B9032E85
:1041B0000ED11022414604F11D0009F0BAF81BE0AF
:1041C000012E02D0022E03D104E0B8F1000F13D06B
:1041D0000720C2E54046FDF72EF808B11020BCE5E7
:1041E0001022002104F11D0009F0CDF806214046FF
:1041F00009F00EF9C4F81D002078252140F00200D6
:1042000020703846FDF709F92078C10713D020F057
:104210000100207002208DF8000004F11D000290C2
:104220008DF804506946C3300DF028FC022803D0F5
:1042300010B1FFDF00E0257700208EE530B587B0B4
:104240000D460446FDF77AFA60B1012120460BF0D5
:1042500035FF04000CD02846FCF7EDFF28B11020F4
:1042600007B030BD43F20200FAE72078400701D4DE
:104270000820F5E7294604F13D002022054609F013
:1042800058F8207840F01000207001070FD520F07A
:104290000800207007208DF80000694604F1E00056
:1042A00001950DF0EBFB022801D000B1FFDF0020EB
:1042B000D6E770B50D460646FDF740FA18B100780E
:1042C000272817D102E043F2020070BD01213046D9
:1042D0000BF0F4FE040000D1FFDFA079022809D121
:1042E0006078C00706D02A4621463046FEF772FFA6
:1042F00010B10FE0082070BDB4F860000E280BD29A
:1043000004F1620102231022081F0BF070FD01214D
:1043100001704570002070BD112070BD70B506465B
:1043200014460D460846FCF786FF18B92046FCF7F0
:10433000A8FF08B1102070BDA6F57F40FF380ED051
:104340003046FDF7FBF938B1417822464B08811C15
:104350001846FDF7CEF907E043F2020070BD204693
:10436000FDF753FF0028F9D11021E01D0FF0EFF900
:10437000E21D294604F1170000F033F9002070BD5A
:104380002DE9F04104468AB015460E46002708463E
:10439000FCF79EFF18B92846FCF79AFF18B11020C9
:1043A0000AB0BDE8F0812046FDF7C8F95FEA0008D1
:1043B00004D098F80000272810D102E043F2020050
:1043C000EEE7012120460BF079FE040000D1FFDF6B
:1043D0002078400702D56078800701D40820DFE705
:1043E000D4E91D01497801B18DB1407800B176B1B1
:1043F000ADB1EA1D06A8E16800F0F3F8102206A9A5
:1044000005F1170008F068FF18B1042707E007203E
:10441000C6E71022E91D04F12D0008F08AFF2EB135
:104420001022F11D04F11D0008F083FF20782521E2
:1044300040F0020020704046FCF7EFFF2078C107F3
:1044400015D020F00100207002208DF8000004F14A
:104450001D000290103003908DF804706946B3304F
:104460000DF00CFB022803D010B1FFDF00E027772E
:10447000002095E770B50D4606460BB1072070BDCC
:10448000FDF75CF9040007D02078222802D3A07F32
:10449000800604D4082070BD43F2020070BDADB1A7
:1044A000294630460AF045FD03F02EFC297C4A08D7
:1044B000A17F62F3C711A177297CE27F61F300023B
:1044C000E277297C890884F8201004E030460AF05D
:1044D00053FD03F019FCA17F21F02001A17770BDED
:1044E00070B50D46FDF72AF9040005D02846FCF703
:1044F000C8FE20B1102070BD43F2020070BD2946F5
:104500002046FEF738FE002070BD04E010F8012BB5
:104510000AB100207047491E89B2F7D201207047C6
:1045200010B5C4780B7864F300030B70C47864088A
:1045300064F341030B70C478A40864F382030B7026
:10454000C478E40864F3C3030B700379117863F350
:104550000001117003795B0863F341011170037965
:104560009B0863F3820111700079C00860F3C301F6
:10457000117010BD70B51546064603F0A7FD040086
:1045800000D1FFDF207820F00F00801C20F0F00029
:104590002030207066802868A060BDE8704003F07D
:1045A00099BD10B5134C94F83000002808D104F1DF
:1045B0002001A1F110000DF0A3FA012084F83000D1
:1045C00010BD10B190F8B9202AB10A4890F8350012
:1045D00018B1002003E0B83001E00648343008602C
:1045E000704708B50023009313460A460BF065FF99
:1045F00008BD0000D4010020F0B5007B059F1E46D9
:1046000014460D46012800D0FFDF0C2030803A20F0
:104610003880002C08D0287A032806D0287B01286F
:1046200000D0FFDF17206081F0BDA889FBE72DE9EE
:10463000F04786B0144691F80C900E9A0D46B9F1E9
:10464000010F0BD01021007B2E8A8846052807D049
:10465000062833D0FFDF06B0BDE8F0870221F2E77D
:10466000E8890C2100EB400001EB4000188033206A
:104670001080002CEFD0E889608100271AE00096B6
:10468000688808F1020301AA696900F086FF06EB59
:104690000800801C07EB470186B204EB4102BDF81D
:1046A000040090810DF1060140460E320DF09EFA95
:1046B0007F1CBFB26089B842E1D8CCE734201080BB
:1046C000E889B9F1010F11D0122148430E3018804A
:1046D000002CC0D0E88960814846B9F1010F00D0B4
:1046E0000220207300270DF1040A1FE00621ECE7E9
:1046F0000096688808F1020301AA696900F04DFF7D
:1047000006EB0800801C86B2B9F1010F12D007EB4E
:10471000C70004EB4000BDF80410C18110220AF16B
:104720000201103008F005FE7F1CBFB26089B8425C
:10473000DED890E707EB470104EB4102BDF8040027
:10474000D0810AF10201404610320DF04FFAEBE73A
:104750002DE9F0470E4688B090F80CC096F80C8012
:10476000378AF5890C20109902F10C044FF0000AE9
:10477000BCF1030F08D0BCF1040F3FD0BCF1070F10
:104780007ED0FFDF08B067E705EB850C00EB4C003F
:10479000188031200880002AF4D0A8F1060000F02B
:1047A000FF09558126E01622002101A808F0EBFD43
:1047B00000977088434601AA716900F0EEFEBDF8CB
:1047C00004002080BDF80600E080BDF808002081CC
:1047D000A21C0DF10A0148460DF008FAB9F1000FCC
:1047E00000D018B184F804A0A4F802A007EB0800D8
:1047F00087B20A346D1EADB2D5D2C3E705EB850C86
:1048000000EB4C00188032200880002ABAD0A8F1B2
:10481000050000F0FF09558137E000977088434696
:1048200001AA716900F0B9FE9DF80600BDF80410F8
:10483000E1802179420860F3000162F341018208BE
:1048400062F38201C20862F3C301020962F3041138
:10485000420962F34511820962F386112171C00990
:104860006071BDF80700208122460DF1090148461C
:104870000DF0BCF918B184F802A0A4F800A000E083
:1048800007E007EB080087B20A346D1EADB2C4D250
:1048900078E7A8F1020084B205FB08F000F10E0CE5
:1048A000A3F800C035230B80002AA6D0558194813F
:1048B000009783B270880E32716900F06EFE61E776
:1048C0002DE9F84F1E460A9D0C4681462AB1607AB2
:1048D00000F58070D080E089108199F80C000C27D9
:1048E0004FF000084FF00E0A0D2872D2DFE800F0FA
:1048F0009D070E1B272F374554697272720021469F
:1049000048460095FFF778FEBDE8F88F207B91467A
:10491000082802D0032800D0FFDF3780302009E0CC
:10492000A9F80A80F0E7207B9146042800D0FFDF39
:10493000378031202880B9F1000FF1D1E4E7207BE6
:104940009146042800D0FFDF37803220F2E7207B39
:104950009146022800D0FFDF37803320EAE7207B32
:104960001746022800D0FFDF3420A6F800A02880D8
:10497000002FC9D0A7F80A80C6E7207B1746042875
:1049800000D0FFDF3520A6F800A02880002FBBD084
:104990004046A7F80A8012E0207B1746052802D07F
:1049A000062800D0FFDF1020308036202880002F1E
:1049B000AAD0E0897881A7F80E80B9F80E00B881F6
:1049C000A2E7207B9146072800D0FFDF3780372001
:1049D000B0E72AE04FF0120018804FF038001700BF
:1049E000288091D0E0897881A7F80E80A7F8108000
:1049F00099F80C000A2805D00B2809D00C280DD0F6
:104A0000FFDF81E7207B0A2800D0FFDF01200AE0DA
:104A1000207B0B2800D0FFDF042004E0207B0C2843
:104A200000D0FFDF052038736EE7FFDF6CE770B55D
:104A30000C460546FCF782FE20B10078222804D2FD
:104A4000082070BD43F2020070BD052128460BF01E
:104A500035FB206008B1002070BD032070BD30B46C
:104A60004880087820F00F00C01C20F0F000903043
:104A700001F8080B1DCA81E81D0030BC03F02ABBF9
:104A80002DE9FF4784B00027824602970798904699
:104A90008946123006F043FB401D20F003060798BC
:104AA00028B907A95046FFF7C2FF002854D1B9F131
:104AB000000F05D00798017B19BB052504681BE092
:104AC00098F80000092803D00D2812D0FFDF46E037
:104AD000079903254868B0B3497B428871439142E6
:104AE00039D98AB2B3B2011D0BF06DF904460780C3
:104AF00002E0079C042508340CB1208810B1032D76
:104B000029D02CE007980121123006F03AFBADF8CD
:104B10000C00024602AB2946504604F0D8F80700C4
:104B200001D1A01C029007983A461230C8F8040040
:104B3000A8F802A003A94046029B06F02FFBD8B1BB
:104B40000A2817D200E006E0DFE800F00709141495
:104B5000100B0D141412132014E6002012E611207D
:104B600010E608200EE643F203000BE6072009E6F4
:104B70000D2007E6032005E6BDF80C002346CDE92D
:104B800000702A465046079900F017FD57B9032DCB
:104B900008D10798B3B2417B406871438AB2011DC6
:104BA0000BF025F9B9F1000FD7D0079981F80C90D7
:104BB000D3E72DE9FE4F91461A881C468A46804667
:104BC000FAB102AB494604F082F8050019D040461C
:104BD000A61C27880BF0B7FB3246072629463B4622
:104BE00000960AF0D6FF20882346CDE900504A46B9
:104BF0005146404600F0E1FC002020800120BDE845
:104C0000FE8F0020FBE710B586B01C46AAB1042336
:104C10008DF800301388ADF808305288ADF80A20BE
:104C20008A788DF80E200988ADF80C1000236A46AA
:104C30002146FFF725FF06B010BD1020FBE770B539
:104C40000D4605210BF03AFA040000D1FFDF29469A
:104C500004F11200BDE8704006F07CBA2DE9F8437B
:104C60000D468046002603F031FA044628781028C5
:104C700078D2DFE800F0773B3453313112313131F3
:104C80000831313131312879001FC0B2022801D0FA
:104C9000102810D114BBFFDF35E004B9FFDF052178
:104CA00040460BF00BFA007B032806D004280BD0FB
:104CB000072828D0FFDF072655E02879801FC0B2DB
:104CC000022820D050B1F6E72879401FC0B2022850
:104CD00019D0102817D0EEE704B9FFDF13E004B9AC
:104CE000FFDF287901280ED1172137E00521404642
:104CF0000BF0E4F9070000D1FFDF07F11201404695
:104D000006F005FA2CB12A4621464046FFF7A7FED9
:104D100029E013214046FDF743FD24E004B9FFDFFD
:104D2000052140460BF0CAF9060000D1FFDF6946B5
:104D300006F1120006F0F5F9060000D0FFDFA988A1
:104D4000172901D2172200E00A46BDF8000082426E
:104D500002D9014602E005E01729C5D3404600F01C
:104D60003CFCD0E7FFDF3046BDE8F883401D20F073
:104D7000030219B102FB01F0001D00E00020104405
:104D8000704713B5009848B1002468460AF0C5FF83
:104D9000002C02D1F74A009911601CBD01240020AB
:104DA000F4E72DE9F0470C46154624220021204661
:104DB00008F0E9FA05B9FFDFA87860732888DFF802
:104DC000B4A3401D20F00301AF788946DAF8000053
:104DD0000AF0C1FF060000D1FFDF4FF00008266097
:104DE000A6F8008077B109FB07F1091D0AD0DAF8AF
:104DF00000000AF0B0FF060000D1FFDF6660C6F8D1
:104E0000008001E0C4F80480298804F11200BDE8A4
:104E1000F04706F06DB92DE9F047804601F1120028
:104E20000D46814606F07BF9401DD24F20F003026B
:104E30006E7B1446296838680AF0B8FF3EB104FB5F
:104E400006F2121D03D0696838680AF0AFFF05202A
:104E50000BF0E0F8044605200BF0E4F8201A0128D6
:104E600002D138680AF06CFF49464046BDE8F04779
:104E700006F054B970B5054605210BF01FF9040082
:104E800000D1FFDF04F112012846BDE8704006F0B2
:104E90003EB92DE9F04F91B04FF0000BADF834B0B2
:104EA000ADF804B047880C460546924605213846C1
:104EB0000BF004F9060000D1FFDF24B1A780A4F8AD
:104EC00006B0A4F808B0297809220B20B2EB111F14
:104ED0007ED12A7A04F1100138274FF00C084FF0E8
:104EE00001090391102A74D2DFE802F073F3F2F1A2
:104EF0008008D3898EA03DDCF4EFB7B7307B022861
:104F000000D0FFDFA88908EBC001ADF80410302104
:104F1000ADF83410002C25D06081B5F80E90002734
:104F20001DE004EBC708317C88F80E10F189A8F861
:104F30000C10CDF800906888042304AA296900F0B9
:104F40002CFBBDF81010A8F8101009F10400BDF8F2
:104F500012107F1C1FFA80F9A8F81210BFB26089E6
:104F6000B842DED80EE1307B022800D0FFDFE989AD
:104F700008EBC100ADF804003020ADF83400287B08
:104F80000A90001FC0B20F90002CEBD06181B5F8E1
:104F90001090002726E000BFCDF80090688869696E
:104FA00003AA0A9B00F0F9FA0A9804EBC7084844E0
:104FB0001FFA80F908F10C0204A90F980CF016FEF4
:104FC00018B188F80EB0A8F80CB0BDF80C1001E0CC
:104FD000D4E0D1E0A8F81010BDF80E107F1CA8F89E
:104FE0001210BFB26089B842D6D8CBE00DA80090AD
:104FF00001AB224629463046FFF719FBC2E0307B61
:10500000082805D0FFDF03E0307B082800D0FFDF51
:10501000E8891030ADF804003620ADF83400002CDB
:105020003FD0A9896181F189A18127E0307B0928DE
:1050300000D0FFDFA88900F10C01ADF80410372182
:10504000ADF83410002C2CD06081E8890090AB8939
:10505000688804F10C02296956E0E889392110308A
:1050600080B2ADF80400ADF83410002C74D0A989DA
:105070006181287A0E280AD002212173E989E18111
:10508000288A0090EB8968886969039A3CE00121CD
:10509000F3E70DA8009001AB224629463046FFF702
:1050A00057FB6FE0307B0A2800D0FFDF1220ADF8FD
:1050B0000400ADF834704CB3A9896181A4F810B034
:1050C000A4F80EB084F80C905CE020E002E031E03F
:1050D00039E042E0307B0B2800D0FFDF288AADF8B2
:1050E00034701230ADF8040084B104212173A98911
:1050F0006181E989E181298A2182688A00902B8A6D
:10510000688804F11202696900F047FA3AE0307BDE
:105110000C2800D0FFDF1220ADF80400ADF8347089
:105120003CB305212173A4F80AB0A4F80EB0A4F88A
:1051300010B027E00DA8009001AB2246294630466A
:10514000FFF75AFA1EE00DA8009001AB224629464F
:105150003046FFF7B5FB15E034E03B21ADF8040025
:10516000ADF8341074B3A4F80690A4F808B084F82D
:105170000AB007E010000020FFDF03E0297A0129D0
:1051800017D0FFDFBDF80400AAF800006CB1BDF82D
:1051900034002080BDF804006080BDF83400392858
:1051A00003D03C2801D086F80CB011B00020BDE837
:1051B000F08F3C21ADF80400ADF8341014B1697AD9
:1051C000A172DFE7AAF80000EFE72DE9F84356885F
:1051D0000F4680461546052130460AF06FFF040051
:1051E00000D1FFDF123400943B46414630466A68E6
:1051F00006F008F9B8E570B50D4605210AF05EFF26
:10520000040000D1FFDF294604F11200BDE8704020
:1052100005F092BF70B50D4605210AF04FFF04005E
:1052200000D1FFDF294604F11200BDE8704005F00F
:10523000B0BF70B5054605210AF040FF040000D15B
:10524000FFDF04F1080321462846BDE87040042230
:10525000AFE470B5054605210AF030FF040000D127
:10526000FFDF214628462368BDE870400522A0E400
:1052700070B5064605210AF021FF040000D1FFDFCA
:1052800004F1120005F04BFF401D20F0030511E072
:10529000011D00880322431821463046FFF789FC90
:1052A00000280BD0607BABB2684382B26068011DFE
:1052B0000AF0D3FD606841880029E9D170BD70B55E
:1052C0000E46054602F002FF040000D1FFDF012078
:1052D000207266726580207820F00F00C01C20F0DC
:1052E000F00030302070BDE8704002F0F3BE2DE9D0
:1052F000F0438BB00D461446814606A9FFF797FB95
:10530000002814D14FF6FF7601274FF420588CB1B6
:1053100003208DF800001020ADF8100007A80590BC
:1053200007AA204604A90CF080FC78B107200BB036
:10533000BDE8F0830820ADF808508DF80E708DF8A8
:105340000000ADF80A60ADF80C800CE00698A1787A
:1053500001742188C1818DF80E70ADF80850ADF848
:105360000C80ADF80A606A4602214846069BFFF7AA
:1053700087FBDCE708B501228DF8022042F6020225
:10538000ADF800200A4603236946FFF73CFC08BD40
:1053900008B501228DF8022042F60302ADF8002084
:1053A0000A4604236946FFF72EFC08BD00B587B006
:1053B00079B102228DF800200A88ADF808204988CA
:1053C000ADF80A1000236A460521FFF759FB07B024
:1053D00000BD1020FBE709B1072314E40720704744
:1053E00070B588B00D461446064606A9FFF71FFBA8
:1053F00000280ED17CB10620ADF808508DF80000D1
:10540000ADF80A40069B6A460821DC813046FFF76A
:1054100037FB08B070BD05208DF80000ADF80850CE
:10542000F0E700B587B059B107238DF80030ADF82B
:105430000820039100236A460921FFF721FBC6E7F4
:105440001020C4E770B588B00C460646002506A9B2
:10545000FFF7EDFA0028DCD106980121123005F0A3
:1054600090FE9CB12178062921D2DFE801F02005C9
:1054700005160318801E80B2C01EE28880B20AB1F1
:10548000A3681BB1824203D90C20C2E71020C0E7F9
:10549000042904D0A08850B901E00620B9E7012909
:1054A00013D0022905D004291CD005292AD00720B1
:1054B000AFE709208DF800006088ADF80800E088AB
:1054C000ADF80A00A068039023E00A208DF80000E0
:1054D0006088ADF80800E088ADF80A00A0680A25E9
:1054E000039016E00B208DF800006088ADF80800EE
:1054F000A088ADF80A00E088ADF80C00A0680B2584
:10550000049006E00C208DF8000060788DF808000B
:105510000C256A4629463046069BFFF7B1FA78E724
:1055200000B587B00D228DF80020ADF808100023DB
:105530006A461946FFF7A4FA49E700B587B071B18A
:1055400002228DF800200A88ADF808204988ADF8BD
:105550000A1000236A460621FFF792FA37E7102067
:1055600035E770B586B0064601200D46ADF8081047
:105570008DF80000014600236A463046FFF780FAA6
:10558000040008D12946304601F006FB00213046D0
:1055900001F020FB204606B070BDF8B51C4615464C
:1055A0000E46069F0AF0BDFE2346FF1DBCB23146E3
:1055B0002A4600940AF0B9FAF8BD30B41146DDE984
:1055C00002423CB1032903D0002330BC04F013BCD9
:1055D0000123FAE71A8030BC704770B50C460546C7
:1055E000FFF72DFB2146284601F0E5FA2846BDE8E5
:1055F0007040012101F0EEBA18B18178012938D14B
:1056000001E010207047018842F60112881A914289
:1056100031D018DC42F60102A1EB020091422AD0FF
:105620000CDC41B3B1F5C05F25D06FF4C050081851
:1056300021D0A0F57060FF381BD11CE001281AD0E2
:1056400002280AD117E0B0F5807F14D008DC0128C9
:1056500011D002280FD003280DD0FF2809D10AE06D
:10566000B0F5817F07D0A0F58070033803D0012802
:1056700001D0002070470F2070470A281FD008DC97
:105680000A2818D2DFE800F0191B1F1F171F231D5F
:105690001F21102815D008DC0B2812D00C2810D0A0
:1056A0000D2816D00F2806D10DE011280BD0842824
:1056B0000BD087280FD003207047002070470520AB
:1056C0007047072070470F2070470420704706205E
:1056D00070470C20704743F20200704738B50C4603
:1056E000050041D06946FEF7D7FA002819D19DF888
:1056F0000010607861F3020060706946681CFEF774
:10570000CBFA00280DD19DF80010607861F3C50038
:105710006070A978C1F34101012903D0022905D0A5
:10572000072038BD217821F0200102E0217841F0E6
:1057300020012170410704D0A978C90861F38610BF
:105740006070607810F0380F07D0A978090961F30C
:10575000C710607010F0380F02D16078400603D592
:10576000207840F040002070002038BD70B504461D
:105770000020088015466068FFF7B0FF002816D1AA
:105780002089A189884211D860688078C0070AD032
:10579000B1F5007F0AD840F20120B1FBF0F200FB26
:1057A0001210288007E0B1F5FF7F01D90C2070BDF1
:1057B00001F201212980002070BD10B50478137812
:1057C00064F3000313700478640864F341031370F6
:1057D0000478A40864F3820313700478E40864F383
:1057E000C30313700478240964F30413137004785A
:1057F000640964F3451313700078800960F386131D
:10580000137031B10878C10701D1800701D501209B
:1058100000E0002060F3C713137010BD42785307F7
:1058200002D002F0070306E012F0380F02D0C2F3F4
:10583000C20300E001234A7863F302024A70407811
:1058400010F0380F02D0C0F3C20005E0430702D0C9
:1058500000F0070000E0012060F3C5024A707047C5
:105860002DE9F04F95B00D00824613D01222002191
:10587000284607F088FD4FF6FF7B05AA0121584610
:1058800007F049FB0024264637464FF420586FF4B2
:10589000205972E0102015B0BDE8F08F9DF81E0071
:1058A00001280AD1BDF81C1041450BD011EB0900AD
:1058B0000AD001280CD002280CD0042C0ED0052CC4
:1058C0000FD10DE0012400E00224BDF81A6008E0C9
:1058D000032406E00424BDF81A7002E0052400E069
:1058E0000624BDF81A10514547D12C74BEB34FF0B1
:1058F000000810AA4FF0070ACDE90282CDE900A8FE
:105900000DF13C091023CDF810904246314658461F
:1059100007F0D1FB08BBBDF83C002A46C0B210A975
:105920000CF064F9C8B9AE81CFB1CDE900A80DF192
:10593000080C0AAE40468CE8410213230022394687
:10594000584607F0B8FB40B9BDF83C00F11CC01E3A
:10595000C0B22A1D0CF04AF910B103209BE70AE0FF
:10596000BDF82900E881062C05D19DF81E00A8721B
:10597000BDF81C00288100208DE705A807F0D7FAA4
:1059800000288BD0FFF779FE85E72DE9F0471C460C
:10599000DDE90978DDF8209015460E00824600D139
:1059A000FFDF0CB1208818B1D5B11120BDE8F08718
:1059B000022D01D0012100E0002106F1140006F0C3
:1059C00073F9A8F8000002463B462946504603F00A
:1059D0007EF9C9F8000008B9A41C3C600020E5E786
:1059E0001320E3E7F0B41446DDE904528DB100233F
:1059F00014B1022C09D101E0012306E00D7CEE0771
:105A000003D025F0010501230D742146F0BC04F0FC
:105A1000F2B91A80F0BC70472DE9FE4F91461A8802
:105A20001C468A468046FAB102AB494603F04FF95C
:105A3000050019D04046A61C27880AF084FC32468F
:105A4000072629463B4600960AF0A3F820882346FD
:105A5000CDE900504A4651464046FFF7C3FF0020BB
:105A600020800120BDE8FE8F0020FBE72DE9F047F4
:105A700086B082460EA8904690E8B000894604AAF7
:105A800005A903A88DE807001E462A462146504670
:105A9000FFF77BFF039901B101213970002818D16C
:105AA000FA4904F1140204AB0860039805998DE8E3
:105AB000070042464946504606F0A9FCA8B109280D
:105AC00011D2DFE800F005080510100A0C0C0E00DA
:105AD000002006B06AE71120FBE70720F9E708205D
:105AE000F7E70D20F5E70320F3E7BDF81010039862
:105AF000CDE9000133462A4621465046FFF772FFA2
:105B0000E6E72DE9F04389B01646DDE910870D463A
:105B100081461C461422002103A807F034FC012012
:105B200002218DF810108DF80C008DF81170ADF871
:105B3000146064B1A278D20709D08DF81600E0880D
:105B4000ADF81A00A088ADF81800A068079008A862
:105B50000095CDE90110424603A948466B68FFF75E
:105B600085FF09B0BDE8F083F0B58BB00024064690
:105B7000069407940727089405A8099401940097B0
:105B80000294CDE903400D4610232246304607F02B
:105B900092FA78B90AA806A9019400970294CDE96F
:105BA0000310BDF8143000222946304607F021F8D2
:105BB000002801D0FFF761FD0BB0F0BD06F0B2BECA
:105BC0002DE9FC410C468046002602F07FFA05468E
:105BD00020780D287ED2DFE800F0BC0713B325BD86
:105BE00049496383AF959B00A848006820B141787C
:105BF00041F010014170ADE0404602F099FAA9E091
:105C0000042140460AF05AFA070000D1FFDF07F1ED
:105C10001401404605F0DDFFA5BB13214046FCF70B
:105C2000BFFD97E0042140460AF048FA070000D182
:105C3000FFDFE088ADF800000020B8819DF800008B
:105C4000010704D5C00602D5A088B88105E09DF8FB
:105C5000010040067ED5A088F88105B9FFDF224605
:105C60002946404601F0C0FC022673E0E188ADF809
:105C700000109DF8011009060FD5072803D006284B
:105C80000AD00AE024E0042140460AF017FA060090
:105C900000D1FFDFA088F0810226CDB9FFDF17E039
:105CA000042140460AF00AFA070000D1FFDF07F19D
:105CB000140006F06EFE90F0010F02D1E0790006AC
:105CC00048D5387C022640F00200387405B9FFDF61
:105CD000224600E03DE02946404601F085FC39E0DF
:105CE000042140460AF0EAF9017C002D01F0020689
:105CF000C1F340016171017C21F002010174E7D11F
:105D0000FFDFE5E702260121404602F043FA21E0E9
:105D1000042140460AF0D2F90546606800902089C7
:105D2000ADF8040001226946404602F054FA287C8E
:105D300020F0020028740DE0002DC9D1FFDFC7E775
:105D4000022600214046FFF765FA002DC0D1FFDF93
:105D5000BEE7FFDF3046BDE8FC813EB50C0009D050
:105D600001466B4601AA002007F02AFA20B1FFF78E
:105D700084FC3EBD10203EBD00202080A0709DF818
:105D8000050002A900F00700FDF7A2FF50B99DF839
:105D9000080020709DF8050002A9C0F3C200FDF7BD
:105DA00097FF08B103203EBD9DF8080060709DF884
:105DB0000500C109A07861F30410A0709DF80510DA
:105DC000890961F3C300A0709DF80410890601D50C
:105DD000022100E0012161F342009DF8001061F30F
:105DE0000000A07000203EBD70B5144606460D466A
:105DF00051EA040005D075B10846FBF760FA78B99E
:105E000001E0072070BD2946304607F040FA10B186
:105E1000BDE8704031E454B12046FBF750FA08B1B8
:105E2000102070BD21463046BDE8704095E7002047
:105E300070BD2DE9FC5F0C469046054600270178B1
:105E40000822007A3E46B2EB111F7DD104F10A010F
:105E500000910A31821E4FF0020A04F1080B0191F1
:105E6000092A72D2DFE802F0EDE005F528287BAAC6
:105E7000CE00688804210AF021F9060000D1FFDF76
:105E8000B08928B152270726C3E00000380200205D
:105E900051271026002C7DD06888A0800120A07199
:105EA000A88900220099FFF79FFF002873D1A889D5
:105EB0002081288AE081D1E0B5F81290072824D10A
:105EC000E87B000621D5512709F1140086B2002C89
:105ED000E1D0A88900220099FFF786FF00285AD157
:105EE0006888A08084F806A0A88920810120A0737A
:105EF000288A2082A4F81290A88A009068884B46CD
:105F0000A969019A01F04CFBA8E0502709F11200A1
:105F100086B2002C3ED0A88900225946FFF764FFC4
:105F2000002838D16888A080A889E080287A0728CE
:105F300013D002202073288AE081E87BC0096073B7
:105F4000A4F81090A88A01E085E082E000906888BB
:105F50004B4604F11202A969D4E70120EAE7B5F83B
:105F60001290512709F1140086B2002C66D068887F
:105F700004210AF0A3F883466888A080A88900223B
:105F80000099FFF731FF00286ED184F806A0A88998
:105F9000208101E052E067E00420A073288A20827B
:105FA000A4F81290A88A009068884B46A969019AC3
:105FB00001F0F6FAA989ABF80E104FE06888FBF7FC
:105FC000BDFB0746688804210AF078F8064607B941
:105FD000FFDF06B9FFDF687BC00702D05127142618
:105FE00001E0502712264CB36888A080502F06D0BD
:105FF00084F806A0287B594601F0E2FA2EE0287BBF
:10600000A11DF9E7FE49A8894989814205D1542794
:1060100006269CB16888A08020E053270BE06888A2
:10602000A080A889E08019E0688804210AF046F879
:1060300000B9FFDF55270826002CF0D1A8F8006032
:1060400011E056270726002CF8D06888A080002091
:1060500013E0FFDF02E0012808D0FFDFA8F80060AE
:106060000CB1278066800020BDE8FC9F57270726DB
:10607000002CE3D06888A080687AA071EEE7401D0C
:1060800020F0030009B14143091D01EB40007047B6
:1060900013B5DB4A00201071009848B1002468460F
:1060A00009F03BFE002C02D1D64A009911601CBDBC
:1060B00001240020F4E770B50D461446064686B06C
:1060C0005C220021284607F05EF904B9FFDFA078C2
:1060D0006874A2782188284601F09DFA0020A881E2
:1060E000E881228805F11401304605F056FD6A4624
:1060F0000121304606F00FFF1AE000BF9DF80300B3
:10610000000715D5BDF806103046FFF72DFD9DF8A8
:106110000300BDF8061040F010008DF80300BDF834
:106120000300ADF81400FF233046059A07F077F816
:10613000684606F0FCFE0028E0D006B070BD10B541
:106140000C4601F1140005F060FD0146627C20461A
:10615000BDE8104001F094BA30B50446A84891B0AB
:106160004FF6FF75C18905AA284606F0D4FE30E037
:106170009DF81E00A0422AD001282AD1BDF81C009B
:10618000B0F5205F03D042F60101884221D1002002
:1061900002AB0AAA0CA9019083E80700072000902F
:1061A000BDF81A1010230022284606F084FF38B9E3
:1061B000BDF828000BAAC0B20CA90BF017FD10B156
:1061C000032011B030BD9DF82E00A04201D1002067
:1061D000F7E705A806F0ABFE0028C9D00520F0E7D8
:1061E00070B50546042109F069FF040000D1FFDF06
:1061F00004F114010C46284605F0EBFC2146284624
:10620000BDE8704005F0ECBC70B58AB00C4606469F
:10621000FBF794FA050014D02878222827D30CB174
:10622000A08890B101208DF80C0003208DF810009B
:1062300000208DF8110054B1A088ADF81800206836
:1062400007E043F202000AB070BD0920FBE7ADF899
:10625000180005900421304609F030FF040000D1F9
:10626000FFDF04F1140005F0E6FC000701D408206C
:10627000E9E701F02BFF60B108A802210094CDE905
:10628000011095F8232003A930466368FFF7EEFB61
:10629000D9E71120D7E72DE9F04FB2F802A08346E5
:1062A00089B0154689465046FBF748FA074604214F
:1062B000504609F003FF0026044605964FF00208F9
:1062C0000696ADF81C6007B9FFDF04B9FFDF414651
:1062D000504603F0DAFE50B907AA06A905A88DE8D2
:1062E00007004246214650466368FFF74EFB44488C
:1062F00007AB0660DDE9051204F11400CDF800904B
:10630000CDE90320CDE9013197F8232059465046C5
:106310006B6805F0D9FC06000AD0022E04D0032ECB
:1063200014D0042E00D0FFDF09B03046BDE8F08F56
:10633000BDF81C000028F7D00599CDE900104246B1
:10634000214650466368FFF74DFBEDE7687840F063
:1063500008006870E8E72DE9F04F99B004464FF067
:1063600000082748ADF81C80ADF82080ADF82480E7
:10637000A0F80880ADF81480ADF81880ADF82C8036
:10638000ADF82880007916460D464746012808D00A
:10639000022806D0032804D0042802D0082019B00F
:1063A000C4E72046FAF747FF70BB2846FAF743FFD9
:1063B00050BB6068FAF78CFF30BB606848B16089F9
:1063C0002189884202D8B1F5007F01D90C20E6E787
:1063D00080460EAA06A92846FFF7C8F90028DED194
:1063E00068688078C0F34100022808D19DF8190040
:1063F00010F0380F03D02869FAF761FF20B904E0E4
:10640000380200201400002022E005A92069FFF7CF
:1064100065F90028C3D1206948B1607880079DF8EC
:10642000150000F0380001D5F0B300E0E0BB9DF8A6
:10643000140080060ED59DF8150010F0380F03D01B
:106440006068FAF73CFF18B96068FAF741FF08B1D5
:106450001020A4E70AA96069FFF740F900289ED13F
:10646000606940B19DF8290000F0070101293CD185
:1064700010F0380F39D00BA9A069FFF72FF90028C9
:106480008DD19DF8280080062FD49DF82C00800621
:106490002BD4A06950B19DF82D0000F0070101290F
:1064A00023D110F0380F00E01FE01ED0E06818B1D3
:1064B0000078D0B11C2818D20FAA611C2046FFF723
:1064C0007CF90121384661F30F2082468DF8521085
:1064D000B94642F603000F46ADF850000DF13F02F9
:1064E00018A928680BF0A1FB08B1072057E79DF811
:1064F000600015A9CDF80090C01CCDE9019100F015
:10650000FF0B00230BF20122514614A806F02EFCCB
:10651000F0BBBDF854000C90FE482A89296900920E
:10652000CDE901106B89BDF838202868069906F07E
:106530001DFC01007ED120784FF0020AC10601D473
:1065400080062BD5CDF80C90606950B90AA906A831
:10655000FFF764F99DF8290020F00700401C8DF832
:1065600029009DF8280008A940F0C8008DF82800EF
:106570008DF8527042F60210ADF8500003AACDF823
:1065800000A0CDE90121002340F2032214A800E07D
:106590001EE00A9906F0EAFB01004BD1DD484D46AA
:1065A00008385B460089ADF83D000FA8CDE90290A0
:1065B000CDF80490CDF810904FF007090022CDF8E7
:1065C0000090BDF854104FF6FF7006F012FB10B1AA
:1065D000FFF753F8E3E69DF83C00000624D5294672
:1065E000012060F30F218DF852704FF42450039571
:1065F000ADF8500062789DF80C00002362F30000B3
:106600008DF80C006278CDF800A0520862F34100CA
:106610008DF80C0003AACDE9012540F2032214A84D
:1066200006F0A4FB010005D1606888B32069A8B911
:1066300005A900E084E006A8FFF7F0F8607880077D
:1066400006D49DF8150020F038008DF8150005E0FF
:106650009DF8140040F040008DF814008DF8527041
:1066600042F60110ADF85000208940F20121B0FB44
:10667000F1F201FB1202606809ABCDF80080CDE9B0
:106680000103002314A8059906F070FB010057D1FF
:106690002078C00728D00395A06950B90BA906A897
:1066A000FFF7BCF89DF82D0020F00700401C8DF886
:1066B0002D009DF82C008DF8527040F040008DF8B0
:1066C0002C0042F60310ADF8500007A903AACDF83C
:1066D00000A0CDE90121002340F2032214A80B9968
:1066E00006F044FB01002BD1E06868B32946012085
:1066F00060F30F218DF8527042F60410ADF850008F
:10670000E068002302788DF8582040788DF8590011
:10671000E06816AA4088ADF85A00E06800798DF864
:106720005C00E068C088ADF85D00CDF80090CDE970
:1067300001254FF4027214A806F018FB010003D0E3
:106740000C9800F0C9FF2AE672480321083801714D
:1067500056B100893080BDF824007080BDF820005B
:10676000B080BDF81C00F080002018E670B501254F
:106770008AB016460B46012802D0022816D104E042
:106780008DF80E504FF4205003E08DF80E5042F675
:106790000100ADF80C005BB10024601C60F30F2415
:1067A00004AA08A918460BF040FA18B107204AE5D8
:1067B000102048E504A99DF820205648CDE9002185
:1067C000801E02900023214603A802F2012206F057
:1067D000CDFA10B1FEF751FF35E54E4808380EB13D
:1067E000C1883180057100202DE5F0B593B00746D2
:1067F00001268DF83E6041F60100ADF83C0012AA7A
:106800000FA93046FFF7B2FF002849D1414C0025BF
:10681000083CEFB31C22002102A806F0B4FD9DF84D
:1068200008008DF83E6040F020008DF8080042F628
:106830000520ADF83C000E959DF83A00119520F02A
:106840000600801C8DF83A009DF838006A4620F05A
:10685000FF008DF838009DF8390009A920F0FF00ED
:106860008DF839000420ADF82C00ADF830000EA8EA
:106870000A9011A80D900FA80990ADF82E5002A80B
:10688000FFF769FD00280BD1BDF80000608100E032
:1068900008E0BDF80400A081401CE08125710020C3
:1068A00013B0F0BD6581A581BDF84800F4E72DE97E
:1068B000F74F1849A0B00024083917940A79A14667
:1068C000012A04D0022A02D0082023B02EE5CA886B
:1068D000824201D00620F8E721988A46824201D1FF
:1068E0000720F2E70120214660F30F21ADF84800B0
:1068F0004FF6FF780691ADF84A808DF86E0042F6AB
:10690000020B8DF872401CA9ADF86CB0ADF8704068
:10691000139101E040020020ADF8508012A806F06B
:1069200035FB00252E462F460DAB072212A9404607
:1069300006F02FFB78B10A285DD195B38EB3ADF880
:106940006450ADF866609DF85E008DF8144019AC97
:10695000012864D06BE09DF83A001FB3012859D19B
:10696000BDF8381059451FD118A809A901940294FF
:10697000CDE9031007200090BDF836101023002247
:10698000404606F098FBB0BBBDF86000042801D07B
:1069900006284AD1BDF82410219881423AD10F200F
:1069A00093E73AE0012835D1BDF83800B0F5205F13
:1069B00003D042F6010188422CD1BAF80600BDF896
:1069C0003610884201D1012700E0002705B19EB1B1
:1069D000219881421ED118A809AA01940294CDE9F8
:1069E0000320072000900D4610230022404606F0A9
:1069F00062FB00B902E02DE04E460BE0BDF86000FE
:106A0000022801D0102810D1C0B217AA09A90BF092
:106A1000EDF850B9BDF8369086E7052055E705A991
:106A200017A8221D0BF001F908B103204DE79DF8CE
:106A300014000023001DC2B28DF814202298009289
:106A4000CDE901401BA8069906F090F910B9022281
:106A50008AF80420FEF711FE37E710B50B46401EFA
:106A600088B084B205AA00211846FEF7A6FE0020D1
:106A70000DF1080C06AA05A901908CE80700072073
:106A800000900123002221464FF6FF7006F0B1F876
:106A90000446BDF81800012800D0FFDF2046FEF7AD
:106AA000ECFD08B010BDF0B5F74F044687B038795B
:106AB0000E46032804D0042802D0082007B0F0BDF9
:106AC00004AA03A92046FEF751FE0500F6D160682E
:106AD0008078C0F3410002280AD19DF80D0010F023
:106AE000380F05D02069FAF7EAFB08B11020E5E776
:106AF000208905AA21698DE807006389BDF8102067
:106B00002068039906F032F910B1FEF7B6FDD5E71B
:106B100016B1BDF814003080042038712846CDE746
:106B2000F8B50C0006460CD001464FF6FF75002361
:106B30006A46284606F044FB28B100BFFEF79DFDDB
:106B4000F8BD1020F8BD69462046FEF7C7FD0028B5
:106B5000F8D1A078314600F001032846009A06F0EB
:106B60005EFBEBE730B587B0144600220DF1080C50
:106B700005AD01928CE82C00072200920A460146DE
:106B800023884FF6FF7006F034F8BDF8141021800A
:106B9000FEF773FD07B030BD70B50D46042109F056
:106BA0008DFA040000D1FFDF294604F11400BDE88E
:106BB000704005F039B870B50D46042109F07EFA31
:106BC000040000D1FFDF294604F11400BDE8704045
:106BD00005F04DB870B50D46042109F06FFA0400B8
:106BE00000D1FFDF294604F11400BDE8704005F034
:106BF00065B870B50546042109F060FA040000D1BB
:106C0000FFDF214628462368BDE870400122FEF7D9
:106C100003BF70B50646042109F050FA040000D104
:106C2000FFDF04F1140004F0F0FF401D20F0030525
:106C300011E0011D00880022431821463046FEF76E
:106C4000EBFE00280BD0607CABB2684382B2A06838
:106C5000011D09F002F9A06841880029E9D170BD41
:106C600070B50546042109F029FA040000D1FFDFC0
:106C7000214628466368BDE870400222FEF7CCBE7C
:106C800070B50E46054601F021FA040000D1FFDF81
:106C90000120207266726580207820F00F00001DB0
:106CA00020F0F00040302070BDE8704001F012BAD2
:106CB00010B50446012900D0FFDF2046BDE8104092
:106CC0000121FEF7A7BA2DE9F04F97B04FF0000A67
:106CD0000C008346ADF814A0D04619D0E06830B15E
:106CE000A068A8B10188ADF81410A0F800A058461B
:106CF000FAF724FD070043F2020961D03878222810
:106D00005CD30421584609F0D9F9050005D103E008
:106D1000102017B0BDE8F08FFFDF05F1140004F07C
:106D200074FF401D20F00306A078012803D002283C
:106D300001D00720EDE7218807AA584606F0EBF8B6
:106D400030BB07A806F0F3F810BB07A806F0EFF871
:106D500048B99DF82600012805D1BDF82400A0F50A
:106D60002451023902D04FF45050D2E7E068B0B15C
:106D7000CDE902A00720009005AACDF804A0049256
:106D8000A2882188BDF81430584605F032FF10B1B2
:106D9000FEF773FCBDE7A168BDF8140008809DF8FC
:106DA0001F00C00602D543F20140B2E70B9838B18C
:106DB000A1780078012905D080071AD40820A8E717
:106DC0004846A6E7C007F9D002208DF83C00A86825
:106DD0004FF00009A0B1697C4288714391420FD9FC
:106DE0008AB2B3B2011D08F0EEFF8046A0F800A001
:106DF00006E003208DF83C00D5F800804FF0010933
:106E00009DF8200010F0380F00D1FFDF9DF8200022
:106E10001E49C0F3C200084497F8231010F8010C73
:106E2000884201D90F2074E72088ADF8400014A9EA
:106E30000095CDE90191434607220FA95846FEF778
:106E400015FE002891D19DF8500050B9A078012876
:106E500007D1687CB3B2704382B2A868011D08F004
:106E6000C6FF002055E770B5064615460C46084695
:106E7000FEF7C2FB002805D12A4621463046BDE870
:106E8000704073E470BD12E538020020F2B00100DA
:106E900070B51E4614460D0009D044B1616831B189
:106EA00038B1FC49C988814203D0072070BD102049
:106EB00070BD2068FEF7A0FB0028F9D132462146BC
:106EC0002846BDE87040FFF746BA70B515460C007D
:106ED00006D038B1EF490989814203D0072070BD3F
:106EE000102070BD2068FEF787FB0028F9D12946E5
:106EF0002046BDE87040D6E570B5064686B00D4622
:106F000014461046FAF7BDF9D0BB6068FAF7E0F90D
:106F1000B0BBA6F57F40FF3803D03046FAF70EFC31
:106F200080B128466946FEF79BFC00280CD19DF8ED
:106F300010100F2008293DD2DFE801F008060606F0
:106F4000060A0A0843F2020006B070BD0320FBE700
:106F50009DF80210012908D1BDF80010B1F5C05FFD
:106F6000F2D06FF4C052D142EED09DF80610012944
:106F70000DD1BDF80410A1F52851062907D200E073
:106F800029E0DFE801F0030304030303DCE79DF8D5
:106F90000A1001290FD1BDF80810B1F5245FD3D034
:106FA000A1F60211B1F50051CED00129CCD00229B1
:106FB00001D1C9E7FFDF606878B9002305AA294637
:106FC000304606F0FDF810B1FEF757FBBCE79DF820
:106FD0001400800601D41020B6E7618822462846B6
:106FE0006368FFF7BFFDAFE72DE9F043814687B047
:106FF000884614461046FAF744F918B1102007B035
:10700000BDE8F083002306AA4146484606F0D8F8BA
:1070100018B100BFFEF731FBF1E79DF81800C0067C
:1070200002D543F20140EAE70025072705A80195AC
:1070300000970295CDE9035062884FF6FF734146F1
:10704000484606F038F8060013D16068FAF719F9D7
:1070500060B960680195CDE90250009704952388D6
:1070600062884146484606F026F80646BDF81400F8
:1070700020803046CEE739B1864B0A889B899A42F8
:1070800002D843F2030070471DE610B586B0814C6C
:107090000423ADF81430638943B1A4898C4201D232
:1070A000914205D943F2030006B010BD0620FBE76C
:1070B000ADF81010002100910191ADF800300221CF
:1070C0008DF8021005A9029104A90391ADF81220D0
:1070D0006946FFF7F8FDE7E72DE9FC4781460D46D5
:1070E0000846FAF7A8F888BB4846FAF727FB5FEA94
:1070F00000080AD098F80000222829D30421484625
:1071000008F0DCFF070005D103E043F20200BDE810
:10711000FC87FFDF07F1140004F08DFD0646287898
:10712000012803D0022804D00720F0E7B0070FD5CC
:1071300002E016F01C0F0BD0A8792C1DC00709D057
:10714000E08838B1A068FAF776F818B11020DEE7C9
:107150000820DCE721882A780720B1F5847F35D024
:107160001EDC40F20315A1F20313A94226D00EDC67
:10717000B1F5807FCBD003DCF9B1012926D1C6E778
:10718000A1F58073013BC2D0012B1FD113E0012B6D
:10719000BDD0022B1AD0032BB9D0042B16D112E08C
:1071A000A1F20912082A11D2DFE802F00B04041040
:1071B00010101004ABE7022AA9D007E0012AA6D0DC
:1071C00004E0320700E0F206002AA0DACDB200F0B7
:1071D0007DFF50B198F82300CDE90005FA892346D8
:1071E00039464846FEF78DFC91E711208FE72DE9DF
:1071F000F04F8BB01F4615460C4683460026FAF723
:107200009DFA28B10078222805D208200BB081E52C
:1072100043F20200FAE7B80801D00720F6E7032F8F
:1072200000D100274FF6FF79CCB1022D73D3204651
:10723000FAF74EF830B904EB0508A8F10100FAF7A7
:1072400047F808B11020E1E7AD1E38F8028CAAB269
:107250002146484606F007F940455CD1ADB20D49DC
:10726000B80702D58889401C00E001201FFA80F889
:10727000F80701D08F8900E04F4605AA41465846DD
:1072800005F049FE4FF0070A4FF00009DCB3204635
:107290000BE0000038020020408810283BD8361D43
:1072A000304486B2AE4236D2A01902884245F3D3AA
:1072B00051E000BF9DF8170002074CD594B304EBD2
:1072C0000608361DB8F80230B6B2102B23D89A192A
:1072D000AA4220D8B8F8002091421CD1C0061CD583
:1072E000CDE900A90DF1080C0AAAA11948468CE8BD
:1072F0000700B8F800100022584605F07AFC20B1CB
:10730000FEF7BBF982E726E005E0B8F80200BDF819
:107310002810884201D00B2078E7B8F802003044EA
:1073200086B207E0FFE7C00604D55846FEF71CFC0E
:10733000002888D19DF81700BDF81A1020F0100021
:107340008DF81700BDF81700ADF80000FF23584670
:10735000009A05F064FF05A805F0E9FD18B9BDF82D
:107360001A10B942A6D90421584608F0A7FE040015
:1073700000D1FFDFA2895AB1CDE900A94D46002313
:1073800021465846FEF7BDFB0028BBD1A5813DE74D
:1073900000203BE72DE9FF4F8BB01E4617000D463E
:1073A0004FF0000412D0B00802D007200FB0B1E4B3
:1073B000032E00D100265DB10846F9F780FF28B9F9
:1073C0003888691E0844F9F77AFF08B11020EDE704
:1073D000C74AB00701D5D18900E00121F0074FF677
:1073E000FF7802D0D089401E00E0404686B206AA4F
:1073F0000B9805F090FD4FF000094FF0070B0DF1D1
:10740000140A38E09DF81B00000734D5CDF804902D
:10741000CDF800B0CDF80890CDE9039A434600229C
:107420000B9805F048FE60BB05B3BDF814103A8810
:1074300021442819091D8A4230D3BDF81E2020F8A6
:10744000022BBDF8142020F8022BCDE900B9CDE9BC
:107450000290CDF810A0BDF81E10BDF81430002227
:107460000B9805F028FE08B103209FE7BDF8140033
:107470002044001D84B206A805F059FD20B10A2859
:1074800006D0FEF7FAF891E7BDF81E10B142B9D95F
:1074900034B17DB13888A11C884203D20C2085E725
:1074A000052083E722462946404605F0DCFF0146D9
:1074B00028190180A41C3C80002077E710B5044601
:1074C000F9F7DFFE08B1102010BD8948C08920807F
:1074D000002010BDF0B58BB00D46064614220021E9
:1074E00003A805F050FF01208DF80C008DF8100066
:1074F00000208DF81100ADF814503046FAF71EF94F
:1075000048B10078222812D30421304608F0D6FD75
:10751000040005D103E043F202000BB0F0BDFFDF31
:1075200004F11400074604F086FB800601D408200D
:10753000F3E7207C022140F00100207409A80094A8
:10754000CDE90110072203A930466368FEF78EFAE1
:1075500020B1217C21F001012174DEE7294630466B
:10756000FDF749FE08A9384604F054FB00B1FFDFDF
:10757000BDF82040172C01D2172000E02046A84279
:1075800001D92C4602E0172C00D2172421463046A0
:10759000FFF711FB21463046FDF751FB0020BCE709
:1075A000F8B51C4615460E46069F08F0BAFE23465F
:1075B000FF1DBCB231462A46009408F0B6FAF8BD69
:1075C00070B50C4605460E220021204605F0DBFE74
:1075D000002020802DB1012D01D0FFDF70BD0620DD
:1075E00000E00520A07170BD10B5488008781346F2
:1075F00020F00F00001D20F0F00080300C460870D5
:107600001422194604F1080005F093FE00F062FD13
:107610003748046010BD2DE9F047DFF8D890491DC8
:10762000064621F0030117460C46D9F8000008F081
:1076300092FB050000D1FFDF4FF000083560A5F890
:1076400000802146D9F8000008F085FB050000D134
:10765000FFDF7560A5F800807FB104FB07F1091D0D
:107660000BD0D9F8000008F076FB040000D1FFDF52
:10767000B460C4F80080BDE8F087C6F80880FAE777
:107680002DE9F0411746491D21F00302194D064628
:1076900001681446286808F089FB2246716828684A
:1076A00008F084FB3FB104FB07F2121D03D0B16860
:1076B000286808F07BFB042008F0ACFC044604209A
:1076C00008F0B0FC201A012804D12868BDE8F04178
:1076D00008F036BBBDE8F08110B50C4605F0EAFBBA
:1076E00000B1FFDF2046BDE81040FDF7C6BF000037
:1076F00038020020140000204FF0E0214FF4004039
:10770000C1F88001BFF34F8FBFF36F8F00F021B836
:1077100010B5044600F01DF8002C09D0124A12489A
:1077200012491432124B012C03D0022C07D0FFDF78
:1077300010BD0224046011604FF0407004E0032487
:10774000046011604FF40000186010BD00B5FFDF49
:1077500000BD054800210160016005494FF06070DF
:10776000091D08607047000000F500404802002035
:1077700004F501402DE9F05FDFF850A44FF0000858
:107780008B4606469AF80940474645469AF80190C6
:1077900008E0284601F00EF8817B407811FB007765
:1077A0006D1CEDB24D45F4D19AF8090020442044F7
:1077B00020440744FF2F01D94FF013083068C01C44
:1077C00020F0030232605BEA080021D1FF48FBB2DF
:1077D000062120300CF0C8F9002408E0062C0FD256
:1077E000DFE804F005030A0A0C05F94800E0F9484F
:1077F0000CF0DAF9054604E0F748F9E7F748F7E74F
:10780000FFDFA54200D0FFDF641CE4B2062CE5D305
:10781000306800EB071030604046BDE8F09F38B597
:107820000C468288817B19B14189914200D90A4670
:107830002280C188121D90B26A4607F081FCBDF813
:107840000000032800D30320C1B2208800F0D1FF3C
:1078500038BD38B50C468288817B19B101899142C7
:1078600000D90A462280C188121D90B26A4607F0EC
:1078700067FCBDF80000022800D30220C1B22088B6
:1078800000F0B7FF401CC0B238BD2DE9FF5F824653
:107890008B46D34814460BF10302D0E90110CDE921
:1078A000021022F0030201A84421019208F035FAE7
:1078B000C64E002C02D1CB49019A8A60019901443D
:1078C0000191B57E05F1010504D1E8B20AF026F96F
:1078D00000B1FFDF019800EB0510C01C20F0030190
:1078E000019144B9727A00200870B08B80B205F023
:1078F00040F900B1FFDF0198F16908440190214689
:1079000001A8FFF737FF80460198C01C20F0030054
:107910000190717A04B1002008F0F5FA0199084449
:107920000190214601A800F06FFFA84800273D46BE
:1079300090F801900CE0284600F03CFF0646817864
:107940008088FDF713FA71786D1C00FB0177EDB2AA
:107950004D45F0D10198C01C20F00300019004B106
:1079600000203946FDF70DFA0199002708440190DF
:1079700096483D4690F801900CE0284600F01AFF2A
:107980000646C1788088FEF77AFB71786D1C00FB93
:107990000177EDB24D45F0D10198C01C20F00300F5
:1079A000019004B100203946FEF772FB01994FF0B7
:1079B00000090844019085484D4647780EE0284666
:1079C00000F0F8FE0646807B30B106F1080002F0B8
:1079D0009DF8727800FB02996D1CEDB2BD42EED1AC
:1079E0000198C01C20F00300019004B100207D49E3
:1079F0004A78494602F08EF80199084401902146E0
:107A000001A800F0B3FE0198C01D20F0070001900E
:107A1000DAF80010814204D3A0EB0B01B1F5803FEE
:107A200004DB4FF00408CAF8000004E0CAF80000C4
:107A3000B8F1000F02D0404604B0EEE674BB6A49CC
:107A40000020019A0CF0FEF9FAF77EFB5F4C207ED5
:107A50000090607E012823D0002318B300225B48E9
:107A600000210C30FBF74AF800B1FFDFE07EFEF7A3
:107A7000BCFE00B1FFDF55484FF4F67200213830EC
:107A800005F081FC51480421383080F8E91180F874
:107A9000EA11062180F8EB11032101710020CBE7E8
:107AA0000123DAE702AADAE770B5484C0646383413
:107AB000207804EB4015E078083598B9A01990F8C3
:107AC000E80100280FD0A0780F2800D3FFDF202284
:107AD0000021284605F057FC687866F302006870BC
:107AE0000120E070284670BD2DE9F04105460C46A6
:107AF00000270078052190463E46B1EB101F00D0CC
:107B0000FFDF287A50B101280ED0FFDFA8F800600F
:107B10000CB1278066800020BDE8F081012709268E
:107B200074B16888A08008E00227142644B16888F0
:107B3000A0802869E060A88A2082287B2072E5E77F
:107B4000A8F80060E7E730B5204C01200021207044
:107B50006170207260726176217621730521A182A5
:107B60001F21E182607321A121610A21A176E076C3
:107B70001C4D4FF4B060E0616868C11C21F0030146
:107B8000814200D0FFDF6868606030BD30B5154CC1
:107B90001568636810339D4202D20420136030BD23
:107BA0000A4B5D785A6802EB051210705170032081
:107BB000D080172090800120D070907000209073AA
:107BC0005878401C58706068103013E0540300204F
:107BD000A11F0000359C0000A9B000000F19010092
:107BE000F8B0010018000020000000206E52463559
:107BF000780000006060002030BD70B50646F8488F
:107C00000024457807E0204600F0D4FD0178B14219
:107C100004D0641CE4B2AC42F5D1002070BDF7B5CD
:107C2000074608780C4610B3FFF7E7FF0546A7F1B3
:107C30002006202F06D0052E19D2DFE806F00F2BE4
:107C40002B151A0000F0C2FD0DB1697800E000218B
:107C5000401AA17880B20844FF2808D8A07830B133
:107C6000A088022824D202E06088172820D20720AA
:107C7000FEBD207AE0B161881729F8D3A1881729C1
:107C8000F5D3A1790029F2D0E1790029EFD040287D
:107C900004D9ECE7242F0BD1207A48B161884FF644
:107CA000FB70814202D8A188814201D90420FEBD27
:107CB00065B9207802AA0121FFF768FF0028F6D1F4
:107CC0002078FFF79AFF050000D1FFDF052E18D2BC
:107CD000DFE806F0030B0E081100A0786870A0889A
:107CE000E8800FE06088A8800CE0A078A87009E028
:107CF000A078E87006E054F8020FA8606068E860B9
:107D000000E0FFDF0020FEBD1A2835D00DDC13286F
:107D100032D2DFE800F01B31203131272723252D17
:107D2000313129313131312F0F00302802D003DCBD
:107D30001E2821D1072070473A3809281CD2DFE8D5
:107D400000F0151B0F1B1B1B1B1B0700002070479F
:107D500043F20400704743F202007047042070476A
:107D60000D2070470F207047082070471120704782
:107D700013207047062070470320704710B5007825
:107D800000F0010007F0D2F9BDE81040BCE710B5E3
:107D9000007800F0010007F0CEF9BDE81040B3E72D
:107DA0000EB5017801F001018DF80010417801F065
:107DB00001018DF801100178C1F340018DF8021026
:107DC0004178C1F340018DF80310017889088DF8DE
:107DD0000410417889088DF8051081788DF8061017
:107DE000C1788DF8071000798DF80800684606F014
:107DF0005DFEFFF789FF0EBD2DE9F84F784CDFF8E7
:107E0000E481383400261FE0012000F048FD012005
:107E1000FFF74AFE054644214746D8F8080007F018
:107E20009AFF686000B9FFDF686806F03BFDA8B103
:107E30002846F9F7F1FD284600F036FD20B9442226
:107E40006968B86807F0B2FF94F9E9010428DBDA41
:107E5000022008F0DFF807460025A6E04422696802
:107E6000D8F8080007F0A2FFF2E7B8F80210404681
:107E7000491C89B2A8F80210B94201D300214180FF
:107E80000221B8F8020008F019F9002865D0B8F806
:107E90000200694607F0C8F8FFF736FF00B1FFDFC0
:107EA0009DF8000078B1B8F8020008F04CFA5FEADB
:107EB000000900D1FFDF484607F0CBFC18B1B8F845
:107EC000020002F0D0F8B8F8020008F02AFA5FEADF
:107ED000000900D1FFDF484607F0B3FCE8BB0321EF
:107EE000B8F8020008F0EAF85FEA000B48D1FFDFBB
:107EF00046E000BFDBF8100010B10078FF2849D041
:107F0000022000F0CCFC0220FFF7CEFD824648465E
:107F100007F0A3FDCAF8040000B9FFDFDAF8040097
:107F200007F06BFE002100900170B8F80210504677
:107F3000AAF8021001F0BAFF484607F060FE00B947
:107F4000FFDF504600F0B0FC18B99AF801000007B6
:107F500004D50099CBF8101012E024E0DBF81000F3
:107F600038B10178491C11F0FF01017008D1FFDF21
:107F700006E000221146484600F0F6FB00B9FFDF9C
:107F800094F9EA01022805DBB8F8020001F055FF78
:107F90000028AFD194F9E901042804DB484607F032
:107FA00092FE00B101266D1CEDB2BD4204D294F9DF
:107FB000EA010228BFF659AF002E7FF423AFBDE8D7
:107FC000F84F032000F06BBC10B5064CE060086869
:107FD0002061AFF2DB1002F0C8FF607010BD00003E
:107FE0005403002018000020F74800210170F748D2
:107FF0000170F7494160704770B505464FF08050F9
:108000000C46D0F8A410491C05D1D0F8A810C943DB
:108010000904090C0BD050F8A01F01F001012970D0
:10802000416821608068A080287830B970BD062141
:1080300020460BF08CFB01202870607940F0C000D6
:10804000607170BD70B54FF080540D46D4F880104B
:10805000491C0BD1D4F88410491C07D1D4F88810DE
:10806000491C03D1D4F88C10491C0CD0D4F88010D2
:108070000160D4F884104160D4F888108160D4F88D
:108080008C10C16002E010210BF061FBD4F890006D
:10809000401C0BD1D4F89400401C07D1D4F89800B0
:1080A000401C03D1D4F89C00401C09D054F8900F18
:1080B000286060686860A068A860E068E86070BDDB
:1080C0002846BDE8704010210BF041BBBE48383057
:1080D0000079E9E470B5BC4C3834E07830B32078EE
:1080E00004EB4010407A00F00700204490F9E801CA
:1080F000002800DCFFDF2078002504EB4010407AE8
:1081000000F00700011991F8E801401E81F8E8012C
:108110002078401CC0B220700F2800D12570A078B4
:10812000401CA0700BF09CF9E57070BDFFDF70BDC6
:108130003EB50546032107F0C1FF0446284608F076
:10814000F0F8054604B9FFDF206918B10078FF2870
:1081500000D1FFDF01AA6946284600F005FB60B99F
:10816000FFDF0AE0002202A9284600F0FDFA00B96C
:10817000FFDF9DF8080000B1FFDF9DF80000411E01
:108180008DF80010EED220690199884201D10020BB
:1081900020613EBD70B50546A0F57F400C46FF3816
:1081A00000D1FFDF012C01D0FFDF70BDFFF78EFF94
:1081B000040000D1FFDF207820F00F00401D20F0E8
:1081C000F000503020706580002020720120207364
:1081D000BDE870407EE72DE9F04116460D460746A2
:1081E000FFF774FF040000D1FFDF207820F00F00BC
:1081F000401D20F0F0005030207067800120207278
:1082000028682061A888A0822673BDE8F04161E754
:108210007FB5FFF7F2FC040000D1FFDF02A9204682
:10822000FFF7FDFA054603A92046FFF712FB8DF87C
:1082300000508DF80100BDF80800001DADF80200E7
:10824000BDF80C00001DADF80400E088ADF8060094
:10825000684606F053FF002800D0FFDF7FBD2DE900
:10826000F05F5A4E8146307810B10820BDE8F09F8B
:108270004846F9F706F808B11020F7E7524C207885
:1082800008B9FFF760FC647A4D4600F09FFAA042FF
:1082900007D2201AC1B22A460020FFF777FC002837
:1082A000E4D171684848C91C002721F003017160BE
:1082B000B3463E463D46BA463C4690F801800AE049
:1082C000204600F077FA4178807B0E4410FB015580
:1082D000641CE4B27F1C4445F2D10AEB870000EB3A
:1082E000C600DBF8041000EB850045185C4601224F
:1082F00029464846FFF7C9FA060013D00020FFF7C9
:108300007CFC05000CD005F11300616820F003002F
:10831000884200D0FFDF2C484178491E41706560DB
:108320003046A3E7002229464846FFF7AEFA00B1DF
:10833000FFDFD9F8000060604FF6FF706080012019
:108340002070002092E72DE9F04104461F481746AF
:108350000E46007810B10820BDE8F0810846F8F715
:108360006AFF08B11020F7E7174D287808B9FFF722
:10837000EAFB601E1E2807D8012C22D13078FE2887
:108380001FD8A8760020E7E7A4F120001F2805D811
:10839000E0B23A463146BDE8F04140E4A4F1400085
:1083A0001F2805D831462046BDE8F04100F0A2BAAA
:1083B000A4F1A0001F2804D80020A02C0AD0A12CD2
:1083C0000DD00720C8E7000054030020180000204B
:1083D00048100020317801F00101E976BCE73168EE
:1083E0000922F82901D38B0701D01046B4E76B7B33
:1083F00003F00303012B04D1EB8AD7339CB28C42E8
:10840000F3D8E961A8E72DE9F04781460E46084612
:10841000F8F737FF48B94846F8F751FF28B909F18E
:10842000030020F00301494502D01020BDE8F08789
:10843000FC484FF0000A817869B14178804600EB32
:1084400041140834378832460021204600F039FABA
:10845000050004D027E0A6F800A00520E6E7B9F162
:10846000000F24D03088B84201D90C251FE0607875
:1084700000F00705284600F012FA08EB050732461F
:1084800097F8E8014946401C87F8E801204607F5BF
:10849000F47700F016FA05463878401E387003204D
:1084A00000F0FDF92DB10C2D01D0A6F800A0284652
:1084B000BCE76078DC4E00F00701012923D00229D7
:1084C0000CD0032933D0FFDF98F801104046491C37
:1084D000C9B288F801100F2934D035E0616821B1A4
:1084E000000702D46088FFF723FE98F8EA014746A8
:1084F000012802D1707802F057FD97F9EA010428AB
:10850000E2DBFFDFE0E7616819B14422B06807F001
:108510004DFC98F8E9014746032802D1707802F033
:1085200043FD97F9E9010428CEDBFFDFCCE7C00665
:1085300002D56088FFF7FCFD98F9EB010628C3DB44
:10854000FFDFC1E780F801A08178491E8170617862
:1085500001F0070101EB080090F8E811491C80F8D0
:10856000E811A4E770B50D460446F8F764FE18B9A3
:108570002846F8F786FE08B1102070BD294620462F
:10858000BDE8704009F002BB70B5054609F021FB5B
:10859000C4B22846F8F793FE08B1102070BD35B17B
:1085A00028782C7018B1A04201D0072070BD204659
:1085B000FDF7D2FD052805D109F00FFB012801D0F8
:1085C000002070BD0F2070BD70B5044615460E46E4
:1085D0000846F8F730FE18B92846F8F752FE08B1F9
:1085E000102070BD022C03D0102C01D0092070BDCA
:1085F0002A463146204609F0F9FA0028F7D005202E
:1086000070BD70B514460D460646F8F714FE38B92D
:108610002846F8F736FE18B92046F8F750FE08B19C
:10862000102070BD22462946304609F0FEFA002887
:10863000F7D0072070BD3EB50446F8F722FE08B11A
:1086400010203EBD684606F0C0F9FFF75DFB00282C
:10865000F7D19DF806002070BDF808006080BDF8D5
:108660000A00A08000203EBD70B505460C460846B5
:10867000F8F725FE20B93CB12068F8F702FE08B1F2
:10868000102070BDA08828B121462846BDE8704062
:10869000FDF7BABD092070BD70B505460C46084609
:1086A000F8F7C9FD30B9681E1E2814D82046F8F71F
:1086B000C2FD08B1102070BD032D01D9072070BD87
:1086C00005B9FFDF594800EB850050F8041C20462F
:1086D000BDE870400847A5F120001F2805D82146B5
:1086E0002846BDE87040F9F7C1BCF02D0AD0BF2D77
:1086F000E4D1A078218800F0010001F08DFA68B182
:10870000002070BDA068F8F796FD0028D2D1204661
:1087100006F04CFDBDE87040FFF7F6BA082070BDCA
:1087200070B504460D460846F8F7ABFD30B9601E3B
:108730001E280FD82846F8F77EFD08B1102070BD1E
:10874000012C03D0022C01D0032C01D1062070BDD6
:10875000072070BDA4F120001F28F9D82946204623
:10876000BDE87040F9F7D0BC07F03AB81CB5002955
:108770001FD104F02AFE2C4800224178C06805F081
:108780001DFF29481030C0788DF8000010B1012875
:1087900002D004E0012000E000208DF800006846CF
:1087A00006F06BF9214824380068019001A806F012
:1087B000BFFA1CBD30B51B4D0446383D6878A04259
:1087C00000D8FFDF686800EB041030BD70B51548B5
:1087D000002538382C46467807E02046FFF7EAFFA8
:1087E0004078641C2844C5B2E4B2B442F5D12846AE
:1087F00070BD021D5143452900D245210844C01CCB
:10880000B0FBF2F0C0B270472DE9FC5F06460548A8
:108810004FF0000838388B464746444690F80190A0
:1088200029E000008C030020180000201CB101008A
:108830002046FFF7BFFF050000D1FFDF68786946DB
:108840003844C7B22846FEF7EAFF824601A9284607
:10885000FEF7FFFF0346BDF804005246001D81B23B
:10886000BDF80000001D80B207F0A6FC6A78641C09
:1088700000FB0288E4B24C45DAD13068C01C20F01D
:1088800003003060BBF1000F00D0002042463946A3
:1088900007F0A0FC316808443060BDE8FC9F5649F1
:1088A00008710020C87070475349CA782AB10A7805
:1088B00001EB42110831814201D0012070470020B4
:1088C00070472DE9F04106460078154600F00F0488
:1088D00000201080601E0F46052800D3FFDF4748A8
:1088E0002A4600EB8400394650F8043C3046BDE887
:1088F000F04118472DE9F0413F4E0C46383E4028E4
:1089000006D041281AD0422822D0432826D11AE086
:1089100020786578012801D913201DE5FF2D08D89E
:1089200009F0F4FA07460AF053FD381A401EA8422F
:1089300001DA122010E5208830810DE0BDE8F04119
:10894000084600F00DB80878022807D8307603E012
:108950000878022802D870760020FDE40720FBE4A6
:1089600038B50446407800F00300012803D00228FF
:108970000BD0072038BD606858B1F8F7A9FCD0B912
:108980006068F8F79CFC20B915E06068F8F753FCC4
:1089900088B969462046FBF77FF90028EAD160785C
:1089A00000F00300022808D19DF8000028B160689B
:1089B000F8F785FC08B1102038BD6189F8290ED878
:1089C000208988420BD8607800F003020A483838C2
:1089D000012A06D1D731C26989B28A4201D209205F
:1089E00038BD94E80E0000F10C0585E80E000AB9C8
:1089F00000218182002038BD8C03002004B10100D9
:108A00002DE9F041074614468846084601F024FD4A
:108A1000064608EB88001C22796802EBC0000D189E
:108A2000688C58B14146384601F025FD014678680A
:108A30000078C200082305F120000CE0E88CA8B102
:108A40004146384601F01EFD01467868082340780B
:108A5000C20005F1240007F000FA38B106212172A6
:108A60006681D0E90010C4E9031009E028780928DC
:108A70000BD00520207266816868E06000202870B5
:108A80002046BDE8F04101F0C8BC07202072668195
:108A9000F4E72DE9F04116460D460746406801EB24
:108AA00085011C2202EBC1014418204601F00CFD97
:108AB00040B10021708865F30F2160F31F4105204C
:108AC0000BF02CF909202070324629463846BDE8C3
:108AD000F04195E72DE9F0410E46074600241C21A0
:108AE000F07816E004EB8403726801EBC303D25CF8
:108AF0006AB1FFF7EBFA050000D1FFDF6F802A466D
:108B000021463046FFF7C5FF0120BDE8F081641C17
:108B1000E4B2A042E6D80020F7E770B5064600248C
:108B20001C21C0780AE000BF04EB8403726801EBEB
:108B3000C303D5182A782AB1641CE4B2A042F3D842
:108B4000402070BD28220021284604F01CFC7068DB
:108B500080892881204670BD70B5034600201C2501
:108B6000DC780CE000EB80065A6805EBC606324460
:108B7000167816B1128A8A4204D0401CC0B28442D0
:108B8000F0D8402070BDF0B5044600201C26E578E2
:108B90000EE000BF00EB8007636806EBC7073B44AD
:108BA0001F788F4202D15B78934204D0401CC0B240
:108BB0008542EFD84020F0BD0078032801D0002086
:108BC0007047012070470078022801D000207047CC
:108BD000012070470078072801D00020704701204D
:108BE00070472DE9F041064688461078F178154621
:108BF000884200D3FFDF2C781C27641CF078E4B295
:108C0000A04201D8201AC4B204EB8401706807EBBB
:108C1000C1010844017821B14146884708B12C7050
:108C200073E72878A042E8D1402028706DE770B53E
:108C300014460B880122A240134207D113430B8034
:108C400001230A22011D07F0D2F8047070BD2DE93E
:108C5000FF4F81B00878DDE90E7B9A4691460E46BB
:108C600040072CD4019807F06EFB040000D1FFDF11
:108C700007F1040820461FFA88F106F0BDFC050044
:108C800000D1FFDF204629466A4606F008FF00981B
:108C9000A0F80370A0F805A0284606F0AEFF017802
:108CA00069F306016BF3C711017020461FFA88F1C2
:108CB00006F0E5FC00B9FFDF019805F027FC06EBA4
:108CC0000900017F491C017705B0BDE8F08F2DE94F
:108CD000F84F0E469A4691460746032107F0EEF9F3
:108CE0000446008DDFF87C85002518B198F8000057
:108CF000B0421ED1384607F026FB070000D1FFDF47
:108D000009F10401384689B206F076FC050010D05E
:108D1000384629466A4606F0C2FE009800210A46F7
:108D20000180817005F067FC0098C01DCAF8000042
:108D300021E098F80000B04216D104F1260734F87B
:108D4000341F012000FA06F911EA090F00D0FFDFF5
:108D50002088012340EA090020800A22391D384674
:108D600007F060F8067006E0324604F1340104F1C1
:108D70002600FFF75CFF0A2188F800102846BDE8AE
:108D8000F88FFEB515460C46064602AB0C220621AE
:108D9000FFF79DFF002827D00299607812220A7001
:108DA000801C487008224A80A070029829880523F8
:108DB00081806988C180A9880181E9884181002575
:108DC0000C20CDE90005062221463046FFF73FFF83
:108DD0002946002266F31F41F02310460AF0F4FEF4
:108DE0006078801C60700120FEBD2DE9FE430C46BA
:108DF000804644E002AB0E2207214046FFF767FFA2
:108E0000002841D060681C2267788678BF1C06EB7A
:108E1000860102EBC10145180298142101704770C8
:108E20000A214180698A0181E98A4181A98881807A
:108E3000A9898181304601F00FFB029905230722A1
:108E4000C8806F700420287000250E20CDE9000531
:108E500021464046FFF7FBFE294666F30F2168F3E3
:108E60001F41F023002205200AF0AEFE6078FE4983
:108E7000801C607062682046921CFFF7B2FE60683A
:108E800080784028B6D10120BDE8FE83FEB50D46AE
:108E9000064638E002AB0E2207213046FFF717FFE7
:108EA000002835D068681C23C17801EB810203EBF0
:108EB000C2028418029815220270627842700A2257
:108EC0004280A2894281A2888281084601F0C4FAC8
:108ED000014602988180618AC180E18A0181A0886F
:108EE000B8B10020207000210E20CDE9000105233B
:108EF000072229463046FFF7AAFE6A68DB49284662
:108F0000D21CFFF76EFE6868C0784028C2D10120ED
:108F1000FEBD0620E6E72DE9FE430C46814644E00F
:108F2000204601F0BBFAD0B302AB08220721484625
:108F3000FFF7CDFE0028A7D060681C22657806796F
:108F4000AD1C06EB860102EBC10147180298B7F889
:108F5000108006210170457004214180304601F0E7
:108F60007BFA0146029805230722C180A0F80480FD
:108F70007D70082038700025CDE90005214648465F
:108F8000FFF765FE294666F30F2169F31F41F023C1
:108F9000002205200AF018FE6078801C607062686C
:108FA000B3492046121DFFF71CFE60680179402975
:108FB000B6D1012068E72DE9F34F83B00D4691E06B
:108FC000284601F06BFA00287ED068681C2290F8D1
:108FD00006A00AEB8A0102EBC1014418514628465B
:108FE00001F050FAA178CB0069684978CA000146BF
:108FF00004F1240006F04DFF07468188E08B4FF016
:109000000009091A8EB208B1C84607E04FF00108FE
:10901000504601F00CFA08B9B61CB6B2208BB0422B
:1090200000D80646B34602AB324607210398FFF745
:109030004EFE060007D0B8F1000F0BD0504601F0ED
:10904000F6F910B106E000203EE60299B8884FF02C
:10905000020908800196E28B3968ABEB09001FFA20
:1090600080F80A4403984E46009207F06CF9DDE957
:109070000021F61D4346009606F08BFDE08B404430
:1090800080B2E083B988884201D1012600E0002641
:10909000CDE900B6238A072229460398FFF7D7FDBA
:1090A000504601F0C4F910B9E089401EE0815EB17C
:1090B000A078401CA0706868E978427811FB02F142
:1090C000CAB20123816900E006E00E3006F08FFE8F
:1090D00080F800A00020E0836A6866492846921D57
:1090E000FFF77FFD6868817940297FF469AF01202F
:1090F000EAE570B5064648680D4614468179402970
:1091000010D104EB84011C2202EBC101084401F0E0
:10911000FCF9002806D06868294684713046BDE80D
:10912000704048E770BDFEB50C460746002645E096
:10913000204601F0B3F9D8B360681C22417901EBF5
:10914000810102EBC1014518688900B9FFDF02AB5C
:10915000082207213846FFF7BAFD002833D00299CC
:10916000607816220A70801C48700420488060686D
:10917000407901F071F901460298052307228180A8
:109180006989C1800820CDE9000621463846FFF7ED
:109190005EFD6078801C6070A88969890844B0F51C
:1091A000803F00D3FFDFA88969890844A8816E81C8
:1091B000626831492046521DFFF713FD606841790E
:1091C0004029B5D10120FEBD30B5438C458BC3F39A
:1091D000C704002345B1838B641EED1AC38A6D1E3C
:1091E0001D4495FBF3F3E4B22CB1008918B1A04201
:1091F00000D8204603444FF6FF70834200D3034655
:1092000013800C7030BD2DE9FC41074616460D4613
:10921000486802EB86011C2202EBC10144186A4631
:1092200001A92046FFF7D0FFA089618901448AB2D5
:10923000BDF80010914212D0081A00D500206081BC
:109240006868407940280AD1204601F054F9002886
:1092500005D06868294646713846FFF764FFBDE8C7
:10926000FC8100002C000020B98B0000C78B00009F
:10927000D58B00000BA50000F7A400002DE9FE4FE0
:109280000F46814615465088032106F017FF0190CE
:10929000B9F8020001F0D3F882460146019801F0C6
:1092A000FDF8002824D001981C2241680AEB8A00AE
:1092B00002EBC0000C18204601F006F9002817D177
:1092C000B9F80000E18A88420ED8A18961B1B8429C
:1092D0000ED100265146019801F0CDF8218C01EB0A
:1092E0000008608B30B114E0504601F0A0F8A0B344
:1092F000BDE8FE8F504601F09AF808B1678308E098
:10930000022FF5D3B9F804006083618A884224D81B
:109310000226B81B87B2B8F80400A28B801A002876
:1093200014DD874200DA38461FFA80FB68886968D6
:109330000291D8F800100A44009206F0F2FFF61DE0
:10934000009A5B460299009606F0EFFBA08B38442A
:1093500080B2A083618B884207D96888019903B0E5
:109360005246BDE8F04F01F0EDB81FD14FF00900B3
:109370002872B9F802006881D8E90010C5E9041024
:10938000608BA881284601F048F85146019801F009
:1093900072F801460198082340680078C20004F181
:1093A000200006F05AFD0020A0836083504601F0A3
:1093B0003EF810B9A089401EA0816888019903B0C9
:1093C0000AF0FF02BDE8F04F1DE72DE9F041064627
:1093D00015460F461C461846F7F72DFF18B92068AA
:1093E000F7F74FFF08B110201AE47168688C09780C
:1093F000B0EBC10F01D3132012E43946304601F01F
:109400003AF80146706808230078C20005F1200090
:1094100006F0EDFCD4E90012C0E90012002005E4DA
:1094200010B50446032106F049FE014600F114027E
:109430002046BDE81040A4E470B50446032106F0C0
:109440003DFE054601462046FFF765FD002816D083
:1094500029462046FFF767FE002810D029462046FF
:10946000FFF714FD00280AD029462046FFF7BDFC6F
:10947000002804D029462046BDE870409BE570BD19
:109480002DE9F0410C4680461EE0E178427811FB60
:1094900002F1CAB2816901230E3006F0DEFC0778C2
:1094A00060681C22C179491EC17107EB87016068A1
:1094B00002EBC10146183946204600F0EFFF18B113
:1094C000304600F0FAFF20B16068C1790029DCD194
:1094D0008AE7FEF7FBFD050000D1FFDF0A202872B6
:1094E000384600F0B9FF68813946204600F0CAFFCF
:1094F0000146606808234078C20006F1240006F0A7
:10950000ACFCD0E90010C5E90310A5F8028028469C
:1095100000F083FFB07800B9FFDFB078401EB07074
:1095200062E770B50C460546032106F0C7FD01460B
:109530004068C2792244C2712846BDE870409FE766
:109540002DE9FE4F8246507814460F464FF0000832
:10955000002850D0012807D0022822D0FFDF206841
:10956000B8606068F860C3E602AB0E22082150467E
:10957000FFF7ADFB0028F2D00298152105230170FA
:10958000217841700A214180C0F80480C0F8088029
:10959000A0F80C80628882810E20CDE900080822A4
:1095A00021E0A678304600F057FF054606EB86011D
:1095B0002C22786802EBC1010822465A02AB114600
:1095C0005046FFF784FB0028C9D00298072101709C
:1095D000217841700421418008218580C680CDE931
:1095E000001805230A4639464FEA0A00FFF72FFB09
:1095F00087F808807CE6A678022516B1022E13D0E3
:10960000FFDF2A1D914602AB08215046FFF75FFBA2
:109610000028A4D002980121022E01702178417007
:109620004580868002D005E00625EAE7A188C18052
:10963000E1880181CDE9009805230822394650468A
:10964000D4E710B50446032106F038FD014600F1C9
:1096500008022046BDE8104072E72DE9F04F0F46A2
:10966000054687B014465088032106F027FD4FF0C9
:1096700000088DF808800646ADF80A80042F5CD3F8
:109680006A78002A59D028784FF6FF794FF01C0AE3
:10969000132815D006DC01286FD006282BD0072808
:1096A00006D16EE0142869D0152868D0162867D036
:1096B000CDF80080CDF8048068788DF8000037E0A0
:1096C000B078904239D13078010736D5062F34D1A1
:1096D00020F0080030706088414660F31F41002090
:1096E0000AF01CFB02208DF80800ADF80C90A88849
:1096F000ADF80E00F4E0082F1FD1A888EF8881464E
:1097000000F09DFE80460146304600F0C7FE18B1CD
:10971000404600F08CFE98B1FA48D0E90010CDE93F
:1097200000106878ADF804908DF80000ADF8067070
:1097300060886A463146FFF703FF07B0BDE8F08F47
:10974000716808EB88002C2202EBC000085AB8426E
:10975000F3D1EC486A46D0E90210CDE900106878F0
:109760008DF8000008F0FF058DF802506088314642
:10977000FFF7E6FE2246294623E097E025E0CEE00B
:1097800023E1082FD9D1B5F80480E88800F057FE0E
:1097900007460146304600F081FE0028CDD007EB99
:1097A000870271680AEBC2000844028A4245C4D1AC
:1097B00001780829C1D1407869788842BDD1F9B2D1
:1097C00022463046FFF765F9B7E70E2F7FF470AFFA
:1097D000E9886F898B46B5F808903046FFF7BCF9E9
:1097E000ABF14001402901D3092048E0B9F1170F3E
:1097F00001D3172F01D20B2041E040280ED000EBFF
:10980000800271680AEBC20008440178012903D183
:1098100040786978884290D00A2030E03046FFF7DF
:109820007CF940282AD000EB800372680AEBC30160
:1098300002EB0108012288F800206A7888F80120EC
:109840007168AA884989B94200D93946AD8903238C
:109850002372A282E7812182A4F80C90658200F035
:10986000FBFD6081A8F81490A8F81870A8F80E50B5
:10987000A8F810B0204600F0D0FD5EE704200521D6
:109880002172A4F80A80E081012121739D49D1E968
:109890000421CDE9002169788DF80010ADF80200AF
:1098A00060886A463146FFF74BFEE3E7062F8BD30D
:1098B000B07890421AD13078010717D520F008000F
:1098C00030706088414660F31F4100200AF026FA9C
:1098D00002208DF80800A888ADF80C00ADF80E90B5
:1098E0006088224602A9F8F785FB26E70421304666
:1098F000FFF749F905464028BFD0022083030090B6
:1099000022462946304600F0E6FD4146608865F370
:109910000F2160F31F4105200AF000FA0DE70E2F1A
:10992000ABD104213046FFF72EF981464028A4D060
:109930004146608869F30F2160F31F4105200AF05A
:10994000EDF9A88906906889009070682F89408990
:10995000B84200D938468346B5F80680A8880190F9
:10996000484600F079FD6081069818B10220009009
:10997000069B24E0B8F1170F1ED3172F1CD3042029
:10998000207200986082E781A4F810B0A4F80C80DF
:1099900009EB890271680AEBC2000D18DDE90002CB
:1099A000A5F81480A5F818B0E8812A82204600F0B6
:1099B00034FD06202870C0E601200B2300902246CB
:1099C0004946304600F087FDB7E6082F8DD1A988BB
:1099D0003046FFF7C1F80746402886D000F027FD43
:1099E00000289BD107EB870271680AEBC20008448C
:1099F000804600F069FD002890D1ED88B8F80E008F
:109A00002844B0F5803F05D360883A46314600F0DF
:109A100099FD92E6002DCED0A8F80E0060883A4657
:109A20003146FFF766FB08202072384600F014FD2F
:109A30006081A5811EE72DE9F05F0C4601281ED04C
:109A4000957992F80480567905EB85011F2202EB87
:109A5000C10121F0030B08EB060111FB05F14FF6E4
:109A6000FF7202EAC10909F1030115FB0611264F35
:109A700021F0031ABB6840B101283ED125E061689E
:109A8000E57891F800804E78DEE75946184606F0F2
:109A900062F9606000B9FFDF5A460021606803F098
:109AA00072FCE5705146B86806F055F96168486186
:109AB00000B9FFDF6068426902EB090181616068FB
:109AC00080F800806068467017E06068524641691F
:109AD000184606F06BF95A466168B86806F066F9F0
:109AE000032006F097FA0446032006F09BFA201A9A
:109AF000012802D1B86806F023F90BEB0A00BDE893
:109B0000F09F000028B101002C0000200246002137
:109B1000022090E7F7B5FF4C0A2016462070009807
:109B200060B100254FEA0D0006F0F7F80021A170A2
:109B30006670002D01D10099A160FEBD01250020B5
:109B4000F2E770B50C46154638220021204603F096
:109B50001AFC012666700A22002104F11C0003F0A1
:109B600012FC05B9FFDF297A207861F3010020702B
:109B7000A87900282DD02A4621460020FFF75BFF58
:109B800061684020E34A88706168C8706168087144
:109B900061684871616888716168288808816168B6
:109BA00068884881606886819078002811D0616853
:109BB0000620087761682888C885616828884886F3
:109BC0006068068560686988928801868186468516
:109BD000828570BDC878002802D0002201202AE7C3
:109BE000704770B50546002165F31F4100200AF05B
:109BF00095F80321284606F061FA040000D1FFDF42
:109C000021462846FEF766FF002804D0207840F061
:109C100010002070012070BD70B505460C46032071
:109C200006F0EAF908B1002070BDBA48857084805A
:109C3000012070BD2DE9FF4180460E460F0CFEF756
:109C400045FA050007D06F800321384606F036FA42
:109C5000040008D106E004B03846BDE8F041132105
:109C6000F8F79EBDFFDF5FEA080005D0B8F1050FE9
:109C700018D0FFDFBDE8FF8120782A4620F00800D9
:109C800020700020ADF8020002208DF800004FF691
:109C9000FF70ADF80400ADF8060069463846F8F7E5
:109CA000A9F9E7E7C6F3072101EB81021C236068ED
:109CB00003EBC202805C042803D008280AD0FFDF2F
:109CC000D8E7012000904FF440432A46204600F098
:109CD00002FCCFE704B02A462046BDE8F041FEF77B
:109CE000D8BE2DE9F05F05464089002790460C4616
:109CF0003E46824600F0A3FB8146287AC01E082813
:109D00006BD2DFE800F00D04192058363C4772276B
:109D10001026002C6CD0D5E90301C4E902015CE0F7
:109D200070271226002C63D00A2205F10C0104F1E1
:109D3000080003F0FEFA50E071270C26002C57D0E3
:109D4000E868A06049E0742710269CB3D5E90301B8
:109D5000C4E902016888032106F0B0F98346FEF7E2
:109D6000B5F902466888508049465846FEF748FED5
:109D700033E075270A26ECB1A88920812DE07627EB
:109D80001426BCB105F10C0004F1080307C883E8F0
:109D9000070022E07727102664B1D5E90301C4E962
:109DA00002016888032106F089F901466888FFF7F7
:109DB00067FB12E01CE073270826CCB168880321FA
:109DC00006F07CF901460078C00606D56888FEF7E3
:109DD00081FE10B96888F7F703FEA8F800602CB17F
:109DE0002780A4F806A066806888A080002086E608
:109DF000A8F80060FAE72DE9FC410C461E4617461C
:109E00008046032106F05AF905460A2C0AD2DFE8FB
:109E100004F005050505050509090907042303E004
:109E2000062301E0FFDF0023CDE900762246294624
:109E30004046FEF70CFFBDE8FC81F8B50546A0F5ED
:109E40007F40FF382BD0284606F06BFA040000D183
:109E5000FFDF204605F001FE002821D001466A46BA
:109E6000204605F01CFE00980321B0F80560284646
:109E700006F024F90446052E13D0304600F0DFFA30
:109E800005460146204600F009FB40B1606805EB3D
:109E900085013E2202EBC101405A002800D001207A
:109EA000F8BD007A0028FAD00020F8BDF8B50446C5
:109EB000408806F036FA050000D1FFDF6A462846E2
:109EC000616800F0A8FA01460098091F8BB230F8CB
:109ED000032F0280428842800188994205D1042ADA
:109EE00008D0052A20D0062A16D022461946FFF7A8
:109EF000C5F9F8BD001D0E4605460146224630460E
:109F0000FBF763F90828F4D1224629463046FCF7CE
:109F1000C2F9F8BD2C000020636864880A46011D60
:109F20002046F9F7C5FBF4E72246001DFFF795FB35
:109F3000EFE770B50D460646032106F0BFF80400B2
:109F400004D02078000704D5112070BD43F2020030
:109F500070BD2A4621463046FEF713FF18B928681F
:109F600060616868A061207840F0080020700020DF
:109F700070BD2DE9F04F0E4691B08046032106F0EA
:109F80009DF80446404606F0DEF90746002007909B
:109F900008900990ADF830000A9002900390049068
:109FA00004B9FFDF0DF10809FFB9FFDF1DE03846F6
:109FB0000BA9002205F014FC9DF82C0000F07F0591
:109FC0000A2D00D3FFDF6019017F491E01779DF83C
:109FD0002C00000609D52A460CA907A8FEF727FE83
:109FE00019F80510491C09F80510761EF6B2DED2E4
:109FF00004F13400F84D04F1260BDFF8E0A304F17E
:10A000002A07069010E05846069900F08DFA064699
:10A0100028700A2800D3FFDF5AF8261040468847E8
:10A02000E08CC05DB04202D0208D0028EBD10A2028
:10A030002870EA4D4E4628350EE00CA907A800F01E
:10A0400073FA0446375D55F8240000B9FFDF55F870
:10A050002420394640469047BDF81E000028ECD128
:10A0600011B0BDE8F08F10B5032106F027F8040009
:10A0700000D1FFDF0A22002104F11C0003F083F964
:10A08000207840F00400207010BD10B50C4603216C
:10A0900006F014F82044007F002800D0012010BDF5
:10A0A0002DE9F84F894615468246032106F006F849
:10A0B000070004D02846F7F7BEF840B903E043F2A2
:10A0C0000200BDE8F88F4846F7F7DBF808B110202A
:10A0D000F7E7786828B169880089814201D90920A9
:10A0E000EFE7B9F800001C2488B100F0A8F9804619
:10A0F0000146384600F0D2F988B108EB880079684B
:10A1000004EBC000085C01280BD00820D9E73846D2
:10A11000FEF703FD8046402807D11320D1E7052034
:10A12000CFE7FDF7D3FF06000BD008EB8800796876
:10A1300004EBC0000C18B9F8000020B1E88910B198
:10A1400013E01120BDE72888172802D36888172854
:10A1500001D20720B5E7686838B12B1D2246414679
:10A160003846FFF732F90028ABD104F10C026946FA
:10A170002046FFF729F8288860826888E082B9F8CD
:10A18000000030B102202070E889A080E889A0B1E9
:10A190002BE003202070A889A0807868817840296E
:10A1A00005D180F8028039465046FEF71EFE404633
:10A1B00000F052F9A9F8000021E07868218B40896D
:10A1C000884200D908462083A6F802A004203072F5
:10A1D000B9F800007081E0897082F181208B3082B3
:10A1E000A08AB081304600F018F97868C17840291B
:10A1F00005D180F8038039465046FEF747FE00201F
:10A200005FE770B50D460646032105F057FF0400D1
:10A210000ED0284600F013F905460146204600F00E
:10A220003DF918B1284600F002F920B1052070BDB3
:10A2300043F2020070BD05EB85011C22606802EB51
:10A24000C101084400F040F908B1082070BD2A4659
:10A250002146304600F076F9002070BD2DE9F0412E
:10A260000C4617468046032105F028FF0546204688
:10A2700000F0E5F8044695B10146284600F00EF9D5
:10A2800080B104EB84011C22686802EBC10146180E
:10A29000304600F019F938B10820BDE8F08143F2EA
:10A2A0000200FAE70520F8E73B46324621462846F9
:10A2B000FFF78BF80028F0D1E2B229464046FEF7BE
:10A2C000A2FF708C0838082803D24348407800F079
:10A2D0006BFE0020E1E72DE9F0410D461746804670
:10A2E000032105F0EBFE0446284600F0A8F80646D8
:10A2F00024B13846F6F79FFF38B902E043F2020076
:10A30000CBE73868F6F797FF08B11020C5E731466C
:10A31000204600F0C3F860B106EB86011C2260689D
:10A3200002EBC1014518284600F0CEF818B108200C
:10A33000B3E70520B1E7B888A98A884201D90C2083
:10A34000ABE76168E88C4978B0EBC10F01D313200B
:10A35000A3E73146204600F095F8014660680823DF
:10A360004078C20005F1240005F041FDD7E9001254
:10A37000C0E90012F2B221464046FEF7BAFE0020C4
:10A380008BE72DE9F0470D461F4690468146032195
:10A3900005F094FE0446284600F051F806463CB10C
:10A3A0004DB13846F6F78BFF50B11020BDE8F0876D
:10A3B00043F20200FAE7606858B1A0F80C8028E088
:10A3C0003146204600F06AF818B1304600F02FF808
:10A3D00030B10520EAE700002C00002040B1010068
:10A3E00006EB86011C22606802EBC1014518284675
:10A3F00000F06AF808B10820D8E7A5F80880F2B2A2
:10A4000021464846FEF7FFFE1FB1A8896989084426
:10A4100038800020CAE705F042BB017821F00F0127
:10A42000491C21F0F00110310170FDF753BE20B935
:10A430004E48807808B101207047002070474B4992
:10A440008988884201D100207047402801D24020ED
:10A4500000E0403880B2704710B50446402800D96B
:10A46000FFDF2046FFF7E3FF10B14048808810BDB2
:10A470004034A0B210BD406842690078484302EB06
:10A48000C0007047C2784068037812FB03F243783B
:10A49000406901FB032100EBC1007047C2788A428A
:10A4A00009D9406801EB81011C2202EBC101405C2B
:10A4B00008B101207047002070470078062801D9B4
:10A4C00001207047002070470078062801D0012045
:10A4D000704700207047F0B401EB81061C274468E8
:10A4E00007EBC6063444049D05262670E3802571DB
:10A4F000F0BCFEF785BA10B5418911B1FFF7DDFF59
:10A5000008B1002010BD012010BD10B5C18C8278AB
:10A51000B1EBC20F04D9C18911B1FFF7CEFF08B169
:10A52000002010BD012010BD10B50C4601230A22E9
:10A53000011D05F092FC00782188012282409143A0
:10A54000218010BDF0B402EB82051C264C6806EB9E
:10A55000C505072363554B681C79402C03D11A713C
:10A56000F0BCFEF7D8BCF0BC704700002C00002007
:10A5700070B50B2000F0BDF9082000F0BAF90021F9
:10A580000B2000F0D4F90021082000F0D0F9F44CA1
:10A5900001256560A5600020C4F84001C4F84401AD
:10A5A000C4F848010B2000F0B5F9082000F0B2F91A
:10A5B0000B2000F091F9256070BD10B50B2000F064
:10A5C00098F9082000F095F9E54801214160816083
:10A5D000E4490A68002AFCD10021C0F84011C0F803
:10A5E0004411C0F848110B2000F094F9BDE8104068
:10A5F000082000F08FB910B50B2000F08BF9BDE8F2
:10A600001040082000F086B900B530B1012806D00E
:10A61000022806D0FFDF002000BDD34800BDD3488C
:10A6200000BDD248001D00BD70B5D1494FF00040BB
:10A630000860D04DC00BC5F80803CF480024046063
:10A64000C5F840410820C43500F053F9C5F83C4135
:10A65000CA48047070BD08B5C14A002128B101285C
:10A6600011D002281CD0FFDF08BD4FF48030C2F8A3
:10A670000803C2F84803BB483C300160C2F84011EF
:10A68000BDE80840D0E74FF40030C2F80803C2F834
:10A690004803B44840300160C2F84411B3480CE0AC
:10A6A0004FF48020C2F80803C2F84803AD48443094
:10A6B0000160C2F84811AD48001D0068009008BD57
:10A6C00070B516460D460446022800D9FFDF002269
:10A6D000A348012304F110018B4000EB8401C1F871
:10A6E000405526B1C1F84021C0F8043303E0C0F85A
:10A6F0000833C1F84021C0F8443370BD2DE9F04162
:10A700001D46144630B1012833D0022838D0FFDF6F
:10A71000BDE8F081891E002221F07F411046FFF73D
:10A72000CFFF012D23D00020944D924F0126687059
:10A730003E61914900203C3908600220091D0860F3
:10A740008D490420303908608B483D34046008206E
:10A750006C6000F0DFF83004C7F80403082000F054
:10A76000BBF88349F007091F08602E70D0E701206D
:10A77000DAE7012B02D00022012005E00122FBE7ED
:10A78000012B04D000220220BDE8F04198E701220D
:10A79000F9E774480068704770B500F0D8F8704C5D
:10A7A0000546D4F840010026012809D1D4F8080351
:10A7B000C00305D54FF48030C4F80803C4F84061E5
:10A7C000D4F8440101280CD1D4F80803800308D53B
:10A7D0004FF40030C4F80803C4F84461012008F0C5
:10A7E00014FAD4F8480101280CD1D4F80803400326
:10A7F00008D54FF48020C4F80803C4F8486102204B
:10A8000008F003FA5E48056070BD70B500F09FF86F
:10A810005A4D0446287850B1FFF706FF687818B102
:10A820000020687008F0F1F95548046070BD0320FD
:10A83000F8E74FF0E0214FF40010C1F80002704734
:10A84000152000F067B84B4901200861082000F08E
:10A8500061B848494FF47C10C1F808030020024653
:10A8600001EB8003C3F84025C3F84021401CC0B26F
:10A870000628F5D37047410A43F609525143C0F305
:10A88000080010FB02F000F5807001EB50207047CB
:10A8900010B5430B48F2376463431B0C5C020C6039
:10A8A000384C03FB0400384B4CF2F72443435B0D58
:10A8B00013FB04F404EB402000F58070401210708C
:10A8C00008681844086010BD2C4840687047294942
:10A8D0000120C1F800027047002809DB00F01F02C8
:10A8E000012191404009800000F1E020C0F80011F2
:10A8F000704700280DDB00F01F0201219140400944
:10A90000800000F1E020C0F88011BFF34F8FBFF34B
:10A910006F8F7047002809DB00F01F020121914072
:10A920004009800000F1E020C0F88012704749071C
:10A93000090E002804DB00F1E02080F800147047C5
:10A9400000F00F0000F1E02080F8141D70470C4863
:10A95000001F00680A4A0D49121D1160704700006F
:10A9600000B0004004B500404081004044B10040C8
:10A9700008F501400080004040850040380000207C
:10A9800014050240F7C2FFFF6F0C01000100000137
:10A9900010B5EFF3108000F0010472B6FC48417866
:10A9A000491C41704078012801D108F081FD002C3C
:10A9B00000D162B610BD70B5F54CA07848B901253C
:10A9C000A570FFF7E5FF08F084FD20B1002008F036
:10A9D0004EFD002070BD4FF08040E570C0F804537C
:10A9E000F7E770B5EFF3108000F0010572B6E84CA0
:10A9F000607800B9FFDF6078401E6070607808B949
:10AA000008F05AFD002D00D162B670BDE04810B5C7
:10AA1000817821B10021C1708170FFF7E2FF002031
:10AA200010BD10B5044608F054FDD9498978084096
:10AA300000D001202060002010BD10B5FFF7A8FF56
:10AA400008F047FD02220123D149540728B1D1481B
:10AA5000026023610320087202E00A72C4F8043322
:10AA60000020887110BD2DE9F84FDFF8249342785B
:10AA7000817889F80420002689F80510074689F8AE
:10AA800006600078DFF810B3354620B1012811D0F8
:10AA9000022811D0FFDF08F02EFD4FF0804498B15E
:10AAA00008F030FDB0420FD1304608F02FFD0028ED
:10AAB000FAD042E00126EEE7FFF76AFF5846016848
:10AAC000C907FCD00226E6E70120E060C4F8045183
:10AAD000B2490E600107D1F84412B04AC1F34231C5
:10AAE00024321160AD49343108604FF0020AC4F8D5
:10AAF00004A3A060AA480168C94341F3001101F111
:10AB00000108016841F01001016001E010F030F926
:10AB1000D4F804010028F9D0304608F0F7FC0028EA
:10AB2000FAD0B8F1000F04D19D48016821F010015E
:10AB30000160C4F808A3C4F8045199F805004E4612
:10AB400080B1387870B908F0C4FC804608F0CAFEBD
:10AB50006FF00042B8F1000F02D0C6E9032001E017
:10AB6000C6E90302DBF80000C00701D008F0ADFC25
:10AB7000387810B13572BDE8F88F4FF01808C4F876
:10AB800008830127A7614FF42070ADF8000000BFD3
:10AB9000BDF80000411EADF80010F9D2C4F80C5108
:10ABA000C4F810517A48C01D08F030FD3570FFF729
:10ABB00044FF67617949307920310860C4F8048323
:10ABC000D9E770B5050000D1FFDF4FF080424FF0AC
:10ABD000FF30C2F808030021C2F80011C2F80411C6
:10ABE000C2F80C11C2F81011694C617008F07DFCBC
:10ABF00010B10120A070607067480068C00701D0E4
:10AC000008F063FC2846BDE870402CE76048007AF5
:10AC1000002800D0012070472DE9F04F61484FF027
:10AC2000000A85B0D0F800B0D14657465D4A5E496B
:10AC3000083211608406D4F8080110B14FF0010801
:10AC400001E04FF0000808F0B4FC78B1D4F824011A
:10AC500000B101208246D4F81C0100B101208146D8
:10AC6000D4F8200108B1012700E00027D4F8000142
:10AC700000B101200490D4F8040100B10120039038
:10AC8000D4F80C0100B101200290D4F8100100B1F9
:10AC900001203F4D0190287800260090B8F1000F68
:10ACA00004D0C4F80861012008F0E1FBBAF1000FFC
:10ACB00004D0C4F82461092008F0D9FBB9F1000FD1
:10ACC00004D0C4F81C610A2008F0D1FB27B1C4F8F5
:10ACD00020610B2008F0CBFB2D48C01D08F09EFC26
:10ACE00000B1FFDFDFF8AC800498012780B1C4F821
:10ACF0000873E87818B1EE70002008F0B8FB287AE5
:10AD0000022805D1032028720221C8F8001027610B
:10AD1000039808B1C4F80461029850B1C4F80C61FA
:10AD2000287A032800D0FFDFC8F800602F72FFF7F1
:10AD300058FE019838B1C4F81061287A012801D171
:10AD400000F05CF86761009838B12E70287A01280D
:10AD500001D1FFF772FEFFF744FE0D48C01D08F059
:10AD600073FC1049091DC1F800B005B0BDE8F08FB3
:10AD7000074810B5C01D08F051FC0549B0B10120CD
:10AD800008704FF0E021C1F80002BDE81040FFE577
:10AD900040000020340C00400C0400401805004026
:10ADA00010ED00E01005024001000001087A0128C2
:10ADB00001D1FFF742FEBDE81040244808F044BC32
:10ADC00070B5224CE41FA07808B908F075FB01208B
:10ADD0008507A861207A0026032809D1D5F80C013F
:10ADE00020B9002008F092FB0028F7D1C5F80C61CB
:10ADF00026724FF0FF30C5F8080370BD70B5134CD4
:10AE0000E41F6079F0B1012803D0A179401E81428E
:10AE100018DA08F05EFB054608F064FD6179012947
:10AE200002D9A179491CA1710DB1216900E0E16845
:10AE3000411A022902DA11F1020F06DC0DB120617C
:10AE400000E0E060BDE87040F7E570BD470000201D
:10AE5000374901200860704770B50D2000F049F8AF
:10AE6000344C0020C4F800010125C4F804530D201F
:10AE700000F050F825604FF0E0216014C1F80001A7
:10AE800070BD10B50D2000F034F82A480121416052
:10AE90000021C0F80011BDE810400D2000F03AB8C4
:10AEA000254810B504682449244808310860214920
:10AEB000D1F80001012804D0FFDF1F48001D046005
:10AEC00010BD1B48001D00680022C0B2C1F800215F
:10AED00008F05FFCF1E710B5164800BFD0F800118C
:10AEE0000029FBD0FFF7DCFFBDE810400D2000F08B
:10AEF00011B800280DDB00F01F020121914040092C
:10AF0000800000F1E020C0F88011BFF34F8FBFF345
:10AF10006F8F7047002809DB00F01F02012191406C
:10AF20004009800000F1E020C0F880127047000066
:10AF300004D5004000D0004010050240010000018F
:10AF40004FF0E0214FF00070C1F8800101F5C071B1
:10AF5000BFF34F8FBFF36F8FC1F80001394B8022D1
:10AF600083F8002441F8800C704700B502460420A5
:10AF7000354903E001EBC0031B792BB1401EC0B281
:10AF8000F8D2FFDFFF2000BD41F8302001EBC00107
:10AF900000224A718A7101220A7100BD2A4A0021E9
:10AFA00002EBC0000171704710B50446042800D3BD
:10AFB000FFDF254800EBC4042079012800D0FFDF23
:10AFC0006079A179401CC0B2814200D060714FF01D
:10AFD000E0214FF00070C1F8000210BD70B50425EB
:10AFE000194E1A4C16E0217806EBC1000279012AAD
:10AFF00008D1427983799A4204D04279827156F815
:10B00000310080472078401CC0B22070042801D352
:10B01000002020706D1EEDB2E5D270BD0C4810B559
:10B0200004680B490B4808310860064890F8000492
:10B030004009042800D0FFDFFFF7D0FF0448001DBF
:10B04000046010BD19E000E07805002054000020E5
:10B0500010050240010000010F4A12680D498A42A2
:10B060000CD118470C4A12680A4B9A4206D101B516
:10B0700008F00AFC08F0DDFEBDE801400749096858
:10B080000958084706480749054A064B704700001B
:10B0900000000000BEBAFECA5800002004000020D4
:10B0A000B00F0020B00F002070B50C46054600F030
:10B0B00045FB21462846BDE8704001F026BC000053
:10B0C000F8B51D46DDE906470E000AD005F03BF94C
:10B0D0002346FF1DBCB231462A46009404F059FDB8
:10B0E000F8BDD0192246194602F023F92046F8BDD2
:10B0F00070B50D4604461022002102F044F9258166
:10B1000017206081A07B40F00A00A07370BD4FF64D
:10B11000FF720A800146022008F000BE70470089D5
:10B120007047827BD30701D1920703D480890880BE
:10B130000020704705207047827B920700D58181EF
:10B14000704701460020098841F6FE52114200D0A6
:10B150000120704700B50346807BC00701D0052061
:10B1600000BD59811846FFF7ECFFC00703D0987B5C
:10B1700040F004009873987B40F001009873002021
:10B1800000BD827B520700D509B140897047172066
:10B190007047827B61F3C302827370472DE9FC5FC5
:10B1A0000E46044601789646012000FA01F14DF65C
:10B1B000FF5201EA020962684FF6FF7B1188594588
:10B1C00002D10920BDE8FC9FB9F1000F05D041F67E
:10B1D000FE55294201D00120F4E741EA090111801E
:10B1E0001D0014D000232B7094F800C00521032209
:10B1F0001F464FF0020ABCF10E0F76D2DFE80CF0CA
:10B20000F909252F47646B77479193B4D1D804206F
:10B21000D8E7616820898B7B9B0767D517284AD3BD
:10B220000B89834247D38989172901D3814242D1AF
:10B2300085F800A0A5F80100328061688881606807
:10B24000817B21F002018173C6E0042028702089EF
:10B25000A5F801006089A5F803003180BCE0208AD0
:10B260003188C01D1FFA80F8414524D3062028707C
:10B270002089A5F801006089A5F80300A089A5F838
:10B2800005000721208ACDE90001636941E00CF047
:10B29000FF00082810D0082028702089A5F8010098
:10B2A0006089A5F8030031806A1D694604F10C002D
:10B2B00006F0BBFC10B15EE01020EDE730889DF891
:10B2C00000100844308087E00A2028702089A5F803
:10B2D0000100328044E00C2028702089A5F801008C
:10B2E0006089A5F8030031803AE082E064E02189BA
:10B2F000338800EB41021FFA82F843453BD3B8F193
:10B30000050F38D30E222A700BEA4101CDE9001057
:10B31000E36860882A467146FFF7D2FEA6F80080EF
:10B320005AE04020287060893188C01C1FFA80F8DC
:10B33000414520D32878714620F03F001230287014
:10B340002089A5F801006089CDE9000260882A46BD
:10B35000E368FFF7B5FEA6F80080287840063BD4E6
:10B3600061682089888037E0A0893288401D1FFAF3
:10B3700080F8424501D204273DE01620287020893C
:10B38000A5F801006089A5F80300A089CDE90001B6
:10B3900060882A4671462369FFF792FEA6F800806E
:10B3A000DEE718202870207A6870A6F800A013E065
:10B3B00061680A88920401D405271CE0C9882289A3
:10B3C000914201D0062716E01E2129703080606866
:10B3D000018821F400510180B9F1000F0BD0618880
:10B3E00078230022022008F0EFFB61682078887043
:10B3F00006E0338003276068018821EA09010180A3
:10B400003846DFE62DE9FF4F85B01746129C0D0048
:10B410001E461CD03078C10703D000F03F00192829
:10B4200001D9012100E000212046FFF7AAFEA84231
:10B430000DD32088A0F57F41FF3908D03078410630
:10B4400001D4000605D5082009B0BDE8F08F07201B
:10B45000FAE700208DF800008DF8010030786B1EAF
:10B4600000F03F0C0121A81E4FF0050A4FF0020921
:10B470004FF0030B9AB2BCF1200F75D2DFE80CF04D
:10B480008B10745E7468748C749C74B574BA74C8D0
:10B4900074D474E1747474F174EF74EE74ED748B9D
:10B4A000052D78D18DF80090A0788DF80400708873
:10B4B000ADF8060030798DF80100707800F03F009B
:10B4C0000C2829D00ADCA0F10200092863D2DFE8A9
:10B4D00000F0126215621A621D622000122824D048
:10B4E00004DC0E281BD01028DBD11BE016281FD04F
:10B4F0001828D6D11FE02078800701E02078400787
:10B50000002848DAEEE020780007F9E72078C00646
:10B51000F6E720788006F3E720784006F0E7207809
:10B520000006EDE72088C005EAE720884005E7E748
:10B5300020880005E4E72088C004E1E72078800740
:10B5400029D5032D27D18DF800B0B6F8010081E090
:10B55000217849071FD5062D1DD381B270780128A7
:10B5600003D0022817D102E0C9E0022000E0102039
:10B5700004228DF8002072788DF80420801CB1FB25
:10B58000F0F2ADF8062092B242438A4203D103970B
:10B59000ADF80890A6E079E02078000776D598B25B
:10B5A00082088DF800A0ADF80420B0EB820F6DD1B9
:10B5B0000297ADF8061095E02178C90666D5022DF0
:10B5C00064D381B206208DF80000707802285DD324
:10B5D000B1FBF0F28DF80400ADF8062092B24243C0
:10B5E0008A4253D1ADF808907BE0207880064DD593
:10B5F000072003E0207840067FD508208DF8000062
:10B60000A088ADF80400ADF80620ADF8081068E099
:10B610002078000671D50920ADF804208DF80000CF
:10B62000ADF8061002975DE02188C90565D5022DA9
:10B6300063D381B20A208DF80000707804285CD3AF
:10B64000C6E72088400558D5012D56D10B208DF82E
:10B650000000A088ADF8040044E021E026E016E0F8
:10B66000FFE72088000548D5052D46D30C208DF82E
:10B670000000A088ADF80400B6F803006D1FADF817
:10B680000850ADF80600ADF80AA02AE035E02088A1
:10B69000C00432D5012D30D10D208DF8000021E0FD
:10B6A0002088800429D4B6F80100E080A07B000740
:10B6B00023D5032D21D3307800F03F001B2818D06C
:10B6C0000F208DF80000208840F40050A4F80000FE
:10B6D000B6F80100ADF80400ED1EADF80650ADF867
:10B6E00008B0039769460598F9F7B8FA050008D03D
:10B6F00016E00E208DF80000EAE7072510E0082587
:10B700000EE0307800F03F001B2809D01D2807D03C
:10B710000220059908F002FB208800F400502080E8
:10B72000A07B400708D52046FFF70BFDC00703D1DB
:10B73000A07B20F00400A073284685E61FB50228F0
:10B7400006D101208DF8000088B26946F9F786FA23
:10B750001FBD0000F8B51D46DDE906470E000AD002
:10B7600004F0F1FD2346FF1DBCB231462A46009489
:10B7700004F00FFAF8BDD0192246194601F0D9FDA0
:10B780002046F8BD2DE9FF4F8DB09B46DDE91B57E4
:10B79000DDF87CA00C46082B05D0E06901F0FEF82E
:10B7A00050B11020D2E02888092140F010002880F4
:10B7B0008AF80010022617E0E16901208871E26929
:10B7C0004FF420519180E1698872E06942F60101ED
:10B7D0000181E069002181732888112140F0200057
:10B7E00028808AF80010042638780A900A203870D9
:10B7F0004FF0020904F118004D460C9001F0C6FB11
:10B80000B04681E0BBF1100F0ED1022D0CD0A9EB98
:10B810000800801C80B20221CDE9001005AB524621
:10B820001E990D98FFF796FFBDF816101A988142E1
:10B8300003D9F74800790F9004E003D10A9808B1C2
:10B8400038702FE04FF00201CDE900190DF1160319
:10B8500052461E990D98FFF77DFF1D980088401BEA
:10B86000801B83B2C6F1FF00984200D203461E99A6
:10B870000BA8D9B15FF00002DDF878C0CDE9032054
:10B8800009EB060189B2CDE901C10F980090BDF81E
:10B89000161000220D9801F00EFC387070B1C0B285
:10B8A000832807D0BDF8160020833AE00AEB09018F
:10B8B0008A19E1E7022011B0BDE8F08FBDF82C0035
:10B8C000811901F0FF08022D0DD09AF801204245A0
:10B8D00006D1BDF82010814207D0B8F1FF0F04D087
:10B8E0009AF801801FE08AF80180C9480068017851
:10B8F000052902D1BDF81610818009EB08001FFA56
:10B9000080F905EB080085B2DDE90C1005AB0F9A54
:10B9100001F03FFB28B91D980088411B4145BFF647
:10B9200071AF022D13D0BBF1100F0CD1A9EB0800A1
:10B93000801C81B20220CDE9000105AB52461E9960
:10B940000D98FFF707FF1D98058000203870002034
:10B95000B1E72DE9F8439C46089E13460027B26BD9
:10B960009AB3491F8CB2F18FA1F57F45FF3D05D0F9
:10B970005518AD882944891D8DB200E0002529198C
:10B98000B6F83C800831414520D82A44BCF8011063
:10B9900022F8021BBCF8031022F8021B984622F87A
:10B9A000024B914604F0BDFC4FF00C0C41464A4658
:10B9B0002346CDF800C004F0B8F8F587B16B00203D
:10B9C0002944A41D2144088003E001E0092700E088
:10B9D00083273846BDE8F88310B50B88848F9C42D6
:10B9E0000CD9846BE018048844B1848824F40044A2
:10B9F000A41D23440B801060002010BD0A2010BD40
:10BA00002DE9F0478AB00025904689468246ADF878
:10BA1000185007274BE0059806888088000446D414
:10BA2000A8F8006007A8019500970295CDE903509A
:10BA30004FF4007300223146504601F03CFB0400F5
:10BA40003CD1BDF81800ADF8200005980488818825
:10BA5000B44216D10A0414D401950295039521F439
:10BA600000410097049541F48043428821465046A6
:10BA700001F0BFF804000BD10598818841F4004122
:10BA8000818005AA08A94846FFF7A6FF0400DCD07C
:10BA90000097059802950195039504950188BDF8D6
:10BAA0001C300022504601F0A4F80A2C06D105AA49
:10BAB00006A94846FFF790FF0400ACD0ADF8185037
:10BAC00004E00598818821F40041818005AA06A937
:10BAD0004846FFF781FF0028F3D00A2C03D0204608
:10BAE0000AB0BDE8F0870020FAE710B50C46896B74
:10BAF00086B051B10C218DF80010A18FADF808105F
:10BB0000A16B01916946FAF75BF800204FF6FF71CF
:10BB1000A063E187A08706B010BD2DE9F0410D4676
:10BB20000746896B0020069E1446002911D0012B80
:10BB30000FD1324629463846FFF762FF002808D168
:10BB4000002C06D0324629463846BDE8F04100F0C8
:10BB500034BFBDE8F0812DE9FC411446DDE9087CE5
:10BB60000E46DDE90A15521DBCF800E092B296457A
:10BB700002D20720BDE8FC81ACF8002017222A7011
:10BB8000A5F80160A5F803300522CDE900423B4647
:10BB90002A46FFF7DFFD0020ECE770B50C4615469E
:10BBA00048220021204601F0EEFB04F1080044F891
:10BBB0001C0F00204FF6FF71E06161842084A58492
:10BBC0001720E08494F82A0040F00A0084F82A0044
:10BBD00070BD4FF6FF720A800146032008F09EB840
:10BBE00030B585B00C460546FFF77FFFA18E28468D
:10BBF00029B101218DF800106946F9F7E1FF002015
:10BC0000E0622063606305B030BDB0F8400070476B
:10BC10005C00002090F84620920703D440880880FA
:10BC20000020F4E70620F2E790F846209207EED5D0
:10BC3000A0F84410EBE70146002009880A0700D568
:10BC4000012011F0F00F01D040F00200CA0501D52B
:10BC500040F004008A0501D540F008004A0501D5EE
:10BC600040F010000905D2D540F02000CFE700B524
:10BC7000034690F84600C00701D0062000BDA3F897
:10BC800042101846FFF7D7FF10F03E0F05D093F88B
:10BC9000460040F0040083F8460013F8460F40F0D9
:10BCA00001001870002000BD90F84620520700D512
:10BCB00011B1B0F84200AAE71720A8E710F8462F04
:10BCC00061F3C3020270A2E72DE9FF4F9BB00E00A3
:10BCD000DDE92B34DDE92978289D24D02878C107B7
:10BCE00003D000F03F00192801D9012100E0002114
:10BCF0002046FFF7D9FFB04215D32878410600F05F
:10BD00003F010CD41E290CD0218811F47F6F0AD179
:10BD10003A8842B1A1F57F42FF3A04D001E01229EE
:10BD200001D1000602D504201FB0C5E5FA491D98CF
:10BD30004FF0000A08718DF818A08DF83CA00FAAEA
:10BD40000A60ADF81CA0ADF850A02978994601F022
:10BD50003F02701F5B1C04F1180C4FF0060E4FF0F1
:10BD6000040BCDF858C01F2A7ED2DFE802F07D7D9B
:10BD7000107D267DAC7DF47DF37DF27DF17DF47D3B
:10BD8000F07D7D7DEF7DEE7D7D7D7D7DED0094F808
:10BD90004610B5F80100890701D5032E02D08DF8B1
:10BDA00018B01EE34FF40061ADF85010608003211D
:10BDB0008DF83C10ADF84000D4E2052EEFD1B5F877
:10BDC00001002083ADF81C00B5F80310618308B1B1
:10BDD000884201D9012079E10020A07220814FF62C
:10BDE000FF702084169801F0D1F8052089F8000032
:10BDF0000220029083460AAB1D9A16991B9801F007
:10BE0000C8F890BB9DF82E00012804D0022089F8C4
:10BE10000100102003E0012089F8010002200590B4
:10BE2000002203A90BA805F000FFE8BB9DF80C0059
:10BE3000059981423DD13988801CA1EB0B018142DB
:10BE400037DB02990220CDE900010DF12A034A46B1
:10BE500041461B98FFF77EFC02980BF1020B801CF9
:10BE600081B217AA029101E09CE228E003A90BA885
:10BE700005F0DBFE02999DF80C00CDE9000117AB3F
:10BE80004A4641461B98FFF765FC9DF80C000AAB3B
:10BE90000BEB00011FFA81FB02991D9A084480B246
:10BEA000029016991B9800E003E001F072F8002858
:10BEB000B6D0BBF1020F02D0A7F800B04FE20A20C3
:10BEC0008DF818004BE200210391072EFFF467AFB5
:10BED000B5F801002083ADF81C00B5F8032062839B
:10BEE00000283FF477AF90423FF674AF0120A07274
:10BEF000B5F8050020810020A073E06900F04EFD38
:10BF000078B9E16901208871E2694FF4205191808C
:10BF1000E1698872E16942F601000881E069002167
:10BF20008173F01F20841E98606207206084169839
:10BF300001F02CF8072089F80000012004900290FD
:10BF40000020ADF82A0028E019E29FE135E1E5E0A4
:10BF500012E2A8E080E043E00298012814D0E069F2
:10BF60008079012803D1BDF82800ADF80E000498AF
:10BF700003ABCDE900B04A4641461B98FFF7EAFB08
:10BF80000498001D80B20490BDF82A00ADF80C00A2
:10BF9000ADF80E00059880B202900AAB1D9A169972
:10BFA0001B9800F0F6FF28B902983988001D05900B
:10BFB0008142D1D20298012881D0E069807901289C
:10BFC00003D1BDF82800ADF80E00049803ABCDE90D
:10BFD00000B04A4641461B98FFF7BCFB0298BDE102
:10BFE000072E02D0152E7FF4DAAEB5F801102183AA
:10BFF000ADF81C10B5F80320628300293FF4EAAEC7
:10C0000091423FF6E7AE0121A1724FF0000BA4F878
:10C0100008B084F80EB0052E07D0C0B2691DE269E1
:10C0200005F0E4FD00287FF44AAF4FF6FF7020844E
:10C0300001A906AA14A8CDF800B081E885032878E4
:10C04000214600F03F031D9A1B98FFF79BFB824699
:10C05000208BADF81C0082E10120032EC3D14021CA
:10C06000ADF85010B5F801102183ADF81C100AAAE4
:10C07000B8F1000F00D00023CDE9020304921D980F
:10C08000CDF80480009038880022401E83B21B98AF
:10C0900001F011F88DF8180090BB0B2089F8000012
:10C0A000BDF8280035E04FF0010C052E9BD1802013
:10C0B000ADF85000B5F801102183B5F803002084D5
:10C0C000ADF81C10B0F5007F03D907208DF81800DB
:10C0D00087E140F47C4222840CA8B8F1000F00D024
:10C0E0000023CDE90330CDE9018C1D9800903888FC
:10C0F000401E83B21B9800F0DEFF8DF8180018B1C7
:10C100008328A8D10220BFE00D2189F80010BDF8D6
:10C110003000401C22E100005C000020032E04D20D
:10C1200048067FF53CAE002018E1B5F80110ADF8E7
:10C130001C102878400602D58DF83CE002E007206C
:10C140008DF83C004FF000080320CDE902081E9B4B
:10C15000CDF810801D980193A6F1030B00901FFAF3
:10C160008BF342461B9800F044FD8DF818008DF8C3
:10C170003C80297849060DD52088C00506D5208B3E
:10C18000BDF81C10884201D1C4F8248040468DF8C7
:10C190001880E3E0832801D14FF0020A4FF4807049
:10C1A000ADF85000BDF81C002083A4F820B01E9804
:10C1B0006062032060841321CDE0052EFFF4EFAD13
:10C1C000B5F80110ADF81C10A28F6AB3A2F57F4339
:10C1D000FE3B29D008228DF83C2000BF4FF0000B19
:10C1E0000523CDE9023BDDF878C0CDF810B01D9AEB
:10C1F00080B2CDF804C040F400430092B5F80320AB
:10C200001B9800F0F6FC8DF83CB04FF400718DF8EF
:10C210001800ADF85010832810D0F8B1A18FA1F507
:10C220007F40FE3807D0DCE00B228DF83C204FF633
:10C23000FE72A287D2E7A4F83CB0D2E000942B466D
:10C2400031461E9A1B98FFF784FB8DF8180008B141
:10C2500083284BD1BDF81C00208353E700942B4664
:10C2600031461E9A1B98FFF774FB8DF81800E8BB47
:10C27000E18FA06B0844831D8DE888034388828882
:10C2800001881B98FFF767FC824668E095F80180FB
:10C29000022E70D15FEA080002D0B8F1010F6AD116
:10C2A00009208DF83C0007A800908DF84080434697
:10C2B000002221461B98FFF730FC8DF842004FF01A
:10C2C000000B8DF843B050B9B8F1010F12D0B8F19E
:10C2D000000F04D1A18FA1F57F40FF380AD0A08FB5
:10C2E00040B18DF83CB04FF4806000E037E0ADF82D
:10C2F00050000DE00FA91B98F9F762FC82468DF8FB
:10C300003CB04FF48060ADF85000BAF1020F06D097
:10C31000FC480068C07928B18DF8180027E0A4F81F
:10C32000188044E0BAF1000F03D081208DF8180086
:10C330003DE007A800904346012221461B98FFF7E5
:10C34000ECFB8DF8180021461B98FFF7CEFB9DF8FB
:10C35000180020B9192189F80010012038809DF8B3
:10C360003C0020B10FA91B98F9F72AFC8246BAF1CC
:10C37000000F33D01BE018E08DF818E031E0207892
:10C38000000712D5012E10D10A208DF83C00E0885C
:10C39000ADF8400003201B9907F0C0FC0820ADF861
:10C3A0005000C0E648067FF5FAAC4FF0040A20883A
:10C3B000BDF8501008432080BDF8500080050BD513
:10C3C000A18FA1F57F40FE3806D11E98E062289823
:10C3D0002063A6864FF0030A5046A5E49DF8180096
:10C3E00078B1012089F80000297889F80110BDF89A
:10C3F0001C10A9F802109DF8181089F804100520E7
:10C4000038802088BDF8501088432080E4E72DE96B
:10C41000FF4F8846087895B0012181404FF209000E
:10C42000249C0140ADF820102088DDF88890A0F50C
:10C430007F424FF0000AFF3A06D039B1000705D518
:10C44000012019B0BDE8F08F0820FAE7239E4FF0D5
:10C45000000B0EA886F800B018995D460988ADF863
:10C460003410A8498DF81CB0179A0A718DF838B0AD
:10C47000086098F8000001283BD0022809D0032862
:10C480006FD1307820F03F001D303070B8F80400D4
:10C49000E08098F800100320022904D1317821F0BF
:10C4A0003F011B31317094F84610090759D505AB8F
:10C4B000B9F1000F13D0002102AA82E80B00072077
:10C4C000CDE90009BDF83400B8F80410C01E83B2ED
:10C4D0000022159800F0EFFD0028D1D101E0F11CF9
:10C4E000EAE7B8F80400A6F80100BDF81400C01C83
:10C4F00004E198F805108DF81C1098F80400012844
:10C5000006D04FF4007A02282CD00328B8D16CE171
:10C510002188B8F8080011F40061ADF8201020D08F
:10C5200017281CD3B4F84010814218D3B4F8441033
:10C53000172901D3814212D1317821F03F01C91C62
:10C540003170A6F801000321ADF83410A4F84400BE
:10C5500094F8460020F0020084F8460065E10525C5
:10C560007EE177E1208808F1080700F4FE60ADF86D
:10C57000200010F0F00F1BD010F0C00F03D038884F
:10C58000228B9042EBD199B9B878C00710D0B96826
:10C590000720CDE902B1CDF804B00090CDF810B07D
:10C5A000FB88BA883988159800F023FB0028D6D17B
:10C5B0002398BDF82010401C80294ED006DC10299D
:10C5C0000DD020290BD0402987D124E0B1F5807F00
:10C5D0006ED051457ED0B1F5806F97D1DEE0C806B0
:10C5E00001D5082000E0102082460DA907AA0520E9
:10C5F000CDE902218DF83800ADF83CB0CDE90496C4
:10C6000008A93888CDE9000153460722214615982C
:10C61000FFF7B8F8A8E09DF81C2001214FF00A0AA6
:10C62000002A9BD105ABB9F1000F00D00020CDE965
:10C6300002100720CDE90009BDF834000493401E24
:10C6400083B2218B0022159800F035FD8DF81C0077
:10C650000B203070BDF8140020E09DF81C20012153
:10C660004FF00C0A002A22D113ABB9F1000F00D011
:10C670000020CDE902100720CDE900090493BDF8A0
:10C680003400228C401E83B2218B159800F013FDDC
:10C690008DF81C000D203070BDF84C00401CADF82A
:10C6A000340005208DF83800208BADF83C00BCE04C
:10C6B0003888218B88427FF452AF9DF81C004FF0E0
:10C6C000120A00281CD1606AA8B1B878C0073FF4EC
:10C6D00046AF00E018E0BA680720CDE902B2CDF815
:10C6E00004B00090CDF810B0FB88BA88159800F01F
:10C6F00080FA8DF81C00132030700120ADF8340052
:10C7000093E000005C0000203988208B8142D2D168
:10C710009DF81C004FF0160A0028A06B08D0E0B36B
:10C720004FF6FF7000215F46ADF808B0019027E09A
:10C7300068B1B978C907BED1E18F0DAB0844821D3D
:10C7400003968DE80C0243888288018809E0B87856
:10C75000C007BCD0BA680DAB03968DE80C02BB884D
:10C76000FA881598FFF7F7F905005ED0072D72D00B
:10C7700076E0019005AA02A92046FFF72DF90146AF
:10C78000E28FBDF80800824201D00029F1D0E08F8D
:10C79000A16B084407800198E08746E09DF81C00E3
:10C7A0004FF0180A40B1208BC8B138882083214649
:10C7B0001598FFF79AF938E004F118000090237EED
:10C7C000012221461598FFF7A8F98DF81C000028D2
:10C7D000EDD1192030700120ADF83400E7E70525D0
:10C7E00021461598FFF781F93AE0208800F400709F
:10C7F000ADF8200050452DD1A08FA0F57F41FE3926
:10C8000001D006252CE0D8F808004FF0160A48B1F0
:10C81000A063B8F80C10A1874FF6FF71E187A0F86C
:10C8200000B002E04FF6FF70A087BDF8200030F4A2
:10C830007F611AD0782300220320159907F0C4F9EC
:10C8400098F8000020712088BDF82010084320804F
:10C850000EE000E007252088BDF8201088432080E6
:10C86000208810F47F6F1CD03AE02188814321801A
:10C870009DF8380020B10EA91598F9F7A1F90546E1
:10C880009DF81C000028EBD086F801A00120307034
:10C89000208B70809DF81C0030710520ADF83400AD
:10C8A000DEE7A18EE1B118980DAB0088ADF8340039
:10C8B0002398CDE90304CDE90139206B0090E36AA8
:10C8C000179A1598FFF700FA054601208DF83800F1
:10C8D0000EA91598F9F774F900B10546A4F834B01B
:10C8E00094F8460040070AD52046FFF7A4F910F057
:10C8F0003E0F04D114F8460F20F004002070189861
:10C90000BDF83410018028469BE500B585B00328AA
:10C9100006D102208DF8000088B26946F9F750F977
:10C9200005B000BD10B5384C0B782268012B02D041
:10C93000022B2AD111E013780BB1052B01D104236E
:10C94000137023688A889A802268CB88D3802268F3
:10C950000B891381498951810DE08B88938022686E
:10C96000CB88D38022680B8913814B8953818B89B3
:10C970009381096911612168F9F722F92268002180
:10C980000228117003D0002800D0812010BD832020
:10C9900010BD806B002800D00120704781780129EC
:10C9A00009D10088B0F5205F03D042F6010188422A
:10C9B00001D10020704707207047F0B587B00024F0
:10C9C00015460E460746ADF8184011E00598008858
:10C9D000288005980194811DCDE902410721049426
:10C9E0000091838842880188384600F002F930B906
:10C9F00005AA06A93046FEF7EFFF0028E6D00A2870
:10CA000000D1002007B0F0BD5C00002010B58B788D
:10CA100083B102789A4205D10B885BB102E08B7931
:10CA2000091D4BB18B789A42F9D1B0F801300C88CE
:10CA3000A342F4D1002010BD812010BD072826D0CC
:10CA400012B1012A27D103E0497801F0070102E081
:10CA50004978C1F3C20105291DD2DFE801F00318AE
:10CA6000080C12000AB10320704702207047042806
:10CA70000DD250B10DE0052809D2801E022808D33E
:10CA800003E0062803D0032803D0052070470020C8
:10CA900070470F20704781207047C0B282060BD4C8
:10CAA000000607D5FA48807A4143C01D01EBD0004B
:10CAB00080B27047084670470020704770B51388F1
:10CAC0000B800B781C0625D5F14CA47A844204D83F
:10CAD00043F010000870002070BD956800F0070654
:10CAE00005EBD0052D78F54065F304130B70137832
:10CAF000D17803F0030341EA032140F20123B1FBA3
:10CB0000F3F503FB15119268E41D00FB012000EB17
:10CB1000D40070BD906870BD37B51446BDF80410E0
:10CB20001180117841F0040111709DF804100A067B
:10CB30001ED5D74AA368C1F30011927A824208D861
:10CB4000FE2811D1D21DD2084942184600F01BFC24
:10CB50000AE003EBD00200F00703012510789D40A6
:10CB6000A843994008431070207820F010002070EE
:10CB70003EBD2DE9F0410746C81C0E4620F00300DB
:10CB8000B04202D08620BDE8F081C14D002034467D
:10CB90002E60AF802881AA72E8801AE0E988491CDB
:10CBA000E980810614D4E17800F0030041EA002016
:10CBB00040F20121B0FBF1F201FB12012068FFF706
:10CBC0006CFF2989084480B22881381A3044A0605B
:10CBD0000C3420784107E1D40020D4E7AC4801228E
:10CBE0000189C08800EB400002EB8000084480B25D
:10CBF00070472DE9FF4F89B01646DDE9168A0F46CA
:10CC0000994623F44045084600F054FB040002D046
:10CC10002078400703D401200DB0BDE8F08F0998BB
:10CC200003F016FA02902078000606D59848817A1B
:10CC30000298814201D88720EEE7224601A9029896
:10CC4000FFF73CFF834600208DF80C004046B8F10A
:10CC5000070F1AD001222146FFF7F0FE0028DBD192
:10CC60002078400611D502208DF80C00ADF8107028
:10CC7000BDF80400ADF81200ADF814601898ADF8D6
:10CC80001650CDF81CA0ADF818005FEA094004D595
:10CC900000252E46A84601270CE02178E07801F017
:10CCA000030140EA012040F20121B0FBF1F280468D
:10CCB00001FB12875FEA494009D5B84507D1A17841
:10CCC000207901F0030140EA0120B04201D3BE42C5
:10CCD00001D90720A0E7A8191FFA80F9B94501D9A1
:10CCE0000D2099E79DF80C0028B103A90998F8F7E1
:10CCF00065FF002890D1B84507D1A0784FEA1921E7
:10CD000061F30100A07084F804901A9800B10580C6
:10CD1000199850EA0A0027D0199830B10BEB060099
:10CD20002A46199900F005FB0EE00BEB0608574662
:10CD3000189E099803F0F5FA2B46F61DB5B2394650
:10CD40004246009502F0F1FE224601A90298FFF743
:10CD5000B5FE9DF80400224620F010008DF8040076
:10CD6000DDE90110FFF7D8FE002055E72DE9FF4F60
:10CD7000DFF81C91824685B0B9F80610D9F800009A
:10CD800001EB410100EB810440F20120B2FBF0F124
:10CD9000174600FB1175DDE9138B4E4629460698B0
:10CDA000FFF77BFE0346FFF719FF1844B1880C30EC
:10CDB000884202D9842009B02FE70698C6B230060F
:10CDC00003D5B00601D50620F5E7B9F80620521CB8
:10CDD00092B2A9F80620BBF1000F01D0ABF80020F9
:10CDE000B00602D5C4F808800AE0B9F808201A4451
:10CDF00092B2A9F80820D9F80000891A0844A06066
:10CE00002246FE200699FFF787FEE77025712078FD
:10CE1000390A61F301002A0AA17840F0040062F3A4
:10CE20000101A17020709AF802006071BAF8000048
:10CE3000E08000252573300602D599F80A7000E0DD
:10CE40000127B00601D54FF000084E4600244FF0F0
:10CE500007090FE0CDE902580195CDF8009004953F
:10CE6000F1882046129B089AFFF7C3FE0028A2D142
:10CE7000641CE4B2BC42EDD300209CE700B5FFF790
:10CE8000ADFE03490C308A88904203D9842000BD4E
:10CE900098050020CA88086802EB420300EB830073
:10CEA000521C037823F004030370CA80002101732D
:10CEB0000846ECE72DE9F047804600F0FBF9070053
:10CEC00005D000264446F74D40F2012916E0012026
:10CED000BDE8F087204600F0EDF90278C17802F055
:10CEE000030241EA0222B2FBF9F309FB13210068B5
:10CEF000FFF7D3FD3044641C86B2A4B2E988601EFB
:10CF00008142E7DCA8F10100E8802889801B2881A4
:10CF100000203870DCE710B5144631B1491E21807D
:10CF200003F096F8A070002010BD012010BD70B570
:10CF30000446DC48C188036801E0401C208020884A
:10CF4000884207D200EB400213EB820202D0157830
:10CF50006D07F2D580B2884216D2AAB15079A0727C
:10CF6000D08820819178107901F0030140EA0120F6
:10CF7000A081A078E11CFFF7A1FD20612088401C62
:10CF80002080E080002070BD0A2070BD0121018258
:10CF900070472DE9FF4F85B04FF6FF798246A3F821
:10CFA000009048681E460D4680788DF80600486857
:10CFB0000088ADF8040000208DF80A00088A0C886B
:10CFC000A04200D304462C8251E03878400708D4B0
:10CFD000641C288AA4B2401C288208F10100C0B257
:10CFE00046E0288A401C2882781D6968FFF70EFDFC
:10CFF000D8BB3188494501D1601E30803188A1EB12
:10D00000080030806888A04238D3B878397900F0B9
:10D01000030041EA002801A9781DFFF7F7FC20BBB7
:10D02000298949452ED0002239460798FFF706FD89
:10D03000D8B92989414518D1E9680391B5F80AC0E2
:10D04000D7F808B05046CDF800C003F06AF9DDF813
:10D0500000C05A460CF1070C1FFA8CFC434603999A
:10D06000CDF800C002F02BFD60B1641CA4B200201A
:10D070008046204600F01EF90700A6D1641E2C82CF
:10D080000A2098E674807879B071F888B080397891
:10D09000F87801F0030140EA01207081A6F80C80C5
:10D0A000504602F0D5FF3A4606F10801FFF706FDAB
:10D0B000306100207FE62DE9FF4F87B081461C4696
:10D0C0009246DDF860B0DDF85480089800F0F2F880
:10D0D000050002D02878400702D401200BB09CE55F
:10D0E000484602F0B5FF2978090605D56D49897AC9
:10D0F000814201D88720F1E7CAF309062A4601A92F
:10D10000FFF7DCFC0746149807281CD000222946AC
:10D11000FFF794FC0028E1D12878400613D50120C0
:10D120008DF808000898ADF80C00BDF80400ADF8C3
:10D130000E00ADF81060ADF8124002A94846F8F7AD
:10D140003DFD0028CAD12978E87801F0030140EAC2
:10D150000121AA78287902F0030240EA022056450C
:10D1600007D0B1F5007F04D9611E814201DD0B209B
:10D17000B4E7864201D90720B0E7801B85B2A542FB
:10D1800000D92546BBF1000F01D0ABF8005017982D
:10D1900018B1B9192A4600F0CCF8B8F1000F0DD03B
:10D1A0003E4448464446169F03F0CDF82146FF1DF5
:10D1B000BCB232462B46009402F0EBFC00208DE717
:10D1C0002DE9F04107461D461646084600F072F864
:10D1D000040002D02078400701D40120D3E438466F
:10D1E00002F036FF2178090605D52E49897A814259
:10D1F00001D88720C7E422463146FFF75FFC65B1BE
:10D200002178E07801F0030140EA0120B0F5007FC9
:10D2100001D8012000E0002028700020B3E42DE9AF
:10D22000F04107461D461646084600F043F8040044
:10D2300002D02078400701D40120A4E4384602F04F
:10D2400007FF2178090605D51649897A814201D858
:10D25000872098E422463146FFF75EFCFF2D14D06C
:10D260002178E07801F0030240EA022040F2012236
:10D27000B0FBF2F302FB130015B900F2012080B2FB
:10D28000E070000A60F30101217000207BE410B51A
:10D290000C4600F00FF810B10178490704D40120C2
:10D2A00010BD000098050020C18821804079A07041
:10D2B0000020F5E70749CA88824209D340B10968CE
:10D2C00000EB40006FF00B0202EB80000844704757
:10D2D000002070479805002070B504460D46214691
:10D2E0002B460AB9002070BD01E0491C5B1C501E92
:10D2F000021E03D008781E78B042F6D008781E7857
:10D30000801BF0E730B50C4601462346051B9542CD
:10D3100006D202E0521E9D5C8D54002AFAD107E02D
:10D3200004E01D780D70491C5B1C521E002AF8D1C8
:10D3300030BDF0B50E460146334680EA030404F0E2
:10D340000304B4B906E002B9F0BD13F8017B01F89B
:10D35000017B521E01F00307002FF4D10C461D463D
:10D3600002E080CD80C4121F042AFAD221462B4647
:10D3700000BF04E013F8014B01F8014B521E002AD4
:10D38000F8D100BFE0E7F0B50C460146E6B204E094
:10D3900002B9F0BD01F8016B521E01F00307002F26
:10D3A000F6D10B46E5B245EA052545EA054501E01B
:10D3B00020C3121F042AFBD2194602E001F8016BB8
:10D3C000521E002AFAD100BFE3E710B506F0F7FEBF
:10D3D000FAF792F906F09CFDBDE8104006F02EBE6B
:10D3E000202801D2012070470020704701224FF011
:10D3F000A043824011B1C3F80C257047C3F808253B
:10D4000070474FF0A04101228240C1F818257047B3
:10D4100070B50346002002466FF02F050EE09C5CBD
:10D42000A4F130060A2E02D34FF0FF3070BD00EB9E
:10D43000800005EB4000521C2044D2B28A42EED359
:10D4400070BD30B50A230BE0B0FBF3F403FB14040A
:10D45000B0FBF3F08D183034521E05F8014CD2B2F7
:10D46000002AF1D130BD30B500234FF6FF7510E032
:10D47000040A44EA002084B2C85C6040C0F303148C
:10D48000604005EA00344440E0B25B1C84EA40108E
:10D490009BB29342ECD330BDF94A137882F88B30BB
:10D4A000A2F88C0082F88A10012082F8880092F895
:10D4B000640008B192F8600082F88E00704710B5E1
:10D4C0000B46114658B11846FFF7E6FFED48806855
:10D4D000008802F026FFBDE8104002F0CDBBBDE899
:10D4E00010404FF6FF70D7E770B50026044646702F
:10D4F000E44D1120207029682022A01C6831FFF71C
:10D5000018FF0121A171286800F8666F8078002853
:10D5100011D1DB48B0F86A20A0F89220AA68537BAA
:10D5200080F8943080F89010108802F0FAFEBDE880
:10D53000704002F0B0BB70BD70B5D24D296891F853
:10D5400096200024012A11D091F89020012A1CD0A5
:10D5500091F86620012A22D091F88820012A21D052
:10D5600091F8A020012A2ED0002070BD447017220F
:10D57000027051F8972FC0F802204A68C0F80620C0
:10D580000A7A827201F8014C1BE044700522027095
:10D59000D1F89220C0F8022081F8904011E0FFF706
:10D5A000A3FF0EE091F86620012AF8D044701422FF
:10D5B000027051F88A2FC0F802208A88C28001F8D0
:10D5C000024C012070BD44701A2200F8022B222266
:10D5D000A131FFF7AEFE286880F8A040F1E7A94826
:10D5E000006890F8661011B1B0F86A0070474FF605
:10D5F000FF70704770B5A34C206800B9FFDF20684A
:10D60000417811B10C25284670BD0025C422294659
:10D61000FFF7B9FE2168FF2008707F2081F83700EE
:10D6200013204884282081F86500012081F85C00DF
:10D63000002081F85F0007F0AFF906F091FCE2E707
:10D6400070B5904C0546206800B9FFDF21680020C6
:10D6500048706560FFF7CEFF002800D0FFDF70BD87
:10D66000884909680978814201D10120704700206A
:10D670007047844800B5016891F82400498CC0F3D4
:10D680008002C0F340031A4400F001001044132943
:10D6900015D004DC102909D0122904D10FE0152976
:10D6A00008D01D2904D0FFDF002000BD764903E02B
:10D6B000764800BD7449083131F8100000BD724948
:10D6C0000839F9E76F4840F271210068806A4843E1
:10D6D00070476C48006890F83600002800D00120A0
:10D6E000704710B5664C207B00F074FD40B1207D82
:10D6F00004F115010BF034FB082801D0012010BD06
:10D70000207B30B1022804D00120BDE8104007F092
:10D71000A6BC0020F9E75A490873704759490968BF
:10D7200081F83000704770B50646554890F82D00D6
:10D730000BF0A4FA050018D010210BF076FD00289C
:10D7400013D1504C012032462168C87628461C313E
:10D7500007F092FCD4E900101C310BF0BFFF6068A9
:10D76000BDE8704001210BF0C8BF70BD2DE9F0414C
:10D77000434C074694F82D000BF0FDFA064694F84A
:10D780002F0004F10E0528B126B194F82D000BF0FE
:10D7900018FAA0B194F83000002824D094F82E0094
:10D7A000002820D0607B294600F025FDA8B10BF0B1
:10D7B0008AFB3A462946BDE8F04107F05DBC0120EE
:10D7C00060733A462946304607F056FC94F82D100F
:10D7D0002846BDE8F0410BF065BB39462846BDE858
:10D7E000F04107F07EBCBDE8F08170B5254C2168A2
:10D7F000087BB0B1022814D0012048730E3107F025
:10D8000018FC2068007B00F0E5FC216881F82F00FF
:10D81000082081F82D00487B0E3100F0E3FC40B970
:10D8200001E00020E9E72168487B0E3100F0E3FCCD
:10D8300000B10120216881F82E0091F82F0018B95D
:10D8400091F82200400706D5087D15310BF088FAC3
:10D85000216881F82D0020680025456004F0ADFDA9
:10D86000216888600020FFF781FF2068C57690F866
:10D87000220040070CD5BDE87040002053E70000AF
:10D88000A405002064000020A0B101008F891300CE
:10D8900070BDFB4A1268137B0370D2F80E0008605B
:10D8A000508A8880704778B5F6490446F44D407B2D
:10D8B00008732A68207810706088ADF8000080B284
:10D8C00000F00101C0F3400341EA4301C0F38003CB
:10D8D00041EA8301C0F3C00341EAC301C0F300136E
:10D8E00041EA0311C0F3401341EA4311C0F3801031
:10D8F00041EA80105084E07D012825D0022825D0FF
:10D90000FFDF286880F85E60217B80F82410418C5E
:10D910001D291DD061688162617D80F83610A17B70
:10D92000C1B1022916D00121017554F80F1FC0F8AA
:10D930001510A188A0F81910217B012900D0002121
:10D9400080F83410002078BD0126DAE70226D8E7F7
:10D950000021E0E70021E7E7C948006890F82200CD
:10D96000C0F38000704700B5FFF7F6FF08B1002054
:10D9700000BD1F2000BD00B5FFF7F5FF002800D057
:10D98000012000BDBE49002209680A664B8C1D2B90
:10D9900002D081F86400704781F864207047B84A6B
:10D9A0000023126882F85D3042F84C1F90800120FD
:10D9B00050747047B24A0023126882F85C30A2F8B3
:10D9C000580042F8541F012010727047AC49096892
:10D9D00081F835007047AA49096881F85F007047EF
:10D9E000A748006890F95F007047A548006890F864
:10D9F000220000F001007047A148006890F8220062
:10DA0000C0F340007047002070479D48006890F8C0
:10DA10002200C0F3C000704701207047012070470A
:10DA20000120704770B500F0FAFB954C2068016E3C
:10DA3000491C016690F83300002530B106F0ACFFB8
:10DA400006F08EFA206880F833502068457090F810
:10DA5000381009B102201AE090F86410B1B1006EDC
:10DA6000814213D8022007F095FF206890F8220029
:10DA7000C00704D0A06843220188012003E04322AC
:10DA80004FF6FF710020BDE8704018E50020BDE8AA
:10DA9000704007F07FBF10B501280DD002280DD0CF
:10DAA00004280FD0FFDF7648006890F85E10BDE8CC
:10DAB0001040252006F0FEBB252000E0262006F0C1
:10DAC000D3FCF0E72720FAE702460020D30701D075
:10DAD000CB0705D0930705D58B0703D402207047E9
:10DAE000012070475207FCD54907FAD4042070473B
:10DAF0002DE9F041624C86B0206800B9FFDF206854
:10DB00004178E9BB0178FF2942D0002580F83150E7
:10DB1000A0F85A50857080F83850284606F09EFECE
:10DB2000182259496846FFF704FC684606F08AFE49
:10DB300006F0CCFB206890F95F0006F085FC5248A7
:10DB40001D3806F087FC5048203806F06CFE6068EF
:10DB500006F087FE2068002190F82400FFF7B4FF4C
:10DB6000FFF799FF206880F82C5006F071FE2068BE
:10DB700090F85E10002006F030FD0F21052000E037
:10DB800006E006F038FC206890F82E1051B902E04B
:10DB90000C2006B027E690F82F1019B990F8220053
:10DBA00040072BD504F009FC804620684146806878
:10DBB00005F004F9354F064690FBF7F007FB1060BF
:10DBC0004142404604F0CDF82168886096FBF7F0AA
:10DBD0004A68104448600BF0BFF821684A689042D8
:10DBE0000CD8C1E901580120FFF7C0FD206890F86A
:10DBF0002200400702D50120FFF795FD2068417BF8
:10DC00000E3006F0EAFB206890F85C1039B1B0F8ED
:10DC10005810A0F84810416D416480F85C5090F8AD
:10DC20005D1041B1B0F85010A0F84010C16C40F840
:10DC30003C1F80F821500BF0FCF8032160680BF0CA
:10DC40002FF9216881F833000020A2E70C49886091
:10DC500070472DE9F0410A4C0746002620683146FE
:10DC6000C57E6068068000F0D1FA2068408C1328D9
:10DC700040D00DDC102861D012280DD15CE00000EE
:10DC800064000020A4050020B0B1010040420F0054
:10DC9000152838D01D2836D0FFDF00BF00F0CAFAA3
:10DCA0002068418C1D2907D0152905D0B0F84820DF
:10DCB000416C60680BF028FD206890F82C1090F8FB
:10DCC0002400FFF701FF05463FB1FFF7E4FE012204
:10DCD0004FF49671002006F01EFD206890F82C107D
:10DCE000294380F82C1090F824208A434FF001013A
:10DCF00029D02DE0002160680BF0C4FC0121606890
:10DD000000F084FACAE7012160680BF0BBFC012136
:10DD1000606800F07BFAD4E9001025B11C310BF0EB
:10DD2000DDFC012104E015310BF0D8FC2068017DF9
:10DD300060680BF0E2FCB1E7062100E002216068B8
:10DD40000BF0A0FCAAE7428C1D2A0BD080F8311002
:10DD50004170418C13290ED007DC10290AD01229FA
:10DD600007D108E080F82C60F2E7152903D01D29BF
:10DD700001D0FFDF37E590F85E20BDE8F0410121DA
:10DD8000084606F05ABEF84810B50068417841B917
:10DD90000078FF2805D00021084600F059FA00203D
:10DDA00010BD00F03CFA0C2010BD2DE9F041EE4D05
:10DDB0000446174628680E4690F8660000B1FFDF5B
:10DDC0002968002F81F868704ED12088A1F86A0078
:10DDD0006088A1F88000A088A1F88200E088A1F8FE
:10DDE000840094F88C0181F8860091F82F0020B10E
:10DDF000487B0E3100F0FFF940B9296891F83000F6
:10DE000060B1487B0E3100F0EDF938B12868D0F8E8
:10DE10000E104167418AA0F8781003E02868476730
:10DE2000A0F878706968FF2E0878C0F380106076DB
:10DE3000D1F80300C4F81A00B1F80710E18314D038
:10DE4000296801F16E02C1F87A00E08BA1F87E002A
:10DE500030466D310AF099FF00B9FFDF286810F8ED
:10DE60006D1F41F002010170BDE42868C0F87A70AE
:10DE7000A0F87E70617E80F86D10D4F81A1040F81A
:10DE80006E1FE18B8180AEE470B5FFF7BEFDB64C2E
:10DE9000012538B13C22FF21A068FFF786FF2068EA
:10DEA00080F86650206890F82200C00704D0A0686F
:10DEB0003C220188012003E03C224FF6FF71002044
:10DEC000FFF7FDFA206880F8385070BDA649096850
:10DED00081F83200704770B5002507F0BAFC50B1E8
:10DEE000A14C20684178012908D0022901D00329DA
:10DEF00036D0FFDF70BDBDE8704093E58178002922
:10DF0000F8D1418C102913D090F8330020B106F0DD
:10DF100019F8402006F02DFD206890F822104907DE
:10DF200010D490F83610012904D0032902D002E061
:10DF3000002119E0102590F85E2045F00E01002028
:10DF400006F07BFD206890F8340008B106F054FD1F
:10DF50000021962006F0B1FC21680220487070BDB7
:10DF600081780029FBD18178BDE87040012000F064
:10DF70006FB957E510B57C4C206890F8340008B1B3
:10DF800000F07AF9206890F8330018B106F004FD2B
:10DF900005F0E6FF07F05DFC88B1206840780228B4
:10DFA00000D0FFDF0021012000F052F92068417805
:10DFB000002903D04078012800D0FFDF10BDBDE864
:10DFC00010402FE510B50AF0CBFE04460AF07DFFA5
:10DFD00038B120460AF052FE18B110210BF025F995
:10DFE00008B1002010BD012010BD2DE9F047DFF879
:10DFF00078910E460746032809D0FFF7F6FC044641
:10E00000D9F8000090F8320020B1012003E0FFF7BA
:10E01000F3FC04460020804606F018FA0546032F5C
:10E020002BD0012734EA080453D0D9F800004C461D
:10E0300090F8330068B10AF0E2FE30700146FF2824
:10E0400007D06068C01C0AF0B7FE30780AF0E1FE25
:10E05000054360680178C1F3801221680B7D9A4204
:10E0600005D10622C01C1531FFF736F938B1002062
:10E070003178FF290BD0D8B903E00227D2E701207D
:10E08000F6E7206890F82D00884211D008E038B1FA
:10E09000616811F8030BC0F38010FFF793FF38B1EC
:10E0A0000020216891F82210490703D5A0B910E09B
:10E0B0000120F6E785B92D4890F8360008B1B8423E
:10E0C00007D1616811F8030BC0F38010FFF77AFFE6
:10E0D00010B10020BDE8F0870120FBE7F8B5224C25
:10E0E0000746002520684078022800D0FFDF20681E
:10E0F00090F8340008B100F0BFF860680BF0E4FA63
:10E1000006460FB306F073F9F0B1052E1DD1606815
:10E1100090F8240000F01F00102816D9206890F80D
:10E12000350090B1FF208DF80000012569460520DB
:10E13000FFF75BFF40B1206880F8A05061682222A1
:10E14000A130C91CFFF7F5F815E060680BF0FCFA88
:10E1500088B1062E0FD2DFE806F00E0E0E030E0B6E
:10E1600000F0CDF806E0000064000020A4050020C7
:10E1700000F091F800B90125206890F8330018B13B
:10E1800006F00AFC05F0ECFE1DB10021012000F0B4
:10E190005FF820684178002906D04178012903D032
:10E1A0004078032800D0FFDFF8BD70B59F4E0546CC
:10E1B0000C463068807800280BD106F02FF8034613
:10E1C0003068214690F85E202846BDE8704007F090
:10E1D000C1BD70BD022803D0032801D000207047C4
:10E1E00001207047012802D14879800901D0002020
:10E1F000704701207047012806D148790121B1EB11
:10E20000901F01D101207047002070470278202321
:10E2100022F0200203EA41110A430270704710B550
:10E2200006F09AFB06F079FB06F0C8FABDE810404C
:10E2300006F0FFBA10B57D4C7D4960680BF048FAD6
:10E240007B480E38417B6068BDE810400BF04CBA4B
:10E25000764A10B5126892F831303BB1508C1D28C7
:10E2600000D1FFDFBDE81040FFF7DCBB002902D181
:10E27000BDE81040EDE410BD10B56C4C206837309F
:10E2800006F0C5FB18B921687F2081F83700BDE88A
:10E29000104006F0A7BB38B5FF208DF8000001251F
:10E2A00069460520FFF7A1FE30B3604C20688078F6
:10E2B00008BB6268A0681278417BC2F3401211402B
:10E2C0004173012100F04AF800229DF80010A06877
:10E2D000FFF76BFD2068012100F8661F82788188B6
:10E2E0000120FFF7ECF8216800204870FFF797FF46
:10E2F000012007F04FFB00E00025284638BD38B567
:10E30000FF208DF80000012569460320FFF76DFE10
:10E31000464C002820681CD090F8341031B190F899
:10E32000960018B99DF8000000F04CF860680021D4
:10E33000018004210BF0A6F9FFF77CFF2068B0F8FC
:10E340004020C16B60680BF0EFF921680320487032
:10E3500002E0807800B90025284638BD70B5334DFD
:10E360000446686850F80F2FC4F80E208288628235
:10E3700082792275C27962750289E282428962805D
:10E380008289A280C289E2800269A260027D227332
:10E39000427D02F01F022276407D400984F88C0104
:10E3A00084F8641084F86510002104F130000BF04B
:10E3B0002AFB286890F8651004F8661F90F85F0043
:10E3C000607070BD70B5194C0122216881F89620EB
:10E3D0000A7881F89720FF280DD001F19902983131
:10E3E0000AF0D3FC00B9FFDF206810F8981F41F055
:10E3F000020101700CE060680278C2F3801281F8BB
:10E400009820D0F8032041F8992FB0F807008880B1
:10E41000256895F837009F357F2800D1FFDF2068F9
:10E4200010F8371F29707F21017070BD6400002033
:10E43000B20500202DE9FC470C460646694600F06F
:10E4400010FF002860D1FFF7CAF8B0425CD0214627
:10E45000304608F0DEFF28BB019D95F82C01703591
:10E4600018B9287F08B1012000E00020814695F806
:10E4700039004FF000084FF0010AA0B195F83A00BA
:10E48000800710D584F8018084F800A084F8028009
:10E49000A68095F83B10A171A98F2181E98F618138
:10E4A00085F839802DE0304601F04DFF070000D19E
:10E4B000FFDF384601F06DF940B184F801800D218D
:10E4C0002170A680E08084F802A01AE0304601F0B6
:10E4D00028FF070000D1FFDFB9F1000F14D0384644
:10E4E00001F0AFF980B1304606F01EFD84F80180DE
:10E4F0000A21217084F80280A680697FA17185F8C5
:10E500001C800120BDE8FC870020FBE71CB56946A4
:10E5100000F0A7FE00B1FFDF684600F0AFFEF9494A
:10E5200000208968A1F8F2001CBD2DE9FC410446D9
:10E530000E46062001F06EFD00250746A84606445B
:10E5400017E02088401C80B22080B04202D34046B1
:10E55000A4F8008080B2B84204D3B04202D20020B6
:10E56000BDE8FC81694600F07CFE0028F8D06D1CF7
:10E57000EDB2AE42E5D84FF6FF7020801220EFE7F3
:10E5800010B506F043FD0AF026FBDF484FF6FF7199
:10E5900000234182818203701B2141804FF4A472C9
:10E5A0008280C180028103228275C2758272042436
:10E5B000C4728181C1810282837610BD70B5D14C55
:10E5C0000D466060217006F0ADFC00F063FEFFF7C1
:10E5D000D7FF207809F09EFD284607F04DFACA487B
:10E5E0002838FFF72DF82178606808F0F6FFBDE8BD
:10E5F00070400AF0F0BA10B501240AB1002010BD35
:10E6000021B1012903D00024204610BD02210BF0C6
:10E61000CBF8F9E7887800B90320C97801B903215C
:10E62000107019700020704730B587B0044600881C
:10E63000694600F016FE002806D1A08830B10128F6
:10E6400004D0022802D0122007B030BD05AB04AAC6
:10E6500021466846FFF7DEFF0400F5D1019901204D
:10E6600081F8C501019991F81012002539B9019975
:10E6700091F8C41119B9019991F8971009B13A2488
:10E6800015E00199039581F8C40101989DF81020C7
:10E6900080F8C621019B9DF8140083F8C7018DF80E
:10E6A0000C208DF80D0003AA01200AF0F4FE019859
:10E6B00080F8C5512046C7E710B504460020A17870
:10E6C00001B90120E2780AB940F0020000F0F6FD3D
:10E6D000002803D12046BDE81040A5E710BD70B565
:10E6E0000D4604460189002380880AF0C9FE696A44
:10E6F00081421DD2401A401CA1884008091A8AB2E2
:10E70000A2802189081A2081668895F86410104635
:10E710000AF08DFE864200D230466080E68895F889
:10E72000651020890AF083FE864200D23046E080E0
:10E7300070BDF0B585B00D46064603A900F091FD09
:10E7400000282AD104990022FB20B1F84E30FB2B7F
:10E7500000D30346B1F85040FB20FB2C00D3044605
:10E76000DFF8A8C19CE8811000900197CDF808C09F
:10E77000ADF80230ADF806406846FFF7B0FF6E8096
:10E78000BDF80400E880BDF808006881BDF802000B
:10E79000A880BDF806002881002005B0F0BD2DE955
:10E7A000F04186B004460088694600F05AFD002812
:10E7B00059D12189E08800F09BFD002853D1A18820
:10E7C000608800F095FD00284DD12189E08800F097
:10E7D00085FD002847D1A188608800F07FFD0600F4
:10E7E00041D1208802A9FFF7A4FF00B1FFDFBDF8E7
:10E7F000101062880920914235D3BDF80C10E288D0
:10E80000914230D3BDF81210BDF80E202389114477
:10E81000A2881A44914226D3019D01274FF0000897
:10E8200085F8BB71019890F8FC0105F5DD7508B11C
:10E830003A2615E0E08868806088E880218940F603
:10E840004800814200D30146A980A188814200D2BC
:10E8500008462881002228460199FFF740FF2F70C3
:10E8600085F80180304606B0BDE8F08197E710B525
:10E870000446FEF761FE002813D0207814280FD13B
:10E88000A07868B1A088062101F018FC40B100888A
:10E8900006F04AFBA088062101F022FC00B1FFDF50
:10E8A000012010BD2DE9F041060000D1FFDF164820
:10E8B000022114308046FFF738FE00B1FFDF124C12
:10E8C0000620A78A01F0A6FB0546A08AA84203D12C
:10E8D0003046FFF7CCFF20B9A08A3146FFF7AAFDEA
:10E8E00030B1304600F012FD0028EED10120BBE728
:10E8F00002214046FFF719FE10B9A08AB842E4D1C0
:10E900000020B1E77000002090060020C8B101008F
:10E9100010B500F083FC08B10C2010BD0AF096F988
:10E92000002010BD10B50446007818B1012801D0B0
:10E93000122010BD00F07DFC20B10AF0FDF908B1F5
:10E940000C2010BD207800F053FCE21D04F11703E9
:10E95000611CBDE810400AF09BB910B5044600F0F8
:10E960005DFC08B10C2010BD207818B1012801D041
:10E97000122010BD00F03CFC611C0AF041F908B106
:10E98000002010BD072010BD10B50AF0D9F908B15C
:10E99000002010BD302010BD10B5044600F049FC29
:10E9A00008B10C2010BD20460AF0C2F9002010BDAD
:10E9B00010B500F03EFC20B10AF0BEF908B10C2001
:10E9C00010BD0AF0A7F9002010BDFF2181704FF69D
:10E9D000FF718180F84949680A7882718A880281CA
:10E9E0004988418101214170002070471CB50024F5
:10E9F00012F1080F15D00CDC12F1280F11D012F112
:10EA0000140F0ED012F1100F0BD012F10C0F0CD10D
:10EA100007E012F1040F04D01AB1032A01D0042A2E
:10EA200003D1012804D0032806D0122420461CBD9F
:10EA30001046FEF7D0FFF9E708461446694600F095
:10EA400010FC08B10224F1E7019880F86740002427
:10EA5000ECE710B5134601220AF003FC002010BDBC
:10EA600010B5044600F0E5FB08B10C2010BD2146AE
:10EA7000002006F0CCFA002010BD10B5044607F0C7
:10EA800095F920B1207807F003F8002010BD0C2084
:10EA900010BD10B5044600F0CCFB08B10C2010BD31
:10EAA0002146012006F0B3FA002010BD38B5044617
:10EAB0004FF6FF70ADF80000A079E179884216D0DA
:10EAC0002079FEF78DFC90B16079FEF789FC70B17A
:10EAD0000022A07911460BF0DBFB40B90022E0795F
:10EAE00011460BF0D5FB10B9207A072801D9122066
:10EAF00038BD07F067F948B900216846FFF715FDF2
:10EB000020B1204605F0ADFB002038BD0C2038BDFB
:10EB10002DE9FC41817804461A2925D00EDC1629FE
:10EB20002DD2DFE801F02C2C2C2C2C212C2C2C2C81
:10EB30002C2C2C2C2C2C2C2C2C2121212A291ED0A5
:10EB40000BDCA1F11E010C2919D2DFE801F0181825
:10EB50001818181818181818180D3A3904290ED250
:10EB6000DFE801F00D020D022088B0F5706F06D2CB
:10EB70000127694600F075FB18B10220F0E412206D
:10EB8000EEE4019D68462E4605F5C87506F291161D
:10EB900000F05AFB08B1287808B10C20E0E42F708F
:10EBA000A0783070684600F069FB0020D8E41CB5FE
:10EBB0000C46694600F055FB002118B12160217117
:10EBC00002201CBD0198024610F1700080F842102E
:10EBD00093682360137B237190F84230002BF5D1AA
:10EBE00000201CBD10B5044600F023FB20B10AF044
:10EBF000A3F808B10C2010BD207800F0F9FAE279F2
:10EC0000611C0AF06EF908B1002010BD022010BD91
:10EC100010B5886E60B1002241F8682F0120CA71DA
:10EC2000897988400BF028FB002800D01F2010BDF8
:10EC30000C2010BD1CB50C46694600F012FB0028E4
:10EC400005D10198B0F87000401C208000201CBD48
:10EC50001CB504460088694600F003FB08B1022099
:10EC60001CBD606828B1DDE90001224600F09CFB74
:10EC70001CBDDDE90001FFF7CBFF1CBD10B500781E
:10EC8000012800D00020FEF7A1FE002010BDF0B545
:10EC900044888188C288038945898089A71F40F6F6
:10ECA0007B46B74215D28F1FB74212D28C4210D882
:10ECB000B2F5FA7F0DD2A3F10A04361FB44208D28E
:10ECC000521C4A43B2EB830F03DA854201D800207D
:10ECD000F0BD3020F0BDF8B515460E46044607F0ED
:10ECE00071F808B10C20F8BD204600F09CFB00280C
:10ECF000F9D1A078C1064FF01100F4D5E17D0329C8
:10ED0000F1D0FEF76DFE3070A07555B9FF208DF87B
:10ED1000000069460020FEF74DFE69460020FEF720
:10ED20003EFE2046BDE8F840FEF7BDBD0022D2E71A
:10ED30000078C10801D01220704720498876002051
:10ED4000704710B504460078C00704D1608810B140
:10ED5000FEF711FE80B12078618800F00102607832
:10ED600000F0ACFB002806D1FEF7FDFD01466088EF
:10ED7000884203D9072010BD122010BD6168FEF73C
:10ED800019FE002010BD10B504460078C00704D15C
:10ED9000608810B1FEF730FE90B12078618800F0F5
:10EDA0000102607800F08AFB002804D16088616865
:10EDB000FEF7F5FD002010BD700000209006002039
:10EDC0001220F8E77CB5044640784225012808D88F
:10EDD000A078FEF745FC20B120781225012802D04A
:10EDE00090B128467CBDFEF710FE20B1A088002817
:10EDF000F7D08028F5D8FEF70FFE60B160780028C4
:10EE0000EFD02078012808D006F07EF9044606F0FD
:10EE100009FE00287FD00C207CBDFEF762FC10B9F3
:10EE2000FEF7F1FD90B306F0CDFF0028F3D1FEF719
:10EE3000D6FBA0F57F41FF39EDD1FEF7D6FCA688C1
:10EE400042F210704643A079FEF79CFDFEF7CDFD1F
:10EE5000F8B10022062101A801F002F9040058D0FF
:10EE6000F7480021846020460AF01EF92046FEF78C
:10EE7000EDFEF44D04F13000AA89E989C2830184D2
:10EE8000FEF7CCFD60B1288A01210DE0FFE71220DA
:10EE90007CBD3146002006F0FEFD88B3FFDF44E074
:10EEA000FEF7BEFD0146288A06F090FE0146A062EC
:10EEB0000022204606F02BF9FEF7B0FD38B9FEF728
:10EEC000AFFD0246214601200AF0E3FAD0B1DD4A47
:10EED0002146163201200AF0DEFAE87A0090AB7A79
:10EEE000EA89A989208801F0A5F900B1FFDF20880F
:10EEF00006F019F83146204606F0CDFD00B1FFDFDF
:10EF000013E008E00621BDF8040001F0E9F800B1C3
:10EF1000FFDF09207CBD44B1208806F005F8208879
:10EF2000062101F0DDF800B1FFDF00207CBD0021EB
:10EF300048E770B50D46062101F0C0F8040003D083
:10EF400094F8930110B10AE0022070BD94F87D009E
:10EF5000142801D0152802D194F8E00108B10C2042
:10EF600070BD1022294604F5CA70FEF7E2F90120AF
:10EF700084F89301002070BD10B5062101F09EF8C1
:10EF800018B190F8931111B107E0022013E790F83F
:10EF90007D10142903D0152901D00C200BE7022184
:10EFA00080F89311002006E72DE9FC410D464BF651
:10EFB00080321221954213D895B1694600F051F97B
:10EFC00000280CD1019EB41C703627882A46394689
:10EFD00030460AF02AF82088B842F6D10020CDE564
:10EFE0000846CBE51CB504460088694600F039F9AF
:10EFF000002808D10199A378084691F82C20703197
:10F000009A4201D10C201CBD7F220A728A72002212
:10F01000CA72E17880F82D10217980F82E10A1783D
:10F0200080F82C1010461CBD1CB50C46694600F03B
:10F0300018F9002806D1019890F88C0000B1012041
:10F04000207000201CBD7CB50D461446694600F0BA
:10F0500008F9002805D1019890F82C00012801D06A
:10F060000C207CBD019890F87810297090F87900F8
:10F07000207000207CBD70B50D461646062101F0BB
:10F080001DF818B381880124C388428804EB410429
:10F09000AC4217D842F210746343A4106243B3FB2E
:10F0A000F2F2521E94B24FF4FA72944200D914460E
:10F0B000A54200D22C46491C641CB4FBF1F24A4321
:10F0C000521E91B290F8CC211AB901E0022070BD15
:10F0D00001843180002070BD10B50C46062100F07F
:10F0E000EDFF48B180F8FF4024B190F8FD1009B160
:10F0F00006F083FD00205EE602205CE6017899B10F
:10F10000417889B141881B290ED381881B290BD3F3
:10F11000C188022908D34B490268283941F8322FA7
:10F1200040684860002070471220704710B506F014
:10F130001EFD00203FE610B506F01CFD00203AE65B
:10F1400070B514460A46064600250121104606F011
:10F150003DFD002800D8284605460121304600F034
:10F160004EF806460121002000F049F8311801222E
:10F1700096318D4206D901F19600691AB1FBF0F083
:10F18000401C82B22280002070BD10B5044600F001
:10F1900050F808B10C200EE6601C09F08FFE2078B4
:10F1A00000F00100FEF7BAFA002004E610B50446AC
:10F1B000062000F021FF08B10C20FCE52078C007F4
:10F1C00010D00022607811460BF062F808B11220CE
:10F1D000F1E5A06808F073FD6078616808F078FDDB
:10F1E0000020E8E5002008F06AFD00210846F5E768
:10F1F00018B1022801D0012070470020704710B5D7
:10F20000012904D0022905D0FFDF2046D3E5C00044
:10F21000503001E080002C3084B2F6E710B506F0E3
:10F22000D1FD20B1FEF755FA08B10120C3E5002059
:10F23000C1E510B506F0C6FD002800D00120BAE5F2
:10F240007000002090060020416891F82C0191F890
:10F250008C1021B918B1042801D00120704700207A
:10F26000704710B50C46062100F028FF606018B109
:10F270000120207000209EE502209CE5416891F865
:10F28000FD20002A05D0002281F8FD20406806F00C
:10F29000B4BC704708B54FF6FF70ADF8000006E04B
:10F2A0000621BDF8000000F01BFF00B1FFDF0021C8
:10F2B0006846FFF73AF90028F2D008BD70B5144649
:10F2C0000546012200F00EF9002806D12146284605
:10F2D000BDE87040002200F005B970BDFB2803D8DE
:10F2E00040F64800814201D9112070470020704744
:10F2F0001B38E12806D2B1F5A47F03D344F2902055
:10F30000814201D912207047002070471FB58E49F5
:10F31000897ECA0702D10278192A0AD08A0702D444
:10F320000278182A24D0490739D40178122933D019
:10F3300035E04088ADF8000002A9FFF792FF00B168
:10F34000FFDF039810F8601F8DF8021040788DF8E9
:10F3500003000020ADF8040001B9FFDF9DF80300B1
:10F3600000B9FFDF6846FFF7A7F9D8B1FFDF19E062
:10F370004088ADF8000040F64800FB21ADF80400DD
:10F38000ADF80800ADF80210ADF806106846FFF7BA
:10F390006DFA38B1FFDF05E0007BC00702D0002026
:10F3A00004B008E50120FBE7F8B50646508914468D
:10F3B0000F4640B1B0F5004F05D20022A0781146AB
:10F3C0000AF066FF08B11220F8BDB86E394607F1A1
:10F3D000700530B1A07891F86E20904201D00C20D9
:10F3E000F8BD012081F86F00A07881F86E00606898
:10F3F00041F8680F608988802089A884002087F8F8
:10F400006F0020886946FFF715FCA88CBDF8001036
:10F41000081A00B2002804DD39463046FFF7F8FB31
:10F42000DDE70020F8BD38B504460078EF2841D864
:10F430006088ADF80000009800F061F888B361883A
:10F44000080708D4D4E90120824233D8202A31D3D6
:10F45000B0F5804F2ED8207B18B307282AD8607BC0
:10F4600028B1012803D0022801D0032822D14A075D
:10F4700003D4022801D0032805D1A07B08B10128BC
:10F4800018D1480707D4607D28B1012803D002288D
:10F4900001D003280ED1C806E07D03D5012809D18B
:10F4A00004E007E0012801D0032803D1E07E18B171
:10F4B000012801D0122038BD002038BD70B50C469F
:10F4C0000546FF2904D8FEF7A9FA18B11F2C01D967
:10F4D000122070BD2846FEF7C3F808B1002070BDA9
:10F4E000422070BD0AB1012200E00222024202D194
:10F4F000880802D109B1002070471120704780B2FE
:10F50000C1060BD401071CD481064FEAC07101D596
:10F51000B9B900E099B1800713D410E0410610D4C6
:10F5200081060ED4C1074FEA807104D0002902DBA6
:10F53000400704D405E0010703D4400701D40120AB
:10F5400070470020704700009006002030B5058805
:10F5500025F4004421448CB24FF4004194420AD275
:10F56000121B92B21B339A4201D2A94307E005F461
:10F570000041214303E0A21A92B2A9431143018042
:10F5800030BD0844083050434A31084480B27047C7
:10F5900070B51D4616460B46044629463046049A69
:10F5A000FFF7EFFF0646B34200D2FFDF282200211B
:10F5B0002046FDF7E8FE4FF6FF70A082283EB0B26D
:10F5C00065776080B0F5004F00D9FFDF618805F1F5
:10F5D0003C00814200D2FFDF60880835401B343890
:10F5E00080B220801B2800D21B2020800020A07722
:10F5F00070BD8161886170472DE9F05F0D46C1885B
:10F60000044600F12809008921F4004620F400484E
:10F6100000F063FB10B10020BDE8F09F4FF0000A3E
:10F620004FF0010BB0450CD9617FA8EB0600401AE2
:10F630000838854219DC09EB06000021058041806D
:10F640001AE06088617F801B471A083F0DD41B2F8A
:10F6500000DAFFDFBD4201DC294600E0B9B2681ADA
:10F660000204120C04D0424502DD84F817A0D2E750
:10F6700009EB06000180428084F817B0CCE770B532
:10F68000044600F12802C088E37D20F400402BB13D
:10F6900010440288438813448B4201D2002070BD7D
:10F6A00000258A4202D30180458008E0891A0904B6
:10F6B000090C418003D0A01D00F01FFB08E0637F10
:10F6C00000880833184481B26288A01DFFF73EFF0E
:10F6D000E575012070BD70B5034600F12804C588AA
:10F6E000808820F400462644A84202D100201882D7
:10F6F00070BD98893588A84206D3401B75882D1A9D
:10F700002044ADB2C01E05E02C1AA5B25C7F204497
:10F710003044401D0C88AC4200D90D809C8924B136
:10F72000002414700988198270BD0124F9E770B5AE
:10F73000044600F12801808820F400404518208A02
:10F74000002825D0A189084480B2A08129886A8830
:10F750001144814200D2FFDF2888698800260844CE
:10F76000A189884212D1A069807F2871698819B166
:10F77000201D00F0C2FA08E0637F2888083318448F
:10F7800081B26288201DFFF7E1FEA681268201205A
:10F7900070BD2DE9F041418987880026044600F1BB
:10F7A0002805B94219D004F10A0800BF21F400402D
:10F7B0002844418819B1404600F09FFA08E0637F71
:10F7C00000880833184481B262884046FFF7BEFEC5
:10F7D000761C6189B6B2B942E8D13046BDE8F08105
:10F7E0002DE9F04104460B4627892830A68827F4E6
:10F7F0000041B4F80A8001440D46B74201D100200F
:10F80000ECE70AB1481D106023B1627F691D1846FC
:10F81000FDF78FFD2E88698804F1080021B18A194F
:10F8200096B200F06AFA06E0637F6288083399199D
:10F8300089B2FFF78BFE474501D1208960813046B0
:10F84000CCE78188C088814201D101207047002027
:10F85000704701898088814201D1012070470020D2
:10F86000704770B58588C38800F1280425F40042EC
:10F8700023F4004114449D421AD08389058A5E19FD
:10F8800025886388EC18A64214D313B18B4211D398
:10F890000EE0437F08325C192244408892B2801AFD
:10F8A00080B22333984201D211B103E08A4201D1E0
:10F8B000002070BD012070BD2DE9F0478846C18849
:10F8C0000446008921F4004604F1280720F400458D
:10F8D00007EB060900F001FA002178BBB54204D914
:10F8E000627FA81B801A002503E06088627F801B6E
:10F8F000801A083823D4E28962B1B9F80020B9F837
:10F9000002303BB1E81A2177404518DBE0893844E2
:10F91000801A09E0801A217740450ADB607FE1897F
:10F920000830304439440844C01EA4F81280BDE8B1
:10F93000F087454503DB01202077E7E7FFE7618299
:10F940000020F4E72DE9F74F044600F12805C088B0
:10F95000884620F4004A608A05EB0A0608B1404553
:10F9600002D20020BDE8FE8FE08978B13788B6F872
:10F97000029007EB0901884200D0FFDF207F4FF0A3
:10F98000000B50EA090106D088B33BE00027A07FB6
:10F99000B9463071F2E7E18959B1607F29440830F6
:10F9A00050440844B4F81F1020F8031D94F82110A7
:10F9B0008170E28907EB080002EB0801E1813080E9
:10F9C000A6F802B002985F4650B1637F30880833D2
:10F9D000184481B26288A01DFFF7B8FDE78121E0DD
:10F9E000607FE18908305044294408442DE0FFE756
:10F9F000E089B4F81F102844C01B20F8031D94F8B8
:10FA00002110817009EB0800E28981B202EB080045
:10FA1000E081378071800298A0B1A01D00F06DF9DF
:10FA2000A4F80EB0A07F401CA077A07D08B1E088AC
:10FA3000A08284F816B000BFA4F812B084F817B002
:10FA400001208FE7E0892844C01B30F8031DA4F88B
:10FA50001F10807884F82100EEE710B5818800F14E
:10FA6000280321F400442344848AC288A14212D08E
:10FA7000914210D0818971B9826972B11046FFF745
:10FA8000E8FE50B91089283220F40040104419795A
:10FA90000079884201D1002010BD184610BD00F148
:10FAA0002803407F08300844C01E1060088808B949
:10FAB000DB1E136008884988084480B270472DE92E
:10FAC000F04100F12806407F1C460830904643185C
:10FAD00008884D88069ADB1EA0B1C01C80B29042F7
:10FAE00014D9801AA04200DB204687B298183A4603
:10FAF0004146FDF7F1FB002816D1E01B84B2B84463
:10FB0000002005E0ED1CADB2F61EE8E7101A80B249
:10FB10000119A94206D8304422464146BDE8F041C9
:10FB2000FDF7DABB4FF0FF3058E62DE9F04100F168
:10FB30002804407F1E460830904643180025088858
:10FB40004F88069ADB1E90B1C01C80B2904212D939
:10FB5000801AB04200DB304685B299182A464046EA
:10FB6000FDF7E7FB701B86B2A844002005E0FF1CF0
:10FB7000BFB2E41EEAE7101A80B28119B94206D872
:10FB8000211832464046FDF7D4FBA81985B2284615
:10FB900024E62DE9F04100F12804407F1E4608309C
:10FBA00090464318002508884F88069ADB1E90B1BE
:10FBB000C01C80B2904212D9801AB04200DB30469D
:10FBC00085B298182A464146FDF7B3FB701B86B2F2
:10FBD000A844002005E0FF1CBFB2E41EEAE7101AAB
:10FBE00080B28119B94206D8204432464146FDF719
:10FBF000A0FBA81985B22846F0E5401D704710B556
:10FC0000044600F12801C288808820F4004319448A
:10FC1000904206D0A28922B9228A12B9A28A9042C1
:10FC200001D1002010BD0888498831B1201D00F0A5
:10FC300064F800202082012010BD637F62880833B1
:10FC4000184481B2201DFFF781FCF2E70021C18139
:10FC500001774182C1758175704703881380C2891D
:10FC600042B1C28822F4004300F128021A440A601B
:10FC7000C08970470020704710B50446808AA0F5FF
:10FC80007F41FF3900D0FFDFE088A082E08900B12A
:10FC90000120A07510BD4FF6FF7181820021817592
:10FCA000704710B50446808AA0F57F41FF3900D126
:10FCB000FFDFA07D28B9A088A18A884201D1002059
:10FCC00010BD012010BD8188828A914201D1807DC2
:10FCD00008B1002070470120704720F4004221F451
:10FCE00000439A4207D100F4004001F400418842E9
:10FCF00001D0012070470020704730B504460088CD
:10FD00000D4620F40040A84200D2FFDF21884FF4C6
:10FD1000004088432843208030BD70B50C00054664
:10FD200009D0082C00D2FFDF1DB1A1B2286800F075
:10FD300044F8201D70BD0DB100202860002070BD6A
:10FD40000021026803E093881268194489B2002AEE
:10FD5000F9D100F032B870B500260D4604460829E6
:10FD600000D2FFDF206808B91EE0044620688188C1
:10FD7000A94202D001680029F7D181880646A9422C
:10FD800001D100680DE005F1080293B2002299420A
:10FD900009D32844491B02608180216809682160D9
:10FDA0000160206000E00026304670BD00230B603B
:10FDB0008A8002680A600160704700234360021D68
:10FDC000018102607047F0B50F46018840881546F2
:10FDD0000C181E46AC4200D3641B3044A84200D924
:10FDE000FFDFA019A84200D9FFDF3819F0BD2DE9C7
:10FDF000F041884606460188408815460C181F4683
:10FE0000AC4200D3641B3844A84200D9FFDFE0199C
:10FE1000A84200D9FFDF70883844708008EB0400E6
:10FE2000BDE8F0812DE9F041054600881E461746E1
:10FE3000841B8846BC4200D33C442C8068883044F4
:10FE4000B84200D9FFDFA019B84200D9FFDF6888A7
:10FE50003044688008EB0400E2E72DE9F0410688B1
:10FE60001D460446701980B2174688462080B84265
:10FE700001D3C01B20806088A84200D2FFDF701928
:10FE8000B84200D9FFDF6088401B608008EB0600A5
:10FE9000C6E730B50D460188CC18944200D3A41AA9
:10FEA0004088984200D8FFDF281930BD2DE9F04185
:10FEB000BF4D04469046A8780E46A04200D8FFDF0A
:10FEC00005EB8607786A50F8240000B1FFDFB868B8
:10FED000002816D0304600F032F90146B868FFF726
:10FEE0003AFF05000CD0786A072E40F8245000D362
:10FEF000FFDFB0484246294650F826302046984752
:10FF00002846BDE8F0812DE9F84305000C46009530
:10FF100024D00026E81C20F00300A84200D0FFDF18
:10FF2000DFF88C820027314688F8007088F801409D
:10FF300088F8024088F8034088F8044088F80540B3
:10FF400088F80640684600F003F900204246009910
:10FF5000C91C21F00301009116B10FE00126D9E779
:10FF600002EB80035962002106E000BFD3F824C0F1
:10FF70004CF82170491CC9B2A142F7D30099401C2A
:10FF800001EB8401C0B200910728E0D3481BBDE813
:10FF9000F88310B50446F1F774F908B1102010BDCC
:10FFA0002078834A618802EB800092780EE0436AF1
:10FFB00053F8213043B14A1C6280A180406A50F856
:10FFC0002100A060002010BD491C89B28A42EED8F1
:10FFD0006180052010BD70B505460C460846F1F756
:10FFE00050F908B1102070BD072D01D3072070BD56
:10FFF00025700020608070BD0EB56946FFF7EBFFED
:020000040001F9
:1000000000B1FFDF6846FFF7C4FF08B100200EBD56
:1000100001200EBD10B50446072800D3FFDF644859
:10002000005D10BD3EB5054600246946FFF7D3FFCD
:1000300018B1FFDF01E0641CE4B26846FFF7A9FFD6
:100040000028F8D02846FFF7E5FF001BC0B23EBDF0
:1000500057498978814201D9C0B27047FF20704763
:100060002DE9F04106291BD1514C00273B464FF6A4
:10007000FF7604EB810514F801C00AE0DC19D5F81D
:1000800024E0A4B25EF824E0BEF1000F04D05B1CB3
:100090009BB29C45F2D8344604802046B44201D13C
:1000A00000202EE7BDE8F04100E7A0F57F43FF3BCD
:1000B00001D0072901D300207047F7E6A0F57F4261
:1000C000FF3A0BD0072909D2394A9378834205D9E0
:1000D00002EB8101496A51F8200070470020704707
:1000E0002DE9F04104460D46A4F57F4143F202009C
:1000F000FF3902D0072D01D3072002E72C494FF02A
:1001000000088A78A242F8D901EB8506726A52F893
:100110002470002FF1D0274839461C3050F8252094
:1001200020469047716A284641F8248000F007F87D
:1001300002463946B068FFF739FE0020E1E61D4966
:10014000383131F810004FF6FC71C01C0840704780
:100150002DE9F843164E8846054600242868C01C41
:1001600020F0030028602046FFF7E9FF315D484397
:10017000B8F1000F01D0002200E02A680146009289
:1001800032B100274FEA0D00FFF7C7FD1FB106E0AF
:1001900001270020F8E706EB8401009A8A602968AD
:1001A000641C0844E4B22860072CD7D3EFE60000B3
:1001B000AC060020D4B1010070B50E461D461146B4
:1001C00000F0D5F804462946304600F0D9F820441E
:1001D000001D70BD2DE9F04190460D4604004FF022
:1001E000000610D00027E01C20F00300A04200D041
:1001F000FFDFE5B141460020FFF78FFD0C3000EB3B
:10020000850617B113E00127EDE7624F04F10C00FA
:10021000AA003C602572606000EB85002060002130
:100220006068FDF7B0F841463868FFF776FD304664
:10023000BDE8F0812DE9FF4F564C804681B0206823
:100240009A46934600B9FFDF2068027A424503D9F7
:10025000416851F8280020B143F2020005B0BDE822
:10026000F08F5146029800F082F886B258460E99F7
:1002700000F086F885B27019001D87B22068A1468B
:1002800039460068FFF767FD04001FD067802580AE
:100290002946201D0E9D07465A4601230095FFF76B
:1002A00077F92088314638440123029ACDF800A01E
:1002B000FFF76EF92088C1193846FFF79AF9D9F887
:1002C00000004168002041F82840C7E70420C5E746
:1002D00070B5304C0546206800B9FFDF2068017A10
:1002E000A9420ED9426852F8251051B1002342F8B4
:1002F00025304A880068FFF759FD216800200A7AF6
:1003000008E043F2020070BD4B6853F8203033B967
:10031000401CC0B28242F7D80868FFF711FD0020E8
:1003200070BD70B51B4E05460024306800B9FFDF74
:100330003068017AA94204D9406850F8250000B11C
:10034000041D204670BD70B5124E0546002430686D
:1003500000B9FFDF3068017AA94206D9406850F839
:10036000251011B131F8040B4418204670BD10B5AA
:100370000A460121FFF705F9C01C20F0030010BD5B
:1003800010B50A460121FFF7FCF8C01C20F003005D
:1003900010BD00007C00002070B50446C2F11005BD
:1003A0002819FCF7C6FF15F0FF0109D0491ECAB293
:1003B0008020A0542046BDE870400021FCF7E3BF38
:1003C00070BD30B505E05B1EDBB2CC5CD55C6C402B
:1003D000C454002BF7D130BD10B5002409E00B78D0
:1003E000521E44EA430300F8013B11F8013BD2B22C
:1003F000DC09002AF3D110BD2DE9F04389B01E4677
:10040000DDE9107990460D00044622D002460846E8
:10041000F949FEF71EFB102221463846FFF7DCFFA4
:10042000E07B000606D5F44A394610231032084610
:10043000FFF7C7FF102239464846FFF7CDFFF87B8C
:10044000000606D5EC4A4946102310320846FFF74D
:10045000B8FF102200212046FCF795FF0DE0103E6A
:10046000B6B208EB0601102322466846FFF7A9FF43
:10047000224628466946FEF7ECFA102EEFD818D02F
:10048000F2B241466846FFF787FF10234A466946A5
:1004900004A8FFF796FF1023224604A96846FFF739
:1004A00090FF224628466946FEF7D3FA09B0BDE818
:1004B000F08310233A464146EAE770B59CB01E46E9
:1004C0000546134620980C468DF808002022194650
:1004D0000DF10900FCF72DFF202221460DF1290026
:1004E000FCF727FF17A913A8CDE90001412302AAB1
:1004F00031462846FFF780FF1CB070BD2DE9FF4F45
:100500009FB014AEDDE92D5410AFBB49CDE90076A4
:10051000202320311AA8FFF76FFF4FF000088DF855
:1005200008804FF001098DF8099054F8010FCDF8BB
:100530000A00A088ADF80E0014F8010C1022C0F3D8
:1005400040008DF8100055F8010FCDF81100A88873
:10055000ADF8150015F8010C2C99C0F340008DF88A
:10056000170006A88246FCF7E4FE0AA8834610227C
:100570002299FCF7DEFEA0483523083802AA40681D
:100580008DF83C80CDE900760E901AA91F98FFF7F0
:1005900033FF8DF808808DF809902068CDF80A00A7
:1005A000A088ADF80E0014F8010C1022C0F3400032
:1005B0008DF810002868CDF81100A888ADF8150056
:1005C00015F8010C2C99C0F340008DF81700504627
:1005D000FCF7AFFE584610222299FCF7AAFE864887
:1005E0003523083802AA40688DF83C90CDE90076A2
:1005F0000E901AA92098FFF7FFFE23B0BDE8F08FF8
:10060000F0B59BB00C460546DDE922101E461746A4
:10061000DDE92032D0F801C0CDF808C0B0F805C03F
:10062000ADF80CC00078C0F340008DF80E00D1F892
:100630000100CDF80F00B1F80500ADF813000878FF
:100640001946C0F340008DF815001088ADF816006B
:1006500090788DF818000DF119001022FCF769FE52
:100660000DF1290010223146FCF763FE0DF139002F
:1006700010223946FCF75DFE17A913A8CDE9000149
:10068000412302AA21462846FFF7B6FE1BB0F0BD63
:10069000F0B5A3B017460D4604461E46102202A828
:1006A0002899FCF746FE06A820223946FCF741FEB1
:1006B0000EA820222946FCF73CFE1EA91AA8CDE967
:1006C0000001502302AA314616A8FFF795FE16989E
:1006D000206023B0F0BDF0B589B00446DDE90E0717
:1006E0000D463978109EC1F340018DF80010317825
:1006F0009446C1F340018DF801101968CDF802103D
:100700009988ADF8061099798DF808100168CDF830
:1007100009108188ADF80D1080798DF80F00102335
:100720006A46614604A8FFF74CFE2246284604A903
:10073000FEF78FF9D6F801000090B6F80500ADF885
:100740000400D7F80100CDF80600B7F80500ADF8B1
:100750000A000020039010236A46214604A8FFF7F0
:1007600030FE2246284604A9FEF773F909B0F0BD11
:100770001FB51C6800945B6801931368029352686C
:100780000392024608466946FEF763F91FBD10B59D
:1007900088B00446106804905068059000200690C8
:1007A000079008466A4604A9FEF753F9BDF8000011
:1007B000208008B010BD1FB51288ADF800201A883F
:1007C000ADF80220002201920292039202460846EE
:1007D0006946FEF73EF91FBD7FB5074B1446054637
:1007E000083B9A1C6846FFF7E6FF22466946284602
:1007F000FFF7CDFF7FBD000022B2010070B50446B7
:1008000000780E46012813D0052802D0092813D1FC
:100810000EE0A06861690578042003F07FFA052DD9
:100820000AD0782300220420616903F0CDF903E0A7
:100830000420616903F072FA31462046BDE8704039
:1008400001F08AB810B500F12D03C2799C78411DE2
:10085000144064F30102C271D2070DD04A795C7969
:1008600022404A710A791B791A400A718278C97844
:100870008A4200D9817010BD00224A71F5E74178A3
:10088000012900D00C21017070472DE9F04F93B081
:100890004FF0000B0C690D468DF820B00978012649
:1008A0000C2017464FF00D084FF0110A4FF00809C1
:1008B0001B2975D2DFE811F01B00C40207031F03D8
:1008C0005E037103A303B803F9031A0462049504D9
:1008D000A204EF042D05370555056005F30536061E
:1008E000390668068406FE062207EB06F00614B1F8
:1008F00020781D282AD0D5F808805FEA08004FD05C
:1009000001208DF82000686A02220D908DF82420C5
:100910000A208DF82500A8690A90A8880028EED042
:1009200098F8001091B10F2910D27DD2DFE801F0C4
:100930007C1349DEFCFBFAF9F8F738089CF6F50061
:1009400002282DD124B120780C2801D00026F0E314
:100950008DF82020CBE10420696A03F0DFF9A88834
:100960000728EED1204600F0F2FF022809D02046E9
:1009700000F0EDFF032807D9204600F0E8FF072824
:1009800002D20120207004E0002CB8D02078012889
:10099000D7D198F80400C11F0A2902D30A2061E0C8
:1009A000C4E1A070D8F80010E162B8F80410218604
:1009B00098F8060084F83200012028700320207087
:1009C00044E00728BDD1002C99D020780D28B8D15B
:1009D00098F8031094F82F20C1F3C000C2F3C002AE
:1009E000104201D0062000E00720890707D198F8BF
:1009F00005100142D2D198F806100142CED194F8E8
:100A0000312098F8051020EA02021142C6D194F86C
:100A1000322098F8061090430142BFD198F80400A4
:100A2000C11F0A29BAD200E008E2617D81427CD868
:100A3000D8F800106160B8F80410218198F8060019
:100A4000A072012028700E20207003208DF8200055
:100A5000686A0D9004F12D000990601D0A900F3016
:100A60000B9022E12875FCE3412891D1204600F04B
:100A70006EFF042802D1E078C00704D1204600F0C0
:100A800066FF0F2884D1A88CD5F80C8080B24FF077
:100A9000400BE669FFF745FC324641465B464E4651
:100AA000CDF80090FFF741F80B208DF82000686A20
:100AB0000D90E0690990002108A8FFF79FFE2078BB
:100AC000042806D0A07D58B1012809D003280AD0F7
:100AD0004AE305202070032028708DF82060CEE1C5
:100AE00084F800A032E712202070EAE11128BCD17E
:100AF000204600F02CFF042802D1E078C00719D06E
:100B0000204600F024FF062805D1E078C00711D167
:100B1000A07D02280ED0204608E0CCE084E072E1FF
:100B200051E124E103E1E9E019E0B0E100F00FFF59
:100B300011289AD1102208F1010104F13C00FCF7C0
:100B4000F8FB607801286ED012202070E078C00792
:100B500060D0A07D0028C8D00128C6D05AE0112856
:100B600090D1204600F0F3FE082804D0204600F083
:100B7000EEFE132886D104F16C00102208F1010169
:100B80000646FCF7D6FB207808280DD014202070EC
:100B9000E178C8070DD0A07D02280AD06278022A29
:100BA00004D00328A1D035E00920F0E708B10128DE
:100BB00037D1C80713D0A07D02281DD00020009097
:100BC000D4E9062133460EA8FFF777FC10220EA9C0
:100BD00004F13C00FCF780FBC8B1042042E7D4E9F3
:100BE0000912201D8DE8070004F12C0332460EA8DF
:100BF000616BFFF770FDE9E7606BC1F34401491ECB
:100C00000068C84000F0010040F08000D7E720787D
:100C1000092806D185F800908DF8209036E32870D9
:100C2000EFE30920FBE79EE1112899D1204600F06F
:100C30008EFE0A2802D1E078C00704D1204600F0D9
:100C400086FE15288CD104F13C00102208F1010128
:100C50000646FCF76EFB20780A2816D01620207076
:100C6000D4E90932606B611D8DE80F0004F15C036B
:100C700004F16C0247310EA8FFF7C2FC10220EA946
:100C80003046FCF729FB18B1F9E20B20207073E223
:100C90002046FFF7D7FDA078216AC0F110020B189B
:100CA00000211846FCF76FFB26E3394608A8FFF73A
:100CB000A5FD06463CE20228B7D1204600F047FEDB
:100CC000042804D3204600F042FE082809D3204619
:100CD00000F03DFE0E2829D3204600F038FE1228F1
:100CE00024D2A07D0228A0D10E208DF82000686AB1
:100CF0000D9098F801008DF82400F5E3022894D1B6
:100D0000204600F024FE002810D0204600F01FFEF0
:100D10000128F9D0204600F01AFE0C28F4D0042057
:100D20008DF8240098F801008DF8250060E2112864
:100D3000FCD1002CFAD020781728F7D16178606AAE
:100D4000022912D05FF0000101EB4101182606EBE9
:100D5000C1011022405808F10101FCF7EAFA042011
:100D6000696A00F0E7FD2670F0E50121ECE70B2849
:100D7000DCD1002CDAD020781828D7D16078616ACD
:100D800002281CD05FF0000000EB4002102000EBB6
:100D9000C2000958B8F8010008806078616A02282A
:100DA0000FD0002000EB4002142000EBC2000958D5
:100DB000404650F8032F0A604068486039E001203F
:100DC000E2E70120EEE71128B0D1002CAED0207868
:100DD0001928ABD16178606A022912D05FF0000156
:100DE00001EB41011C2202EBC1011022405808F125
:100DF0000101FCF79EFA0420696A00F09BFD1A20AD
:100E0000B6E00121ECE7082890D1002C8ED02078A4
:100E10001A288BD1606A98F80120017862F34701A3
:100E20000170616AD8F8022041F8012FB8F8060075
:100E300088800420696A00F07DFD90E2072011E6B9
:100E40003878012894D1182204F114007968FCF74D
:100E500070FAE079C10894F82F0001EAD001E07837
:100E600061F30000E070217D002974D1217803290D
:100E700009D0C00725D0032028708DF82090686A1B
:100E80000D90412008E3607DA178884201D90620B9
:100E9000E8E502262671E179204621F0E001E171C2
:100EA000617A21F0F0016172A17A21F0F001A17262
:100EB000FFF7C8FC2E708DF82090686A0D9007200F
:100EC000EAE20420ABE6387805289DD18DF82000B1
:100ED000686A0D90B8680A900720ADF824000A9857
:100EE0008DF830B06168016021898180A17A8171BB
:100EF00004202070F8E23978052985D18DF820107A
:100F0000696A0D91391D09AE0EC986E80E004121AE
:100F1000ADF824108DF830B01070A88CD7F80C8084
:100F200080B24026A769FFF70EFA41463A4633469B
:100F3000C846CDF80090FEF72CFE002108A8FFF768
:100F40005DFCE07820F03E00801CE07020780528F1
:100F500002D00F200CE04AE1A07D20B1012802D090
:100F6000032802D002E10720BEE584F80080EDE40A
:100F70002070EBE4102104F15C0002F0E8FB606BF0
:100F8000B0BBA07D18B1012801D00520FDE00620EE
:100F90002870F8486063A063C2E23878022894D1D0
:100FA000387908B12875B7E3A07D022802D003285C
:100FB00005D022E0B8680028F5D060631CE06078B6
:100FC000012806D0A07994F82E10012805D0E94810
:100FD00006E0A17994F82E00F7E7B8680028E2D07F
:100FE0006063E078C00701D0012902D0E14803E046
:100FF00003E0F8680028D6D0A06306200FE68DF83D
:101000002090696A0D91E1784846C90709D0617856
:10101000022903D1A17D29B1012903D0A17D032992
:1010200000D00720287033E138780528BBD120781C
:1010300007281ED084F800A005208DF82000686ADB
:101040000D90B8680A90ADF824A08DF830B0032157
:101050000170E178CA070FD0A27D022A1AD00021C0
:101060000091D4E9061204F15C03401CFFF725FA55
:101070006BE384F80090DFE7D4E90923211D8DE8B4
:101080000E0004F12C0304F15C02401C616BFFF7BD
:1010900022FB5AE3626BC1F34401491E1268CA4045
:1010A00002F0010141F08001DAE738780528BDD16E
:1010B0008DF82000686A0D90B8680A90ADF824A0F9
:1010C0008DF830B0042100F8011B102204F15C01FE
:1010D000FCF72FF9002108A8FFF790FB20780928DA
:1010E00001D0132044E70A2020709AE5E078C10778
:1010F00042D0A17D012902D0022927D038E06178B1
:1011000008A8012916D004F16C010091D4E9061257
:1011100004F15C03001DFFF7BBFA0A2028700326C8
:101120008DF82080686A0D90002108A8FFF766FB03
:10113000E1E2C7E204F15C010091D4E9062104F187
:101140006C03001DFFF7A4FA0026E9E7C0F3440191
:1011500014290DD24FF0006101EBB0104FEAB060DE
:10116000E0706078012801D01020BDE40620FFE681
:10117000607801283FF4B6AC0A2050E5E178C90751
:1011800008D0A17D012903D10B202870042030E074
:1011900028702EE00E2028706078616B012818D02E
:1011A00004F15C0304F16C020EA8FFF7E1FA20469B
:1011B000FFF748FBA0780EAEC0F1100230440021CA
:1011C000FCF7E1F806208DF82000686A09960D907A
:1011D0009BE004F16C0304F15C020EA8FFF7C8FA6F
:1011E000E8E73978022903D139790029D0D0297567
:1011F00092E28DF82000686A0D9056E5387807284D
:10120000F6D1D4E909216078012808D004F16C00F6
:10121000CDE90002029105D104F16C0304E004F170
:101220005C00F5E704F15C0304F14C007A680646C3
:10123000216AFFF763F96078012822D1A078216A3A
:10124000C0F110020B1800211846FCF79CF8D4E9F5
:101250000923606B04F12D018DE80F0004F15C039C
:1012600000E05BE204F16C0231460EA8FFF7C8F91A
:1012700010220EA904F13C00FCF72EF808B10B2057
:10128000ACE485F8008000BF8DF82090686A0D906E
:101290008DF824A009E538780528A9D18DF820001B
:1012A000686A0D90B8680A90ADF824A08DF830B047
:1012B00080F80080617801291AD0D4E9092104F16D
:1012C0002D03A66B03910096CDE9013204F16C0366
:1012D00004F15C0204F14C01401CFFF791F900217C
:1012E00008A8FFF78BFA6078012805D015203FE6A3
:1012F000D4E90912631DE4E70E20287006208DF85A
:101300002000686ACDF824B00D90A0788DF82800F0
:10131000CBE438780328C0D1E079C00770D00F2023
:101320002870072065E7387804286BD11422391D0E
:1013300004F11400FBF7FDFF616A208CA1F809009D
:10134000616AA078C871E179626A01F003011172E3
:10135000616A627A0A73616AA07A81F824001620B1
:101360005DE485F800A08DF82090696A50460D91E3
:1013700092E0000022B201003878052842D1B86816
:10138000A8616178606A022901D0012100E0002192
:1013900001EB4101142606EBC1014058082102F07F
:1013A000D6F96178606A022901D0012100E00021AC
:1013B00001EB410106EBC101425802A8E169FFF7C8
:1013C0000BFA6078626A022801D0012000E0002058
:1013D00000EB4001102000EBC1000223105802A9CD
:1013E0000932FEF7EEFF626AFD4B0EA80932A169D1
:1013F000FFF7E1F96178606A022904D0012103E076
:1014000044E18DE0BFE0002101EB4101182606EB2D
:10141000C101A27840580EA9FBF78BFF6178606A82
:10142000022901D0012100E0002101EB410106EB7E
:10143000C1014158A0780B18C0F1100200211846D4
:10144000FBF7A1FF05208DF82000686A0D90A869C0
:101450000A90ADF824A08DF830B0062101706278B2
:10146000616A022A01D0012200E0002202EB42025E
:1014700006EBC202401C89581022FBF75AFF0021DC
:1014800008A8FFF7BBF91220C5F818B028708DF82E
:101490002090686A0D900B208DF8240005E43878C0
:1014A000052870D18DF82000686A0D90B8680A9000
:1014B0000B20ADF824000A98072101706178626A58
:1014C000022901D0012100E0002101EB410310219C
:1014D00001EBC30151580988A0F801106178626AD4
:1014E000022902D0012101E02FE1002101EB41039B
:1014F000142101EBC30151580A6840F8032F4968D1
:10150000416059E01920287001208DF8300074E600
:10151000162028708DF830B0002108A8FFF76EF96A
:10152000032617E114202870AEE6387805282AD162
:101530008DF82000686A0D90B8680A90ADF824A074
:101540008DF830B080F800906278616A4E46022AC9
:1015500001D0012200E0002202EB42021C2303EB37
:10156000C202401C89581022FBF7E3FE002108A8A4
:10157000FFF744F9152028708DF82060686A0D90F7
:101580008DF8246039E680E0387805287DD18DF823
:101590002000686A0D90B8680A90ADF8249009217F
:1015A00001706169097849084170616951F8012F3A
:1015B000C0F802208988C18020781C28A8D1A1E722
:1015C000E078C00702D04FF0060C01E04FF0070CA6
:1015D000607802280AD000BF4FF0000000EB040141
:1015E00001F1090105D04FF0010004E04FF00100C6
:1015F000F4E74FF000000B78204413EA0C030B7063
:1016000010F8092F02EA0C02027004D14FF01B0CF3
:1016100084F800C0D2B394F801C0BCF1010F00D02F
:101620009BB990F800C0E0465FEACC7C04D028F07B
:1016300001060670102606E05FEA887C05D528F0D2
:101640000206067013262E70032694F801C0BCF122
:10165000020F00D092B991F800C05FEACC7804D0B4
:101660002CF001060E70172106E05FEA8C7805D594
:101670002CF002060E701921217000260078D0BBD4
:10168000CAB3C3BB1C20207035E012E002E03878FA
:10169000062841D11A2015E4207801283CD00C28D6
:1016A0003AD02046FFF7EBF809208DF82000686A51
:1016B0000D9031E03878052805D0062038700326D3
:1016C0001820287046E005208DF82000696A0D91E9
:1016D000B9680A910221ADF8241001218DF830106B
:1016E0000A990870287D4870394608A8FFF786F8DF
:1016F000064618202870012E0ED02BE001208DF810
:101700002000686A0D9003208DF82400287D8DF854
:10171000250085F814B012E0287D80B11D202070CE
:10172000172028708DF82090686A0D9002208DF89F
:101730002400394608A8FFF761F806460AE00CB114
:10174000FE2020709DF8200020B1002108A8FFF79E
:1017500055F80CE413B03046BDE8F08F2DE9F043A6
:1017600087B00C464E6900218DF8041001202578C1
:10177000034602274FF007094FF0050C85B1012DF4
:1017800053D0022D39D1FE2030708DF80030606AC0
:10179000059003208DF80400207E8DF8050063E09D
:1017A0002179012925D002292DD0032928D0042907
:1017B00023D1B17D022920D131780D1F042D04D30E
:1017C0000A3D032D01D31D2917D12189022914D3E4
:1017D0008DF80470237020899DF80410884201E080
:1017E0001AB2010018D208208DF80000606A059036
:1017F00057E070780128EBD0052007B0BDE8F083F2
:101800001D203070E4E771780229F5D131780C2978
:10181000F3D18DF80490DDE7083402F804CB94E8A6
:101820000B0082E80B000320E7E71578052DE4D1D3
:101830008DF800C0656A0595956802958DF81010C1
:1018400094F80480B8F1010F13D0B8F1020F2DD035
:10185000B8F1030F1CD0B8F1040FCED1ADF804706D
:101860000E202870207E687000216846FEF7C6FFB3
:101870000CE0ADF804700B202870207E002100F0F1
:101880001F0068706846FEF7B9FF37700020B4E7A4
:10189000ADF804708DF8103085F800C0207E6870B7
:1018A000277011466846FEF7A9FFA6E7ADF8049039
:1018B0002B70207F6870607F00F00100A870A07F0F
:1018C00000F01F00E870E27F2A71C0071CD094F876
:1018D000200000F00700687194F8210000F0070074
:1018E000A87100216846FEF789FF2868F062A88881
:1018F0003086A87986F83200A0694078707528791A
:10190000B0700D203070C1E7A9716971E9E700B5C9
:1019100087B004280CD101208DF800008DF8040058
:10192000002005918DF8050001466846FEF766FF28
:1019300007B000BD70B50C46054602F0EFF9214630
:101940002846BDE870407823002202F03DB908B176
:10195000007870470C20704770B50C0005784FF088
:1019600000010CD021702146F1F757FC694821781D
:10197000405D884201D1032070BD022070BDF1F7A7
:101980004CFC002070BD0279012A05D000220A70AB
:101990004B78012B02D003E0042070470A758A615E
:1019A00002799300521C0271C15003207047F0B5B8
:1019B00087B00F4605460124287905EB800050F8D2
:1019C000046C7078411E02290AD252493A460839FD
:1019D00001EB8000314650F8043C28469847044605
:1019E0000CB1012C11D12879401E10F0FF00287194
:1019F00001D00324E0E70A208DF80000706A05900A
:101A0000002101966846FFF7A7FF032CD4D007B04A
:101A10002046F0BD70B515460A46044629461046D4
:101A2000FFF7C5FF064674B12078FE280BD1207C55
:101A300030B100202870294604F10C00FFF7B7FFF1
:101A40002046FEF71CFF304670BD704770B50E464D
:101A500004467C220021FBF796FC0225012E03D0D0
:101A6000022E04D0052070BD0120607000E065707A
:101A70002046FEF704FFA575002070BD28B1027C4A
:101A80001AB10A4600F10C01C4E70120704710B5F5
:101A9000044686B0042002F041F92078FE2806D0E2
:101AA00000208DF8000069462046FFF7E7FF06B0EA
:101AB00010BD7CB50E4600218DF804104178012937
:101AC00003D0022903D0002405E0046900E0446942
:101AD0000CB1217C89B16D4601462846FFF753FFC2
:101AE000032809D1324629462046FFF793FF9DF887
:101AF0000410002900D004207CBD04F10C05EBE7A4
:101B000030B40C460146034A204630BC024B0C3A26
:101B1000FEF751BE60B201001AB2010070B50D4669
:101B2000040012D08DB1220100212846FBF72BFCC6
:101B3000102255492846FBF7FCFB53480121083881
:101B4000018044804560002070BD012070BD70B5EB
:101B50004D4E00240546083E10E07068AA7B00EB5D
:101B60000410817B914208D1C17BEA7B914204D170
:101B70000C222946FBF7B0FB30B1641C308884424C
:101B8000EBDB4FF0FF3070BD204670BD70B50D46E9
:101B9000060006D02DB1FFF7DAFF002803DB401C5A
:101BA00014E0102070BD384C083C20886288411C2D
:101BB000914201D9042070BD6168102201EB001030
:101BC0003146FBF7B6FB2088401C2080287000209F
:101BD00070BD2D480838008870472B49083908889F
:101BE000012802D0401E08800020704770B51446BE
:101BF0000D0018D0BCB10021A170022802D010281D
:101C000011D105E0288870B10121A170108008E091
:101C10002846FFF79CFF002805DB401CA070A88920
:101C20002080002070BD012070BD70B505461446AF
:101C30000E000BD000203070A878012808D005D9FC
:101C40001149A1F108010A8890420AD9012070BD0A
:101C500024B1287820702888000A5070022008706B
:101C60000FE064B14968102201EB001120461039E1
:101C7000FBF75FFB287820732888000A6073102028
:101C80003070002070BD0000880000202DE9F04178
:101C900090460C4607460025C2EB4811FE48072F28
:101CA00000EB410607D2DFE807F007070707040447
:101CB0000400012500E0FFDF06F81470002D13D0AA
:101CC000F5487C3000EB880191F827001F2803D0ED
:101CD00006EB4000447001E081F8264006EB440228
:101CE0001F20507081F82740BDE8F081F0B51F46F5
:101CF00014460E4605461F2A00D1FFDFE648C7EB13
:101D0000471100EB410CE4490CEB44007C3101EB42
:101D100087021F2E07D00CEB460140784B784870A5
:101D200018461F210AE092F82530407882F82500F5
:101D3000F6E701460CEB410005704078A142F8D16E
:101D400092F827401F2C03D00CEB4404637001E091
:101D500082F826300CEB41041F23637082F82710B1
:101D6000F0BD30B50D46CD4B44190022181A72EB68
:101D7000020100D2FFDFCA48854200DDFFDFC8480C
:101D80004042854200DAFFDFC448401C844207DA43
:101D9000002C01DB204630BDC048401C201830BD5F
:101DA000BE48C043FAE710B504460168407ABD4A10
:101DB00052F82020114450B10220084420F07F4006
:101DC000F8F759FD94F90810BDE81040C9E7042060
:101DD000F3E72DE9F047B04E7C3696F82D50DFF84A
:101DE000B89206EB850090F8264036E0C5EB451129
:101DF00009EB41074FF0070817F81400012806D037
:101E000004282ED005282ED0062800D0FFDF01F0B0
:101E100045F9014607EB4400427806EB850080F85F
:101E2000262090F82720A24202D11F2280F82720E6
:101E3000084601F03EF92A4621460120FFF726FF19
:101E40009948414600EB041002682046904796F8F6
:101E50002D5006EB850090F826401F2CC6D1BDE81A
:101E6000F087022000E003208046D0E710B58A4CBE
:101E70001F217C3484F8251084F8261084F827105C
:101E8000002084F8280084F82D0084F82E10411ECC
:101E9000A16044F8100B2074607420736073A07309
:101EA0008249E07720750870487000217A4A103C1A
:101EB00002F81100491CC9B21F29F9D30120F8F713
:101EC000CAFB0020F8F7C7FB012084F82200F9F7CD
:101ED00037F87748F9F749F8744CA41E2070754814
:101EE000F9F743F86070BDE81040F8F741BB10B552
:101EF000F8F763FB6D4CA41E2078F9F74FF8607873
:101F0000F9F74CF8BDE8104001F000B91F20704708
:101F10000020F8F779BB70B5054601240E46AC40A9
:101F20005AB1FFF7F5FF0146634800EBC500C0F862
:101F30001015C0F81465614801E06048001D046098
:101F400070BD2DE9F34F544D00247C3505EB810A1B
:101F500089B09AF825001F2823D0611E02915249AA
:101F6000009401EB0017391D03AB07C983E8070094
:101F700005F11400A0460189ADF81C10807A8DF897
:101F80001E009DF81500C8B10226464951F82040B0
:101F90000399A219114421F07F41019184B10221DA
:101FA0000FE00120F8F757FB0020F8F754FBF8F793
:101FB00022FB01F0ABF885F82F40A9E00426E4E706
:101FC00000218DF81810022801D0012820D1039893
:101FD00001190998081A801C9DF81C1020F07F40F8
:101FE00001B10221353181420BD203208DF8150059
:101FF0000398C4F13201401A20F07F40322403904C
:102000000CE095F8240018B901F063FA002863D0B9
:10201000322C03D214B101F06DF801E001F076F832
:10202000224A107818B393465278039B121B002162
:102030009DF81840994601281AD0032818D000208E
:102040008DF81E00002A04DD981A039001208DF8F7
:1020500018009DF81C0000B102210398184A20F0D6
:102060007F40039003AB099801F05CF810B110E0D9
:102070000120E5E79DF81D0018B99BF80000032832
:1020800029D08DF81C80CDF80C908DF818408DF873
:102090001E809DF8180015E0DC080020FF7F841EDC
:1020A0000020A10770B20100EC0600209A00002079
:1020B000773A0100D31D010000F0014004F5014012
:1020C000FFFF3F0058B103980123811900221846F1
:1020D000F8F714FB06E000200BB0BDE8F08F0120FC
:1020E000F8F7B9FA97F90C20012300200199F8F7C5
:1020F00005FBF87BC00701D0F8F7E9FB012085F864
:102100002F008AF8288020226946FE48FBF711F943
:102110000120E1E72DE9F05FDFF8E883064608EBF0
:10212000860090F825501F2D21D0A8F17C01C6EB28
:1021300046102C4601EB4007A1F5F879DFF8C8B34B
:1021400005E0A24607EB4A0044781F2C0AD0F8F7B6
:1021500020FB09EB04135A4601211B1D00F0E2FF8E
:102160000028EED0AC4202D0334652461EE0E7488B
:1021700008B1AFF30080F8F70CFB98F82F206AB194
:10218000D8F80C20411C891A0902CA1701EB126108
:102190000912002902DD0020BDE8F09F3146FFF75B
:1021A000D0FE08B10120F7E733462A461F2104205C
:1021B000FFF79CFDEFE72DE9F041D24C2569F8F7D8
:1021C000E8FA401B0002C11700EB1160001200D4B6
:1021D000FFDF94F8220000B1FFDF012784F82270AE
:1021E00094F82E001F2800D1FFDF94F82E601F20E6
:1021F00084F82E00002584F82F5084F8205084F8AD
:102200002150C34825600078022835D0032833D0F8
:1022100000202077A068401C05D04FF0FF30A06060
:102220000120F8F718FA0020F8F715FAF8F711FB73
:10223000F8F709FBF8F7DFF908F0C6F8B5480560CC
:1022400005604FF0E0214FF40040B846C1F880022D
:10225000F0F7B5FE94F82D703846FFF75BFF0028C5
:10226000FAD0A849C7EB47107C3901EB400010F8C1
:102270001600022802D006E00120CAE73A4631469D
:102280000620FFF703FD84F8238004EB870090F815
:1022900026001F2804D09E48801E4078F8F784FE50
:1022A000207F002803D0F8F7C4FA257765771BE56F
:1022B000944910B591F82D20924B0024C2EB4211A5
:1022C0007C3B03EB410100BF11F814302BB1641CBF
:1022D000E4B21F2CF8D31F2010BD8F4901EB04116D
:1022E00008600020C87321460120FFF7CFFC20467C
:1022F00010BD10B5012801D0032800D181B3814A57
:1023000092F82D307F4C0022C3EB43137C3C04EB4E
:10231000430300BF13F812400CB1082010BD521C3B
:10232000D2B21F2AF6D37A4A48B1022807D0072929
:1023300017D2DFE801F01606080A0C0E1000002183
:102340000AE01B2108E03A2106E0582104E0772149
:1023500002E0962100E0B52151701070002010BD00
:10236000FFE70720FBE76A4810B54078F8F783FAE3
:1023700080B2F4E710B51F2815D2624991F82D20DC
:10238000C2EB4213A1F17C0202EB430414F81030BB
:102390004BB191F82D30C3EB431302EB430212F81B
:1023A0001020012A01D00020D9E791F82D20014604
:1023B0000020FFF76BFC0120D1E710B5F8F7E9F931
:1023C000BDE81040F8F757BA2DE9F0410E464D4FE1
:1023D00001781F257C3FC3EB43130C4607EB4303F7
:1023E00003E0254603EB45046478944202D01F2C99
:1023F000F7D108E01F2C06D0A14206D103EB410122
:102400004978017007E000206EE403EB440003EB21
:10241000450140784870414F7EB127B1002140F21C
:102420002D40AFF300803078A04206D127B10021C3
:102430004FF48660AFF30080357027B1002140F281
:102440003540AFF3008001204EE410B542680B68C0
:102450009A1A1202D41702EB1462121216D4497A95
:1024600091B1427A82B92E4A006852F8211012685E
:1024700019441044001D891C081A0002C11700EB02
:1024800011600012322801DB012068E7002066E7B6
:102490002DE9F0478146204EC1EB411006F5F87159
:1024A0009846144601EB400713E000BF06EB041505
:1024B000291D4846FFF7C9FF68B988F80040A97B85
:1024C00099F80A00814201D80020C8E407EB4400D3
:1024D00044781F2CEAD10120C1E42DE9F04782465F
:1024E00008480E4600EB8600DFF82C8090F8254067
:1024F0001F201070C1EB46109946154608F5F8717B
:1025000010E0000058090020FFFF3F00000000001D
:102510009A00002000F50040EC06002000000000BA
:1025200070B2010001EB40070BE000BF08EB0410A4
:102530005146001DFFF789FF28B107EB44002C70BE
:1025400044781F2CF2D1297889F800104B46224696
:1025500031465046BDE8F0479AE72DE9FC410E466A
:1025600007460024FE4D08E09DF8000005EB001032
:102570008168384600F0EAFD01246B4601AA314625
:102580003846FFF7AAFF0028EED02046BDE8FC81C0
:1025900070B50446C0EB44110125F248A54300EB99
:1025A0004101C5EB451200EB42003E22FAF7C1FEA5
:1025B000ED4E26B100214FF49360AFF30080E9485F
:1025C0007C3000EB850100EB8400D0F82500C1F8D9
:1025D000250026B1002140F29C40AFF30080284640
:1025E00070BD8A4203D003460520FFF77FBB1F2939
:1025F00008D0DC4AC0EB401002EB400000EB410089
:1026000040787047D7497C3101EB800090F8250075
:102610007047D34901EB0010001DFFF7C4BB7CB528
:102620001D46134604460E4600F108022146184690
:10263000F8F72EF994F908000F2804DD1F382072EE
:102640002068401C206096B10220C84951F826102D
:10265000461820686946801B20F07F40206094F96E
:1026600008002844C01C1F2803DA012009E00420C8
:10267000EBE701AAF8F70CF99DF8040010B10098F7
:10268000401C00900099206831440844C01C20F090
:102690007F4060607CBDFEB50C46064609786079D7
:1026A000907220791F461546507279B12179002227
:1026B0002846A368FFF7B3FFAA4928467C3191F862
:1026C0002E201F2A0AD00969491D0DE0D4E90223F2
:1026D000217903B02846BDE8F040A0E7A449497835
:1026E000052900D20521314421F07F4100F02EFD63
:1026F00039462846FFF731FFD4E90232217968468E
:10270000FFF78DFF2B4600213046019A00F00AFDAD
:10271000002806D103B031462846BDE8F04000F05D
:1027200015BDFEBD2DE9FE4F814600F0CBFC38B152
:102730005FF0000799F8000020B10020BDE8FE8F8F
:102740000127F7E7874D884C4FF0000A7C3524B10C
:10275000002140F2FF40AFF3008095F82D8085F80E
:1027600023A0002624B1002140F20450AFF30080E2
:102770001FB94046FFF70CFF804624B1002140F20C
:102780000C50AFF30080F8F704F843466A46494618
:10279000FFF781FF24B1002140F21250AFF3008017
:1027A00095F82E001F280CD029690098401A0002C5
:1027B000C21700EB1260001203D5684600F0C6FC99
:1027C000012624B1002140F21C50AFF3008095F89F
:1027D00023000028BBD124B1002140F22250AFF3E6
:1027E0000080F7F7D6FF6B46624A002100F09AFCA2
:1027F0000028A3D027B941466846FFF7AEFE06433E
:1028000026B16846FFF7CFFAC9F8080024B10021C5
:1028100040F23550AFF3008001208FE72DE9F04FF3
:1028200089B08B46824600F04DFC4E4C7C3428B378
:102830009BF80000002710B1012800D0FFDF4A4DAF
:1028400025B1002140F2F750AFF300804449012048
:1028500001EB0A18A94607905FEA090604D0002197
:1028600040F2FF50AFF30080079800F022FC94F88C
:102870002D50002084F8230067B119E094F82E0051
:1028800001271F2800D1FFDF9BF800000028D6D0C9
:10289000FFDFD4E72846FFF77BFE054626B100217F
:1028A00040F20960AFF3008094F823000028D3D1F0
:1028B00026B1002140F21360AFF30080F7F769FF03
:1028C0002B4602AA59460790FFF7E5FE98F80F003D
:1028D0005FEA060900F001008DF8130004D0002122
:1028E00040F21D60AFF300803B462A4602A9CDF8B6
:1028F00000A0079800F035FC064604EB850090F830
:1029000028000090B9F1000F04D0002140F22460AB
:10291000AFF3008000F0C2FB0790B9F1000F04D0C4
:10292000002140F22A60AFF3008094F823000028D1
:1029300092D1B9F1000F04D0002140F23260AFF320
:1029400000800DF1080C9CE80E00C8E90112C8F8DF
:102950000C30BEB35FEA090612D000210CE0000083
:10296000EC060020DC0800200000000070B201002E
:102970009A000020FFFF3F0040F23F60AFF300806D
:102980000098B84312D094F82E001F280ED126B11B
:10299000002140F24460AFF300802846FFF7BAFB05
:1029A00020B99BF80000D8B3012849D0B9F1000F35
:1029B00004D0002140F26160AFF30080284600F0AF
:1029C00066FB01265FEA090504D0002140F26A6037
:1029D000AFF30080079800F06CFB25B1002140F2B6
:1029E0006E60AFF300808EB194F82D0004EB800090
:1029F00090F826001F2809D025B1002140F275600B
:102A0000AFF30080F9484078F8F7CEFA25B10021FD
:102A100040F27A60AFF3008009B03046BDE8F08F35
:102A2000FFE7B9F1000F04D0002140F24C60AFF392
:102A3000008094F82D2051460420FFF727F9C0E7C5
:102A4000002E3FF409AF002140F25760AFF3008041
:102A500002E72DE9F84FE64D814695F82D004FF03D
:102A60000008E44C4FF0010B474624B100214FF41D
:102A7000D160AFF30080584600F01BFB85F823704F
:102A800024B1002140F28D60AFF3008095F82D0055
:102A9000FFF77EFD064695F8230028B1002CE4D010
:102AA000002140F293604DE024B1002140F2976094
:102AB000AFF30080CE49C6EB46107C3901EB4001F4
:102AC00011F81900032856D1334605EB830A4A460C
:102AD0009AF82500904201D1012000E000200090EA
:102AE0000AF125000021FFF76FFC01460098014222
:102AF00003D001228AF82820AF77E1B324B1002166
:102B000040F29C60AFF30080324649460120FFF757
:102B1000BDF89AF828A024B1002140F2A760AFF3D5
:102B2000008000F0BBFA834624B1002140F2AC6083
:102B3000AFF3008095F8230038B1002C95D0002128
:102B40004FF4D660AFF300808FE7BAF1000F07D0E3
:102B500095F82E001F2803D13046FFF7DBFAE0B1CD
:102B600024B1002140F2C460AFF30080304600F091
:102B70008EFA4FF0010824B1002140F2CD60AFF38E
:102B80000080584600F095FA24B1002140F2D1604F
:102B9000AFF300804046BDE8F88F002CF1D0002153
:102BA00040F2BF60AFF30080E6E70120F7F72CBDED
:102BB0008E48007870472DE9F0418D4C94F82E0036
:102BC0001F2821D194F82D6004EB860797F8255033
:102BD0001F2D00D1FFDF8649C6EB46107C3901EB83
:102BE000400000EB4500407807F8250F0120F87001
:102BF00084F82300294684F82E50324602202234DD
:102C0000FFF744F8002020701EE42DE9F0417A4ED1
:102C1000774C012538B1012821D0022879D003282A
:102C20007DD0FFDF10E400F065FAFFF7C4FF207EDF
:102C300000B1FFDF84F821500020F7F70CFDA168F8
:102C4000481C04D0012300221846F7F757FD14F85A
:102C50002E0F217806EB01110A68012154E0FFF7DD
:102C6000AAFF0120F7F7F7FC94F8210050B1A06803
:102C7000401C07D014F82E0F217806EB01110A68CA
:102C8000062141E0207EDFF86481002708F1020878
:102C9000012803D002281ED0FFDFB5E7A777F7F79A
:102CA000C8FD98F80000032801D165772577607D7D
:102CB000524951F8200094F8201051B948B1616888
:102CC0000123091A00221846F7F718FD0220207682
:102CD0009AE7277698E784F8205000F00BFAA07F57
:102CE00050B198F8010061680123091A00221846C2
:102CF000F7F704FD257600E0277614F82E0F2178EB
:102D000006EB01110A680021BDE8F041104700E020
:102D100005E036480078BDE8F041F8F745B9FFF71F
:102D20004AFF14F82E0F217806EB01110A680521DD
:102D3000EAE710B52E4C94F82E001F2800D1FFDFD3
:102D400014F82E0F21782C4A02EB01110A68BDE815
:102D50001040042110477CB5254C054694F82E0000
:102D60001F2800D1FFDFA068401C00D0FFDF94F8CF
:102D70002E00214901AA01EB0010694690F90C00D0
:102D80002844F7F785FD9DF904000F2801DD012097
:102D900000E00020009908446168084420F07F4169
:102DA000A16094F82100002807D002B00123BDE8FB
:102DB000704000221846F7F7A1BC7CBD30B5104A20
:102DC0000B1A541CB3EB940F1ED3451AB5EB940F9A
:102DD0001AD3934203D9101A43185B1C14E095428E
:102DE00010D9511A0844401C43420DE098000020BD
:102DF0005809002000000000EC06002070B201001D
:102E0000FF7F841EFFDF0023184630BD0123002210
:102E100001460220F7F772BC0220F7F71CBCF7F757
:102E2000B8BC2DE9FE4FF24C05468A4694F82E00B8
:102E30001F2800D1FFDFEE4E94F82E10A04620464A
:102E4000A6F51B7202EB01141F218DF8001090F8FB
:102E50002D10376900EB8101D8F8000091F825901A
:102E6000284402AA01A90C36F7F712FD9DF90800C3
:102E7000002802DD0198401C0190A0680199642D92
:102E8000084453D3DB4B00225B1B72EB02014DD392
:102E90006168411A21F07F41B1F5800F46D220F0E0
:102EA0007F40706086F80AA098F82D1044466B4663
:102EB0004A463046FFF7ECFAB8B3A068401C10D081
:102EC000F7F767FCA168081A0002C11700EB116050
:102ED000001202282CDD0120F7F7BDFB4FF0FF3078
:102EE000A06094F82D009DF800201F210F34FFF7FB
:102EF00078FBA17FBE4AC1EB41117C3A02EB410154
:102F0000E27F01EB4201487054F80F0C284444F86A
:102F10000F0C012020759DF800001F2803D0B64833
:102F20004078F8F741F8012008E401E0002005E4CA
:102F30007760FBE72DE9F047AD4C074694F82D008C
:102F4000A4F17C06C0EB401006EB400010F817001F
:102F500000B9FFDF94F82D50A046A84C24B1002101
:102F600040F6E800AFF30080C5EB451040F6F409E9
:102F700040F6FD0A06EB400616F81700012819D0A6
:102F8000042811D005280FD006280DD01CB100212F
:102F90004846AFF3008007F0EBFE002CECD0002198
:102FA0005046AFF30080E7E72A4639460120FEF796
:102FB0006DFEF2E74FF0010A4FF00009454624B1DB
:102FC000002140F60410AFF30080504600F071F885
:102FD00085F8239024B1002140F60910AFF300805A
:102FE00095F82D00FFF7D4FA064695F8230028B18E
:102FF000002CE4D0002140F60F101FE024B1002186
:1030000040F61310AFF3008005EB860000F12701B6
:1030100033463A462630FFF7D7F924B1002140F66F
:103020001710AFF3008000F039F8824695F82300BE
:1030300038B1002CC3D0002140F61D10AFF3008042
:10304000BDE785F82D60012085F82300504600F08B
:1030500030F8002C04D0002140F62A10AFF3008095
:10306000BDE8F08730B5044661480D4690F82D0064
:103070005F49C0EB40107C3901EB400010F81400B0
:1030800000B9FFDF5E4800EB0410C57330BD58493E
:1030900081F82D00012081F82300704710B55948B0
:1030A00008B1AFF30080EFF3108000F0010072B6BA
:1030B00010BD10B5002804D1534808B1AFF300800B
:1030C00062B610BD51480068C005C00D10D0103860
:1030D00040B2002804DB00F1E02090F8000405E095
:1030E00000F00F0000F1E02090F8140D4009704747
:1030F0000820704710B53E4C94F82400002804D1F5
:10310000F7F746FC012084F8240010BD10B5384CB8
:1031100094F82400002804D0F7F763FC002084F81A
:10312000240010BD10B51C685B68241A181A24F01E
:103130007F4420F07F40A14206D8B4F5800F03D22F
:10314000904201D8012010BD002010BDD0E900320E
:10315000D21A21F07F43114421F07F41C0E90031B0
:1031600070472DE9FC418446214815460F46C2EBC5
:1031700045117C38089C00EB410616F81400012824
:1031800004D0022802D00020BDE8FC813B46204A42
:1031900001216046FFF7C6FFF0B101AB6A46294640
:1031A0003846FFF79AF9B8B19DF804209DF8001051
:1031B0002846FFF716FA06EB440148709DF8000018
:1031C0001F280DD006EB400044702A4621460320FC
:1031D000FEF75CFD0120D7E72A4621460420F7E7E9
:1031E0000348012100EB850000F8254FC170ECE792
:1031F00058090020FF1FA1079800002000000000D0
:10320000EC060020000000000000000004ED00E0DB
:10321000FFFF3F002DE9F041044680074FF0000515
:103220004FF001060CD56B480560066000F0DEF932
:1032300020B16948016841F48061016024F0020412
:10324000E0044FF0FF3705D564484660C0F80873C6
:1032500024F48054600003D56148056024F0804464
:10326000E0050FD55F48C0F80052C0F808735E490A
:103270000D60091D0D605C4A04210C32116006616D
:1032800024F48074A00409D558484660C0F8005260
:10329000C0F808735648056024F40054C4F3803025
:1032A000C4F3C031884200D0FFDF14F4404F14D083
:1032B00050484660C0F808734F488660C0F8005216
:1032C000C0F808734D490D600A1D16608660C0F88D
:1032D00008730D60166024F4404420050AD5484860
:1032E00046608660C0F80873C0F8487345480560BA
:1032F00024F4006407F042F84348044200D0FFDFA2
:10330000BDE8F081F0B50022202501234FEA020438
:1033100020FA02F1C9072DD051B2002910DB00BFFD
:103320004FEA51174FEA870701F01F0607F1E02720
:1033300003FA06F6C7F88061BFF34F8FBFF36F8FB4
:103340000CDB00BF4FEA51174FEA870701F01F0659
:1033500007F1E02703FA06F6C7F8806204DB01F103
:10336000E02181F8004405E001F00F0101F1E021C6
:1033700081F8144D02F10102AA42C9D3F0BD10B583
:10338000224C20600846F7F71CFC2068FFF742FF3C
:103390002068FFF7B7FF06F031FC00F088F906F06F
:1033A000EDFF06F02CFFF7F7CBFDBDE8104006F06F
:1033B000D9BC10B5154C2068FFF72CFF2068FFF72B
:1033C000A1FF06F0DBFFF7F7FBFC0020206010BD3B
:1033D0000A207047FC1F00403C17004000C000401E
:1033E00004E50140008000400485004000D000401A
:1033F00004D5004000E0004000F0004000F500402F
:1034000000B0004008B50040FEFF0FFD9C0000200A
:1034100070B526490A680AB30022154601244B6894
:103420005B1C4B600C2B00D34D600E7904FA06F345
:103430000E681E420FD0EFF3108212F0010272B636
:1034400000D001220C689C430C6002B962B6496846
:103450000160002070BD521C0C2AE0D3052070BD15
:103460004FF0E0214FF48000C1F800027047EFF305
:10347000108111F0010F72B64FF0010202FA00F252
:103480000A48036842EA0302026000D162B6E7E735
:1034900006480021016041607047012181400348D6
:1034A0000068084000D0012070470000A000002004
:1034B00001208107086070470121880741600021D1
:1034C000C0F80011184801707047174901200870B2
:1034D00070474FF08040D0F80001012803D0124817
:1034E0000078002800D00120704710480068C0070D
:1034F00000D0012070470D480C300068C00700D094
:10350000012070470948143000687047074910319E
:103510000A68D20306D5096801F00301814201D18E
:103520000120704700207047A800002008040040D8
:103530004FF08050D0F830010A2801D000207047A9
:103540000120704700B5FFF7F3FF20B14FF0805026
:10355000D0F8340108B1002000BD012000BD4FF0BB
:103560008050D0F83001062803D0401C01D0002044
:103570007047012070474FF08050D0F830010D287F
:1035800001D000207047012070474FF08050D0F8E4
:103590003001082801D000207047012070474FF00B
:1035A0008050D0F83001102801D000207047012051
:1035B000704700B5FFF7F3FF30B9FFF7DCFF18B92C
:1035C000FFF7E3FF002800D0012000BD00B5FFF7A2
:1035D000C6FF38B14FF08050D0F83401062803D32D
:1035E000401C01D0002000BD012000BD00B5FFF748
:1035F000B6FF48B14FF08050D0F83401062803D30D
:10360000401C01D0012000BD002000BD0021017040
:10361000084670470146002008707047EFF310819C
:1036200001F0010172B60278012A01D0012200E006
:1036300000220123037001B962B60AB1002070476D
:103640004FF400507047E9E7EFF3108111F0010FDC
:1036500072B64FF00002027000D162B600207047CF
:10366000F2E700002DE9F04115460E46044600271A
:1036700000F0EBF8A84215D3002341200FE000BF73
:1036800094F84220A25CF25494F84210491CB1FB19
:10369000F0F200FB12115B1C84F84210DBB2AB426B
:1036A000EED3012700F0DDF83846BDE8F08172491D
:1036B00010B5802081F800047049002081F8420094
:1036C00081F84100433181F8420081F841004331E3
:1036D00081F8420081F841006948FFF797FF684888
:1036E000401CFFF793FFF7F7B3FBBDE8104000F075
:1036F000B8B840207047614800F0A7B80A460146B4
:103700005E48AFE7402070475C48433000F09DB80A
:103710000A46014659484330A4E740210170002081
:10372000704710B504465548863000F08EF820707A
:10373000002010BD0A460146504810B58630FFF7FC
:1037400091FF08B1002010BD42F2070010BD70B516
:103750000C460646412900D9FFDF4A480068103868
:1037600040B200F054F8C5B20D2000F050F8C0B2DD
:10377000854201D3012504E0002502E00DB1F7F7F1
:10378000AAFB224631463D48FFF76CFF0028F5D0E2
:1037900070BD2DE9F0413A4F0025064617F10407A8
:1037A00057F82540204600F041F810B36D1CEDB2EB
:1037B000032DF5D33148433000F038F8002825D0E8
:1037C0002E4800F033F8002820D02C48863000F036
:1037D0002DF800281AD0F7F754FB2948FFF71EFFF1
:1037E000B0F5005F00D0FFDFBDE8F0412448FFF7EF
:1037F0002BBF94F841004121265414F8410F401C7E
:10380000B0FBF1F201FB12002070D3E74DE7002876
:1038100004DB00F1E02090F8000405E000F00F0068
:1038200000F1E02090F8140D4009704710F8411F96
:103830004122491CB1FBF2F302FB13114078814293
:1038400001D1012070470020704710F8411F4078D7
:10385000814201D3081A02E0C0F141000844C0B21D
:10386000704710B50648FFF7D9FE002803D1BDE820
:103870001040F7F7F1BA10BD0DE000E08809002014
:10388000AC00002004ED00E070B5154D2878401C18
:10389000C4B26878844202D000F0DBFA2C7070BDAC
:1038A0002DE9F0410E4C4FF0E02600BF00F0C6FAC3
:1038B00007F05EFA40BF20BF677820786070D6F8C6
:1038C0000052EDF759FD854305D1D6F8040210B931
:1038D0002078B842EAD000F0ACFA0020BDE8F081D0
:1038E000BC0000202DE9F04101264FF0E022310319
:1038F0004FF000084046C2F88011BFF34F8FBFF36E
:103900006F8F204CC4F800010C2000F02EF81E4DE3
:103910002868C04340F30017286840F01000286072
:10392000C4F8046326607F1C02E000BF07F020FAA1
:10393000D4F800010028F9D01FB9286820F0100041
:103940002860124805686660C4F80863C4F80081FE
:103950000C2000F00AF82846BDE8F08110B50446B6
:10396000FFF7C0FF2060002010BD002809DB00F039
:103970001F02012191404009800000F1E020C0F8C1
:103980008012704700C0004010ED00E008C5004004
:103990002DE9F047FF4C0646FF21A06800EB061218
:1039A00011702178FF2910D04FF0080909EB01119F
:1039B00009EB06174158C05900F0F4F9002807DD5B
:1039C000A168207801EB061108702670BDE8F08729
:1039D00094F8008045460DE0A06809EB05114158B8
:1039E000C05900F0DFF9002806DCA068A84600EB0B
:1039F00008100578FF2DEFD1A06800EB061100EB51
:103A000008100D700670E1E7F0B5E24B04460020A7
:103A100001259A680C269B780CE000BF05EB001787
:103A2000D75DA74204D106EB0017D7598F4204D0C7
:103A3000401CC0B28342F1D8FF20F0BD70B5FFF743
:103A4000EEF9D44C08252278A16805EB02128958BA
:103A500000F0A8F9012808DD2178A06805EB011124
:103A60004058BDE87040FFF7D1B9FFF7A1F8BDE8B5
:103A70007040F7F799BA2DE9F041C64C2578FFF769
:103A8000CEF9FF2D6ED04FF00808A26808EB05169E
:103A9000915900F087F90228A06801DD80595DE0A6
:103AA00000EB051109782170022101EB0511425C40
:103AB0005AB1521E4254815901F5800121F07F41D3
:103AC00081512846FFF764FF34E00423012203EB11
:103AD000051302EB051250F803C0875CBCF1000F20
:103AE00010D0BCF5007F10D9CCF3080250F806C006
:103AF0000CEB423C2CF07F4C40F806C0C3589A1A9D
:103B0000520A09E0FF2181540AE0825902EB4C324B
:103B100022F07F428251002242542846FFF738FFAC
:103B20000C21A06801EB05114158E06850F82720EE
:103B3000384690472078FF2814D0FFF770F9227894
:103B4000A16808EB02124546895800F02BF90128BC
:103B500093DD2178A06805EB01114058BDE8F041E4
:103B6000FFF754B9BDE8F081F0B51D4614460E4686
:103B70000746FF2B00D3FFDFA00700D0FFDF8548FB
:103B8000FF210022C0E90247C57006710170427032
:103B900082701046012204E002EB0013401CE15445
:103BA000C0B2A842F8D3F0BD70B57A4C064665782D
:103BB0002079854200D3FFDFE06840F82560607817
:103BC000401C6070284670BD2DE9FF5F1D468B4686
:103BD0000746FF24FFF723F9DFF8B891064699F866
:103BE0000100B84200D8FFDF00214FF001084FF07C
:103BF0000C0A99F80220D9F808000EE008EB01132E
:103C0000C35CFF2B0ED0BB4205D10AEB011350F869
:103C100003C0DC450CD0491CC9B28A42EED8FF2C47
:103C200002D00DE00C46F6E799F803108A4203D162
:103C3000FF2004B0BDE8F09F1446521C89F8022012
:103C400008EB04110AEB0412475440F802B00421B7
:103C5000029B0022012B01EB04110CD040F8012043
:103C60004FF4007808234FF0020C454513D9E905BD
:103C7000C90D02D002E04550F2E7414606EB413261
:103C800003EB041322F07F42C250691A0CEB0412BA
:103C9000490A81540BE005B9012506EB453103EBD8
:103CA000041321F07F41C1500CEB0411425499F8E8
:103CB00000502046FFF76CFE99F80000A84201D0A2
:103CC000FFF7BCFE3846B4E770B50C460546FFF773
:103CD000A6F8064621462846FFF796FE0446FF282A
:103CE0001AD02C4D082101EB0411A8684158304628
:103CF00000F058F800F58050C11700EBD140401398
:103D00000221AA6801EB0411515C09B100EB4120CA
:103D1000002800DC012070BD002070BD2DE9F047B7
:103D200088468146FFF770FE0746FF281BD0194DD5
:103D30002E78A8683146344605E0BC4206D02646B7
:103D400000EB06121478FF2CF7D10CE0FF2C0AD000
:103D5000A6420CD100EB011000782870FF2804D097
:103D6000FFF76CFE03E0002030E6FFF755F8414610
:103D70004846FFF7A9FF0123A968024603EB041395
:103D8000FF20C854A878401EB84200D1A87001EBAB
:103D9000041001E0540A002001EB061100780870BD
:103DA000104613E6081A0002C11700EB116000125A
:103DB0007047000010B5202000F07FF8202000F0B0
:103DC0008DF84D49202081F80004EDF7D3FA4B49D6
:103DD00008604B48D0F8041341F00101C0F8041307
:103DE000D0F8041341F08071C0F804134249012057
:103DF0001C39C1F8000110BD10B5202000F05DF89D
:103E00003E480021C8380160001D01603D4A481E3F
:103E100010603B4AC2F80803384B1960C2F8000131
:103E2000C2F8600138490860BDE81040202000F069
:103E300055B834493548091F08607047314933483F
:103E4000086070472D48C8380160001D521E02608E
:103E500070472C4901200860BFF34F8F70472DE950
:103E6000F0412849D0F8188028480860244CD4F83C
:103E700000010025244E6F1E28B14046EDF7D4F90D
:103E800040B9002111E0D4F8600198B14046EDF747
:103E9000CBF948B1C4F80051C4F860513760BDE8AF
:103EA000F041202000F01AB831684046BDE8F041EA
:103EB00006F068BFFFDFBDE8F08100280DDB00F0F1
:103EC0001F02012191404009800000F1E020C0F86C
:103ED0008011BFF34F8FBFF36F8F7047002809DB4E
:103EE00000F01F02012191404009800000F1E02014
:103EF000C0F880127047000020E000E0C8060240D1
:103F000000000240180502400004024001000001C8
:103F1000454800210170417010218170704770B5D3
:103F2000054616460C460220F3F7F2FB3E490120F7
:103F3000F61E08703D4806603C4808380560001FC2
:103F4000046070BD10B50220F3F7E2FB3649012092
:103F5000087000F051F836494FF40000086010BDB9
:103F600010B5314C207888B131494FF40000091D5B
:103F7000086000F04AF8002120B1012060702D484F
:103F8000006801E061701020A0702170BDE8104051
:103F90000020F3F7BDBB244810B5017859B126487D
:103FA000D0F8000128B100F030F8002800D001203E
:103FB00010BD022010BD407810BD10B5C824641E8D
:103FC000E4B2FFF7E8FF022803D0012800D0002068
:103FD00010BD002CF3D1FFDFF9E7134810B50178CD
:103FE00041B100F012F818B112480068C0B210BD1B
:103FF000102010BD807810BD0F480021C0F80011BE
:10400000C0F80411C0F8081170470B48D0F800112F
:1040100029B1D0F8041111B1D0F8080108B100207D
:104020007047012070470000BE00002010F50040DE
:1040300004F5014000F4004000F000404748002132
:1040400001704170704770B5064614460D46012058
:10405000F3F75EFB42480660001D0460001D05602A
:1040600070BD70B53D4901250D7040EA02413C4AE2
:1040700041F08071121F11603A4C0026C4F80461AF
:10408000394A4FF04071116058B1012800D0FFDF6C
:10409000C4F80062256034494FF00070091F0860C1
:1040A00070BDC4F80052256070BD2C48017871B114
:1040B0002D4A4FF0407111602A49D1F804210021A6
:1040C0001AB12A4A1268427000E041700170002063
:1040D000F3F71EBB2148017841B12248D0F8040112
:1040E000002802D021480068C0B27047407870476D
:1040F0002DE9F04700282AD01848007800B9FFDFE2
:10410000184DD5F80401002821D10227C5F8047301
:10411000174C2068C04340F30016206840F01000A0
:1041200020604FF400484FF0E029761C04E000BF07
:10413000C9F8808206F01CFED5F804010028F7D0EB
:104140001EB9206820F010002060C5F80873BDE893
:10415000F08704490120886070470000C1000020FA
:1041600008F5004000F0004008F5014000F4004070
:1041700010ED00E010B541F6A474012802D0022829
:1041800002D0FFDF204610BD41F2883010BD38B5A7
:10419000FE4D0024C5F80041C5F80C41C5F810419A
:1041A000C5F80441C5F81441C5F81841FFF70EFAE7
:1041B00008B1C5F82841F6480068009038BD70B5D0
:1041C000F44D00246C702C7000F0D2FD85F8254071
:1041D000EC620922002105F11800AC63F9F7D3F86D
:1041E000ED49601E0860091D0860091D0C60091D6D
:1041F0000860091D0C60091D0860091D0860091D83
:104200000860091D0860091D0860091D0860091D76
:104210000860091D0860091D086070BDDF4800B511
:10422000016801F00F01032905D0006800F00F00BC
:10423000042802D0FFDF012000BD022000BD00B530
:10424000012802D0022800D0FFDF002000BD00B509
:10425000012802D0022802D0FFDF282000BD18204C
:1042600000BD10B5CB4902681839CA4C0A634268D0
:104270004A63007A81F83800207E50B1207FF9F738
:10428000C0F8A07E08B1012100E00021207FF9F7ED
:10429000ADF8607E00280CD0607FF9F7B2F8E07EC0
:1042A00008B1012100E00021607FBDE81040F9F76E
:1042B0009DB810BD00F063BD10B500F060FDB348BF
:1042C000D0F80001002800D0FFDF10BD70B501203C
:1042D00000F030FDB2480025056001260660FFF7BA
:1042E00085F9B04C18B1206840F480602060FFF779
:1042F00036F928B12068AC4920F0770008432060E7
:10430000FFF764F938B1A748001D016821F47F4127
:1043100041F4B0510160A349A4483C310860FFF763
:1043200055F99C4C60B19D490220503184F8210020
:104330000860A0499E48086095481030091F086031
:104340004FF01020806C411C05D094497C310A68E4
:1043500060F317420A60914940F25B6028310860BF
:10436000091F40F203100860081F06608B490320F4
:1043700008608C48EC38066094F8211011B14FF4B5
:10438000C02100E08C498B4A41F46021943A1160CD
:104390008749884A091F083211607D490839121F70
:1043A0001160016821F440710160016841F480717D
:1043B0000160012000F0CFFC74491020C1F8040313
:1043C00084F83150E56270BD76483830016821F0DC
:1043D000010141F08071016070476E4A0368183A2C
:1043E000C2F81A308088D0836A48017270476948E1
:1043F00090F825007047674A517010707047F0B50B
:104400000546840061488B882044C0F820360B782C
:10441000D1F8011043EA0121C0F8001605F10800A7
:104420000127604C07FA00F6FC3C52B1012A00D08B
:10443000FFDF2068304320602068AF4038432060B1
:10444000F0BD2068B043F6E706F0E8B8514890F8B0
:1044500032007047514AC1781432116000684F49E8
:1044600000020C3108607047252807D0262807D0A5
:10447000272807D00A2807D8042206E0022107E0EF
:104480001A2105E0502103E0062202EB4001C9B2E7
:10449000424A083A116041494431086070473D483A
:1044A000817A012917D0022914D1417E002911D027
:1044B000827F0121C37F01FA02F299400A433D49FC
:1044C00094390A6090F820003C4A002102EB8000F9
:1044D000C0F810157047017EE8E72DE9F0472D4C34
:1044E000A17A01290BD0022975D1627E002A72D0EF
:1044F000012906D0677FE17E59B101260AE0227EBC
:10450000F4E7277FA17E09B1012600E000261121F2
:1045100001E000262421DFF898804FF0010AA8F17D
:104520004408C8F84CA0DFF898904518D9F8000066
:10453000A84200D3FFDF0021C8F84C11C9F8005091
:10454000380286F0010140EA015040F0031294F86D
:1045500020101A4800EB8103C3F8102500EB8101FD
:10456000A27F184800EBC203C3F81415164DC3F818
:104570001055E37F00EBC300C0F814150449083957
:10458000C0F810150AFA02F120E024E00010004003
:10459000181100407C0A0020000E00401015004059
:1045A000FC1F00403C170040880000802C00008960
:1045B000448000409CF5014000000404006000407D
:1045C0004C85004000F001404C8100400AFA03F0A5
:1045D0000143F9480160BDE8F0872DE9F0410E463E
:1045E000F64907460320C1F80002F54C94F8210073
:1045F00010B14FF4C02000E0F248EF4D2860304683
:1046000006F036F817B1012F0FD017E0FEF7DEFFE6
:1046100010B1304600F0C9FB0120A072A06B40F43D
:104620008010A0634FF4801007E00220A072A06BFE
:1046300040F40010A0634FF400102860F6F744F92E
:104640003146BDE8F04148E72DE9F05FDB4C074615
:1046500003200E469346C4F80002D94D95F8210078
:1046600010B14FF4C02100E0D649DFF84C93C9F8EF
:104670000010104605F0FCFFDFF83C834FF0010A04
:1046800008F1A808A7B3012F3ED0FFDFCE4806608F
:10469000C949CE48A4310860A86B40F40020A86343
:1046A000D4F800721025C4F808530020C4F80002A2
:1046B000C1494FF48028091DC1F8008004F5007439
:1046C000FFF765FD2760C9F80080C4F80451E903CD
:1046D000C9F80010BE49C1F84CA0BB48001D0068D5
:1046E000B04200D3FFDF59463046BDE8F05FF4E644
:1046F000FFE7FEF76BFF10B1584600F056FBC8F815
:10470000004085F80AA0C1E7AC49091DC8F80010AF
:104710000220A872BAE72DE9F041A94C064690465E
:1047200094F831000F46002500B9FFDF16B1012EC5
:1047300012D01DE094F83100012806D094F8302002
:104740004146384605F0A2FF10E094F8301042468A
:10475000384605F0DCFF09E094F8310094F8301099
:1047600001284246384609D005F0F8FFE16A4518AD
:10477000424629463046BDE8F04165E705F0A8FF0E
:10478000F4E708B5FF208DF800008C480021C0F840
:1047900010110121016104E09DF80010491E8DF8FF
:1047A00000109DF8001019B1D0F810110029F3D0B5
:1047B0009DF80000002800D1FFDF08BD2DE9F04181
:1047C0007E4CD4F8000220F00307D4F804034FF025
:1047D0001008C0F30016C4F808830025C4F800527E
:1047E000774890F8210010B14FF4C02000E07548E0
:1047F000714940F46020091D0860FFF750FEFFF783
:10480000C0FFC4F81051FEF7E1FE08B1C4F828510A
:1048100000F0AEFAC4F80072002E01D0C4F8048390
:10482000BDE8F081ADE700686A4920F07F4008608C
:10483000704710B5012000F07DFABDE8104001205E
:1048400000F089BA01465E4818221838F8F771BDA1
:104850004FF0E0210220C1F8000170475E49087066
:1048600070475C4938390860704770B50546F6F7FF
:104870002BF8534C2844E16A884200D8FFDF01201E
:104880002074F6F721F82844606194F8211041B1B2
:10489000084460614948D0F8001241F04001C0F876
:1048A00000124B490020C1F8440147496069091FC3
:1048B0000860BDE8704000F0A2BA70B5404C0646F2
:1048C00002200D462074FFF7A9FC024694F831003F
:1048D00094F8301001281BD0304605F081FF60614C
:1048E00094F8210048B16169084460613348D0F808
:1048F000001241F04001C0F8001235490020C1F813
:1049000044016169E06A08442F49091F086070BDCD
:104910002B46304605F037FFE1E727494FF480008A
:10492000091D08602648816B21F480018163002104
:10493000017470472A4A10B502EBC002274BC2F837
:104940001035C2F81415012181401B4801601C4834
:10495000826B0A43826310BD1D4801214160C16022
:104960000021C0F844111848001F01601448C162BA
:10497000704710B50446FEF729FE10B1104880F8C4
:1049800021401448243004600C48D0F8001241F053
:104990004001C0F8001210BD084810B5D0F8001250
:1049A00021F04001C0F80012FEF710FE0949243141
:1049B00000B10220086010BD04F501400010004065
:1049C0007C0A002000000404488500404881004023
:1049D000008000403C150040C3000020041100404E
:1049E00000F00140F948D0F8001221F01001C0F8A1
:1049F0000012012181617047F4480021C0F81C11A8
:104A0000D0F8001241F01001C0F800127047EF49D1
:104A100008B5D1F81C21012A01D0002008BDEC4ABC
:104A2000126802F07F02524202700020C1F81C019D
:104A3000E84800680090012008BDF0B517460C005A
:104A4000064600D1FFDFE44DE0072F7302D0012CB2
:104A500000D0FFDF46B102206872EC72012802D05C
:104A6000022800D0FFDFF0BD0120F5E770B5DA4C79
:104A70000021E27A930703D5830701D5430713D4B6
:104A8000D30605D594F8333013B194F835305BB1C3
:104A9000130702D594F8243033B9520702D594F89D
:104AA00025200AB1C00700D00121607A012518B184
:104AB000A1B1BDE8704081E694F8210010B14FF437
:104AC000C02000E0C548C6490860C048D0F80012C0
:104AD00021F00301C0F80012E57270BD012803D077
:104AE000022808D0FFDF70BD00F042F9A5729621C0
:104AF000227B002006E000F03BF90220A072227B1E
:104B000096210120BDE8704005E62DE9F05FDFF851
:104B1000D4B29BF80000042800D3FFDFB248D0F8DD
:104B20004C0108B1FFF7BBFCAB4CAD49A06B086072
:104B30004FF00008C4F8388000F06BF9DFF8AC9251
:104B40000546D9F80010A16294F8210008B1081AAE
:104B5000A062A648001F0068E062FFF75FFB84F8D0
:104B60003000A07ADFF868A2012184F83100AAF1B0
:104B7000440A022808D1607830B1DAF800201278AF
:104B800002402078904310D084F82480924EA807E9
:104B9000A6F1180605D5F5F797FEA16A081A31693E
:104BA0008847E80704D0002709E084F82410EDE7DF
:104BB000A80701D5012702E0280707D50227F5F746
:104BC00083FEE16A7269081A394690479BF8000033
:104BD000C0071CD1DAF800005746007800F00F003B
:104BE000072812D239680622A01C0931F8F774FB95
:104BF00038B9207A39680978B0EBD11F01D101208A
:104C000000E0002084F8250001E084F82580284693
:104C1000FFF72CFFE80701D030682FE0A80726D562
:104C200068071ED4FEF7D2FCD8B9FEF7DFFCC0B986
:104C30006748F4380168001F0068C0F3425CC0F3A5
:104C4000006700F00F03C0F30312C0F3032047B165
:104C50000BB102B128B921B1BCF1030F01D245F06B
:104C6000040545F380007168401C884709E0280767
:104C700001D5B06802E0E80602D5F068804700E0A0
:104C8000FFDFA07A02281BD1207C002818D0564ACA
:104C9000C2F8448102280FD0012800D0FFDFE16A6A
:104CA0006069884200D8FFDFD4F81410C9F80010FA
:104CB000BDE8F05F00F0A3B86169E06A0144F5E780
:104CC000BDE8F09F70B5054641F2643441F66A06CE
:104CD000022806D0012D12D0022D0CD0FFDF304665
:104CE00070BDFEF72FFC0028F6D1FEF738FC002837
:104CF000F2D141F6583441F29A00204470BD42F698
:104D0000CE3070BD324808300168032904D00068F5
:104D1000022801D000207047012070472C4808303D
:104D200001680B2904D000680A2801D000207047D0
:104D30000120704700280DDB00F01F020121914087
:104D40004009800000F1E020C0F88011BFF34F8FD0
:104D5000BFF36F8F7047002809DB00F01F020121AD
:104D600091404009800000F1E020C0F880127047B7
:104D700019480021417281720121C172704730B51A
:104D800000240546012902D002290BD0FFDF184874
:104D900004430F4834380460164805430C48303843
:104DA000056030BD4FF08074F1E7094A4032116868
:104DB00053060228D3F820031ED0C0F3062000BFFC
:104DC00021F4FE4141EA00201060704700100040CD
:104DD000481500401C1100407C0A0020000004041B
:104DE00008F50140C30000200080004044850040D9
:104DF0000801100000000302C0F30660E0E7354838
:104E0000816B41F48001816333494FF48000086075
:104E1000DBE7F8B52F4C314E0020217C19B1D6F8D4
:104E20004411012907D00023A27A2D49012A04D078
:104E3000022A0AD019E00123F6E7D1F80C01012873
:104E400001D0002011E008200FE0D1F80C0101286A
:104E500006D0002223480068012803D0042002E085
:104E60000222F7E7002010431843D1F81021012A4D
:104E70002ED0002505431C48026812F0FF0F03D016
:104E8000D1F81421012A00D0002284F832200068D1
:104E900010F0FF0F03D0D1F81801012800D0002036
:104EA00084F833000F481030006884F83400FFF7AE
:104EB00072F8012800D0002084F83500FFF767F968
:104EC0000020C6F844010948006800902846F8BD53
:104ED0001025CFE77C0A002004F501400080004047
:104EE0000010004000140040401600404481004083
:104EF00010B5444822220021F8F745FA4148002421
:104F0000017821F010010170012104F04DFC3D49B0
:104F10004FF6FF70263981F8224088843A4908808C
:104F2000488010BDE4E7704700F05FB83549016084
:104F30007047354908807047324926398A8CA2F576
:104F40007F43FF3B02D00021016008E091F822205E
:104F50002C492639012A02D0016001207047002027
:104F600070472848263810F8221F012908D001214F
:104F7000017025482349263900888884012070471C
:104F8000002070472049488070471E491E4B263933
:104F90008A8C5B889A4205D191F8222012B1016077
:104FA00001207047002070471648174A2638818C28
:104FB0005288914209D14FF6FF71818410F8221F67
:104FC00019B10021017001207047002070470D4881
:104FD0000D4A2638818C5288914204D190F82200E3
:104FE00008B10020704701207047064926398A8C95
:104FF000824205D1002081F822004FF6FF7088849C
:1050000070470000DE0A0020C400002070473D4ABF
:10501000012338B1012804D1137008689060888892
:105020009081704753700868C2F802008888D08069
:105030007047344A10B1012807D00EE0507860B1B3
:10504000D2F802000860D08804E0107828B1906897
:1050500008609089888001207047002070472949A6
:1050600010B1012802D005E0487800E0087808B1C6
:10507000012070470020704730B50C4605468DB0C2
:105080004FF0030104F1030012B1FEF741FB01E010
:10509000FEF75DFB60790D2220F0C00040F040007B
:1050A0006071002104A8F8F76EF9E0788DF81F0010
:1050B00020798DF81E0060798DF81D001022294698
:1050C0006846F8F736F9684604F036FE9DF82F007A
:1050D00020709DF82E0060709DF82D00A0700DB01E
:1050E00030BD10B5002904464FF0060102D0FEF78E
:1050F0000FFB01E0FEF72BFB607920F0C000607130
:1051000010BD0000C8000020FE48406870472DE92F
:10511000F0410E46074601461446012004F011FDF9
:10512000054697F86500FFF725F84AF2B1210844D3
:105130004FF47A71B0FBF1F1788840F2712250435C
:10514000C1EB4000041BA4F2663402F0BBFD00B1C9
:105150001E3CAE4201D2284600E03046A04204D2B6
:10516000AE4201D22C4600E034467C62BDE8F081BC
:1051700030B502460020002914D0A2FB01104C0AD1
:1051800044EAC054400A641C40F100000021D4F1FC
:10519000FF3240F2A175814100D2FFDF04F5F464D3
:1051A000B4FBF5F030BD2DE9FF4F8BB0044690F80D
:1051B00065008A460990DDE90D1008430890D24841
:1051C0000026007800F004FE054694F88C0100F0FB
:1051D000FFFD284480B2009094F87D000D2804D093
:1051E000002007900D9810B131E00120F9E794F804
:1051F0002C0103282BD1079848B3B4F8AE115145C0
:1052000025D1D4F83401C4F82001608840F2E2418D
:105210004843C4F82401B4F87A01B4F806110844EC
:10522000C4F82801204602F057FDB4F8B201E0822C
:1052300094F8B0016075B4F8B4016080B4F8B601B8
:10524000A080B4F8B801E080022084F82C01D4F8E2
:1052500084010590D4F880010390B4F80681B4F875
:105260007811D4F8740106900D9820B194F840019B
:1052700000287DD108E004F580700290743004901D
:1052800004F5B075001D07E004F5AA700290001D3A
:10529000049004F5A275001D0A90B4F87020AAEBE2
:1052A00002000FFA80F9AAEB010007B2002F05DA1D
:1052B000D4F87001069001204F46089092484FF0B4
:1052C000000B007970B3F5F7A1FC58B3B4F81801DE
:1052D000022827D394F82C01022823D094F8430104
:1052E00000BB94F88C0100F073FD00F5C86080B23B
:1052F000009094F82C01012845D0608840F2E241EA
:1053000048430099FFF734FF08EB0901CA1BD4F8A2
:10531000341180B2431A02FB03BBC4F834010120EC
:1053200084F8430194F82C0100286DD001287DD029
:1053300002287CD003287BD0FFDF00BFA6EB0B0147
:105340000698FCF70EFD0499012640F271220860D0
:105350000A990020A1F800A028702E710498006816
:10536000A8606088D4F834115043C1EB400000E0DD
:10537000BFE16549A0F23630C861896981427DD9B3
:10538000029908607BE194F88000032833D0012162
:10539000002004F0CDF8E18A40F27122514300EB85
:1053A00041000190D4F82401B8340099FFF7E0FEE1
:1053B000A16E226F431AA066DDE9001002FB03BB59
:1053C000FFF7D6FEA16FA067421A34F8B60C40F280
:1053D000E241484393440099FFF7CAFE08EB0901F4
:1053E000226FC91B8A1AE16F521E431A02FB03BBCC
:1053F000E067B83C93E7E08A40F27122D4F82411C8
:10540000504301EB4000CCE7039800B9FFDF0121D6
:10541000002004F08DF80646E08A40F271214843EE
:1054200006EB40000099FFF7A3FE02E0C0E058E061
:10543000DDE0C4F83001608840F2E2414843009961
:10544000FFF796FEC4F8340182B22046A16AFFF746
:105450005EFE14F8650FFEF7F2FE4FF47A7800F264
:10546000E140B0FBF8F1039801EB00092078FEF76A
:10547000E6FE07462078FEF77DFE00E0FDE03844BA
:105480004AF2AB310144B1FBF8F134F84F0C40F271
:105490007122504306EB4000411AD4F8CB0040F291
:1054A000E2430A1A02EB0906227814F8501C11FB99
:1054B00003F1203E00F0B9FC1349801C886114F808
:1054C0006509FEF7BCFE00F2E140B0FBF8F103987D
:1054D0000844301A40F2F6218842BFF42FAFFFDFB4
:1054E0002CE7E08A40F27122D4F82411504301EBFA
:1054F00040000099FFF73CFEC4F83001608840F29C
:10550000E24103E0000B0020D8000020484300994E
:10551000FFF72EFEC4F8340182B22046A16AFFF7DD
:10552000F6FDB8F1000F21D10E98F8B194F865603E
:105530003046FEF71FFE4AF2B12101444FF47A7063
:10554000B1FBF0F0D4F8301140F271230144E08A4D
:10555000D4F82421584302EB4000471A3046FEF7A6
:1055600076FE0599081A3E18203E0AE0E08A40F2CD
:105570007122D4F82411504301EB4000D4F83011CB
:10558000461AD4F82821D4F82011D4F8300140F27A
:10559000E24301FB020094F86520617D11FB03F1F9
:1055A00000F043FCF9498861012084F82C01C5E62C
:1055B000608840F271225043D4F83411D4F8282185
:1055C000C1EB40067E4308EB0900801AD4F8207135
:1055D000D4F83031401E07FB023200FB012094F862
:1055E0006520617D40F2E24311FB03F140E06088F9
:1055F00040F27122D4F834115043C1EB400694F8C4
:105600007C007E43242803D094F87D0024280AD10E
:10561000B4F8AE11AAEB010000B2002803DB94F845
:10562000B10100B109900898D8B1B8F1000F18D1B4
:10563000059808B1039800B9FFDF94F86500FEF7FC
:1056400099FD4AF2B12101444FF47A70B1FBF0F0B8
:10565000361A94F86500FEF7FAFD0599081A064413
:10566000203ED4F8341108EB090048430021099A80
:1056700000F0DBFBC549886160E602980160029892
:10568000616A0068084400F5D370E86002F01AFB14
:1056900010B1E8681E30E8606E71B4F8F010A1EB4C
:1056A0000A0000B2002801DD032068710798002875
:1056B0000E9822D0C0B100BFB4F81811B1B3B4F83D
:1056C0001A0100BFA4F81A0194F81C21401C42439F
:1056D0008A4209D26879401E002805DD6E71B4F84F
:1056E0001A01401CA4F81A010D9830B394F8400137
:1056F000F8B102200FB0BDE8F08F0028DCD194F89B
:105700002C010028F0D0608840F27122D4F83411C6
:105710005043C1EB4001284603F04EFE0004000C4C
:10572000E2D0189901B108800120E3E7FFE70020EB
:10573000C8E794F87C01FDF78CF994F87C012946C0
:1057400000F059FB20B10D9880F0010084F8410170
:105750000020CFE77CB50446FCF72FFE0146D4F8C5
:105760007001FDF72BFB214600F076FB94F87D10CD
:105770000D290AD0B4F87020B4F83E1113189942DC
:1057800006DB491CA4F83E1106E0B4F83E010CE02B
:10579000401C1044A4F83E0194F8420140B9B4F80A
:1057A0003E01B4F8F410884202D1401CA4F83E0136
:1057B000B4F87A0101AE401CA4F87A01B4F89A005A
:1057C000B4F89810401AB4F87010401E084485B21E
:1057D00009E000231A4620460096FFF7E4FCD0B10A
:1057E00001282ED0FFDFB4F83E11681A00B200285D
:1057F000EFDA082084F88D00012084F88C00204620
:1058000001F0F5FE204600F0F8FA60484079BDE866
:105810007C40F5F7C9BBA06E002811D0B4F83E015A
:10582000B4F89420801A01B2002909DD34F86C0F15
:105830000144491E91FBF0F189B201FB0020208553
:105840007CBDB4F83E01BDF804100844A4F83E0144
:10585000C9E770B54E4C607A08B1002070BD94F86D
:10586000300030B1616B606A884202D9F8F70CFBF6
:10587000F3E7A06AC8B1F7F725FF0546F7F7F9FE89
:10588000284442F210714618FCF797FD0546294658
:10589000E06AFDF793FAE562A16A8219914202D2A9
:1058A0000120A062E2E7081AA062012070BD70B575
:1058B000374C012500202575207494F8300004F140
:1058C000100650B14FF47A71A069FCF74AFAA06152
:1058D0000021304603F070FD10E0002000F00DFBC9
:1058E0000546F7F7EFFE05442946A069FCF739FAAB
:1058F000A0612946304603F05FFD451C208C411C09
:105900000A2901D228442084606828B1208C401CD8
:105910000A2801D3022000E003206075FFF799FFF9
:1059200038B1207B314600F066FA002800D1FFDF55
:1059300070BD00F0DAFA15484079BDE87040F5F71F
:1059400033BB38B50025044680F82C51A0F87851B7
:105950002B462A4629460095FFF725FC00B1FFDFBC
:10596000C4F828510120C4F8205184F82C01A4F86F
:105970003E51A4F83C5184F8425134F8700F401E57
:1059800024F8B80B0020A4F8525038BDD8000020ED
:10599000000B002010B530B1F749012807D00228CC
:1059A0000BD0FFDF10BDBDE8104000F0EABA486A36
:1059B000BDE81040002100F0B5BA002081F83000A9
:1059C000FCF7F9FBED484079BDE81040F5F7ECBA7B
:1059D0002DE9F0410646E8480F460178E74D0329D6
:1059E00009D1017BB14206D1406868613846BDE803
:1059F000F04100F0EEBA304600F0F3F90621FAF774
:105A00005DFB040000D1FFDF304600F0EAF9218899
:105A1000884200D0FFDF214638466C61BDE8F04186
:105A200000F027BA10B5D44C207848B1012060723C
:105A3000F8F74CFA2078032804D0207A002800D008
:105A40000C2010BD207BFDF704F8207BFDF772FAD7
:105A5000207BFCF78FFC00B9FFDF0020207010BD19
:105A600010B5FFF7DFFF00F0F1FAC348002180F81E
:105A70003010C172084610BDC049487100208870BE
:105A800001220A7048700A71C870BB490870E7E7C4
:105A9000BA49087070472DE9F047B74C07460E46E3
:105AA000207800284BD1B648FCF702FC20731F2851
:105AB00045D04FF00309676084F8009000256572B7
:105AC000257287B1012107F58E70FDF740FE062093
:105AD000FAF7A0FA97F81C11B1FBF0F200FB1210D4
:105AE000401C87F81C01FCF73EFC40F2F65188424E
:105AF00000D2084600F23F101FFA80F8F7F7B9FD10
:105B0000E061F7F7DFFD0127E0B1A772FCF755FC74
:105B10008246002000F0F1F900EB08015046FCF746
:105B200020F9A061C4E90A6A277584F815909249A2
:105B30002574207B103100F05EF990B910E00C2044
:105B4000BDE8F087FCF739FC4146FCF70AF9A06193
:105B5000A57284F83070A6F28B566663A562E3E7FF
:105B6000FFDF25840020F8F7B1F90020E8E783493A
:105B7000487070478149087170472DE9F0417F4CAA
:105B80000746E088401CE080D4E902516078D7F8ED
:105B9000806120B13246284603F036FC0546A068F5
:105BA000854205D02169281A08442061FDF7D3F801
:105BB000A560AE4205D897F82C01012801D0E07805
:105BC00010B10020BDE8F0810120FBE710B50446CC
:105BD0000846FEF7CFFA4AF2B12108444FF47A7131
:105BE000B0FBF1F040F2E2414C4300F23630844227
:105BF00001D9201A10BD002010BD7CB5044600203C
:105C000084F8400194F8FE0000283FD194F82C015C
:105C100003283BD1FCF7D1FB0146D4F87001FDF716
:105C2000CDF8002832DD214600F016F9411CB4F809
:105C300070000144A4F83C11B4F83C11B4F8F4200D
:105C4000511A09B2002921DD012184F84211B4F86A
:105C50009A10B4F8982001AE891A491E084485B2FA
:105C60000EE00096B4F83C11002301222046FFF715
:105C70009AFA00280AD0012809D0022806D0FFDFAE
:105C8000B4F83C01281A00B20028EADA7CBDB4F866
:105C90003C01BDF804100844A4F83C01F0E738B515
:105CA00000250446012902D13448C07868B1042097
:105CB00084F82C01FCF77FFAA4F87A51B4F870004C
:105CC000A4F83E0184F842515FE60095B4F8F41060
:105CD000012300222046FFF766FA0028EAD0FFDF02
:105CE000E8E710B5062916D2DFE801F00509030C34
:105CF0000C0D002100E00121BDE81040CFE7032199
:105D000080F82C1110BDB0F834118AB2816ABDE858
:105D10001040FFF7FCB9FFDF10BD70B5174CA1783C
:105D2000022916D1E188002913D16569C5F88401DB
:105D300095F86500FEF78BFAD5F88411081AA1686A
:105D40000144A160E1680844E060BDE8704000F0F3
:105D5000A9B970BD70B5054608488478022C11D0E9
:105D6000054C243401B34FF47A7601290ED0022970
:105D700010D0FFDF70BD0000000B0020D800002015
:105D8000D1590100446904F5C074EBE71846FEF7E9
:105D900056FA02E01046FEF795FF00F2E140B0FB34
:105DA000F6F0281A2060E5E72560E3E7FE4810B525
:105DB000007808B1002010BD0620FAF71DF980F028
:105DC000010010BDF8480078002800D0012070477D
:105DD00010B504460C2800D3FFDFF44830F8140057
:105DE00010BD10B504461F2800D3FFDFEE48383041
:105DF00030F8140010BDFCF711BD70B5044600204A
:105E000084F82C0194F87C514FF6FF761F2D00D3B7
:105E1000FFDFE548383020F8156094F87C01FCF786
:105E2000A9FA1F2084F87C01A4E770B505460C464A
:105E300016461046FEF79EF94AF2B12108444FF487
:105E40007A71B0FBF1F000EB450004443046FEF7F8
:105E5000FEF9204460308DE7002809D0D1F83421C4
:105E6000498840F271235943C2EB4101B0FBF1F084
:105E700070472DE9F04101250226CD4F0C46082838
:105E800031D2DFE800F0040E161611301A23204636
:105E900000F0ADF9204600F064F984F84051BE707E
:105EA00090E601F00AFF01E0FEF72FFE84F8405172
:105EB00088E62046BDE8F0414CE4FEF7B3FCFEF76F
:105EC00024FE4FF0E020C0F880627BE694F82C01BD
:105ED000042800D0FFDF2046FFF78FFF7879BDE868
:105EE000F041F5F761B8FFDF6CE610B5AE4C207BF2
:105EF000FCF740FA0020207010BD08B500284FF0D4
:105F00000101684602D0FDF703FC01E0FDF7F6FB56
:105F10009DF8000042F210710002B0FBF1F201FBAB
:105F2000120008BD2DE9F0419F4C0746002084F87F
:105F30003000A669E07220700120207201216068A3
:105F400003F0B2F86068C0F87061257B80F87C517E
:105F5000C0F88071C0F8746106881F2D00D3FFDF80
:105F60009148383020F815606068FFF7EAFC00B10E
:105F7000FFDFFCF720F98E484079BDE8F041F5F7E6
:105F800013B870B5884C0025A07A18B10120FFF72E
:105F9000B4FF0546F7F796FB4119A069FBF7E1FE50
:105FA000A061002525740320607501202075607AAA
:105FB00030B97D49207B1031FFF71DFF00B9FFDFAD
:105FC0002584FCF7F8F87A484079BDE87040F4F78A
:105FD000EBBF70B5744D04462878032800D0FFDF6E
:105FE000082C31D2DFE804F0040E2A2A2630302DA6
:105FF00000206862F7F77CFD00B1FFDF6C490320E9
:106000008870B7E6F7F735FBE9690446A14206D286
:10601000601A0421FCF705FFEC6108B906E0E861AD
:10602000F7F7B1FE0028ECD0FFDFA3E6BDE8704033
:106030000020AFE4BDE87040FEF767BDBDE87040EA
:1060400035E4BDE8704050E7FFDF93E6FEB5584CFD
:106050000120E0704FF6FF750CE00621FAF72EF8EC
:10606000060000D1FFDF96F87C01FCF763FF3046A5
:10607000FFF7C3FE69460620F9F7ADFF50B1FFDF19
:1060800008E0029830B190F82C1119B10088A842AC
:10609000E3D104E06846F9F77CFF0028F1D0002046
:1060A000E070FEBD2DE9F0474148446994F8431182
:1060B000002955D094F82C11032951D194F86590FA
:1060C0000078FFF785FE054694F88C01FFF780FE07
:1060D000284486B294F88C01FFF77AFE00F5C86078
:1060E0001FFA80F84846FEF7B2F8D4F884110D1A6A
:1060F0004846FEF73FF84FF47A7A00F2E730B0FBFB
:10610000FAF02D1A4846FEF7A2F8D4F800110F1A3B
:106110004846FEF72FF84AF2B1210144B1FBFAF0EC
:106120003A1AA2F160007043B0FBF8F1292000EBAD
:1061300052006031A0EB510200EB5100AA4201D89D
:10614000854201D3F4F714FE608840F2E2414843EF
:106150003146FFF70DF8C4F83401002084F84301FC
:10616000EEE470B50446FCF7FEF8054694F86500C9
:10617000FEF700F84AF2B12108444FF47A71B0FBFF
:10618000F1F0D4F8341140F2712201446088504398
:10619000C1EB4006303EB72D00D8B725214601207F
:1061A00003F0CFFC284405E0000B002088B201007A
:1061B000D8000020351A21460120A5F21B3503F036
:1061C000C0FC616A9C30814201D9081A00E00020BD
:1061D0002C49A842CD6000D328468860D4F86C01D1
:1061E000A0F5D3700861BDE87040FCF7B4BD10B5F0
:1061F000044624490020C4F88001C880C4F8840102
:1062000094F8410138B9FCF7D8F8D4F84C11FCF7F0
:10621000D5FD002813DCB4F83E11B4F870008142BB
:1062200001D1B4F8F410081AA4F8F600A4F870101C
:10623000D4F86801C4F84C01C4F870011CE0B4F84B
:106240003C01B4F87010401AA4F8F600B4F83C0110
:10625000A4F87000D4F84C01C4F86801C4F87001C7
:10626000D4F85401C4F80001D4F85801C4F87401FA
:10627000B4F85C01A4F878012046BDE8104001F0B4
:1062800006BC0000D80000202DE9F0410E4604466F
:1062900003F06FFB0546204603F06DFB044603F058
:1062A000FDF8FB4F010015D0386990F864208A4250
:1062B00010D090F8C4311BB190F8C63123421FD0E2
:1062C0002EB990F85D30234201D18A4218D890F857
:1062D000C401A8B1284603F0E1F870B1396991F81A
:1062E0006520824209D091F8C40118B191F8C70124
:1062F000284205D091F8C40110B10120BDE8F08119
:106300000020FBE730B5E24C85B0E06900285ED0A4
:10631000142200216846F7F736F8206990F86500E6
:10632000FDF728FF4FF47A7100F5FA70B0FBF1F534
:10633000206990F86500FDF78AFF2844ADF8060053
:1063400020690188ADF80010B0F87010ADF80410A5
:106350004188ADF8021090F8A60130B1A069C11CC7
:10636000039103F01FFA8DF81000206990F8A50141
:106370008DF80800E169684688472069002180F8A7
:10638000A61180F8A5110399002920D090F8A41136
:1063900000291CD190F87C10272918D09DF81010E6
:1063A000039A002913D013780124FF2B11D0072B57
:1063B0000DD102290BD15178FF2908D180F8A441D1
:1063C0000399C0F8A8119DF8101080F8A71105B026
:1063D00030BD1B29F2D9FAE770B5AD4C206990F8B1
:1063E0007D001B2800D0FFDF2069002580F8A75022
:1063F00090F8D80100B1FFDF206990F8A81041B1F2
:1064000080F8A8500188A0F8DC1180F8DA510C213E
:1064100008E00188A0F8DC1180F8DA51012180F849
:10642000DE110B2180F8D8110088F9F77AFFF9F70F
:1064300023FC2079F4F7B8FD206980F87D5070BD09
:1064400070B5934CA07980072CD5A078002829D16D
:1064500062692046D37801690D2B01F170005FD08D
:106460000DDCA3F102034FF001050B2B19D2DFE87D
:1064700003F01A1844506127182C183A6400152BA1
:106480006FD008DC112B4BD0122B5AD0132B62D0BB
:10649000142B06D166E0162B71D0172B70D0FF2B72
:1064A0006FD0FFDF70BD91F87F200123194602F005
:1064B00038FF0028F6D12169082081F87F0070BDDF
:1064C0001079BDE8704001F0A2BC91F87E00C007D1
:1064D00000D1FFDF01F05AFC206910F87E1F21F087
:1064E0000101017070BD91F87D00102800D0FFDF20
:1064F0002069112180F8A75008E091F87D00142848
:1065000000D0FFDF2069152180F8A75080F87D10AA
:1065100070BD91F87D00152800D0FFDF172005E041
:1065200091F87D00152800D0FFDF1920216981F83E
:106530007D0070BDBDE870404EE7BDE8704001F0E1
:106540003ABC91F87C200123002102F0EAFE00B958
:10655000FFDF0E200FE011F87E0F20F0040008701E
:106560001DE00FE091F87C200123002102F0D9FE0C
:1065700000B9FFDF1C20216981F87C0070BD12E0AA
:106580001BE022E091F87E00C0F30110012800D04A
:10659000FFDF206910F87E1F21F010010170BDE8B7
:1065A000704001F0F3BB91F87C200123002102F040
:1065B000B8FE00B9FFDF1F20DDE791F87D0021283C
:1065C00001D000B1FFDF2220B0E7BDE8704001F04C
:1065D000E9BB2F48016991F87E20130702D50121FC
:1065E0008170704742F0080281F87E208069C0788F
:1065F00081F8E10001F0C1BB10B5254C21690A8882
:10660000A1F81A2281F8180291F8640001F0A9FBA0
:10661000216981F81C0291F8650001F0A2FB216953
:1066200081F81D02012081F81602002081F8C401C2
:106630002079BDE81040F4F7B7BC10B5144C052123
:106640002069FFF74EFB206990F85A10012908D005
:1066500000F5F77103F048FA2079BDE81040F4F72F
:10666000A3BC022180F85A1010BD10B5084C0123BC
:106670000921206990F87C20703002F052FE48B168
:106680002169002001F8960F087301F81A0C10BD5B
:10669000F80000200120A070F9E770B5FE4D01233D
:1066A00029462869896990F87C2009790E2A01D148
:1066B000122903D000241C2A03D004E0BDE8704056
:1066C000D3E7142902D0202A07D008E080F87C40C4
:1066D00080F8A240BDE87040AFE7162906D0262A10
:1066E00001D1162902D0172909D00CE000F87C4FFF
:1066F00080F82640407821280CD01A2017E090F826
:106700007D20222A07D0EA69002A03D0FF2901D17F
:1067100080F8A63132E780F87D4001F037FB286928
:1067200080F8974090F8C4010028F3D00020BDE81D
:10673000704061E72DE9F843D74C206990F87C1050
:10674000202909D05FF0000790F87D10222905D09C
:106750007FB300F17C0503E00127F5E700F17D053B
:1067600010F8B01F41F004010170A06903F007F9AF
:106770004FF00108002608B33946A069FFF784FDF1
:10678000E0B16A46A169206902F096FE90B3A06963
:1067900003F0F3F82169A1F8AE01B1F8701001F02F
:1067A000C6FA40B32069282180F88D1080F88C80CB
:1067B00048E0FFE70220A070BDE8F883206990F868
:1067C000C40110B11E20FFF717FFAFB1A069216906
:1067D000C07881F8E20008FA00F1C1F3006000B966
:1067E000FFDF20690A2180F87C1090F8A20040B9F0
:1067F000FFDF06E009E01AE02E7001F0C7FAFFF7AC
:10680000E8FE206980F89760D6E7206990F8C40117
:1068100018B10020FFF7F0FE2E70206900F17D0115
:1068200080F897608D420DD180F87D600AE0206984
:106830009DF8001080F8B0119DF8011080F8B1119A
:1068400024202870206900F17D018D4203D1BDE82C
:10685000F84301F09BBA80F8A260ADE770B58E4CAA
:1068600001230B21206990F87D20703002F059FD42
:10687000202650BB20690123002190F87D20703034
:1068800002F04FFD0125F0B1206990F87C0024282A
:106890001BD0A06903F063F8C8B1206990F8B0106C
:1068A00041F0040180F8B010A1694A7902F00702B2
:1068B00080F85D20097901F0070180F85C1090F8FC
:1068C000C5311BBB06E0A57058E6A67056E6BDE8CC
:1068D00070407EE690F8C431C3B900F164035E787D
:1068E0008E4205D11978914202D180F897500DE07F
:1068F00000F504710D7002884A8090F85C200A71DE
:1069000090F85D0048712079F4F74EFB2169212051
:1069100081F87D00BDE8704001F02FBAF8B55E4CFB
:10692000206990F87E0010F0300F04D0A07840F07D
:106930000100A070F8BDA06902F0FAFF50B3A06991
:1069400002F0F0FF0746A06902F0F0FF0646A069DA
:1069500002F0E6FF0546A06902F0E6FF0146009757
:10696000206933462A46303003F046F8A079800784
:1069700003D56069C07814280FD0216991F87C0094
:106980001C280AD091F85A0001280ED091F8BB01BA
:1069900058B907E0BDE8F8401BE62169012081F8FD
:1069A0005A0002E091F8BA0130B1206910F87E1F58
:1069B00041F0100101700EE091F87E0001F5FE72C9
:1069C00040F0200081F87E0031F8300B03F080F8B1
:1069D0002079F4F7E9FABDE8F84001F0CEB970B5D6
:1069E0002D4C206990F87E10890707D590F87C20FF
:1069F00001230821703002F094FCE8B1206990F87E
:106A0000AA00800712D4A06902F073FF216981F8FF
:106A1000AB00A06930F8052FA1F8AC204088A1F8A0
:106A2000AE0011F8AA0F40F002000870206990F83B
:106A3000AA10C90703D00FE00120A0709EE590F8CE
:106A40007E00800700D5FFDF206910F87E1F41F02F
:106A50000201017001F091F92069002590F87C1085
:106A6000062906D180F87C5080F8A2502079F4F7EE
:106A70009BFA206990F8AC110429DFD180F8AC5161
:106A80002079F4F791FA206990F87C100029D5D18B
:106A900080F8A25072E50000F800002070B5FE4CAE
:106AA00001230021206990F87D20703002F039FC2C
:106AB000012578B9206990F87D20122A0AD0012397
:106AC0000521703002F02DFC10B10820A07055E5B2
:106AD000A57053E5206990F8A80008B901F04DF9B8
:106AE0002169A06901F5847102F0F1FE2169A069B4
:106AF000D83102F0F2FE206990F8E00100B1FFDF2A
:106B000021690888A1F8E20101F5F271A06902F09B
:106B1000D6FE2169A06901F5F67102F0D5FE206963
:106B200080F8E051142180F87D102079BDE8704094
:106B3000F4F73ABA70B5D84C01230021206990F8D7
:106B40007D20703002F0EDFB0125A8B1A06902F0B4
:106B50008CFE98B1A0692169B0F80D00A1F8AE01D2
:106B6000B1F8701001F0E3F858B12069282180F8DD
:106B70008D1080F88C5001E5A570FFE4BDE87040F1
:106B800027E5A0692169027981F8B021B0F80520D4
:106B9000A1F8B22102F060FE2169A1F8B401A06958
:106BA00002F05DFE2169A1F8B601A06902F05AFE6B
:106BB0002169A1F8B8010D2081F87D00DEE47CB5E3
:106BC000B54CA079C00738D0A06901230521C5784C
:106BD000206990F87D20703002F0A3FB68B1AD1EF3
:106BE0000A2D06D2DFE805F00909050509090505A2
:106BF0000909A07840F00800A070A07800281CD1F6
:106C0000A06902F0FFFD00287AD0A0690226C578AD
:106C10001DB1012D01D0162D18D1206990F87C00EE
:106C200002F067FB90B1206990F87C101F290DD00D
:106C3000202903D0162D16D0A6707CBD262180F801
:106C40007C10162D02D02A20FFF7D6FC0C2D58D030
:106C50000CDC0C2D54D2DFE805F033301D44A7A71F
:106C6000479E57A736392020A0707CBD0120152DE6
:106C700075D008DC112D73D0122D69D0132D64D07E
:106C8000142D3DD178E0162D7CD0182D7DD0FF2D10
:106C900036D183E020690123194690F87F207030B7
:106CA00002F03FFBF8B9A06902F007FE216981F804
:106CB0009201072081F87F0078E001F044F975E047
:106CC000FFF738FF72E001F01EF96FE0206990F8DD
:106CD0007D10112901D0A67068E0122180F87D1086
:106CE00064E0FFF7DBFE61E0206990F87D00172883
:106CF000F1D101F04BF821691B2081F87D0055E0AE
:106D000052E0FFF76CFE51E0206990F87E00C0076A
:106D100003D0A07840F001001FE06946A06902F0AE
:106D2000EAFD9DF8000000F02501206900F8B01F81
:106D30009DF8011001F04101417001F01EF8206939
:106D400010F87E1F41F0010114E0FFF78EFC2DE0EA
:106D5000216991F87E10490705D5A07026E00EE064
:106D600016E00FE011E001F008F8206910F87E1F2E
:106D700041F00401017019E0FFF7D0FD16E001F0C9
:106D80008AF813E0FFF76AFD10E0FFF7D3FC0DE08F
:106D900001F060F80AE0FFF780FC07E0E16919B153
:106DA000216981F8A60101E0FFF713FC2069F0E9F1
:106DB0003012491C42F10002C0E900127CBD70B5DE
:106DC000354CA07900074AD5A078002847D1206922
:106DD00090F8E400FE2800D1FFDF2069FE210025A5
:106DE00080F8E41090F87D10192906D180F8A7509A
:106DF00000F0CCFF206980F87D50206990F87C106D
:106E00001F2902D0272921D119E090F87D0002F036
:106E100070FA78B120692621012380F87C1090F85F
:106E20007D200B21703002F07CFA78B92A20FFF720
:106E3000E3FB0BE02169202081F87C0006E00121C2
:106E400080F8A51180F87C5080F8A250206990F855
:106E50007F10082903D10221217080F8E41059E441
:106E600010B50D4C216991F8B0210AB991F8642050
:106E700081F8642091F8B1210AB991F8652081F870
:106E8000652010B10020FFF7B7FB206902F0D4FDA8
:106E9000002809D0206901E0F8000020BDE810407A
:106EA00000F5F77102F020BE10BD70B5FC4C06462F
:106EB0000D46206990F8E400FE2800D0FFDF22692B
:106EC000002082F8E46015B1A2F8A40022E422F8C0
:106ED0009E0F012010711DE470B5F14C01230021BB
:106EE000206990F87C20703002F01BFA002869D0ED
:106EF000206990F8BA1111B190F8BB1139B190F82E
:106F0000C41100295DD090F8C51111B359E090F873
:106F10007D1024291BD090F87C10242917D0002341
:106F200000F5D87200F5DD7102F058FD21690020EE
:106F300081F8BA0101461420FFF7B7FF216901F17A
:106F40003000C28A21F8E62F408B48803FE00123C1
:106F5000E6E790F87D2001230B21703002F0E1F983
:106F600078BB206990F8640000F0FBFE05462069BC
:106F700090F8650000F0F5FE0646206990F8C6110D
:106F8000284600F0E0FE50B1206990F8C711304665
:106F900000F0D9FE18B10020FFF72EFB11E02069A8
:106FA0000123032190F87D20703002F0BAF940B936
:106FB00020690123022190F87D20703002F0B1F9A0
:106FC00008B1002080E400211620FFF76EFF0120A9
:106FD0007AE410B5F0BBB24C206990F87E10CA0775
:106FE00002D00121092051E08A070AD501210C2095
:106FF000FFF75BFF206910F8AA1F41F00101017043
:1070000046E04A0702D5012113203FE00A0705D5D3
:1070100010F8E11F41710121072037E011F0300F16
:107020003AD090F8BB11A9B990F8BA11D9B190F83B
:107030007D1024292ED090F87C1024292AD00023FA
:1070400000F5D87200F5DD7102F0C8FC216911F875
:107050007E0F00E020E020F0200040F010000870DB
:10706000002081F83C01206990F87E10C90613D5F4
:1070700002F0E2FCFFF7E1FA216901F13000C28A77
:1070800021F8E62F408B488001211520FFF70DFFE6
:10709000012010BD0123D3E7002010BD70B5804C46
:1070A000206990F8E410FE2978D1A178002975D1E3
:1070B00090F87F2001231946703002F032F9002841
:1070C0006CD1206990F8901149B10021A0F89C1072
:1070D00090F8911180F8E610002102205BE090F812
:1070E0007D2001230421703002F01BF90546FFF7D3
:1070F00070FF002852D1284600F089FF00284DD1AA
:1071000020690123002190F87C20703002F009F9F9
:1071100078B120690123042190F87D20703002F0BD
:1071200000F930B9206990F8960010B100211220C2
:1071300031E0206990F87C200A2A0DD0002D2DD155
:1071400001230021703002F0ECF878B1206990F84A
:10715000AC1104290AD105E010F8E21F01710021E9
:10716000072018E090F8AA00800718D0FFF7B4FEB7
:10717000002813D120690123002190F87C20703071
:1071800002F0CFF8002809D0206990F8A401002867
:1071900004D00021FF20BDE8704086E609E0002110
:1071A0000C20FFF782FE206910F8AA1F41F00101B0
:1071B000017043E43EB505466846FDF7BDFE00B9E3
:1071C000FFDF222200210098F6F7DDF80321009866
:1071D00002F0FFFA0098017821F0100101702946B1
:1071E00002F01DFB2E4C0D2D40D00BDCA5F102054D
:1071F0000B2D19D2DFE805F01F184719191F185673
:1072000018192400152D5ED008DC112D25D0122D63
:107210000BD0132D09D0142D06D154E0162D29D0F2
:10722000172D69D0FF2D73D0FFDFFDF79AFE0028E0
:1072300000D1FFDF3EBD2169009891F8E61017E00C
:10724000E26800981178017191884171090A817191
:107250005188C171090A0172E7E70321009802F021
:10726000A6FB0621009802F0A6FBDEE700980621A7
:107270000171DAE70098216991F8C621027191F84D
:10728000C7114171D1E72169009801F5887102F0B9
:1072900028FB21690098DC3102F028FBC5E70000DB
:1072A000F8000020F849D1E90001CDE90101206989
:1072B00001A990F8B00000F025008DF804000098B6
:1072C00002F048FBB1E72069B0F84810009802F0DE
:1072D00017FB2069B0F8E810009802F015FB206950
:1072E000B0F84410009802F013FB2069B0F8E610E3
:1072F000009802F011FB98E7216991F8C401002879
:107300000098B9D111F8642F02714978B9E7FFE705
:10731000206990F8A721D0F8A811009802F08DFA02
:1073200083E7DA4810B5006990F8821041B990F807
:107330007D2001230621703001F0F3FF002800D0EA
:10734000012010BD70B5D14D286990F8801039B179
:10735000012905D0022906D0032904D0FFDF0AE461
:10736000B0F8F41037E090F87F10082936D0B0F864
:107370009810B0F89A2000248B1C9A4206D3511A18
:10738000891E0C04240C01D0641EA4B290F896103F
:1073900039B190F87C2001230921703001F0C1FF40
:1073A00040B3FFF7BEFF78B129690020B1F8902003
:1073B000B1F88E108B1C9A4203D3501A801E00D055
:1073C000401EA04200D284B20CB1641EA4B228694F
:1073D000B0F8F4102144A0F8F01040E5B0F898108F
:1073E0000329BDD330F8701F428D1144491CA0F809
:1073F000801034E50024EAE770B50C4605464FF4EA
:10740000087200212046F5F7BEFF258027E5F8F732
:107410005FBF2DE9F0410D4607460621F8F74EFE05
:10742000041E3ED094F8CC010026B8B16E7007203F
:1074300028700DE0268484F8CC61D4F8CE01C5F81C
:107440000200D4F8D201C5F80600B4F8D60168816C
:1074500094F8CC010028EDD1AE70B6E094F8D801D4
:1074600090B394F8D8010B2813D00C2801D0FFDF7B
:10747000ABE02088F8F755FF0746F8F712FC78B91B
:107480006E700C20287094F8DA01A8702088A8800B
:1074900014E02088F8F745FF0746F8F702FC10B122
:1074A0000020BDE8F0816E700B20287094F8DA019E
:1074B000A8702088A88094F8DE01A87184F8D861AB
:1074C0003846F8F7E8FB80E0FFE794F80E0230B1A9
:1074D0006E700E20287084F80E626F8075E094F84C
:1074E000E00180B16E700820287020886880D4F890
:1074F000E4116960D4F8E811A960B4F8EC01A8813E
:1075000084F8E06161E094F8080270B16E701620B2
:10751000287005E084F80862D4F80A02C5F8020071
:1075200094F808020028F5D14FE094F8EE01B0B1CC
:107530006E70122028700DE084F8EE61D4F8F0012E
:10754000C5F80200D4F8F401C5F80600D4F8F80133
:10755000C5F80A0094F8EE010028EDD135E094F862
:10756000FC0180B16E701820287084F8FC61D4F89A
:10757000FE01C5F80200D4F80202C5F80600B4F80E
:107580000602688121E094F8100240B119202870A9
:1075900084F81062D4F81202C5F8020015E094F8DD
:1075A000160200283FF47DAF6E701320287008E0AB
:1075B00084F81662D4F81802C5F80200B4F81C0268
:1075C000E88094F816020028F2D1012069E72F48DC
:1075D0000021C16101620846704730B52B4D0C4651
:1075E000E860FFF7F4FF00B1FFDF2C7130BD002130
:1075F00080F87C1080F87D1080F8801090F8FE10E4
:1076000009B1022100E00321FEF76BBB2DE9F04137
:107610001E4C0546206909B1002104E0B0F80611AE
:10762000B0F8F6201144A0F8061190F8901139B97D
:1076300090F87F2001231946703001F072FE30B1BE
:10764000206930F89C1FB0F85A201144018020694D
:1076500090F8A23033B1B0F89E10B0F8F620114483
:10766000A0F89E1090F9A670002F06DDB0F8A410C7
:10767000B0F8F6201144A0F8A41001213D263DB138
:1076800080F88D6018E00000A0B20100F800002032
:107690002278022A0AD0012A11D0A2782AB380F8CF
:1076A0008C1012F0140F0DD01E2113E090F8E6207C
:1076B000062A3CD016223AE080F88C1044E090F87C
:1076C000922134E0110702D580F88D603CE09106EC
:1076D00003D5232180F88D1036E0900700D1FFDF1D
:1076E00021692A2081F88D002AE02BB1B0F89E2074
:1076F000B0F8A0309A4210D2002F05DDB0F8A420D7
:10770000B0F8A0309A4208D2B0F89C30B0F89A2075
:10771000934204D390F890310BB1222207E090F805
:1077200080303BB1B0F89830934209D3082280F8FA
:107730008D20C1E7B0F89820062A01D33E22F6E753
:10774000206990F88C1019B12069BDE8F0414EE72E
:10775000BDE8F0410021FEF7C4BA2DE9F047FF4C27
:1077600081460D4620690088F8F7EDFD060000D13E
:10777000FFDFA0782843A070A0794FF000058006B5
:10778000206904D5A0F8985080F8045103E030F83F
:10779000981F491C0180FFF7C4FD012740B3E08812
:1077A000000506D5206990F8821011B1A0F88E501E
:1077B0001EE02069B0F88E10491C89B2A0F88E1026
:1077C000B0F890208A4201D3531A00E00023B4F8A5
:1077D00008C00CF1050C634501D880F89670914201
:1077E00006D3A0F88E5080F80E722079F3F7DCFBF8
:1077F000A0794FF0020810F0600F0ED0206990F8C9
:10780000801011B1032908D102E080F8807001E0F6
:1078100080F880800121FEF764FA206990F88010DA
:10782000012904D1E188C90501D580F88080B9F12A
:10783000000F71D1E188890502D5A0F8185104E044
:10784000B0F81811491CA0F8181100F0A7FBFEF7BA
:1078500059FDFFF723FC00F0B2FD0028206902D09B
:10786000A0F8F85003E030F8F81F491C018000F040
:10787000A9FD38B1206990F80411022907D8491CE4
:1078800080F80411206990F80401022804D92069C5
:1078900020F8F85F4580057320690123002190F8E6
:1078A0007D20703001F03DFD20B9206990F87D0009
:1078B0000C286AD120690123002190F87C207030C7
:1078C00001F02FFD48B320690123002190F87F20AB
:1078D000703001F026FD00B3206990F88010022975
:1078E00053D190F80401C0B93046F7F7AAFFA0B110
:1078F000216991F8E400FE2847D1B1F8F20001288F
:1079000043D981F8FD70B1F89A20B1F89800931E20
:10791000984203DB012004E043E036E0101A401EE9
:1079200080B2B1F8F82023899A4201D3012202E003
:107930009A1A521C92B2904200D91046012801D1E5
:1079400081F8FD5091F86F206AB98A6E5AB1B1F88A
:107950009420B1F87030D21A12B2002A03DD90429E
:1079600000DB104680B291F8892192B1B1F8FA207B
:10797000B1F88A118A4201D3012102E0891A491C17
:1079800089B2884205D9084603E02169012081F8BF
:10799000FD502169B1F870201044A1F8F400FFF700
:1079A000D1FCE088C0F340214846FFF72FFE206954
:1079B00080F8FE50BDE8F047FDF7F6BA6749024689
:1079C0008878CB78184312D10846006942B189798A
:1079D000090703D590F87F00082808D001207047D8
:1079E000B0F84C10028E914201D8FEF7C6B80020C4
:1079F000704770B5594C05460E46E0882843E08034
:107A0000A80703D5E80700D0FFDF6661EA074FF05B
:107A100000014FF001001AD0A661F278062A02D0C8
:107A20000B2A14D10AE0226992F87D30172B0ED16F
:107A30000023E2E92E3302F8370C08E0226992F8BD
:107A40007D30112B03D182F8811082F8A800AA079B
:107A500018D56269D278052A02D00B2A12D10AE021
:107A6000216991F87D20152A0CD10022E1E930220C
:107A700001F83E0C06E0206990F87D20102A01D123
:107A800080F88210280601D50820E07067E42DE90F
:107A9000F84F324C00254FF00108E580A570E570E5
:107AA0004146257061F3070220619246814680F8C5
:107AB000FE800088F8F747FC070000D1FFDF20694F
:107AC0000088FDF736FA20690088FDF75BFA206927
:107AD000B0F8F21071B190F8E410FE290FD190F8CF
:107AE000901189B190F87F2001231946703001F080
:107AF00018FC78B1206990F8E400FE2804D02069D1
:107B000090F8E400FFF756FB206990F8FF1089B168
:107B1000258118E02069A0F89C5090F8911180F818
:107B2000E61000210220FFF7C0F9206980F8FD501F
:107B30000220E7E790F8CC1119B9018C82889142B4
:107B400000D881882181B0F8F610491E8EB2B0F8B5
:107B5000F8103144A0F8F81002E00000F80000200E
:107B600090F8FC1021B1A0F8FA5080F8FC5004E025
:107B7000B0F8FA103144A0F8FA1030F8981F3144E8
:107B80000180FFF7CEFB20B1206930F88E1F314411
:107B900001802069B0F8F210012902D8491CA0F830
:107BA000F2100EB180F8045190F8FD10A1B1B0F8B8
:107BB000F800218988420FD23846F7F742FE58B1C3
:107BC000206990F8891139B1B0F8FA10B0F88A013B
:107BD000814201D300F0F9FB206980F8FD5090F854
:107BE0007D100B2901D00C2916D1B0F87020B0F807
:107BF000AE31D21A12B2002A0EDBD0F8B011816079
:107C000090F8B4110173032101F04EFA206980F855
:107C10007D5080F8B28026E0242910D1B0F8701091
:107C2000B0F8AE21891A09B2002908DB90F8C40126
:107C3000FFF716F9206900F87D5F857613E090F86C
:107C40007C10242901D025290DD1B0F87010B0F88E
:107C5000AE01081A00B2002805DB0120FFF700F989
:107C6000206980F87C5020690146B0F8F620703019
:107C700001F0C8FA206990F8891109B1A0F8FA500A
:107C8000F6480090F64BF74A4946504600F0DEFAB7
:107C9000216A11B16078FCF74DFE206901230521AE
:107CA00090F87D20703001F03CFB002803D0BDE847
:107CB000F84F00F038BABDE8F88F00F045BBEA494C
:107CC000C8617047E848C069002800D001207047AB
:107CD000E54A50701162704710B50446B0F8B421FF
:107CE0004388B0F8B611B0F8B8019A4205D1A3881C
:107CF000994202D1E38898420FD02388A4F8D0316A
:107D0000A4F8D221A4F8D411A4F8D601012084F853
:107D1000CC01D5480079F3F747F90221204601F05C
:107D2000C3F9002004F87D0F0320E07010BD401A55
:107D300000B247F6FE71884201DC002801DC012018
:107D4000704700207047012802D0022805D102E0C8
:107D5000012904D001E0022901D000207047012050
:107D6000704710B5012804D0022804D0FFDF204658
:107D700010BD0124FBE70224F9E7BB48002100699C
:107D800020F8A41F8178491C81707047B64800B55F
:107D9000016911F8A60F401E40B20870002800DAF1
:107DA000FFDF00BDB0482721006980F87C1000216A
:107DB00080F8A411704710B5AB4C206990F8AC1155
:107DC000042916D190F87C2001230021703001F0A5
:107DD000A8FA00B9FFDF206990F8AA10890703D438
:107DE000062180F87C1004E0002180F8A21080F8C1
:107DF000AC11206990F87E00800707D5FFF7C6FF19
:107E0000206910F87E1F21F00201017010BD964913
:107E100010B5096991F87C200A2A09D191F8E2206D
:107E2000824205D1002081F87C0081F8A20010BDBB
:107E300091F87E20130706D522F0080081F87E0015
:107E4000BDE81040A2E7FF2801D0FFDF10BDBDE86C
:107E50001040A7E710B5844C206910F8B01F41F01E
:107E600004010170A06901F0A4FD162806D1206963
:107E700090F87C00202802D0262805D010BDA069EB
:107E800001F09BFDFEF7B8FB2169002081F87C0022
:107E900081F8A20010BDF8B5734C01230A212069B6
:107EA00090F87C20703001F03CFA38B3A06901F002
:107EB0003FFDC8B1A06901F035FD0746A06901F09A
:107EC00035FD0646A06901F02BFD0546A06901F0CD
:107ED0002BFD01460097206933462A46303001F0D9
:107EE0008BFD206901F0A8FD2169002081F8A20026
:107EF00081F87C00BDE8F840FEF79FBBA07840F019
:107F00000100A070F8BD10B5574C01230021206975
:107F100090F87D20703001F004FA30B1FFF72DFFAA
:107F20002169102081F87D0010BD20690123052101
:107F300090F87D20703001F0F4F908B1082000E0DD
:107F40000120A07010BD70B5474C012300212069AD
:107F500090F87D20703001F0E4F9012588B1A06926
:107F600001F0A8FC2169A1F8AE01B1F87010FFF78B
:107F7000DEFE40B12069282180F88D1080F88C50F9
:107F800084E5A57082E52169A06901F5D87101F049
:107F90008CFC21690B2081F87D0077E510B5FEF798
:107FA0000EFFFEF70CFE304CA079400708D5A078F4
:107FB00030B9206990F87F00072801D10120207096
:107FC000FEF73EFAA079C00609D5A07838B9206935
:107FD00090F87D100B2902D10C2180F87D10E078FB
:107FE00000070ED520690123052190F87D2070300F
:107FF00001F097F930B10820A0702169002081F8C4
:10800000D80110BDBDE81040002000F016BB10B52F
:10801000154C216991F87D2040B3102A06D0142A0E
:1080200007D0152A23D01B2A35D123E001210B20AC
:1080300022E0FBF769FB0C2820D32069082100F51A
:108040008870FBF765FB28B120690421DC30FBF761
:108050005FFB00B9FFDF012104200DE05B77010029
:10806000BD790100F3790100F800002008E000F07C
:1080700017F803E001210620FEF717FF012010BDCD
:10808000212A08D191F8970038B991F8C40110B1AC
:1080900091F8C50108B1002010BD01211720EBE7C0
:1080A00070B5184C0025206990F8931101290AD069
:1080B000022925D190F8A810A9B1062180F8E61070
:1080C0000121022017E090F8D811002918D100F101
:1080D000C80300F58471002200F5CA7001F0C1F8F0
:1080E0000121052007E090F8B000400701D51120DC
:1080F00000E00D200121FEF7D8FE206980F89351A1
:10810000C4E40000F8000020F9480078002800D0FE
:108110000C20704710B50446FFF7F6FF00B1FFDFF3
:10812000F348047210BDF2490120C871704770B560
:108130000C460546082B01D0194600E004211046E4
:1081400001F075F9844200D220460DB1001D80B2C5
:10815000C0B270BD70B5E64934314C6804F17005A9
:1081600060B1628F218F94F86530A87CFFF7DFFF44
:1081700094F86510BDE87040FCF79EB8FF2094F8B5
:108180006410F7E72DE9F0478146D9483430446858
:10819000002004F17005628F218F94F86530FFF79D
:1081A000C6FFD34F0646D34878620120FFF7D2FFBF
:1081B000A87C4FF0000840B305F15801CE4891E883
:1081C0000E1000F1080A8AE80E10A96EC0F82110FE
:1081D000E96EC0F82510FE38FCF743FBC6480121C4
:1081E00008300176D5E91412C0E90412A0F58372B3
:1081F000796AFBF728FF94F8650000F0A7FB0246B8
:1082000031460120FBF72DFF04E0786AFCF729FBDB
:10821000FBF74BFFB9F1000F03D141469620FCF765
:108220004CFB94F8642001210020FCF706FC94F834
:108230002C00012801D1FCF7DFFB02203870FCF78D
:1082400061FD002800D0FFDFBDE8F0872DE9F04395
:10825000A74D87B0804628780E9F1C461646894653
:1082600010B90EB104B107B9FFDFEF61C5E90564CC
:108270000020C5E90D89E871A871E870A87028711F
:108280009B4F6871A8813437E8817E68344636F8A0
:10829000700BF8F758F8E8622088F8F742F828637E
:1082A000FCF714F894F96700FCF7CEF804F112001B
:1082B000FCF7B9FA04F10E00FCF7CCF80120FCF74A
:1082C000CDFA18228D496846F5F733F88C480490AA
:1082D0006846FCF7B7FAF07EFCF7C6F8FCF7B8FA88
:1082E00094F86F0078B9A06E68B1B08C318888427C
:1082F00009D1B4F86C1001220844B08494F86E00DF
:10830000A16EF9F708FE628F218F94F86530B07C7A
:10831000FFF70DFF94F865402146FBF7CDFF786825
:1083200090F8880108B1FCF74FF821460120FCF7CE
:1083300054F97868D0F80001FCF797FA0120FFF7AC
:1083400021FF07B0BDE8F083694800B50078022836
:1083500000D0FFDF00BD664810B534304468FCF73C
:10836000FBFAFCF7DAFAFCF729FAFCF762FAFBF7FA
:108370009CFE94F82C00012801D1FCF733FB94F803
:108380006F0038B9A06E28B1002294F86E00114633
:10839000F9F7C1FD564CE08900F0E2FAE269A179F3
:1083A000A07890470020207010BD514810B500788B
:1083B000022800D0FFDFBDE81040CCE7CBE74C48F7
:1083C000007970474A48C078704749490120487190
:1083D00070472DE9FC474648454E3430A0F114075C
:1083E00044684FF0000A254694F875004FF00108E4
:1083F000703458B3012868D002286AD0032876D098
:10840000FFDF316AB1460826087820F008000870BE
:10841000A37906EAC303184320F004000870E37947
:10842000042606EA8303184320F0100008706779D9
:10843000D9F82C00F7F715FA0646FCF7C8FD022F0D
:1084400067D0012F65D0032F66D068E000F094FA62
:10845000AA8E0146104600F0EAFF298E814200D222
:1084600008464C21ADF8040048533846FCF78DFD12
:1084700048B14FF48060316A00F077FA03206071F0
:1084800084F80380BDE76A4601A9F06A00F05CFA4F
:10849000306210B194F8371029B13846FCF746FD28
:1084A00084F80580ADE79DF8001031B9A0F800A070
:1084B00080F802A0012101F08CF9BDF80410306AA7
:1084C00001F07DFA022060719BE73846FCF72EFD33
:1084D00097E7B5F84C00ADF804006A4601A9F06AC8
:1084E00000F032FA306200288BD1FFDF89E709E023
:1084F0001C010020780B0020780D0020A8B201009C
:108500001B5D01003846FCF740FD0028BAD1FFDFB3
:1085100077E7B04301D002E00EB1012100E0002175
:10852000D9F820004E46027842EA01110170617CC0
:1085300051B36179012927D004F15801F7488EC958
:1085400000F1080989E88E00A16EC0F82110E16EE3
:10855000C0F82510FE38FCF784F9F048083080F8A0
:1085600018A0D4E91212C0E90412A0F58371326A8E
:10857000FBF769FD95F8640000F0E8F90246FB217D
:108580000020FBF76EFD03E0FCF76BF9FBF78DFDB8
:10859000012195F865200846FCF74FFA86F804801B
:1085A000316A0A8832828978B17486F80080FCF7D3
:1085B000B5FB002800D0FFDFBDE8FC8770B5D84CC4
:1085C000054639B9012D05D1E078401CC0B2E070F4
:1085D000012820D8A16928468847E0B16179D148AF
:1085E00031B1012D04D1417811B90178C90612D5F4
:1085F000A17981B98DB9CA4910310978CA0602D466
:108600000078C00607D5A08928B9A06A28B9608972
:1086100018B1C80601D4012070BD002070BD10B58E
:10862000BF4CA06A00B9FFDF6289D4E90910D21CEF
:10863000F4F77FFEA06A606210BD2DE9F0470600E6
:10864000B748B74D00F134004468686A04F170041B
:10865000477801D0012E03D1296B02F0EDF8687044
:1086600068784FF000084FF0010938B1012816D0A2
:1086700002282FD0032844D0FFDFE5E5012E30D0BB
:10868000FFF7CDFF39460122286BF7F75BF926E0AB
:1086900084F8078030E000BF84F807902CE0012EBA
:1086A00008D0FFF7BCFF39460022286BF7F74AF9DC
:1086B000022EE2D0D4E91401401C41F10001C4E9CA
:1086C0001401E079012802D084F80790BCE584F811
:1086D0000780B9E5012E04D0286BF7F7B7FA022E10
:1086E000CBD0D4E91401401C41F10001C4E91401CC
:1086F000E0790128D0D1CBE7287ABDE8F047F2F73E
:1087000053BC012EB9D0286BF7F7A0FAF4E770B587
:108710008349834A343100264C68516A01257034FC
:108720000B7803F00303012B14D0022B12D0032B80
:1087300003D0907940F0040023E0A570D08940F484
:108740000060D081012000F010F91CE0E67170BDDE
:10875000E57170BD4978B1B1D38943F40063D38129
:10876000936A002BF5D0FB2908D8D17921B1BDE857
:108770007040802000F0F4B8057070BD907940F032
:108780001000907170BDE0790128E1D1DEE770B58D
:108790006348634D3430446828787034012800D031
:1087A000FFDFA07838B10020A0700146042000F05F
:1087B000DCF801202071296A0878C043800705D1C0
:1087C000A889400502D5022000F0CFF80121002041
:1087D000FFF7F4FE10B1BDE87040BCE5BDE87040A5
:1087E0000020CFE42DE9F84F4D4F4D4C3437002693
:1087F0007D6882468DF8006020787035022800D0B0
:10880000FFDFE08940F40070E0810020FFF7A2FC68
:10881000A87CBAF1000F5BD0FBF76AFCFBF75AFCAF
:108820004FF0010968B9A87C58B1606A417841B13C
:108830000078E979C0F3C000884202D184F8029040
:1088400059E0606A4178618121B1206BF7F734F813
:10885000A06200E0A662E089B84640F02000E08116
:10886000E670786800F17007064690F82C00012841
:1088700016D1FCF7B7F83946304600F010FD78B154
:10888000D8F804003188A0F80A12397A80F80C125E
:10889000797A80F80D1280F80892207AF2F784FB3A
:1088A000606AA9790078C0F38000884205D000F0A2
:1088B00094F8E08940F48070E081606AE97900789A
:1088C000C0F3C00088420AD16846FFF720FF06E0E7
:1088D00008B1FBF73EFCE08940F04000E0815146E2
:1088E0000120FFF76BFE00289DF8000007D010B1B3
:1088F0000020FFF7A2FEFFF72EFDBDE8F88F10B1B4
:108900000120FFF79AFEFFF764FD9DF800000028A4
:10891000F3D00220FFF791FEEFE70000780D002072
:108920001C010020780B002070B5064654480D4607
:108930004468FBF773FC034694F8642029463046EC
:10894000BDE87040FDF706BAF6F7C5BE00B50128D0
:1089500002D0022802D0FFDF002000BD012000BDB0
:10896000474A0021343A52691047454A343A9389BC
:108970000343938152691047414810B5446804F19C
:108980007001087B24280ED0497B24290BD01F2896
:108990000CD020280AD0222912D094F86400042890
:1089A00000D1082010BD94F8B01106E0222907D0AC
:1089B00094F8C60100F04FF8014694F8640008E00E
:1089C00094F8C60114F85D1F084000F044F8014611
:1089D000E079BDE8104000F048B870B52848446818
:1089E00094F875007034002832D0022810D1244D3C
:1089F000343DE86AF6F79BFE00B9FFDFD4E91201C7
:108A0000401C41F10001C4E91201287AF2F7CCFAC6
:108A100000256571207920B1257100211020FFF714
:108A2000A4FFE07878B1E570FCF7BEFA00B9FFDF8B
:108A300000210820FFF799FFD4E91201401C41F101
:108A40000001C4E91201A079012802D00120A0711F
:108A500070BDA57170BDC10701D0012070478007AE
:108A600001D50220704700207047002904D001285A
:108A700003D0012901D00220704701207047000077
:108A8000500100202DE9F0410F4606460024FE4D1E
:108A90000FE000BF05EBC40090F85311B14206D1BE
:108AA0000622394600F5AA70F4F716FC38B1641CAA
:108AB000E4B22878A042EDD81020BDE8F08120462D
:108AC000FBE7F0B50746F04816460478621C0270D2
:108AD00000EBC4050868C5F854018888A5F858015A
:108AE000102C00D3FFDF85F8537185F85A612046BA
:108AF000F0BD70B5054600F017FA10281CD1E24C05
:108B00002078401EC0B22070A84215D004EBC002ED
:108B100004EBC50102F58070D2F85321C1F853214E
:108B2000D0F85700C1F85701207800F0FDF910285F
:108B300002D0204480F8035170BD2DE9F047D24C9B
:108B40000646A719A078401EC5B2A57097F8038104
:108B5000AE422AD004EB051A04EB06190AF1030110
:108B600009F103001022F4F7E4FB0AF1830109F193
:108B700083001022F4F7DDFB601905EB450290F845
:108B8000031187F8031106EB460104EB420204EBE4
:108B90004101D2F80B31C1F80B31B2F80F21A1F825
:108BA0000F2190F83B0187F83B0104EBC80090F8D7
:108BB0005A01C00703D14046BDE8F04799E7BDE838
:108BC000F087B1498A78824203D9084490F843017A
:108BD00070470020704710B540F2D3120021AA4818
:108BE000F4F7D1FB0822FF21A848F4F7CCFBA748F3
:108BF00000210C38417081704FF46171818010BD8B
:108C000070B50D460646FFF73DFF9F4C102807D074
:108C100004EBC00191F85A11C90701D0012070BDC1
:108C20006178082910D2102808D004EBC000012177
:108C300080F85A116078401C6070EFE701222946E5
:108C40003046FFF73EFFF5E7002070BD70B58E4D52
:108C50002878401E44B20AE005EBC40090F85A019F
:108C6000C00702D0E0B200F070F9641E64B2002CBC
:108C7000F2DA864900200C39887070BD82498A7802
:108C8000824203D901EB0010C01C704700207047DE
:108C90002DE9F047984691460C460546FFF7F2FE4F
:108CA0000646102805D000F03FF9102801D0122008
:108CB00085E7754FB87808282AD2102E05D10022F2
:108CC00021462846FFF7FDFE0646BC781022601CB0
:108CD000B87007EB0415E81C494600F0B5FA05F139
:108CE00083001022414600F0AFFA1021404600F008
:108CF0009CFA3C44102184F84301484604F59674DC
:108D000000F093FAE07704F8296C0020E07356E74E
:108D1000072054E75C4810B58078401E44B204E058
:108D2000E0B2FFF70AFF641E64B2002CF8DA10BD4F
:108D300056490C394870704754480C384078704791
:108D400040B14AF2B811884204D850490C398880A1
:108D500001207047002070474C480C3880887047CD
:108D600010B5FFF78FFE102803D000F0DDF81028B3
:108D700000D1082010BD44498A78824203D901EB12
:108D8000001083307047002070473F4B10B59C782F
:108D900084420FD9184490F8030103EBC00090F807
:108DA00053310B70D0F854111160B0F85801908015
:108DB000012010BD002010BD334A114491F8032159
:108DC00032490C390A700268C1F80620808848814F
:108DD000704770B52D4B0C3B5B7873B12A4B9C7878
:108DE0005CB1451821460AB1D81C01E02648833001
:108DF0002A46FBF794F8012070BD002070BD10B525
:108E0000FBF7DBF818B1BDE81040FBF7E6B8FF2030
:108E100010BD1D498A78824209D9084490F803019F
:108E200001EBC00090F85A0100F0010070470020EB
:108E300070472DE9F04100242546134E2CE02846CA
:108E400000F072F88046FFF719FF06EBC50797F8A8
:108E50005A11C9071ED060B1B8F1100F05D006EB4A
:108E6000080191F83B11012903D0102100F0DDF930
:108E700080B10649204601F80480641C97F853210C
:108E800007F5AA71E4B203E0A80D002064010020F8
:108E9000FBF7B5FA6D1CEDB23078A842CFD80CE6DE
:108EA000012296E72E4A01EB410102EB41010268E3
:108EB000C1F80B218088A1F80F01704701461022EC
:108EC000284800F0C1B92748704725498A7882426E
:108ED00003D9084490F83B0108B1002070470120F5
:108EE00070472DE9F0410E460746154606213046EB
:108EF00000F09BF91A4C58B1002004E02118401CE6
:108F000081F83B51C0B2A1788142F7D80120D4E565
:108F100031463846FFF724FF082803D0204480F864
:108F20003B51F3E70020C8E50D4910B5034600208A
:108F30008A7806E00C1894F803419C4204D0401C47
:108F4000C0B28242F6D8102010BD05494A78521EA0
:108F50004A7001EBC001002281F85A21C9E50000E6
:108F6000A80D00207B0F002000F00101400800F058
:108F700001021144400800F001021144400800F0D1
:108F800001021144400800F001021144400800F0C1
:108F900001021144400800F00102114401EB5000AD
:108FA000704710B500240485848DDB004C43B3FB6F
:108FB000F2F394FBF2F45B1C84859BB203FB02F496
:108FC0004385B4F5C84F01DD5B1E43854FF4FA437A
:108FD000B3FBF2F35B1C0386438C02EBC3035B1E03
:108FE000B3FBF2F30384C38B4B43B3FBF2F1C183B6
:108FF00010BD70B50546087B0E4600F01F000873D3
:109000000020687604463019007AFFF7ADFF291971
:10901000641C0875697EE4B208446876052CF2D3B6
:10902000C0B2252800D9FFDF70BD0023C38342846E
:1090300001EBC202521EB2FBF1F101847047F0B5A0
:109040006FF01F02010C02EA90261F25A1F5AA402D
:1090500054380DD0A1F5AA40553809D0A1F52850B3
:10906000AA3805D0A1F52A40AA3801D0012000E095
:10907000002000221346144682EA0107FF431F43E3
:109080007F1C0FD006F00107520842EAC73205F0F4
:1090900001075B0876086D08641C43EAC733162C89
:1090A000EAD3F0BD0020F0BD2DE9F04101260446D1
:1090B000002500F1700751B1012974D0022971D047
:1090C00003296CD101463846BDE8F04191E7802282
:1090D00000213846F4F757F9BD71FD713D737D737A
:1090E000FD733D747D71BD76FD76212087F84000CB
:1090F000412087F84100FE2087F8740027887022FD
:1091000000212046F4F73FF9278084F8646084F852
:109110006560282084F8660004F1300000210746CD
:1091200000F071FC1B21F9833984A4F85210A4F8D3
:1091300054104FF4A470A4F85600A4F858006673B5
:109140004FF448606080A4F8F050A4F8F250A4F8FE
:10915000F450A4F8F650A4F8F850A4F8FA5084F8A3
:10916000FD5084F8FF50A4F8065184F80451A4F887
:109170001851A4F81A5184F8BA5184F8BB5184F8F4
:10918000C45184F8C55184F8895184F8905184F809
:10919000935184F8AC51C4F8A451C4F8A851BDE867
:1091A000F08100E025E0A4F8065184F8FE506188C3
:1091B000FE480A460844B0FBF1F0A4F890004BF6D4
:1091C0008030A4F89200E3883846FFF7EAFE214693
:1091D0003846FFF70EFFFAF7F9F920B1D4F80E0080
:1091E000FFF72DFF10B184F88851D8E784F8886123
:1091F000D5E74188B4F8B831B4F8B4213846BDE8B1
:10920000F041CEE6437E0BB1252B01D912207047E9
:109210002AB14B7B2BB1012B05D01F2070470020BA
:10922000704700F0EEB900F092B910B500231A466D
:1092300003E0845C2343521CD2B28A42F9D30BB1BF
:10924000002010BD012010BD30B5134606E0CC183B
:10925000D51A14F8014C5B1E4455DBB2002BF6D135
:1092600030BD70B50E468CB0144601461D46102226
:109270006846FFF7E9FF1022314604A8FFF7E4FF34
:10928000684600F059FD08A94FF0100228461CB1AD
:10929000FFF7DAFF0CB070BDF4F74BF8FAE738B51A
:1092A00005460C466846FBF7B2FB002820D09DF926
:1092B00000002072E17E617294F90A100022411AC6
:1092C00000D5494295F82D308B4210DCFF2B0ED093
:1092D000E17A491CC9B2E17295F82E30994202D860
:1092E000A17A7F2903D1A0720020E07201221046EA
:1092F00038BD0C2813D00B2811D00D280FD01F28F3
:109300000DD020280BD0212809D0222807D02328CF
:1093100005D0242803D0262801D000207047012042
:10932000704710B5A2F10F030C2941D2DFE801F01C
:1093300006080D1215181C40243E272EAAB337E04C
:10934000072A37D0082A35D032E00C2A32D00B2A2F
:1093500030D02DE00D2A2DD02AE00C2B2AD927E081
:10936000103A0B2A26D923E0032B23D990F8380092
:10937000F0B11B2A1ED91BE0062A1BD018E01C2ABC
:1093800018D01D2A16D01E2A14D011E01F2A11D081
:10939000202A0FD0212A0DD0222A0BD0232A09D02F
:1093A000242A07D0262A05D002E003E00E2A01D0A5
:1093B000002010BD012010BD2DE9F0410C460546EE
:1093C00040F23577866805E0F8F7F7FF3946F8F799
:1093D000C8FCA8602846F9F7A5F90028F4D08CB19C
:1093E0003046A968F9F7EAFC00280BDD2044401E4E
:1093F000B0FBF4F707FB04F13046F8F7B2FCA860C5
:109400003846CCE60020CAE670B5044690420BD23E
:10941000101B642800D2642025188D4205D8042131
:10942000F9F7FFFC08B1284670BD204670BD11F069
:109430000C0F19D04A074FF41671002A03DA00BF47
:109440004FF0100201E04FF0400201DA4FF09601B8
:1094500001F5BC71A0EB0103884202D993FBF2F045
:1094600000E0002080B27047022904D06FF00D01A7
:1094700001EBD000F6E76FF00E0101EB9000F1E791
:109480000844184498300AB1042100E0002108443F
:10949000704701207047106808667047C10701D007
:1094A00001207047810701D502207047400701D590
:1094B00008207047002070472DE9F0410546164608
:1094C00088460124084600F054FA0746404600F05A
:1094D00052FA0346FFF7E2FF02463846FFF7DEFF87
:1094E00052EA000100D10024990700D10022B907F7
:1094F00000D1002095F86410914200D10022327012
:1095000095F86510814200D10020707072B968B979
:10951000404600F032FAB5F87010401A00B247F633
:10952000FE71884201DC002800DC0024204636E67B
:1095300010B540F6C4125410012903D0022902D0FC
:10954000FFDF02E008B1104610BD204610BDF0B5A7
:109550000C7C8B7BCD7B5C404B7C02886B4044EA6F
:109560000324467E62400023D5B2120A95FAA5F57F
:1095700092FAA2F22D0E120E45EA022202EB02121C
:109580005B1C2244DBB292B2032BEDD36240252355
:10959000B2FBF3F403FB142301EBD304837603F053
:1095A00007070125247A05FA07F701E0FFDB05002C
:1095B0003C4201D0C3761AE05643320C521CD2B260
:1095C000002403191B7D934213D300230E19367A0E
:1095D00005FA03F73E4201D0521ED2B222B15B1C03
:1095E000DBB2082BF4D306E003EBC401C176002004
:1095F000F0BDD21AD2B2641CE4B2052CE1D31F2014
:10960000F0BDF0B5837E0C7E012504FB02322523DC
:10961000B2FBF3F403FB142201EBD204827602F0D6
:109620000703247A05FA03F31C4201D0C2761EE038
:10963000437EB2FBF3F403FB1422521CD2B200238C
:10964000C418247D944214D30024CE1896F80860E0
:1096500005FA04F73E4201D0521ED2B222B1641C78
:10966000E4B2082CF4D306E004EBC301C176002079
:10967000F0BD121BD2B25B1CDBB2052BE0D31F2066
:10968000F0BD000030B50546007801F00F0220F073
:109690000F0010432870092912D2DFE801F00507F6
:1096A00005070509050B0F0006240BE00C2409E053
:1096B000222407E001240020E87003E00E2401E0EA
:1096C0000024FFDF6C7030BD007800F00F007047A1
:1096D0000A6840F8032F8988818070470A6840F83B
:1096E000092F8988818070470278402322F0400248
:1096F00003EA81110A4302707047027822F0800267
:1097000042EAC1120270704770B514460E46054613
:109710001F2A00D9FFDF2246314605F10900F3F781
:1097200008FEA41D6C7070BD70B514460E4605464B
:109730001F2A00D9FFDF2246314605F10900F3F761
:10974000F8FDA41D6C7070BD30B5017801F00F01FB
:10975000032920D0052921D14578B0F81910B0F897
:109760001B40B0F81730827D222D17D1062915D362
:109770004FF44865A94211D8B4F5FA7F0ED26AB108
:10978000082A0BD88A4209D28B4207D8B0F81D00AC
:10979000A84205D902E040780C2801D0002030BD55
:1097A000012030BD4078704700B5027801F0030316
:1097B00022F003021A430270012905D0022903D0C6
:1097C000032903D0FFDF00BD002100E0012141702B
:1097D00000BD00B5027801F0030322F003021A4332
:1097E0000270012905D0022903D0032903D0FFDF2D
:1097F00000BD002100E00121417000BD007800F0B3
:1098000003007047417841B1C078192803D2704AEB
:10981000105C884201D1012070470020704730B5AC
:1098200001240546C170192902D26948445C02E04E
:10983000FF2900D0FFDF6C7030BD70B514460E46B6
:1098400005461B2A00D9FFDF6C7022463146E81C12
:10985000BDE87040F3F76DBDB0F807007047B0F891
:1098600009007047B0F80B00704770B5B0F80720DA
:10987000B0F80940B0F805300179951F40F67A46F6
:10988000B54210D8B4F5FA7F0DD261B108290AD8D3
:10989000914208D2934206D8B0F80B00B0F5486F59
:1098A00001D8012070BD002070BD42680A60007AB6
:1098B00008717047B0F80900704700797047426836
:1098C0000A6080684860704780890880704750F857
:1098D0000E2F0A60406848607047D0F81600086094
:1098E00070470A6842604968816070470968C160D2
:1098F00070470079704742680A6080684860704726
:109900000171090A417170478171090AC17170477B
:109910000172090A417270478172090AC172704767
:1099200080887047C08870470089704740897047B9
:1099300001891B290CD341894FF4A472914207D3AA
:1099400081881B2904D3C088904201D3012070472D
:10995000002070470A684260496881607047017959
:10996000490704D04079400701D00120704700200A
:1099700070470079704740797047C08870470CB5D0
:1099800014A2D2E90012CDE900120179407901F068
:10999000070269461DF80220012A04D800F00700DA
:1099A000085C012801D900200CBD01200CBD01710B
:1099B000704700797047417170474079704730B502
:1099C0000C460546FB2900D9FFDF6C7030BD000056
:1099D000C0B20100000101020102020310B58C882F
:1099E0000A894B88C988A0F84430A0F84810A0F82C
:1099F0004640A0F84A2010BD10B5029C8181C2816A
:109A00000382448210BD1B2202838282C281828132
:109A100042800281028042848284828300290AD1AA
:109A20004FF4A4714183C18241820182C18041818E
:109A30008180C18401857047F0B5B0F84830818FCE
:109A4000458EC48E8B4200D30B46B0F84A10B0F856
:109A50004020914200D20A464386C286068F478F35
:109A600000F130019E4200D21E46974200D21746B6
:109A70000E814F81AB4201D1A24201D0012400E00E
:109A80000024B0F84420C38F068E858E9A4200D3FE
:109A90001A46B0F84670B0F842309F4200D23B46BA
:109AA00090F85A70022F08D1964200D232469D4259
:109AB00000D22B46002780F85A700A808B80B24271
:109AC00001D1AB4201D0012000E000202043F0BDD5
:109AD000508088899080C889D080088A1081488AFF
:109AE000508101201070704770B502884A80048E42
:109AF0008C80838ECB80428E0A81C58E4D81B0F8DA
:109B00005660AE420BD1B0F85250954207D1B0F832
:109B100058509D4203D1B0F85430A34201D00123E4
:109B200000E000230B73A0F852204A89A0F85620C9
:109B30008A88A0F85420CA88A0F85820012008700C
:109B400070BD70B50C46088E91F8641000F016F8E0
:109B5000A18E0546A94200D20D46208F94F86510CB
:109B600000F00CF8618F814200D208460146284679
:109B7000BDE8704000221346FFF782BC11F00C0FC5
:109B800004D04FF4747101EB801006E0022902D07A
:109B9000C000703001E080003C3080B270470000AF
:109BA0002DE9F0410C4612490D68114A114908325D
:109BB0001160A0F12001312901D301200CE04128DE
:109BC00010D040CC0C4F94E80E0007EB8000241F0F
:109BD00050F8807C3046B84720600548001D05607D
:109BE000BDE8F081204601F0B9F8F5E7062070479E
:109BF0001005024001000001DCB2010010B555481B
:109C0000F9F704FD00B1FFDF5248401CF9F7FEFCF4
:109C1000002800D0FFDF10BD2DE9F14F4E4E82B07D
:109C2000D6F800B001274B48F9F7F8FCDFF824819B
:109C300020B9002708F10100F9F706FD474C00257F
:109C40004FF0030901206060C4F80051C4F80451CA
:109C5000029931602060DFF808A11BE0DAF800000B
:109C6000C00617D50E2000F068F8EFF3108010F052
:109C7000010072B600D001200090C4F80493D4F81B
:109C8000000120B9D4F8040108B901F071F8009876
:109C900000B962B6D4F8000118B9D4F8040100285C
:109CA000DCD0D4F804010028CCD137B1C6F800B01C
:109CB00008F10100F9F7B2FC11E008F10100F9F731
:109CC000ADFC0028B6D1C4F80893C4F80451C4F818
:109CD00000510E2000F031F81E48F9F7B5FC0020C5
:109CE000BDE8FE8F2DE9F0438DB00D4606460024F9
:109CF0000DF110090DF1200818E000BF04EB440736
:109D0000102255F827106846F3F713FB05EB870779
:109D1000102248467968F3F70CFB6846FFF77CFF92
:109D200010224146B868F3F704FB641CB442E5DB3B
:109D30000DB00020BDE8F0836EE7002809DB00F0DD
:109D40001F02012191404009800000F1E020C0F88D
:109D5000801270476C01002004E5004000E00040E4
:109D600010ED00E0B64900200870704770B5B54DA1
:109D700001232B60B44B1C68002CFCD0002407E0AE
:109D80000E6806601E68002EFCD0001D091D641CB4
:109D90009442F5D30020286018680028FCD070BDDC
:109DA00070B5A74E0446A94D3078022800D0FFDFD9
:109DB000AC4200D3FFDF7169A548012903D847F2FF
:109DC0003052944201DD03224271491C7161291B0A
:109DD000C1609F49707800F030F9002800D1FFDFA2
:109DE00070BD70B5964C0D466178884200D0FFDF9B
:109DF000964E082D4BD2DFE805F04A041E2D4A4A44
:109E00004A382078022800D0FFDF03202070A07895
:109E1000012801D020B108E0A06800F041FD04E075
:109E200004F1080007C8FFF7A1FF05202070BDE876
:109E30007040F8F7C0B9F8F7C0FA01466068F8F763
:109E4000BDFFB04202D2616902290BD30320F9F7AA
:109E50000EFB12E0F8F7B1FA01466068F8F7AEFFC2
:109E6000B042F3D2BDE870409AE7207802280AD0C9
:109E7000052806D0FFDF04202070BDE8704000F008
:109E8000D2B8022000E00320F9F7F1FAF3E7FFDF90
:109E900070BD70B50546F8F790FA694C606020789F
:109EA000012800D0FFDF6A490120087000200871F6
:109EB00004208D6048716548C86002202070607879
:109EC00000F0BBF8002800D1FFDF70BD10B55C4C7E
:109ED000207838B90220F9F7E0FA18B90320F9F729
:109EE000DCFA08B1112010BD5A48F8F7E1F96070AA
:109EF0001F2804D0012020700020606110BD0320C5
:109F000010BD2DE9F0471446054600EB84000E46CF
:109F1000A0F1040800F0D7FC07464FF0805001691B
:109F20004F4306EB8401091FB14201D2012100E039
:109F3000002189461CB10069B4EB900F02D90920B9
:109F4000BDE8F0872846E7F76FF990B9A84510D328
:109F5000BD4205D2B84503D245EA0600800701D0CC
:109F60001020EDE73046E7F75FF910B9B9F1000FBF
:109F700001D00F20E4E7384838490068884205D00E
:109F8000224631462846FFF7F1FE1AE0FFF79EFF12
:109F90000028D5D12A4800218560C0E9036481707A
:109FA000F9F7DDFA08B12E4801E04AF2F870604393
:109FB0004FF47A7100F2E730B0FBF1F01830FFF7A0
:109FC00068FF0020BCE770B505464FF0805004697B
:109FD0006C432046E7F728F908B10F2070BD00F068
:109FE00072FCA84201D8102070BD1B481B490068B4
:109FF000884203D0204600F053FC10E0FFF766FFD4
:10A000000028F1D10E48012184608170F9F7A7FA88
:10A0100008B1144800E014481830FFF73AFF002058
:10A0200070BD00F053BE10B5054C6078F8F7A2F98A
:10A0300000B9FFDF0020207010BDF8F7EFBB000073
:10A040007001002004E5014000E40140105C0C00B8
:10A050008C0F0020E39D010058000020BEBAFECA0C
:10A0600050280500645E0100A85B01007149096881
:10A070000160002070476F4908600020704701218F
:10A080008A0720B1012804D042F20400704791678A
:10A0900000E0D1670020704767490120086042F264
:10A0A0000600704708B50423634A1907103230B11F
:10A0B000C1F80433106840F0010010600BE0106834
:10A0C00020F001001060C1F808330020C1F8080139
:10A0D0005A4800680090002008BD011F0B2909D8CC
:10A0E000554910310A6822F01E0242EA4000086019
:10A0F0000020704742F205007047000100F18040E7
:10A10000C0F8041900207047000100F18040C0F839
:10A11000081900207047000100F18040D0F80009C4
:10A12000086000207047012801D907207047444A81
:10A1300052F8200002680A4302600020704701289C
:10A1400001D9072070473E4A52F8200002688A432E
:10A15000026000207047012801D907207047384A63
:10A1600052F820000068086000207047020035495E
:10A170004FF0000003D0012A01D0072070470A6089
:10A18000704708B54FF40072510510B1C1F80423AF
:10A1900008E0C1F808230020C1F8240127481C303A
:10A1A00000680090002008BD08B58022D10510B1DC
:10A1B000C1F8042308E0C1F808230020C1F81C01FD
:10A1C0001E48143000680090002008BD08B54FF408
:10A1D0008072910510B1C1F8042308E0C1F808238A
:10A1E0000020C1F8200115481830006800900020B8
:10A1F00008BD10493831096801600020704770B50A
:10A200004FF080450024C5F80841F9F7B4F910B9BA
:10A21000F9F7BBF928B1C5F82441C5F81C41C5F8C8
:10A2200020414FF0E020802180F800140121C0F887
:10A23000001170BD0004004000050040080100400E
:10A24000A0B30100780500406249634B0A68634986
:10A250009A42096801D1C1F31001016000207047E2
:10A260005C495D4B0A685D49091D9A4201D1C0F302
:10A2700010000860002070475649574B0A6857493C
:10A2800008319A4201D1C0F31000086000207047E5
:10A2900030B5504B504D1C6842F20803AC4202D01E
:10A2A000142802D203E0112801D3184630BDC300A0
:10A2B0004B481844C0F81015C0F81425002030BDD4
:10A2C0004449454B0A6842F209019A4202D00628E5
:10A2D00002D203E0042801D308467047404A012116
:10A2E00042F83010002070473A493B4B0A6842F26E
:10A2F00009019A4202D0062802D203E0042801D3C1
:10A3000008467047364A012102EBC0004160002038
:10A31000704770B52F4A304E314C156842F2090330
:10A3200004EB8002B54204D0062804D2C2F800181B
:10A3300007E0042801D3184670BDC1F31000C2F82D
:10A340000008002070BD70B5224A234E244C1568C9
:10A3500042F2090304EB8002B54204D0062804D27D
:10A36000D2F8000807E0042801D3184670BDD2F8DF
:10A370000008C0F310000860002070BD174910B538
:10A380000831184808601120154A002102EBC0036B
:10A39000C3F81015C3F81415401C1428F6D3002078
:10A3A00006E0042804D302EB8003C3F8001807E09A
:10A3B00002EB8003D3F80048C4F31004C3F800484C
:10A3C000401C0628EDD310BD04490648083108603A
:10A3D0007047000058000020BEBAFECA00F50140D8
:10A3E00000F001400000FEFF814B1B6803B198475D
:10A3F000BFF34F8F7F4801687F4A01F4E06111434A
:10A400000160BFF34F8F00BFFDE710B5EFF3108081
:10A4100010F0010F72B601D0012400E0002400F01A
:10A42000DDF850B1E6F7A4FFF7F761FDF8F7C1FFDB
:10A43000F9F7E2FC71490020086004B962B6002017
:10A4400010BD2DE9F0410C460546EFF3108010F0E9
:10A45000010F72B601D0012600E0002600F0BEF820
:10A4600020B106B962B60820BDE8F08100F006FD13
:10A47000E6F782FF0246002001234709BF0007F1EB
:10A48000E02700F01F01D7F80071CF40F9071BD07B
:10A49000202803D222FA00F1C90727D141B20029AE
:10A4A00004DB01F1E02191F8001405E001F00F0157
:10A4B00001F1E02191F8141D4909082916D203FA87
:10A4C00001F717F0EC0F11D0401C6428D5D3F9F731
:10A4D00071FC4B4A4B490020F9F7B4FC47494A4804
:10A4E00008602046E6F7A7FE60B904E006B962B648
:10A4F00041F20100B8E73E4804602DB12846E6F776
:10A50000E7FE18B1102428E0404D19E02878022811
:10A5100002D94FF4805420E007240028687801D045
:10A52000D8B908E0C8B1202817D8A878212814D8AD
:10A53000012812D001E0A87878B9E8780B280CD867
:10A54000E6F71AFF2946F8F71AFFF7F78FFC00F035
:10A55000EDF92846E6F7DAFE044606B962B61CB104
:10A56000FFF753FF20467FE700207DE710B5044644
:10A5700000F034F800B101202070002010BD244903
:10A5800008600020704770B50C4622490D682149CB
:10A59000214E08310E60102807D011280CD0122847
:10A5A0000FD0132811D0012013E0D4E90001FFF7E8
:10A5B00048FF354620600DE0FFF727FF00252060AB
:10A5C00008E02068FFF7D2FF03E011492068086027
:10A5D000002020600F48001D056070BD07480A4933
:10A5E0000068884201D101207047002070470000B8
:10A5F000880100200CED00E00400FA05580000205E
:10A600004810002000000020BEBAFECAA8B3010016
:10A6100004000020100502400100000100B585493A
:10A6200010F1080F19D00CDC10F1280F1DD010F11B
:10A63000140F18D010F1100F13D010F10C0F08D117
:10A640000DE010F1040F06D080B103280ED00428CD
:10A650000CD0FFDF00BDFC2008E0F82006E0F4206D
:10A6600004E0F02002E0EC2000E0D820086000BD0B
:10A67000704900B5091D012803D0022803D0FFDF6F
:10A6800000BD032000E00420086000BD2DE9F0417A
:10A6900005460C4617461046F9F76CFD4FF47A76DE
:10A6A000022C10D0012C10D040F63401441838464A
:10A6B000F9F7C5FD204449F679710844B0FBF6F07E
:10A6C000281ABDE8F0813146F0E74FF4C861EDE7A4
:10A6D00070B505460C460846FAF7F4FA022C10D07D
:10A6E000012C11D04FF4AF5149F6CA62511A0844F7
:10A6F0004FF47A7100F2E140B0FBF1F0281A801EAD
:10A7000070BD40F24C41EFE740F63401ECE770B524
:10A71000064615460C460846FAF7D4FA4FF47A7105
:10A7200040F63402022D11D0012D11D01346022C17
:10A7300011D0012C01D04FF4AF529A1A104449F6AF
:10A74000FC621044B0FBF1F0301A70BD0B46EEE72E
:10A750004FF4C863EBE740F24C42EEE770B50446B5
:10A760000E460846F9F706FD05463046F9F767FD3F
:10A7700028444AF2AB3108444FF47A71B0FBF1F04F
:10A78000201A801E70BD2DE9F04106461D460C467C
:10A790001746104600F045F806EB4601C1EBC6111E
:10A7A00000EBC100022C15D0012C16D04FF4AF5194
:10A7B00046182046FAF786FA301A4FF47A7100F6F6
:10A7C000B730B0FBF1F43846F9F741FD2044284496
:10A7D000401D76E740F24C41EAE740F63401E7E7F6
:10A7E00070B5044615460E460846F9F7C3FC04EB5F
:10A7F0004401C1EBC411C0EBC1043046F9F71FFDA1
:10A80000241A284600F00DF820444FF47A7100F61F
:10A81000B730B0FBF1F42846F9F719FD2044401D8C
:10A8200070BD082803D0042801D0F9F7A3BC4EF668
:10A83000283070470C150040F0B585B00C46054631
:10A84000FEF7DCFF07466E78204603A96A46F5F757
:10A8500004FA81198EB258B1012F02D0032005B03D
:10A86000F0BD204604AA0399F5F719F9049D01E00B
:10A87000022F0FD1ED1C042E0FD32888BDF8001035
:10A88000001D80B2884201D8864202D14FF00000FC
:10A89000E5E702D34FF00200E1E74FF00100DEE709
:10A8A0000B4A022111600B490B68002BFCD0084BAE
:10A8B0001B1D186008680028FCD000201060086884
:10A8C0000028FCD070474FF080504069704700006E
:10A8D00004E5014000E4014002000B464FF0000097
:10A8E000014620D0012A04D0022A04D0032A0DD127
:10A8F00003E0012002E0022015E00320072B05D22F
:10A90000DFE803F00406080A0C0E10000720704769
:10A91000012108E0022106E0032104E0042102E015
:10A92000052100E00621F7F7E4BC0000E24805211C
:10A9300081700021017041707047E0490A78012A56
:10A9400005D0CA681044C8604038F8F704BA8A686D
:10A9500010448860F8E7002819D00378D849D94A0C
:10A9600013B1012B0ED011E00379012B00D06BB98C
:10A9700043790BB1012B09D18368643B8B4205D22B
:10A98000C0680EE00379012B02D00BB100207047A4
:10A9900043790BB1012BF9D1C368643B8B42F5D2EB
:10A9A00080689042F2D801207047C44901220A70A1
:10A9B000027972B100220A71427962B104224A71AD
:10A9C000826852328A60C068C860BB4902208870C1
:10A9D00070470322EFE70322F1E770B5B74D044655
:10A9E00000202870207988B100202871607978B122
:10A9F0000420B14E6871A168F068F7F7B2F9A86059
:10AA0000E0685230E8600320B07070BD0120ECE7D0
:10AA10000320EEE72DE9F04105460226F8F7C5F8D8
:10AA2000006800B1FFDFA44C01273DB12878B8B120
:10AA3000012805D0022811D0032814D027710DE079
:10AA40006868C82808D30421F8F7EBF920B16868D2
:10AA5000FFF773FF012603E0002601E000F014F980
:10AA60003046BDE8F08120780028F7D16868FFF70C
:10AA700072FF0028E2D06868017879B1A0780428D4
:10AA800000D0FFDF01216868FFF7A7FF8B49E0785E
:10AA900000F003F90028E1D1FFDFDFE7FFF785FFD2
:10AAA0006770DBE72DE9F041834C0F46E17888427F
:10AAB00000D0FFDF00250126082F7DD2DFE807F058
:10AAC000040B28283D434F57A0780328C9D00228FB
:10AAD000C7D0FFDFC5E7A078032802D0022800D046
:10AAE000FFDF0420A07025712078B8BB0020FFF79D
:10AAF00024FF72480178012906D08068E06000F0E8
:10AB0000F9F82061002023E0E078F7F782FDF5E70F
:10AB1000A078032802D0022800D0FFDF207880BB75
:10AB2000022F08D05FF00500F8F7A1FCA0780328F9
:10AB300040D0A57095E70420F6E7A078042800D05F
:10AB4000FFDF022004E0A078042800D0FFDF01200E
:10AB5000A1688847FFF75EFF054633E003E0A07871
:10AB6000042800D0FFDFBDE8F04100F08DB8A078E8
:10AB7000042804D0617809B1022800D0FFDF2078D2
:10AB800018B1BDE8F04100F08AB8207920B1062064
:10AB9000F8F76DFC25710DE0607840B14749E07829
:10ABA00000F07BF800B9FFDF65705AE704E007208A
:10ABB000F8F75DFCA67054E7FFDF52E73DB1012DC9
:10ABC00003D0FFDF022DF9D14BE70420C0E70320BB
:10ABD000BEE770B5050004D0374CA078052806D133
:10ABE00001E0102070BD0820F8F757FC08B11120D3
:10ABF00070BD3548F7F75CFBE0701F2806D00121D7
:10AC0000F8F730FA0020A560A07070BD032070BD79
:10AC1000294810B5017809B1112010BD81780529A6
:10AC200006D0012906D029B101210170002010BDF4
:10AC30000F2010BD00F033F8F8E770B51E4C054644
:10AC4000A07808B1012809D155B12846FFF783FE45
:10AC500040B1287840B1A078012809D00F2070BDFC
:10AC6000102070BD072070BD2846FFF79EFE03E050
:10AC700000212846FFF7B1FE1049E07800F00DF8FA
:10AC800000B9FFDF002070BD0B4810B5006900F06F
:10AC900029F8BDE81040F7F78EBAF7F7BFBD0648B0
:10ACA00010B5C078F7F766FB00B9FFDF0820F8F7AA
:10ACB000DEFBBDE8104039E68C0100209C0F00202F
:10ACC0003D860100FF1FA107A5AA010010B5134C86
:10ACD0002060201D0160114810300260001D0360DB
:10ACE000002010BD0E490A6848F202139A4302433D
:10ACF0000A6070470A4A116848F2021301EA030029
:10AD0000994311607047054B02465B421020134483
:10AD1000FC2B01D8116000207047000000060040A5
:10AD2000C806024070477047704700001EF0040FCD
:10AD30000CBFEFF30880EFF30980014A10470000D1
:10AD40005F3E010001B41EB400B5F8F7A9FD01B4DF
:10AD50000198864601BC01B01EBD0000826903490E
:10AD600081614FF0010010447047000045AD0100C3
:10AD70000FF20C0000F10000694641F8080C20BFFA
:10AD800070470000FEDF18490978F9B904207146C0
:10AD900008421BD10699154A914217DC06990229EF
:10ADA00014DB02394878DF2810D10878FE2807D054
:10ADB000FF280BD14FF001004FF000020C4B184759
:10ADC00041F201000099019A094B1847094B002BE9
:10ADD00002D01B68DB6818474FF0FF3071464FF018
:10ADE0000002034B1847000028ED00E000C00100FE
:10ADF000E9A3010004000020174818497047FFF735
:10AE0000FBFFE6F7CBF900BD1548164909688842F3
:10AE100003D1154A13605B68184700BD20BFFDE7EA
:10AE20000F4810490968884210D1104B18684FF03C
:10AE3000FF318842F2D080F308884FF02021884209
:10AE400004DD0B48026803210A4302600948804779
:10AE500009488047FFDF0000B00F0020B00F00203E
:10AE600000100000000000200400002000C00100CD
:10AE700014090040DD2F000009AE0100F0B4404687
:10AE8000494652465B460FB402A0013001B5064860
:10AE9000004700BF01BC86460FBC804689469246EB
:10AEA0009B46F0BC70470000091100000420714669
:10AEB000084202D0EFF3098101E0EFF308818869CD
:10AEC00002380078102813DB20280FDB2C280BDB3E
:10AED0000A4A12680A4B9A4203D1602804DB094AE5
:10AEE0001047022008607047074A1047074A10477A
:10AEF000074A12682C3212681047000058000020E0
:10AF0000BEBAFECA7D130000A19B010087A5010007
:10AF1000040000200D4B0E4908470E4B0C49084712
:10AF20000D4B0B4908470D4B094908470C4B084985
:10AF300008470C4B064908470B4B054908470B4B84
:10AF4000034908470A4B02490847000019AC0000B2
:10AF500059B00000A52F00000BA8000099A7000021
:10AF6000A1AE0000991300004D7700001DB0000055
:10AF70002DAD01005F8200000784000065850000A0
:10AF8000C98500000386000037860000698600003E
:10AF90009986000021870000478300008985000012
:10AFA00013120000C12100000B2200006F220000DC
:10AFB000F522000011240000D32400000525000024
:10AFC000E3250000CB2600001F270000A12700007A
:10AFD000C1270000B92D0000DD2D0000FD2C000070
:10AFE000592D00000F2E0000A32E00002F3D000061
:10AFF000093E00003D4100003D420000B342000018
:10B000001D4300008143000017120000754400003A
:10B01000E1440000E3270000E927000017120000C8
:10B02000171200001712000017120000F32700008B
:10B030002B280000A12800001712000017120000A2
:10B040002D22000087290000A9290000F529000011
:10B05000131200001312000013120000131200005C
:10B06000EF5200007553000091530000AD530000F3
:10B070003B550000D7530000E1530000235400006B
:10B0800045540000215500006355000013120000D4
:10B0900013120000676E0000876E0000916E0000C2
:10B0A000CB6E0000F96E0000E96F000077700000C1
:10B0B0008B700000D9700000EF71000095730000E4
:10B0C000BD740000E95D0000D5740000131200009B
:10B0D00013120000A1A0000003A200005DA2000066
:10B0E000D7A2000083A30000100110013A02000063
:10B0F0001A0200040506000007000000FFFFFFFF22
:10B100000000FFFFE39C0000BF1C0000934E000006
:10B11000335E0000E97A000000000000A17D00001D
:10B120007D7D00008F7D0000000002000000000017
:10B13000000200000000000000010000000000000C
:10B14000136C0000F36B0000616C00007152000092
:10B150003352000053520000219400003994000043
:10B160004396000041370000816C000000000000A1
:10B17000B16C0000BF5200000000000000000000A1
:10B18000000000002395000000000000C13700000F
:10B19000555555D6BE898E0000006406640C6412B5
:10B1A00000000803AC055008000054044408340CA7
:10B1B00075DF0000DDE00000D7DE000073DF000077
:10B1C0001B5D0100ABE1000000000000480800002A
:10B1D0004808000051350000513500009B21000057
:10B1E000439B0000B7600000A34D0000F97301000D
:10B1F0008135000081350000BF210000D59B000093
:10B200003F610000174E00000F74010070017001D3
:10B21000400038005C002400200200000300656C40
:10B220007462000000000000000000000000000048
:10B230000000870000000000000000000000000087
:10B240000000BE83605ADB0B376038A5F5AA9183F6
:10B25000886C0000010000008B0801005D170100F0
:10B2600000000001020603040500000007000000C2
:10B2700000000000060000000A000000320000008C
:10B2800073000000B4000000F401FA0096006400AE
:10B290004B0032001E0014000A00050002000100ED
:10B2A0000041000000000000AB830100E5870100C1
:10B2B0008F870100BD830100000000002989010083
:10B2C0000C0802170D010102090901010602091803
:10B2D00018030101090903030500000049A2010048
:10B2E00061A2010079A2010091A20100C1A20100A6
:10B2F000E9A2010013A3010047A30100C79F0100B9
:10B30000039F010023A0010007AD01000D360100DD
:10B310001D360100493601001B37010023370100AB
:10B32000353701007FA0010099A001006DA0010048
:10B3300077A00100A5A00100DBA00100ED9B0100AA
:10B34000FBA0010009A1010017A1010027A1010034
:10B350003FA1010057A101006DA10100ED9B01007B
:10B3600000000000B7A900000DAA000023AA0000F9
:10B37000D9A80100199C0100E59C0100D3AB010094
:10B3800011AC01003BAC0100113401005D3901003A
:10B3900083A10100A9A10100CDA10100F3A1010039
:10B3A0001C0500402005004000100200CCB3010045
:10B3B00008000020980100004411000000B40100C2
:10B3C000A0010020100E00008011000001150545AD
:10B3D000481000200519A40500203601000100884E
:10B3E0003720FB349B5F80041F8000100D9DCB092C
:10B3F0000020880900200E0A0020024810000000EA
:10C00000000002202DAC030055AC030057AC030028
:10C0100059AC03005BAC03005DAC03000000000002
:10C020000000000000000000000000005FAC030002
:10C0300061AC03000000000063AC030065AC0300CA
:10C0400067AC03000D060300CDAA030091AA03000C
:10C05000A5AA030067AC0300299303003181030004
:10C06000CDA60300D5A60300DDA6030067AC030040
:10C0700067AC030067AC030067AC030067AC030068
:10C0800067AC03009DB4030067AC030067AC03001A
:10C0900067AC030067AC0300D9E9030067AC030099
:10C0A00067AC030067AC0300E5A60300EDA6030040
:10C0B00067AC030067AC0300000000000000000054
:10C0C00067AC030067AC030067AC0300B9AA0300C8
:10C0D00067AC030067AC030067AC030067AC030008
:10C0E000F5AA0300000000000000000000000000AE
:10C0F0000000000067AC030000000000E1AA03009C
:10C10000000000000000000000000000000000002F
:10C11000000000000000000000000000000000001F
:10C12000000000000000000000000000000000000F
:10C1300000000000000000000000000000000000FF
:10C1400000000000000000000000000000000000EF
:10C1500000000000000000000000000000000000DF
:10C1600000000000000000000000000000000000CF
:10C1700000000000000000000000000000000000BF
:10C1800000000000000000000000000000000000AF
:10C19000000000000000000000000000000000009F
:10C1A000000000000000000000000000000000008F
:10C1B000000000000000000000000000000000007F
:10C1C000000000000000000000000000000000006F
:10C1D000000000000000000000000000000000005F
:10C1E000000000000000000000000000000000004F
:10C1F000000000000000000000000000000000003F
:10C200002DE9F04F85B003910778A7F10903042BBE
:10C21000044607F07F0200F10100F5D9202AF3D08F
:10C220002B2F04BF677804462D2F75D09FED427BDE
:10C230008DED007B4FF000084FF000099FB34FF0E9
:10C24000000C25464FF0000ADFF8FCB0644619E008
:10C2500028F0B6FE80468946304628F047FE424622
:10C260004B4628F0F7FC5246804689465B46DDE99E
:10C2700000013CB328F0CEFFCDE90001A44615F83B
:10C28000017F7FB1A7F13006092E52465B4640463A
:10C290004946DDD9CCB92E2F17D115F8017F0124DD
:10C2A000002FEFD12C4642464B46DDE9000128F035
:10C2B00087FE80468946039B404649461C6005B080
:10C2C000BDE8F08F4FF0010CD9E72C46BCF1000F10
:10C2D00029D042464B46DDE9000128F071FE07F007
:10C2E000DF07452F80468946E5D10399681C0A225D
:10C2F00028F07EFC14490246002029F0C1F90246CC
:10C300000B464046494628F05BFE8046894640463B
:10C31000494605B0BDE8F08F9FED097B67788DED4C
:10C32000007B013486E7DFF824904FF00008404698
:10C33000494605B0BDE8F08F000000000000F03F66
:10C34000000000000000F0BF000024400000F87F63
:10C350002DE9F0470023144600228046894629F043
:10C36000A1F828B109F1004399462D232370013427
:10C37000002200234046494629F08AF828B130229D
:10C38000002322706370BDE8F0874046494626F0DE
:10C3900067F929F0C5F873A3D3E900230746494696
:10C3A000404629F07FF800284ED170A3D3E900233E
:10C3B0004046494629F094F8002845D10E2F07F150
:10C3C000010540F3B980A7F10E063246002062490C
:10C3D00029F056F902460B464046494628F01AFF16
:10C3E00000225E4B28F036FC29F086F9002DA7F1DB
:10C3F0000F0E4FF0010C4DDD594FDFF8788101220F
:10C4000045F6F3294FF02E0A494508BF40454FF045
:10C4100030030AD3B0EB080061EB0901494508BFBE
:10C42000404503F10103F5D2DBB2237050EA01036A
:10C4300004F101084AD1954252DD0132102A4FD051
:10C44000444677E90289DFE7002F33DB3A460020D4
:10C45000414929F015F902460B464046494628F065
:10C46000D9FE3BA3D3E90023804689460125002657
:10C470004046494628F0A4FD0022384B28F0EAFB4C
:10C4800029F03AF9002DBC464FF0FF3E37464FF0F9
:10C490000006B1DC234630224FF02E0803F8022BB1
:10C4A00084F80180FC4345D01C4403F8012BA342CF
:10C4B000FBD1A1E77A420020274929F0E1F80246A2
:10C4C0000B464046494628F07BFDCAE7954202F1FB
:10C4D000010204BF84F801A004F10208102AAFD1C0
:10C4E0006EB14246302102F8011BC2F101037344D0
:10C4F0004344002BF7DC2EEAEE7301339844BCF181
:10C50000010F12D0BCF1000F4FF0650388F8003026
:10C51000C5BF2B2388F8013008F1010108F10201A1
:10C520006046BDE8F04714F059BA002388F800309F
:10C53000BDE8F0871C465FE7C7F10E020020064900
:10C5400029F09EF83E4602460B46012790E700BFC1
:10C550000000901EC4BCD642000024400000E03F12
:10C56000B86304008DEDB5A0F7C6B03E50EFE2D63B
:10C57000E41A4B4400407A1070B54FF0FF3005F0DC
:10C580002FFF04466FF07F4005F02AFF0646204645
:10C5900028F09CFC00220C4B28F012FD044630468B
:10C5A0000D4628F093FC06A3D3E9002328F032FEC1
:10C5B00002460B462046294628F04CFB70BD00BFC2
:10C5C0000000E0DFFFFF6F430000F03D00000000CF
:10C5D0002DE9F843036B044618680D4628F098FCD3
:10C5E000064668680F4668B328F080FC26F038F8E5
:10C5F000236B95ED037AD3ED007A77EE677A804668
:10C60000894617EE900A28F083FC42464B4628F0F4
:10C61000D7FC10A3D3E9002328F0FCFD3B463246AB
:10C6200028F018FB28F0C4FF07EE900AF5EEC07A58
:10C63000F1EE10FA4FF0000354BFC4ED137AE36437
:10C64000BDE8F88300200249D0E700BFAFF30080C7
:10C650000000F03F333333333333FF3F000000003B
:10C660004389DA0700F103822DE9F04F43F001031B
:10C670004FF080424381D2F80034B94A97B0054662
:10C680000B92002B00F0E28113680133136011F06C
:10C690007BFB05F1B8031C46002128460A9312F0E3
:10C6A00049FC204614F088FCAE4C04F1F00654F826
:10C6B000043F184613B11B681B689847A642F6D181
:10C6C00028460AF093FAA84B0A9E0024CDE91234BA
:10C6D00012AB93E8030010238DE803002246029377
:10C6E00040F2FD312B46304612F0D0FB9F4BCDE996
:10C6F000143416AB13E90300C0238DE80300029342
:10C7000064222B4640F2FD31304612F0BFFB6889AF
:10C71000974BA0216022802640F4C040E02468812D
:10C7200083F8094383F80A13402483F81A2383F813
:10C730001B2383F8071383F81C1383F8216383F802
:10C74000222305F2947283F8016305F5E160164631
:10C75000079283F8024383F806430AF0A5FF854950
:10C76000304617F089FD84490746304617F084FDAE
:10C770002B68824A5B680990934240F07481642080
:10C7800014F050FE0B9B4FF0000A1B68089305F154
:10C790000C0B0FF2BC19D9E9008954465B4656468A
:10C7A000A3469A46089B032B00F0938005F654009D
:10C7B00017F076FC002840F0A280002F00F0E08007
:10C7C000FF233246214605F2F4701AF063FA2B6813
:10C7D0005B681420694A934240F08D8014F022FE79
:10C7E0000134E4B2052C0BF1010B02D1731CDEB253
:10C7F0000024BBF1190F00F09180002FD2D05D49C9
:10C80000079817F06DFE384629F012F9099829F0BB
:10C810000FF90B9A002313600AF032FA01460CA8B4
:10C820001AF0BAFD1DF0EEFF42464B46CDE9040179
:10C8300028F00EFF0EA811461AF09AFD42464B460C
:10C84000DDE9040128F004FF42464B4628F000FFD2
:10C850000FAB114618461AF08BFD3FA3D3E9002316
:10C86000DDE9040128F0F4FE014610A81AF080FD6D
:10C870000FAA10A911A81AF01DFE0EAA11A90DA841
:10C880001AF018FE11A81AF053FD10A81AF050FD66
:10C890000FA81AF04DFD0EA81AF04AFD079A0123C1
:10C8A0000CA9CDE9002350460A9B0DAA0FF0AEF863
:10C8B0000DA81AF03DFD0CA81AF03AFD05F6540239
:10C8C00005F2E47150460EF073FE089B032B7FF4D3
:10C8D0006DAFBBF1180F25DCFF233246214605F270
:10C8E000F4701AF0D7F92B68244A5B6893424FF032
:10C8F0000A003FF473AF01462846984770E705F6F3
:10C90000780017F0CDFB00283FF457AFBBF1180FAC
:10C910007FF756AF002F7FF453AF05E0002F3FF4B1
:10C9200072AF6CE7002FD7D1099B6BB3FF23324660
:10C93000214605F2F4701AF0ADF9089A2B68032A23
:10C9400014BF14200A205B6844E700BFAFF30080E7
:10C9500000CA9A3B00000000000064A7B3B6E00DD7
:10C9600030200020D43900206DEA020059EA02008C
:10C9700000E100E0C87604009079040009EA0200B2
:10C98000099B002B7FF41CAF0AF07AF901460CA832
:10C990001AF002FD1DF036FF39A3D3E90023064645
:10C9A0000F4628F055FE0EA811461AF0E1FC34A3FC
:10C9B000D3E900233046394628F04AFE30A3D3E9B4
:10C9C000002328F045FE0FA811461AF0D1FC2EA333
:10C9D000D3E900233046394628F03AFE014610A834
:10C9E0001AF0C6FC0FAA10A911A81AF063FD0EAA2E
:10C9F00011A90DA81AF05EFD11A81AF099FC10A853
:10CA00001AF096FC0FA81AF093FC0EA81AF090FCEE
:10CA10000024079B00930DAA0A9B01940CA9504681
:10CA20000EF0F4FF0DA81AF083FC0CA81AF080FC9D
:10CA300011F0E6FF2B68104A5B6893420CD10A2084
:10CA400014F0F0FC204617B0BDE8F08F4FF47A7078
:10CA5000136015F065F81AE628460A219847204623
:10CA600017B0BDE8F08F6421284698478AE603484E
:10CA7000704700BFAFF3008009EA020016FCFFFF19
:10CA800000CA9A3B00000000000064A7B3B6E00DA6
:10CA90002DE9F04F2DED028B044683B0C06828F0DD
:10CAA00025FA80462069894628F020FA8246606986
:10CAB0008B4628F01BFA024601F1004306460F465A
:10CAC0004046494625F080FC28F072FDE0620546AC
:10CAD00025F032FB0190284625F0E2FA019B05463D
:10CAE000184628F015FA42464B4628F069FA804667
:10CAF0002846894628F00CFA32463B4628F060FA70
:10CB000002460B464046494628F0A2F802460B462C
:10CB10005046594625F058FC28F04AFD002208EE00
:10CB2000100A00233046394628F0DAFC28B3B5EE67
:10CB3000C08AF1EE10FA1CDD11A7D7E9006718EEE4
:10CB4000100A28F0E5F902460B463046394628F02F
:10CB50007FF832463B4628F07DF828F029FDA06298
:10CB6000E38843F00203E38003B0BDEC028BBDE831
:10CB7000F08F05A7D7E90067E1E784ED0A8AEFE7C0
:10CB8000EA2E4454FB21F93FEA2E4454FB21F9BF1D
:10CB900008B515F0DBF9DFED0C7A07EE100A67EE49
:10CBA000277A17EE900A28F0B3F905A3D3E90023FA
:10CBB00028F030FB28F0B4FC08BD00BFAFF30080C4
:10CBC000EA2E4454FB2119400000B4430000000049
:10CBD00008B515F0C9F9DFED0C7A07EE100A67EE1B
:10CBE000277A17EE900A28F093F905A3D3E90023DA
:10CBF00028F010FB28F094FC08BD00BFAFF30080C4
:10CC0000EA2E4454FB2119400000B4430000000008
:10CC100070B52DED068B044684B0406CDFED34AA70
:10CC200015F0A2F90646606C15F090F90222214633
:10CC3000054601A815F0B8FADDED027AB8EEE78AEC
:10CC4000DDED037A3046B8EEE79A25F075FA0AEE84
:10CC5000100A304625F024FA09EE900A284625F0FD
:10CC60006BFA08EE900A284625F01AFA68EE287A40
:10CC70009DED017A06EE900AB8EEC77A67EE8A7AE1
:10CC800029EEC88AE7EE267A69EE288AA9EE0A8A92
:10CC9000E8EEA97A18EE101A17EE900A25F024FE95
:10CCA00007EE900A67EEAA7A17EE900A28F030F99C
:10CCB0000DA3D3E9002328F0ADFA28F079FCDFEDCD
:10CCC0000D7A07EE100A77EEC77AF5EEC07AF1EE2C
:10CCD00010FA48BF77EEAA7AFDEEE77A17EE900ACF
:10CCE00004B0BDEC068B70BDEA2E4454FB21194004
:10CCF0000000B4430000B44200B585B001220146F3
:10CD000001A815F051FADDED027AF8EEE77A17EE98
:10CD1000901ADDED017AF8EEE77A17EE900A25F029
:10CD2000E3FDDFED137A07EE100A67EE277A17EEC0
:10CD3000900A28F0EDF80CA3D3E9002328F06AFA52
:10CD400028F036FC07EE900AF5EEC07AF1EE10FA04
:10CD500044BF9FED087A77EE877AFDEEE77A17EE0B
:10CD6000900A05B05DF804FBEA2E4454FB2109400B
:10CD7000000034430000B443494A21F00043934289
:10CD80002DE9704304460D4649DC464A93420E465F
:10CD90000EDC3FA3D3E9002327F05CFF0022424BC7
:10CDA00028F09EFB00284AD020462946BDE8708323
:10CDB0003E4A934239DCB3F1804F40DD25F05EF806
:10CDC0002246804689462B462046294628F0F8F818
:10CDD0000022354B27F03EFF26F0FEF842464B4638
:10CDE00027F038FF02460B4600202F4928F012FAA0
:10CDF000424604460D464B464046494627F02AFF28
:10CE000002460B462046294627F024FF01F0A0FEEB
:10CE1000002E08DC01F100431946BDE8708302468C
:10CE20000B4627F017FFBDE8708325F027F801F0C7
:10CE30008FFE19A3D3E9002327F00CFFE8E7224671
:10CE40002B462046294628F0BBF8804689462046D6
:10CE5000294625F013F8002204460D46124B4046A1
:10CE6000494627F0F7FE26F0B7F800220E4B27F0D0
:10CE7000F1FE02460B464046494628F0CBF92246D1
:10CE80002B4627F0E7FE00F0A7FAC1E7AFF30080DA
:10CE90009C7500883CE4377EEF39FAFE422EE63F6F
:10CEA000FFFFEF7FFFFF2F3E0000F03F0000B0418B
:10CEB0002DE9F84FBE4B21F000469E4204460D4638
:10CEC0008A460EDDBB4B9E4200F3B18000F0AC8081
:10CED000BAF1000F40F3EA8099A1D1E90001BDE861
:10CEE000F88FB54B9E4200F3BA80A3F1DE739E42E9
:10CEF00040F3A5804FF0FF3B22462B4620462946B3
:10CF000028F05EF802460B468046894628F058F81D
:10CF10008DA3D3E9002306460F4628F051F88CA3D1
:10CF2000D3E9002327F096FE32463B4628F048F826
:10CF300089A3D3E9002327F08DFE32463B4628F033
:10CF40003FF887A3D3E9002327F084FE32463B460F
:10CF500028F036F884A3D3E9002327F07BFE32467D
:10CF60003B4628F02DF882A3D3E9002327F072FE78
:10CF700042464B4628F024F87FA3D3E9002380469D
:10CF800089463046394628F01BF87DA3D3E90023B3
:10CF900027F05EFE32463B4628F012F87AA3D3E92A
:10CFA000002327F055FE32463B4628F009F878A3C7
:10CFB000D3E9002327F04CFE32463B4628F000F828
:10CFC00075A3D3E9002327F043FE32463B4627F002
:10CFD000F7FF02460B464046494627F03BFE2246F5
:10CFE0002B4627F0EDFFBBF1FF3F02460B4661D019
:10CFF000724B734E4FEACB0B5B44D3E9002327F00F
:10D0000027FE22462B4627F023FEB34402460B465A
:10D01000DBE9000127F01CFEBAF1000F0DDA01F187
:10D0200000431946BDE8F88F00283FF451AF22466F
:10D030002B462046294627F00DFEBDE8F88F58A361
:10D04000D3E9002327F006FE00225E4B28F048FAC1
:10D0500000283FF44FAF20462946BDE8F88F24F062
:10D060000DFF594B9E4204460D4629DCA3F5502383
:10D070009E424EDC02460B4627F0ECFD0022514B4F
:10D0800027F0E6FD002206460F464FF0804320467B
:10D09000294627F0DFFD02460B463046394628F088
:10D0A000B9F84FF0000B04460D4625E73EA1D1E943
:10D0B0000001C2E72046294627F0CAFDBDE8F88FE7
:10D0C000424B9E421ADC0022414B27F0C1FD002258
:10D0D00006460F463E4B2046294627F071FF0022A8
:10D0E000384B27F0B7FD02460B463046394628F04C
:10D0F00091F84FF0020B04460D46FDE602460B4642
:10D100000020344928F086F84FF0030B04460D4602
:10D11000F2E600222B4B27F09BFD002206460F462D
:10D12000284B2046294627F095FD02460B463046FF
:10D13000394628F06FF84FF0010B04460D46DBE648
:10D14000182D4454FB21F93F11DA22E33AAD903F08
:10D15000EB0D76244B7BA93F513DD0A0660DB13F2E
:10D160006E204CC5CD45B73FFF8300922449C23F96
:10D170000D5555555555D53F2F6C6A2C44B4A2BF5B
:10D180009AFDDE522DDEAD3F6D9A74AFF2B0B33F23
:10D19000711623FEC671BC3FC4EB98999999C93F9B
:10D1A0009C7500883CE4377E182D4454FB21F9BF60
:10D1B000FFFF0F440000F07FFFFFDB3FE063040050
:10D1C000C06304000000F03FFFFFF23FFF7F034019
:10D1D0000000F83F0000F0BF2DE9F041C1F30A570D
:10D1E000A7F2FF35132D02460B460C46884606462D
:10D1F00020DC002D4ADB364F2F4101EA070C5CEAA8
:10D20000000C1CD030A3D3E9002327F023FD00221B
:10D21000002328F065F948B1002C04DD4FF4801399
:10D2200043FA05F5A84428EA0704002621463046BB
:10D23000BDE8F081332D06DDB5F5806F38D010469E
:10D240001946BDE8F081A7F213474FF0FF3C2CFAD6
:10D2500007F70742F3D01CA3D3E9002327F0FAFC19
:10D260000022002328F03CF90028DFD0002C09DD43
:10D27000142D22D00123C5F1340503FA05F5AE19AA
:10D2800028BF984426EA07064446CFE70EA3D3E911
:10D29000002327F0DFFC0022002328F021F90028DA
:10D2A000C4D0002C0CDB264305D00026094CBDE77A
:10D2B00027F0D0FCC5E73446B8E704F10108E1E700
:10D2C00000264FF00044B1E79C7500883CE4377EAF
:10D2D000FFFF0F000000F03F2DE9F041C1F30A57B6
:10D2E000A7F2FF35132D02460B460C46884606462C
:10D2F0001DDC002D3CDB364F2F4101EA070C5CEAB8
:10D30000000C19D030A3D3E9002327F0A3FC00229E
:10D31000002328F0E5F8C8B3002C04DA4FF480139A
:10D3200043FA05F5A84428EA070400262EE0332D29
:10D3300006DDB5F5806F2DD010461946BDE8F081A9
:10D34000A7F213474FF0FF3C2CFA07F70742F3D040
:10D350001DA3D3E9002327F07DFC0022002328F041
:10D36000BFF898B1002C21DB26EA070644460DE001
:10D3700015A3D3E9002327F06DFC0022002328F039
:10D38000AFF818B1002C08DB0026344621463046A1
:10D39000BDE8F08127F05EFCD0E724F000430D4AA1
:10D3A0001E43002E18BF14460026EFE7142D08D0A8
:10D3B0000123C5F1340503FA05F5AE1928BF9844D9
:10D3C000D2E704F10108CFE79C7500883CE4377E82
:10D3D000FFFF0F000000F0BF2DE9F04FD84B99423E
:10D3E00087B08046894643DDD64B99420E4600F30E
:10D3F000F480D54B994240F32D819FEDBB7B8DEDA1
:10D40000047B4FEA215A0446AAF2FF3ACF4BC6F3F7
:10D4100013069E4246F07F5500F3128145F44015F5
:10D42000204629460022CA4B27F012FC002204465F
:10D430000D46C84B27F0C4FD22462B4627F0C0FD01
:10D44000A046CDE90201A946CDE90001002E3AD15E
:10D45000002200232046294628F01AF8002800F070
:10D460001B81BAF1000F40F0858100200021B8E057
:10D47000B94B21F000449C420A460FDD0022B74B15
:10D4800028F006F8002800F0AF80002200230020DA
:10D49000B34927F0BFFE07B0BDE8F08FB14B9C4207
:10D4A00040F3AF80B04B1A449A4240F2D38000223E
:10D4B000A84B27F085FD42464B4627F081FDCDE97C
:10D4C00000014FF0000A00224FF0804340464946D9
:10D4D00027F0C0FB02460B464046494627F09AFE1D
:10D4E00002460B4606460F4627F06AFD80A3D3E9A5
:10D4F000002304460D4627F063FD7FA3D3E90023F4
:10D5000027F0A8FB22462B4627F05AFD7CA3D3E93F
:10D51000002327F09FFB22462B4627F051FD7AA3DC
:10D52000D3E9002327F096FB22462B4627F048FD3F
:10D5300077A3D3E9002327F08DFB22462B4627F063
:10D540003FFD75A3D3E9002327F084FB22462B4639
:10D5500027F036FD72A3D3E9002327F07BFB224698
:10D560002B4627F02DFDDDE9002327F073FB324623
:10D570003B4627F025FD04460D46BAF1000F00F0AA
:10D58000A880504627F0B2FC67A3D3E90023824667
:10D590008B4627F015FD66A3D3E9002306460F4608
:10D5A0005046594627F00CFDDDE9042327F052FBD5
:10D5B00022462B4627F04EFB02460B46DDE90001D2
:10D5C00027F046FB42464B4627F042FB02460B46FD
:10D5D0003046394627F03CFB03E002460B4627F075
:10D5E00039FB07B0BDE8F08F42464B4640464946FE
:10D5F00027F02EFB02460B4627F00CFE07B0BDE8D5
:10D60000F08F0022594B27F025FB0022002327F042
:10D6100067FF10B1564B9C4262DD42464B46404686
:10D62000494627F0CDFC00224A4B27F0C9FC0246B0
:10D630000B464046494627F00BFB07B0BDE8F08F8C
:10D6400045F40015C6F5801620462946B6100AF1A5
:10D65000010AE7E600223E4B4046494627F0FAFA27
:10D660004FEA215AAAF2FF3ABAF1000F04460D46DA
:10D670000E4640F3BD8042464B4627F0E9FA02468B
:10D680000B460020324927F0E3FA22462B4627F0CA
:10D69000C1FDCDE90401B9E627A3D3E90023204663
:10D6A000294627F08DFC02460B460020284927F02A
:10D6B000CFFADDE9022327F083FC06460F46BAF1D4
:10D6C000000F75D102460B462046294627F0C0FAC6
:10D6D00087E702460B46DDE9000127F0B9FAA6E725
:10D6E000404649467DE700BF000000000000000002
:10D6F00044523EDF12F1C23F9FC678D0099AC33F21
:10D70000DE03CB966446C73FAF788E1DC571CC3F14
:10D71000599322942449D23F04FA97999999D93F71
:10D72000935555555555E53F0000E0FE422EE63F26
:10D73000763C7935EF39EA3D555555555555E53F18
:10D740007982DA3FFFFFEF7FFFFF3F439DA0060096
:10D750000000F03F0000E03FFFFFEF3F0000F0BFA0
:10D76000000050C3FFFF1F3E3C412D4000005043CE
:10D77000FFFF8F3C504627F0B9FB24A3D3E90023D9
:10D7800006460F4627F01CFCDDE9042327F062FA69
:10D7900020A3D3E9002304460D463046394627F03E
:10D7A0000FFC02460B462046294627F053FA18E79D
:10D7B000504627F09BFB17A3D3E9002382468B46F4
:10D7C00027F0FEFB11A3D3E900238046894650468B
:10D7D000594627F0F5FBDDE9042327F03BFA024622
:10D7E0000B463046394627F033FA22462B4674E77B
:10D7F0000022054B27F02CFA02460B4640464946CC
:10D8000027F026FA41E700BF0000F03F763C79356B
:10D81000EF39EA3D0000E0FE422EE63F0000000046
:10D8200008B524F09FFE04A3D3E9002327F0F2FCFF
:10D8300008BD00BFAFF30080EF39FAFE422EE63F8D
:10D840002DE9F043DFF8B4808BB004460D4600F0BC
:10D8500057FF98F90030013306460F462CD0224678
:10D860002B462046294627F045FE814620BB204610
:10D87000294624F003FB1FA3D3E9002327F030FE41
:10D88000D0B1194A98F90030CDF820900321CDE9A4
:10D890000445CDE90245CDE9001293B113490020BA
:10D8A000022BCDE9060111D127F04AF922230360AA
:10D8B000089B9BB9DDE90667304639460BB0BDE8E9
:10D8C000F0830B4B4FF06042CDE90623684626F00B
:10D8D000E3FD0028E8D0089B002BEBD027F030F9BF
:10D8E000089B0360E6E700BFF08C04000000F07FB7
:10D8F000FFFFEF477DF8B98FCE3386407A230020B3
:10D900002DE9F043DFF8E4808BB004460D4600F0CB
:10D91000A7FF98F90030013306460F4633D0204662
:10D92000294626F0B3FD70B32CA3D3E9002320468B
:10D93000294627F0D5FD814650BB2AA3D3E9002311
:10D940002046294627F0AEFDE8B198F90030204A7C
:10D95000CDF82090002000210426022BCDE90445BB
:10D96000CDE902450096CDE90601019229D068462D
:10D9700026F092FD28B3089B1BB127F0E1F8089B25
:10D980000360DDE90667304639460BB0BDE8F08339
:10D990000F4A98F90030019203210022CDE9044595
:10D9A000CDE90245009108922BB90A4B4FF0604235
:10D9B000CDE90623DBE708490020022BCDE906016B
:10D9C000D5D127F0BDF822230360D4E7AFF3008060
:10D9D000F88C0400FFFFEF470000F07FEF39FAFEFC
:10D9E000422E864051302DD5104987C07A23002021
:10D9F0002DE9F84FC44E21F00043B34204460D46D2
:10DA00000DDD03F1404303F58013034340F0B9807B
:10DA1000002940F3408100200021BDE8F88FBB4E73
:10DA2000B34208DCBA4A934200F3B5809CA1D1E925
:10DA30000001BDE8F88F0029C0F2708102460B4654
:10DA40000020B44927F004F90022B34B27F0B8FABC
:10DA500004460D4625F0C0FA93A3D3E90023894676
:10DA600080462946204627F0ABFA91A3D3E900234C
:10DA700027F0F0F822462B4627F0A2FA8EA3D3E92E
:10DA8000002327F0E5F822462B4627F099FA8CA3CD
:10DA9000D3E9002327F0DEF822462B4627F090FA40
:10DAA00089A3D3E9002327F0D3F822462B4627F099
:10DAB00087FA87A3D3E9002327F0CCF822462B4628
:10DAC00027F07EFA84A3D3E9002382468B462046C2
:10DAD000294627F075FA82A3D3E9002327F0B8F886
:10DAE00022462B4627F06CFA7FA3D3E9002327F0C8
:10DAF000B1F822462B4627F063FA7DA3D3E9002331
:10DB000027F0A6F822462B4627F05AFA0022814B2E
:10DB100027F0A0F802460B465046594627F07AFBFC
:10DB200042464B4627F04CFA002682468B46324648
:10DB30004B463046494627F043FA02460B462046FC
:10DB4000294627F085F8324604460D464B464046A6
:10DB5000494627F07FF802460B462046294627F023
:10DB600059FB02460B465046594627F073F8324699
:10DB70004B4627F06FF802460B4627F06BF8BDE8DE
:10DB8000F88F02460B4627F063F802460B4627F053
:10DB900041FBBDE8F88F02460B4627F011FA42A37D
:10DBA000D3E9002306460F4627F00AFA40A3D3E93B
:10DBB000002327F04FF832463B4627F001FA3EA3F8
:10DBC000D3E9002327F044F832463B4627F0F8F922
:10DBD0003BA3D3E9002327F03DF832463B4627F02C
:10DBE000EFF939A3D3E9002327F032F832463B4658
:10DBF00027F0E6F936A3D3E9002327F02BF83246C5
:10DC00003B4627F0DDF934A3D3E90023804689465B
:10DC10003046394627F0D4F931A3D3E9002327F061
:10DC200017F832463B4627F0CBF92FA3D3E9002360
:10DC300027F010F832463B4627F0C2F92CA3D3E96F
:10DC4000002327F005F832463B4627F0B9F90022B9
:10DC5000304B26F0FFFF02460B464046494627F070
:10DC6000D9FA22462B4627F0ABF902460B4622A1F1
:10DC7000D1E9000126F0ECFF02460B46204629467A
:10DC800026F0E6FF02460B4605A1D1E9000126F089
:10DC9000DFFFBDE8F88F1AA1D1E9000179E700BFE5
:10DCA000182D4454FB21F93F09F7FD0DE13D023FDA
:10DCB00088B20175E0EF493F3B8F68B52882A43FE9
:10DCC0005544880E55C1C93F7D6FEB0312D6D43F32
:10DCD000555555555555C53F82922EB1C5B8B33FE0
:10DCE00059018D1B6C06E63FC88A599CE52A004005
:10DCF0004B2D8A1C273A0340075C143326A6913C1F
:10DD0000182D4454FB210940FFFFEF3FFFFFDF3F89
:10DD10000000603C0000F03F0000E03F00225C4B50
:10DD200026F098FF00225B4B27F04AF940A3D3E985
:10DD3000002304460D4627F043F93FA3D3E900230F
:10DD400026F088FF22462B4627F03AF93CA3D3E978
:10DD5000002326F07DFF22462B4627F031F93AA317
:10DD6000D3E9002326F076FF22462B4627F028F938
:10DD700037A3D3E9002326F06BFF22462B4627F07A
:10DD80001FF935A3D3E9002326F064FF22462B4672
:10DD900027F016F9804689462046294625F01CF9C9
:10DDA0002FA3D3E9002306460F462046294627F035
:10DDB00007F92DA3D3E9002326F04AFF22462B467C
:10DDC00027F0FEF82AA3D3E9002326F043FF2246DA
:10DDD0002B4627F0F5F828A3D3E9002326F038FFD7
:10DDE00022462B4627F0ECF80022294B26F032FF82
:10DDF00002460B464046494627F00CFA32463B465F
:10DE000027F0DEF81EA3D3E9002326F021FF3246D7
:10DE10003B4626F01FFF02460B4626F01BFF02463C
:10DE20000B4619A1D1E9000126F012FFB1E600BFAF
:10DE300009F7FD0DE13D023F88B20175E0EF493F72
:10DE40003B8F68B52882A43F5544880E55C1C93F11
:10DE50007D6FEB0312D6D43F555555555555C53FEB
:10DE600082922EB1C5B8B33F59018D1B6C06E63FB7
:10DE7000C88A599CE52A00404B2D8A1C273A03404A
:10DE8000075C143326A6913C182D4454FB2109400D
:10DE90000000F03F0000E03F414A91422DE9F84385
:10DEA00004460D4637DD3F4A91420B4608DD02F13C
:10DEB000795291423DDD024626F0CCFEBDE8F88362
:10DEC00001F1404202F5801202432ED0B1F1804FA1
:10DED00037DC0022344B26F0BBFE02460B460446DC
:10DEE0000D4626F0B7FE224606460F462B46204634
:10DEF000294627F065F802460B463046394626F09B
:10DF0000A9FE25F069F822462B4626F0A3FEBDE8BF
:10DF1000F843FFF761BA02460B4626F099FE024627
:10DF20000B4627F077F9BDE8F88300200021BDE813
:10DF3000F88300F00DFE18A3D3E9002326F08AFE33
:10DF4000F1E7024627F03CF80022174B26F080FE4E
:10DF500025F042F82246804689462B46204629462F
:10DF600026F078FE224606460F462B464046494696
:10DF700026F070FE02460B4600200B4927F04AF9B6
:10DF80000B4602463946304626F062FEBDE8F843AD
:10DF900000F0DEBDAFF30080EF39FAFE422EE63F1F
:10DFA000FFFFEF3FFFFFAF410000F03F0000000028
:10DFB0002DE9F04FAE4B21F000479F4287B0044659
:10DFC0000D4611DD07F1404707F5801703463B4337
:10DFD00021D002460B4626F03BFE02460B4627F0B8
:10DFE00019F907B0BDE8F08FA24B9F420E4629DC1D
:10DFF000B7F1795F80F2468181A3D3E9002326F04F
:10E0000029FE00229C4B27F06BFAD8B12046294606
:10E0100007B0BDE8F08F7CA3D3E9002326F0D0FF42
:10E020007BA3D3E9002306460F462046294626F067
:10E03000C7FF02460B463046394626F00BFE07B0B6
:10E04000BDE8F08F2046294623F018FF02460B4614
:10E050000020894926F0FCFD0022884B26F0B0FF05
:10E060006DA3D3E9002304460D4626F0A9FF6CA357
:10E07000D3E9002326F0EEFD22462B4626F0A0FF32
:10E0800069A3D3E9002326F0E3FD22462B4626F0C0
:10E0900097FF67A3D3E9002326F0DCFD22462B4639
:10E0A00026F08EFF64A3D3E9002326F0D1FD22469B
:10E0B0002B4626F085FF62A3D3E9002326F0CAFD94
:10E0C00022462B4626F07CFF5FA3D3E90023CDE94F
:10E0D00000012046294626F073FF5DA3D3E9002303
:10E0E00026F0B6FD22462B4626F06AFF5AA3D3E956
:10E0F000002326F0AFFD22462B4626F061FF58A3F1
:10E10000D3E9002326F0A4FD22462B4626F058FF33
:10E11000594B002226F09EFD82468B46204629461A
:10E12000CDE902AB24F058FF554B9F42804689460B
:10E1300000F3198102460B4626F08CFDDDE902232F
:10E14000CDE90401DDE9000127F064F802460B4641
:10E15000DDE9040126F034FF4FF0000ACDE90001AB
:10E1600052464B465046494626F02AFF02460B4689
:10E170002046294626F06CFD524604460D464B4685
:10E180004046494626F066FD02460B462046294693
:10E1900027F040F802460B4626F05CFD02460B468F
:10E1A0001BA1D1E9000126F053FD02460B46DDE933
:10E1B000000126F04DFD524604460D464B465046A2
:10E1C000494626F047FD02460B4627A1D1E900014A
:10E1D00026F03EFD02460B462046294626F038FD35
:10E1E00002460B4620A1D1E9000126F031FD002EA8
:10E1F0003FF7F7AE01F100431946F2E6AFF30080B6
:10E200009C7500883CE4377E182D4454FB21F93F6F
:10E21000075C143326A6913C09F7FD0DE13D023F52
:10E2200088B20175E0EF493F3B8F68B52882A43F73
:10E230005544880E55C1C93F7D6FEB0312D6D43FBC
:10E24000555555555555C53F82922EB1C5B8B33F6A
:10E2500059018D1B6C06E63FC88A599CE52A00408F
:10E260004B2D8A1C273A0340182D4454FB21E93FCB
:10E27000FFFFEF3FFFFFDF3F0000F03F0000E03F08
:10E280003233EF3F02460B4626F09AFE4BA3D3E90A
:10E29000002306460F4626F093FE4AA3D3E9002347
:10E2A00026F0D8FC32463B4626F08AFE47A3D3E947
:10E2B000002326F0CDFC32463B4626F081FE45A3E6
:10E2C000D3E9002326F0C6FC32463B4626F078FE12
:10E2D00042A3D3E9002326F0BBFC32463B4626F09E
:10E2E0006FFE40A3D3E9002326F0B4FC32463B4640
:10E2F00026F066FE3DA3D3E90023804689463046DA
:10E30000394626F05DFE3BA3D3E9002326F0A0FCAE
:10E3100032463B4626F054FE38A3D3E9002326F0CC
:10E3200099FC32463B4626F04BFE36A3D3E9002348
:10E3300026F08EFC32463B4626F042FE00221E4B63
:10E3400026F088FC02460B464046494626F062FF0E
:10E3500022462B4626F034FE22462B4626F07AFC37
:10E3600007B0BDE8F08F52465B46DDE9000126F0BC
:10E3700051FF42464B4626F023FE42464B4626F0CE
:10E3800069FC02460B4626F065FC07A3D3E900238F
:10E3900026F05EFC02460B4605A1D1E9000126F0FD
:10E3A00057FC24E7AFF30080075C143326A6913CAA
:10E3B000182D4454FB21F93F0000F03F09F7FD0DF3
:10E3C000E13D023F88B20175E0EF493F3B8F68B500
:10E3D0002882A43F5544880E55C1C93F7D6FEB0389
:10E3E00012D6D43F555555555555C53F82922EB13D
:10E3F000C5B8B33F59018D1B6C06E63FC88A599CCE
:10E40000E52A00404B2D8A1C273A034000000000FB
:10E410002DE9F84F1D465342134325F00049DFF81C
:10E42000C8C149EAD3736345144606460F4626D849
:10E43000C0F1000848EA000821F0004A4AEAD8780A
:10E44000E04503468B461AD805F1404808F5801888
:10E4500058EA0208AE4643D04FEAA57808F0020811
:10E460005AEA030348EAD17811D1B8F1020F55D026
:10E47000B8F1030F09D14AA1D1E9000105E0324604
:10E480003B462046294626F0E5FBBDE8F88F59EAD1
:10E49000020329D0E1452ED0E24525D0AAEB090997
:10E4A0004FEA2959B9F13C0F3CDC002D3EDA19F155
:10E4B0003C0F3BDA00200021B8F1010F4ED0B8F13B
:10E4C000020F3ED0B8F1000FDFD037A3D3E900230D
:10E4D00026F0BEFB36A3D3E9002326F0B9FBD4E730
:10E4E000BDE8F84FFEF7E4BCBBF1000F12DB32A130
:10E4F000D1E90001C9E7CA4534D0B8F1020F0DD007
:10E50000B8F1030FB7D0B8F1010F4FF0000036D0CB
:10E510000021BAE72AA1D1E90001B6E724A1D1E997
:10E520000001B2E724A1D1E90001C5E722462B464C
:10E530003046394626F06EFE23F0A0FCFEF7B8FC0C
:10E54000BAE719A3D3E9002326F082FB02460B4663
:10E5500017A1D1E9000126F07BFB96E701F100430A
:10E56000194692E7B8F1020F14D0B8F1030F0DD09D
:10E57000B8F1010F06D014A1D1E9000185E74FF0F1
:10E58000004182E712A1D1E900017EE712A1D1E9A1
:10E5900000017AE712A1D1E9000176E7AFF300802C
:10E5A000182D4454FB2109C0075C143326A6A13C56
:10E5B000182D4454FB210940182D4454FB21F93FE8
:10E5C000182D4454FB21F9BF182D4454FB21E93F79
:10E5D000182D4454FB21E9BFD221337F7CD902C0DE
:10E5E000D221337F7CD902400000F07F0000000080
:10E5F00043422DE9F047034321F000463C4A46EAF6
:10E60000D373934204460D462AD8964240D0394BE4
:10E610009E428A462EDD384B9E4235463FDD3346CC
:10E620000246314626F016FB224606460F462B468A
:10E6300000202F4926F00CFB02460B463046394697
:10E6400026F0E8FDFEF7C8FE00222C4B26F0B8FCB1
:10E65000BAF1000F0CDA01F100431946BDE8F0876A
:10E6600002460B4626F0F4FA02460B4626F0D2FD8F
:10E67000BDE8F0871CA3D3E9002326F0EBFA0022C3
:10E68000002326F02DFF48B120462946BDE8F0873B
:10E690000022002326F0BEFDBDE8F0873546224665
:10E6A0002B462046294626F0D5FA22462B4606461A
:10E6B0000F4626F085FC2246804689462B460020E0
:10E6C0000B4926F0C5FA02460B464046494626F05D
:10E6D000A1FD32463B4626F0BDFAFEF77DFE002244
:10E6E000064B26F06DFCB3E79C7500883CE4377E52
:10E6F0000000F03FFFFF2F3EFFFFDF3F0000E03F45
:10E700002DE9F8434E4B21F000449C4206460F464B
:10E710001BDC4C4B9C4222DD4B4B9C4254DD4B4B53
:10E720009C4246DD4A4B9C426FDD01339C4269D0DE
:10E7300041A3D3E900231046194626F041FC0646C2
:10E740000F4630463946BDE8F88302460B4626F0B0
:10E7500037FC06460F4630463946BDE8F88323F0BD
:10E760008DFB01F0F9FE00223A4B8046894626F0E7
:10E7700071FAB4F1725F06460F46ECDB42464B4637
:10E780004046494626F01CFC32463B4604460D46B0
:10E790003046394626F05EFA02460B4620462946A8
:10E7A00026F038FD00222B4B26F054FA06460F4681
:10E7B000D1E723F063FB00F053F80022264B26F04C
:10E7C000FFFB06460F46C6E723F058FB00F048F86B
:10E7D0000022214B06460F4626F0F2FB3246044645
:10E7E0000D463B4600201C4926F014FD02460B4610
:10E7F0002046294626F02EFA06460F463046394670
:10E80000BDE8F883154B984292D83046394623F03C
:10E8100035FB0022104B26F0D3FB00F021F800223C
:10E8200004460D460C4B26F0CBFB22462B4626F029
:10E83000C7FB06460F468EE79C7500883CE4377E92
:10E84000FFFFEF7F422ED63FFFFF3540412E86402F
:10E85000CD3386400000F03F0000E03F7DF8B98FE7
:10E860002DE9F047B04F21F00042BA4284B004468F
:10E870000D464FEAD17610D9AC4FBA4240F28A80A9
:10E88000C1F313030343024640F0F180002E7ED013
:10E890000020002104B0BDE8F087A54B9A4200F2A9
:10E8A000B680A44B9A4240F2D1804FF0000A224633
:10E8B0002B462046294626F083FB85A3D3E9002377
:10E8C00006460F4626F07CFB83A3D3E9002326F0FF
:10E8D000BFF932463B4626F073FB81A3D3E9002300
:10E8E00026F0B8F932463B4626F06AFB7EA3D3E910
:10E8F000002326F0ADF932463B4626F061FB7CA3AF
:10E90000D3E9002326F0A6F932463B4626F058FB11
:10E9100002460B462046294626F09AF902460B4647
:10E9200006460F462046294626F04AFB8046894681
:10E93000BAF1000F00F0AB8032463B4600204FF0AA
:10E94000804126F085F902460B464046494626F0AE
:10E9500061FC02460B46DDE9020126F079F9DDE9AA
:10E96000002326F075F90B4602467349002026F075
:10E970006FF96FF47F739A4580F2A3800AF57A7A73
:10E9800001EB0A5100224FF0B87326F019FB04B0D6
:10E99000BDE8F08758A3D3E9002326F0A1FD0028A5
:10E9A0006BD157A3D3E900232046294626F07AFDF0
:10E9B00000287FF46DAF614953A3D3E9002301EB35
:10E9C000C6062046294626F0FBFAD6E9002326F0A3
:10E9D00041F926F0A5FD824626F088FA4CA3D3E93A
:10E9E000002306460F4626F0EBFA02460B46204669
:10E9F000294626F02DF948A3D3E90023CDE90001EB
:10EA00003046394626F0DCFACDE9020115E04C4BE0
:10EA10009A42D0D84B4BF4002344D3E9002326F08C
:10EA200017F9494B234493ED007BCDE900018DEDAF
:10EA3000027BC6F1010AAAEB060ADDE90223DDE941
:10EA4000000126F005F904460D4630E734A3D3E96A
:10EA5000002326F0FFF80022374B26F041FDA8B333
:10EA6000204629460022344B26F0F4F88FE70B4667
:10EA700026F0F0F804B0BDE8F08729A3D3E900231D
:10EA80001046194626F09CFA04B0BDE8F0873046DF
:10EA9000394600224FF0804326F0DAF802460B4652
:10EAA0004046494626F0B6FB22462B4626F0D0F8D3
:10EAB00002460B460020204926F0CAF804B0BDE803
:10EAC000F08701EB0A5104B0BDE8F0878246EEE61C
:10EAD000D0A4BE726937663EF16BD2C541BDBB3E64
:10EAE0002CDE25AF6A56113F93BDBE166CC1663F42
:10EAF0003E5555555555C53FEF39FAFE422E8640D5
:10EB000051302DD5104987C0FE822B654715F73F40
:10EB10000000E0FE422EE63F763C7935EF39EA3DD3
:10EB20009C7500883CE4377E412E8640FFFFEF7FD6
:10EB3000422ED63FFFFF2F3E0000F03F006404004E
:10EB4000B1A2F03F10640400206404000000000043
:10EB50002DE9F04FB1F5801F85B006460F460B46F4
:10EB600080F2D08021F00042024300F0DA800029D8
:10EB7000C0F2E9800022D64B26F022FAD54A0B4695
:10EB8000934206460F466FF0350E00F3C180C3F383
:10EB9000130505F5152C0CF6647C0CF4801C8CF028
:10EBA0007F5282F440121C1542EA0507A4F2FF349A
:10EBB00074440022C84B3046394604EB1C5426F0FE
:10EBC00047F8AB1CC3F31303022B82468B464FF06E
:10EBD000000240F3AF804FF0804326F03BF802463E
:10EBE0000B465046594626F015FB064620460F4672
:10EBF00026F07CF93246CDE902013B4630463946E3
:10EC0000CDE9006726F0DCF902460B4680468946CE
:10EC100026F0D6F99AA3D3E9002306460F4626F03C
:10EC2000CFF999A3D3E9002326F014F832463B46E6
:10EC300026F0C6F996A3D3E9002326F00BF8324656
:10EC40003B4626F0BDF994A3D3E9002326F002F851
:10EC500042464B4626F0B4F991A3D3E900238046FF
:10EC600089463046394626F0ABF98FA3D3E9002315
:10EC700025F0F0FF32463B4626F0A2F98CA3D3E9FB
:10EC8000002325F0E7FF32463B4626F099F90B4674
:10EC900002464946404625F0DDFFA5F5C223C5F5ED
:10ECA000D725A3F27A4351351D43002D06460F4662
:10ECB00040F387800022894B5046594626F080F960
:10ECC00052465B4626F07CF902460B468046894652
:10ECD0003046394625F0BEFFDDE9002326F070F905
:10ECE00006460F46002C40F0818002460B46404607
:10ECF000494625F0ADFF02460B465046594625F0E1
:10ED0000A7FF0BE0734A93424FF0000E7FF73FAF2F
:10ED100032463B463046394625F09CFF05B0BDE8FB
:10ED2000F08F0022002300206D4926F073FA05B011
:10ED3000BDE8F08F002326F0ABFB60B1002C7CD146
:10ED400000200021EAE7024625F082FF002200238E
:10ED500026F060FAE2E758A3D3E90023504659466B
:10ED600026F02EF902460B4600205C4925F070FF84
:10ED7000524606460F465B465046594626F020F955
:10ED800002460B463046394626F01AF906460F462B
:10ED90002CB3204626F0AAF849A3D3E900238046E5
:10EDA000894626F00DF948A3D3E9002304460D4611
:10EDB0004046494626F004F902460B46304639469D
:10EDC0002CE002460B465046594625F041FFDDE94E
:10EDD000002326F0F5F806460F46002C47D13246B0
:10EDE0003B465046594625F033FF97E734A3D3E915
:10EDF0000023DDE9020126F0E3F833A3D3E9002381
:10EE000004460D46DDE9020126F0DAF832463B46BB
:10EE100025F020FF02460B464046494625F018FFE4
:10EE200052465B4625F014FF02460B462046294613
:10EE300025F00EFF05B0BDE8F08F204626F056F80D
:10EE40001FA3D3E9002306460F4626F0B9F81EA3F8
:10EE5000D3E9002304460D463046394626F0B0F883
:10EE600002460B462046294625F0F4FE56E7DDE92A
:10EE7000028913A3D3E900234046494691E700BF26
:10EE800044523EDF12F1C23FDE03CB966446C73FD9
:10EE9000599322942449D23F935555555555E53FF2
:10EEA0009FC678D0099AC33FAF788E1DC571CC3FFD
:10EEB00004FA97999999D93F555555555555D53FC8
:10EEC0000000E0FE422EE63F763C7935EF39EA3D20
:10EED00000005043FFFFEF7F0000F03F0000E03FE5
:10EEE000000050C300000000B1F5801F2DE9F84379
:10EEF00004460D460B4619DA21F00042024359D070
:10EF000000295FDB00223A4B26F05AF8394A0D46B9
:10EF10002B46934204466FF035010CDD22462B460A
:10EF20002046294625F096FEBDE8F883314A9342F3
:10EF30004FF00001F2DC1815A0F2FF3008444FEA50
:10EF4000D0794844C3F3130825F0D0FFC9F57F7387
:10EF5000033348EA035506460F4620462946FFF785
:10EF6000F7FD1DA3D3E90023804689463046394684
:10EF700026F026F81AA3D3E9002304460D4640469E
:10EF8000494626F01DF802460B462046294625F044
:10EF900061FE15A3D3E9002304460D4630463946E9
:10EFA00026F00EF802460B462046294625F052FE72
:10EFB000BDE8F8830022002300200F4926F02AF93B
:10EFC000BDE8F883024625F043FE0022002326F028
:10EFD00021F9A9E7AFF30080362BF111F3FE593D7B
:10EFE0000EE526157BCBDB3F00609F501344D33FDB
:10EFF00000005043FFFFEF7F000050C300000000FF
:10F000002DE9F047CA4B21F000479F4290B080465F
:10F01000894640F38F80C74B9F420C46924626DCC0
:10F020000029B9A3D3E9002340F38F8025F010FE17
:10F03000C14B9F4204460D4600F04781B4A3D3E97B
:10F04000002325F005FE02460B46CAE900232046B0
:10F05000294625F0FDFDAEA3D3E9002325F0F8FDF8
:10F060000125CAE90201284610B0BDE8F087B34B7C
:10F070009F4240F38980B24B9F4200F31C813D15B3
:10F08000A5F21645A7EB055319461F46064626F07E
:10F0900047FA25F02BFF8046894642464B463046CC
:10F0A0003946CDE90A8925F0D3FD0022A54B25F08C
:10F0B00087FF8946804626F033FA25F017FF06467B
:10F0C0000F4632463B4640464946CDE90C6725F09F
:10F0D000BFFD00229B4B25F073FF00220023CDE9EA
:10F0E0000E0126F0D5F9002800F06081002330469B
:10F0F0003946002226F0CCF9002814BF0123022350
:10F10000914A019202212A4600910AA8514600F034
:10F1100087FB002C054614DADAF80420DAF80C3004
:10F1200002F1004203F100434542CAF80420CAF844
:10F130000C3006E000200021C2E90089C2E902018A
:10F140000025284610B0BDE8F08725F083FD7A4BF6
:10F150009F4204460D4600F00B816DA3D3E90023C6
:10F1600025F078FD02460B46CAE9002329462046D1
:10F1700025F06EFD66A3D3E9002325F06BFD4FF06B
:10F18000FF35CAE90201DCE722F078FE62A3D3E989
:10F1900000238046894625F013FF00226B4B25F0A3
:10F1A00059FD26F0BDF9054625F0A0FE56A3D3E98A
:10F1B0000023CDE9060125F003FF02460B46404639
:10F1C000494625F045FD52A3D3E9002380468946F0
:10F1D000DDE90601CDE9028925F0F2FE1F2D024688
:10F1E0000B46CDE9042340F3B380DDE90423DDE9D8
:10F1F000020125F02DFD804689463F15C9F30A53CB
:10F20000FB1A102B40F3B18045A3D3E90023DDE9BD
:10F21000060125F0D5FE8046894602460B46DDE90B
:10F22000020125F015FD02460B46DDE90201CDE99C
:10F23000082325F00DFD42464B4625F009FD3AA373
:10F24000D3E9002380468946DDE9060125F0B8FEB2
:10F2500042464B4625F0FCFC0B46CDE90401024634
:10F26000DDE9080125F0F4FCC1F30A53FF1A312F40
:10F270008046894600F39C809DED087BCAE90089A1
:10F280008DED027B42464B46DDE9020125F0E0FCB4
:10F29000DDE9042325F0DCFC002CCAE90201BFF6FD
:10F2A00050AF09F1004401F100436D42CAE9008406
:10F2B000CAE9020345E702460B4625F0C9FC0025D2
:10F2C000CAE90201CAE900013BE715A3D3E900231B
:10F2D00025F0BEFC14A3D3E900230D46044625F017
:10F2E000B7FC02460B46CAE900232946204625F012
:10F2F000AFFC0DA3D3E9002325F0AAFC0125CAE940
:10F3000002011EE7AFF3008000004054FB21F93FEB
:10F310003163621A61B4D03D83C8C96D305FE43F88
:10F320000000601A61B4D03D7370032E8A19A33BAC
:10F33000FB21E93F7BD90240FB21F93FFB21394109
:10F34000FFFFEF7F00007041B88D04000000E03F38
:10F350004046494625F07CFC394B6A1E804653F8EE
:10F360002230BB4289463FF448AFCAE9008989E7A9
:10F370002BA3D3E9002325F06DFC2BA3D3E90023B5
:10F380000D46044625F066FC02460B46CAE90023FA
:10F390002946204625F05CFC23A3D3E9002325F071
:10F3A00059FC4FF0FF35CAE90201CAE60323A7E67C
:10F3B0001FA3D3E90023DDE9060125F001FE06467F
:10F3C0000F4602460B46DDE9080125F041FC804668
:10F3D000894602460B46DDE90801CDE9028925F0A0
:10F3E00037FC32463B4625F033FC13A3D3E9002318
:10F3F00006460F46DDE9060125F0E2FD32463B46B2
:10F4000025F026FC02460B4640464946CDE904233A
:10F4100025F01EFC80468946A7E700BFAFF30080B9
:10F420000000601A61B4D03D7370032E8A19A33BAB
:10F430000000002E8A19A33BC14920259A837B39FD
:10F44000388D040000000000574A2DE9F84F21F0E4
:10F450000048904506460F462CDC544B0029B4BFAB
:10F46000534D544D98454FF0000411DC524B9845D4
:10F4700026DC4BA3D3E9002325F0ECFB00224F4B05
:10F4800026F02EF8002840D030463946BDE8F88FE7
:10F490004B4B984530DD4B4B984568DD0133984523
:10F4A00062D0304639463EA3D3E9002325F088FDDB
:10F4B000BDE8F88F02460B4625F0CCFBBDE8F88F7F
:10F4C00022F0DCFC01F048F83F4B984506460F4619
:10F4D00023DD0022394B25F0BDFB02460B463046AA
:10F4E000394625F097FE32463B4625F0B3FB2246CF
:10F4F0002B4625F065FDE1E722F0C0FCFFF7B0F9EF
:10F5000022462B4625F05CFDD8E73046394622F0EE
:10F51000B5FC01F021F806460F4632463B46304620
:10F52000394625F097FB324682468B463B463046AD
:10F53000394625F045FD0022804689461F4B30465E
:10F54000394625F087FB02460B464046494625F0E2
:10F5500061FE02460B465046594625F079FB22468D
:10F560002B4625F02DFDA9E7184B984299D8304637
:10F57000394622F083FC00220E4B25F021FDFFF7D7
:10F580006FF906460F4602460B462046294625F0EF
:10F5900017FD32463B4625F013FD8FE7AFF30080A1
:10F5A0003374AC3C1F7BAC7FFFFFEF7FFFFF354028
:10F5B0000000E0BF0000E03FFFFF2F3E0000F03FF3
:10F5C000412E8640CD338640FFFFEF3F7DF8B98F57
:10F5D0002DE9F04F21F00048B8F1795F85B006467B
:10F5E0000F4692469B466BDA25F09AFF002800F002
:10F5F000E18032463B463046394625F0E1FC74A3B3
:10F60000D3E9002304460D4625F0DAFC72A3D3E9C2
:10F61000002325F01FFB22462B4625F0D1FC70A3CA
:10F62000D3E9002325F014FB22462B4625F0C8FC25
:10F630006DA3D3E9002325F00DFB22462B4625F0D0
:10F64000BFFC6BA3D3E9002325F002FB22462B4627
:10F6500025F0B6FC68A3D3E9002325F0FBFA224687
:10F660002B4625F0ADFCCDE900010022664B20467B
:10F67000294625F0A5FCDDE9002380468946204681
:10F68000294625F09DFC524604460D465B46304611
:10F69000394625F095FC02460B462046294625F0C2
:10F6A000D7FA02460B464046494625F0D1FA0246B3
:10F6B0000B460020554925F0CBFA05B0BDE8F08F88
:10F6C00002460B4625F07CFC41A3D3E90023044607
:10F6D0000D4625F075FC40A3D3E9002325F0BAFAC6
:10F6E00022462B4625F06CFC3DA3D3E9002325F0F0
:10F6F000AFFA22462B4625F063FC3BA3D3E9002357
:10F7000025F0A8FA22462B4625F05AFC38A3D3E967
:10F71000002325F09DFA22462B4625F051FC36A306
:10F72000D3E9002325F096FA2B46224625F048FC23
:10F73000374B9845CDE9000197DD364B98453EDCC7
:10F74000A8F500130022002030499046994625F084
:10F750007FFACDE9020100222B4B2046294625F0F5
:10F760002FFC42464B4625F073FADDE90023804624
:10F7700089462046294625F023FC524604460D467C
:10F780005B463046394625F01BFC02460B462046B8
:10F79000294625F05DFA02460B464046494625F0CB
:10F7A00057FA02460B46DDE9020125F051FA05B091
:10F7B000BDE8F08F1549002005B0BDE8F08F9FED42
:10F7C000107B4FF000088DED027BDFF84C90C2E714
:10F7D000D43888BEE9FAA8BDC4B1B4BD9EEE213EBE
:10F7E000AD529C804F7E923E9015CB19A001FA3EFF
:10F7F0007751C1166CC1563F4C5555555555A53FCF
:10F80000000000000000E73F0000E03F0000F03F84
:10F810003233D33F0000E93F0000D23F0000000038
:10F820002DE9F04FADF5197DBE4CA29EBE4D54F8AA
:10F8300026600793D41E85FB0475E417C4EBA5046A
:10F8400024EAE4741D46631CA3EB8303013D02EB31
:10F85000C3030593731904960994019503900B91C2
:10F86000A4EB05071AD43B44002400255E1C0DF1CF
:10F870008008DDF88C9208E059F8270025F036FB67
:10F880000137B742E8E8020108D0002FF4DA013767
:10F8900020462946B742E8E80201F6D1049B002B36
:10F8A000079B4FEAC30302932ADB039A20A902EBCA
:10F8B000030801EB0309049B72AA02EBC30B0DF5CD
:10F8C000E07A019B002B4FF000064FF0000711DBA0
:10F8D000039C4D4675E90223F4E8020125F070FB14
:10F8E00002460B463046394625F0B4F944450646F3
:10F8F0000F46EFD1EAE80267DA4509F10809E0D1DD
:10F90000DDE90204049920448B0082460BA8A3F190
:10F910000802C31808930CAB13440A938B4698ABA8
:10F9200003EBCB03BBF1000F53E9284529DD70AB96
:10F9300003EBCB080DF1300900227C4B2046294611
:10F9400025F03EFB25F0ECFD25F0D0FA0022784BA7
:10F9500006460F4625F034FB02460B462046294654
:10F9600025F076F925F0DCFD78E9022349F8040B4F
:10F970003946304625F06EF970AB984504460D4681
:10F98000DAD1DDF81490204629464A4601F030F8D5
:10F9900000224FF07F5304460D4625F011FBFDF782
:10F9A0009BFC0022634B25F00BFB02460B462046D6
:10F9B000294625F04DF90D46044625F0B1FD804657
:10F9C00025F094FA0B4602462946204625F040F9D8
:10F9D0004B46002B06460F4640F3E1800BF1FF3209
:10F9E0000CA9C9F1180351F8225045FA03F101FAA4
:10F9F00003F30CA8EB1A40F82230C9F1170588442C
:10FA000043FA05F5002D2CDDBBF1000F08F10108CC
:10FA100040F381820C9C002C40F0A780BBF1010FC9
:10FA20000AD00CA9012251F8044F531C002C40F0BD
:10FA30009E809B451A46F6D1059B002B0EDD012BBF
:10FA400000F0D980022B09D10BF1FF320CAB0CA9CD
:10FA500053F82230C3F3150341F82230022D00F091
:10FA6000AF80002200233046394625F011FD0028E2
:10FA700000F05382049B0BF1FF394B4510DC0BF176
:10FA800080430CAA013B089802EB8303002253F841
:10FA90000419834242EA0102F9D1002A40F0B680FB
:10FAA000049B0CAA013B52F82330002B40F0A180AC
:10FAB0000A9A012352F8041901330029FAD05B4451
:10FAC0000BF10109994506934CDC099A079909EB5A
:10FAD000020801EB0B0508F1804802EB030BA39B26
:10FAE00008F1FF3803EB880870AB03EBC909A39B4F
:10FAF00020A903EB8B0301EBC505029358F8040F13
:10FB000025F0F4F90B4601990246002905F1080B8E
:10FB1000C5E900234FF000064FF000071CDB039CF3
:10FB20000CE000BF58920400ABAAAA2A0000703E65
:10FB3000000070410000204075E90223F4E8020152
:10FB400025F03EFA02460B463046394625F082F84B
:10FB5000544506460F46EFD1029B9845E9E80267F7
:10FB60005D46CBD1DDF818B0D9E6012300220CA9FF
:10FB7000C4F180749B4541F822400EDD51F82320EA
:10FB800001EB8B0001EB83036FF07F4100E01A680B
:10FB90008A1A43F8042B8342F9D101244CE706D199
:10FBA0000BF1FF330CAA52F82350ED152AE700227F
:10FBB0007B4B25F08BFC002840F0A381054650E7E5
:10FBC00032463B460020774925F042F806460F466C
:10FBD000002C3FF446AF059A7249002000F008FF60
:10FBE00002460B463046394625F032F806460F46A7
:10FBF00037E7012363E70BF1FF320CAB0CA953F895
:10FC00002230C3F3160341F8223027E70CAB059AE4
:10FC100053F82930183ACDE9068505926BB909F1F8
:10FC20008043013B0CA901EB830353F8041909F14C
:10FC3000FF39183A0029F8D00592059A5949002051
:10FC400000F0D6FEB9F1000F04460D46C0F2C081A7
:10FC50004FEAC90370AA02EB030808930CAB03EB4D
:10FC60008906DFF844B14FF0000A08F108070436AE
:10FC700056F8040D25F03AF922462B4625F0A0F956
:10FC80005B4667E9020152462046294625F098F96D
:10FC90000CAB9E4204460D46EAD148AB0393019358
:10FCA000CDF8149009F10103DDF810900293C346DA
:10FCB0004FF0000AB9F1000FC0F22A81DFF8EC80A2
:10FCC0005D4635A3D3E9002300260027002403E086
:10FCD000544510DCF8E80223F5E8020125F070F93C
:10FCE00002460B463046394624F0B4FF0134A145A4
:10FCF00006460F46ECDA019BE3E802670193029B9C
:10FD00000AF1010A9A45ABF1080BD3D1A29BDDF8A9
:10FD10001490032B39D8DFE813F0D9000600060051
:10FD20004D0048AB0393B9F1000F4FF000004FF0C6
:10FD3000000109DB039D05EBC904083474E90223C3
:10FD400024F088FFA542F9D1079B002B40F01E81CB
:10FD50000B9BC3E900010B4603990246D1E9000160
:10FD600024F076FFB9F1000F0CDD4AAD0124013417
:10FD7000F5E8022324F06EFFA145F8DA079B002B7B
:10FD800040F014810B9BC3E90201069B03F00700BE
:10FD90000DF5197DBDE8F08F00000040FB21F93F13
:10FDA0000000E03F0000F03F0000703E48640400A7
:10FDB00048AB0393B9F1000F40F32781039ACDF8C4
:10FDC00010904FEAC9030193D318D3E900AB09F1AE
:10FDD0000053013B02EBC9080293914678E90267A0
:10FDE00052465B463046394624F034FF04460D4601
:10FDF00002460B463046394624F02AFF52465B46FF
:10FE000024F028FFC145A246AB46C8E90201C8E973
:10FE10000045E3D1DDF81090B9F1010F40F3F58012
:10FE2000019B039A02991344C900D3E9006701F1C9
:10FE3000080A019192440DF5947B7AE902893246D1
:10FE40003B464046494624F005FF04460D4602461F
:10FE50000B464046494624F0FBFE32463B4624F022
:10FE6000F9FED34526462F46CAE90201CAE90045F4
:10FE7000E3D1019C039B1034002000211C4403F1BA
:10FE8000100574E9022324F0E5FEA542F9D1039C94
:10FE9000079ED4E90023D4E90245002E00F08A80B1
:10FEA00003F1004701F100430B99C1E90403069BEC
:10FEB0002646944605F1004403F00700C1E900C757
:10FEC000C1E902640DF5197DBDE8F08F089C039D22
:10FED0000834002000212C4474E9022324F0BAFEE7
:10FEE000A542F9D1079B13B101F1004319460B9BC1
:10FEF000C3E90001069B03F007000DF5197DBDE87D
:10FF0000F08FBBF1000F08F1010874DD022581E5D7
:10FF100000260027EFE600248EE5CDE90685059D45
:10FF2000304639466A4200F063FD0022384B0646EF
:10FF30000F4625F0CBFA00B30022364B3046394647
:10FF400025F03EF825F0ECFA044624F0CFFF00221D
:10FF50002F4B25F035F80B4602463946304624F043
:10FF600077FE25F0DDFA0BF101090CAB183543F8EB
:10FF70002B00059543F829405FE63046394625F0C9
:10FF8000CFFA0CABD94643F82B0056E60B9C01F197
:10FF90000043C4E900030B4603990246D1E900017E
:10FFA00024F056FEB9F1000F3FF7DFAE01F1004338
:10FFB0001946E7E60B9EC6E90023069BC6E9040145
:10FFC00003F00700C6E902450DF5197DBDE8F08F85
:10FFD000A29B032B3FF6D9AE01A252F823F000BF3B
:10FFE000F1FF010023FD010023FD0100B1FD01002F
:10FFF0000020002176E732463B460020064924F0E7
:020000040002F8
:1000000027FE022506460F462BE5002000213EE78D
:10001000000070410000703E0000F03F0000000052
:100020002DE9F04F21F00046B6F1795F85B0044626
:100030000D469046994604DA25F072FA002800F041
:10004000858022462B462046294624F0B9FF0646E5
:100050000F4602460B462046294624F0B1FF41A335
:10006000D3E9002382468B463046394624F0A8FF68
:100070003EA3D3E9002324F0EBFD32463B4624F0B7
:100080009FFF3CA3D3E9002324F0E4FD32463B4626
:1000900024F096FF39A3D3E9002324F0D9FD32469A
:1000A0003B4624F08DFF37A3D3E9002324F0D2FD93
:1000B0000E9BCDE900019BB30022294B40464946E7
:1000C00024F07EFFDDE90023CDE9020150465946C8
:1000D00024F076FF02460B46DDE9020124F0B8FD6C
:1000E00032463B4624F06CFF42464B4624F0B0FDBE
:1000F00019A3D3E9002306460F465046594624F07B
:100100005FFF02460B463046394624F0A3FD024607
:100110000B462046294624F09BFD05B0BDE8F08F34
:1001200002460B463046394624F04AFF0AA3D3E97B
:10013000002324F08DFD52465B4624F041FF224609
:100140002B4624F087FD05B0BDE8F08F20462946F8
:1001500005B0BDE8F08F00BF495555555555C53F11
:100160000000E03F7CD5CF5A3AD9E53DEB9C2B8A85
:10017000E6E55A3E7DFEB157E31DC73ED561C11984
:10018000A0012A3FA6F810111111813F00000000C4
:100190002DE9F04FC04C21F0004687B0A6428246C0
:1001A0008B460F46CDE900231ADC25F0B9F900286B
:1001B0003FD1109B524601331343334300F0B781C4
:1001C000109B012B00F0C0815B460020B34925F055
:1001D00021F804460D462046294607B0BDE8F08FB9
:1001E000AF4B9E4225DD002909DADDE900452246B4
:1001F00005F10043CDE900230BF100418B46524647
:100200005B4685A1D1E9000124F022FDDDE9002350
:1002100004460D4682A1D1E9000124F019FD9FEDAD
:10022000827B22462B468DED007B24F013FD824617
:100230008B4652465B465046594624F0C1FE024664
:100240000B468046894624F0BBFE424604460D46D6
:100250004B465046594624F0B3FE75A3D3E900231C
:10026000CDE902012046294624F0AAFE72A3D3E973
:10027000002324F0EFFC22462B4624F0A1FE70A3BD
:10028000D3E9002324F0E6FC22462B4624F098FE16
:100290006DA3D3E9002324F0DDFC22462B4624F095
:1002A0008FFE6BA3D3E9002324F0D4FC22462B4617
:1002B00024F086FE68A3D3E9002324F0CBFC424659
:1002C0004B4624F07DFE66A3D3E90023CDE904016B
:1002D0002046294624F074FE63A3D3E9002324F0CA
:1002E000B9FC22462B4624F06BFE61A3D3E9002320
:1002F00024F0B0FC22462B4624F062FE5EA3D3E934
:10030000002324F0A7FC22462B4624F059FE5CA3D0
:10031000D3E9002324F09EFC22462B4624F050FE15
:1003200059A3D3E9002324F095FC02460B46DDE9EE
:10033000040124F08FFCDDE9022324F041FEDDE915
:10034000004522462B4624F085FC42464B4624F0CD
:1003500037FE22462B4624F07DFC4DA3D3E9002333
:1003600004460D46DDE9020124F02AFE22462B4612
:1003700024F070FC0B46024680468946504659469A
:1003800024F068FC464B9E4204460D4600F38C80E8
:10039000109B012B3BD002460B4600203F4924F026
:1003A00039FF002406460F462046294652465B4642
:1003B000CDE90067CDE90201009424F049FCDDE9B4
:1003C00000AB02460B464046494624F041FC5246EB
:1003D0005B4624F0F5FD524604460D465B46DDE9DA
:1003E000020124F0EDFD00222E4B24F033FC0246E6
:1003F0000B462046294624F02DFC32463B4624F08D
:10040000DFFD52465B4624F025FC04460D4620469F
:10041000294607B0BDE8F08F182D4454FB21E93F71
:10042000075C143326A6813C000000000000000099
:10043000D47ABF74702AFB3EE9A7F0320FB8123F9E
:1004400068108D1AF726303F1583E0FEC8DB573F52
:1004500093846EE9E326823FFE41B31BBAA1AB3F12
:10046000735360DBCB75F3BEA69237A0887E143F32
:100470000165F2F2D844433F280356C9226D6D3F0F
:1004800037D60684F464963F7AFE10111111C13FED
:10049000635555555555D53FFFFF2F3E0000F0BF22
:1004A0002794E53F0000F03F109824F01FFD2246FE
:1004B000CDE900012B462046294624F081FDDDE9E7
:1004C0000023CDE902012046294624F0C3FB024661
:1004D0000B46DDE9020124F09DFE42464B4624F026
:1004E000B7FB02460B465046594624F0B1FB024684
:1004F0000B4624F0AFFB02460B46DDE9000124F079
:10050000A7FB0446B81700F00200C0F101000D4639
:1005100024F0ECFC02460B462046294624F050FD10
:1005200004460D462046294607B0BDE8F08F5046E8
:10053000594621F0A3FC02460B460020044924F052
:1005400069FE04460D4662E754465D465FE700BF1C
:100550000000F03F000000002DE9F04FCC4A21F0F0
:100560000043934285B082468B460C4620D9C94A47
:10057000934200F2D780002C80F2A481ACA3D3E98F
:1005800000235046594624F065FB0022002324F046
:1005900089FF002840F0D180A7A3D3E9002350466B
:1005A000594624F00DFD02460B460020BA4994E15D
:1005B000BA4A934200F2E580B94A934240F22E8152
:1005C000002301930022B74B5046594624F0F8FC13
:1005D00006460F4602460B465046594624F0F0FCAC
:1005E00097A3D3E9002304460D4624F0E9FC96A323
:1005F000D3E9002324F02EFB22462B4624F0E0FC16
:1006000093A3D3E9002324F023FB22462B4624F0B6
:10061000D7FC91A3D3E9002324F01CFB22462B46F0
:1006200024F0CEFC8EA3D3E9002324F011FB224654
:100630002B4624F0C5FC00229B4B24F00BFB80468C
:10064000894602460B463046394624F0B9FC02463C
:100650000B460020954924F0FBFA064602460B465D
:100660000F464046494624F0F3FA32468046894612
:100670003B465046594624F0A3FC02460B46002058
:100680008B4924F0E5FA02460B464046494624F0E1
:10069000C1FD22462B4624F093FC019E02460B46E8
:1006A000002E4DD0DDE9026732463B4624F0D0FAF9
:1006B00052465B4624F084FC32463B4624F0C8FA9E
:1006C0002B46224624F0C4FA019B013306460F460E
:1006D00000F02381019B012B7BD0019A531C392B05
:1006E0004FEA025500F22881019A132A40F35581FE
:1006F000019BC3F57F7403340022230524F0AAFA7A
:1007000002460B465046594624F0A2FA0022664B98
:1007100024F0A0FA824605EB010B5046594605B07D
:10072000BDE8F08F634A93421BD9C1F3130303431F
:10073000024640F012810029EFDA00205E490DE008
:100740005046594624F03CFC22462B4624F080FAC1
:1007500002460B465046594624F07AFA05B0BDE8E9
:10076000F08F41A3D3E9002324F0BAFE00283FF420
:1007700002AF3FA3D3E900231046194624F020FC22
:10078000ECE74E4A934200F2EC8000293AA3D3E909
:10079000002339DA24F05EFA39A7D7E900674FF071
:1007A000FF3380468946019332463B4640464946E0
:1007B00024F04EFA02460B4682468B464046494696
:1007C00024F046FA32463B4624F042FACDE90201D3
:1007D000F8E600223A4B5046594624F063FE0028C2
:1007E00000F0CC805046594600222E4B24F032FABD
:1007F00002460B463046394624F02AFA00224FF0D2
:10080000404324F0DDFBA9E724F022FA01238046CF
:10081000894601931CA7D7E90067C5E714A3D3E96C
:10082000002324F017FA02460B468FE7AFF300804F
:1008300059F3F8C21F6EA501FE822B654715F73FDD
:100840002DC3096EB7FD8ABE3952E686CACFD03EA7
:10085000B7DBAA9E19CE143F8555FE19A0015A3F59
:10086000F41011111111A13FEF39FAFE422E86400A
:100870009C7500883CE4377E0000E0FE422EE63F97
:10088000763C7935EF39EABD763C7935EF39EA3D8A
:1008900079684340412E86400000E0BF422ED63F9B
:1008A000FFFF8F3C0000E03F0000F03F00000840E9
:1008B00000001840FFFFEF7F0000F0BFB1A2F03F43
:1008C0000000D0BF44A3D3E900235046594624F08A
:1008D00077FB02460B460020414924F0BBF924F087
:1008E0001FFE019024F002FB37A3D3E90023064644
:1008F0000F4624F065FB02460B465046594624F04D
:10090000A7F933A3D3E90023804689463046394608
:1009100024F056FB06460F4646E702460B46504675
:10092000594624F095F900222D4B24F049FB002272
:100930002B4B24F08DF911E752465B4624F088F9E1
:1009400002460B460020274924F082F96B1819460D
:100950000022244B24F07CF900E70B4624F07AF9BE
:10096000FCE61DA3D3E9002324F02AFB002C024659
:100970000B464FF00000AFDA1B49AEE732463B466C
:100980005046594624F064F902460B4624F062F9B9
:100990000022144B24F05EF9E0E64FF4001343FA12
:1009A00002F452465B4624F053F9C4F17F57002607
:1009B00007F5401702460B463046394624F048F901
:1009C000A8E600BFAFF300800000E0FE422EE63F45
:1009D000763C7935EF39EA3DFE822B654715F73FC6
:1009E0000000E03F0000F03F0000E0BF000000001A
:1009F000F8B5C1F30A5304460D460E4617460BBB25
:100A000021F00046034633431BD0354B002224F02F
:100A1000D7FA344B9F4204460D4635DBC1F30A53E7
:100A20000E46363B3B4440F2FE72934232DC002BD2
:100A300011DD26F0FF4626F4E00646EA035520467F
:100A40002946F8BD40F2FF729342EBD102460B46B5
:100A500024F000F9F8BD13F1350F28DA4CF25033C9
:100A60009F4222462B460ADD19A1D1E9000124F05C
:100A70004BF817A3D3E9002324F0A2FAF8BD16A17E
:100A8000D1E9000124F040F813A3D3E9002324F0B6
:100A900097FAF8BD22462B460DA1D1E9000124F0BA
:100AA00033F80BA3D3E9002324F08AFAF8BD26F02B
:100AB000FF4626F4E006363346EA0355204629462B
:100AC0000022094B24F07CFAF8BD00BFAFF3008090
:100AD0009C7500883CE4377E59F3F8C21F6EA5016F
:100AE00000005043B03CFFFF0000903C10B5054CA7
:100AF000237833B9044B13B10448AFF300800123CA
:100B0000237010BD6038002000000000D89304005E
:100B100008B5034B1BB103490348AFF3008008BD80
:100B20000000000064380020D8930400154B002B0F
:100B300008BF134B9D46A3F5803A00218B460F4614
:100B40001348144A121A24F0D5FF0F4B002B00D083
:100B500098470E4B002B00D098470020002104003E
:100B60000D000D48002802D00C4806F01DFA24F0B4
:100B700001F82000290004F0DDFD23F0E7FF00BFAD
:100B8000000008000000022000000000000000003B
:100B90000024002050430020A96F02000000000044
:100BA0000120704701EB810100EB410020307047CC
:100BB000F0B5044685B00D4600F10C060BF022F9A5
:100BC000144B2360A56004F12000002509F0FCFF10
:100BD0002046E56025616561A561E5610E490BF080
:100BE0002FF920464FF2E6510BF03EF920460B4913
:100BF0000BF026F9082714222046CDE901270092A0
:100C0000334629464FF2E6520BF03EF9204605B036
:100C1000F0BD00BF88640400CC640400BC64040020
:100C20002DE9F04F83B0884617461C4606460BF068
:100C3000B9F960B3002F2ADD002C06F10C0314BFB4
:100C40006FF07F0B6FF03F0B06F10D0A019300254B
:100C50007C1B132CA8BF13244BEA0403224608EB89
:100C600005013373504624F021FF336800211B69CE
:100C700030469847814630460BF082F925440146BC
:100C800014234846019A09F0B9FFAF42E0DC03B0F3
:100C9000BDE8F08F10B5382024F0D1FE044A3C2383
:100CA000116B3D2204460DF0CDFB024B1C6010BDC4
:100CB000002500208038002070B50B4E34680D46AA
:100CC0003CB12046AA88A91D0023BDE87040FFF76B
:100CD000A7BF2C2024F0B3FE044B0446196BFFF78A
:100CE00067FF3460EDE700BF7C380020002500205E
:100CF00008B5282024F0A3FE034BD3F81C29196B58
:100D0000BDE8084009F0DEBE0025002008B520201F
:100D100024F095FE024B196BBDE808400BF048BC6F
:100D20000025002008B57C2024F089FE034AA2F5A6
:100D30004B73196BBDE808400CF050B92C2800200B
:100D400008B5482024F07BFE034AA2F2E473196B35
:100D5000BDE808400CF016BBE42C002008B52420A8
:100D600024F06DFE034AA2F60813196BBDE8084093
:100D70000DF0D6B9082E002008B5402024F05FFE03
:100D8000034BD3F82029196BBDE808400CF03EBD99
:100D900000250020024B1B6803B17047FFF77ABFA4
:100DA0008038002070B50C4E346882B005467CB1A6
:100DB000B5F90420A91D01A816F032FB01A90222F1
:100DC00020460DF06DFC01A816F0B2FA02B070BD1D
:100DD000FFF760FF3468EBE78038002070B5124EF3
:100DE000346882B00546DCB1B5F90420A91D684617
:100DF00016F016FB6A460223214601A80DF0B8FC46
:100E00000198B0F90210043001F0B4FA044601A8C8
:100E100016F08EFA684616F08BFA204602B070BDC6
:100E2000FFF738FF3468DFE78038002070B5084DE1
:100E30002B68044643B16268184604F10801022396
:100E4000BDE870400DF084BBFFF724FF2B68F2E78C
:100E50008038002070B51B4D286870B30DF050FD30
:100E60000146002001F088FA044600F1080603F06C
:100E70001FF931462868626802230DF01BFC011E31
:100E800011DB63688B4208D0304601F075FA0546E5
:100E9000204603F01BF9284670BD2046254603F086
:100EA00015F9284670BD0021084601F065FA05468F
:100EB000204603F00BF9284670BDFFF7EBFE2868CB
:100EC000CCE700BF80380020F0B5104E346883B006
:100ED00005460F46B4B1B5F90420A91D01A816F0C6
:100EE0009FFA01A9002220460DF02CFC01A816F063
:100EF0001FFA3A46102301214FF4966001F01EF9C3
:100F000003B0F0BDFFF7C6FE3468E4E78038002088
:100F10000246102301214FF47A7001F00FB900BF8F
:100F20000246102302214FF47A7001F007B900BF86
:100F30002DE9F041104B114C81F3030584B013F9F6
:100F400005801746811DB0F904204FF4C87603A828
:100F500016F066FA42463B4603A9204600960AF080
:100F600061FA03A816F0E4F9294620460AF0CAF807
:100F700004B0BDE8F08100BFDC6404000C25002053
:100F80004368102B00D0704710B582B081F3030185
:100F9000074B009204464FF4C8725B56019204F16D
:100FA000080104F1120203480AF046FA02B010BD2B
:100FB000DC6404000C25002080F3030101480AF0E2
:100FC000A1B800BF0C25002001480AF047B900BFB6
:100FD0000C25002008B501F0A5FDFCF721FCBDE8BB
:100FE000084001F0F7BA00BF08B501F09BFDFCF71F
:100FF00087FCBDE8084001F0EDBA00BF08B501F07C
:1010000091FD20F0B1FFBDE8084001F0E3BA00BF58
:1010100008B501F087FD21F0A3FBBDE8084001F011
:10102000D9BA00BF08B501F07DFDFCF709FCBDE8A9
:10103000084001F0CFBA00BF08B501F073FD21F000
:10104000C5F9BDE8084001F0C5BA00BF08B501F018
:1010500069FDFBF791FEBDE8084001F0BBBA00BF97
:1010600008B501F05FFD21F007F9BDE8084001F087
:10107000B1BA00BF10B584B00C46014603A815F004
:10108000D7FD002303A900931A460194034812F0E8
:101090002DFE03A815F0B6FD04B010BD202D0020D4
:1010A00010B50129B8BF012182B00C4690B18288E9
:1010B00082B1012A17D0811D12B201A816F0B0F931
:1010C000224601A90C4812F071FE01A816F030F971
:1010D00002B010BD094808F081F804EB840010F05C
:1010E000A1F902B010BD01EB81028179024812F032
:1010F000D3FD02B010BD00BF202D0020E42C002045
:10110000014815F0BDBD00BFF42C002010B584B01F
:101110000C46014603A815F08BFD0023224603A9C7
:10112000CDE900330448052312F0AAFE03A815F008
:1011300069FD04B010BD00BF202D002000B585B0B2
:10114000014602A815F074FD02A903A815F068FD78
:10115000002303A9CDE900331A46064812F0C6FD64
:1011600003A815F04FFD02A815F04CFD05B05DF881
:1011700004FB00BF202D002000F060BB10F052B92E
:1011800070B5049E96420C4624DB15466BB9042AC2
:1011900019D0022A02D110F0010310D001462A46CC
:1011A000204624F083FC002070BD10440D4410F84C
:1011B000013D01F8013B8D42F9D1002070BD02884C
:1011C0000A80184670BD10F00303E7D102680A6078
:1011D000184670BD0846002124F08CFC4FF0FF300B
:1011E00070BD00BF0830704740B1002905DB43687F
:1011F0008B4202DD0844007A70470020704700BF30
:1012000030B1002904DB43688B42C4BF401802722E
:10121000704700BF40B1002905DB4368994202DAFC
:101220000844007A70470020704700BF830704D14C
:10123000030F0CBF0120002070470120704700BF42
:1012400030B1002904DB43689942BCBF40180272E8
:10125000704700BFF8B5002B20DB00291EDB466875
:101260008E421BDB5468761AE51AB542A8BF354694
:10127000002D13DB824202F108070C4600F108063C
:101280002A4605D0F918301924F010FC0020F8BDCA
:10129000F118381924F015FC0020F8BD4FF0FF308C
:1012A000F8BD00BF4068704710B4141E10DB4268E0
:1012B000A2420DDB33EA230328BF1346121B08307A
:1012C0009A422044A8BF1A465DF8044B24F012BC91
:1012D0005DF8044B704700BF10B443688B4200F1C7
:1012E00008041846A8BF084632EA220128BF19465A
:1012F0001B1A99422044A8BF19465DF8044B01F01F
:101300003BB800BF70B5002BBCBF43689B1A002AD6
:101310000E4620DB44689918A1421CDC91421ADB7E
:10132000CBB136F0004116D05942B14214DAB34283
:1013300012DD0830002E00EB020515DB9C1B224657
:10134000A919284624F0BDFB324628190021BDE822
:10135000704024F0CFBB70BD002211464FF0FF3328
:10136000BDE87040FFF7A0BF74429A1929462819BA
:1013700024F0A7FB224628460021BDE8704024F057
:10138000B9BB00BF03460830596800F0F3BF00BF87
:1013900070B5054600206968490000F0C7FF6B681A
:1013A000002B14DD0A4EEB1D02465C782411991FB8
:1013B000345D94715C7804F00F04491B345DD47182
:1013C0006C688C4202F1020203F10103EDDC70BD96
:1013D000E4640400002BBCBF43689B1A002A30DB86
:1013E00070B445689C18AC4229DC944227DB33B3C7
:1013F00031F0004423D00029B8BF01EB032191FB59
:10140000F3F403FB1411002900F10800B8BFC91858
:10141000024411448A42134411D00C4604E08A422B
:1014200004460FD094420AD02046157810F8016B7C
:1014300002F8016B83422570F1D10C46F2E770BCD3
:10144000704770470146EDE700B583B04FF0FF33BA
:1014500000930023FFF7FEFE03B05DF804FB00BF1E
:1014600010B50C1E0EDD4168083002F0A3F91F2CE8
:1014700007DC0123A34020FA04F4013B444004EAC2
:10148000030010BD002010BD0146002000F074BF15
:1014900003460630998800F06FBF00BF30B5013AAF
:1014A00083B004460D460F2A13D8DFE802F0141467
:1014B00008086114141B1B734A2554675A381846D0
:1014C00001F0C2FB012D04DD80B2E20754BF208091
:1014D000208003B030BD184601F0B6FB002DF8DDCA
:1014E0002070F6E7184601F0AFFB012DF1DDC0F3E7
:1014F000072360702370ECE7184601F03BFB032DD7
:101500000090E6DD9DF800009DF801109DF8022096
:101510009DF803302370E070A1706270D9E718461F
:1015200001F000FB072DCDE90001D2DD0DF1FF3206
:1015300004F1080312F8011F03F8011D9C42F9D1C0
:10154000C7E7184601F016FB032DC2DDA3070CBF49
:1015500020602060BDE7184601F00EFC032DF5DC8D
:10156000B7E7184601F008FC032D0090CADCB0E78D
:10157000184601F069FB032DE8DCAAE7184601F0E4
:10158000D1FA072DCDE90001A3DD6B4603CB206026
:1015900061609EE7184601F057FB032D0090B1DC17
:1015A00097E700BF30B4141E07DB456808300A46D1
:1015B0002044291B30BCFFF771BF30BC704700BF0F
:1015C00000B5013A85B00F2A00F28880DFE802F00A
:1015D0001623303D4A56595C5F62657174808308FA
:1015E0000091012308220DEB0201FFF7C9FDDDE99F
:1015F000020100F0EFFF05B05DF804FB009100234D
:10160000012202A9FFF7BCFD9DF9080001F0D8F8FE
:1016100005B05DF804FB00910023012202A9FFF749
:10162000AFFD9DF8080001F0CBF805B05DF804FBB4
:1016300000910023022202A9FFF7A2FDBDF90800D4
:1016400001F0BEF805B05DF804FB00910023022212
:1016500002A9FFF795FDBDF8080001F0B1F805B04B
:101660005DF804FB00910023042202A9FFF788FD26
:10167000029801F0A5F805B05DF804FB0123009184
:10168000BEE701230091C8E700910123D2E7009152
:101690000123DCE700910123E6E700910023042207
:1016A00002A9FFF76DFD029801F094F805B05DF80E
:1016B00004FB00910123F2E700910023042202A918
:1016C000FFF75EFD029801F073F805B05DF804FBCA
:1016D0000091002386E700910123EFE700208AE7CD
:1016E000131E09DB10B4446808300A461844E11A96
:1016F0005DF8044BFFF764BF002001F061B800BF44
:10170000054B1A6810B4146B0023A4461A461946F8
:101710005DF8044B604700BFD038002030B585B07D
:101720006C4684E80F0094E80F000A4C089D84E89A
:101730000F00BDF8020001F043F8074B1A68146B64
:10174000002301461A462846A44605B0BDE83040AD
:10175000604700BF20380020D038002008B502F0D4
:10176000B5FCBDE808400FF0F3BE00BF08B5064E5B
:10177000054632680023146B19461A462846A047CE
:1017800014200FF04FFEF4E7D038002010B5034BC3
:101790000360044616F004FD204610BD00650400F9
:1017A00010B5054B0360044616F0FAFC204624F001
:1017B0003FF9204610BD00BF006504000A46022321
:1017C0000146014811F02AB9702B002010B50446DB
:1017D0000FF09EFB034638B100200CB144F82030D6
:1017E0001B6A0130002BF8D110BD00BF10B50446B4
:1017F00018F0FEFF03F0DAFE2046BDE8104005F0C9
:101800008FBA00BF08B50A48FAF72AFF01200FF087
:10181000D3FF40F20443984200D808BD01200FF0E6
:10182000CBFFBDE80840A0F5806002F0C1B900BF61
:10183000002500200FF08CBE10F074B950B110B527
:10184000044602F035FC2146034A0448BDE8104036
:101850000FF0DCBC704700BF851503006D17020058
:1018600050B110B5044602F023FC2146034A044857
:10187000BDE810400FF0CABC704700BF5D17020002
:101880000117020089B280B20FF0F2BD08B5042042
:1018900005F040FA6FF0004005F0E4F9BDE80840BB
:1018A00000F08CBD074B10B51C6800F0E5FF4FF051
:1018B000805213691269013B23441844524210407C
:1018C00010BD00BFD0380020024B1B7803B1704719
:1018D000FFF774BF12430020024B186800B1406A42
:1018E000704700BFC83A0020014B1B685862704720
:1018F000C83A00202DE9F04FDFF8DC80D8F800303E
:1019000085B0002B52D00FF003FB0346002857D0C0
:1019100000241B6A0134002BFBD14FEA840A504695
:101920000FF0AAFF0190FFF751FFA04239D1002C20
:101930002FDD019BA3F10409CA4459F8047F7E6A94
:101940002EB30436D8F8003034689F4227D0386868
:10195000D7F808B018F0A0FFD8F800207568ABEBF6
:1019600000009742044407D03868D7F808B018F050
:1019700093FFABEB00000544A54205D954F8040BD6
:1019800002F0C0F8AC42F9D3B668002EDAD1CA45ED
:10199000D3D1019805B0BDE8F04F0FF093BF756843
:1019A000EAE74FF44B70FFF721FFC0E701200FF08B
:1019B00063FF0390039805B0BDE8F04F0FF082BFBE
:1019C0000FF05AFF0190FFF701FF0028E1D04FF41C
:1019D0004B70FFF70BFFDCE7C83A002010B5074C4F
:1019E00020460DF0CDF82046054A064924F022F89D
:1019F0000548BDE8104015F0CBB800BF0025002019
:101A0000402000200D1A020020380020684B03F10E
:101A10003C022DE9F0470446C0E9003200F594503D
:101A2000644F654E05F0D6FB002504F6381004F02F
:101A30005BFF04F60810C4F80879A4F80E590FF0FB
:101A400043F904F50E60C4F8E078A4F8E6580FF006
:101A50003BF904F6AC0013F0FDFC584BC4F89C387D
:101A600004F69C0010F07AF804F6780012F044FABC
:101A700004F6540012F040FA04F2E47005F0ACFAF7
:101A800004F2847007F01AF904F5EB6006F0FAF836
:101A900004F5E16005F0B0FBC4F8F06604F5DE6023
:101AA00016F07EFBC4F8D86604F5DB6016F078FB10
:101AB00004F5CE6018F0C6F9414BC4F82C3304F598
:101AC0004B7604F26C6015F0A1FB3046C4F82C7321
:101AD000A4F832530FF0F8F83A4BC4F8EC3204F59E
:101AE0003B7013F0B1FE384BC4F8E0302833C4F833
:101AF000E83004F1E00904F5377804F5397600E0C0
:101B00002E46351F284615F081FBA845F8D1DFF891
:101B1000C0A0283E04F1FC0846F818AC3C3D304615
:101B200013F0D4FF05F1080015F070FBA845A6F1ED
:101B30003C06F1D100254846C4F8E070A4F8E65010
:101B40000FF0C2F804F1B80013F0C2F804F18000FD
:101B500011F04EFD04F16400A4F86A5067660FF0BE
:101B6000B3F804F14C00A4F85250E7640FF0ACF85D
:101B7000264604F13400658767630FF0A5F8134B20
:101B800046F80C3F04F1200015F0D2FB04F11C00D4
:101B900015F0CEFB30466582E7600FF095F8201D0A
:101BA000658167600FF090F82046BDE8F08700BFC0
:101BB000647B04002C7D040000650400B8800400F0
:101BC000C47B0400EC8A040020890400E876040049
:101BD000F88804002DE9F84F684B694F694E03F10E
:101BE0003C02A0F10408044640E9013208F5945093
:101BF00005F0F0FA002504F6341004F075FE04F642
:101C00000410C4F80479A4F80A590FF05DF804F63A
:101C1000DC00C4F8DC78A4F8E2580FF055F804F6BC
:101C2000A80013F017FC584BC4F8983804F6980035
:101C30000FF094FF04F6740012F05EF904F50560ED
:101C400012F05AF904F5FC6005F0C6F904F5F060ED
:101C500007F034F804F2547006F014F804F204703B
:101C600005F0CAFAC4F8EC6604F2EC6016F098FAD3
:101C7000C4F8D46604F2D46016F092FA04F26C60F0
:101C800018F0E0F8414BC4F8283304F54A7604F51F
:101C9000CD6015F0BBFA3046C4F82873A4F82E5373
:101CA0000FF012F83A4BC4F8E83204F53A7013F02A
:101CB000CBFD384BC4F8DC302833C4F8E43004F1F1
:101CC000DC0904F5367A04F5387600E02E46351F37
:101CD000284615F09BFAAA45F8D1DFF8C0A0283EA7
:101CE00004F1F80B46F818AC3C3D304613F0EEFE1C
:101CF00005F1080015F08AFAAB45A6F13C06F1D1D2
:101D000000254846C4F8DC70A4F8E2500EF0DCFF71
:101D100004F1B40012F0DCFF04F17C0011F068FC67
:101D200004F16000A4F8665027660EF0CDFF04F1C0
:101D30004800A4F84E50A7640EF0C6FF264604F1F2
:101D40003000E58627630EF0BFFF134B46F8083FCF
:101D500004F11C0015F0ECFA04F1180015F0E8FA93
:101D60003046E581A7600EF0AFFF2046E580276092
:101D70000EF0AAFF4046BDE8F88F00BF647B040068
:101D80002C7D040000650400B8800400C47B0400BE
:101D9000EC8A040020890400E8760400F888040036
:101DA0002DE9F84F694B6A4F6A4E03F13C02A0F1EE
:101DB0000408044640E9013208F5945005F00AFA97
:101DC000002504F6341004F08FFD04F60410C4F866
:101DD0000479A4F80A590EF077FF04F6DC00C4F881
:101DE000DC78A4F8E2580EF06FFF04F6A80013F0B8
:101DF00031FB594BC4F8983804F698000FF0AEFE4A
:101E000004F6740012F078F804F5056012F074F826
:101E100004F5FC6005F0E0F804F5F06006F04EFF14
:101E200004F2547005F02EFF04F2047005F0E4F99A
:101E3000C4F8EC6604F2EC6016F0B2F9C4F8D466AB
:101E400004F2D46016F0ACF904F26C6017F0FAFFFB
:101E5000424BC4F8283304F54A7604F5CD6015F0FA
:101E6000D5F93046C4F82873A4F82E530EF02CFF91
:101E70003B4BC4F8E83204F53A7013F0E5FC394BFB
:101E8000C4F8DC302833C4F8E43004F1DC0904F58C
:101E9000367A04F5387600E02E46351F284615F0D0
:101EA000B5F9AA45F8D1DFF8C4A0283E04F1F80B33
:101EB00046F818AC3C3D304613F008FE05F108002A
:101EC00015F0A4F9AB45A6F13C06F1D10025484632
:101ED000C4F8DC70A4F8E2500EF0F6FE04F1B40091
:101EE00012F0F6FE04F17C0011F082FB04F16000B8
:101EF000A4F8665027660EF0E7FE04F14800A4F847
:101F00004E50A7640EF0E0FE264604F13000E58650
:101F100027630EF0D9FE144B46F8083F04F11C006D
:101F200015F006FA04F1180015F002FA3046E581C2
:101F3000A7600EF0C9FE2046E58027600EF0C4FEC3
:101F4000404623F075FD4046BDE8F88F647B0400F1
:101F50002C7D040000650400B8800400C47B0400EC
:101F6000EC8A040020890400E8760400F888040064
:101F7000694B03F13C022DE9F0470446C0E9003209
:101F800000F59450654F664E05F024F9002504F6DF
:101F9000381004F0A9FC04F60810C4F80879A4F875
:101FA0000E590EF091FE04F50E60C4F8E078A4F826
:101FB000E6580EF089FE04F6AC0013F04BFA594BCC
:101FC000C4F89C3804F69C000FF0C8FD04F67800B5
:101FD00011F092FF04F6540011F08EFF04F2E47049
:101FE00004F0FAFF04F2847006F068FE04F5EB607A
:101FF00005F048FE04F5E16005F0FEF8C4F8F0666F
:1020000004F5DE6016F0CCF8C4F8D86604F5DB60A1
:1020100016F0C6F804F5CE6017F014FF424BC4F872
:102020002C3304F54B7604F26C6015F0EFF8304673
:10203000C4F82C73A4F832530EF046FE3B4BC4F8A0
:10204000EC3204F53B7013F0FFFB394BC4F8E03081
:102050002833C4F8E83004F1E00904F5377804F5D2
:10206000397600E02E46351F284615F0CFF8A845F2
:10207000F8D1DFF8C4A0283E04F1FC0846F818ACFB
:102080003C3D304613F022FD05F1080015F0BEF886
:10209000A845A6F13C06F1D100254846C4F8E070F9
:1020A000A4F8E6500EF010FE04F1B80012F010FE95
:1020B00004F1800011F09CFA04F16400A4F86A5065
:1020C00067660EF001FE04F14C00A4F85250E7647C
:1020D0000EF0FAFD264604F13400658767630EF0C2
:1020E000F3FD144B46F80C3F04F1200015F020F9E5
:1020F00004F11C0015F01CF930466582E7600EF013
:10210000E3FD201D658167600EF0DEFD204623F0B3
:102110008FFC2046BDE8F087647B04002C7D040022
:1021200000650400B8800400C47B0400EC8A04004D
:1021300020890400E8760400F88804002DE9F041C5
:102140004FF0000C8CB04FF0100E1FFA81F887B2E0
:10215000CDE900CE05461C463946174B164602A867
:1021600042460FF0F7FB02A9144812F099FC02A8AE
:102170000FF00CFC0F2DA4B201D1C02C0FD12820E0
:1021800023F05DFC39460546CDE9006442460A4B22
:102190000FF0E0FB2946094812F0CEFC28B9304682
:1021A00001F086FF0CB0BDE8F08128460FF0EEFB91
:1021B000284623F03DFCF2E71D170200B825002059
:1021C00008B511F017FA08BD08B511F023FA20F090
:1021D000404008BDFFF744BBFFF754BB04F096BD79
:1021E000704700BFC117FFF727BB00BF00B585B020
:1021F000D3B28AB281B2684614F0AAFC05B05DF889
:1022000004FB00BF002B08BF1023FFF797BF00BFE0
:10221000014B5888704700BF20380020014B986858
:10222000704700BF2038002008B504F029FD4FF0AA
:10223000FF31BDE8084000F09DB800BF00B583B095
:102240000E49684605F06EF9BDF80430A3F5194350
:10225000033B032B10D8DFE803F002020D0D00232F
:10226000074A52F823004FF0FF3103B05DF804EB4A
:1022700000F080B80123F3E70223F1E7082C0020E7
:102280004420002004F0F8BC0821014800F074B894
:1022900060000010704700BF084619B189880630F9
:1022A000FFF712BB704700BF08B512F0B3FE08BDC0
:1022B000704700BF704700BF014820F06040704782
:1022C00000000220012001F0BDBC00BF08B50220C3
:1022D00001F0B8FC40F29330BDE80840FFF786BA41
:1022E000014B1860704700BF84380020704700BF62
:1022F0000020704780880A30800870470630704799
:102300008088704783888B4226BF063040180020A3
:10231000704700BF0320704740680B30800870474B
:1023200080887047704700BF704700BF70B50C1EB3
:10233000064603DB3CB90D4D284670BD23F016FC64
:102340000446002CF7D0E01D01F0AEFD054608B1B3
:10235000074B0360AC8026B131462246A81D23F00E
:10236000A5FB2C440023A371284670BD0866040019
:102370004C650400FFF7DABF70B50D1E12DD06468E
:1023800005F1080001F090FD044608B1094B036017
:10239000656004F108002A46314636B123F086FB19
:1023A000204670BD044C204670BD23F0A3FB2046A0
:1023B00070BD00BF7C650400FC650400014B186023
:1023C000704700BF50200020034A044B116803FBF4
:1023D00000F048401060704750200020CB5725CABD
:1023E00030B40E4D2A68044621460020930983EA42
:1023F000D273534083EA121383EA92035208534084
:1024000042EAC37202F00103490843EA4000EDD1F9
:102410008442E9D32A6030BC704700BF50200020BE
:10242000004870470866040000B583B002AB002284
:10243000ADF8042003F8040D01211846FFF776FFDC
:1024400003B05DF804FB00BF2DE9F0410D4688B1F3
:102450001C4B39B198422BD09D4204460FD12046E7
:10246000BDE8F081984221D08688174D0446311D81
:10247000042707E0144CF9B1124B9D42EFD0A68817
:10248000AF88F1190020FFF751FF04F10608831D02
:10249000044641461846324623F008FB3A4630448B
:1024A000A91D23F003FB2046BDE8F081064CD6E7CA
:1024B0000C462046BDE8F081042725463E4608210B
:1024C000E0E700BF086604005C660400884212D0A2
:1024D00030B48B88828806309A4228BF1A4605316C
:1024E000034613F8015B11F8014FA54205D009D34B
:1024F000012030BC7047002070471C1A9442F0D96C
:102500000020F6E74FF0FF30F3E700BF8088704708
:10251000002A1ADD10B484880029BCBF631823EA9E
:10252000E371631A934206DC002B03DC08485DF874
:10253000044B70471A46A1423ABF063040180020AB
:1025400011465DF8044BFFF7F1BE0148704700BF2C
:102550000866040078B371B32DE9F047858822EA54
:10256000E272AA4223D200F1060818EB0204A5EB9E
:1025700002058F881BD0BD4219D391F806A001F146
:10258000060902E0AF42344611D82378534505F1DD
:10259000FF3504F10106F5D13A464946204623F0BD
:1025A00076FA0028EED1A4EB0800BDE8F0874FF0E2
:1025B000FF30BDE8F0874FF0FF30704708B5FFF7F8
:1025C000C9FF013018BF012008BD00BF80F0010025
:1025D000704700BF0A1E38B511D138B302460B460A
:1025E00004460D4622F086FF002841D10C2001F060
:1025F0005BFC08B11F4B0360C0E9014538BDC2F365
:102600000A54A4F2FF331D2B12D8142B054618DCF4
:102610000028E3D1A4F2F33412FA04F4DED1D0029C
:10262000C3F11F0340F00040D8401AE0012038BD3C
:102630001E2BD3D10028D1D10F4B9A42CED10F48B7
:1026400038BDA4F2134410FA04F4C7D1D002C3F188
:102650001F0140F00040C3F13403C84025FA03F3E2
:102660001843002AB8BF4042400040F0010038BD86
:102670000E2038BDAC6504000000D0C10100008010
:102680002DE9F04182B0063001A9F9F7B9FD002229
:10269000002306460F4622F0FBFE60BB27F00045F4
:1026A000304629464FF0FF321F4B34464FF00108A9
:1026B00022F020FF38B94FF0FF321B4B304629463D
:1026C00022F00EFFF0B118F0FF0F1FD100224FF4DF
:1026D0008013204629464FF0010822F00BFF38B93D
:1026E0002046294600224FF4801322F0DBFEB0B1D1
:1026F00018F0FF0F0AD130463946FFF76BFF02B0E2
:10270000BDE8F081804618F0FF0FDFD0074F0026AC
:1027100030463946FFF75EFF02B0BDE8F0818046E3
:1027200018F0FF0FE7D0F1E7FFFFEF7F0000F87F21
:1027300008B522F0DBFBBDE80840FFF74BBF00BF48
:1027400001448879400040F00100704720B1002921
:1027500002DB8288914201DB0F48704710B582B0DE
:10276000FFF7EEFF0E2804460DD0C3070ED502A8D2
:1027700000236410ADF80430012100F8044DFFF788
:10278000D5FD02B010BD044802B010BD40F271305A
:10279000FFF72CF8EBE700BF0866040020B1002922
:1027A00002DB8288914201DB0E207047FFF7C8BF31
:1027B00008B522F0ADFBBDE80840FFF70BBF00BF36
:1027C0004300B0EB630F01D0FFF7B2BF43F001004D
:1027D000704700BFB0F1804F08B503D2400040F011
:1027E000010008BD22F072FBBDE80840FFF7F2BE11
:1027F000002814BF42200A20704700BF08B5F9F72F
:10280000BBFEBDE80840FFF7E5BE00BF01FB00F0DE
:10281000704700BF90FBF1F0704700BF10B50C206F
:1028200001F042FB044608B102F0ACFC204610BDAA
:1028300000897047043002F041BC00BF03460A46DD
:102840000430198902F01ABC043002F047BC00BF02
:1028500003894268994234BF52F821000020704732
:10286000043002F00BBC00BF043002F045BC00BFD6
:10287000043002F065BC00BF024B1B68588CC000DE
:10288000704700BFD0380020704700BF002070475D
:1028900038B51C4B1B688BB15C6AACB1236898429D
:1028A0002DD08BB1002300E072B1023354F8232005
:1028B0008242F9D101339B00E05838BD124B1C68AD
:1028C00044F21022944216D00D460446FFF7DEFF74
:1028D00078B103689C4210D05BB1002300E042B1A4
:1028E000023350F82320A242F9D101339B00C05893
:1028F00038BD284638BD5B68CEE70423F7E70423DC
:10290000DAE700BFD0380020005E0400406870475E
:102910004160704710B5082001F0C6FA044608B1BE
:1029200002F038FC204610BD70B50C1E0546164658
:102930000EDB83889C420BDA05EB8404E36823B149
:102940000B2140F2863002F069FCE660284670BD3B
:102950000A2140F2863002F061FCEDE7FEF746BF47
:1029600018B1024B984208BF002070470866040067
:10297000003018BF0120704710B5142001F094FA00
:10298000044608B102F00EFC204610BD10B5044606
:1029900002F012FC002806DB238AE268984202D289
:1029A00052F8200010BD002010BD00BF2E4B1B6848
:1029B0002DE9F047DF6ABA683B68824203F1FF31D4
:1029C00007F1040703D857F82120824230D20029AA
:1029D00045DD5B1057F82320904226D0B0F80490D4
:1029E0004FF0010C00F105080DE034BF03F1010CBC
:1029F00003F1FF318C4532DC0CEB01035B1057F81F
:102A00002320824211D094884C4528BF4C46063280
:102A100026464546144614F801AB15F801EFF24579
:102A2000E3D1A4EB020E7645F5D21846BDE8F08757
:102A3000002914DD5B1057F823209042F5D00124C3
:102A400003E057F823208242EFD090428CBF5C1CF9
:102A500003F1FF310B19A1424FEA6303F1DA0023BE
:102A60001846BDE8F08700BFD0380020034B1B6834
:102A70000131DB6A53F82110FFF788BFD0380020FE
:102A8000F8B504460F46164602F096FB011E04F107
:102A90000C0505DB32462846BDE8F84002F0EEBAE8
:102AA0003A462189201D02F0E9FA3246218A284659
:102AB000BDE8F84002F0E2BA034B1B680131DB6A63
:102AC00053F82110FFF7DCBFD0380020014B186805
:102AD000704700BFCC380020704700BF820708B5A0
:102AE00008D130B1036823F00103DA78F92A13D151
:102AF000987808BD0028FCD0C3070FD40E280DD04D
:102B000042280DD00A280BD0062805D040F22130EB
:102B1000FEF76CFE042008BD042008BD022008BD9D
:102B2000012008BD0E281FD010B5044670B915E06D
:102B3000FFF7D4FF0346022B204612D0032B0DD102
:102B4000FFF79EFD0E28044608D03CB1A30720469F
:102B5000EED000F00FF822F0C9F910BD00200449B2
:102B600010BDD4E9010110BD00200149704700BF2C
:102B70000000F87FC107034651D4820704D59B09A2
:102B800014BF01200020704700284AD02DE9F041F1
:102B9000FFF7C8FF21F000450F464FF0FF322946EE
:102BA000274B064604464FF0010822F0A3FC40B92B
:102BB0004FF0FF32224B3046294622F091FC00B9FB
:102BC000804618F0FF0F2ED100224FF480132046CC
:102BD00029464FF0010822F08DFC40B920462946D5
:102BE00000224FF4801322F05DFC00B9804618F0FB
:102BF000FF0F18D1304639461FF026FA0022114B3C
:102C00001FF050FC0022002304460D4622F04AFC2F
:102C100060B92046294622F0ABFCBDE8F0814010A7
:102C20007047002070470020BDE8F081204629460B
:102C30000022044B22F00EF804460D46E9E700BFDF
:102C4000FFFFEF7F0000F041FFF794BF38B50D465E
:102C5000FFF790FF04462846FFF78CFF00F01F00A7
:102C600004FA00F04300B0EB630F03D0BDE8384036
:102C7000FFF75EBD43F0010038BD00BF38B50D461B
:102C8000FFF778FF04462846FFF774FF00F01F00A7
:102C900044FA00F04300B0EB630F03D0BDE83840C6
:102CA000FFF746BD43F0010038BD00BF38B50D4603
:102CB000FFF760FF04462846FFF75CFF60404300D3
:102CC000B0EB630F03D0BDE83840FFF731BD43F0F0
:102CD000010038BD38B50D46FFF74CFF04462846C5
:102CE000FFF748FF20434300B0EB630F03D0BDE87C
:102CF0003840FFF71DBD43F0010038BD08B5FFF7B0
:102D000039FFC0434300B0EB630F03D0BDE8084078
:102D1000FFF70EBD43F0010008BD00BF38B50D46FA
:102D2000FFF728FF04462846FFF724FF2040430012
:102D3000B0EB630F03D0BDE83840FFF7F9BC43F0B8
:102D4000010038BD38B50D46FFF714FF044628468C
:102D5000FFF710FF00F01F0024FA00F0B0F1804FE1
:102D600003D2400040F0010038BD22F0AFF8BDE8CA
:102D70003840FFF72FBC00BF0E2816D008B5034619
:102D8000C0B19B0708D0FFF7F5FE07EE900AF8EEFA
:102D9000E77A17EE900A08BDFFF7C4FE22F008FCA0
:102DA00007EE900A17EE900A08BDDFED057A17EEE0
:102DB000900A7047DFED027A17EE900A08BD00BF57
:102DC0000000C07F70B50E46FFF7ACFE04463046EB
:102DD0000D46FFF7A7FE02460B462046294621F086
:102DE00039FFBDE87040FFF7F5BB00BF70B50E4678
:102DF000FFF798FE044630460D46FFF793FE024665
:102E00000B462046294621F023FFBDE87040FFF71E
:102E1000E1BB00BF01F00103184203D0C31301332B
:102E2000012B12D9D0B50C46FFF77CFE0646204692
:102E30000F46FFF777FE02460B463046394622F032
:102E4000BFF8BDE8D040FFF7C5BBCB130133012B62
:102E5000E8D84310481000FB03F04300B0EB630FC9
:102E600002D143F001007047FFF762BC032912D082
:102E7000D0B50C46FFF756FE064620460F46FFF734
:102E800051FE02460B463046394622F0C3F9BDE8F2
:102E9000D040FFF79FBB7047F8B50C46C10703460B
:102EA00003D5E20701D5620811D11846FFF73AFEB3
:102EB000064620460F46FFF735FE0B4602463946CA
:102EC00030461FF0EFFABDE8F840FFF783BBFFF78D
:102ED00051FE05462046FFF74DFE95FBF0F303FB40
:102EE00010504300B0EB630F03D0BDE8F840FFF78C
:102EF0001FBC43F00100F8BD2DE9F0410C468046AF
:102F0000FFF710FE064620460F46FFF70BFE04466D
:102F10000D46FAF7E1F922462B4622F0B9FA28BB12
:102F2000002200233046394622F0DAFA80B9002226
:102F300000233046394622F0ABFA20B3204629461A
:102F40000022002322F0AEFA28BB4046BDE8F08103
:102F5000304639461FF006FB22462B4622F030F859
:102F6000FAF7CEFCBDE8F041FFF734BB2946204616
:102F700022F0D6FA39460246304622F081FBBDE8FF
:102F8000F041FFF727BB304639461FF0EBFABDE8AA
:102F9000F041FFF71FBB0C2000F086FF08B1034B88
:102FA0000360034B0022C0E90123CFE7AC650400B6
:102FB0000000F07FC2072DE9F8430C460BD5CB0784
:102FC00009D540104C10844241DB3DD1640044F0EF
:102FD0000100BDE8F883FFF7A5FD064620460F4631
:102FE000FFF7A0FD04460D4602460B463046394623
:102FF00022F076FA90B922462B463046394622F026
:1030000047FA28B130463946BDE8F843FFF7E2BA3F
:1030100022462B4634463D4616461F46F9F7ACFA83
:103020002246804689462B463046394621F010FE1E
:1030300042464B4621F0C4FF22462B4621F00AFEB1
:10304000BDE8F843FFF7C6BA234604461846001BFE
:10305000FFF7C6F920444400B0EB640F02D144F0FE
:103060000100B6E7BDE8F843FFF762BB08B5FFF71C
:1030700059FD1FF077FABDE80840FFF7ABBA00BF73
:1030800008B5FFF74FFD1FF0EBFABDE80840FFF76A
:10309000A1BA00BF08B5FFF745FDFAF71DF9BDE875
:1030A0000840FFF797BA00BF08B5FFF73BFDFAF7F6
:1030B00093F8BDE80840FFF78DBA00BF08B5FFF7E9
:1030C00031FD1EF0C1FFBDE80840FFF783BA00BF25
:1030D00008B5FFF727FD054B002221F0BBFDFAF7ED
:1030E000FBF8BDE80840FFF775BA00BF0000E03FFD
:1030F0000E280BD00E2909D08842F8B5044618D006
:1031000001F00102104216D00020F8BD00207047E7
:10311000A288A888A31D904228BF1046691D1A46A0
:1031200012F8014B11F8015FA542EDD1D41A844287
:10313000F6D90120F8BD0D46FFF7D0FC064628461B
:10314000FFF7CCFC8642DFD144EA05039B07DBD1C5
:10315000032EDDD0022ED7D12046FFF7E3FC064632
:1031600028460F46FFF7DEFC0B460246394630463E
:1031700022F08EF94FF0010300B90346D8B2F8BD32
:1031800008B5FFF7B5FF002814BF42200A2008BD8C
:1031900008B5FFF7ADFF00280CBF42200A2008BD8C
:1031A0000E281AD00E29F8B50C4614D0062805466C
:1031B00015D042283FD00A281CD00629034600F02B
:1031C0009080422C11D00A2C37D09C4210D004F0B1
:1031D00001031D4211D00020F8BD002070470629D0
:1031E00006D0422C4FF00003EDD10322934204D1CC
:1031F0000120F8BD0123062CE3D12846FFF76EFC21
:1032000006462046FFF76AFC032E22D003282FD063
:10321000012E14D0012821D08642DCD145EA0403D6
:103220009B07D8D1032847D0022828D0601BB0FACA
:1032300080F04009F8BD0323DDE70122D6E7062D23
:1032400033D0422D4FF0020634D00A2DE2D10125B1
:10325000E0E7022813D00328DCD1DFE7062C4FF08B
:10326000020020D0422C23D00A2CD5D10124D3E750
:10327000022E04D0012EAED1062DE2D1ABE72846B6
:10328000FFF750FC064620460F46FFF74BFC024670
:103290000B463046394622F0FBF84FF0010400B9E6
:1032A0000446E0B2F8BD0024B6E702260025B1E7E7
:1032B0000324B1E70325ADE7AC4299D0AB88A288DF
:1032C000A81D9A4228BF1A460534034613F8011B6D
:1032D00014F8015F8D427FF47EAF191A9142F5D93F
:1032E00086E7002282E700BFFFF75ABF08B5FFF765
:1032F00057FF002814BF42200A2008BD08B5FFF779
:103300004FFF00280CBF42200A2008BDF8B50789EE
:1033100045687FB10E46043D002402E00134A74217
:1033200008D0314655F8040FFFF73AFF0028F5D0D2
:103330002046F8BD4FF0FF30F8BD00BF10B50022A9
:103340000446FFF7E3FF011E04DB201D01F0D4FE5D
:10335000012010BD002010BD38B58307044608D1F8
:1033600048B1FFF7BBFB032812D0022814D001207C
:1033700038BD0A2801D1002038BD0028FBD00E2816
:10338000F9D00628F7D010F1FF3018BF012038BD62
:103390000C4B9C42EBD1EEE72046FFF7C3FB024605
:1033A0000B4604460D4622F0A5F80028E3D120463E
:1033B00029460022002322F06BF8B0FA80F0400981
:1033C00038BD00BF08660400422805D00A2801D095
:1033D000FFF7C2BF00207047012070470E2857D06A
:1033E0000E2955D0F8B50C460546FFF777FB064683
:1033F0002046FFF773FB032E2FD0A5422BD0284683
:10340000FFF790FB064620460F46FFF78BFB324640
:1034100004460D463B463046394622F06BF8A0BBC9
:1034200022462B462046294622F064F868BB2246F5
:103430002B463046394622F035F818BB22462B463B
:103440003046394622F04CF8003018BF0120F8BD54
:10345000D01A81420DD20020F8BD0328CDD1A5425B
:10346000F9D0AA88A188AB1D914228BF1146053426
:103470001A4612F8015B14F8010F8542E8D028BF04
:103480000120E4D24FF0FF30F8BD6FF00100F8BD2D
:103490006FF00100704700BF38B501F0010313EA77
:1034A000000404D08842ACBF0020012038BDFFF7E3
:1034B00095FF831C14BFC00F204638BD10B501F026
:1034C0000104204203D0884207DC422010BDFFF7F0
:1034D00085FF831C01D00028F7DD0A2010BD00BF46
:1034E00010B501F00104204203D0884207DA4220DF
:1034F00010BDFFF773FF831C01D00028F7DB0A2003
:1035000010BD00BF10B501F00104204203D0884275
:1035100005DB422010BDFFF761FF0028F9DA0A2021
:1035200010BD00BF10B501F00104204203D0884255
:1035300005DD422010BDFFF751FF0028F9DC0A200D
:1035400010BD00BFF0B591B00446FFF7C7FA0328DD
:103550003DD002280FD0052848D0002C4CD00A2C92
:1035600042D00E2C45D0422C55D02C4B2C48062C4A
:1035700008BF18462CE0E3072CD40E2C39D0204687
:10358000FFF7D0FA21F000450F464FF0FF322946F1
:10359000244B064621F0AEFF38B9304629464FF09D
:1035A000FF32204B21F088FF40B332463B46304685
:1035B000394621F09FFFE0B9304639466A46F8F7B0
:1035C000C7FE68464FF0FF31FEF7B0FE00E0204630
:1035D00011B0F0BD694660100DF000FA68464FF07A
:1035E000FF31FEF7A3FEF3E70F48F1E70F4811B0F4
:1035F000F0BD0F4811B0F0BD0E48E9E7002330469A
:103600003946002221F04EFF0B4C0C4B002814BF12
:1036100020461846DCE70A48DAE700BF5C6604008B
:1036200080660400FFFFEF7F74660400906604006C
:1036300040660400EC6504004C660400306604003B
:103640006866040010B50446FFF748FA04280ED156
:1036500064B1A3070AD12368074A23F001035B6919
:10366000934203D02046BDE81040184710BD2046C5
:10367000BDE81040FFF766BF4536020008B5FFF70A
:103680002DFA052810D8DFE800F0030507090B0D17
:10369000084808BD084808BD084808BD084808BDD6
:1036A000084808BD084808BD40F22230FEF79EF8E1
:1036B000002008BD20660400DC650400A466040048
:1036C000C4660400B466040010660400062808D02E
:1036D00008B5FFF703FABDE8084000F57570FEF77E
:1036E00085B840F2DD30FEF781B800BF4FF464705A
:1036F000FEF77CB810B5FEF7EFF80446102000F096
:103700007FFC22690260206110BD00BF38B5FEF762
:10371000E3F80469054634B123682B612046BDE80F
:10372000384000F0ADBB40F25330FEF75FF8F3E7EE
:10373000F0B585B00746FEF7CFF8046906468CB1B0
:1037400094E80F006D46306185E80F00204600F0D8
:1037500097FB084B77611B68284631469B6B98475F
:1037600005B0F0BD3846FFF76DFF40F2E730FEF7D9
:103770003DF8E5E7D038002010B5FEF7ADF8446914
:1037800012239C42436101D0204610BD40F25330C9
:10379000FEF72CF8204610BD08B5FEF79DF84369EA
:1037A000122B05D0FFF7E8FFBDE80840FFF7C0BFC8
:1037B00008BD00BF79B110B4084B094C014410F8A2
:1037C000012B04FB03F3884283EA0203F7D1184676
:1037D0005DF8044B7047014B18467047C59D1C812E
:1037E0009301000138B5046834F00304054612D093
:1037F000A30F15D12846E369984705462DB140F639
:10380000BE239D4205D9002C03DB40F24930FDF771
:10381000EDFF284638BD40F25130FDF7E7FFE9E7FC
:10382000C4F39905EAE700BFF8B54FF480400EF005
:1038300023F8194C194B1A4D1A4E002787611A4F5D
:103840008760D3E901122768C76000F10807276085
:1038500000F58054013106343460596043F6F87441
:103860002968446022449A6079B188420DD30A687D
:1038700072B1904203D20BE0984203D31A46136808
:10388000002BF9D103601060F8BD01602860F8BD1D
:1038900013460A46F6E700BFC0380020A4380020CF
:1038A0009038002098380020F83F008038B5144B3D
:1038B0009A881B6892B1551E53F8251088421AD079
:1038C000023A03EB82032A4602E0216881420BD0D0
:1038D000013A511C1C46A3F10403F6D14FF4527077
:1038E000BDE83840FDF782BF954204D0044801F09E
:1038F0006FFB206038BD0248BDE8384001F068BB6E
:103900009C38002018210148FEF736BDA43800205D
:10391000036823F0010318888008704730B338B576
:10392000C5680446A5B155E901326868A9686260B6
:103930005A0F032AC4E9020105D040F24930FDF7CD
:1039400055FF55F8043C43F0004345F8043C38BDAE
:1039500050F8043C5A0F032A09D143F0004344F8BD
:10396000043C0020BDE83840FDF7BEBF704740F280
:103970004930FDF73BFF54F8043CEEE738B550F80A
:10398000043CDB070546A0F104041CD4104B1B6863
:1039900073B103F108029442F9D359680A4494427E
:1039A000F5D255F8043C43F0010345F8043C38BD1A
:1039B00040F24A30FDF71AFF55F8043C43F001038A
:1039C00045F8043C38BD40F24F30FDF70FFFDDE70E
:1039D00090380020830709D140B1030F06D0016859
:1039E000114B194202D1CB78F92B00D070470F4B05
:1039F00010B504461B688BB103F108029442F9D359
:103A0000586802449442F5D2094841F0010121600E
:103A100022468188BDE8104001F0C2BA40F24A3027
:103A2000FDF7E4FE2168EFE7030000409038002036
:103A30008838002000294DD02DE9F84F0F468046E8
:103A4000DFF89CB0DFF89CA0DFF88C90061F002503
:103A500002E00135AF423BD056F8044FA307F8D13E
:103A6000002CF6D0230FF4D0206810EA0B0FF0D111
:103A7000C378F92BEDD1DAF8003053B103F1080126
:103A80008C4203D35A680A44944207D31B68002B24
:103A9000F4D140F24A30FDF7A9FE2068B9F80410CD
:103AA00040F00100206022460B4801F079FAB9F895
:103AB0000430642BCDD90C200DF0DEFE0135074A11
:103AC00008EB85037D1BC0E90135116801601060BA
:103AD000BDE8F88F704700BF883800209438002078
:103AE000030000409038002038B505684DB1044609
:103AF0002846FFF743FFA1882846BDE83840FFF776
:103B000099BF38BD830709D140B1030F06D00168C2
:103B1000234B194202D1CB78F92B00D07047214BAF
:103B20002DE9F04104461B68002B33D003F1080255
:103B30009442F8D3586802449442F4D221F003032B
:103B400041F001019B6921600BB120469847164D59
:103B5000164C2F46AB8883B923681846C3B1D3E906
:103B60000026D3F8088022600DF0ACFE41463046B6
:103B7000FFF760FFAB88002BEED0384601F028FA43
:103B8000036823F003039B69002BE3D09847E1E728
:103B9000BDE8F08140F24A30FDF728FE2168CDE70C
:103BA000030000409038002088380020943800201E
:103BB000F8B505460DF060FE0446A5F10800830740
:103BC00060602ED11B4A1C4F556891681B4EC31C68
:103BD00023F00043014423F00303013543F0004385
:103BE000C2E901513A68A360E26004F10803144A93
:103BF00031683B6003EB9000106079B18C420DD3CB
:103C00000A68A2B1944203D211E09C4203D31A463F
:103C10001368002BF9D123601460F8BD2160346073
:103C2000F8BD4FF45270FDF7E1FD6068CAE7134636
:103C30000A46F0E7A4380020C03800209038002061
:103C4000983800202DE9F04F834B1B7806469807E3
:103C500083B005D54FF45270FDF7C8FD7E4B1B783D
:103C60007E4A146895887C4A43F0020313706DB154
:103C700004EB850554F8040B20F0010310F0010F4C
:103C800018BF1868FFF73EFFA542F3D1744C3046C9
:103C9000FDF730FE23688BB1724B1B685E8D01F01F
:103CA000CBFA256805EB8605861B07D00024013476
:103CB00055F8040BFFF726FFA642F8D16A4A6B4B72
:103CC00016781D683EB10024013455F8040BFFF747
:103CD00019FFA642F8D16649664A0B681768013396
:103CE0000B60654B00221A60002F00F0B180CDE917
:103CF0000022904691467B68019A07F108059B08CF
:103D000005EB83061A44B542019248D22B6813F0A2
:103D100001017DD11A0F062A7AD0AE4240F2888086
:103D2000AA4601E0DAF80030002B4FEA13720FDBED
:103D3000D90714D4062A12D05A0009D4DB78F92BFB
:103D400040F2493001D0FDF751FD504601F01AF91B
:103D50005046FFF747FD0AEB800A5645E2D8AAEB2A
:103D600005044FEAA40CE0454FEA8C024FF0FF0136
:103D7000284642F0004BB8BFE046E14421F0BAFECD
:103D8000042CC5F800B04CDD00236B60009B002BB9
:103D900049D0009B00955D605546AE42B6D83F685D
:103DA000002FA8D1354901980B684FEA890202EB30
:103DB000091780004FEA88047F009BB12E4B1D68D5
:103DC0004FEA590975B12B68C3F39906B14506D27C
:103DD00036E02B68C3F399031E44B14531D36D68B7
:103DE000002DF6D122494B69C1E903246BB19342FE
:103DF0000BD8B84201D3FFF717FD174A137823F009
:103E00000203137003B0BDE8F08F194B5A61F0E75D
:103E100023F001032B602846FFF7E4FC05EB800547
:103E2000BBE75546B9E7144B00951D605546B4E70E
:103E30004FF00043B8F1000F2B60AEDA8846ACE7D4
:103E400033469944A9EB060305EB83030B60C9E7EE
:103E50003C4638463A46C5E7134300209C380020CC
:103E6000CC380020D038002014430020BC3800207B
:103E7000A438002090380020C03800209838002056
:103E800050F8043C5A0F032A10B5044605D040F2FE
:103E90004930FDF7ABFC54F8043C43F0004344F8D0
:103EA000043C204610BD00BF2DE9F84F42F6F82330
:103EB000C71C98424FEA97077CDC444BDFF810A1FF
:103EC0005B68C3F30803002B5ED19AF80030180733
:103ED0005AD143F001038AF80030FDF7FDFC10B120
:103EE0004368002B6DD0DFF8ECB0DFF8EC900026D3
:103EF000DBF80040002C4ED04FF0000803E0A04655
:103F00001C46002B47D040F251301EB9D9F8003082
:103F1000A34248D3A10701D1230F01D1FDF766FCCD
:103F20002568002D40F24B3001DBFDF75FFCC5F347
:103F30009905ED1B002D6368E1DB0AD0AA0042F071
:103F4000004244F8272004EB8707012D1CBF7B604B
:103F50003B46B8F1000F31D0C8F80430002222608F
:103F60004BB15B683BB19A0701D11B0F03D14FF4F2
:103F70005470FDF73BFC9AF8003023F001038AF8F7
:103F800000302046BDE8F88F40F29230FDF72EFC5D
:103F90009AF800309DE736B1012E08D01520FDF7C4
:103FA00025FC0136A4E70020FFF74CFEF9E7FFF7F8
:103FB0003BFCF6E71620FDF719FC7EE7CBF8003056
:103FC000CCE740F24E30FDF711FC8CE700ED00E04D
:103FD00013430020C038002098380020033010B56B
:103FE00020F00304201DFFF75FFFE31D23F0804353
:103FF00023F0030343F0804340F8043B10BD00BFAF
:1040000008B538B1FFF7EAFF50F8043C43F000531D
:1040100040F8043C08BD00BFF8B5214B5B68C3F312
:10402000080306460F46002B34D1FDF755FC1D4D05
:104030001D4AF31B9B102B7004461760A8B10C207F
:10404000FFF7CCFF50F8043C6268026043F0005375
:10405000A26840F8043CE368C0E90123E060002363
:10406000A6602B7063602046F8BD1820FFF7B6FFEE
:104070000E4A50F8043C1268026043F000531222CA
:1040800040F8043C00234261C0E903330446FDF7D5
:104090002BFCE4E740F29230FDF7A8FBC5E700BF38
:1040A00000ED00E014430020BC380020CC38002094
:1040B000830702D108B1030F00D17047024B0246BB
:1040C0009988184600F06CBF9C3800208207034690
:1040D00002D108B11B0F00D17047FFF7E7BB00BF4B
:1040E0000430FFF701BD00BF03460C309988FFF78D
:1040F000A1BC00BF4068FFF76DBC00BF10B504460F
:104100000430FFF7F1FC04F10C00BDE81040FFF7AC
:10411000EBBC00BF50F8043B23F0010319880439BD
:104120008908FFF787BC00BF0320704780888000A4
:104130000F308008704700BF02207047052070478D
:104140000349044A0023C1E90033C2E90033704740
:104150009C38002088380020704700BF022070473C
:10416000406813F013BA00BF704700BF10B5044693
:10417000034B41600846236013F0EAF9204610BD66
:10418000D466040010B5044682B0406813F0CCF940
:1041900088B16168684612F04BFD694601A812F0CB
:1041A000C3FF01A812F054FD606001A812F02AFDBF
:1041B000684612F027FD02B010BD00BF38B50546B5
:1041C0000820FFF771FE044628B1044B45602846DD
:1041D000236013F0BDF9204638BD00BFD46604004B
:1041E000FFF7ECBFA0F120035E2B10D810B582B012
:1041F0000446684612F004FC04EB8400009BA038DF
:104200001844052102B0BDE81040FEF7B5B8002003
:10421000704700BF10B584B00C46416803A812F087
:1042200007FD0023624203A9CDE9003303480FF0E4
:104230005DFD03A812F0E6FC04B010BD202D0020A7
:1042400030B585B00C46416803A8154612F0F0FC65
:104250000023624203A90093019504480FF046FD34
:1042600003A812F0CFFC05B030BD00BF202D002008
:1042700043689B8801FB03F1FFF7CCBF70B584B0A6
:104280000E46416802A8154612F0D2FC02A903A806
:1042900012F0C6FC00246FF0FE0033462A4603A944
:1042A000CDE9000405480FF0EBFD03A812F0AAFCCD
:1042B00002A812F0A7FC04B070BD00BF202D0020A2
:1042C00010B5044682B0FFF75DFF616801A812F0E7
:1042D000AFFC01A812F0D4FC01A812F093FC02B0CC
:1042E00010BD00BFF0B5074683B00C4615461E460C
:1042F000FFF748FF796801A812F09AFCF3B22AB2DE
:1043000021B201A812F0C6FC01A812F07BFC03B098
:10431000F0BD00BF30B583B00C461546416801A81A
:1043200012F086FC21B22AB201A812F0C9FC0446A0
:1043300001A812F067FC24EAE47003B030BD00BFAE
:1043400043685888704700BF43689888704700BF2B
:10435000002B14BFFF230023FFF7C4BF08B5FFF7EE
:10436000D9FF0028D4BF0020012008BD43689B88E6
:1043700001FB03F1FFF764BF0A4610230321FDF799
:10438000DDBE00BF082870B504460D461AD0A0F166
:104390000903012B07D92A46214610230D20BDE829
:1043A0007040FDF7CBBE0F4ED6F81C0903689B6A20
:1043B00098470528EFDCD6F81C09036808215B6ADA
:1043C0009847E8E7074ED6F81C0903689B6A9847A8
:1043D0000228E0DCD6F81C09036804215B6A9847D0
:1043E000D9E700BF0025002038B5074C0546D4F8B2
:1043F0001C090DF093FDD4F81C090DF0C3FD401B02
:10440000B0FA80F0400938BD0025002070B50D4697
:10441000044600F05BFA50B10368DB6A98472A460D
:10442000204610230321BDE87040FDF787BE70BD14
:1044300070B50D46044600F049FA50B10368DB6AD6
:1044400098472A46204610230221BDE87040FDF718
:1044500075BE70BD08B500F039FA28B10368DB6A93
:104460009847003018BF012008BD00BF2DE9F84370
:10447000204CD4F81C090DF051FD20F037FD80468A
:10448000D4F81C0989460DF051FD20F02FFD064699
:10449000D4F81C090F460DF051FD20F027FD4246CF
:1044A00004460D464B464046494620F089FD3246BB
:1044B000804689463B463046394620F081FD02461B
:1044C0000B464046494620F0C5FB224606460F46AD
:1044D0002B462046294620F073FD02460B46304607
:1044E000394620F0B7FB1EF0A1F921F019F8BDE81C
:1044F000F88300BF00250020032814D8DFE800F06F
:104500000E090402FFF7B2BF084BD3F81C090DF0E7
:1045100015BD064BD3F81C090DF008BD034BD3F8AD
:104520001C090DF0FBBC0020704700BF00250020D7
:10453000014804F057BE00BFE42C0020024BD3F822
:1045400020090DF05FBE00BF00250020014803F0E8
:1045500079BB00BF082E002040B1012804D1064BD2
:10456000D3F81C09F8F734BB00207047024BD3F88E
:104570001C09F8F70DBB00BF0025002008B5032873
:104580003FD8DFE800F02F2011021F4BD3F820099D
:104590000DF080FD20F0AAFC00221C4B20F03AFE1A
:1045A000BDE80840FEF716B8174BD3F820090DF008
:1045B00021FE20F09BFC154B002220F02BFEBDE8D5
:1045C0000840FEF707B8104BD3F820090DF00AFE9B
:1045D00020F08CFC0D4B002220F01CFEBDE80840B2
:1045E000FDF7F8BF084BD3F820090DF0F3FD20F0DC
:1045F0007DFC064B002220F00DFEBDE80840FDF7D3
:10460000E9BF00200021CBE70025002000408F40BB
:10461000024BD3F820090DF07BBD00BF0025002020
:10462000034BD3F81C391A680146526A18461047E2
:1046300000250020012808B505D0022811D0032844
:1046400008D0002008BD0A480FF02AFD003018BF2E
:10465000012008BD074810F0E5FC003018BF01201C
:1046600008BD05480FF01CFD003018BF012008BD33
:10467000542D00209C2D0020782D00200AB2FF230D
:1046800001B2014812F006BBF42C002070B5FF2ADD
:1046900082B005460E4604DC002A14460ADC0023DC
:1046A00000E0FF230C4832B229B202B0BDE87040EE
:1046B00012F0F0BAFF2A0CD0084804F075FC01286B
:1046C000E3B2EFD001210548019304F07BFB019B8D
:1046D000E8E71346E6E700BFF42C0020E42C0020B6
:1046E0000AB2002301B2014812F0D4BAF42C00201F
:1046F0000AB201B2014812F0E3BA00BFF42C002064
:1047000001480FF053BA00BF202D0020C1B201486C
:1047100004F058BBE42C002008B5024804F044FC27
:1047200008BD00BFE42C002001480DF09DBD00BF76
:10473000E42C00200146014804F076BDE42C002062
:1047400010B9034804F0DCBA014804F0F1BB00BF23
:10475000E42C002030B583B00C4901A80DF088FD91
:1047600001A812F075FA044601A812F04BFA0820CD
:10477000FFF79AFB054610B12146FFF7F7FC2046EC
:1047800012F004FF284603B030BD00BFE42C002027
:104790002DE9F0410668B3F5807F28BF4FF48073A0
:1047A0000446D6F800800D46002116461F46C04735
:1047B0004FF496700DF0B6F9227D094B09481F2A77
:1047C00098BF184672B6217D074C01F01F0141EADF
:1047D000075133462A46A04762B6BDE8F08100BFC4
:1047E00000050050000800500D23002008B1436868
:1047F00003B9704710B50446084600F067F86268D0
:1048000004F108014FF48073BDE81040FFF7C0BF0A
:1048100008B1436803B9704770B5044615460846A9
:1048200000F054F82B46626804F10801BDE87040BE
:10483000FFF7AEBF704700BF10B4054C0A46102307
:104840000146B4F808055DF8044BFDF777BC00BFDE
:104850000025002008B5034814F0BAFC003018BF4A
:10486000012008BD002A002080F30801014801F062
:10487000DDBE00BF382E0020014801F0E3BE00BFBE
:10488000382E00200146014801F0E6BE382E0020F7
:1048900008B5064804F03CF950EA010301D10020B4
:1048A00008BD0348BDE8084001F0ACBF402E002021
:1048B000382E002007EE900AF8EEE77A024817EE4D
:1048C000901A04F005B900BF402E00206E2856D083
:1048D0000BDC682855D014DD6B283AD02DDC692814
:1048E00049D06A2837D12948704773284BD011DD49
:1048F00078282CD017DC74283FD077282BD1244877
:104900007047652833D01EDD66282ED0672822D157
:104910002048704770282CD025DB712821D07228C0
:1049200019D11D48704740F2E933984217D040F240
:10493000EA3398420FD1194870476C280DD06D2882
:1049400009D117487047642805D1164870471648A2
:104950007047164870470020704715487047154843
:1049600070471548704715487047154870471548F7
:1049700070471548704715487047154870471548E7
:104980007047154870471548704700BFC828002079
:10499000D02900208028002088290020202B0020FA
:1049A0001029002038280020E8290020E0280020D5
:1049B000F8280020082B0020702900204029002022
:1049C000682800205028002058290020B028002006
:1049D000B82900202829002098280020A02900209C
:1049E000FFF774BF10B5FFF771FF20B10368BDE892
:1049F00010405B68184710BD10B5FFF767FF20B186
:104A00000368BDE810401B68184710BD10B5FFF7DC
:104A10005DFF20B10368BDE810405B69184710BD19
:104A200010B5FFF753FF20B10368BDE81040DB6805
:104A3000184710BD10B5FFF749FF20B10368BDE866
:104A400010409B6B184710BD70B50446FFF73EFF42
:104A500068B103680D46164603215B6D98473246E0
:104A6000294620461023BDE87040FDF767BB70BDA6
:104A7000014B9868704700BF2038002008B5FFF749
:104A800025FF78B1C38804290CBF43F4807323F455
:104A90008073C380036811461B6D9847024B984290
:104AA00000D008BD002008BD11FCFFFF10B5FFF7C6
:104AB0000DFF48B103681C694FF4FA62A44640F246
:104AC000DC53BDE81040604710BD00BF704700BF19
:104AD00010B5FFF7FBFE20B10368BDE810401B6B6B
:104AE000184710BD08B5FFF7F1FE014B186008BD6F
:104AF000C8380020026870B50D1E0446D66802DD75
:104B00000A4A12782AB9204633460021BDE870408F
:104B10001847521101219140B047236804499B6B0B
:104B200091FBF5F12046BDE8704018476E23002048
:104B300040420F00114B124A1B78FF2808DC002866
:104B400012DB107073B198B140110121814003E074
:104B5000FF2111703BB180210A4B186810B10A4B3C
:104B60001B783BB17047704700211170002BF9D0C2
:104B70000021F1E70368DB68184700BF15430020F8
:104B80006E230020C838002016430020014B1878FF
:104B9000704700BF6E23002070B50E4D2B680C4689
:104BA000ABB10D4E01462246184601233370FFF784
:104BB000A1FF002C0ADD20460CF034FC286818B157
:104BC00003680021DB6898470023337070BD034BF6
:104BD0002B60E6E7C8380020154300202C37002062
:104BE00010B559B101290CBF02210021FFF76EFE5B
:104BF00048B10368BDE810405B6C18470121FFF71E
:104C000065FE0028F5D110BD10B5FFF75FFE036803
:104C1000BDE810405B6D184701460020FDF7ACBBB6
:104C2000704700BF70B50C4D2C6882B014B120469F
:104C300002B070BD2C2020F002FF084B002603F1CB
:104C4000180203F130010096044614F0B1FE20462C
:104C50002C6002B070BD00BFC43800207029002055
:104C600010B50446FFF7DEFF036821461B69BDE867
:104C70001040184770B50C4682B0F0B1054639B106
:104C80006A6863689A4203D040F28D30FCF7AEFD4B
:104C9000FFF7C8FF03686A685E6905F1080134B16F
:104CA000154604F108030095B04702B070BD2546D3
:104CB00023460095B04702B070BD39B1FFF7B2FF8F
:104CC000036865685E6900210A46EAE740F28D30B4
:104CD000FCF78CFDF2E700BF10B50446FFF7A2FF1A
:104CE000036821469B68BDE81040184770B505462B
:104CF0000C46FFF797FF03682A462146DB68BDE8AC
:104D0000704018472DE9F043134C236883B00746E1
:104D10000E4615462BB11A681846136A98470023A9
:104D200023603846FFF7D2FD07463046FFF7CEFD39
:104D300080462846FFF7CAFD81462C2020F07FFEE2
:104D400000264B46424639460096054614F030FE92
:104D5000256003B0BDE8F083C438002030B583B0CF
:104D60000446FFF7B3FD90F914503C2020F067FE95
:104D7000032300932946A2B2012309F019FE03B0D0
:104D800030BD00BF10B5FFF7A1FD074C014620461E
:104D900001F020FD054B1978204681F00101BDE8A6
:104DA000104001F06BBC00BF382E002016430020DD
:104DB0000146034B034881F001021A7001F05EBC0A
:104DC00016430020382E0020F0B5044683B00020A2
:104DD00017460E46FDF7D0FA6100054600F10802BD
:104DE00089B200973346034813F0C6FB284603B048
:104DF000F0BD00BFF02B002010B582B00C46400083
:104E00004B68009281B204F10802024813F050FB93
:104E100002B010BDF02B00200023C0E90133704721
:104E2000704700BF0023C0E90133C0E90333704776
:104E3000704700BF2DE9F047C4888C4205460E46F6
:104E40002FD24FEA8408D0F80090002C39D03F2CA4
:104E500035DDB4F5007F3DDB04F580774FF6FE725B
:104E60004FF6FF73974288BF1F46B742B8BF374619
:104E7000B8000CF001FD82461CB14246494620F0C4
:104E800015FE3A1B920000210AEB080020F032FECA
:104E900048460CF017FDC5F800A0EF80AE80BDE8D5
:104EA000F08782889142F9D20068521A00EB8100A3
:104EB0009200002120F01EFEAE80BDE8F087670062
:104EC000D3E704290F46B8BF0427B8000CF0D4FC80
:104ED0008246D6E7034B08EB0407A3FB07377F089E
:104EE000C3E700BFABAAAAAA704700BF704700BFC4
:104EF000704700BF704700BF704700BF0B6823F0CA
:104F0000010370B51B89042B0C46054602D13DB93F
:104F1000204670BD40F28530FCF768FC002DF7D0CC
:104F2000E81C8000FEF7C0FF064608B1074B03608F
:104F3000A368B360AAB2B5809200002106F10C000C
:104F4000344620F0D7FD204670BD00BF0467040042
:104F500038B502690A4B9A42054603D04FF4627095
:104F6000FCF744FC2888FEF79FFF044600B105606B
:104F70002A880021043A201D20F0BCFD204638BDBF
:104F8000ED4E0200036823F001031B69184700BFC0
:104F9000036823F001031B69184700BF704700BF77
:104FA0004FF6FE7399420AD883888B4270B5054646
:104FB00016460C4604D92B6843F8246070BD704730
:104FC0000131FFF737FF2B6843F8246070BD00BF45
:104FD00083884BB1013B9BB202688380002152F869
:104FE000230042F82310704718467047C38870B5F5
:104FF0004BB33F2B0FDDB3F5007F2CDB03F5807443
:105000004FF6FE72944223D8A4B28C4238BF0C46AD
:10501000A34207D370BD5C00A4B28C4238BF0C46DB
:10502000A342F7D20546A000FEF7D8FFEB8806465C
:10503000E3B9E21A920006EB8300002120F05AFD4A
:105040002E60EC8070BD042938BF04210C46E7E7D0
:105050004FF6FF74E4E7084A03EB8304A2FB042441
:10506000C4F34F048C4238BF0C46D9E79A00296834
:1050700020F01CFDEB88DCE7ABAAAAAA30B5C388F8
:105080008B4283B005460C4609D9036843F82120BA
:10509000AB889C4224BF0134AC8003B030BD4FF6D6
:1050A000FE739942F9D8013189B20192FFF79EFF50
:1050B0002B68019A43F82420EAE700BF38B5C3887B
:1050C0008B4204468DB201D2AB4201D9A58038BDD6
:1050D0002946FFF78BFFA58038BD00BF83884BB101
:1050E000013B9BB202688380002152F8230042F802
:1050F0002310704718467047F8B583888B421DD936
:1051000005684A1C8F009342044655F8216005EB60
:10511000070007D8013B9BB20022A38045F823205B
:105120003046F8BD5A1A02F18042013A391D29442D
:10513000920020F0C6FCA3882568EBE70026EFE785
:1051400083888B421CD970B50E461546591CC288FF
:1051500089B28A4204460FD9701C216880009B1BCB
:10516000061F9A000844314420F0ABFCA388226853
:1051700001339551A38070BDFFF738FFA388EBE79B
:10518000FFF77CBF024A02600022C0E9012270479B
:1051900094670400024A026000224260704700BF28
:1051A00064670400034A02600022C0E90122C0E9EA
:1051B00003227047346704002DE9F04106894568F1
:1051C0001EB32B68994224D02A46002003E052F8EF
:1051D000044F8C4217D00130B042F8D1B1F80480AE
:1051E0008F1D002404E00134A6420ED055F8043F80
:1051F0009A889045F7D1991D4246384620F047FCE1
:105200000028F0D12046BDE8F0814FF0FF30BDE826
:10521000F0810020F7E700BF704700BFFCF7E6BA57
:10522000014B1B6818697047D0380020014B1B6880
:1052300098697047D0380020014B1B68188C704764
:10524000D0380020014B1B68D86B7047D038002045
:105250000268F8B544F210239A4200D0FEE7436892
:10526000194A1968194F91423B6014D00646188CB0
:10527000174D8000FEF7C4FE3B6828601A8C0021A1
:10528000920020F037FC3C68124B226829689A4251
:105290000D6006D0FEE740F29F30BDE8F840FCF715
:1052A000A5BAB36822699A42F4D1FCF7EFFA3A68DA
:1052B0000023156B04F140001A461946A847BDE8C3
:1052C000F840FCF7B7BA00BF718E3B92D03800208F
:1052D000CC380020708E3B920148FFF7B9BF00BF69
:1052E000005E040048B110F0030207D1036823F008
:1052F0000103D978F92903D0104670470020704780
:105300001889A0F10600B0FA80F04009704700BF8C
:1053100070B505460C20FEF7C7FD044620B1154BBD
:1053200003600023C0E901333DB1AB0705D12B6811
:1053300023F00103DA78F92A01D0204670BD0E4A25
:105340009342FAD12E89002EF7D02046FEF7B0FE08
:1053500063899E4203D93146201DFFF747FEB20004
:1053600069682681606820F0A1FB2046FEF7AEFE4A
:10537000204670BD946704003467040038B50D46BC
:10538000044608B1830714D040F29B30FCF72EFA94
:1053900029462046FFF710FF051E08DB2946201D81
:1053A000FFF7AAFE294604F10C00FFF7A5FE4220F4
:1053B00038BD036823F00103DA78F92AE4D1024A00
:1053C0009342E5D0E0E700BF3467040010B5104811
:1053D00082B00DF06FFE90B10246002301A80C4987
:1053E0000DF00AFE0198B0F902100430FCF7C2FF7C
:1053F000044601A811F09CFF204602B010BD0146F2
:105400000448FCF7B7FF0446204602B010BD00BFB9
:10541000702B00207C76040030B5034683B00E4C20
:10542000B0F904200D4601A8991D11F0F9FF01A95A
:10543000002220460DF0C6FB01A811F079FF2A4694
:10544000102301210C20FCF779FE204600210DF0ED
:1054500041FD03B030BD00BF702B002098B100B5F6
:10546000014683B0B1F9042001A8063111F0D8FF3C
:1054700001A9022204480DF0FBFA01A811F058FF1F
:1054800003B05DF804FB7047702B0020014628B183
:1054900042680348022308310DF0C0BA704700BFCC
:1054A000702B0020F8B5051E21DD022729460020BB
:1054B000FCF762FF044600F10806FEF7F9FD3B46E3
:1054C000314662680D480DF021FD854209D0014644
:1054D0003046FCF751FF05462046FEF7F7FD28460B
:1054E000F8BD20462546FEF7F1FD2846F8BD0348E5
:1054F0000DF0E0FD00270546D8E700BF702B002027
:1055000070B50D4614460646FFF7E0F990B12846FF
:10551000FFF7DCF970B13046FFF7D8F906462846A8
:10552000FFF7D4F93146024605480DF0B9FA054BAC
:1055300001221A7021460248BDE870400DF0A2BA5F
:10554000702B002017430020014601480DF09ABA45
:10555000702B002038B5094A094B02F1500420464F
:10556000A2F1180100251D700DF09AFA20464FF4A3
:10557000E131BDE838400DF085BA00BF202B002096
:1055800017430020014601480DF060BD702B00203C
:10559000014601480DF074BD702B0020024B1B78B2
:1055A00003B1704709F070BC17430020024B1B7811
:1055B00003B1704709F068BC1743002010B582B0F2
:1055C000B0F90420811D684611F02AFF6A460223C3
:1055D00001A809490DF00CFB0198B0F90210043044
:1055E000FCF7C8FE044601A811F0A2FE684611F0BF
:1055F0009FFE204602B010BD702B002000B5831D19
:1056000083B0B0F9042069B9194601A811F008FF68
:1056100001A90C4804F0BEFB01A811F089FE03B0FB
:105620005DF804FB194601A811F0FAFE01A9012258
:10563000044804F017FC01A811F07AFE03B05DF8ED
:1056400004FB00BF28370020014804F03DB900BF2B
:1056500028370020792810B50C4609D10748A4F155
:105660000101B1FA81F14909BDE8104013F050BDC4
:10567000FFF72CF90028F2D110BD00BF002A00204E
:1056800070B50E46FDF74EFA044630460D46FDF75E
:1056900049FA02460B46204629461CF095FEBDE815
:1056A0007040FCF797BF00BF08B5FDF73BFA1CF050
:1056B0002DFCBDE80840FCF78DBF00BF08B5FDF725
:1056C00031FA1CF0DFFBBDE80840FCF783BF00BFE8
:1056D00008B5FDF727FA1CF089FBBDE80840FCF788
:1056E00079BF00BF08B5FDF71DFAF7F7E1FBBDE88C
:1056F0000840FCF76FBF00BF08B5FDF713FA1CF0B8
:1057000011FEBDE80840FCF765BF00BF08B5FDF716
:1057100009FA1CF05FFDBDE80840FCF75BBF00BF65
:1057200008B5FDF7FFF91DF081F8BDE80840FCF76A
:1057300051BF00BF08B5FCF765F8FFF7CDFD0020AD
:1057400008BD00BF70B50A4A41F2901305460C46E9
:10575000D058012110F078FC022D22460CBF022106
:10576000012110231520BDE87040FCF7E7BC00BF05
:105770000025002008B5194A41F29013D05870B1A5
:105780004FF0FF3110F036FC07EE900AFDEEE77A9D
:1057900017EE900A772803DC332803DC002008BDCD
:1057A000FF2008BD9FED0E7ADFED0E6AF8EEE77A76
:1057B00077EEC77AFDEEE77A17EE903AC3EB032354
:1057C00007EE903AB8EEE77AC7EE267AFDEEE77A72
:1057D00017EE900AFF28A8BFFF2008BD0025002073
:1057E0000000504200008842124A41F29013D35800
:1057F000E3B181F3080207EE902A9FED0F7A9FED47
:105800000F6ADFED0F6AF8EEE77A022867EE877A13
:10581000184687EE867A77EE267AFDEEE77AF8EE7E
:10582000E77A17EE901A02D010F054BC704710F0CF
:105830001FBC00BF002500200000884200007F43FD
:1058400000005042704700BF704700BF024B1B680A
:1058500003EB4000704700BFD0380020704700BF06
:10586000704700BF704700BF29DF704728DF7047CF
:10587000022802D1014B01221A7070471843002000
:105880004FF0805318697047F8B514460A439007E3
:1058900050D19A074ED10D4653B1CE18671A0878E9
:1058A000FF2802D0785CFF2841D10131B142F6D106
:1058B0009E0801F019FA90B1204F00233B7002E0DE
:1058C0000A200DF073FF324621462846FFF7CCFF31
:1058D0000028F5D13B78002BFCD00020F8BD184AF9
:1058E0000123C2F80435D2F80034DF07FBD5144990
:1058F00004EB86022D1B944204EB05000DD02368B7
:105900005E1C04F10404F6D00360D1F80034D8071B
:10591000FBD5944204EB0500F1D1094A0023C2F8FB
:105920000435D2F80034DB07FBD50020D6E76FF052
:105930000200F8BD4FF0FF30F8BD00BF1843002053
:1059400000E00140036808491A684FF080538A421A
:1059500010B55C6903D1186904FB00F010BD00218B
:10596000904704FB00F010BD815802000368224AF2
:105970001B68934270B50C463BD14FF080531869B9
:105980000138204230D101F0AFF9A0B11B4D002306
:105990002B704FF0805602E00A200DF007FF3069AF
:1059A000B4FBF0F0FFF762FF0028F5D12B78002B55
:1059B000FCD0002070BD124A0223C2F80435D2F890
:1059C0000034D907FBD50E49C2F80845D1F8003498
:1059D000DA07FBD500230A4AC1F80435D2F80034AF
:1059E000DB07FBD5002070BD40F29A30FBF7FEFECE
:1059F000C9E79847C4E700BF815802001843002058
:105A000000E00140F8B504461D4601601C4BE3610F
:105A10000020B5F5003F0F461646C4E91E2584F860
:105A200074006060C4E90200C4E90400A061E0629F
:105A30002067A4F876001DD83B6838461B683146BD
:105A40009847431E334204D1B5FBF0F300FB1350DB
:105A500058B140F29A30FBF7C9FE0A4D2B8813B9B2
:105A60000FF0D8FA28802046F8BD012BF1D9DB07CA
:105A7000F3D5EEE740F29A30FBF7B8FEDCE700BF63
:105A8000806967FF044300202DE9F0410746006864
:105A900003681B680C4601EB02089847431E23422B
:105AA000064625D1444521D23868036821461B6843
:105AB0009847B04203D040F29A30FBF797FE38681F
:105AC000036821465B689847002E04EB06050ADD53
:105AD0002378FF2B04F1010440F29A3001D0FBF748
:105AE00085FEAC42F4D1A8452C46DDD8BDE8F08156
:105AF00040F29A30FBF77AFED4E700BF08B5D0E950
:105B00001E12FFF7C1FF40F29A30BDE80840FBF7D4
:105B10006DBE00BFF8B5D0E91E24274D1668610898
:105B2000AE42575802EB01032ED0AF4201D0002005
:105B3000F8BD5A689442FAD11A460B44C3604260D9
:105B400053F8082C0132A3F1080303D053F8082DB1
:105B50000132FBD103F1080202615A68013203F1FC
:105B6000040303D153F8042D0132FBD00B3323F08F
:105B7000070383601A68013202D15B68013319D0D0
:105B8000FFF7BCFF0120F8BDB742556802D0AC4218
:105B9000D4D0CCE75E68B442F9D1AC42CCD19568A0
:105BA0009C686E1CA642C7D0661CB542C6D0A542F2
:105BB000C4D8C1E70120F8BDDAE07677C16A01B93F
:105BC0007047F8B50246054652F8300B03689C68EA
:105BD0004023A047B8B96FF02E06761B05F12F04BD
:105BE00005F16F07321914F8013FFF2B06D0E96A5F
:105BF0008A5C9A42284601D0FFF780FFA742F1D184
:105C00000023EB62F8BD2846FFF778FFE3E700BF0B
:105C10004BB32DE9F04781460E4690461D4600F1F4
:105C2000300A06F03F07D9F82C30F41BA34209D004
:105C30004846FFF7C3FF4022FF2150461FF05AFF9E
:105C4000C9F82C40C7F14004AC4228BF2C4641465D
:105C50000AEB070022461FF029FF2D1B2644A04413
:105C6000DFD1BDE8F0877047F0B50446006F002330
:105C700085B0C4E9053330B1036823671FF0D8FE4F
:105C8000206F0028F8D1D4E91E135A0812488D5805
:105C90004FF0FF36039685424FF0010601EB0207F5
:105CA000029611D02046FFF7EFFED4E91E150A4BED
:105CB00000936A46102320460195FFF7A9FF20466E
:105CC000FFF77CFF05B0F0BD78688342EAD1BB687E
:105CD00033440293E6E700BFDAE07677F8B5056F64
:105CE0004C88B1F9047045B32E46B21C002302E083
:105CF0000133202B0BD032F8021FA142F8D1002F24
:105D000019DB06EB430300229A800120F8BD3668B8
:105D1000002EEAD1002F26DAAA1C002302E001336C
:105D2000202B0ED032F8021F0029F8D105EB4303D7
:105D300008469C80F8BD0120F8BD002F04DB002040
:105D4000F8BD2D68002DE7D1054644201FF077FEF1
:105D50003E220646002106301FF0CCFE2B6FB48099
:105D600033602E67EBE73046F8BD00BF43680BB1E8
:105D700001207047FFF7CEBE426802B1704710B5F0
:105D80000446FFF7C7FE00B110BD2046FFF76CFFC9
:105D90006368002BF8D12046FFF7BCFE0028F3D142
:105DA0002046BDE81040FFF7A9BE00BF38B590F807
:105DB000743004464BB1094D298840F2FF300BF096
:105DC00057FB94F87430002BF6D1012384F874301B
:105DD0002046BDE83840FFF7CFBF00BF0443002096
:105DE00010B590F8743084B004461BB940F29A3074
:105DF000FBF7FCFC2046FFF7E1FE064A002384F88F
:105E000074301288012340F2FF31684610F0A0FE82
:105E100004B010BD044300202DE9F8438146084634
:105E20000F461FF0A3FE01463846FDF7C3FC80EA8B
:105E3000104538461FF09AFED9E90364B44217D2E0
:105E40000130ADB21FFA80F802E00834B4420FD23C
:105E50002388AB42F9D16388D9F80400424618443C
:105E600039461FF014FE0028EFD12046BDE8F88324
:105E700000242046BDE8F883F8B50C4616461F46B8
:105E80000546FFF793FFCCB121462846FFF7C4FF34
:105E9000A861A8B1C3889BB18488C4F30E0446B13D
:105EA0006968A7423A46304628BF224619441FF087
:105EB000FDFD2846FFF794FF2046F8BDA869E8E7F6
:105EC0004FF0FF34F5E700BF10B5044682B0FFF78E
:105ED0006DFF6369002B38D0E2689A4212D903F152
:105EE00008026261186859686B4603C36946204618
:105EF000FFF7F4FE10B9BDF80630A3B96369E26894
:105F00009342ECD3206F0023636130B103682367B1
:105F10001FF08EFD206F0028F8D12046FFF760FFAC
:105F2000002002B010BDBDF80420BDF80210636867
:105F3000A084C2F30E020B4420462262A362FFF744
:105F40004FFF04F1200002B010BD206F2369636190
:105F50000028C1D0036823671FF06AFD206F002866
:105F6000F8D16369B8E700BFF0B58168CB1D23F0B5
:105F7000070383B0002600275D1A0446CDE90067B9
:105F800008D153F8043C013310D02046FFF716FE29
:105F900003B0F0BD2B466A46FFF73AFEA3681D44E6
:105FA000A5602046FFF70AFE03B0F0BD6A4608234D
:105FB000FFF72EFEA3680833A3602046FFF7FEFD1F
:105FC00003B0F0BD2DE9F04F04468BB017460491A5
:105FD0000DF010FBB4F876306BB1E169C3EBC3721E
:105FE00000EB42020B449342B6BF1346E361E26109
:105FF0009842C0F2A780A26F616800239142C4E971
:1060000005330ABFE36F039201EB5303204608BF39
:106010000393FFF7D3FD039DE26F29465208204604
:10602000FFF732FD2B461033E26FA360002305EB30
:10603000520B019303E0036823671FF0F9FC206F04
:106040000028F8D1D4E903369E4240D208364FF0FA
:10605000100A324606AB52F8080D6568516803C352
:10606000BDF81A30B0461D4417B12846B84748B3AA
:1060700006A92046FFF732FE20BBBDF81E300BB349
:1060800028461FF073FDBDF81C2000F10109C2F382
:106090000E0202EB09030293019B002B57D01FFA5B
:1060A0008AF5ABF1080BA944ADF81C20594608232A
:1060B00006AA2046ADF81E90ADF81A50FFF7A8FDCD
:1060C000029B9A44E368434506F10806C1D8019B48
:1060D0000133012B01935ED0019B022B04D0AEE76C
:1060E000036823671FF0A4FC206F0028F8D1204626
:1060F000FFF764FD6268039E9168E06F284B06938A
:10610000013106AA102308910790314620464FF02E
:10611000FF350995FFF77CFD2046FFF74FFDA2688C
:106120000498E36F66604030ABEB0202824206EBFC
:106130005303D4BF00200120C4F810B0E3600BB0BB
:10614000BDE8F08F40F29930FBF750FB53E7A368AE
:1061500005932A46194620464B46FFF759FDA1688C
:10616000BDF81C50BDF81E0062684944C5F30E0519
:106170002B460244A1602046FFF74AFDA368029A1D
:106180001D44059BA560EB1A934299D040F29A30CA
:10619000FBF72CFB94E72046FFF7E6FE4FE700BF36
:1061A000DAE0767738B504460D46FFF7FFFD236940
:1061B000A168074A5B1A934204DC2A460549204637
:1061C000FFF700FF2046BDE83840FFF709BE00BFDB
:1061D0002000FF7F0000FF7F2DE9F04F884683B04D
:1061E0001E4604469146002A5ED02046FFF7DEFD9B
:1061F00041462046FFF710FE00270546A761D4F868
:1062000004A0002859D0F01D20F0070000F108017B
:1062100028302369A2689B1A83420EDC00222046A4
:10622000FFF7D0FE002800F089806368534504D052
:1062300041462046FFF7F0FD05461FFA86FA002D7D
:1062400058D02A886B88ADF80020ADF80230EFB145
:106250000023ADF806306FEA4A436FEA5343ADF8C6
:1062600004302046FFF780FE2169083921610823A8
:106270006A462046FFF7CCFC2046FFF79FFC2046ED
:10628000FFF7AEFD002003B0BDE8F08F33464A466D
:10629000A1682046FFF7BCFCD4E901231E449B1AE9
:1062A000A660ADF80630D6E7013313D0002E9CD09F
:1062B00040F29A30FBF79AFA97E740461FF056FCF7
:1062C00006F10803184420F0070000F108012F46EA
:1062D00028309EE7FFF76AFD41462046FFF79CFD08
:1062E000C4F818900546D4F804A038B32820082133
:1062F00001278EE740461FF039FC01464046FDF776
:1063000059FA80EA10434046ADF800301FF02EFCE9
:1063100000F1010B42465B46A1682046FFF778FC7E
:10632000D4E9012303EB0B019B1AA160ADF8023005
:1063300057B1ADF80650ADF804A092E72046FFF73C
:106340004FFD4FF0FF309EE733464A462046FFF7A9
:106350005FFCD4E901231E449B1AADF804A0A6609B
:10636000ADF806307DE700BF4FF0FF330022FFF7A6
:1063700033BF00BF0078A0F12300B0FA80F04009DD
:10638000704700BF38B50E4D2C680CB1204638BDA3
:1063900088201FF054FB0B4B0446214640F8043B79
:1063A0004FF4D6224FF40043FFF72CFB002242F2B9
:1063B000107384F88420A4F87A302C60204638BD0D
:1063C000D4380020CC67040038B5FFF7DBFF051D8B
:1063D00004462846FFF7CAFC28B903461A46284651
:1063E0000249FFF749FD204638BD00BFDC670400C5
:1063F00070B50C460546FFF7E7FFA91D636804F179
:1064000008020430BDE87040FFF7E6BE10B5044650
:10641000FFF7DAFFA11D0430BDE81040FFF7A4BF6D
:1064200010B50446FFF7D0FF0023A11D1A46043023
:10643000FFF722FDC043C00F10BD00BF38B50446B2
:10644000FFF7C2FF0023051DA11D28461A46FFF7CE
:1064500013FD011E11DB0020FBF78EFF0446FDF744
:1064600027FE636804F1080200212846FFF704FDB7
:106470002046FDF72BFE204638BD0024204638BDBF
:1064800038B5FFF7A1FF0446051D0A492846FFF766
:1064900089FED4F88030D4E903125B0803EB430390
:1064A000521AB2EB930F00D338BD2846BDE83840EE
:1064B000FFF7DABB756302002DE9F0470546FFF7E9
:1064C00083FF002383610646FCF7A8F98146043662
:1064D000FDF7EEFD063535F8027C95F8008009F1F0
:1064E000040A3046FFF7F0FC3A46294618B38468A0
:1064F000B8F1230F204602D02378232BF1D01FF0D0
:10650000C6FA4FF0FF310028EBD12046FBF732FFEF
:106510000446FDF7CDFD2246B9F808105046FEF7B7
:10652000ADFD2046FDF7D2FD3046FFF7CDFC3A46E3
:1065300029460028DBD14846FDF7C8FD4846BDE89E
:10654000F08700BF0048704716FCFFFF704700BF90
:10655000704700BF82B070B50C4684B005464968EC
:10656000206802AC03C4039908AC481084E80C000E
:10657000CB0745BF2A58029B029CD4580AAB2E1861
:1065800093E803008DE8030008AB0CCB3046A0472E
:1065900004B0BDE8704002B0704700BF10B50446BB
:1065A000D0F8E808036801211B6898470121D4F856
:1065B000E80812F0ABFFD4F84818D4F8E00811F05E
:1065C0003FFC012384F8603810BD00BF38B5044695
:1065D000D0F8E80803680025294684F860581B684D
:1065E00098472946D4F8E808BDE8384012F08EBF35
:1065F00082B038B504A9044681E80C00D0F84808F8
:10660000BDF8125018300FF07DFA18B925F00205C8
:10661000012D05D12046BDE8384002B0FFF7BEBFCE
:106620002046BDE8384002B0FFF7D0BFFF2906D8AA
:1066300008B58900083002F017FA002008BD6FF491
:106640007A70704708B5083002F024FA0028B8BF05
:106650000330801008BD00BFD0F8DC3880F8621825
:106660005BB1D0F8682819B91146184612F0A6BADD
:1066700011461846012212F075BA7047D0F8DC387E
:1066800080F863185BB1D0F8642819B91146184630
:1066900012F094BA11461846002212F063BA7047FD
:1066A00070B5044682B038201FF0C9F904F108051E
:1066B00013232A46064600931849194B12F070F826
:1066C0000021C4F8DC68304612F052F9D4F8DC0836
:1066D00012F01EF881B2284602F0ECF94FF40041A6
:1066E000284602F0F1F994F862182046FFF7B4FF4B
:1066F00094F863182046FFF7C1FFD4F8D8380BB1DF
:1067000002B070BD284640F2FF33054A04F66C0122
:1067100002F06AF9C4F8D80802B070BD0010024057
:1067200000442C47044B186810B1D0F8DC3803B192
:106730007047FFF7B5BF00BFD838002010B504463A
:1067400089B3D0F8DC3823B3C388214A43F001036E
:106750000221C380C2F88410BFF34F8FBFF36F8F45
:10676000D0F8DC0812F0F8F9D4F86818D4F8DC088E
:1067700012F024FAD4F86418D4F8DC0812F01EFAE7
:10678000D4F8DC0810B103689B6998470023C4F86B
:10679000DC3894F86038DBB284F861382046FFF7C3
:1067A00015FF002010BDC388DA0705D5D0F8DC2816
:1067B00023F00103C38042B194F86138002BF0D07C
:1067C0002046FFF7EBFE002010BDFFF769FFF3E75F
:1067D00000E100E070B50446D0F8DC0894F8635896
:1067E000002384F863380E4618B1D4F8641812F008
:1067F000E5F9C4F8646829462046BDE87040FFF713
:106800003DBF00BF70B500F108040CF003FF064661
:10681000204602F07DF90546204602F07FF96DB171
:1068200005F5B5550C35B54208D830B100F5B25074
:106830000830B0428CBF0020012070BD012070BD27
:106840002DE9F04F83B0DDE90C9ABDF83880002BBC
:106850003BD0B9F1000F35D00F2902D1B8F1C00FEC
:1068600033D1074628201D460E4693461FF0E7F811
:106870000446103010F08CF918202680A4F802B0DD
:106880001FF0DDF8CDE9009A06466B46024603CBC1
:1068900046F80C5B00233D68D36048F00208736043
:1068A000E360506091600E495161C4E90833A4F877
:1068B0000480A2606B6838462146984740B903B00F
:1068C000BDE8F08F1AF0010FC6D16FF47A70F6E7C9
:1068D00020460BF05BF820461FF0AAF80148EEE7CF
:1068E0005565020016FCFFFF70B50446D0F8DC08C1
:1068F0001B4B236048B1D4F8681812F05FF9D4F844
:106900006418D4F8DC0812F059F9164BC4F8F438BE
:1069100003F18402A833C4F80C29C4F81439124EC8
:10692000002504F5126010F071FC04F60C10C4F898
:106930000C69A4F812590AF0C7F904F50F6002F0C7
:1069400091FF04F66C0002F093FC04F1080001F0E2
:1069500027FE20462660E5800AF0B6F9204670BD85
:10696000EC670400A87304002C7D040010B50446F5
:10697000FFF7BAFF20461FF05BF8204610BD00BFAE
:106980002DE9F04F774D05608BB000250646456038
:1069900004468B4692461F46DDF850900AF024F9D3
:1069A000714B46F8083B40F2FF3203236F493046F3
:1069B00001F0B0FD04F66C08012284F8605884F8F8
:1069C000622884F8632840F6C2314AF64442C4F88B
:1069D00064B8C4F868A884F86158404602F07EFCA8
:1069E000159BC4F8E8384146C4F8D858C4F8DC58B8
:1069F000C4F8E078C4F8E49804F50F6002F030FFC2
:106A000031462B2204F6F40003F0E0FC584A1168EA
:106A1000002900F0A4804046012102F017FF002267
:106A20004946384611F0BEF91621C4F848083846E0
:106A300011F020F900220721D4F848084D4D10F03C
:106A4000CFFE0AF0C1F8074650201EF0F8FFD4F838
:106A500048183A46064618310FF068FFC4F85468E3
:106A600030460FF0E1FD074648201EF0E8FF0A22FD
:106A700002233946CDE900323F4A012306460FF092
:106A800091FCD4F85408C4F84C6803689B68984794
:106A9000804668201EF0D3FF384A01920026152256
:106AA000CDE902264FF08342354B00924146354AEC
:106AB00007460FF045FA2B68C4F85878A3B1324A5C
:106AC000D4F85478CDE9042604AA92E803003F895B
:106AD0004FF0C00C8DE8030032461846CDF808C0D0
:106AE00039462346FFF7ACFE50201EF0A8FFD4F82D
:106AF0004C182522243106460FF018FF2B68C4F8E5
:106B0000506843B30026DFF88080CDF818800796E0
:106B100006AA92E80300C0278DE803003246184613
:106B2000252123460297FFF78BFED4F848082D68ED
:106B3000314618300EF0DAFFCDE908860AAB02467E
:106B400013E9030002978DE803002346284640F22C
:106B5000FF31FFF775FE20460BB0BDE8F08F1460E3
:106B600059E700BF2C7D0400EC67040000442C476B
:106B7000D8380020043B00200AD7A33D0000504233
:106B8000000082420000AA42F165020000487047FE
:106B900024680400BFF34F8F0549064BCA6802F40E
:106BA000E0621343CB60BFF34F8F00BFFDE700BF30
:106BB00000ED00E00400FA0512DF7047704700BFE7
:106BC00008460AF0B1BF00BF13F01CBE08460AF029
:106BD000A7BF00BF13F024BE024A03490160106042
:106BE000704700BFE83800204C68040030B583B01F
:106BF00002AB002103F8011D05461846FFF7DCFF34
:106C00009DF80730012B1BD0134A14480123136051
:106C10000424C2F80011D2F80031002BFBD0D2F8C6
:106C20000835013C43EA0020F3D1012353602B686F
:106C30000B4A9B69934209D10AF076FF03B030BD3D
:106C40002B68074A9B6905489342F5D001462846C0
:106C5000984703B030BD00BF00D00040ED5EBC0BD4
:106C6000C16B0200034B1B680BB10AF05FBF1846F3
:106C7000704700BFE83800204FF08053586E7047CF
:106C800070B4174E174C0FCE89B001AD0FC596E802
:106C9000070003C5002104F8051F4FF080532A7038
:106CA0005E6E0520012501EB810208AB1A44B6FB9C
:106CB000F0F300FB1363B3FBF5F31A44013112F850
:106CC0001C2C04F8012D0529A6EB030600EB80001F
:106CD00005EB8505E7D1034809B070BC704700BFDC
:106CE00008680400DC38002000B583B002A8002347
:106CF00000F8013DFFF760FF9DF80700A0F10100DB
:106D0000B0FA80F0400903B05DF804FB08B5FFF766
:106D100041FF00BF014B1860704700BFE4380020FE
:106D20002DE9804889B0DFF87092079013F060FD7C
:106D3000914A9249924D0023C1F8103509F104049B
:106D4000C2F810354846C2F814351C21C2F818356F
:106D5000C2F81C35C2F82035C2F82435C2F82835EF
:106D60004FF0A043032201F5E071844243F8212053
:106D700009D010F8011F1F2986BF01F01F012B4603
:106D80004FF0A043EFE77F4B7D4D1C1D1A464FF09F
:106D9000A0411523032003F5E073944241F823003A
:106DA00009D012F8013F1F2B86BF03F01F032946AD
:106DB0004FF0A041EFE77348714D15234FF0A0410C
:106DC000012404FA03F38242C1F80C3509D010F80B
:106DD000013F1F2B86BF03F01F0329464FF0A04140
:106DE000EFE7694B694A1B6812680693DFF890A1C8
:106DF0000592002303934FF0010B059B002B00F03D
:106E0000AF80039A934240F3A98000230493604B20
:106E100001931B244FF0A04800230293019B03F130
:106E2000040E029B272B6FDC039B49F63F42052B88
:106E300049F6404C40F69F73ACBF4FF47A6C134652
:106E4000019E504F49F64042654604200441E40744
:106E5000CC464FF01C010FD51F2943D84FF0A0445A
:106E60000BFA01F1C4F80C1580B134781CF8011F3D
:106E700001380441E407EFD41F2937D84FF0A0446C
:106E80000BFA01F1C4F808150028EED15DB139788C
:106E90001F2986BF01F01F0150464FF0A0400BFA9A
:106EA00001F1C0F80815002102E00131914212D031
:106EB0009942D8F80405F8D138781F2886BF00F029
:106EC0001F0054464FF0A04401310BFA00F09142EC
:106ED000C4F80C05ECD1764507F101070AD016F885
:106EE000014FB2E701F01F015446B9E701F01F015D
:106EF0005446C5E7029B0133302B029309D0019B16
:106F00001C78029B272B8FDD4FF0FF334FF0000CD6
:106F100096E7049B591C04292AD0012926D0049BFA
:106F2000012B14BF01230A231A48079A92FBF3F39B
:106F300080FB0320DA17C2EBA00202EB8202A3EB74
:106F40004203303305225BB26FF09F0012FB030354
:106F5000069A0491D1180191D45C5DE7FFF71AFEFF
:106F60000B4B0193059B04931B2453E76423DBE73E
:106F7000039B0133039340E704600040006000403E
:106F8000000300503468040010210020E438002081
:106F90002C680400676666663C68040008B508460D
:106FA000FAF724FC08BD00BF4FF0FF30704700BF68
:106FB000054B186828B10368044ADB69934202D183
:106FC000704713F01DBC1847E8380020BD6B020065
:106FD0000048704716FCFFFF10B5074B03F108028D
:106FE00048330446026040F83C3F0CF021FC204648
:106FF00001F066FE204610BD6C680400A0F13C0064
:10700000FFF7EABF094B10B503F108024833044605
:10701000026040F83C3F0CF00BFC204601F050FEB3
:1070200020461EF005FD204610BD00BF6C68040020
:10703000A0F13C00FFF7E6BF2DE9F041044682B025
:107040001820154688461EF0FAFC012607461B222A
:107050000C4913F04FFB2B4642463946204600961A
:1070600001F06CFF2A46214604F13C000CF00AFCBA
:10707000054B204603F1080248332260E36302B067
:10708000BDE8F08100B001406C680400F8B54FF431
:10709000006206464263044656F8640B0368002506
:1070A000DF6931460B23B847294684F88B5084F8B2
:1070B000805084F8755084F89050102204F18100BB
:1070C0001DF0ACFD29466064102204F176001DF02D
:1070D000A5FD656B2368E06405F50065E5631A6846
:1070E000676C126B184690472844874203D3E56CBF
:1070F000636CAB4201D30020F8BD20680368DB6AF3
:1071000098478542F7D230460E2203491EF0BFFC55
:10711000B0FA80F04009F8BDD068040010B504460C
:10712000C0E901230160042308314FF480720C3060
:1071300008F03CFA0022012104F124000AF0B2FA1E
:1071400004F1980010F08EF90023C4E91433A3630E
:10715000236223646363E3636364A365E36484F885
:107160005C3084F85D302366C4F89430204610BD4E
:1071700030B5036ADB078DB0044602D4FFF786FF03
:1071800090B12D22002168461EF0B4FC2068616B8E
:1071900003686A461D6A0B23A8472068E16C0368F0
:1071A0006A461D6A0123A847236A23F0010323626C
:1071B0000DB030BD38B500F12404054620460AF074
:1071C0007BFA2846FFF7D4FF2046BDE838400AF096
:1071D000ABBA00BF10B50446983010F0A9F82046AD
:1071E00010BD00BFC1600020704700BF014B188078
:1071F000704700BF0643002010B5044B0360002316
:107200000446C38009F060FD204610BD2C7D0400BB
:1072100010B5064B036000230446C38009F054FDFB
:1072200020461EF005FC204610BD00BF2C7D04004A
:1072300082B070B50C4684B005464968206802AC3F
:1072400003C4039908AC481084E80C00CB0745BF81
:107250002A58029B029CD4580AAB2E1893E80300CC
:107260008DE8030008AB0CCB3046A04704B0BDE866
:10727000704002B0704700BF10B5006A84B0026869
:1072800000230093146AE0210DF10F02A04704B01F
:1072900010BD00BF2DE9F843154D056000250446DB
:1072A00045601F4689469046BDF8206009F09CFC69
:1072B00010482060C4E90898A7622A4604F12C000F
:1072C00001210AF0EFF9E388256143F480430020AF
:1072D000002143F004036561A561C4E91001E56381
:1072E000A4F84850A680E3802046BDE8F88300BF9C
:1072F0002C7D040034690400C3885B0700D4704708
:10730000FFF7BABF30B5C3885B0783B004460D46AC
:1073100001D5FFF7B1FF206A2A680168538800246D
:1073200000940C6A0432E021A04703B030BD00BFD6
:1073300070B50646486AD0F80C33B0F812435B6863
:1073400084B000F543700D469847B0FA80F0C4F35E
:1073500000244009A04215D003A801220C210FF0FF
:107360002BFFEB885B071DD4286A039A0368002172
:1073700000919C6A04320C23E021A04740B103A88D
:107380000FF044FF30460FF011FF304604B070BDDF
:1073900003A930460FF032FF03A80FF037FF304645
:1073A00004B070BD2846FFF767FFDDE770B50C46F7
:1073B00082B0064668460FF0F9FEE38843F0010309
:1073C000E380012501200AF0ABFB214601A8FFF76D
:1073D000AFFF01A968460FF021FF01A80FF016FFCB
:1073E000009B5A88691CE2B11A79202A1DD1E288D3
:1073F0005B79920601D5392B1FD0312B11D0022198
:1074000068460FF089FFE38823F00103E3806946B3
:1074100030460FF0F3FE68460FF0F8FE304602B03B
:1074200070BD132D0CDC0D46CCE7132AE7D059793B
:107430000E480AF001FBC11CE2E701210D46C1E73D
:107440000122022101A80FF0B7FE019B3822202162
:1074500019715A71E38823F00103E38001A93046D2
:107460000FF0CCFE01A80FF0D1FED4E7E4680400D1
:10747000F0B5164683B00D461F4604460FF096FE43
:10748000314601A80FF0BAFE01A92846FFF73AFFDE
:1074900000B92FB901A80FF0B9FE204603B0F0BD26
:1074A00001A80FF0B3FE294601A8FFF77FFF01A94D
:1074B00020460FF0B3FE01A80FF0A8FE204603B04F
:1074C000F0BD00BF70B582B01646044601220D46DD
:1074D000684602210FF070FE20460FF067FE009B09
:1074E00010225E711A71694601A80FF087FE01A98A
:1074F0002846FFF707FF064601A80FF087FE56B99A
:10750000294601A8FFF752FF01A920460FF086FE89
:1075100001A80FF07BFE68460FF078FE204602B00F
:1075200070BD00BF30B5CB889B0783B00C460546C5
:1075300006D5A068A38928602846AB8003B030BD7B
:1075400068460FF033FE012201A82146FFF7BAFF7B
:1075500001A968460FF062FE01A80FF057FE009BDC
:10756000B3F80730A381022201A82146FFF7AAFF42
:1075700001A968460FF052FE01A80FF047FE009BDC
:10758000B3F807302381022B03D1E38843F02003B3
:10759000E3800322214601A8FFF794FF01A9684672
:1075A0000FF03CFE01A80FF031FE009AA189B2F85D
:1075B0000720E388628149F60412914243F00200F9
:1075C00016BF23F0040343F0060343F00203E080F8
:1075D000E38068460FF01AFEABE700BF70B584B0D9
:1075E00006460C4601A8012204210FF0E5FD019A90
:1075F0000823012584F001041221D4711171537103
:10760000957101A90DEB03000FF0F8FD2B463146F3
:1076100002AA03A8FFF72CFF03A80FF0F7FD02A8AA
:107620000FF0F4FD01A80FF0F1FD04B070BD00BF34
:1076300070B5012184B00546FFF7D0FF002101207D
:1076400009F056FB01A8012204210FF0B5FD019BB2
:10765000082201241226072001A91E715871DA712F
:107660009C710DEB02000FF0C9FD234602AA2946CA
:1076700003A8FFF7FDFE03A80FF0C8FD02A80FF056
:10768000C5FD0A200AF04CFA686A032100F5437030
:1076900011F05AFF4FF0804301A8C3F800450FF0E6
:1076A000B5FD04B070BD00BFC388DB0700D57047CF
:1076B00030B50446406AD0F80C33B0F812535B681A
:1076C00083B000F543709847B0FA80F0C5F3002509
:1076D0004009A84213D068460FF068FD01A8214672
:1076E000FFF726FE01A968460FF098FD01A80FF0EC
:1076F0008DFD009B5A8822B968460FF087FD03B0C4
:1077000030BD1A79112AF7D15A79092AF4D19A7918
:10771000012AF1D1DB79032BEED12046FFF788FF58
:10772000EAE700BFC38870B513F0010403D0114B22
:1077300000221A6070BD0546406AD0F80C33B0F8DC
:1077400012635B6800F543709847B0FA80F0C6F3A7
:1077500000264009B042EAD0064A13681D2B02DC1D
:107760000133136070BD28461460BDE87040FFF718
:107770009BBF00BFEC380020C38819B923F0010378
:10778000C380704743F00103C380704708B509F018
:1077900073FF003018BF012008BD00BF2DE9184855
:1077A00004460BF027FFD4E91023821A61EB030390
:1077B000002B08BFB2F5FA7F06D3E06B0028CCBFE0
:1077C00000200120BDE818880020BDE8188800BF0F
:1077D0002DE9F04F8BB0054699469DF85030049343
:1077E0000C46019190460BF015FFAB6A002B00F0A0
:1077F000008106460F460BF00DFF82468B467CB19A
:10780000894508BF8045C0F0F280B8EB0A0069EBFB
:107810000B01794A00238B4208BF824280F0E78047
:1078200028460121FFF7DAFE049B002B0CBF012044
:107830000220002109F05CFA08A80BF0BDFFCDE999
:107840000201A86A42690368D2F848150591D2F886
:1078500004130691D2F80413DB69C2F80813C26856
:107860000792664A934240F0BA80654BC360DFF8E6
:10787000A4A10023AAF80030049B002B00F09C80F8
:10788000686A032100F5437011F05EFE5D4B4022F3
:107890001A60A86A089A03680221DB6B9847A86AF5
:1078A00003689B6A9847DDE90223B8F10D0049F1AE
:1078B000FF31921B63EB0703801B61EB07019218FA
:1078C0005B41801A61EB0301089C0026002780467B
:1078D000894628E04F4508BF464529D2B8EB060245
:1078E00069EB070348480021994208BF904200D243
:1078F0000246A86A036802212244DB6B984730BF26
:10790000A86A03689B6C9847041B3619834647F1A5
:1079100000070BF07FFEBAF800309BB200213BB1AC
:10792000AAF800105C46019B002BD3D1364AE0E751
:10793000686A002100F5437011F006FE04990029E1
:1079400033D0A86A03681B6B9847A86A436902682A
:10795000D3F80413D269C3F8081328498A4241D1E5
:10796000079AC260059AC3F84825002200231946E9
:1079700010460BF031FFAB6A049A5B69002A069A45
:10798000C3F804230CBF03200420002109F0B0F940
:1079900000212846FFF722FE0BF02CFEC5E910015E
:1079A000002318460BB0BDE8F08F159B002BC8D004
:1079B000184611F0C9FDC4E7159B002B3FF460AFDA
:1079C0001B6815985B689847159B1598DB8813F41E
:1079D000807F0CBF0321022111F0B6FD50E708495A
:1079E000984744E707999047AB6A5B69BAE7074B4A
:1079F000D7E7074BD5E700BF9F860100E57102007E
:107A0000ED71020000E100E0BFBDF0FF09FCFFFFE7
:107A100016FCFFFF0643002070B584B004AB0024C1
:107A2000002563E90245064618460BF0EDFE0025E9
:107A300001240146DDE902233046CDE90045FFF788
:107A4000C7FE04B070BD00BF2DE9F041044682B00E
:107A50000E46154610309846BDF828700FF098F87D
:107A60002680658018201DF0EAFF08AB054693E8E4
:107A700003006A4682E803002E4603CA46F80C8BD0
:107A80000023084AEB6047F00207736068602046F5
:107A9000A780A560E360C4E90833A9606A6102B009
:107AA000BDE8F0813172020010B5104B1C6890B037
:107AB000CCB10F4A04920022059204AA034692E830
:107AC000030010228DE80300029240F2FF310522EC
:107AD00006A8FFF7B9FF236806A99B6820469847C8
:107AE00006A809F053FF10B010BD00BF043B0020F2
:107AF000357B020038B50446002009F0C5FD20465C
:107B0000FFF7D2FF2046FFF787FF054604F12C0060
:107B100009F01EFE284638BD10B504462C3009F089
:107B200017FE002009F0B0FD2046BDE81040FFF729
:107B3000BBBF00BF82B08DE80C00BDF8002040F252
:107B4000FF339A4201D002B07047BDF80230052BD6
:107B5000F9D102B0FFF7E0BF4CDF704710B5044B1E
:107B6000036000230446C38009F0AEF8204610BD30
:107B70002C7D040010B5064B036000230446C3802F
:107B800009F0A2F820461DF053FF204610BD00BFAB
:107B90002C7D040070B5094B036000250446456048
:107BA0000E4609F021F84FF47A73054A2561E36027
:107BB000A680A5602260204670BD00BF2C7D040019
:107BC0005869040010B5C38843F48043C38086B06D
:107BD00004460BF00FFDA2680023994208BF9042B3
:107BE00002D2002006B010BD00230193FFF77CF8FD
:107BF00008BB134B01221A60D3F80021002AFBD0E6
:107C00000022C3F80021D3F8082501920121596010
:107C1000002AB8BF0332921022820BF0EBFCE3681B
:107C2000A18818440123A0601A4602A80EF090FF14
:107C3000002006B010BD01A8FFF78EFF019AE7E70C
:107C400000C0004010B50446FFF7BCFFB4F91000B7
:107C5000B4F91230C01A10BDFFF7B4BF38B50446EE
:107C60000D46FFF7AFFFE56038BD00BFC068704745
:107C7000002070470368DB6A184700BFA0F10800C6
:107C8000FFF7F8BF094B10B503F10802483304466B
:107C90000260836018300FF04BFB054B236000231C
:107CA0002046E38009F010F8204610BDBC690400AE
:107CB0002C7D04000B4B03F10802483310B5044639
:107CC0000260836018300FF033FB074B2360002302
:107CD000E380204608F0F8FF20461DF0A9FE20466C
:107CE00010BD00BFBC6904002C7D0400002070475B
:107CF0002DE9F041104D056000254560044617460A
:107D00001E468846BDF8185008F06EFF0B48C4F8B0
:107D10000C8000F108014830A060C4E904762160BD
:107D200004F118000FF09EFB40221823A580A262E8
:107D3000E3802046BDE8F0812C7D0400BC6904008E
:107D40002DE9F04F032B85B082460D4617461946A4
:107D500003A8B8BF032101229B460FF02DFA4FF074
:107D600014094FF0000801216869FFF705FDE86874
:107D70003A6801685388CDF800800C6A0432E42127
:107D8000A047064600285ED13B681B790C2B38D1F2
:107D9000EB8813F0400F14BF6420142009F042FB5D
:107DA0002869D0F80C33B0F812435B6800F54370D3
:107DB0009847B0FA80F0C4F300244009A04224D0D0
:107DC000002211464FF0FF3303A80FF04DFAE86888
:107DD000039A01685388CDF800808C6A0432E4214C
:107DE000A0470646B8B9039A3968137909798B42D6
:107DF00030D0E888800619D5202B0CD15379392B47
:107E000009D1012009F00EFBCAE70136012009F073
:107E100009FB142EC4D1B9F10109A4D168694946FE
:107E2000FFF7AAFC50460FF0C1F91FE0002BE8D085
:107E3000202BF0D153799942E3D0002BE1D0B9F156
:107E4000010990D1EAE7012009F0ECFAB9F1010942
:107E500089D1E3E701466869FFF78EFC594603A81C
:107E60000FF05AFA03A950460FF0C8F903A80FF013
:107E7000CDF9504605B0BDE8F08F00BF2DE9F041C7
:107E80000D4684B00646486998461746FFF734FA0F
:107E9000EB88DB0611D403AC394620460FF0AEF96F
:107EA0004346224629463046FFF74AFF20460FF058
:107EB000ADF9304604B0BDE8F0810122114601A8B9
:107EC0000FF07AF93A68019B1279032A0CBF062257
:107ED00003221A7101A902A80FF090F903210A48A0
:107EE00009F0AAFD03AC034602AA29462046FFF783
:107EF00027FF20460FF08AF902A80FF087F901A8A2
:107F00000FF084F9C8E700BF74690400F0B585B0CC
:107F1000044616460F460122082101A81D460FF00F
:107F20004BF920460FF042F946F02060019E08F020
:107F3000E1F8AD007060284608F0DCF801A9B060F7
:107F400002A80FF05BF905F1080302AA394603A85D
:107F5000FFF794FF03A920460FF060F903A80FF084
:107F600055F902A80FF052F923685B88082B0FD847
:107F700003A80FF01BF903A920460FF04FF903A83F
:107F80000FF044F901A80FF041F9204605B0F0BD0B
:107F9000002220464FF0FF3308210FF07FF92368BD
:107FA0005988204608390FF0B7F901A80FF02EF9CB
:107FB000204605B0F0BD00BF30B583B00C46014689
:107FC00001A81D46FFF7A2FF01994B885BB120462F
:107FD000AA0004311DF06AFD002401A80FF016F973
:107FE000204603B030BD014CF7E700BF0CFCFFFF9B
:107FF000A0F10800FFF7E0BF2DE9F04F804685B003
:1080000068464FEA83090D4693460FF0CFF8D8F83B
:1080100028104945A8BF49460831012201A80FF0A0
:10802000CBF809EB050A01A84FF0FF330022FF212E
:108030000FF01AF955453DD2002601E0AA4539D97D
:10804000D8F82830019FA9EB06049C4245F0306027
:10805000A8BF1C4608F04EF87860204608F04AF8A1
:1080600026F003012246B860594407F10C001DF0C8
:108070001DFD04F1080101A80FF04EF901A902A8A5
:108080000FF0BCF8092302AA414603A8FFF7F6FE49
:1080900003A968460FF0C2F803A80FF0B7F802A8CA
:1080A0000FF0B4F8009B5B8825442644002BC5D113
:1080B000064C00E0002401A80FF0A8F868460FF075
:1080C000A5F8204605B0BDE8F08F00BF0EFCFFFF0D
:1080D000A0F10800FFF790BF70B5154682B00122ED
:1080E00004460E46684611460FF066F8009B694646
:1080F0001D7101A80FF082F82946094809F09CFC7F
:1081000001AA034631462046FFF7B8FE01A80FF04A
:108110007DF868460FF07AF8204602B070BD00BFC7
:108120007469040010B5C3889B0784B0044609D560
:10813000636A00209AB262F30F001B0C63F31F40C6
:1081400004B010BD01A80FF031F8072202A82146A3
:10815000FFF7C2FF02A901A80FF060F802A80FF014
:1081600055F8019B5A88B2B90622214602A8FFF7AA
:10817000B3FF02A901A80FF051F802A80FF046F8CA
:10818000019B5A881AB901A80FF040F8D0E75B7933
:1081900084F82630F7E7B3F8050007F0BDFF0622A4
:1081A000A084214602A8FFF797FF02A901A80FF0BB
:1081B00035F802A80FF02AF8019B5A88002AE2D06D
:1081C0005B79A28C84F8263002FB03F3B3F5F83F09
:1081D00005DD4FF4F83393FBF2F284F8262002A871
:1081E0006169FFF79FF9BDF80830012BE38814D0CF
:1081F00023F0100343F028034022E380A262BDF87D
:108200000C2002F5CD427B3292B2012A98BF43F096
:10821000400343F00203E380B5E7402243F0180334
:10822000E380A262EBE700BF2DE9F04788B0064685
:108230000D4617460821012201A80EF0BDFF02A835
:108240000EF0B4FF03A80EF0B1FF04A80EF0AEFFCD
:108250003046FFF767FFB48C96F826300590B900DA
:1082600001EB050904FB03F3994500F2D680B9FB45
:10827000F4F7B5FBF4F304FB07F7B9EB070204FBD3
:1082800003FA08BF3F1B554500F0C180A21A04FB4A
:108290001353B2FBF4F104FB1124002B40F08F8048
:1082A000002C7DD1F3881B073ED5BA455ED85446D5
:1082B00007AD03E0B38C1C44BC4257D844F0406087
:1082C000DDF8048007F016FFC8F80400204607F028
:1082D00011FF01A9C8F8080006A80EF08FFF0123BE
:1082E00006AA31462846FFF7C9FD294602A80EF026
:1082F00095FF28460EF08AFF06A80EF087FF029B26
:108300005B88002BD6D1464C04A80EF07FFF03A853
:108310000EF07CFF02A80EF079FF01A80EF076FFA8
:10832000204608B0BDE8F0874AF04060019C07F0A5
:10833000E1FE6060384607F0DDFE01A9A06006A8F6
:108340000EF05CFF012306AA07A83146FFF796FD51
:1083500007A902A80EF062FF07A80EF057FF06A8B3
:108360000EF054FF029B5B88002BCCD0039B5B88F4
:10837000002B36D1049B5C88002CC5D004A907A82B
:108380000EF03CFF079A316853880C6A9B084946F7
:1083900004323046A04707A80EF038FF0024B3E7A8
:1083A00007ADA30828464A463146FFF7AFFD2946E8
:1083B00004A80EF033FF28460EF028FF72E707AD41
:1083C0009B08284652463146FFF7A0FD294603A8E0
:1083D0000EF024FF28460EF019FF002C3FF462AF88
:1083E000DEE703A907A80EF009FF079A3168538852
:1083F0000C6A9B08514604323046A04707A80EF08D
:1084000005FF049B5C88002C3FF47EAFB6E7601B41
:10841000384488427FF43AAF44E76FF47A7473E7E4
:108420000EFCFFFF30B5044683B00D46FFF77AFE21
:10843000A28C29469208204603B0BDE83040FFF7E1
:10844000F3BE00BFA0F10800FFF7ECBF10B5044673
:1084500082B0FFF767FEA38C94F8260000FB03F0C0
:1084600002B010BDA0F10800FFF7F0BF10B5044640
:1084700082B0FFF757FEA08C02B010BDA0F108003B
:10848000FFF7F4BF02460020D3680133D360704782
:108490000B6881601B680846184700BF8068003081
:1084A00018BF0120704700BFD0F81408704700BF04
:1084B000CB1E012B05D94B1E012B02D96FF47A700C
:1084C00070474B1C03EBD3735B10C0F81418C0F853
:1084D00018380020704700BF00F501600068704741
:1084E00010B5044B044640F8083B0EF08FFE2046C2
:1084F00010BD00BF286A040010B5054B044640F8C3
:10850000083B0EF083FE20461DF092FA204610BD77
:10851000286A0400F0B4214C04600226032400F60B
:108520001C05C0F81448C0F8186800244FF07E56A7
:10853000C0E901442E6000F624054FF0000CC0F89D
:1085400020480127C5F800C000F503660024002577
:1085500080F82878C6E90045DE1E00F63807012EAF
:10856000C7E9004510D95C1E012C0DD992B207EE67
:10857000902A00F50162F8EE677A00F60C031160AC
:10858000F0BCC3ED007A70475C1C04EBD47464103B
:10859000C0F81438C0F81848E8E700BF3C6A040087
:1085A000F8B5104B104E114F036005466C68A4B12E
:1085B0006068E26B03686A60DB68984723689B68C1
:1085C000B34220460BD140F8087B0EF01FFE204638
:1085D0001DF02EFA6C68002CEAD12846F8BD9847A9
:1085E000E4E700BF3C6A0400F9840200286A040042
:1085F00038B54B684FF07E520A631A6805460C4640
:108600001846126905F50165904795ED006A9FEDE2
:10861000117AD4ED067AD4ED075A6063C7EE276A63
:10862000431C03EBD37320F002005B100128A3630B
:1086300085EE867AC4ED096A84ED0A7A02D00023B9
:10864000236238BDBEEE007A67EE877AC4ED087A01
:1086500038BD00BF00C07F442DE9F04F2DED048BE5
:108660008DB00C46029105900AF0D4FF6468CDE904
:108670000601002C00F09781029B4FF40072D3F8A2
:10868000183892FBF3F2029B002A03F10C030493C7
:1086900006DD002103EB820243F8041B9A42FBD162
:1086A000CC4EDFEDCD8A0125A346DBF83470DBF834
:1086B0003C30039347B959460298FFF799FFDBF81E
:1086C0003470002F00F0A180029BDBED0A7AD3F812
:1086D00018284FF4007AF5EE407A9AFBF2FA0AF184
:1086E000030A03EB8A02F1EE10FA019209D103F5B5
:1086F000016292ED007ADBED076AC6EE877ACBED78
:108700000A7A019B1946049B99427ED99946DBF867
:108710000820DBF83830528892FBF3F207EE102A7B
:10872000DBED0B7ADBED0A6A019AB8EEC77AA2EBB1
:10873000090437EE677AA41087EE268ABDEEC88A50
:1087400018EE108AA045A8BFA046B8F1000F34D09B
:108750004546CA4607EE103A01E09BED0E7ADBF87B
:10876000102056F82730B8EEC77A67EE277AFDEE6C
:10877000E77A17EE900A1044984706EE900ADBED70
:10878000087A9BED097A9AED006ADBED0C5AF8EE57
:10879000E66A013D76EEA77A67EE877AA5EEA76ACC
:1087A000AAEC016A9BED0B7ADBED0A7A77EE277A69
:1087B000CBED0B7AD1D109EB880918EE103A9C4227
:1087C00020DDDBF80C3003B3DBF804100A68013B52
:1087D000CBF80C3008A81368984708A90BF10800DB
:1087E0000EF01CFD08A80EF011FDDBF80820CBED03
:1087F0000B8A131DCBF8103051880B44CBF8143082
:10880000538813B1019B994581D3DDF80CB0BBF1BE
:10881000000F7FF44AAF029B2C46184693F82818A5
:10882000002D40F0848079B1029BDDE9060103F65A
:10883000380283F82848C2E900010123022240F6E9
:10884000D63108A80EF084F901224FF4007108A86F
:108850000EF0B2FC0299089C9FED607A01F60C02C2
:1088600001F61C0392ED008AD3ED007AD1F814389A
:108870006288D1F8181892FBF1F268EE277A032B80
:1088800004F10404C7EE879A00F08480012BF6EE11
:10889000008A28EE289A00F0978068EE688AB0EE89
:1088A000498A9FED4F9A551E7AB3B8EEC99A4D4E3C
:1088B000049FDDF8088001E0D8F81438F7EC017A5D
:1088C000D8F8202856F82330B0EE497AA7EEA97AD6
:1088D0002046013DB4EE687AF1EE10FAF0EE477AE8
:1088E00048BFF0EE687AF4EE487AF1EE10FAC8BFAD
:1088F000F0EE487AFDEEE77A17EE901A11439847AA
:10890000D8F818381C446B1CD6D1029B98680368B1
:108910001B68984708A905980EF070FC08A80EF08F
:1089200075FC05980DB0BDEC048BBDE8F08F03F627
:108930002403D3ED007AF5EE407AF1EE10FA0ED072
:108940004FF40072D0F8183892FBF3F2002A06DDDB
:10895000049B03EB8202E3EC017A9A42FBD10029EB
:108960007FF472AF0299DDE906450846012301F55F
:10897000036280F8283801F63801C2E90045002476
:108980000025C1E900451A4640F6D63108A80EF088
:10899000DFF859E7B6EE009A28EE099ADFED0E8A65
:1089A000BDEEC99A7FE7029B986803681B689847E9
:1089B00001224FF4007105980EF0FEFB05980DB0F2
:1089C000BDEC048BBDE8F08FBDEEC99ADFED028AE5
:1089D00069E700BFC82000200000000000C07F44FD
:1089E00000000000EC20002070B505462DED028B44
:1089F000402008EE902A0E4608EE103A1DF01FF8AF
:108A00004022044600211DF075F82046154B40F821
:108A1000083B0EF0CBFBF5EE408AF1EE10FA04BFF6
:108A200005F50163D3ED008A6660B8EEC88A0023BD
:108A300000222146284684ED068AC4ED078AE262B8
:108A4000C4E903336361FFF7D3FD33686A685B6889
:108A5000E26330466C6021469847BDEC028B2046AD
:108A600070BD00BF286A0400B1F5806F0DD207EE1B
:108A7000901ADFED076AF8EEE77A00F61C0387EE3E
:108A8000A67A002083ED007A70476FF47A70704701
:108A900000C07F4400F61C00D0ED007A9FED047A00
:108AA00067EE877AFDEEE77A17EE900A704700BF0F
:108AB00000C07F4407EE901AF8EE677A00F60C00CB
:108AC000C0ED007A00207047C0F8201800207047E1
:108AD00007EE901AF5EEC07AF1EE10FA10D49FED81
:108AE0000A7AF4EEC77AF1EE10FA09DC9FED077A04
:108AF00077EEC77A00F62400C0ED007A00207047B8
:108B00006FF47A70704700BF00008044000000449A
:108B100000F50360D0E90001704700BF00F638009F
:108B2000D0E90001704700BF29DF704728DF704798
:108B300012DF7047022802D1014B01221A707047E0
:108B40001943002000207047C0687047D0E9023008
:108B500000FB03F0704700BF10B5446808461119C8
:108B60009A001CF0A3FF002010BD00BF2DE9F041CA
:108B700082B002AD4FF0000805F8018D4468284628
:108B80001E460C441546FFF7D3FF9DF80730A3B1EE
:108B90001C4F87F8008002E00A200AF007FE3246E8
:108BA00029462046FFF7C0FF0028F5D13B78002B6F
:108BB000FCD0002002B0BDE8F081134A0123C2F8C6
:108BC0000435D2F80034002BFBD076B129460E4A8A
:108BD00005EB8605641A631851F8040B1860D2F887
:108BE0000034002BFBD0A942F5D1074A0023C2F87C
:108BF0000435D2F80034002BFBD0002002B0BDE8D1
:108C0000F08100BF1943002000E0014002680549DF
:108C1000D2688A4204D1D0E9022000FB02F07047FA
:108C2000104700BF4D8B020070B582B002AB00222E
:108C300003F8012D4468054618460C44FFF778FFF9
:108C40009DF8073093B1164E327002E00A200AF008
:108C5000ADFDE868B4FBF0F0FFF768FF0028F5D140
:108C60003378002BFCD0002002B070BD0D4A0223E7
:108C7000C2F80435D2F80034002BFBD00949C2F801
:108C80000845D1F80034002BFBD00023054AC1F879
:108C90000435D2F80034002BFBD0002002B070BDA8
:108CA0001943002000E0014030B4034D0560C0E9E5
:108CB0000112C36030BC7047646A0400704700BF93
:108CC00010B5C388044A026023F400530446C380ED
:108CD00009F0DEFA204610BD886A040010B5C3888A
:108CE000064A026023F400530446C38009F0D0FA18
:108CF00020461CF09DFE204610BD00BF886A04007F
:108D0000F8B5C37D03B9F8BD0446006A0368DB6AA1
:108D10009847206A03681B6B9847E369DA68002A62
:108D20001FDD6FF02F051A4F2D1B04F130020026B6
:108D300012F9013B03F5A273A81847F82360E36911
:108D4000D9688142F4DC00290BDD00255B6953F80A
:108D5000250003685B689847E369DA680135AA4231
:108D6000F4DC9A68002A0BDD00251B6953F8250006
:108D700003685B689847E3699A680135AA42F4DCA6
:108D8000E388002223F00203E380E275F8BD00BF10
:108D90000060004008B5034649B9094A12780AB98B
:108DA000002008BD1B68DB6A9847002008BD0268E8
:108DB0000349C37D0B70136B9847002008BD00BFAB
:108DC0001A4300202DE9F84FC37DD0F81CB00446AB
:108DD0000F4613B1C388DB0748D5DBF80C30002BF6
:108DE00040DD0123DFF8D890DFF8D880314EDFF87E
:108DF000D8E09C4604F1300504F1350100209A1CAE
:108E00002B700A70DBF814201258127D03F5A27A39
:108E100049EA022248F82A20226A11F901AB526974
:108E200000F5A27B0AF1A20A5A4446F83A2011F949
:108E3000012C15F901ABA23206EBC2020EEB8A0A35
:108E4000C2F804A011F9012C0CFA02F2C6F80425AC
:108E5000D4F81CB0DBF80C209A4200F1040003F1B6
:108E60000103CCDCE38823F00103E3809BF80830A6
:108E7000217B114D206ABA1E012A9CBF0133DBB24F
:108E80006375C3EB03139B000C4A92FBF3F202FBE6
:108E900001F1A5FB0131C90BC4E9092103680021D7
:108EA000DB6B9847236A5B690122DA60A775BDE82E
:108EB000F88F00BF00F00140818080800024F40022
:108EC00003000100006000403060004038B50546F6
:108ED000817DFFF777FFEB699A68002A0CDD00249B
:108EE0001B6953F82400036800219B689847EB69CD
:108EF0009A680134A242F3DCDA68002A0CDD00240F
:108F00005B6953F82400036800219B689847EB696C
:108F1000DA680134A242F3DC286A03685B6A984786
:108F2000286A03689B6A98470123EB7538BD00BF28
:108F3000C37D03B17047FFF7C9BF00BFF8B5154641
:108F400004460E46526829689DF8187009F0CCF95D
:108F50000021124BE5612662A77523602176E17539
:108F60002175E162EB680E4A052B146001DD204695
:108F7000F8BD336830469B6B9847206A03684FF40E
:108F80007A51DB6C9847236A064ADA60E37D002B4E
:108F9000EDD12046FFF79AFF2046F8BD886A04000D
:108FA000F0380020CD910200807D70472DE9F04718
:108FB000C269037D916805698B42044680F28F8007
:108FC000126952F82300036800211B689847236A3E
:108FD0005B6901225A60237D607DE169134493FB44
:108FE000F0F200FB1233D8B220758A68934280F207
:108FF0008B80CE688A69002E02EB430238DD06358D
:109000000023267E107821895778032E03D8DFE8C5
:1090100006F002463F4C07FB0151085CA17D266A21
:1090200011F0FD0F776903F1010302D1002843D04D
:10903000FF20A16A03F5A87601FB00F147F826108E
:1090400000293DD0E11891F92F10890001F18041EC
:1090500001F5C041D1F8100520F48010C1F81005C9
:10906000E169D1E90260984202EB4602C9DC207D49
:109070000B6953F82000036801211B689847236A95
:109080005A690123D360226A52691360BDE8F087F0
:109090006689F71BC04301FB0751085CBEE700FB74
:1090A00001116818F943405CB8E76689013E301A3F
:1090B00001FB0051C85DB1E703F5A87147F8210035
:1090C000E11891F92F10890001F1804101F5C041AB
:1090D000D1F8100540F48010C1F81005C0E7D0E9C0
:1090E00008315B69C288D3F84435890042F0030235
:1090F000C3EB0323B3FBF1F3C3F1FF03C362C280ED
:10910000817DFFF75FFE62E7D4E908020368920001
:10911000DB6B00219847E369DA68002A26DD4FF00F
:1091200000086FF02F05274F46462D1B04F130092C
:1091300019F9013B03F5A27305EB090A47F823600F
:10914000D4E908230AF5A87152699B0042F821303E
:10915000E3695B6953F80800036801211B689847BD
:10916000E369DA68524508F10408E1DC1B69186814
:10917000036800211B689847E36994F930101B6964
:1091800010481B68104A1B7D01F5A2711B0243F0B9
:10919000011340F8213094F9303094F935109B00D8
:1091A000A23103F1804303F5C24342F8313094F910
:1091B0003510236AA2315B6902EBC102443353606C
:1091C0005DE700BF0060004000F00140024B1868FE
:1091D00008B1FFF7EBBE7047F038002010300DF0FB
:1091E0004FBD00BF10B5837D04469BB1012B04D059
:1091F000E3889B0709D5E06A10BD03212046FFF7ED
:10920000E1FDE38823F00203E380192008F00AF966
:10921000E06A10BD0221FFF7D5FDE288A37D22F0B0
:109220000202E280E2E700BF10B5044609F014F83C
:1092300040B9217B636A044A03FB01F3A2FB0323C9
:10924000DB0BA36210BD00BF81808080C1607047CE
:10925000C068003018BF0120704700BF032070476E
:10926000806B07EE900AF8EEE77A17EE900A7047E7
:109270000F4B03F10802383310B50446C0E9002350
:109280002C300DF0C3FF04F128000DF0BFFF04F1F6
:1092900024000DF0BBFF04F120000DF0B7FF054BDB
:1092A00063600023201D638107F00EFD204610BD82
:1092B000C06A04002C7D0400A0F10400FFF7D8BFB1
:1092C00010B50446FFF7D4FF20461CF0B1FB204642
:1092D00010BD00BFA0F10400FFF7F2BFF0B5274BAF
:1092E000044627482181002583B0C4E90003658135
:1092F000201D174607F078FC224B23603033636053
:109300002A4604F11000012108F0CCF904F12406EA
:1093100001224FF4007104F120000DF04DFF3046A2
:109320000DF044FF04F128000DF040FF294604F140
:109330002C0001220DF040FF00234FF40071E36583
:1093400001226164E560C4E90C55A56401A80DF033
:1093500033FF01A930460DF061FF01A80DF056FF63
:10936000094AE263AF424FF000032046C4E91555B5
:10937000C8BFA763A4F8403003B0F0BD2C7D040043
:109380004C810400C86A040000C07F44036B1BB119
:10939000438943F004034381704700BF43895B075F
:1093A00070B50446056B5FD4A16A2B46081D002BDF
:1093B00066D0503323634A88024493421DD3D1EDD3
:1093C000037A2063F5EEC07AF1EE10FA0EDB002688
:1093D000AD1B18BF0125266304F12C0104F1280000
:1093E0000DF01CFFC4E91566284670BD04F110009D
:1093F00008F0BEF90028EADC236B93ED027ADFED7A
:10940000227A19685A682265B5EEC07AF1EE10FA30
:1094100048BFB1EE477AC7EE276A0020E164A06535
:1094200003F13C0504F16001D4ED0E7AF8EEE77A21
:1094300067EEA67AFDEEE77AF8EEE76AC4ED157AF4
:10944000DA699861012AB8BF012207EE902AB8EEC6
:10945000E77ADA61C6EE877A14339D42E1EC017A4D
:10946000EED10025284670BD0023036300F12C01D6
:1094700028300DF0D3FEA16A236B081D002B98D174
:109480002063034697E700BF00007A4438B50D46D5
:109490000446FDF747F92B685B884F2B1AD904F176
:1094A000100008F009F9294604F128000DF0B6FE75
:1094B0002046FFF773FF638913F0010501D00020F8
:1094C00038BDE068026843F0010363811368984780
:1094D000284638BD6FF47A7038BD00BF2DE9F04FD3
:1094E0002DED068B8846D1E9151C8DB008F12003BF
:1094F0009FEDB78ADFEDB7AA9FEDB7AA029004935C
:10950000002762468A4231D0B8F80A3013F00403CB
:109510002CD107938A423FDBB8F80A309B0740F111
:109520001D81079B002BEDD0002F00F04581D8ED69
:109530000F7AB8F84020B6EE007A67EE877A4F458A
:10954000FCEEE77A17EE903A43EA02039BB203D2AD
:1095500027F8023B4F45FBD3049902980DF04EFECD
:1095600002980DB0BDEC068BBDE8F08F4046FFF7CA
:1095700015FFD8F85410B8F80A30002940F08C8054
:10958000002840F08D805A0700F18C80D8F85820D0
:1095900001238A420793BFDA002F00F0E28008AB74
:1095A000019308F16003039308F16C0BD8ED136A83
:1095B00098ED0E7AD8ED0F8AD8ED147AD8F83030BD
:1095C000039C019D66EE886AB8EEC77A68EEA78AAA
:1095D00086EE879A68EEAA8AF0EE4A9AE8EECA9A70
:1095E0009E69D869F4EC017A07EE106AB8EEC77A82
:1095F000013867EE277A8642FDEEE77A03F114031D
:10960000E5EC017A08BF45F8041CA345E8D1DDE983
:1096100008540A9BAC42A8BF2C469C42A8BF1C46DB
:1096200013469C4255DD4F4596D0D8ED177AD8F8B1
:109630003030FDEEE77AD3E9032017EE901A904719
:1096400007EE900AB8EE677AF0EE696AE8EE876A8C
:10965000D8F85820B8F84010D8ED177ABCEEE67A62
:1096600079EE277A17EE100AF4EEC87A531C0843F5
:10967000F1EE10FA27F8020B1A46C8ED177AC8F86F
:109680005830CEDD77EEC87AF4EEC87AF1EE10FAF3
:10969000F8DCC8ED177AC4E713F0040271D008B102
:1096A000C8F8347023F00402A8F80A200123052228
:1096B000B8F80810C8F8482008A81A460DF048FA6B
:1096C00008F1100008F030F801230793D8E91512CB
:1096D00020E7AB424FF00004BA46CDF8149008D012
:1096E000651C032D2C4630D0019951F82550AB4212
:1096F000F6D14FEA840909EB0406D8F83070B100BE
:1097000007EB010EDEE906C6651C0691B44505EBC4
:10971000850107EB81014046E3DADEF81460002E94
:1097200048D0B047D8F83070069BD8F858203B4452
:109730001E461346D6F818C04C4407EB84070CF1BC
:109740000101032DB9612C46CED1D8F85410DDF8B3
:109750001490994257463FF729AFE2E6002F7FF475
:10976000E0AED8F8347087B1D8F820300024181D46
:10977000C8F834405B888A4200EB0309FFF60FAF5C
:10978000CFE60792D8F85820C4E608AC0122D8F8F2
:10979000441020460DF010FD214604980DF03EFDCA
:1097A00020460DF033FDD8F820301F1DD8E91512E2
:1097B0003846DFE7651CBFE708A80DF0F7FC08A9ED
:1097C00004980DF02BFD08A80DF020FDC4E600BFA5
:1097D000000080440000803A00000044F0B50C46D0
:1097E00001F1240685B0314607460DF007FD636B95
:1097F0006D4633B128462146FFF770FE28460DF02E
:1098000005FD0023636304F1200130460DF006FDE1
:1098100021462846FFF762FE28460DF0F7FCE06877
:1098200003681B689847A36C002B02DD013BA3640F
:1098300013B1384605B0F0BD218928460123022224
:109840000DF086F9384605B0F0BD00BF438919B95F
:1098500023F002034381704743F0020343817047C2
:1098600001607047704700BF002928DD0378303B56
:10987000092B26D870B40446642600204FF47A756C
:109880004A1E032A05D8DFE802F01315100205FB73
:1098900003000129114606D014F8013F303B092B83
:1098A000EED94FF0FF3070BC704706FB0300F0E7C5
:1098B0001844EEE703EB830300EB4300E9E70020E5
:1098C00070474FF0FF3070470068FFF75FBD00BF83
:1098D00038B5041E0CDB00290ADB480001300D46B8
:1098E00007F0B4F8641B20440028B8BF404238BDDC
:1098F0004FF0FF3038BD00BF2DE9F04F87B00C4668
:10990000084601210592FFF7AFFF04210390601C78
:10991000FFF7AAFF04210746601DFFF7A5FF0421FA
:10992000064604F10900FFF79FFF0221824604F179
:109930000D00FFF799FF0421029004F11200FFF7D8
:1099400093FF0421814604F11A00FFF78DFF0421E3
:10995000804604F11E00FFF787FF0221049004F106
:109960002200FFF781FF0421019004F12400FFF79A
:109970007BFF0421834604F12800FFF775FF0421D3
:10998000054604F12C00FFF76FFF01463046FFF754
:109990009FFF0421064604F13000FFF765FF0146F2
:1099A0004846FFF795FF0421814604F13400FFF794
:1099B0005BFF01463846FFF78BFF0421074604F1A1
:1099C0003800FFF751FF01464046FFF781FF0421B1
:1099D000804604F13C00FFF747FF01465046FFF781
:1099E00077FF0421824604F14000FFF73DFF014666
:1099F0005846FFF76DFF0421834604F14400FFF74A
:109A000033FF01462846FFF763FF711C18D0B9F1F8
:109A1000FF3F15D07A1C13D0B8F1FF3F10D0BAF138
:109A2000FF3F0DD0BBF1FF3F0AD0431C08D0039B82
:109A3000059A042B0AD8DFE803F07A7774710700DF
:109A4000002007B0BDE8F08F6E4BD36007EE906A40
:109A500007EE10AA049BD361F8EEE77AF8EEC76A26
:109A6000029BC2ED007AC2ED026A122B13D8DFE826
:109A700003F07A7D0A12128F8612776A776A776A04
:109A8000776A776A610007EE909AF8EEE77A5E4BA4
:109A9000C2ED087A536140F2FF339F42A8BF1F46D0
:109AA0009845A8BF984627EAE77728EAE87807EEBE
:109AB000907A07EE108AF8EEE77A9FED546ADFEDB0
:109AC000544A544B9362B8EEC77A87EE865A2423E1
:109AD0001363019B022BC7EE065A86EEA47A07EEAB
:109AE000900AF8EEE77A82ED015AC2ED0D5A67EE60
:109AF000277A78D0032B03D0012B66D00120A0E772
:109B000007EE10BAFDEEE77AB8EEC77A424BC2ED27
:109B1000117A82ED127AD363012092E73F4BD36032
:109B200094E73F4BD36091E73E4BD3608EE73E4BCB
:109B3000D3608BE707EE909AF8EEE77A3B4BC2EDE5
:109B4000087A5361A7E73A4B5361029B083B092B04
:109B5000A1D8DFE803F0363632322E2E2A2A262606
:109B6000344B5361F1E7344B536194E707EE909A1D
:109B7000F8EEE77A314BC2ED087A53618BE707EED6
:109B8000909AF8EEE77A2E4BC2ED087A536182E79D
:109B900007EE909AF8EEE77A2A4BC2ED087A536105
:109BA00079E7294B1B68136275E7284B1B68136222
:109BB00071E7274B1B6813626DE7264B1B68136226
:109BC00069E7254B1B68136265E707EE10BAFDEEE7
:109BD000E77AB8EEC77A214BC2ED117A019882ED8F
:109BE000127AD3632DE707EE10BAFDEEE77AB8EEEE
:109BF000C77A1B4BC2ED117A82ED127AD363012032
:109C00001FE700BFC569030061A6020000C07F44D2
:109C100000401C4685A80200ADA60200E1690300D1
:109C200095690300C1690300A9690300D1C501005A
:109C3000DDA7020081A7020031A6020035A60200BE
:109C400045A7020009A70200642000206020002030
:109C5000542000205C200020582000203DA8020055
:109C600061A8020038B50C460546364920460DF07D
:109C70000FFC002837D1344920460DF009FC60BBA9
:109C8000324920460DF004FC98BB314920460DF0C6
:109C9000FFFBA0BB2F4920460DF0FAFBA0BB2E49CD
:109CA00020460DF0F5FBA0BB2C4920460DF0F0FB43
:109CB000A0BB2B4920460DF0EBFBA0BB2949204659
:109CC0000DF0E6FBA0BB284920460DF0E1FBA0BB50
:109CD000214628460DF0BEFB03E0244928460DF03E
:109CE000B9FB284638BD224928460DF0B3FB28466B
:109CF00038BD204928460DF0ADFB284638BD1E4929
:109D000028460DF0A7FBECE71C4928460DF0A2FB06
:109D1000E7E71B4928460DF09DFBE2E71949284675
:109D20000DF098FBDDE7184928460DF093FBD8E7C6
:109D3000164928460DF08EFBD3E7154928460DF04D
:109D400089FBCEE720390020143900201839002083
:109D5000F83800200C3900201C3900202C39002054
:109D600024390020303900201039002038390020F3
:109D7000F43800203C390020083900202839002020
:109D80004039002000390020FC3800200439002030
:109D9000343900202DE9F04182B0064668460C4671
:109DA0000DF058FB694601A8FFF75CFF01A92046AA
:109DB0000DF05EFB01A80DF0BBFA68460DF0B8FA95
:109DC0002568274BB5F90220541CA3FB0413E41AA1
:109DD00003EB5404A40904EBC40304EBC303013BE9
:109DE0009A4202D002B0BDE8F08104EB84073F0143
:109DF0003946012268460DF0DFF9009B0433F4B1C7
:109E00002C1D1F44C4F1490801E049342B461A4671
:109E10002146304603F15005FFF76EFD08EB0403C1
:109E200038B1BD420BD0002BEFDD94F848302C2B1D
:109E3000EBD068460DF0EAF902B0BDE8F081346875
:109E4000694601A80DF0DAF901A92046FFF71EFBCB
:109E500001A80DF0DBF968460DF0D8F9C2E700BFA4
:109E60003970E0C030B5036883B004460D461889E8
:109E7000114607F04BF9294601A80DF0EBFA01A9AC
:109E80002046FFF787FF01A80DF052FA07F0C0FA4D
:109E900003B030BDF8B5664F664D674C674E6849F4
:109EA00038460DF079FA2A46214638461BF0C2FDA5
:109EB000644F654930460DF06FFA2A462146304618
:109EC0001BF0B8FD614E624938460DF065FA2A462E
:109ED000214638461BF0AEFD5E4F5F4930460DF01F
:109EE0005BFA2A46214630461BF0A4FD5B4E5C49D6
:109EF00038460DF051FA2A46214638461BF09AFDA5
:109F0000584F594930460DF047FA2A462146304607
:109F10001BF090FD554E564938460DF03DFA2A4645
:109F2000214638461BF086FD524F534930460DF00E
:109F300033FA2A46214630461BF07CFD4F4E5049ED
:109F400038460DF029FA2A46214638461BF072FDA4
:109F50004C4F4D4930460DF01FFA2A4621463046F7
:109F60001BF068FD494E4A4938460DF015FA2A465D
:109F7000214638461BF05EFD464F474930460DF0FE
:109F80000BFA2A46214630461BF054FD434E444905
:109F900038460DF001FA2A46214638461BF04AFDA4
:109FA000404F414930460DF0F7F92A4621463046E8
:109FB0001BF040FD3D4E3E4938460DF0EDF92A4676
:109FC000214638461BF036FD3A4F3B4930460DF0EE
:109FD000E3F92A46214630461BF02CFD374E38491E
:109FE00038460DF0D9F92A46214638461BF022FDA5
:109FF000344F354930460DF0CFF92A4621463046D8
:10A000001BF018FD314E324938460DF0C5F92A468D
:10A01000214638461BF00EFD30462E490DF0BCF9A6
:10A020002A4621463046BDE8F8401BF003BD00BF7C
:10A03000203900204020002031730300F438002034
:10A04000146B0400143900201C6B04003839002004
:10A050008C6C040018390020946C04003C390020FA
:10A06000706D0400F8380020786D04000839002075
:10A07000546E04000C390020606E04002839002062
:10A08000F46E04001C390020F86E040040390020F2
:10A090008C6F04002C390020946F040000390020DC
:10A0A000287004002439002030700400FC3800209F
:10A0B000C470040030390020CC7004000439002042
:10A0C00060710400103900206871040034390020E8
:10A0D000B4710400BC7104006FF47D70704700BF60
:10A0E0006FF47D70704700BF10B5036804465B6C69
:10A0F0009847236820465B68BDE81040184700BFBA
:10A100006FF47D70704700BF6FF47D70704700BFC3
:10A110006FF47D70704700BFC08800F0050000300C
:10A1200018BF0120704700BFC08800F00A0000304F
:10A1300018BF0120704700BFC08810F0030018BF8F
:10A1400001207047C08800F00C00003018BF0120CB
:10A15000704700BFC088C0F3802070476FF47D70E7
:10A16000704700BF6FF47D70704700BF03684FF405
:10A170007A729B6B02FB01F1184700BF6FF47D7090
:10A18000704700BF6FF47D70704700BF08B503686B
:10A19000DB6B9847024BA3FB0030800908BD00BF72
:10A1A000D34D62106FF47D70704700BF6FF47D7007
:10A1B000704700BF01610020704700BF6FF47D70E1
:10A1C000704700BF6FF47D70704700BF38B50368FB
:10A1D0009B6904460D46984778B1236820465B6822
:10A1E0009847B5FA85F35B09984206D1236829465A
:10A1F0001B6820469847002038BD014838BD00BF85
:10A2000012FCFFFF0A717047704700BF704700BF24
:10A21000406B704703684FF47A729B6B02FB01F14D
:10A22000184700BF006B704701207047806A0030FC
:10A2300018BF0120704700BFA0F12000FFF7F6BF54
:10A2400010B504461BF0F4FB204610BD2DE918485C
:10A25000C38B026D9907044607D56AB1BDE818881B
:10A2600023F002039BB2E383226D002AC4BF43F0B4
:10A270000203E383BDE8188809F0BCF9236CB0EB56
:10A28000030B61F1000CBCF1000F08BFBBF1650FBF
:10A29000E38BE5D29A07E1D4E6E700BFA0F118000E
:10A2A000FFF7D4BF0B4B10B503F1080103F18C028B
:10A2B000B03304460160826103622C300CF0A6FFCB
:10A2C000054BA361002304F11800E38306F0FCFCB6
:10A2D000204610BDA07304002C7D040038B50C4B43
:10A2E00003F1080103F18C02B033044640F8181C56
:10A2F0000260836014300CF089FF064B236000235A
:10A300002046E380A4F1180506F0DEFC284638BD9F
:10A31000A07304002C7D040002680849D26B8A42B5
:10A3200008B505D1006B064BA3FB0030800908BDC2
:10A330009047034BA3FB0030800908BD25A2020013
:10A34000D34D62100120704738B50E4B03F1080160
:10A3500003F18C02B033044640F8181C026083609D
:10A3600014300CF053FF084B23600023E380A4F16A
:10A370001805204606F0A8FC28461BF059FB284685
:10A3800038BD00BFA07304002C7D04000D4B03F109
:10A39000080103F18C02B03310B5044601608261FC
:10A3A00003622C300CF032FF074BA3610023E383E0
:10A3B00004F1180006F088FC20461BF039FB20460B
:10A3C00010BD00BFA07304002C7D040070B50446CE
:10A3D0001A4D02811A4B2560022200254FF480702D
:10A3E000E0802271A36104F118002575C4E90355CA
:10A3F000E5610E4606F0F8FB124B666203F10801B8
:10A4000003F18C02B0332160A261236204F12C00BD
:10A4100001224FF400710CF0CFFEE38BE26A25635A
:10A420000021043243F4804380206063A5622564E8
:10A430002565A264E164E383204670BD34730400A3
:10A440002C7D0400A073040010B4C26A131D54884C
:10A4500000293AD01919274C826B836CA4FB024265
:10A4600099424FEA121429D9520907EE902AB8EE00
:10A47000E77A07EE904ADFED205AF8EEE76AB7EE8A
:10A48000006AD0ED137AF4EEC77AF1EE10FA4CBF01
:10A4900090F8502000221A70D0ED137A836C77EE7A
:10A4A000867A0133F4EEE67AF1EE10FAC8BFF0EEE8
:10A4B000657A8B42C0ED137A8364E2D3D0E90C2332
:10A4C0005DF8044BC0E90E237047D0E91021521A01
:10A4D00007EE902A9FED097AF8EE677A67EE877AA1
:10A4E000FDEEE77A17EE901AA142D4BF5918191958
:10A4F000B1E700BFA38B2EBA0000000078C2B93CC0
:10A5000010B5044609F076F8236B206403B1636B41
:10A51000236500212046FFF797FFE38BDB0700D57B
:10A5200010BDFCF7FFF804F120018023064A606AA1
:10A53000FEF75AFAE38B0168A06243F001030A6850
:10A54000E383BDE81040104700442C47B1F5806F0D
:10A550000DD8B1F5007F08B5C8BFC1F5806180296D
:10A56000A8BF80214163FFF7CBFF002008BD6FF437
:10A570007A70704708B5144BA3FB01231A09162300
:10A5800003FB02F303F1160207EE902A06EE903A5F
:10A59000B8EE677A07EE901AF8EE666AF8EE677A18
:10A5A00037EEC77A77EEE67AB0EEC77AF0EEE77A62
:10A5B000F4EEC77AF1EE10FA58BF13460363FFF7C3
:10A5C0009FFF002008BD00BFA38B2EBA70B50C46BC
:10A5D00082B005460CF0EAFDE38B9B0716D504F12B
:10A5E0002C06314628460CF019FE01212046FFF7C3
:10A5F0002BFF01224FF4007101A80CF0DDFD01A931
:10A6000030460CF00BFE01A80CF000FEE36A0433A8
:10A61000A36408F0EFFFA36A60641A681846136821
:10A620009847284602B070BDA1F12001FFF7CEBFC8
:10A63000704700BF036B91ED036AD3ED007AD1ED53
:10A64000026A91ED017A36EE676AF8EEE66AB8EED4
:10A65000C77AC6EE265AE7EE257AC0ED137A704720
:10A66000D1ED017ADFED0F6A9FED0F7AF8EEE77A10
:10A6700038B567EEA67A0446C7EE877A0D4617EE20
:10A68000900A17F059FD236B95ED037AD3ED007A0C
:10A6900006EE900A37EE677AE7EE267AC4ED137A73
:10A6A00038BD00BF21C8474000003443F8B5044618
:10A6B0002DED028B48680D461AF018FC17F0E2FBEE
:10A6C000236BD5ED037A93ED008A77EEC87A0646C0
:10A6D0000F4617EE900A1AF01BFC32463B461AF062
:10A6E0006FFC064618EE100A0F461AF011FC0246DF
:10A6F0000B46304639461AF0ADFA1AF059FFBDEC58
:10A70000028BE064F8BD00BFD1ED017A9FED0C7AB9
:10A71000F8EEE77A38B567EE877A044617EE900AC6
:10A720000D4617F009FD236B95ED037AD3ED007A02
:10A7300006EE900AE7EE267AC4ED137A38BD00BF24
:10A7400034FA8E3CD1ED017A9FED0C7AF8EEE77A7F
:10A7500038B567EE877A044617EE900A0D4617F073
:10A760009FFC236B95ED037AD3ED007A06EE900AF9
:10A77000E7EE267AC4ED137A38BD00BF34FA8E3C7A
:10A780002DE9F041D1F80C804F68D8F8046097FBB0
:10A79000F6F407EE904AF8EEE77A036B2DED028BA4
:10A7A000054617EE901A4FF0804093ED008A18F09E
:10A7B00017F9D8F8003007EE900A06FB147428EE5B
:10A7C000277A03EB8404BDEC028BD4ED007A67EEAC
:10A7D000877AC5ED137ABDE8F08100BF2DE9F0411D
:10A7E000D1E90134D1F80C80026BD8F80470013C37
:10A7F000E41A94FBF7F507EE905AF8EEE77A2DEDA0
:10A80000028B064617EE901A4FF0804092ED008AB8
:10A8100018F0E6F8D8F8003007EE900A07FB154468
:10A8200028EE277A03EB8404BDEC028BD4ED007A8A
:10A8300067EE877AC6ED137ABDE8F0814B684BB1BD
:10A84000DB0790ED137AD1ED037A04D567EE877AB2
:10A85000C0ED137A7047C7EE276AC0ED136A7047E0
:10A860004B684BB1DB0790ED147AD1ED037A04D538
:10A8700067EE877AC0ED147A7047C7EE276AC0ED9D
:10A88000146A7047036B91ED036AD3ED017AD1ED41
:10A89000026A91ED017A36EE676AF8EEE66AB8EE82
:10A8A000C77AC6EE265AE7EE257AC0ED147A7047CD
:10A8B0000220704701EB810100EB4100143070472A
:10A8C00082B070B50C4684B005464968206802AC79
:10A8D00003C4039908AC481084E80C00CB0745BFBB
:10A8E0002A58029B029CD4580AAB2E1893E8030006
:10A8F0008DE8030008AB0CCB3046A04704B0BDE8A0
:10A90000704002B0704700BF2DE9F04103681B4E54
:10A910001B690F88B34204460D4626D11E300388BA
:10A92000BB4201D0BDE8F0816B89012BFAD9A9891E
:10A93000A06861820368DB699847A06803681B6AA6
:10A94000984723681B692546B34225F8120F0FD19B
:10A9500004F11E06204601F013FB2A46014602239D
:10A960003046BDE8F04100F035B901219847D6E7FF
:10A970000121204698470646ECE700BFB5A8020033
:10A9800010B50446806807F0C9FAA081A06807F0F6
:10A99000CDFAE081A06807F0D1FA208210BD00BF97
:10A9A00082B070B504A981E80C00044601F0FAFAFF
:10A9B00018B9BDE8704002B070472046FFF7E0FFCD
:10A9C00023680C4A1B69934204F10C060DD104F173
:10A9D0001405204601F0D4FA324601462846BDE867
:10A9E0007040062302B000F009B9002120469847C4
:10A9F0000546EEE7B5A802002DE9F041044682B015
:10AA00000E46154610309846BDF828700CF0C0F878
:10AA10002680658018201BF012F808AB054693E8E5
:10AA200003006A4682E803002E4603CA46F80C8BF0
:10AA30000023084AEB6047F0020773606860204615
:10AA4000A780A560E360C4E90833A9606A6102B029
:10AA5000BDE8F081C1A8020070B5044686B0FFF7DA
:10AA60008FFFA06803681B6A9847144A144B6082E2
:10AA7000049328200023166805931AF0E0FF06AB24
:10AA8000054613E90300C0228DE803002346029225
:10AA9000052128460122FFF7AFFF336830465B6887
:10AAA0002946984708B906B070BD284606F06EFFE3
:10AAB000284606B0BDE870401AF0BABF043B00203B
:10AAC000A1A9020070B5044684B0154601F09AF9B8
:10AAD0001E4B2360A56004F1140000F075F80025FA
:10AAE00004F11E0000F070F820461949C4E903552E
:10AAF00001F0A6F9204640F2537101F0B5F909269C
:10AB00000622294604F10C032046CDE901260092D5
:10AB10004CF64B2201F0B8F902220521CDE90121C2
:10AB20002046009204F112034FF62432012101F075
:10AB3000ABF9204601F036FA28B1064B1B6813B179
:10AB40002046FFF789FF204604B070BD3075040031
:10AB500014770400043B0020024B1B680BB1FFF785
:10AB60007BBF7047043B002010B5114B1C6890B0B0
:10AB7000C4B1C9B90F4ACDE9042104AA034692E839
:10AB8000030010228DE8030002920521012206A88D
:10AB9000FFF732FF236806A99B682046984706A85E
:10ABA00006F0F4FE10B010BDFFF756FF10B010BD58
:10ABB000043B0020A1A902000021FFF7D5BF00BF80
:10ABC000ACDF7047AEDF7047002202810260426056
:10ABD000704700BF10B582B00C4601920188ADF8F5
:10ABE0000030204600236A46ADF80230FFF7E8FF48
:10ABF000B0FA80F0400902B010BD00BFF0B54FF6CA
:10AC0000FF7487B0A142ADF8063032D00389DB076C
:10AC1000054616460C4600880FD4BDF8063002AA39
:10AC2000ADF808300146002320460396ADF80A30FF
:10AC3000FFF7C6FF184607B0F0BD02AA01230027A0
:10AC40000DF1060CADF808001146204605968DF86A
:10AC50000A30ADF80C70CDF810C0FFF7B3FF002834
:10AC6000E8D00499BDF806300988994201D02888B7
:10AC7000D6E7002007B0F0BDF0B54FF6FF7487B0FF
:10AC8000A142ADF8063031D003899B070546164630
:10AC90000C4600880FD4BDF8061002AA0023ADF8B8
:10ACA0000810014620460396ADF80A30FFF788FFEA
:10ACB000184607B0F0BD02AA4FF0020C0023ADF811
:10ACC00008000DF106071146204605968DF80AC0CA
:10ACD000ADF80C300497FFF775FF50B10499BDF83B
:10ACE00006000988884201D12888D7E7002007B0EC
:10ACF000F0BD012007B0F0BD72DF704773DF704711
:10AD000074DF704776DF704777DF704778DF704712
:10AD10007ADF70478FDF704769DF70471321FFF7D5
:10AD2000F1BF00BF0B68034A0146D2560320FFF76C
:10AD3000EBBF00BFF0750400094B10B5044640F8A6
:10AD4000143B0CF0F5FA04F110000CF0F1FA054B8D
:10AD5000236000232046E38005F0B6FF204610BDA7
:10AD6000E87604002C7D04002DE91848C3885A07B2
:10AD700008D41B0701D4BDE818880420BDE8184892
:10AD800010F094BC044608F035FCA369B0EB030B4B
:10AD900061F1000CBCF1000F08BFBBF5FA6F01D2E6
:10ADA000E388E6E70021044811F098FAE38823F0ED
:10ADB00004039BB2E380DCE71DAD020010B54FF445
:10ADC0007A731E4C03FB01F1A4FB01318AB0002809
:10ADD0004FEA51214FF000030CBF042001201F292E
:10ADE000CDE90433CDE907338DF8100009931CDC5D
:10ADF000202306930AAB1F2123F8241D1046104977
:10AE000000911A4601240023CDF80A30CDF806300F
:10AE1000ADF80E308DF8254010F068FD04AA6946A3
:10AE20000848FFF769FF0AB010BDB1F5804FCABFEF
:10AE30004FF4804306910693DCE700BF5917B7D162
:10AE4000503900206F230020F0B5224C95B02468C3
:10AE500001944FF6AA650024CDF80A4006460F4635
:10AE6000ADF80E40ADF80C30ADF80850DBB105ADD3
:10AE70009446214628463C22CDF810C01AF03AFEEE
:10AE800001AA02A8062101230F908DF817100A923B
:10AE900039462A463046ADF824308DF84030FFF769
:10AEA0008DFF15B0F0BD05AD194628463C22049330
:10AEB0001AF020FE0621012201AB8DF81710ADF823
:10AEC000242039462A4630460A93FFF777FF15B00B
:10AED000F0BD00BF6475040010B5664C002943D175
:10AEE0002378980638D4D9062FD41A0725D45807C2
:10AEF0001DD4990713D4DA070BD45B0603D410F0E2
:10AF000099F9002010BD5C4B01211878FFF7F6FE7F
:10AF1000F5E713F027FD23785B06F0D5F3E7574BF1
:10AF20004FF400321A602378DA07E6D5F1E7534A86
:10AF3000012151609907DED5F1E7504B4FF00072C7
:10AF40001A6023785807D4D5F1E74C4B01221A60D8
:10AF500023781A07CBD5F0E7484B4FF400621A600C
:10AF60002378D906C1D5F0E710F05EF900232370ED
:10AF700013F010FD237810B943F0010323703F4A0A
:10AF80001268920348BF43F002033C4A48BF237053
:10AF90005268D00748BF43F00403384A48BF2370C3
:10AFA0001268910148BF43F00803344A48BF237038
:10AFB0001268D20748BF43F01003304A48BF2370DD
:10AFC000126810052C4A48BF43F02003107848BF90
:10AFD0002370FFF795FEB0B1D90719D49A071CD496
:10AFE000580726D419072FD4DA0639D49C0688D5F9
:10AFF000224B4FF40062C3F88020BFF34F8FBFF3A2
:10B000006F8F002010BD43F04003D9072370E5D5B2
:10B0100013F088FC23789A07E2D5184B4FF40032DE
:10B02000C3F88020BFF34F8FBFF36F8F237858078B
:10B03000D8D5124B0122C3F88420BFF34F8FBFF342
:10B040006F8F23781907CFD50C4B4FF00072C3F8E0
:10B050008020BFF34F8FBFF36F8F2378DA06C5D5FB
:10B06000064B0122C3F88020BFF34F8FBFF36F8FD1
:10B070002378BBE71B4300206F23002000E100E0A2
:10B080000B4B10B5044640F8143B0CF051F904F199
:10B0900010000CF04DF9074B23600023E38020469D
:10B0A00005F012FE20461AF0C3FC204610BD00BF7A
:10B0B000E87604002C7D040038B500250E4B0360B3
:10B0C0000446456005F090FD0C4B2360A56004F13B
:10B0D00010000CF0C7F904F114000CF0C3F90123BF
:10B0E000074AE56084F8203084F82130146013F0BA
:10B0F00095FE204638BD00BF2C7D0400E876040094
:10B1000088390020072914D810B50B4C0B48216052
:10B11000214611F0E3F80A4B1978FF2907D023687C
:10B12000084A0120D256FFF7EFFD002010BD002095
:10B1300010BD6FF47A7070477020002025AD0200BA
:10B140006F230020F075040090F8202022B9C36816
:10B150009B0701D400F002B8012070472DE9184880
:10B160000446042921D8DFE801F0322505030D004B
:10B170008369D3B108F03EFAE368A061C3F34000ED
:10B18000BDE81888836983B108F034FAA369B0EB8D
:10B19000030B61F1000CBCF1000F08BFBBF5FA6FA7
:10B1A00003D301212046FFF7CFFFE068C0F3400042
:10B1B000BDE81888C3880A2243F00403C380C26034
:10B1C00004F092FFE068C0F34000BDE81888022355
:10B1D000C3600120BDE8188810B5044682B012F0A3
:10B1E000CFFA204612F0DAFA2378023B062B18D861
:10B1F000DFE803F00B19271717170400237A012B38
:10B2000003D1144A1368013B1360134B186840B113
:10B2100090F820302BB9C3689B0702D40321FFF7B5
:10B220009DFF02B010BD0C4B1B68002BF9D093F8AA
:10B230002020002AF5D1DA689207F2D40222DA60DF
:10B24000EFE702A9012301F8043D608812F086F9B6
:10B2500002B010BD8439002088390020014B1878D5
:10B26000FFF74EBD6F23002010B5044684B00123C4
:10B2700002224FF47A7168460BF06AFC94F8213090
:10B280000BB904B010BD10F0A3FF0028F9D1034B97
:10B2900001211878FFF732FD04B010BD6F230020A4
:10B2A00010B50388103B86B0462B33D8DFE803F097
:10B2B00043583232325F3232322432323232323218
:10B2C000323A323232323232323232323232323256
:10B2D000323232323232323232323234323232324C
:10B2E000323232323232323232323232323232323E
:10B2F0003232323232323400037A5BB92D4B186865
:10B3000040B190F820302BB9C3689B0702D40221CA
:10B31000FFF724FF06B010BD13218088FFF7F2FC71
:10B3200006B010BD06A9002321F8103D8088FFF764
:10B33000F1FC06B010BD81884FF6FF73994206D02C
:10B340001D4B1E4A1B680320D256FFF7DDFC01236C
:10B350001A464FF47A7102A80BF0FAFB06B010BD42
:10B36000144B18680028D5D0FFF77EFFD2E700F114
:10B370000801062268460CF053F8694601A80CF053
:10B3800069F80C4B1C686CB101A902A80CF062F8BA
:10B3900002A904F110000CF06BF8012302A8E3608D
:10B3A0000BF0C6FF01A80BF0C3FF68460BF0C0FF0F
:10B3B00006B010BD8839002070200020F075040010
:10B3C00008B510F005FF003018BF012008BD00BF10
:10B3D000F0B58BB00C4615461E46BDF8407001F026
:10B3E0002FF9234600950DF10E0204A901F034F95E
:10B3F000044688B90A4D2878FFF782FCBDF80E3064
:10B40000023B394630469BB20DF11202FFF71CFD9C
:10B4100028780121FFF772FC20460BB0F0BD00BF79
:10B420006F23002010B40968BDF804400194043172
:10B430005DF8044BFFF7CCBF2DE9F04188B00C4616
:10B4400015461E469DF83870BDF83C8001F0F8F8AE
:10B450002346CDE900560DF10A0203A901F078F95F
:10B46000044688B90A4D2878FFF74AFCBDF80A302F
:10B47000023B414638469BB20DF10E02FFF7E4FC59
:10B4800028780121FFF73AFC204608B0BDE8F0819A
:10B490006F230020F0B5A9B06A220D460DA82849F7
:10B4A000284E1AF003FB0DA903A80BF0C1FB03A95A
:10B4B00006A80BF0B5FB05F13C0701226FF0FE0377
:10B4C00006A9CDE9003238460523642208F0D8FCED
:10B4D00006A80BF097FB0FCE06AC0FC496E807004A
:10B4E00003C422700522114606AB04A80BF0C4FC6D
:10B4F000002404A905A80BF093FB384605A9CDE963
:10B5000000442346224608F0F1FB05A80BF07AFB25
:10B510002B6821465B6A284698470534052005F0CC
:10B5200081FFFF2CF4D14FF47A7005F07BFF04A863
:10B530000BF068FB03A80BF065FB29B0F0BD00BF62
:10B5400068750400D47504002DE9F84F4FF080535E
:10B5500008460F46D3F864A0FDF740FE10374FF0C1
:10B56000040B4FF005084FF00109BAFBF8F308FB94
:10B5700013A3B3FBF9F35D1C002DAAEB030A08EB40
:10B58000880809EB89090DDD0FFA8BF60024C4F158
:10B59000040212B20134FF23314638460BF07AFB25
:10B5A000A542F4D11BF1FF3BDFD2BDE8F88F00BF0D
:10B5B000A54B2DE9F04F1E68A44D336904460027C2
:10B5C00043F0080395B03361287884F82070A761B0
:10B5D0000E469346FFF794FB39463C2205A81AF025
:10B5E00089FA06234FF0020C05AAC82101208DF824
:10B5F000173006F13C038DF814C00393FFF7DEFB10
:10B6000001212878FFF77AFB039808F0CFFA31463A
:10B610002046FFF73FFF31462046FFF795FF3D46A6
:10B62000029706F1100804F110074FF0FF0994F893
:10B630002020E36812B9980740F1D58013F0010A81
:10B6400031D1590766D49A0740F1C38013F0080A34
:10B6500000F0A9807E4904A80BF0AEFB04A905A860
:10B660000BF0DEFA0023CDE900331A4605A9039852
:10B6700008F03CFB05A80BF0C5FA43F6982005F04E
:10B68000D1FE04A80BF0BEFA642005F0CBFE40F614
:10B690008D25FBF73BFB94F82020E368002ACAD0F5
:10B6A00013F0010ACDD06B4904A80BF085FB04A967
:10B6B00005A80BF0B5FA0023CDE900331A4605A919
:10B6C000039808F013FB05A80BF09CFA029B002BD3
:10B6D00040F08F80A9F10409B9F1280F40F38F8061
:10B6E000B9F1FF0F029BA8BF00230293DBF80030E3
:10B6F0005846DB69984728B1E36823F0010343F01B
:10B700000403E36004A80BF07DFAE36859074FF0E7
:10B71000000598D53368FF215B6A30469847236956
:10B72000B3F90230002B76DD002521E0E3689A07AB
:10B730006FD4FFF713FD00286DD14FF4487005F06A
:10B7400071FE3046FDF74AFD94F820300421204672
:10B75000FBB9E3689A075CD4FFF700FD00285AD1D3
:10B76000C82005F05FFE2369B3F90230AB4252DD19
:10B7700029B238460BF0B6FE002301461A46404671
:10B780000BF016FC94F82030042120460135002BE4
:10B79000CCD0E36803F00202002A3AD1642005F01D
:10B7A00041FE012543E72C4904A80BF005FB04A941
:10B7B00005A80BF035FA5346524605A9CDE900AA73
:10B7C000039808F093FA05A80BF01CFA04A80BF0F4
:10B7D00019FA642005F026FE013540F68B239D42C0
:10B7E0007FF725AF55E704212046FFF7B7FCE36854
:10B7F00024E709F10409B9F1280F3FF771AF30468A
:10B80000FDF7ECFC029BB9F1000FD8BF5346029341
:10B810006CE700251AE7E36894F8205003F0020271
:10B82000002DB9D1002A7FF411AF04212046FFF783
:10B8300095FC0028ADD14FF47A7005F0F3FDE36874
:10B8400003F00202A8E700BFC83A00206F230020DF
:10B8500040760400F87504008076040030B5044694
:10B86000806883B020B10C4908F006FD054618B188
:10B87000FBF74CFA03B030BD02AA042302F8015DC5
:10B880000549A06808F032FD28461AF0D1F8FBF708
:10B890003DFA03B030BD00BFC876040090F8200028
:10B8A000704700BF38B5124B054600241878FFF7E3
:10B8B00027FA85F8214010F073FC98B9EB696BB159
:10B8C00007F098FEEB69C41A61F10005002D08BF6E
:10B8D000B4F5FA7F2CBF0120002038BD07F08AFEA6
:10B8E000E861EDE72146034810F0F8FC204638BD3A
:10B8F0006F2300201DAD020020B9034B186808B16A
:10B90000FFF7D0BF704700BF8839002002380128F8
:10B9100001D90120704710B5074C206850B1C38889
:10B9200043F00803C38004F0DFFB2068BDE810404B
:10B93000FFF7B8BF012010BD88390020012808D1C9
:10B9400038B50D4B1D6835B12846BDE83840FFF7C6
:10B95000A9BF01207047094B04461878FFF7D0F9BA
:10B9600010F01EFC08B9204638BD2946044810F0E6
:10B97000B5FC284638BD00BF883900206F23002061
:10B980001DAD02002DE9704384B011F011FE1E4E72
:10B9900030603368002B02DC04B0BDE870830DF129
:10B9A00007034FF6FF70039311F0A4F84FF6FF75ED
:10B9B000A842044609D1EFE7039B1B7820465BB100
:10B9C00011F098F8A8420446E6D002AA01212046C8
:10B9D00011F060FA0028EFD007F00CFE40F2E734D7
:10B9E00080468946002511F0BDFD09E007F002FE02
:10B9F000B0EB080261EB09039D4208BF9442CBD330
:10BA00003368002BF2D1C7E7843900202DE9F04FCD
:10BA1000C488ADB014F480549DF8DC9002D02DB0F1
:10BA2000BDE8F08F0DF1B00B1E46369B8360C0E978
:10BA3000064401920F4605460FF092FB13F07CF886
:10BA40004BF8A04D0FF01CFE12F0CCFE5946012021
:10BA500012F0F6FFA04B05F1140A19681CA80BF0B0
:10BA60009BFC1CA950460BF003FD1CA80BF060FCCE
:10BA70000DF12008994906A80BF08EFC9849404624
:10BA80000BF08AFC06AA51460AA80BF013FD3A46B1
:10BA90000AA90DA80BF00EFD42460DA91CA80BF03B
:10BAA00009FD1CA950460BF0E3FC1CA80BF040FC60
:10BAB0000DA80BF03DFC0AA80BF03AFC40460BF039
:10BAC00037FC06A80BF034FC6A690C94101DCDE914
:10BAD0000A40C4F30721022767F301018DF82910FA
:10BAE0005188ADF830105088ADF832000AA9049A98
:10BAF0004120FFF711F9584612F0ECFF2046FFF7FE
:10BB000005F903224FF0000362F306130721102208
:10BB100006948DF81C408DF819108DF818308DF8AA
:10BB20001A2011F0BDFC06A811F000FD6D4811F0BF
:10BB3000E1FC6D4AADF824404FF4C87340460892CA
:10BB4000ADF82630FFF7E4F82146684810F032FDE2
:10BB5000B9F1000F40F0A98005AC654B1C931CA8FF
:10BB600013F0B6F87C2019F06AFF3246AB6829461C
:10BB700001F016FF584B1CA819680BF00DFC5D492D
:10BB80000DA80BF009FC0DAA1CA920460BF092FC95
:10BB90000DA80BF0CDFB1CA80BF0CAFB4022002126
:10BBA0001CA819F0A7FF544B18681D9001238DF8AD
:10BBB000AC3010B119F0DAFF80B2059BADF870001F
:10BBC000181D1F90002800F0828019F0CFFF83B26B
:10BBD000019AADF8783010680430219010B119F056
:10BBE000C5FF80B2454BADF880001868239010B1B6
:10BBF00019F0BCFF80B2424BADF888001868259060
:10BC000010B119F0B3FF80B23E4BADF89000186848
:10BC1000279000285DD019F0A9FF83B21CA8ADF8C9
:10BC2000983013F0FDF9502019F009FF32462946EB
:10BC300000F0A2FE2846FFF7A5FE3C2200210DA839
:10BC400019F058FF062602230DAA322101208DF893
:10BC500034308DF83760FFF7B1F831462846FFF7EA
:10BC600051FA4FF4A036032200234FF4F0210DA81F
:10BC7000CDE91033CDE912338DF84020CDE90E61C6
:10BC8000CDF8348010F022F91F4B012185F82110E6
:10BC90001878FFF733F8EB8843F480532046EB80A5
:10BCA0000BF046FB2DB0BDE8F08F11F081FC0328AE
:10BCB00005AC7FF752AF22461CAB0DA90DF10E006B
:10BCC00011F0A2FCBDF8140011F094FC45E7034606
:10BCD0007EE70346A2E700BF6C200020D476040074
:10BCE000D8760400D9B10200080010007039002095
:10BCF000F9B80200DC7604004839002044390020FD
:10BD0000682000204C3900206F23002041F20103FD
:10BD1000984216D00DD944F20103984206D044F25D
:10BD2000020398420AD14820F5F760BD4920F5F793
:10BD30005DBD012802D14620F5F758BD4A20F5F730
:10BD400055BD4720F5F752BDA8DF7047B0DF7047FB
:10BD500062DF7047704700BF8B79012B05D0022B43
:10BD600002D10368DB6A1847704703689B6A18476B
:10BD70000368034A9B68934200D170470631184715
:10BD800055BD020070B50B88502B044631D01AD82F
:10BD9000102B26D0112B14D10368194DDA69AA4251
:10BDA0002BD100252E4605E023681B6998472368A0
:10BDB00006810135DB6820469847A842294620467F
:10BDC000F2DC012070BD512B06D0532BF9D1036852
:10BDD0001B6B9847012070BD03685B6A9847012080
:10BDE00070BD0368064A9B699342EAD098470120D8
:10BDF00070BD03681B6A9847F9E790472368D0E74E
:10BE000055BD020010B5064B0360002304460371C4
:10BE1000C38000F0CDF9214600F0D8F9204610BDCE
:10BE20002C77040010B5054B0360044600F0C0F900
:10BE3000214600F0DBF9204610BD00BF2C7704003E
:10BE400010B584B010310DF1FF330DF10F0411F86E
:10BE5000012D03F8012FA342F9D1011D6846FFF718
:10BE600077FF04B010BD00BF00B583B00379ADF813
:10BE70000410821D01A901208DF80630FFF764FF30
:10BE800003B05DF804FB00BF2DE9F04788B005461C
:10BE9000BDF84060BDF84470BDF848409246884601
:10BEA0001E2200210DF10200994619F023FEBB1B52
:10BEB00018BF01232A79ADF800A0E107ADF804709E
:10BEC0008DF80C30ADF80660CDF808908DF80220A2
:10BED00005D59DF80D3043F002038DF80D30A20713
:10BEE00005D59DF80D3043F004038DF80D30630740
:10BEF00005D59DF80D3043F008038DF80D30270768
:10BF000005D59DF80D3043F010038DF80D30E60691
:10BF100005D59DF80D3043F020038DF80D30A006B7
:10BF200005D59DF80D3043F040038DF80D306106C6
:10BF300005D59DF80D3043F001038DF80D30E20575
:10BF400044BF01238DF80F30A30544BF01238DF8B2
:10BF500010302B68EC881A69012341468DF81130A6
:10BF60008DF812308DF813308DF814302846904734
:10BF700069460246204610F0DDF908B0BDE8F087BA
:10BF800000B58DB001A810F04DF9019B23B1BDF8AB
:10BF900008000DB05DF804FB4FF6FF700DB05DF8C2
:10BFA00004FB00BF08B510F013F9003018BF0120E2
:10BFB00008BD00BF03682DE9F041DB6806460D4669
:10BFC00090469847071E1BDD00240BE04388AB42D8
:10BFD0001ED08388AB4221D0C388AB4224D0013429
:10BFE000A7420DD0336821461B6930469847038825
:10BFF000AB42EBD1012388F800302046BDE8F08148
:10C0000000234FF0FF3488F800302046BDE8F0816F
:10C01000022388F800302046BDE8F081032388F829
:10C0200000302046BDE8F081042388F80030204627
:10C03000BDE8F08130B583B00C460DF10702C98828
:10C040000546FFF7B7FF011E08DB9DF807202B68A8
:10C05000032A05D01B680B4A93420ED103B030BDB2
:10C06000228A022AF6D11B6928469847E17CA27CE5
:10C070002B6842EA01220281ECE7A11D284698477D
:10C0800003B030BD55BD0200F0B58BB00C460DF1CC
:10C09000070209890746FFF78DFF002819DB9DF885
:10C0A0000730E689012293428DF8082013D09DF8CD
:10C0B0000E20A088ADF81060002363F3000202A9EF
:10C0C0008DF80E20ADF80C30ADF812300593FFF767
:10C0D0003DFE0BB0F0BD3A681F4952682089ADF8AB
:10C0E0001A6000258A428DF81C308DF81D30ADF89D
:10C0F00018000895ADF8245015D12A462F46294638
:10C100009DF80E50ADF80C1063F30005A088ADF853
:10C11000106002A9ADF8127005928DF80E50FFF76D
:10C1200015FE0BB0F0BD384606A990479DF81C30AF
:10C130004BB99DF81D30BDF81A60BDF82470089AFF
:10C140004FF48171DCE729469DF81D30BDF81A6077
:10C15000BDF82470089AD3E755BD020000B583B03E
:10C1600009890DF10702FFF725FF03B05DF804FB15
:10C17000F8B50E4C26689EB13368002B0FDD0746DC
:10C180003546002402E03368A34208DD55F8040F69
:10C19000036839465B69984701340028F3D1F8BD3C
:10C1A000542019F04CFC20600660F8BD8C3900204A
:10C1B00010B5054C206800B110BD542019F03FFCAB
:10C1C00000232060036010BD8C39002038B503685F
:10C1D000132B04460D4603DD1420FAF7A1FD236856
:10C1E00004EB830201335560236038BDF0B4066868
:10C1F000002E0DDD4368994226D0041D002204E084
:10C2000054F8045F8D4205D01A46531CB342F7D14F
:10C21000F0BC70470232B24213DA551C5C1C03EBCF
:10C22000060C00EB850500EB8404ACEB020C194610
:10C23000013155F8047B44F8047B6145F8D1B21A0A
:10C2400013440360F0BC704701220023E3E700BF02
:10C2500002207047013101EB810100EB4100704782
:10C2600082B070B50C4684B005464968206802ACBF
:10C2700003C4039908AC481084E80C00CB0745BF01
:10C280002A58029B029CD4580AAB2E1893E803004C
:10C290008DE8030008AB0CCB3046A04704B0BDE8E6
:10C2A000704002B0704700BF82B070B504A981E849
:10C2B0000C000546BDF81240FFF774FE28B1022CB1
:10C2C0001ED0012C29D0052C03D0BDE8704002B04F
:10C2D00070472C46022304F8083F2B681D4A1B694F
:10C2E000934230D105F10A062846FFF749FE22465F
:10C2F00001463046BDE87040012302B0FEF77EBC27
:10C300002C46002104F8081F2B68124A1B6993422F
:10C31000E8D0284698470646E6E72E460D4A06F836
:10C32000084F2B681B6993420FD105F10A04284678
:10C33000FFF726FE324601462046BDE87040012345
:10C3400002B0FEF75BBC0021E3E7002128469847D6
:10C350000446ECE755C2020082B070B504A981E83A
:10C360000C000546BDF81240FFF71CFE28B1022C58
:10C370001ED0012C1FD0052C03D0BDE8704002B0A8
:10C3800070472C46022304F8093F2B681A4A1B69A0
:10C39000934226D105F114062846FFF7F1FD224607
:10C3A00001463046BDE87040012302B0FEF726BCCE
:10C3B0002C460023E7E72E460F4A06F8094F2B6864
:10C3C0001B69934212D105F114042846FFF7D8FDEA
:10C3D000324601462046BDE87040012302B0FEF718
:10C3E0000DBC0121284698470646D5E72146284638
:10C3F00098470446E9E700BF55C202002DE9F04125
:10C40000044682B00E46154610309846BDF8287096
:10C410000AF0BEFB26806580182019F010FB08ABDF
:10C42000054693E803006A4682E803002E4603CAE5
:10C4300046F80C8B0023084AEB6047F00207736054
:10C4400068602046A780A560E360C4E90833A9605E
:10C450006A6102B0BDE8F08161C202002DE9F043DB
:10C4600085B0BDF838803BB30C9C14B30F2902D1C2
:10C47000B8F1C00F20D1064628201C460D461746AD
:10C4800019F0DDFA0CAB814693E803003A468DE8DB
:10C49000030023462946CDF808804846FFF7AEFF43
:10C4A000336849465B683046984740B905B0BDE8F7
:10C4B000F0830D9CE407D9D46FF47A70F6E7484610
:10C4C00005F064FA484619F0B3FA0148EEE700BFF8
:10C4D00016FCFFFF2DE9F041324F3E6894B0002E6C
:10C4E00036D00C460546304B002934D1CDE9083111
:10C4F00008AB93E803004FF0100822468DE80300D4
:10C500002B460121CDF808800AA8FFF777FF336892
:10C510000AA99B68304698470AA805F037FA234BCA
:10C520003E68CDE9063406AB93E8030022468DE869
:10C5300003002B460221CDF808800AA8FFF75EFF12
:10C54000336830469B680AA998470AA805F01EFA86
:10C5500014B0BDE8F08100240493059404AB93E883
:10C5600003004FF010088DE8030022462B463046AA
:10C57000CDF808800121FFF771FF0C4B3E68CDE933
:10C580000A340AAB93E8030022468DE80300CDF895
:10C5900008802B4630460221FFF760FF14B0BDE84B
:10C5A000F08100BF043B0020A9C2020059C3020071
:10C5B000F0B5044685B0FFF725FC20461A4B40F83D
:10C5C0000A3BFEF701FB002704F11400FEF7FCFA1A
:10C5D000204616492781FFF733FC0125092620460E
:10C5E00049F68201FFF740FC394604F10803204672
:10C5F0004DF69022CDE901560095FFF745FC204607
:10C60000CDE901560095A31929464DF69122FFF771
:10C610003BFC2046FFF7C6FC18B129462046FFF731
:10C6200059FF204605B0F0BD687704001477040078
:10C630000121FFF74FBF00BF0021FFF74BBF00BF35
:10C6400010B5044C206800B110BD012019F0F7F9B5
:10C65000206010BD903900202DE9F04F89B00025F1
:10C66000009215809DF94820ADF81C50CDE9035586
:10C67000CDE905550192002B63D01E781C46002E93
:10C680005FD0DFF8C880894658F8047B384619F037
:10C690006DFA394683460246204619F06FFA0028A3
:10C6A00049D00135042DEFD100270EB3112F1FDC27
:10C6B00007F1FF3803AB26469844234D002402E0DF
:10C6C00001340E2C2DD055F804AB504619F04EFA1B
:10C6D000514683460246304619F050FA0028EFD101
:10C6E0005E440137337808F8014F0BB1122FE4D1C3
:10C6F000019A89F80320AA23FE2289F8003010232A
:10C7000089F8012089F802303A4603A909F10400AA
:10C7100019F0CCF9009B04371F80002009B0BDE858
:10C72000F08F344608AB3B4414F8012B767803F8BD
:10C73000142C0137B9E75C448DF80C50267801279A
:10C74000B3E76FF47A70E9E78420002074200020BA
:10C750002DE9F04184B00026174616809DF92CC0C3
:10C760000A9A4BB342B31868B3F80880D2F800E0D5
:10C7700092880D46596885F803C06B4603C36C4622
:10C78000A3F80080CDF80AE0ADF80E200FCC4FF0F2
:10C79000AA084FF0FE0E4FF0140CAE70686085F8DA
:10C7A000008085F801E0A960EA602B61A7F800C06D
:10C7B000304604B0BDE8F0816FF47A76F8E700BF48
:10C7C0000420704701EB810100EB410026307047E7
:10C7D00082B070B50C4684B005464968206802AC4A
:10C7E00003C4039908AC481084E80C00CB0745BF8C
:10C7F0002A58029B029CD4580AAB2E1893E80300D7
:10C800008DE8030008AB0CCB3046A04704B0BDE870
:10C81000704002B0704700BF10B5074B074A036075
:10C8200000238260C3810446083004F04DFA20469C
:10C83000FFF7F8FA204610BD447804002C7D040070
:10C8400010B5084A084940F8082C00220160C2804F
:10C85000A0F1080404F038FA2046FFF7E3FA204676
:10C8600010BD00BF447804002C7D040010B5094BB6
:10C87000094A036000238260C3810446083004F043
:10C8800023FA2046FFF7CEFA204619F0D1F82046C9
:10C8900010BD00BF447804002C7D040010B5094A87
:10C8A000094940F8082C00220160C280A0F1080468
:10C8B00004F00AFA2046FFF7B5FA204619F0B8F856
:10C8C000204610BD447804002C7D04000368124A01
:10C8D0001B69934270B504460D460E8816D1303060
:10C8E0000388B34200D070BD2069A18C03684A1C44
:10C8F000DB68A284984704F11C0350B10288418888
:10C90000A2830422E183AB60AA8170BD0121984714
:10C91000E6E7AB60A88170BDC5C7020082B070B504
:10C9200004A981E80C000446FFF73CFB18B9BDE8F8
:10C93000704002B0704723680E4A1B69BDF81000B2
:10C94000BDF812102083934261830ED104F12605B5
:10C950002046FFF715FB04F1180201462846BDE802
:10C960007040042302B0FEF749B9002120469847E1
:10C970000546EDE7C5C702002DE9F043044685B042
:10C98000154600F10809FFF73DFA314BA36000237B
:10C99000E360484604F028F92E4B256103F1480274
:10C9A0002360A26004F1260504F14E0628460A35EC
:10C9B000FEF70AF9AE42F9D10026A046666126626A
:10C9C00058F8200FE0612746234957F81C0FA06153
:10C9D000A6842046FFF734FA204649F2AF31FFF72C
:10C9E00043FA0425092204F118033146CDE9015226
:10C9F0002046009549F27572FFF746FA0623029326
:10CA0000204604F11403CDE9005545F20442022109
:10CA1000FFF73AFA43462046CDE90155009542F228
:10CA2000C4320321FFF730FA40F209123B4602926A
:10CA300001214BF64C022046CDE90055FFF724FAC0
:10CA4000484603F051FB204605B0BDE8F08300BF27
:10CA50002C7D040044780400147704002DE9F04193
:10CA6000044682B00E46154610309846BDF8287030
:10CA70000AF08EF826806580182018F0E0FF08ABD9
:10CA8000054693E803006A4682E803002E4603CA7F
:10CA900046F80C8B0023084AEB6047F002077360EE
:10CAA00068602046A780A560E360C4E90833A960F8
:10CAB0006A6102B0BDE8F081D1C702002DE9F04FF4
:10CAC00003683D4D1B694F89B1F80090AB428BB0B4
:10CAD00006460C4601F10C0866D13A3003884B45F6
:10CAE0000DD03368B4F800901B69AB425FD106F1FA
:10CAF000440003884B4519D00BB0BDE8F08F032FDD
:10CB0000FADD3D1F25F0030508F1080845441034FF
:10CB100034F8022C34F8041C012306A804340AF06B
:10CB200017F8A542F4D10BB0BDE8F08F032FE3DD79
:10CB3000043F27F0030708F10805DFF880B03D4403
:10CB400010344FF0000A01E0AC42D5D034F8047C38
:10CB500034F8022CD6F8108005920F2F4FF02800E1
:10CB6000CDE906BA04F10404EED018F068FF06AB74
:10CB7000814693E8030010238DE8030002933946B1
:10CB80003346059A4846FFF769FFD8F80030494612
:10CB90005B68404698470028D6D0484604F0F6FE29
:10CBA000484618F045FFCFE70221984796E7032152
:10CBB000304698479DE700BFC5C702001DC9020067
:10CBC00030B591B00446FFF7EDF908B9A38C0BB965
:10CBD00011B030BD0D4B2569CDE9043004AB0246E0
:10CBE00093E803001023A2848DE80300029311460A
:10CBF000234606A8FFF732FF2B6806A99B68284644
:10CC0000984706A804F0C2FE11B030BD1DC902004D
:10CC1000A0F10800FFF7D4BF0420704701EB8101A9
:10CC200000EB41005230704710B5074B074A0360D4
:10CC300000238260C3810446083004F045F8204692
:10CC4000FFF7F0F8204610BDB07804002C7D0400FA
:10CC500010B5084A084940F8082C00220160C2803B
:10CC6000A0F1080404F030F82046FFF7DBF8204676
:10CC700010BD00BFB07804002C7D040010B5094B36
:10CC8000094A036000238260C3810446083004F02F
:10CC90001BF82046FFF7C6F8204618F0C9FE2046CC
:10CCA00010BD00BFB07804002C7D040010B5094A07
:10CCB000094940F8082C00220160C280A0F1080454
:10CCC00004F002F82046FFF7ADF8204618F0B0FE59
:10CCD000204610BDB07804002C7D04002DE9F84FEB
:10CCE0000368BC4F1A690E88BA4204460D4640F0EC
:10CCF00042815C300288B24200F0F6801A692E88C8
:10CD0000BA4240F0338104F152000288B24200F08E
:10CD1000A3801B692E88BB4240F0E28004F16600CC
:10CD20000388B34258D023682E881B69BB4240F069
:10CD3000438104F170000388B34201D0BDE8F88F4D
:10CD4000B5F80A80B8F1010FF8D9A8F1020805F189
:10CD50001003C8F34E0803EB48080E354FF00109E5
:10CD60000C2716E0122B94BF18221346206915F8E1
:10CD7000011C98BF12FB037203EB430300EBC303D8
:10CD800088BF0C22DB6810441B6898470235A84511
:10CD9000D4D015F8023CA16909FA03F21140F5D18B
:10CDA00060690240DED0122B9ABF182010FB03727C
:10CDB0000B46206915F8011C03EB430300EBC3038A
:10CDC00088BF0C22DB68FF291044DB6814BF890090
:10CDD00040F2FF319847D9E76A89002AAED07E4BEE
:10CDE000A3FB023AA2EB0A030AEB530A4FEA9A0AA0
:10CDF000CAEBCA03D21A92B2002A9FD11AF0FF0AD4
:10CE000091D005F10C08072313FB0A8A18E01822B9
:10CE10000C2012FB030B206903EB4303DE00831994
:10CE20005844DB68DB6898472069064408F1070826
:10CE3000F36849469B6B58449847C2453FF473AF2B
:10CE400098F80030B8F80110D8F80390122BDED90A
:10CE500000234FF00C0BDEE76A89032A7FF659AFF7
:10CE60002646EA6846F8142F1B69BB4240F0AD80A5
:10CE700004F152082046FFF783F8324601460423A6
:10CE80004046FDF7A7FE00264FF0010909E006EB3A
:10CE90004602D20002F10C01002B7ED10136132E86
:10CEA00018D0D4E9052309FA06F818EA020F08EAAF
:10CEB0000303ECD006EB4602D20002F10C01002B7A
:10CEC000ECD0206902440136D36808445B69984776
:10CED000132EE6D123682E881B69BB423FF41EAF98
:10CEE0000221204698471BE76A89032A7FF606AF8E
:10CEF0002646EA6846F8182F1B69BB4260D104F148
:10CF00005C082046FFF73CF83246014604234046C1
:10CF1000FDF760FE00264FF0010908E006EB46022F
:10CF2000D20002F10C0153BB0136132E18D0D4E904
:10CF3000052309FA06F818EA020F08EA0303EDD000
:10CF400006EB4602D20002F10C01002BECD0206966
:10CF500002440136D36808445B699847132EE6D132
:10CF600023682E881A69BA423FF4CDAE00212046CC
:10CF700090472368C9E6012190472368BAE62069F3
:10CF800002440844D3685B689847636918EA030F52
:10CF9000CAD0A36908EA0303D2E72069024408441F
:10CFA000D3685B689847636918EA030F3FF476AF6C
:10CFB000A36908EA03037DE7032120469847BAE600
:10CFC00001212046984780469BE70021204698474C
:10CFD00080464FE71DCC0200254992242DE9F043FD
:10CFE000044685B0154600F10808FEF70BFF364BE6
:10CFF000A3600023E360404603F0F6FD334B256158
:10D0000003F148022360A26004F1520504F17A069C
:10D0100028460A35FDF7D8FDAE42F9D10025C4F8FF
:10D020004A502046C4E90555C4F83E502849C4F882
:10D030004250C4F84650C4F84D50E561256265621F
:10D040002585FEF7FDFE04264FF00509204641F236
:10D050007B21FEF709FF294604F114032046CDE9A0
:10D060000169009645F69902FEF70EFF04F11803D8
:10D070002046CDE9016900964BF6FE120121FEF72C
:10D0800003FF04F11C070E223B46CDE90022204697
:10D0900002964DF622020221FEF7F6FE40F20D1234
:10D0A0001423CDE90132032104F12A034FF40D4288
:10D0B00020460095FEF7E8FE404603F015F82046AE
:10D0C00005B0BDE8F08300BF2C7D0400B0780400FB
:10D0D000147704002DE9F047002405468A46A0464F
:10D0E0000C264FF001091CE04B689847C0B22B1981
:10D0F000BAF1000F03D193F83E2082420CD005EB29
:10D10000480208F10108B8F1090F83F83E0082F8DF
:10D110002A4082F82B001ADC0134132C06F1180681
:10D1200015D0AB6909FA04F21A4204EB440CF3D0AF
:10D130002B696F6903EBCC0C3A4233441846DCF898
:10D140000C10D1D04A699047C0F38700CFE7404622
:10D15000BDE8F08703680D4A1B69934270B5044629
:10D160000D460E880FD170300388B34200D070BDD9
:10D1700001212046FFF7AEFF0028F8D02A344000F6
:10D18000AC60A88170BD03219847EDE71DCC02007B
:10D190002DE9F0410446FEF705FF08B9BDE8F0812E
:10D1A00000212046FFF796FF0028F7D023680D4A9C
:10D1B0001B694000934285B204F12A070CD104F1A7
:10D1C00070062046FEF7DCFE2B463A460146304606
:10D1D000BDE8F041FDF712BD032120469847064601
:10D1E000EFE700BF1DCC0200A0F10800FFF7D0BFA1
:10D1F0000320704701EB810100EB410028307047AC
:10D200002DE9F84F03681B4A1B690C88934283463B
:10D2100089462CD128300388A34201D0BDE8F88F7D
:10D220000027BA460BF10B054FF0010805F801AFD6
:10D230003EB20024DBF8080021B23246103009F07B
:10D240003FFDC4F10403013420B12A7808FA03F346
:10D2500013432B70052CEDD10137052FE6D10BF1CF
:10D260000C03C9F80830A9F80C70BDE8F88F00214C
:10D270009847D0E7F5D102002DE9F0430368404C10
:10D280001B69B1F80080A34283B005460E4601F148
:10D290000C076AD12830038843451FD02B68B6F8A5
:10D2A00000801B69A34263D105F132000388434526
:10D2B0003CD02B6837881B69A3425DD105F13C0047
:10D2C0000388BB4202D003B0BDE8F0837389012B11
:10D2D00084BFB3896B8203B0BDE8F0837389013BDF
:10D2E000042BDBD8A8683C3006F060FC7389002B67
:10D2F000E9D04FF000090FFA89F800243B78A868BC
:10D30000C4F10402134143F3000321B2DBB2103035
:10D310004246013409F0BEFC052CEFD1738909F1B6
:10D3200001094B4507F10107E5DCCCE7B6F90A2016
:10D33000394668460AF074F8A8683C3006F036FCB6
:10D34000A868694600F13C0401A80AF083F86A8ADB
:10D3500001A9204606F00CFD01A809F0E9FF684686
:10D3600009F0E6FF03B0BDE8F0830021984792E79B
:10D3700001212846984799E70221284698479FE7C8
:10D38000F5D10200F0B5044685B01546FEF73AFD2A
:10D39000234B2360A56004F12800FDF715FC04F180
:10D3A0003200FDF711FC04F13C00FDF70DFC0025F7
:10D3B000782363822046E56025741A492575FEF7B7
:10D3C0003FFD20464DF61D11FEF74EFD052604F1EA
:10D3D0000C0740F205123B4629462046CDE9016282
:10D3E000009647F67732FEF74FFD14220421A3186A
:10D3F000CDE9012120460092012149F2EE32FEF7EB
:10D4000043FD02212046029604F11203CDE90011EA
:10D4100040F62D52FEF738FD204605B0F0BD00BFA6
:10D420001C790400147704000420704701EB81018B
:10D4300000EB41001830704782B070B50C4684B0E4
:10D4400005464968206802AC03C4039908AC48103B
:10D4500084E80C00CB0745BF2A58029B029CD45895
:10D460000AAB2E1893E803008DE8030008AB0CCB41
:10D470003046A04704B0BDE8704002B0704700BF1E
:10D48000F0B503681C4E1B690F88B34285B0044693
:10D490000D4629D12C300388BB420BD023682F883E
:10D4A0001B69B34223D104F136000388BB420ED07E
:10D4B00005B0F0BD6B89012BF0D9AB89A3820222A4
:10D4C00001230621684609F043FB05B0F0BD6B89D6
:10D4D000002BEDD02B7BA375012BE9D10422062173
:10D4E000684609F035FBE3E702219847D3E70321BB
:10D4F00020469847D9E700BF2DD4020010B5044656
:10D50000806804F067FEA081A06804F06BFEE081F3
:10D51000A06804F06FFEA36820821A681846536A58
:10D520009847A082A06804F039FE00B910BDA06839
:10D5300004F068FE608210BD70B50446806804F097
:10D54000E7FDA8B10323A37523680D4A1B69934225
:10D5500004F116060FD104F136052046FEF710FD42
:10D560003246014601232846BDE87040FDF746BB20
:10D570000223A375E8E70321204698470546ECE718
:10D580002DD402002DE9F0410446FEF70BFD08B949
:10D59000BDE8F0812046FFF7B1FF2368244D1B69E9
:10D5A000AB4204F1140738D104F12C062046FEF7F3
:10D5B000E7FC3A46014602233046FDF70BFB2368A1
:10D5C0001B69AB4204F10C0722D104F11806204676
:10D5D000FEF7D6FC3A46014606233046FDF70EFB21
:10D5E000A06804F0DBFD0028D2D023681B69AB42A1
:10D5F00004F1120616D104F122052046FEF7C0FC04
:10D600003246014602232846BDE8F041FDF7F6BA4E
:10D610000021204698470646D9E702212046984730
:10D620000646C3E70121204698470546E5E700BFC7
:10D630002DD4020070B5044605468068A18A0368AF
:10D640001B6A9847A06803685B6A984723680C4A7E
:10D650001B6925F8140F93420CD104F12C062046C7
:10D66000FEF78EFC2A46014602233046BDE8704094
:10D67000FDF7B0BA0221204698470646EFE700BF03
:10D680002DD4020082B08DE80C00BDF80230012BD1
:10D6900005D0022B09D0042B04D002B0704702B091
:10D6A000FFF770BF02B0FFF747BF02B0FFF7C2BF7E
:10D6B0002DE9F041044682B00E46154610309846DA
:10D6C000BDF8287009F064FA26806580182018F0EB
:10D6D000B6F908AB054693E803006A4682E8030002
:10D6E0002E4603CA46F80C8B0023084AEB6047F02D
:10D6F0000207736068602046A780A560E360C4E904
:10D700000833A9606A6102B0BDE8F08139D4020033
:10D710002DE9F04385B0BDF838803BB30C9C14B3C1
:10D720000F2902D1B8F1C00F20D1064628201C468F
:10D730000D46174618F083F90CAB814693E80300B9
:10D740003A468DE8030023462946CDF8088048462E
:10D75000FFF7AEFF336849465B683046984740B9EB
:10D7600005B0BDE8F0830D9CE407D9D46FF47A705E
:10D77000F6E7484604F00AF9484618F059F9014816
:10D78000EEE700BF16FCFFFF2DE9F0411D4F1E4DD7
:10D790008AB000260446FFF7B1FECDE908760AAB51
:10D7A00013E903008DE80300C02223462868029293
:10D7B00006210122FFF7ACFFCDE9067606AB93E820
:10D7C00003002A684FF010088DE803002346104636
:10D7D000CDF8088002220621FFF79AFFCDE90476F2
:10D7E0000DEB080393E803002D68CDF808808DE861
:10D7F00003002346042228460621FFF789FF0AB0CA
:10D80000BDE8F08185D60200043B002070B50446D7
:10D8100084B01546FEF7F6FA2E4BA560236004F19E
:10D82000180504F1400628460A35FDF7CDF9AE4249
:10D83000F9D10025A06825610368E5605B6A984717
:10D84000A575A08224492046FEF7FAFA4FF2D821A6
:10D850002046FEF709FB092606232946CDE90136B5
:10D86000022500934FF6113204F10C032046FEF717
:10D870000BFB04F1120349F2157201212046CDE998
:10D8800001560095FEF700FB05232946029343F657
:10D890006C0204F114032046CDE90055FEF7F4FABA
:10D8A00001230C22CDE901320093204604F1160336
:10D8B0004BF258320321FEF7E7FA2046FEF772FBDF
:10D8C00028B1064B1B6813B12046FFF75DFF2046C9
:10D8D00004B070BD5879040014770400043B0020A4
:10D8E000024B1B680BB1FFF74FBF7047043B002092
:10D8F00030B5114B1C6891B0BCB10A46B9B90F499B
:10D90000CDE9041204A9034603C910258DE80300DC
:10D910000295062106A8FFF7CBFE236806A99B689F
:10D920002046984706A804F031F811B030BDFFF743
:10D930002BFF11B030BD00BF043B002085D6020094
:10D940000021FFF7D5BF00BF0120704701EB810127
:10D9500000EB41007030704782B070B50C4684B067
:10D9600005464968206802AC03C4039908AC481016
:10D9700084E80C00CB0745BF2A58029B029CD45870
:10D980000AAB2E1893E803008DE8030008AB0CCB1C
:10D990003046A04704B0BDE8704002B0704700BFF9
:10D9A0002DE9F041044686B0002590461F46FEF75B
:10D9B00029FA2E492160C4E90287258284F854504F
:10D9C000A56504F17000FDF7FFF820462849E565DC
:10D9D00025666566A566E566FEF732FA20464DF6D1
:10D9E0001D11FEF741FA04F15C0614220A273346A2
:10D9F0002946CDE901272046009243F61032FEF772
:10DA000043FA2820D4F8088018F019F80646103098
:10DA100009F0BEF829233360182018F010F8154AD1
:10DA2000CDE90425074604AA034603CA47F80C4B70
:10DA3000DD607D6058609960D8F800200E49F5607F
:10DA400012205961B360B080C6E90855536840465A
:10DA50003146984718B9204606B0BDE8F0813046F7
:10DA600003F094FF304617F0E3FFF4E7B8790400C1
:10DA7000A0790400B1DD020059D90200F0B5037CA1
:10DA8000CA78934285B0054629D022D99B1A072B24
:10DA9000CCBF00240124D4B9314A2B68128804AECB
:10DAA000214626F8102D28461B6998470746284628
:10DAB000FEF766FA0223014632463846FDF79EF825
:10DAC0006B7C85F854400433DBB26B742B7405B067
:10DAD000F0BDD31AF82BD4BF00240124DBE70A469B
:10DAE00090F8540001332B7452F804CF030105F170
:10DAF0001404E01857689668D26844F803C0476079
:10DB00008660C26095F85430012B0FD01ED3032BD2
:10DB100018D101231A462921684609F019F86B7CAF
:10DB2000002204336B7485F85420D0E78B78497851
:10DB3000AA6D1B0443EA016313430222AB6585F817
:10DB40005420C4E7013385F85430C0E7B1F8013000
:10DB50005BBA9BB20122AB6585F85420B7E700BFE2
:10DB60008C790400F0B503684F4A1B690E88934214
:10DB700097B004460D4615D170300388B34201D0EA
:10DB800017B0F0BD6B89002BFAD02A7B022A17D080
:10DB90000BD8DAB1012AF3D105F10C012046FFF7C9
:10DBA0006DFFEDE700219847E7E7EE2A5FD0FF2AF7
:10DBB000E6D16B7B23B1012BE2D1F9F7A7F8DFE7C0
:10DBC0000123292106A808F0C3FFD9E706A802F01F
:10DBD00055FC364B1A684AB9129A3AB19DF844106E
:10DBE000032903D132481399026019606B7B8DF8C9
:10DBF0000530142106A803EB830201FB030316A9D9
:10DC000001EB820252E90E62103303CB330E8DF822
:10DC100009608DF80630330C360A25688DF80D2022
:10DC20008DF807308DF80860130C0026170E120AC5
:10DC30008DF80C20CDF80E00CDF812108DF80A707A
:10DC40008DF80B308DF804602B69314620469847DB
:10DC500005462046FEF794F901AA014612232846FC
:10DC6000FCF7CCFF268284F85460A66588E7114B48
:10DC7000002518688DF81A504FF4F773ADF8183076
:10DC8000FDF70CFE23688DF81A0029461B69204613
:10DC9000984705462046FEF773F90323014606AA76
:10DCA0002846FCF7ABFF6BE74DD902009439002002
:10DCB000983900208839002010B5ADF5627D01A8A3
:10DCC00002F042FA4FF46072002102A817F012FF2E
:10DCD0000220012300225821039003A80A930DF08B
:10DCE000E7FB00220290C3219AA80DF0E1FB40F669
:10DCF000FC7399901A68013232D04FF080521C6840
:10DD000013691C4420464FF4607202A917F0BFFE4D
:10DD1000B0B940F6FC731C684FF4607202A920464B
:10DD200017F0B5FE48B1214601A802F00FFA02AA89
:10DD3000214601A8E02302F03FFA0DF5627D10BDF7
:10DD4000214601A802F002FAE023214602AA01A816
:10DD500002F032FA40F6FC731B680133D9D10EE0B1
:10DD60004FF010224FF0805394691B691C442046E9
:10DD70004FF4607202A917F08AFE0028E0D14FF03C
:10DD800010239C69C8E700BF40F6FC731A68013293
:10DD90000ABF4FF010231A689A694FF080531B692D
:10DDA000134493F8A13203B97047FFF785BF00BF52
:10DDB00082B02DE9F04383B00AA90546684681E8A0
:10DDC0000C0002F0C1F9BDF82A40022C56D0FF2CFD
:10DDD0004BD0012C04D003B0BDE8F04302B0704733
:10DDE0004C49E86806F048FA0746002865D001AEBD
:10DDF000384617F01DFE4FF08052AC6D1169B4FB30
:10DE0000F1F301FB13438BB9116989080ED0216826
:10DE1000013108BF201D04D04AE050F8041B013135
:10DE200046D111690133B3EB910FF6D32146684611
:10DE300005F11402102302F0BFF94FF601722B68AE
:10DE4000ADF804201B69002128469847044628465F
:10DE5000FEF796F83246014602232046FCF7CEFE36
:10DE600003B0BDE8F04302B070472B4B1868FDF7D4
:10DE7000F5FC03B0BDE8F04302B0704710236846DC
:10DE800005F11402A96D02F097F9FFF715FFE86894
:10DE9000204906F025FB214B186810B1012101F043
:10DEA00049F8F8F733FF03B0BDE8F04302B070471C
:10DEB0002146684602F04AF9B8E702AE234606F862
:10DEC000044D174C1349E868324606F00FFA2368F0
:10DED000002B8DD0134AD2F80090994588D24FF08C
:10DEE0008058A9F1040309F6FC7101E08B4207D0C8
:10DEF00053F8042F0132F9D04946684602F026F95A
:10DF0000D8F81030226823F0030399449145E8D3F0
:10DF10006EE700BF9079040088390020E8380020BF
:10DF200094390020983900200220704701EB8101CC
:10DF300000EB41001030704782B070B50C4684B0E1
:10DF400005464968206802AC03C4039908AC481030
:10DF500084E80C00CB0745BF2A58029B029CD4588A
:10DF60000AAB2E1893E803008DE8030008AB0CCB36
:10DF70003046A04704B0BDE8704002B0704700BF13
:10DF80002DE9F04103681A4E1B690F88B34204461D
:10DF90000D4624D11A300388BB4201D0BDE8F08180
:10DFA0006B89012BFAD9A989E181A068F9F756FE9E
:10DFB000A068F9F75BFE23681B692546B34225F884
:10DFC0000E0F0FD104F11A062046FDF7D9FF2A469D
:10DFD000014602233046BDE8F041FCF7FBBD0121BC
:10DFE0009847D8E70121204698470646ECE700BF4E
:10DFF0002DDF020082B070B504A981E80C00044650
:10E00000FDF7D0FF18B9BDE8704002B07047A068B6
:10E01000F9F718FE25460D4A05F80C0F23681B6911
:10E0200093420DD104F110062046FDF7A9FF2A46C0
:10E0300001463046BDE87040012302B0FCF7DEBD6A
:10E040000021204698470646EEE700BF2DDF02007C
:10E050002DE9F041044682B00E4615461030984630
:10E06000BDF8287008F094FD26806580182017F010
:10E07000E6FC08AB054693E803006A4682E8030025
:10E080002E4603CA46F80C8B0023084AEB6047F083
:10E090000207736068602046A780A560E360C4E95A
:10E0A0000833A9606A6102B0BDE8F08139DF02007F
:10E0B00070B5044686B08068F9F7C4FD2073A06887
:10E0C000F9F7D4FD144A154BE0810493282000236E
:10E0D0001668059317F0B3FC06AB054613E9030079
:10E0E000C0228DE80300234602920821284601221F
:10E0F000FFF7AEFF336830465B682946984708B99A
:10E1000006B070BD284603F041FC284606B0BDE8C5
:10E11000704017F08DBC00BF043B0020F5DF02000B
:10E1200070B5044684B01546FDF76CFE1E4B2360A7
:10E13000A56004F11000FCF747FD002604F11A0069
:10E14000FCF742FD2673E68120461849FDF778FE6C
:10E1500020464FF4C241FDF787FE012509223146D2
:10E1600004F10C032046CDE90152009549F25022FA
:10E17000FDF78AFE052602222046CDE901260092FF
:10E18000294604F10E0341F62532FDF77DFE2046B7
:10E19000FDF708FF28B1064B1B6813B12046FFF7B7
:10E1A00087FF204604B070BDF479040014770400A2
:10E1B000043B0020024B1B680BB1FFF779BF70478F
:10E1C000043B002010B5114B1C6890B0C4B1C9B914
:10E1D0000F4ACDE9042104AA034692E80300102265
:10E1E0008DE8030002920821012206A8FFF730FF04
:10E1F000236806A99B682046984706A803F0C6FB3B
:10E2000010B010BDFFF754FF10B010BD043B00204C
:10E21000F5DF02000021FFF7D5BF00BF02207047E5
:10E2200001EB810100EB41002430704790F823207E
:10E230000023038480F8223002B9704700B585B00E
:10E240000123032240F2FF31684608F081FC05B04B
:10E250005DF804FB2DE9F0410446FDF7A3FE18B973
:10E2600000263046BDE8F0812368DFF890801B6906
:10E270004345064639D104F1240003899B07EFD5B5
:10E2800094F82230E068E77C94F82110132B0744BF
:10E2900018D894F82020914205D113E094F820205A
:10E2A0008A420FD0E0685A1C84F82220425CFA545B
:10E2B00094F82230E07C0131132B91FBF0F200FB4B
:10E2C0001211EBD92268126942459DB211D104F1B5
:10E2D00024082046FDF754FE2B4601463A464046A8
:10E2E000FCF7CAFC3046BDE8F08100212046984783
:10E2F000C3E70021204690478046EAE721E202007A
:10E3000030B503681B4A1B690D88934285B00446EB
:10E310002DD124300388AB4201D005B030BD94F834
:10E32000222094F82130E17C94F8235013440020FB
:10E3300093FBF1F201FB123384F8213084F82200C0
:10E340000123032240F2FF31684608F001FC002D52
:10E35000E3D194F82230002BDFD194F8212094F8F7
:10E3600020309A42D9D02046FFF774FFD5E700212C
:10E370009847CFE721E202002DE9F04F0368304AC9
:10E380001B690C88934285B005460F4654D12E3048
:10E390000388A34202D005B0BDE8F08F7B89002B33
:10E3A000F9D00C3707EB030B2B7CAA7C687C591C3B
:10E3B00091FBF2F602FB161686422AD0AA6997F85C
:10E3C0000080B2F90290B9F1000F17DD05F1180ACB
:10E3D000002401E0A14510D021B2504609F082F896
:10E3E000804504F10104F5D101231A464FF49661EA
:10E3F000684608F0ADFBA145EED12B7CAA6802F877
:10E400000380EB692E749E420BD00137BB45CBD104
:10E41000C1E7012303224FF49661684608F098FB98
:10E42000F3E74FF0FF33EB61022201234FF49661D3
:10E43000684608F08DFBE8E701219847A8E700BF90
:10E4400021E202002DE9F041044684B015461E4643
:10E45000FDF7D8FC2046254B40F8183B09F002F8A0
:10E46000013604F12400FCF7AFFBF6B204F12E00F4
:10E470000135FCF7A9FBEDB206F128002844012183
:10E4800003F040FA05F1140300270344C4E9020332
:10E49000A5742046E6742782278484F8227084F8C5
:10E4A00023701349FDF7CCFC20460121FDF7DCFC6D
:10E4B000A36800974FF0140806222B442046CDE9AC
:10E4C000018201210322FDF7DFFCE368CDF804801F
:10E4D0001022204602920097394633440222FDF76B
:10E4E000D3FC204604B0BDE8F08100BF407A0400B0
:10E4F000287A0400012923D070B50446407C71B10C
:10E50000A57C461C022996FBF5F205FB126202D19E
:10E51000237C83420DD0A368185C627470BD237C99
:10E52000834210D0A37C411C91FBF3F203FB121237
:10E53000F1E7E2614FF4966002F09AFF607CF1E748
:10E540006FF47A707047014870BD00BF0CFCFFFF8C
:10E550002DE9F04FB2F1000883B040F39980012B10
:10E5600000F0968005461E460091FDF71BFD002831
:10E5700000F08B802B68484F1B69BB4240F08180C4
:10E5800005F1240003899A077FD54FF0000B05F1B0
:10E590002403DA4601934FF001092846FDF702FDF6
:10E5A000002858D02B681B69BB4258D101980389B9
:10E5B0009B0750D5C34527DA95F82010EA7C95F8DB
:10E5C00021004B1C93FBF2F402FB143398421BD046
:10E5D000009A0BF1FF30104408E0EC7C95F821C064
:10E5E00092FBF4F304FB13239C450DD0EA6810F86A
:10E5F000014F54540BF1010BD9B2D84503F101027C
:10E6000085F82010E9D1C346022E2CD185F823903D
:10E61000032140F2FF3002F079FD95F8223043B932
:10E6200095F8212095F820309A4202D02846FFF72D
:10E6300011FE02F0EDFED84585F823A0ADD195F886
:10E64000212095F820309A4205D02846C346FDF790
:10E65000A9FC0028A6D1584603B0BDE8F08F0021E0
:10E6600028469847A3E795F82230002BF3D195F878
:10E67000212095F820309A42EDD02846FFF7EAFD98
:10E68000E9E70021284698477CE7DFF810B0E2E789
:10E690006FF47A7BDFE700BF21E2020016FCFFFF88
:10E6A00010B40C681346211DB4F902205DF8044B28
:10E6B000FFF74EBF012BF8B541D017460D46064671
:10E6C000D3B1022B2AD1437C027C9A423DBF817C8C
:10E6D0008918CB1AD31A9F4223DC002F1EDD6C1E33
:10E6E000E51902213046FFF705FF04F8010FA542A6
:10E6F000F7D13C462046F8BD002A0FDD4D1E1C46D2
:10E7000004E00134A74205F8010FF3D000213046A0
:10E71000FFF7F0FE0028F4DA2046F8BD002420467A
:10E72000F8BD817C3A44D31A93FBF1F201FB12331A
:10E73000C36102214FF4966002F09AFECDE76FF4B8
:10E740007A74D7E7012A0FD010B51830144608F0B4
:10E750008FFE022C01D0002010BD01214FF49660E5
:10E7600002F086FE002010BD6FF47A70704700BF83
:10E770002DE9F04F87B000AF012B7B60F86000F00F
:10E78000B6804D7C0C7CBD60A5428946934636D050
:10E790001168D9F80830B1F902105E5D002905F161
:10E7A000010824DD00244FF0FF3A21B2584608F05A
:10E7B00099FEDBF80010B1F902100134B04208BF35
:10E7C000AA46A142F1DC99F8120099F8104098FB92
:10E7D000F0F500FB1585AC421CD0BAF1FF3F40D1EB
:10E7E000D9F8083000295E5D05F10108DADC99F8F6
:10E7F000120098FBF0F500FB1585A542CDD17B6892
:10E80000022B0DD0F86808F02DFEF8681C37BD46C5
:10E81000BDE8F08F7B68022B23D1BAF1FF3F20D1F6
:10E82000594607F1140008F015FE07F11401022201
:10E830004846FFF787FF07F1140008F079FD99F8C3
:10E84000103007F1140003F1FF3A08F00BFE07F156
:10E85000140109F1180008F00BFE07F1140008F08C
:10E8600067FDBAF1000FCDDBBB6899F812409A45FD
:10E87000ABBFBB68E61AAAEB0306564406F10802D2
:10E8800022F007026D46ADEB020D00216846721CB6
:10E8900017F030F9B7F80880D9F808E01FFA8AF3C2
:10E8A000984569460FD00DF1FF3C08F1010090FB3F
:10E8B000F4F204FB12021EF808000CF8010F1FFA14
:10E8C00082F84345F1D199F81130F86801333344A7
:10E8D00093FBF4F204FB123489F8114032B208F0D1
:10E8E0009FFDF868AD461C37BD46BDE8F08F6FF45C
:10E8F0007A7108F03DFDF8681C37BD46BDE8F08F21
:10E90000437C027C934283BF807C8018C01AD01A5B
:10E91000704700BF10B5074B036003F1740103F1AA
:10E92000A402044681614262183005F0E5FA2046EF
:10E9300010BD00BF7C7A040010B5074A40F8182CBF
:10E9400002F1740402F1A4010460C160A0F1180492
:10E9500005F0D2FA204610BD7C7A040010B5084BB1
:10E96000036003F1740103F1A40204468161426271
:10E97000183005F0C1FA204617F05AF8204610BDAD
:10E980007C7A040010B5094A40F8182C02F174048E
:10E9900002F1A401C1600460A0F1180405F0ACFA12
:10E9A000204617F045F8204610BD00BF7C7A0400D1
:10E9B000F0B583B016469DF82050CAB21F463146C6
:10E9C000012304460AF07AFB012D04F1180003D05C
:10E9D000032D14BF0025022500213B46324600913D
:10E9E0000195214605F0ACFB044B236003F1740252
:10E9F0002046A433A261636203B0F0BD7C7A0400B8
:10EA000042DF7047704700BF084602F00BBD00BFF1
:10EA100082B070B50C4684B005464968206802ACE7
:10EA200003C4039908AC481084E80C00CB0745BF29
:10EA30002A58029B029CD4580AAB2E1893E8030074
:10EA40008DE8030008AB0CCB3046A04704B0BDE80E
:10EA5000704002B0704700BF82B08DE80C0000F635
:10EA60003810002102B0F7F709BE00BF82B010B520
:10EA700002A981E80C00BDF80A30062B3ED00FD960
:10EA8000152B22D040F6B932934227D1BDE8104071
:10EA900041F290134FF0FF31C05802B007F0AABA0C
:10EAA000032B21D10446002100F6540005F06EFB33
:10EAB00004F67800002105F069FB04F69C00BDE82F
:10EAC0001040012102B006F00BBCBDE8104041F23D
:10EAD00090130121C05802B007F0B6BA0D2B05D033
:10EAE000BDE8104002B07047052BF9D1BDE81040D9
:10EAF000D0F81C09036802B01B6B1847BDE8104032
:10EB0000D0F82009036802B09B6A184738B500F5B1
:10EB1000E16405462046F8F739FE40B105F10C00E6
:10EB2000FCF74EFC38B92046F8F738FE50B9BDE87E
:10EB300038400BF065BE2046F8F7EEFFBDE83840E0
:10EB40000BF05EBE2046F8F7D5FF0028EFD138BDA8
:10EB5000064A1368591E11603BB9054A116821B174
:10EB60004189136021F4005343817047BC20002089
:10EB700030200020A0F10400FFF7EABF704700BF7B
:10EB80002DE9F04F89B00446F8F726F8B64B4FF060
:10EB90000008C4E90138201D02F026F8B34B2360B9
:10EBA00004F10C073C33636004F134063846FCF78B
:10EBB00083FA04F14C05276330460922AC490BF077
:10EBC00099FD04F1640728460A22AA490BF092FD38
:10EBD00038461A22A8490BF08DFD424631460123E2
:10EBE00004F1800004F066FD04F1E00304F1B800D4
:10EBF000039306F0C1F8DDF80C80222304F53B7B7B
:10EC0000294640465B2208F093FE04F54B753946D1
:10EC1000122258460BF03EFB04F5CE6741465A4699
:10EC2000284604F5DB68049700F0E4F9934B384676
:10EC300004F5C46204F5C1610BF066F904F5AF6236
:10EC400004F5AC61404601F0A7FE04F59A6204F5B4
:10EC50009D6104F5DE6001F09FFE282704F5E16365
:10EC600018462A46059341463346009781462A2690
:10EC7000F8F710FB04F5EB6241464B46104606924E
:10EC800000962A46F9F734F840F6F87304F28475D2
:10EC90001A6801320ABF4FF01023196859694FF002
:10ECA000805304F2947618691B6900EB4000091A3E
:10ECB00001222846F9F7F8FF294630460022079638
:10ECC00005F0B0FA04F5BE62C4F8B027D4F85026B7
:10ECD000C4F8B427D4F85426C4F8B827D4F8582672
:10ECE000C4F8BC2704F5B267D4F85C26C4F8A07752
:10ECF00004F5B56604F5BB61052304F2E47A04F576
:10ED0000B860C4F8A467C4F8AC17C4F8C0275C495D
:10ED1000D4F86026C4F8A80704F5F46504F2B477C3
:10ED200004F5F966C4F8C427C4F8C837C4F8CC376A
:10ED3000C4F8D037C4F8D437C4F8E0175046314689
:10ED40000722C4F8D857C4F8DC77F8F775F94FF004
:10ED5000000901231A46CDE9009904F56C7104F607
:10ED6000540005F0EDF9CDE900990123022204F5E4
:10ED7000886104F6780005F0E3F9032302220121FB
:10ED800004F69C0006F00AFB5A4640F6AC5304F524
:10ED9000A06104F6AC0006F07BFB092104F50E60CF
:10EDA00001F0D8FB082104F60810F8F7F3FE4046FE
:10EDB00000F04AFCC4F81C09404600F029FD079BFE
:10EDC000D4F81C29009301465346C4F8200904F6E0
:10EDD000241001F041F904F5A36A04F5A66004F5D6
:10EDE000A961CDE90010039B524604F54E7104F66B
:10EDF0003810F7F7C5FDDDE90432069904F59450A3
:10EE0000F8F78CF9B4F80635A4F80A9043F40063D7
:10EE100004F5C769A4F8063548460AF099F80221B6
:10EE2000484609F063FFB4F83E36164923F4807370
:10EE30004046A4F83E3609F083F955F8040B012149
:10EE40000AF064FBAF42F8D155F8040B01210AF037
:10EE50005DFBAE42F8D1504601210AF057FB204637
:10EE600009B0BDE8F08F00BF2C7D0400647B040076
:10EE70000090004000A0004000A0014000200040A1
:10EE8000287B0400801A0600704700BF2DE9F04F70
:10EE900083B0DDE90C9ABDF83880002B3BD0B9F186
:10EEA000000F35D00F2902D1B8F1C00F33D107467A
:10EEB00028201D460E46934616F0C1FD044610302C
:10EEC00007F066FE18202680A4F802B016F0B7FD01
:10EED000CDE9009A06466B46024603CB46F80C5B2A
:10EEE00000233D68D36048F002087360E36050601F
:10EEF00091600E495161C4E90833A4F80480A2600E
:10EF00006B6838462146984740B903B0BDE8F08F9A
:10EF10001AF0010FC6D16FF47A70F6E7204602F0BE
:10EF200035FD204616F084FD0148EEE711EA0200A7
:10EF300016FCFFFF70B5002486B04FF4805380228A
:10EF400005460E4602A821460094F9F7ADFE0123BE
:10EF500002A80E4A01A9F9F7FFFD019B73B1012335
:10EF60006A460A4902A8F9F701FE05F59450F8F738
:10EF700021F902A8F9F7A2FE06B070BD002EF4D167
:10EF800002A8F9F79BFE06B070BD00BF247B040009
:10EF9000A0F10400EDF764BB10B5084B0360044614
:10EFA00000F5507008F032F9054B2360002320462D
:10EFB000E38001F089FE204610BD00BFC47B040041
:10EFC0002C7D0400094B10B50446036000F5507019
:10EFD00008F01CF9064B23600023E380204601F073
:10EFE00073FE204616F024FD204610BDC47B0400AD
:10EFF0002C7D04002DE9F04FB34B0360002604463E
:10F0000087B04660CDE9021201F0EEFD2046AF4B1D
:10F0100040F80C3B0222032364210AF04FF803233B
:10F020001A46652104F124000AF048F804F1540B53
:10F0300003230422662104F13C000AF03FF804F1A6
:10F040006C0A03231F22672158460AF037F804F19F
:10F05000840503231C22682150460AF02FF804F18E
:10F060009C07284603230E226921009504F1B40968
:10F070000AF024F83846032325226A2101970AF072
:10F080001DF803230B226B2148460AF017F80323CF
:10F090000A226C2104F1CC000AF010F804F1FC08FB
:10F0A000032309226D2104F1E4000AF007F804F5B6
:10F0B0008A7703231E226E21404609F0FFFF38465F
:10F0C000032317226F2109F0F9FF03230C2270217B
:10F0D00004F5967009F0F2FF03231122712104F563
:10F0E000A27009F0EBFF03230122722104F5AE7038
:10F0F00009F0E4FF03230D22732104F5BA7009F02F
:10F10000DDFF03232222742104F5C67009F0D6FF27
:10F1100003231A22772104F5D27009F0CFFF04F5FA
:10F12000EA7503232022782104F5DE7009F0C6FF7A
:10F13000032324227921284609F0C0FF3246032305
:10F140007A2104F5F67009F0B9FF032314227B211C
:10F1500004F5017009F0B2FF03230522862104F5AE
:10F16000077009F0ABFF032310227C2104F50D701A
:10F1700009F0A4FF032308227D2104F5137009F090
:10F180009DFF032315227E2104F5197009F096FFD7
:10F19000032316227F2104F51F7009F08FFF03233C
:10F1A0000F22802104F5257009F088FF032318221F
:10F1B000812104F52B7009F081FF032313228221A2
:10F1C00004F5317009F07AFF01230622832104F54A
:10F1D000377009F073FF01232822842104F53D7064
:10F1E00009F06CFF19228521032304F5437009F00F
:10F1F00065FF019BC4F8303304F55076009BC4F8DA
:10F200003833C4F83C73C4F82CB3C4F824A3C4F84E
:10F210002893C4F83483304607F0C8FF2C4A02997B
:10F220002C4B11602122A260039A1A6013272B68CD
:10F2300028465B6C00219847A3680137BB4205F163
:10F240001805F4DCD4F82403036800215B6C9847AC
:10F25000D4F82803036800215B6C9847D4F82C038A
:10F26000036800215B6C9847D4F8300303680021E1
:10F270005B6C9847D4F83403036800215B6C9847B3
:10F28000D4F83803036800215B6C9847D4F83C033A
:10F29000036800215B6C9847A1680122013105A831
:10F2A00007F08AFF05A9304607F0B8FF05A807F068
:10F2B000ADFFA268D4F840331344204600221A71EF
:10F2C00007B0BDE8F08F00BF2C7D0400C47B0400B4
:10F2D000F43B0020F03B00202DE9F8438268D0F891
:10F2E000403313441A7942F001021A718368002BEB
:10F2F00044DD00250646DFF88890A84600F10C049E
:10F3000013E0D3F8003703F44033B3F5003F06D1E0
:10F31000D6F840332B441A7942F008021A71B368C8
:10F320000135AB4204F1180428DDD6F84033277DBF
:10F330002B44204683F804802368DB69984707F054
:10F340001F020028EBD1202F34BF4FF0A0434B46C3
:10F3500003EB8203D3F8002702F44032B2F5403FBA
:10F36000CFD1D6F840332B4401351A7942F004024C
:10F370001A71B368AB4204F11804D6DCBDE8F88317
:10F3800000030050F8B58168D0F840331E4A0B44A2
:10F39000197921F0010119718368D2F80473D2F848
:10F3A0000413C2F80813002B2ADD064600F10C04F2
:10F3B00000250FE011F0080320464FF0020104BFC2
:10F3C000204619460AF0C0F8B3680135AB4204F193
:10F3D000180415DD23682046DB6998470028F3D11F
:10F3E000D6F840332B4419794B07E3D52046032147
:10F3F0000AF0AAF8B3680135AB4204F11804E9DC5D
:10F40000014BC3F80473F8BD006000402DE9F04FD4
:10F41000324C8568D4F804B3D4F80463C4F80863A4
:10F42000002D83B045DD9946009288460646044685
:10F430004FF0000A06E0B3680AF1010A534504F1EF
:10F44000180436DDE36894F82070DB6904F10C05DC
:10F45000284698470028EED1E36828461B6A98475B
:10F460000028E8D0638A13F400712BD0B8F1000FA4
:10F47000E1D0009A6AB31F2F07F01F07184A07F55B
:10F48000E07198BF4FF0A042019252F8211011F4A0
:10F49000403FD0D113F4807F28460CBF03210221C6
:10F4A0000AF052F80123019A03FA07F7C2F820750F
:10F4B000C1E70A4B0022C3F87C21C3F804B303B0B0
:10F4C000BDE8F08FB9F1000FB5D028460AF03CF83E
:10F4D000B1E7284600990AF037F8ACE70060004031
:10F4E0000003005010B50446062918D8DFE801F0E3
:10F4F0002B35465757041900002A54D08368002B37
:10F500000DDD03EB430300EBC303418A8C0500F1DF
:10F51000180002D51168013111609842F5D1002020
:10F5200010BD8268002AFADD02EB420200EBC20243
:10F53000438A990544BF23F4007343821830824202
:10F54000F6D10020ECE7FFF7C7FE01222046114666
:10F550000023FFF75BFF002010BD8268D0F8403326
:10F5600013441B79DA0701D4FFF7B6FE01232046C6
:10F5700019460022FFF74AFF002010BDD0F84033A3
:10F58000826813441B79DB0701D4FFF7A5FE012332
:10F5900020461A461946FFF739FF002010BDFFF735
:10F5A000F1FE002010BD6FF47A7010BD10B5044656
:10F5B00003EB43002160C4E902230121800002F033
:10F5C000A1F9002360602382204610BD704700BF70
:10F5D000064B1B68834203D01A681846D36A184743
:10F5E00010B53220F7F79CFB014810BDA43900206C
:10F5F00016FCFFFF064B1B68834203D01A681846AF
:10F60000136B184710B53220F7F78AFB014810BD7D
:10F61000A439002016FCFFFF10B5034B036004461D
:10F6200002F0B2FC204610BDE87B040010B5054B8B
:10F630000360044602F0A8FC204616F0F9F92046C3
:10F6400010BD00BFE87B04002DE9F041404C236869
:10F6500013F0010382B007464FD03E4C2368DB070E
:10F660003DD53D4D2B7823B13C4C206802B0BDE820
:10F67000F0813B4E072002F053FA304609F068FC57
:10F680000221304609F032FBF38823F480733221E3
:10F690003846F38005F0D4F8002836D1442016F01F
:10F6A000CEF9052206462F492C4C02F097FA2E4B34
:10F6B00033604C20266016F0C2F9062229498046A4
:10F6C00000F09CF8294BC3F800804046216802F006
:10F6D00069FD206801232B7002B0BDE8F08103238F
:10F6E000192285211E4809F0E9FC0123204A2149FD
:10F6F0001B48236016F09EF9B3E701221146194812
:10F7000007F0A2F901232360A7E7502016F097F92C
:10F7100032230522CDE900323946124B0F4C3246D6
:10F72000804605F073F85420C4F8008016F087F97D
:10F730004FF0060C3C23CDE9003C3246094B3946DC
:10F74000804605F05BF9094BC3F80080BDE700BFB8
:10F750009C390020A03900201C430020A43900203F
:10F76000B0390020A8390020E87B0400C839002007
:10F7700040200020CDF5020010B5044616F058F9DF
:10F78000204610BD064B1B68834203D01A681846FA
:10F79000D369184710B53320F7F7C2FA014810BDF6
:10F7A000C839002016FCFFFF064B1B68834203D0BC
:10F7B0001A681846936A184710B53320F7F7B0FA5D
:10F7C000014810BDC839002016FCFFFF10B5034BDF
:10F7D0000360044602F030FD204610BD287C040082
:10F7E00010B5054B0360044602F026FD204616F0D6
:10F7F0001FF9204610BD00BF287C040010B5044648
:10F8000002F01CFC014B2360204610BD287C040044
:10F8100008B5FFF719FF014B186808BDC83900206B
:10F8200082B070B50C4684B005464968206802ACC9
:10F8300003C4039908AC481084E80C00CB0745BF0B
:10F840002A58029B029CD4580AAB2E1893E8030056
:10F850008DE8030008AB0CCB3046A04704B0BDE8F0
:10F86000704002B0704700BFF0B44B684568046850
:10F870000F688668EB1A06EE903AE71BF8EEE66A28
:10F8800007EE907A8B68F8EEE77A66EEA66AF31ACE
:10F89000E7EEA76A012A07EE903AF8EEE77AE7EE7C
:10F8A000A76A35DD02EB420201EB8207B0EE666A21
:10F8B0000C3FD1E90303EB1A07EE903A201AF8EE59
:10F8C000E77A07EE100A4A69B8EEC77A67EEA77AB8
:10F8D000B21AE7EE077A0C3107EE102AB8EEC77AB3
:10F8E000E7EE077AF4EE667AF1EE10FAF4EE467A75
:10F8F00048BFF0EE676AF1EE10FAC8BFB0EE676A73
:10F900008F42D6D176EE667AF0BC17EE900A704739
:10F91000B0EE666A76EE667AF0BC17EE900A704733
:10F920002DE9F0472DED088B84B004AC04E90E00FE
:10F93000159A039E00234FF480619A428146DDE9C7
:10F940000187C0E9003383608361C0E9031141612D
:10F9500040F3D080149DDFED778A02EB420205EB85
:10F96000820A2C46D4E90013FB1A07EE903AA8EB62
:10F970000101F8EEE77A07EE101AA268B8EEC77A2E
:10F9800067EEA77AB21AE7EE077A0C3407EE102A70
:10F99000B8EEC77AE7EE077AF5EE407AF1EE10FAA4
:10F9A000B1EEE78A00F1B180FDEEC87AF8EEE77AB1
:10F9B000F4EE687AF1EE10FAC8BFF0EE678AA2455D
:10F9C000D0D1DFED5C9AB7EE00BAB0EE69AAF0EEE6
:10F9D00069AAB0EE699AD5E90012B81A07EE900A42
:10F9E000A8EB010006EE900AF8EEE77AAB6867EE46
:10F9F000A77AF8EEE66AF01A07EE100AE6EEA67AA3
:10FA0000B8EEC77AE7EE077AF5EE407AF1EE10FA33
:10FA1000B1EEE78A7ED4A1EB0801D21B9B1B0C350B
:10FA200007EE101AB8EEC76A07EE102AC8EE887AF9
:10FA3000F8EEC76A07EE103AB8EEC77AC6EE085A73
:10FA400086EE886AC7EE086A77EECB7AF0EEE55A62
:10FA5000F4EE497AF1EE10FAB0EEC66AB0EEE67A4C
:10FA6000C8BFB0EE679AAC42E5EEA7AAA6EE27AAF9
:10FA7000E7EE279AAFD16AEE0A7ABDEEE87AEAEEAF
:10FA8000AA7A17EE103AE9EEA97AF5EE407AF1EE8D
:10FA900010FAB1EEE78A45D44846C9E90087C9F8AB
:10FAA0000860C9F81830CAEE886A8AEE087A89EECA
:10FAB000886AF7EE007AF0EE675AE9EE265AF0EE21
:10FAC000656AF0EE675AE9EE075AE9EE067AB0EE9B
:10FAD000657AFEEECB6ABEEECB7AFEEECB7AC9ED4E
:10FAE000036A89ED047AC9ED057A04B0BDEC088B90
:10FAF000BDE8F087DFED0F9AB0EE69AAF0EE69AAD3
:10FB0000B0EE699AB0EE698AC6E717EE900A13F074
:10FB1000FDF849E717EE900A13F0F8F8D5E900125E
:10FB2000AB6878E717EE900A8DED007A13F0EEF8E7
:10FB3000009BB1E7000000002DE9F04F8BB0131ED1
:10FB40008346019100937ADD03EB430000230A46CC
:10FB500001EB80001C461946D2E9007695680C320C
:10FB600082423C4431442B44F6D1009A94FBF2F09B
:10FB7000059091FBF2F193FBF2F3059ACBF8083074
:10FB8000CBE900215846DDE90021FFF76DFE002397
:10FB9000CDE9033305EE900A02930DF11C086FF0D6
:10FBA000C7096FF0C70A6FF0C7079BE8070088E82E
:10FBB0000700DDE90745099E4C443E445544DDE914
:10FBC00000214046CDE907450996FFF74DFE07EEB7
:10FBD000900AF4EEE57AF1EE10FA07F1C80704D5C1
:10FBE000CDE9035605EE900A0294B7F5C87FDCD143
:10FBF0000AF1C80ABAF5C87FD5D109F1C809B9F523
:10FC0000C87FCED1059B029A93420AD0039A029BE9
:10FC1000CBF80420049ACBF80030CBF808200593E9
:10FC2000BDE7DBF80430039A9342EFD1DBF80830EC
:10FC3000049A9342EAD158460BB0BDE8F08F0023F6
:10FC40001946059399E700BFF0B587B003AC0546A8
:10FC50000E4617462046FFF76FFFCDE9006728469E
:10FC600094E80E00FFF75CFE284607B0F0BD00BF29
:10FC700082B02DE9F04FEDB076A98346642081E88B
:10FC80000C0001F04DFF0522114610A807F08CF87A
:10FC9000BD4911A807F090F821AB6CA900229A6029
:10FCA000C3E900220C338B42F9D1DBF808008DF850
:10FCB00064200368B54E9B6ACDE91322CDE9152275
:10FCC000CDE9172298470B90DBF808000368FF2165
:10FCD0005B6A9847DBF808003C3003F067FF43F6A7
:10FCE0008C420023079204939A460693CDF814B0F1
:10FCF0009B46079B43F68C4293420DF1640900F04A
:10FD0000AE80A34A9342C0F2AA80079BA3F164028B
:10FD100014B2002B00F0DA80049B0F2B00F0D68089
:10FD2000079BCDE9074306999A4B059D2831A3FB14
:10FD30000132C820920900FB1212D3B26868069300
:10FD400002F0ECF80446686802F0F0F814F52A7F37
:10FD5000C0F2A18014F1C80FC0F2B080B4F52A7FC0
:10FD600000F30D81C82C40F31F81032310F52A7F77
:10FD700009931F4680F2968000230A93984610A8A4
:10FD800006F07EFF814D13AC05E04C4505F1020500
:10FD90000ED014F801BFBBF1010FF6D16A782978B3
:10FDA000FF2310A806F076FF4C4505F10205F0D1BF
:10FDB000069BDDE9091210A806F06CFF089B002BDA
:10FDC00002DB049B0F2B08D9059B98680023009346
:10FDD00010301A4610A907F055F800231C460DF103
:10FDE000300B04E00134192C2BD016F814309F424C
:10FDF000F8D106EB44035B784345F3D10AEB4A03A1
:10FE000021A901EB830513AB5846195D01294FF079
:10FE10000002E7D0059B196802F0C6F99BE80700CD
:10FE200013AB85E80700049D4FF001021A55013518
:10FE300001340AF1010AEBB2192C5FFA8AFA049331
:10FE4000D3D1642001F06CFEBAF1180F47D8079B9C
:10FE50009DF84CB043F68C4293427FF452AF059C20
:10FE6000A068F9F7BBF9A0684B4900F13C041AA857
:10FE700007F092FA78221AA9204603F079FF1AA80F
:10FE800007F056FA43F68C4343F62842CDE90723A0
:10FE90000023049347E7002309931F4610F52A7FA8
:10FEA000FFF66AAF10F1C80F0CDBB0F52A7F62DCF9
:10FEB000C82875DD03230A93984660E70123099358
:10FEC0001F46EBE701230A93984658E7059B98687D
:10FED000079B08933C3003F069FE079423E75246E2
:10FEE00021A91AA8DDF814B0FFF7AEFE1DAB0FCBA9
:10FEF000DBF800408DE80F001AAB20460ECB02F075
:10FF000037F9DBF80C0020B11AAA1C23234904F0AE
:10FF1000EDF9DBF80800F9F761F9DBF8083011A911
:10FF200012A803F13C0406F07BFE002340F2DC52F1
:10FF3000CDE9003212A91A46204603F087FE12A826
:10FF400006F060FE4FF47A7001F0EAFDDBF808007D
:10FF5000F9F744F9DBF808000B9903685B6A9847E6
:10FF600011A806F04FFE10A806F04CFE6DB0BDE8DB
:10FF7000F04F02B0704704230A939846FFE604232B
:10FF800009931F468AE700BF587C0400C47C040024
:10FF9000D18AFFFF1F85EB51A07C0400B87C0400D0
:10FFA00002230A939846EAE6022309931F4675E75F
:10FFB0002DE9F04F83B0DDE90C9ABDF83880002BB5
:10FFC0003BD0B9F1000F35D00F2902D1B8F1C00FE5
:10FFD00033D1074628201D460E46934615F02FFDC7
:10FFE0000446103006F0D4FD18202680A4F802B094
:10FFF00015F025FDCDE9009A06466B46024603CB77
:020000040003F7
:1000000046F80C5B00233D68D36048F0020873603B
:10001000E360506091600E495161C4E90833A4F86F
:100020000480A2606B6838462146984740B903B007
:10003000BDE8F08F1AF0010FC6D16FF47A70F6E7C1
:10004000204601F0A3FC204615F0F2FC0148EEE743
:1000500021F8020016FCFFFFF0B58DB0044612989F
:10006000C4E90012C4E902301C4904F005F9E8B102
:100070000646074656F8100FD4F800E07168B268DB
:10008000F3680DF1140C65460FC530697169B269EA
:1000900007C50CAB13E90F008DE80F0070469CE814
:1000A0000E0002F065F8384615F0C2FC0C4B1B68D8
:1000B00083B10C4A05920022069205AA92E8030039
:1000C000C0228DE80300029218460322234606212F
:1000D000FFF76EFF20460DB0F0BD00BFB87C0400F6
:1000E000043B002071FC0200C38843F48043C380BA
:1000F000704700BF82B0C0F30761C0F30742C0F38E
:1001000007238DF807008DF804108DF805208DF871
:100110000630019802B0704782B0C0F307238DF813
:1001200007008DF80630BDF8060002B0704700BF2A
:1001300029DF704728DF7047022802D1014B0122D6
:100140001A7070471D430020704700BF70B50C4601
:10015000F6F7CAFD98B1164D00232B704FF080566C
:1001600002E00A2003F022FB3069B4FBF0F0FFF755
:10017000E1FF0028F5D12B78002BFCD070BD0D4A93
:100180000223C2F80435D2F80034002BFBD0094911
:10019000C2F80845D1F80034002BFBD00023054AF3
:1001A000C1F80435D2F80034002BFBD070BD00BF7D
:1001B0001D43002000E00140F8B50D4614461E46E0
:1001C000F6F792FD88B11A4F00233B7002E00A2037
:1001D00003F0ECFA324621462846FFF7A9FF002833
:1001E000F5D13B78002BFCD0F8BD124A0123C2F8B0
:1001F0000435D2F80034002BFBD0002E0EDD211F79
:100200000C4A01EB8606281F51F8043F40F8043FD2
:10021000D2F80034002BFBD0B142F5D1054A0023BF
:10022000C2F80435D2F80034002BFBD0F8BD00BF73
:100230001D43002000E00140F0B50B4687B09A68EE
:10024000496804461868DB6802AD0FC59DF8086070
:10025000032E3CD84FF08053BDF80A201D699DF84D
:100260000930039F022B05FB02F51FD006AB13E9F3
:1002700003006A4682E80300731EDBB203EB830CC3
:100280004FEA8C0C03CA0CF1100E03EB830304EB52
:10029000830304EB0E0C2F4444F80E00CCF804103A
:1002A00000201E719D60DF6007B0F0BD0498002142
:1002B00002E00131642902D0435C002BF9D1002215
:1002C0000BF0F6F80023CDE900036A46D4E76FF49B
:1002D0007A70E9E72DE9F04F604A614C614B4FF0CD
:1002E000805122440C69D21A85B0B2FBF4F304FBAE
:1002F00013230192002B00F0AD800C691444E41A22
:1003000040F6F8734FF080511A680F6901320ABF46
:100310004FF010231E685E694FF080531B69A6EBF7
:100320008306A6427DD98046DFF848A1DFF848B1B0
:1003300008E054F8103C5B4576D027F003031C44DA
:10034000A6426ED9CDF80CA0039B2268DB439A42EB
:10035000EFD16368444A9342EBD1A368434A934286
:10036000E7D102F14E42E368A2F5A512A2F64F22B0
:100370009342DED198F80020032A1CD002EB8201C0
:10038000531C08EB8101DBB200264FF4E035032B50
:100390008E60CD6088F800300E715DD003EB830174
:1003A00008EB810102328D60D2B20120019DCD6047
:1003B00088F80020087140F6F8714FF08053086803
:1003C0001F691D6901300ABF4FF010230868586982
:1003D0004FF08053032A1E6911D002EB820108EB13
:1003E0008101A0EB8600019BB3FBF5F3013205FB15
:1003F000037302268B60C86088F800200E712246C5
:10040000234652F8101F5268C8F82820C8F8241054
:1004100053F8182F5B68C8F83C30C8F83820C8F883
:10042000304005B0BDE8F08F54F8043C104A9342C8
:1004300083D114F8083C002B3FF47FAFA4F12005D2
:10044000A5EB031929464046103DFFF7F5FE4D4543
:10045000F8D172E7019C53E71A46ACE7B8230020B5
:100460007094040040200020C615A841C49866C9B5
:100470009DD7B1C18F71C46DFE307F5903460022F4
:1004800010B503F8102B044600F14C0103F80C2CB6
:100490001A605A6043E9022214338B42F6D1204697
:1004A000FFF718FF204610BD10B5044B0360002372
:1004B0000446C38000F008FC204610BD2C7D0400DB
:1004C00010B5064B036000230446C38000F0FCFB1C
:1004D000204615F0ADFA204610BD00BF2C7D04006B
:1004E000F0B51B4F85B0054600F118062C6974B1B4
:1004F000E278012A0DD0022A05F1200021D100F076
:10050000FFF92B69A3420AD01C46002CF0D105B09C
:10051000F0BD304600F0CAF92B69A342F4D10222A3
:10052000C7F88020BFF34F8FBFF36F8F2969EB7A35
:10053000496A2961013BEB7220463A6015F078FA6E
:10054000D4E701230A21684606F002FBD9E700BF81
:1005500000E100E070B5114B0360002504464560E2
:100560000E4600F041FB20460D4B40F8183B21465B
:1005700000F098F9214604F1200000F0BDF9094B84
:10058000A57207210622E57221726272A680E580BB
:10059000C4E9035565611C60204670BD2C7D0400D4
:1005A000087D0400CC39002038B543694BB3C27ACA
:1005B000032A23D8C288D2074CBFC268124A9A6263
:1005C00004462C2015F03BFA2C220021054615F09C
:1005D00091FA636900225A6222690AB90BE01A464D
:1005E000536A002BFBD163695362E37A656101337F
:1005F000E372002038BD63692361F6E76FF47B7016
:1006000038BD6FF47A7038BD16FCFFFF38B5194B52
:10061000D3F8002122B100210122C3F800119A6011
:10062000144BD3F80C217AB1134C0021C3F80C11F0
:100630002068D3F80054C288012D02F0010204D0D2
:100640009AB90C4B01229A6038BDD3F848350AB1EB
:100650005B42C360FFF7A8FF2268064B5269C3F8EC
:100660000425044B01229A60EEE7024BC16001228F
:100670009A60E9E700100040CC390020F8B5C38843
:10068000DB0701D50020F8BD0446F6F72DFB002856
:100690006DD16569002D61D04FF0804300220121AA
:1006A000C3F800211A461960D2F80031002BFBD0A4
:1006B000637A304A304DD35CC5F80C35227AC5F8E0
:1006C00008252E4B0022C5F81025C5F81C35A67A42
:1006D000F6F70AFB00283DD0274BDFF8B0C0284FC3
:1006E000284D002001210826C3F82C050222C3F85A
:1006F0003015C3F81465C3F818C54FF6FF7CC3F86E
:100700003425C3F83CC5C3F838751827C3F85475A9
:100710006769C3F80475C3F80463C5F880212A60CB
:10072000D3F8002242F01002C3F80022C3F80001FF
:100730001A465960D2F80031002BFBD0E38843F40D
:10074000804343F0010300200121C2F80C019160B5
:10075000E380F8BDA672C5F82465BDE72C2015F02E
:100760006EF929462C2215F0C5F9606194E7064818
:10077000F8BD00BFF87C0400001000407469627589
:100780002110010000E100E016FCFFFF2000040240
:1007900010B50446F6F7A8FAF8B9E38813F0010398
:1007A00001D1184610BD0E4B0222C3F88020BFF3C2
:1007B0004F8FBFF36F8F0B4B0121C3F810011A4607
:1007C0001961D2F81031002BFBD0E38823F4804369
:1007D00023F00103E380002010BD034810BD00BFDB
:1007E00000E100E00010004016FCFFFF70B5054678
:1007F0000C46F6F779FA002836D1EB8844B113F0AD
:1008000001041FD1194A1068C0F3400070B970BDCF
:1008100013F0040120D113F00200F8D0134A23F0A2
:1008200002030224EB801460084670BD43F002030B
:100830000221EB80C2F88010BFF34F8FBFF36F8FA0
:10084000204670BD06462846FFF7A2FFEB8843F01E
:1008500004033046EB8070BD23F00403EB80284690
:10086000FFF70CFF204670BD014870BD00E100E0BD
:1008700016FCFFFF0346006988B1094930B4022421
:10088000C1F88040BFF34F8FBFF36F8F1D69DA7AD5
:100890006D6A1D61013ADA720C6030BC70477047B6
:1008A00000E100E00022C0E90012704710B50446E4
:1008B00084B00068FFF7DEFF002343626268B2B1D4
:1008C000516A09B915E011464A6A0133002AFAD182
:1008D000032B08DC486201231A460921684606F00A
:1008E00037F904B010BD15F0A3F804B010BD606076
:1008F000F1E71146EEE700BF002241600270704749
:1009000038B504464068FFF7B5FF0123054623705C
:10091000043006F047F9002328462370BDE838402C
:1009200015F086B810B50446006806F02FFE204684
:1009300010BD00BFF8B522EAE275044605F10C00CF
:100940001F460E4600F098FF206006F047FE236821
:100950001D72226857603EB120682A463146093030
:10096000BDE8F84015F0A2B8F8BD00BF10B5074CBF
:100970000023204619460122FFF7DCFF2046044AE7
:100980000449BDE8104015F055B800BFD03900202B
:10099000402000202509030010B50023044607F07D
:1009A000DFFC024B2360204610BD00BF0065040041
:1009B00088B110B5044615F0D9F8013820448442B6
:1009C00007D22378027804F8012B00F80139844219
:1009D000F7D3002010BD6FF47A707047F8B549B3B3
:1009E00080EAE074C4EBE0744F1E0025DFF84CC0D1
:1009F00000E01D468CFB0423E217C2EBA30202EBCE
:100A00008203C4EB43033033564207F8013F1446D8
:100A10006B1C002EEDD1002801EB030203DA2D221E
:100A20000235CA544A19002308461370FFF7C0FF65
:100A30003046F8BD6FF47A76FAE700BF67666666FF
:100A4000014B186000207047D4390020002821DDB8
:100A500030B4124D124B2A68002A00F1FF3408BF4F
:100A60001A4621460020930983EAD273534083EA51
:100A7000121383EA92035208534042EAC37202F00F
:100A80000103490843EA4000EDD1A042E9D82A60B9
:100A900030BC70476FF47A70704700BFD4390020C3
:100AA000A10D0C000A4B036010B40A4C0023C38054
:100AB000224602E001333C2B06D052F8041B884248
:100AC000F8D1002244F823205DF8044B704700BFA2
:100AD0002C7D0400D83900200048704716FCFFFF29
:100AE00010B504460A4B0B4823600023E3800246FE
:100AF00002E001333C2B06D052F8041B8C42F8D1A3
:100B0000002240F82320204614F092FF204610BD1A
:100B10002C7D0400D8390020013908B503290AD8F2
:100B2000DFE801F00B0B02020368084ADB6893421E
:100B300001D000219847002008BD0368034ADB6804
:100B40009342F8D001219847F5E700BFD16F02002A
:100B500070B584B004AC04E90F00BDF80230012B7D
:100B600018D0022B14D1154C154E04F1F00501E0FC
:100B7000AC420DD054F8040F0028F9D0C3885B04B0
:100B8000F6D503689B68B342F2D09847AC42F1D1E6
:100B900004B070BD094C0B4E04F1F00501E0A54214
:100BA000F6D054F8040F0028F9D0C3889A04F6D57B
:100BB00003685B68B342F2D09847F0E7D43900206D
:100BC000516502004D65020010B5064C20884FF6B5
:100BD000E853984203D91520F0F708FE2088431CFB
:100BE000238010BD6A2300202DE9F041314C82B0F2
:100BF0002246002302E001333C2B05D052F8041BAF
:100C00000029F8D144F823002B4C237813F001037A
:100C10000BD12A4D2A6842B10093102201234FF4D0
:100C20007A60002102F006FD10B102B0BDE8F0814B
:100C30002820D5F80080224E14F001FFC023009335
:100C40000122204B1021074600F06CFED8F800303E
:100C50005B68B34222D1384600F098FE384614F063
:100C6000E7FE28202F6814F0EAFEC023009302223A
:100C7000144B0F21054600F055FE3B685B68B342FC
:100C800012D1284600F082FE284614F0D1FE2378C7
:100C900043F00103237002B0BDE8F08140463946BD
:100CA00098470028DDD0D6E73846294698470028DF
:100CB000EDD0E6E7D83900201E430020043B002099
:100CC000D90A0300510B030010B4084C002322463C
:100CD00002E001333C2B06D052F8041B8142F8D1CC
:100CE000002244F823205DF8044B7047D8390020D7
:100CF000062816D8F8B50123834013F0580F0E4686
:100D000005460FD0104CA4F1F00754F8043D3246CC
:100D10002946184613B11B681B699847BC42F4D199
:100D2000F8BD704713F0270FFAD0084C04F1F00714
:100D300054F8043F32462946184613B11B681B6914
:100D40009847A742F4D1F8BDC83A0020D439002012
:100D5000084600F067BB00BF0048704716FCFFFF65
:100D600010B5044609F044FDE3696BB1A2699A61CC
:100D7000A3690BB1E269DA610023C4E90633636158
:100D8000BDE8104009F026BDD4E905321A60EFE74E
:100D900038B50D46044609F02BFD2A6865610AB98D
:100DA0000AE01A469369002BFBD19461C4E906322C
:100DB000BDE8384009F00EBDC4E906222C60BDE84C
:100DC000384009F007BD00BF2DE9F04184B004AC04
:100DD00004E90F00114B1C68DDE902014FF47A723F
:100DE000002314F035FCB4B1DFF8348006460F461A
:100DF000E268A56900239F4208BF964208D3636951
:100E000020460BB1FFF7ACFF20464146FFF7C0FF7D
:100E10002C46002DECD104B0BDE8F081D03A002082
:100E2000D83A00202DE9F04FDFF8E08093B0D8F8F1
:100E3000005004AC84E80F00002D32D02F4BBDF8D9
:100E400010401A68BDF81260AAB12D4F4FF0000A89
:100E500040F2FE3540F2FF39D368D2F818B0190CD1
:100E6000AC429BB288B21FD0002B33D09C4231D011
:100E70005A46002AF0D1A4F2FE33012B11D9D8F83A
:100E80000050204B10273246214608A8009700F05A
:100E900049FD2B681C4A9B6893422AD108A800F0A0
:100EA00075FD13B0BDE8F08F4B45DDD109B1B042FF
:100EB000DED1BAF1000FDBD1536923B110460392A2
:100EC000FFF74EFF039A10463946FFF761FF4FF0D8
:100ED000010ACDE709B1B042CAD1536923B1104626
:100EE0000392FFF73DFF039A10463946FFF750FF84
:100EF000BEE7284608A99847D0E700BFE83A002097
:100F0000D83A0020250E0300590D0300CC3A0020EA
:100F1000014B1868704700BFDC3A002038B509F073
:100F200067FC164B1C68D4B1636913B12046FFF708
:100F300017FF09F04FFC002323616362256809F065
:100F40009DFC0146284609F0A5FC09F051FC0C4B1C
:100F50001A6822621C6009F03DFC204638BD28203A
:100F600014F06DFD28220021044614F0C3FD09F0A1
:100F700089FC0023C4E90003A360DAE7E03A00201B
:100F8000DC3A002038B50A4B1C682369DB0707D51B
:100F9000084D286830B1636A4362002363620446E7
:100FA000204638BDFFF7BAFF28600028F8D0F2E7E6
:100FB000C83A0020D43A00202DE9F041464D2A7865
:100FC00012F0010482B002D002B0BDE8F081434EBD
:100FD000434F3060FFF7A2FF424B43491860FFF7D1
:100FE000D7FEFFF79BFF3860D0F8008009F046FC81
:100FF000011F404609F04CFC3B683C49186809F069
:1010000045FC3768002F4ED0282014F018FDC0236F
:101010002246009340F2FF31354B364C804600F0BB
:1010200081FC3B685B68A34244D1404600F0AEFCC3
:10103000404614F0FDFC2820D6F8008014F0FFFC98
:10104000C023009300222A4B40F2FE31074600F0F5
:1010500069FCD8F800305B68A34237D1384600F00D
:1010600095FC384614F0E4FC00230F220021009385
:101070004FF47A60012302F0DDFA2820376814F07B
:10108000DEFCC023009301221B4B0F21064600F01B
:1010900049FC3B685B68A34212D1304600F076FC05
:1010A000304614F0C5FC2B7843F001032B7002B0DE
:1010B000BDE8F0813846414698470028BBD0B4E7E8
:1010C0003846314698470028EDD0E6E74046394695
:1010D00098470028C8D0C1E71F430020CC3A002021
:1010E000E43A0020C83A0020D83A002061160300F4
:1010F000250E0300D90A0300C90D0300024B18781E
:1011000000F00100704700BF1F430020F0B51F4FE3
:101110003B6883B0002B37D01D4B1B78DB0733D5E2
:101120000E460446FFF72EFF436944EA0642054691
:10113000C2600BB1FFF714FE28461649FFF728FEE0
:10114000A4F2FE33012B16D928203F6814F077FC57
:10115000C0233246009321460F4B054600F0E2FBC8
:101160003B680E4A5B68934208D1284600F00EFCAB
:10117000284614F05DFC002003B0F0BD3846294637
:1011800098470028F7D0F0E70548F5E7CC3A00206B
:101190001F430020E83A0020250E0300D90A03006F
:1011A00016FCFFFF2DE9F04128B321B30546984610
:1011B00017460E46FFF7B2FE0446E0B132463B4604
:1011C0002946006809F070FB256809F057FB011FEC
:1011D000284609F05DFB0A4B0A492068B8F1000F68
:1011E00018BF194609F052FB20460749FFF7D0FD0A
:1011F0002046BDE8F08100242046BDE8F08100BF14
:101200003916030065150300D83A0020074B1B78F8
:1012100013F0010308D010B4144601230A462146F6
:101220005DF8044BFFF7BEBF184670471F43002010
:10123000024B1868B0FA80F040097047D83A002095
:1012400030B50F4D2B789A0785B004D50D4B1B6830
:1012500073B105B030BD43F00204022201230F2117
:1012600068462C7005F074FC064B1B68002BF0D10F
:101270002B7823F002032B70F5F79AFE05B030BDF2
:101280001F430020D83A00202DE9F0415A4D2C6828
:101290002369D90737D4594E594F3268396812B388
:1012A0006069B04200F089802A6091421CD094426B
:1012B00052D08C4252D0534B62699A424ED0206831
:1012C00009F0EAFA064609F0E9FAD4E90131361ADA
:1012D000CB1A9E422F6860D82068BB683A68BDE888
:1012E000F04109F011BC29601B0745D52C60FFF7C0
:1012F000A7FF3368002BFAD09C422B602CD03968B2
:101300008B42D6D13BE0404E2068326843F0020366
:1013100023611369146843F00403136109F0C2FAEE
:101320000146204609F0B6FA3768386809F0B4FA81
:10133000044609F0B3FAD7E90123241A9B1A9C4208
:1013400041D833689968186809F01FFC2B681A693E
:101350000021920731600AD4BDE8F0812A6800219B
:10136000936812680846BDE8F04109F0CDBB1868E3
:10137000BDE8F04109F043BC2B689C42ECD01E68EC
:1013800009F07CFA011F304609F082FA3B681F49D8
:10139000186809F07BFA39688BE72C6009F07EFA4F
:1013A0006068203626F01F0618BB304600F064FA4D
:1013B0003118C4E901012F608EE7A069002818BF29
:1013C00002462A6071E7D5F800802F6009F066FABE
:1013D0007868203424F01F0440B9204600F04CFA0D
:1013E0000444C7E90104C5F80080AAE700F06AFADE
:1013F000F3E700F067FAD8E7C83A0020D83A0020AF
:10140000E43A0020E03A0020D43A002061160300BC
:10141000034B1B78DB0701D5FFF736BF704700BFD2
:101420001F43002070B5104D2A78D20714D504460A
:10143000FFF7A8FD064602F0DDF873692044F0606E
:1014400013B13046FFF78CFC30460849FFF7A0FC8B
:101450002B78DB0704D470BDBDE8704000F060BBA2
:10146000BDE87040FFF710BF1F430020D03A0020B6
:1014700000B583B0FFF74AFE18B9074B1B78DB07AE
:1014800002D403B05DF804FB0190FFF7FDFE019864
:1014900003B05DF804FB00BF1F43002038B5284DA2
:1014A0002868436913B1FFF75BFC2868254C214687
:1014B000FFF76EFC24684CB1A369002223B11C46DF
:1014C0000132A369002BFAD1032A22DC2B68002207
:1014D0001A611C6809F0D2F90146204609F0DAF9D0
:1014E00009F086F9184B29681A688A4225D04AB152
:1014F000136A99421DD02BB11A6A91421AD0134631
:10150000002BF9D109F066F9104B1B78DB070CD4DE
:1015100038BDE2692068936100F0D4F9606800F09A
:10152000D1F9204600F0CEF9D0E7BDE83840FFF70A
:10153000ABBE13460A6A1A62E4E7126A1A60E1E770
:10154000C83A0020E03A0020DC3A00201F43002087
:10155000034B1B78DB0701D5FFF7A0BF704700BF27
:101560001F43002010B50C468047A047044B1B7852
:10157000DB0700D410BDBDE81040FFF78FBF00BFF0
:101580001F430020034B1B78DB0700D47047FFF795
:1015900085BF00BF1F430020002842D02DE9F04145
:1015A000DFF8908098F80030DC0782B032D51E4F0B
:1015B0003B680A4619694907054601D15C6A44B18E
:1015C000284601231949FFF7EDFD002002B0BDE8D0
:1015D000F0811868019209F0FAFA3968019A0B69EA
:1015E00013F0020618D143F0010310460B61A8471F
:1015F0003B6818695E6220F0010210F004001A6175
:10160000E4D098F8000010F00100DFD0FFF746FFAB
:101610003046DBE70648D9E723F003030B61204699
:10162000D4E76FF47A707047C83A0020851503003C
:1016300016FCFFFF1F43002038B503461446104632
:101640000D4698472046A847044B1B78DB0700D47B
:1016500038BDBDE83840FFF721BF00BF1F43002061
:1016600008B5044CFFF7ECFD2378DB07FAD5FFF74C
:101670000BFEF7E71F430020024B1878C0F38000F1
:10168000704700BF1F430020054A137818B923F0A4
:1016900004031370704743F004031370704700BFD6
:1016A0001F43002010B40024C460C0E9001102727E
:1016B0005DF8044B704700BFF8B5194D2B78DA0779
:1016C00000D4F8BD044609F093F82668013E266070
:1016D00009F080F8002EF4DAFFF754FC436907465E
:1016E0000BB1FFF73DFB04F10C013846FFF750FB4F
:1016F00009F07EF823689E4208DD7B6913B1384605
:10170000FFF72EFB38460749FFF742FB09F062F866
:101710002B78DB07D5D5BDE8F840FFF7B5BD00BF96
:101720001F430020D83A0020036810B5C468013375
:10173000036054B1636913B12046FFF711FB2046E3
:101740000249BDE81040FFF723BB10BDD83A002086
:10175000C36810B504462BB12046FFF7E5FFE368E8
:10176000002BF9D1237A0BB96368236010BD00BF49
:1017700000680028B4BF404200207047F8B50C4C08
:1017800005460E46277809F033F80A4A731B02EB28
:10179000C7019B0843F0004342F837504E602B606E
:1017A00023780133237009F015F80020F8BD00BF3D
:1017B00021430020EC3A0020064B1B78834207D9D6
:1017C000054B03EBC00253F830305068C01A704725
:1017D0000020704721430020EC3A0020F8B5830731
:1017E0004FEA90063BD188B10D4609F001F8D5E9E2
:1017F0000045771CA54206D92368002B07DB04EBC4
:101800008304A542F8D808F0E5FF0020F8BD23F0D6
:101810000043990054F82320002A04EB01000DDB5B
:101820000EE022F00042134443F00042226054F8DC
:1018300023209900002A04EB010001DA8542F0D848
:101840009F4201D90C44D5E702369E4209D3236852
:1018500023F00043236008F0BDFF201DF8BD0136D2
:10186000C2E704EB8606B542F1D9DB1B43F0004327
:1018700046F8043C2760EEE738B5044640B10C4D0D
:101880002B783BB120460B49FFF7A8FF044658B11F
:10189000204638BD0849094A086809491370FFF70E
:1018A0006DFF01232B70EDE71420EFF79FFFEFE7AB
:1018B00020430020EC3A0020182100202143002082
:1018C00000F80120A0B10E4B1A6882420DD25B686D
:1018D00083420AD950F8043C002B10B5044608DDB9
:1018E00043F0004344F8043C10BD1E20EFF77EBFD8
:1018F00070471E20EFF77AFF54F8043CF0E700BF72
:10190000EC3A002038B501FB00F52846FFF7B4FF9C
:10191000044628B101232A460360002114F0EAF8A6
:10192000204638BD2DE9F041044610308846174660
:101930001E46BDF8185005F02BF90020E060C4E900
:101940000800A4F800806780A660A5802046BDE856
:10195000F08100BF2DE9F843BDF82450089E0446ED
:101960001030894690461F4645F0010505F010F9F4
:101970000020C4E90800A4F80090A580A4F8028023
:10198000C4E902762046BDE8F88300BF83889B0740
:1019900010B5044602D5806814F04AF8204610BD00
:1019A00082B070B586B00AA981E80C00036A4BB317
:1019B0001C696CB1012200E01C4623690132002B36
:1019C000FAD1092A05DD06B0BDE8704002B07047C3
:1019D0001C460AAB0FCB02AD85E80F00182014F0AF
:1019E0002EF806AB064613E9030095E80C008DE8D7
:1019F0000300304605F0F2F8266106B0BDE87040FD
:101A000002B0704704460FC902AD85E80F001820E8
:101A100014F015F806AB064613E9030095E80C0030
:101A20008DE80300304605F0D9F8266206B0BDE81F
:101A3000704002B0704700BFD0E9002303F10053AB
:101A4000013B10B402EBC304A24210D852F8333069
:101A500099420CD8A21A22F007022346A21A03E0E8
:101A600053F8080D814202D893421C46F8D16068B1
:101A70005DF8044B704700BFD0E9002303F100502C
:101A8000013802EBC0039A4252F8300016D8814266
:101A900015D89A1A22F0070210B49A1A03E053F8E4
:101AA000080D814206D893421C46F8D118685DF8AB
:101AB000044B704720685DF8044B704770477047CF
:101AC000D0E9002303F10050013802EBC0039A4231
:101AD00052F830001FD881421DD89A1A22F007020E
:101AE0009A1A9342184615D010B453F8084DA142E3
:101AF00006D8934218460BD053F8084DA142F8D9A6
:101B000000685DF8044B081AB0FA80F0400970478D
:101B10001868F6E71868081AB0FA80F040097047AC
:101B200001F044BE01F012BEFEF78ABFFEF78EBF81
:101B300038B50446074B036000254560FFF754F8AD
:101B4000E388054A258143F480532260E3802046E0
:101B500038BD00BF2C7D0400507D040010B5044B3F
:101B6000036000230446C380FFF7AEF8204610BD93
:101B70002C7D040000897047807A704738B503686F
:101B800081720446DB6A98472368074A9B6A93423E
:101B9000054603D1A07AA072284638BD2046984752
:101BA000A072284638BD00BF791B030038B5036812
:101BB00001810446DB6A98472368074A1B6A9342FF
:101BC000054603D120892081284638BD2046984704
:101BD0002081284638BD00BF751B0300F8B50446B8
:101BE0000025154B036045600E461746FEF7FCFFC7
:101BF00094F8363066624FF00112C4E90E220221D9
:101C000003F0F90365F3C3030C4E2563142084F835
:101C10004050A1722081E560C4E90455C4E906552D
:101C20002562A780E580A586A4F8425084F8363066
:101C300026602046F8BD00BF2C7D0400787D04009E
:101C4000C16811F5C87FF0B480F2848090F8363016
:101C500013F0020340F08680046914F5C87F66DA49
:101C600090F8362012F0040269D1456915F5C87F55
:101C700031DA90F8362012F0080234D0B2FA82F34A
:101C800090F8366090F840205B0963F3C30680F853
:101C90003660032A08D80132D2B2012A80F84020E7
:101CA00000F08B80042A77D0B0F8423090F836608C
:101CB00001339BB216F00107A0F8423062D01D2B11
:101CC00017D900236FF3000680F83660A0F8423081
:101CD00080F840300DE0B5F5C87F04DD90F836207F
:101CE00012F00802CAD090F84020002BD1D1002A6F
:101CF000DAD104FB04F301FB0133334A05FB05335E
:101D000093423CD911F5487F51DBB1F5487F51DC56
:101D100014F5487F54DBB4F5487F3BDC15F5487F6C
:101D200050DBB5F5487FD4BF0020062028E0B4F58D
:101D3000C87F9ADD90F8362012F0040295D1B2FAED
:101D400082F390F836205B0963F3820280F8362034
:101D500001238AE7B1F5C87F0FDD90F8363013F024
:101D600002030AD190F83620B3FA83F35B0963F3D8
:101D7000410280F8362001236EE700236CE707203C
:101D8000F0BC7047092BB4D9013A80F84020A0F884
:101D90004270AEE70120F3E790F83630002243F0BE
:101DA000010380F83630A0F842200B20E8E703203A
:101DB000F0BC70470420F0BC7047A0F8422098E7C0
:101DC0000220DDE70520DBE7FF700200D0E90332E7
:101DD00030B502FB02F2456903FB032305FB053521
:101DE000B5F5800F85B0044616D9038F002B4DD072
:101DF000B5F5100F25D8012384F831302046FFF7C0
:101E00001FFF0B2814D0A38E834231D00023A0865D
:101E100084F8303005B030BD90F83130042B56D9FD
:101E20000023C0E90E332046FFF70AFF0B28EAD152
:101E30006086024601230D21684604F089FE05B044
:101E400030BD638F002B39D0B5F1107FD3D9A38F6C
:101E50005BB3B5F1806FCED9E38F002BCBD10123DB
:101E60000A220D21684604F073FE0123E387C2E7CE
:101E700094F83030628E042B14D80133DBB29042D8
:101E800084F83030C6D0052BD2D0C3E701230C2212
:101E90000D21684604F05CFE0123B5F5100F238781
:101EA000A9D9CEE79042C3D1B4E7012309220D217D
:101EB000684604F04DFE0123A387CAE701230822E8
:101EC0000D21684604F044FE01236387BCE701331B
:101ED000DBB291E730B5D0E908218BB002AD0092BA
:101EE00000F1180304460CCB284604F0FFFD95E8EA
:101EF0000700E38804F10C0523F0020385E80700DE
:101F0000E3802046FFF762FF0123A1881A4606A856
:101F100004F01EFE00200BB030BD00BF10B50368FA
:101F200004461B6B9847E06810BD00BF10B50368FE
:101F300004461B6B9847206910BD00BF10B50368AD
:101F400004461B6B9847606910BD00BF036810B55D
:101F500004461B6B9847E3889B0702D42046EAF7A8
:101F600097FDA06A10BD00BF036810B504461B6B47
:101F70009847E3889B0702D42046EAF789FDE06A88
:101F800010BD00BF408E704710B5044B03600023A6
:101F90000446C380FEF798FE204610BD2C7D040049
:101FA00000897047F0B50446416BA26BE36B27696B
:101FB000656900F13406C068D71B5D1BD4E90723AF
:101FC000081AA16902FB07F201FB00F188129212C4
:101FD0008BB0C4E90D0203FB05F39B12216CE36394
:101FE00002AD009396E80C00284604F07FFD95E8CA
:101FF0000700012304F1280585E80700A1881A4697
:1020000006A804F0A5FD00200BB0F0BD38B50368AC
:1020100001810446DB6998472368074A5B6A93425B
:10202000054603D120892081284638BD204698479F
:102030002081284638BD00BFA11F03002DE9F041D3
:10204000124B036000250446456088461746104E33
:10205000FEF7CAFD4FF4806314204FF480512081B5
:10206000C4F84080C4E903556561C4E90955C4E971
:102070000B55C4E90D55E5636564A7802660E180D2
:10208000C4E9063323622046BDE8F0812C7D0400BC
:10209000B87D04002DE9F843036804469B6A98471D
:1020A000A06A12F023FF8046E06A894612F01EFF04
:1020B0000646206B0F4612F019FF424604460D46B5
:1020C0004B464046494612F07BFF324680468946E1
:1020D0003B463046394612F073FF02460B464046F7
:1020E000494612F0B7FD224606460F462B462046CB
:1020F000294612F065FF02460B463046394612F07B
:10210000A9FD10F093FB13F00BFABDE8F88300BFB4
:1021100030B5C58815F0040585B023D103680446A1
:102120009B6A9847E388E56023F002034FF48062DE
:1021300043F00403E380C4E9062222620123C4E9D8
:10214000045565620322A188684604F001FDE38816
:10215000054813F0020F23F00403E38018BF0020AA
:1021600005B030BD0148FBE714FCFFFF15FCFFFF85
:1021700084B070B404AC84E80E0006460FCC06F1BF
:102180000C050FC594E80700F38843F0020385E8C7
:102190000700F38070BC04B0704700BFC08800F037
:1021A000020070474164704770B50B6882B0054605
:1021B0000C4608469B6A16469847D4E90F310196AB
:1021C00000933434284694E80C0004F045FC28467B
:1021D00002B070BD10B5036804469B6A9847A06AB8
:1021E00010BD00BF10B5036804469B6A9847E06ABB
:1021F00010BD00BF10B5036804469B6A9847206B6A
:1022000010BD00BFC288510711D4930710B5044612
:102210000AD5636C20461BB1BDE81040EAF7F8BC54
:10222000BDE81040EAF768BDFFF772FFF1E701482B
:10223000704700BF15FCFFFF10B5044B036000237F
:102240000446C380FEF740FD204610BD2C7D0400EF
:102250000089704740897047FF299ABF01730020A9
:102260006FF47A70704700BF007B7047704700BF03
:1022700010B50A894C8982B00023CDE900241031C1
:102280001A46044604F00AFF204602B010BD00BF03
:1022900010B5074B044640F8103B04F0B3FC054B67
:1022A000236000232046E380FEF70EFD204610BD8C
:1022B000F07D04002C7D0400094B10B5044640F865
:1022C000103B04F09FFC074B23600023E380204673
:1022D000FEF7FAFC204613F0ABFB204610BD00BF12
:1022E000F07D04002C7D0400F8B50C4D0560002540
:1022F000044645600E4615461F46FEF775FC20460F
:10230000074B40F8103B2AB231B204F04DFDFF22DA
:102310002273A780268165812046F8BD2C7D0400AC
:10232000F07D04006FF47D70704700BF6FF47D7026
:10233000704700BF6FF47D70704700BF6FF47D7011
:10234000704700BF10B584B004AB046803F8012DDA
:1023500000220092246A1A460123A04704B010BD4F
:1023600010B584B004688DF80C20002200928DF81E
:102370000D30246A022303AAA04704B010BD00BF99
:1023800010B5012384B00468CDE900330DF10F03CB
:10239000E46AA04708B99DF80F0004B010BD00BF63
:1023A000F0B585B004469DF82C508DF80F201F46DF
:1023B00002680E4685B101230093156A0DF10F02E4
:1023C000A84738B9236800909D6A0A9B3A4631466F
:1023D0002046A84705B0F0BDD3699DF80F20984767
:1023E000EFE700BF2DE9F84F9DF82870002A3CD098
:1023F000002B3ADD88460168DFF874901E468B6832
:102400004B458246144628D10D69DFF868B05D451A
:102410001BD1264405E00134A6420AD0DAF8003088
:102420001D695D45F7D0217850460134A847A64282
:10243000F4D117B10020BDE8F88FDAF80030DB687E
:102440004B450ED13846BDE8F88F5FFA88F150460B
:10245000A847DAF800301D69DBE79847DAF8001082
:10246000D2E7504698473846E5E76FF47A70E2E7DE
:10247000352303003D2303002DE9F04F83B09DF881
:102480003090002A5AD0002B984657DD05689246B6
:10249000AB682C4A934206463DD12B692A4FBB427A
:1024A00041D1B8F1010F1BD0A8F102080AEB080BCB
:1024B0000AF1FF3405E00B2004F8010FA3450BD00F
:1024C00035686D69BD42F6D000213046A847C0B2DC
:1024D00004F8010FA345F3D108F101083568C2449F
:1024E0006B69BB4212D10B208AF80000B9F1000FD2
:1024F00003D0002003B0BDE8F08F3368114ADB68D9
:10250000934217D1484603B0BDE8F08F0121304611
:102510009847C0B2E8E70191984735680A4F2B69A0
:102520000199BB42BDD041F00101C9B23046984784
:102530003568B6E7304698474846DBE76FF47A706F
:10254000D8E700BF352303003D230300024A0260A1
:102550000022027142717047307E04006FF47D707A
:10256000704700BF407970474171704719B30B68DD
:10257000934214D070B50E461446054623B11A682E
:102580000E49126E8A420CD134B123680C4ADB6DBD
:1025900093420BD100232B713460002070BD0020CA
:1025A000704718469047002CEFD1F5E729460022E6
:1025B00020469847F0E76FF47A70704709A202004E
:1025C00005A202000EB42DE9F04787B00FAB054617
:1025D00053F8046B0093317849B125290CD02B684E
:1025E00001369B692846984731780029F5D107B014
:1025F000BDE8F04703B07047009B7178D3F80090B6
:10260000632903F10403009306F102067ED015D975
:10261000732969D0782964D0642941D02B683F217F
:102620009B69284698472B683F219B692846984715
:102630002B683F219B6928469847CCE725294BD03A
:102640005829EBD14FF000081C2708244FF0000A4E
:1026500010E0B8F1000F3CD003F157012B68284679
:102660009B6998474FF0010A013C14F0FF04A7F161
:102670000407B0D029FA07F303F00F0303F1300287
:10268000392AD1B2E5DC302AE8D130212846BAF126
:10269000000F01D1012CE7D12B689B699847E3E734
:1026A000002301A94846CDE90133CDE90333059361
:1026B000FEF794F99DF8041000298CD00DF1050463
:1026C0002B6828469B69984714F8011B0029F7D10D
:1026D00081E703F13701C1E72B6828469B699847DA
:1026E00079E74FF00108AFE799F8001009F1010907
:1026F00000293FF470AF2B6828469B69984799F8EA
:10270000001009F101090029F5D164E72B685FFA8F
:1027100089F19B69284698475DE700BFC389DB06BE
:1027200000D4704710B5044684B081890123042287
:10273000684604F00DFAE38923F01003E38104B046
:1027400010BD00BFA0F10800FFF7E8BFC3895B0719
:102750003DD52DE9F0418369B3F90270002F84B0B3
:102760000E46054615DD00F11808002401E0A742D9
:102770000FD021B2404604F0B5FEB04204F101048E
:10278000F5D101231A46A989684604F0E1F9A74268
:10279000EFD1EB8C95F82410288D5A1C92FBF1F3A5
:1027A00001FB13239BB2984212D0EA8C296A92B2A1
:1027B0008E54EA69EB84002A02DBEB8C9A4210D03B
:1027C000EB8943F01003EB8104B0BDE8F081704762
:1027D000A98901230322684604F0BAF904B0BDE8D0
:1027E000F0814FF0FF33EB6102220123A989684693
:1027F00004F0AEF9E4E700BFC3891B0700D47047BB
:1028000030B5838EC16A02689BB20446C95C926986
:1028100085B09047A58E94F83020618E6B1C93FB99
:10282000F2F502FB1535ADB2A94202D0A58605B07E
:1028300030BD0123022240F2FF31684604F088F9DE
:10284000236801219B6820469847EFE72DE9F04770
:10285000B2F1000A054629DD9946408E01F1FF38A4
:10286000002608E0EB6A18F8012F1A540136B24529
:102870006C8620461BD095F83070AA8E431C93FBC3
:10288000F7F407FB1434A4B29442EBD12B68012176
:102890005B6828469847B9F1020F1FD0B9F1010FC4
:1028A0000DD0B9F1000F02D0688EDBE700262B684F
:1028B00028465B68012198473046BDE8F087688E5E
:1028C00006E095F83030AA8E03449B1A002BC9DD30
:1028D000AB8E9842F5D3AB8EC31AF7E7494640F268
:1028E000FF30FEF7C5FD688EBCE700BFC3895A07FD
:1028F00070B5044607D5036800219B689847206A95
:10290000FEF7E0FFE38994F8240023F004039DB26E
:10291000E581FEF7B1FF206260B12368002645F033
:1029200004055B68E581E6842685204631469847A4
:10293000304670BD6FF47B7070BD00BF38B5C38981
:102940001A07054607D5036801219B689847E86A7E
:10295000FEF7B8FFEB8995F8300023F008039CB22E
:10296000EC81FEF789FFE86230B1002044F00804F2
:10297000EC816886A88638BD6FF47B7038BD00BFD7
:102980002DE9F0470446224D25602248A06000252D
:1029900004F1080025716571E5608846174699467F
:1029A0009DF82060BDF824A0FEF71EF91A4AC4F86D
:1029B000108002F1080340322360A260676104F1D5
:1029C000180004F04FFD09F101094FF0FF33013603
:1029D000E361E584424604F1100184F8249084F810
:1029E0003060A4F80CA02562E56225856586A58681
:1029F0002046FFF7BBFD3A4604F114012046FFF7DD
:102A0000B5FDE38943F48043E3812046BDE8F087C8
:102A10006C7E04002C7D0400707E04002DE9F041E2
:102A2000C789BC071DD4002A1DDDE1B1984647F0D7
:102A30000203C3813B07044615460E460BD54346A9
:102A40002A4631462046FFF701FFE38923F00203BF
:102A5000E381BDE8F081FFF771FF0028EFD0BDE80A
:102A6000F0810248F5E76FF47A70F2E70DFCFFFFA2
:102A700010B40C681346211DB4F902205DF8044B14
:102A8000FFF7CCBF38B50B1E07DB1D460368DB68BC
:102A90000446984700B9A56338BD6FF47A7038BD15
:102AA000C38913F0030F60D143F0030370B50446EC
:102AB000C38115460E460A4600F11001FFF756FD88
:102AC0002A4604F114012046FFF750FDA28E638EC2
:102AD00093423DD3A28E9B1A2268002B926804DD9C
:102AE00001212046904723689A680021204690479C
:102AF0002B681F4A5B6C934233D123682A463146C8
:102B00001B6920469847236800215B682046984748
:102B1000A28E638E934221D294F83020A18E13446A
:102B20005B1A002B04DD236801215B68204698476F
:102B3000A56B002D06DB23682946DB6820469847F5
:102B400000B9A563E38923F00303E381002070BD8E
:102B500094F83020A18E13445B1ABDE7A28E9B1A15
:102B6000DFE7022128469847C7E70248704700BFC1
:102B7000A5A102000DFCFFFF012A20D0022A38B5D2
:102B80000AD0C38C90F82420194491FBF2F302FB85
:102B90001311C161002038BD05460C4680891146DD
:102BA000FEF7B4FAE98C95F82420214491FBF2F366
:102BB00002FB1311E961FEF72BFC002038BD6FF416
:102BC0007A707047012A0FD038B514460546183080
:102BD00004F04EFC022C01D0002038BDA889012150
:102BE000FEF746FC002038BD6FF47A70704700BFD6
:102BF0002DE9F04F87B0CE8900AFF507C7E9013066
:102C000060D474078946154640F1D780B9F828A0EA
:102C1000B9F8263046F001069A45A9F80E6058D05A
:102C20002B68D9F82010B3F902205646731C002AED
:102C300011F80680FB602ADD4FF0000B4FF0FF34E7
:102C40000FFA8BF1284604F04DFC2A68B2F90220F5
:102C50000BF1010B404508BF34465A45F0DC99F8AA
:102C60002430F968B9F8268091FBF3F61FFA88F84A
:102C700003FB1616B04500F0A880601C54D1D9F8AB
:102C80002010731C002A11F80680FB60D4DC99F830
:102C90002430F868B9F8268090FBF3F61FFA88F81C
:102CA00003FB1606B045C1D17B68012B00F0948070
:102CB0007B68022B13D0B9F80E60B86826F00106C5
:102CC000A9F80E6004F0CEFBB8681C37BD46BDE81D
:102CD000F08F7B68012B00F0BA80022BEDD12946E2
:102CE00007F1140004F0B6FB07F114010222484674
:102CF000FFF768FF07F1140004F01AFBB9F826404B
:102D000014F1FF3402D299F82440013C07F1140079
:102D100004F0A8FB07F1140109F1180004F0A8FB66
:102D200007F1140004F004FB002CB9F80E60C4DBBA
:102D300099F824505445BABFA5EB0A0BA344A4EB61
:102D40000A0B0BF1080323F00703E846ADEB030D74
:102D5000002168460BF10102A4B212F0CBFEA2459D
:102D60006946D9F820000FD00DF1FF320AF1010CAD
:102D70009CFBF5F305FB13C310F80AC002F801CF62
:102D80001FFA83FA5445F1D1B9F82830B8680133F5
:102D90005B4426F0010693FBF5F205FB1235A9F81A
:102DA0000E600FFA8BF2A9F8285004F039FBC546E3
:102DB000B8681C37BD46BDE8F08F0846FFF796FDA2
:102DC000002837D1B9F80E6020E77B68012B29D1A4
:102DD000611CA9D1D9F82010B9F826309845FBD04C
:102DE00008F10103002A11F80860FB6027DD4FF0AD
:102DF000000B4FF0FF340FFA8BF1284604F072FB02
:102E00002A68B2F902200BF1010BB04208BF444618
:102E10005A45F0DC99F82430F96891FBF3F803FB8C
:102E20001818D5E77B68022B7FF47EAF631C7FF414
:102E30007BAF54E70146B86804F09AFAB8E799F80E
:102E40002430F86890FBF3F803FB1808C4E72B68FC
:102E5000D9F82010B3F90220D046BDE7C3895B073B
:102E600010B5044605D5E38C208DC01A18BF01208B
:102E700010BDFFF73BFD0028F5D010BD38B5044666
:102E8000F9B101290D4610D12046FFF7E7FF0028D0
:102E9000FAD0238D226A94F82410D05C013393FB7E
:102EA000F1F201FB1233238538BD0229F1D1FFF77E
:102EB000D5FF0028EDD12A4601212046FFF75CFE10
:102EC000E7E7FFF7CBFF0028E3D1014838BD00BF9B
:102ED0000CFCFFFF38B5C389DA0712D443F00102B6
:102EE0005B0704460D46C28102D4FFF7FFFC38B9E8
:102EF00029462046FFF7C2FFE38923F00103E3815F
:102F000038BD014838BD00BF0DFCFFFFB0F80EC052
:102F10001CF0010F2DE9F0416AD198461CF0040F16
:102F20004CF00103064617460D46C3812BD0B8F17D
:102F3000000F11D1002F59DD013D444604E001345A
:102F4000A74205F8010F17D000213046FFF796FF82
:102F500010F57D7FF3D10FE0B8F1010F1CD1002FE8
:102F600044DD6C1EE51901213046FFF787FF04F8A8
:102F7000010FAC42F7D13C46F38923F00103F38102
:102F80002046BDE8F081FFF7B1FC04460028F7D1E8
:102F9000B8F1000FCED0DFE7B8F1020F26D1F38CE5
:102FA000318D994285BF96F82430F28CF38C9B18B2
:102FB0005B1A9F420DDDF38C994285BFF28C96F827
:102FC0002430F38C9B18591A791A02223046FFF7E5
:102FD000D3FD002F0ADD6C1EE51902213046FFF7F4
:102FE0004DFF04F8010FAC42F7D1C4E70024C3E75A
:102FF000004CC5E70DFCFFFF2DE9F04114460832F7
:1030000022F0070200AFADEB020D0E469846621C9F
:1030100000210546684612F06DFD4346224669468A
:103020003046FFF773FF002808DD02B269462846E4
:1030300004F0F6F92846BD46BDE8F081284604F0C4
:1030400011FA2846BD46BDE8F08100BFC389DA0702
:1030500012D4FF2918BF013110B543F00103044613
:1030600018BFC9B2C38180F82410FFF73FFCE38981
:1030700023F00103E38110BD004870470DFCFFFF02
:10308000C3899A0712D4FF2918BF013110B543F044
:103090000203044618BFC9B2C38180F83010FFF79D
:1030A0004DFCE38923F00203E38110BD0048704723
:1030B0000DFCFFFF90F82400704700BF828E438E06
:1030C000934237BF90F83020808E808E9B18181A5C
:1030D000704700BF0A4B10B503F1080240330446A5
:1030E00002608360183004F023F9064BA3600023CC
:1030F00004F10800E381FDF7E7FD204610BD00BFA5
:10310000707E04002C7D040008B5C06803681B6B4A
:103110009847002008BD00BF08B5C06803689B6AD7
:103120009847002008BD00BF2DE9D84704469246C5
:10313000994607F05DFBE66894F8118034683046E4
:10314000A36CE76B98474B465246002B08BF0A2AF0
:1031500038BF0A22024441463046B847BDE8D84746
:1031600007F038BB70B5044607F042FBE06803681F
:103170009B6C9847D4E90151D4E908236060401B57
:103180001518084443F10006B0F57A7FC4E90856E3
:10319000A0600CD3D4E906230132A0F57A7043F184
:1031A0000003B0F57A7FF7D2C4E90623A060BDE83A
:1031B000704007F00FBB00BF2DE9F84F1646426B79
:1031C000BDF82880BDF82C909DF830A0002A10DDB5
:1031D000C46A1F46238A83B104F11803002102E068
:1031E00033F8085C4DB1013191421C4603F11803DC
:1031F000F6D16FF47B70BDE8F88F0546FFF7B2FF9C
:10320000D5E9082312EB060B43EB070CBAF1000FCC
:1032100022D1002001460D9BA4F81080C4E90001D2
:10322000C4E902BCA4F81290636107F0E1FA296BCB
:1032300039B1D4E90223D1E902018B4208BF8242AD
:1032400005D22C6332463B462846FFF76DFF07F058
:10325000C1FA0020BDE8F88F30463946DBE700BFF1
:103260002DE9F003456BC36A00218D4201631EDD29
:103270000A461C8A013254B139B1D3E90267D1E957
:1032800002894F4508BF464501D203631946AA4249
:1032900003F11803EDD151B1036A8A68D21A0A2AE0
:1032A000B8BF0A22D317BDE8F003FFF73DBFBDE862
:1032B000F00370472DE9F04F83468BB059B1C468D5
:1032C000067C236820469A6CDD6B9047394A31466C
:1032D00002442046A8475846FFF744FFDBF8342055
:1032E000DBF82C40002A49DD0025AA461CE0D4E981
:1032F000006756EA0701628A46D1DBF830000021F8
:10330000A042218247D001210291CDE900891946CE
:1033100006A803F02DFCDBF834200AF1010A013580
:10332000AA4204F1180426DD238A002BF7D0D4E941
:103330000201DBE90889894508BF8045CDE9040120
:10334000D5D26369DB07EAD5FEF796F960B1DBE910
:103350000801194ED4E9022336184FF000074F41F7
:10336000BB4208BFB24219D3DBF834200135AA4270
:1033700004F11804D8DCBAF1000FB1D15846FFF7B8
:103380006FFF0BB0BDE8F08FDDE9040180197941D2
:10339000C4E90201B7E7CBF83010B4E70123CDE967
:1033A00000010293052240F2FF3106A803F0E0FB82
:1033B000DAE700BF80969800A0860100074B1B68E3
:1033C00053B1197C084110F00101184601D1FFF7F3
:1033D00071BF0121FFF76EBF704700BFF83A0020B0
:1033E000426BC36A02EB420203EBC20293424FF00C
:1033F000000025D2198AF9B15969C9071CD5D0B185
:10340000F0B4D0E90245D3E90267AF4208BFA64253
:1034100038BF184618339A420BD9198A0029F9D0B7
:103420005969CC07F6D50028EBD1184618339A42D3
:10343000F3D8F0BC7047184618339A42DAD8704770
:10344000704700BF2DE9784804460D4607F0D0F9D3
:10345000E06803689B6C9847636860600646D4E93F
:103460000801A268F31A10EB030B134441F1000C9E
:10347000B3F57A7FC4E908BCA3600CD3D4E9060194
:103480000130A3F57A7341F10001B3F57A7FF7D2E9
:10349000C4E90601A360E06803681B6B984707F066
:1034A00099F90023C5E90063D4E90801BDE87888EB
:1034B0002DE9F84FDDE90A890446154607F098F929
:1034C00058EA090330D0D4E9082312EB080043EB93
:1034D0000901C4E908014FF47A72002340464946C5
:1034E00012F0B6F8D4E9066716EB000A47EB010BB9
:1034F000C4E906AB404649464FF47A72002312F005
:10350000A7F8A3681A44B2F57A7FA2600BD31AF128
:10351000010AA2F57A724BF1000BB2F57A7FF6D26E
:10352000C4E906ABA26065602046FFF71BFED4E944
:103530000889636BE56A03EB430305EBC30C18F1E1
:103540000A0A4FF0000349F1000B6545236314D3C9
:1035500033E05B4508BF524501D2C5E902AB236B9E
:103560003BB1D3E90201D5E902238B4208BF824275
:1035700000D225631835AC451FD92B8A002BF9D012
:10358000D5E9006756EA0701D5E90223E1D012EB3D
:10359000060843EB0709D94508BFD04502D3DEE74B
:1035A0008046894616EB080047EB0901594508BFDC
:1035B0005045F5D3C5E90289D1E7E06803689B6C03
:1035C00098470546E068094A0368217CDB6B2A447A
:1035D0009847236B33B1E068617C036805F10A0208
:1035E000DB6B9847BDE8F84F07F0F4B88096980079
:1035F000704700BF064B10B51C682CB12046FFF782
:10360000B1FDD4E9060110BD0020002110BD00BFAE
:10361000F83A0020064B10B51C682CB12046FFF785
:10362000A1FDD4E9080110BD0020002110BD00BF9C
:10363000F83A002070B50A4C266884B076B11D4671
:1036400014460B460246012108980390CDE9004537
:1036500030460291FFF7B0FD04B070BD0148FBE7B2
:10366000F83A002016FCFFFF70B50E4D2C68B4B17F
:103670002046FFF777FD0C4B266A42F21070984700
:103680002C682046FFF76EFD236A0849053B9B1B0B
:1036900042F210720020B2FBF3F30B6070BD0448DD
:1036A00070BD00BFF83A0020C1200020F43A00208D
:1036B00016FCFFFFF8B50D46437416460A231E4A52
:1036C0001E49016004464363C56006740121F02071
:1036D0001460FEF717F92B68194FDA69E0620021D0
:1036E00000202163BA424FF00001C4E90601C4E999
:1036F00008011AD1134AEA603146134ADB6B2846A7
:103700009847E06803685B6A9847E06803680022AE
:103710009B6CA2609847E36860601A681846936AD9
:103720009847FFF7A1FF2046F8BD28460549904776
:10373000E5682B68E0E700BFF83A0020D47E04007B
:10374000E5710200BD330300809698002DE9F8432F
:10375000124D2E6806B3124B04461868A8B93046BD
:10376000FFF700FDD6E9086716EB040847F10009EA
:103770002C682046FFF7F6FCD4E908234B4508BF28
:103780004245F5D30020BDE8F88304FB00F0054B6B
:1037900098470020BDE8F8830348F4E7F83A002092
:1037A000F43A0020C120002016FCFFFF4FF47A738A
:1037B00003FB00F0FFF7CABF064B1B681BB10146B5
:1037C0001846FFF73FBE00220023C0E90023194638
:1037D00010467047F83A002070B5094C266882B050
:1037E0005EB114461D4602460B463046CDE9004503
:1037F000FFF75EFE002002B070BD0248FBE700BF8D
:10380000F83A002016FCFFFF084B1B685BB110B5AF
:1038100004461846FFF7E4FD20B1D0E90223C4E9CD
:103820000023012010BD1846704700BFF83A002061
:10383000C3880D4A23F4005310B504460260C380C8
:103840002C3003F0DFF904F1240003F071FD04F1E2
:103850001C0003F06DFD054B236000232046E38030
:10386000FDF732FA204610BDE47E04002C7D0400F2
:1038700010B50446FFF7DCFF204612F0D9F82046C9
:1038800010BD00BFF8B50025164B03600446456027
:103890000F461646FDF7A8F9134B2360A76004F105
:1038A0000C0003F0A5F804F11C0003F0DBFD04F1AB
:1038B000240003F0D7FD04F12C0003F0ABF94FF422
:1038C000405384F8225084F83250A6802575E58252
:1038D000258325842585258684F83350E38020467A
:1038E000F8BD00BF2C7D0400E47E040000B5012378
:1038F00085B081881A46684603F02AF90123684694
:103900001A4640F2FE3103F023F905B05DF804FBDE
:103910002DE9F843044680680121103003F08EFB46
:1039200094F92230042B06DCE269B4F92010B2F9D4
:1039300002208A421ADCA06801335DB284F822506A
:103940000368DB6998470130854201D0BDE8F88300
:10395000E369002284F82220B3F90210B4F9203080
:10396000994236DD01332384BDE8F88304F11C005D
:1039700003F0B8FD04F10C050146284603F04AF8AF
:10398000064660B3A06894F922700268C7F1040388
:1039900001279F40D3699847354600F1FF38A0685A
:1039A000FFB25FFA88F805366FEA050915F8013BA2
:1039B0003B4204D1AE42F9D194F92230BCE709EB85
:1039C0000502103012B2FF23414603F063F9A068EC
:1039D000F0E722752046BDE8F843FFF787BF284689
:1039E000202103F017F80646CCE700BF38B504469F
:1039F000436AB4F92810B3F9023080688B4200F1B1
:103A000010050FDC202100231A46284603F0D0FAC7
:103A1000626AB4F92830B2F902209A4208DB013315
:103A2000238538BD04F1240003F05CFD0146EAE77C
:103A3000002323752046BDE83840FFF757BF00BF7D
:103A400010B50446806882B0103003F019F9A06800
:103A5000B4F930200023103004F12C01009303F05E
:103A600011FA50B994F833303BB100232046237546
:103A700002B0BDE81040FFF739BF94F93230002B97
:103A8000F3D0218E01220B44238684F8332002B028
:103A900010BD00BF30B504468068B4F930500368EB
:103AA00083B0DB699847E36A94F932105B88CB1ADC
:103AB000184485420DDC94F8333053B1237D062B36
:103AC0002ED000232046237503B0BDE83040FFF719
:103AD0000DBFB4F93020A068002A00F1100010DCFE
:103AE0000023009304F12C0103F0CCF994F9323057
:103AF0007BB1218E01220B44238684F8332003B04E
:103B000030BD494203F09AFAA068B4F93020103071
:103B1000E6E723752046FFF7E9FE94F93230E8E73F
:103B2000A068103003F0ACF8CBE700BF037D0022A3
:103B3000022B10B5044602831CD0237D032B1ED01C
:103B4000237D042B21D0237D052B06D0237D062B3E
:103B500003D0237D072B06D010BD2046FFF79AFF28
:103B6000237D072BF8D1002323752046BDE81040A4
:103B7000FFF7BCBEFFF7CCFE237D032BE0D1204630
:103B8000FFF734FF237D042BDDD12046FFF758FFDC
:103B9000D9E700BF037D33B1038BC18A04339BB2E5
:103BA0009942038300D97047FFF7C0BF10B5037D6A
:103BB00084B0044673B1012300220275A1881A461D
:103BC000684602F0C5FF012368461A4640F2FF31FD
:103BD00002F0BEFFA068103003F052F804B010BD30
:103BE00010B5012104460720FDF742FC064B984220
:103BF00005D010BD237D012BFBD006F001FE237DF7
:103C0000002BF7D110BD00BF16FCFFFF38B5151E05
:103C100016DB037D13B1037D012B0FD104468068B1
:103C2000002310301A4603F0C3F92DB100200723FA
:103C3000E5822083237538BD284638BD024838BD4B
:103C40006FF47A7038BD00BF12FCFFFF70B582B010
:103C5000079D002D1BDB047D14B1047D012C14D1C4
:103C6000069E04468068F6B21BB212B2103000966F
:103C700003F008F935B100200723E582208323757E
:103C800002B070BD284602B070BD0248F8E76FF47C
:103C90007A70F5E712FCFFFFF8B5151E21DB037DF6
:103CA0000F4604463BB909E0012140F2FF30FDF721
:103CB000DFFB237D13B1237D012BF5D1237D03F0A1
:103CC000FF0663B939462A462046FFF79FFF25B114
:103CD0002046FFF785FF3046F8BD2846F8BD02486C
:103CE000F8BD6FF47A70F8BD11FCFFFF2DE9F043C9
:103CF00085B00D9E002E36DB9846037D174689461B
:103D0000044673B1037D012B03D10AE0257D012D0B
:103D100007D0012140F2FF30FDF7AAFB257D002DE1
:103D2000F4D1237D03F0FF05DBB9494603A802F077
:103D300077FF0C9B0093019643463A4603A9204621
:103D4000FFF784FF03A802F05DFF36B12046FFF7BE
:103D500047FF284605B0BDE8F083304605B0BDE812
:103D6000F0830248F6E76FF47A70F3E711FCFFFF87
:103D700070B5161E14DD037D13B1037D012B0DD12B
:103D80000025044680F8225005841C3003F070FBA7
:103D9000022325832846E682237570BD024870BD44
:103DA0006FF47A7070BD00BF12FCFFFFF0B5161EF5
:103DB00083B026DD037D0F4604463BB909E00121AF
:103DC00040F2FF30FDF754FB237D13B1237D012B1F
:103DD000F5D1237D03F0FF058BB9394601A803F027
:103DE00039FB324601A92046FFF7C2FF01A803F0C4
:103DF0009FFA2046FFF7F4FE284603B0F0BD0248C4
:103E0000FBE76FF47A70F8E711FCFFFFF0B583B0C1
:103E1000171E089E2FDD047DFCB916F1FF0F044626
:103E2000C3F100051ED036B284F83250268604F164
:103E30002C0002F015FF099B002D18BF3D46002BFA
:103E400007F1FF320CBF052306230020E582228301
:103E5000237584F8330003B0F0BD047D012CDCD061
:103E60000648F8E7806801910368DB6998474619BE
:103E700036B20199D8E76FF47A70ECE712FCFFFFD5
:103E80002DE9F041161E84B031DD1F46037D8846C2
:103E9000044673B1037D012B03D10AE0207D012884
:103EA00007D0012140F2FF30FDF7E2FA207D002823
:103EB000F4D1237D03F0FF05BBB9414603A802F00E
:103EC000AFFE0B9B01930A9B009332463B4603A92E
:103ED0002046FFF79BFF03A802F094FE2046FFF761
:103EE0007FFE284604B0BDE8F0810248FAE76FF48F
:103EF0007A70F7E711FCFFFF10B5054B03F10802DC
:103F0000383304460260C360FDF728FE204610BD2A
:103F1000007F040010B5074B03F108023833044654
:103F20000260C360FDF71AFE204611F081FD2046B5
:103F300010BD00BF007F0400C28838B5047C22F4A5
:103F400000520025C280CD6014B103689B69984778
:103F5000002038BDA0F10C00FFF7EEBFC388DB04E2
:103F600000D470472DE93048036888B05B6A044686
:103F70009847227EE38878B10B2A04D80132D2B266
:103F8000082A22760ED9D9071ED503F00305012D84
:103F90002CD008B0BDE8308832B1013AD2B2082A3C
:103FA0002276F0D8012AF0D8DA07EED523F0030301
:103FB000E38002220123A188684602F0C9FD657EE4
:103FC000012D2CD0E388E0E743F001020123E280D9
:103FD000A1881A4604A802F0BBFD2389013323817E
:103FE000FFF708FB227EE3886061DBE7FFF702FB57
:103FF0006369B0EB030B61F1000C002340F2DB526C
:10400000634508BF5A45C4D2E288A18842F0020243
:10401000E2802B46052204A802F09AFDB9E7FFF7DB
:10402000E9FA6369B0EB030B61F1000CBCF1000F1E
:1040300008BFBBF57A7F2B462CBF04220322A18840
:1040400004A802F085FDBDE710B5044684B0E9B9C7
:10405000C269D288930502D4002004B010BD036861
:104060005B6A98470028F7D0E288A188012342F0D4
:1040700001020320E28020761A46684602F068FDBD
:1040800001232381FFF7B6FA6061E5E7C2880021CA
:1040900022F00302C28001810176002004B010BD2D
:1040A000C16938B5CB6800F10C05AB421CD00446A1
:1040B00023B11A68184612689047E169A27ECB883E
:1040C000CD60012A0CBF43F4807323F48073CB804E
:1040D0000B680A4A5B6C93420AD1E08840F40050B6
:1040E000E08000F0010038BDC08800F0010038BD5C
:1040F000084694F820109847EFE700BFA5A10200FA
:1041000070B5054600F10C0630460121FEF72CFA89
:10411000E8690A4A03685B6893420CD16FF47D73C7
:10412000AC7EE41AB4FA84F4304664090021FEF748
:104130001BFA204670BD98470346F1E7E1A0020054
:104140002DE9F84304460D4690461F469DF8206031
:104150009DF82490FDF7ECFC0B48E561002100F18F
:1041600008053830E06084F82090A4F80480677671
:10417000A676256021746174616121762046FFF77F
:104180008FFF2046BDE8F883007F0400417670472A
:1041900010B50446806830B14FF480720021BDE84C
:1041A000104011F0A7BC4FF48070FDF765FB4FF491
:1041B0008072A0600021BDE8104011F09BBC00BFE0
:1041C000F0B5044640682268036885B000256E4655
:1041D0001F690095022301953146B847104B009A9C
:1041E0009A4219D02046CDE90035FFF7D1FF96E875
:1041F000030002AB83E8030003CBA3681860596097
:10420000D4E9001003689B699847D4E90102036868
:1042100021685C694023A047019805B0F0BD00BF4C
:10422000A10D0C00F8B50023161E836004460D4650
:1042300041600B680FDB08461B6898472B680746F0
:104240009B682846984706FB007020602046FFF7D1
:10425000B7FF2046F8BD08465B6898472B680746BD
:104260009B682846984706FB107020602046FFF7A1
:10427000A7FF2046F8BD00BF2DE9F0478A468146DA
:10428000FFF79EFF804638B33020D9F8004011F088
:10429000D6FB30220021064611F02CFCB8F1000FAD
:1042A00004F1080415DD002502E00135A84517D00A
:1042B000D9F80400036822461F6931460C23B84729
:1042C0003146504611F048FC30340028EDD1A84565
:1042D00006D03046BDE8F08706463046BDE8F08798
:1042E000304611F0A5FB0026F3E700BF2DE9F04FA3
:1042F0000546C3B008460C4692461F4611F036FCF0
:1043000000F10109B9F1100F00F2E180202F00F255
:10431000DE8021462846FFF7AFFF064660B13A46E9
:104320005146103011F0B3FB80463046B8F1000F13
:1043300000F0A48011F07CFB4A46214606A811F04B
:10434000B5FB51463A460AA811F0B0FB2846D5F80D
:1043500000A0FFF735FF30228046002112A811F09F
:10436000C9FB2846FFF714FFB8F1000F0AF1080651
:1043700040F3AB80002701970DF1A8090DF1D80B90
:104380006868036832461C6912A90C23A04706A975
:1043900012A811F0E1FBA6EB0A0E002874D14F4AD7
:1043A000CDE9022802AB03CBAB680DF1180C186005
:1043B0005960BCE80F001EAC0FC4BCE80F000FC46E
:1043C0009CE80F0084E80F00AB681EAC9E44A44636
:1043D000BCE80F00CC45CEF80000CEF80410CEF8B3
:1043E0000820CEF80C3064460EF1100EEFD10123F8
:1043F00001930137B84506F13006C1D108EB4804F6
:10440000019BA400A71C3BBBB8F1050F62D0334A47
:1044100008F10103CDE9042304AB03CBAB6806AC80
:10442000186059600FCC36AE0FC60FCC0FC694E89B
:104430000F0086E80F00AC680DF1D80C04EB870480
:1044400042AF66460FCEBE4220606160A260E3606C
:10445000B44604F11004F4D1D5E9001003689B6957
:104460009847D5E90102036829685C694023A047A1
:104470004FF00008404643B0BDE8F08F11F0D8FA85
:10448000404643B0BDE8F08F0DF1480CBCE80F008A
:104490004C460FC4BCE80F000FC49CE80F0084E832
:1044A0000F00AB684C469E44A446BCE80F00DC45B8
:1044B000CEF80000CEF80410CEF80820CEF80C306C
:1044C00064460EF1100EEFD193E702279FE76FF4D9
:1044D0007A78D5E76FF47B78D2E700BFA10D0C00A6
:1044E0002DE9F04FA1B089460546FFF769FE002887
:1044F00000F0868080463022002108A82E6811F046
:10450000F9FA2846FFF744FE3E4ACDE9022802ABFD
:1045100003CBAB68B8F1000F06F1080618605960CC
:1045200061DD00270192BB464FF0020A10E0019ABC
:1045300008F1FF33CDE9042304AB03CB0137AB68AB
:10454000B845186059604FF0010B06F1300632D0C3
:104550006868036808A91C6932460C23A0474946CD
:1045600008A811F0F9FA0028E1D00DF1200CBCE800
:104570000F0014AC0FC4BCE80F000FC49CE80F0080
:1045800084E80F00AC680DF1500C04EB8A04E64699
:10459000BEE80F00E36020AB9E4520606160A26032
:1045A000F44604F11004F2D10137B8450AF10C0ABF
:1045B00006F13006CCD1BBF1000F14D0D5E90010C4
:1045C00003689B699847D5E90102036829685C691B
:1045D00008EB48084FEA88030233A0470023184637
:1045E00021B0BDE8F08F074BAA68CDE9063806ABCD
:1045F00003CB054B10601846516021B0BDE8F08F29
:10460000014BECE7A10D0C000CFCFFFF03681B6BDA
:10461000184700BF01892DE9F0414FF47A7604462E
:1046200006FB01F12148FDF727FA214AA17A03464A
:10463000A2FB03239B0923811E48FDF71DFA656C2D
:10464000A072E3882A68B4F84C80576A13F4807328
:1046500020D1414628462022B84728BB606CB4F8D8
:104660004C10036822225D6A1023A847E0B9656CEC
:10467000A17A2B680F485E6AB4F84C40FDF7DCF96C
:1046800060F07F03DBB2214628462322B04758B9A9
:10469000BDE8F0812189054806FB01F1FDF7CCF961
:1046A00040F00703DBB2D4E70348F1E7447F04009E
:1046B000D34D62103C7F04000EFCFFFF10B5034B8E
:1046C00003600446FDF760FC204610BDBC7F04007B
:1046D00010B5054B03600446FDF756FC204611F06B
:1046E000A7F9204610BD00BFBC7F040008B50246F4
:1046F000C38819B1D9050AD4002008BD9905FBD596
:1047000023F4007343F48043D380002008BD016884
:1047100023F4824343F40073C380CB6A984700209C
:1047200008BD00BFF0B5C388DA0585B005462BD4B7
:10473000026843F48243C380D36A98470126314F0D
:10474000A86C0368C4885B68BB42C4F3002416D11C
:10475000002084424FF027020DD0686C95F84C1071
:1047600003681B6B984710F008040FD1002EE7D1A7
:10477000204605B0F0BD002EE2D13446F8E7984758
:10478000B0FA80F04009E4E70026D8E7686CB5F895
:104790004C10036806220124CDE90024A822DC6A1B
:1047A00002ABA047044608B1174CE1E7BDF9083059
:1047B000BDF90A20BDF90C00AE7A2968002BB8BFFC
:1047C0001F33002AB8BF1F3200284FEA63134FEA95
:1047D0006212B8BF1F304011ADF80830ADF80A20A2
:1047E00016FB03F316FB02F2524216FB00F65B4285
:1047F000ADF80C00C5E906232E624B6B284698479E
:10480000B6E700BFE1A002000EFCFFFFF8B50446CA
:104810000F4616461946BDF81C20BDF81850FDF786
:10482000DDF9064A67640023A664A4F84C502260B0
:10483000E3802046FFF7EEFE2046F8BDBC7F040073
:1048400008B50368C9B21B6B0F229847A0F133006B
:10485000B0FA80F0400908BD03689B6A184700BFA2
:10486000018938B54FF47A75044605FB01F1154806
:10487000FDF702F9144A0346A2FB03239B0999B2F0
:1048800005FB01F123810F48FDF7D6F8E288B4F863
:104890005010C3B2A06CD205026858BF43F00303A6
:1048A000556A6022A84758B9A06CE3880268B4F83A
:1048B0005010546AC3F300236222A04700B938BDE8
:1048C000024838BDF47F0400D34D62100EFCFFFF98
:1048D00010B5034B03600446FDF7AEFC204610BD47
:1048E0002480040010B5054B03600446FDF7A4FCCA
:1048F000204611F09DF8204610BD00BF2480040022
:1049000008B50246C38819B1D9050AD4002008BDEC
:104910009905FBD523F4007343F48043D380002032
:1049200008BD016823F4824343F40073C380CB695C
:104930009847002008BD00BFF0B5C388DA0585B0F0
:1049400005462BD4026843F48243C380D369984759
:104950000126284FE86C0368C4885B68BB42C4F337
:10496000002416D1002084424FF067020DD0A86CBD
:1049700095F8501003681B6B984710F008040FD18E
:10498000002EE7D1204605B0F0BD002EE2D134461E
:10499000F8E79847B0FA80F04009E4E70026D8E746
:1049A000A86CB5F85010036806220124CDE9002454
:1049B000E822DC6A02ABA047044608B10E4CE1E7EE
:1049C000BDF90C30BDF80A00BDF808102A6803EBE9
:1049D0008303C3EB03135B00EB634FF66A7310FBB7
:1049E00003F011FB03F3C5E90D03D36A284698478A
:1049F000C8E700BFE1A002000EFCFFFFF8B50446C7
:104A00000F4616461946BDF81C20BDF81850FDF794
:104A100015FB054BA4F85050C4E9127623602046DC
:104A2000FFF71EFF2046F8BD2480040082B08DE809
:104A30000C00014802B0704716FCFFFF00207047D1
:104A40000029806905DD08B904E010B10139406A28
:104A5000FBD17047704700BF82B070B50C4684B080
:104A600005464968206802AC03C4039908AC4810A5
:104A700084E80C00CB0745BF2A58029B029CD458FF
:104A80000AAB2E1893E803008DE8030008AB0CCBAB
:104A90003046A04704B0BDE8704002B0704700BF88
:104AA000002943D02DE9F0418469002C3BD00D460C
:104AB0000646DFF88080002705E0A268AB689A42CE
:104AC0000DD0646ADCB1AA88A38853409907F8D452
:104AD0009207F2D5A968A06802F09CFDA8B12B88C6
:104AE000BBB96B88DBB9B3680BB120469847A38884
:104AF00043EA0803A380646A0137002CE3D1002F46
:104B0000C8BF20460FDDBDE8F081AB889B07D8D435
:104B1000D3E722889A42D4D16B88002BE3D06288F5
:104B20009A42CED1DFE76FF47A70ECE76FF47A70D7
:104B3000704700BF0080FFFF002971D0F0B5846985
:104B400085B00D4606463CB966E0A388980708D5AF
:104B5000914219D0646A14B3AB8821682A689F0710
:104B6000F3D49142F6D1A268AB689A42F2D1EA68D6
:104B7000E3689A42EED1A3881A0402D5C3F30E0368
:104B8000A380294805B0F0BDA968A06802F042FDE5
:104B90000028DFD0EA68E3689A42DBD1EBE7D6F879
:104BA00018C02A88BCF1000F2ED06046634600E092
:104BB0000B461C88944211D2596A18460029F7D135
:104BC00063451DD0596A69625D62012340F2FD317F
:104BD000684601F0BDFF002005B0F0BD1ED16F8812
:104BE0005988B94204D319E04888B842E8D20B4644
:104BF000596A0029E4D00888A042F5D06345E1D184
:104C000019888A4202D26B62B561DEE7DAD1588830
:104C100069888842D6D9F6E70A88F5E70346CFE7E0
:104C20006FF47A70704700BF16FCFFFF2DE9F0416A
:104C300083885F0782B0064603D59D062DD4DC0627
:104C400038D443F00403B38006F1100506F11808C8
:104C500015E0F368009395E80F00A047B388DA06E3
:104C600018D5346AB4B194E80F00276985E80F00BD
:104C70002046376210F0DCFEFCF7CAFBB388B4684C
:104C800098070DD4D907E4D495E80F00A047B3885E
:104C9000DA06E6D423F00403B38002B0BDE8F08165
:104CA00098E8030095E80C008DE80300204602F028
:104CB00099FCD3E700F1180393E803008DE80300A3
:104CC00006F110030CCB3046FCF76AFEE5E700BFA7
:104CD00070B51C4B8CB003F1080228330446026007
:104CE000C36006A801F054FF0F231820029310F0B0
:104CF000A6FE0025144A0092064601956A46034620
:104D000003CA46F80C4B114ADD60049375605A6182
:104D100058609960204602A91223ADF80C30059521
:104D2000CDE90A55FFF7BCFE02A8FCF72FFE084BA1
:104D3000658204F10C00E360FBF7C6FF20460CB06F
:104D400070BD00BF6C800400CD4F0300594A0300C2
:104D50002C7D0400A0F10C00FFF7BABF10B504468B
:104D6000FFF7B6FF204610F063FE204610BD00BFDF
:104D7000A0F10C00FFF7F2BFF0B5254B254A026009
:104D80000025044683B0C0E9025305610C30FBF7EF
:104D90002BFF214B236003F12002E260A561C4E9EF
:104DA0000755E584282010F04AFE0646103001F031
:104DB000EFFE1A4B3360182010F041FE184ACDE97F
:104DC000002507466A46034603CA47F80C4B154AB6
:104DD000DD604FF0C20C7D6058609960204631461E
:104DE0005A61C6E90235C6E90855A6F804C0FFF7BE
:104DF000A3FE30B90C4B1A6802B91C60204603B000
:104E0000F0BD3046FCF7C2FD304610F011FEF1E770
:104E10002C7D04005C800400748004000F000200FC
:104E2000CD4F0300594A0300043B002038B5044627
:104E300005F0DEFCE5692DB12B69E36133B1E38C4C
:104E4000013BE38405F0C6FC284638BD2362F6E743
:104E50002DE9F04184690CB3A388656A00271A0420
:104E600080463E4606D4264695B12C46A388656A00
:104E70001A04F8D55B07F6D46EB17562656A2046F0
:104E8000FCF784FD2046013710F0D2FD002DECD157
:104E90003846BDE8F081C8F81850F0E72746384694
:104EA000BDE8F0812DE9F0418469002C44D016461C
:104EB0000D46DFF88C8001270CE0A38803F0C003C7
:104EC000A3F1C003B3FA83F35B09B34215D0002703
:104ED000646A4CB323882988994201D0002BF7D10A
:104EE00063886A889A4201D0002BF1D1FCF706F959
:104EF0000028E2D10123B342E9D1B4F804E01EF462
:104F0000004FE4D195E80F0004F1100C1EF0400FA3
:104F10008CE80F0002D1FCF7F1F840B92046FFF70A
:104F200085FE646A002CD5D13846BDE8F081214663
:104F30004046FCF731FBCBE701273846BDE8F0815E
:104F40002D4C0300F0B5012287B00446066A0D46D9
:104F5000FFF7A8FF10B9E38C092B01D907B0F0BD0A
:104F600095E80F0002AD85E80F00182010F067FDEE
:104F700006AB074613E9030095E80C008DE8030033
:104F8000384601F02BFE05F033FC66B133693B6116
:104F900037613B695BB1E38C0133E38407B0BDE863
:104FA000F04005F017BCE3693B61E761F2E7276277
:104FB000F1E700BF82B008B502A9C1E90023FFF7FD
:104FC000C1FFBDE80840002002B0704782B038B58C
:104FD000054604A981E80C00FFF73AFF2846FFF7D1
:104FE00025FF90B1044604E02846FFF71FFF044662
:104FF00058B1002221462846FFF754FF204610F002
:1050000017FDFCF715F90028EED1BDE8384002B0D5
:10501000704700BF024B1888421C1A80704700BFBF
:105020006C230020C08800F00300A0F10300B0FA58
:1050300080F04009704700BF82B070B50C4684B064
:1050400005464968206802AC03C4039908AC4810BF
:1050500084E80C00CB0745BF2A58029B029CD45819
:105060000AAB2E1893E803008DE8030008AB0CCBC5
:105070003046A04704B0BDE8704002B0704700BFA2
:1050800010B5034B03600446FCF768FD204610BDD5
:10509000B880040010B5054B03600446FCF75EFDC4
:1050A000204610F0C5FC204610BD00BFB8800400AB
:1050B00082B070B588B00CA981E80C004289BDF8B7
:1050C0003050BDF83230954204460BD0022B27D029
:1050D000052B00F08680012B78D008B0BDE8704029
:1050E00002B070478189022B0E461AD0052B5AD088
:1050F000012BF2D1C3888D4243F00103C38068D0F5
:10510000A9426AD003F00203002BE6D001231A461D
:10511000A18804A801F01CFD238901332381DCE769
:105120001646B24217D0A189B14265D0954267D0E8
:10513000A3899D42194600F09C80A17B012900F0C3
:10514000C1809D4200F0AE809542C6D1E38823F035
:105150001003E380C1E7E38803F00103002BE5D0EF
:1051600001230222A188684601F0F2FC63899D4276
:1051700000F09080A289A188AA4250D00123032286
:1051800004A801F0E5FC6289B24203D1E38843F050
:105190001003E380A389B34200F08F80954266D06C
:1051A0009D429AD168E0C3888D4243F00403C380D6
:1051B0001AD0A9421CD003F00803002B8DD0A1887F
:1051C0000123052204A801F0C3FC86E78689B542C5
:1051D00003D1E38843F00203E380E38803F0010393
:1051E00092E78689B54203D1E38843F00803E38060
:1051F000E38803F00403E0E7E38803F00203ADE78C
:10520000E088C6061FD5A38920F0010189B29D421E
:10521000E18028D02A4621F00401E18091E7E2886C
:1052200002F008000028A9D0B34238D0A389B342C5
:10523000A4D102F00802002AA0D00123042204A86D
:1052400001F086FC9FE7A37B012B3ED100F0040315
:10525000002B37D001230422294604A801F078FC52
:105260006289A3899AE720F0030189B2D2E7E08836
:10527000CAE7E38898062BD5E38823F0020189B2B8
:105280009542E1802AD023F00A039BB223F0200349
:10529000E38022E7E288A18802F00400C2E702F07E
:1052A0000402C8E7E18821F008039BB29542E3803D
:1052B00004BF21F018039BB2E8E7E18841F0200128
:1052C000E1806BE701230322C6E7A1890B4665E76E
:1052D000A07B0128FAD103F00803B9E72B469AE72F
:1052E000817370472DE9F04F83B0DDE90C9ABDF86A
:1052F0003870002B40D0B9F1000F3AD00F2901D1FE
:10530000C02F39D1804628201D460E46934610F006
:1053100096FB0446103001F03BFC18202680A4F8D0
:1053200002B010F08CFBCDE9009A06466B460246AF
:1053300003CB46F80C5B0023D8F80050D360E36041
:105340007360506091606D6811491248A26047F027
:1053500002078D42A780C4E9083350610FD120466F
:10536000FCF714FB204610F063FB0B4803B0BDE8CC
:10537000F08F1AF0010FC1D16FF47A70F6E7404652
:105380002146A8470028EAD103B0BDE8F08F00BF4E
:10539000D90A03003950030016FCFFFF2DE9F0473E
:1053A0001C4F044688B0884616461D46FCF7C0FBD5
:1053B0003A681949A5800025A4F80A80A6812160D1
:1053C000A57312B3DFF854A0CDE904A504AB93E8AC
:1053D00003004FF0C0098DE8030023464146104604
:1053E000CDF808902A46FFF77DFFCDE906A508AB6A
:1053F00013E903003F68CDF808908DE803002A46C2
:10540000234638463146FFF76DFF204608B0BDE819
:10541000F08700BF043B0020B8800400B1500300B7
:10542000C3889A0610B5044608D4406A036821462A
:10543000DB699847E38843F02003E380DB0606D46A
:10544000D4E90A309842B4BF0020012010BD0020EA
:1054500010BD00BF10B50446406A074B026803F157
:10546000080138332160E3602146136A98472046DB
:10547000FEF742FD204610BDD880040010B504465A
:10548000FFF7E8FF204610F0D3FA204610BD00BF1A
:10549000F0B50C8983B000251E461746012322462D
:1054A000CDE900550446FEF74BFE0C4B676203F155
:1054B0003002C4E90A652360E2602046FFF7B0FFCE
:1054C000AE4207DAE388A56243F010034FF4FA72A4
:1054D000E380E262204603B0F0BD00BFE08004003C
:1054E00038B5054600F10C0420460121FDF73CF8D3
:1054F000E8690A4A03685B68934207D120466FF463
:105500007D750021FDF730F8284638BD9847002109
:1055100005462046FDF728F8284638BDE1A00200E0
:1055200070B5054600F10C0420460E460121FDF73A
:105530001BF8E869094A03681B68934205D12046B5
:105540000021BDE87040FDF70FB83146984720466E
:105550000021BDE87040FDF707B800BFD9A00200E8
:10556000F0B41D4DC6884A0085FB0234D317C3EB47
:105570006414F3061FD5836A4BBB6222164FC56ABB
:1055800002FB01F187FB0132CB17C3EB621323440B
:10559000013DC0E90A3565B903EB830287FB0217B9
:1055A000D217C2EB6712023326F010061344C680EE
:1055B0008362F0BC7047622202FB01F185FB01238C
:1055C000C917C1EB63132344C362F0BC704799420F
:1055D000B8BF1946D1E700BF1F85EB5110B504468F
:1055E000FEF7AAFC606A036821461B6A9847E388B5
:1055F00023F02003E380002010BD00BFA0F10C00C9
:10560000FFF7ECBF30B4456B002D0DDD8368994288
:105610000ED000F10802002303E052F8044F8C4240
:1056200007D001339D42F8D16FF47A7030BC7047D7
:105630000023AA1C023350F8222040F82320013D09
:105640004563002030BC704782B070B50C4684B012
:1056500005464968206802AC03C4039908AC4810A9
:1056600084E80C00CB0745BF2A58029B029CD45803
:105670000AAB2E1893E803008DE8030008AB0CCBAF
:105680003046A04704B0BDE8704002B0704700BF8C
:1056900038B5446B0A2C1DD0002C0DDD836899426F
:1056A00015D000F10802002303E052F8045F8D4298
:1056B0000DD001339C42F8D10346A21C013440F8BE
:1056C000221008465C63FFF70BFF002038BD6FF423
:1056D0007A7038BD6FF47B7038BD00BF82B02DE9A1
:1056E000F04708A981E80C00426B002A804619DDCA
:1056F000314F051D0024012603E0A24283F83060EB
:1057000010DD55F8043FD8690168896CB94204F18D
:105710000104F2D08847D8F834202B68A24283F8DD
:105720003060EEDC0120FCF7FBF9D8F83000DFF840
:105730008CA003681B68534536D10026D8F8342066
:10574000B146002A26DD0024274608F1040502E0C0
:105750000134A24219DD55F8040F90F83030002BC7
:10576000F6D0FFF7BDFE0128286802D0836AB34255
:1057700004DC80F830903146FFF7F2FED8F8342090
:105780000134A24207F10107E5DC164417B1B6F572
:105790007A7FD6DDD8F8300003681B68534506D100
:1057A000BDE8F04702B0704701219847C5E7BDE862
:1057B000F047002102B01847ADA10200D9A00200B5
:1057C00070B5074B03600025044645600E46FBF7A5
:1057D0000BFA044BA680C4E90C552360204670BD2B
:1057E0002C7D04001C8104002DE9F041044682B0A8
:1057F0000E46154610309846BDF8287001F0C8F9DD
:1058000026806580182010F01AF908AB054693E849
:1058100003006A4682E803002E4603CA46F80C8B52
:105820000023084AEB6047F0020773606860204677
:10583000A780A560E360C4E90833A9606A6102B08B
:10584000BDE8F0814956030070B5174A174B15683B
:10585000036090B00446C5B101222423CDE904328F
:1058600004AB93E80300A38810268DE8030002969A
:10587000194606A82346FFF7B7FF2B680C4A9B681A
:1058800093420CD106A8FCF781F80A4B2360002351
:105890002046E380FBF718FA204610B070BD28467A
:1058A00006A99847EEE700BF043B00201C810400D6
:1058B000590D03002C7D040010B50446FFF7C4FF0A
:1058C000204610F0B5F8204610BD00BF00207047FC
:1058D000704700BF704700BF002070470048704706
:1058E00016FCFFFF002070470020704700487047FB
:1058F00016FCFFFF0346006AD9610268191D536850
:10590000184700BFC069003018BF0120704700BFB2
:10591000006A03681B6918470023C361704700BF12
:1059200082B010B5C1690024846102AC84E80C0027
:1059300029B10B6804461B6808469847A061BDE87A
:10594000104002B0704700BF006A10B103689B6945
:1059500018470020704700BF006A10B10368DB6978
:1059600018470020704700BF10B5044601F01EFC28
:10597000204610BD82B070B50C4684B0054649681B
:10598000206802AC03C4039908AC481084E80C00FA
:10599000CB0745BF2A58029B029CD4580AAB2E184D
:1059A00093E803008DE8030008AB0CCB3046A0471A
:1059B00004B0BDE8704002B0704700BF30B54B691D
:1059C000012B85B00C46054606D94A89012340F2D1
:1059D000FF31684601F0BCF8637C002262613BB194
:1059E000216A0B6828461B689847284605B030BDD9
:1059F000237404F10C01284601F000FC284605B090
:105A000030BD00BF10B54369032B84B0044603D8F2
:105A10000133042B436124D0637CDBB9237C0BB1BD
:105A2000A36943BB216A0B6868461B6898476946AF
:105A300004F10C0001F0F2FB684601F0E7FB0123E2
:105A400068462374228940F2FF3101F081F8A06991
:105A500004B010BDE069B8B103681B68984704B092
:105A600010BD4289002AD7D0012340F2FF31684699
:105A700001F06EF8D0E70123228940F2FF31684639
:105A800001F066F8A069EAE70048E8E712FCFFFFCA
:105A9000A0F10400FFF7B6BF38B50B4B03F10802C5
:105AA00034330446C0E900230C300D4601F07EFB80
:105AB0000023012004226074256262612374A361C3
:105AC000A360E361204638BD6C81040010B5064B2D
:105AD00003F1080234330446C0E900230C3001F01E
:105AE00095FB204610BD00BF6C81040010B5044634
:105AF000408910B911B16181084610BDFFF78AFADB
:105B0000608110BD406903288CBF002001207047D0
:105B1000417439B92DE9F041058982B01DB102B057
:105B2000BDE8F08170470446FFF774FA1D4B2081F1
:105B30001F688046002FF2D028200FF080FF064615
:105B4000103001F025F840F2FF3318203380A6F81A
:105B500002800FF074FF144ACDE9002584466A469E
:105B6000034603CA4CF80C4BDD60CCF80450586077
:105B700099603A680D49F56012205961B360B080B0
:105B8000C6E9085553683846314698470028C6D0BC
:105B90003046FBF7FBFE304602B0BDE8F0410FF0A7
:105BA00047BF00BF043B0020215903007559030083
:105BB00010B5054B054A8360002304460260C3808C
:105BC000FBF782F8204610BDE08104002C7D040024
:105BD00010B5074B074A8360002304460260C38068
:105BE000FBF772F820460FF023FF204610BD00BFE0
:105BF000E08104002C7D04002DE9F04F2DED0A8B8F
:105C000090F82C308BB00546002B00F03E81E968FF
:105C10000B6805A81B689847E868059A0368043272
:105C20001B690092984730F0040380460AD0082888
:105C300000F047814FF48073AB6101239FEDA49A7C
:105C4000029305E08023AB610223B7EE009A029332
:105C5000059B029A5B8893FBF2F30193002B00F003
:105C6000BD80AE69B342C0F2B9809FED9AAADFED64
:105C70009A9A9FED9ABADFED9ABADFED9AAA9FED54
:105C80009ACA009B1E449E4240F2B180DFF86092A7
:105C9000DDF808A09B4647F6FE770024584659F8E1
:105CA000283098478442B8BF04B2D3448742C8BF63
:105CB00007B25E45F2D8E41B04EBD47444F34F03FF
:105CC0004FF0000B039508EE103A3546009C029EFB
:105CD000DA46204659F8283098473444C01BA5427C
:105CE0000BF1010B00FB00AAF3D89AFBFBF00FF0BD
:105CF000FDF8039D0CF09AFD0FF05AFCF8EEC87AFF
:105D000095ED097A67EE897A08EE900AC7EE8A6AFD
:105D100066EE877AC7EEA97A17EE900A0CF0E6FDD8
:105D200007EE100AF3EE047A67EE277A95ED0A7A09
:105D3000B4EEE77AF1EE10FA6FDD85ED077AAB6924
:105D4000019995F85020C91A01910099012A194426
:105D5000009140F2B28005F154042046FBF708FDA3
:105D6000002802DD2046FBF7F3FCEB889A0708D4F5
:105D700095ED077AD5ED047AB4EEE77AF1EE10FAF4
:105D800062DC5B0708D495ED077AD5ED057AB4EEB1
:105D9000E77AF1EE10FA64D495F83C30002B48D045
:105DA000D5ED107AF4EEE87AF1EE10FA01D5C5EDF2
:105DB000108ADFED4E7AF4EEE78AF1EE10FA17DD85
:105DC000AB6B00210133C5E90D13012285F83C209E
:105DD000019B1BB1AE699E427FF753AF05A801F04E
:105DE00015FA00200BB0BDEC0A8BBDE8F08FFFDE8A
:105DF000AB6B023B0B2B06D8D5ED107AF4EECC7AC8
:105E0000F1EE10FA3ADA6B6BC5ED10AA00220133FD
:105E10006B6385F83C20AA63DAE7F0EEE76AF4EEFC
:105E20004B6AF1EE10FA88BFF0EE477AC5ED077ABB
:105E300085E7F4EEEB8AF1EE10FAD9DD6B6B132BEC
:105E4000D6DDC5ED108ABBE701230222A98806A88A
:105E500000F07EFEEB8823F0040343F00203EB80A6
:105E60009AE701231A46A98806A800F071FEEB887C
:105E700023F0020343F00403EB808DE701230822A3
:105E8000A98806A800F064FEBDE7FDF7B3FBD5E9DD
:105E90001223821A61EB0303002B08BF4B2AFFF485
:105EA000B6AE05F15400FBF763FC00287FF4AFAEFB
:105EB00085F85000A0F2EE3094E7013285F85020CA
:105EC0008CE74023AB6104239FED069A0293BFE663
:105ED0000000804300FEFF46ACC5A737FFFF7F7F71
:105EE0000000484300000000000096430000C84244
:105EF000C8200020A0F10800FFF77EBEDFED0C7A7D
:105F00009FED0C7A30EE670A20EE070AB5EEC00A64
:105F1000F1EE10FA09D4DFED087AB4EE670AF1EE7B
:105F200010FAC8BFB0EE670A70479FED040A7047C9
:105F300000000C42B1137B4000007F4300000000D2
:105F40002DE9F84F294D2DED028B056000254560A8
:105F500004468B4617469846DDF830A09DED0D8A25
:105F6000BDF838909DF83C60FAF73EFE204A22606A
:105F700002F1280329462A46A360C4F80CB004F1B4
:105F80005400FBF78FFBE288A4F804900125002160
:105F9000802342F00102C4F81480276184ED0A8A4C
:105FA000C4F824A0E161A361E280256384F82D5048
:105FB0009EB984F82C60002384F85030BDEC028B2D
:105FC000002000220021C4E9120122642046C4E915
:105FD0000D3384F83C30BDE8F88FE068036804F1C5
:105FE00008015B68984784F82C50E4E72C7D040096
:105FF000B881040038B50446C06803689B680D4644
:10600000984728B9E068036804F108015B6898477D
:1060100094F85030012B11D9FDF7ECFA6A1C08BF37
:10602000256BE369022DC4E9120105D100EE103A97
:10603000FFF764FF10EE103A184638BD04F1540023
:10604000FBF73AFBE8E700BF80F82C1001B9704776
:1060500010B50446C06803689B68984700B110BD3E
:10606000E068036804F108015B68BDE81040184768
:1060700008B5036B022B07EE901A07D19FED136A48
:106080009FED137AC7EE866A76EE877A90ED047AF2
:10609000B4EE677AF1EE10FA0CD090ED057AC38871
:1060A000C0ED047AB4EEE77A23F00203F1EE10FAC1
:1060B000C38001DC002008BDB7EE007A77EEC77A16
:1060C00017EE901A00F006F8002008BDB1137B40CF
:1060D00000000C4208B5036B022B07EE901A07D1A3
:1060E0009FED136A9FED137AC7EE866A76EE877A84
:1060F00090ED057AB4EE677AF1EE10FA0CD090EDDF
:10610000047AC388C0ED057AB4EEE77A23F004037D
:10611000F1EE10FAC38001D4002008BDB7EE007A7A
:1061200077EE877A17EE901AFFF7A2FF002008BDDE
:10613000B1137B4000000C420078704790F90000DA
:10614000704700BF00887047B0F90000704700BF7B
:106150000068000A704700BF00680012704700BF67
:106160000068704700687047017070470180704791
:10617000018070470A120B140170427083707047DF
:10618000016070470160704710B50446806800B137
:1061900010BD206A03681B699847A06010BD00BF4E
:1061A000A0F10400FFF7F0BF08299ABF816000202A
:1061B0006FF47A70704700BFA0F10400FFF7F4BFDE
:1061C000006A03689B691847A0F10400FFF7F8BF55
:1061D000006A0368DB691847A0F10400FFF7F8BF05
:1061E000002070472DE9F04F2DED028BD1ED057A9F
:1061F00089B00C46FDEEE77A0490CDED037A00F00D
:10620000D5FF206A03681B699847A36882460BB9CB
:10621000A0600346216A01330A6803EBD3735B1065
:106220001268019306A89047A368069A0AF101082C
:1062300008EBD87801334FEA680803EBD373B8EB67
:10624000630FB2F8029099FBF8F900F09180019B7E
:1062500009FB03F31946012207A8059300F0ACFFE0
:1062600007A9049800F0DAFF07A800F0CFFF049B0D
:10627000069D1E68B9F1000F05F1040506F104063C
:106280007FDD0027DFF808B102975BF82A20284657
:106290009047019B217F02460137304645441E440A
:1062A00021B1029B13440293039BD21A07EE902A5A
:1062B000B8EEE77AD4ED047AA268334B67EE277A1A
:1062C00053F82220A369FDEEE77A17EE901A1943DE
:1062D0009047B945D9D1237F73B3DDED027A637F4F
:1062E000B8EEE77A07EE909AF8EEE77A87EE278A1B
:1062F000D3B160690EF00CFE0022244B0EF060FE5C
:10630000064618EE100A0F460EF002FE00221F4B42
:106310000EF056FE02460B46304639460EF09AFC09
:106320000FF046F908EE100AE26884ED058A0123B1
:1063300063777AB90123A377DDE90441204600F0B1
:10634000EBFF06A800F062FF204609B0BDEC028B0F
:10635000BDE8F08FFDEEC87A039917EE903A5B1A0C
:10636000002BB8BF5B429A42E6DD0123A377E3E747
:1063700006A9049800F052FF019B09FB03F3059363
:1063800075E700230293A6E7EC2000200000E03F21
:10639000C8200020A1F10401FFF724BF017070475D
:1063A000002070472DE9F843164FDDE908850E46B9
:1063B00007F124010446C0E900710662011D243082
:1063C0001F469146FFF768FB0023B8F1080F4FF016
:1063D000000198BFC4F80880C4F810902777E560E2
:1063E0006161A36163775FB1B5FA85F35B093268D8
:1063F000A37730465368214698472046BDE8F88386
:106400000123F4E7EC8104002430FFF7FBBA00BF5E
:10641000704700BF4369C269013343611AB1136811
:1064200010461B6818470148704700BF12FCFFFF69
:10643000A0F10400FFF7EEBFC069003018BF0120D3
:10644000704700BF8368586A03681B69184700BF1C
:106450008368586A03685B69184700BF00F124032A
:1064600000F14C0253F8040F78B110B4C4698C42A7
:1064700008D093420DD053F8040F0028F9D0C46916
:106480008C42F6D15DF8044B70479342EAD100206C
:10649000704700205DF8044B704700BF10B50446FC
:1064A0000FF0C6FA204610BD10B58468C16184B0F3
:1064B00001231A462189684600F04AFB04B010BD4A
:1064C00000B5836885B00022C261198902220123C8
:1064D000684600F03DFB05B05DF804FB094B10B5C4
:1064E00003F108022C330446C0E900230C3000F00D
:1064F0008DFE054B63600023201D6381FAF7E4FBEA
:10650000204610BD308204002C7D0400A0F1040060
:10651000FFF7E4BF0B4B03F108022C3310B5044620
:10652000C0E900230C3000F071FE074B63600023CC
:106530006381201DFAF7C8FB20460FF079FA204648
:1065400010BD00BF308204002C7D0400A0F10400C7
:10655000FFF7E0BFF0B583B001F10C04054601A8D8
:106560000E4600F023FE01A9204600F067FE074614
:1065700001A800F04BFE5FB1716A0B6801A81B68AF
:10658000984701A9204600F049FE01A800F03EFE10
:106590002146284600F032FE284603B0F0BD00BF79
:1065A000F0B5002385B00546036200F1240400F134
:1065B0004C06012754F8043F18464BB11B689B6AF0
:1065C000984728B92B6A2A7E01332B62D2B12F76E5
:1065D000B442EFD12C6A0CB92B7ED3B9684600F0D7
:1065E000E5FD694605F10C0000F018FE684600F074
:1065F0000DFE2989684601230A2200F0A9FA0948FC
:1066000005B0F0BD012303222989684600F0A0FAF5
:10661000DDE7012304222989684600F099FA2C76E7
:10662000DCE700BF12FCFFFF70B500F1240300247B
:1066300053F8045F25B101340A2CF9D1002070BD54
:10664000064620200FF0FBF90A34F369084A46F8A1
:1066500024000133002102F134048660C561C0E9E1
:1066600005550561C0E90024C160F36170BD00BF3C
:106670008082040010B583682DED028B0446C16052
:10668000586A03689B6908EE101A984707EE900A4B
:10669000F4EEC87AF1EE10FA04D418EE100ABDEC4C
:1066A000028B10BDA368586A036818EE101ADB69E4
:1066B000984707EE900AF4EEC87AF1EE10FAECD59E
:1066C000A368BDEC028B586A0368BDE810409B6963
:1066D000184700BF10B500F12402002352F8044F00
:1066E0008C4204D001330A2BF8D1002010BDC269BE
:1066F0000A330024013A40F82340C26149B10B68D3
:10670000064A5B6A9342084605D10FF091F90120D1
:1067100010BD012010BD9847012010BD9D640300ED
:10672000D0ED037AF5EE407AF1EE10FA02D017EED2
:10673000900A70478368586A03689B69184700BFCE
:106740002DE9F04F2DED028B0C4689B0896805903C
:10675000486A069301688969154698468847A36880
:1067600094ED038A08EE900A586A03681B699847FB
:10677000FDEEE87A2F6817EE902AFDEEC87A451CE8
:1067800017EE904A05EBD575131B6D107E8896FBAE
:10679000F5F692FBF6F493FBF4F4341B04FB05F2DC
:1067A000434683460292002B53D0029B149A934295
:1067B000A8BF13463601002B96FBF4F20492069A0A
:1067C000029307F10407039260DD0792DFF8D4809B
:1067D000DFF8D4A0079E0024002C2246B8BF04F1A5
:1067E0000F02121105FB02F2B81858F82B30019273
:1067F0009847019A58F82B308146501938449847E9
:10680000B0EB090348BF0F33D4F1000C0CF00F0CB0
:1068100004F00F014FEA231358BFCCF100013046BA
:1068200001FB03915AF82B309847049A039B2E449E
:106830001444029AF31A9A42CEDC0799059800F0A4
:10684000CDFC069BCBB1059809B0BDEC028BBDE831
:10685000F08F10469046FBF70FF8360196FBF4F3E5
:1068600004934346002B079007F104070390ADDC27
:10687000029A0799059800F0B1FC0798FBF722F8F7
:10688000059809B0BDEC028BBDE8F08F029ADDE9F6
:10689000050100F0A3FC059809B0BDEC028BBDE832
:1068A000F08F00BFC8200020EC20002070B50C46FF
:1068B0002DED028B8968A3690A6884B00133002634
:1068C000A36166610546536802A8984794ED038A60
:1068D000B5EE408AF1EE10FA0BD0A368586A03684F
:1068E0009B69984707EE900AB4EEE78AF1EE10FA3A
:1068F0000BDB02A9284600F081FC02A800F086FC10
:10690000284604B0BDEC028B70BD02A903A800F0BC
:1069100075FC4FF0FF30009033462846214603AA0D
:10692000FFF70EFF03A800F071FCE6E7F8B5044698
:10693000154B164820600025C4E90135201D0E4680
:106940001746FAF751F9124B23602433636004F1C0
:106950000C0000F02BFC66622781E561256225763C
:1069600004F1240304F14C0043F8045F8342FBD19B
:10697000336830465B682146984700220023C4E90B
:1069800004232046F8BD00BF2C7D0400AC81040028
:1069900038820400B1F5007FA4BFC1F57F710331D7
:1069A000490088B2704700BFC1F58063B3F5007F2E
:1069B000B8BF1946014B33F811007047B882040084
:1069C00088B2704728B180B211FB00F0C0F3090013
:1069D000704741F6EF6011FB00F0C0F3090070470B
:1069E000B1F5007F40F2FF30A8BF0020704700BF24
:1069F000024A126802607E22426070471021002025
:106A0000034A034692E8030083E8030018467047F0
:106A1000FC3A0020A1F120035E2B07D80068052373
:106A20006FF09F0213FB012108447047002070475C
:106A3000034A044B12681A607E225A60704700BFF6
:106A400010210020FC3A002010B401704270436015
:106A50005DF8044B704700BF82B030B402AC84E8EC
:106A60000C000D46034694E807009DF8144083E8A7
:106A70000700B4B1687818B149425242C3E9011223
:106A80006A68022A11D0032A2AD0012A22D0012CB6
:106A900015D0022C05D1D3E9011249425242C3E973
:106AA000011230BC184602B07047D3E90012012C25
:106AB000C1F10001C2F10002C3E90012E9D130BC0A
:106AC000D3E900109A68186052421846C3E90112CF
:106AD00002B07047D3E90021524219605A60D6E7EC
:106AE000D3E90012524259601A60D0E782B010B563
:106AF00082B004AC84E80C000B78069C019304ABD4
:106B00000CCB00940446FFF7A7FF204602B0BDE877
:106B1000104002B0704700BF30B50B4B1C6883B00B
:106B200024B12268094B15689D4201D103B030BDE4
:106B300000F10802034692E803008DE803002046B6
:106B40000CCBA84703B030BD043B00202D4A030006
:106B500038B50180428004461D46FCF75BFDC4E960
:106B6000020115B12046FFF7D7FF204638BD00BF10
:106B7000D0B5DDE904679DF8183001800446C0E90E
:106B8000026742800BB1FFF7C7FF2046D0BD00BFB0
:106B900010B5002303600446FCF73CFDC4E9020184
:106BA000204610BD30B50B4B1C6883B024B1226861
:106BB000094B15689D4201D103B030BD00F10802B8
:106BC000034692E803008DE8030020460CCBA8475B
:106BD00003B030BD043B00202D4A030082B038B51D
:106BE000002504A90560044681E80C00FCF712FDAD
:106BF00004AB0FCB256184E80F002046BDE8384088
:106C000002B0704710B50446006800F0BFFC204693
:106C100010BD00BF014B0360704700BF988804009F
:106C200010B504460868206000F092FC204610BDB4
:106C300010B5044629B10160084600F089FC2046E1
:106C400010BD024B0360204610BD00BF98880400B1
:106C50000346024A00681A60704700BF9888040023
:106C600038B504460B680068984206D00D4600F01F
:106C70008DFC2868206000F06BFC204638BD00BF0A
:106C80000068438882880021063002FB03F20EF080
:106C900031BF00BF30B400684488A1420DDA858856
:106CA000AA420ADA002908DB002A06DB084404FBB2
:106CB00002020020937130BC70476FF47A70FAE7DB
:106CC00003685888814211DA10B49C88A2420ADA1B
:106CD000002908DB002A06DB0B4400FB023398790D
:106CE0005DF8044B70476FF47A70F9E76FF47A70CF
:106CF000704700BF2DE9F047B1F1000A21DD1D46C4
:106D0000FBB10468A788B4F802809742A8BF174671
:106D1000D045A8BFD046002F814604F106040DDD02
:106D200000262946204642460EF0C0FED9F8003023
:106D300001365B88BE4255441C44F2D10020BDE8B8
:106D4000F0876FF47A70FAE72DE9F0410F1E19DB36
:106D5000002A17DB0446062007FB02001E461546E4
:106D6000FAF78AFD206000F039FC23685F80236811
:106D70009D805EB133462A4639462046BDE8F04143
:106D8000FFF7B8BF074B0360BDE8F0812068438878
:106D90008288314602FB03F20630BDE8F0410EF076
:106DA000A9BE00BF9888040010B500230446FFF771
:106DB000CBFF204610BD00BF2DE9F041054684B051
:106DC00000294FD00A780C46002A51D000218C4669
:106DD0000F460E46234607E00A2A39D00EB1013786
:106DE000002613F8012F42B1A2F130000928F3D890
:106DF00013F8012F0126002AF6D109B20FFA8CF2FE
:106E000000232846FFF7A0FF2F6823780637DBB161
:106E100001AE32464FF0000804E002F8013B14F8DE
:106E2000013F8BB1A3F130010929F6D9B24282F8B2
:106E30000080F4D930460EF026FE07F8010B14F856
:106E4000013F3246002BEDD1284604B0BDE8F08169
:106E500006B10137B942B8BF394600270CF1010C21
:106E60003E46BEE7034B0360284604B0BDE8F08110
:106E70001146C5E79888040010B50446FFF764FF83
:106E8000204610BD2DE9F84F05689DF82840B5F85B
:106E900002C062454FDAB5F804E073454BDAD1F829
:106EA00000B0BBF8029002EB0907002F43DDBBF8EE
:106EB00004A003EB0A08B8F1000F3CDD002A55DB03
:106EC000ACEB02074F45A8BF4F46002B0BF106065F
:106ED00060DBAEEB0308D045A8BFD04622EAE272E1
:106EE00005F106090BB10CFB032291443CB3B8F148
:106EF000000F20DD4FF0000E724607F1FF3A002F21
:106F00000FDD731E4C4606EB0A0C13F8015F0DB142
:106F1000257001329C4504F10104F6D10568D1F8D1
:106F200000B0BBF802406B880EF1010EF04526441C
:106F30009944E4D100E000221046BDE8F88FB8F192
:106F4000000FF8DD0D4682463A46314648460EF0BF
:106F5000ADFD2A68DAF8003052885B880134A0451C
:106F600016449944F0D107FB08F2E5E76745A8BF4E
:106F70006746002B0BF1060612DAF045A8BFF04673
:106F8000C2F1000C09FB13C31E4422EAE27205F1B0
:106F90000609AAE7F045A8BFF0464FF0000CF1E75C
:106FA000AEEB0308D045A8BFD046B61A96E700BF9F
:106FB0002DE9F043804683B0684691461D460C4655
:106FC000FFF71EFDD8F800305A88914533DA9B88C8
:106FD0009D4230DA1F2C2ED9019B9C422BDC21468E
:106FE0006846FFF717FD4FF0100E07462B1A0530C5
:106FF00007EB030C0021D8F80040658801EB090677
:10700000B5420EDDA288624534444EFA01F208DD35
:107010003E780CFB0544164214BF4FF0FF320022AD
:10702000A27101310529E6D10137B842E0D1002033
:1070300003B0BDE8F0836FF47A70F9E72DE9F04111
:1070400003680D1E5F8826DDBD4203F106048046FD
:107050009A8817DA9AB17F1B002661193A462046B2
:107060000EF024FD2A46E01900210EF043FDD8F869
:1070700000305A889B8801369E421444EDDB002084
:10708000BDE8F08107FB02F2204600210EF032FD40
:107090000020BDE8F0816FF47A70F1E72DE9F84F38
:1070A00000AFD1F80090BE6AB9F80240F96A02EB6D
:1070B0000608A0451D468246194432DAB8F1000F91
:1070C000D8BFA046B9F80460B14202DA0029C8BFAF
:1070D0000E4608FB06F3073323F0070304FB0522E3
:1070E000ADEB030D09F10604AE421444EB460DDD91
:1070F0006B464246214618460EF0D8FC0135B9F8D9
:1071000002200346AE4233441444F2D150465B465B
:1071100032B20FFA88F1FFF717FE5046BD46BDE8C0
:10712000F88FA046CEE700BF10B5096804468B1D56
:10713000B1F90420B1F90210FFF706FE204610BD98
:1071400010B5064B064C1846236000F001FA2046A5
:10715000044A0549BDE810400EF06CBC9888040054
:10716000083B002040200020056C0300F8B50546D0
:10717000101D14461F460E46FAF77EFB286000F0ED
:107180002DFA2B685C802EB12868314604302246E7
:107190000EF08CFC012F00D0F8BD28682246043088
:1071A0000021BDE8F8400EF0A5BC00BF014B036014
:1071B000704700BFA0880400002910B5044606DD12
:1071C00013460A460021FFF7D1FF204610BD024BAF
:1071D0000360204610BD00BFA0880400002A10B53F
:1071E000044604DD0023FFF7C1FF204610BD024B1B
:1071F0000360204610BD00BFA088040010B50446FF
:107200000868206000F0A4F9204610BD10B50446BF
:10721000006800F0BBF9204610BD00BF38B5044639
:107220000B680068984206D00D4600F0AFF9286858
:10723000206000F08DF9204638BD00BF0068096865
:1072400088420ED008B543884A889A4201D000206F
:1072500008BD043104300EF01AFCB0FA80F0400989
:1072600008BD0120704700BF38B5151E13DB046848
:107270006288A8B290420ED833EA230328BF13468F
:10728000521B9A4204F10404A8BF1A4660190EF07A
:1072900031FC002038BD6FF47A7038BD002B70B51A
:1072A0000D4602DA03685B889B1A002A21DB04681A
:1072B00066889918B1421CDC91421ADBCBB135F0DB
:1072C000004116D05942A94214DAAB4212DD04340F
:1072D000002D04EB020612DB5C1B224671193046BE
:1072E0000EF0EFFB2A4630190021BDE870400EF089
:1072F00001BC70BD0021BDE87040FFF7B5BF6C4216
:107300005A19314630190EF0DCFB22463046002176
:10731000BDE870400EF0EEBB002906DB03685A881A
:107320008A4202DB5980002070476FF47A70704700
:1073300010B50446006800F029F9204610BD00BFD2
:1073400070B50546501D14460E46FAF795FA2860AA
:1073500000F044F92B685C802868224631460430EE
:107360000EF0A4FB2B681C440023237170BD00BFEA
:1073700010B50B4684B0044601A91846F9F72EFB58
:1073800001A80EF0F3FB01A902462046FFF7D8FF43
:10739000204604B010BD00BF38B5054611B10B78CA
:1073A0000C461BB9064B2B60284638BD08460EF02C
:1073B000DDFB214602462846FFF7C2FF284638BDBE
:1073C000A4880400F8B517460A683B68B2F9025071
:1073D000B3F902301D440446681D0E46FAF74CFA14
:1073E000206000F0FBF823685D8031682068B1F907
:1073F0000220043004310EF059FB326823683968EA
:10740000B2F90200B1F902200433184404310EF03D
:107410004DFB23681D4400232B712046F8BD00BF9F
:1074200070B5054649B10B780C4633B1084616468F
:107430000EF09CFBB3B2834203D9054B2B60284668
:1074400070BD284632462146FFF77AFF284670BDB8
:10745000A488040010B504460868206000F078F89D
:10746000204610BD014B0360704700BFA488040094
:1074700038B504460B680068984206D00D4600F007
:1074800085F82868206000F063F8204638BD00BF0A
:1074900008B50068096843884A889A4201D00020EC
:1074A00008BD043104300EF057FBB0FA80F04009FB
:1074B00008BD00BF70B513680D685E8804465EB1F4
:1074C0006D881DB1FFF77EFF204670BD0360184632
:1074D00000F03EF8204670BD0560284600F038F800
:1074E000204670BD002907DB0368B3F902208A42F9
:1074F00002DD0B44187970470020704710B5064B29
:10750000064C1846236000F023F82046044A05493B
:10751000BDE810400EF08EBAA48804000C3B002099
:10752000402000203173030008B503884FF6FF7236
:107530009BB293420AD0012B01D0DB0704D41E205A
:10754000EAF754F9002008BD002008BD012008BD5D
:1075500003884FF6FF729BB2934215D0012B10B5F2
:1075600004460DD0DB070BD5BFF35B8FD4E85F3F3C
:107570000233C4E8523F002AF8D1BFF35B8F10BD3D
:107580001E20EAF733F9EFE7704700BF03884FF694
:10759000FF729BB2934218D0012B10B5044610D055
:1075A000DB070ED5BFF35B8FD4E85F3F9A1EC4E8BC
:1075B000512F0029F8D1BFF35B8F9BB2032B05D06D
:1075C00010BD1E20EAF712F9ECE770472046BDE82F
:1075D000104000F001B800BFFAF774B9032303802C
:1075E000704700BF82B070B582B0044608A906A8F3
:1075F00080E80C0003C9266865698DE8030006ABC6
:107600000CCB3046211DA84702B0BDE8704002B047
:10761000704700BF08B502680B689A4201D000208D
:1076200008BD0431102204300EF031FAB0FA80F0B7
:10763000400908BD042070470429024808BF002003
:10764000704700BF16FCFFFF436805481B6990FBAD
:10765000F3F007EE900AF8EEE77A17EE900A70471B
:1076600040420F00837C43F020038374704700BFC7
:10767000807CC0F34010704710B508310446FFF716
:10768000BDFD204610BD00BF184B03F128022DE9B7
:10769000F04106460360826000F5FE7700F5017553
:1076A00000E025462C1F2046FFF7B0FDA742F8D189
:1076B000DFF84080283D06F11C0745F8188C3C3C5B
:1076C0002846FEF703FA04F10800FFF79FFDA742E2
:1076D000A5F13C05F1D1064B336000233046F38021
:1076E000F9F7F2FA3046BDE8F08100BF20890400C6
:1076F0002C7D0400F8880400084B094A0321C3F8D4
:107700000815D2F80034DB07FBD40123936090F80E
:107710000832002BFBD10120704700BF00F0014070
:1077200000700040194B03F128022DE9F041064694
:107730000360826000F5FE7700F5017500E02546E4
:107740002C1F2046FFF762FDA742F8D1DFF84480E6
:10775000283D06F11C0745F8188C3C3C2846FEF7EE
:10776000B5F904F10800FFF751FDA742A5F13C056A
:10777000F1D1074B33600023F3803046F9F7A4FAC8
:1077800030460EF055F93046BDE8F08120890400FE
:107790002C7D0400F8880400104B70B50446C0E945
:1077A000003104F1180508301646FFF7FFFC2146AA
:1077B0002846FEF771F9A368E6745B88E38102222C
:1077C00000234FF4007128462182A374A282194637
:1077D000A381FEF79DF9204670BD00BFF888040024
:1077E000072914D8032A12D810B4C37C01751B01D1
:1077F00003F1804342F4805403F5E043427544EAC8
:1078000001210020C3F818155DF8044B70476FF490
:107810007A70704710B5898A04460022FFF7CCFCC5
:1078200020464FF0FF3300228821FFF71DFD204640
:1078300010BD00BF38B504468069036800219B6B0A
:107840009847A06903684FF47A51DB6C9847226926
:10785000A17D07EE902A01290B46F8EE677AB8BFA2
:10786000012303EB8303B3EE007AB2FBF3F3FF2BA8
:1078700067EE877A2FD9802300225B1002F1010284
:10788000FBD101293AD92649072AC1F8F4352BDD65
:107890009FED247A67EE877A4FF48072C4F8042251
:1078A000A069FDEEE77A03680021DB6B17EE902AF2
:1078B0009847A3691C4A5B691C48012103F5A07421
:1078C0000225C3F80012C2F80855C2F81845C2F8DC
:1078D0001C05D96038BD5B10CED101291DD91049D6
:1078E0000122C1F8F435D9E7012303FA02F207EEC9
:1078F000102AB8EEC77AC7EE877ACFE70123934004
:1079000007EE103AB8EEC77AC7EE877A044901232A
:10791000C1F8F425C4F80432C2E71A46F6E700BFFE
:10792000007000400000803B00F001400470004007
:107930002DE9F047504D0560002582B045600446B2
:107940000E4691469A46F9F74FF94C4AA66102F164
:10795000080330322360A26021462A4625736573EE
:1079600004F11C00FFF718FF214604F15800012222
:10797000FFF712FF214604F194000222FFF70CFFEB
:10798000214604F1D0000322FFF706FF214604F54B
:1079900086700422FFF700FF214604F5A47005223B
:1079A000FFF7FAFE214604F5C2700622FFF7F4FE47
:1079B00004F5FE770722214604F5E070FFF7ECFEA0
:1079C00004F500763846FFF7F1FB3046FFF7EEFB93
:1079D0004FF001084FF40073A382214601A8A4F8D8
:1079E00004A0C4F81090A57584F80852C4F8048265
:1079F000FFF710FF01A93846FFF710FC01A8FFF7B9
:107A000005FC214601A8FFF705FF01A93046FFF755
:107A100005FC01A8FFF7FAFB194E1A4BE575802704
:107A20001C60C6F88070BFF34F8FBFF36F8F164B8B
:107A3000164AC3F800550320C3F8F0051449232063
:107A4000C3F80403C2F808852046C2F81015C2F82E
:107A50001435FFF7EFFE86F80753C6F880713760DC
:107A6000A06903685B6A9847A06903681B6B984725
:107A7000204602B0BDE8F0872C7D04001889040080
:107A800000E100E0103B00200070004000F00140E9
:107A900004710040F0B5514D51492B68514C524A88
:107AA00085B0012600930B6801932368029300239D
:107AB000136017681660009A2A60019A0A60029A99
:107AC0002260A1F2446103222324C1F800351F463D
:107AD000C1F8F0258E46C1F804431A469C468375CA
:107AE000064617E0CFB2877596F8313096F82F101A
:107AF00096F8304043F480530EEB011143EA04231F
:107B0000082AC1F8183506F13C06C5F81025C5F855
:107B100014C51CD013019C1A00EB840403F18045AA
:107B200094F82E4014F0100407F1010105F5E0452A
:107B300002F1010203F18043D4D103F5E043082AA6
:107B4000C3F8104506F13C06C3F81445E2D117B955
:107B5000384605B0F0BD254D04460126C5F8006540
:107B6000FFF768FEE77D7F3704EB870703A8214610
:107B7000FFF750FE03A93846FFF750FB03A8FFF7B5
:107B800045FBD4F80422A17DE07DA38AB24001FB2D
:107B900002F204EB800093FBF2F702FB17329B1A10
:107BA000D0F8FC21124801F1004103EBD3730139F5
:107BB000043233410327C5F82C26C5F8303602EBD2
:107BC00041022E6048F68801C0F8047584F8086206
:107BD00013889942FCD0012005B0F0BD40760040EA
:107BE0004476004048760040FC7F00400070004032
:107BF00000F0014008B5034689B190F8083203F05F
:107C0000FF011BBB184B194A197013681849DB098F
:107C100003F00100DB0708701CD4002008BD144AE3
:107C200012785AB9104A1278002AF6D093F808222E
:107C3000002AF2D11846FFF72DFFEEE70B4A80210C
:107C40001160094A1278002AF0D1E6E7FFF754FDE7
:107C50000146D7E78023C2F88030BFF34F8FBFF3D0
:107C60006F8F002008BD00BF2343002000E100E02B
:107C70002243002090F8082238B5044612B9016169
:107C8000002038BD0D46FFF737FD25610028F7D0ED
:107C900094F80832002BF3D12046FFF7FBFEEFE704
:107CA00007EE901A9FED0E7AC7EE277A10B50446BC
:107CB00040680369FDEEE77A17EE901A994201DAFF
:107CC000FFF7D8FF2368074A9B699342204603D1F8
:107CD000BDE81040FFF7B8BCBDE81040184700BF32
:107CE000002474494976030038B50D460446FFF771
:107CF0005DFA02F07DFDEB7D7F3305EB83012046CD
:107D0000FFF78CFA02F066FD204638BD30B5837C63
:107D100013F0100483B002D1204603B030BD0446F6
:107D200001A86168FFF7E0FF0023E57C1B481A46C5
:107D300002F151010901415801B10133954202F1AB
:107D4000010228D0082AF3D1154B01990A1D48F6E3
:107D50008800D55A8542134412D065684988AD7DA4
:107D60000A449A424FEA450502D805E09A4203D9EF
:107D70002B4419888142F9D15B1BB3F90030A381F0
:107D8000A48901A824B2FFF741FA24EAE474A4B25A
:107D9000204603B030BD013B5B00D6E700700040D9
:107DA0002EF8FFFFF8B50E460446097D2248154619
:107DB000F9F786FEC8B1317D1F48F9F73DFE471E31
:107DC000A5B13D01EB1B04EB830393F82E30DB06DA
:107DD00013D53368194ADB6D934222D10023ED1B82
:107DE000237304EB850404F11C00F8BD3D01ED1B79
:107DF00004EB850404F11C00F8BD94F80832B3B913
:107E0000EB1B04EB830393F82E2042F0100283F85F
:107E10002E2094F80832002BDBD12046FFF73AFEE3
:107E2000D7E73046002204F108019847DFE72046F3
:107E3000FFF762FCE4E700BFA888040005A2020087
:107E4000D9B138B58B7CDB060DD490F808320546E5
:107E50000C467BB9A37C43F01003A37495F8083259
:107E600003F0FF040BB1002038BD2846FFF712FED7
:107E7000204638BDFFF740FCECE76FF47A7070479E
:107E800038B50C460546097D1B48F9F719FE80B345
:107E9000217D1948F9F7D0FD0138C0EB001005EB42
:107EA000800494F82E30DB060BD595F8083203F0E9
:107EB000FF0043B994F82E3003F0EF0384F82E301E
:107EC00038BD002038BD2846FFF716FC94F82E3048
:107ED00003F0EF0384F82E300028F2D095F8083232
:107EE00003F0FF04002BECD12846FFF7D3FD20461A
:107EF00038BD6FF47A7038BDA888040070B50022D0
:107F000005460E46FFF74EFF38B104463146284677
:107F1000FFF7B6FFA37CDB06FCD42B7B1BB12B68E1
:107F200028469B699847002070BD00BFA0F108005B
:107F3000FFF7E4BF2DE9F04F847CE40685B057D508
:107F40000C68B4F802804FEA6808904550DD0434AC
:107F500004EB480804EB420700E0A846A8F102053C
:107F6000EC1B641094FBF3F603FB1644002CF4D1D5
:107F7000B5F900208281827C920639D5012B064614
:107F80004ED0B0F90E1080680A1DB84500EB020B08
:107F9000B0F802A02CD95D0006F10803A1460193B8
:107FA00007E0B6F90E3053451CD0B84520D9B6F9D4
:107FB0000E10514504F101041DD0B7F90030994469
:107FC0000E9B9C422F44ECD199FBF4F4ABF800409B
:107FD000F38902331BB2002453450BF1020BF381EA
:107FE000A146E2D106F11800FDF70CFDB845DED838
:107FF00005B0BDE8F08F0122B6F9101003A8FFF715
:10800000DBF803A90198FFF709F903A8FFF7FEF8C9
:10801000B2680023F381B2F802A002F1040BCCE7AE
:108020000830FFF7FBF8B3685B88F38106F11800AE
:10803000FDF7E8FCDCE700BF2DE9F0433B4BD3F84C
:10804000042185B005461AB9D3F81431002B42D06B
:1080500095F81780354F08F1010303F00103EB7524
:10806000D7F8341608F17F0805EB88084900404628
:108070000024FFF751F9264605F11C0902E00134FE
:10808000082C1DD004F151031B01FB58002BF6D026
:10809000414603A8FFF7B2F8D5F80422AB7D009261
:1080A000C4EB0410324609EB800003A9FFF742FF3E
:1080B000013403A8FFF7AAF8082C06F10106E1D164
:1080C0001A4BD3F8042112B10022C3F80421174B34
:1080D000D3F814211ABB154ED6F80031E3B1EC7D6C
:1080E000013404F0010404F17F07294605EB8707FA
:1080F00003A87E34FFF78EFB05EB840503A9384601
:10810000FFF78CF803A8FFF781F86B6800220433AF
:10811000C6F82C36C6F8002105B0BDE8F083002271
:10812000C3F8142185F80822D5E700BF007000408D
:10813000024B186808B1FFF77FBF7047103B002063
:10814000154A4369914218D9144A914221D9013202
:1081500010B44FF0C86000249142C3F80045C3F842
:10816000240503D14FF0C462C3F824250622002061
:10817000C3F800255DF8044B70474FF0CC72002126
:10818000C3F80015C3F824250622C3F800250020F3
:1081900070474FF08062F2E78FD003007F1A06002D
:1081A000704700BF10B504460DF042FC204610BDDC
:1081B000F0B585B004AC066804F8012D9DF82C706C
:1081C000009722461F46366A012305460C46B047F3
:1081D00038B92B68009021463A469C6A0A9B28468B
:1081E000A04705B0F0BD00BFC3688B4210B5044680
:1081F00006D003698B4203D0237953B9002010BD08
:1082000023680022DB6B1146204698472379002B18
:10821000F4D02368054A9B6B9342204603D10DF0AE
:1082200007FC002010BD9847E8E700BFA5810300C8
:10823000C368002B3AD00369002B37D01A6870B599
:1082400004460121184613689847E0680368012135
:108250001B6898470420F9F765FC0025E06803686F
:1082600002219B689847014608BB206903681B6888
:1082700098470420F9F756FC2069036801211B6820
:108280000D4498470420F9F74DFC092DE6D1E0682C
:10829000036800211B6898470420F9F743FCE06855
:1082A000036801211B68BDE8704018477047002D26
:1082B000EDD170BD38B5044615460A4600F10C01F3
:1082C000FAF754F92A4604F110012046FAF74EF95C
:1082D0006269E3680025C2F80055F3B12369E3B190
:1082E00001212046FAF740F90621E06801F0F2F892
:1082F0000621206901F0EEF82046FFF799FFE068BB
:10830000036802219B6898472069036802219B68E3
:10831000984729462046FAF727F90A20F9F702FC80
:10832000D4E904239AB1107DE268AAB1147DC3F8A0
:1083300008054FF0CC710622C3F80C450A20C3F89B
:108340002415C3F80025F9F7EDFB002038BDE268DD
:108350004FF0FF30002AE9D14FF0FF34E7E700BFCC
:10836000F8B504461D4617460E46FAF7EFF8002208
:10837000104B2360C4E9022222615DB1284602F05D
:10838000A7FA606160B13A4631462046FFF792FF96
:108390002046F8BD012002F0BDFA60610028F2D14C
:1083A0005A20E9F723FA3A4631462046FFF782FF82
:1083B0002046F8BD548904002DE9F04143698EB28E
:1083C00082B09A590546002A61D1D3F82441002C85
:1083D00036D14FF00108334F10E0D3F8482592B959
:1083E000632C54DC0A20F9F79DFB6B699A59002A2B
:1083F0004DD1D3F824211ABBBC4221D0D3F850214F
:108400000134002AE9D1632CECDDD3F860213AB1C4
:10841000D3F80022D10503D5D3F84821002A32D061
:10842000D3F86021002ADDD0D3F800229205D9D5F7
:10843000D3F80421002AD5D1C3F814801446D1E71B
:10844000D3F8C424C3F8C4240022C3F82421D3F8E9
:108450002421019201220199134C1A625A6101E010
:10846000013C16D00A20F9F75DFB6B69D3F80431A3
:10847000002BF5D00D4CA86808B1F9F753FB204646
:1084800002B0BDE8F081C3F81C801446AAE70024BE
:10849000F1E72B682A69DB6BE968044C28469847AA
:1084A000E9E700BF41420F00A08601000EFCFFFF7C
:1084B00070B44469C1F34701C4F888150021C4F8B9
:1084C000041189B0D4F804610696069EC4F82411FC
:1084D000D4F824610596059EC4F86011D4F8606153
:1084E0000496049EC4F85C11D4F85C610396039E64
:1084F000C4F85011D4F850610296029EC4F84C1191
:10850000D4F84C619DF830500196019EC4F8442582
:10851000C4F8483575B14FF480720123C4F80022C5
:10852000A360D4F84821DAB94FF4A47109B070BC43
:10853000FFF742BF4FF400720123C4F80022A3608A
:10854000D4F84821A2B12362C4F84851D4F8483184
:108550000793079B4FF4827109B070BCFFF72CBFE3
:108560002362C4F84811D4F848310793079BDBE72E
:108570004FF48271DAE700BF70B54469C1F3470177
:10858000C4F888150021C4F8041188B0D4F8046137
:108590000696069EC4F82411D4F824610596059E1B
:1085A000C4F86011D4F860610496049EC4F85C11AC
:1085B000D4F85C610396039EC4F85011D4F850615E
:1085C0000296029EC4F84C11D4F84C619DF83050CC
:1085D0000196019EC4F83425C4F83835B5B94FF476
:1085E00080520123C4F800222360D4F8482132B11C
:1085F0002362C4F84851D4F848310793079B4FF4DD
:10860000827108B0BDE87040FFF7D6BE0123236039
:10861000D4F8482192B94FF4AE710446FFF7CCFE6E
:1086200008B108B070BD6369012220464FF4A471FF
:10863000DA6108B0BDE87040FFF7BEBE2362C4F83F
:108640004811D4F848310793079BE4E70E4B03F138
:108650002C0103F1380270B5C0E90212054603602F
:1086600000F12C0600F13404043C2046FEF7CEFD58
:10867000A642F9D1054B2B6000232846EB80F8F782
:1086800023FB284670BD00BF9C8904002C7D04009C
:1086900070B544690D7D00234FF0FF3604EB830273
:1086A0000133D2F86015A94208BFC2F86065042BF7
:1086B000F4D1037C13B103689B699847002070BD17
:1086C000A0F10C00FFF7E4BF0F4B03F12C0103F105
:1086D000380270B5C0E902120546036000F12C06AD
:1086E00000F13404043C2046FEF790FDA642F9D187
:1086F000064B2B600023EB802846F8F7E5FA284666
:108700000DF096F9284670BD9C8904002C7D04006C
:108710004369D3F8080570479FED1F7A07EE901A5A
:10872000C7EE277A10B4B0EE677ABEEECE7A17EEB7
:10873000101AB1F5004F29DB0023013341FA03F28F
:10874000B2F5004FF9DA072B04DD144B5DF8044B4A
:10875000184670471C4612FA03F348BF0F331B112B
:1087600007EE903ADFED0C6A4169F8EEE77A0023F4
:1087700086EEA77AC1F80C45C1F808255DF8044BD0
:10878000C0ED097A80ED087A18467047002417EE8C
:10879000102A2346DFE700BF0024744900407AC452
:1087A0002DE9F843494D05600025456004460F4614
:1087B00016469846BDF82090F8F716FA44486761C7
:1087C00000F12C0200F13803C4E902232060257473
:1087D000657404F12C00FEF7E9FC04F13000FEF7AB
:1087E000E5FC63693B4F66630126A4F80490E561EC
:1087F000657625852576A676E676C3F800554FF092
:108800008023C7E90033C7E9023341462046FFF71A
:1088100083FF6369304AC3F80455022704203021DE
:108820009342C3F81075C3F84855C3F82855C3F8E8
:108830004C55C3F82C55A676E676C3F81465C3F8F4
:108840000002C3F8041320D0244A93422FD0244AB4
:1088500093420CD0606B016801224D68227604F1CE
:108860000801C3F80025A8472046BDE8F8831D4A43
:108870001D4B92681D49C2F8C81004221C49C3F858
:1088800084215A6063698C60E4E7194A154B1460CF
:108890009A681849C2F8B010A3F540634FF08052AF
:1088A000C3F880211A6063690C4A9342CFD10D4A04
:1088B0000D4B92681049C2F8C41002220C49C3F84B
:1088C00084215A6063694C60C1E700BF2C7D0400BD
:1088D0009C890400143B002000C0014000100240AD
:1088E0000020024000ED00E000E100E0498B0300C1
:1088F000243B0020298B0300398B030007EE901ADC
:10890000FEEECE7A10B417EE901AB1F5004F23DBCD
:108910000022013241FA02F3B3F5004FF9DA072AD7
:108920001FDC14464169DFED106AC1F80C45C1F83F
:108930000835934048BF0F331B1107EE903AF8EE0D
:10894000E77A002386EEA77AC0ED097A80ED087AEF
:1089500018465DF8044B7047002417EE903A224603
:10896000E0E76FF47A73F3E700247449406A7047D4
:1089700043690020C3F81015704700BFC2768176A6
:10898000436939B93022C3F81415C3F80012C3F88B
:1089900008237047012004213022C3F81405C3F8CE
:1089A0000012C3F80423704770B590F929300446CB
:1089B00082B0C0696BB1626901235360D2F804319F
:1089C000002BFBD0002565762585D0B9002002B0AC
:1089D00070BD0D46F0B9A37E002BF7D0637E002B4F
:1089E000F4D0E37E002BF1D163691C4903EB4515FC
:1089F00008220123C5F82015C5F8242584F829305C
:108A0000E5E723680138E061DB692046984728469E
:108A100002B070BD616B0B6805F10B061B6801A805
:108A200004EB8606984701A93046FEF7F7FB01A83C
:108A3000FEF7ECFB04EB85026369D16AE26903EBA4
:108A400045150B1DC5F820354988531E49100120D6
:108A5000C5F82415E36102B070BD00BF143B0020CF
:108A600038B5C369817E01330446C36119B1637EA1
:108A700063B1002038BDFFF797FFC8B163690122D9
:108A80009A60A37E002BF2D1002038BD01256576C7
:108A900094F828102046FFF787FF94F828302B44DD
:108AA0002B4084F828303BB9636901229A60E0E7E3
:108AB000E37E002BE5D0E1E7E3691BB90023637691
:108AC000002038BD29462046FFF76EFF94F8283075
:108AD000013303F0010384F82830002BEED1E3E7E3
:108AE000A0F10800FFF7BCBF38B54369D3F81021E7
:108AF000044672B9D3F8143103B938BD002584F89F
:108B0000285001212046FFF74FFF6369C3F8145135
:108B100038BD012380F828300021FFF745FF636945
:108B20000022C3F81021E5E7024B186808B1FFF7EF
:108B3000DBBF7047243B0020024B586808B1FFF7A9
:108B4000D3BF7047243B0020024B986808B1FFF761
:108B5000CBBF7047243B0020426900230376C2F854
:108B600000357047032A26DC70B502F5AC76426901
:108B70000B7D52F826209A421BD00B680C46054606
:108B80001B6E08469847236800211B6820469847BB
:108B90006A692368217D42F82610204605F10C0100
:108BA000DB6D00229847E38843F00803E380002050
:108BB00070BD002070BD6FF47A70704703681B6A47
:108BC000184700BFF8B5C7688F4208D0054616465B
:108BD0000C4617B103681B6E98472671EC60F8BD10
:108BE00010B5036804465B6C9847236820465B68B1
:108BF000BDE81040184700BFF0B40479A40728D599
:108C0000002922DB002A20DD002B1EDDB4294FF4D1
:108C10007A74A8BFB42104FB01F10F4F05680F4E11
:108C20002D6B8908A7FB017102EBD277A3EB6703D9
:108C300004FB03F3890802FB013286FB0231D217E1
:108C40002B46C2EBA111F0BC18476FF47A70F0BC50
:108C500070470348FBE700BF176CC116D34D621085
:108C600016FCFFFFC08800F00500003018BF01208F
:108C7000704700BF037D0B4A1F2B98BF4FF0A042E7
:108C800003F01F03D2F81415012202FA03F30B427A
:108C900006D1C08800F00A00003018BF01207047DC
:108CA0001046704700030050C08810F0030018BF42
:108CB00001207047C08800F00C00003018BF012070
:108CC000704700BF03684FF47A729B6B02FB01F19F
:108CD000184700BF08B50368DB6B9847024BA3FB3E
:108CE0000030800908BD00BFD34D6210027D0F4BDC
:108CF000202A38BF4FF0A04302F01F0203EB82038B
:108D00000129D3F80027417122F00C0207D0022973
:108D100008BF42F00C02C3F800270020704742F061
:108D20000402C3F800270020704700BF0003005072
:108D3000D0F8103521EA0301C0F81815704700BFBC
:108D4000D0F810351940C0F81815704738B50379B8
:108D50009A071ED5C3885B07044602D403681B6EBE
:108D600098470D4B1868A0B101222146FFF71AF869
:108D7000054670B1E06810B1F9F7F4FB18B9E38863
:108D800043F00403E3802846FEF7C0FFC0F30F1052
:108D900038BD024838BD00BFF43B002016FCFFFF81
:108DA00070B52DED028BC38882B01B07019137D5BA
:108DB0001C4D1D4C286808EE101AFFF7A9FCF8EEB0
:108DC000487A08EE900A17EE901A2868FFF796FD89
:108DD000F8EEE88A04F108062388286807EE103ABE
:108DE000B8EE478AFFF794FC07EE900AB8EEE77AF0
:108DF00027EE087AC7EE287AFCEEE77A17EE903A6B
:108E000024F8023BB442E7D1084B0749186808220E
:108E1000012308F0D3FF002002B0BDEC028B70BD2F
:108E20000348F9E7F83B0020FC3B0020043C00200D
:108E300016FCFFFF38B5027D1B4B202A38BF4FF0D0
:108E4000A04302F01F020125D3F8144505FA02F2EF
:108E5000144224D10D460446D1B9C3F80C25184656
:108E60001146FFF76DFF217D0F4B202938BF4FF0D2
:108E7000A043D3F81435134213D0236820461B6E49
:108E80009847236829461B6820469847002038BD2C
:108E9000C3F8082518461146FFF74AFFE3E700200C
:108EA00038BD024838BD00BF0003005012FCFFFF70
:108EB00038B5C3889B0704460D4614D5C06810B169
:108EC000F9F750FB78B1227D012302F01F018B409E
:108ED0008DB31E491F2A8CBF0A464FF0A0420020C6
:108EE000C2F8083538BD236820461B6E9847217D9F
:108EF000164B202901F01F004FF0010238BF4FF040
:108F0000A0438240A5B9C3F80C2520290F4BE28865
:108F100038BF4FF0A04303EB800342F00202D3F8C6
:108F2000001741F00101C3F800170020E28038BDAE
:108F3000C3F80825E9E705491F2A8CBF0A464FF008
:108F4000A0420020C2F80C3538BD00BF000300501D
:108F5000C388DB0770B5044616D5C06810B1F9F7B1
:108F600001FB88B1237D2049202B38BF4FF0A04161
:108F70000122D1F8101503F01F0302FA03F30B428C
:108F800014BF1046002070BD2368174D1B6E20468D
:108F90009847237DE0882168202B03F01F0234BF0F
:108FA0004FF0A0432B4603EB820340F00102D3F8BD
:108FB00000074E6C617920F00300C3F80007E280DF
:108FC0002046B047237D202B38BF4FF0A04501221B
:108FD000D5F8101503F01F0302FA03F30B4214BF78
:108FE0001046002070BD00BF0003005008B5C388C4
:108FF0001B070AD5064B1868FFF7B8FC07EE900A66
:10900000FCEEE77A17EE900A08BD024808BD00BFE3
:10901000F83B002016FCFFFF38B50368234A9B6A23
:10902000934204461DD1C588C5F38025C5B9E068C3
:1090300010B1F9F797FAB8B1227D1D4BE1881F2ACC
:1090400098BF4FF0A04302F01F0203EB820301F42C
:109050003062D3F8001721F44031C3F80017E280E2
:1090600038BD98470546E1E7E068E388026843F4C5
:1090700080631268E380214690470E4BE1681B68CD
:109080000BB103F10C05A942227D02D00023E3605D
:10909000D3E7094BFF25181D13F9011B914208BFA7
:1090A00003F8015C9842F7D1F0E700BF55A1020038
:1090B00000030050F83B00201421002070B5044646
:1090C00015464FF480760E482371012200232F2D80
:1090D00021812575E68020606271C4E9033302D9DD
:1090E0003220E8F783FB074A0749084B42F825403E
:1090F0004FF000454022C1F804531A60204670BD6D
:10910000E0890400303B00200060004000E100E006
:109110000379DB0755D5F0B5C388DA0683B00D4671
:10912000044603D5C3F3C023994223D023682046C5
:109130001B6E9847012D23682ED05B682046984708
:1091400023682420DE6D0CF07AFC00232289074678
:10915000CDE9003321460123FAF7F2FF07F10C01B4
:1091600001222046B047E38823F400639BB243F01A
:109170001103E380012DE0680AD038B150F80C3CAF
:10918000DB690C3803B0BDE8F04018470368FFDE28
:109190000028F3D10368FFDE3420DE6D0CF04FFCB5
:1091A000094A40F6AC53074612682146FCF770F9AD
:1091B0002A4607F10C012046B047E38843F40063D8
:1091C000D5E70248704700BFF03B002016FCFFFFC8
:1091D000C188C1F3C021FFF79BBF00BF10B5044693
:1091E00084B00A46002368462189FDF7B1FCE36894
:1091F0004BB1029AD96ADA626846521A0023CDE965
:109200000223FDF7CFFC04B010BD00BF10B5C3882A
:10921000590684B0044609D49A060DD41B0603D51A
:1092200023690BB10120984704B010BD0521FFF759
:10923000D5FFE3889A06F1D50123022221896846E9
:10924000FDF786FCE388E9E710B5C388590684B0CA
:10925000044609D49A060DD41B0603D523690BB125
:109260000020984704B010BD0421FFF7B7FFE38842
:109270009A06F1D50123032221896846FDF768FC8F
:10928000E388E9E72DE9F04BD0F8204584B00546A6
:1092900074B3DFF890800E4601274FF01F0BB4FA2D
:1092A00084FCABEB0C03991907FA03F258F82190F0
:1092B00024EA0204B9F1000F18D0B9F8062012F020
:1092C000E00F05EB83030FD0D3F8002782F4803240
:1092D000C3F80027D3F8003713F4803F48461CD06A
:1092E000FFF794FFB9F80620930508D4002CD4D1D9
:1092F0004FF0FF33C5F8203504B0BDE8F08BF8F728
:10930000BBF90028F2D00123052240F2FF31684664
:10931000FDF71EFC002CC0D1EAE7FFF795FFB9F876
:109320000620E1E7303B002008B5094BD3F87C214B
:1093300002B908BD0021C3F87C114FF0A040FFF72F
:10934000A1FF20210348BDE80840FFF79BBF00BFF5
:109350000060004000030050C38813F0E00F70B5B8
:1093600004460D4640D05A060ED423F0E003022DE9
:109370009BB218D0032D22D0012DE38004BF43F00F
:109380008003E380002070BD032D11D0E0680368E6
:1093900021461B689847E388002223F0E003022D52
:1093A0009BB2E260E8D143F02003E380002070BD6F
:1093B00023F0E00343F04003E380002070BD43F05E
:1093C0004003E38030200CF03AFB2146054608F0CC
:1093D000BBFAFAF71FF92368E86229462046DB6DDD
:1093E00001229847002070BD03685B689847237D81
:1093F000114A1F2B98BF4FF0A04203F01F0302EB4E
:109400008301D1F8006726F44036C1F8006758B1EF
:10941000D1F8000740F44030C1F80007012199401D
:10942000E388C2F820159EE7D1F8000740F4003029
:10943000C1F80007F2E700BF0003005000B583B099
:10944000042920D8DFE801F0100A0A0A03000368A3
:10945000DB6A9847002003B05DF804FBFFF77CFF50
:10946000002003B05DF804FBC38803F0F0031BB9D0
:10947000084603B05DF804FB036801911B6E984732
:1094800001990846E7E76FF47A70E4E738B50368B6
:1094900004465B680D469847E3885B0605D5294678
:1094A000E068BDE8384008F0DDBA2368084A5B6D23
:1094B00093424FF00301204607D1FFF74DFF2946A5
:1094C000E068BDE8384008F0CDBA9847E7E700BF4C
:1094D0003D940300072913D8027D0B4B202A38BF87
:1094E0004FF0A04302F01F0203EB82030020D3F8E9
:1094F000002722F4E06242EA0121C3F80017704716
:109500006FF47A70704700BF0003005010B4037D01
:109510000C4A00290CBF00244FF440741F2B03F0A9
:109520001F018CBF13464FF0A04303EB81030020C3
:10953000D3F8002722F4E0622243C3F800275DF845
:10954000044B704700030050027D0B4B202A38BFAC
:109550004FF0A04302F01F0203EB8203D3F8002771
:1095600022F44032C3F80027D3F8002742EA014131
:10957000C3F80017704700BF00030050F0B5154C4A
:10958000236883B0CBB1144D2E6816B1002003B010
:10959000F0BD38200CF053FA2268104B1049132408
:1095A00007460094FFF7FCF83846314601222F6049
:1095B000FFF7E4F9002003B0F0BD40200CF03FFAC3
:1095C000054608F0BFFB28460321256008F062FB32
:1095D000D9E700BF043C0020F83B002000004842CF
:1095E00000C0014003799B0760D5B1F5806F5FD261
:1095F000C3881A072DE9F04105460E4602D40368D8
:109600001B6E98472C4F297D3A464FF0FF340023BC
:1096100012F9010B884208BF1C460133042BF7D115
:10962000631C2FD0DFF8A880E86810B1F8F79AFF24
:1096300018B9EB8843F00803EB80D8F800001F4D01
:10964000FFF766F807EE906ADFED1D6A1D4AB8EE77
:10965000E77AF7EE007AE7EE667A2946012307EE0D
:10966000100AB8EEC77A106867EE877A0822FDEE16
:10967000E77A17EE906A25F8146008F09FFB002047
:10968000BDE8F0812846FFF779FF0F4BDFF84080F7
:109690001C78297DD8F80000013404F00304224628
:1096A000395529461C70FFF75DFABDE7074870473A
:1096B0006FF47A70704700BF14210020FC3B00203B
:1096C0000000803A043C00207023002016FCFFFFBD
:1096D000F83B002070B5174D2DED028B044608EEC7
:1096E000101AFFF74BFF2868FFF740F9DFED127AF9
:1096F00007EE100AB4EE677AF1EE10FA04D028688B
:1097000017EE901AFFF7FAF8DFED0C7A9FED0A7A60
:109710002368B8EE488A204628EE278ADB68C8EE20
:10972000077ABDEC028BBDE87040FDEEE77A17EEDC
:10973000901A1847F83B002000409C4600008044E7
:109740001F4B026A9A4220D01E4B994209D94FF012
:10975000004143698B4202D000234161837600209F
:109760007047194B99421FD8184B99421FD8184B74
:1097700099421FD8174B99421FD8174B99428CBF5B
:109780004FF080614FF00071E3E7144B994202D92A
:109790004FF0A051DDE7A3F57403A3F510539942F0
:1097A000D2D94FF02061D4E74FF08041D1E74FF09C
:1097B0000051CEE74FF08051CBE74FF00061C8E792
:1097C00000F00240FF117A00FF083D007F841E0078
:1097D0003F420F001FA107008FD00300FF47E801A1
:1097E000082A4FF000034176837614BF6FF47A7035
:1097F00018467047704700BF10B504460CF018F9C2
:10980000204610BD036AD3F8182182B100B50022AA
:10981000C3F8182187B0D3F81811436A0191019950
:1098200033B14262806A984707B05DF804FB704725
:1098300001230322182102A8FDF78AF9F4E700BFEB
:1098400070B5012104468176F8F78EFE236AA06880
:109850000021C3F80015002873D003681B689847DF
:10986000A068627E0368012A5B6C8CBF0221012123
:109870009847A368E0681D7D002867D003685B688F
:109880009847E068627E0368012A5B6C8CBF022106
:1098900001219847E36820691E7D617E00285BD026
:1098A0000368012994BF002101211B68984723699F
:1098B000617E187D236A6269C3F808050139C9B25F
:1098C0000229C3F80C55C3F81065C3F824259CBFC2
:1098D000264A52F8211094F9182088BF002100254B
:1098E000C3F8541542200721AA42C3F8C055C3F853
:1098F0000403C3F8001532DB02F1604202F5614255
:10990000E02382F8003394F91830002B13DB590957
:10991000603103F01F030122154802FA03F340F8F7
:10992000213094F91830002B05DB03F01F015B098F
:109930008A4040F8232020460121BDE87040F8F716
:1099400013BEE0684FF0FF35002897D12069617E93
:109950004FF0FF360028A3D14FF0FF30AAE7054BA8
:1099600002F00F021344E0221A76CCE74C8A04007E
:1099700000E100E0FCEC00E070B5044616460A4643
:1099800000F108011D46F8F7F1FD324604F10C0123
:109990002046F8F7EBFD2A4604F110010025204689
:1099A000F8F7E4FD2046A576FFF74AFF284670BD8C
:1099B00038B504460498174DA1600021C4E903237B
:1099C000256021716171C8B100F082FF2062D8B1B9
:1099D00000F0F2FF63692076B3F1805F1CBF4FF0A7
:1099E0008053636100220023A276206A637663625B
:1099F0002246094901F014F8204638BD042000F041
:109A000089FF20620028E3D15A20E7F7EFFE206AA1
:109A1000DEE700BF608A0400059803002DE9F047E7
:109A2000847E82B005468A46DDE90A871646994655
:109A30002CB3B6F5803F35D2B8F5803F32D22C6AD0
:109A40000020C4F844A5C4F84865C4F83495C4F8A7
:109A50003885C4F81801D4F818310193019BC4F873
:109A60005005C4F840056FB1012240230C996F6284
:109A7000A9622261C4F8043302B0BDE8F087FFF7A1
:109A8000DFFED6E703211820F7F740FB2B6A012100
:109A900040221961C3F80423F7F7BAFC384602B034
:109AA000BDE8F0876FF47A70E6E700BFF0B585B0E7
:109AB000B2F5803F144606460F469C460A9D02D2E8
:109AC000B5F5803F09D363462246394630460A95AC
:109AD00005B0BDE8F04007F097BE00240095CDE941
:109AE0000144FFF79BFF05B0F0BD00BF2DE9F04139
:109AF000DDE90664DDF82080C4B1B2F5803F074699
:109B00008C4615469E4602D2B6F5803F0AD3CDE973
:109B10000748069673462A4638466146BDE8F04136
:109B200007F09EBEBDE8F041FFF778BF6FF47A7092
:109B3000BDE8F08130B585B000250122C17600F185
:109B40001C0300F11B01CDE9015500920446FFF70B
:109B500065FFA842ACBF207F014805B030BD00BF03
:109B60000AFCFFFF21B9436E4FF40472C3F80823C7
:109B700000207047B1F5614F43D00FD9B1F5612F87
:109B80002AD0234B994219D0B1F5613F2BD0436EB7
:109B90004FF0EB720020C3F82425704747F61223DC
:109BA000994227D0B1F5164F0FD0B1F5165FEED11F
:109BB000436E184AC3F8242500207047436E4FF0C7
:109BC00080520020C3F824257047436E4FF41D02D5
:109BD0000020C3F824257047436E4FF070620020C8
:109BE000C3F824257047436E4FF06C720020C3F811
:109BF00024257047436E4FF400020020C3F824254B
:109C00007047436E4FF46B020020C3F82425704761
:109C100040420F000050270070B504460E4615461E
:109C20002046F9F74BFA0028FADC94F83C3003F0B0
:109C3000FF00002BF4D1636E317D2A7DC3F80C1533
:109C4000C3F8142570BD00BF0021F9F717B900BF94
:109C500070B5044684B0B9B9C3895A073DD5636E5F
:109C600004F144012022C3F83415C3F83825636E8B
:109C70004FF4047200212164C3F80423636E0122AF
:109C80001A60002004B070BD01290D46F9D190F88A
:109C90003C30002BF5D1F9F711FA0028F1D0A08E55
:109CA000A38E94F83060E16A5A1C92FBF6F306FB2F
:109CB00013239BB282B22068A3868369895C204605
:109CC0009847A38E628E9A42DBD12B46022240F245
:109CD000FF316846FCF73CFFD3E7F8F707FEE3895E
:109CE0005B07BCD4002004B070BD00BF10B584B0C9
:109CF00004468DF8071002E094F83C301BB100F0E8
:109D000063FD0028F8D000F05FFD70B1636E0022A3
:109D1000C3F82021D3F82011636E03910399C3F88F
:109D20005821D3F858310293029B626E01230DF142
:109D3000070184F83C30C2F84415C2F84835626E19
:109D4000936000F041FDA0B1636E00E099B9D3F8D3
:109D50002021D3F85811002AF8D061B90122DA6025
:109D6000626ED2F85831002BFBD00020002384F81B
:109D70003C3004B010BD0148F8E700BF09FCFFFF0C
:109D800070B50446406E0E4600F016FE05461EB144
:109D9000E18911F0200125D0002D14DA236800217B
:109DA0005B68204698472046F9F788F9002804DDCB
:109DB000236801215B6820469847A16B2046F8F78D
:109DC00061FE002070BD6B099B0003F1604303F549
:109DD000614305F01F05012202FA05F5C3F8805121
:109DE0001D60DBE72368134A9B6893421ED1636EB4
:109DF0004FF40472C3F808232046F9F75FF90028EE
:109E0000FADC94F83C30002BF6D1002DD9DB6B093D
:109E100020330122084905F01F0502FA05F541F833
:109E20002350BFF34F8FBFF36F8FCAE72046984789
:109E3000E2E700BF659B030000E100E0A0F108003D
:109E4000FFF79EBF10B5244B426E036023493C339D
:109E50008360C2F8081382B00446406E00F0ACFD87
:109E600000280DDB4309203301221D4900F01F00AB
:109E700002FA00F041F82300BFF34F8FBFF36F8F5A
:109E8000626ED2F8003223F02003C2F80032626E14
:109E900001235360626E0021C2F85811D2F85811A4
:109EA000626E01910199D360626ED2F85831002B35
:109EB000FBD00023C2F80035636E4FF0FF32C3F8C9
:109EC0000C25C3F81425606E00F048FD2046F9F714
:109ED00001F9204602B010BD8C8A04001403420030
:109EE00000E100E0A0F10800FFF7ACBF10B50446A8
:109EF000FFF7A8FF20460BF09BFD204610BD00BFDA
:109F0000A0F10800FFF7F2BFF0B514248BB00C25C8
:109F1000CDE900451F462346154604460E46F8F790
:109F20002FFD514B236000223C3384F83C20A3607A
:109F300062662264002F00F08A80384600F0C8FC78
:109F40006066002800F08A804FF0EB73C0F824357B
:109F5000636E0022C3F86C252046F9F7AFF800289D
:109F6000FADC94F83C3003F0FF02002BF4D1636E6E
:109F7000307D297DC3F80C05C3F81415636E3B488A
:109F8000C3F80821D3F80811636E09910999C3F841
:109F90001021D3F81011636E08910899C3F820219D
:109FA000D3F82011636E07910799C3F82421D3F8E1
:109FB0002411636E06910699C3F84421D3F8441125
:109FC000636E05910599C3F85821D3F85811636E53
:109FD00004910499C3F84C21D3F84C31626E039379
:109FE000039BD2F80032224943F02003C2F800322A
:109FF000636EC3F80403606E224600F011FD606ECC
:10A0000000F0DAFC00281BDB43099B0000F16041F3
:10A0100003F1604303F5614301F5614100F01F0066
:10A02000012202FA00F0202581F80053C3F88001D4
:10A030001860636E08222046C3F800250BB0F0BDFF
:10A040000C4B00F00F00034420221A76F1E7102099
:10A0500000F060FC606600287FF476AF5A20E7F7D6
:10A06000C5FB606E70E700BF8C8A040014034A00D1
:10A07000C1A00300FCEC00E030B5436ED3F83C55C2
:10A08000026CAA4283B0044606DA0022C3F8082113
:10A09000D3F808310193019B236C9D420BDD236CA7
:10A0A0005A1C2344226493F844102046F8F74EFBD0
:10A0B000236CAB42F3DB0023236403B030BD00BF4D
:10A0C00070B5456ED5F8083188B00446D3B1036C3D
:10A0D0001F2B17DC002602E0236C1F2B12DCC5F8B7
:10A0E0000861D5F808310193019B236C5A1C234465
:10A0F000226493F844102046F8F728FBD5F808317D
:10A10000002BE9D1D5F81031002B3AD1D5F84C31DC
:10A1100073B10023C5F84C31D5F84C31626E03930E
:10A12000202104F144030398C2F83435C2F83815ED
:10A13000D5F8243153B10023C5F82431D5F82431A2
:10A140000493049BD5F88034C5F88034D5F84431A5
:10A1500033B10023C5F84431D5F844310593059B4C
:10A16000D5F82031C3B9D5F8583143B10023C5F82B
:10A170005831D5F858210792079A84F83C3008B036
:10A1800070BD0023C5F81031D5F810310293204678
:10A19000029BFFF771FFB9E70023C5F82031D5F81E
:10A1A00020210692069A84F83C302046F8F786FF74
:10A1B000002802DC0123EB60D5E72046F8F71CFB02
:10A1C000D1E700BF10B5034B03600446FBF73CFB2F
:10A1D000204610BDEC8A040010B5054B0360044610
:10A1E000FBF732FB20460BF023FC204610BD00BFDE
:10A1F000EC8A040010B50446D4E90E2352694FF4EA
:10A200007A50002BD2F84415C2F8440522DA1B4AD2
:10A21000616B0020C2F81005013393FBF1F201FBE2
:10A220001233E36300F0E4FAD4E90E23526901210A
:10A23000002BD1600ADB0233104A54F82330DB696B
:10A240001B7D1B0243F00113C2F81035BDE810401E
:10A2500000F0C0BA023354F82300FBF781F9E36B36
:10A26000064A616B0020C2F81005002BD4D10129E9
:10A27000D2D14FF0FF33E363D4E700BF006000406A
:10A28000034B186808B1436B03B97047FFF7B2BFBF
:10A29000083C002070B50E4611460446FBF790FAC4
:10A2A00033681C4A1C49146000259B6BA66321601F
:10A2B000E563294630469847A06B184E03684FF473
:10A2C0007A51DB6C9847A06B03682946DB6B144D11
:10A2D0004FF47A529847A06B124B01684269C3F859
:10A2E0002055CD694432C3F82425B5424FF004020D
:10A2F000C3F8042509D10C4BC3604B6A9847A06B87
:10A3000003689B6A9847204670BD0749A847A06B21
:10A310000168F2E7083C0020EC8A0400E5710200C5
:10A320000061004000F0014081A2030038B50D46F5
:10A330000446FBF7ADF928460021FBF7F1F8636B03
:10A34000012B01D0002038BDA06B03685B6B9847E0
:10A35000002038BD38B50D460446FBF753F92846B2
:10A360000021FBF7DDF8636B13B9024AC2F8103520
:10A37000002038BD00600040007A704790F910302E
:10A380004901002BC9B207DB03F1604303F56143C8
:10A39000002083F800137047034A03F00F031A44A8
:10A3A00000201176704700BFFCEC00E090F91030FF
:10A3B000002B11DB5A0910B460320A4C03F01F0362
:10A3C000012101FA03F344F8223043695DF8044B9C
:10A3D000012200201A607047436901221A600020A0
:10A3E000704700BF00E100E090F91030002B07DB60
:10A3F00003F01F0001225B090249824041F823203B
:10A400000020704700E100E010B5036804461B6BB4
:10A410009847636901225A6000201A6110BD00BF8D
:10A4200090F91030002B0DDB5A092032012106482B
:10A4300003F01F0301FA03F340F82230BFF34F8FFC
:10A44000BFF36F8F0020704700E100E0012902D0C8
:10A4500006D3022902D14369C3F8041500207047CE
:10A4600043690022C3F8042500207047437A013B6A
:10A4700099420FDC10B44FF48033446901F5A870A1
:10A4800003FA01F144F820200020C4F804135DF819
:10A49000044B70476FF47A70704700BF437A013BFA
:10A4A000994211DC30B4446904EB81054FF48033E8
:10A4B000D5F8400503FA01F10244C5F84025002013
:10A4C000C4F8041330BC70476FF47A70704700BF53
:10A4D000437A013B994208DC42694FF4803303FA26
:10A4E00001F1C2F80813002070476FF47A707047CA
:10A4F000032907D8DFE801F0171009024369032296
:10A50000C3F8082501720020704743690222C3F88E
:10A51000082501720020704743690022C3F808250E
:10A5200001720020704743690122C3F808250172B7
:10A530000020704710B5044B036000230446C3801D
:10A54000F6F7C2FB204610BD2C7D040010B5064B6B
:10A55000036000230446C380F6F7B6FB20460BF0E9
:10A5600067FA204610BD00BF2C7D040010B50346DD
:10A5700029B190F91020002A0CDA002010BDC28801
:10A58000D107FAD5196822F00102DA808B6A984760
:10A59000002010BD5409084951F8241002F01F0290
:10A5A00021FA02F2D407E8D5C288016842F001021C
:10A5B000C2800B6B9847E0E700E100E038B590F906
:10A5C0001030002B044611DA0025236820461B6B4F
:10A5D000984762690123D360D368002BFCD11DB179
:10A5E000236820469B6A9847002038BD5909044AD1
:10A5F00052F8215003F01F03DD4005F00105E4E7A8
:10A6000000E100E0B1F57A5F14D830B400220125F2
:10A610004FF47A5405FA02F3B4FBF3F3994205D3ED
:10A62000436930BC0020C3F8102570470132092A65
:10A63000F0D1F5E76FF47A70704700BF70B590F90C
:10A6400010500368002D04461B6B07DA98476369B6
:10A650000122DA64D3F84C65304670BD69090A4AB4
:10A6600052F821609847636905F01F05012226FA18
:10A6700005F5DA64D3F84C65EB07EDD52368204681
:10A680009B6A9847304670BD00E100E00E4BF0B485
:10A6900053F82070B7B100237E6918469C46012507
:10A6A00006EB830205FA03F4D2F84011013319B125
:10A6B0002043C0B2C2F840C1042BF1D1FB680BB1FA
:10A6C000F0BC1847F0BC70470C3C00200020FFF79E
:10A6D000DDBF00BF0120FFF7D9BF00BF0220FFF799
:10A6E000D5BF00BF0320FFF7D1BF00BF0420FFF795
:10A6F000CDBF00BFF8B52D4B036000264660044671
:10A700000D461746F6F770FA29492A48277403239D
:10A710008D42E6606561206063723CD0264A9542B6
:10A7200030D002F58032954237D1244A204642F893
:10A730002340FFF775FE94F9103062690121002B68
:10A740005160116120DB03F1604303F56143402256
:10A7500083F8002301231A464FF47A51092B02FA99
:10A7600003F003F1010504D0B1FBF0F0B0F57A7FFE
:10A770001AD861690322C1F810352046C1F80825AE
:10A780002272F8BD0223D0E70D4A03F00F031A44EA
:10A7900040231376DEE70123C7E70A4B9D4208BF3B
:10A7A0000423C2D03346C0E72B46D7E72C7D0400F4
:10A7B000009000401C8B040000A000400C3C0020D6
:10A7C000FCEC00E000B00140014B93F90000704741
:10A7D00024430020054A1378013B5BB2002B01DDC6
:10A7E000137070470023137062B670472443002033
:10A7F00072B6024A13780133137070472443002065
:10A8000020BF70474FF0805130B44C6E086E00226C
:10A81000234642EA00042046194630BC704700BF78
:10A82000BFF34F8F0549064BCA6802F4E062134339
:10A83000CB60BFF34F8F00BFFDE700BF00ED00E02E
:10A840000400FA05704700BF08B50B4B0122C3F89E
:10A85000402502210022930003F1A0430132202A67
:10A86000C3F80017C3F8001AF5D1FFF7EBFFBDE8F6
:10A870000840E6F75BB900BF00E0014000487047C0
:10A88000000002204020F6F7F7BF00BF8163704749
:10A8900041637047C1637047C06B7047EFF3088036
:10A8A000704700BF406B7047C0E90012836070477B
:10A8B00010B5054B054C1846A1684FF480720BF09B
:10A8C000F5F8A06010BD00BF0024002000ED00E0FE
:10A8D000F0B40E4F0E4E3C680523012505FA03F235
:10A8E000224203EB430103F1FF3303D156F8211059
:10A8F000814205D05A1CF1D100210846F0BC7047B6
:10A9000022433A600846F0BC704700BF243C002058
:10A91000748B0400F0B40F4FDFF83CC03C68624613
:10A920000523012505FA03F1214202D1566C30427C
:10A9300007D1013B591CA2F10C02F3D10020F0BC5D
:10A94000704703EB430321435CF823003960F0BCFC
:10A95000704700BF243C0020748B0400144B9842C5
:10A960001ED003F5E04398421CD0A3F5343398423F
:10A970001AD003F50433984218D0B0F1402F06D016
:10A98000A3F50033984208BF002001D07047012092
:10A99000084901220B68824023EA02030B607047DA
:10A9A0000520F5E70420F3E70320F1E70220EFE7B5
:10A9B00000800240243C002008B5174B984218D074
:10A9C000B0F1402F1ED003F5003398421CD0A3F500
:10A9D000043398421AD003F53433984218D0A3F5C3
:10A9E000E043984216D05A20E6F700FF4FF0FF30C0
:10A9F00008BD0023094A03EB430302EB830393F9E9
:10AA0000040008BD0123F5E70223F3E70323F1E780
:10AA10000423EFE70523EDE700300040748B0400CA
:10AA200038B5184B98420D46144620D0B0F1402F4F
:10AA30001FD003F5003398421DD0A3F5043398428C
:10AA40001BD003F53433984219D0A3F5E043984264
:10AA500008BF052304D05A20E6F7C8FE4FF0FF33A5
:10AA6000094A0A4842F8235040F8234038BD0023E1
:10AA7000F6E70123F4E70223F2E70323F0E70423D8
:10AA8000EEE700BF00300040283C0020403C0020A2
:10AA9000024A034B10681B68184700BF403C002067
:10AAA000283C0020024A034B50685B68184700BFEF
:10AAB000403C0020283C0020024A034B90689B68E1
:10AAC000184700BF403C0020283C0020024A034BAE
:10AAD000D068DB68184700BF403C0020283C0020BD
:10AAE000024A034B10691B69184700BF403C002015
:10AAF000283C0020024A034B50695B69184700BF9D
:10AB0000403C0020283C0020002815D00060416017
:10AB10008260C360046145618661C7614446046226
:10AB20004C464462544684625C46C4626446046394
:10AB30006E46466374468463002906D0C46B043CA9
:10AB4000043925680D60B442F9D1946BA646566B62
:10AB5000B546002B06D0D46B043C043B1D68256031
:10AB6000B442F9D1146BA446D46AA346946AA246AF
:10AB7000546AA146146AA046D76996695569146952
:10AB8000D3685168106892687047006041608260C5
:10AB9000C360046145618661C761444604624C46F6
:10ABA0004462544684625C46C462644604636E46F2
:10ABB000466374468463C46B043C043925680D60A5
:10ABC000B442F9D1C7698669456904697047006074
:10ABD00041608260C360046145618661C76144462B
:10ABE00004624C464462544684625C46C4626446D5
:10ABF00004636C4644637446846304697047846BE1
:10AC0000A646446BA546046BA446C46AA346846A60
:10AC1000A246446AA146046AA046C7698669456996
:10AC20000469C36882680068416870470649074A3A
:10AC3000074B9B1A03DD043BC858D050FBDC00F0E7
:10AC400025F8FFF701FE000070940400402000206A
:10AC500000240020FEE7FEE7FEE7FEE7FEE7FEE752
:10AC6000FEE7FEE7FEE7FEE7BFF34F8F0549064B21
:10AC7000CA6802F4E0621343CB60BFF34F8F00BF9A
:10AC8000FDE700BF00ED00E00400FA0508B57F4BCA
:10AC90001A68511C28D07E4B0D2A1B6800F09A8040
:10ACA0007A4A12680D2A40D07A4AD2F8883043F4A2
:10ACB0007003C2F88830BFF34F8FBFF36F8F4FF030
:10ACC0001023D3F80C22D20700F1BF80D3F8002262
:10ACD000002AC0F29480D3F80432002BC0F28F8097
:10ACE0006D4B6E4A1A6008BD6D4A6E4B12781B6838
:10ACF0000D2AC3F3031310D1012B6DD9684A694B98
:10AD000012781B680D2AC3F3031306D1012B19D93E
:10AD10005E4B1A68501C40F0B680614A614B127855
:10AD20001B680D2AC3F30313BED1012BBCD84FF00F
:10AD30008043D3F80024D10744BF6FF00102C3F869
:10AD40000024B1E74FF08052574BD2F80414C3F8F7
:10AD50002015D2F80814C3F82415D2F80C14C3F83F
:10AD60002815D2F81014C3F82C15D2F81414C3F80F
:10AD70003015D2F81814C3F83415D2F81C14C3F8DF
:10AD80004015D2F82014C3F84415D2F82414C3F89F
:10AD90004815D2F82814C3F84C15D2F82C14C3F86F
:10ADA0005015D2F83014C3F85415D2F83414C3F83F
:10ADB0006015D2F83814C3F86415D2F83C14C3F8FF
:10ADC0006815D2F84014C3F86C15D2F84424C3F8BF
:10ADD00070259DE7012B0CD82C4A4FF08043126858
:10ADE0000021C3F80C11C3F81011C3F83815531C17
:10ADF00084D0274B0D2A1B687FF452AF86E72B4A7D
:10AE00000123C2F80435D2F80034002BFBD04FF0F8
:10AE100010231221254AC3F80012D2F80034002B67
:10AE2000FBD04FF010231221204AC3F80412D2F8AD
:10AE30000034002BFBD000231C49C2F80435D1F8A4
:10AE40000034002BFBD0FFF70FFF184B0122C3F893
:10AE50000425D3F80024002AFBD04FF01021134B17
:10AE6000D1F80C2222F00102C1F80C22D3F8002400
:10AE7000002AFBD000210D4AC3F80415D2F8003493
:10AE8000002BFBD0DFE704331B680BE73001001019
:10AE90003401001000ED00E01C2100200090D003E0
:10AEA000E00F00F0E80F00F000C0004000E00140BB
:10AEB000D0E90223D1E90201994208BF90422CBF98
:10AEC00001200020704700BF2DE930480C4800F0F9
:10AED000CFFA0C4B0C49D3E90023D1E9004512EB22
:10AEE000000B43F1000CAC4508BFA3455846614632
:10AEF00003D21BF180704CF10001BDE8308800BF27
:10AF000020210020303800203838002030B583B0B0
:10AF100005460C460B4801A900F07CFB70B105709A
:10AF2000446001A9074800F07FFB08B903B030BDB9
:10AF3000054800F0A1FA002003B030BD042003B0A2
:10AF400030BD00BFB43C0020202100201B4B1B78EB
:10AF50002DE9304823B118B1037F03F0FF041BB97A
:10AF600000242046BDE830880546FFF7ADFFD5E94F
:10AF70000223994208BF90421BD32B69BBB1D5E98C
:10AF80000530984729690029EAD02B7F03F0FF0498
:10AF9000002BE5D0D5E9022312EB010B43F1000CA5
:10AFA000C5E902BC2946064800F0EEFBD9E72B773D
:10AFB000E5E72946024800F0E7FBD2E725430020F9
:10AFC000C08B04002DE9F04F83B0834600F024FAD3
:10AFD00040B15B49D1E9002312F1807443F10005CF
:10AFE000C1E900450021584600F030FA554C30B117
:10AFF000236823B12068FFF7A9FF00232360012104
:10B00000584600F023FA20B1FFF75EFF4E4BC3E92C
:10B01000000101A94D4800F017FB08B34C4E4D4FFD
:10B020004A4D0378012B6CD073D3022B0ED13046DE
:10B030004FF0000800F0BCFB30B180F81C803046B7
:10B0400000F0B6FB0028F8D101233B7001A9284687
:10B0500000F004FB01A9284600F0F6FA0028E0D130
:10B06000DFF8EC80DFF8F090DFF8F0A003E00D28C7
:10B0700038D000232360404600F0A0FB236800285E
:10B0800058D05BB12368D0E90201D3E90223994289
:10B0900008BF90421FD223681B7F3BBB404600F095
:10B0A00087FBD0E902670546FFF70EFF361A67EB0C
:10B0B0000107012E77F1000310DB56451BD8AA6863
:10B0C0004FF496030021484600F026F90028CED11F
:10B0D000236843B3256003B0BDE8F08F00214846E4
:10B0E00000F0AAF92846FFF731FFC2E72168404681
:10B0F00000F04AFBD2E7484600F0BAF900EB0A023A
:10B10000DEE741682368994211D0304600F05AFBCF
:10B110009CE741680B7F002B98D101230B773046C9
:10B1200000F032FB92E7584600F0CCF8D2E700235B
:10B1300023608BE7002BCED1584600F0C7F8CAE752
:10B1400030380020C43C002038380020B43C0020B7
:10B15000C08B04002543002020210020FFFFB40005
:10B1600010B5134B13491B68134882B05822019342
:10B17000082300F015FA044610B1204602B010BDB5
:10B180000E4A0F4801A900F05BF804460028F4D1EC
:10B1900001210B4800F038F901231946094A0848F3
:10B1A00000F098F8084B012220461A7002B010BD3A
:10B1B000BC8B04005C3C0020B43C0020C5AF030005
:10B1C00020210020FFFF7F00254300204AB1A1F18C
:10B1D00001010368B1FA81F14909C3E904120020B1
:10B1E00070470720704700BF037F0BB100207047F6
:10B1F0002DE93048826104460D46FFF765FE23695C
:10B2000010EB050B41F1000CC4E902BC03B1256150
:10B2100021460020BDE83048FFF778BE00230146F4
:10B2200003770120FFF772BE014800F04FB800BF5E
:10B2300020210020014800F045B800BF2021002057
:10B24000F0B444791C4D1D4FE600AB1947F824209B
:10B250001B7973BB03680A88C3F808258A7890F9BC
:10B2600004305201002BD1B2DFB21CDB5A0992002C
:10B2700002F1604203F1604302F5614207F01F07EB
:10B280004FF0010C03F561430CFA07F783F8001344
:10B29000C2F880711760AB19012245F834001A71A9
:10B2A0000020F0BC7047064B07F00F073B441976AF
:10B2B000F1E70820F0BC7047C83C0020D03C0020DB
:10B2C000FCEC00E0036801221A6070470368012269
:10B2D0005A60704770B48C0004F5A0740068A4B282
:10B2E0004FF480358D400026C0F80853C0F848530D
:10B2F000065183B00459019401F5A87122F07F42F0
:10B30000019C40F82120C0F844530BB1C0F804530D
:10B3100003B070BC704700BF2DE9F04F04684FEADE
:10B3200081084FF480358D4004EB080C08F5A076B9
:10B33000C4F84853B6B2C4F8085381460F464FF0DC
:10B34000000AD4F80415DCF84005CCF8401544F8A0
:10B3500006A085B0401A20F07F40A1590291012833
:10B360009B4622F07F42029B0ED1264B019243F076
:10B3700001034FF480609847D9F80040019A44F8DF
:10B3800006A0A3590393039BD4F80465C4F844535F
:10B39000931B23F07F43012B18D107F5A877194B96
:10B3A000013244F8272043F001034FF480609847AE
:10B3B000D9F80040D4F804359E421FD10020C4F8CB
:10B3C0004453C4F8045305B0BDE8F08FA044531EA5
:10B3D000C8F84025D4F80415CBF1FF1B5B1A0BF518
:10B3E0007F4B23F07F439B4508D3002BE6D10132EE
:10B3F000C8F84025D4F804359942DFD00D2005B0B7
:10B40000BDE8F08F4063040003680222C3F84423C0
:10B4100009B1C3F8042370470368D3F8040150B19D
:10B42000002282B0C3F80421D3F804310193019BB8
:10B43000012002B07047704702684FF4803303FA6E
:10B4400001F1C2F84813C2F808137047890001F5EA
:10B45000A07189B20368585840B100225A5082B096
:10B460005B580193019B012002B07047704700BFF9
:10B470000368D3F80405704790F90430002B09DB0A
:10B480005A09403203F01F030121034801FA03F374
:10B4900040F82230704700BF00E100E0024A034B51
:10B4A00010681B68184700BFC83C0020D03C002033
:10B4B000BAB11268D243C1B130B401440C4C4D1E34
:10B4C000013810F8013F082153405A08DB0748BFF4
:10B4D000624001391346F8D18542F2D1D04330BCE5
:10B4E00070474FF0FF320029E6D1D043704700BFCC
:10B4F0002083B8ED10B483B050E8013F9CB2B0F89F
:10B500000EC06444B0F80CC0644528BFA4EB0C0422
:10B51000B0F808C0644502BFBFF32F8F002208E0D7
:10B52000C4EA030440E8014CBCF1000FE4D14FF041
:10B5300001028DF803200193019B9DF803000B602D
:10B5400003B05DF8044B704710B483B050E8023F7D
:10B550001FFAA3F4B0F806C0644502BFBFF32F8FF3
:10B56000002211E0B0F80EC06444B0F80CC064458D
:10B5700028BFA4EB0C04C3EA044440E8024CBCF12D
:10B58000000FE3D14FF001028DF803200193019BDE
:10B590009DF803000B6003B05DF8044B704700BFDB
:10B5A00099B110B4B2FBF3F403FB1424A4B244B970
:10B5B000C0E9001484608281C38120465DF8044B99
:10B5C000704709205DF8044B70470E20704700BF9C
:10B5D00082B050E8022FC188B2EB324F4FF0000327
:10B5E00017BF92B241EA014142EA014104E04268D8
:10B5F000B2EB324F08BF012340E80212002AE8D123
:10B600008DF807309DF80730002B0CBF112000206B
:10B6100002B0704738B50446FFF76CFF10B10B88D5
:10B620002068184438BD00BF0A884B889A4201D070
:10B630000020704750E8012FC2EA024240E801238F
:10B64000002BF7D10120704738B50446FFF77CFF87
:10B6500010B14B882068184438BD00BF0A884B8859
:10B660009A4201D00020704750E8022FC2EA2242DD
:10B6700040E80223002BF7D10120704733DF7047E9
:10B68000064A074B10B5002414701C60BFF35F8F8F
:10B690000449054800F062F8204610BD2743002009
:10B6A000DC3C0020CC8B0400D43C00202DE9F04190
:10B6B000244E05460121304604F008FFBFF35F8F9A
:10B6C000D8B9042D2BD0204B1A789AB91F4C0122DF
:10B6D00025701A701E4F7B688BB1B84605E0404656
:10B6E00000F046F87B6853B125781B6828469847D8
:10B6F0000028F4D1BFF35F8F3060BDE8F08123787C
:10B70000023B012B0ED903F007F9C0B94FF080437B
:10B710000122C3F80025BFF34F8F20BFFDE70B4C7C
:10B720002578D7E7BFF34F8F0A490B4BCA6802F45D
:10B73000E0621343CB60BFF34F8F00BFFDE7FFF71D
:10B740009DFFE3E7DC3C0020274300202643002048
:10B75000D43C002000ED00E00400FA05D1E90032FD
:10B760009342C0E9001304BF00234360704700BF49
:10B77000436843B10268D2E901210B44934243601C
:10B7800004BF00234360704770B5446806462068D4
:10B790000D4618B908E02468206828B1B368294626
:10B7A00098470028F7D120682860256070BD00BF49
:10B7B0004368186808B102681A60704743681868DF
:10B7C000704700BF4068036873B18B4203D107E044
:10B7D000814204D0034618680028F9D17047184602
:10B7E0000B68036001207047184670476DDF704793
:10B7F00079DF70477DDF704764DF70472DE9F04FD8
:10B8000083B004880C9EBDF83490B6F800A0002CDC
:10B8100039D09846002317468B4605461C4603E060
:10B820002A880134A24224DD6A6852F8240001907B
:10B8300000220DF1030101A8FFF7DEFF20BB9DF8F8
:10B840000320BA42ECD13288D11903B349452BDC2D
:10B8500042440DF1030101A80123FFF7CDFF98B980
:10B8600031889DF803200A4432802A880134A2429C
:10B87000DADC43B13388013BA3EB0A039BB2FF2B15
:10B8800012D808F80A30002003B0BDE8F08F02316A
:10B890000132894592B207DB328008F802B0328863
:10B8A000013292B23280D3E70C2003B0BDE8F08FB2
:10B8B0002DE9F04182B01746089CBDF82450009451
:10B8C0000195022206469846FFF798FF10B102B094
:10B8D000BDE8F0814346394630461022CDE908459F
:10B8E00002B0BDE8F041FFF789BF00BF2DE9F04786
:10B8F00090F82D3017881446002286B005460E4673
:10B900002280002B40F0FC80AB78002B40F0FE80C2
:10B91000EA78A2B12388D91CB94200F2F38002214F
:10B92000F154238801339BB201212380F1542388F1
:10B930000B449BB22380F25423880B4423806B6812
:10B94000B3B12288D11CB94200F2DC80022093F905
:10B950000010B054238801339BB20A222380F25492
:10B96000238801339BB22380F15423880133238041
:10B970002B89002B40F01B812B8A002B40F0248167
:10B980002B8B002B40F02D812B6A002B44D022887A
:10B99000911DB94200F2B6801988052940F2038151
:10B9A0006FF4486801EB080080B24FF27D3C6045BF
:10B9B00040F2F9805888052840F2F5806FF4486E0F
:10B9C00086441FFA8EFEE64540F2ED804FF6FF7C7E
:10B9D000614504D0604502D0814200F2E480052137
:10B9E000B1542288013292B212212280B1542288AD
:10B9F000013292B222801988B1543244090A51703E
:10BA00002288023292B222805B88B35432441B0AED
:10BA100053702388023323806B6A002B2FD09988C0
:10BA2000B4F800C0881C0CF102020244BA4269D882
:10BA3000FE2867D8033106F80C102288013292B232
:10BA4000FF212280B1542288013292B222801988CB
:10BA5000B1543244090A51702088023080B22080EB
:10BA60009A8862B199680393002900F09C80304461
:10BA70000AF01CF8039B9A8823881344238095F8C6
:10BA80002C30002B40F08A80287800283BD02B886F
:10BA9000012B00F08880228802F1020CBC4531D8CD
:10BAA000012804D16B78023313449F422AD3BB1E72
:10BAB0009B1A06A99BB221F8083D06EB0C00FFF784
:10BAC00099FE00BB2978BDF81020022900F0E18022
:10BAD00068789042C0F0D8809342C0F0D5800921A8
:10BAE000FE2A0FD82388501CF054238801339BB2C0
:10BAF0002380F154238801331A442280002002E07D
:10BB0000082F23D80C2006B0BDE8F0872388043323
:10BB1000BB42F7D804A8FFF76BFE0028F3D12388B7
:10BB2000BDF810200321F154238801339BB2192161
:10BB30002380F154238801339BB2F1182380F254FF
:10BB4000120A4A70238802332380E1E604A8FFF733
:10BB50004DFE0028D7D123889DF810200821F154EC
:10BB6000238801339BB21B212380F154238806A92B
:10BB700001339BB251F8070D2380F050334489887C
:10BB80009980238806339BB212F0FE0218BF01226F
:10BB90002380F254238801332380B5E6D5F828802A
:10BBA000B8F1000F2AD1072006B0BDE8F087CDE933
:10BBB000004733460622022105F10800FFF778FE10
:10BBC00000283FF4D9AE9EE7CDE90047334607226F
:10BBD000032105F11000FFF76BFE00283FF4D0AE03
:10BBE00091E7CDE9004733461522142105F11800ED
:10BBF000FFF75EFE00283FF4C7AE84E7B8F80430D4
:10BC00000233FE2B3FF67EAF4FF000094FF0160ACD
:10BC100022880133B354238801339BB2238006F872
:10BC200003A0238801339BB22380B8F80020F2548C
:10BC30003344120A5A702088023080B22080B8F84B
:10BC4000043030441A465BB1D8F808301946002B4E
:10BC5000A9D009F02BFFB8F80420238813442380CF
:10BC600009F1010995F82C305FFA89F94B4509EB88
:10BC700049087FF609AFAB6A03EB8808B8F80430CF
:10BC80000233FE2BC4D93DE7012906D01A4608210C
:10BC900026E79342BFF423AFF8E78342F6D3024688
:10BCA00008211DE775DF704776DF70477ADF704740
:10BCB0007BDF704730B51D4B1A8884B2A24283B037
:10BCC00001D003B030BD1A4D187A297B88420FD3BA
:10BCD0002A7C00211972E2B96B69002BF1D0002295
:10BCE000ADF806408DF8042001A8984703B030BD98
:10BCF000104603F10A01FFF7D5FF28B11128E0D063
:10BD0000AB69002BF1D1DCE71A7A01321A7203B069
:10BD100030BD3B212046FFF7C7FF30F00803DBD0E2
:10BD2000AB69002BD8D09847D6E700BFFC3C002079
:10BD3000E03C002070B54B7A82B002467BB90F4CD4
:10BD40000E7A4868D4E90153002E0CBF29461946E3
:10BD5000FFF74AFA08B1A3696BB902B070BD074B8F
:10BD60005B6900200872002BF7D00121ADF8062096
:10BD70008DF8041001A8984702B070BDE03C002087
:10BD80008388B3F5FA7F28BF6FF4F97230B428BF07
:10BD90009D1804884A8838BF002594420DD84088F1
:10BDA00090420AD38888A84207D303F2F313834250
:10BDB00034BF0020012030BC7047002030BC7047E9
:10BDC0000288112A70B503462FD01BD9122A07D03A
:10BDD000502A04D13A4CC188E289914236D070BDD4
:10BDE000384C828825889542F9D100F1080104F188
:10BDF0000A00FFF7C5FF607221462846BDE8704083
:10BE0000FFF798BF102AEAD1C27B012AE7D12D4C57
:10BE100021884FF6FF7291422FD0294B9B69002B4E
:10BE2000DDD00420BDE870401847264C8288238866
:10BE30009A42D4D16068FFF7F1F918B1204B9B69A1
:10BE400003B198474FF6FF73238070BD028A022A20
:10BE5000C5D11C4D82882E889642C0D1123000F088
:10BE600061FA30BB6868FFF7D9F90028B7D0A36939
:10BE7000002BB4D0BDE870401847134A8588258050
:10BE800003CA04F10A02C4F80E1003F110010023E2
:10BE9000C4F80A0023721046FFF772FF084B607265
:10BEA000DB89002B9BD121462846BDE87040FFF777
:10BEB00041BF29463046BDE87040FFF73BBF00BF99
:10BEC000E03C0020FC3C0020103D002000282FD04A
:10BED000F8B5054606460FCD164F3C460FC48446BE
:10BEE00095E80700144B3B6084E80700BCF1000FA5
:10BEF00018D06046FFF7DAFE98B9326810685168CA
:10BF000003C30E4B0E490F4A18464FF6FF7440F814
:10BF1000041F1C800021FFF759F9002814BF0320DB
:10BF20000020F8BD1846FFF7C3FE0028E9D0F8BD91
:10BF30000E207047E03C0020103D0020FC3C00201B
:10BF400040380020B5BC0300F0B583B00190A1B12A
:10BF5000019D7DB100240E4617462546214601A8C5
:10BF600004F070FA394610B1A0B2B047013501347F
:10BF7000142CF3D1284603B0F0BD0D46284603B07B
:10BF8000F0BD00BF0146014804F05CBA1C3D002032
:10BF900070B582B006460191019D6DB10024254621
:10BFA000214601A804F04EFA18B106EB450301350D
:10BFB0009C800134142CF3D13046356002B070BD42
:10BFC0002DE9F0470388B0F80480103B8CB0074699
:10BFD0000A2B1BD8DFE803F02F281A1A1A1A1A1A8C
:10BFE0001A1D0600047A38482409032C41464BD810
:10BFF00004F01EFA032C49D04146344804F018FAE4
:10C00000022C47D04146324804F012FA0CB0BDE889
:10C01000F087037A002BF9D1437A2B481B0741465E
:10C020004FD404F005FAF1E741462A4804F000FA3B
:10C030000CB0BDE8F087284EB3680CA8DB4340F88D
:10C04000303D716804F064FA009901A8FFF7A0FF81
:10C05000019B83B10DF106097C3609EB430A39F8DF
:10C06000025F1E4C20462946043404F0E1F9A64242
:10C07000F8D1D145F3D1B8F1130F12D9042003F050
:10C08000B1F80CB0BDE8F08704F0B8F941460F48AC
:10C0900004F0B4F941460E4804F0B0F90CB0BDE824
:10C0A000F08741460B4804F0A9F941460B4804F0DB
:10C0B000A5F9FB7B012BA9D04146094804F09EF964
:10C0C000A4E704F09BF9A1E7303D00202C3D0020BF
:10C0D000283D0020203D0020183D00201C3D002070
:10C0E000243D0020132801D900207047FFF74ABFE4
:10C0F000132801D900207047FFF744BF132801D946
:10C100000020704710B50446FFF73CFF08B9002037
:10C1100010BD2146034804F095F9002814BF022001
:10C12000012010BD203D0020132801D900207047B8
:10C1300010B50446FFF726FF08B9002010BD2146C0
:10C140000248BDE8104004F07DB900BF283D002042
:10C15000132801D90020704710B50446FFF712FFDD
:10C1600008B9002010BD21460248BDE8104004F087
:10C1700069B900BF2C3D0020132801D90020704769
:10C1800010B50446FFF7FEFE08B9002010BD214699
:10C190000248BDE8104004F055B900BF303D002012
:10C1A00070B50A4B82B002AE9B6846F8043D00258C
:10C1B0002C462146304604F045F9013400B10135E2
:10C1C000142CF6D1284602B070BD00BF183D0020E7
:10C1D00070B50E4A82B0D36802A8DB4340F8083D30
:10C1E00002AE916804F094F9009B46F8043D0025E6
:10C1F0002C462146304604F025F9013400B10135C2
:10C20000142CF6D1284602B070BD00BF183D0020A6
:10C2100010B5034B04465968FFF7BAFE204610BD1F
:10C22000183D002010B5094982B0CA6802ABD2435C
:10C2300043F8042D04468968184604F069F920463D
:10C240000199FFF7A5FE204602B010BD183D002061
:10C2500008B51821024804F0FFF8C0B208BD00BFBD
:10C26000183D002070B50C4C054620460E4604F0E3
:10C27000E9F808B1132D01D9002070BD2846FFF759
:10C2800081FE0028F8D0F01D04EB80002946BDE8AF
:10C29000704004F0D7B800BF183D0020F8B50E4C30
:10C2A0000546204617460E4604F0CCF808B1132D7B
:10C2B00000D9F8BD2846FFF765FE0028F9D0F01D2B
:10C2C00004EB800029461FB9BDE8F84004F0B0B87F
:10C2D000BDE8F84004F092B8183D0020034B9B687D
:10C2E0000A4601461846FFF72FBE00BF183D002042
:10C2F000F8B50A4C05460E4620462946174604F076
:10C30000A1F800B9F8BD063504EB85043A4660682B
:10C310003146BDE8F840FFF717BE00BF183D0020CA
:10C32000AADF7047007800F0010070470078C0F382
:10C330004000704770B58C7890B01346002C40F0E8
:10C34000AF8001228DF80E204A7C0C88ADF80C409D
:10C35000013A00248DF80240ADF80040042A09D8C3
:10C36000DFE812F00500C600CA00CE00C2001122AC
:10C370008DF800208C7C013C042C09D8DFE814F0F7
:10C380000500C800CC00B000C40011228DF80120C7
:10C39000CD7B9DF802400A7C0E7B65F3C3040D7DC6
:10C3A00062F30414002D4A7B14BF0225012566F3B5
:10C3B000000465F3420412F0300F4FF000058DF8D1
:10C3C0000240CDE90955CDE90B55CDE90D550F9545
:10C3D00069D10022CDE906224D7B08928C688A7BC8
:10C3E0008DF824508DF8252003AD8A88CDF814D01F
:10C3F0000495ADF81C201CB1CA880894ADF818202B
:10C400008C69002C2FD000268DF80660ADF80460F2
:10C410002688227BADF82C606688ADF82E6001ADD1
:10C4200066680A96013A0D95042A28D8DFE802F0DA
:10C4300024948488900011228DF80520A67A9DF816
:10C440000650E27A66F3C30562F30415A27B267AEE
:10C45000002A2C4666F3000414BF0222012262F374
:10C4600042048DF80640CA6902B10C9209A904AAD7
:10C47000FFF756FF10B070BD11228DF80420627BCB
:10C48000013A042ADAD801A555F822F037C403008E
:10C4900029C5030031C5030021C5030049C50300B8
:10C4A0008DF80E4050E7CA7CADF80850013A8DF87F
:10C4B0000A50042A07D8DFE802F0035F5B575300F5
:10C4C00011228DF809209DF80A2002AC0E94012457
:10C4D00064F3420211248DF80A208DF8084078E7B1
:10C4E00012228DF8012053E722228DF8002041E727
:10C4F00021228DF800203DE731228DF8002039E718
:10C5000012228DF8002035E722228DF801203FE726
:10C5100021228DF801203BE731228DF8012037E7F9
:10C5200012228DF8052089E721228DF8052085E764
:10C5300031228DF8052081E731228DF804209EE715
:10C5400012228DF804209AE722228DF8052075E743
:10C5500022228DF8042092E721228DF804208EE714
:10C5600022228DF80920AEE712228DF80920AAE7D1
:10C5700031228DF80920A6E721228DF80920A2E7B3
:10C5800090DF7047A5DF7047B5DF704710B5002317
:10C5900084B004466A46184602A9ADF80840ADF8D2
:10C5A0000A4003930093ADF80430FFF7E9FF04B0AD
:10C5B00010BD00BF08B90E20704730B403464FF0DD
:10C5C00017151B240020172219611D6041F61B312D
:10C5D0001C71DA801A819872D872998130BC7047C8
:10C5E0008388C3B930B50288232A83B00C4613D0A0
:10C5F00036D93A2A18D0552A3FD0242A5ED0A37AB9
:10C600003BB1E1880020FFF7BDFF10B90123A07204
:10C61000E37203B030BD7047007A0B7B984228BFAD
:10C620001846FFF7B3FFEAE74289C98825698A42BD
:10C6300028BF0A46172A38BF1722228165B1E17A3E
:10C6400051B140F67721ADF80010ADF80230ADF8E9
:10C65000042069462046A8470023E372A372D8E766
:10C66000102A3FD0112ACAD1172241F61B31A372DA
:10C67000E372E2802281A181CBE7C288C988A372DC
:10C68000172A38BF17228A4228BF0A461846228135
:10C69000FFF77AFFE37A002BB1D12269002AAED0EE
:10C6A0002189ADF8023040F67720ADF80000ADF8F2
:10C6B0000410204669469047A37AA1E70A69017AE7
:10C6C0006173002A9BD04DF67A20ADF80430ADF8A6
:10C6D00002308DF80410ADF80000694620469047FE
:10C6E000A37A8DE7C37B08790873012B0CBF2188DF
:10C6F000C988238908BFE1808B4204D3637B8342CE
:10C70000BFF47DAF8DE70020FFF73CFF18B9012390
:10C71000E372207BF2E7112809BF0123207B207BF5
:10C72000A372EBE72DE9F041DFF8988000238AB08F
:10C730004FF6FF7088F80030CDE9003300F0DCFCE4
:10C740004FF6FF76B0421FD0044648F2096707E073
:10C7500000F06EFC204600F0CFFCB042044613D03F
:10C76000A4F58045ADB228466A4602A903F094FDBF
:10C77000B8422046ECD0284603F0FEFC48F207629F
:10C780009042034603D043B90AB0BDE8F0810123CB
:10C7900088F800300AB0BDE8F08100220721079335
:10C7A00005A84FF6FF73CDE90522CDE90822ADF8C3
:10C7B00018408DF81410ADF8163000F063FA0AB086
:10C7C000BDE8F0812843002010B58389047886B045
:10C7D00003F5804300229BB2611ECDE90122CDE921
:10C7E0000322ADF808300592042913D8DFE801F0E0
:10C7F0003232321903004368002B55D113238DF8D0
:10C8000004304FF6FF7301A8ADF80830ADF80630DC
:10C8100000F038FA2D4C23780BB1FFF783FF06B0F8
:10C8200010BD43F6FE729342F4D8C289002AF1D1BA
:10C830004268002A42D00B2303928DF80430234C27
:10C8400001224FF6FF7301A82270ADF8063000F008
:10C8500019FAE0E743F6FE729342C1891ED8D0E987
:10C860000132A4F10304B4FA84F464098DF80C10C5
:10C870008DF80D400492E3B99DF81430082243F07E
:10C8800001038DF814308DF804204FF6FF7301A8D2
:10C89000ADF806300D4C00F0F5F9BCE701F580432A
:10C8A0009BB29342DBD9B5E7142203938DF80420A1
:10C8B000A7E7092205938DF80420E6E718460A2326
:10C8C0008DF8043000F0B4FBB9E700BF2843002026
:10C8D00010B5A1F5804182B0A0F58040002489B256
:10C8E0006B4680B2CDE9004403F09AFCA04214BF2D
:10C8F0000520204602B010BD30B5184889B003F0BD
:10C900006FFA30BB03F084FA0546F0B900F070FB13
:10C91000CDE903550DE005A803F0CEFB019B9C88F3
:10C9200004F58044A4B205A803F0F0FB204600F013
:10C9300067FB05A903AA4CF2070003F08DFC01A9CF
:10C940000028E8D0284609B030BD8625284609B021
:10C9500030BD0325284609B030BD00BFC9C703005C
:10C96000F0B5FF2887B004D8012906D00C1F052C8C
:10C9700003D90725284607B0F0BD164603AA1F466F
:10C980000C46FFF7A5FFE0B901A903A803F094FB4B
:10C990000546B0B9019BB4705B8833800299A7B19A
:10C9A0003A6870689C00A24228BF2246164609F0E9
:10C9B0007DF8B4420BD803A803F0A8FB284607B0C3
:10C9C000F0BD0525284607B0F0BD7160F3E70C25E2
:10C9D000F8E700BF024B0022C3E90022704700BF06
:10C9E000943D0020012804D0031F052B01D901200C
:10C9F000704770B5044686B0A0F5804016460D46D7
:10CA000080B203A90D4A03F027FC10B1002006B044
:10CA100070BD01A903A803F04FFB0028F6D1DDE9A2
:10CA2000012193885288328003F58043B47071608D
:10CA300003A82B8003F06AFB0120E8E7943D002067
:10CA4000F0B5FF2887B005D88C78012C06D0231FBD
:10CA5000052B03D90724204607B0F0BD0B46A4F5EB
:10CA6000804621465C681B88ADF80260A0F58047CF
:10CA7000154603AAADF80070CDE90143FFF728FF82
:10CA8000052813D0694603A803F06EFB044648F25C
:10CA900006639C421AD00FD948F207639C4203D028
:10CAA00048F20D639C420FD11124D4E7694603A8D4
:10CAB00003F056FB0446EAE734B9002DCBD02946F3
:10CAC00003A803F009FCC6E70324C4E78624C2E7F1
:10CAD0004FF6FF7000F094BAFF2806D808B500F0B2
:10CAE00095FAFFF71FFE002008BD0720704700BF22
:10CAF00000F0B2BA00F0D8BA00F0FEBA00F002BB03
:10CB000070B41D4E0546002202EB4203980036F831
:10CB10002330AB4205D00132042AF5D1002070BC8D
:10CB20007047304483788B421ED0531C042BF5D0C1
:10CB30005800C41836F82440AC420ED002EB420232
:10CB400006EB820202E09489AC4205D00133042B4B
:10CB500002F10C02F7D1E1E75800184406EB80001F
:10CB60001A4683788B42E0D1837A9B07DDD14368F4
:10CB7000002BDAD170BC7047EC3E002070B5037A10
:10CB800005465BB10D4E0024697A2144C9B2304696
:10CB900000F06EFF2B7A0134A342F5D8AB7A002265
:10CBA00003F0FD03FF204FF6FF716FF3000368727F
:10CBB0002A72AB722980A9706A6070BDDC3E0020C9
:10CBC00010B582B08278417A044600232B48CDE923
:10CBD00000338DF8022000F031FF002839D0237A8D
:10CBE000A178019003EB83039B004A1EADF800304F
:10CBF0008DF80210072A08D8DFE802F01E070707A1
:10CC0000071E042E1423ADF800306946221D20882B
:10CC1000FFF716FF07280DD012D9112822D0862839
:10CC200017D1A37A164A03F0FD0343F00103012153
:10CC3000A372117002B010BD0123ADF80030E4E71B
:10CC400038B9A37A60F3410360F30003A37202B022
:10CC500010BD032002B010BD838809339B08ADF8D6
:10CC60000030D2E7A37A064A43F002036FF30003D1
:10CC700001210020A372117002B010BDDC3E002023
:10CC8000294300202DE9F047444EC168044686B090
:10CC90003746334600205A68914203F10C0375D0A1
:10CCA00001300428F7D100202378092B19D0132B49
:10CCB00069D0082B5FD04FF00008204600F0D8FA6A
:10CCC000204601F09BFCDFF8D890204604F05EFA85
:10CCD000204604F02BF899F800307BB906B0BDE887
:10CCE000F087637A002BE6D1002854D0827ADFF8EF
:10CCF000B090436042F0020298468272002489F8A4
:10CD000000404FF0010A63001A1907EB8202927A81
:10CD100091072DD4D20727D589F800A0B8F1000FCC
:10CD200022D023449D007019FFF74AFFE0B17B5BDE
:10CD3000ADF8083086284FF6FF73ADF8063016BF01
:10CD400003900623072301A88DF8043000F090FA21
:10CD500001A801F053FC01A804F018FA01A803F09F
:10CD6000E5FF06B0BDE8F0870134042CCBD1B5E770
:10CD700089F800A0D5E7657A002D9CD158B1FFF75E
:10CD8000FDFEA84699E74FF0010896E700EB40004A
:10CD900007EB800088E780468FE700BFEC3E00206D
:10CDA00029430020F0B5174E002183B033460D46CD
:10CDB0004FF6FF74FF2701EB410206EB82021C8055
:10CDC0009C705F72907A013100F0FD006FF30000FB
:10CDD0000429907203F10C0303F8045C43F8085C27
:10CDE000E9D15023CDE900134FF4A072064B074957
:10CDF000074800F0D5FD002814BF0320002003B031
:10CE0000F0BD00BFEC3E00201C3F00209C3D0020F8
:10CE1000DC3E0020F8B51E4F0646002505EB450315
:10CE20009A0037F82330B34205F101040AD0042CEC
:10CE30002546F3D13046FFF74FFE10B1072818BF43
:10CE40000320F8BD3A4491783046FFF759FE08B107
:10CE5000FFF794FE042C2346ECD06200111937F83A
:10CE60002110B1420ED005EB450507EB850202E02B
:10CE70009189B14205D00133042B02F10C02F7D1A4
:10CE8000D8E75A001A441D4607EB82025C1CDAE719
:10CE9000EC3E00200023FFF763BD00BF83B32DE904
:10CEA000F041CD1F012D0C4625D8551E032D22D84B
:10CEB00007461E461546FFF723FE804688B3037AD1
:10CEC000AB421BD198F80910FF291FD0002788F822
:10CED0000850254800F0B2FD68B305EB85031B013F
:10CEE0009BB29B083380B47070600FB1082C09D0DE
:10CEF0000020BDE8F0810720BDE8F0810F20FBE7AE
:10CF00000E2070479B00063B8380F1E729461648B8
:10CF100000F05CFDFF28014688F809000FD00127CA
:10CF2000D5E7FF214FF6FF70FFF7EAFD804620B1FD
:10CF300007808470C6E70320DEE71120DCE798F85D
:10CF40000A3088F8020003F0FD0300226FF30003AB
:10CF50004FF6FF7188F80A30A8F8001088F808200A
:10CF6000C8F804201120C7E7DC3E002008B5FFF711
:10CF7000C7FD18B1FFF702FE002008BD052008BD5F
:10CF8000CB1F012B01D90720704770B5064610460C
:10CF900015460C46FFF7ACFD50B130462146FFF771
:10CFA000AFFD38B105808470BDE87040FFF708BE62
:10CFB000072070BD052070BD4FF6FF73984210B575
:10CFC00009D0FF2804460FD80846214603F020FA6E
:10CFD00050B9204610BD08464FF4807103F03CFA6A
:10CFE00080B2B0F5807FF5D14FF6FF7010BD00BF65
:10CFF00040220021014808F07DBD00BF203F0020F5
:10D000000149FFF7D9BF00BF203F00204FF6FF7254
:10D01000904209D010B505490446FFF7CDFF201A0C
:10D02000B0FA80F0400910BD00207047403F00205A
:10D03000FF2800D9704710B501460446044803F0A4
:10D04000F7F921460348BDE8104003F0F1B900BFED
:10D05000203F0020403F0020FF2801D900207047DA
:10D060000146014803F0EEB9203F002038B54FF6E5
:10D07000FF7398420D4615D0013084B2FF2C04D9BD
:10D080000CE09CB2B4F5807F08D02146284603F01E
:10D09000D9F9631C0028F4D0204638BD4FF6FF7440
:10D0A000204638BD0024F0E7F8B51149FFF7DEFF50
:10D0B0004FF6FF75A84217D0FF28044612D80D4E30
:10D0C000A6F1200707E02046FFF7D0FFA84204465C
:10D0D0000AD0FF2C06D82146304603F0B3F9394672
:10D0E0000028F0D12046F8BD4FF6FF742046F8BD69
:10D0F000203F0020403F00200149FFF7B7BF00BF9D
:10D10000403F002070B50024064E2546214630469B
:10D1100003F098F90134B4F5807F0544F6D1284630
:10D1200070BD00BF203F0020074B1A7802B970473E
:10D1300010B5044604F0BCFA204601F0BBFA2046C4
:10D14000BDE8104003F0D4BE2B43002010B582B0E0
:10D15000002401926A460094FFF702FC02B010BD61
:10D160002DE9F04F87B083464FF6FF708A46019253
:10D170009946FFF7BFFC00250421CDE9031503AB59
:10D1800004AA062102AE044602950596FFF7E8FBC5
:10D1900007283FD04FF6FF77B8464FF0FF3660B113
:10D1A000052814D12046FFF7A5FC03AB04AA0621ED
:10D1B0000446FFF7D5FB0028F2D1029BAB4224BF07
:10D1C000A0461D46B3423CBF1E462746EAE74FF63F
:10D1D000FF739C421AD1A04520D0A7420CBF052066
:10D1E0000020BBF1000F01D0ABF80080BAF1000FB6
:10D1F00001D0CAF80050019B03B11F80B9F1000FA4
:10D2000005D0C9F8006007B0BDE8F08F032007B073
:10D21000BDE8F08F052007B0BDE8F08F0520E0E7FE
:10D220000F4B70B51C7814B90E4B1C7070BD0E4DB1
:10D230000E4E0023294630461A46FFF791FF052877
:10D2400005D0B0FA80F4074B64091C7070BD002350
:10D250002B60044B4FF6FF7232801C7070BD00BF14
:10D260002B4300202D430020603F00200843002076
:10D270002DE9F041054686B0808804F095F92B78B9
:10D280006880083B032B3BD8DFE803F0283D1702FA
:10D29000654A664E11783378002940F08A804BB198
:10D2A000634F002457F824302846984733780134D8
:10D2B0009C42F7DB06B0BDE8F0815B4C2378002B85
:10D2C00037D15C4B1B78DBB15B4BAA881B889A4239
:10D2D00016D1564EFFF7A4FF3378E0E76B7A2BBBED
:10D2E00056490A681AB1E868824200F09480514BAE
:10D2F0001B782BB1504BAA881B889A4200F086807D
:10D300004A4E3378CBE7494E6A7A3378002AC6D141
:10D310004A4801680029C2D0EC68A142BFD1484CFC
:10D3200002602168EA6001392160B8E7012BE7D18A
:10D33000DDE74FF6FF70FFF7DDFB4FF6FF73984216
:10D340000646BED1FFF7D8FBB042BAD1374E32788D
:10D3500000230DF104080C2101932370C8E9013367
:10D36000C8E90333ADF80800ADF806008DF80410E5
:10D370009AB12F4F1C4657F82430284698473378E7
:10D3800001349C42F7DB43B1002457F82430404677
:10D390009847337801349C42F7DB264B1B78002BEF
:10D3A00088D0254AAB8812889A4283D1FFF738FF8C
:10D3B00080E70DF1040800240D2101941470C8F8D1
:10D3C0000440C8E903444FF6FF728DF80410A968C1
:10D3D000ADF80820ADF806200391002B3FF46AAFAA
:10D3E000134F57F8243028469847337801349C422D
:10D3F000F7DB002B3FF45EAF002457F824304046A3
:10D400009847337801349C42F7DB53E72B7A062B9D
:10D410007FF476AF5DE7084A044EA8880B60EB60A6
:10D42000108033783BE700BF2A4300202C430020C4
:10D43000643F00202D43002008430020703F00205F
:10D44000603F002078B1F8B5074E337853B1074FED
:10D450000546002457F8243028469847337801348D
:10D460009C42F7DBF8BD70472C430020643F00204E
:10D47000F8B5074E337853B1064F0546002457F8E8
:10D48000243028469847337801349C42F7DBF8BDB6
:10D490002C430020643F0020FFF7EABFFFF7E8BFFE
:10D4A00038B5FFF729FAD0B9FFF77CFCB8B901F01D
:10D4B000C9F8A0B900F09CFB88B903F09DFC70B9D5
:10D4C00003F070FE58B9074A074C0849084B106032
:10D4D0004FF6FF750122258008701A7038BD0320B1
:10D4E00038BD00BF703F0020084300202D430020BE
:10D4F0002B4300200A4B1B787BB10A4A1378022B7E
:10D5000009D810B4591C084C117044F823000020AD
:10D510005DF8044B7047042070470820704700BF37
:10D520002B4300202C430020643F0020034B1B783A
:10D530000BB101F0D9B80820704700BF2B43002081
:10D5400008B5054B1B782BB101F0F0F8082808BF8F
:10D55000112008BD082008BD2B43002009B101F0AF
:10D56000E3B87047024B1B7803B9704703F084BDE2
:10D570002B430020034B1B780BB100F093BF082016
:10D58000704700BF2B430020084B1B7843B151B1BB
:10D5900010B50C4603F096FF00232080184610BDFE
:10D5A0000823184670470E23184670472B43002067
:10D5B000024B187800B97047FFF7A0BA2B43002040
:10D5C00000B50B4B83B01B785022019243B159B187
:10D5D0000A4601AB0721FFF7B9FD03B05DF804FB74
:10D5E000082003B05DF804FB0E2003B05DF804FBD7
:10D5F0002B430020034B1B780BB103F0E7BF08203F
:10D60000704700BF2B43002010B4054C24781CB198
:10D610005DF8044BFFF7A4BD08205DF8044B70478C
:10D620002B430020354B1B78002B38D02DE9F041DF
:10D63000334B344D064693E8030088B02B7801AC99
:10D6400084E8030013B3DFF8C880D8F8005015BB96
:10D650002D4B2E4F1A883B68B24224D05A1C20D042
:10D660000133214630462A4A3B60FFF7E9F998B179
:10D670003B680022013B11283B60C8F800200AD01B
:10D68000862809D0072818BF032005E0FFF7C8FD4A
:10D690002B78002BD7D1112008B0BDE8F0810820ED
:10D6A00070471320F8E7002BDAD008233046194CD6
:10D6B0000795CDE90355CDE905558DF80C3003F0FC
:10D6C00073FF9DF81C302278ADF80E0065F300035F
:10D6D0000621ADF810608DF8155006958DF81C30B8
:10D6E0008DF8141042B10C4E56F8253003A8984717
:10D6F000237801359D42F7DB0020CDE72B43002046
:10D70000D88B04002D43002008430020603F0020F8
:10D71000703F00202C430020643F002076DF7047DC
:10D7200010B5044682B059B901A9FFF723FF43F2AF
:10D730000202904200D0B0B99DF804309B0710D48B
:10D7400000212046FFF7FCFE58B1112809D00D2812
:10D7500010D00B2805D043F20202904201D001F014
:10D7600041FD02B010BD01F03DFD9DF804309B0766
:10D77000F7D4E5E720461321FFF7D0FFF1E700BF1C
:10D78000017839B1072900D0704780680028FBD0A4
:10D7900001F028BD4088FFF7C3BF00BF2DE9F0416D
:10D7A000037886B00446142B1BD8DFE803F00B1A6D
:10D7B0004C1A1A1A6A1A1D1A1D1A1A1A1A1A1A1A41
:10D7C0001A235C008088FFF72DFF862868D0112877
:10D7D00066D0132803D8584BC340DB0701D401F0AF
:10D7E00001FD06B0BDE8F081544B01221A7006B06D
:10D7F000BDE8F081524B534A1C68504B524F0025F4
:10D8000004F1080815701D704FF6FF76624202F0B1
:10D81000070204F0070358BF5342013437F81320BE
:10D82000B24201A80AD0029527F813600195CDE90C
:10D8300003550595ADF80820FFF7B0FFA045E5D1E9
:10D8400006B0BDE8F081037A012BCAD80023828894
:10D85000059301A8CDE90133CDE90333ADF80820E4
:10D86000FFF79CFFBDE78368364948F20D62002050
:10D870009342087002D0B3F5064FB2D100F066F8BB
:10D88000AFE7304C2378002BABD12C4D2B78E3B194
:10D8900002F09CFCB0B148F207629042A1D09EE732
:10D8A0002749294A0B68A08822F8130001335A42FD
:10D8B00002F0070203F0070358BF53420B6000F069
:10D8C00045F88EE7012323708BE701A802F00EFDD7
:10D8D00030BBBDF80A30002B14BF012300232B708E
:10D8E000D6D1002301AA19461846FFF78DFE064639
:10D8F00028B1431F012B7FF674AF30466FE7BDF8A8
:10D900000400FFF777FE064608B101F06BFC012228
:10D91000731F93422A707FF664AF002EB8D0ECE7F5
:10D9200001F060FCBDF80A30002B14BF0123002376
:10D930002B707FF456AFD4E7C1000800712300209C
:10D94000743F00202E4300202821002000B587B01E
:10D950000023062201A8CDE90133CDE90333059365
:10D960008DF80420FFF71AFF07B05DF804FB00BF35
:10D9700042685AB1FF2938B50D4606D00446BFF3B8
:10D980005F8F104602F05EFD08B938BD70476068D1
:10D99000BFF35F8F2946BDE8384002F049BD00BFA4
:10D9A00070B4DDE9034570B169B163B105FB04F6FC
:10D9B000964208D83CB135B1C0E90245C0E9001330
:10D9C00070BC00207047072070BC7047F8B5002875
:10D9D00030D0036806466BB3406858B3B3684BB3A6
:10D9E00000250F46FF2429460EE0FF2C19BF2B1BF4
:10D9F000013301232C469F421DD00135B368EDB29F
:10DA00009D42294616D2706802F002FDBFF35F8F77
:10DA10000028EAD0FF2C0BD0AC4209D23368214653
:10DA200030460BB1FFF7A4FF0134E4B2AC42F5D1AC
:10DA3000FF24E2E7FF242046F8BD00BFA8B102683A
:10DA40009AB142688AB1FF2938B50D460BD0044619
:10DA5000BFF35F8F104602F0F5FC20B1E368206849
:10DA600003FB050038BD002038BD0020704700BF13
:10DA700018B103680BB1FFF77BBF70477EDF7047BB
:10DA80007FDF704786DF704710B50446408803F09B
:10DA900019FDA0802046BDE8104000F06FBD00BF1A
:10DAA00000B587B0002304220193ADF806000DEB0A
:10DAB0000200CDE90233CDE904338DF80420FFF7ED
:10DAC000E3FF07B05DF804FB30B50E4D87B00024CE
:10DAD00003948DF80C10ADF80E202978019422469D
:10DAE00003250494ADF806008DF8103002940594D7
:10DAF0008DF80450FEF7D2FB01A8FFF7C5FF07B071
:10DB000030BD00BF7323002030B5134B0A1C87B013
:10DB100018BF01220C4619780546FEF7BFFB0F4BD4
:10DB2000A4F10102B2FA82F2197828465209FEF7EE
:10DB3000B5FB0023012201A801930393ADF8065021
:10DB40008DF80C400293CDE904338DF80420FFF7E3
:10DB50009BFF07B030BD00BF752300207423002059
:10DB6000F0B51D4B87B00D46197816460446FEF7F2
:10DB700079FB38B9014633462A462046FFF7A4FF11
:10DB800007B0F0BD154B20461978FEF76BFB04F586
:10DB9000807300284FF0070198B214BF01270227B5
:10DBA000FFF7E4F978B105280DD00023CDE9013362
:10DBB0000390CDE9043301A80723ADF806408DF8A2
:10DBC0000430FFF761FF33462A4639462046FFF707
:10DBD0007BFF07B0F0BD00BF752300207423002039
:10DBE000024B0A781978FEF759BB00BF7223002058
:10DBF000F8B5184C2378182B28D0174D2B78182BF4
:10DC000020D0164E3378182B18D0154F3B78182B90
:10DC100010D02378182B0BD02B78182B08D0337802
:10DC2000182B05D03B78182B0CBF03200020F8BD23
:10DC30000320F8BDFEF70CFB3870EAE7FEF708FB9F
:10DC40003070E2E7FEF704FB2870DAE7FEF700FB2E
:10DC50002070D2E773230020752300207423002056
:10DC6000722300202DE9F0418AB00E461746054682
:10DC7000FEF73EFA20220446002102A807F03AFFF0
:10DC8000012C10D054B1002E6AD1852102AB284658
:10DC90000022FFF7F5FE0AB0BDE8F08143F2020072
:10DCA0000AB0BDE8F081DFF8D080002298F80010BB
:10DCB0002846FEF7F3FA002E5AD0284603F002FC5D
:10DCC0004FF6FF73984229D13378DA0758BF002105
:10DCD00039D505F5807080B26B4601220721FFF728
:10DCE000DDF81128D7D000283ED1014650220198F6
:10DCF00007F000FF01991F4A0B4601F1180C03F8C9
:10DD0000344B284605974F1C11310293CDE906C7C5
:10DD1000099203F0EDFB48BB014617E098F80010AC
:10DD20002846FEF79FFA0028CED12846FFF7B8FE16
:10DD300098F800102846FEF795FA0028C4D13378E9
:10DD4000DB0715D485210B4B05970993012C9DD139
:10DD500002AB32462846FFF793FE0AB0BDE8F081D9
:10DD6000284603F0AFFBAFE7032094E7082092E7D3
:10DD70008521EDE7783F00207223002038B50C465E
:10DD80000546FEF7B5F901280AD13CB121462846DF
:10DD9000FFF774FE042808BF112038BD204638BDA7
:10DDA00043F2020038BD00BF2DE9F0470388113B64
:10DDB00088B00446092B2ED8DFE803F0522D056801
:10DDC0002D2D2D2DA1308088FEF792F9012811D13B
:10DDD000227AA588BA4B12F0010F08BF022602462C
:10DDE00018BF012628461978FEF758FA314628460A
:10DDF000FFF78AFE34F8041F0434002303A8052229
:10DE00000594CDE90333CDE90633ADF80E108DF856
:10DE10000C20FFF739FE08B0BDE8F087A94B8088D9
:10DE20001978FEF71FFA05460028F4D1A088FEF7FE
:10DE30007BF9002800F0DA80A14BA08819782A46E7
:10DE4000FEF72CFAA388ADF80E3003A802238DF854
:10DE500014508DF815508DF80C30FFF715FEDAE7E9
:10DE6000037A8588964A3D2B284641F23D03117876
:10DE700014BF4FF488541C46FEF7F4F90028CAD0AA
:10DE8000214628460022FFF76BFEC4E700F110068A
:10DE9000304603F065FB4FF6FF7398420546074690
:10DEA00078D00146A08803F087FBA788844B3846CA
:10DEB00019780122FEF7F2F938460021FFF724FE17
:10DEC000284601AA0721FEF7E5FF002875D00025A6
:10DED00000231A462946A088FFF7D4FD08289AD0C7
:10DEE000002840F08B80A37EDB0794D5002D92D1D3
:10DEF000A0882B4641F20602FFF7E6FD8BE7704B48
:10DF0000057A1978868875B1427A304602F00304A2
:10DF1000FEF7A8F900283FF47EAF22462946304696
:10DF2000FFF71EFE77E72A463046FEF7B7F9637A19
:10DF300013F004034CD006F58077BFB2384601AB2E
:10DF400001220721FEF7AAFF804600285CD003AF1C
:10DF5000072338460395CDF814808DF80C30ADF8C2
:10DF60000E600495CDE90655FFF78EFD637AA18812
:10DF70008DF8155013F0040F0CBF0222012202236A
:10DF80003846ADF80E108DF814208DF80C30FFF7E0
:10DF90007BFD40E7A08803F095FAB4F80480484B75
:10DFA0000546197840460122FEF778F940460021DF
:10DFB000FFF7AAFDBD428AD082E7A37ED90786D5A6
:10DFC000029D95F84430DA0740F1B98034357FE797
:10DFD000A288ADF80E2003A802228DF815308DF826
:10DFE0000C208DF81420FFF74FFD14E701460123A4
:10DFF000A08841F20602FFF767FD0CE70590A188B3
:10E00000002303A80722FCE6304603F05BFA4FF634
:10E01000FF739842054681461DD0C14638462A46C0
:10E020000721FEF7ADFF034600284FD1637AA2888F
:10E03000ADF80E2013F0040F0CBF022101210222C3
:10E04000012303A88DF814108DF80C208DF81530DD
:10E05000FFF71AFDDFE60146029803F013FA484580
:10E06000054682465FD0DFF860A00146304603F0E7
:10E07000A3FA9AF800103046FEF7F4F8814600281B
:10E08000CBD13046FFF70CFD9AF800103046FEF772
:10E09000E9F80028C2D1637AA1888DF8150013F041
:10E0A000040F0CBF02220122022303A8ADF80E10B8
:10E0B0008DF814208DF80C30FFF7E6FCABE600BFBE
:10E0C000732300207523002072230020862803AFCD
:10E0D0003ED04FF00008384605930723CDE903886A
:10E0E000CDE906888DF80C30ADF80E60FFF7CCFC5A
:10E0F000637AA1888DF8158013F0040F0CBF0222FB
:10E10000012202233846ADF80E108DF814208DF848
:10E110000C30FFF7B9FCB9F1000F3FF47CAE284694
:10E1200003F054FA77E6FEF7D3FC5045054632D0AB
:10E130002946304603F040FA4FF001096EE73146B8
:10E1400005F1460003F0F2F900287FF43FAFBEE688
:10E15000002338460622CDE90333CDE90533079382
:10E160008DF80C20ADF80E60FFF78EFC637AA28864
:10E17000ADF80E2013F0040F0CBF02210121022282
:10E18000012338468DF814108DF80C208DF81530C9
:10E19000FFF77AFC3FE603AF042307223846CDE9B8
:10E1A00003880593ADF80E60CDE906888DF80C2044
:10E1B000FFF76AFC637AA1888DF81580DAE600BF64
:10E1C00028B3027802F08203802B1ED0C2F3021320
:10E1D000042B1AD802F0F203322B16D04378817840
:10E1E0008B4212D8062B10D910290ED8C17810B442
:10E1F00011F0040405D10379580702D40B43190721
:10E2000006D500205DF8044B70470020704770472A
:10E2100003F00300D30703D5003018BF0120F1E756
:10E22000B0FA80F04009EDE731F0080323D011295E
:10E2300021D070B58AB000230D29064615460C463C
:10E24000CDE90533CDE90733099315D003F03AF949
:10E250000723ADF81660ADF8180005AD8DF8143041
:10E260000FCD6E460FC62B68336068460294FFF7E9
:10E27000E9F80AB070BD704703F024F90323ADF844
:10E280001660ADF8180005AC8DF814300FCC6E4652
:10E290000FC6236833607DB12B7813F0010F0CBFDC
:10E2A0000222012241F2011368468DF80820ADF8E0
:10E2B0000A30FFF7C7F8DCE70222F3E72DE9F04365
:10E2C000244B8FB00025CDE90A551B68099309AC92
:10E2D0000746894694E807000DF1040888E807001E
:10E2E0003846C4E90355C4E90155099503F0EAF835
:10E2F0000523ADF82800ADF826708DF824300FCC3A
:10E3000004AE0FC62368336004A8CDF81890CDF88A
:10E310001C80FFF797F8104B01991A683846FFF7F1
:10E32000A1FC0E4BA0F11102B2FA82F20446197858
:10E3300038465209FDF7B2FF094B2A46197838468C
:10E34000FDF7ACFF21463846019AFFF76DFF0FB08D
:10E35000BDE8F083C43F0020B83F002079230020AF
:10E36000782300200021FFF7A9BF00BF2DE9F04767
:10E3700006468EB0904699460D4600294DD1384B41
:10E380000A911B6809930B9109AC94E807000DF101
:10E39000040A8AE807003046C4E90355C4E9015578
:10E3A000099503F08FF80527ADF82800ADF8266031
:10E3B0008DF824700FCC0DF1100CACE80F00236821
:10E3C000CDF81CA004A8CCF80030FFF73BF8254B93
:10E3D000DDF804A01B785BB3424651463046FFF798
:10E3E000CDFC11280446204B27D000221978304656
:10E3F000FDF754FF0B2C19D012D8BCB1082C15D046
:10E400000327B9F1000F04D0524621463046FFF7EA
:10E410000BFF38460EB0BDE8F0874FF0000ADBE78F
:10E420000D2C03D043F202039C42E9D12746E8E7D2
:10E430009DF80D30002BCFD1EBE719780122304643
:10E44000FDF72CFF094B2A4619783046FDF726FFC9
:10E45000074B424619783046FDF720FF0027D0E7EA
:10E46000C43F00202F430020782300207723002082
:10E4700076230020094B70B519780446FDF7F2FEAB
:10E48000074B054619782046FDF7ECFE2A46014663
:10E4900001232046BDE87040FFF768BF76230020C7
:10E4A0007723002000293AD0F0B583B005460C460A
:10E4B000FDF724FE064670B3284603F003F8A6F1E4
:10E4C00002062378B6FA86F64FF6FF72821A4FEAF2
:10E4D000561618BF012266F3000362F3C3032370CC
:10E4E00007462846FDF720FE237860F3410323709A
:10E4F0002846FDF72DFE237860F38203237028461B
:10E50000FDF73AFE68B10120237860F30413002080
:10E51000237003B0F0BD43F2020003B0F0BD0E2043
:10E5200070472846FDF700FE0028EDD038466A46C1
:10E530000721FEF7AFFC20B9019B93F84430DB07BD
:10E54000E1D40020E0E700BF10B582B002ABE022CA
:10E5500003F8042D0C461946FFF7A4FF22789DF816
:10E56000041030B932EA01030CBF0120002002B0D0
:10E5700010BD0023184602B010BD00BF30B50378AF
:10E58000052B83B0044614D0122B04D02046FEF78E
:10E5900059FF03B030BD184B40881A687AB1FDF7B7
:10E5A000C3FD014668B960880A460123FFF7DEFE15
:10E5B000ECE781684088FFF781FE03B030BD0121A0
:10E5C000F3E7227A60880025C2F340012B4661F30D
:10E5D0008203C2F3000161F3C303C2F3800202A904
:10E5E00062F3041301F8043DFFF7AEFF80F001026F
:10E5F000D2B229466088D8E7C43F002008B5037826
:10E60000083BDBB20B2B06D8012202FA03F340F6DB
:10E610000F02134200D108BD064B074918780022AB
:10E62000FDF766FE054B064918780022BDE8084054
:10E63000FDF75EBE7923002065E303007823002008
:10E6400075E4030010B5174C2378182B0DD0164C29
:10E650002378182B10D0154C2378182B13D0144C7A
:10E660002378182B16D0002010BDFDF7F1FD207087
:10E670000D4C2378182BEED1FDF7EAFD20700B4CE2
:10E680002378182BEBD1FDF7E3FD2070084C23789D
:10E69000182BE8D1FDF7DCFD1828207008BF0320F7
:10E6A000E1D110BD782300207623002077230020BD
:10E6B0007923002008B5FFF777FB074B0749187847
:10E6C0000022FDF715FE064B064918780022BDE82A
:10E6D0000840FDF70DBE00BF7923002065E303006D
:10E6E0007823002075E4030010B5044670B1FFF7ED
:10E6F00067FD88B1094B2068186021790848094AEC
:10E700001971012103601170002010BD0449054AF0
:10E7100008600121117010BD072010BDBC3F002012
:10E72000C43F00202F430020FFF75ABA00230A46B7
:10E730001946FFF71BBE00BF10DF704711DF70479F
:10E7400010B582B004460C496846FDF707F8019BF6
:10E750002BB90DE06846FDF70BF8019B43B1D3E9F7
:10E760000021204690470028F4D1112002B010BDAE
:10E77000002002B010BD00BFE48B040010B582B0D1
:10E78000044609496846FCF7E9FF019B4BB1D3E910
:10E790000021204690476846FCF7EAFF019B002BCA
:10E7A000F5D102B010BD00BFFC8B04000B4991F8FD
:10E7B0001623EC2352091341DB070BD5084B9A684B
:10E7C00022B11A6842F480021A6070474FF4800345
:10E7D0000B60704742F2020000F004BD00E100E06F
:10E7E00040430020F0B51B4D2C7883B01CBB1A4F62
:10E7F000012620463E70FFF7A3FF112818D02046BF
:10E80000FFF7BCFF02A8154B00F8054D1B680193EC
:10E8100000F0F8FC124901A8FFF78EFFB0FA80F370
:10E8200004465B099DF803002B7000F011FD34B124
:10E83000204603B0F0BD0824204603B0F0BD094BCC
:10E840003C701C70FFF7B2FF3046FFF797FF204681
:10E8500003B0F0BD3143002030430020E08B0400C2
:10E860000DBD020032430020F0B51F4D2B7883B060
:10E8700083B301231D4E18463370FFF761FF112843
:10E8800024D00220FFF77AFF02A8002700F8017DBC
:10E8900000F0B8FCFFF752FF04469DF807002F7008
:10E8A00000F0D6FC9CB9124B34709A68B2B9114B87
:10E8B0004FF48002C3F88020BFF34F8FBFF36F8FF8
:10E8C0000320FFF75BFF204603B0F0BD0024204685
:10E8D00003B0F0BD0824204603B0F0BD1A6822F44E
:10E8E00080021A60ECE700BF314300203043002073
:10E8F0004043002000E100E0054B1B7833B1054B9D
:10E900001B780BB9FFF76EBFFFF7AEBF082070474B
:10E910003043002031430020014B1878704700BF7E
:10E92000314300200B4B1B7873B10B4B9A6862B9D3
:10E930000A4B4FF48002C3F88020BFF34F8FBFF320
:10E940006F8F074B01221A7070471A6822F48002F9
:10E950001A60F6E7314300204043002000E100E068
:10E960003243002010B5084C237813B1074B1B78B5
:10E9700003B910BD064B4FF48002C3F80021FFF726
:10E9800015FF0023237010BD3243002031430020C7
:10E9900000E100E0034B1B7813B1034B187870477C
:10E9A00001207047314300203243002000B583B07E
:10E9B00068460849FCF7D2FE019B43B1D3E9002029
:10E9C00090476846FCF7D4FE019B002BF6D103B0BC
:10E9D0005DF804FBF08B0400FFF7E8BF60DF7047D1
:10E9E00069DF704761DF7047134B1B781BB330B58D
:10E9F000124D91B034240DF1020103A8ADF802408C
:10EA0000FFF7F0FF88B9294601A8FCF7A7FE029B93
:10EA1000002BF0D0D3E9002103A8904701A8FCF710
:10EA2000A7FE029B002BF5D1E5E7052801D000F0F9
:10EA3000D9FB11B030BD704733430020088C04006F
:10EA4000002942D070B584B00023214A0A60CDE984
:10EA500001330C46012501A98DF80400062620206B
:10EA600003938DF80650ADF80860FFF7B9FF01A9D0
:10EA7000226801934020CDE902338DF80550FFF75D
:10EA8000AFFF01A92268039328460425CDE901338D
:10EA90008DF80450FFF7A4FF0DEB050122680293E7
:10EAA0004FF4E465A12003930195FFF799FF2268D5
:10EAB000019301A90124A020CDE902338DF804407F
:10EAC000FFF78EFF184604B070BD0E20704700BFE0
:10EAD0004020002008B5FFF781FF10B9014B01224B
:10EAE0001A7008BD334300204BDF704710B5114C3E
:10EAF00084B001A8FFF7F8FFA8B9214602A8FCF7E7
:10EB00002DFE039B002BF4D0D3E900210198904700
:10EB100002A8FCF72DFE039B002BF5D101A8FFF7FF
:10EB2000E3FF0028E9D0052801D000F05BFB04B02A
:10EB300010BD00BF148C040000207047A8DF704790
:10EB4000ADDF7047AEDF7047B0DF704762DF704700
:10EB50003CDF70473DDF7047704700BFF8B1038866
:10EB6000112B17D010D9F0B5512B89B0044618D00D
:10EB7000532B07D1314DC288EB889A4202D12B7EAC
:10EB8000002B44D109B0F0BD102B09D12B4B82884A
:10EB90009A807047294B81889A88914233D0704778
:10EBA0007047264D8388A8889842EBD1A379022B21
:10EBB000E8D12189EA889142E4D1A27B043A022A71
:10EBC000E0D9002601AF02AA69890293CDE9046663
:10EBD000CDE906668DF810300397FFF7B1FFF0B16D
:10EBE00040F2FD13ADF8143004A9A888FFF7ACFF7C
:10EBF0001128F9D0BDF81430002BC3D104F108005E
:10EC000000F046F9BEE74FF6FF729A80704700F0B9
:10EC1000C9F90028B6D06B6902209847B2E7384698
:10EC2000FDF784FB0028DBD09DF81630ADF81460AA
:10EC300043F001038DF81630D6E700BFC83F00202F
:10EC400030B5144B87B0DA888DF8050002248DF8B2
:10EC500006109888ADF8082000230321CDF80A306B
:10EC60002025ADF80E300DEB040201ABADF802101B
:10EC700002A98DF804508DF80A40CDE90423FFF76E
:10EC800061FF20B9BDF80230032B18BF0C2007B07C
:10EC900030BD00BFC83F002010B54FF0FF3100204D
:10ECA000FFF758FF044608B1204610BDB121FFF719
:10ECB0004FFF04460028F7D1044B01205B699847B9
:10ECC0000220FCF7F3FC204610BD00BFC83F002027
:10ECD00030B51A4B05460FCB87B002AC84E80F0065
:10ECE0004DB32A68164B4FF6FF7000215A61988089
:10ECF0001976EAB1124800F083F808B107B030BDC8
:10ED000006A94FF6596321F8143D012318460D4A10
:10ED10008DF80630FFF712FF0028EFD12046084992
:10ED2000FFF714FF0028E9D1054800F087F8E5E770
:10ED3000054A5A61DEE70E2007B030BD208C040082
:10ED4000C83F0020CA3F002059EB0300B2DF7047E4
:10ED50004FF0020C00DF704710B50E4C2368BBB1BA
:10ED60001A7EAAB10278082A0AD0092A10D1FFF720
:10ED700093FF68B1236802205B69BDE81040184723
:10ED8000027A012A04D11A69013A1A61002AEED0E6
:10ED900010BD00BF3C43002017490B6853B34B68BC
:10EDA00043B370B5083198470828044621D0134D65
:10EDB0002B6888B100221A765A7606210120FFF7C7
:10EDC0003FFF18B12B6803205B6998472B6802202E
:10EDD0005B69BDE8704018470121587619760846EE
:10EDE000FFF72EFF28B12B6803205B6998472B683B
:10EDF0001C7670BD704700BF244000203C430020BB
:10EE0000034620B1034A04481360FEF773BB0E208B
:10EE1000704700BF3C43002059ED030008B501F0E6
:10EE2000B1FD00B108BD0448FFF792FF0028F9D1F9
:10EE3000BDE8084001F0B6BD2440002030B589B0DF
:10EE400004461E2200210DF1020006F053FE224668
:10EE5000608812F8063B8DF802300425282401232F
:10EE6000ADF800508DF80D406946032417258DF844
:10EE700010308DF80C308DF81130ADF804508DF84D
:10EE800013408DF81240FDF755FA09B030BD00BFB0
:10EE90002DE9F042047B012C96B01FD13E4D2F6826
:10EEA000797E064659BB02A8502206F023FEB88898
:10EEB00001A9FEF769FB48B9BDF804004FF6FF73DE
:10EEC000984265D002A9FEF77BFB18B31128347B6A
:10EED0001ED00F2814BF0421072101E02E4D02216E
:10EEE0002046FFF7ADFE18B12B6803205B699847F9
:10EEF0002B6802205B69984716B0BDE8F082204677
:10EF00000621FFF79DFE0028F6D01128347BE0D1C2
:10EF10000621E5E70DF1580C204F5CF84F0DDCF8A9
:10EF20000410DCF80820DCF80C30BCF814900FC793
:10EF30000DF13C0EDCF810003860BEE80F009CF8C4
:10EF400016C087F806C007F1080CA7F80490ACE8D3
:10EF50000F009EE8070016AB8CE80700082223F894
:10EF6000522D2A6807F1240190881A462346FFF79C
:10EF7000EDFE0028AAD10A49A7F1140051F8083B78
:10EF800098470028A2D12B685C7616B0BDE8F082C5
:10EF9000347B0721A4E700BF3C430020E83F00206A
:10EFA0002440002010B5064C236800205B69984778
:10EFB0002468FEF7A7F8206102F08CF9002010BD4C
:10EFC0003C430020A8DF7047F0B5074689B01446DF
:10EFD0001E460D46E9B114B9204600F003F91E2281
:10EFE00000210DF1020006F085FD0C4B0E9A1888E9
:10EFF000ADF8007002236946ADF80440ADF8064054
:10F0000002958DF811608DF80D30FDF793F909B078
:10F01000F0BD084600F0E6F8DDE700BF0A43002037
:10F0200070B586B006A941F60A0321F80C3D01230C
:10F030000446624A8DF80E301846FFF7C3FF0546B6
:10F04000002869D12288002A69D12289002A40F04B
:10F050008D80228A002A40F09680228B002A40F080
:10F060009F80228C002A69D1228D002A72D1236BC5
:10F070001BB3D3E90021160A100C8DF81410110EE1
:10F080008DF811608DF810208DF812008DF8131096
:10F0900099684B4A94F83C308DF81510080A0E0C0C
:10F0A00000928DF81600082204A942F623208DF85C
:10F0B0001760FFF789FF00283CD1616B51B14148CF
:10F0C0000A7994F83C300968009042F62A20FFF74C
:10F0D0007BFF78BBA26BFAB113788DF810305388A0
:10F0E0008DF811301B0A8DF8123093888DF813308B
:10F0F0001B0A8DF8143094F83C30D488324A0092C0
:10F10000250A072204A942F650208DF816508DF8E2
:10F110001540FFF759FF0546284606B070BD2B483D
:10F1200094F83C306168009042F62920FFF74CFFCC
:10F1300000288AD00546284606B070BD244894F8B9
:10F140003C30616A009042F62620FFF73DFF002820
:10F150008AD0EFE71F4894F83C30E16A009042F60D
:10F160002820FFF731FF002881D0E3E71A4894F800
:10F170003C30E168009042F62420FFF725FF00288C
:10F180003FF467AFD6E7154894F83C3061690090CA
:10F1900042F62520FFF718FF00283FF45EAFC9E7CD
:10F1A0000F4894F83C30E169009042F62720FFF7C1
:10F1B0000BFF00283FF455AF0546BCE70A4300208B
:10F1C0007040002058400020504000204040002067
:10F1D000304000206840002048400020604000206F
:10F1E0003840002000B585B000230390194601AADD
:10F1F00044F20100CDE90133ECF788FD05B05DF87C
:10F2000004FB00BF70B4EFF3108472B60D4B9A6824
:10F21000AAB90D490D4E01259D60D1F880503540A9
:10F220001D60C1F88060D1F884505D604FF0FF33FD
:10F23000C1F88430027004B962B670BC7047012313
:10F240000370F8E74043002000E100E0FC06FFBD4A
:10F25000094B9A687AB170B910B4EFF3108172B6A5
:10F26000064A1C6814605C685460986001B962B614
:10F270005DF8044B704770474043002000E100E018
:10F2800070B50A4C0A48626886885388016882B063
:10F29000033300209BB2009003259B0001EB860105
:10F2A0000448257001F078F902B070BD9C40002040
:10F2B00068410020A4230020014608B50548FCF75A
:10F2C000A9F90022026042608260C260026142616C
:10F2D000826108BD544100201D4B0A6800EB80008C
:10F2E00003EB80035B6803F5805072B353880333EC
:10F2F00002EB8302824217D21368013314D0538881
:10F30000033302EB830398420ED330B44FF6FF75FC
:10F310009488AC420AD0148844B19468013405D072
:10F3200001200A6030BC704700207047984209D91C
:10F330001A6801321A4605D05C88033403EB840353
:10F340009842E5D2002030BC704703F10802D1E7B3
:10F35000B4400020F0B5426883B01AB11F4BDC689E
:10F36000A2421FD200270E4605460F8001970020BB
:10F3700005E0019B2A689C6894420DD0308801A961
:10F38000FFF7AAFF0028F4D1338801339BB2338002
:10F39000002BEBD003B0F0BD114A6B6013892B81B9
:10F3A00003B0F0BD1B699A42DCD812F00303D9D137
:10F3B0000B4C05892489A542D4D105689468A542DF
:10F3C000D0D108484068824206D900F58050824278
:10F3D00002D20B800120DDE71846DBE7A4230020E2
:10F3E0009C400020B44000202DE9F0419C8854B995
:10F3F000DFF8648017460E4605461C4698F8000064
:10F4000058B10123A38048F20960BDE8F08186B1BC
:10F410001988328891420CD0A0882146FFF75CFF02
:10F4200080B12368002DF2D099882A889142EED0CD
:10F43000F2E708499A6809893981C7E90023002061
:10F44000BDE8F081A388206001339BB2A380002B2C
:10F45000D4D0D8E79C400020B440002030B40E4CFB
:10F460000E4A638803EB830302EB8302D3685BB12C
:10F470000B4B0C481968022205259A802570002341
:10F48000012230BC01F0BCB8042551682570054844
:10F49000012230BC01F0B4B89C400020B4400020F0
:10F4A00068410020A423002008B5074B191D588887
:10F4B000FFF712FF18B9BDE80840FFF7CFBFBDE85E
:10F4C0000840FFF7DDBE00BF9C4000202DE9F04F53
:10F4D000DFF88083DFF880A3DFF880B3DFF8809364
:10F4E0008BB00546D8F80040002C00F089802378C6
:10F4F0005A1E052A60D8DFE802F05237371C1C0379
:10F50000002D40F0B88099F80B2099F80030002ABF
:10F5100000F03781013B89F80B50062B00F2A482E2
:10F52000DFE813F034038C02AF01C401A2028F02A2
:10F530007202002D40F01C812779012F00F05581C7
:10F54000C0F02C8105AE022F0595C6E90255356144
:10F5500040F09E802846023B0690042B35D8DFE819
:10F5600003F07E6A5E579300A68AA07D002D40F0CE
:10F57000E080B700AD4DB91905EB8101B1F808C0C5
:10F580004A6802EB8C02062800F2D282DFE810F013
:10F590001702C201D301E801FC019101B701002D5E
:10F5A00040F0BB802279032A00F29580DFE812F058
:10F5B000A9005A019E007300002305AEC6E903337B
:10F5C00048F20E62B36005930692994C04F110055F
:10F5D00054F8043B304603B19847A542F8D1514650
:10F5E00000255846C8F80050FCF738F8012191482A
:10F5F00000F0B2FF00287FF475AF0BB0BDE8F08FCC
:10F6000051465846FCF720F80446C8F800006EE75B
:10F61000E388ADF8203004238DF81430D5E70323B8
:10F62000E18822898DF81430E3680793ADF8201043
:10F63000ADF82220C9E7A37D2289A088E168ADF852
:10F640002020A3F10603B3FA83F35B0902228DF8AD
:10F650002430ADF8220007918DF81420B5E701237E
:10F660002189A2888DF81430E3680793ADF8201043
:10F67000ADF82220A9E705AE0023B3600593C6E9E3
:10F6800003334FF40643069305238DF814309CE7AB
:10F6900048F20E605FE7684E684A31686848634D1B
:10F6A000002727710823009700F076FFB9F8023091
:10F6B0003468B18803EB830305EB830205F82370FC
:10F6C00053683360022354601181B380002894D0C2
:10F6D000D8F8004023785B4905AE00224A600592C5
:10F6E000C6E90222326148F20D6034E7524A5448BA
:10F6F00011680023237102249480012200F080FF0E
:10F70000E4E74D4B504A19684D480123237100230B
:10F710000093082300F040FFD8E705AE494A0023D4
:10F7200053600593C6E9023333614FF406430693F1
:10F730004BE70228E28876D9B7003C4DB81905EBB3
:10F740008000D11CB0F808C0614401813E4405EB43
:10F750008605C2F57F42698905AEFD320A44002163
:10F760006A81B1600591C6E903114FF40640F2E6E3
:10F7700005AE0022B2600592C6E903224FF40640AE
:10F78000E9E6072B00F2C081DFE813F07701BE0144
:10F79000BE014D01AD013E013E01A701022305AEB0
:10F7A00023713046E36805930DF112010695079524
:10F7B000FFF7D0FD002800F01D810699234A8B88B1
:10F7C000E3800B8823811E4800950423BDF8124076
:10F7D00000F0E2FE002840F0D481144B04EB8404D6
:10F7E00003EB84040123237407E7164B1B78002BDB
:10F7F00000F0F38005AE164B32462946A01DFFF7F8
:10F80000F3FD002800F0C58148F20963104A9842D0
:10F81000C2E900553DD1C6E90055C6E9025535613A
:10F820002846237897E6014DB7008FE7B4400020C3
:10F83000844000206441002068410020348C040092
:10F84000A4230020944000203C8C0400308C040051
:10F8500074410020B0400020A84000205441002006
:10F860009C400020B44D2B78022B40F07781002380
:10F870006968B24A0093B2482B70082300F08CFEEE
:10F8800024E7FFF7FDFC00283FF4B7AED8F80040AE
:10F8900005AE002241F61D5123783261C6E90022EF
:10F8A000C6E90222884208BF104654E6FFF7D6FD9B
:10F8B000E9E7A44BA44A1B8803934FF0060C0023EE
:10F8C000516884F816C0A14A00939D48042300F0B3
:10F8D00063FE002800F04D81A27DE388022A48F2F1
:10F8E0000D600FD83E4405EB8605C3F57F436A895A
:10F8F000D8F80040FD3313446B8105AEC9E7E388B7
:10F9000041F61D50B91905EB8101DA1C0C8922441E
:10F910000A81E7E7032B0CBF052306230020A3750C
:10F92000111D0090042304F10802854800F034FE04
:10F930000028D1D161E623698148002B14BF03233D
:10F9400001234FF0000CA37502F108010423CDF848
:10F9500000C004F10C0200F01FFE0028BCD14CE6F0
:10F96000E38877484FF0010C84F816C04FF0000C84
:10F9700002F10C019B002269CDF800C000F00CFEE2
:10F9800000283FF43AAEA7E76F4BA06903921860D6
:10F9900000226C495A601846FFF7DCFC039A0028E5
:10F9A00000F009810223A37511460423002200926E
:10F9B0006348E21800F0F0FD00288DD11DE6022317
:10F9C0000020A375042311460090E2185C4800F063
:10F9D000E3FD00283FF411AE7EE75D4B0595C3E9DA
:10F9E000005505AE237848F20160C6E90155C6E925
:10F9F0000355B0E548F209600023C6E90033C6E9C3
:10FA0000023333612378A6E5524B534A19684C48B8
:10FA1000002300930724C9F80430082389F8004024
:10FA200000F0BAFD2FE74B4AD9F8041093884988B3
:10FA300003330B440221938089F80010FFF734FD53
:10FA400021E7B9F802203C4D9300134405EB8305F0
:10FA500000236968394A009306240823384889F846
:10FA6000004000F099FD0EE705AE0023B36005935A
:10FA7000C6E9033348F20E6305E62F4DB9F80820B6
:10FA80002B780132B3FA83F300215B09A9F808202F
:10FA9000012289F80A30A9F8021089F80B1089F8B8
:10FAA00000204BB1244DEB68002289F80A201BB9D5
:10FAB0002A7C002A40F0898005AED8F8004000205A
:10FAC000706089F80000A9F80200C9F804000590E8
:10FAD000C6E90200306123783DE5012389F8003052
:10FAE00099F80A30DDE7B9F80220134D1948930060
:10FAF000991805EB810104684F6886884C600224E0
:10FB000007600E818480A0E7013B062BACD801A2E0
:10FB100052F823F08DFB03003DFA030083F8030045
:10FB2000ADF8030069FA030043FA030009FA030081
:10FB3000E38848F20E60E5E6B4400020348C04000F
:10FB4000A42300200C43002078400020308C0400C7
:10FB500074410020684100203C8C04001D4A05AE21
:10FB600001231370002353600593C6E90233336108
:10FB7000DDE5039B03EB830B05EB8B0501232B7466
:10FB80003BE5D8F8004048F20D6035E799F80A30B7
:10FB900087E7114C00950699104A1148A488042360
:10FBA00000F0FAFC0028ECD10E4B04EB840403EBCC
:10FBB0008404277421E505AE0590C6E90100C6E975
:10FBC0000300237848F20960C5E4A9F80230FFF782
:10FBD0006BFC58E69440002074410020308C0400F7
:10FBE000A4230020B44000204068FFF76FBC00BF92
:10FBF00008B50121044800F097FC00B108BDBDE83C
:10FC00000840FFF763BC00BF644100202DE9F047C6
:10FC10004E4C247882B0002C4FD0002969D00D883A
:10FC20004FF6FF74A54243D04C88002C40D04C685E
:10FC3000A40763D1002A45D0B2F8009057888046C7
:10FC400001A81E460C46FFF737FB054600285DD08D
:10FC5000636803614FF0000A0670A0F8149080F802
:10FC600016A001213A4800F06BFC22886388AB8023
:10FC7000032EE8602A81EF8058D0A5F80AA001A9D8
:10FC80003448FBF7D1FCB8F1000F0BD0324AEB68D7
:10FC90001289C8F800300023A8F80820C8F80430FA
:10FCA00088F80A30FFF7A4FF002002B0BDE8F08713
:10FCB00048F2036002B0BDE8F08748F2016002B08C
:10FCC000BDE8F0870F89FA1C92B240F2FE34A242DE
:10FCD00019D8224D2E78B6BBB5F80AC02C896444D9
:10FCE0001444A4B2B4F5806F2DD862446A81B14641
:10FCF000A5E748F2046002B0BDE8F08748F2026070
:10FD000002B0BDE8F08748F20860D3E7134B09EB77
:10FD1000890903EB8909C7F57F47B9F80A30FD3730
:10FD20001F44A9F80A7048F20760C3E7D8F800300A
:10FD3000AB610422AA750DEB0201A5F80AA00548E3
:10FD4000FBF772FCA2E748F20660B3E7944000209C
:10FD5000AC400020544100209C400020B4400020D2
:10FD60008368F0B501334FF002040C8015D01B4FAF
:10FD700000F580554FF6FF7608304FF0010CB0F8D3
:10FD800002E00EF1030400EB8404A54206D20AB19E
:10FD9000012313704FF480630B80F0BD8388B3425E
:10FDA00016D00388A3B183685C1C11D03C689C42C8
:10FDB00000D23B600B88033373440B8043880333CA
:10FDC00000EB83008542E8D903680133D7D1F0BD49
:10FDD000002AEFD082F800C0ECE700BFAC40002062
:10FDE00038B5094B1A68042A0AD01D68074C024628
:10FDF0000121184644F8252000F0A2FB002038BD60
:10FE000048F20B6038BD00BF7041002084400020E4
:10FE10002DE9F04F9B4C89B022780023CDE90333C4
:10FE2000CDE90533079372B1974C04F1100554F8EE
:10FE3000043B03A803B19847A542F8D10025284602
:10FE400009B0BDE8F08F201D02F0FF0600F090FB26
:10FE500007460028F2D140F6F8731B685D1C00F0DD
:10FE60009D804FF0805211695269DFF848828749BE
:10FE7000C8F810304046A3F500530022C8F80C30F3
:10FE800000F082FB05460028D9D11C238C22804932
:10FE90008048FBF785FBA9464FF0020BAA46D8F82D
:10FEA0000C3019EB030C59F803204CD07A4B9A42D2
:10FEB00000F0828001324BD078480AEB8A0300EBD5
:10FEC000830203210BF1FF3B0AF1010A00F8231022
:10FED0001FFA8BFB1FFA8AFAC2F804C009F5805991
:10FEE000B9F5005FDBD1BBF1010F62D9FFB2022F80
:10FEF0005FD0062F00F09180002F5AD002A8FFF7A4
:10FF0000DBF9002800F0BA800123013F03700A2FBB
:10FF100009D8DFE807F0120812080F080F081506C5
:10FF200015000223037102A95A48FBF77DFBFFF776
:10FF30005FFE84E701230371F5E700230371F2E715
:10FF400003230371EFE7531C02D0534B9A42B3D102
:10FF50000CF104030CF580511A68013203F104031B
:10FF6000AAD19942F8D14E4B1A68002A7ED04B4A4A
:10FF7000DFF838E10AEB8A0302EB83011046022224
:10FF8000C1F804C00A8100F823200AF10101AEF88B
:10FF900002A01FFA81FA47F001079FE7414B4FF09B
:10FFA00080521B6811695269581C08BF02FB01F39B
:10FFB0005BE748F20A6542E7DCF804303A498B42D5
:10FFC0003AD001318B42BED1002E55D0374A344B46
:10FFD000A2F802A0314A196801910AEB8A0E02EBDD
:10FFE0008E010846022102F82E1002460AF1010A8B
:10FFF0000198506011811FFA8AFA604600222C494C
:020000040004F6
:10000000C3F800C00193FFF7ABFE019B9B88022B56
:1000100014BF082304231F4360E71B4D0122002364
:10002000227005F11006636055F8043B03A803B184
:100030009847B542F8D101E70AEB8A0217489300C6
:10004000002100F822100146184403F11002083381
:100050000A44C0F804C0194460460AF1010AFFF7D7
:100060007FFE47F002071FFA8AFA37E70222C3F839
:1000700000C09A8001268EE7094BBEE748F207656B
:10008000DDE600BF9440002084400020508C040036
:10009000C840002054410020DEC0ADDEB440002046
:1000A0006841002014100010FE011EF19C40002049
:1000B0006C410020A423002010B309B370B582B0B6
:1000C0000C460DF106010546FFF744F9A0B1BDF855
:1000D00006000D4B6E6800EB800003EB80000121F1
:1000E0000C3000F02DFA6B6826600C3301220020E2
:1000F0006360AA7202B070BD48F2096002B070BDC0
:1001000048F20460704700BFB4400020F0B110B561
:1001100082B00DF106010446FFF71CF990B1BDF85D
:1001200006300E4A03EB830302EB8303DA6882B1E5
:10013000A27A72B1DA680021013A0846DA60A17247
:1001400002B010BD48F2096002B010BD48F2046070
:10015000704748F2056002B010BD00BFB4400020F7
:1001600002230022FFF752BD18B103230022FFF73C
:100170004DBD48F204607047124B1B78DBB14FF65F
:10018000FF73984214D010B582B0044601A8FFF75F
:1001900093F898B10522012302700371C48001A96C
:1001A0000948FBF741FAFFF723FD002002B010BD1C
:1001B00048F20360704748F20160704748F20760F8
:1001C00002B010BD9440002054410020114B1B7818
:1001D000A3B100B583B001A8FFF76EF8A0B1062364
:1001E000037001A90C48FBF71FFA0C4B1A7842B9AF
:1001F000FFF7FEFC002003B05DF804FB48F201604D
:1002000070470122DA72F3E748F2076003B05DF845
:1002100004FB00BF94400020544100209C4000207B
:1002200010B50C4C82B0ADF806002078ADF8041083
:1002300060B13AB133B101A90DF10600FFF7D4F86E
:1002400002B010BD48F2046002B010BD48F2016077
:1002500002B010BD9440002000B50E4B83B01B7857
:10026000ADF8060083B151B14AB1134600200A46E9
:100270000DF10601FFF7B8F803B05DF804FB48F292
:10028000046003B05DF804FB48F2016003B05DF860
:1002900004FB00BF9440002000B50E4B83B01B78D8
:1002A000ADF8060083B151B14AB113460DF1060015
:1002B0000A460021FFF798F803B05DF804FB48F206
:1002C000046003B05DF804FB48F2016003B05DF820
:1002D00004FB00BF9440002020B119B103680B60FB
:1002E0000020704748F20460704700BF3F4B1B7806
:1002F000002B6ED000286FD0F0B43D490025C0F827
:100300000250C0F80650C0F80A504E890B894C685C
:10031000C0F80E50334402229BB202801CB1354A11
:10032000256895425BD001220280CD680289418810
:10033000478932440D4486890281C3F5806189B2C0
:10034000A26845808E423B4438BF8181013243819F
:1003500004F5805104F108032BD06289033203EBCA
:10036000820291421BD34FF6FF759A88AA4223D08E
:100370001A880AB39A6801321ED0828801328280BC
:100380005A88033203EB8203994212D91A68013268
:100390000FD05A88033203EB82029142E5D2C4891E
:1003A000C288CB1A04EBA30301320121C381C280AE
:1003B00001740020F0BC7047C488C2890134C48035
:1003C0005C8803322244C2815A88033203EB8203E1
:1003D000DAE748F20160704748F2046070476568E8
:1003E000054A2A44012AA0D99DE700BF9440002075
:1003F000B4400020DEC0ADDE02FEE10E01F01F02BF
:100400004B09012100EB8300914000F075B800BF5B
:1004100010B5012301F01F04490900EB810003FA24
:1004200004F100F05DF8E04000F0010010BD00BFF5
:1004300001F01F0201234909934000EB8100D943D9
:1004400000F066B84B0901F01F0150F82300C840C6
:1004500000F00100704700BF2DE9F84301F1FF38BB
:100460004FEA581300F104080F46064608EB8308CC
:100470000446002523686FEA030999FAA9F9B9FA35
:1004800089F9B9F1200F18D0A9444F450CD814E0D0
:100490002368DB4393FAA3F3B3FA83F3202B05EB32
:1004A00003090AD04F4508D949463046FFF7B0FF47
:1004B0000028EDD14846BDE8F8830434444505F1F1
:1004C0002005D7D1B9464846BDE8F88350E8002F4B
:1004D0000B4640E8003C9CF0000FF7D110467047F7
:1004E00050E8002F42EA010340E8003C9CF0000F76
:1004F000F6D11046704700BF50E8003F43EA0102C2
:1005000040E8002C9CF0000FF6D11046704700BF69
:1005100050E8003F03EA010240E8002C9CF0000F85
:10052000F6D11046704700BF50E8002F02EB0103E0
:1005300040E8003C9CF0000FF6D11046704700BF29
:1005400050E8003F03EB010240E8002C9CF0000F54
:10055000F6D11046704700BF50E8003FA3EB010200
:1005600040E8002C9CF0000FF6D11046704700BF09
:10057000012350E800CF4CEA030240E8002191F04B
:10058000000FF6D16046704720B119B101600B68C9
:10059000114618470E20704750B32DE9F0414AB379
:1005A000D0F800E0BEF1000F27D01D4673B14768B8
:1005B000D7F80480B3FBF8F708FB173737B942EADE
:1005C0000104A40705D01020BDE8F0810920BDE892
:1005D000F081C468A142F6D301F1FF3C046965448F
:1005E000A542F0D8DEF80C40A446BDE8F0416047D3
:1005F0000E2070470E20BDE8F0810820BDE8F08194
:1006000000B3D0F800C0F0B5BCF1000F1CD0AAB107
:100610004768D7F800E00EF1FF370F4210D1C768E6
:10062000B9420DD34D1E04690EFB0255A54207D8F1
:10063000DCF81040A446BDE8F04060470920F0BD5A
:100640001020F0BD0E2070470820F0BD29DF704754
:1006500028DF704703689A6832B330B5047985683B
:1006600087B00023019102930093CDE903330595F0
:100670006CB1012C07D1C368416904911B030221AD
:1006800002938DF800106846904707B030BDD0E95E
:1006900003144369049301258DF80050CDE902410C
:1006A0006846904707B030BD704700BF08467047A6
:1006B00000207047024B187A003018BF01207047A5
:1006C00018420020034B187A0122B0FA80F05A74C5
:1006D000400970471842002008B510461A4605F038
:1006E000E5F9002008BD00BF10B5064B0648002400
:1006F000C3E90044C3E902441C61FAF769FF2046DC
:1007000010BD00BF184200200842002010B5094C5F
:10071000094B43602046FFF72BFF40B9FEF7FCF87A
:100720001C2320748C2205490548FAF739FF002064
:1007300010BD00BF18420020448C04007C41002002
:100740000842002038B5254C237AFBB1244B1B68A6
:100750001A790221217222B3012A0AD1D3E90302B4
:100760001044FFF775FF80B3112802D101232372D3
:1007700038BD18460321FFF76DFF00232372636025
:1007800018491948BDE83840FAF768BF15491648B6
:10079000FAF75AFF124A034610600028D8D1606069
:1007A00038BDD3E90525521BB2F5805F28BF4FF451
:1007B0008052D3E903109208012A38BF012229444C
:1007C0002844FFF743FF0028CED1237C002BCFD154
:1007D0000220BDE8384000F009B800BF18420020F0
:1007E000304200202C4200200842002010B5234C4B
:1007F000237AA3B1022B08D1022811D0032804D1F7
:10080000E3680133082B1CD8E360637C1BB1BDE8AF
:100810001040FEF771B8BDE81040FFF793BF10BD60
:10082000174B186803790022E260D3B1012BECD199
:10083000D0E90432013393420361E6D100212172F1
:1008400005E00F4A00231068E36023720D21FFF7D3
:1008500001FF0C490C48FAF701FF637C002BD6D14D
:10086000D9E7D0E90523D11AB1F5805F94BF5B18B1
:1008700003F580539A428361C7D1DFE71842002015
:10088000304200202C42002008420020831E012B11
:1008900000D97047FFF7AABF00F0FD03012B00D07D
:1008A0007047A0F10100044BB0FA80F0400900222B
:1008B00018745A74FFF746BF1842002010B5064C52
:1008C000201DFFF755FE08B9637C03B110BDBDE8DC
:1008D0001040FFF737BF00BF184200202DE9F0435A
:1008E00083B081460D46114801A917469846FAF78C
:1008F00091FEB0B1002401232D0B446001A90371C6
:1009000004618461C560C0F80090C0F80880476148
:100910000648FAF789FEFFF7D1FF204603B0BDE88D
:10092000F083042003B0BDE8F08300BF084200203C
:100930002DE9F04182B080460F46104801A91646C5
:100940001D46FAF767FEA0B10024089B836044604F
:10095000C0F80080C0E90367456101A984610471A2
:100960000648FAF761FEFFF7A9FF204602B0BDE88E
:10097000F081042002B0BDE8F08100BF08420020F1
:1009800013DF704740F6F8731868421C01D0FFF778
:10099000F7BF034B1868431CF9D10420704700BF10
:1009A000141000100148FFF7EBBF00BF00C00100AA
:1009B000A0DF7047A1DF7047ADDF7047B3DF70473E
:1009C000B4DF704710B50446408800F07BFDA0807E
:1009D0002046BDE81040FCF74BBD00BF70B54FF698
:1009E000FF728AB000249042CDE90044CDE9024470
:1009F0000494ADF8020001D10AB070BD054600F0C4
:100A000027FC0B28064629D00FD911280BD043F21A
:100A10000203984212D12246144B28461978FBF75C
:100A20003DFC0AB070BD0122F6E738B90E236846D6
:100A30008DF80030FFF7C6FF3246EDE700240723AC
:100A400005A8CDE905440796ADF81650CDE9084450
:100A50008DF81430FFF7B6FF2246DDE70F23684616
:100A60008DF80030FFF7AEFF2246D5E73743002070
:100A7000FFF7B4BF2DE9F0474A4E88B031780546FC
:100A8000FBF7F0FB10B108B0BDE8F087044628463C
:100A900000F044FC082839D017D8002863D0062875
:100AA0001DD1284600F00EFD00F054FC00273E4BFF
:100AB0003A4619782846FBF7F1FB2246317828465A
:100AC000FBF7ECFB08B0BDE8F08743F20203984265
:100AD00015D043F20143984213D011280FD00023C0
:100AE000CDE903330590CDE9063303A80723ADF81C
:100AF0000E508DF80C300127FFF764FFD7E7012770
:100B0000D5E72846FFF76AFF0127D0E70DF1060079
:100B1000FFF754FFBDF80630012BC2D92746012349
:100B20000DF108084FF0020942F6021A07E052459B
:100B300029D00133BDF806209BB29A42B1D9414673
:100B400000221846CDE90398FFF73AFF42F6052147
:100B50000028A6D1BDF80820002FE8D1571AB7FA0F
:100B600087F77F09E5E7CDE90344CDE9054407941C
:100B70001023012403A8ADF80E508DF80C30274641
:100B8000FFF720FF93E7194603AA01AB2846049319
:100B9000FFF712FF002884D1BDF80430002B80D06D
:100BA00085E700BF3A4300203943002010B582B0EA
:100BB000044600F087FC00236A460921FBF7D0FEBB
:100BC000052801D002B010BD034B20461978012240
:100BD000FBF764FB02B010BD3543002030B50E4B6F
:100BE00083B002AA1B6842F8043D42F6A624002501
:100BF00001236946ADF80250ADF800408DF802308F
:100C00000446FFF7D5FE28B904491A46204609785C
:100C1000FBF744FB03B030BD708C0400344300206C
:100C200030B5012187B005462648FFF74FFCBFF3DA
:100C30005F8F08B107B030BD0446284600F0BAFA0D
:100C4000112803461BD012D986282ED043F2020267
:100C500090421BD11C4B224628461978FBF71EFBFD
:100C6000BFF35F8F174B00221A6007B030BD68B921
:100C70001549024609782846FBF710FBDAE7124BC4
:100C8000284619780122FBF709FBE9E70024CDE9A2
:100C900004440722CDE9014401A80393ADF80650AE
:100CA0008DF80420FFF78EFED4E70623CDE901443A
:100CB00001A8ADF80650CDE9034405948DF8043041
:100CC000F0E700BF344200203843002038B50378F5
:100CD00003B138BD04464088FFF780FE658828468A
:100CE00000F006FB28B10C4B284619780122FBF7CF
:100CF000D5FA6088FFF75AFF084B09491878002297
:100D0000FBF7F6FA02460028E3D1064B06491878AD
:100D1000BDE83840FBF7ECBA3943002038430020E7
:100D2000210C040035430020DD0B0400F0B50378EE
:100D3000082B83B00ED0294C207829490022FBF7DC
:100D4000D7FA024620B9274B27491878FBF7D0FA83
:100D500003B0F0BD437A0446002BECD1057A072D91
:100D600022D0082D31D0012DE5D16A462946808850
:100D7000FCF790F806460028DDD1019B1B78002B7C
:100D8000D9D0A08800F010FC4FF6FF739842D2D063
:100D9000164F124C39782A46FBF780FA32463878DB
:100DA0001349FBF7A5FAC7E780880C4C00F0FCFB61
:100DB0004FF6FF7398420546BED001222178FBF71B
:100DC0006DFA2846FFF7F2FEB6E70A4A11680129D4
:100DD000B1D1BFF35F8F014C1360ADE73843002002
:100DE000210C040035430020DD0B040039430020B2
:100DF000750A0400344200202DE9F843FBF728FA75
:100E00001E4C1F4D2070FBF723FA2870FBF720FAC9
:100E10001C4E1D4F3070FBF71BFA3870FBF718FAA9
:100E2000DFF87080DFF8709088F80000FBF710FAA8
:100E300089F80000FBF70CFA2378144A182B10707D
:100E400019D02B78182B16D03378182B13D03B7869
:100E5000182B10D098F80030182B0CD099F80030CF
:100E6000182B08D0182806D0094B00201860BFF3B3
:100E70005F8FBDE8F8830320BDE8F8833843002086
:100E800037430020394300203A43002036430020F6
:100E900034420020354300203443002070B5114B0C
:100EA00082B0002422460D4601261978CDF8024072
:100EB0000923ADF800608DF802300646ADF8064013
:100EC000FBF7ECF9084B09493046A54208BF194623
:100ED000019100F0F7FA22466946FBF7B1FD02B036
:100EE00070BD00BF35430020748C0400788C040072
:100EF00070B503888588353B86B004461F2B23D800
:100F0000DFE803F052102222222222222222222271
:100F1000222222222222222222222222222222676C
:100F200022862230494E28463178FBF79BF958B18A
:100F3000317800222846FBF7B1F9E18800296CD00E
:100F400000212846FFF7AAFF414C424B424918783E
:100F50000022FBF7CDF9207840490022FBF7C8F9C1
:100F600006B070BD002611232846CDE90166CDE903
:100F700003668DF80430ADF80650059600F0A2FA2D
:100F8000ADF8080000F0E6F9354B314C19783246DF
:100F90002846FBF783F9284632462178FBF77EF98D
:100FA00001A8FFF70FFDD0E72E4E28463178FBF75A
:100FB00059F90028C8D0002231782846FBF76EF98D
:100FC000E288002A31D028460021FFF767FF204C35
:100FD000BBE7037B012BB7D1827A012AB4D1018907
:100FE00042F602139942AFD11F4C28462178FBF7F5
:100FF00055F9002220781D49FBF77AF902460028AE
:10100000A2D11B4B1B491878114CFBF771F99CE7D7
:101010002846FFF7E3FC0E4C97E7E389012B90D1BC
:10102000217C003118BF01218BE7A389012BCAD194
:10103000E1892846FFF7BEFC0028C4D1034A044CCE
:10104000117828461A46FBF729F97EE73643002037
:101050003943002037430020710A0400750A040058
:101060003A4300203443002038430020210C040080
:1010700035430020DD0B04002DE9F0418CB000F079
:1010800029F901A8FBF7C4F8019EDFF85480DEB10E
:1010900000244FF6FF7703E00134A4B2B44213D228
:1010A0000CAB03EB440333F8285C284600F00AFA43
:1010B000B842F1D101342846012298F80010A4B2B8
:1010C000FBF7ECF8B442EBD398F800000349002298
:1010D0000CB0BDE8F041FBF70BB900BF750A040086
:1010E00039430020AFDF7047B1DF7047B2DF704790
:1010F000B3DF704710B50446808800F055FA608071
:101100002046BDE81040FCF7C7B900BF70B51D4BC5
:101110001D4C93E80300238888B04FF6FF7501AE9D
:10112000AB4286E8030007D122E02088FBF7E2FC0F
:10113000A842034620801BD0184600223146FBF708
:101140007FFC03460028F0D0002221880792112856
:10115000CDE90322CDE90522ADF8101008D0862B89
:1011600003A807D0072205938DF80C20FFF7C2FFD4
:1011700008B070BD06238DF80C30FFF7BBFF08B038
:1011800070BD00BF7C8C04000E430020044B1A8805
:101190004FF6FF739A4201D0FFF7B8BF704700BF08
:1011A0000E430020024B4FF6FF721A80002070475A
:1011B0000E4300202DE9F04182B0074600F082F98D
:1011C0004FF6FF7398423CD0064601244FF00308C7
:1011D0006B46224608213046FBF760FE0323054696
:1011E000F0B9019A3846911D42F8048BFFF77EFF53
:1011F000013403460821D8B10C28304603D1A4B2EB
:10120000FBF7B4FEE4E70821052B18BF1D46FBF7EA
:10121000ADFE002818BF0325284602B0BDE8F081C6
:10122000072814BF05460C25284602B0BDE8F0810A
:1012300032463046FBF7A4FE0546284602B0BDE81C
:10124000F08143F20205284602B0BDE8F08100BFFC
:101250002DE9F04182B0074600F034F94FF6FF73F4
:10126000984227D10026354603244FF00108234633
:10127000324629463846FFF737FF04280AD00828A7
:101280000AD00B280AD0B8F1000F08BF0B2002B01B
:10129000BDE8F0811120F6E70020F4E714F0020425
:1012A00006D195B12646254603244FF00008DEE717
:1012B0000124FAE76A460821FBF7ECFD0028D1D1AA
:1012C000019DAE882C680635CFE7002EDFD02E4674
:1012D0000324EAE708B54FF6FF70FBF70BFC034B5E
:1012E0001880BDE80840FFF711BF00BF0E43002083
:1012F00000B585B00DF10703039300F0E3F802AAEF
:101300000121FBF7C7FD20B9039B187805B05DF8F4
:1013100004FB002005B05DF804FB00BF38B50C4BA2
:1013200004461846FFF7E4FE78B9198843F203052E
:101330004FF6FF722046FFF7D5FEA84200D038BD19
:101340001988013189B21980F2E7032038BD00BF46
:101350001043002010B5074B044693E8030082B009
:101360006B4683E80300002219462046FBF768FB22
:1013700002B010BD848C040046DF7047F8B50C4DF8
:101380000746002401E0142C0ED02B88BB42A6B2E5
:1013900005F10A0504F10104F5D13046FAF7A2FE81
:1013A0000028F0D03046F8BD4FF6FF763046F8BD45
:1013B0003842002090B191B108B50A7803785340C3
:1013C00013F0FE0F08D101310622013004F05FFB5B
:1013D000B0FA80F0400908BD002008BD70470846FB
:1013E000704700BF2DE9F0414C1C0E4605462146D2
:1013F0000130102205F1110706F1110804F047FB36
:1014000008BB2B4605F1100101E08B421BD013F8FD
:10141000012F002AF9D073784BB9214606F110024A
:1014200001E091420FD011F8013F002BF9D0414665
:101430003846FFF7BFFF6B7C03F0FE03042B1ED181
:101440000120BDE8F08141463846FFF7B3FF6B7CD1
:1014500003F0FE03042B0FD00022062B09D0737C6F
:1014600003F0FE03042B04D0062B08BF1046BDE892
:10147000F0811046BDE8F0810020BDE8F081012236
:10148000EBE700BF70B584B006460D46FBF7A2FA45
:1014900002AA0DF106010720FBF7A4FA60B1BDF81E
:1014A0000640AC423046F3D00399FFF79BFF00287B
:1014B000EED0204604B070BD4FF6FF74204604B055
:1014C00070BD00BF13280DD810B50446FAF70AFE08
:1014D00028B104EB8403054A32F8130010BD4FF61F
:1014E000FF7010BD4FF6FF70704700BF38420020FC
:1014F000132816D838B504460D46FAF7F3FD68B13F
:10150000094A04EB840302EB4303002053F8022F43
:101510002A609A889B79AB71AA8038BD43F2020099
:1015200038BD43F2020070473842002038B50588C4
:101530004DB9821C00F10A0412F8013B1BB9944218
:10154000FAD1002038BD0B88AB42FAD10231082213
:10155000023004F09CFAB0FA80F0400938BD00BFB8
:1015600030B585B00546FBF735FA0CE0039C2846FC
:1015700004F14601FFF7DAFF04F12A0178B92846A1
:10158000FFF7D4FF58B902AA0DF106010720FBF7B7
:1015900029FA0028EAD14FF6FF7005B030BDBDF83A
:1015A000060005B030BD00BF4FF6FF73984201D072
:1015B000FFF7E4BE704700BF132804D800EB80009B
:1015C000014B23F8101070473842002070B54FF6D9
:1015D000FF75A84203D1BDE87040FBF71BBC044671
:1015E000FFF7CCFE06462046FBF714FC30B9132E5D
:1015F00004D806EB8606024B23F8165070BD00BFD8
:101600003842002030B58DB010300DF1FF330DF1B0
:101610000F0510F8014D03F8014FAB42F9D100233B
:101620000D784C78897806936846CDE904338DF8B7
:101630001C308DF81D108DF81F508DF81E40FFF7DF
:101640009BFE9DF82F009DF82E109DF82D301070F8
:10165000517093700DB030BD30B5034685B030F891
:10166000015F33F8042F84789B78ADF80C2008468E
:1016700002AA03A98DF80E30ADF804508DF806408B
:10168000FFF7C0FFBDF80420BDF808309A4204D02F
:10169000012080F0010005B030BD9DF806209DF8C6
:1016A0000A309A42F4D1002080F0010005B030BD2C
:1016B0000388102B00D07047F0B5041D0FCC91B0FB
:1016C00006AD0FC50FCC0FC59DF81C3094E8030084
:1016D00003F0FE03062B85E8030014D1BDF8183093
:1016E0004849079803EB83035B004FF6FF74CC5225
:1016F000CA18BDF820409DF822101172C2F80200ED
:10170000D48011B0F0BDFBF765F99DF81C305B0883
:10171000012B25D9022BE1D107AE01AC0DF1020559
:1017200005E09DF81C3003F0FE03042B5DD022463B
:1017300029460720FBF756F90028F2D1BDF81830EA
:10174000304A0798B488B17903EB83035B004FF606
:10175000FF75D5521344C3F80200DC801972D0E73C
:1017600001AC0DF10205224629460720FBF73AF9A4
:10177000002844D0029911F1110FF4D04E7C9DF84D
:101780001C30734013F0FE0F4FF0060201F11201FE
:101790000DF11D00E7D104F07AF90028E3D1BDF87E
:1017A000021007AEBDF81820164F079802EB82030F
:1017B0005B00FD18F952AB1CC5F80200B088988098
:1017C0004FF6FF70B5799D7181429AD00023204673
:1017D000ADF80620ADF808108DF80430FBF75EFE7A
:1017E0002046FFF773FA11B0F0BD0299304601317F
:1017F000FFF732FF00289AD0BDF80210D2E707AEFB
:101800009CE700BF384200202DE9F84FDDF8289012
:101810004A45904638BFC846B8F1000F1BD09B46DA
:101820008A4605461746002406E0A14588BF0BF806
:101830000400013444450ED02B68A74288BF1AF833
:1018400004101E6998BF00212846B0470028ECDA32
:101850000248BDE8F88F0020BDE8F88F0AFCFFFFC2
:1018600030B583B00468069D00956469A047044ABA
:101870000446DDE90701EFF7C9FC204603B030BD9F
:101880008515030082B070B50C4684B005464968E2
:10189000206802AC03C4039908AC481084E80C002B
:1018A000CB0745BF2A58029B029CD4580AAB2E187E
:1018B00093E803008DE8030008AB0CCB3046A0474B
:1018C00004B0BDE8704002B0704700BF82B0D0B530
:1018D0000699C16000F1100400260027C0E90867DE
:1018E00004A9204681E80C00EFF732FF2046BDE84E
:1018F000D04002B0EFF7E0BE82B038B5D0E908457D
:1019000004A981E80C0054EA050303D1BDE838407E
:1019100002B070470446F1F77DFED4E908238B42FC
:1019200008BF8242F2D2002304F1100500200021FA
:10193000C4E90801E3602846EFF70AFF2846BDE83E
:10194000384002B0EFF7B8BE70B5044600250A4B28
:10195000036000F1100681602A460121304625719E
:101960006571EFF79FFE3046E560E56284F8285028
:10197000EFF7A2FE204670BD9C8C04002DE9F041DB
:10198000044682B00E46154610309846BDF82870C1
:10199000F5F7FEF826806580182004F050F808ABB3
:1019A000054693E803006A4682E803002E4603CA10
:1019B00046F80C8B0023084AEB6047F0020773607F
:1019C00068602046A780A560E360C4E90833A96089
:1019D0006A6102B0BDE8F081851804002DE9F0438A
:1019E00085B0BDF838806BB30C9C44B30F2902D18D
:1019F000B8F1C00F26D1064628201C460D461746D2
:101A000004F01DF80CAB814693E803003A468DE8DC
:101A100003002346CDF8088029464846FFF7AEFF6D
:101A200033680E4A5B6893420FD14846EFF7AEFF2A
:101A3000484603F0FDFF0A4805B0BDE8F0830D9C61
:101A4000E407D3D46FF47A70F6E7304649469847F6
:101A50000028EAD105B0BDE8F08300BFD90A030031
:101A600016FCFFFF2DE9F04390F8283089B00446BA
:101A70000D469BB1002D4FD100220023C4E908235D
:101A80000023E36004F11000EFF716FEE0682F4B2F
:101A9000002808BF184609B0BDE8F08380682C4ACA
:101AA00003685B6D93424CD12A4B04934FF00008BE
:101AB00004AACDF81480284FC688B0F808C03B6847
:101AC000DFF89C9092E8030016F4807F4FF0C00688
:101AD0008DE803000CBF05220422614618460296D9
:101AE0002346FFF77BFF1D4B3A68CDE9063808AB6C
:101AF00013E9030023468DE80300029610462321D4
:101B000042F21072FFF76AFF99F8003063B10123C7
:101B100084F82830002DAFD0F1F77CFD421941EB5D
:101B2000E573C4E90823ABE70093232242F2107364
:101B300042F210700021F1F77DFD012389F8003099
:101B4000E5E703219847A068AEE700BF11FCFFFF5F
:101B5000C5A10200CD180400043B0020F9180400C0
:101B60003B430020F0B52B4B81682B4ECD88B1F85C
:101B700008C0376893B00022CDE9063206AB80F882
:101B80002820044693E8030015F4807F4FF01005E9
:101B90008DE8030014BF0422052223460295614606
:101BA00008A8FFF7EBFE3B681C4D9B68AB4228D1B1
:101BB00008A8EFF7EBFE1A4B04930023059304AB40
:101BC00093E80300366810238DE80300029342F285
:101BD00010722346232108A8FFF7D0FE33689B68C4
:101BE000AB4212D108A8EFF7D1FE0021002300205C
:101BF000C4E90801E36004F11000EFF7A9FD13B098
:101C0000F0BD384608A99847D2E7304608A998475A
:101C1000E8E700BFCD180400043B0020590D030085
:101C2000F918040090F8283010B504463BB9237920
:101C30001BB1236820469B689847002010BDFFF722
:101C400091FFF4E790F82830044A10B5044602608A
:101C50000BB1FFF787FF204610BD00BF9C8C04002E
:101C600090F82830054A10B5044602600BB1FFF722
:101C700079FF204603F0DCFE204610BD9C8C04005A
:101C800041627047406A003018BF0120704700BFB2
:101C90004068704741600020704700BFF0B58B6816
:101CA000CD699D42A8BF1D460C4683B0012229463E
:101CB000064604F10C0701A8F5F77EFA01A938469B
:101CC000F5F7ACFA01A8F5F7A1FAE06861692A46D0
:101CD000043003F0EBFE6269E3692A445D1B002DCA
:101CE0006261E5612BD1236A002BC4BF03F1FF338E
:101CF000236293B1A3692269E361002B626104DD71
:101D0000606A03681B689847E36933B13946304617
:101D1000F5F774FA304603B0F0BD236A002BF5D115
:101D200094F82830002BF1D004F12C00EFF7FCFCE4
:101D300039463046F5F762FA304603B0F0BDDFDCD5
:101D4000E4E700BF38B504460C4B40F80C3B04F107
:101D50002C05F5F72BFA284600220121EFF7A2FC0B
:101D6000002101224FF480732846E4636162C4E9D4
:101D70000123EFF7A1FC204638BD00BFB08C040062
:101D800070B5456A9DF810608DB1002A0FDD73B102
:101D9000044628682362C4E90411036884F82860B3
:101DA000C4E906222846984794F8283003B970BD44
:101DB00004F12C00BDE87040EFF77EBC10B582B096
:101DC00000240094FFF7DCFF02B010BD024B18683E
:101DD000BFF35B8F704700BF00430020024B1868C1
:101DE000BFF35B8F704700BF3821002030B5214A18
:101DF00021F00043934287B01BDD1F4A934205DD6B
:101E000002460B4602F024FF07B030BD02AADDF700
:101E1000F7F800F00303012B11D0022B23D0DBB124
:101E20000124DDE90423DDE902010094DEF7F8F87E
:101E3000EAE700220023DDF7CBFB07B030BDDDE988
:101E400004450093DDE9020122462B46DEF7E8F85F
:101E500001F1004107B030BDDDE90423DDE90201F5
:101E6000DDF7B6FBD0E7DDE90423DDE90201DDF7AC
:101E7000AFFBEDE7FB21E93FFFFFEF7F21F00043E0
:101E80001946704730B51F4A21F00043934287B08E
:101E90001CDD1D4A934205DD02460B4602F0D8FECA
:101EA00007B030BD02AADDF7ABF800F0030001284F
:101EB000DDE9042312D002281CD0A0B1DDE9020123
:101EC000DDF786FB01F1004107B030BD0023009330
:101ED00000220023DEF7A4F807B030BDDDE90201DF
:101EE000DDF776FBDCE70124DDE902010094DEF793
:101EF00097F8D5E70124DDE902010094DEF790F8B8
:101F0000E0E700BFFB21E93FFFFFEF7F30B5144A58
:101F100021F00043934287B019DD124A934205DD58
:101F200002460B4602F094FE07B030BD02AADDF770
:101F300067F8440004F00204C4F10104DDE904235D
:101F4000DDE902010094DEF723F907B030BD01237B
:101F5000009300220023DEF71BF907B030BD00BF5D
:101F6000FB21E93FFFFFEF7F334A21F0004393421B
:101F7000D0B506460F460C460DDD02460B46002046
:101F80002E4903F047F9002F4FF000022B4B2EDBB8
:101F900002F060FED0BD2A4A934207DD27490020A7
:101FA000002CF7DA01F100431946D0BDB3F1725F9E
:101FB00020DB244A934226DDFFF760FF02460B46F2
:101FC00002F048FEDEF7C8FA00224FF0804302F02C
:101FD00041FE02460B4600204FF0804103F01AF903
:101FE00002460B460020154902F032FED8E702F007
:101FF0002FFED0BD0022114B02F02CFE32463B4694
:1020000002F0DEFFD0BDFFF739FF00224FF0404362
:1020100002F0D6FFDEF7A0FA00224FF0804306461A
:1020200001F1004702F016FE02460B4630463946E3
:1020300003F0F0F8B4E700BFFFFFEF7F0000F03FD0
:10204000FFFF3540FFFFEF3F70B5C1F30A56A6F220
:10205000FF33132B0A4608DC002B1BDB0F4C44FA22
:1020600003F3002022EA030170BD332B044607DD91
:10207000B3F5806FF8D102460B4602F0EBFD70BD60
:102080004FF0FF33A6F2134623FA06F6114624EA70
:10209000060070BD002002F0004170BDFFFF0F0080
:1020A00000B585B0234A0190019B23F00043934281
:1020B0001DDDB3F1FF4F08DBDDED017A77EEE77A46
:1020C00017EE900A05B05DF804FB02A901F06EFC62
:1020D00000F00302012A14D0022A22D0D2B1012238
:1020E0000399029802F084F907EE900AE8E70021CC
:1020F00001F0B4FD07EE900A17EE900A05B05DF806
:1021000004FB0399029802F073F907EE900AF1EECE
:10211000677AD5E70399029801F0A0FD07EE900ACF
:10212000CEE70399029801F099FD07EE900AF1EECF
:10213000677AC5E7D80F493F00B585B0244A0190BA
:10214000019B23F0004393421EDDB3F1FF4F08DBF8
:10215000DDED017A77EEE77A17EE900A05B05DF8CB
:1021600004FB02A901F022FC00F00300012816D0B4
:10217000022823D0D0B10399029801F06FFD07EE39
:10218000900AF1EE677AE7E70022002102F030F9C9
:1021900007EE900A17EE900A05B05DF804FB03996C
:1021A000029801F05BFD07EE900AD5E70122039942
:1021B000029802F01DF907EE900ACDE7012203997B
:1021C000029802F015F907EE900AF1EE677AC3E77C
:1021D000D80F493F2DE9F043DFF898808BB00446D3
:1021E0000D46DBF705FC98F90030013306460F4633
:1021F0002BD022462B462046294603F07BF9814608
:1022000018BB20462946FFF739FE0022164B03F083
:1022100067F9D0B1154B164801930122CDF82090F3
:102220000092CDE90445CDE9024502F037F998F96D
:102230000030022BCDE906010CD0684602F02CF9E3
:1022400040B1089B5BB9DDE90667304639460BB003
:10225000BDE8F08302F074FC21230360F1E702F093
:102260006FFC089B0360EEE70000F03FD08C040099
:102270007C7604007A2300202DE9F0438BB00446DD
:102280000D46DBF709FE244B93F90080B8F1FF3FC0
:1022900006460F460ED022462B462046294603F01E
:1022A00029F9814630B900221C4B2046294603F00B
:1022B000F9F820B9304639460BB0BDE8F08300226A
:1022C000002301210091164ECDF8209010461946AA
:1022D000CDE90445CDE90245019602F09BFFB8F136
:1022E000020FCDE906010CD0684602F0D5F840B1E6
:1022F000089B5BB9DDE90667304639460BB0BDE89F
:10230000F08302F01DFC21230360F1E702F018FCCA
:10231000089B0360EEE700BF7A2300200000F03F37
:10232000D88C04002DE9F043DFF898808BB0044688
:102330000D46DBF73DFE98F90030013306460F46A7
:102340002BD022462B462046294603F0D3F881465F
:1023500018BB20462946FFF791FD0022164B03F0DB
:10236000BFF8D0B1154B164801930122CDF820904B
:102370000092CDE90445CDE9024502F08FF898F9C5
:102380000030022BCDE906010CD0684602F084F83B
:1023900040B1089B5BB9DDE90667304639460BB0B2
:1023A000BDE8F08302F0CCFB21230360F1E702F0EB
:1023B000C7FB089B0360EEE70000F03FE08C0400E1
:1023C0007C7604007A230020DCF722B82DE9F04F58
:1023D000DFF8CCA08BB004460D46DCF709F99AF97A
:1023E0000030013306460F4637D022462B462046A2
:1023F000294603F07FF8834678BB20462946FFF73D
:102400003DFD0022244B8046894603F05FF820B34F
:10241000404649460022204B03F062F89AF90060DA
:1024200060B3CDE90445CDE9024501210022002336
:102430001A4F0091CDF820B010461946019702F0CE
:10244000E9FE022ECDE906010CD0684602F024F820
:1024500040B1089B6BB9DDE90667304639460BB0E1
:10246000BDE8F08F02F06CFB21230360089B002B7A
:10247000F1D002F065FB089B0360ECE702230890B3
:102480000093064FCDE90445CDE902452046294693
:1024900000220023D2E700BF0000F03FE88C0400D8
:1024A0007A2300202DE9F04F8BB01D4606460F46DB
:1024B000144600F07FFC294B93F900A0BAF1FF3FCE
:1024C0008046894635D022462B462046294603F0D1
:1024D00011F870BB32463B463046394603F00AF8E5
:1024E000834630BB002200232046294602F0D0FF5D
:1024F000F8B11B4BCDF820B00122CDE90267CDE940
:102500000445CDE90023BAF1000F17D000220023C3
:102510001046194602F07EFEBAF1020FCDE906011F
:102520000ED102F00DFB21230360089B83B9DDE986
:102530000689404649460BB0BDE8F08FCDE90667F5
:10254000684601F0A9FF0028EBD0089B002BEED0D5
:1025500002F0F6FA089B0360E9E700BF7A23002047
:10256000FC8C04002DE9F0438BB004460D46DCF7EB
:10257000EFFA364B93F90060731C804689460DD004
:1025800022462B462046294602F0B4FF30B90022ED
:1025900000232046294602F0A3FF20B140464946C9
:1025A0000BB0BDE8F0832A4B0890CDE90245CDE998
:1025B00004450193DEB9274F4FF060462046294677
:1025C00000220023CDE9066702F062FF002835D023
:1025D00002230093684601F05FFFB8B1089BD3B9AE
:1025E000DDE90689404649460BB0BDE8F0831A4B49
:1025F0000022CDE90623204629460022002302F0CE
:1026000047FF68B102239E420093E3D102F098FA9B
:1026100022230360E2E702F093FA089B0360DFE7FE
:102620000123022E00930BD102F08AFA21230360CA
:102630000A4801F033FFCDE90601CFE701230093FB
:10264000684601F029FF0028F2D1EDE77A23002047
:10265000048D0400FFFFEFC70000F0FF7C7604004C
:102660002DE9F0438BB004460D46DCF73DFC374BBB
:1026700093F90060731C804689460ED022462B4693
:102680002046294602F036FF074630B900220023D3
:102690002046294602F010FF20B9404649460BB0BB
:1026A000BDE8F0832A4B0897CDE90245CDE9044502
:1026B0000193DEB9274F4FF060462046294600229D
:1026C0000023CDE9066702F0E3FE002835D002239F
:1026D0000093684601F0E0FEB8B1089BD3B9DDE98C
:1026E0000689404649460BB0BDE8F0831A4B0022EC
:1026F000CDE90623204629460022002302F0C8FE29
:1027000068B102239E420093E3D102F019FA22231A
:102710000360E2E702F014FA089B0360DFE701239D
:10272000022E00930BD102F00BFA212303600B4819
:1027300001F0B4FECDE90601CFE70123009368461E
:1027400001F0AAFE0028F2D1EDE700BF7A230020B5
:10275000088D0400FFFFEFC70000F0FF7C76040047
:102760002DE9F0432B4E8BB080468946DCF76CFE9A
:1027700096F90030013304460D4603D001F086FE81
:10278000074620B1204629460BB0BDE8F0834046FD
:10279000494601F07BFE0028F4D01F4B96F900401B
:1027A00008970322CDE90023CDE90489CDE9028908
:1027B000404649460022002364B902F091FE4FF0E2
:1027C0006042E8B1154BCDE90623684601F064FE8E
:1027D00068B908E002F084FE002298B1104B022C88
:1027E000CDE90623F1D102F0ABF922230360089B67
:1027F00053B9DDE90645204629460BB0BDE8F08314
:10280000084BE0E7084BEAE702F09AF9089B0360FF
:10281000EFE700BF7A230020108D0400FFFFEF4791
:102820000000F07FFFFFEFC70000F0FF2DE9F04F41
:102830008BB004460D4600F0CFFB294B93F900A066
:10284000BAF1FF3F06460F4612D022462B462046DD
:10285000294602F04FFE834650B94FF000084FF072
:1028600000092046294642464B4602F01BFE20B98D
:10287000304639460BB0BDE8F08F0122194BCDF838
:1028800020B00092CDE90445CDE902450193BAF1AB
:10289000000F17D042464B464046494602F0BAFC6C
:1028A000BAF1020FCDE906010ED102F049F9212358
:1028B0000360089B73B9DDE90667304639460BB003
:1028C000BDE8F08FCDE90689684601F0E5FD0028F6
:1028D000EFD1EAE702F034F9089B0360EBE700BFB1
:1028E0007A230020188D040000F036BC10B52DEDC1
:1028F000028B8AB008EE100A00F0E8FC334B93F923
:102900000040631C09D0B4EE488AF1EE10FA04D6F8
:10291000B5EEC08AF1EE10FA03D90AB0BDEC028B15
:1029200010BD2B4B019318EE100A0023089302F000
:10293000EFFACDE90401CDE90201CCB9254BB5EEA2
:10294000408A4FF06042F1EE10FACDE9062334D10F
:1029500002230093684601F09FFDB0B1089BCBB9FC
:10296000DDE9060102F024FE0AB0BDEC028B10BDC9
:10297000194BB5EE408A0022F1EE10FACDE906239C
:102980000DD102239C420093E4D102F0D9F8222316
:102990000360E3E702F0D4F8089B0360E0E701235B
:1029A000022C00930BD102F0CBF8212303600B48DB
:1029B00001F074FDCDE90601D0E7012300936846DC
:1029C00001F06AFD0028F2D1EDE700BF7A23002074
:1029D000208D0400FFFFEFC70000F0FF7C760400AD
:1029E0002DE9F0432DED048BB34E8BB008EE900A29
:1029F00008EE101A00F0E0FC96F900506B1C04463B
:102A000030D0B4EE488AF1EE10FA2BD6F4EE688A94
:102A1000F1EE10FA68D69FEDA99AF4EE498AF1EE2C
:102A200010FA25D1B4EE498AF1EE10FA40F0908008
:102A30000123A34A009318EE900A00230192089301
:102A400002F066FACDE9020118EE100A02F060FA0F
:102A500000220023CDE90401CDE90623002D60D03A
:102A60004FF07E5420460BB0BDEC048BBDE8F083E4
:102A700001F0FCFD0546002800F09A8007EE904A20
:102A8000F5EE407AF1EE10FAECD118EE900A01F072
:102A9000EDFD0028E6D018EE100A01F0E7FD002851
:102AA000E0D00423864A009318EE900A002308938E
:102AB000019202F02DFACDE9020118EE100A02F09F
:102AC00027FA96F9003000240025022BCDE90401F5
:102AD000CDE9064503D0684601F0DEFC38BB02F0C4
:102AE0002FF82223036022E0B5EE408AF1EE10FABF
:102AF000B8D10123724A009318EE900A0023019284
:102B0000089302F005FACDE9020118EE100A02F06E
:102B1000FFF96C4B0022022DCDE90401CDE906231B
:102B20009ED0684601F0B8FC002800F08480089B25
:102B30001BB102F005F8089B0360DDE9060102F015
:102B400037FD044620460BB0BDEC048BBDE8F08396
:102B500018EE100A01F08AFD002883D0B5EEC08A75
:102B6000F1EE10FA7FF57EAF0123554A009318EE7F
:102B7000900A00230893019202F0CAF9CDE90201FC
:102B800018EE100A02F0C4F996F90030CDE90401FC
:102B9000002B55D04C490020022BCDE9060153D122
:102BA00001F0CEFF21230360089B002BC5D0C0E7B6
:102BB00018EE900A01F05AFD00283FF45FAF18EEBE
:102BC000100A01F053FD00283FF458AF18EE900AA8
:102BD00002F09EF9804618EE100A894602F098F934
:102BE00007EE904AF4EE677AF1EE10FA96F900706B
:102BF00072D6F6EE007A0322314B08950092CDE9A9
:102C00000289CDE90401019328EE278A17BB2F4BD7
:102C1000F5EEC08A4FF06042F1EE10FACDE90623DE
:102C200024D4684601F038FC0028BDD101F088FFAB
:102C300022230360B8E701F083FF2123036076E7D6
:102C400000220023CDE90623684601F025FC002878
:102C5000AAD1A5E71E4BF5EEC08A0022F1EE10FACC
:102C6000CDE9062315D4022FE0D0DAE718EE100ADA
:102C700001F062FD07EE900AF4EE487AF1EE10FAE8
:102C800016D0144B96F900704FF06042CDE9062340
:102C9000E9E718EE100A01F04FFD07EE900AF4EE96
:102CA000487AF1EE10FA03D0074B0022CDE9062353
:102CB00096F90070D7E700BF7A23002000000000DB
:102CC000288D04000000F03F0000F0FFFFFFEF47F9
:102CD0000000F07FFFFFEFC701220B4B0895009229
:102CE000CDE90289CDE904010193002FA8D0C9EEF6
:102CF000097A17EE900A02F00BF9022FCDE90601CE
:102D00003FF44EAFA0E700BF288D040010B52DEDB5
:102D1000028B8AB008EE100A00F098FF234B93F95B
:102D20000040631C09D0B4EE488AF1EE10FA04D6D4
:102D3000B5EEC08AF1EE10FA03D40AB0BDEC028BF6
:102D400010BD01231A4A009318EE100A00230192C5
:102D5000089302F0DDF80022CDE90401CDE902017B
:102D60000023ACB11046194602F054FA022CCDE90A
:102D700006010FD101F0E4FE21230360089B7BB91B
:102D8000DDE9060102F014FC0AB0BDEC028B10BDB7
:102D9000CDE90623684601F07FFB0028EED1E9E784
:102DA00001F0CEFE089B0360EAE700BF7A23002013
:102DB000308D04002DE9F04723F0004E5EEA020654
:102DC00020D07E4E21F00048B04589461ADC56429C
:102DD00016437B4F4EEAD676BE42144612D8F045D3
:102DE0001D4694468246074601F0004612DC0FDB82
:102DF00090420DD30ED1734BF60F03EBC603D3E90C
:102E0000000105E002F0DCF802460B4602F002FA8F
:102E1000BDE8F087B8F5801F3BDB4FEA2852A2F2ED
:102E2000FF32BEF5801F80F28F80BEF1000F40F0B0
:102E30009F80002C2346644904DD5B00002B01F1D8
:102E4000FF31FADC614B9A4270DBC9F3130343F4A0
:102E500080135E4881425BDBC5F3130444F48014A5
:102E6000501A07E052EA050321D0EB0F03EB4203AF
:102E70006F0001381A1BA7EB0C05F8B1674538BF86
:102E800002F1FF32002AEDDAFA0F02EB43037F0072
:102E9000EFE7B8F1000F5CD1BAF1000F53464A4A90
:102EA000BFDD5B00002B02F1FF32FADCB9E7454BD6
:102EB000F60F03EBC606D6E90001A9E7674538BF60
:102EC00002F1FF32002ABCBF3D461A4652EA050312
:102ED000EDD03F48824208DCEB0F03EB4202824216
:102EE00001F1FF314FEA4505F6DD384B99424EDAE4
:102EF0005B1A142B54DC01F21E41DD4002FA01F191
:102F000042FA03F31E4341EA0502314610467FE7C9
:102F1000401A1F2826DC01F21E450EFA00FE24FA94
:102F200005F504FA00FC45EA0E0499E79F1A1F2FE5
:102F300027DC02F21E4308FA07F82AFA03F30AFA1A
:102F400007F743EA080384E74FEA2E51A1F2FF3165
:102F500078E71E4A4FEAC8235B00002B02F1FF32DC
:102F6000FADC5EE71B4D6D1AAC404FF0000C77E7C2
:102F700016494FEACE235B00002B01F1FF31FADC4A
:102F800060E7144B9B1A0AFA03F3002761E7A2F5E6
:102F90008012164301F2FF3346EA0351284637E711
:102FA0001F2B07DC01F21E4102FA01F125FA03F2A0
:102FB0000A43AAE7074B591A0A41A6E7FFFFEF7F2A
:102FC0000000F07F30640400EDFBFFFF02FCFFFF18
:102FD000FFFF0F00E2FBFFFF5E4A8A432DE9F0414D
:102FE00004460D4600F0958000290B4606468446AF
:102FF00056DD0F1500F0A580C3F31303A7F2FF37CA
:1030000043F480134FEADC72F80702EB43034FEA04
:103010004C0504D5ED0F05EB43034FEA8C05002664
:103020007F10B44616224FF400110CEB01009842B9
:103030004FEAD5744FEA450503DC1B1A00EB010C7F
:103040000E44013A04EB43034FEA5101EDD110461F
:10305000964620244FF0004209E051D05B00013C2D
:1030600003EBD5734FEA52024FEA450537D063456B
:1030700002EB0E01F1DD002901EB020E0ADBE04656
:10308000A3EB0C03A94288BF03F1FF336D1A104470
:10309000C446E3E7BEF1000FF1DB0CF10108EFE7F6
:1030A00021F00042024329D0002942D10146CA0A38
:1030B000153B4905002AFAD012F4801001D044E0F3
:1030C00060465200D40200F1010CF9D5CCF1200485
:1030D00001FA0CFCE1401F1A41EA02038CE72B4382
:1030E00021D14408731003F17F53F20703F5001355
:1030F00048BF44F0004403EB07512046BDE8F0818F
:10310000A942ABD8002901EB020EC3DB984600238D
:10311000BCE702460B4601F053FF22462B4601F066
:1031200099FDBDE8F081411C16BF421C01365408D0
:10313000D8E7024601F08CFD02460B4602F06AF821
:10314000DCE71A4631463B46B6E78C4620244FF072
:10315000FF30BFE70000F07F30B583B007EE900A84
:103160000191019B23F00042B2F1FF4F17DC20F0E8
:103170000041B1F1FF4F054611DCB3F17E5F3FD056
:103180009C1704F0020444EAD07481B9022C4CD09C
:103190009FED437A032C08BFF0EE477A03E09DEDE4
:1031A000017A77EE277A17EE900A03B030BDF2B1BC
:1031B000B2F1FF4F29D0B1F1FF4F18D08A1AD215C2
:1031C0003C2A35DC002B36DA3C3234DADFED357A56
:1031D000012C47D0022C3CD0002CE4D0DFED326A29
:1031E0009FED327A77EEA67A77EEC77ADBE7DFEDEE
:1031F000307A9FED307A002DB8BFF0EE477AD2E7F3
:1032000003B0BDE8304001F04FB9B1F1FF4F30D00D
:10321000022C0AD0032C39D0DFED277A9FED217ADA
:10322000012C18BFF0EE477ABDE7DFED207ABAE750
:10323000DFED1F7ACCE7019807EE100AC7EE877A18
:1032400017EE900A01F00EFA01F02EF907EE900A3F
:10325000BEE7DFED156A9FED157A77EEA67A77EE79
:10326000677AA0E717EE903A03F1004307EE903A31
:1032700099E7022C10D0032C0BD0DFED107A9FEDD4
:10328000107A012C18BFF0EE477A8CE7DFED047A54
:1032900089E7DFED0C7A86E7DFED0B7A83E700BF85
:1032A000DB0F49C0000000002EBDBB33DB0F4940DF
:1032B000DB0FC93FDB0FC9BF00000080DB0F49BF38
:1032C000DB0F493FE4CB16C0E4CB164000B52DED33
:1032D000028B83B00190019830F0004337D0002872
:1032E00042DBB0F1FF4F4EDAB0F5000F56DADFEDFA
:1032F0002C7A9DED017A67EE277A6FF0180217EEAF
:10330000900AC3157F3B1344DA0F134407EE903A3B
:10331000C2F17F01C0F3160040EAC150B8EEE78A5F
:1033200001F0E6FADFED1F7ADFED1F6A9FED1F7AED
:1033300006EE100A66EE277AE8EE267AE8EE077ABD
:1033400017EE900A03B0BDEC028B5DF804FBDFEDD5
:10335000186A9FED187AC6EE877A17EE900A03B0C6
:10336000BDEC028B5DF804FBDDED017A9FED117A77
:1033700077EEE76AC6EE877A17EE900A03B0BDECE7
:10338000028B5DF804FBDDED017A77EEA77A17EE8C
:10339000900A03B0BDEC028B5DF804FB0022B0E79D
:1033A0000000004CD95BDE3EDB27543580209A3E7E
:1033B000000000CC000000002DE9F04731F000468D
:1033C0002DED028B12D020F00047B7F1FF4F804661
:1033D00006DDBDEC028B5A48BDE8F04701F0A8B904
:1033E000B6F1FF4F08DDB7F17E5FF2D14FF07E50AE
:1033F000BDEC028BBDE8F08700280C462BDB4FF0BC
:103400000009B6F1FF4F38D0B6F17E5F3DD0B4F180
:10341000804F19D0B4F17C5F05468A4643D1B8F19C
:10342000000F6FDA01F01EF9B7F1FF4F01D0002F46
:103430003FD1A7F17E5757EA090369D0B9F1010FCF
:10344000D6D180F00040D3E707EE900A67EEA77A66
:1034500017EE900ACCE7B6F1974F21DAB6F17E5F0E
:1034600008DBF315C3F1960346FA03F202FA03F3FD
:10347000B34256D04FF00009C6E7B7F17E5FB5D032
:103480003BDD002C28DB0846B2E7002CB0DA07EE63
:10349000100AF7EE007AC7EE877A17EE900AA7E7D0
:1034A0004FF00209ADE701F0DDF8B7F1FF4F15D09D
:1034B000A7B1B7F17E5F11D04FEAD873013B59EA4B
:1034C000030233D0B6F19A4F40DD1E4A974200F313
:1034D0009481002CC0F29781002089E7002C07DA44
:1034E00007EE100AF7EE007AC7EE877A17EE900A19
:1034F000B8F1000FBFF67CAF9BE7002CECDA81F04F
:10350000004075E7BDEC028BBDE8F04700F09EBBC4
:1035100007EE900A77EEE77AC7EEA77A17EE900AE1
:1035200066E702F00102C2F102096DE707EE905A68
:1035300077EEE77AC7EEA77A17EE900A58E700BF52
:103540007C760400F7FF7F3F0000804BB7F5000F4B
:1035500080F249815FED047A07EE100A67EE277A60
:103560006FF0170217EE907AF048F915C7F31607B7
:103570007F398742114447F07E5240F33681EC4850
:10358000874240F3B9819FEDEB5A0131A2F5000269
:10359000F0EE453A0020F7EE006A04EE902A74EE51
:1035A000A67AB7EE007A87EE278A521042F00052D0
:1035B00002F58022024434EEE67ADFEDDF8A9FEDE9
:1035C000DF2A9FEDDF0ADFEDDF0A9FEDDF1ADFED77
:1035D000DF1ADFEDDF2A9FEDDF3A27EE084A07EE1C
:1035E000902A24EE046ADC4AA6EE282A14EE100A79
:1035F000104005EE900AA2EE060AB1EE652A77EEBB
:10360000E66AA2EE277AF0EE607AE0EE067A74EED1
:10361000E64AF0EE476AB0EE417AA7EE867AE2EE2D
:10362000246AE7EE061A66EE886A75EE847A26EE5C
:10363000066A67EEA67AF0EE084AE6EE217AB0EE68
:10364000646AA5EEA56A07EE101A36EE276ADFED6A
:10365000C31A16EE101A114006EE101A76EE644ADE
:10366000B8EEC77AE2EE254A77EEE47A67EE847A1E
:10367000E6EE267AF0EE676AE5EE866A16EE901AB6
:10368000114006EE901AE2EE066A05EE901A77EE09
:10369000E67A67EEA27AE5EE837A77EEA37AF0EE29
:1036A000676AE5EEA16A76EE856A76EE876A16EEBF
:1036B000901A114006EE901A36EEC77A37EE457A28
:1036C000A5EEE17A77EEC77A24F47F6424F00F0444
:1036D00007EE10AA06EE104A67EE877A37EE466AC2
:1036E00007EE104AE6EE267A09F1FF3959EA03039C
:1036F00026EE877ABFEE008A77EE876AB7EE006A19
:1037000016EE900A18BFB0EE468A002820F000435B
:1037100040F39480B3F1864F00F387807AD0B3F101
:103720007C5F00F39780002116EE903A23F47F63CC
:1037300023F00F0306EE903A9FED896ADFED895A78
:103740009FED893ADFED893A9FED892A9FED894AFD
:10375000DFED894A9FED895A36EEC77AF0EE002AEE
:1037600077EEC77A26EE867AA7EEA57AF7EE005AAC
:10377000F0EE477AA6EE837A27EE076AF0EE471A54
:10378000E6EEC31AF0EE636AE6EE026A77EEE17ADD
:10379000A6EE864AE7EE277AE4EE064AA4EE865ABB
:1037A000F0EE456AB0EE475AA6EEC65AF0EE456A0C
:1037B00036EEE26A27EE055AC5EE066A76EEE77A3D
:1037C00037EEC77A35EEC77A17EE103A03EBC153DE
:1037D000B3F5000FC0F2A28007EE903A67EE887A48
:1037E00017EE900A04E60022BEE69FED525A002032
:1037F000F0EE453AF7EE006ACFE6614A974248DDBF
:10380000002C7FF769AEDFED5F7A67EEA77A17EEDF
:10381000900AEDE59FED5C6A76EEC76A37EE866A40
:10382000B4EEE66AF1EE10FA14DD9FED567A68EE1A
:10383000077A67EE877A17EE900AD9E5534A9342E2
:1038400063DC7FF46CAF76EEC76AF4EEE76AF1EE04
:1038500010FA5ADADB154FF400027E3B42FA03F30A
:103860000344C3F3C7524A4C7F3A1441C3F31601D1
:1038700023EA040306EE903AC2F1170241F4000174
:1038800037EE667A11410028B8BF494277EE876A61
:103890004AE707EE100AF7EE007A77EE677A9FEDB7
:1038A000296A9FED3C7ADFED3C4ADFED3C5AB1EEF0
:1038B000675AF5EE006AA5EE266AF6EE006AE6EEB5
:1038C000676A27EEA76A66EE866A27EE667AA7EE33
:1038D000A47AF0EE476AE7EEA56A16EE902A22F483
:1038E0007F6222F00F0207EE902AE5EE257A06EEBF
:1038F000902A77EE677AE7E69FED295ADFED293ABD
:103900004FF40010F7EE086A47E69FED277A68EE5D
:10391000077A67EE877A17EE900A69E517EE100AC4
:1039200000F072FF07EE900A58E700BF71C41C0058
:10393000D6B35D000000000042F1533E55326C3EAC
:1039400005A38B3EABAAAA3EB76DDB3E9A99193F01
:103950004F38763FA0C39D3600F0FFFF0038763F1A
:103960008CBEBF351872313F0072313F0EEADDB5B3
:103970004CBB313355B38A38610B36BBABAA2A3EF8
:103980000700803FCAF249713CAA38330000164351
:10399000FFFF7F003BAAB83F70A5EC3600AAB83FF6
:1039A00000C0153FDCCFD1356042A20D70B5994AF9
:1039B00020F00044944286B06BDD974A944206465C
:1039C0001CDC002824F00F04DFED947A944A07EE03
:1039D000100A64DD944277EE677A00F0D5809FED9F
:1039E000917A77EEC76A012077EEE67AC1ED006A38
:1039F00077EEC77AC1ED017A06B070BD8A4A94426B
:103A00000D4660DDB4F1FF4F80F2B480E215863AD6
:103A1000A4EBC25307EE903ABDEEE77ADFED836A7E
:103A2000B8EEC77A77EEC77A8DED037A67EEA67A9D
:103A3000BDEEE77AB8EEC77A77EEC77A8DED047AF5
:103A400067EEA67AF5EE407AF1EE10FACDED057A42
:103A500040F0CC80B5EE407AF1EE10FA0CBF0123B5
:103A60000223734901910221009103A8294600F025
:103A70007FF9002E11DA95ED007AD5ED017AB1EEDD
:103A8000477AF1EE677A404285ED007AC5ED017A1A
:103A900003E0002208604A60002006B070BD944236
:103AA00077EE277A00F08F809FED5E7A77EE876A57
:103AB0004FF0FF3077EEE67AC1ED006A77EE877A55
:103AC000C1ED017AE9E700F0CDFD9FED5A6A9FED67
:103AD000535ADFED546A07EE100AF6EE007AE7EE6D
:103AE000067AFDEEE77AB8EEE76A17EE900AF1EE95
:103AF000465AF0EE477A1F28E5EE857A26EE267ABA
:103B000054DD77EEC76A16EE903AE415C3F3C75357
:103B1000E31A082B54DD9FED487ADFED486AB0EEDA
:103B2000675AA5EE875A77EEC57AE5EE877AD6EE24
:103B3000267A75EE676AB0EE677A16EE903AC3F3AE
:103B4000C753E41A192C53DCC5ED006AF0EE457A30
:103B500077EEE67A002E77EEC77AC5ED017A9CDA29
:103B6000F1EE666AF1EE677AC5ED006AC5ED017A9D
:103B7000404292E707EE900A77EEE77A0020C1ED27
:103B8000017AC1ED007A88E7DFED2B6A9FED2B7A91
:103B900077EEE67A012077EEC76A77EEE67AC1ED36
:103BA000006A77EEC77AC1ED017A76E7421E244BB0
:103BB00053F8223024F0FF029A4277EEC76AA2D06F
:103BC000C5ED006AC4E7DFED1C6A9FED1C7A77EE55
:103BD000A67A4FF0FF3077EE876A77EEE67AC1ED8E
:103BE000006A77EE877AC1ED017A56E7032338E75A
:103BF000DFED146ADFED144AF0EE457AE5EEA67AC1
:103C000035EE677AA5EEA67A96EE247A77EEC76A45
:103C1000D6E700BFD80F493FE3CB1640800FC93F1E
:103C2000D00FC93F43443537800F494300008043DC
:103C3000408F040084F9223F0044353708A3852EC5
:103C4000C08E040000A3852E32318D2407EE900A29
:103C5000F1EEE77A17EE900A704700BF20F00043BC
:103C6000B3F1485F06EE100A06EE901A2EDAFDEE6A
:103C7000C67A17EE903A002B5FD026EE067ADFED7B
:103C8000343A9FED344ADFED344A9FED345ADFED8C
:103C9000347ADFED345AA7EE234AE7EE044AA7EE62
:103CA000245AE7EE057AE7EE275A65EE875A66EE64
:103CB000C66AB6EE006AE7EE256AF7EE007AD7EE3E
:103CC000066A77EEE67A17EE900A704726EE067AD5
:103CD000DFED1F3A9FED1F4ADFED1F4A9FED1F5A90
:103CE000DFED1F7ADFED1F5A1F4AA7EE234A9342EA
:103CF000E4EE074AA4EE875AE5EE077AE7EE875A24
:103D000065EE875AD3DD194A93421BDC03F17F43EA
:103D100007EE903AB7EE005A35EE675A66EEC66A7D
:103D2000B6EE006AE7EE256AD7EE067A77EEE67A17
:103D300075EE677A17EE900A7047F7EE007A17EE85
:103D4000900A7047B6EE075AF5EE027AE6E700BF32
:103D50004ED747ADF6740F317CF293B4010DD037D6
:103D6000610BB6BAABAA2A3D9999993E0000483F2B
:103D70002DE9F04F2DED048BD7B003F1FF390293FD
:103D8000D31E48BF131DBA4C649D0591DB1023EA76
:103D9000E37354F82560039303F10108A2EBC8080C
:103DA00016EB09028646A3EB090316D41A449FEDCD
:103DB000B17A6598511C1AAA002BA4BF50F8234071
:103DC00007EE904A03F10103ACBFF8EEE77AF0EE9C
:103DD000477A8B42E2EC017AEED1029B002E4FEA49
:103DE00083044FEA860A1DDB1AAB181943AA7346EF
:103DF000191902EB0A0742ADF446B9F1000FDFEDE5
:103E00009D7A09DB02466346F3EC016A32ED017AE2
:103E10008B42E6EE877AF7D1E5EC017ABD4200F1FC
:103E20000400EAD1AAF1080306ADEB1804939FED54
:103E3000939ADFED918A009605ABB34674449A4499
:103E400042AF76464FEA8B0356AA1A44BBF1000FE5
:103E500052ED146A16DD07EB8B02294666EE897A6D
:103E6000B0EE667AFDEEE77A32ED016AF8EEE77AB7
:103E7000BA42A7EEE87A77EE866ABDEEC77AA1EC81
:103E8000017AEBD1414616EE900A019300F0BCFC9A
:103E900008EE100AF4EE007A68EE277A17EE900A20
:103EA00000F0ECFB07EE100AF2EE007AA7EE678A4C
:103EB000B8F1000F019BFDEEC89AF0EE487AB8EE1B
:103EC000E98A37EEC88A40F3C6800BF1FF3CC8F19F
:103ED000080255F82C1041FA02F000FA02F2891A91
:103EE00045F82C1019EE90CA8444C8F1070209EE77
:103EF00090CA41FA02F2002A48DD19EE901ABBF18D
:103F0000000F01F1010109EE901A40F33682D5F855
:103F100000C0BCF1000F40F09B80BBF1010F20D02E
:103F2000AE4601205EF8041F00F1010C002900F0EC
:103F30009980E6468C467146CCF5807C8B4545F8E9
:103F400020C00CDD55F821002B4405EB810100E079
:103F50000868C0F1FF0041F8040B9942F8D14FF016
:103F6000010CB8F1000F0EDDB8F1010F00F02E8149
:103F7000B8F1020F07D10BF1FF3155F8213003F0F2
:103F80003F0345F82130022A00F00981B5EE408A4E
:103F9000F1EE10FA40F08680009B0BF1FF3C634588
:103FA0000EDC0BF18041013905EB8101002051F855
:103FB0000439514540EA0300F9D1002840F00F814F
:103FC000009B013B55F82330002B40F0FC80049B04
:103FD0004FF0010C53F804290CF1010C002AF9D020
:103FE000DC440BF1010EE64530DC039B029A0EEB3C
:103FF00003015A4403EB0C0B1AAB01F1804103EBB4
:104000008202659B013903EB810107EB8E0E03EB06
:104010008B0B51F8043F9FED177A07EE903AF8EEBC
:10402000E77A1046B9F1000FE0EC017A09DB33467C
:1040300001E072ED017AF3EC016AA342A6EEA77AE1
:10404000F7D15945AEEC017A0246E2D1E346F9E6F2
:104050000121002070E715D10BF1FF3255F8222025
:10406000121248E7E34560467FF45CAF8C4678E780
:104070009492040000000000000080430000803B98
:104080000000C93FF6EE007AB4EEE78AF1EE10FACE
:1040900080F25D81B5EE408AF1EE10FA4FF0000239
:1040A0003FF47AAFC8F1000118EE100A0192009EA9
:1040B00000F0AAFB5FED106A019A07EE100AB4EE59
:1040C000E67AF1EE10FAC0F25B815FED147A67EEEA
:1040D000277A0BF10103FDEEE77A08F10808F8EE04
:1040E000E77AA7EEE67AFDEEE77ABDEEC77A17EE3D
:1040F000101A45F82B1017EE901A45F82310414678
:104100004FF07E50CDE9002300F07EFB019B009A2A
:10411000002B07EE100AC0F24A819F0042A907F166
:10412000040E5FED2A6A0F44381D05EB0E0171ED98
:10413000017AF8EEE77AA94267EE877A27EE267AC7
:1041400060ED017AF3D10DF1B8081FED336AC44672
:1041500003F101090025002EC0F20481A24CDFED1D
:10416000A37A3846B0EE467A002103E0A94208DC83
:10417000B4EC017AF0EC016A01318E42E6EE877A06
:10418000F4DA01354D45ECEC017AA7F10407E2D1F0
:104190006499032955D8DFE801F0CAB7B75DF7EE97
:1041A000007A37EEC88ABCF1000F3FF4EFAE17EE8D
:1041B000900A4146019200F027FB07EE900A019A0F
:1041C00038EE678AE2E64FF0010C09E70BF1FF31A8
:1041D00055F8213003F07F0345F82130D3E655F838
:1041E0002C10009E6346A8F10808002987D10CF125
:1041F0008041013905EB810151F80409013BA8F127
:1042000008080028F8D07AE7DFED787A002A40F035
:10421000BF809DED2E7A0599002BC1ED007A77EED7
:10422000677A0BDD2FA80121B0EC017A01318B42B6
:1042300077EE877AF8DA002A40F0B680059BC3ED66
:10424000017A19EE903A03F0070057B0BDEC048BE9
:10425000BDE8F08F002B40F3C4809C0056A9214498
:104260000DF1B80803F1804051ED286A013808EBE0
:10427000830171ED017A37EEA67A884577EEC77A29
:1042800081ED007A77EEA67AF0EE476AC1ED017A09
:10429000EFD1012B40F3A58056AB1C448000031DD9
:1042A00054ED286A43442FA973ED017A37EEA67ABC
:1042B000994277EEC77A83ED007A77EEA67AF0EE30
:1042C000476AC3ED017AEFD10830DFED487A08EB99
:1042D000000308F1080833ED017A984577EE877AF4
:1042E000F9D1DDED2E6A9DED2F7A2AB1F1EE666AE5
:1042F000B1EE477AF1EE677A059BC3ED006A83ED74
:10430000017AC3ED027A9CE7002BFFF67DAF2EA861
:1043100000EB8301DFED357A043131ED017A88421B
:1043200077EE877AF9D1002A3FF473AF30E0DFED02
:104330002F7AC6443EED017AF04577EE877AF9D1BF
:104340000AB1F1EE677A059BC3ED007A79E719EEC1
:10435000902ABBF1000F02F1010209EE902A3ADD2A
:104360000222D4E5DFED217A01354D45ECEC017AEE
:10437000A7F104077FF4EFAE0AE74FF0000CF0E579
:10438000BDEEC77A5B4617EE101A45F82B10B6E65D
:10439000DDED2E6A0599B1EE677A002B76EEE77AAD
:1043A00081ED007A3FF73EAFF1EE677A46E7649918
:1043B00003293FF646AF01A050F821F0CD43040099
:1043C000094304000943040055420400DFED077A65
:1043D000002AB6D1B7E7F7EE007A37EEC88A022294
:1043E000D4E5DFED027A7CE76C9204000000000067
:1043F00020F00043B3F1485F07EE900A06EE101A72
:1044000004DABDEEE77A17EE103A23B327EEA77A67
:104410009FED174ADFED174A9FED175ADFED175A48
:10442000DFED176AE7EE044A27EE874AA4EE875AC3
:10443000E5EE075AE5EE876A82B166EEC46AF6EEEB
:10444000005AE6EE256ADFED0F5A96EE876AA4EE73
:10445000256A77EEC67A17EE900A70479FED0A6AD2
:10446000A7EE266AE6EE047A17EE900A704700BFC0
:10447000D3C92E2F342FD7B21BEF3836010D50B9C8
:104480008988083CABAA2A3EABAA2ABE41F000416B
:1044900001F58010C00F70470020704700200149CF
:1044A000704700BF0000F87F38B520F00044B4F139
:1044B000A14F07EE900A05460DDBB4F1FF4F5CDC1F
:1044C0009FED557ADFED557A0028C8BFF0EE477AA8
:1044D00017EE900A38BD524B9C4261DCB4F1445F48
:1044E00050DB4FF0FF3327EEA76A9FED4E1A9FED8A
:1044F0004E2ADFED4E1ADFED4E2A9FED4E3ADFEDEC
:104500004E3A9FED4E4ADFED4E4A9FED4E5A9FEDDB
:104510004E7ADFED4E5A66EE066A5A1CA6EE812AE6
:10452000E6EEA12AA2EE263AE2EEA63AA3EE264A4B
:10453000E3EEA64AA4EE265AA4EEA67AE5EE265AA3
:1045400027EE267AA5EE867A27EE277A3FD04049D5
:10455000404A9B001944D1ED006A37EE667A134455
:1045600037EE677AD3ED007A77EEC77A002DB8BFC1
:10457000F1EE677A17EE900A38BD77EEA77A17EE5C
:10458000900A38BD9FED347A37EE877AF7EE006AED
:10459000B4EEE67AF1EE10FAA3DD17EE900A38BD1C
:1045A00000F060F82D4B9C4207EE100A14DCA3F5D6
:1045B000D0039C4225DCF0EE007AFFEE006AE7EEC5
:1045C000276A002337EE277AC6EE877A8BE777EEE5
:1045D000C77A17EE900A38BD214B9C420BDCF7EEF0
:1045E000087AF7EE006AE7EE276A022337EE677A69
:1045F000C7EE267A77E7FFEE006AC6EE877A0323D6
:1046000071E7F7EE007A77EE676A37EE277A0123D3
:10461000C6EE877A67E700BFDB0FC93FDB0FC9BF74
:10462000FFFFDF3ED769853C59DA4B3D21A215BD1E
:104630006BF16EBD356B883D95879DBD6E2EBA3D85
:10464000388EE3BD2549123ECDCC4CBEABAAAA3E66
:10465000B0920400A0920400CAF24971FFFF973F94
:10466000FFFF1B4020F00040704700BF20F00040DB
:10467000B0F1FF4FACBF00200120704782B0019025
:10468000019A22F00041CB0D7F3B162B20DC002B42
:1046900010462EDB234919410A4224D0DFED227A4D
:1046A0009DED017A77EE277AF5EEC07AF1EE10FAF9
:1046B00019DD002A04DA4FF4000242FA03F3184429
:1046C00020EA010307EE903A17EE900A02B0704715
:1046D000B1F1FF4FDDED017AF6D377EEA77A17EE51
:1046E000900A02B07047DDED017A17EE900A02B031
:1046F0007047DFED0D7A9DED017A77EE277AF5EEC2
:10470000C07AF1EE10FAEEDD002A02DBDFED077A67
:10471000DAE7FFEE007A002918BFB0EE677AF0EE14
:10472000477AD1E7FFFF7F00CAF24971000000001D
:10473000004870470000C07F10B485B00190019A16
:1047400022F00041CB0D7F3B162B2ADC21B3002B3E
:1047500011464FEAD27032DB294A1A4111421BD06E
:104760005208114207D04FF4001421EA020244FA21
:1047700003F342EA0301234B03EB800090ED007A40
:1047800007EE901A77EE277ACDED037ADDED037A06
:1047900077EEC77ACDED017A019805B05DF8044B4C
:1047A0007047B1F1FF4FF7D3DDED017A77EEA77ACD
:1047B000CDED017A019805B05DF8044B7047C2F366
:1047C00016035B420F495B0A120D03F480031205C6
:1047D0001A4301EB800191ED007A07EE902A77EE03
:1047E000277ACDED037ADDED037A77EEC77A17EEFF
:1047F000903A23F0004343EAC0730193CCE700BF33
:10480000FFFF7F00C092040000B52DED028B83B046
:104810000190019B33F000421DD0B2F1FF4F0FD247
:10482000B2F5000F20D3D20D0A44FE2A2CDC002A58
:104830003DDD23F0FF4343EAC25307EE903A03E025
:1048400007EE900A77EEA77A17EE900A03B0BDEC58
:10485000028B5DF804FBDDED017A17EE900A03B0E0
:10486000BDEC028B5DF804FB9DED017ADFED1B7A58
:104870001B4B67EE277A9942CDED017A10DB019B45
:10488000C3F3C752193ACFE79FED168A019918EE84
:10489000100A00F041F907EE900A67EE887AD3E734
:1048A000DFED117A9DED017A67EE277ACCE712F100
:1048B000160F06DA4CF250339942E5DC9FED0A8A76
:1048C000E4E7193223F0FF4343EAC2539FED077A2E
:1048D00007EE903A67EE877AB6E700BF0000004C1B
:1048E000B03CFFFFCAF249716042A20D00000033E4
:1048F00030B482B00190019B33F0004241D0002BD4
:104900004ADBB3F1FF4F54DAB3F5000F80F29D801C
:10491000DFED6E7A9DED017A67EE277A6FF018056C
:1049200017EE903A6A4AC3F31604224402F40002D6
:1049300082F07E50DB1504F10F0120437F3B07EE30
:10494000900AC1F316012B44B7EE007A0F2903EB4E
:10495000D25337EEC77A35DCB5EE407AF1EE10FA75
:1049600075D1002B00F0AE8007EE903AB8EEE77AF2
:10497000DFED587ADFED586A67EE277AE7EE267AA0
:1049800005E0DFED566A9FED567AC6EE877A17EEA0
:10499000900A02B030BC7047DDED017A9FED507A8D
:1049A00077EEE76AC6EE877A17EE900A02B030BC5F
:1049B0007047DDED017A77EEA77A17EE900A02B024
:1049C00030BC7047B0EE006A37EE066A9FED452AAC
:1049D000DFED453ADFED454ADFED452A9FED454ADB
:1049E000DFED456ADFED457A4549C7EE065AC4F565
:1049F0005712214402F522720A43002A06EE103AA9
:104A000025EEA55AB8EEC63A25EE056AE6EE023A5C
:104A1000A6EE224AE3EE864AE4EE067AE4EE866AE1
:104A200066EE856AE7EE866A3BDDB6EE006A27EE43
:104A3000066A26EE076A76EE866A66EEA56A03BB0C
:104A400076EE666A77EE667AA1E700256AE7DFED23
:104A50002D6AF6EE007AE7EE667A67EE076A67EE91
:104A6000A67ADBB106EE903ADFED1A5A9FED1A6A8C
:104A7000F8EEE66AE6EEE57A77EEC77AD6EE867A63
:104A800085E7DFED147ADFED145AE3EE276A76EE60
:104A9000667A77EEC77AD3EE257A78E777EE677A8B
:104AA00075E777EE667A67EEA57A002BF6D09FED74
:104AB000096ADFED096AE3EE467A77EEC77AD3EE4C
:104AC000267A64E7DFED067A61E700BF0000004C5C
:104AD00020FB4A00D1F717378071313F000000CC2E
:104AE000000000009788173E25333A3E2549923E44
:104AF0004FD01C3E298E633EABAA2A3FCDCCCC3E84
:104B0000305CCFFFABAAAA3E03F0004321F0004285
:104B100042EA0301704700BF01F0004120F000406D
:104B20000843704710B5054C13462CB10A460146A0
:104B30000220AFF3008010BD2046FCE7000000001B
:104B4000014B1868704700BF3C21002008B5074B97
:104B5000044613B10021AFF30080054B1868836A47
:104B600003B19847204600F061FF00BF000000003D
:104B7000C892040070B50D4E0D4CA41BA410002566
:104B8000A54209D10B4E0C4C01F022F9A41BA41034
:104B90000025A54205D170BD56F82530984701354E
:104BA000EEE756F8253098470135F2E77C230020E0
:104BB0007C2300207C230020A0230020024B014600
:104BC000186800F09FBF00BF3C21002038B5074C9B
:104BD0000023054608461146236000F01FFF431CD2
:104BE00002D1236803B12B6038BD00BF4C430020C5
:104BF000084B37B51C68084D236A002B08BF2B46AD
:104C0000009313460A460146204600F0C9FF03B050
:104C100030BD00BF3C210020A0210020084B37B54B
:104C20001C68084D236A002B08BF2B4600931346CF
:104C30000A460146204601F02EF803B030BD00BF01
:104C40003C210020A021002081F0004102E000BFB3
:104C500083F0004330B54FEA41044FEA430594EA3C
:104C6000050F08BF90EA020F1FBF54EA000C55EA77
:104C7000020C7FEA645C7FEA655C00F0E2804FEA48
:104C80005454D4EB5555B8BF6D420CDD2C4480EA2A
:104C9000020281EA030382EA000083EA010180EA5A
:104CA000020281EA0303362D88BF30BD11F0004FA8
:104CB0004FEA01314FF4801C4CEA113102D04042DE
:104CC00061EB410113F0004F4FEA03334CEA133319
:104CD00002D0524263EB430394EA050F00F0A78031
:104CE000A4F10104D5F1200E0DDB02FA0EFC22FA2C
:104CF00005F2801841F1000103FA0EF2801843FA20
:104D000005F359410EE0A5F120050EF1200E012A10
:104D100003FA0EFC28BF4CF0020C43FA05F3C0184E
:104D200051EBE37101F0004507D54FF0000EDCF1C7
:104D3000000C7EEB00006EEB0101B1F5801F1BD370
:104D4000B1F5001F0CD349085FEA30004FEA3C0C74
:104D500004F101044FEA445212F5800F80F09A806A
:104D6000BCF1004F08BF5FEA500C50F1000041EB6E
:104D7000045141EA050130BD5FEA4C0C404141EB72
:104D8000010111F4801FA4F10104E9D191F0000F99
:104D900004BF01460020B1FA81F308BF2033A3F11C
:104DA0000B03B3F120020CDA0C3208DD02F1140C13
:104DB000C2F10C0201FA0CF021FA02F10CE002F14E
:104DC0001402D8BFC2F1200C01FA02F120FA0CFC47
:104DD000DCBF41EA0C019040E41AA2BF01EB045190
:104DE000294330BD6FEA04041F3C1CDA0C340EDC8E
:104DF00004F11404C4F1200220FA04F001FA02F3D1
:104E000040EA030021FA04F345EA030130BDC4F18E
:104E10000C04C4F1200220FA02F001FA04F340EA83
:104E20000300294630BD21FA04F0294630BD94F034
:104E3000000F83F4801306BF81F480110134013D1B
:104E40004EE77FEA645C18BF7FEA655C29D094EA8C
:104E5000050F08BF90EA020F05D054EA000C04BF0A
:104E60001946104630BD91EA030F1EBF00210020F5
:104E700030BD5FEA545C05D14000494128BF41F094
:104E8000004130BD14F580043CBF01F5801130BDF8
:104E900001F0004545F0FE4141F470014FF0000083
:104EA00030BD7FEA645C1ABF194610467FEA655C34
:104EB0001CBF0B46024650EA013406BF52EA0335D6
:104EC00091EA030F41F4002130BD00BF90F0000FC4
:104ED00004BF0021704730B54FF4806404F1320400
:104EE0004FF000054FF0000150E700BF90F0000FB9
:104EF00004BF0021704730B54FF4806404F13204E0
:104F000010F0004548BF40424FF000013EE700BFAF
:104F100042004FEAE2014FEA31014FEA02701FBF3F
:104F200012F07F4393F07F4F81F06051704732F071
:104F30007F4208BF704793F07F4F04BF41F40021C8
:104F4000704730B54FF4607401F0004521F0004126
:104F50001CE700BF50EA010208BF704730B54FF0B0
:104F600000050AE050EA010208BF704730B511F0B1
:104F7000004502D5404261EB41014FF4806404F1E9
:104F800032045FEA915C3FF4D8AE4FF003025FEA6F
:104F9000DC0C18BF03325FEADC0C18BF033202EBF3
:104FA000DC02C2F1200300FA03FC20FA02F001FA4D
:104FB00003FE40EA0E0021FA02F11444BDE600BFF0
:104FC00070B54FF0FF0C4CF4E06C1CEA11541DBF9F
:104FD0001CEA135594EA0C0F95EA0C0F00F0DEF86A
:104FE0002C4481EA030621EA4C5123EA4C5350EA4F
:104FF000013518BF52EA033541F4801143F48013A0
:1050000038D0A0FB02CE4FF00005E1FB02E506F030
:105010000042E0FB03E54FF00006E1FB03569CF085
:10502000000F18BF4EF0010EA4F1FF04B6F5007F8B
:1050300064F5407404D25FEA4E0E6D4146EB0606FD
:1050400042EAC62141EA55514FEAC52040EA5E5086
:105050004FEACE2EB4F1FD0C88BFBCF5E06F1ED830
:10506000BEF1004F08BF5FEA500E50F1000041EB67
:10507000045170BD06F0004646EA010140EA020014
:1050800081EA0301B4EB5C04C2BFD4EB0C0541EA36
:10509000045170BD41F480114FF0000E013C00F34B
:1050A000AB8014F1360FDEBF002001F0004170BD6F
:1050B000C4F10004203C35DA0C341BDC04F1140488
:1050C000C4F1200500FA05F320FA04F001FA05F214
:1050D00040EA020001F0004221F0004110EBD370E1
:1050E00021FA04F642EB06015EEA430E08BF20EA0D
:1050F000D37070BDC4F10C04C4F1200500FA04F3B0
:1051000020FA05F001FA04F240EA020001F0004141
:1051100010EBD37041F100015EEA430E08BF20EAB4
:10512000D37070BDC4F1200500FA05F24EEA020EFC
:1051300020FA04F301FA05F243EA020321FA04F02B
:1051400001F0004121FA04F220EA020000EBD370E2
:105150005EEA430E08BF20EAD37070BD94F0000FE2
:105160000FD101F00046400041EB010111F4801F16
:1051700008BF013CF7D041EA060195F0000F18BFC7
:10518000704703F00046520043EB030313F4801F03
:1051900008BF013DF7D043EA0603704794EA0C0FBD
:1051A0000CEA135518BF95EA0C0F0CD050EA4106D3
:1051B00018BF52EA4306D1D181EA030101F0004150
:1051C0004FF0000070BD50EA410606BF1046194678
:1051D00052EA430619D094EA0C0F02D150EA013684
:1051E00013D195EA0C0F05D152EA03361CBF1046C5
:1051F00019460AD181EA030101F0004141F0FE4164
:1052000041F470014FF0000070BD41F0FE4141F4E7
:10521000780170BD70B54FF0FF0C4CF4E06C1CEAE7
:1052200011541DBF1CEA135594EA0C0F95EA0C0F9C
:1052300000F0A7F8A4EB050481EA030E52EA033557
:105240004FEA013100F088804FEA03334FF0805578
:1052500045EA131343EA12634FEA022245EA1115A5
:1052600045EA10654FEA00260EF000419D4208BF56
:10527000964244F1FD0404F5407402D25B084FEA03
:105280003202B61A65EB03055B084FEA32024FF4AF
:1052900080104FF4002CB6EB020E75EB030E22BF0C
:1052A000B61A754640EA0C005B084FEA3202B6EBCC
:1052B000020E75EB030E22BFB61A754640EA5C007B
:1052C0005B084FEA3202B6EB020E75EB030E22BF0B
:1052D000B61A754640EA9C005B084FEA3202B6EB0C
:1052E000020E75EB030E22BFB61A754640EADC00CB
:1052F00055EA060E18D04FEA051545EA16754FEA2D
:1053000006164FEAC30343EA52734FEAC2025FEA4A
:105310001C1CC0D111F4801F0BD141EA00014FF0D9
:1053200000004FF0004CB6E711F4801F04BF0143AA
:105330000020B4F1FD0C88BFBCF5E06F3FF6AFAEC6
:10534000B5EB030C04BFB6EB020C5FEA500C50F156
:10535000000041EB045170BD0EF0004E4EEA1131D9
:1053600014EB5C04C2BFD4EB0C0541EA045170BDE0
:1053700041F480114FF0000E013C90E645EA060E24
:105380008DE60CEA135594EA0C0F08BF95EA0C0F52
:105390003FF43BAF94EA0C0F0AD150EA01347FF49A
:1053A00034AF95EA0C0F7FF425AF104619462CE771
:1053B00095EA0C0F06D152EA03353FF4FDAE1046D4
:1053C000194622E750EA410618BF52EA43067FF425
:1053D000C5AE50EA41047FF40DAF52EA43057FF4B5
:1053E000EBAE12E74FF0FF3C06E000BF4FF0010CC0
:1053F00002E000BF4FF0010C4DF804CD4FEA410C24
:105400007FEA6C5C4FEA430C18BF7FEA6C5C1BD0F0
:1054100001B050EA410C0CBF52EA430C91EA030F71
:1054200002BF90EA020F0020704710F1000F91EACE
:10543000030F58BF994208BF90422CBFD8176FEA9C
:10544000E37040F0010070474FEA410C7FEA6C5C6A
:1054500002D150EA013C07D14FEA430C7FEA6C5C71
:10546000D6D152EA033CD3D05DF8040B704700BF9D
:105470008446104662468C461946634600E000BFEB
:1054800001B5FFF7B7FF002848BF10F1000F01BDBD
:105490004DF808EDFFF7F4FF0CBF012000205DF888
:1054A00008FB00BF4DF808EDFFF7EAFF34BF01200D
:1054B00000205DF808FB00BF4DF808EDFFF7E0FFA6
:1054C00094BF012000205DF808FB00BF4DF808EDF7
:1054D000FFF7CEFF94BF012000205DF808FB00BF5E
:1054E0004DF808EDFFF7C4FF34BF012000205DF840
:1054F00008FB00BF4FEA410C7FEA6C5C02D150EA26
:10550000013C0AD14FEA430C7FEA6C5C02D152EABB
:10551000033C02D14FF0000070474FF0010070478C
:105520004FEA410212F5001215D211D56FF47873CB
:10553000B3EB625212D94FEAC12343F0004343EA6E
:10554000505311F0004F23FA02F018BF4042704749
:105550004FF00000704750EA013005D111F00040D3
:1055600008BF6FF0004070474FF00000704700BF69
:105570004A0011D212F5001211D20DD56FF47873D2
:10558000B3EB62520ED44FEAC12343F0004343EA27
:10559000505323FA02F070474FF00000704750EA72
:1055A000013002D14FF0FF3070474FF000007047DC
:1055B0004FEA4102B2F1E04324BFB3F5001CDCF135
:1055C000FE5C0DD901F0004C4FEAC0024CEA50706D
:1055D000B2F1004F40EB830008BF20F0010070479C
:1055E00011F0804F21D113F13872BCBF01F000409F
:1055F000704741F480114FEA5252C2F11802C2F1D1
:10560000200C10FA0CF320FA02F018BF40F0010051
:105610004FEAC1234FEAD32303FA0CFC40EA0C0003
:1056200023FA02F34FEA4303CCE77FEA625307D140
:1056300050EA01331EBF4FF0FE4040F44000704777
:1056400001F0004040F0FE4040F40000704700BF11
:1056500053B94AB9002908BF00281CBF4FF0FF31D9
:105660004FF0FF3000F0D0B9ADF1080C6DE904CE79
:1056700000F064F8DDF804E0DDE9022304B07047CF
:105680002DE9F84382EAE274A4EBE2741546E207DE
:1056900058BFDFF8609006460F4652BF4FF0000833
:1056A00080468946640832463B463046394613D028
:1056B000FFF786FCE30706460F46F3D5404649460A
:1056C00032463B46FFF77CFC6408804689463246FA
:1056D0003B4630463946EBD1002D07DA42464B4671
:1056E00000200449FFF796FD80468946404649461A
:1056F000BDE8F8830000F03FD0B500220D4B064610
:105700000F46FFF75DFCFFF733FF0446FFF7DEFBB4
:105710000022094BFFF754FC02460B46304639463F
:10572000FFF796FAFFF724FF00222346104319469D
:10573000D0BD00BF0000F03D0000F0412DE9F04772
:10574000089E04468846002B4BD18A42154667D9ED
:10575000B2FA82F24AB1C2F1200701FA02F320FA4A
:1057600007F7954047EA030894404FEA154E230C8B
:10577000B8FBFEF71FFA85FC0EFB178843EA0843C7
:1057800007FB0CF1994209D9EB1807F1FF3080F0C3
:105790001B81994240F21881023F2B445B1AA4B24C
:1057A000B3FBFEF00EFB103344EA034400FB0CFC99
:1057B000A44509D92C1900F1FF3380F00781A445D5
:1057C00040F2048102382C4440EA0740A4EB0C0468
:1057D00000271EB1D4400023C6E900433946BDE886
:1057E000F0878B4209D9002E00F0EB800027C6E934
:1057F000000138463946BDE8F087B3FA83F7002F39
:1058000047D18B4202D3824200F2FA80841A61EBC4
:10581000030301209846002EE0D0C6E90048DDE7EA
:1058200002B9FFDEB2FA82F2002A40F08F80491BF3
:105830004FEA154E1FFA85F80127B1FBFEFC230C39
:105840000EFB1C1143EA014308FB0CF1994207D9F6
:10585000EB180CF1FF3002D2994200F2CD80844661
:10586000591AA3B2B1FBFEF00EFB101443EA044434
:1058700008FB00F8A04507D92C1900F1FF3302D22C
:10588000A04500F2B6801846A4EB080440EA0C409C
:105890009FE7C7F1200CBB4022FA0CFE4EEA030E34
:1058A00001FA07F420FA0CF521FA0CF34FEA1E482E
:1058B0002543B3FBF8F92C0C08FB19331FFA8EFAB9
:1058C00044EA034309FB0AF49C4202FA07F200FA95
:1058D00007F10BD91EEB030309F1FF3080F087803D
:1058E0009C4240F28480A9F1020973441B1BADB2B3
:1058F000B3FBF8F008FB103345EA034400FB0AFA57
:10590000A24508D91EEB040400F1FF336BD2A24577
:1059100069D90238744440EA0940A0FB0289A4EB2B
:105920000A044C45C2464B4654D351D0002E69D090
:10593000B1EB0A0564EB030404FA0CFCFD40FC40E7
:105940004CEA0505C6E90054002747E7C2F12003E9
:1059500020FA03F7954001FA02F021FA03F34FEA27
:10596000154E3843010CB3FBFEF71FFA85F80EFB0A
:10597000173341EA034107FB08F38B4204FA02F4B0
:1059800007D9691807F1FF3C2FD28B422DD9023F6E
:105990002944CB1A81B2B3FBFEF00EFB103341EA6F
:1059A000034100FB08F38B4207D9691800F1FF3C63
:1059B00017D28B4215D902382944C91A40EA074741
:1059C0003BE73746304609E70746E7E61846FBE679
:1059D0004145ABD2B8EB020A69EB0E02013813461F
:1059E000A4E76046E9E7184695E76746D1E78146B0
:1059F0007CE702382C4447E7ACF1020C2B442FE73C
:105A0000384608E73746E9E6704700BF024B5822A0
:105A10001A604FF0FF3070474C430020024B582271
:105A20001A604FF0FF3070474C430020FEE700BF84
:105A3000EBF748BF0B4601461846FFF773B810B5A1
:105A4000002814BF044601242046EBF715FF30B9A7
:105A5000FCF7BCF908B900F00FF88047F4E710BD77
:105A600008B500F004F808B5804700F005F808B55F
:105A7000FCF7B4F9FFF7F7FF08B50620FFF79EF82B
:105A80000120FFF7D3FF0A220021FFF7B1B830B59C
:105A90000024A24201D1002007E0035D01340D196A
:105AA00015F8015CAB42F4D0581B30BD10B5431E55
:105AB0000A44914200D110BD11F8014B03F8014F87
:105AC000F7E7884210B501EB020307D8421E99425E
:105AD0000AD011F8014B02F8014FF8E78342F5D9DB
:105AE0008118D21AD34200D110BD13F8014D01F82C
:105AF000014DF7E702440346934200D1704703F893
:105B0000011BF9E71F2938B504460D4604D91623B1
:105B100003604FF0FF3038BD426C12B152F82130B3
:105B20004BB9204600F016F82A4601462046BDE84B
:105B30003840FFF74BB8012B0AD0591C03D116236C
:105B400003600120E7E7002442F8254028469847F3
:105B50000020E0E7FFF75ABF10F8012B11F8013BD6
:105B6000012A28BF9A42F7D0D01A7047034613F88B
:105B7000012B002AFBD1181A0138704710B56AB101
:105B80000139841810F8013B11F8012F934203D119
:105B9000A04201D0002BF5D1981A10BD1046FCE7A9
:105BA0002DE9F0478046894692461E460F463D46FF
:105BB000089815F8014B00F0E8F82044437813F0FA
:105BC000080332D12D2C32D17C78BD1C0122002E4D
:105BD0005DD0102E09D1302C07D12B7803F0DF03D4
:105BE000582B4FD16C7810260235002A14BF4FF085
:105BF00000416FF000410027B1FBF6FC384606FB80
:105C00001C1EA4F13003092B17D81C46A64223DD25
:105C10007B1C07D084451CD301D1A64519DB00FBB2
:105C20000640012715F8014BEBE72F46BFE72B2C69
:105C300004BFBD1C7C781A46C9E7A4F14103192BA7
:105C400001D8373CE2E7A4F16103192B04D8573C93
:105C5000DCE74FF0FF37E5E77B1C08D12223C8F8CB
:105C600000300846BAF1000F07D1BDE8F08702B155
:105C70004042BAF1000FF8D00FB105F1FF39CAF870
:105C80000090F2E73024002EAFD10826ADE7302C8B
:105C9000A3D00A26A9E72DE9F04780468946924617
:105CA0001E460F463D46089815F8014B00F06DF86A
:105CB0002044437813F0080330D12D2C30D17C7868
:105CC000BD1C0121002E5CD0102E09D1302C07D133
:105CD0002B7803F0DF03582B4ED16C781026023559
:105CE0004FF0FF320023B2FBF6F206FB02FC6FEA34
:105CF0000C0C1846A4F13007092F17D83C46A642D1
:105D000023DD002B1EDB82421CD301D1A44519DB0D
:105D100000FB0640012315F8014BEBE72F46C1E7D6
:105D20002B2C04BFBD1C7C781946CBE7A4F141079E
:105D3000192F01D8373CE2E7A4F16107192F04D8E5
:105D4000573CDCE74FF0FF33E5E7002B09DA22236D
:105D5000C8F800304FF0FF30BAF1000F07D1BDE8AE
:105D6000F08701B14042BAF1000FF8D00BB105F154
:105D7000FF39CAF80090F2E73024002EB0D108268F
:105D8000AEE7302CA4D00A26AAE7D0F8EC00704782
:105D900082B001B901A942B14BB113780B601278FE
:105DA000101C18BF012002B070471046FBE76FF0CF
:105DB0000100F8E749B1FF2A85BF8A2303600A7012
:105DC0004FF0FF3098BF0120704708467047000031
:105DD000F8B500BFF8BC08BC9E467047F8B500BFD8
:105DE000F8BC08BC9E4670470000000000000000A0
:105DF00000000000000000000000000000000000A3
:105E00000108010842424242010801083ED8E98DDA
:105E1000B90C0200F10C02000D0D0200250D02006C
:105E2000410D02005D0D0200790D0200950D02008A
:105E3000A50D0200DD0D02002D0E0200550E020020
:105E4000C90E0200110F0200210F0200310F0200E3
:105E5000810F0200B90F0200C90F0200A51802004D
:105E6000AD550200FD4E0200215202002D520200EB
:105E7000455202007928020039520200514F0200B7
:105E8000195202004536020091280200492C0200F6
:105E9000752B0200252B0200792D0200D52502006A
:105EA000B1270200C1270200D5270200F127020016
:105EB000A1310200F1300200CD360200ED360200C1
:105EC00045580200495802004C6504007C650400F6
:105ED000AC65040004670400ED4E02009D4F020013
:105EE0001541020011390200655802005D58020098
:105EF000615802004535020059330200C9330200DF
:105F0000792902008D290200AD2902006D2A0200C4
:105F1000812A0200B92A0200CD2402001D280200B5
:105F200031280200352802003D28020049280200DD
:105F3000512802006128020069280200712802002D
:105F40000D3302003D330200914F0200E552020082
:105F5000115302007D530200BD230200C923020039
:105F600021240200292402009D2702004D2702005F
:105F7000492402000D25020081260200112502009D
:105F800055250200BD250200CD250200E9320200A0
:105F9000C52D0200ED2D0200152E02006D2E02000F
:105FA000992E02004D2C0200452D02007D2C02008E
:105FB000AD2C0200D52C0200FD2C02001D2D02008C
:105FC00099340200BD340200E134020005350200BC
:105FD00025350200ED320200FD320200813102005F
:105FE00091310200F92E0200FD270200B52F0200B8
:105FF0006D3002008130020095300200A9300200AD
:10600000BD300200D13002000D2802001528020028
:106010004D580200792802008928020091280200C8
:106020000D29020011290200152902002929020068
:106030005D2902006129020071290200CD2A0200B7
:10604000D92A0200DD2A02007D360200F536020060
:106050000D3702003137020079370200993702000C
:10606000053902001D39020019400200554C040098
:10607000A5540400E1540400514C040015520400DE
:10608000C14F0400A5180200BD410200E141020019
:10609000E541020015420200414202007142020045
:1060A0007D420200C1420200E542020015430200A7
:1060B0004143020049430200514302005D43020094
:1060C0006D43020075100200A110020001110200D0
:1060D0000D1102003D110200791102007D11020034
:1060E0007943020085430200E94302000D440200A7
:1060F000314402003546020055440200F9440200D2
:10610000314502003D4502004D450200594502005F
:106110007D4502001146020021460200C121020015
:10612000C9210200D5210200D9210200DD2102008F
:10613000E1210200E5210200ED210200052202001A
:10614000112202001D220200292202003D2202002B
:106150008522020089220200952202009922020073
:10616000A9220200B1220200B5220200B9220200D7
:10617000C5220200CD220200E1220200ED2202002F
:10618000F12202007D4602008D460200E146020037
:10619000F14602002947020035470200014702008C
:1061A0000D4702001947020041470200554702000F
:1061B00069480200794802008548020091480200BF
:1061C000B5480200E1490200E5490200F949020030
:1061D0000D4A0200214A0200354A0200494A0200E3
:1061E000714A02007D4A0200AD4A0200CD4A020017
:1061F000D14A0200E54A0200354B02008D4B0200F5
:10620000994B0200E14B0200094C0200194C0200BC
:10621000214C0200C94D0200F94D0200614C020000
:10622000754C0200D94C0200ED4C0200054D0200F5
:106230005D4D0200854D0200B14D0200BD550200CA
:10624000CD530200195402005D5402008D54020027
:10625000A55402000155020049550200555502009F
:1062600085550200915502009D550200E51102007E
:10627000E911020001120200151202002D120200A3
:1062800041120200A5150200E1160200A51202004B
:10629000A9120200D91202000513020085130200A0
:1062A00091130200D5130200491402006114020088
:1062B0008914020091140200D50F0200E90F0200B8
:1062C000FD0F02001110020025100200391002001B
:1062D0004D1002006110020081560200A956020012
:1062E000BD560200D1560200E5560200F9560200E2
:1062F0000D57020021570200ED470200114802002D
:10630000354802003948020055480200555602003F
:10631000FD5502004956020045570200755702001C
:10632000E9570200F16302000D64020021640200DB
:106330003D64020081640200B964020000000000B4
:106340000338FDD870470000010000000000000085
:106350000A000000000000006400000000000000CF
:10636000E80300000000000010270000000000000B
:10637000A08601000000000040420F000000000065
:10638000809698000000000000E1F5050000000084
:1063900000CA9A3B0000000000E40B540200000019
:1063A00000E87648170000000010A5D4E8000000BF
:1063B00000A0724E1809000000407A10F35A000045
:1063C0004FBB610567ACDD3F182D4454FB21E93F0D
:1063D0009BF681D20B73EF3F182D4454FB21F93FFC
:1063E000E2652F227F2B7A3C075C143326A6813C82
:1063F000BDCBF07A8807703C075C143326A6913C2D
:10640000000000000000E03F000000000000E0BFCE
:106410000000E0FE422EE63F0000E0FE422EE6BF16
:10642000763C7935EF39EA3D763C7935EF39EABD8E
:1064300000000000000000000000000000000080DC
:1064400000000040FB21F93F000000002D44743E95
:10645000000000809846F83C0000006051CC783B7A
:1064600000000080831BF0390000004020257A38AE
:10647000000000802282E336000000001DF3693531
:10648000000000000000000055BD020055BD0200E4
:1064900055BD0200A10B0200A50B020085BD020044
:1064A00055BD020055BD020035C0020059BD0200B5
:1064B00089C002005DC1020071BD0200B11200007E
:1064C000267930DAA26E0273B604384AB11200009F
:1064D000267930DAA26E0273B6043849CFDBDFE4E6
:1064E000E7ECF1F630313233343536373839616222
:1064F000636465660000000000000000000000000A
:10650000E9810300418103003523030035230300A3
:106510003D2303003D2303002523030045230300FF
:10652000B18403006123030079850300B181030076
:10653000812303008D170200A1170200B58203001A
:10654000322E3000322E3200322E5800080003F96D
:1065500000000000010000000000000029230200EC
:106560004536020025230200F5220200FD2202002A
:10657000012302002123020005230200080004F980
:1065800000000000030000000000000029230200BA
:106590004536020000000000192302000000000040
:1065A0000000000000000000000000000C0002F9E4
:1065B000000000000200000000000000292302008B
:1065C0004536020000000000152302000000000014
:1065D0000000000000000000000000004C65040006
:1065E0000700626F6F6C65616E0000004C6504000F
:1065F0000900756E646566696E6564007C650400FB
:1066000000000000000000004C65040000000000D5
:106610004C650400080066756E6374696F6E000057
:106620004C6504000900756E646566696E656400FA
:106630004C6504000800496E66696E697479000053
:106640004C65040003004E614E0000004C650400E0
:1066500009002D496E66696E697479004C65040005
:1066600004006E756C6C00004C65040004007472CC
:10667000756500004C650400050066616C7365007B
:106680004C65040008005B4F626A6563745D00003E
:106690004C6504000A005B46756E6374696F6E5D3D
:1066A000000000004C65040006006E756D626572A6
:1066B000000000004C65040006006F626A656374A8
:1066C000000000004C6504000600737472696E6778
:1066D00000000000080004F90000000009000000AC
:1066E00000000000614102005941020069410200BE
:1066F0005D410200000000000000000000000000FA
:10670000000000000C0005F900000000040000007B
:1067100000000000F94E0200E94E0200E9400200CC
:106720002D410200000000000000000000000000F9
:1067300000000000140004F9000000000800000040
:1067400000000000254E0200314E0200FD40020014
:106750003D410200000000000000000000000000B9
:1067600000000000080004F900000000070000001D
:1067700000000000F54E0200F14E0200F54002005C
:10678000394102000000000000000000000000008D
:10679000000000000C0004F90000000006000000EA
:1067A00000000000194E0200214E0200E1400200EC
:1067B000294102000000000000000000000000006D
:1067C00000000000000000000000000081580200EE
:1067D0006D5902008958020045590200666F6F62C8
:1067E000617200000000000000000000456502002A
:1067F0004D650200516502003D670200190B030060
:10680000E96802006D6902007A76677074756F69D5
:1068100065617A76677074756F6965617A7667709D
:1068200074000000756E6B6E6F776E001B1B000EA0
:106830001100000015160F18130000001C0B1F2577
:106840001E0000000000000000000000D56B0200E8
:10685000510D0300CD6B02008D6B0200C96B02006D
:106860009D6F0200C16B0200BD6B020000000000C2
:1068700000000000456502004D6502005165020000
:10688000958D0200190B0300D96F020005700200FC
:1068900051220300552203002992020069220300BD
:1068A000318F0200018D020071220300C4FFFFFF3F
:1068B0000000000045650200953B030051650200A1
:1068C000D16F0200190B0300FD6F0200317002004E
:1068D000554249545F4C4F475F46535F565F3030D7
:1068E000320A0000EC68040008000000010000000B
:1068F000020000000200000002000000030000008F
:10690000020000000400000001000000050000007B
:106910000800000006000000010000000700000061
:10692000010000000800000001000000000000005D
:1069300000000000456502004D6502002577020059
:10694000D16F0200190B0300F971020011720200ED
:106950000000000000000000456502004D650200D7
:10696000597C0200D16F0200190B03005D7B02000D
:10697000757B02007C690400080000000100000033
:106980000C000000020000000500000003000000F1
:1069900002000000040000000100000005000000EB
:1069A00001000000060000000200000007000000D7
:1069B00003000000080000000100000000000000CB
:1069C00000000000456502004D65020051650200AF
:1069D000D16F0200190B0300857C0200B57C020018
:1069E000B97F0200F97F020025840200717C020059
:1069F0004D8402006D840200757C0200F8FFFFFFE9
:106A000000000000ED7C0200658402007D8402002D
:106A10007D7C0200F17F0200D180020045840200EB
:106A2000000000000000000085840200E1840200F4
:106A3000F9840200000000000000000059860200F6
:106A4000918402009D840200D5580300A9840200AD
:106A5000B1840200D9840200E9580300000000005C
:106A600000000000458B02000D8C0200498B0200E3
:106A70004D8B0200598B02006D8B0200298C0200A5
:106A80000000000000000000456502004D650200A6
:106A900051650200958D0200190B0300C18C0200A4
:106AA000DD8C0200512203005522030029920200CE
:106AB00069220300318F0200018D02007122030060
:106AC0000000000000000000DD9702004D9202006F
:106AD00051920200D55803005D920200DD58030078
:106AE00061920200E958030071920200C192020013
:106AF000FCFFFFFF00000000456502004D6502003D
:106B000051650200D16F0200190B0300B992020017
:106B1000D5920200676967676C65000030313032DA
:106B2000333039383830313930303834343030342B
:106B3000343030383838313032333030313630312B
:106B40003030333330303234303030303030303039
:106B50003030303030303030303030303030303035
:106B6000303030302C31313032333235373030380C
:106B700037343131343430303434303038383830E0
:106B800033353230303539303130303333303030E6
:106B900031303030303030303030303030303030F4
:106BA000303031303030303030303030302C3331E4
:106BB00030323332373239303231313035343430AB
:106BC000323838393038383830303931303036337F
:106BD00030303030303030303234303730303032A6
:106BE00030303030303030303030303033303030A2
:106BF0003030303030302C3331303233323732397C
:106C00003031303230353434303238383930383849
:106C10003830303931303036333030303030303059
:106C20003032343037303030323030303030303055
:106C30003030303030333030303030303030302C55
:106C40003331303233323732393031313430353418
:106C500034303238383930383838303039313030F3
:106C6000363330303030303030303234303730300E
:106C7000303230303030303030303030303033300F
:106C800030303030303030300000000068617070DB
:106C90007900000030313032333139393230363614
:106CA00039313134343030343430303838383032AF
:106CB00036323030323830303030313830303032B7
:106CC00030353030303030303030303030303030BF
:106CD0003031303030303030303030302C303032B5
:106CE000333232313239303239353038343430326F
:106CF0003430343038383830303030303030343070
:106D00003030323234303031313030303030303079
:106D10003030303030303030303030373530303067
:106D200030303030302C3030303030323132393059
:106D30003239353039343430323430343038383810
:106D4000303134353030303430303032323430302D
:106D50003131303030303030303030303030303031
:106D60003030303037353030303030303030000077
:106D700068656C6C6F000000333130323330363769
:106D800033303139373032343430313138373038CC
:106D900038383130323330313238303030303030D2
:106DA00030303234303030303030303030303030DD
:106DB00030303030303030303030303030303030D3
:106DC0002C333030303031303634303031363032B0
:106DD0003434303039383130383838303030303081
:106DE0003132383030303030313030303430303093
:106DF0003030303030303030303030303030303093
:106E00003030303030303030302C3331303233317C
:106E1000303634303239333032343430303938313E
:106E20003038383831303233303132383030303039
:106E3000303130303034303030303030303030304D
:106E40003030303030303030303030303030303042
:106E5000303000006D7973746572696F757300006E
:106E60003430303030323339303033333130303405
:106E700034303234303430383838303437373030DA
:106E800030343030303232343030313130343030F0
:106E900030303030303030303030303030303830EA
:106EA00030303030303030302C34303535313238CD
:106EB00034353338353030303434303034343030A9
:106EC000383838303030303031323830333031309B
:106ED00035303031363030303030303030303030A6
:106EE000303030303030383530303035303030318F
:106EF0003500000073616400333130323332323296
:106F0000363037303830313434303136323430384E
:106F1000383831303233303132383030303030314F
:106F2000303032343030303030303030303030305B
:106F30003030303030303030303030303030303051
:106F40002C3331303233313632333039333630321C
:106F500034343030393339303838383030303030FC
:106F6000313238303030303031303032343030300F
:106F70003030303030303030303030303030303011
:106F8000303030303030303030000000736C6964A5
:106F90006500000031303532303233323530323234
:106FA00033303234343032343034303838383130B1
:106FB00032333031323830313032303030303131BC
:106FC00030343030303030303030303030303030BD
:106FD0003031303030303030303030302C303130B3
:106FE000323332353230303931303032343430307F
:106FF0003434303038383831303233303132383060
:107000003130323234303031313034303030303071
:10701000303030303030303030303130303030306F
:107020003030303030000000736F6172696E67007D
:107030003231303233343030393533303930353421
:1070400034303539393930383838313032333030FE
:10705000323230323030303430303032303235301D
:10706000303030303030303030303030303230301E
:1070700030303030303030302C34303232333337FF
:1070800032373237333031343434303034343030D6
:1070900038383830303030303033313031303234CD
:1070A00034303030333030303030303030303030D9
:1070B00030303030303030303030303030303030D0
:1070C00030000000737072696E670000333036352F
:1070D0003930303337313136333132343430303582
:1070E0003837303838383038303730303334303063
:1070F000303030303030323430303030303030308A
:10710000303030303030303030353030303030307A
:10711000303030302C303130323330303337313161
:10712000363331333434303035383730383838311D
:107130003032333030333130303030303030303244
:10714000343030303030303030303030303030303B
:1071500030303530303030303030303030000000BA
:107160007477696E6B6C6500303130313830303097
:1071700037363732323039343430303735363038CC
:1071800038383038353530313238303030303030D2
:1071900030303234303030303030303030303030E9
:1071A00030303030303030303030303030303030DF
:1071B000000000007961776E00000000323030304E
:1071C0003032323831313333323032343430313599
:1071D0003030303838383130323330313238303185
:1071E000303234313030323430343030303330308B
:1071F000303030303030303030313030303030308E
:10720000303030302C303035333132353230303967
:107210003130303234343030343430303838383043
:10722000363336303132383031303232343030313A
:10723000313033303030303030303030303030304A
:10724000303031303030303030303030302C303041
:1072500038323230373834303139303038343430F5
:1072600030343430303838383036383130303136E8
:1072700030303030353530303234303030303030FE
:1072800030303030303030303030303035303030F9
:107290003030303030302C303034373930373834CB
:1072A00030313930303834343030343430303838AC
:1072B00038303239383030313630303030303030AC
:1072C00030323430303030303030303030303030B8
:1072D0003030303030353030303030303030302CAD
:1072E000303033323130373834303139303038346F
:1072F0003430303434303038383830313038303061
:107300003136303030303333303030383030303068
:107310003030303030303030303030303030353068
:1073200030303030303030300000000000000000DD
:1073300000000000D9A00200E1A00200E9A00200C4
:1073400001A1020009A1020011A1020019A102007D
:1073500029A1020039A1020045A1020055A10200A5
:107360005DA1020065A102006DA102007DA10200E5
:1073700085A102008DA10200A5A10200ADA102001D
:10738000B5A10200BDA10200C5A10200CDA102006D
:1073900005A2020009A202000DA2020041A2020001
:1073A0000000000000000000D9A00200E1A00200DF
:1073B000E9A002004DA5020009A1020011A20200ED
:1073C00019A1020029A1020039A1020045A1020071
:1073D00055A102005DA1020065A1020015A20200F4
:1073E00075A5020025A2020019A30200A5A10200B2
:1073F000ADA10200B5A10200BDA10200C5A102001D
:10740000CDA1020005A2020009A20200A5A202006D
:107410008DA302004DA20200CDA5020029A2020008
:107420002DA20200E8FFFFFF0000000045650200FA
:107430004D6502009DA20200D16F0200190B0300EE
:10744000DDA2020049A30200E0FFFFFF00000000F0
:1074500029A60200D158030039A20200D558030022
:1074600045A30200DD580300E5580300E958030076
:10747000987404000C000000C874040006000000AA
:10748000E074040004000000F07404000700000031
:107490000C750400070000000000803F6D56853F1A
:1074A0000000903F9A99993F0000A03F93A9AA3FFE
:1074B000A301B43F0000C03FCDCCCC3F6D56D53FBB
:1074C0006666E63F0000F03F0000803F0000903F0E
:1074D0000000A03FA301B43FCDCCCC3F6666E63FA1
:1074E0000000803F9A99993FA301B43F6D56D53F64
:1074F0000000803F0000903F0000A03F93A9AA3FFA
:107500000000C03F6D56D53F0000F03F0000803FB7
:107510000000903F9A99993F93A9AA3F0000C03F6D
:10752000CDCCCC3F6666E63F0000000000000000C6
:1075300009A9020055BD020055BD0200B1A8020014
:10754000B5A8020085BD020059AB0200B9AB02002C
:1075500035C0020059BD020089C002005DC10200B1
:1075600071BD0200AAFE0100FFFF14000500FFFF2D
:10757000FFFFFFFFFFFFFFFFFFFF00FFFFFF000018
:1075800000FFFFFFFFFFFFFFFF00FFFFFF00000006
:10759000FF0000000000FFFF00FFFFFF000000FFF2
:1075A00000000000000000000000FFFFFFFFFFFFE1
:1075B000FF00FFFFFF000000FF0000000000FFFFD2
:1075C000FFFFFFFFFFFFFFFFFFFF00FFFFFF0000C8
:1075D00000FF00000000FFFF00FF00FF00FF00FFB2
:1075E000FFFF00FF00FF00FF0000FFFF00000000A2
:1075F000D8ECF0F4F8FC0004302C302C3235352C6B
:10760000302C300A302C3235352C302C302C300ACE
:107610003235352C3235352C3235352C3235352C4A
:107620003235350A302C3235352C302C302C300A9E
:10763000302C302C3235352C302C300A0000000034
:10764000302C302C302C302C300A302C302C302C7C
:10765000302C3235350A302C302C302C3235352C4C
:10766000300A3235352C302C3235352C302C300A5E
:10767000302C3235352C302C302C300A00000000F4
:107680003235352C302C302C302C3235350A302C1C
:107690003235352C302C3235352C300A302C302C0C
:1076A0003235352C302C300A302C3235352C302CFC
:1076B0003235352C300A3235352C302C302C302CEC
:1076C0003235350A000000005265626F6F744D6FED
:1076D00064650000205B00005D0000002056320061
:1076E0000000000000000000456502004D6502003A
:1076F00069AD0200D9AE0200190B030039AD0200DA
:1077000081B00200424243206D6963726F3A626940
:1077100074000000E95D0000251D470AA062FA1907
:1077200022DFA9A8000000000000000055BD0200F3
:1077300055BD020055BD0200615A0400615A0400A3
:1077400085BD020055BD020055BD020035C00200D6
:1077500059BD020089C002005DC1020071BD020076
:10776000000000000000000055BD020055BD0200F1
:1077700055BD020051C2020055C2020085BD020083
:1077800031C6020039C6020035C0020059BD0200F0
:1077900089C002005DC1020071BD02002E636F6DE1
:1077A0002F0000002E6F72672F0000002E65647599
:1077B0002F0000002E6E65742F0000002E696E668B
:1077C0006F2F00002E62697A2F0000002E676F76FF
:1077D0002F0000002E636F6D000000002E6F726797
:1077E000000000002E656475000000002E6E6574B8
:1077F000000000002E696E666F0000002E62697A3C
:10780000000000002E676F7600000000687474703E
:107810003A2F2F7777772E0068747470733A2F2F72
:107820007777772E00000000687474703A2F2F006D
:1078300068747470733A2F2F00000000000000007D
:1078400000000000BDCA0200CDC8020055BD020004
:10785000C1C70200C5C7020085BD020055BD0200B8
:1078600055BD020035C0020059BD020089C00200AA
:107870005DC1020071BD0200C1CB020019C8020047
:107880006DC80200F8FFFFFF000000004565020020
:107890004D65020011CC0200D16F0200190B0300EC
:1078A00041C802009DC80200000000000000000066
:1078B000DDCC020055D1020055BD020019CC0200FA
:1078C0001DCC020085BD020055BD020055BD020061
:1078D00035C0020059BD020089C002005DC102002E
:1078E00071BD020091D1020029CC02007DCC0200C2
:1078F000F8FFFFFF00000000456502004D65020033
:10790000E9D10200D16F0200190B030051CC020033
:10791000ADCC0200000000000000000079D202009F
:1079200001D2020055BD0200F1D10200F5D10200E2
:1079300085BD020055BD020055BD020035C00200E4
:1079400059BD020089C002005DC1020071BD020084
:10795000000000000000000081D4020055BD0200BC
:1079600055BD020029D402002DD4020085BD0200BD
:10797000E1D8020041D9020035C0020059BD020021
:1079800089C002005DC1020071BD020001AA0000B1
:10799000666C617368496E636F6D706C65746500C9
:1079A000E97D0000251D470AA062FA1922DFA9A877
:1079B000000000000000000065DB020055BD020071
:1079C00055BD020049D902004DD9020085BD020013
:1079D00055BD020055BD020035C0020059BD020070
:1079E00089C002005DC1020071BD020000000000FC
:1079F0000000000081DF020055BD020055BD0200FD
:107A000029DF02002DDF020085BD0200B5E1020082
:107A100015E2020035C0020059BD020089C0020013
:107A20005DC1020071BD02006E400000B5A3F3937A
:107A3000E0A9E50E24DCCA9E000000000000000062
:107A400079E3020055BD020001E302001DE20200DD
:107A500021E2020085BD020055BD02002DE20200B8
:107A600035C0020059BD020089C002005DC102009C
:107A700071BD02000000000000000000B18E030094
:107A8000518F0300E18B0300E5950300F98B0300A0
:107A90004D8D0300658C0300758C0300A98C0300D9
:107AA000B58C030055A10200D1910300D5960300C7
:107AB000C58C0300A18D0300ED8F0300D58C03005E
:107AC000ED8C0300ADA10200B5A102008D9403006E
:107AD0003D940300358E0300C58B0300199003000D
:107AE00015E902005DE90200E8FFFFFF0000000069
:107AF000456502005D3F03005165020049400300F7
:107B0000190B030039E9020085E90200A1400300D6
:107B1000393F030001410300DCFFFFFF00000000CC
:107B2000553F0300FFFFFFFF0000000100020003BC
:107B3000000401000101010201030104020002012D
:107B4000020202030204030003010302030303040D
:107B50000400040104020403040400000000000007
:107B600000000000D56B020009EA0200CD6B0200A4
:107B70008D6B0200C96B02009D6F0200C16B020099
:107B80000DEB020061C6010005EA020051EB0200A4
:107B90000D1A0200711F0200FCFFFFFF0000000031
:107BA00091EF020075EB02007DEB0200D16F020045
:107BB000190B0300D51B0200A11D020000000000EC
:107BC00000000000456502004D650200516502009D
:107BD000D16F0200E5F4020099EF0200C5EF020048
:107BE0000000000000000000456502004D65020035
:107BF00051650200D16F0200190B030019F6020053
:107C00002DF60200AD1B0300751B03007D1B030056
:107C1000791B0300D1F50200F5F50200D51E030023
:107C20000000000000000000456502004D650200F4
:107C300051650200D16F0200190B0300CDF702005D
:107C4000E1F7020085F702000D200300A11F0300E9
:107C5000A9F70200A51F0300302C3235352C302C3B
:107C60003235352C300A302C3235352C302C32352B
:107C7000352C300A302C302C302C302C300A323558
:107C8000352C302C302C302C3235350A302C323516
:107C9000352C3235352C3235352C300A00000000B9
:107CA00054494C5420544F2046494C4C2053435285
:107CB00045454E2000000000636F6D706173734393
:107CC000616C0000000001000200030004000001DC
:107CD0000101020103010401000201020202030288
:107CE000040200030103020303030403000401046C
:107CF0000204030404040000D8ECF0F4F8FC0004CF
:107D00000000000000000000456502004D65020013
:107D1000E1040300ED070300190B0300A9040300AD
:107D2000C1040300000000000000000045650200DF
:107D30004D65020051650200D16F0200190B03006E
:107D4000A50A0300E10A0300000000000000000093
:107D5000456502004D65020051650200D16F0200C9
:107D6000190B03000000000000000000615A04002D
:107D70000000000000000000456502004D650200A3
:107D800051650200D16F0200190B030000000000D2
:107D900000000000AD1B0300751B03007D1B0300EA
:107DA000791B0300615A0400615A0400D51E0300C8
:107DB0000000000000000000456502004D65020063
:107DC00051650200D16F0200190B03000000000092
:107DD00000000000615A04000D200300A11F0300F1
:107DE000615A0400A51F030000000000000000000D
:107DF000456502004D65020051650200D16F020029
:107E0000190B030091220300B92203005122030041
:107E10005522030059220300692203006D2203004A
:107E20006D2203007122030000000000000000002A
:107E30005D2503002D2303003523030035230300B4
:107E40003D2303003D2303002523030045230300B6
:107E5000E52303006123030079240300A123030029
:107E60008123030000000000000000005D250300E6
:107E700000000000000000005D250300615A0400BE
:107E8000615A0400615A0400615A04001D2703006E
:107E9000615A0400615A0400C5250300F12B030058
:107EA0000000000000000000F8FFFFFF00000000DD
:107EB000456502004D65020045270300D16F0200B1
:107EC000190B03000000000000000000000000008B
:107ED0000000000019310300093103000000000018
:107EE0000000000045650200953B0300516502005B
:107EF000D16F0200190B0300313803007138030001
:107F00000000000000000000456502005D3F030026
:107F10005165020049400300190B0300F93E0300BC
:107F2000153F0300A1400300393F03000141030056
:107F3000F4FFFFFF00000000553F03004C7F0400EA
:107F4000040000006C7F0400090000000200000033
:107F50000000000004000000100000000800000005
:107F60002000000010000000300000006902000046
:107F700080000000E802000090000000C40900003A
:107F8000700000008813000060000000102700004F
:107F900050000000204E000040000000409C000007
:107FA00030000000A08601002000000040420F00C9
:107FB0001000000000000000000000004565020005
:107FC0004D6502000D460300ED460300190B03004A
:107FD000BD460300D1460300AD1B0300751B030023
:107FE0007D1B0300791B0300154603002547030092
:107FF000D51E0300FC7F04000400000010270000D1
:108000000C000000204E00000800000050C30000DB
:1080100004000000A0860100000000000000000035
:1080200000000000456502004D650200594803004C
:1080300001490300190B0300D1480300E548030080
:10804000614803000D200300A11F0300394903000C
:10805000A51F030000000000000000002D4A0300DF
:10806000D90A0300590D03003D4A03000000000037
:1080700000000000B54F0300394B0300A14A030084
:10808000414A0300D14C03005D4D0300F4FFFFFFA4
:1080900000000000456502004D65020051650200C8
:1080A000D16F0200190B0300554D0300714D030001
:1080B0000000000000000000456502004D65020060
:1080C00051650200D16F0200190B030081500300BB
:1080D0009550030025500300000000000000000040
:1080E000456502005D3F0300516502004940030001
:1080F000190B0300555403007D540300A1400300F5
:10810000DD55030021540300F4FFFFFF00000000D1
:10811000FD5503000000000000000000456502005E
:108120004D65020051650200D16F0200190B03007A
:1081300049580300B958030091560300055603003F
:10814000DD56030000000000000000006959030034
:10815000D1580300CD580300D5580300D958030067
:10816000DD580300E5580300E95803000000000053
:1081700000000000BD590300F55803000559030035
:108180001959030011590300DD5803004959030030
:1081900059590300055A0300FCFFFFFF00000000CF
:1081A000915A03000000000000000000ED58030099
:1081B0000000000000000000456502004D6502005F
:1081C00051650200D16F0200190B0300B15B03007F
:1081D000D15B0300F95B0300F8FFFFFF0000000024
:1081E000F55E0300000000000000000009640300C9
:1081F000E561030089610300A9610300C161030017
:10820000D1610300E1610300FCFFFFFF00000000FB
:1082100095630300D1580300A1630300D558030000
:10822000A1610300B9610300C9610300D9610300C2
:108230000000000000000000A16503005565030078
:1082400029660300D56603005D640300DD64030056
:1082500015650300FCFFFFFF0000000045650200FC
:108260004D65020051650200D16F0200190B030039
:108270000D6503004D6503000000000000000000D4
:10828000AD680300A964030039640300C1640300FE
:108290004564030051640300216703007566030011
:1082A000116403009D64030015640300FCFFFFFFDD
:1082B0000000000031640300000000000000000026
:1082C00000000000000000000000000000000100AD
:1082D000010001000100020002000200030003008F
:1082E0000300040004000500050006000600070066
:1082F000070008000800090009000A000B000B0035
:108300000C000D000D000E000F00100010001100F9
:1083100012001300140015001600160017001800B4
:1083200019001A001B001C001D001E002000210067
:1083300022002300240025002600280029002A000E
:108340002B002D002E002F003100320033003500AD
:108350003600380039003A003C003D003F00400044
:10836000420044004500470048004A004C004D00D0
:108370004F005100520054005600570059005B0056
:108380005D005F00600062006400660068006A00D3
:108390006C006E00700072007400760078007A0045
:1083A0007C007E00800082008400860088008A00B5
:1083B0008D008F0091009300950098009A009C001A
:1083C0009E00A100A300A500A700AA00AC00AF007A
:1083D000B100B300B600B800BB00BD00BF00C200D2
:1083E000C400C700C900CC00CE00D100D300D60025
:1083F000D800DB00DE00E000E300E500E800EB0071
:10840000ED00F000F300F500F800FB00FD000001B6
:108410000301060108010B010E01110113011601F0
:1084200019011C011F012101240127012A012D012D
:1084300030013301350138013B013E014101440166
:1084400047014A014D0150015301560159015C0198
:108450005F016201650168016B016E0171017401C8
:1084600077017A017D0180018301860189018C01F8
:108470008F019201950198019B019E01A101A40128
:10848000A801AB01AE01B101B401B701BA01BD0150
:10849000C001C401C701CA01CD01D001D301D60179
:1084A000D901DD01E001E301E601E901EC01EF01A1
:1084B000F201F601F901FC01FF01020205020802C6
:1084C0000C020F021202150218021B021E022102E8
:1084D000250228022B022E023102340237023A0210
:1084E0003E024102440247024A024D025002530238
:1084F00056025A025D0260026302660269026C0261
:108500006F027202750278027B027E02810284028F
:1085100087028A028D0290029302960299029C02BF
:108520009F02A202A502A802AB02AE02B102B402EF
:10853000B702BA02BD02C002C302C602C902CB0220
:10854000CE02D102D402D702DA02DD02DF02E20259
:10855000E502E802EB02ED02F002F302F602F80295
:10856000FB02FE0201030303060309030B030E03D0
:1085700011031303160319031B031E032003230314
:10858000260328032B032D0330033203350337035F
:108590003A033C033F0341034303460348034B03B1
:1085A0004D034F0352035403570359035B035D0309
:1085B000600362036403660369036B036D036F0367
:1085C00071037403760378037A037C037E038003CC
:1085D00082038403860388038A038C038E0390033B
:1085E00092039403960398039A039C039E039F03AC
:1085F000A103A303A503A703A803AA03AC03AD0328
:10860000AF03B103B203B403B603B703B903BA03AC
:10861000BC03BE03BF03C103C203C403C503C60337
:10862000C803C903CB03CC03CD03CF03D003D103CD
:10863000D303D403D503D603D803D903DA03DB036A
:10864000DC03DD03DE03E003E103E203E303E40311
:10865000E503E603E703E803E803E903EA03EB03C2
:10866000EC03ED03EE03EE03EF03F003F103F1037C
:10867000F203F303F303F403F503F503F603F60340
:10868000F703F703F803F803F903F903FA03FA030E
:10869000FB03FB03FB03FC03FC03FC03FD03FD03E3
:1086A000FD03FD03FE03FE03FE03FE03FE03FE03C4
:1086B000FE03FE03FE03FE03FF03FE0300000000B3
:1086C0000008080800080A4A4000000A5FEA5FEA5A
:1086D0000ED92ED36E19324489330C924C924D0828
:1086E0000800000004880808040804848488000A3C
:1086F000448A4000048EC480000000048800000EFC
:10870000C000000000080001224488100C92525260
:108710004C048C84848E1C824C901E1EC244924C4D
:1087200006CA525FE21FF01EC13E02448ED12E1FC8
:10873000E24488100ED12ED12E0ED12EC48800080E
:1087400000080000048004880244880482000EC0EF
:108750000EC008048244880ED126C0040ED135B361
:108760006C0C925ED2521C925C925C0ED010100E79
:108770001C9252525C1ED01C901E1ED01C90100EDB
:10878000D013712E12525ED2521C8808081C1FE2B0
:1087900042524C1254981492101010101E113B7536
:1087A000B131113935B3710C9252524C1C925C901C
:1087B000100C92524C861C925C92510ED00C825C32
:1087C0001FE4848484125252524C1131312A4411D4
:1087D0003135BB7112524C9252112A4484841EC40A
:1087E00088101E0EC808080E10080482410EC242EE
:1087F000424E048A400000000000001F0804800070
:1088000000000ED2524F10101C925C000ED0100EC1
:1088100002424ED24E0C925C900E06C81C88080E86
:10882000D24EC24C10101C92520800080808024098
:1088300002424C10149814920808080806001B7590
:10884000B131001C925252000C92524C001C925CAE
:1088500090000ED24EC2000ED010100006C8049830
:1088600008080EC807001252524F0011312A440066
:10887000113135BB00124C8C9200112A4498001E15
:10888000C4881E06C48C8486080808080818080CCA
:10889000881800000C836000FFFF0100000000004A
:1088A000FFFF0000FFFF0000B08804000800000088
:1088B00002000000010000000300000002000000B0
:1088C0000400000003000000050000000400000098
:1088D0001C000000050000001D0000000600000054
:1088E0001E000000070000001F000000080000003C
:1088F00000000000000000007976030065760300A8
:1089000071760300D55803003576030039760300ED
:1089100049760300A17C0300000000000000000075
:10892000456502004D65020051650200F57B0300BC
:10893000190B03008976030025770300FD7E0300F1
:10894000F8FFFFFF000000002D7F03000000000083
:1089500000000000E981030041810300352303008A
:10896000352303003D2303003D230300252303009B
:1089700045230300B18403006123030079850300CC
:10898000B181030081230300A1810300A5810300BD
:10899000B5820300000000000000000045650200F1
:1089A0004D65020051650200D16F0200190B0300F2
:1089B0004D860300C9860300618A03009186030087
:1089C000F8FFFFFF00000000E18A0300F4FFFFFF53
:1089D00000000000C186030000000000000000004D
:1089E000B18E0300518F0300E18B0300E595030076
:1089F000F98B03004D8D0300658C0300758C03001B
:108A0000A98C0300B58C030055A10200D19103008D
:108A1000D5960300C58C0300A18D0300ED8F0300E4
:108A2000D58C0300ED8C0300ADA10200B5A10200BE
:108A30008D9403003D940300358E0300C58B030025
:108A400019900300CDF5020079F702000200000042
:108A5000040000000600000000000000000000000C
:108A60005D2503007999030041970300E197030016
:108A7000359B0300AD9A0300ED9A0300F5970300C0
:108A8000F997030000000000000000005D250300CE
:108A9000519C0300659B0300759B0300199C030018
:108AA0001D270300ED9C0300499C0300C52503001E
:108AB000F12B0300459E0300ED9E0300819D030002
:108AC000F8FFFFFF00000000456502004D65020051
:108AD000452703003D9E0300190B0300E59E03009C
:108AE000019F030000000000000000004565020037
:108AF0004D65020051650200D16F0200190B0300A1
:108B0000C5A10300D9A103002DA3030055A30300B1
:108B1000DD56030000000000000000004565020073
:108B20004D650200516502006DA50300190B03009D
:108B300035A503004DA50300E57102007DA30300E8
:108B4000ADA30300E9A3030009A4030021A40300CB
:108B5000BDA503004DA403006DA403009DA4030064
:108B6000D1A403003DA6030005A60300F1A4030061
:108B700079A3030000300040030000000F00000054
:108B800000400040040000000F00000000300240E0
:108B9000230000000C000000002000400200000044
:108BA0001000000000F002402F0000000400000050
:108BB00000800240280000001000000001000600B4
:108BC00000000000583C0020B1AE03003C940400BB
:108BD000409404000400000001000600603F0020F3
:108BE000001002015894040068940400080000007A
:108BF00048940400589404000800000040940400C5
:108C00004894040008000000DC930400149404005D
:108C100008000000149404003C94040008000000C4
:108C200050EADA308883B89F604F15F30000C98E90
:108C30000000FFFFDEC0ADDEFE011EF1DEC0ADDED6
:108C4000FF011EF100100000040000000100000000
:108C50000D070400E9060400D906040031090400E8
:108C6000DD080400AD060400B1060400B5060400EA
:108C70000100FFFF000000000100000001000100F2
:108C80008C8C040001000100908C040001000000A5
:108C9000000000000000000000000000251C04008F
:108CA000451C0400611C04000000000000000000DE
:108CB0009D1C0400811C0400851C0400D558030081
:108CC000911C0400951C0400E5580300E9580300BA
:108CD00061636F730000000061636F7368000000E0
:108CE0006173696E000000006174616E68000000CD
:108CF000636F73680000000065787000666D6F64D4
:108D0000000000006C6F67006C6F6731300000007E
:108D100073696E68000000007371727400000000D7
:108D20006C6F673130660000706F7766000000007E
:108D30007371727466000000FB21F93FFB2109404A
:108D40007CD91240FB2119407A6A1F407CD922400D
:108D5000BBFD2540FB2129403A462C407A6A2F4032
:108D60005C4731407CD932409C6B3440BBFD354080
:108D7000DB8F3740FB2139401BB43A403A463C4038
:108D80005AD83D407A6A3F404C7E40405C47414063
:108D90006C1042407CD942408CA243409C6B4440C2
:108DA000AC344540BBFD4540CBC64640DB8F474019
:108DB000EB584840FB21494083F9A200444E6E0025
:108DC000FC291500D1572700DD34F50062DBC00017
:108DD0003C999500419043006351FE00BBDEAB001F
:108DE000B761C5003A6E2400D24D42004906E0004A
:108DF00009EA2E001C92D100EB1DFE0029B11C00D7
:108E0000E83EA700F535820044BB2E009CE98400B3
:108E1000B4267000417E5F00D6913900538339003B
:108E20009CF439008B5F840028F9BD00F81F3B00DB
:108E3000DEFF97000F980500112FEF000A5A8B00F4
:108E40006D1F6D00CF7E360009CB2700464FB7005F
:108E50009E663F002DEA5F00BA277500E5EBC7006C
:108E60003D7BF100F739070092528A00FB6BEA0064
:108E70001FB15F00085D8D00300356007BFC46008B
:108E8000F0AB6B0020BCCF0036F49A00E3A91D00C4
:108E90005E619100081BE60085996500A0145F00E3
:108EA0008D40680080D8FF0027734D000606310012
:108EB000CA561500C9A873007BE260006B8CC00025
:108EC000000FC93F000F494000CB9640000FC9403A
:108ED0000053FB4000CB164100ED2F41000F4941EC
:108EE0000031624100537B41003A8A4100CB9641F8
:108EF000005CA34100EDAF41007EBC41000FC941C1
:108F000000A0D5410031E24100C2EE410053FB41D7
:108F100000F20342003A0A420083104200CB16429C
:108F200000141D42005C234200A5294200ED2F429F
:108F300000363642007E3C4200C74242000F4942A2
:108F4000A2000000F9000000830000006E00000095
:108F50004E00000044000000150000002900000041
:108F6000FC0000002700000057000000D1000000B6
:108F7000F500000034000000DD000000C00000002B
:108F8000DB00000062000000950000009900000076
:108F90003C00000043000000900000004100000081
:108FA000FE0000005100000063000000AB00000064
:108FB000DE000000BB000000C500000061000000F2
:108FC000B7000000240000006E0000003A0000001E
:108FD000420000004D000000D2000000E000000050
:108FE00006000000490000002E000000EA0000001A
:108FF00009000000D1000000920000001C000000E9
:10900000FE0000001D000000EB0000001C0000003E
:10901000B100000029000000A70000003E00000091
:10902000E80000008200000035000000F5000000AC
:109030002E000000BB00000044000000840000007F
:10904000E90000009C000000700000002600000005
:10905000B40000005F0000007E000000410000003E
:109060003900000091000000D60000003900000027
:10907000830000005300000039000000F4000000ED
:109080009C000000840000005F0000008B000000D6
:10909000BD000000F9000000280000003B000000B7
:1090A0001F000000F800000097000000FF00000013
:1090B000DE00000005000000980000000F00000026
:1090C000EF0000002F000000110000008B000000E6
:1090D0005A0000000A0000006D0000001F000000A0
:1090E0006D000000360000007E000000CF00000090
:1090F00027000000CB00000009000000B7000000BE
:109100004F000000460000003F0000006600000025
:109110009E0000005F000000EA0000002D0000003B
:109120007500000027000000BA000000C700000022
:10913000EB000000E5000000F10000007B000000F3
:109140003D0000000700000039000000F7000000AB
:109150008A0000005200000092000000EA000000B7
:109160006B000000FB0000005F000000B100000089
:109170001F0000008D0000005D00000008000000DE
:109180005600000003000000300000004600000010
:10919000FC0000007B0000006B000000AB00000042
:1091A000F0000000CF000000BC0000002000000024
:1091B0009A000000F4000000360000001D000000CE
:1091C000A9000000E3000000910000006100000021
:1091D0005E000000E60000001B0000000800000028
:1091E0006500000099000000850000005F0000009D
:1091F00014000000A0000000680000004000000013
:109200008D000000FF000000D8000000800000007A
:109210004D00000073000000270000003100000036
:1092200006000000060000001500000056000000C7
:10923000CA00000073000000A8000000C900000080
:1092400060000000E20000007B000000C0000000A1
:109250008C0000006B000000020000000300000012
:1092600004000000060000000000C93F0000F039C3
:109270000000DA370000A2330000842E0000502BDB
:109280000000C2270000D0220000C41F0000C61B3F
:10929000000044170400000007000000090000005F
:1092A0003863ED3EDA0F493F5E987B3FDA0FC93FE6
:1092B0006937AC3168212233B40F14336821A233EB
:1092C0000000004B000000CB402100204300504F25
:1092D000534958002E00002020202020202020204C
:1092E0002828282828202020202020202020202056
:1092F0002020202020202088101010101010101086
:1093000010101010101010040404040404040404C9
:109310000410101010101010414141414141010151
:10932000010101010101010101010101010101012D
:10933000010110101010101042424242424202023B
:1093400002020202020202020202020202020202FD
:1093500002021010101020000000000000000000A9
:1093600000000000000000000000000000000000FD
:1093700000000000000000000000000000000000ED
:1093800000000000000000000000000000000000DD
:1093900000000000000000000000000000000000CD
:1093A00000000000000000000000000000000000BD
:1093B00000000000000000000000000000000000AD
:1093C000000000000000000000000000000000009D
:0C93D00000000000000000000000000091
:1093DC00C1BF030000000000E1C50300703900208C
:1093EC00C1BD03000000000029D1030000000000F3
:1093FC0071C10200000000005DEB0300C83F0020BB
:08940C00A1B202000000000003
:109414007158020000000000358B020000000000BB
:1094240039010300000000008D0804000000000062
:0894340099ED030000000000A7
:04943C000DB9020064
:0894400099080400000000007F
:10944800E9E9030000000000EDEA03000000000065
:109458003DB9020000000000C5060400000000003D
:08946800C476FD7F0100000045
:1094700000000000406504004465040048650400E5
:10948000A10D0C0080740400887404009074040022
:1094900070740400787404002468040004770400E5
:1094A000060000000C7804001878040028780400F6
:1094B000307804009C770400A4770400AC770400A3
:1094C000B4770400BC770400C4770400CC770400B0
:1094D000D4770400DC770400E4770400EC77040020
:1094E000F4770400FC770400047804007D00000099
:1094F0000138FDD1704700BF3961030039610300B5
:109500003D610300456103004961030051610300AF
:109510005961030061610300656103006961030033
:10952000696103009D6303006D61030071610300C5
:1095300075610300756103008161030085610300AB
:10954000BC860400FFFFFFFF504300200090D003C3
:109550000010014011000400FFFFFFFFFFFFFFFFAD
:10956000FFFFFFFFFFFFFFFF795A040040210020AB
:1095700000000000000000000000000000000000EB
:1095800000000000000000000000000000000000DB
:1095900000000000000000000000000000000000CB
:1095A00000000000000000000000000000000000BB
:1095B00000000000000000000000000000000000AB
:1095C000000000000000000000000000000000009B
:1095D0004300000000000000000000000000000048
:1095E000000000000000000000000000000000007B
:1095F0004300000000000000000000000000000028
:10960000000000000000000000000000000000005A
:109610004300000000000000000000000000000007
:10962000000000000000000000000000000000003A
:1096300043000000000000000000000000000000E7
:10964000000000000000000000000000000000001A
:1096500043000000000000000000000000000000C7
:1096600000000000000000000000000000000000FA
:1096700043000000000000000000000000000000A7
:1096800000000000000000000000000000000000DA
:109690004300000000000000000000000000000087
:1096A00000000000000000000000000000000000BA
:1096B000B55D0400915D040000000000D692040036
:1096C000D4920400D5920400D5920400D5920400EF
:1096D000D5920400D5920400D5920400D5920400DE
:1096E000D5920400D5920400FFFFFFFFFFFFFFFFAC
:1096F000FFFFFFFFFFFF0000010041534349490006
:109700000000000000000000000000000000000059
:1097100000000000000000000000415343494900E0
:109720000000000000000000000000000000000039
:10973000000000000000000000000000F0B50F0D68
:1097400011F0FF01012414FA01F114461D460346ED
:109750001BE099600822064208BF5FF00302013A4D
:10976000FDD1D9600422064208BF5FF006027608E8
:1097700005D000BF00BF00BF013AFDD1E9E7023AC2
:10978000013AFDD10134013D05DD80262078784382
:10979000000AD960DDE7D960F0BD00FA0004FFFFE0
:1097A000030118181818181818180100110B0200D6
:1097B000DD19020041410200959E02006D0903007F
:1097C000316A030041710300FD740300B1A8030076
:1097D000ED0A02000000000000000000E9FB0300A9
:1097E0000000000000000000000000000000000079
:020000040007F3
:1070000000000220F97207002173070023730700B4
:10701000257307002773070029730700000000008D
:107020000000000000000000000000001DB5070087
:107030002D730700000000002F7307003173070055
:10704000337307003373070033730700337307008C
:10705000337307003373070033730700337307007C
:10706000337307003373070033730700337307006C
:10707000337307003373070033730700337307005C
:10708000998E0700337307003373070033730700CB
:1070900033730700337307001DB70700337307000E
:1070A000337307003373070033730700337307002C
:1070B0003373070033730700000000000000000076
:1070C000337307003373070033730700337307000C
:1070D0001D8B0700337307003373070033730700FA
:1070E00033730700000000000000000000000000F3
:1070F0000000000033730700000000003373070036
:10710000000000000000000000000000000000007F
:10711000000000000000000000000000000000006F
:10712000000000000000000000000000000000005F
:10713000000000000000000000000000000000004F
:10714000000000000000000000000000000000003F
:10715000000000000000000000000000000000002F
:10716000000000000000000000000000000000001F
:10717000000000000000000000000000000000000F
:1071800000000000000000000000000000000000FF
:1071900000000000000000000000000000000000EF
:1071A00000000000000000000000000000000000DF
:1071B00000000000000000000000000000000000CF
:1071C00000000000000000000000000000000000BF
:1071D00000000000000000000000000000000000AF
:1071E000000000000000000000000000000000009F
:1071F000000000000000000000000000000000008F
:107200000348044B834202D0034B03B11847704735
:10721000A02B0020A02B00200000000005480649FC
:107220000B1AD90F01EBA301491002D0034B03B194
:1072300018477047A02B0020A02B00200000000062
:1072400010B5064C237843B9FFF7DAFF044B13B1AE
:107250000448AFF300800123237010BDB42B00203D
:1072600000000000B0D2070008B5044B1BB1044970
:107270000448AFF30080BDE80840CFE700000000FD
:10728000B82B0020B0D20700A3F5803A704700BFAA
:10729000154B002B08BF114B9D46FFF7F5FF002152
:1072A0008B460F461148124A121A05F00FFC0C4B80
:1072B000002B00D098470B4B002B00D098470020A4
:1072C000002104000D000B4805F0DEFA05F010FB6C
:1072D0002000290001F020F905F0DCFA0000080088
:1072E000000000000000000000000220B42B00207D
:1072F0004C520020BDC807000649074A074B9B1A9D
:1073000003DD043BC858D050FBDC00F023F8FFF746
:10731000BFFF000020D30700E82A0020B42B002084
:10732000FEE7FEE7FEE7FEE7FEE7FEE7FEE7FEE735
:10733000FEE7FEE7054B1B680D2B01BF044B1868E9
:10734000B0FA80F0400918BF0020704730010010EB
:107350003401001008B5FFF7EDFF40B14FF0804356
:107360000022C3F80C21C3F81021C3F83825FFF719
:10737000E1FF002846D04FF080524D4BD2F8041464
:10738000C3F82015D2F80814C3F82415D2F80C1449
:10739000C3F82815D2F81014C3F82C15D2F8141419
:1073A000C3F83015D2F81814C3F83415D2F81C14E9
:1073B000C3F84015D2F82014C3F84415D2F82414A9
:1073C000C3F84815D2F82814C3F84C15D2F82C1479
:1073D000C3F85015D2F83014C3F85415D2F8341449
:1073E000C3F86015D2F83814C3F86415D2F83C1409
:1073F000C3F86815D2F84014C3F86C15D2F84424C9
:10740000C3F87025FFF796FF48B14FF08043D3F8DB
:107410000024D20744BF6FF00102C3F80024254ABC
:10742000D2F8883043F47003C2F88830BFF34F8F2E
:10743000BFF36F8F4FF01023D3F80022002A03DB35
:10744000D3F80432002B2FDA1B4B0122C3F804259A
:10745000D3F80024002AFBD04FF010221221C2F8EA
:107460000012D3F80024002AFBD04FF01023122280
:10747000C3F80422104B1A46D3F800140029FBD09D
:107480000021C3F80415D2F80034002BFBD0BFF361
:107490004F8F0849094BCA6802F4E0621343CB607E
:1074A000BFF34F8F00BFFDE7054B064A1A6008BDCA
:1074B00000C0004000ED00E000E001400400FA05DB
:1074C000E82A00200090D0034B1C30B5DB000446B6
:1074D00012F003009BB20DD1074D2A601A44074BEE
:1074E0001A60074B1870074B1870074B1C80074B2E
:1074F000198030BD0720FCE7D82B0020D42B0020BA
:10750000D02B0020E02B0020DC2B0020DE2B0020E5
:107510002DE9F3472B4F3B888B4206460D4690469C
:107520004BD300240DF107008DF8074000F086F8DA
:10753000254B26481A78264B008893F800C08445CE
:107540005FFA8CF138BF4C1CD2B238BFE4B2A24211
:107550002DD01C781A78D1B2904286BF0131C9B2C1
:10756000002119709DF8070000F08CF84FF6FF73AA
:107570009C4224D0DFF86090D9F800204FEAC40A7A
:1075800042F8348002EBC403A6B19DB1114B388898
:107590001B682A4604FB0030314605F0FDF9D9F896
:1075A0000030534400209D8002B0BDE8F0874FF6C4
:1075B000FF74D7E700209880F6E70920F4E704205D
:1075C000F2E700BFDC2B0020E02B0020DE2B0020A8
:1075D000D02B0020D42B0020D82B0020F8B5114C44
:1075E000114D264622782B789A4200D1F8BD0F48DB
:1075F0000F4A2378126807880E4802EBC30100681F
:1076000052F83320898803FB070090470A49227803
:107610000988D3B2914286BF0133DBB200233370B5
:10762000E0E700BFE02B0020D02B0020DC2B002067
:10763000D82B0020D42B0020DE2B002070B5EFF3D8
:10764000108672B60C4A946801239CB993600B4B68
:107650000B4DD3F8801029401160C3F88050D3F847
:10766000841051604FF0FF32C3F88420047006B9D3
:1076700062B670BD0370FAE7C04E002000E100E082
:10768000FC06FFBD10B5084B9A685AB150B9EFF32C
:10769000108172B6054A1C6814605C68546098607A
:1076A00001B962B610BD00BFC04E002000E100E08D
:1076B00030B53AB11368DB430A4D0144814204D12D
:1076C000D84330BD4FF0FF33F6E710F8012B53409D
:1076D000082213F0010418BF2C46013A84EA530330
:1076E000F7D1EBE72083B8ED10B561B1B2FBF3F44D
:1076F00003FB1424A4B244B9C0E90014846082815D
:10770000C381204610BD0E20FCE70920FAE782B0B5
:1077100050E8022FC188B2EB324F4FF0000317BF81
:1077200092B241EA014142EA014104E04268B2EB0F
:10773000324F08BF012340E80212002AE8D18DF839
:1077400007309DF80730002B0CBF1120002002B03D
:10775000704737B550E8013F9DB2C48925448489FC
:10776000A54228BF2D1B0489A54202BFBFF32F8F5E
:10777000002207E0C5EA030540E80154002CE9D1E6
:107780004FF001028DF803200193019B9DF8032027
:107790000B6002F0FF0322B10B880068184403B0AD
:1077A00030BD1846FBE70A884B889A4209D150E859
:1077B000012FC2EA024240E80123002BF7D1012049
:1077C00070470020704737B550E8023F1FFAA3F515
:1077D000C488A54202BFBFF32F8F00220DE0C489E9
:1077E00025448489A54228BF2D1BC3EA054540E8EE
:1077F0000254002CE8D14FF001028DF803200193D0
:10780000019B9DF803200B6002F0FF0322B14B881F
:107810000068184403B030BD1846FBE70A884B885F
:107820009A4209D150E8022FC2EA224240E80223DC
:10783000002BF7D1012070470020704710B5034698
:1078400053E8000F40EA010243E8002494F0000FDF
:10785000F6D110BD10B5034653E8002F02EA01002F
:1078600043E8000494F0000FF6D110BD0121FFF7AA
:10787000E5BF0021FFF7EEBF10B590B1D0E90123BD
:1078800001689B1ADBB20A60013BDBB2FF2B026886
:1078900002D10020107110BD11684C1C14600B70D7
:1078A000F2E70E20F7E737B5044600250DF1070093
:1078B0008DF80750FFF7C2FE2268616813688B429B
:1078C00010D9591E116013F8015C228AE36802FB8B
:1078D00005352268A36811685B1A1179DBB29942F9
:1078E00038BF13719DF80700FFF7CCFE284603B0A0
:1078F00030BD37B5054600230DF107000C468DF865
:107900000730FFF79BFE2A681368591C1160E9686D
:10791000641A298AB4FBF1F41C709DF80700FFF784
:10792000B1FE03B030BD01600B681146184710B4BA
:107930000468E468A4465DF8044B604710B404682A
:107940002469A4465DF8044B6047000070B550B947
:107950000E4D0F4C0026641B1423B4FBF3F4B44209
:1079600008D1002010E00368002BF1D0BDE8704082
:10797000DB6918472B6813B901361435EFE7DB696B
:10798000284698470028F7D070BD00BFA02B0020E4
:10799000B42B0020014B436000207047B4CD07009A
:1079A0000846704700207047024B1868003818BF1F
:1079B00001207047E42B002008B50248FFF759FF6B
:1079C000002008BDE42B002008B510461A4604F03C
:1079D000E3FF002008BD00002DE9F043814687B099
:1079E00014480E4615469846FFF740FF0446F0B986
:1079F0000746BD4215D10F48FFF73BFFD9F80830C5
:107A00005BB102228DF800200022CDE90126CDE9EC
:107A10000325CDF8148068469847204607B0BDE896
:107A2000F08306EB073000F07DFB0137E1E711241E
:107A3000F3E700BFE42B00202DE9F041804686B03B
:107A400011480F4616461D46FFF710FF0446C8B9F9
:107A5000AA083146384600F093FB0B48FFF709FFB0
:107A6000D8F8083053B101228DF800200C9A059205
:107A7000CDE90147CDE9036568469847204606B041
:107A8000BDE8F0811124F9E7E42B002029DF7047DD
:107A900028DF704770B50668B36886B004460D46A7
:107AA00073B114220021684605F010F8A36805930D
:107AB0002379019533B1012B0ED0B36868469847FE
:107AC00006B070BD01238DF8003023690293E3688E
:107AD000039363690493F0E702238DF80030E368B1
:107AE0001B030293F5E7084670470020704700002B
:107AF000024B187A003818BF01207047D42D00209F
:107B0000034B187A0122B0FA80F05A74400970478A
:107B1000D42D002008B510461A4604F03DFF002081
:107B200008BD000008B514220021044804F0CEFF6F
:107B30000348FFF7ECFD002008BD00BFD42D002056
:107B4000C42D002010B5094C094B43602046FFF7B7
:107B50008DFE48B903F0C8FD064920741C23064871
:107B60004FF4EE72FFF7C0FD002010BDD42D0020B1
:107B7000E0CD0700E82B0020C42D002070B5234C79
:107B8000234E237A25463BB922492348FFF71BFEA3
:107B9000306008B9606070BD022334682B722379AD
:107BA00073B1012B22D020460321FFF773FF00237E
:107BB0002B726B60BDE8704016491748FFF72EBE68
:107BC000D4E90523D21A142AD4E9031028BF1422B9
:107BD0009208012A38BF012219441844FFF756FFC2
:107BE00050B11128DFD101232B72D4E7D4E903036C
:107BF0001844FFF74DFFF3E72B7C002BCBD1014658
:107C0000BDE87040022000F009B800BFD42D00206C
:107C1000EC2D0020E82D0020C42D002038B5831E57
:107C2000012B43D8224C237A002B3FD0022B09D1C1
:107C300003282ED01F4B00221B68E2601A793AB14C
:107C4000012A20D0637C6BBBBDE83840FFF796BFAC
:107C5000D3E905128D1A142D94BF521914329A616A
:107C60009142EFD102284FF0000308BF194623725A
:107C7000104B18BF0D211868FFF70CFF0E490F4875
:107C8000FFF7CCFDDEE71A6901321A615B699A429F
:107C9000E7E7E3680133082B01D8E360D2E700236C
:107CA000E360DFE7BDE8384003F00EBD38BD00BF3C
:107CB000D42D0020EC2D0020E82D0020C42D002024
:107CC00000F0FD03012B08D1044B00225A74421E20
:107CD000504250411874FFF751BF7047D42D002017
:107CE00010B5064C201DFFF7C1FD28B9637C1BB9F8
:107CF000BDE81040FFF742BF10BD00BFD42D0020EB
:107D00002DE9F34180460D460F4801A916461F464E
:107D1000FFF71FFD0446A8B11C22002104F0D6FE87
:107D20002D0B0123237101A90748C4F80080A76027
:107D3000E5606661FFF737FDFFF7D2FF002002B074
:107D4000BDE8F0810420FAE7C42D00202DE9F743B7
:107D500081468846104801A917461E46FFF7F9FCE0
:107D60000446B0B11C22002104F0B0FE00250A9B9D
:107D7000A36001A9C4E9037807482571C4F80090FD
:107D80006661FFF710FDFFF7ABFF284603B0BDE8C3
:107D9000F0830420FAE700BFC42D002001600B68C7
:107DA00043604A68934204BF0023436070474368BE
:107DB00043B1026891680B4443605268934204BF28
:107DC00000234360704700002DE9F04FC9B008AAB6
:107DD00001F1400514464B780E781B0443EA066314
:107DE000CE7833438E78043143EA06238D4244F83B
:107DF000043BF0D11024916B16464FEAF14383EA1D
:107E0000714383EA9123716A366852F8045F314402
:107E10000B444FEAB54181EAF51181EAD5010134FD
:107E20000B44402CD363E6D1D0E914E30093836D77
:107E30000193C36D0293036E0393436E0493836EA9
:107E40000593C36E0693DDE9057BDDE9031CDDE9DF
:107E500001592B4B009E079374464FF00008079B77
:107E600053F8042B07934FEAF12383EAB11383EA13
:107E7000716A08AB53F828301A440AEB020327EA68
:107E8000010A01EA0C028AEA02021A444FEA743A31
:107E900086EA05035A448AEAB40A06EA050B234037
:107EA00083EA0B038AEAB45A08F101089A44B8F14C
:107EB000400F02EB0903BB465244A94619D1724454
:107EC0000265009A22444265019A32448265029A10
:107ED0002A44C265039A1A44049B02660B44436613
:107EE000059B63448366069B3B44C36649B0BDE87B
:107EF000F08F674635468C46264619461446AEE74F
:107F00000CCE070030B5E0B10F4A1049002400251F
:107F1000C0E91245C0E914120D4C0E4A0E4DC0E9DD
:107F200016420E4AC0E918520D4A826602F1745296
:107F3000A2F523020023A2F692420364C266184609
:107F400030BD0E20FCE700BF85AE67BB67E6096A5F
:107F500072F36E3C3AF54FA57F520E518C68059B2B
:107F6000ABD9831F70B5F0B1DAB900201CE00C4624
:107F70008D180026AC42F8D0036C14F8012BC254C3
:107F80000133402B0364F5D10146FFF71DFFD0E913
:107F9000123213F5007342F10002C0E91232066496
:107FA000E8E70029E3D10E2070BD70B50D461646F6
:107FB0000446002875D0002973D0026C8021372A2E
:107FC000815402F101034FF0000240D8382B39D11F
:107FD000D4E91201226C0823E3FB020103BAE36334
:107FE0000B0A84F83A300B0C84F839300B0EC4E9D4
:107FF000120184F83B1084F8383021462046FFF700
:10800000E3FE691E76B30023E26EDA4001F8012F29
:10801000A26EDA400A71626EDA400A72226EDA40AB
:108020000A73E26DDA400A74A26DDA400A75626D75
:10803000DA400A76226DDA400833202B0A77E3D142
:10804000002070BDE2540133C0E7E25401333F2BFE
:10805000FBD921462046FFF7B7FE3822002104F065
:1080600035FDB5E71823226DDA4001F8012F626D66
:10807000DA400A71A26DDA400A72E26DDA400A73E0
:10808000226EDA400A74626EDA400A75A26EDA4035
:108090000A76E26EDA40083B13F1080F0A77E2D164
:1080A000CEE70E20CDE743689B68184708B54368C4
:1080B00008305A7900F083F9002008BD2DE9F0411D
:1080C0000C469CB008461F460392FFF7ECFFD4F81D
:1080D0000480039998F80550BD4228BF3D460646E6
:1080E0002A4604A800F060F998F8052022990CA807
:1080F00000F065F900960CAB2A4604A904F10800CB
:1081000004F044FA002848F2425018BF00201CB086
:10811000BDE8F081024AD2F80034002BFBD0704752
:1081200000E001400A4908B50223C1F80435BFF355
:108130006F8FBFF34F8FC1F80805FFF7EBFF0023E8
:10814000C1F80435BFF36F8FBFF34F8F08BD00BF79
:1081500000E0014010B5094C0123C4F80435BFF319
:108160006F8FBFF34F8F0160FFF7D4FF0023C4F878
:108170000435BFF36F8FBFF34F8F10BD00E0014098
:108180000E4B10B50124C3F80445BFF36F8FBFF346
:108190004F8F01EB8204401AA14208D1074B002205
:1081A000C3F80425BFF36F8FBFF34F8F10BD431883
:1081B00051F8042B1A60FFF7ADFFEDE700E0014036
:1081C00028B139B10023C1E900301846704748F2A0
:1081D0001050704748F21350704738B1006848F2A9
:1081E0004053884214BF18460020704748F2105090
:1081F000704730B148F21153914214BF1846002025
:10820000704748F21050704770B506460C461D4640
:10821000FFF7D6FF50B9B3794AB1AB420AD1114644
:108220002046FFF743FF08B9044B236070BD48F2B6
:108230001050FBE748F21150F8E700BF7052464D6E
:108240002DE9F0470C4606460F492046DDE908892E
:1082500015461F46FFF7C1FFA0B963685A79494622
:1082600052004046FFF7C5FF60B94DB1CDF8208000
:108270003B462A4621463046BDE8F047FFF71EBF81
:1082800048F21050BDE8F0877052464D10B50446D4
:1082900038B149B141600B68984708B9044B236075
:1082A00010BD48F20150FBE748F21050F8E700BF5C
:1082B0006E524648F0B4134648B10768094EB742BB
:1082C0000AD161B12AB14368F0BC5B68184748F233
:1082D00001531846F0BC704748F20253F9E748F2E0
:1082E0001053F6E76E524648F0B460B107680C4E82
:1082F000B7420CD171B143681568DC68A5420CD354
:10830000F0BC9B68184748F20150F0BC704748F237
:108310000250FAE748F21350F7E748F21450F4E736
:108320006E524648F7B50446DDE9086715460193E5
:10833000FFF7ACFF68B9019A29462046FFF7BAFF5C
:1083400038B93A463146204603B0BDE8F040FFF761
:10835000CBBF03B0F0BD0000F8B50A4F0A4C0B4D7F
:10836000E41B0121E40829700026A64203D1022360
:108370002B700020F8BD57F8363098470028F9D107
:108380000136F2E7B4D20700B4D20700F02D002086
:1083900001390144814200D2704703780A7800F81D
:1083A000012B01F80139F5E7013A02440139824213
:1083B00000D2704711F8013F02F80139F7E770B5B4
:1083C00016460D46FFF7F0FF3246A9193044BDE8C6
:1083D0007040FFF7E9BF38B50D460446FFF7D8FFF8
:1083E00029466019BDE83840FFF7D2BFBFF34F8F71
:1083F0000549064BCA6802F4E0621343CB60BFF341
:108400004F8F00BFFDE700BF00ED00E00400FA055C
:10841000044A136801331360034B1B780BB100F05F
:10842000FFB87047FC2D0020F82D002010B5094C36
:1084300000F018F923785BB9074A137000F0B8F818
:10844000012323700549BDE81040A32000F0D6BBEE
:1084500010BD00BFF82D0020F12D00201184070071
:1084600008B5084B00221A7000F030F90649A32025
:1084700000F0C4FB054B1A68054B1A60054B01223E
:108480001A7008BDF82D002011840700FC2D002073
:10849000F42D0020F12D0020013870B5082823D8D4
:1084A000DFE800F00A0C23220522050E0C0011481B
:1084B000BDE87040FFF7BABF0F48F9E70F48F7E78C
:1084C00002F07AF80E4B1B787BB10E4E0E4D3468DD
:1084D0002B68E41A3B2C94BF0021012100F040F9E5
:1084E0003B2C01D933682B6070BDBDE87040FFF7AD
:1084F000B7BF00BF5DCF070058CF070062CF0700AE
:10850000F12D0020FC2D0020F42D002008B5FFF7F0
:108510006DFF08B5FFF76AFF08B500F089FC024857
:1085200000F0A6F9FFF762FF99840700F0B51B4B36
:108530001B4819781B4B1C4D5F5C0422012447FA31
:1085400002F6F60710F8013B1BD51F2B86BF03F080
:108550001F032E464FF0A04604FA03F3C6F80C356D
:10856000013AECD2114B5B5C1F2B86BF0E4903F026
:108570001F034FF0A041012202FA03F3C1F80835AE
:10858000F0BD1F2B86BF03F01F032E464FF0A04601
:1085900004FA03F3C6F80835E2E700BF052E002011
:1085A00067CF0700002E0020000300506CCF0700AB
:1085B00030B41748174D0022032410F8013B1F2B3D
:1085C00086BF03F01F0329464FF0A04103F5E07377
:1085D0000132052A41F82340EFD10F480D4D00220A
:1085E000032410F8013B1F2B86BF03F01F0329460D
:1085F0004FF0A04103F5E0730132052A41F8234012
:10860000EFD1064B00221A7030BCFFF78FBF00BFBE
:1086100067CF0700000300506CCF0700052E002035
:1086200010B40D4A0D4913780120C95C03441F2979
:10863000DBB28ABF0A4C4FF0A04401F01F01042BAB
:1086400000FA01F188BF0023C4F80C1513705DF81F
:10865000044BFFF76BBF00BF052E00206CCF070057
:108660000003005001460522014804F095B900BFFF
:10867000002E00201F2886BF054A00F01F004FF083
:10868000A042012303FA00F0C2F80805704700BFBA
:10869000000300500B4B185C1F288ABF0A4B4FF099
:1086A000A04300F01F01D3F8042598BF0146CA403B
:1086B000D20704D501228A40C3F80C257047FFF782
:1086C000D9BF00BF71CF070000030050F8B5204AA2
:1086D000204D214E002313602846032410F8012B5F
:1086E0001F2A86BF02F01F0231464FF0A04102F55B
:1086F000E0720133052B41F82240EFD1174C164FA1
:1087000020460022032610F8013B1F2B86BF03F0F2
:108710001F0339464FF0A04103F5E0730132052AEB
:1087200041F82360EFD1002115F8010BFFF7A2FFFC
:1087300001310529F8D1002114F8010BFFF79AFF48
:1087400001310529F8D1BDE8F8400020FFF7A2BFAC
:10875000082E002071CF07000003005076CF0700DD
:10876000F0B5164A164F1668DFF858C03446002593
:108770004FF0010E00EB8000642390FBF3F0A04269
:108780000BDCB042B8BF304605B11060A1B104287F
:1087900012DCBDE8F040FFF77DBFE35D1F2B8ABF11
:1087A00065464FF0A04503F01F030EFA03F3C5F82A
:1087B0000C3501340125E2E7F0BD00BF082E002092
:1087C00071CF070000030050007800F001007047EF
:1087D00041DF7047014B01221A7070472C32002094
:1087E000BFF34F8F0549064BCA6802F4E06213439A
:1087F000CB60BFF34F8F00BFFDE700BF00ED00E08F
:108800000400FA05024B034800221A7001F0F2BF7F
:108810002C320020E1870700042810B5044609D84F
:10882000022811D816D00D4B1B68B3B12046BDE805
:1088300010401847831F012BF5D8094B0948002227
:108840001A7001F0D7FFEEE707494FF4701000F0FF
:10885000A7F9E8E701F014FFE5E710BD303200208A
:108860002C320020E18707000588070000207047B0
:1088700038B5504B1860002001F0D2FF04460028A4
:1088800040F0928000F07EFA012800F088800228F3
:1088900000F08C80002840F087804FF08043D3F8B0
:1088A000004414F4803435D04FF48032C3F80024EF
:1088B0000446414D2B6A012B3FD04FF4701400F059
:1088C000F7FA3E4A20211820FEF7FEFD08B1FFF717
:1088D00020FE3B4B1A6802F0F802B02A06D11A6853
:1088E000D20742BF1A6802F04E021A60FFF7BEFFBD
:1088F000002859D12046334900F052F9324800F09F
:10890000E9FF002850D100F0F9FAFEF767FEFFF703
:108910005FFFF8E7D3F8202502F0F802A82A0AD171
:10892000D3F82025D10706D5D3F8202502F056022A
:10893000C3F82025BDE70124BBE743F204031A680E
:10894000224B9A4209D002F023F8AA69014694B159
:108950001F4802F07AFB90B9AFE76A6B1CB995F833
:108960006032012BEFD01B484FF4805102F06DFBB9
:108970000028E8D1A1E795F8A132012BE8D1104BEE
:108980001B6813F0B10F98D101F0AEFF60B9124B24
:108990001870124801F02EFF00F024F804E00E4B8E
:1089A0000F481C7001F026FF032038BD4FF4A024AF
:1089B00085E700BF30320020CC4E00200C2E002076
:1089C0001C0500400588070019880700DBE5B15148
:1089D0006D5100202C5100202C320020D58707003B
:1089E000E187070008B5074B4FF0FF32C3F880203E
:1089F000C3F8802101F060FCBDE808404FF48050CE
:108A000000F002B800E100E000B5EFF305830023B9
:108A1000D0E9001283F3148883F3108883F311885C
:108A200083F3138881F308884FF0FF339E46104785
:108A30005DF804FB00F1402000F50030002382B017
:108A4000036003680193019B02B0704738B56FF073
:108A50007F42134C057BD4F804358A4228BF0A466E
:108A6000891A13444A1E942A23F07F4305F5A872FD
:108A70009BBF963B96314160416044F82230094BE0
:108A80004FF4F86043F00103984705F1500080006F
:108A9000FFF7D0FF4FF48033AB40C4F8043338BD48
:108AA0000040024080CF070008B517490A7852BB42
:108AB0004FF080434FF48070D3F81834DB035EBF6F
:108AC000124B01221A60FFF7B5FF4FF4A070FFF7B9
:108AD000B1FF4FF4A270FFF7ADFF4FF4A470FFF7A2
:108AE000A9FF0B4B0B48A02283F8242310225A60C5
:108AF000094A0023C2F808350123036002201360ED
:108B0000C2F804030B7008BD383200200800004092
:108B100000E100E008400240004002402DE9F04141
:108B2000194B1B683BB1194A13684FF4827001332B
:108B30001360FFF77FFF164C164DDFF86080164E6E
:108B40004FF480372B68A5F5804080B25BB1FFF70A
:108B500071FF237B07FA03F3C8F80833616849B152
:108B60002046FFF773FF0435B54204F11004E9D144
:108B7000BDE8F081A16811B12046FFF767FF2368C7
:108B8000002BF0D09847EEE7044102403432002039
:108B9000EC2A0020404102404C410240004002408B
:108BA00070B50B4B1D682A7B4FF480339340094A04
:108BB0000E46C2F80833044640B1FFF775FF2E6039
:108BC00021462846BDE87040FFF740BF70BD00BF9A
:108BD0001C2B00200040024070B5074B1D680E465C
:108BE000A8600446FFF760FF2E6021462846BDE8D6
:108BF0007040FFF72BBF00BF242B002070B50E4B39
:108C00001C68237B4FF480329A400C4B0E46D3F8FD
:108C100004130A42054602D0A16881420BD0C3F872
:108C20000823A560FFF740FF266029462046BDE8DF
:108C30007040FFF70BBF70BD202B002000400240AA
:108C4000014B01221A7070473932002038B50F4BA2
:108C5000DA6A5D6A9C6CAC2A10D15B6B1C44ED1A1D
:108C60000B482A46214603F067FE68B100F046F93A
:108C700029462046BDE8384001F000BB002CEFD16A
:108C800001F09CFE0446EBE738BD00BFCC4E00204F
:108C9000007007002DE9F74F06468846A8EB060549
:108CA0002D0B02F6FF77144600F002F9802D28BF45
:108CB00080252B03DFF868B001933F0B0CB92346E6
:108CC00029E0BD422CBFBA46AA464FF000025146E9
:108CD000304634BFDDF80490A14601F0B7FA0346F0
:108CE000C8B909F1030222F003024146304601F0FF
:108CF0009FFA034678B9DBF830304B44CBF830307C
:108D000001F07EFDA7EB0A07A4EB09044E44C8441A
:108D100003460028D2D0184603B0BDE8F08F00BF4C
:108D2000CC4E002010B501F059FE154A42F2040362
:108D3000916CCC5803F1A34303F5471303F2D753C7
:108D40009C4218D1D2E90C32934216D0884204D109
:108D5000BDE81040002001F053BDD21A02F6FF72A8
:108D600022F47F6222F00F0219441844FFF792FFA9
:108D70000028EDD010BD0320FCE70020FAE700BF7B
:108D8000CC4E002070B5264CE36AAA2B37D005D80C
:108D9000012B0BD0A52B2ED0002070BDAC2BFBD10E
:108DA000FFF7C0FF48BBFFF751FF26E0A66C656ADE
:108DB00001F0EEFD864229D101F0EAFD00222946AC
:108DC000FEF776FCA36A984202BF0123C4E90703B9
:108DD000A5610025134801F0CFFD134B1348002275
:108DE0001A7001F00DFD68B975B1236A012B14BF2B
:108DF00001200220D1E7FFF795FF0125EAE7FFF701
:108E000025FFE6E70320C8E70120C6E7236BEA1A3F
:108E1000F1181844FFF73EFF0028DAD1CCE700BF75
:108E2000CC4E0020F04E002039320020418C07004B
:108E300008B540F6F8700368013302D10749FFF71F
:108E400089F940F6FC700368013305D1BDE808409C
:108E50004FF4FC21FFF77EB908BD00BF007007008A
:108E60000A4AD2F800347BB109480023D2F8081529
:108E7000D940C90748BF03F5C07103F1010348BFDA
:108E800042F82100072BF1D1704700BF00000140DC
:108E90003546526EFFF7E4BF044B002282B01A60E1
:108EA0001B680193019B02B0704700BF00010140A5
:108EB00038B50E4C2278BAB90D4BD3F800248AB1DC
:108EC000D3F80455FFF7CCFF40F61650A842B8BFC0
:108ED00028460849A0F54860FFF77EFE064B4FF490
:108EE00080321A600123237038BD00BF3A3200205F
:108EF00000000140958E070000E100E0034BD3F82D
:108F000000340BB1FFF7ACBF704700BF0000014059
:108F10000023C0E90232C0E900118B881A440261C3
:108F2000B1F906301A4442610888003818BF0120A0
:108F3000704710B5426811880346002939D002F104
:108F400010014160148A2CB9C2680168FFF7E0FF84
:108F5000204610BD9078118900F03004302C1BD1D0
:108F6000947C04F03004302C1DD190881969091AC2
:108F700019610021907810F0300F02BF986801301D
:108F80009860908A0844196901441961B2F9162061
:108F9000114459610120DCE700F0F004202C02D1DB
:108FA00050894143E6E700F0C000802808BF042153
:108FB000E0E70846CDE770B5466804460D466368AD
:108FC0001A88AA4204D19B7803F00F03082B07D11B
:108FD0002046FFF7AEFF6368B342F0D1002070BDBA
:108FE0000120FCE743681A44426011B101399A42FA
:108FF00001D10120704713F8010B01F8010FF6E7CA
:109000002DE9F34183680446884623B9002630469B
:1090100002B0BDE8F081036801220DF10701984715
:1090200006460028F2D0A3689DF80750013BA360D4
:109030009DF90730002B1ADA05F07F050727A36892
:10904000002BE3D0236801220DF107012046984749
:109050000028DBD0A3689DF80720013BA36002F045
:109060007F03BB401D43130607F1070702D4C8F86E
:109070000050CCE7232FE2D1C8E770B54268927860
:1090800002F00F01082986B003461FD103691C684E
:1090900000260CB906B070BD236826739D6862680F
:1090A00029466846FFF734FF6368049304F10C0314
:1090B0000593AB7803F0C003802B08BF231D6846DF
:1090C00008BF0493FFF7D9FFA468E2E712F0C001DC
:1090D00020D102F0300010280ED15A6911705A6860
:1090E00018699378D46803F00F03072B09D1014660
:1090F000204600F017F8CDE79006F0D55B6919809F
:10910000C8E71289214614B103F046FCC2E703F018
:10911000DDFCBFE78029BDD1006900219206016016
:10912000B8D5EBE77FB50A4601466846FFF7F0FE83
:1091300030B16846FFF7A1FF6846FFF7FAFEF7E790
:1091400007B05DF804FB000030B5044685B0154655
:10915000A9B90268114B9A4211D0102D06D82A469F
:1091600069462046FFF7F0FF05B030BD1022694682
:109170002046FFF7E9FF0028F6D0103DEDE7A36891
:10918000AB4201D20020EFE723682A4620469847E9
:109190000028F7D0A268521BA260E5E7E58F070020
:1091A000F7B50E4601A907461546FFF729FFA8B1F6
:1091B000019A0123D3184FF0000404D2B17801F0D2
:1091C000C001802901D1204608E031899942FAD3B3
:1091D00029463846FFF7B8FF019BEC5403B0F0BDB9
:1091E00073B50D4601A906461446FFF709FF98B16D
:1091F000019AB2F5803F11D2AB7803F0C003802B07
:1092000002F102010AD02B898B4207D32146304656
:1092100021F8022BFFF798FF02B070BD0020FBE79A
:1092200010B5034C82600022C0E90041C26010BD4D
:10923000E58F07002DE9F341002604460F46B046AE
:109240003546A3682BB3236801220DF107012046A0
:109250009847F0B1A3689DF807C0013B0CF07F026E
:10926000C5F12001A360A5F1200302FA03F322FA5D
:1092700001F10B43AA401CF0800F46EA020643EAC4
:10928000080805F1070502D1C7E9006802E0462D8C
:10929000D7D1002002B0BDE8F08173B50C46694615
:1092A0001646FFF7C7FF68B12389082B0CD1DDE90B
:1092B0000045C6E90045DDE90023AB4206BFA242F6
:1092C0000120002002B070BD042B04D1009B33604C
:1092D0001C460025EFE7022B4FF0000004D1009B55
:1092E00033809CB20546E6E7012BEBD1009B33703F
:1092F00003F0FF04F6E737B50D4669461446FFF75D
:1093000099FF30B12A89082ADDE9003103D1C4E987
:10931000003103B030BD042A18464FEAE37108D18A
:1093200023601A460B468B4206BF82420120002072
:10933000EFE7022A04D11BB223801AB2D317F2E757
:10934000012A03D15BB223705AB2F7E70020E0E7AD
:10935000F7B51F4600233B700D460B70136001A943
:1093600004461646FFF74CFE30B9A36813B9012333
:109370003B70002003B0F0BD019C002CF7D0E30847
:1093800004F0070433602C70F4E713B50446052994
:109390001FD8DFE801F0030F151E1E1C012201A9D2
:1093A0002046FFF7D1FE18B19DF90430002BF5DB04
:1093B00002B010BD082200212046FFF7C5FEF7E7E6
:1093C00001A9FFF71DFE0028F2D0019AF3E704225D
:1093D000F1E70020ECE773B50D4601A90446FFF75D
:1093E0000FFE064618B90026304602B070BD94E85C
:1093F0000F0085E80F0001998A42F4D3A960A368A1
:109400005B1AA360F0E700002DE9F0435768BB78D2
:1094100013F0C00489B006468C46154603D0402C94
:109420006AD000240CE003F00F025F4903F0300320
:10943000202B51F8228026D006D8CBB1102B1CD07F
:10944000204609B0BDE8F083302BF9D16B6939882B
:109450001980072A0AD16B6828691A89214603F006
:1094600035FB6B682969D868FFF75CFE2A6940E024
:109470002A693946C0470446E2E76B6901221A703F
:109480002A696968F6E7BCF1020FD5F8149024D177
:10949000042A22D804A9FFF79EFF04460028C0D062
:1094A000069B2BB16968B9F800304A899A4205D801
:1094B000059B7360069B002BC2D0B2E708892A691E
:1094C00003FB002204A8C04728B1B9F800300133DB
:1094D000A9F80030E4E70446EAE7B9F800307A89F1
:1094E0009A429ED92A693989581CA9F8000003FBC1
:1094F000012269683046BDE7D2F81080474657F828
:10950000043B13B9FFF741FFB5E7022914D104A9C1
:10951000FFF761FF002884D0D8F8003069683A4628
:1095200004A89847044600283FF47BAF069B002B15
:10953000F2D1059B736083E7012925D005292BD043
:1095400000297FF46EAF0C460DF1040901340B2C99
:109550003FF467AF012249463046FFF7F5FD00288A
:109560003FF45FAF19F9013B002BEFDB0F4B049386
:1095700001ABCDE9053400230793D8F800306968C2
:109580003A4604A8984776E7082201A9FFF7DCFDD0
:1095900008240028EAD144E704220DEB0201FFF77A
:1095A000D3FD0424F5E700BF88CF0700E58F07004F
:1095B0002DE9F04F91B00446002604A8CDE90266DB
:1095C000FFF7A6FCA3683BBBDDE9053404A89D7842
:1095D000FFF7AFFC0028F7D115F0300F03D1059B42
:1095E0001B8803B10134002C00F0A980630900221C
:1095F00002A9934240F09C8010AA02EB830304F07E
:109600001F0453F8383CC4F120044FF0FF30E04011
:10961000C31A584258410DE00DF1030301AA0DF1A0
:1096200002012046FFF794FE38B99DF80330002B65
:10963000CAD1002011B0BDE8F08F019904A8FFF74E
:10964000BAFC002850D1019BB3427DD3059D059AF9
:10965000937803F00F03082B7FD004A8FFF769FC71
:10966000059B9D42F3D14FF0FF36019FB7426BD36C
:10967000089B9DF802A0D4F808801D684FF00109EE
:10968000A368002D5DD098459CD12B68D3F800B01D
:10969000BBF1000F08D053463A4629462046D8472A
:1096A0000028C6D0AD68EBE7D3F808B0BBF80030AF
:1096B0009F42F7D16A6859460AA8FFF729FC6B68F0
:1096C0000E9305F10C030F939BF8023003F0C003D7
:1096D000802B04BF2B1D0E930AAA85F80C905146CF
:1096E0002046FFF791FEDBE7059B9B7813F0300FD8
:1096F0000FD1069A3F2A0CD8510910AB03EB810118
:1097000002F01F020123934051F8382C134341F813
:10971000383CE5682DB19DF80220019904AB204644
:10972000A8479DF8021004AA2046FFF76DFE10E03E
:1097300051F8225001357FF47DAF013259E7012005
:1097400078E798457FF43EAF9DF802102046FFF77A
:109750001CFE00287FF436AF6BE7168885E737B527
:109760000C460546114620460192FFF7DBFC019AA4
:109770002146284603B0BDE83040FFF719BF70B559
:1097800086B0CE6801920C4602A90546FFF723FE7B
:1097900068B1E06858B1A378019A03F03003202B38
:1097A000314602A805D1FFF7DAFF039B6B6006B0D4
:1097B00070BDFFF7FDFEF8E7D3B50C466946FFF72D
:1097C00039FD80B1DDE9001300274A0801F00106E8
:1097D00042EAC37256EA07014FEA53031CBFD24361
:1097E000DB43C4E9002302B0D0BD37B50D4669465E
:1097F0001446FFF7E1FF68B12B89082B0CD1DDE996
:109800000001C4E90001DDE900238B4206BF82426A
:109810000120002003B030BD042B03D1009820604C
:10982000C117F0E7022B04D1BDF90000208000B27F
:10983000F6E7012B04D19DF90000207040B2EFE75C
:109840000020E7E713B504220C460DEB0201FFF7F9
:109850007BFC08B1019B236002B010BD1146FFF7ED
:10986000F1BF13B508220C466946FFF76DFC18B12D
:10987000DDE90023C4E9002302B010BD1146FFF763
:10988000F0BF10B513681F2B144607D9002208300B
:10989000FEF78BFB08B92023236010BD48F214505B
:1098A000FBE70830FEF75EBB0830FEF72BBB00007D
:1098B000831F012B10B5044602D8002001F044F8A4
:1098C000034B1B681BB12046BDE81040184710BD74
:1098D0003C32002008B5074B18600020FFF7E8FF76
:1098E000054801F019F820B9BDE80840024800F029
:1098F0007BBE08BD3C320020B19807006EDF704788
:109900006FDF704772DF704773DF704774DF704737
:1099100075DF704776DF70477ADF70477CDF70470E
:109920007DDF70477FDF704786DF70478FDF7047CE
:1099300090DF7047A8DF7047AADF7047ADDF704740
:10994000AEDF7047AFDF7047B0DF7047B1DF704701
:10995000B5DF704762DF704766DF704713DF70471F
:109960007FB50023CDF80B308DF80F300A4BADF8E2
:1099700006109B89ADF8083001238DF80A300DF1EF
:109980000603CDE90430054B02A91888FFF7D8FF7C
:1099900007B05DF804FB00BF8E4200202A2B002098
:1099A00001460148FDF7A5BFBCD2070070B51822DB
:1099B0008CB00DEB0200002103F088F801238DF834
:1099C00018308DF82D30324B1B7828220892002B4E
:1099D0005CD0304B02AA03F110061546186859688E
:1099E000144603C40833B3422246F7D12A4C10224E
:1099F0002946204602F0A0FF002847D002238DF818
:109A00002C30012104F110036846CDE90034FFF742
:109A100075FF0122002101A8FFF772FF04231F4CEC
:109A200002941622A37003230926ADF80420E370E4
:109A300000225923CDE903220592012502226371F8
:109A400001A9FE23A019ADF80C6022706570227187
:109A5000A371FFF765FFB8B9BDF8043026725A1933
:109A6000E271BDF80C200E4C134402A906AA204650
:109A7000ADF80C30FFF746FF30B92078FFF746FF0E
:109A800020782946FFF740FF0CB070BD0623C6E7DB
:109A90000C43002080D10700D0420020A2420020C9
:109AA000282B00202DE9F0410388232B8AB004469F
:109AB00036D80F2B05D8012B00F0EB800AB0BDE89B
:109AC000F081103B132BF9D801A252F823F000BF0C
:109AD000519B07006D9B0700BD9A07003D9C070046
:109AE0008F9D0700BD9A0700BD9A0700BD9A070029
:109AF000BD9A0700BD9A0700E99D0700BD9A0700BF
:109B0000BD9A0700BD9A0700BD9A0700BD9A0700DD
:109B1000BD9A07006F9C0700BD9A07002D9C0700A7
:109B2000503B9AB2062AC9D8062BC7D801A252F8D0
:109B300023F000BF959B07009F9C0700E99D07004D
:109B4000BD9A0700BD9A0700ED9B07007F9C0700A8
:109B5000984B82881A80984A12681C460AB10120E4
:109B6000904796492088FFF7D3FEA7E7914B4FF621
:109B7000FF721A80924B1B685A0704D4FFF716FF36
:109B800008B1FEF7C6FC8C4B1B68002B96D0022058
:109B9000984793E78B4EE288B3889A428ED18A48E1
:109BA000FDF781FE0546002888D0228A04F11201C3
:109BB00002F0F2FE1822002104A802F087FF082319
:109BC0008DF81030814B0693814B0596CDE9073512
:109BD00004A8238AADF8243000F0FCFC00283FF4F0
:109BE0006DAF79482946FDF784FE67E7E188F629DD
:109BF0001AD8CB1E9B070DD0CB1F9BB2013B5A42FC
:109C000002F0030203F0030301F1FF3158BF534296
:109C1000C91A89B2674B1888FFF79AFE00283FF4EB
:109C20004DAFFEF776FC49E7F721F3E7002204A9E0
:109C30008088CDE90422FFF77BFEEFE700235D4C2F
:109C4000ADF812300223ADF81030208802AB04AA20
:109C500042F605210593FFF771FE08B1FEF759FCA6
:109C6000002320881A468521FFF75CFED6E70023F3
:109C700004A98088ADF81030FFF758FECEE7A3792D
:109C8000002B7FF41BAF4B4B13211888FFF742FECC
:109C9000C4E7484B00211888FFF75EFEBEE7A379B2
:109CA000002B3FF40BAF022B7FF408AF454920890E
:109CB0008A8990420E467FF401AFA27B012A7FF48D
:109CC000FDAE00220120CDE904228DF81600208A85
:109CD000384DADF81800608AADF81A0004F1140090
:109CE0000790ADF80A20098A28888DF8103001AF56
:109CF00002AAADF808300397FFF720FEA84660B926
:109D00003846FEF761FD40B940F2FD132888ADF8F2
:109D1000143004A9FFF718FED0E6002304A9B8F810
:109D20000000ADF81430FFF70FFE014600287FF465
:109D3000C5AE182204A802F0C9FE237D234A8DF87F
:109D40001030022B0596069218D0062B10D0012B4E
:109D500010D1204B1A88204B1A80637DD4F816202E
:109D60000893012B099205D11C4800F0EDFD01E09C
:109D7000637D089304A800F02DFC9FE6A27D637D1F
:109D800043EA0223134A1380134A1380F2E7144B69
:109D90001A7862B11349028ACB8D9A4201F104020A
:109DA00005D11C31A0880023FFF7BEFD36E7002156
:109DB000F8E700BF2A2B0020C8420020A6D10700E8
:109DC000C44200208E420020BCD20700BD9E070086
:109DD000A19907000E43002010430020B4D20700D1
:109DE0000C430020CC420020174B1B7833B3174B99
:109DF00017491C88082201232046FFF7A7FD0028E9
:109E00007FF40FAF0246014602232046FFF79EFD76
:109E100000287FF406AF0F4B4FF6FF7219882046DB
:109E2000FFF790FD43F2020398423FF447AE082843
:109E30003FF444AE11287FF4F1AE3FE6A0881A4605
:109E40001946FFF783FDE9E60C4300202A2B00208A
:109E5000044300208E42002038B5134A1368D90706
:109E600001D4002038BD11498842FAD01049088831
:109E70004FF6FF71884211D043F0040313211360A1
:109E8000FFF748FD0028EDD10A4DC82445F0010533
:109E90004FF47A40A847013CFAD1E2E7064B187824
:109EA000BDE83840FFF732BDC4420020B4D20700FD
:109EB0002A2B0020A0D10700282B002010B5044633
:109EC00086B000210D2202A8019102F0FFFD237847
:109ED000082B0BD1364A374913880988013B9BB2BE
:109EE0001380D9B1D3B9032311802370627823780A
:109EF0008DF805306021012A8DF804108DF80620B8
:109F00000ED00B2A12D100F0AFF98DF80700002017
:109F100000F0A4F9042101A8FFF722FD06B010BD4E
:109F2000062B05D0082B29D0032B27D00321F2E7DD
:109F3000E1688DF80710D4E90123080A8DF80800BC
:109F4000080C090E8DF80A10110A8DF80B208DF8F7
:109F50000C10110C120E8DF80E201A0A8DF80F300D
:109F60008DF810201A0C1B0E8DF80D108DF80900BD
:109F70008DF811208DF812300F21CCE7D4E90123A0
:109F8000110A8DF807208DF80810110C120E8DF8AB
:109F90000A201A0A8DF80B308DF80C201A0C1B0EB3
:109FA0008DF809108DF80D208DF80E300B21B2E7D9
:109FB000104300200E4300202DE9F0414D4B94B09A
:109FC00005464FF6FF721A8001204FF659632A4664
:109FD00002A98DF80A00ADF80830FFF7ABFC044683
:109FE000002840F08380444B04AA03F11007164672
:109FF00018685968144603C40833BB422246F7D197
:10A00000A91C3046FFF7A6FC044600286ED11C228E
:10A0100001460DA802F05AFD04F0F8029DF8343014
:10A02000ADF8044042F003028DF80620F42243F01C
:10A030000403CDE90A44ADF82C20304A8DF83430C1
:10A040000223ADF80C3092F80080AB788DF80E301A
:10A0500001AE212303AFCDE908768DF805300C94CD
:10A06000B8F1000F04D1012262F307138DF8053017
:10A070002B4608AA33F8040B0DA9FFF75DFC044634
:10A08000A0BB01461C220DA802F020FD9DF8343033
:10A09000ADF8044023F0180343F0180304F0E8027D
:10A0A00042F013028DF83430AB788DF80E30012178
:10A0B00021238DF806201722CDE90A44CDE9087640
:10A0C000ADF80C108DF805300C94ADF82C20B8F1DB
:10A0D000000F03D161F307138DF805302B4608AA52
:10A0E00033F80C0B0DA9FFF727FC0446204614B0EB
:10A0F000BDE8F0812A2B002090D107000C430020FE
:10A1000073B5354D2B6813F0010403D000242046AD
:10A1100002B070BD314E30603148FDF7ADFB0194A7
:10A1200000F0BDF804460028F1D12E48FFF716FCD8
:10A1300004460028EBD101F059FA04460028E6D184
:10A1400001A801F021FB04460028E0D101A901206B
:10A1500001F024FB04460028D9D101A801F082FBBC
:10A1600004460028D3D100F093FB1F4B002830D0C9
:10A170001E4A126A012A2CD11D481A7000F07CFB7D
:10A1800011231C488DF8043002F0FAFC194982B200
:10A1900001A8FFF7C3FB04460028B8D11648FFF713
:10A1A000BBFB04460028B2D11448FFF705FF044664
:10A1B0000028ACD1FFF7FAFB04460028A7D12B6892
:10A1C00043F001032B603368002B9FD00920984790
:10A1D0009DE700221A70D3E7C4420020C842002045
:10A1E000BCD20700007007000C430020CC4E0020BA
:10A1F000CC42002078D10700A6D107008E42002073
:10A2000043690BB1C06818477047000010B4054996
:10A21000054C0022904218BF214604485DF8044BCB
:10A22000FDF781BBC0CD0700ECCD0700A02B0020BF
:10A2300007B5009313460A4601460348FDF777FB2E
:10A2400003B05DF804FB00BFA02B002013460A46B4
:10A2500001460148FDF772BBA02B0020014B18708E
:10A260000B20704712430020024B002218781A700E
:10A27000704700BF1243002018DF704730B585B02B
:10A28000054610220C466846002102F01FFCA40877
:10A29000684601950294FFF7EFFF05B030BD1FB58A
:10A2A0000023CDE901330393684602230093FFF7AF
:10A2B000E3FF05B05DF804FB4FF000534FF480520C
:10A2C0001A60002070470000014B06201B681847E9
:10A2D0001C4300200A2803D90B38C0B2FFF7BEBFC9
:10A2E0007047000010B5044686B00020FDF72EFB35
:10A2F000014630B1164A18212046FDF709F906B08B
:10A3000010BD1822684602F0E1FB0423114A8DF8C3
:10A310000030114B116D1B68994211D10F4B186819
:10A3200000F0F4FF8DF80100FFF7D4FFD4E901132A
:10A330008DF8010068469847094800F061FADEE7A9
:10A3400001238DF801306846D4E901139847D6E718
:10A35000E5A20700CC4E0020144300201843002043
:10A36000C9A20700F0B5044687B01822002168464C
:10A3700002F0ACFB22788DF8002001238DF801302B
:10A38000531E0B2B00F20C81DFE813F01100330099
:10A39000110011000A0111000A0111000A010A014D
:10A3A0000A010C007F4B1B680720984721E0062A12
:10A3B0007D4901D0012A01D122690A700A78012A57
:10A3C00004D0022A51D000230B7094E0072B10D840
:10A3D000DFE803F0040F452F0F420F1C714B0320E1
:10A3E0001B689847606900F06BFDFFF773FF8DF8FD
:10A3F0000100D4E90113684698479DF80130012B0C
:10A4000000F0C380674B05201B68BDE0A18A20696E
:10A4100000F06EFDFFF75EFF644B8DF80100DA6B14
:10A420001B6C0293E3680192002BE2D020699847ED
:10A43000DFE75F495F4800F0A7FDFFF74BFF01280A
:10A440008DF80100D5D1002000F0DAF90028D0D035
:10A450000A238DF80130CCE74FF400730393534B7C
:10A46000DA6B1B6C01920293C3E7072BC1D801A2E0
:10A4700052F823F095A40700F3A3070059A507009D
:10A4800065A50700F3A307008FA50700F3A3070046
:10A49000FBA4070000F04CFD08B90823D9E7626966
:10A4A0000AB90323D5E7C2F30B0333B13F4B40494D
:10A4B0005B6D096813448B42F3D1B2F5805F01D91B
:10A4C0000423C6E7394B3A49586D096815188D427F
:10A4D000E3D85A64DA6C9A6418651863354B61697D
:10A4E0001B6801F6FF710022090B1844FFF7AEFE4E
:10A4F00000283FF47EAF0523ABE700F019FD0028EC
:10A50000CBD02A4DA18AD5E914329B1A6A6C0B4430
:10A510009342C6D8274B2F6B1B68206905F1480270
:10A520001F44FDF7C5F8E368A28A2169064638464C
:10A53000FFF77EFE08B1E36878E7A28A2B6B13442D
:10A540002B63A38A2A6DAE641344CDE901362B65D3
:10A55000144B08201B6828E7144B9A6C1B6D029261
:10A56000019346E7114BD3E91402596C821A8A42CF
:10A5700093D19A6C5865002120465964DA64FFF73C
:10A58000B1FE084B1B680420984707B0F0BD074B8D
:10A590009A6C1B6D01934FF480530292039328E74A
:10A5A000022356E71C4300202C2B0020CC4E002019
:10A5B0001443002018430020044B054A186D6423FF
:10A5C00043431068B3FBF0F0704700BFCC4E00204F
:10A5D0001443002083681BB1024A1821FCF798BF7E
:10A5E0000720704765A3070038B50546C0B10120B4
:10A5F000FFF70CFE044648B900F054FC00F098FC4C
:10A6000030B9084B00201D60FFF728FE204638BDFA
:10A610000549064800F0B8FC0128F2D00324F5E70C
:10A620000724F3E71C4300201443002018430020B4
:10A630002DE9F04115464FF46072064688461F46E4
:10A6400002F07AF928B915B90020BDE8F081A847D1
:10A65000FAE7002201213046FFF7F8FD70B94FF408
:10A6600060724146384602F097F92B464FF460720B
:10A6700039463046FFF7DCFD0028E5D00320E4E74B
:10A680002DE9F0413D4C236801335CD00022582174
:10A69000201DFDF70DF8D4F80080A8EB0002D2F1E0
:10A6A000000848EB0208364D364E2F683B680133F0
:10A6B0005ED000225821381DFCF7FAFF3B68834228
:10A6C00044D17C68012C0AD00022C32107F5187000
:10A6D000FCF7EEFFD7F85C42231A5C425C41B8F10C
:10A6E000000F35D0254927484FF4607202F054F925
:10A6F00064B1296824485422043102F04DF92968D4
:10A7000022484FF432725C3102F046F97468012C31
:10A710002CD11F49402201F5E47002F03DF91D499A
:10A720001C2201F5E47002F037F91B4986F8A142BA
:10A730000023042201F2862086F8603286F8E23295
:10A7400002F02AF910E04FF00008ACE70024C6E759
:10A7500024B129680B484FF46072D5E709484FF4DB
:10A760006072002102F0B2F902237360BDE8F0814B
:10A77000B8F1000FF2D00024B4E700BF00F00700EA
:10A78000302B0020CC4E0020D04E0020284F00203F
:10A790002850002068500020E84E002070B50D4C75
:10A7A0000546002258212046FCF782FF002244F88B
:10A7B000040CC32104F51770FCF77AFF261FC4F8B8
:10A7C00058022A463146044B0448BDE87040FFF762
:10A7D0002FBF00BFD04E00202043002000F0070014
:10A7E00002460248024B0068FFF722BF302B0020D0
:10A7F000A04600200149FFF7F3BF00BF00F00700AB
:10A8000038B505460020FFF7C9FF044618B90349CB
:10A810002846FFF7E5FF204638BD00BFCC4E00209C
:10A8200010B5FFF7F3FC044628B9FFF729FF2046CF
:10A83000FFF7E6FF00B1032010BD29DF70470000DD
:10A8400038B50C4D0446D5F8243378B101330FD117
:10A8500000223C210430FCF72BFF2060214605F547
:10A8600049701022BDE83840FFF7E7BF0E2038BD21
:10A870000820FCE700F0070008B528B10349402292
:10A8800002F08AF8002008BD0E20FCE724F3070040
:10A8900010B5064C00223C212046FCF709FF54F875
:10A8A000043C1B1A5842584110BD00BF28F3070052
:10A8B00038B50C4D0446D5F8643378B101330FD167
:10A8C000002218210430FCF7F3FE2060214605F534
:10A8D00059700722BDE83840FFF7AFBF0E2038BDE2
:10A8E0000820FCE700F0070010B50A4CD4F8243328
:10A8F000D4F864231340013309D04FF4FE20FDF750
:10A9000011FCC92221464FF4FE20FDF739FC00203E
:10A9100010BD00BFCC4E0020F8B5094E094CA41B59
:10A920000746E4080025A54201D10020F8BD56F8ED
:10A930003530384698470028F8D10135F3E700BF95
:10A94000B4D20700BCD20700F8B5094E094CA41BCD
:10A950000746E40800250436A54201D10020F8BDD1
:10A9600056F83530384698470028F8D10135F3E7D6
:10A97000B4D20700BCD2070008B50C22002102F0B7
:10A98000A5F8024B00221A6308BD00BFCC4E002080
:10A9900043F204031A68084B9A4201BF43F20803CA
:10A9A000186800F6FF7020F47F600CBF20F00F00E5
:10A9B0004FF48050704700BFDBE5B15108B5FFF799
:10A9C000E7FF054B9B69184400F6FF7020F47F6099
:10A9D00020F00F0008BD00BFCC4E00204FF4805087
:10A9E000704700002DE9F74F0193244BDFF894B036
:10A9F0001B6ADFF894900093054616464FF0000856
:10AA000043F2040AB8F1010F5FFA88F714D0022F5D
:10AA10001FD0FFF7D3FF6EB1009B013B5C425C414E
:10AA2000A9EB0000A84200D3F9B1B4B1A8421CD2EE
:10AA300004201FE03446F3E7FFF7AAFF019B33B978
:10AA4000DAF80040B4EB0B0418BF0124E8E74446F1
:10AA5000E6E701244FF48050E2E708F10108B8F17D
:10AA6000030FCFD1A842E3D300E017B10448FFF7AA
:10AA700083FF002003B0BDE8F08F00BFCC4E002064
:10AA8000E44E0020DBE5B1510040070090F855206E
:10AA900012F0FB0F07D190F8643023B1836ECBB175
:10AAA0000B600120704712F0010303D090F856307C
:10AAB00003B1836D9207F2D590F85C20002AEED0A6
:10AAC000054A006EC2F5FC22904201D80344E6E735
:10AAD000042070470F2070470070070010B5084C25
:10AAE0004FF40072FF21204601F0F0FF20220021E8
:10AAF000A4F1240001F0EAFF002344F82C3C10BD2F
:10AB0000284F00202DE9F0475A495B48DFF888813B
:10AB1000DFF88891DFF888A1584C92B00C2201F040
:10AB20000BFF064600284CD15349382204A801F0F7
:10AB300033FF4FF447723146204688F80060C9F869
:10AB40000060CAF8006001F0C1FF079D012D58D1D7
:10AB50004FF48073A3803423636143F20C0384F8C1
:10AB60006C612570A5712572E560257425831B88AD
:10AB7000E361089B2367032384F87630099BA4F8DC
:10AB80005C5084F85E50266684F86450A66684F8AB
:10AB90006C5084F87450A4F8783020220AA904F18B
:10ABA0007A0001F0F9FEA4F89A50A4F89C5084F8B9
:10ABB0009E60A4F8A06088F800500834304B1C60F8
:10ABC00020E03049304E8A6B6F465C313846FEF7E4
:10ABD00027FB97E80F0086E80F0000212B4B88F831
:10ABE00000104FF447722046C9F80010CAF8001050
:10ABF000F36001F06BFF264922463046FEF7AFFDB9
:10AC000020B90025284612B0BDE8F08798F800501A
:10AC1000002DF6D094F86C3194F800801BB3B8F195
:10AC2000000FEED194F87231002BEAD0DAF8002050
:10AC3000D9F800103846FEF7F3FA97E80F0086E8D7
:10AC40000F004FF4B272414604F5BA7001F03EFFB6
:10AC5000104904F5BA723046FEF781FD0028D0D0C5
:10AC600004F5BA74AAE7B8F1000FCAD0A379002B93
:10AC7000A3D1C6E7AED10700284F0020504A0020DC
:10AC8000284E0020CC4E00206C4D0020A5AC0700C3
:10AC900008D1070054D007004C4A0020484A002041
:10ACA000444A002030B55B68DA680D4B9A4208D1FF
:10ACB0000C490A6812B90C4A14681CB10B4B0022EB
:10ACC0001A7030BDD0E90134181913F9015B002D59
:10ACD000A0EB0304F9DB0B601460044B0122EFE7E7
:10ACE00054D00700484A0020444A00204C4A002023
:10ACF00010B543F2040319491C688C4202462BD05C
:10AD000042F20403C358581A434243418C42184646
:10AD100021D142F20403D358A3421CD14FF4405333
:10AD200002F500511B780978142B81BF43F21403FC
:10AD30000B481B68B3FBF0F398BF0023142989BFAD
:10AD400042F2140100205058054A88BFB0FBF2F0CF
:10AD5000181A18BF012010BD0023D7E7DBE5B15159
:10AD600040420F0000B591B0FDF7F6FA6846084979
:10AD70002022FDF724FB6A46064907484023FDF7D9
:10AD800043FA064B01221A7011B05DF804FB00BFB4
:10AD900018CF07007C4D00200CCF0700204A002070
:10ADA000F0B5A3B007460D4614461E467822202370
:10ADB000002104A8029301F089FE00230393194B9C
:10ADC0001B780BB9FFF7CEFF2DB337BB02AB164F85
:10ADD00001931649289B0097324604A8FDF7A2FA72
:10ADE000E8B9402C1BD1124E22462946304601F0CC
:10ADF000D3FD20213046FDF7EEFACDE90064029B39
:10AE00000C493A4603A8FDF71BFA00280CBF0120A5
:10AE1000052023B0F0BD1320FBE71620F9E70A2038
:10AE2000F7E700BF204A0020C44D0020ACCF070048
:10AE3000E44D00207C4D0020F0B5ABB004460D463B
:10AE400016461F467822202300210CA8039301F008
:10AE50003DFE114B1B780BB9FFF784FF2FB1214644
:10AE6000202204A8FDF7A0FA04AC03AB0B4F01931A
:10AE70000B49009733462A460CA8FDF753FA48B908
:10AE800020222146384601F057FDB0FA80F04009F3
:10AE90002BB0F0BD0020FBE7204A0020214A002013
:10AEA000ACCF070008B5044B986B08B1FFF72AFE3A
:10AEB000024B187008BD00BFCC4E0020244E00206D
:10AEC00010B5044658B1B0F5007F0AD8064B0022F1
:10AED0001A70FFF703FE054B01209C6310BD032091
:10AEE000FCE70420FAE700BF244E0020CC4E0020EF
:10AEF00070B50E4C0646E06BA36B42189A420D46A5
:10AF000011D85C300A462044314601F045FDE36B20
:10AF100004F140022B4429463046E363FCF7C8FBAA
:10AF20002064012070BD0320FCE700BFCC4E002050
:10AF3000014B1878704700BF244E002013B50F4C0A
:10AF400094F86C31B3B10E4B1B6800930D4BB4F801
:10AF5000DA221B6894F8D80204F53771FFF720FF56
:10AF6000012809D104F5B874201D02B0BDE81040D5
:10AF700000F0D0B90434F7E702B010BD504A002009
:10AF8000444A0020484A00202DE9F843DFF8888031
:10AF9000D8E90E329A4206460D4637D1DFF87C904A
:10AFA00099F800704FB1FFF709FD1A4B3060294640
:10AFB0001868BDE8F843FFF769BDFFF7A3FD38B394
:10AFC000FFF7BCFF0128376004462F601BD1114BEF
:10AFD00029461868FFF75AFD0128044613D198F84E
:10AFE000A112B1FA81F103463A4628684909FFF7F0
:10AFF000F9FC38B9FFF7E2FC89F8004030602046E0
:10B00000BDE8F8830424FFF769FDF8E70824F6E7B4
:10B010000524F4E7284E0020CC4E0020244E0020CA
:10B0200010B490F86C305BB190F86E404CB1B0F851
:10B03000704034B15DF8044B01237230FFF7FCBE61
:10B04000012318465DF8044B704713B504460846C3
:10B0500023781146032B03D8DFE803F021050F18EE
:10B06000002002B010BD0022D4F80140FCF720FB04
:10B07000844214BF00200120F3E70A460023014662
:10B08000601C02B0BDE81040FFF7D6BE0091034639
:10B090004022611C0020FFF783FE0128E9E7012020
:10B0A000DFE700002DE9F041A2B004460D46164648
:10B0B000002178221F4604A8202303939DF8A08036
:10B0C00001F004FD41220021204601F0FFFCB5F80B
:10B0D00094300BB195F8968084F80080B8F1030F96
:10B0E0001ED8DFE808F00902111F00223946304659
:10B0F000FCF7DEFAC4F801003A4631462046FFF775
:10B10000A4FF22B0BDE8F08103AB0193631C009360
:10B1100008493B46324604A8FDF704F90028EBD065
:10B120000020EEE7B5F8982005F19A01601C01F0C7
:10B1300033FCE1E7ACCF07002DE9F0476D4B1D680C
:10B14000A4B004460F4690460A4601462846FFF73B
:10B1500067FF002800F0CC8095F855601EBB4FF0CB
:10B160000109CDF800903B462246294613A8FFF777
:10B1700099FF00287FD0B8F1000F6DD041225E48C2
:10B1800013A901F009FC5D4BC3F82C901E626A689C
:10B190009A60002239462046FCF78AFA574B01256F
:10B1A000C3E909709FE04122002102A801F08EFC52
:10B1B00006F001094122002113A806F0020601F061
:10B1C00085FCB9F1000F4BD042F20403E15803F1C2
:10B1D000A34303F5471303F2D75399424BD1D5F854
:10B1E00058A00AF5FF520AF6FF73C3F30B031F3290
:10B1F000D21A42F20803E35893423CD343F20403C9
:10B200001B688B4213D14FF440531B78102B8ABF1D
:10B2100043F2100300221A6804F500531B78102B28
:10B220008ABF42F210030023E3589A4223D12046FA
:10B23000FFF75EFD00B1F6B10123009322465346AD
:10B24000294602A8FFF72EFFA8B1AB6DE218FB1A42
:10B250004EB9B8F1000F18D1284B01255D6110E0FF
:10B260003B462246F4E70021009113A82946FFF748
:10B2700019FF0028EDD10525B8F1000F30D1FFF7F7
:10B280002DFC284624B0BDE8F087DFF87080B9F1C6
:10B29000000F21D02046FFF72BFD18B108F1180050
:10B2A000FFF76AFB1648412202A901F075FB002E48
:10B2B00014BFAC23A523C8F82C30AB6DC8F83430CC
:10B2C000002E3FF466AF0F48412213A901F064FB42
:10B2D0006B68C8F80C305CE7AA23C8F82C30EFE79D
:10B2E0000948FFF749FBFFF7F9FB044B9C64C8E7EB
:10B2F0001725C1E7284E00206D510020CC4E0020BC
:10B300002C510020AE510020F04E00200122FFF70A
:10B3100013BF0000F0B590F854200346002A51D026
:10B3200090F8550003284DD893F86E20032A47D192
:10B330001A7A002A46D0DA68342A45D143F2040149
:10B340001A8A0C6821498C422AD152B15969E9B153
:10B35000D2B2002103F1140543F20C06CCB2A24292
:10B3600001D8122011E055F821703488A74201F16C
:10B370000101F3D11A78FAB101285B68144A15D893
:10B380009068834234BF10200120F0BD10B9012A1B
:10B39000E7D8EFE7421E18BF0122002AEAD1E0E712
:10B3A00012B15A69002ADCD11A78F6E7D0688342D4
:10B3B0008CBF01201020E8E7012818BF0F20E4E728
:10B3C0001420E2E70F20E0E71120DEE7DBE5B151D2
:10B3D000CC4E002038B1054B0360054B4360012380
:10B3E0000372002070470E20704700BF61B4070051
:10B3F00015B4070038B1054B0360054B43600123CA
:10B400000372002070470E20704700BF91B4070000
:10B410003BB4070069B10B78022B0CD1022804D091
:10B42000032814BF08201120704703230B7000204D
:10B4300070470E2070470820704769B10B78022BC7
:10B440000CD1022804D0032814BF08201120704713
:10B4500003230B70002070470E20704708207047B0
:10B4600010B50C4681B10B78012B06D00ED9033BE9
:10B47000012B94BF0820112010BDFFF7E1F900282F
:10B48000FAD102232370F7E70E20F5E70820F3E74F
:10B4900010B50C4681B10B78012B06D00ED9033BB9
:10B4A000012B94BF0820112010BDFFF701FA0028DE
:10B4B000FAD102232370F7E70E20F5E70820F3E71F
:10B4C00070B5144B144A0C21D21AB2FBF1F2816907
:10B4D00011F8025C044635B900690021914205D19A
:10B4E000012323600EE04FF0FF30F6E71E68AE4206
:10B4F0000CD1461C07D19D68D4E90001D4E9022390
:10B50000A847206070BD5E688642F4D001310C33DC
:10B51000E4E700BFD0D20700E8D207001EF0040F16
:10B520000CBFEFF30880EFF30980FFF7C9BF00BF3E
:10B5300010DF704711DF704713B5044609496846AC
:10B54000FCF72CFC019808B902B010BDD0E900212D
:10B550002046904718B16846FCF729FCF2E7112015
:10B56000F2E700BFC0D1070013B50446074968469B
:10B57000FCF714FC019B0BB902B010BD2046D3E9C7
:10B58000002190476846FCF712FCF3E7D8D107008A
:10B59000064B9A6822B11A6822F480021A6070473A
:10B5A000034B4FF48002C3F880207047C04E002048
:10B5B00000E100E00B4991F816335A09EC231341DE
:10B5C000DB0706D5084B9A683AB94FF480030B6045
:10B5D000704742F20200FCF79CBF1A6842F48002F6
:10B5E0001A60704700E100E0C04E0020F7B5194F27
:10B5F0003C7864BB184E012520463570FFF79CFF50
:10B60000112821D02046FFF7AFFF144B8DF80340DF
:10B61000186801900DF10300FCF710F8104901A81B
:10B62000FFF786FF0446B0FA80F0400938709DF8B5
:10B630000300FCF727F83CB90A4B34701C70FFF785
:10B64000B9FF2846FFF790FF204603B0F0BD08245D
:10B65000FAE700BF2D4E00202C4E0020BBD1070082
:10B660000D8507002E4E0020F7B5154F3B781BB314
:10B67000144E01203070FFF75FFF11284FF00005D6
:10B680001CD00220FFF770FF0DF107008DF8075066
:10B69000FBF7D4FFFFF74EFF04469DF807003D700F
:10B6A000FBF7F0FF2CB93470FFF772FF0320FFF7B0
:10B6B0005BFF204603B0F0BD0824FAE72C46F8E70C
:10B6C0002D4E00202C4E0020054B1B7833B1054B2E
:10B6D0001B780BB1FFF7C8BFFFF788BF0820704782
:10B6E0002C4E00202D4E0020014B1878704700BFD3
:10B6F0002D4E002007B508496846FCF74FFB019B1B
:10B7000013B903B05DF804FBD3E900209047684605
:10B71000FCF74DFBF3E700BFCCD10700FFF7EABF12
:10B7200060DF704769DF704761DF704730B5114DEA
:10B73000ADF5017D4FF4FA740DF1020103A8ADF8E7
:10B740000240FFF7F1FF70B9294601A8FCF726FB7C
:10B75000029B002BF0D003A8D3E90021904701A859
:10B76000FCF725FBF4E7052801D0FCF7D2FE0DF528
:10B77000017D30BDE4D10700024B1B780BB1FFF710
:10B78000D5BF70472F4E002018B1034B0360002037
:10B7900070470E20704700BFE82A00207FB506469C
:10B7A0000C46002959D02E4B0B600C22002101A819
:10B7B00001F08CF9012506232268ADF8083001A9B3
:10B7C00020208DF804608DF80650FFF7ABFF0C22A7
:10B7D000002101A801F07AF922688DF8055001A92D
:10B7E0004020FFF79FFF0C22002101A801F06EF915
:10B7F000F7232268ADF8063001A923208DF80460F4
:10B80000FFF790FF0C22002101A801F05FF92268E8
:10B810008DF8045001A92846FFF784FF0C2200216F
:10B8200001A801F053F94FF4B0632268019301A914
:10B83000A120FFF777FF0C22002101A801F046F9B3
:10B840009DF8043022682B4301A9A0208DF8043014
:10B85000FFF768FF002004B070BD0E20FBE700BFBB
:10B86000E82A002008B5FFF75BFF10B9014B012261
:10B870001A7008BD2F4E00204BDF70471FB50D4CCE
:10B8800001A8FFF7F9FF70B9214602A8FCF786FA74
:10B89000039B002BF4D00198D3E90021904702A824
:10B8A000FCF785FAF4E7052801D0FCF732FE04B076
:10B8B00010BD00BFF0D107008B1802448B4200D1AD
:10B8C000704713F8010D02F8010DF7E700000000C2
:10B8D000C3F10803DB0070B501330446002003A563
:10B8E0005B1920C940CAAD1920C4184720C940CAF5
:10B8F000754120C420C940CA754120C420C940CA2E
:10B90000754120C420C940CA754120C420C940CA1D
:10B91000754120C420C940CA754120C420C940CA0D
:10B92000754120C4404170BD0000000000000000CF
:10B93000C3F10803DB0070B50133002403A500BF89
:10B940005B1920C940CAAD1B20C0184720C940CA96
:10B95000B54120C020C940CAB54120C020C940CA55
:10B96000B54120C020C940CAB54120C020C940CA45
:10B97000B54120C020C940CAB54120C020C940CA35
:10B98000B54120C06441B4FA84F0400970BD00BFE5
:10B990002DE9F04F08B4F8CA04B451F8042BA3FB06
:10B9A000028940F8048B4FF0000AE4FB629A4FF0E2
:10B9B000000BE5FB62AB4FF0000CE6FB62BC4FF006
:10B9C000000EE7FB62CE51F8042B4FF00008E3FBBA
:10B9D000628940F8048BE4FB629AE5FB62ABE6FB0C
:10B9E00062BCE7FB62CE51F8042B4FF00008E3FB8A
:10B9F000628940F8048BE4FB629AE5FB62ABE6FBEC
:10BA000062BCE7FB62CE51F8042B4FF00008E3FB69
:10BA1000628940F8048BE4FB629AE5FB62ABE6FBCB
:10BA200062BCE7FB62CE51F8042B4FF00008E3FB49
:10BA3000628940F8048BE4FB629AE5FB62ABE6FBAB
:10BA400062BCE7FB62CE40F8049B40F804AB40F8D0
:10BA500004BB40F804CB40F804EB0CBC052B00F011
:10BA60001E810C68A0F11400A1F11401A2F11402CE
:10BA700052F804EB4FF0000550F8046BE4FB6E56EF
:10BA800052F804EB50F8047BE4FB6E6752F804EBC9
:10BA900050F8048BE4FB6E7852F804EB50F8049BEA
:10BAA000E4FB6E8952F804EB50F804ABE4FB6E9AA9
:10BAB000A0F1140052F8044B51F804EB4FF0000CC5
:10BAC000E4FB6EC540F804CB51F804EBE4FB6E5682
:10BAD00040F8045B51F804EBE4FB6E6740F8046B3C
:10BAE00051F804EBE4FB6E7840F8047B51F804EB6A
:10BAF000E4FB6E8940F8048B51F804EBE4FB6E9A8A
:10BB0000A0E80006062B00F0CA800C68A0F118001F
:10BB1000A1F11801A2F1180252F804EB4FF0000550
:10BB200050F8046BE4FB6E5652F804EB50F8047BBB
:10BB3000E4FB6E6752F804EB50F8048BE4FB6E787C
:10BB400052F804EB50F8049BE4FB6E8952F804EBC6
:10BB500050F804ABE4FB6E9A52F804EB50F804BBC7
:10BB6000E4FB6EABA0F1180052F8044B51F804EB63
:10BB70004FF0000CE4FB6EC540F804CB51F804EB29
:10BB8000E4FB6E5640F8045B51F804EBE4FB6E678F
:10BB900040F8046B51F804EBE4FB6E7840F8047B4A
:10BBA00051F804EBE4FB6E8940F8048B51F804EB88
:10BBB000E4FB6E9A40F8049B51F804EBE4FB6EAB97
:10BBC000A0E8000C072B6AD008B40C68A0F11C0098
:10BBD000A1F11C01A2F11C0252F804EB4FF0000588
:10BBE00050F8046BE4FB6E5652F804EB50F8047BFB
:10BBF000E4FB6E6752F804EB50F8048BE4FB6E78BC
:10BC000052F804EB50F8049BE4FB6E8952F804EB05
:10BC100050F804ABE4FB6E9A52F804EB50F804BB06
:10BC2000E4FB6EAB52F804EB50F804CBE4FB6EBCC3
:10BC3000A0F11C0052F8044B51F804EB4FF0000344
:10BC4000E4FB6E3540F8043B51F804EBE4FB6E5620
:10BC500040F8045B51F804EBE4FB6E6740F8046BBA
:10BC600051F804EBE4FB6E7840F8047B51F804EBE8
:10BC7000E4FB6E8940F8048B51F804EBE4FB6E9A08
:10BC800040F8049B51F804EBE4FB6EAB40F804ABC6
:10BC900051F804EBE4FB6EBCA0E8001808BCBDE85A
:10BCA000F08F002310B51C465AB2914200DC10BD43
:10BCB00040F823400133F7E710B500231A465CB281
:10BCC000A14203DCB2FA82F0400910BD50F82340D3
:10BCD00001332243F3E74A11012350F8220001F017
:10BCE0001F0103FA01F108407047013910B549B24C
:10BCF000041D0A06CBB204D4013954F82120002ACD
:10BD0000F7D001335BB273B103F18042013A50F8CE
:10BD10002220002022B9013B00EB431318B210BDD2
:10BD200052080130F6E71846F9E710B500235CB277
:10BD3000A24200DC10BD51F8234040F823400133FB
:10BD4000F5E710B5013A52B2130601D5002010BD37
:10BD500050F8224051F822309C4205D802F1FF32BF
:10BD6000F2D24FF0FF30F2E70120F0E700EB810163
:10BD70000023884200D3704751F8042D43EA520350
:10BD80000B60D307F5E737B51D469DF918300193D1
:10BD90000446FFF79DFD019B38B91A462146284607
:10BDA000FFF7CFFF0128019B07D02A4621462046F6
:10BDB00003B0BDE83040FFF7BBBD03B030BD37B5C1
:10BDC0001D469DF9183001930446FFF7B1FD019B14
:10BDD00038B12A462146204603B0BDE83040FFF77F
:10BDE00077BD03B030BD2DE9F04FB5B004AC9DF97F
:10BDF000F8501E4680462B462046FFF7C9FD24AB6F
:10BE000029463046CDE90234FFF76FFFC0EB8510BD
:10BE100004B2002C2146B8BF04F11F01634241F374
:10BE2000471103F01F0314A804F01F0758BF5F4217
:10BE3000FFF737FF002F08B22BDD14AB002203EB16
:10BE40008001C7F1200E1346AB4217D36B0001935C
:10BE500014AB03EB85096F1E34AB012603EB870798
:10BE6000002C54DA34AB03EB86062A4656F8C81C7D
:10BE70004046FFF75AFF35B0BDE8F08F56F823C0B3
:10BE80000CFA07F0024341F8042B01332CFA0EF2AE
:10BE9000DAE714AB2A46314603EB8000FFF745FF93
:10BEA000D4E70FFA82FE5AF8C83C53F82EB034ABF0
:10BEB00003EB8202013052F8803C0B44BBEB0303DE
:10BEC00034BF012200229B4518BF11465CF8C82CE4
:10BED00042F82E30019B42B29A42E2DB731A5E4274
:10BEE000294614A85E41FFF741FF34AB03EB8503FD
:10BEF000294653F8802C57F8803C484643EAC273E1
:10BF0000013C47F8803C24B2FFF730FFA8E734AB90
:10BF10000020C6F1010C014603EB860A03EB8C0CF2
:10BF2000D8E730B51C4691B0054693F90030684615
:10BF3000FFF72EFDD4F8AC3069462846984711B07B
:10BF400030BD13460A46FFF7ECBF2DE9F04793F9E1
:10BF5000006092B0044689461046314615461F4699
:10BF6000FFF7AAFE002840F091803A46494602A811
:10BF7000FFF7E7FF3B4602AA21460AA8FFF7D1FFD9
:10BF800002A908463A46FFF7DCFF3B462A464946E7
:10BF90004846FFF7C6FF07F104083A4629462846F7
:10BFA000FFF7CFFF43462A46214620460096FFF77B
:10BFB000EAFE43462A46294628460096FFF7E3FE56
:10BFC00043462A46214628460096FFF7F8FE3B46A0
:10BFD0002A4621462046FFF7A4FF43462246214633
:10BFE00028460096FFF7CFFE434600962A46214694
:10BFF0002046FFF7C8FE2368DB074AD53346424692
:10C0000021462046FFF764FC314682462046FFF772
:10C01000ADFE06F18043013B54F8232042EACA7288
:10C0200044F823203A4621462846FFF78AFF434634
:10C030000AAA294628460096FFF7C1FE43460AAAE7
:10C04000294628460096FFF7BAFE0AA90846434645
:10C050002A460096FFF7B3FE3B460AAA2146204631
:10C06000FFF75FFF02AA4346104621460096FFF7FE
:10C07000A6FE324629462046FFF757FE4946284687
:10C08000FFF753FE02A94846FFF74FFE12B0BDE886
:10C09000F08731462046FFF769FEC3E72DE9F041FE
:10C0A00015468AB004460E461C22002103A800F063
:10C0B0000DFD2F1D95F9008003232A4631462046A9
:10C0C0000293FFF73EFF3B4602AA21462046CDF8E9
:10C0D0000080FFF774FE2B46324621462046FFF7CC
:10C0E00020FFCDF800803B4605F184022146204622
:10C0F000FFF749FE0AB0BDE8F08100002DE9F042EB
:10C10000082288B00C468146FFF70FFECB6A0393E6
:10C110000B6B04934B6B05938B6B0693CB6B079365
:10C12000002708236A4669466846CDE901770097EB
:10C13000FFF7CEFB082305466A4649464846FFF707
:10C14000C7FB236B0393636B0493A36B0593E36BB0
:10C150000544CDE906376A46082369466846FFF775
:10C16000B7FB082305446A4649464846FFF7B0FB3B
:10C17000236A0093636A0193A36A0293A36B0693F5
:10C18000E36B0793054408236A4649464846CDE9D0
:10C1900004770397FFF79CFB636A0093A36AA26B83
:10C1A0000193E36A02930492636BE26B0393CDE91C
:10C1B0000523236A07932E1808236A4649464846F2
:10C1C000FFF786FBE36A0093236B0193636B029393
:10C1D000236A0693A36A0793351808236A464946DB
:10C1E0004846CDE904770397FFF7A2FB236B009342
:10C1F000636B0193A36B0293E36B0393636A0693F0
:10C20000E36A07932E1A08236A4649464846CDE951
:10C210000477FFF78DFB636B0093A36B0193E36BD4
:10C220000293236A0393636A0493A36ACDE90537F3
:10C23000236B0793361A08236A4649464846FFF798
:10C2400077FBA36B0093E36BCDE90137636A03933C
:10C25000A36A0493E36ACDE90537636B0793361A43
:10C2600008236A4649464846FFF762FB361A0E4CD9
:10C270000FD436B9082249462046FFF762FD01284F
:10C280000FD00823224649464846FFF751FB361A8D
:10C29000EFE70823224649464846FFF719FB3618C0
:10C2A000F7D408B0BDE8F08200D2070070B514469C
:10C2B0008AB006460D461A46214602A80193FFF7AA
:10C2C00040FE019B02AA31463046FFF72AFE02A932
:10C2D000019B22460846FFF724FE019B02AA29463D
:10C2E0002846FFF71EFE0AB070BD2DE9F0478AB060
:10C2F0001446DDF848A055461F4615F9046B009614
:10C30000804689462B460246214602A8FFF757FD84
:10C3100002A952460846FFF714FE534602AA4146B8
:10C320004046FFF7FEFD534602AA21462046FFF78E
:10C33000F8FD2B464A46394638460096FFF73FFD42
:10C340005246394602A8FFF7FCFD02A92B46424699
:10C3500008460096FFF733FD02A92B462246084601
:10C360000096FFF72CFD2B464246214620460096BC
:10C37000FFF725FD5346224649464846FFF7D1FDC3
:10C380002B4602AA414620460096FFF718FD534669
:10C39000224639463846FFF7C4FD2B464A46394601
:10C3A00038460096FFF70BFD324602A92046FFF7FC
:10C3B000BCFC0AB0BDE8F0872DE9F0479846B3F918
:10C3C0000230894613F11F0148BF03F13E01DD1D14
:10C3D00048BF03F10E05EC104E11944275B228BF10
:10C3E000144629460746FFF75CFC22464946FFF7FC
:10C3F00063FAB8F90230B3EBC40F4FEAC40220D29B
:10C40000D21A07EB86010020C2F120068F420FD31B
:10C4100008F124082A4639464046FFF792FC0128D5
:10C420000FD02B4642463846BDE8F047FFF780BAAA
:10C4300051F8044D24FA02F303430B6004FA06F0AA
:10C44000E4E7BDE8F08770B5036813F00106054620
:10C45000144605D013460A460146FFF739FA064648
:10C4600021462846FFF782FC46B104F18042013A9A
:10C4700055F8223043F0004345F8223070BDF0B546
:10C480000F46A1B006461946384615461C46FFF72A
:10C4900013FC20B13046FFF704FC21B0F0BD22466A
:10C4A00039466846FFF741FC294608A8FFF73DFCDE
:10C4B00010A82146FFF7F5FB012318A81093FFF7FA
:10C4C000F0FB224608A96846FFF73BFC28B9224644
:10C4D00010A93046FFF729FCDFE7009BDA0709D4F3
:10C4E00021466846FFF742FC2246294610A8FFF77E
:10C4F000AAFFE6E7089BDB0707D4214608A8FFF759
:10C5000035FC2246294618A8F1E7002823461CDD01
:10C5100008AA69466846FFF70BFA21466846FFF706
:10C5200025FC224618A910A8FFF70BFC002805DA05
:10C5300010A923462A460846FFF7CAF910A9234640
:10C5400018AA0846FFF7F4F9CEE708A96A46084694
:10C55000FFF7EEF9214608A8FFF708FC224610A9CC
:10C5600018A8FFF7EEFB002805DA18A923462A468B
:10C570000846FFF7ADF918A9234610AA0846FFF7A9
:10C58000D7F9BEE700487047FCD107002DE9F04F0E
:10C590002DED028BEDB08946789E05901946B6F9CF
:10C5A000023096F9004013F11F0748BF03F13E0720
:10C5B00047F3471707F1FF3B24AB002543F82B5007
:10C5C0006CAB03EB8B0307EE902A4CA896F9012085
:10C5D00043F8805C43F8605CFFF76EF996F9012040
:10C5E00054A81144FFF768F921464CA8FFF764FBF3
:10C5F0008046002840F0428154A8FFF75DFB03907D
:10C60000002840F03D8106F1240A3A464CA95046E4
:10C61000FFF797FB012840F035813A4654A9504670
:10C62000FFF78FFB0128069040F02C811CAD3B46A4
:10C63000524654A92846FFF722FF0DF13008039B0C
:10C6400048F82B3017EE902A494640463346FFF70C
:10C65000B3FE4146404653462A460097FFF7C3FBC8
:10C660000DF5B87B53462A464CA914A80097FFF74E
:10C67000BAFB224658460599FFF757FBA3000793DC
:10C68000059B0BEB840903EB84014846FFF74DFB48
:10C6900006F14403194634A80493FFF746FB049BB4
:10C6A000A10059183CA8FFF740FB331D08EE903A53
:10C6B000594634AA28460094FFF781FB4B465A4658
:10C6C0003CA934A80096FFF710FE18EE902A2346E6
:10C6D00029462846FFF7D3FE2A46494658463346A0
:10C6E000FFF7E4FD039B0893049B0993059B3946E0
:10C6F0004046CDE90A3BFFF7F8FA3946834614A8CD
:10C70000FFF7F3FA5845B8BF58461FFA80FB0BF104
:10C71000FF3109B240460491FFF7DDFA0499B0F108
:10C72000000814A818BF4FF00108FFF7D4FA00283A
:10C7300014BF0220002048EA00080DF1200922461B
:10C7400059F8281024A8FFF7F0FA0DF1B009A3005A
:10C7500019444846FFF7E9FA21462846FFF7A1FAAF
:10C76000069B2B60ABF1020824AB08EE105A0FFABF
:10C7700088F80493B8F1000F2ADA18EE902A18EE20
:10C78000101A18EE100A2346FFF779FE18EE102A49
:10C79000049833464946FFF789FD04993A465046C6
:10C7A000FFF7CFFA012805D004993B4652460846C8
:10C7B000FFF7BEF8013C64B24CAA230653D5039B95
:10C7C000B3FA83F040096DB0BDEC028BBDE8F08F89
:10C7D000334618EE102A0498D6F8A4504946A847C4
:10C7E00041460CA8FFF777FA4146B0F1000B14A8B8
:10C7F00018BF4FF0010BFFF76EFA002814BF02209C
:10C8000000204BEA000B08AB53F82B1031B3224643
:10C8100034A8FFF78AFA079B3CA81944FFF785FA6A
:10C8200018EE102A33463CA934A8FFF73FFD18EE56
:10C83000903A0499009434AA44A8FFF7C0FA049AE5
:10C8400000964B463CA934A8FFF74FFD18EE101A8E
:10C8500018EE100A334644AAFFF763FB08F1FF38CD
:10C860000FFA88F886E7049B52F8241053F8243016
:10C870004B40039919430391013C9EE72846A2E7E8
:10C880004046A0E703989EE7002301461A46184653
:10C8900000F0E4B908B5074B044613B1002100F0DD
:10C8A0002DFA054B1868836A03B19847204600F0BB
:10C8B00073FA00BFFDCC0700ACD2070038B50A4CB4
:10C8C0000A4D641BA4100AD004F18043013B05EB20
:10C8D0008305013C55F804399847002CF9D1BDE88F
:10C8E000384000F061BA00BFA02B00209C2B002034
:10C8F00070B50D4E0D4D761BB61006D000240134D8
:10C9000055F8043B9847A642F9D1094E094D761BCC
:10C9100000F044FAB61006D00024013455F8043B68
:10C920009847A642F9D170BD982B0020982B002083
:10C930009C2B0020982B0020032A70B412D940EAC7
:10C940000105AD0704460B4620D11946204653F891
:10C95000045B54F8046BAE4218D1043A032A204613
:10C960001946F2D8541E72B103780A789A4208BF69
:10C97000241806D00CE010F8013F11F8012F934263
:10C9800006D1A042F7D1002070BC7047541EEBE7DF
:10C99000981A70BC704700BF844641EA000313F048
:10C9A00003036DD1403A41D351F8043B40F8043BB6
:10C9B00051F8043B40F8043B51F8043B40F8043B79
:10C9C00051F8043B40F8043B51F8043B40F8043B69
:10C9D00051F8043B40F8043B51F8043B40F8043B59
:10C9E00051F8043B40F8043B51F8043B40F8043B49
:10C9F00051F8043B40F8043B51F8043B40F8043B39
:10CA000051F8043B40F8043B51F8043B40F8043B28
:10CA100051F8043B40F8043B51F8043B40F8043B18
:10CA200051F8043B40F8043B403ABDD2303211D3B8
:10CA300051F8043B40F8043B51F8043B40F8043BF8
:10CA400051F8043B40F8043B51F8043B40F8043BE8
:10CA5000103AEDD20C3205D351F8043B40F8043BB8
:10CA6000043AF9D2043208D0D2071CBF11F8013BB6
:10CA700000F8013B01D30B8803806046704700BF7C
:10CA8000082A13D38B078DD010F003038AD0C3F18B
:10CA90000403D21ADB071CBF11F8013B00F8013B6D
:10CAA00080D331F8023B20F8023B7BE7043AD9D32C
:10CAB000013A11F8013B00F8013BF9D20B78037001
:10CAC0004B7843708B78837060467047F0B486076C
:10CAD00046D0541E002A3CD0CAB2034602E014F1EC
:10CAE000FF3436D303F8012B9D07F8D1032C29D945
:10CAF000CDB245EA05250F2C45EA054533D9A4F109
:10CB00001006360903F1200707EB061703F11002A0
:10CB100042E9045542E902551032BA42F8D1721C7A
:10CB200014F00C0F03EB021204F00F0613D0331FA6
:10CB300023F003030433134442F8045B9342FBD114
:10CB400006F003042CB1C9B21C4403F8011B9C423B
:10CB5000FBD1F0BC704734461346002CF3D1F8E704
:10CB600014460346C2E71A462646E0E700000000E6
:10CB700000000000000000000000000000000000B5
:10CB800090F800F06DE9024520F007016FF0000C0D
:10CB900010F0070491F820F040F049804FF00004B5
:10CBA0006FF00700D1E9002391F840F000F1080090
:10CBB00082FA4CF2A4FA8CF283FA4CF3A2FA8CF3C8
:10CBC0004BBBD1E9022382FA4CF200F10800A4FA2F
:10CBD0008CF283FA4CF3A2FA8CF3E3B9D1E9042383
:10CBE00082FA4CF200F10800A4FA8CF283FA4CF3BA
:10CBF000A2FA8CF37BB9D1E9062301F1200182FA74
:10CC00004CF200F10800A4FA8CF283FA4CF3A2FA79
:10CC10008CF3002BC6D0002A04BF04301A4612BA87
:10CC2000B2FA82F2FDE8024500EBD2007047D1E98A
:10CC3000002304F00305C4F100004FEAC50514F019
:10CC4000040F91F840F00CFA05F562EA05021CBFEA
:10CC500063EA050362464FF00004A9E72DE9F843B3
:10CC6000224C25680DB36C681F2C3BDC984691461E
:10CC70000F46064688B1D5F8880028B3D0F80031B1
:10CC800040F824900122A24000EB84011343022EBD
:10CC9000C0F80031C1F8808010D0A31C01346C6052
:10CCA00045F823700020BDE8F883114E114D256032
:10CCB000002ED8D03468C5F88840D4E7D0F80431C5
:10CCC0001A43C0F80421E8E70B4B5BB14FF48470C2
:10CCD000AFF3008030B100236C68C0E94033C5F881
:10CCE0008800CDE74FF0FF30DDE700BFBC4E0020ED
:10CCF00000000000304E0020000000002DE9F04F41
:10CD0000DFF8908083B0D8F8005001900F464FF0C4
:10CD1000010A8DB16C68D5F88860013C0CD405F12E
:10CD2000080B67B12EB106F1800353F82430BB42E3
:10CD300005D014F1FF34F4D203B0BDE8F08F6B6876
:10CD40005BF82420013BA34216BF00236C604BF824
:10CD50002430002AEDD0D5F80490B6B1D6F80011F1
:10CD60000AFA04F30B4210D0D6F8040156F8241046
:10CD700003420CD1019890476B68D8F800204B45CE
:10CD800001D1AA42D5D01546C3E79047F4E708463B
:10CD90009047F1E7BC4E0020FEE700BFF8B500BFAA
:10CDA000F8BC08BC9E467047F8B500BFF8BC08BC8C
:10CDB0009E467047001000000400000001000000C3
:10CDC00095790700B9790700C9790700397A070012
:10CDD000D9790700A1790700A5790700A97907008B
:10CDE000001000000400000001000000457B070067
:10CDF000257B0700157B07004D7D0700017D07009F
:10CE0000E77A0700EB7A0700F17A0700982F8A4249
:10CE100091443771CFFBC0B5A5DBB5E95BC256398C
:10CE2000F111F159A4823F92D55E1CAB98AA07D8A4
:10CE3000015B8312BE853124C37D0C55745DBE72C7
:10CE4000FEB1DE80A706DC9B74F19BC1C1699BE447
:10CE50008647BEEFC69DC10FCCA10C246F2CE92DD7
:10CE6000AA84744ADCA9B05CDA88F97652513E98FB
:10CE70006DC631A8C82703B0C77F59BFF30BE0C602
:10CE80004791A7D55163CA0667292914850AB72790
:10CE900038211B2EFC6D2C4D130D385354730A652D
:10CEA000BB0A6A762EC9C281852C7292A1E8BFA204
:10CEB0004B661AA8708B4BC2A3516CC719E892D16C
:10CEC000240699D685350EF470A06A1016C1A419EF
:10CED000086C371E4C774827B5BCB034B30C1C39EE
:10CEE0004AAAD84E4FCA9C5BF36F2E68EE828F74AD
:10CEF0006F63A5781478C8840802C78CFAFFBE90C7
:10CF0000EB6C50A4F7A3F9BEF27871C64800280074
:10CF10000020400085C50700DDAC843D1EBD6AFCD5
:10CF2000F19B4BD0C49DB1BE608F0D7ACA0083AA1D
:10CF3000B84899DE96F7E90C05200B441BE1104A2E
:10CF4000A3418950BAD2FDB74999C850A1D379AF4E
:10CF50008939544350D9C92D06150E1506110A04F6
:10CF60000A1104041F04041C0B1F251E15160F189C
:10CF7000131C0B1F251E15160F18130000000000B0
:10CF80000338FDD870470000F79207009B92070016
:10CF9000EB9707005D9807007D980700E191070077
:10CFA000A19107007F97070000000000A9980700E3
:10CFB000A398070083980700200000007800000075
:10CFC000000000000100010000000000010000005E
:10CFD0000000000002000500010000004200000007
:10CFE0000000000000000000000000000000000041
:10CFF00000000000010011000100FFFF010000001F
:10D0000000000000020017000200FEFF64010000A3
:10D0100054D00700000000000000000000000000E5
:10D0200000000000010001000000000001000000FD
:10D0300000000000020005000100000022000000C6
:10D0400000000000000000000000000000000000E0
:10D0500000000000010011000400FCFF04000000BB
:10D0600000000000020011000400FCFF04000000AA
:10D0700000000000030021000400FCFF0400100079
:10D0800000000000040011000100FFFF010000008B
:10D0900000000000050011000200FEFF0400000077
:10D0A00000000000060011000400FCFF0400000066
:10D0B00000000000070011000400FCFF0400000055
:10D0C00000000000080017000200FEFF240000001E
:10D0D00024D00700090010000100FFFF010000003C
:10D0E00004D107000A0027000200FEFF44000300ED
:10D0F000C4CF070000000000000000000000000096
:10D100000000000000000000010017000400FCFF08
:10D1100068010000F4CF0700020017000400FCFFC4
:10D12000AC01000038D10700000000000000000042
:10D1300000000000000000000100070000000000E7
:10D1400068010000F4CF07000200010000000000A9
:10D1500001000000000000000300050001000000C5
:10D16000420000000000000000000000000000007D
:10D170000000000000000000446675546172670002
:10D18000000000000000000000000000000000009F
:10D1900050EADA308883B89F604F15F30000C98EDB
:10D1A0000338FDD870470C000C00000058026D6970
:10D1B00063726F6269745F61707000001002010039
:10D1C00008D3070010D3070008000000F8D20700BA
:10D1D00008D3070008000000F0D20700F8D20700CB
:10D1E00008000000E8D20700F0D2070008000000A5
:10D1F00010D3070018D30700080000000820000122
:10D20000FFFFFFFFFFFFFFFFFFFFFFFF000000002A
:10D21000000000000000000001000000FFFFFFFF11
:10D22000512563FCC2CAB9F3849E17A7ADFAE6BCC8
:10D23000FFFFFFFFFFFFFFFF00000000FFFFFFFFFA
:10D2400096C298D84539A1F4A033EB2D817D0377A0
:10D25000F240A463E5E6BCF847422CE1F2D1176B3B
:10D26000F551BF376840B6CBCE5E316B5733CE2B0E
:10D27000169E0F7C4AEBE78E9B7F1AFEE242E34F3D
:10D280004B60D2273E3CCE3BF6B053CCB0061D657A
:10D29000BC86987655BDEBB3E7933AAAD835C65A03
:10D2A0004BBF07009DC00700FDC00700382B0020C2
:10D2B0000000000001A10700599E07004032002035
:10D2C0007C4200208D42002048320020F400000003
:10D2D0000000000003000000F5B30700000000009C
:10D2E00002000000D5B30700A59A07000000000067
:10D2F000C17C07000000000079B7070000000000B3
:10D300007DB8070000000000017B0700000000005E
:10D310001D7C070000000000709FFF7F01000000DF
:10D320000090D0030000000000000000000000009A
:10D3300000000000000000000000000000000000ED
:10D3400001000000000000000000000000000000DC
:10D3500002000000EC2A00200C2B0020FC2A0020F8
:10D36000FF00FFFF0100000000E00700382B002055
:10D3700000000000000000000000000000000000AD
:10D38000000000000000000000000000000000009D
:10D39000000000000000000000000000000000008D
:10D3A000000000000000000000000000000000007D
:10D3B000000000000000000000000000000000006D
:10D3C000000000000000000000000000000000005D
:10D3D00069720700417207000000000000000000B1
:0CD3E00001A2070000100000000008007F
:10E00000BE361649020000000000000000000000BB
:10E0100000000000000000001CD20000105EBCF8F0
:10E0200001000000000000000000000000000000EF
:10E0300000000000000000000000000000000000E0
:10E0400000000000000000000000000000000000D0
:10E0500000000000000000000000000000000000C0
:10E0600000000000000000000000000000000000B0
:10E0700000000000000000000000000000000000A0
:10E080000000000000000000000000000000000090
:10E090000000000000000000000000000000000080
:10E0A0000000000000000000000000000000000070
:10E0B0000000000000000000000000000000000060
:10E0C0000000000000000000000000000000000050
:10E0D0000000000000000000000000000000000040
:10E0E0000000000000000000000000000000000030
:10E0F0000000000000000000000000000000000020
:10E10000000000000000000000000000000000000F
:10E1100000000000000000000000000000000000FF
:10E1200000000000000000000000000000000000EF
:10E1300000000000000000000000000000000000DF
:10E1400000000000000000000000000000000000CF
:10E1500000000000000000000000000000000000BF
:10E1600000000000000000000000000000000000AF
:10E17000000000000000000000000000000000009F
:10E18000000000000000000000000000000000008F
:10E19000000000000000000000000000000000007F
:10E1A000000000000000000000000000000000006F
:10E1B000000000000000000000000000000000005F
:10E1C000000000000000000000000000000000004F
:10E1D000000000000000000000000000000000003F
:10E1E000000000000000000000000000000000002F
:10E1F000000000000000000000000000000000001F
:10E20000000000000000000000000000000000000E
:10E2100000000000000000000000000000000000FE
:10E2200000000000000000000000000000000000EE
:10E2300000000000000000000000000000000000DE
:10E2400000000000000000000000000000000000CE
:10E25000000000000000000000000000A21BDAAC7B
:10E2600000000000000000000000000000000000AE
:10E27000000000000000000000000000000000009E
:10E28000000000000000000000000000000000008E
:10E29000000000000000000000000000000000007E
:10E2A000000000000000000000000000000000006E
:10E2B000000000000000000000000000000000005E
:10E2C000000000000000000000000000000000004E
:10E2D000000000000000000000000000000000003E
:10E2E000000000000000000000000000000000002E
:10E2F000000000000000000000000000000000001E
:10E30000000000000000000000000000000000000D
:10E3100000000000000000000000000000000000FD
:10E3200000000000000000000000000000000000ED
:10E3300000000000000000000000000000000000DD
:10E3400000000000000000000000000000000000CD
:10E3500000000000000000000000000000000000BD
:10E3600000000000000000000000000000000000AD
:10E37000000000000000000000000000000000009D
:10E38000000000000000000000000000000000008D
:10E39000000000000000000000000000000000007D
:10E3A000000000000000000000000000000000006D
:10E3B000000000000000000000000000000000005D
:10E3C000000000000000000000000000000000004D
:10E3D000000000000000000000000000000000003D
:10E3E000000000000000000000000000000000002D
:10E3F000000000000000000000000000000000001D
:10E40000000000000000000000000000000000000C
:10E4100000000000000000000000000000000000FC
:10E4200000000000000000000000000000000000EC
:10E4300000000000000000000000000000000000DC
:10E4400000000000000000000000000000000000CC
:10E4500000000000000000000000000000000000BC
:10E4600000000000000000000000000000000000AC
:10E47000000000000000000000000000000000009C
:10E48000000000000000000000000000000000008C
:10E49000000000000000000000000000000000007C
:10E4A000000000000000000000000000000000006C
:10E4B000000000000000000000000000000000005C
:10E4C000000000000000000000000000000000004C
:10E4D000000000000000000000000000000000003C
:10E4E000000000000000000000000000000000002C
:10E4F000000000000000000000000000000000001C
:10E50000000000000000000000000000000000000B
:10E5100000000000000000000000000000000000FB
:10E5200000000000000000000000000000000000EB
:10E5300000000000000000000000000000000000DB
:10E5400000000000000000000000000000000000CB
:10E5500000000000000000000000000000000000BB
:10E5600000000000000000000000000000000000AB
:10E57000000000000000000000000000000000009B
:10E58000000000000000000000000000000000008B
:10E59000000000000000000000000000000000007B
:10E5A000000000000000000000000000000000006B
:10E5B000000000000000000000000000000000005B
:10E5C000000000000000000000000000000000004B
:10E5D000000000000000000000000000000000003B
:10E5E000000000000000000000000000000000002B
:10E5F000000000000000000000000000000000001B
:10E60000000000000000000000000000000000000A
:10E6100000000000000000000000000000000000FA
:10E6200000000000000000000000000000000000EA
:10E6300000000000000000000000000000000000DA
:10E6400000000000000000000000000000000000CA
:10E6500000000000000000000000000000000000BA
:10E6600000000000000000000000000000000000AA
:10E67000000000000000000000000000000000009A
:10E68000000000000000000000000000000000008A
:10E69000000000000000000000000000000000007A
:10E6A000000000000000000000000000000000006A
:10E6B000000000000000000000000000000000005A
:10E6C000000000000000000000000000000000004A
:10E6D000000000000000000000000000000000003A
:10E6E000000000000000000000000000000000002A
:10E6F000000000000000000000000000000000001A
:10E700000000000000000000000000000000000009
:10E7100000000000000000000000000000000000F9
:10E7200000000000000000000000000000000000E9
:10E7300000000000000000000000000000000000D9
:10E7400000000000000000000000000000000000C9
:10E7500000000000000000000000000000000000B9
:10E7600000000000000000000000000000000000A9
:10E770000000000000000000000000000000000099
:10E780000000000000000000000000000000000089
:10E790000000000000000000000000000000000079
:10E7A0000000000000000000000000000000000069
:10E7B0000000000000000000000000000000000059
:10E7C0000000000000000000000000000000000049
:10E7D0000000000000000000000000000000000039
:10E7E0000000000000000000000000000000000029
:10E7F0000000000000000000000000000000000019
:10E800000000000000000000000000000000000008
:10E8100000000000000000000000000000000000F8
:10E8200000000000000000000000000000000000E8
:10E8300000000000000000000000000000000000D8
:10E8400000000000000000000000000000000000C8
:10E8500000000000000000000000000000000000B8
:10E8600000000000000000000000000000000000A8
:10E870000000000000000000000000000000000098
:10E880000000000000000000000000000000000088
:10E890000000000000000000000000000000000078
:10E8A0000000000000000000000000000000000068
:10E8B0000000000000000000000000000000000058
:10E8C0000000000000000000000000000000000048
:10E8D0000000000000000000000000000000000038
:10E8E0000000000000000000000000000000000028
:10E8F0000000000000000000000000000000000018
:10E900000000000000000000000000000000000007
:10E9100000000000000000000000000000000000F7
:10E9200000000000000000000000000000000000E7
:10E9300000000000000000000000000000000000D7
:10E9400000000000000000000000000000000000C7
:10E9500000000000000000000000000000000000B7
:10E9600000000000000000000000000000000000A7
:10E970000000000000000000000000000000000097
:10E980000000000000000000000000000000000087
:10E990000000000000000000000000000000000077
:10E9A0000000000000000000000000000000000067
:10E9B0000000000000000000000000000000000057
:10E9C0000000000000000000000000000000000047
:10E9D0000000000000000000000000000000000037
:10E9E0000000000000000000000000000000000027
:10E9F0000000000000000000000000000000000017
:10EA00000000000000000000000000000000000006
:10EA100000000000000000000000000000000000F6
:10EA200000000000000000000000000000000000E6
:10EA300000000000000000000000000000000000D6
:10EA400000000000000000000000000000000000C6
:10EA500000000000000000000000000000000000B6
:10EA600000000000000000000000000000000000A6
:10EA70000000000000000000000000000000000096
:10EA80000000000000000000000000000000000086
:10EA90000000000000000000000000000000000076
:10EAA0000000000000000000000000000000000066
:10EAB0000000000000000000000000000000000056
:10EAC0000000000000000000000000000000000046
:10EAD0000000000000000000000000000000000036
:10EAE0000000000000000000000000000000000026
:10EAF0000000000000000000000000000000000016
:10EB00000000000000000000000000000000000005
:10EB100000000000000000000000000000000000F5
:10EB200000000000000000000000000000000000E5
:10EB300000000000000000000000000000000000D5
:10EB400000000000000000000000000000000000C5
:10EB500000000000000000000000000000000000B5
:10EB600000000000000000000000000000000000A5
:10EB70000000000000000000000000000000000095
:10EB80000000000000000000000000000000000085
:10EB90000000000000000000000000000000000075
:10EBA0000000000000000000000000000000000065
:10EBB0000000000000000000000000000000000055
:10EBC0000000000000000000000000000000000045
:10EBD0000000000000000000000000000000000035
:10EBE0000000000000000000000000000000000025
:10EBF0000000000000000000000000000000000015
:10EC00000000000000000000000000000000000004
:10EC100000000000000000000000000000000000F4
:10EC200000000000000000000000000000000000E4
:10EC300000000000000000000000000000000000D4
:10EC400000000000000000000000000000000000C4
:10EC500000000000000000000000000000000000B4
:10EC600000000000000000000000000000000000A4
:10EC70000000000000000000000000000000000094
:10EC80000000000000000000000000000000000084
:10EC90000000000000000000000000000000000074
:10ECA0000000000000000000000000000000000064
:10ECB0000000000000000000000000000000000054
:10ECC0000000000000000000000000000000000044
:10ECD0000000000000000000000000000000000034
:10ECE0000000000000000000000000000000000024
:10ECF0000000000000000000000000000000000014
:10ED00000000000000000000000000000000000003
:10ED100000000000000000000000000000000000F3
:10ED200000000000000000000000000000000000E3
:10ED300000000000000000000000000000000000D3
:10ED400000000000000000000000000000000000C3
:10ED500000000000000000000000000000000000B3
:10ED600000000000000000000000000000000000A3
:10ED70000000000000000000000000000000000093
:10ED80000000000000000000000000000000000083
:10ED90000000000000000000000000000000000073
:10EDA0000000000000000000000000000000000063
:10EDB0000000000000000000000000000000000053
:10EDC0000000000000000000000000000000000043
:10EDD0000000000000000000000000000000000033
:10EDE0000000000000000000000000000000000023
:10EDF0000000000000000000000000000000000013
:10EE00000000000000000000000000000000000002
:10EE100000000000000000000000000000000000F2
:10EE200000000000000000000000000000000000E2
:10EE300000000000000000000000000000000000D2
:10EE400000000000000000000000000000000000C2
:10EE500000000000000000000000000000000000B2
:10EE600000000000000000000000000000000000A2
:10EE70000000000000000000000000000000000092
:10EE80000000000000000000000000000000000082
:10EE90000000000000000000000000000000000072
:10EEA0000000000000000000000000000000000062
:10EEB0000000000000000000000000000000000052
:10EEC0000000000000000000000000000000000042
:10EED0000000000000000000000000000000000032
:10EEE0000000000000000000000000000000000022
:10EEF0000000000000000000000000000000000012
:10EF00000000000000000000000000000000000001
:10EF100000000000000000000000000000000000F1
:10EF200000000000000000000000000000000000E1
:10EF300000000000000000000000000000000000D1
:10EF400000000000000000000000000000000000C1
:10EF500000000000000000000000000000000000B1
:10EF600000000000000000000000000000000000A1
:10EF70000000000000000000000000000000000091
:10EF80000000000000000000000000000000000081
:10EF90000000000000000000000000000000000071
:10EFA0000000000000000000000000000000000061
:10EFB0000000000000000000000000000000000051
:10EFC0000000000000000000000000000000000041
:10EFD0000000000000000000000000000000000031
:10EFE0000000000000000000000000000000000021
:10EFF0000000000000000000000000000000000011
:10F00000BE361649020000000000000000000000AB
:10F0100000000000000000001CD20000105EBCF8E0
:10F0200001000000000000000000000000000000DF
:10F0300000000000000000000000000000000000D0
:10F0400000000000000000000000000000000000C0
:10F0500000000000000000000000000000000000B0
:10F0600000000000000000000000000000000000A0
:10F070000000000000000000000000000000000090
:10F080000000000000000000000000000000000080
:10F090000000000000000000000000000000000070
:10F0A0000000000000000000000000000000000060
:10F0B0000000000000000000000000000000000050
:10F0C0000000000000000000000000000000000040
:10F0D0000000000000000000000000000000000030
:10F0E0000000000000000000000000000000000020
:10F0F0000000000000000000000000000000000010
:10F1000000000000000000000000000000000000FF
:10F1100000000000000000000000000000000000EF
:10F1200000000000000000000000000000000000DF
:10F1300000000000000000000000000000000000CF
:10F1400000000000000000000000000000000000BF
:10F1500000000000000000000000000000000000AF
:10F16000000000000000000000000000000000009F
:10F17000000000000000000000000000000000008F
:10F18000000000000000000000000000000000007F
:10F19000000000000000000000000000000000006F
:10F1A000000000000000000000000000000000005F
:10F1B000000000000000000000000000000000004F
:10F1C000000000000000000000000000000000003F
:10F1D000000000000000000000000000000000002F
:10F1E000000000000000000000000000000000001F
:10F1F000000000000000000000000000000000000F
:10F2000000000000000000000000000000000000FE
:10F2100000000000000000000000000000000000EE
:10F2200000000000000000000000000000000000DE
:10F2300000000000000000000000000000000000CE
:10F2400000000000000000000000000000000000BE
:10F25000000000000000000000000000A21BDAAC6B
:10F26000000000000000000000000000000000009E
:10F27000000000000000000000000000000000008E
:10F28000000000000000000000000000000000007E
:10F29000000000000000000000000000000000006E
:10F2A000000000000000000000000000000000005E
:10F2B000000000000000000000000000000000004E
:10F2C000000000000000000000000000000000003E
:10F2D000000000000000000000000000000000002E
:10F2E000000000000000000000000000000000001E
:10F2F000000000000000000000000000000000000E
:10F3000000000000000000000000000000000000FD
:10F3100000000000000000000000000000000000ED
:03F32000000000EA
:020000040000FA
:020000041000EA
:081014000070070000E0070076
:040000033000AC2DF0
:00000001FF
