:020000040000FA
:10000000C0070000D1060000D1000000B1060000CA
:1000100000000000000000000000000000000000E0
:100020000000000000000000000000005107000078
:100030000000000000000000DB000000E500000000
:10004000EF000000F9000000030100000D010000B6
:1000500017010000210100002B0100003501000004
:100060003F01000049010000530100005D01000054
:1000700067010000710100007B01000085010000A4
:100080008F01000099010000A3010000AD010000F4
:10009000B7010000C1010000CB010000D501000044
:1000A000DF010000E9010000F3010000FD01000094
:1000B00007020000110200001B02000025020000E0
:1000C0001FB5C046C04600F0EFFA04B00FB41FBD24
:1000D00008205A49096809580847382057490968CB
:1000E000095808473C2055490968095808474020E5
:1000F0005249096809580847442050490968095875
:10010000084748204D490968095808474C204B4981
:10011000096809580847502048490968095808479C
:100120005420464909680958084758204349096836
:10013000095808475C204149096809580847602068
:100140003E4909680958084764203C49096809582C
:100150000847682039490968095808476C20374919
:100160000968095808477020344909680958084740
:100170007420324909680958084778202F490968CE
:10018000095808477C202D490968095808478020EC
:100190002A490968095808478420284909680958E4
:1001A0000847882025490968095808478C202349B1
:1001B00009680958084790202049096809580847E4
:1001C00094201E4909680958084798201B49096866
:1001D000095808479C201949096809580847A02070
:1001E0001649096809580847A4201449096809589C
:1001F0000847A8201149096809580847AC200F4949
:10020000096809580847B0200C4909680958084787
:10021000B4200A49096809580847B82007490968FD
:1002200009580847BC2005490968095808470000D3
:1002300003480449024A034B7047000000000020B5
:10024000C0070000C00700000122D84B5A6000BF61
:10025000D74A1268002AFBD0016000BFD44A126856
:10026000002AFBD00022D14B5A6000BFD04A12684E
:10027000002AFBD07047F0B505460E46174600240D
:1002800006E0A200B158A2005019FFF7DDFF641C80
:10029000BC42F6D30020F0BD0120C043C549086030
:1002A000401048607047014601229204086890425D
:1002B00001D9102070470020FCE7F0B505460C4638
:1002C0001646002706E028462168FFF7BDFF2D1DD2
:1002D000241D7F1CB742F6D3F0BD70B505460C4611
:1002E0002E460BE0304600F075F9FF2C01D80024B3
:1002F00001E0FF3C013C012080023618002CF1D1C6
:1003000070BD0146012292044868904201D909203B
:100310007047A9484069401C01D10F20F8E7002030
:10032000F6E7FEB504462068030000F037FA05043E
:100330002B4249598B00201DFFF7E3FF0546002D96
:1003400001D02846FEBDFFF7A7FF0120C00200F044
:1003500041F9042221469948FFF78DFF002801D07A
:100360000320EFE708222146944800F06DF90028A9
:1003700006D1002192480068FFF766FF00F00CF9F3
:100380000320DFE7A768E6686068019031463846D9
:10039000FFF7A3FF324638460199FFF78EFFB20000
:1003A0003846019900F050F9002800D1CAE703202F
:1003B000C8E700F0E3F9834800688349086041E03A
:1003C00060680190E668A0680090B200009901980A
:1003D00000F03AF90746002F00D1B3E70E20B1E74D
:1003E000201DFFF760FF0546002D01D02846A9E734
:1003F0006068002807D1FFF74FFF0320800200F05C
:10040000E9F800F0C9F8FFF747FF0120C00200F04B
:10041000E1F8042221466948FFF72DFF002801D0AA
:1004200003208FE708222146644800F00DF90028D8
:1004300006D1002162480068FFF706FF00F0ACF823
:1004400003207FE700BF00207CE770B505460C461F
:10045000182D04D12068FFF764FF206002E001201E
:10046000206000BF00BF70BDF0B589B05248406940
:1004700003905248806881000398081802900398FE
:10048000000B01900121090302984018401E000B47
:1004900000900124002520462946019A00F0C4F866
:1004A0000022401E91410791069001260027304608
:1004B0003946009A00F0B8F80022401E914105919B
:1004C0000490049BDB43059AD2430698184307998E
:1004D00011430791069037490698086007984860CD
:1004E00009B0F0BD70B53448446934488568466841
:1004F000AA003146204600F0A7F8002801D00020CD
:1005000070BD0120FCE72D484068002801D0012083
:1005100000E000200546FFF7E5FF002807D0FFF7C1
:10052000BBFE0320800200F055F800F035F8FFF71D
:100530009BFF002D0ED020484669204884684768FC
:1005400021463046FFF7C9FE224639463046FFF7BE
:10055000B4FE00BF00F020F810B5184844681A48EF
:100560000460204600F0DCF810BD15480068006803
:10057000401C01D100BFFEE710480068002802D0EF
:10058000042806D101E0FFF7BEFFFFF7E5FF00BF3B
:10059000FEE700BF00BFFEE7BFF34F8F0B480C49DB
:1005A000C860BFF34F8F00BFFEE7000000E50140C9
:1005B00000E40140000600400010001000080000A8
:1005C000B8070000BC070000000000200400FA0586
:1005D00000ED00E010B50146104B1A6808460223F2
:1005E0000F4C636000BF0F4B1B68002BFBD0531CEC
:1005F00004D0904202D20A4B186101E0084B986087
:1006000000BF084B1B68002BFBD00023044C636029
:1006100000BF044B1B68002BFBD010BD0010001066
:1006200000E5014000E4014010B5202A04DB01464A
:10063000203A9140002010BD914020239C1A03468F
:10064000E3401943904010BD034610B50B439B0790
:100650000FD1042A0DD308C810C9121FA342F8D025
:1006600018BA21BA884201D9012010BD0020C04328
:1006700010BD002A03D0D30703D0521C07E000208E
:1006800010BD03780C78401C491C1B1B07D1037854
:100690000C78401C491C1B1B01D1921EF1D118463D
:1006A00010BD70477047704710B500F007F810BDD7
:1006B000014B1B68DB6818470000002019481A49E5
:1006C0007047FFF7FBFFFFF7FBFC00BD20BFFDE716
:1006D0001649174C24688C420BD1164B1B68994263
:1006E0000CD1154B154A1360186810498842EDD09B
:1006F0000AE0134880F30888124B18470F4A13602A
:1007000018680A498842E1D080F308880E49884277
:1007100004DD0E48026802210A4302605B68184744
:100720000346DFE7C0070000C0070000FFFFFFFF30
:10073000000C000014100010001000000000002049
:10074000000400206B05000000200020240500406C
:100750000D48704502D1EFF3098101E0EFF3088104
:10076000886902380078182802D1C046074A104725
:10077000074A12682C3212681047000000B5054B7A
:10078000054A9B58984700BDFDFFFFFF4B04000042
:1007900000000020001000000400000030B4744687
:1007A000641E2578641CAB4204D3635D5B00E318D0
:1007B00030BC18471D46F8E7000C00000010000090
:1010000000150020CD64010025220000336401009A
:1010100000000000000000000000000000000000D0
:101020000000000000000000000000003D6501001D
:101030000000000000000000252200002522000022
:10104000A9650100AF6501002522000025220000EE
:101050002522000025220000252200002522000074
:10106000B56501002522000025220000BB650100B6
:1010700025220000C1650100C7650100CD650100A2
:101080002522000025220000252200002522000044
:101090002522000025220000252200002522000034
:1010A000D3650100D965010025220000252200003A
:1010B0002522000025220000252200002522000014
:1010C00000F002F815F0E3F90CA030C80838241835
:1010D0002D18A246671EAB4654465D46AC4201D170
:1010E00015F0D5F97E460F3E0FCCB64601263342A9
:1010F00000D0FB1AA246AB4633431847B456010052
:10110000E4560100103A02D378C878C1FAD85207E1
:1011100001D330C830C101D504680C6070470000AD
:101120000023002400250026103A01D378C1FBD803
:10113000520700D330C100D50B6070471FB5C046C1
:10114000C04615F063F904B00FB41FBDF0B44046BB
:10115000494652465B460FB402A0013001B506482D
:10116000004700BF01BC86460FBC804689469246B8
:101170009B46F0BC70470000C11000008269024924
:101180008161024810447047911100000100000085
:1011900001B41EB400B50BF0E6FF01B40198864619
:1011A00001BC01B01EBD0000401E00BF00BF00BF5B
:1011B00000BF00BF00BF00BF00BF00BF00BF00BF37
:1011C00000BFF1D17047000070B505460C461646C9
:1011D00002E00FCC0FC5103E102EFAD2082E02D31B
:1011E00003CC03C5083E042E07D301CC01C5361F2E
:1011F00003E021782970641C6D1C761EF9D270BD45
:101200008307FF22DB0E9A408907090E99400028C8
:101210000BDA0007000F0838830828489B001818CD
:10122000C36993430B43C3617047830824489B0001
:101230001B181868904308431860704710B504469F
:1012400000210120FFF7DCFF00211820FFF7D8FF65
:1012500000210B20FFF7D4FF02211920FFF7D0FF58
:1012600002210D20FFF7CCFF02210E20FFF7C8FF5F
:1012700002210F20FFF7C4FF0221C81FFFF7C0FFA4
:1012800003211620FFF7BCFF03211520FFF7B8FF4D
:10129000204600F019F8002010BD6421018070473D
:1012A00010B500F020F810BD0648704710B500F0EA
:1012B00022F810BD704770477047000000ED00E055
:1012C00000E400E003F9004370B505462D4C07200B
:1012D0002070A01CFFF7E1FF5920A080294620467E
:1012E00000F099FB70BD10B500F09EFB2549002071
:1012F000891E087010BDF8B5224E0446B61E30781F
:1013000001270D46002807D0204660380B2808D852
:10131000204600F03DFF2BE0602CF9D01A48086011
:10132000F8BD20466C38032803D8204600F071FF32
:101330001EE0204670381F2803D8204600F045F9EB
:1013400016E0204690380F2803D8204600F0E8F831
:101350000EE02046A0380F2803D8204600F074F88D
:1013600006E02046B0380F2804D8204600F0CAF91D
:10137000286000E02F60602CD2D128680028CFD1EF
:101380003770F8BD1A000020013000000120244908
:10139000C003086023490020087007202249C005C7
:1013A0008860704770B51F4D04462878A04207D06A
:1013B000002C05D0002803D01CA14D2015F033F8D7
:1013C0002878A0420ED000211D4A17482C70002C0E
:1013D00019D01C4B012C06D0022C0BD013A1682075
:1013E00015F021F870BD11600221116053610321D5
:1013F000090605E011600321116053610121C9054F
:101400008160416070BD116011600721C905816074
:1014100070BD10B505A1712015F005F810BD0000D4
:1014200080E100E02000002000F501407372635C61
:1014300068616C5F63636D5F6161722E63000000C1
:1014400000F500404001002010B5A038030015F061
:10145000DBF80B070E172028313A414B525C650030
:101460004B6808788A68194603F0E6F910BD888849
:101470008A6883B20888194680B203F0ECF910BD7F
:1014800008884C68CB688A6880B2214603F0E7F987
:1014900010BD08884B688A6880B2194603F0FBF9D2
:1014A00010BD88888A6883B20888194680B203F024
:1014B00007FA10BD88888A6883B20888194680B206
:1014C00003F041FA10BD08884A6880B2114603F063
:1014D00080FA10BD088982B2888883B208881946CC
:1014E00080B203F081FA10BD08884A6880B21146C4
:1014F00003F09EFA10BD08894C6882B20888CB6858
:1015000080B2214603F018FB10BD08884C68CB68F8
:101510008A6880B2214603F02AFC10BD012010BD6C
:1015200010B59038030015F06FF809060F161D244A
:101530002C363F464E0088888A6883B20888194650
:1015400080B204F031F910BD08884A6880B21146B3
:1015500004F065F910BD08884A6880B2114604F0AD
:101560006AF910BD08884A6880B2114604F070F923
:1015700010BD08884B688A6880B2194604F07BF970
:1015800010BD088982B2888883B20888194680B263
:1015900004F07AF910BD08894B6882B208881946B0
:1015A00080B204F090F910BD08884A6880B21146F4
:1015B00004F09BF910BD888882B20888114680B279
:1015C00004F0EFF910BD012010BD10B57038030014
:1015D00015F01AF81B0F15192125282F363B40440A
:1015E000484C53585F688D707980888D8D8D8D8FB4
:1015F00096004A680878114608F0FDFD10BD08689D
:1016000008F04AFE10BD0C790B7B8A6808682146F9
:1016100008F053FE10BD086808F011FF10BD08F077
:1016200065FB10BD08884A6880B2114609F043F88E
:1016300010BD0A790888114680B209F0D3F810BDB0
:10164000087840B209F0DCF810BD088880B209F0D3
:10165000F0F810BD086809F0FEF810BD086801F048
:10166000D2FB10BD086801F0FCFB10BD088982B2F6
:1016700009C9194609F007F910BD05C9114609F055
:1016800051F910BD08884A6880B211460AF0A6F9DF
:1016900010BD0C790888CB688A6880B221460AF0B0
:1016A000C5FA10BD0B7908888A6880B219460AF01D
:1016B0006DFC10BD08884C68CB688A6880B22146F2
:1016C0000AF0D5FC10BD08884A6880B211460AF0BD
:1016D00018FD10BD0B7908880A7A80B2194609F006
:1016E00044F910BD088880B209F044F910BD062005
:1016F00010BD08884A6880B2114609F042F910BD51
:10170000012010BD10B5B02805D0B12808D0B228EE
:101710000BD0012010BD088880B20BF0FBF810BD83
:10172000088880B20BF015F910BD08884B688A68EC
:1017300080B219460BF01EF910BD000010B5030071
:1017400014F062FF0A0609060C0C0F0F06060612BB
:1017500008F0F4FA10BD0AF0C5FE10BD01F03EFA23
:1017600010BD06F09FFA10BDFAA1FE4814F05BFE12
:1017700010BD3EB5FC49054603C900900191FF200C
:10178000C33069460881F94A092310460A212838DE
:101790000BF0BFFD0024F6480BF0D9FD641CE4B249
:1017A0000A2CF8D3F14801231A4602A990300BF015
:1017B000A0F9002804D0FF20E6A13D3014F033FE4C
:1017C000686800F024FC00211E22084604F06CF931
:1017D00008F0C3FC02222421E64801F07DFBE54825
:1017E00001222C214C3001F077FBE2490B20B0396B
:1017F00001F0FEF9002804D0FF20D6A1513014F0EA
:1018000012FE0AF03EFE02F097F96B460022082114
:10181000D9A008F07DFB002804D0FF20CDA15730CF
:1018200014F001FE284602F0E7FC002804D0FF2057
:10183000C8A1593014F0F7FDF3218900D14814F004
:10184000D3FCD04801214171022181710721C1716E
:101850003EBD10B5CB4CA0780A2804D3FF20BDA113
:10186000903014F0E0FD20786021484300190021F9
:101870000173417BF722C908C900C91C1140EF223E
:10188000114041730121E1700C3010BD70B50E465E
:1018900000211C4619801546030014F0B5FE0723ED
:1018A000050B1711231D23002246294630460AF056
:1018B00037FE70BD22462946304608F095F870BDC7
:1018C00022462946304601F0E2FF70BD22462946F5
:1018D000304603F0EAFD70BD22462946304600F04E
:1018E00010FC70BDFF209BA1EF3014F09CFD032085
:1018F00070BD70B5A34CE078002818D02078602126
:1019000048430019407B00254007400F0119087922
:10191000401E08712078401CC0B220700A2800D1F7
:101920002570A078401CA0700BF097FEE57070BD8C
:101930009448C079002800D08BE7704770B5914D6E
:10194000A86800280CD0FFF7F3FF002862D06022BF
:10195000A968FFF739FCFFF7CCFF0020A860EFE78C
:101960006879002856D0FFF774FF044681484C3050
:1019700001F0C2FA6060002804D17A4875A14A30AB
:1019800014F051FD606801F01AFB00280DD02046CC
:1019900007F00BFF6078010703D5C008C000401CAA
:1019A0002BE0744861684C302DE0724861684C301F
:1019B00001F0ABFA00F05AFB00282BD1FFF749FFEA
:1019C00004466C4801F098FA6060002804D1332086
:1019D00060A1000114F027FD606801F0F4FA00280E
:1019E00014D060680088608020460AF0CCFD6078E2
:1019F000010706D5C008C000801C6070FFF779FFA2
:101A00009EE75C48616801F080FA99E7594861688F
:101A100001F07BFA70BD10B55B4CE160A0605B48E3
:101A200000F032FC607010BD57490020087070470C
:101A300070B5574E0546706A94B00C46401C04D1F0
:101A4000B06AC0430004000C0BD0306AC007C00F5E
:101A50002870706A14F0DBFBB06A2071000A6071B4
:101A600014E02B206946087009A9684601F07BFA4A
:101A7000002804D03B4837A17E3814F0D4FC012064
:101A8000287006220AA9204614F04FFB2878002867
:101A900003D06079C0210843607114B070BDF0B507
:101AA0003B4C0646206895B00D4637460837401C2B
:101AB00008D16068401C05D1A068401C02D1E068D4
:101AC000401C11D02068314614F0A1FB6068311D24
:101AD00014F09DFBA068394614F099FBE06831468C
:101AE0000C3114F094FB25E02B206946087009A9FD
:101AF000684601F038FA002804D01A4815A1553874
:101B000014F091FC08220AA9304614F00EFB2B2099
:101B10006946087009A9684601F025FA002804D032
:101B200010480CA14E3814F07EFC08220AA9384651
:101B300014F0FBFA20692E460836401C08D1606973
:101B4000401C05D1A069401C02D1E069401C33D083
:101B500020691FE07372635C686F73745F636F72F8
:101B6000652E6300C3020000F866010094010020A6
:101B70003D170000640800206E524635313832327D
:101B800000000000E8030020240000203D190000B0
:101B900080000010294614F03AFB6069291D14F0FA
:101BA00036FBA069314614F032FBE06929460C315E
:101BB00014F02DFB15B0F0BD2B246846047009A964
:101BC00001F0D1F9002803D0F649F74814F02BFCB6
:101BD000082209AF28460AA914F0A7FA684604703B
:101BE00009A901F0C0F9002804D0EF48ED49C01D53
:101BF00014F019FC0822391D304614F096FAD9E782
:101C000070B5EA4C0546A068002804D0E648E549CE
:101C1000563014F008FCA56070BD10B50146E448CC
:101C200001F073F9E1498879401CC0B2887101283C
:101C300003D1E048407800F04BFB10BD70B504467E
:101C4000DD4816460D46814204D1D748D549CB30F0
:101C500014F0E9FB012E05D0D348D249DA3014F054
:101C6000E2FB70BD6620207000202072A58101205B
:101C7000A07370BD70B515460C460646FFF758FEBA
:101C800000280CD066210170468001210172216874
:101C90000161A18881820573FFF72BFE70BD1321BE
:101CA000304608F09FFD70BDC2494968884201D2A4
:101CB00010207047072101700020704770B5BD4C9F
:101CC00005462078002694B0002801D00820E4E6DC
:101CD000BA4A6260954201D21020DEE668680028A8
:101CE00009D00921D82804D3C31C9B089B00834238
:101CF00005D00846D1E60720000268600EE0012109
:101D000009074B6B896B4B43AD49511A0122591A94
:101D1000D202891A814201D20421EAE700F050FF81
:101D20006178A06806F052F8E068401E07280BD8DA
:101D3000302269460A708870684607F007F9002863
:101D400002D009A806F07CFA2846FFF712FD012010
:101D500020703046A1E6F8B5044696480F46406824
:101D6000814208D3002C01D0844204D3E01C8008B7
:101D70008000A04201D01020F8BD8C488178002955
:101D800011D0398800914178602251430D18287B89
:101D90000C350007000F3B4600222946FFF776FD71
:101DA000060004D015E0002038800520F8BD002C86
:101DB00013D039880098814201D90C260DE028788B
:101DC0003B460007000F22462946FFF75FFD06004D
:101DD00005D00C2E01D0002038803046F8BD734C61
:101DE0006078401CC0B260700A2801D10020607089
:101DF000A078401EA07068784107490F01290ED0D5
:101E0000022906D003291AD066496E4814F00BFB4C
:101E1000E3E7C006E1D46868FFF7FFFEDDE764484A
:101E200069684C3001F071F86079401CC0B2607193
:101E30000128D2D15F48407800F04AFACDE7E07936
:101E4000401CE071C9E7604A10B5904209D3594A75
:101E50000124A4045268A04201D3904201D39142CC
:101E600001D2102010BD00F0FCFE10BD564B10B585
:101E7000994209D34F4B0124A4045B68A14201D3CA
:101E8000994201D39A4201D2102010BD022803D0FA
:101E9000102801D0092010BD00F009FF0028FAD059
:101EA000052010BD484B10B598420DD3414B01247D
:101EB000A4045B68A04201D3984205D3994203D39E
:101EC000002A03D09A4201D2102010BD00F015FF65
:101ED0000028FAD0072010BD10B50446354894B04C
:101EE0004068844202D2102014B010BD0F2008A90F
:101EF000087369460BA801F036F80028F4D168464B
:101F0000007A207068464089608068468089A08099
:101F10000020E9E710B500290BD0264A526891420B
:101F200002D30B68934201D2102010BD8A88002A88
:101F300002D001F05AFE10BD092010BD10B5224A92
:101F400094B091420ED31B4A01239B0452689942DC
:101F500001D3914206D3441E1E2C41D8994203D38B
:101F6000914201D21020BFE7012837D10878002420
:101F7000C007C00F002803D003206946887001E025
:101F80006846847038206946087009A9684600F0E0
:101F9000EAFF002804D041200CA1C00014F043FA4D
:101FA0002046A1E7541B000093020000E803002034
:101FB0006408002024000020FFFF0000001900201A
:101FC000000000200A040000008001007372635CBE
:101FD000686F73745F636F72652E6300072083E719
:101FE0000246203A1F2AF9D807F0F9FF7CE710B51E
:101FF0005F4A5268914201D2102010BD0246203A39
:102000001F2A02D808F065F810BD072010BD70B572
:102010000546584C0020207020464619544846601A
:10202000E01C80088000A04204D0FF2052491330F9
:1020300014F0F9F901200007C06AC0430006000E41
:1020400003D14E480068401C03D04D484D49301A1A
:10205000C862A8B20122214604F039F9002804D050
:10206000FF204549233014F0DEF970BDF0B595B07E
:102070003B2008A9087369460BA800F074FF0028EC
:1020800004D0FF203C496B3014F0CDF93E4E0024C3
:102090006D4630E02F19B87DC10706D0400704D443
:1020A00060004019C0880AF08DFB3848807900280C
:1020B0001FD0B87D80071CD560004019C088002261
:1020C00006210AF09CFB002813D03C2108A80173CC
:1020D00060004019C1886846C18569460BA800F0B8
:1020E00042FF06000BD0FF2023497F3014F09BF9FC
:1020F00005E0641CE4B268460079A042CAD83046C4
:1021000058E5F7B505460078002700090C463E461D
:10211000062804D0FF201849A83014F084F9287A42
:1021200000280ED0012814D0FF201349C93014F024
:102130007AF90298002C068001D027806680002062
:10214000FEBD02270926002C0ED0A889A080A87BFE
:1021500008E003271426002C06D02869E060A88A2E
:102160002082287B2072E4E702980680E7E70000DF
:102170002400002000190020CC1F000000100010D7
:10218000000000200005004004300000E8030020AB
:1021900010B56038030014F037FA0A060A0F131856
:1021A0001F252930353A0868FFF788FD10BD05C99D
:1021B0001146FFF7D0FD10BD0868FFF775FD10BD93
:1021C00005C91146FFF73FFE10BD4B6808788A68C5
:1021D0001946FFF74BFE10BD8A6809C91946FFF77B
:1021E00061FE10BD0868FFF777FE10BD08884A68D9
:1021F00080B21146FFF78EFE10BD05C91146FFF7EC
:102200009DFE10BD05C91146FFF7F1FE10BD01206E
:1022100010BD0120704700000E4A12680C498A4226
:102220000AD118470B4A1268094B9A4204D101B5EA
:102230000AF090FF03BC8E46074909680958084711
:1022400006480749054A064B704700000000000099
:10225000BEBAFECA7800002004000020001500204D
:102260000015002001203F49400608603E490860F3
:102270003E490A68FF231B029A4383121A430A60ED
:10228000384980390860704710B502460420384943
:1022900004E0C3005B181B79002B0AD00346401EE4
:1022A000C0B2002BF5D133A1432014F0BCF8FF20BD
:1022B00010BDC300CA50002259184A718A71012208
:1022C0000A7110BD2A4A0021C000801801717047B0
:1022D00010B50446042803D326A1522014F0A3F815
:1022E0002348E1000C182079012803D021A15320B4
:1022F00014F099F86079A179401CC0B2814200D0F5
:1023000060710120174940068031086010BD70B52A
:10231000164804250068164E0004800F1B4C022846
:102320001AD014A1692014F07EF815E02078C100BD
:1023300088190279012A07D1427983799A4203D018
:1023400042798271705880472078401CC0B220705A
:10235000042801D30020207028466D1EEDB200280D
:10236000E4D170BD80E100E080E200E018E400E02C
:10237000E00800207372635C736F635F7369676E5C
:10238000616C6C696E672E630000000034000020F1
:1023900010B5EFF31080C407E40F72B6D24841784D
:1023A000491C41704078012801D10BF07BF9002CC9
:1023B00000D162B610BD70B5CB4CE07800280AD1D0
:1023C0000125E570FFF7E4FF0BF074F9002804D055
:1023D00000200BF047F9002070BDC44865714560CE
:1023E000F9E770B5EFF31080C507ED0F72B6BE4C7C
:1023F0006078002803D1BEA18F2014F014F8607813
:10240000401E60706078002801D10BF04FF9002D5C
:1024100000D162B670BD10B5B348C178002904D0B0
:1024200000214171C170FFF7DCFF002010BD10B525
:1024300004460BF03FF9AC49C978084000D00120B0
:102440002060002010BDF8B50246A74C0026A671FA
:102450000820042101251027130014F0D5F80D08D9
:102460000A0C0E101214161E262123252800257191
:1024700022E0022001E021711EE020711CE02771A2
:102480001AE02020F9E7012616E0FFF781FF0BF0A4
:1024900011F90028FBD002260EE02171A5710BE096
:1024A0002771FBE7202000E040202071F6E7FF20A5
:1024B0008FA1763013F0B7FF0BF008F9002809D090
:1024C0000BF00AF9B04205D130460BF008F90028AC
:1024D000FAD02CE001208007C560894900224A60BB
:1024E000884A9661814B02225A608560864802695B
:1024F000D243D206D517026910231A4302610F4650
:102500006D1C00E020BF78680028FBD030460BF03F
:10251000E6F80028FAD0002D04D17B48026910218A
:102520008A43026171490220886000207860A079A6
:1025300000280CD00BF0BEF805460BF01BF8734AD0
:10254000002D02D0A260E06001E0E260A060002EF9
:1025500001D100F0A5F8F8BD10B504460BF0B0F8B5
:10256000002805D060490120C8704A78521C4A7082
:102570002046FFF768FF10BDF8B5614DA86800263A
:10258000012802D1AE600BF06DF86868012800D117
:102590006E6028680127544C012812D12E606079A2
:1025A000002803D000200BF05DF866712078002829
:1025B00007D00BF07FF8002803D0012080070761C7
:1025C000A770286901282AD12E6100F05FF8012048
:1025D00080074761A079002815D00BF06BF80090B8
:1025E0000AF0C8FF0099002901D0E16800E0A16865
:1025F000411A022901DA8A1C11DC0099002901D054
:10260000E06000E0A060FFF7C3FE0BF053F8002885
:1026100004D0012080070761A77000E02770E868F8
:10262000012812D100F032F800F030F800F02EF856
:10263000A078002804D1FF202DA1033013F0F3FE71
:10264000EE60A6702670FFF7CCFEF8BD10B5264CE4
:10265000E078002801D10BF029F80120810788617A
:1026600000F014F8A07800280BD0254CE068002872
:1026700003D10BF034F80028F8D10020E06000F01E
:1026800005F800201949C043886010BD08B55020E6
:10269000694608806A461088411E1180FAD208BD3A
:1026A000F8B5124819278760154900200860C860EE
:1026B0000BF000F8BE0701240B4D002802D0346156
:1026C000AC7000E02C70FFF763FE084847600D49CE
:1026D00028798863FFF7DAFFB461FFF7D7FF08496D
:1026E000002008617461F8BD38000020000300403C
:1026F0007372635C736F635F636C6F636B2E6300F5
:10270000000100400005004000ED00E0FFFFFF7FFA
:102710008107C90E002808DA0007000F0838800872
:102720002E4A80008018C06904E080082C4A80008E
:1027300080180068C8400006800F704710B50D2053
:10274000FFF7E6FFC4B20420C043FFF7E1FFC0B2C9
:10275000844203D023A11A2013F065FE26490120EC
:10276000486010BD0121254A48031060244B002217
:102770001A60244A5160244A1060244A11601F499B
:1027800080390860704701211C4A480310601F4AC5
:1027900051601B4A002111601B490860704710B549
:1027A00017490868012804D00EA1572013F03BFEFA
:1027B00010BD114880680022C0B20A600AF020FCF7
:1027C00010BD10B50E4801680029FCD0FFF7E7FFE7
:1027D00001200D494003086010BD000000ED00E03D
:1027E00000E400E07372635C736F635F68616C5F49
:1027F000726E672E6300000000D5004080E100E0AB
:1028000000D1004000D3004080E200E000D0004052
:1028100030B40121BC48C9020160CD1005604A03F3
:102820000260BA4803681B021B0A036004680023A5
:10283000240A24020460B6480468240A24020460BE
:10284000B448012444608460B34C23606360A36097
:10285000B24B19601D601A60B14B19601A600121FA
:10286000016030BC704710B40121A748CA02026061
:102870000B0203600C060460A64841608160A94811
:1028800041680029FCD1A4490020086048608860A4
:10289000A24802600360046010BC704701219F4899
:1028A000C9020160C91001607047002805D00128E5
:1028B00005D0022805D19C4870479C4870479C4829
:1028C000704710B59BA18B2013F0ADFD002010BD0B
:1028D00070B500219E4C9F4D9F4A8F4B002808D019
:1028E00001281DD0022822D092A1B32013F09BFD15
:1028F00070BD01200004A060A86011601960974BB2
:10290000C2039A60964A90607F4A00121060954810
:10291000016086480160944801609448017070BD70
:1029200001204004A060A8605160596070BD012082
:102930008004A060A8609160996070BDF8B594466D
:10294000834A8B4F834D00240126002808D001289C
:1029500032D0022840D077A1E82013F064FDF8BD02
:10296000891E0902090A0120000490603C64686025
:102970006C4A1164012B1DD000217C4A7D4B5170A3
:102980006146DC63DE637C4B5C6002249C60042453
:102990001C61744B3D31196073490E605F4B8915A2
:1029A00019606F4B58605E4801606C49C005486013
:1029B0001670F8BD0121E0E70120704E4004704F11
:1029C000012B04D13464506068603964F8BD9060B4
:1029D000346468603964F8BD01206A4E80046A4F2F
:1029E000012BF4D1EEE74F484068704770B54A4D6F
:1029F00028680026564C012806D1A068C00303D5DC
:102A000001200004A0602E606868012809D1A06838
:102A1000800306D501204004A0606E6001200BF009
:102A200041FEA868012809D1A068400306D501200D
:102A30008004A060AE6002200BF034FE70BD10B5C3
:102A40004A490878002818D00120444AC0079060FD
:102A5000434AC00B90602C4A00121060414A00208B
:102A60001060324A1060404A106008704A78002AAC
:102A700002D048700BF016FE10BD0320FAE70120CB
:102A8000424900060860704701202449000608609A
:102A9000704701203D4940050860704701201F49EB
:102AA00040050860704733490020C86388151B49FA
:102AB00008607047410A364AC005C00D5043801C6B
:102AC0005143400A0818704710B4324C430B63431B
:102AD0001B0C5C020C602E4C6343C31A2E485C0234
:102AE00058432B4B400D4343E31A0124DB032404DA
:102AF0001B191B1613700A681018086010BC704769
:102B000010B50BF0A2FE10BD80E100E008E400E08B
:102B100018E400E000B0004040B1004080E200E076
:102B200000E100E000B5004048B1004040810040B5
:102B300044B100407372635C72656D5F68616C5F85
:102B40006576656E745F74696D65722E6300000052
:102B500000B3004040B3004040B5004000F50140E4
:102B60000083004040850040008200404800002073
:102B700000B10040C08F00400085004004B100401B
:102B800004B5004008B1004008B5004000E200E094
:102B9000093D0000378600006F0C010010B50BF0F6
:102BA00040FE10BD00200449C8630120012181407E
:102BB000024A116000BF7047C01F004080E200E081
:102BC00010B50CF097FA0AF059F9FEF7DFFB12F096
:102BD00063FA0CF0F5FF0CF081FF10BD70B50C46E8
:102BE000054603F0D5FA214628460EF026F870BDBA
:102BF00070B50D46040012D0002D10D021012846DA
:102C000013F0F0FA10225449284613F08EFA524875
:102C100001210838018044804560002070BD0120FA
:102C200070BD70B54C4E00240546083E11E0716839
:102C300020014018817BAA7B914209D1C17BEA7BAC
:102C4000914205D10C22294613F042FA002806D001
:102C5000641C30888442EADB0020C04370BD2046FB
:102C600070BD70B50D4606000AD0002D08D03A4C54
:102C7000083C20886188401C884203D9042070BD2C
:102C8000102070BD3046FFF7CCFF002801DB401C50
:102C90000AE020886168000140181022314613F0D4
:102CA00044FA2088401C20802870002070BD70B538
:102CB00014460D001FD0002C1DD00021A170022849
:102CC00002D0102817D108E068782978000208435C
:102CD00011D00121A17010800BE02846FFF7A1FF61
:102CE000002808DB401CA070687B297B0002084399
:102CF0002080002070BD012070BD70B505461446CF
:102D00000E000AD000203070A878012807D004D91E
:102D1000114908390A8890420BD9012070BD002C56
:102D200004D0287820702888000A5070022008708B
:102D300010E0002C0CD049680001411810222046F8
:102D4000103913F0F2F9287820732888000A60738C
:102D500010203070002070BD540000205A4910B57A
:102D6000884207D301218904884205D3574909685D
:102D7000884201D2102010BD0146012006F0E4FA7D
:102D800010BD30B5044693B000200D4607901421C5
:102D90000BA813F029FA1C21684613F025FA6A469D
:102DA000112010770020507710780221084310700E
:102DB00007A80C90012008AA907245486A46108521
:102DC0000AA80B902088108460885084A088908482
:102DD000E088D084907FF9210840801C40084000A2
:102DE000907708209086108708A80F9010AA0BA94A
:102DF000684600F083FF002803D110A800882880CF
:102E0000002013B030BD3EB5044608206946088056
:102E10002D48844207D301208004844205D32B48E7
:102E20000068844201D210203EBD2146012006F0F8
:102E30008BFA0028F8D12088694688806088C8808D
:102E4000A0880881E088488107F05FF801AB6A46F6
:102E5000002101F0E1FB694609880829E4D003203C
:102E60003EBD1FB504460020029008206946088137
:102E700015480391844207D301208004844206D37D
:102E800012480068844202D2102004B010BD07F03E
:102E90003CF8014602AA0F4801F055FD0028F4D184
:102EA00069460989082901D00320EEE769460988A7
:102EB000218069464988618069468988A180694680
:102EC000C988E180E1E700000080010028000020BF
:102ED000042A0000FFFF000010B5031D036000205E
:102EE000521E04E05C181C60401C2346C0B2904295
:102EF000F8DB0020186010BD01460A680020002A97
:102F000002D0104612680A60704702680A600160C9
:102F10007047000000B51E2823D00BDC0C281CD005
:102F20001FDC030013F070FB090F1D111D1D171787
:102F300013151D00302814DD3A38030013F064FB2C
:102F4000030F11091100002000BD214800BD04201D
:102F500000BD0D2000BD0F2000BD082000BD1120C8
:102F600000BD032000BD10B50C4605F0EFFF0028A2
:102F70001ED0204605F064F9002816D022780E2ACB
:102F80000DD00F2A0BD0022A09D0032A07D0102A0D
:102F900009D010A17C2013F046FA002010BDA078C3
:102FA000FFF7B8FF10BD112010BD0AA18220F2E783
:102FB00008A18820EFE710B504F083FF10BD10B51D
:102FC00005F03EF910BD10B504F0D9FF10BD0000AA
:102FD000023000007372635C686F73745F686369CA
:102FE0002E63000070477047704770477047704706
:102FF00070477047704770477047704770470000D0
:1030000010FFFFFFDBE5B151008001006400FFFF0E
:1030100003B40148019001BD09000020002803D03D
:103020008178012939D101E0102070470188FE4ADA
:10303000881A914233D01BDCFC4A881A91422ED068
:103040000BDC00292BD00320C002081A27D001284E
:1030500025D001210903401A07E001281FD00228CA
:103060001DD0FF281BD0FF380138002815D116E0ED
:10307000FF220132811A904211D008DC01280ED0C3
:1030800002280CD0FE280AD0FF2806D107E001292B
:1030900005D0022903D0032901D0002070470F205A
:1030A000704700B50B2826D009DC030013F0ACFAFA
:1030B0000B1D2125251B25292325271F1B00112832
:1030C0001BD008DC0C2816D00D281CD00F2814D0DB
:1030D000102808D10FE0822809D084280FD0852835
:1030E0000FD0872811D0032000BD002000BD05208F
:1030F00000BDCF4800BD072000BD0F2000BD04204B
:1031000000BD062000BD0C2000BD0D20800200BDCA
:1031100070B500290BD0CB1FFA3B81241E46CDB2DF
:10312000112B1BD2012805D0022806D009E000206F
:1031300010701DE0FF20043001E0FF2003308142C9
:1031400018D0330013F060FA111613131613161665
:103150001316161613131313161316000846FF380A
:1031600081381F2803D9FF39FE39022902D815708A
:10317000002070BD1470072070BD00B5030013F06F
:1031800043FA060406040C080A0C002000BD1120B6
:1031900000BD072000BD082000BD032000BD007851
:1031A0000207120F04D0012A05D0022A0AD10EE02C
:1031B000000907D108E00009012805D0022803D042
:1031C000032801D0072070470870002070470620B0
:1031D0007047002807D0012807D0022807D003280D
:1031E00007D007207047002004E0112002E02120D2
:1031F00000E0312008700020704738B50C4605000B
:103200004FD06946FFF7CBFF002822D12088032149
:1032100089028843694609788907090D0843208097
:103220006946681CFFF7BBFF002812D121880320E4
:1032300000038143684600788007800C01432180A9
:10324000A8784007820F2020012A03D0022A03D049
:10325000072038BD814300E00143218088B2010589
:10326000890F08D0012189038843A9780907C90F6C
:1032700089030843208080B28104890F0AD0A9788D
:103280004004C906C90F400CC903084320808004CC
:10329000800F02D12088400403D5208840210843B4
:1032A0002080002038BD70B50446002008801546F7
:1032B0006068FFF7A2FF002815D12189A08981420B
:1032C00010D861688978C90708D00121490288426D
:1032D00008D8491C12F0A3FF298009E0FF21FF3123
:1032E000884201D90C2070BDFF30FF3003302880A8
:1032F000002070BD10B5137804785B08E4075B000C
:10330000E40F23431370FD2423400478A407E40F43
:10331000640023431370FB24234004786407E40F04
:10332000A40023431370F724234004782407E40FF8
:10333000E40023431370EF2423400478E406E40FF1
:10334000240123431370DF2423400478A406E40FF0
:103350006401234313700078BF244006C00F23404C
:10336000800103431370002906D00878C10701D1FA
:10337000800701D5012000E00020C0015906490E58
:103380000843107010BD30B50A8803239B020488DF
:103390009A4323059D0F02D1A3049C0F01D09B0FDC
:1033A00000E001239B021A4303230A801B039A4374
:1033B00003889804840F02D11805830F01D0800F71
:1033C00000E00120000302430A8030BDF3B593B052
:1033D0000D000FD0139800280FD01221284612F0AC
:1033E00001FF03AAFF21012003F0E7F8002426468D
:1033F00037467AE0102015B0F0BD0720FBE768469D
:10340000807D01280BD16846818A0520C002081AF8
:1034100010D0012810D0022812D0032812D0042C7A
:1034200014D0052C15D113E002290000012800005A
:1034300003300000012400E002246846468A08E0C8
:10344000032406E068460424478A02E0052400E0DD
:1034500006246846418A1398814246D12C74002E76
:1034600041D00DAA0EA905200292019100901023CF
:103470000022FF21304603F041F9002823D168469D
:10348000808E2A46C0B20EA9FFF711FC00281AD17F
:10349000AE81002F27D00DA9052008AE0291009023
:1034A000132300220196FF21384603F027F9002854
:1034B00009D16846808EF11CC01EC0B22A1DFFF7DC
:1034C000F6FB002801D0032095E708A88178427810
:1034D00008021043E881062C05D16846807DA87259
:1034E0006846808A2881002085E703A803F06EF8EB
:1034F000002884D0FFF7D5FD7DE7002805D0F94AE4
:10350000012903D0022903D003207047518800E02D
:103510009188814201D1002070470720704770B523
:103520000C4605461C21204612F05CFE002020803F
:10353000002D08D0012D04D0EBA1F04812F073FF4C
:1035400070BD062000E00520A07070BD70B592B07F
:103550001546064601206A461071107453740846D9
:1035600008300395029048889082FEF7E1F9040044
:1035700019D06580172069468883203600940AABED
:103580007178023307AA01A80DF05FF9064660784A
:10359000000701D5FEF7ADF9002E0AD03046FFF73F
:1035A000ECFD12B070BD1321284607F01BF9032073
:1035B000F7E708A800906846838B0422012128467B
:1035C00008F035FEEDE770B506468AB000200D46DE
:1035D00007900590069003A90490052402460291E5
:1035E0000190102300942946304603F087F8002804
:1035F0000DD108A804A9009102900194684683891E
:1036000000222946304602F095FE002801D0FFF73F
:1036100048FD0AB070BD10B50DF01DFB10BDF0B532
:1036200089B000260546059600780C460827030059
:1036300012F0EAFF0CFD070C3A0B77779EC2FCD81C
:10364000E8FD68680A38FEF7E8FA0DE1A88800236B
:1036500080B201220321009009F08CFA0290002C24
:1036600004D0A648A0A16E3012F0DDFE029800281A
:1036700004D1A2489CA16F3012F0D5FE02980099A7
:1036800008300CF017FDFEF753F9040007D06078FE
:103690003843607000986080FEF72BF9E6E0132154
:1036A000009807F09FF8EFE0002C04D1BD208EA118
:1036B000800012F0B8FE608800230122032109F087
:1036C00059FA0090002804D18C4887A1883012F064
:1036D000AAFE0099002008802A7994461EE0C300C3
:1036E0005B199B6807936B469B8B1A0708D5DA0614
:1036F00006D56046C20050194038C08F088006E0E9
:103700005B0409D50871C2005019C08848806078F0
:10371000384360700226A7E0401CC0B28445DED862
:10372000A2E0E888694608800090002C04D1734824
:103730006DA1983012F077FE2878062814D10098F1
:10374000C00B11D0608800230122032109F012FA76
:10375000060004D1694864A1A23012F064FE002082
:103760003071A88870803BE06078384360707BE0FF
:10377000002C04D161485CA1B43012F054FE608882
:1037800000230122032109F0F5F90090002804D15B
:103790005A4855A1B73012F046FE009808300DF097
:1037A000ACFA0121484002D1E888C00B5CD00098F7
:1037B00061880226C180D7E7002C04D14F484AA176
:1037C000D03012F030FE608800230122032109F07E
:1037D000D1F9002804D1494843A1D33012F023FE87
:1037E0000226C1E7002C04D144483FA1DC3012F08E
:1037F0001AFE0226618801222046FEF71FFA0120E8
:103800000590B1E7A889002380B20122032100902E
:1038100009F0B0F90746002C04D0384832A1EE3048
:1038200012F001FE002F07D12FA101E00FE016E0FA
:103830003248EF3012F0F7FD686802902889694637
:103840008881012202A90098FEF714FA0CE0002CEE
:103850008AD16D2024A1C00012F0E5FD84E727483D
:1038600021A1FE3012F0DFFD002C0DD060780007A2
:103870000AD50598002807D18420207020465822B8
:1038800029460830FDF7A0FC304609B0F0BDF7B579
:103890000C460546007A224688B00A320292921CF3
:1038A00004920027811E16323E4601920B0012F050
:1038B000ABFE08F605F548488DD1F4F5688800237D
:1038C0000122032109F056F90190002803D106A135
:1038D0000B4812F0A8FD01980088002812D052274A
:1038E000072601E1000900207372635C676174744C
:1038F000735F636F72652E63000000006F0200004B
:103900008603000051271E26002C7DD06888A080E9
:103910000120A071019802990079C0004019C08966
:10392000FFF754FD002870D101980079C0004019BC
:10393000C089208101980079C0004019408AA08385
:10394000F2E0698A0091062820D1E889C00B1DD0D9
:1039500008462230512786B2002CD6D0A889049977
:10396000FFF734FD002873D16888A0800220A07181
:10397000A88920810120A072288AE08300982084F1
:103980006969009A019812F0D0FBCDE0084620301A
:10399000502786B2002CB8D0A8890299FFF716FDEF
:1039A000002855D16888A080A889E080287A062858
:1039B0000AD002202072288AA0830098E083204643
:1039C00069692030009ADEE70120F3E76888002368
:1039D0000122032109F0CEF80690688A009006982B
:1039E000002803D1FD49FE4812F01DFD069808305D
:1039F0000DF083F90121484002D1E889C00B26D09F
:103A00000098223086B201E073E021E05127002CBB
:103A100079D06888A080A8890499FFF7D7FC00288E
:103A200016D10220A071A88920810420A072288AC2
:103A3000E083009820846969009A019812F075FB70
:103A40000699002008710698A98941806CE003203E
:103A50000BB0F0BD688805F0D2FB019068880023A8
:103A60000122032109F086F800900198002804D172
:103A7000DB48DA492C3012F0D6FC0098002804D13B
:103A8000D748D6492D3012F0CEFC0098D549C088D1
:103A9000884205D05127222604E01EE03FE035E0B1
:103AA00050272026002C2ED06888A080502F07D0C9
:103AB0000220A0712146287B0831FFF730FD33E05A
:103AC000287BA11DFFF72BFD6A8800230099019830
:103AD000FFF73CFD0028BBD126E0C349A889C9886F
:103AE000814207D154270626002C0CD06888A0807C
:103AF0001AE008E053270826002C04D06888A0802C
:103B0000A889E08010E00A98068013E05527072670
:103B1000002CF8D0A889A0800020A07104E08D209E
:103B2000AE49C00012F07FFC0A98002C068001D03C
:103B30002780668000208BE7AB4900200870704723
:103B400030B585B00C4601F0E0F90546FF2804D1F8
:103B5000A348A249953012F066FC00202080207115
:103B60006080401EE0802046294608300CF096FA1E
:103B70006A462946012002F020FD102412E0684622
:103B8000808800070ED56846C0882946FFF71BFDD0
:103B900068468188FF2321438180C0882946019A95
:103BA00002F036FE684602F011FD0028E7D005B0AD
:103BB00030BD0A46014610B5104608300CF082FAB6
:103BC00010BD70B5002305461A46032108F0D2FF48
:103BD000040004D182488149B73012F024FC204609
:103BE000294608300CF066FA70BDF0B591B00C466D
:103BF000074605F004FB050005D02878222804D2EA
:103C0000082011B0F0BD7948FBE700231A460321D4
:103C1000384608F0AFFF0646002C02D0A0880028E6
:103C20000CD00120694608710220087400204874F5
:103C3000002C05D0A0880883206802E00920E0E776
:103C4000088305903046083003970290FDF770FE18
:103C5000040018D0678017206946888320350094B7
:103C60000AAB6978023307AA01A80CF0EEFD0546FD
:103C70006078000701D5FDF73CFE002D09D02846ED
:103C8000FFF77BFABDE71321384606F0ABFD0320B2
:103C9000B7E708A800906846838B042201213846C4
:103CA00008F0C5FA0021C943F180AAE7FFB585B045
:103CB0000E9E7788384605F0A2FA054600231A467C
:103CC0000321384608F056FF0446002D03D143492E
:103CD000474812F0A8FB002C04D145483F49401C3E
:103CE00012F0A1FB0834089869460394C1C105A8E5
:103CF0000DC8203569780CF017FAC6E5F0B5044612
:103D0000002099B00D4601460D9010A881811646FD
:103D100001818180344A68469180018510A8018024
:103D200068460187818581841078012808D002289F
:103D300006D0032804D0042802D0082019B0F0BD12
:103D40002C4A944273D32C4F0121890438688C4249
:103D500001D3844278D3274A954275D3012189043F
:103D60008D4201D385426FD36168002913D0214A67
:103D7000914269D301229204914201D3814263D3DB
:103D800060892189884203D801225202914201D9D7
:103D90000C20D3E70D9016AA0EA92846FFF783FA48
:103DA0000028CBD1686880784007800F02280AD1AC
:103DB0006846008F8004800F05D02869002802D053
:103DC0003968884240D30AA92069FFF716FA00280B
:103DD000B4D1206900281CD060780FE0E8380000DA
:103DE000EE030000FFFF0000000900200230000089
:103DF0000C050000008001002800002080076846B4
:103E0000008D03D58004800F68D002E08004800F0D
:103E100064D16846008D810618D58004800F6068E3
:103E200006D0002812D0396888420DD302E00BE09A
:103E300000280BD0FE49884206D30121890488421C
:103E400004D33968884201D2102077E709A9606954
:103E5000FFF7D3F900289CD16069002808D0684694
:103E6000808C0105890F012938D18004800F35D05D
:103E70000BA9A069FFF7C1F900288AD16846808C98
:103E800080062BD46846808D810627D4A16900293D
:103E900006D00105890F012920D18004800F1DD093
:103EA000E068002804D00078002817D01C2815D21C
:103EB00004AA611C2046FFF71DFA0121890210A8FF
:103EC0000180012768468773DA49818104AA033299
:103ED00017A92868FEF711FF002801D007202DE759
:103EE00010A8007F15A9C01CC2B200200C9201903E
:103EF000FF32009003460291FF3203A8033210996B
:103F000002F0B3FA002826D110A9888A0F902A89D6
:103F10002969C94801910092029010A90A8B6B8906
:103F200028680E9902F0A1FA01007DD1C24800254F
:103F3000001F818868464174090A8174052104A81C
:103F40006A4623C210A82A46FF21808A0C9B02F0F1
:103F5000F1F9002802D0FFF7A4F8EFE66846007CEC
:103F60000322C1090020920290430122920280188C
:103F70001490002928D0014610A801806846292104
:103F8000877309028181058608A8007C0023410807
:103F900060784900C007C00F014308A80174FD20E4
:103FA00001406078A54A8007C00F4000014308A87F
:103FB00001740CA9022001910090029503A81099A8
:103FC00002F053FA01002FD16068002828D0206940
:103FD00000280DD10AA90EA8FFF7D5F9607880074F
:103FE00006D46946088D032109038843694608857C
:103FF000904968468773FE31818190492089891EE6
:1040000012F00DF962680D9811AB019200900293C5
:104010000A46002303A80A9902F027FA010003D1F7
:104020002078C10603D400E086E080062AD56846E1
:104030000586606900280DD109A90EA8FFF7A3F92C
:104040006846818C03208002814301208002091888
:10405000684681846946888CC821084369468884FB
:1040600074488F73FF30888112AA0CA90220029233
:10407000019100900023714A03A8099902F0F5F913
:10408000010059D12078C00729D068460586A0696B
:1040900000280DD10BA90EA8FFF775F96846818D90
:1040A000032080028143012080020918684681852F
:1040B0006846818D40200143684681858773604949
:1040C000818113AA0CA90220029201910090002381
:1040D0005A4A03A80B9902F0C8F901002CD1E068F4
:1040E00000282DD010A8149901805549684687737F
:1040F000491C8181E16808A80A78027449784174F2
:10410000E0684122418868464186E06800230179E1
:1041100008A80175E068D200C18808A84175090A9D
:1041200081750CA8072101900091029503A81099B0
:1041300002F09BF9010003D00F9800F0EAFEFDE5C4
:104140003D480321001F0170002E0AD08088308076
:1041500010A88088708010A80089B08010A880897D
:10416000F0800020EAE530B501248BB015460B46FF
:10417000012802D002281CD104E06846052184737E
:10418000C90203E02B4968468473891E8181002B94
:1041900012D003210020890288430121890240189E
:1041A0006946888405AA04A91846FEF7A6FD0028DA
:1041B00004D007200BB030BD1020FBE76A46127C0C
:1041C0001D480092801E05A9FF3201910290FF3226
:1041D000002303A80332099902F047F9002802D00E
:1041E000FEF75FFFE6E71448001F002D01D041886D
:1041F000298004700020DDE770B592B004460126E6
:1042000008A886700F496846018410AA08A930469C
:10421000FFF7A9FF00284DD12078074DC0070024E3
:104220002D1F002848D01C21684611F0DDFF0BE04F
:1042300000800100032800000409002003020000A0
:10424000032900000118000068460178202001437E
:104250006846017008A88670F9496846018411947F
:104260000794817FF92001406846891C81770020EE
:1042700001466846017700200146684641770421DF
:104280008185C485018607A80A9011A80D9008A809
:1042900009900EAA09A96846FFF730FD002809D148
:1042A0006846008FE8806846808F2881401C6881BE
:1042B0002C70002012B070BDEC802C8110A80088FA
:1042C000F4E7F7B5DF4900260A789EB0012A04D04A
:1042D000022A02D0082021B0F0BD4A88824201D0D3
:1042E0000620F8E71F98824201D10720F3E7012258
:1042F00010A98A75D4488882002003239B020146B6
:1043000099439302CB1810A90B8669468A81CF4A3C
:10431000CA8118A9887110A9888419A904916946CD
:10432000CA820690FF20087503A802F072F90024E3
:104330002546274608AA052103A802F06DF90028A2
:1043400010D082286FD1002C6FD0002D6DD010A816
:104350008480C5800021017418A8807B11AC0128DD
:1043600065D06DE008A88079002F21D0012857D1B1
:104370006846818CB44881421CD113AA0DA905203E
:104380006B4607C36846408C10230022FF2102F0D1
:10439000B5F9002868D110A88089042801D0062822
:1043A0004CD16846818E1F98814239D10F2092E707
:1043B000012835D16846808C0521C902884202D087
:1043C000491C88422CD19F4841886846408C8142D4
:1043D00001D1012700E00027002C01D0002D10D0D2
:1043E0001F9988421CD113AB0DAA05216E460EC63B
:1043F000044610230022FF2102F080F9002833D167
:1044000001E035460CE010A88089022801D0102870
:1044100014D1C0B21BAA0DA9FEF749FC00280DD18A
:104420006846468C86E71FE0FFE7052053E714A99E
:104430001BA8221DFEF761FC002801D003204AE7DB
:1044400010A8007C0023001DC2B210A8027420989E
:1044500002900194009215A81C9902F006F8002819
:1044600002D1784902220A70FEF71BFE33E710B52D
:104470000B46401E86B084B203AA00211846FEF700
:1044800039FF04AA052103A802920191009001239B
:104490000022FF21204601F04DFF04466846008AB5
:1044A000012804D06D206A49000111F0BCFF2046AC
:1044B000FEF7F7FD06B010BDF0B5624F0446387840
:1044C00087B00E46032804D0042802D0082007B085
:1044D000F0BD04AA03A92046FEF7E5FE0500F6D1CB
:1044E000606880784007800F02280DD16846808977
:1044F0008004800F08D02069002805D0554909683C
:10450000884201D21020E2E7208905AA6B46216982
:1045100007C369460A8A63892068039901F0A5FFE9
:10452000002802D0FEF7BDFDD1E7002E02D068467C
:10453000808A3080042038702846C8E738B50C00DF
:10454000054609D000236A46FF2102F039F9002808
:1045500004D0FEF7A6FD38BD102038BD69462046C0
:10456000FEF74BFE0028F8D1A078FF21C307DB0F30
:104570002846009A02F04CF9EBE73EB50C0009D052
:1045800002AB6A46FF2102F01BF9002804D0FEF7B7
:1045900088FD3EBD10203EBD0321204611F022FEC5
:1045A0006846008801A90005800FFEF712FE00286A
:1045B0000BD16846007920706846008801A9800404
:1045C000800FFEF706FE002801D003203EBD68469E
:1045D00000796070A278EF20024068460088C10B25
:1045E00009010A43F7210A404104C90FC9000A43DF
:1045F000A270F9210A40800601D5022000E00120C6
:10460000400069460243097A50084000C907C90FB3
:104610000843A07000203EBD7FB5144605220192DC
:1046200003AD029500930A462388FF2101F082FE24
:10463000694689892180FEF734FD04B070BD000011
:10464000052A00000009002002280000FFFF0000EA
:10465000E838000028000020F3B5002799B068462C
:104660000C4607873D4600291ED0E068002806D08A
:10467000A068002818D001886A4611870780199819
:1046800004F0BDFD002812D0007822287ED31998AE
:1046900000F03BFC002300901A460321199808F013
:1046A00069FA060009D104E010201BB0F0BDFD48F6
:1046B000FBE7FD49FD4811F0B6FEA078012803D0C4
:1046C000022801D00720F0E72088002808D0401EEB
:1046D00080B203AA009901F070FF002859D11DE0B3
:1046E000F048401CE1E76946498A228891420BD292
:1046F0006846807D0025012810D16846808AEC49F3
:1047000088420BD1012509E0914203D1002D2AD026
:104710006D1C01E0022D0BD0032D04D203A801F083
:1047200055FF0028DFD082281BD0002831D11DE0A2
:104730006946897D0129F1D16946DD4B8A8A5B1E74
:10474000D11A9A420FD005DCDA48101A0BD0012892
:10475000E4D108E0012906D0FF390129DED1032583
:10476000E1E7022D15D10D2080029EE7E0680028C8
:1047700016D00EA9052202910192009069460B8F76
:10478000A2882088FF2101F0D5FD00E01EE000286E
:1047900002D0FEF786FC88E76846A168008F088093
:1047A0006846008AC00601D5C3487EE707980028FE
:1047B00003D06846008B022801D0032075E70798D4
:1047C000A1780078012903D0800710D408206CE775
:1047D000C007FBD000220721199808F010F8002824
:1047E00002D00725022004E0AE48801C5DE70225C8
:1047F000032008A908702188684681851998083621
:104800000A90099617216846818712AB02330FAAD6
:10481000052108A800970CF018F8002802D0FEF730
:10482000ACFC42E710A800906846838F042229461A
:10483000199807F0FCFC38E770B5064615460C469B
:104840000846FEF7EBFB002804D12A4621463046F5
:10485000FFF789FCF2E610B5FFF733FD10BD70B528
:104860001E4614460D0014D0002C12D06168002999
:104870000FD00121FEF741FE002809D12068FEF784
:10488000CDFB002804D1324621462846FFF736FAF0
:10489000D4E61020D2E670B515460C000ED00221E9
:1048A000FEF72BFE002808D12068FEF7B7FB002892
:1048B00003D129462046FFF7FFFDBFE61020BDE6E5
:1048C000F8B506467D480D46016814468A4231D344
:1048D0006068002808D07A4A90422BD301229204C3
:1048E000904201D3884225D37648864204D0304690
:1048F00004F085FC00280CD0304600F006FB06468C
:10490000284600F0BFFA002804D16068002802D0D1
:1049100012E06448F8BD00236A463146284601F09B
:104920004FFF002802D0FEF7BCFBF8BD68460088A8
:10493000800601D41020F8BD6188224628466368AD
:10494000FFF76AFEF8BDF7B55C4E0746306886B0E3
:104950001446824202D2102009B0F0BD384600F061
:10496000D4FA05465748874201D0FF2D08D00023CE
:1049700004AA2946079801F023FF002826D101E068
:104980004848E9E76846008AC00601D54A48E3E797
:1049900003A9002002910527019000976288494BE6
:1049A0002946079801F0AAFE00280FD161683268F5
:1049B000914208D30191029000972388628829468A
:1049C000079801F09BFE694689892180FEF769FB03
:1049D000C2E7002907D03C4B0A881B899A4202D8BB
:1049E0003048401C704737E610B586B004236C464B
:1049F000A382354BDC88002C07D01B898B4201D267
:104A0000914204D92748401C54E5062052E56B46E4
:104A100019825A820021009101911C800221997013
:104A200005A9029104A903916946FFF715FE41E526
:104A3000F3B50C4685B0812069460873002C1BD065
:104A4000059804F0DCFB070018D03878222869D3D9
:104A5000059800F05AFA049000220121059807F009
:104A6000CEFE00280CD000231A460321059808F03A
:104A700081F805000AD105E0102028E5094826E55F
:104A8000112024E50849114811F0CDFC28460830D2
:104A90000BF032FB06462078012819D0022838D0C6
:104AA000072014E502300000E8380000E1080000AB
:104AB0000328000000280000013400002800002026
:104AC00000800100FFFF000000090020840A0000B0
:104AD000A18803AAFEF71CFB0028CED1B00721D580
:104AE0006846007B00281FD1A079C0071CD0E06871
:104AF000002205216B4607C36389228968880499CF
:104B000001F018FC6946087300280DD0FEF7C9FAB9
:104B1000DDE4A18803AAFEF7FBFA0028ADD134201A
:104B2000064201D10820D2E46846037B2946384674
:104B3000059AFEF70BFDCAE4FFB597B0002001907F
:104B40001F4615460C460E46179804F058FB0028E1
:104B500004D00078222803D20820A6E5F448A4E572
:104B6000B80801D00720A0E5032F00D1002717982F
:104B700000F0CBF90890002C1BD0022D77D3ED4824
:104B8000006884427CD361190091012902D0491E3A
:104B9000814275D3AD1EAAB22146E74810F036F81F
:104BA00000991E394A7F0B7F11021943884267D151
:104BB000ADB2E248B90702D50189491C00E00121E4
:104BC00089B20091F90701D0078900E0DA4F03AA02
:104BD0000899009801F0F1FC0DE0F078B17800023E
:104BE000084310284CD80199091D401880B2019043
:104BF000A84245D82618002E60D07078317800027F
:104C0000084300998842E8D358E06946098A0A07B0
:104C100054D5002C3FD0019AA618121D92B20992C9
:104C2000F278B37812021A439446102A28D8099AC7
:104C30006244AA4224D87278337812021A4390420E
:104C40001ED1C8061ED509980AAA052120186B4650
:104C500007C3707831780002084363460022089940
:104C600001F068FB002803D0FEF71BFA1DE507E002
:104C7000F078B178000208436946098D884201D076
:104C80000B2012E5F078B17800020843099940182A
:104C900080B2019006E0C90604D50899FEF793FC9E
:104CA0000028E3D16946088A1021884369460882B2
:104CB000488AFF23049A089901F0AAFD03A801F08D
:104CC00085FC002803D16846408AB8429DD900235C
:104CD0001A460321179807F04DFF040003D19849A5
:104CE000984811F0A0FB20880028BFD0012108A817
:104CF00001700173002646732188684601862046AC
:104D00000830099017980A90FCF712FE05001BD096
:104D10001798688017206946888010AB023301AA73
:104D2000052108A800950BF090FD0746687800075C
:104D300004D584488249223011F075FB002F09D038
:104D40003846FEF71AFAB0E41321179805F04AFD29
:104D50000320AAE40EA8009068468388042201215B
:104D6000179807F064FA00288BD126809DE4F0B5EF
:104D700000248DB01F4615460E46002A04D0B908FF
:104D800004D007200DB0F0BD1020FBE7032F00D1A9
:104D9000002700F0BAF80390FF2804D06749B8074D
:104DA00003D5488902E06248ECE70120FA0702D007
:104DB0004989491E00E0604906AA8FB2039901F0B3
:104DC000FCFB38E06946898B090734D504AB052123
:104DD0000022029300910192574B039901F08EFC3F
:104DE000002821D1002E21D06A46128A2988A218D3
:104DF0003019121D914234D36946CA8B0270120ACF
:104E000042700A8A8270120AC27004A90522001D2B
:104E10000092029101906946C88B0B8A0022039987
:104E200001F06CFC002801D00320ABE76846008A43
:104E30002018001D84B206A801F0C8FB002804D089
:104E4000822806D0FEF72DF99CE76846C08BB84251
:104E5000B8D9002C07D0002E10D02988A01C814280
:104E600003D20C208EE705208CE7224631463248DB
:104E70000FF0CCFE31190870000A4870A41C2C8079
:104E800000207FE700B585B06946FEF79FFA00284D
:104E90000AD16846007C030011F0B6FB08052F2FED
:104EA0002F2F08080531032005B000BD6846807823
:104EB000012807D1684600880321C902401A1CD086
:104EC00001281AD068468079012806D16846808872
:104ED00015214902401A05280FD96846807A012811
:104EE00011D16846018929200002081A05D002283C
:104EF00003D0032801D0042805D10F20D4E712A144
:104F0000164811F090FA0020CEE710B507F028FE01
:104F100010BD10B50C4601F023FB002803D00AA1F8
:104F20000F4811F080FA2046FEF7BBF810BD0000D4
:104F30000230000028000020FFFF000000090020D0
:104F4000E83800003F0B00007372635C67617474A3
:104F5000735F636F72652E63000000002202000021
:104F6000BB060000F8B500780C46164610340E3625
:104F7000069F022809D0032836D005287ED0FF20BE
:104F8000F6A1E53011F04FFAF8BDCD890A2068434B
:104F90000E30188031203880002AF5D0087B9581AA
:104FA000801FC7B21AE020886168308048780A788C
:104FB00000021043F080C8788A78000210433081E4
:104FC000B21C3846091DFDF772FE002F01D00028E3
:104FD00002D000203071708008340A3628466D1ED9
:104FE000ADB20028DFD1F8BDCD890A2068430E306C
:104FF000188032203880002AF5D0087B9581401F28
:10500000C7B243E0616822880878F2803279C3072A
:1050100052085200DB0F1A43FD231A408307DB0FAF
:105020005B001A43FB231A404307DB0F9B001A4324
:10503000F7231A400307DB0FDB001A43EF231A4064
:10504000C306DB0F1B011A43DF231A408306DB0F65
:105050005B011A43BF231A404306DB0F9B011A432F
:105060003271C00970718A784B7810021843308110
:1050700032463846C91CFDF71AFE00E00CE0002855
:1050800002D00020B070308008340A3628466D1EE9
:10509000ADB20028B6D1F8BD087BCD89801E86B29E
:1050A0003046083068431030188034203880002A99
:1050B000F1D0174695811037E800D681C0190090CD
:1050C0000DE020883880009878603246616800984A
:1050D00011F02BF800980834801908370090284602
:1050E0006D1EADB20028ECD1F8BDFFB581B00A9DB0
:1050F0001E460C46002A05D0607AFF300130D08071
:10510000E089108101980E270078030011F07CFAE5
:105110000B7E0719293541536C7878787E00009210
:10512000087B082805D0032803D091A1954811F0E9
:105130007AF9378030200FE000990020888105B08F
:10514000F0BD0092087B042804D08E4888A114305A
:1051500011F069F937803120288000980028EBD1C0
:10516000EDE70092087B042804D0932080A1800002
:1051700011F059F937803220EEE70092087B0228BF
:1051800004D080487AA13A3011F04DF937803320AD
:10519000E2E7087B1746042804D07A4874A14C3013
:1051A00011F041F91020308034202880002FC6D023
:1051B0000020B88116E0207B1746052806D0062877
:1051C00004D070486AA1603011F02DF912203080AF
:1051D00035202880002FB2D0E089B88100203882A5
:1051E00001984088F881AAE70092087B072804D03C
:1051F00064485FA1713011F016F937803620ABE7B3
:1052000033460095019800F00EFC98E72F2053A13B
:10521000000111F008F992E770B50C46054603F05D
:10522000EEFF002804D00078222803D2082070BDA9
:10523000554870BD00231A460421284607F09AFC01
:105240002060002801D0002070BD032070BDFFB594
:105250008BB00D4607461720694608850E98032631
:105260001446002805D10EA93846FFF7D5FF0028BF
:1052700034D1002D0BD000220321384607F0BFFAAD
:10528000002834D00E980078002830D108E020782B
:10529000092819D00F2823D030A13C4811F0C3F8B9
:1052A0000E98A760801D03AA606002320AA92046FA
:1052B00000F00FFC002827D0030011F0A5F9071A11
:1052C000182323211C1E23000726002231463846BE
:1052D00007F095FA0028E3D12B48801C0FB0F0BDF1
:1052E00000220321384607F08AFA0028D8D111207D
:1052F000F4E70020F2E70820F0E72348401CEDE740
:105300000720EBE70320E9E701A800906846038D3A
:1053100004223146384606F08AFF0028DED1002DEF
:10532000DCD00E990D70D9E730B587B01D460C461C
:10533000002A11D0042369460B7013888B81528890
:10534000CA81A2788A7422880A8200236A46294682
:10535000FFF77DFF07B030BD1020FBE77372635C81
:1053600067617474635F636F72652E630000000091
:105370007372635C67617474635F636F72652E63DD
:105380000000000025020000023000004F03000072
:10539000F3B581B001980C4600780826030011F09F
:1053A00033F9125F47471B134B0A0A0A0A0A0A0A13
:1053B0000A0A0A0A0A5F002C02D1F849F84808E0F4
:1053C0006078304360703CE0002CF9D1F448F34938
:1053D000083011F028F8F3E70198002380880122B3
:1053E00087B20421384607F0C5FB0546002C04D0DF
:1053F0007520EA49C00011F016F8002D04D1E848E4
:10540000E649143011F00FF83946A81D00F058FB9A
:10541000FCF78EFA040006D0607830436070678035
:10542000FCF767FA0FE01321384605F0DBF915E0C9
:10543000DB48DA49283002E0D948D8492D3010F04D
:10544000F2FF002C0AD06078000707D59320207067
:105450002046582208300199FBF7B6FE0020FEBD19
:10546000CF48CE493130EAE710B500210170801DE8
:1054700000F023FB10BD0A4610B50146901D00F058
:1054800027FB10BD70B5002305461A46042107F01E
:1054900071FB040004D1F920C049800010F0C3FF63
:1054A0002946A01D00F00CFB70BDF7B5054684B081
:1054B0000C4600206946088188806F8803460122D7
:1054C0000421384607F056FB060004D1FD20B349FD
:1054D000800010F0A8FF002C03D0A7800020E080FF
:1054E0002081297A20461230C91E142700900B0013
:1054F00011F08AF80FFEFDFC3809A95E657A2FB21B
:10550000C9E99191FC003078012804D0A3497020AA
:10551000143110F088FFA9896A46C8000E309080C7
:1055200030201081002C13D0A18100200DE0C1009B
:10553000327909190A747288CA8182005319DA898A
:105540004A821A8A401C8A8280B2A1898142EED89E
:10555000F1E002A8009001AB22462946304600F057
:105560002BFAE8E03078042804D08C49BD201431AF
:1055700010F059FFA8890622014650436A460E30B2
:10558000908033201081002CE2D0A18100200BE01C
:10559000062141434F190919FA89CA81BA7C8A74D4
:1055A0003A8A401C0A8280B2A1898142F0D8C2E0C6
:1055B000307806280BD079491431D72005E03078AF
:1055C000062804D07549EB20143110F02CFFE8892F
:1055D00069461230888035200881002CB8D0A9890E
:1055E000A1817188E18126E03078072804D06B49D9
:1055F000FF20143110F017FFA8896A4601460E30CB
:10560000908036201081002CA2D0A1812046AA894A
:105610000E30296954E0E8896946123080B2382298
:1056200088800A81002C7ED0A989A181287A10283F
:1056300007D00221A173E9892182EA8929690098AA
:105640003EE00121F6E702A8009001AB2246294680
:105650003046FFF787FC6EE03078082805D04F49C8
:10566000FF201431EE3010F0DEFE684637218780CF
:105670000181002C5FD0A989A18100206082208255
:105680000120A07357E03078092805D04349FF2056
:105690001431FF3010F0C7FE288A69461430888024
:1056A00037200881002C46D00421A173A989A1814B
:1056B000E9892182298A618220462A8A143069690F
:1056C00010F033FD37E030780A2804D033493548EC
:1056D000143110F0A8FE6846372187800181002C24
:1056E00029D00521A1730020A08102E01EE003E083
:1056F0000CE0208260821EE002A8009001AB2246EE
:1057000029463046FFF7F1FC15E00CE00D20694614
:10571000392288800A81002C05D00120E0800020F9
:105720002081207307E00699088019E01C481B4976
:10573000A43010F078FE6846069980880880002C16
:105740000ED0684600892080684680886080287A6C
:10575000032805D0102803D0112801D00020307074
:10576000002007B0F0BDF7B5568815460F46002358
:1057700082B01A460421304607F0FCF9040004D137
:1057800007480649C43010F04EFEA41D33462A4691
:1057900039460094029800F022FBD0E45C530000EC
:1057A0009503000013020000F7B58CB00D461446B7
:1057B00007A90C98FFF730FD002812D1B64E01273B
:1057C000002C0FD00321684601701021818208A8A7
:1057D00002460690204605A9FDF78FFA00280BD057
:1057E00007207BE50821684601708581C681052177
:1057F0008774C90201820BE00798A17801712188A2
:105800004180684605218774C90201828581C6816D
:1058100002460121079B0C98FFF719FD5EE508B5CC
:1058200001236A4693709D4B13800A460223694602
:10583000FFF77AFD08BD08B501236A469370974BC0
:105840005B1C13800A4603236946FFF76DFD08BD04
:1058500000B587B000290CD002236A4613700B886C
:1058600093814988D18100230421FFF7F0FC07B020
:1058700000BD1020FBE710B5002903D00523FFF77A
:1058800053FD10BD072010BD70B588B00D461446FD
:10589000064607A9FFF7C0FC00280DD1002C0DD04B
:1058A0000621684601708581C481079B02465C80A1
:1058B00006213046FFF7CBFC08B070BD05216846D5
:1058C00001708581F1E710B588B000290BD007245D
:1058D0006B461C709A81049100236A462146FFF7AB
:1058E000B6FC08B010BD1020FBE770B500241722ED
:1058F00088B0002914D00D782B0010F085FE062307
:10590000050519041B231522D21E93B2CA88002A4A
:1059100002D08E68002E03D09A4203D90C20CBE728
:105920001020C9E7042D05D08A88002A0AD101E099
:105930000620C1E7012D11D0022D05D0042D18D06D
:10594000052D23D00720B7E709236A4613704B883B
:105950009381CB88D381896804911DE00C236A462A
:1059600013704B889381CB88D38189680824049174
:1059700012E00D236A4613704B8893818B88D38184
:10598000CB88138289680924059105E00E236A46B5
:105990001370497811730A2400232146FFF757FC3E
:1059A0008AE700B587B00F236A4613709181002300
:1059B0001946FFF74CFC5AE7FEB50078089D1C46D7
:1059C00016460F46012803D03549912010F02BFDD3
:1059D000F889C0000E30208030202880387B001FDE
:1059E000C0B20190002E1DD0F889B081002516E0CC
:1059F000E8008419C0190090224641690E320198CE
:105A0000FDF755F9002802D000202074E0810098AD
:105A10006D1C008A60820098ADB2408AA082B08975
:105A2000A842E5D8FEBD70B514461425049A1D8021
:105A300037231380002C0ED0CA89A28100226282F3
:105A40000078082808D0092810D00A2819D014494D
:105A5000144810F0E8FC70BD087B0C2804D01148F5
:105A60000F490C3810F0DFFC012008E0087B0D28FE
:105A700004D00C480A49083810F0D5FC0420A07363
:105A800070BD087B0E2804D006480549001F10F0A1
:105A9000CAFC0520F3E70000FFFF00000228000019
:105AA00070530000BB02000010B5FE4B5860197225
:105AB0001A80C90010F098FB10BD002101807047CA
:105AC00010B50022D2430280032007F0F8FC10BD7D
:105AD0007047F0B50E460446017801208840F2492F
:105AE00099B008400090616815460888EF4A9042D6
:105AF00006D0009A002A06D0EB4A521E104202D06D
:105B0000012019B0F0BD009A10430880002D12D07A
:105B1000002028702178EA1C0027681C01920B00E5
:105B200010F072FD10F30E16233A59616F3CB4B0B9
:105B30008AB8F2F1F0F320780B28EBD00420E0E7EC
:105B400002212970A1890170090A4170032097E0A0
:105B500004212970A1890170090A41700198E18925
:105B60000170090A417005208AE006212970A18987
:105B70000170090A41700199E2890A70120A4A709B
:105B8000218A0171090A4171A28AE81DA16910F0F8
:105B9000CCFAA08AC01D73E0082129702178082959
:105BA00001D110212970A1890170090A4170019861
:105BB000E1890170090A41700520308020466A1D84
:105BC00002A91030FDF799F800287DD16946308888
:105BD000097A401854E00A212970A1890170090A44
:105BE000417003200BE00C212970A1890170090A82
:105BF00041700198E1890170090A417005203080E7
:105C00009CE0A08984464000401C81B230888842D4
:105C10005AD3052958D30E202870002008E02369A4
:105C200042009B5A521953701B0A401C937080B259
:105C30006045F4D33180B9E09A48417A002973D0A5
:105C4000491E4172217B4068C9004518A98828680F
:105C5000082240180838216910F067FA02216846C6
:105C600001710021417128680390A988684601816B
:105C7000002101A8FFF78CFB0020A880002E00D097
:105C8000308093E0297880221143297029784022BE
:105C90001143297029788909890112312970A18954
:105CA0000170090A4170E289E81C216910F03DFA8F
:105CB000E089C01C3080287841063FD5C00975D0E6
:105CC00001216846017200E02CE000214172318818
:105CD000091D81810495E189019808180590001D2E
:105CE00006907048017A68460177002102A8FFF704
:105CF0004FFB074630880C303080022F06D0002F33
:105D000054D065E03DE033E01CE05EE06548694664
:105D1000097F4268CB00D218037A994202D2918857
:105D2000002902D0042753E02FE0417A491C417238
:105D30001560308890800020308049E06168A0893B
:105D4000888033E029788909890116312970A18971
:105D50000170090A41700198E1890170090A4170D6
:105D6000228A681D616910F0E0F9208A401D46E72B
:105D700028788009800118302870207B6870022004
:105D80007EE760680188090401D4052720E0C08807
:105D9000A189884201D006271AE01E202870012020
:105DA0003080606801884904490C0180009800280F
:105DB0000ED03C4800220088A1688300032007F031
:105DC000D9FA61682078887007E0002030800327C6
:105DD0006068009902888A430280384691E6FFB5E0
:105DE0009FB0289D0E46002805D0172803D82A8882
:105DF0002E4B9A4202D1072023B0F0BD32785306D1
:105E000001D4D20901D00820F6E700226B461A71AE
:105E10005A7114463278431E1D939BB2189303ABFC
:105E20001A939706CB1CBF0E1B93821E711C3B005E
:105E300010F0EAFB209011EE66EE74EEB0EED4EEB8
:105E4000EDEEECEEEBEEEAEEE9EEEEEEE8EEE7EE8E
:105E5000E6EEE5EE90EE05287CD10421684601715E
:105E6000A9780172F078B278010211436846418145
:105E70003179417170788006800E0C282ED009DCB3
:105E8000801E030010F0C0FB0919661C6621662401
:105E90006627660012282AD00ADC0E2821D0102896
:105EA000DAD121E00C090020FF710000FFFF0000A3
:105EB00016281FD01828CFD11FE02878800701E0CE
:105EC00028784007002845DA45E128780007F9E7F7
:105ED0002878C006F6E728788006F3E72878400699
:105EE000F0E728780006EDE72888C005EAE728886B
:105EF000C004E7E728888004E4E728884004E1E755
:105F00002A78920726D50328A6D105206A46107163
:105F1000487809780002084310811CE12978490774
:105F2000F0D5062816D3717890B2012902D0022943
:105F300092D101E0022100E01021189106216A4669
:105F400011710021118102AF189AB11C0237921C05
:105F50001B921AE0B3E04A780B7812021A433A8097
:105F6000801E891C1790BA1C1A911898FCF79FFE86
:105F70001A991898189A091817986B46801A1A894E
:105F800080B2521C1A811B9ABF1D8242E3D900289D
:105F900086D1E0E028780007B4D51D98694682B222
:105FA0000720087100200881701C0A3111E0437835
:105FB00007781B023B430B80C37887781B023B4367
:105FC0004B806F463B89121F5B1C001D92B23B81C8
:105FD000091D042AEBD2002A71D1BCE02978C90638
:105FE0006DD502286BD308206946087100204881CE
:105FF00070780872844692B2B01C1A9919E089E050
:1060000090E07EE067E05BE030E025E019E013E03F
:10601000BCE0437807781B023B430B80831C4B603A
:106020006346D21A6F467B8960445B1C92B27B81C7
:1060300008319445EDD9CEE7287880063FD509226E
:1060400003E0287840063AD50A2268460271AA88F9
:106050000281189A428107E0287800062FD50B208C
:106060006A46107118981081039174E02988C90557
:1060700025D5022823D30C206946087100204881C9
:1060800070780872844692B2B01C1A9914E0437872
:1060900007781B023B430B80C37887781B023B4386
:1060A0004B80031D4B606346D21A6F467B89604468
:1060B0005B1C92B27B8108319445E8D98BE763E0A1
:1060C0002988C90460D501285ED10D216846017177
:1060D000A98801813FE02988890455D5052853D333
:1060E0000E2269460A71AA880A811B99401F4A78C4
:1060F000097812020A4369464A818881701D04901A
:1061000029E0298849043FD501283DD10F2069465F
:10611000087120E02A88120436D44A780B781202DB
:106120001A43EA8003282FD332789206920E1B2A54
:1061300026D011226B461A712A880123DB031A43E9
:106140002A804A78097812020A4369460A81C01EE9
:1061500048811B98039030788006800E1B2809D058
:106160001D2807D00320229907F0A9F92888C00B21
:10617000C003288001A82199FFF70AF920463BE6D1
:1061800010226B461A71DCE70724F7E70824F5E7CD
:1061900000B597B0032806D16A461070019100211E
:1061A0006846FFF7F5F817B000BD000010B58B7812
:1061B000002B11D082789A4207D10B88002B0BD08C
:1061C00003E08B79091D002B08D08B789A42F8D117
:1061D00003880C88A342F4D1002010BD812010BD9B
:1061E000052826D0002A02D0012A0DD102E0098814
:1061F000090501E009888904890F07D0012918D011
:10620000022909D003290ED081207047002A01D02D
:10621000032070470220704703280AD0042808D0C2
:10622000002804D007E0042803D0022803D005206A
:106230007047002070470F20704770B513880546DF
:1062400014460B8018061DD5FE481022807AA842FD
:1062500003D813430B80002070BDA06893430078DF
:10626000E840C007C00E03430B802078A178800768
:10627000800D0843F4490FF0D2FFA0686943081865
:10628000401C70BD906870BD37B569468B8813801F
:1062900019061BD5EB4C0125A47A9168844209D8D4
:1062A000FE280FD1D80602D5A5406D1E00E00025BE
:1062B0000D7007E085400C78DB06DB0FAC438340B4
:1062C0001C430C7010881021884310803EBDF8B527
:1062D0000746C81C80080E468000B04201D08620C8
:1062E000F8BD082A01D90E20F8BDD64D00202E6039
:1062F000AF802881AA723446E88016E0E988491CFC
:10630000E980810610D48007A178800D0843CE492A
:106310000FF085FF206800F0BAFA2989401880B292
:106320002881381A8019A0600C3420884107E5D4F0
:106330000020F8BDFFB589B09F041646139DBF0C21
:106340000193099800F095FA04000AD0207800061D
:1063500009D5BC48817A0A98814204D887200DB0BB
:10636000F0BD0120FBE7224669460A98FFF765FF6A
:106370000690002069460872052D14D0012221469E
:106380002846FFF72DFF0028E9D1207840060AD5DE
:10639000022168460172099981810188C1810682C2
:1063A0004782129805900198000404D500273E46C4
:1063B0000125079709E02078A1788007800D084320
:1063C000A14907900FF02BFF0D46019840040AD514
:1063D0000798A84207D12088E1788005800F000245
:1063E0000843B04201D3AE4201D90720B7E7B8193C
:1063F00080B20190A84201D90D20B0E76846007A2A
:10640000002804D002A8FDF706F90028A7D10798B4
:10641000A8420BD1208803210902884301998905EC
:10642000890F0902084320800198E0701498002821
:1064300000D007801298002815D006983A46801997
:1064400012990FF072FE224669460A98FFF7F5FE90
:1064500069460888102188436946088022460099C9
:106460000A98FFF711FF002079E7FFB5754D0C2260
:10647000E8882968504383B00C180D9F724905982D
:106480000FF0CDFE0091049800F001FA29682A89E6
:106490008E46611A0C310918944651188AB2A9889F
:1064A000914202D8842007B0F0BD6A46168A3206AF
:1064B00003D5B20601D58520F5E7EA88521C92B2D1
:1064C000EA800E9B002B00D01A80B20601D5A7608F
:1064D00006E0604480B22881091A70460818A0605E
:1064E0002246FE200499FFF7CFFE0598A070009881
:1064F000E07020880599800889058000890F08438D
:1065000003210902884300998905890F090208437C
:1065100004210843208003988078A07103980088A4
:10652000A08000202073310601D5AC7A00E0012460
:10653000B10600D5002700260EE0052100200191BC
:1065400002900097E88831460C9B069AFFF7F2FE0E
:106550000028A8D1761CF6B2A642EED30020A2E70E
:10656000F1B5009800F085F9060002D00025009CE6
:1065700014E00120F8BD204600F07BF907460078C2
:1065800031498007820DB87810430FF048FE386813
:1065900000F07DF94019641C85B2A4B22948C18875
:1065A000601E8142E7DC00992648491EC1800189AE
:1065B000491B018100203070F8BD002804D0401E26
:1065C00010809170002070470120704710B504467C
:1065D00001881C48C288914201D3822010BD006806
:1065E0000C22514342189079A07290882081108823
:1065F000D1788005800F00020843A081A078211D7A
:10660000FFF71BFE20612088401C2080E0800020D6
:1066100010BD012101827047F7B50546002084B006
:10662000C043108068681746817868468170686842
:1066300001886846018000218171288A2C88A04247
:1066400005D303E0180900200102000004462C8253
:1066500035E0288A401C2882301D6968FFF7A6FDB6
:1066600000282AD139889248814201D1601E3880A1
:106670006888A04228D33088F1788005800F000216
:10668000084302906946301DFFF790FD002814D1A1
:106690006989874881421BD0002231460598FFF75F
:1066A0009FFD002809D16A890298824205D1E968D4
:1066B000B0680FF00DFD00280AD0641CA4B220467B
:1066C00000F0D7F80600C4D1641E2C828220EAE6CE
:1066D0007C80B079B871B088B8803078B1788007A4
:1066E000800D084378810298B8813946287A32466D
:1066F0000831FFF7A2FD38610020D4E6FFB585B070
:106700001C460F46059800F0B4F8050009D028781B
:10671000000608D56748807AB84204D8872009B0B7
:10672000F0BD0120FBE707982A468605B60D6946AD
:106730003846FFF782FD07460E98052816D000223E
:106740002946FFF74DFD0028E9D1287840060DD5F0
:106750000121684601710599018101884181868185
:10676000C48101A8FCF757FF0028D8D12888AA784F
:106770008107890D11438005800FEA7800021043DC
:10678000079A964207D04C4A914204D3611E814237
:1067900001DD0B20C3E7864201D90720BFE7801B3C
:1067A00082B2A24200D922461098002800D002806E
:1067B0000F98002802D0B9190FF0B7FC0020AEE7FF
:1067C000F8B51D4617460E4600F053F8040008D0F1
:1067D0002078000607D53748807AB04203D8872052
:1067E000F8BD0120F8BD224639463046FFF725FDA9
:1067F000002D0BD02078A1788007800D08432E490A
:10680000884201D2012000E0002028700020F8BD5D
:10681000F8B51E4617460D4600F02BF8040008D0C8
:106820002078000607D52348807AA84203D887201D
:10683000F8BD0120F8BD224639462846FFF724FD61
:10684000FF2E14D02588A178A807800D08431A4987
:106850000FF0E5FC002E03D1FF31FF31033189B287
:10686000A170A80880008905890F084320800020B6
:10687000F8BD1049CA88824207D3002805D00C22EF
:10688000096850430C38081870470020704703B55A
:106890000846694609888A0607D4090604D50549C9
:1068A000897A4143491C88B20CBD00200CBD000010
:1068B000FFFF00001809002001020000F8B507786A
:1068C0000D460446012F19D0072F02D00C2F19D1E5
:1068D00014E0A068216906780B2E0BD0052006F085
:1068E000EEFD052E0ED0782300220520216906F04A
:1068F00041FD07E0782300220620F8E70520216902
:1069000006F0DDFD002D0ED000202870294620461F
:1069100004F0AEF9FE482978C05D884201D1032019
:10692000F8BD0220F8BD0021204604F0A1F90020A6
:10693000F8BD70B50E460C462036317901208AB07C
:106940001546002909D0012905D12978042902D149
:106950000520107000200AB070BD6068019005A885
:1069600002900D21C01C0FF03DFC032205A8A16878
:106970000FF0DBFB01203071062069460870206AA9
:10698000049029466846FFF799FFE4E770B50C4686
:10699000154620310A790120062686B0002A2CD01F
:1069A000012A28D12978042925D169681022A068F4
:1069B00001F0B4F96868C07B000606D5D44AA06827
:1069C0001023103A014601F09EF91022A168E068F8
:1069D00001F0A4F9A068C07B000606D5CC4AE068A7
:1069E0001023103A014601F08EF92E70A0686860FD
:1069F000E068A860002006B070BD60680190C448DF
:106A0000203802900120087168460670206A0490C0
:106A100029466846FFF752FFEDE7027B032A06D0BE
:106A2000002224235A540B78092B02D003E00420BF
:106A300070470A76CA61027B9300521C0273C150F0
:106A400003207047F0B50E4615460C462036024628
:106A500031790120072393B000290CD0012924D0DB
:106A600002292ED0032904D12978042901D12B70C1
:106A7000002013B0F0BD01203071606800280DD0F7
:106A8000A1690B7060684860206988606069C860AF
:106A9000206A08621046FFF7C0FFEAE70620287068
:106AA000206968606069A86009E029780629E0D15A
:106AB0000220307104202870954820386860032037
:106AC000D7E729780429D4D1A08910280AD9103809
:106AD00080B2A081A1681023091805A86A6801F096
:106AE00012F923E010282FD0C2B21020801AA1681A
:106AF0000DAF1190C0190FF018FB11980006000E91
:106B000006D0401EC1B28020785438460FF06AFB90
:106B1000626910230DA909A801F0F5F8102309A94D
:106B200005A86A6801F0EFF80320307160680190F1
:106B300005A80290062069460870206A049029463C
:106B40006846FFF7BBFE94E710232269A168E2E7DD
:106B5000F0B50E460C4620363179012006278FB05D
:106B6000154600290BD0012932D0022905D12978F8
:106B7000042902D10820107000200FB0F0BD217D43
:106B800008A8CA07D20F02718807C10F08A80171AF
:106B90006846027041700722801CE1680FF0C5FA58
:106BA00002A80722013021690FF0BFFA6068059042
:106BB0000AA8069010236A46A16801F0A4F80120F3
:106BC000307168460774206A0890294604A820E0BE
:106BD00029780429D1D1062205A8E1690FF0A5FA88
:106BE00006A806220230A1690FF09FFA0020089043
:106BF0006068019009A80290102305AA696801F055
:106C000082F80220307168460770206A0490294695
:106C10006846FFF753FEB0E770B50D460C462035C9
:106C2000297901208CB01646002909D0012905D107
:106C30003178042902D10920107000200CB070BDF9
:106C40006068019006A802900822E1680FF06DFAD2
:106C5000082208A8A1680FF068FA01202871062010
:106C600069460870206A049031466846FFF726FEA0
:106C7000E4E770B50D460C462035297901208CB02B
:106C80001646002908D00129D8D131780429D5D158
:106C90000A2010700020D1E76068019006A80290D9
:106CA0000822A1680FF041FA002008900990012005
:106CB0002871062069460870206A049031466846AB
:106CC000FFF7FCFDBAE730B50B4620331C790120F5
:106CD0008BB0002C09D0012C05D11178042902D1E8
:106CE0000B20107000200BB030BD4868019005A843
:106CF00002908C6868462578057564784475CC6880
:106D0000257885756478C47500200690079001E0A9
:106D10002867010008900120187106236846037057
:106D2000086A049011466846FFF7C8FDDBE770B5B6
:106D30000C462034034625790120002D0AD0012D70
:106D400014D0022D05D111780A2902D10C2010701F
:106D5000002070BD01202071C868052202704A68B9
:106D60004260F84A8260921CC2600BE015780B2DDD
:106D7000EFD102202071C868042404705268426078
:106D80008A688260096A016201461846FFF745FE7B
:106D900070BD30B5011D02463132947803258379E8
:106DA000ED432C4323408371DB070DD04B7954799D
:106DB00023404B710B79127913400B718278C9789B
:106DC0008A4200D9817030BD00224A710A71F5E70C
:106DD000F7B50C4686B00020694626460870203676
:106DE000317901271E2015461F2977D24B007B449D
:106DF0009B885B009F441E0017023E0256026902F8
:106E000088029A02D102F5022E03590371037F030F
:106E1000AE03C303CC03F7031A0464049A04AB045F
:106E2000DF04FE0410052A0565059B05C6058305DC
:106E300087058B056069002802D0007813287DD073
:106E4000A0680590002849D0012168460170206A99
:106E500004900321684601710A214171E0690290A2
:106E600020790028EFD0059909780029E7D00C296E
:106E700064D20B000FF0C8FB0CFD1A4B90B5E8FC78
:106E8000FBFAF9F807FD022828D16069002802D032
:106E90000078082852D1022168460170206A0490C7
:106EA00005984178684601710021B9E20620216AFF
:106EB00006F005FB20790728E6D1606900F050FF55
:106EC00002280CD0606900F04BFF042807D06069ED
:106ED0000028B8D000780128D6D103E01BE2616910
:106EE0000120087005980079C11F0A2901D30A20E2
:106EF00050E06169072288706069059930300FF0B1
:106F000014F90120307161690320087034E007280A
:106F1000BAD16069002896D001780929B4D10599C1
:106F2000C978890707D1059949790029DFD10599E1
:106F300089790029DBD105994A7900E04EE20146C2
:106F400020314B7D9A43D2D1059A8B7D92799A4319
:106F5000CDD1059A1279D31F0A2BC8D20979914253
:106F600036D80722C01C05990FF0DFF801203071D8
:106F700061690A200870032069460870206A04903D
:106F80006069313001906069001D029060691C30B9
:106F90000390A1E22076F2E311288DD1606900F020
:106FA000DFFE042804D0606900F0DAFE0B2893D1DC
:106FB0006069059910223730491C0FF0B6F86069F6
:106FC000017804297CD12421095C8278914201D97D
:106FD0000620DFE70521017003203071684601704B
:106FE000E2E3112894D1606900F0BAFE062804D0CB
:106FF000606900F0B5FE0C288AD1E068002813D043
:107000002069002810D060690178062910D00D2170
:1070100001706069059910225730491C0FF085F8FE
:107020006069573009218CE100206946087072E1DF
:10703000072101706069059910224730491C0FF043
:1070400074F860694730EDE70228F0D1606900F01C
:1070500087FE0028EBD0606900F082FE0128E6D0B0
:10706000606900F07DFE05E0B1E08DE06CE02AE0B3
:107070000AE0D6E00828DAD00521684601710598B3
:1070800041786846417146E11128D0D160690028F5
:10709000CDD001780E29CAD1C16A4078022810D01B
:1070A0000020142250431430085805991022491C1E
:1070B0000FF03BF80520216A00F040FE0F205EE053
:1070C000F1E10120EDE70B28B1D160690028AED0D5
:1070D00001780F29ABD1C16A4078022826D0002060
:1070E000142250430C300958059842780A70807871
:1070F00048706069C16A4078022819D000201422C3
:1071000050431030085805990822C91C0FF00DF89B
:107110000520216A00F012FE60694178022909D039
:1071200000220832825C5208520073E00120D7E747
:107130000120E4E70122F4E7012100E00021083109
:107140004254BCE30267010011289CD16069002809
:1071500099D00178102996D1C16A4078022811D0BF
:107160000020142250431830085805991022491C59
:107170000EF0DBFF0520216A00F0E0FD11206169BF
:107180000870B4E30120ECE7082884D16069002886
:107190009DD00178112997D10599C06A497801706D
:1071A00060690599C06A0622401C891C0EF0BDFF6B
:1071B0000520216A00F0C2FD60694178022904D0EF
:1071C00000220832825CFD2323E00122F9E7112826
:1071D000BBD160690028BBD001781229B5D1C16A42
:1071E0004078022819D00020142250431C3008583F
:1071F00005991022491C0EF098FF0520216A00F025
:107200009DFD60694178022909D000220832825C24
:10721000FB231A40022991D18EE70120E4E70122E5
:10722000F4E70720B6E6287801288ED160696968FE
:1072300014221C30F9F7C8FF6069017F002901D0D2
:107240002176ACE30178032901D0032037E002273F
:10725000C77081794907490F8171017A4907490F40
:107260000172417A4907490F41726069FFF791FD48
:10727000377196E228780F28E3D107206946087015
:10728000216A049191680291694608716169072237
:10729000C91C02980EF049FF6169042008700020A3
:1072A0003071BBE028780328CBD1606901780529CB
:1072B000696807D0082247300EF037FF042030718C
:1072C00005206FE208225730F6E728780328B8D166
:1072D000606901780529696811D008224F300EF0E5
:1072E00024FF052030716069006A00280AD002205E
:1072F0002870002028716069006AA860F9E00822FF
:107300005F30ECE704204DE22878022899D12879F3
:10731000002801D0207642E36069A96801626069B3
:10732000002901D1F949016206200BE228780F28D3
:1073300087D1A868E0616069017805292BD04730C2
:1073400007213171E16802220A706269126A4A609B
:10735000886060693030C8606069C01C086162691B
:10736000087D926A400812784000D207D20F10437D
:1073700008756269926A521C8A61FD221040626936
:10738000D26A1278D207920F104308756069C06AFA
:10739000401CC86153E25730D2E728780828BAD198
:1073A0006069017805291AD00B2101700720694610
:1073B0000870206A0490E069029011200871029818
:1073C0000321017051681022401C0EF0AEFE002116
:1073D0006846FFF773FA00203071E06187E206210A
:1073E000E3E728780F2896D1072069460870206ABD
:1073F0000490A8680290112008710298042101707D
:1074000061690A78072A0ED0002232710C220A70B4
:1074100061691022401C47310EF087FE002168464A
:10742000FFF74CFA63E21022401C57310EF07DFE4C
:1074300000216846FFF742FA0A203071E168032014
:1074400008706069006A48606069573088606069E8
:107450004730F3E128780828A1D1606969681022D3
:1074600037300EF035FE002801D0042092E5606927
:107470000078072817D00A203071E16803200870CF
:107480006069006A486060695730886060694730A9
:10749000C860206A08620698FFF7BFFA074660696D
:1074A000FFF777FC6BE208207AE1287809289AD167
:1074B0000B20307161696868897810224018511A70
:1074C0000EF090FE082069460870206A04906868F3
:1074D000019060698078087268E129780D29BBD134
:1074E00061698979C90703D00C20307109203EE019
:1074F0003071032770E228780E28ADD1606914221C
:10750000291D1C30F9F760FE6069018DC06A417267
:10751000090A817260698178C06AC1716169CA6A49
:10752000081D117AC909C9011172437962691943A9
:107530008378D26A9B079B0F012B00D00023007930
:107540009B01C00003431943117260694078012810
:1075500076D0B4E160694178022901D0012100E0D0
:1075600000210831405CC00707D00E20EAE06946E0
:107570000870206A1146049019E11320B8E72878B2
:107580000F2894D1A868E0610F2030710520EEE744
:10759000287803288BD16069C16A4078022801D01D
:1075A000012000E000201422504310300858082227
:1075B00069680EF0BAFD10203071E168062022697A
:1075C00008706069406A48606069C36A4078022850
:1075D00001D0012000E00020142778431030185813
:1075E000CA6088602BE128780C2886D16069C26A5D
:1075F0004078022801D0012000E0002014214843F7
:107600000C30105802230932696800F07CFB11200D
:107610003071E168052008706069006A486060693F
:10762000C06A093088603948001F07E128780B28B4
:10763000A7D161694878CA6A022802D0012001E016
:1076400059E1002014235843143010588A7869688F
:107650000EF06BFD60694178C26A022901D00121F8
:1076600000E00021142359431431525881785018F6
:107670001022511A0EF0B6FD072069460870206AE4
:107680000490E069029011200871029806210170AF
:107690006169CA6A4978022901D0012100E000210C
:1076A00014235943143151581022401C0EF03DFD53
:1076B00000216846FFF702F90020E06112206FE028
:1076C00028780F2891D1072168460170206A04901C
:1076D000906802900B2268460271029801706169FD
:1076E000CA6A4978022901D0012100E0002114234F
:1076F00059430C3151580A78427049788170616958
:10770000CA6A4978022903D0012102E00867010012
:10771000002114235943103151580822C01C0EF087
:1077200004FD00216846FFF7C9F826E76069417843
:10773000022901D0012100E000210831405C8007CE
:1077400003D5142030710A2011E71620D0E62878DE
:107750000F287AD1A868E061072069460870206A7E
:107760000490E069029011200871029808210170CC
:107770006169CA6A4978022902D0012101E011E158
:10778000002114235943183151581022401C0EF087
:10779000CCFC00216846FFF791F80020E06115203D
:1077A00030710A2069460870206A049029466846AC
:1077B000FFF784F82BE028780F2846D10720694688
:1077C0000870206A0490906802900820087102985E
:1077D0000921017061690622C969097841706169EE
:1077E000801CC969491C0EF0A0FC00216846FFF707
:1077F00065F8AAE760694178022901D0012200E01A
:1078000000220832805C400703D51720C8E70746EE
:10781000B5E0012953D070E028780F2815D1A86869
:10782000E06118203071E168052008706069006A25
:1078300048606069C06A09308860F848C860206A9A
:1078400008620698FFF7E9F8E1E76FE028780B286F
:107850006CD16069C16A4078022801D0012000E043
:107860000020142250431C300858102269680EF082
:107870005CFC072069460870206A0490E069029069
:107880001120087102980A2101706169CA6A497859
:10789000022901D0012100E00021142359431C31A9
:1078A00051581022401C0EF040FC00216846FFF7A2
:1078B00005F80020E0616069407801281DD1192099
:1078C00016E660694278022A09D000210831411881
:1078D000097800290DD0CA0703D00E2106E0012146
:1078E000F4E7890701D5102100E01221017000277B
:1078F00072E0012A01D00D20FAE51C20F8E51D20D8
:1079000030710B2033E62978102948D1F0E5606901
:107910000178012943D0082941D00021317100F0BC
:1079200019FA0C2069460870206A049037E028781C
:107930000F2805D01020107003271B2030714BE05A
:10794000072168460170206A0490A868029002210D
:1079500068460171029805210170217E4170002165
:107960006846FEF7ABFF0B2168460170206A049061
:1079700029466846FEF7A2FF07461B203071012FFB
:107980000DD029E0012168460170206A049004218D
:1079900068460171217E41710020207612E0207E30
:1079A00000280FD06169132008701A2030710A2056
:1079B00069460870206A049029466846FEF77EFFF3
:1079C000074609E06069002801D01421017068466B
:1079D0000078002800D021E5384609B0F0BDF7B5A1
:1079E0000F4620373879012686B00C46002804D08F
:1079F000012828D002281CD197E02079012804D042
:107A0000022811D0032814D10AE0A0684078012888
:107A10000ED10620216A05F02CFD00287FD10CE054
:107A2000A1681320087008E0A0684178022901D0FD
:107A3000052674E00078082871D1012038710A20E9
:107A40006946087033E0089800780F2867D107214D
:107A500068460170206A049008988568029522792A
:107A60000220012A04D0022A29D0032A57D10FE08C
:107A70000646684606710B202870207B00214007CF
:107A8000400F68706846FEF719FFA068067045E071
:107A900006466846067105202870207B6870002124
:107AA0006846FEF70BFF3E710B2168460170206AA5
:107AB000049068460899FEF701FF06462FE06846E5
:107AC000017101202870207C6870607CC007C00FA5
:107AD000A870A07C4007400FE870E17C2971C007C6
:107AE0001FD0207D4007400F6871607D4007400F28
:107AF000A87100216846FEF7E1FEA068072229462A
:107B000030300EF012FBE068017AA068203001717D
:107B1000A16828798870A16809200870002630467D
:107B20005BE70020A8716871E3E7A1681420087082
:107B3000012168460170206A0490042168460171A1
:107B4000217B41710021FEF7B9FEE7E7F0B585B072
:107B50000F4605460124287B800040198038C66FF7
:107B60003078411E0A290AD22C498000323140184F
:107B70008038C36F3A463146284698470446002C61
:107B800001D0012C11D1287B401E0006000E287365
:107B900001D00324DFE70D2069460870306A0490A5
:107BA000002101966846FEF789FE032CD3D02046BB
:107BB00005B0F0BD70B515460A4604462946104684
:107BC000FFF7C4FF0646002C0FD0207814280CD1F4
:107BD000207E002806D000202870204629460C3040
:107BE000FFF7B4FF204600F0B5F8304670BD70478F
:107BF00010B5012903D0022901D0052010BD417024
:107C000000F0A8F8002010BD002809D0027E002A4C
:107C100006D00A4601460C31CCE700000667010099
:107C20000120704730B5044687B00D46062005F0A8
:107C300046FC2946052005F042FC2078142805D092
:107C40000020694608702046FFF7DEFF07B030BD10
:107C50007FB50E4600216A4611730178092903D0C9
:107C60000A2903D0002407E0446900E08468002C5E
:107C700002D0217E002912D0154601462846FEF783
:107C8000CCFE032809D1324629462046FFF792FF51
:107C90006946097B002900D0042004B070BD254648
:107CA0000C35EAE700B50023012285B005280CD089
:107CB000062808D1684602700491022101714371BF
:107CC0000021FEF7FBFD05B000BD6846027004917F
:107CD0000271F4E710B590B00C4605216A461170A8
:107CE000019022480290001D03900AA96846FFF700
:107CF000AFFF002805D1102220460B990EF015FA8F
:107D0000002010B010BD30B505E05B1EDBB2CC5CCE
:107D1000D55C6C40C454002BF7D130BD10B50024A5
:107D200009E00B78521E5B00234303700B78401C64
:107D3000DC09D2B2491C002AF3D110BD70B50C4643
:107D4000054605F0BCFB782300222146284605F0B5
:107D500011FB70BD4178012900D0082101707047E6
:107D6000002801D0007870470820704700670100A4
:107D700038B50446002069460870204609F053FDD6
:107D8000002803D1FBA1A3200EF04DFB204609F0F3
:107D900099FC002803D1F7A1A8200EF044FB684607
:107DA000007838BD70B5F84D002428462C77203077
:107DB0008471C47101F09AF928464038047020306B
:107DC0008473847484772C75AC7170BD10B50C46C7
:107DD000EE4982888A8042884A8000780870084686
:107DE0000E38847009F050FC08F0FDFFFFF7DAFF51
:107DF00020460BF013F8E449A8310846813809F011
:107E0000ADFEE2480CF021FBE0480A3808F0FEFF26
:107E1000002803D0D7A1C5200EF005FB01F066F9BC
:107E200010BD7CB50E461D46144601A909F008F8A0
:107E3000002807D10AF091FB022803D1D248007D27
:107E4000002801D001207CBD01988030807C09F0A1
:107E50004DFC00280CD0684609F052FC0028F2D0F6
:107E6000002C03D009F011FCA04206D200207CBDFA
:107E7000C0A1C7480EF0D7FAF8E7009809F0D8F883
:107E80003146009809F0DBF8E2B22946009809F083
:107E9000F0F909F045FC002804D1BD48B5A11E3019
:107EA0000EF0C1FAB94C00250E3C6068A030417953
:107EB000002902D045710BF0D8F860688030458306
:107EC000C0E730B40179002904D0012907D030BCC3
:107ED00000207047831D42880488022103E0428805
:107EE0000488831D0121204630BC9AE7F8B51D4661
:107EF00014460E4607460AF030FB022803D0A2487B
:107F0000007D002823D0A1480E3841684988398077
:107F100040688030807C09F069FD002804D153203E
:107F200094A1C0000EF07FFA684609F069FD0028B0
:107F30000DD0009809F0BAF83070022808D0012856
:107F400006D093488BA167300EF06DFA0020F8BD83
:107F50002946009809F0A4F92080002804D1552072
:107F600084A1C0000EF05FFA09F05DFD002804D185
:107F7000874880A160300EF056FA0120F8BD38B570
:107F80000446831D821C6946FFF7B0FF00280DD010
:107F90000020607168460078012808D0022806D0C9
:107FA000FF2074A101300EF03EFA012038BD20718F
:107FB000FBE7F8B50AF0D1FA744D734C0E3D022878
:107FC00002D0207D00287DD0207F0026102818D1E7
:107FD000A079002803D067A16E480EF024FA6868E3
:107FE00001464030827F92070BD526724988618115
:107FF000C17F2173018CE181408C20820120A0711E
:108000002677614F203FB87C00285ED168686946BA
:108010008030807C09F007FC002805D0694668782C
:1080200009784018687004E05A4852A119300EF0DF
:10803000FAF9207D00283AD06868418852484038D3
:10804000806D4088814204D00F204AA1C0010EF00B
:10805000EAF968688030807C09F0C8FC002804D107
:108060004C4844A124300EF0DEF909F0EEFC002863
:108070001DD068688030807CFFF77AFE69784018F0
:10808000687041484038806D4030417A01290DD1F7
:108090002670696849886180807A20710120B877EC
:1080A000207F102801D0282800D1267726756978EE
:1080B00000290AD06868428833484038C286018760
:1080C000012000E001E0B8746E700AF029FA00287F
:1080D00005D1207D002802D0A878FAF7F9F8F8BD7C
:1080E000F8B50446FFF765FF274D0026203DA87E22
:1080F000002808D0667010202070E87EA070287FCD
:10810000E070AE769AE0204F403F3878002808D0E3
:108110002C22B91C20460EF008F80E2020703E706C
:108120008CE0A87B184F002815D0387F102808D085
:10813000282806D0002804D0FF200EA1C2300EF05F
:1081400072F90120E070E87BA070287C60700F203D
:108150002070AE7372E00121204609F099FC0028DE
:108160001AD0387D002857D10021204609F090FC14
:10817000F8BD00007372635C6C6C5F6374726C2E8C
:1081800073302E630000000094090020720000206C
:108190004F02000062070000A97CF8480090F848F0
:1081A000002910D0017805290DD2491C0170667094
:1081B0000D202070012028750622A01C00990DF0CA
:1081C000B4FFAE743AE0EE480670B879002812D0D9
:1081D000387F002804D00120EA4940020EF023F93C
:1081E00066700120E54920700A221431A01C0DF0B0
:1081F0009CFFBE7122E020460CF083F800281DD1C0
:10820000A87C002802D0DE480178CEE7A87F0028AD
:1082100002D0387D002801D00020A9E7387F00284F
:1082200003D0D849D8480EF0FEF866700A202070B6
:1082300006223946A01C0DF078FFAE77012097E7A3
:108240004EE710B5CD4C343C2178002904D01321E1
:108250000E2000F052FF10BDC9490088091D08F02A
:10826000EFFD002801D0022007E0C5484068014624
:1082700020318A79012A02D00C20207105E00022E9
:108280002271097E21724088E080012060711321F3
:10829000E1700E21A170207010BDB84810B53438BF
:1082A0000178002904D024210E2000F026FF10BD03
:1082B000012101702422C2700C220271417110BD93
:1082C00070B5AE4C0546343C2078002804D03E21E1
:1082D0000E2000F012FF70BD0AF03FF9002808D10F
:1082E0000AF03EF9002804D1A4480C30007F002891
:1082F00001D00C2003E0287809F033FD0020207124
:10830000012060713E21E170207070BD9B4810B566
:1083100034380178002904D03C210E2000F0EDFE15
:1083200010BD00210171012141713C22C270017018
:1083300010BDF8B5914C343C2078002804D03B2186
:108340000E2000F0DAFE13E70020A0710AF005F914
:108350008A4E01250C36022802D0307D002840D0FC
:10836000874F694678688030807C09F073FA00286E
:1083700003D1844985480EF056F8307D002806D098
:10838000A06D4030407A002801D0012600E0002690
:1083900078688030807C09F029FB002804D17B4874
:1083A000784908300EF03FF809F04FFB684031463D
:1083B000014316D07968FD2249882181217E400041
:1083C000490849003143114001432176684600784D
:1083D000002802D00420014301E0FB200140217667
:1083E000A5710020207165713B20E0702570BFE60B
:1083F00010B5624C343C2078002804D00E21084689
:1084000000F07BFE10BD5E4906220831A01D0DF074
:108410008CFE00202071012060710E21E17020701F
:1084200010BD70B5554C0546343C2078002804D06A
:1084300038210E2000F061FE70BD50480C30007FE6
:10844000002807D00C202071012060713821E170D4
:10845000207070BD287809F072FC28780CF05BF968
:108460000020F0E770B5454D0446343D28780028DB
:1084700004D037210E2000F040FE70BD3F480C3084
:10848000007F002801D00C200AE03D4E2188706852
:108490004088884203D10AF060F8022807D0022001
:1084A0002871012068713721E970287070BD7168EA
:1084B0007F2020310876487600208876A2788A715D
:1084C000E278CA7122790A72EAE710B52B4C343C83
:1084D0002078002804D039210E2000F00EFE10BDB7
:1084E0000AF03BF8032808D00AF03AF8032804D031
:1084F00022480C30007F002801D00C2003E01F49E7
:1085000000202C31C8712071012060713921E17087
:10851000207010BD70B5194C0646343C20780028F8
:1085200004D03A210E2000F0E8FD70BD0AF015F8E5
:10853000032808D00AF014F8032804D00F480C30A0
:10854000007F002801D00C2011E00C4D2C35E8797B
:1085500008280BD20001001910223146683000F0C3
:10856000D6FDE879401CE871002000E0072020716A
:10857000012060713A21E170207070BD88090020EF
:108580006400002074810000210200001708000030
:10859000F8B5FA4E04463078002804D03D210E206C
:1085A00000F0ABFDE4E5F5484030007F002801D045
:1085B0000C2034E0F24D218868684088884203D15D
:1085C00009F0CBFF022801D0022028E06F68648800
:1085D000FD883A896800B988401C844218D3E9486C
:1085E00041431046E84A50430DF019FE401EFF215A
:1085F00080B2F531884200D90846844200D2204634
:10860000691C401C0DF00BFE6D1C6843401E85B2BA
:10861000E620C05D002800D1BD84F58000203071C7
:10862000012070713D21F1703070A1E5F8B5D34C97
:1086300005462078002804D035210E2000F05DFD8D
:1086400096E5CE484030007F002801D00C2016E08F
:10865000A878002801D0012804D1A888FF21F5318D
:10866000884201D912200AE0C54F298878684088DD
:10867000884203D109F071FF022807D0022020713F
:10868000012060713521E170207071E57968002664
:108690000846C0310E70AA884A800122A0300271BB
:1086A000AA78012A00D000220A704079002801D05F
:1086B0000AF0DBFC2671E3E770B5B04C0546207884
:1086C000002804D030210E2000F017FD55E709F0F6
:1086D00044FF002804D1A9484030007F002801D081
:1086E0000C2003E028780AF0E0FB00202071012034
:1086F00060713021E17020703FE770B59F4C0546F6
:108700002078002804D033210E2000F0F6FC34E756
:1087100009F023FF002804D198484030007F00284A
:1087200001D00C2018E02978002911D00A290FD097
:1087300014290DD01E290BD0282909D0322907D0A1
:108740004B2905D0642903D0FF2901D0122003E072
:1087500028460AF023FC002020710120607133219B
:10876000E170207009E770B5844C06462078251D1D
:10877000002804D032210E2000F0BFFCFDE6314677
:10878000002009F0AEFA2870002805D17C480622A6
:10879000314608300DF0C9FC012060713221E170D2
:1087A0002070EAE670B5754C2178002904D031219B
:1087B0000E2000F0A2FCE0E600214156012504292C
:1087C00012D0002910D0081D0ED0001D0CD0001DA5
:1087D0000AD0001D08D0001D06D00A3004D00A308F
:1087E00002D01220207103E0084606F079FD657181
:1087F0003120E0702570C0E6FEB5604C0746207859
:10880000002804D025210E2000F077FCFEBD38881A
:10881000694608F015FB594D01460020083500292E
:1088200004D002212171286028710FE00098009E79
:108830000A30019060360020B07105222846019967
:108840000DF073FCB0790028F5D13888E0800E2057
:10885000A0702520E070012060712070FEBD10B571
:10886000464C2078002804D005210E2000F045FC5D
:1088700010BD0020207108F008FFE08008F0D1FF53
:108880002072012060710521E170207010BDF1B5EA
:108890003A4C2034A07B002804D010210F2000F097
:1088A0002CFC65E4354D4035A8790C2610270028AE
:1088B00016D1287F002813D109F04FFE022824D1B9
:1088C0002F4800994068098842888A421DD1014694
:1088D000C0310A7A002A05D04030807F80070DD44D
:1088E000E6730EE05E22125C920707D406220A723B
:1088F000A0304079002801D00AF0B7FB2F77002084
:10890000E07327740120A07332E40220F8E710B569
:108910001A480178002904D00F210E2000F0EDFB49
:1089200010BD00210171FF2181710021C943018126
:1089300013490E310A7882728A8882814988C181FE
:10894000012141710E2282700F22C270017010BD90
:1089500010B50A4C2078002804D02B210E2000F0FE
:10896000CCFB10BD0821A01D04F024FB00202071C9
:10897000012060712B21E170207010BD540900208E
:1089800064000020C40900001027000070B5FA4DF3
:1089900004462878002804D02A210E2000F0ADFBE0
:1089A000EBE5F54810222146303800F0B0FBF248E4
:1089B0001022A118203800F0AAFBEF4830380CF044
:1089C000BCFBED49102210392C46A81D00F09FFB7E
:1089D000002020710E20A0702A20E070012060711C
:1089E0002070CAE5F8B50546E348E34C40300090F6
:1089F000007F0C2628272034002801D0E6733EE0B3
:108A0000A07B002804D028210F2000F076FB04E48E
:108A1000A87805280DD013280BD0142809D01528C4
:108A200007D01A2805D0292803D03D2801D03B289B
:108A300003D12888D149884201D912201EE009F0CB
:108A40008CFD0228DAD1CE482A88406841889142BC
:108A500013D10146C0310A79002ACFD1AA784A71D0
:108A600001220A710099A0300F770021E17340794B
:108A7000002804D00AF0F9FA01E00220E07327741C
:108A80000120A0735FE4F8B5BB4F064638783D1D62
:108A9000002804D017210E2000F02FFB53E43146AC
:108AA000012009F01EF901242870002807D1B248DE
:108AB00006226030314605460DF037FBAC717C7103
:108AC0001720F8703C703EE470B5AB4C0646207839
:108AD000002804D00B210E2000F00FFB4DE509F01B
:108AE0003CFD032808D009F03BFD032804D0A24830
:108AF0004030007F002801D00C2016E03378002B96
:108B000003D0012B01D012200FE09B4DE035297AD4
:108B1000082909D22846721C0C3006F097FB287AE7
:108B2000401C2872002000E00720207101206071A5
:108B30000B21E170207020E510B58F4C20780028C3
:108B400004D00A210E2000F0D8FA16E709F005FD3E
:108B5000032808D009F004FD032804D086484030DB
:108B6000007F002801D00C2002E000F0BFFA0020B6
:108B70002071012060710A21E1702070FDE610B5BE
:108B80000AF032F9002803D07E497F480DF04BFCF3
:108B900008F04BFD0BF051FC002804D01720794958
:108BA00040010DF040FC08F0ACFF002804D0B920D3
:108BB000744980000DF037FC00F098FAFFF7F2F8E6
:108BC0006D4800210171012141710222C2700170C2
:108BD000D3E610B5684C2178002904D020210E205E
:108BE00000F08BFAC9E601781F290ED8411C0CD081
:108BF000002121710278411C104609F08FF80120F4
:108C000060712021E1702070B7E612202071F6E734
:108C1000F8B5594C2178002904D01B210E2000F012
:108C20006CFABFE401216171534E0C212171403671
:108C3000317F00296FD10078514F0025012804D0E1
:108C400000284AD01220207165E009F086FC002837
:108C500003D109F085FC002804D009F07EFC02282D
:108C600022D058E008F08FFF002854D0307D002833
:108C700051D1786801224580032108F0B4FB78685F
:108C800009F05AF97868923008F001FD002803D104
:108C90003C493E480DF0C7FB0AF00BF9002839D0DB
:108CA00085203849C00015E009F05AFC002832D16F
:108CB000707F00282FD001282DD004282BD008F059
:108CC00062FF002827D00AF0F4F8002822D02F48AD
:108CD0002C4918300DF0A7FB1CE009F03EFC0328DE
:108CE00004D009F03DFC03280FD014E000200AF066
:108CF00005F800280FD12571307D00280BD1786848
:108D00008030807CFFF734F805E0002009F0F6FFA2
:108D1000002800D125711B20E0700120207041E463
:108D200010B5154C2178002904D01A210E2000F02E
:108D3000E4F922E601781F290ED8411C0CD000214D
:108D400021710278411C104608F0FDFF012060717E
:108D50001A21E170207010E612202071F6E770B53C
:108D6000054E044630780C25002811D018210E201D
:108D700000F0C3F9AAE4000054090020FF0E00002F
:108D80006400002074810000D3020000240400006D
:108D900009F0E3FB03285AD009F0E2FB032856D080
:108DA000E14A107F002852D16079002801D00128C3
:108DB0002DD1A079002801D0012828D1A07B00283E
:108DC00005D0012803D0022801D003281FD1607BE1
:108DD00000281CD0C0081AD161880120800381427C
:108DE00002D82388834203D9207901280FD119E0C2
:108DF0002079002806D0012814D0022805D00328A5
:108E000005D102E020290BD30CE0A02B0AD2207957
:108E1000042805D12088202802D36188884201D9FE
:108E2000122514E0207950776079002802D00128BB
:108E300003D00CE0BD4A002105E0BB4A2032907906
:108E4000002804D00121204608F0CEFE054601206E
:108E5000357170711821F170307037E470B5B24C13
:108E60000546403C2078002804D02E210E2000F03A
:108E700044F92BE409F071FB0C22022815D1AA4811
:108E8000007F002811D1A9482B88083841684888FC
:108E900083421AD10846C030037A002B05D1203115
:108EA000C97E0F2903D0102901D0227103E00521CA
:108EB0000172002020710E20A0702E20E070288802
:108EC000E08001206071207016E40220F2E770B5A6
:108ED000954C0546403C2078002804D02D210E20DA
:108EE00000F00BF908E409F038FB0C21022814D13A
:108EF0008D48007F002810D18C4E2A88083E70686B
:108F000043889A4220D1C822125C002A05D13B2214
:108F1000125C0F2A03D0102A01D021710AE010221E
:108F2000A91CD6300DF001F970680421C03001721F
:108F3000002020710E20A0702D20E0702888E08095
:108F40000120607120700DE40220F2E710B5017875
:108F50000B000DF059FB3F9E9E399E9E599E9E9E92
:108F60009E3C3F9E9E8752559E9E999E9E9E432963
:108F70009E2D319E9E9E9E359E9E9E955C9E9E47FA
:108F80009E4B4F9E21259E6C6064689E709E7F83E1
:108F90007C788A8D74919E00801CFFF798FF76E0A4
:108FA000801CFFF75BFF72E0801CFFF7D8FE6EE0CD
:108FB000801CFFF7B5FE6AE0801CFFF729FE66E023
:108FC000801CFFF706FE62E0FFF7D9FD5FE0FFF7C8
:108FD000B3FD5CE0801CFFF777FD58E0801CFFF7D5
:108FE00052FD54E0801CFFF7FDFC50E0801CFFF7B1
:108FF000CDFC4CE0FFF7ACFC49E0FFF788FC46E015
:10900000801CFFF744FC42E0FFF729FC3FE0801C96
:10901000FFF7F2FB3BE0801CFFF7C4FB37E0801C4E
:10902000FFF7A1FB33E0801CFFF767FB2FE0801CFC
:10903000FFF742FB2BE0801CFFF7F8FA27E0801CCB
:10904000FFF7A6FA23E0801CFFF764FA1FE0FFF7A2
:109050003CFA1CE0801CFFF705FA18E0801CFFF7C3
:10906000E0F914E0FFF7C4F911E0FFF762F90EE050
:10907000801CFFF74BF90AE0801CFFF721F906E09E
:10908000801CFFF70AF902E0801CFFF7DAF80120E4
:1090900073E4002071E470B52349244C054640393F
:1090A000083C0A460126403260682B000DF0ACFAFD
:1090B00005171A1A04171A000122002108F093F963
:1090C000616800220846C0310A724A7209F067FFDF
:1090D000002803D016A11B480DF0A5F960E4167511
:1090E00088655DE4174812A13330F5E70E4900208A
:1090F000C031C8612039087270470B4A203A937E0C
:10910000002B03D1D076117701209076704730B5CF
:10911000134606E0CC18203CE47FD51A44555B1E6C
:10912000DBB2002BF6D130BD940900206C0000208A
:109130007372635C6C6C5F6374726C2E73302E633D
:10914000000000005108000070B5FD4D040008D07B
:10915000012C10D0022C07D0032C05D0F9A17020CF
:1091600007E0F8A1672004E02878012803D0F5A1E2
:109170006D200DF058F92C7070BD70B5F04D04469F
:1091800010280AD0112C16D028468178122C07D02E
:10919000132C0AD0EBA19F200BE0EAA1942008E059
:1091A000112908D0E7A1992003E0112903D0E5A1F6
:1091B0009C200DF038F9AC7070BD10B5E04894B04B
:1091C000007B002819D0172069460870DC4900A8E8
:1091D00006220D3102300CF0A8FF09A96846F9F704
:1091E000C2FE0446112805D0002C03D0D5A1BB2017
:1091F0000DF019F9204614B010BD3220E4E710B587
:1092000001220023114603F0B5FC10BDFFB595B057
:109210001D460E460746FFF7F2FF04000AD02078ED
:10922000222804D3A07F8006C00FA84204D10820C2
:1092300019B0F0BDC748FBE7372168460170478089
:10924000002D05D00121017146711799817102E04D
:1092500000206946087109A96846F9F784FEA07FD5
:10926000DF21084069010843A0770020E0E770B5DE
:109270000446084620380D4603000DF0C5F90A06DD
:109280000A11232C334249505761FF20ADA1083009
:1092900052E02078202851D1FF20AAA10B304BE0CA
:1092A000A7480178032949D08078132846D0207830
:1092B000242843D0252841D023283FD0FF20A1A136
:1092C0000E3039E02078222838D0232836D8FF20E5
:1092D0009CA1153030E0207822282FD0FF2099A1C2
:1092E000193029E02078222828D0242826D02628C2
:1092F00024D0272822D0292820D0FF2091A11C305B
:109300001AE02078252819D0FF208EA1233013E001
:109310002078252812D0FF208AA126300CE0207862
:1093200025280BD0FF2087A1293005E020782828A8
:1093300004D0FF2083A12C300DF075F8257070BD8E
:10934000FF2080A12F30F7E730B5834C0B88834A8C
:10935000022801D0934204D09D1FA54225D20228A5
:1093600002D04D88954203D04D88AD1FA5421CD236
:109370004C88A34219D88B88FF25F435AB4214D80A
:10938000022802D0C888904205D0C888724D0A3899
:109390002D1FA84209D2C888904208D0944206D016
:1093A0005B1C63438000834201DB072030BD00204B
:1093B00030BDF0B56A49884245D36A4A0125AD04FB
:1093C0001368A84201D398423DD30279002A06D0FF
:1093D000082A02D8067B082E05D90720F0BD047B99
:1093E000002CFAD0F6E7002A06D004688C422AD373
:1093F000AC4201D39C4226D3002E06D084688C4216
:1094000021D3AC4201D39C421DD300240CE005685B
:10941000A700ED598D4216D30127BF04BD4201D3E9
:109420009D4210D3641CE4B2A242F0D80022012570
:10943000AD040CE084689700E4598C4203D3AC423D
:1094400003D39C4201D21020F0BD521CD2B29642EE
:10945000F0D80020F0BDFFB50022099B002802D003
:10946000994205DC58E0002902D1002004B0F0BD8B
:109470000920FBE7845C002C12D087187D78112D21
:1094800043D010DC2B000DF0BFF80A401726262C25
:109490002C2E2E363640835C002B30D1521CD2B29B
:1094A0008A42F8DBE1E71C2D2FDA123D2B000DF08C
:1094B000ABF8042C2C121A2C022CD9D1BB78039CAB
:1094C000072B237001D25B0701D40A20CEE7029B51
:1094D00001241B7816E0E343DB0708E0012C08D0E9
:1094E00013E00620C2E70F2523072D075B19002B89
:1094F000F4D03046BAE7029B1B789C0701D50B20BD
:10950000B4E702242343029C2370835C521C9A1804
:10951000D2B28A4202DDABE7192676028A42A9DB83
:10952000A3E710B504780B46002C1FD001210E4A8A
:10953000012C1ED0022C22D0032C2AD125E00000C1
:10954000740A00207372635C6761705F636F726599
:109550002E630000023000007B0C0000FFFF0000C3
:109560000080010028000020023200000021197054
:1095700011E019708179890903290AD10BE019706A
:1095800081798909012904D105E019708179890956
:1095900001D0104610BD411C0622581C0CF0C5FD20
:1095A000002010BD08B51346002806D0FEA00068B4
:1095B000009048796A468009105C18700622581C91
:1095C0000CF0B3FD08BD30B50C46097895B02229E2
:1095D00002D2082015B030BD282369460B704880A0
:1095E000132A03D03B2A01D00720F3E708460A716B
:1095F00009A9F9F7B8FC050003D121212046FFF79E
:1096000036FE2846E6E700B595B0232369460B7081
:109610004880108888805088C880D0884881908889
:10962000088100208881C88109A96846F9F79BFC58
:1096300015B000BD70B50C00064610D0FFF7DFFD79
:10964000050003D1D949DA480CF0EDFEA68028893F
:10965000E0802889208168896081A889A08170BD07
:1096600070B50E46050003D00021092003F027FF46
:109670000120D04C022E207324D0032E04D0CC48DD
:10968000CA491E300CF0CFFECA4806210D3003F047
:1096900091FCA07C8006800EA074FFF78EFDA08B4D
:1096A00000280ED0002D0CD08300012200210920BB
:1096B00003F060FE092804D0BD48BC4928300CF0F6
:1096C000B2FE70BDBB480321103003F073FCA07CD8
:1096D00040218006800E0843A074B6480C3002F08A
:1096E00015F9DAE77FB501A9012003F0C3FA0028D4
:1096F00004D0AF48AD4967300CF095FEAE4E01A8DE
:1097000003F0C6FA050002D0052D4CD048E0029CBB
:10971000A07F01072CD520462230009068462346C2
:10972000628E80882146343301F07BFA0546A07FA3
:10973000F7210840A077002D05D0B5422FD09C48D6
:109740009A49783029E0E17F480889074000C90F2D
:1097500008432021095D4007400FC9000843E07716
:10976000207828281CD129212046FFF780FD17E00A
:109770004007C4D568462246808821460E32FFF74E
:1097800042FF0546A07FFB210840A077002D07D0AF
:10979000B54204D08648854992300CF044FE00253D
:1097A000284604B070BD0020FBE7F8B5040004D1E2
:1097B000ED207E4980000CF036FE7220207060683B
:1097C00008250178091F0B000CF01EFF11F90A3D56
:1097D0005FF83D0EF8F83E3D3D3D3DF986F93D0010
:1097E00073487249AA3074E087883846FFF707FD4E
:1097F000060004D16E486D49B2300CF014FE60785A
:109800000421284360706B4CA07F0843A07721217E
:109810003046FFF72CFDB07F8007800F012801D173
:10982000801EA080384602F057FE3846FBF72AFE1D
:109830003846FAF7C6F93946022003F040FEB07FF9
:10984000EF210840B077F8BD86883046FFF7D7FC97
:10985000002804D156485549D0300CF0E4FD60682A
:109860008078012804D052485049D2300CF0DBFDFA
:1098700060688179304602F04EFF0028E3D06178BD
:10988000294361706168C880F8BD87883846FFF752
:10989000B6FC060004D146484449E3300CF0C3FD51
:1098A00060783946284360706068C088308160689D
:1098B0000089708160684089B081022003F0FFFD5B
:1098C0000020B075FFF70EFF0028DDD001203749DA
:1098D00080020CF0A8FDF8BD80783C2815D0002748
:1098E000022815D00026002804D031482F49F8302E
:1098F0000CF099FD0021084603F0E1FD002107204E
:1099000003F0DDFD002E05D046E001270026F1E73B
:109910000126EAE76078284360702648817F294362
:109920008177002F38D160688688304601F055F87D
:109930000546807F6168800889798000012900D010
:1099400002210843A87760680622C08A28816068DF
:10995000008B68816068408BA8816068C079E87579
:1099600061682846183008310CF0DFFB6068062279
:10997000807B68706168A81C0F310CF0D6FBA87F53
:109980008107890F304602F090FDA87F8007800F85
:10999000012801D10748868006480178032913D0A1
:1099A0008078132814D00BE00302FF0144950000D7
:1099B00013030000740A0020023000000CE00FE0E6
:1099C000FF20FCA1453084E70120FFF7BDFBF8BD77
:1099D0001120FFF7D2FBF8BD204601F02AFCF8BDAC
:1099E000607828436070F8BDF7B505460078002719
:1099F00000090C463E4601287ED00022F14902288B
:109A00007BD0072804D00A2878D0EAA1EE482DE1BF
:109A1000686803780D2B31D006DC042B6FD0072B40
:109A200036D00A2B6AD106E0122B38D0132B40D047
:109A3000142BF7D1B2E011270726002C72D08088B2
:109A4000A0806968FB238979A171E04905468A7F76
:109A50001A408A77032103F0C5F80421284603F051
:109A6000C1F80021284603F0BDF80221284603F082
:109A7000B9F80121284603F0B5F8F9E001270926D5
:109A8000002CDBD08088A080686880792072EFE0AD
:109A900012270E2680882146FFF7CCFDE8E01A2722
:109AA0000726002CCAD04088A08068680079A07181
:109AB000DEE081783C2936D010271E26002CBDD050
:109AC0008088A0806868C08A20836868C08AE08235
:109AD0006868008B60836868408BA0836968207D1C
:109AE000497F4008C9074000C90F084320756968CD
:109AF000C007C00F497F03E05FE08AE0ADE01CE0F3
:109B000049084900084320756968A21DC8790831D1
:109B1000FFF748FD69682246887B0D320F31FFF759
:109B200041FD05E074E019270726002C70D0A271D2
:109B3000A648F722817F11407DE01B272E26002CAE
:109B400066D0A1806968A21D0879491DFFF72AFD2A
:109B500068682030C07A60736868C0780428A07B89
:109B600019D040084000A073F921084069681F22FD
:109B7000C9788907490F0843A07369684007C97A03
:109B8000400FC9000843A073696820460F300C31AC
:109B90000CF0CBFA6CE001210843E4E71E270E2607
:109BA000002C6DD0A1806868E21D407AA0716968C0
:109BB0008878C91CFFF7F6FC5AE0287A012805D0FE
:109BC000022815D080487BA132384FE01D270E2691
:109BD000002C55D06888A080A889E080E889208181
:109BE000288A6081688AA0817848DF22817FA2E785
:109BF00012270E266888FFF71DFD002C40D06878DC
:109C00004007400F032833D17048FD22817F92E73F
:109C100036E0287A03000CF0F7FC06041010202030
:109C2000202619270726002C2AD0A1806748A27178
:109C3000817F4908490081771AE019270726002CFF
:109C40001ED0A180287A012805D00320A0715F488A
:109C5000EF22817F6FE70220F8E721462846029A2B
:109C600001F04BFCFEBD532052A100010CF0DBFBC8
:109C70000298002C068001D0278066800020FEBD5F
:109C800002980680FAE710B5504894B080781328FF
:109C900002D0082014B010BD22206946087009A91E
:109CA0006846F9F760F904460021072003F007FC35
:109CB0002046EFE700B5454895B08078122801D0DE
:109CC0000820B5E41E216846017000218170C17032
:109CD00009A9F9F748F90028F3D10021072003F07A
:109CE000EEFB1120FFF749FA0020A1E400B5374848
:109CF00095B00078022801D0032818D11B2108A8AC
:109D000001730021817369460BA8F9F72CF900282B
:109D100004D1684640781B2801D0032088E4002144
:109D2000084603F0CCFB68468078002801D0082064
:109D30007EE40120FFF708FA002079E4F8B5234C0F
:109D400003000CF061FC0A068017808080804B3590
:109D50006E80FFF7CBFF00282AD1F7F7E9FD002836
:109D600026D02221017000210172F7F7C2FDA07FE9
:109D7000012152E08EB23046FFF741FA050004D1CE
:109D800011480CA12E300CF04EFB287821280FD062
:109D9000F7F7CEFD00281BD01221017002270772B1
:109DA00046800020A875F7F7A4FDA07F3843A07770
:109DB000F8BD00007372635C6761705F636F72650A
:109DC0002E630000FFFF000036050000740A00202B
:109DD000132229463046FFF7F6FBE9E7A578122D56
:109DE00006D0132D07D0FA49FA480CF01CFBDFE728
:109DF000FFF760FF01E0FFF746FF0028D8D1F7F733
:109E000097FD0028D4D022210170122D07D0022105
:109E10000172F7F76EFDA07F10210843C7E701210B
:109E2000F6E7A07C810901290BD0800904D0E9481C
:109E3000E74922300CF0F7FA03210020FFF710FC6D
:109E4000B6E70221F9E7E348E1492930CDE7F7B564
:109E500014460D0004D1DF48DD4931300CF0E3FA3F
:109E600028780827012807D002281FD0D948D849C8
:109E700062300CF0D8FAFEBD0098FFF7C0F906007A
:109E800004D1D448D24938300CF0CDFA0220B07554
:109E90001030207060783843607007CD083407C4F4
:109EA000CD482022817F11438177FEBD0098FFF7C6
:109EB000A6F9060004D1C748C54946300CF0B3FAEC
:109EC000A988C648814208D1EA88824205D1132276
:109ED00031460098FFF777FBFEBD814202D1E8884A
:109EE000002809D01220207060783843607007CDB8
:109EF000083407C4002006E07823002202200099DD
:109F000003F038FA0120B075FEBDB34840897047B0
:109F1000FFB591B01498F8F721FF00285DD1012416
:109F2000684603218471C9028180002201A920466C
:109F3000FAF719F9002850D16846152184714902B1
:109F4000818000261C2102A800960CF04DF901200A
:109F50000146684610310170002001466846417094
:109F60008178F9273940891C21438170017A0225C3
:109F70002943017212998186C6861F2101870C90A0
:109F800011980F9001A80B9009AA0BA902A8F9F744
:109F9000B5FE002821D168468F4E808CF08068463F
:109FA00084718F498180807809AA3840801C4108DB
:109FB0004900684681708586058713A80F900BA914
:109FC00002A8F9F79BFE002807D16846808C3081F3
:109FD00031460A311498F8F7D4FE15B0F0BD30B50B
:109FE0000C46804995B08C4241D37F4901229204AE
:109FF0000968944201D38C4239D3203800220125CC
:10A0000003000CF001FB06042F494D535C64002152
:10A01000082003F02EFA002802D0112015B030BD20
:10A0200024206946087000A80522A11C02300CF00B
:10A030007CF809A96846F8F796FF050002D0082DBC
:10A040000ED031E0082300221146184603F092F9A1
:10A05000082829D05F485E49D6300CF0E4F923E0A7
:10A060000620DBE76068002803D0884201D2102078
:10A07000D4E73D2168460170218841806188818054
:10A0800009A9F8F770FF05000ED1606800280BD011
:10A090006946098D018007E0206801F079FC02E043
:10A0A000204600F0D8FC05462846B7E73E2007E0EA
:10A0B000857000E0827009A9F8F755FFF3E73420B6
:10A0C000694608702078C0076846F3D0F0E707209B
:10A0D000A4E730B50C46444995B009688C4201D2DA
:10A0E00010209BE7203803000CF08EFA0504212194
:10A0F000232132002088FFF782F8002804D000785E
:10A10000222803D2082089E7384887E725216846B6
:10A1100001702188418009A9F8F725FF050015D1B4
:10A120000AA905220231A01C0BF0FFFF0EE0062554
:10A130000CE02068002805D0884201D2102505E0F7
:10A1400001F01BFC24480025808BA080284665E791
:10A15000072063E720481330704710B520211E48C0
:10A160000CF040F80120FEF7EFFF1120FFF705F893
:10A1700000211948C943818000218176E1218900AD
:10A18000818301460C300D310446F7F751FC12482B
:10A190000722214613300BF0C8FFFFF70EF8002806
:10A1A00003D00B4912480CF03EF900F0D5FF10BD6A
:10A1B00010B504463C210CF015F8A07F8008800003
:10A1C000A077202020700020A0752034607010BD82
:10A1D000B49D00008C050000740A0020FFFF000001
:10A1E000012A000000800100280000200230000049
:10A1F000FB0600007047FEB50546FF480C4681424D
:10A2000007D301208004844205D3FC4800688442BF
:10A2100001D21020FEBD002D02D0012D32D126E04A
:10A22000F74908220F4668460BF07FFF3946204663
:10A23000FFF777F90028EDD1FEF7BFFF060006D043
:10A240000722694638460BF070FF3046FEBD207885
:10A25000002801D0012805D1E94807223946C01D50
:10A260000BF063FF0021092003F029F90FE00978C2
:10A27000002907D0012905D0022905D0032903D0E0
:10A28000E048FEBD0720FEBD0120FFF7E9F9DC48EC
:10A290000C3885760020FEBD10B5D8490968884283
:10A2A00001D2102093E7D64902460C390B7B0D31C1
:10A2B0001846FFF777F9002089E7FFB599B0054602
:10A2C000002069460871087208A9087408751446C8
:10A2D000CA480122C849920400681E46002D05D0D4
:10A2E0008D420BD3954201D3854207D3002C08D071
:10A2F0008C4203D3944204D3844202D210201DB076
:10A30000F0BD2846204318D01F270CAB01AA0097A8
:10A3100028461A99FFF79FF80028F0D10DAB02AA42
:10A32000314620460097FFF796F80028E7D16846A7
:10A33000007AC10703D00A20E1E70720DFE78007A2
:10A3400005D568460079800701D50B20D7E703AF14
:10A35000002D0FD01A20694608731A988873294671
:10A36000F81C1A9A0BF0E1FE0EA903A8F8F7FBFD02
:10A370000028C4D1002C0ED02021684601738673BA
:10A3800032462146F81C0BF0D0FE0EA903A8F8F7C0
:10A39000EAFD0028B3D19A4908A8007C0C3948701E
:10A3A0000020ACE770B504460A2020700D46204618
:10A3B000F8F7D9FD002805D139202070294620461C
:10A3C000F8F7D1FD70BDF7B500260C4605460B2702
:10A3D0001AE02968B00009580978002903D001293A
:10A3E00001D00720FEBDA170296806220958E01C93
:10A3F000491C0BF09AFE277020460299F8F7B3FD2E
:10A400000028EFD1761CF6B22879B042E1D80026B8
:10A410003A270FE0A868B10041581022A01C0BF0A9
:10A4200084FE277020460299F8F79DFD0028D9D1B7
:10A43000761CF6B2287BB042ECD80020FEBDF0B509
:10A44000044671A003C897B06B4B00271591149078
:10A450009C4211D369480125AD040268AC4201D386
:10A46000944209D32078012809D16168994203D325
:10A47000A94204D3914202D2102017B0F0BD604926
:10A480000C390A78012A0CD18A88614B9A4203D090
:10A49000002806D0012804D08A7F13079B0F06D11D
:10A4A00001E00820E9E7D30701D1910701D5112088
:10A4B000E3E7218A574B0A46203A9A4207D30128FC
:10A4C00075D1002973D1628A002A70D111E0022867
:10A4D00001D0032801D1A02969D3012809D0484A15
:10A4E0000C3A5278D20704D0628A002A5FD0B42A8C
:10A4F0005DD8002806D0012808D0022804D00328FF
:10A5000055D117E0002518E0022516E0002902D1F8
:10A51000608A00280CD004256068007800280CD0E0
:10A52000012809D0022807D0032805D03548A4E720
:10A530000125F1E7032500E00127207A002806D055
:10A54000012806D0022806D003287CD105E0002689
:10A5500004E0012602E0022600E00326002D01D0DF
:10A56000022D14D1002E12D0E068FEF722FF002841
:10A5700083D123480C384078800702D02148401E00
:10A580007BE7022D03D1022E5DD0032E5BD0182174
:10A5900068460170218A4180218A8180857118482E
:10A5A0000C38007B002803D001286FD104E04AE07A
:10A5B00000216846C17102E001206946C871684601
:10A5C000077221780930012937D006210BF00AFEE5
:10A5D00069460E74207D8207C107D20F4007C90F5C
:10A5E0005200C00F11438000014314A8405C69462B
:10A5F000C873002827D00FE0008001002800002049
:10A60000800A002002320000070605040302010050
:10A61000FFFF0000E13F000009A96846F8F7A3FC2E
:10A62000002884D109A96846FFF7BCFE0028A7D1FD
:10A63000002D0AD0022D08D010E061680622491CC6
:10A640000BF073FDC4E7072017E7002E06D009AA18
:10A650006946E068FFF7B7FE002891D11B206946E4
:10A6600008700120887009A96846F8F77CFC00286A
:10A6700086D108A840791B2819D12B000BF0C4FF04
:10A680000504040707040A00032001E00FE002208C
:10A69000FEF75AFD012D0CD0608A002809D0002257
:10A6A00083001146104602F065FE002801D0032009
:10A6B000E3E60020E1E6F3B5032687B00D46002966
:10A6C0000AD0FA4885426FD301208004854203D323
:10A6D000F7480068854267D30798FEF790FD0400AD
:10A6E00005D02078222804D2082009B0F0BDF14816
:10A6F000FBE7A07F8707BF0F002D05D0294638460E
:10A70000FEF722FE0600F0D139460027EA4801296B
:10A7100007D0022931D0E949E9480BF084FE3046E0
:10A72000E3E7A27D2946012A02D0827F920701D564
:10A730001120DAE700291BD108216A46049711820B
:10A740000592418904AADF48FAF7FDF80028CCD128
:10A750006846008A082801D00320C6E768460188B9
:10A7600001814188418181888181C188C18102A99B
:10A77000079801F061FF0646D1E7A17D022916D1B5
:10A78000807F800613D4002D04D0A07F40070CD416
:10A79000002100E00121079801F08FFF0600BED1E3
:10A7A000A775002DBBD004E01AE01126B7E7002DF5
:10A7B00016D02A4621460798FEF725FF064611289F
:10A7C000ADD1A07F4007AAD42046082229460E30EA
:10A7D0000BF0ABFCA07F04210843A07700269EE786
:10A7E000102082E770B50C460546FEF708FD010013
:10A7F00004D022462846FEF7E6FE70BDAD4870BD87
:10A8000000B50146143195B0192901D2810707D04E
:10A8100001461E3104D00A3102D0072015B000BD18
:10A82000312269460A70887009A96846F8F79BFBCF
:10A83000F4E701B582B00220694608809E4802AB69
:10A8400000896A460021F9F7E7FE6946098802296E
:10A8500000D003200EBD1CB50021009102216A46E4
:10A860001180934901900968884201D210201CBDD3
:10A87000914801899348FAF766F8694609880229E0
:10A88000F5D003201CBDF0B50E46884985B01746AB
:10A8900005468E4207D386480122920400689642FC
:10A8A00004D3864202D2102005B0F0BD1F2F01D97B
:10A8B0000C20F9E7804C8D4226D3954201D3854286
:10A8C00022D3E08803A9F9F758FE0028ECD12878B4
:10A8D00069464873E08803A9F9F730FE0028E3D100
:10A8E0006946009008780221084369460870497B50
:10A8F000090703D00821084369460870E0886946C3
:10A90000F9F7B5FD0028CFD169468F80E08833463E
:10A9100001AA0021F9F780FE69468988B942C3D0AF
:10A920000320C1E71CB50C4600210091019122884B
:10A9300069460A805E4901900968002801D0884272
:10A9400001D38C4201D210201CBD002801D0002A66
:10A9500009D059486A46C1885A48F9F7F4FF694650
:10A96000098821801CBD0C201CBD10B50123FEF7F9
:10A970004DFC2CE4002310B51A461946FEF746FCA0
:10A9800025E430B505464A4895B000680C4681423A
:10A9900002D2102015B030BD2846FEF730FC00284A
:10A9A00007D00178222902D3807F800603D40820B3
:10A9B000F0E74048EEE7132168460170458009A999
:10A9C000F8F7D1FA0028E5D108AA0A2151567F29C3
:10A9D00001D02170DEE70520DCE7F8B5012304464D
:10A9E0001A46194602F0C6F8074601231A46022104
:10A9F000204602F0BFF8064601231A4604212046ED
:10AA000002F0B8F8054601231A460321204602F059
:10AA1000B1F80446002F03D128492B480BF003FD61
:10AA2000002E04D1AD20254980000BF0FCFC002D48
:10AA300004D125482149801C0BF0F5FC002C04D1E1
:10AA400021481E49C01C0BF0EEFC22213846FEF7BF
:10AA50000EFC3846F8BD10B50446006800280CD03E
:10AA60001249884207D301218904884205D310493D
:10AA70000968884201D2102014E400F071FFA08818
:10AA80000D4CA083A07E01280DD10021092002F0E9
:10AA9000F0FC002800D00120A17C8909012915D0F3
:10AAA0000321FEF7DDFD002006E400000080010028
:10AAB0002800002002300000740A0020B49D00002D
:10AAC000C6090000FFFF0000B30200000221E8E712
:10AAD00030B5F74B9A4207D301239B049A4205D322
:10AAE000F44B1B689A4201D2102030BD1578EB065A
:10AAF0005B0F042B07D85478072C04D39378102BC2
:10AB000001D8A34201D2072030BDD3785B0702D41D
:10AB100013795B0701D5062030BDC37FAC075B0806
:10AB20005B00E40F2343C3770878EF2318401378C2
:10AB30009B06DB0F1B0118430870F12318401378A4
:10AB4000DB065B0F5B001843087050780873002029
:10AB500030BD30B500240C70C378DB07DB0F0B7001
:10AB6000C578AD07ED0F6D002B430B70C5786D07F1
:10AB7000ED0FAD002B430B7014700179C907C90F9D
:10AB8000117003799B07DB0F5B001943117000798B
:10AB90004007C00F80000143117030BD70B51446EE
:10ABA0000D460646F6F7C4FE002809D0A221017022
:10ABB000142221460830F6F707FBF6F79AFE70BD1F
:10ABC000132229463046FEF7FEFC70BD70B51446D0
:10ABD0000E460546F6F7ACFE002809D0222101708A
:10ABE00045802178017261784172F6F782FE70BD6E
:10ABF000132231462846FEF7E6FC70BD10B5AE4C78
:10AC0000207C00280CD1204621461038FDF762F840
:10AC1000002803D0A9A1F2200BF005FC012020742C
:10AC200010BD70B594B015460C462C226946189E8E
:10AC30000A704880002B17D00822194601A80BF093
:10AC400074FA68468581102231460E300BF06DFA99
:10AC500009A96846F8F787F9002803D1A17F1022D7
:10AC60001143A17714B070BD002001900290E8E775
:10AC7000F0B50646008A97B080B20D460190FEF707
:10AC8000BEFA04468C48317848380746E8370990C0
:10AC90000B000BF0B9FC0EFCFB48085F8798B8D995
:10ACA000FAF9F8F7F6FC002301221946019801F0A1
:10ACB00061FF050004D1FF2080A130300BF0B3FB11
:10ACC000002C04D1FF207DA131300BF0ACFB387E8D
:10ACD000C00904D078486030C06DA86112E02B2014
:10ACE000694608720BA902A8F8F73DF9002804D0BC
:10ACF000FF2072A13C300BF096FB74490C980BF0CE
:10AD00008EFAA9617068A862B068E862A07F8007C7
:10AD1000800F012820780DD0252804D0FF2067A1BE
:10AD20004D300BF080FB324621460198FFF736FF8D
:10AD300017B0F0BD2528F6D0222806D0242804D04C
:10AD4000FF205EA146300BF06EFB25212046FEF76A
:10AD50008EFAE8E7002301221946019801F00AFF64
:10AD6000060004D1FF2055A158300BF05CFB002CED
:10AD700004D1FF2051A159300BF055FB2078252834
:10AD800004D03078012108433070D1E702202870C8
:10AD9000B068A860B068002802D000202871C7E71A
:10ADA0000120FBE72B2069460870434968464C396F
:10ADB000F8F7D9F8002804D0FF2040A178300BF034
:10ADC00032FB03201BE02A206946087000A81022ED
:10ADD000023071680BF0A9F904A810220230B168A2
:10ADE0000BF0A3F9344968464C39F8F7BCF8002851
:10ADF00004D0FF2031A189300BF015FB042028700E
:10AE00000998686094E7B068002804D1FF202BA15E
:10AE100095300BF008FBE07F400704D5FF2027A109
:10AE200096300BF000FBB06806220A3800903379A8
:10AE30000421019801F0FBF90028A6D0FF201FA1F2
:10AE40009B300BF0F0FA73E7002C04D1FF201BA11C
:10AE5000A3300BF0E8FA2046223010220546716834
:10AE60000BF063F928212046FEF701FAA07F800746
:10AE7000800F022814D100231A462146009501981C
:10AE800006E04BE1BAE0B0E095E03FE071E05FE161
:10AE9000FFF7C7FE11281BD029212046FEF7E7F94E
:10AEA000E07F317A4007400FC9000843E0773FE771
:10AEB0000080010028000020400B00207372635CBA
:10AEC0006761705F7365632E6300000040420F008E
:10AED000A07F000704D5FF20FD49B0300BF0A3FA96
:10AEE000A07F08210843A0770020608620463430E8
:10AEF0000BF078F9E07FFD220146C9071040890F69
:10AF00000843E077307A2034207011E700230122D3
:10AF10001946019801F02EFE040004D1FF20EC49EF
:10AF2000CD300BF080FA2B2069460872E94902A85F
:10AF3000F8F719F8002804D0FF20E549D2300BF0CB
:10AF400072FAE4488188204621300176090A417668
:10AF50000E2129702146FC316960017E2974407EF2
:10AF60006874DC482C30A860103030346C61E860C4
:10AF7000DEE6002C04D1FF20D549E6300BF053FA71
:10AF80002078212893D93079012802D0022808D1CD
:10AF900003E0E07F04210843E077387E0121084385
:10AFA0003876324621460198FFF7F8FD23212046E6
:10AFB000FEF75DF9BCE601220421019801F01FFCB7
:10AFC0000028A2D0002301221946019801F0D2FDE9
:10AFD000040003D1BE49C0480BF025FA0F202870A9
:10AFE000172028716E34AC60A2E60421019801F0AC
:10AFF00056FC002889D11020287099E600230122F0
:10B000001946019801F0B6FD050004D18720B0492A
:10B0100080000BF008FA2E462036307E41064DD5D2
:10B02000A17F8F07BF0FC00713D029468031486F1B
:10B0300000280ED0027CF37DD207D20F5B001A43AA
:10B040000274486F5108E27F4900D207D20F1143C2
:10B050000174307E000713D52A468032116F002913
:10B060000ED0087CF37DC007C00F5B001843087446
:10B07000116FE27F40084000D207D20F10430874DE
:10B08000307E80070BD5F8204259002A07D0012FC7
:10B0900005D02946307C31311032FEF783FA307EFC
:10B0A000C0060BD5F8204259002A07D0012F05D140
:10B0B0002946307C31311032FEF774FA0523684698
:10B0C0000370357E4570834822216038019A0170F3
:10B0D0004178C908C900C91C417042800372457299
:10B0E000F6F78EFD2078252809D021280BD07A4844
:10B0F00077495B300BF097F92078222803D9222179
:10B100002046FEF7B4F80021019801F06BFD0028FD
:10B1100000D10DE670486E49633092E674686D4D5B
:10B1200020786035092802D00A28F2D10BE0E168C6
:10B13000002902D02846F7F7E8FE2169002902D04D
:10B140002846F7F7E2FE21462846F7F7DEFEEFE550
:10B1500061485F49883074E65E4810B504222821B2
:10B160006030F7F7B9FE5B480024EC30017E4906F9
:10B17000490E01764038C465FCF739FD55493C312C
:10B1800008461038F6F78BFC52484C30047410BD5A
:10B1900070B50D46FEF733F8040004D14E484C4913
:10B1A000A7300BF040F9FF21053128460BF01CF8C1
:10B1B000A07F8007800F01280CD00221284688300C
:10B1C000FCF716FD002804D043484149AC300BF091
:10B1D0002AF970BD0121F1E70A46014610B5104673
:10B1E0008830FCF71FFD10BD70B5054611200C46D8
:10B1F0000870002161702121495D002908D00329D0
:10B200000ED0042910D034483149C6300BF00BF968
:10B2100020780009012802D9E87FC008607070BD5D
:10B220000007000F203002E00007000F30302070D0
:10B23000EEE7F0B504464068082601789BB008297F
:10B240000DD00B2903D00C294BD1012181716068ED
:10B2500087883846FDF7D3FF05004CD147E0478883
:10B260003846FDF7CCFF050004D1172018494001EE
:10B270000BF0D9F82878212833D0282833D16068FA
:10B2800002210C3000F050FF00282CD0606808210B
:10B29000001D00F049FF002825D02D2168460170CF
:10B2A000478029461022223101A80AF03EFF0FA94B
:10B2B0006846F7F758FE002804D007480449EF30E5
:10B2C0000BF0B1F8A87F10210843A877292105E0E9
:10B2D000BCAE0000F40A0020030200002846FDF77F
:10B2E000C6FF1BB0F0BD607830436070F9E7FE49DF
:10B2F000FE480BF098F8A87FEF210840A87729783E
:10B3000021290FD061688A79002A02D08978002922
:10B3100012D08007800F022849D0F448F249343017
:10B320000BF081F8FEF7DEF90028DAD0EF48EE499D
:10B330003F300BF078F8D4E7607830436070E87FF6
:10B34000C00701D0042100E00321212041552878C5
:10B3500029280BD03946062002F0B1F82878242895
:10B36000E0D122212846FDF782FFDBE700230122FE
:10B370001946384601F0FEFB040004D1C920DA4921
:10B3800080000BF050F825212846FDF770FF0D20B6
:10B3900008A90871204609A98830FCF735FC022865
:10B3A000C0D00028BED0D148CF491D30B8E7607862
:10B3B00030436070B6E7F7B58AB015460646FDF72C
:10B3C0001EFF002841D0017822293ED323293CD0FA
:10B3D000C17F490739D4807F8007800F01280DD0B5
:10B3E000002301220021304601F0C4FB0746C0487B
:10B3F0000290F7F781FD040007D101E00123F0E797
:10B40000BA48B94959300BF00EF8002F1FD08837D1
:10B4100067610298F7F770FD07460298F7F76CFD31
:10B4200009212170266225710B99E760A1602061D6
:10B4300003A92046FCF70CFC022806D0002804D003
:10B44000AA48A94975300AF0EEFF0DB0F0BD002002
:10B4500007466061E4E730B5002387B00546012266
:10B46000194601F087FB04462846FDF7C8FE007820
:10B4700022281BD9002C04D19C489B4981300AF01A
:10B48000D2FF0F21684601701721017120466E30EE
:10B49000029069461A30FCF7B7FB022806D0002854
:10B4A00004D0E520904980000AF0BDFF07B030BD10
:10B4B00030B5002387B005460122194601F05AFB3A
:10B4C00004462846FDF79BFE00782228EED9002C82
:10B4D00004D18648844993300AF0A5FF10206946BC
:10B4E000087020468830FCF78FFB0028DED0E9206A
:10B4F0007D4980000AF097FFD8E7F7B50546007848
:10B500000027000982B00C463E4602287ED007285C
:10B5100002D00A284AD14AE068680178082907D091
:10B520000B2930D00C292ED070486F49D33060E100
:10B5300014271A26002C6AD04088A080FDF75FFEF1
:10B540000090002804D169486749AF300AF06BFFCA
:10B5500000980099C07DA21D1831FEF723F8686895
:10B5600008228089E081696820461030091D0AF0B0
:10B57000DCFD207E01210843F92108402076009857
:10B580004021807F47E018270826002CD3D08088F0
:10B59000A080FDF734FE050004D1F7205249800059
:10B5A0000AF041FFA11D2846FFF71EFE23E1002CF3
:10B5B00001D0288BA080287A01287DD0022804D0D1
:10B5C00003282FD048494B4813E11C270726002C9D
:10B5D000B1D0A088FDF713FE0090002804D1FD2013
:10B5E000414980000AF01FFF287B8007800F012857
:10B5F000A07914D040084000A071FD210840297BAB
:10B600004907C90F49000843A07101E0E3E0DFE00A
:10B6100000988021807F084300998877EBE0012122
:10B620000843E9E713270B26002C84D0A088FDF7F8
:10B63000E6FD00900023A0880122194601F09AFA45
:10B6400005460098002804D12A48274960380AF0A6
:10B65000EAFE002D04D181202349C0000AF0E3FE58
:10B660000098807F8007800F012859D0E86A817890
:10B670008907890F0129A17954D049084900A1718E
:10B680008278FD255207D20F294052001143A17143
:10B69000E322114002785207D20E1143A171DF223A
:10B6A00011404278D207920E1143A1710021E1713D
:10B6B000C1782172427900E037E00179607AD307DE
:10B6C00040084000DB0F18439307DB0F28405B0066
:10B6D00018435207FB23D20F1840920010436072A8
:10B6E000A07A4008400007E0BCAE00000E03000056
:10B6F000540B002067040000CA07D20F10438A07CA
:10B70000D20F2840520049071043C90F1840890042
:10B710000843A0720098007823286CD92621AFE056
:10B72000A86AA4E701221143A9E7297BFE48022960
:10B7300010D017270C26002C4AD0012911D003293C
:10B740001ED004291FD005291DD0F849F8480AF059
:10B750006AFE23E019270726002C4CD00121A17195
:10B7600005E00121A171E17989088900E171017E7B
:10B77000CA094906D201890E49000A4302760DE042
:10B780000220A07106E0687B0007000F8030A071E6
:10B79000052918D0E07980088000E071A088FDF7C5
:10B7A0002EFD05460078212825D0232804D0E04826
:10B7B000DE490C300AF037FEA088002101F012FAB1
:10B7C000222128465DE0E07980088000401CE4E703
:10B7D0000498068015E0002C01D06888A080287AA3
:10B7E000032828D004280FD005284DD0D048CF49B1
:10B7F00064300AF018FE0498002C068001D02780DF
:10B800006680002005B0F0BD15270C26002CDFD087
:10B810000023A0880122194601F0ACF9050004D1EB
:10B82000C348C2492A300AF0FEFD0622A11DA869BC
:10B8300009F0DCF9DFE716270726002CC8D0A0881E
:10B84000FDF7DDFC00900023A0880122194601F0DD
:10B8500091F905460098002801D0002D04D1B44884
:10B86000B24938300AF0DFFD2878C00601D5022041
:10B8700000E00120A071009800782328BBD927217F
:10B880000098FDF7F4FCB6E717270C26002C9FD094
:10B89000A088FDF7B4FC00906D7A002804D1A4487C
:10B8A000A2494B300AF0BFFD0621A01D0AF09AFC08
:10B8B0000020A071207A032108432072FB21084058
:10B8C0000099C97FC907490F08432072680692D5BD
:10B8D000E07904210843E071A07AE90740084000BC
:10B8E000C90F0843E17A2A0749084900D20F1143DA
:10B8F000FD22AB07DB0F10405B001843A072E80687
:10B90000C00F114040000143E17274E710B50446D6
:10B91000807990B08009012804D04D20834900012E
:10B920000AF081FDFFF76AF90120694608707E4838
:10B930000AA9A0380190201D0290601C0B90684657
:10B94000FCF786F9002804D07948784987300AF056
:10B950006AFD0322601C0B990AF0E7FB10B010BDD2
:10B9600010B5714CA03C002805D00146102220469D
:10B970000AF0DBFB0120207410BD10B50446FFF770
:10B980003DF969491022A03920460AF0CEFB10BDCE
:10B9900070B50025644C00281CD06649884207D346
:10B9A00001218904884205D363490968884201D28C
:10B9B00010250DE0062109F003F9411C07D05A4972
:10B9C0004039C865207E80210843207600E00725A5
:10B9D000284670BD207E4006400EF6E7F3B50020F5
:10B9E00089B00D46029000290AD0524885421CD3E6
:10B9F00001208004854203D34F480068854214D358
:10BA00000998FDF7FCFB060003D03078222815D1F9
:10BA100002E04A480BB0F0BD002D08D1B07FC1094B
:10BA200003D08007800F022801D01020F2E7B07FFA
:10BA3000C10601D4000703D5002D01D00820E9E795
:10BA40003948007EC00712D1F07F400701D50D2094
:10BA5000E0E7002201231146099801F08BF8070066
:10BA600005D0B07F8007800F022802D00BE01120A4
:10BA7000D0E7002D07D02A4639463046FFF728F890
:10BA800002900028C6D128488C38F7F735FA040010
:10BA900003D126492A480AF0C6FC0A2020700998DA
:10BAA000206238468830A060B07FFB218007800F7D
:10BAB000012829D0002D4CD002202071381DE060D3
:10BAC00038780007400F20743878C006C00F6074C3
:10BAD000A07C2A788008D2078000D20F1043A0747F
:10BAE0000840F17F01AAC907490F0843A074A8784C
:10BAF000E07469462846FFF72CF8684600792075FF
:10BB000068460078607528E001202071207B2A7843
:10BB10008008D2078000D20F104320730840297894
:10BB20008907C90F89000DE0E00B0020BCAE0000C2
:10BB300053040000008001002800002002300000B3
:10BB4000630500000843207324213046FDF78FFB76
:10BB50000BE0032020710520207325213046FDF7DE
:10BB600086FBB07F4006400EB07703A92046FCF765
:10BB70006FF8022805D0002803D0FD49FD480AF0DF
:10BB800052FC029846E7FFB581B00A9D06461C4666
:10BB90001746142128460AF027FB0B980021016064
:10BBA000F8070ED0F44920680968884239D312306A
:10BBB00028602068143068602068A8600B982168AD
:10BBC0000160B80726D56068002803D0EA490968F3
:10BBD000884226D3029900290AD0FC3600280ED0CC
:10BBE00031461030FDF79DFC00281BD1606810E045
:10BBF000002816D0E86080366068B0670AE0FEF77B
:10BC0000A9FA0146072230460AF08FFAFEF7F6FF3E
:10BC1000DA48E860780707D5D749A06809688842FC
:10BC200001D21020EEE528610020EBE5FFB5D44AF3
:10BC30000E4607CA97B002AB07C3002700970197CB
:10BC40001798FDF7DCFA050005D02878262804D0DF
:10BC500008201BB0F0BDCB48FBE700231A4619466D
:10BC6000179800F087FF040004D1C248C049803013
:10BC70000AF0D9FBA87F8007800F1690012814D006
:10BC8000022824D0BB48BA4999300AF0CCFB0121E4
:10BC90000022852E31D01EDC002E26D0812E26D00B
:10BCA000822E26D0832E1ED125E0002EEFD12146F4
:10BCB0002846199AFEF70CFF0028CAD119988078F7
:10BCC000009019980078C007C00F0190DFE719981D
:10BCD000002808D1DBE7862E11D0882E11D0892EBE
:10BCE00011D08A2E11D00720B3E710460EE0084687
:10BCF0000CE002200AE0032008E0052006E0062010
:10BD000004E0082002E0092000E00A20002222715D
:10BD100001216A461176211D0791002801D020716A
:10BD2000FAE0169801280CD0A66AE06A02220121E6
:10BD300010900020A0602846173002291AD0012157
:10BD400019E0E66AA06A1090032030702078FB2387
:10BD5000C006C00F7070B07801221840009BF370CD
:10BD60008008019B800018430221B0700020707190
:10BD70003071DEE70021890009190861681C022A78
:10BD800001D0012100E00021890009190861B07883
:10BD90008007800F01285ED1109880788007800F7F
:10BDA000012858D110980079844610984079009065
:10BDB000169801281DD0317908A801747179017590
:10BDC00008A8027C6046024008A8007D009908404F
:10BDD000139010433FD06C491A98884207D3012131
:10BDE0008904884215D364490968884211D2102019
:10BDF0002FE70CAA0DA91998FEF7ABFE08A8007C46
:10BE000061460840307108A8007D009908407071B3
:10BE1000D6E720463C3021460090F031169801913B
:10BE2000022834D000211A9B20460C33FFF7ABFECA
:10BE30000028DDD12046503021460090F43116987C
:10BE40000191012825D0002120461A9B139AFFF763
:10BE50009AFE0028CCD110988078400702D4E87F61
:10BE6000C0072BD0169902A8012914D0109909787F
:10BE70004900405A21780907490F4900C8408707FF
:10BE8000BF0F2AD0012F14D0022F0FD113E00121B0
:10BE9000C9E70121D8E721780907490F4900405A2D
:10BEA000109909784900C8408707BF0F032F04D0B5
:10BEB00004E0022711E001270FE00227169801286D
:10BEC0000BD1B078FB210840E97FC907490F08432F
:10BED000B07020780007400F3070207810224008A2
:10BEE000400020701099D2434978C907C90E114308
:10BEF00008402070C00623D4022F21D0012F21D06A
:10BF00000020A061E0612062606220461830A060DD
:10BF1000E87F40084000E877204606A98830FBF714
:10BF200073FE002806D0022804D06F2010490001BB
:10BF30000AF079FA25212846FDF799F9002088E6CC
:10BF4000032008E020460D211B300AF04BF9204663
:10BF50001830A060042069460875E87F0121084375
:10BF6000E87705AA29461798FEF730FED4E70000C7
:10BF7000BCAE00008E05000028000020400B002011
:10BF8000606701000230000000800100F0B587B05A
:10BF900015460E0004460DD06A48854207D301209D
:10BFA0008004854206D368480068854202D210208A
:10BFB00007B0F0BD2046FDF722F9070004D038781D
:10BFC000272803D00820F3E76048F1E700231A464A
:10BFD0001946204600F0CEFD040003D15C495D48BF
:10BFE0000AF021FA0020002E05D0022E08D0012EE2
:10BFF00011D00720DCE701216A461171A06018E02A
:10C00000234618336946A360087110222946184652
:10C010000AF08BF80DE021461831A16069460871DD
:10C02000A061E061206260620621284608F0C8FD38
:10C03000A0612078C10714D0400840002070022081
:10C04000694608702046183002907030FBF7DCFD1E
:10C05000022806D0002804D03E483D4923300AF08B
:10C06000E2F925213846FDF702F90020A0E770B576
:10C0700094B00D460646002B02D0072014B070BDC8
:10C08000FDF7BDF8040007D02078222802D3A07F56
:10C09000400603D40820F1E72C48EFE7002D19D023
:10C0A0002D216846017046801022294601A80AF019
:10C0B0003CF8E07F297C4008C9074000C90F0843CD
:10C0C000E077297C40078906400FC90EC900084364
:10C0D000E07703E02E2168460170468009A9684692
:10C0E000F6F741FF694609782D2905D1002803D1CB
:10C0F000A17F10221143A177A17FBF221140A17718
:10C10000BCE710B50C46FDF77AF8002805D00E49BB
:10C1100009688C4203D2102010BD0C4810BD214686
:10C12000FFF762F8002010BD05E00278401C002AED
:10C1300001D0002070470A46491E89B2002AF4D176
:10C14000012070470080010028000020023000001C
:10C15000BCAE00000F07000030B50346072903D02E
:10C160000820DA781C7916E00720FAE707290BD0B7
:10C170005500ED186D79072D01D0401EC0B2521C3C
:10C18000D2B20F2A07D105E05500ED186D79072DC1
:10C19000F3D0F4E700222546641EE4B2002DE5D179
:10C1A00030BDFFB581B00C461646114620460A9FA9
:10C1B0000B9DFFF7D1FF00280AD020790F2803D369
:10C1C000FEA1A0200AF02FF9A078C00907D019E03D
:10C1D000072E02D0112005B0F0BDFD48FBE7019805
:10C1E0002880381D6880002068712871EF800498CD
:10C1F00028812846F6F7DFFE002803D1EFA1AD2005
:10C200000AF011F9E07821794018491CC0B2217177
:10C210000F2801D30F38C0B2400000194671817950
:10C22000F12249084900114081710020D3E7FFB590
:10C2300083B01C4616460F4600231A4602210C9D69
:10C24000039800F097FC010008D033463A46019568
:10C2500000940398FFF7A5FF07B0F0BDDC48801EEF
:10C26000FAE7F0B5054616460F4650888DB0002314
:10C270000122022100F07EFC040003D1CFA1DF20C7
:10C280000AF0D1F8002069460871A078400603D171
:10C29000CAA1E3200AF0C7F8042F5ED32A78D0079A
:10C2A000C017401C06D161786B78994255D121782E
:10C2B000090752D00121142A46DA012A42D0122A53
:10C2C00002D0132A40D128E00C2F3DD1A27852068B
:10C2D000520E012A38D0207800090001401C20703D
:10C2E000687860706846017168792A7901021143A3
:10C2F00068460181E879AA790102114368464181C3
:10C30000687A2A7A0102114368468181E87AAA7A1A
:10C31000010211436846C1811AE0062F14D120782A
:10C320000009000120707188012001F0C8F8022185
:10C3300068460171C91E018168792A790102114399
:10C3400068461FE0062F0AD06A461279002A1BD0E1
:10C350007088324601A9FDF77AFD0DB0F0BD207856
:10C360000009000120707188012001F0A8F8022165
:10C370006846017168792A79010211436846018192
:10C380000021C9434181E3E70028E6D0748868466C
:10C3900081766978C176022181830021C18304A856
:10C3A00005220090062311462046FFF740FF002893
:10C3B000D3D088A1D6200AF036F8CEE7F7B58CB0F6
:10C3C00015460C990D98F9F7CEF9C0B2082851D14D
:10C3D000002069468885688800230122022100F038
:10C3E000C9FB040004D1FF2074A163300AF01BF8DC
:10C3F00001230021E07822790BE046003619767996
:10C400009E4201D1491CC9B2401CC0B20F2800D1C4
:10C4100000201646521ED2B2002EEED1002902D1C3
:10C4200017206946888504AB02330BAA00950C9946
:10C430000D98F7F73BFC0006000E07D002281BD032
:10C44000032817D0FF205DA1893011E06846808D58
:10C4500000280FD002A901910090688804230122CE
:10C460002146FFF79EFE002804D0FF2053A176301E
:10C4700009F0D9FF0FB0F0BD68781021084368704B
:10C48000F8E70020584902464300401CCA520828D9
:10C49000FAD3704700218170017809090901017000
:10C4A00000214170C1700171704770B50D460023C5
:10C4B0000122022100F05EFB040004D1FF203FA115
:10C4C000CF3009F0B0FFA0786906C009C001490E5D
:10C4D0000843A07070BD704710B50146012000F000
:10C4E000EEFF10BD3EB58DB2002301220221284689
:10C4F00000F040FB040004D1FF2030A1E43009F03B
:10C5000092FF20786946000900012070022008701F
:10C5100036488880C88000222846FDF798FC3EBD3A
:10C52000F7B505460078002700090C463E4601286D
:10C5300004D0FF2021A1F33009F075FF287A0328E9
:10C540000CD041201DA1C00009F06DFF0298002C05
:10C55000068001D0278066800020FEBDEA89702712
:10C5600010460A3086B2002C0AD06888A080A889BC
:10C570002081E28020460A30296909F0D6FDE5E7EE
:10C5800002980680E8E7F8B543680246D9799C79B5
:10C59000090221435C7A1E7A25025C88981D354386
:10C5A000241FA14238D11B79022B35D1042D34D060
:10C5B000052D3DD0062D34D0402D19E07372635CFB
:10C5C0006C326361705F636F72652E630000000000
:10C5D000043000007372635C6C326361705F636F80
:10C5E00072652E6300000000000C0020FFFF0000B9
:10C5F00012D3061D0F461446284600F0E9F9082814
:10C600000AD01120207003202072A581E7812661C5
:10C610006078082108436070F8BD001DFFF7CEFE6A
:10C62000F8BD031D50880A461946FEF7C4FEF8BD42
:10C63000001DFFF716FEF8BD70B50D4600238CB047
:10C6400006461A46022100F095FA040031D02078FF
:10C650000007000F01282ED01220694688746078E8
:10C660000523801CC874082088822888C8826888AE
:10C670000883A8884883E888888302A90C20019150
:10C6800000901A4621463046FFF78BFD00280ED158
:10C69000F02300223146012000F06CFE20780009D2
:10C6A0000001401C20706078801C607000200CB07D
:10C6B00070BDCD48FBE71120F9E770B50D460023AA
:10C6C0008CB006461A46022100F054FA040006D047
:10C6D00020780007000F012803D00820E7E7C248B0
:10C6E000E5E71321684681746178C1740221818273
:10C6F000C58202A906200523019100901A46214611
:10C700003046FFF74EFD0028D1D120780009000106
:10C7100020700020CBE7F3B581B00D460023012245
:10C720000221019800F026FA00260446002803D1D1
:10C73000AE49AF4809F077FE2079A8423BD2AC4819
:10C74000AA49401C09F06FFE35E0E07841000F195E
:10C75000401C7979C0B20091E0700F2801D100200F
:10C76000E0702079401E2071B879C00708D0009889
:10C770000199042815D09D498220183109F053FEF3
:10C78000B8790007410F08D0400F019904280CD058
:10C7900096498F20183109F046FE009807280AD1E3
:10C7A00007E00846FEF784FEEAE70846FEF753FE78
:10C7B000F3E7761CF6B228466D1EEDB20028C4D110
:10C7C0003046FEBD10B500230122022100F0D2F94F
:10C7D000040004D1B5208549800009F024FEE078EA
:10C7E00021794018C0B2E0700F2801D30F38E070F3
:10C7F00000202071A07880210843A07010BDF8B5FA
:10C8000017460D4600231A46022100F0B3F9040032
:10C8100005D0002D0CD0002F07D0062006E0072DF4
:10C8200001D00820F8BD0720F8BD0820A84204D890
:10C830006F486E49423009F0F6FD29462046FFF761
:10C840008BFC0646002F28D0002E26D1E0782179D7
:10C850001CE0420012195379072B03D093791B0770
:10C860005B0F04D0401CC0B20F280CD00CE040007D
:10C8700000198079F12318406B071B0F1843907142
:10C8800000290AD104E00020491EC9B20029E0D1E4
:10C89000574856495A3009F0C6FD3046F8BDF8B53C
:10C8A0000D4600231A46022100F064F9040004D169
:10C8B0004F484E49683009F0B6FD681E052804D37C
:10C8C0004B484A49693009F0AEFD0F21E2782079E2
:10C8D000002310E0560036197779AF4206D1B179BE
:10C8E00049084900B1715B1CDBB21146521CD2B23F
:10C8F0000F2A00D100220646401EC0B2002EE9D108
:10C900000F2905D248000019817901221143817154
:10C910001846F8BD10B50446402801D2072010BDC6
:10C9200000F056F8082802D03120000210BD002186
:10C93000304802E0491C082903D24A00825A002AE2
:10C94000F8D1082903D049004452002010BD04202A
:10C9500010BD10B5402801D2072010BD00F038F8F6
:10C96000082805D00021234A40001152084610BD76
:10C97000052010BDF0B58BB016460C00074607D059
:10C98000002E05D06188402904D207200BB0F0BDED
:10C990001020FBE72088002801D0172801D90C209F
:10C9A000F4E7084600F014F808280FD0258803A8FB
:10C9B0002A463146023009F0B8FB01A8009062888F
:10C9C0002B4607213846FFF732FCDFE70520DDE77D
:10C9D00001460020074A02E0401C082803D2430019
:10C9E000D35A8B42F8D1704702300000BCC500001A
:10C9F000AD020000000C0020F8B50546E54C079E8E
:10CA0000069821706270A370E6702071681C42085D
:10CA10005200E14B0021880000198446C261605C2D
:10CA200040008218002D0AD0002005E0664647002D
:10CA3000F669401CF353C0B2665C8642F6D8491CC6
:10CA4000C9B20529E7D30026D21C9708B000BF0061
:10CA500000198760304600F042F9A15D761C48431A
:10CA6000C219F6B2052EEFD3501B80B2F8BDF0B557
:10CA70000546C84F8C460020FF247E5DA9009646DF
:10CA80000346CF190CE0F9695A008A5AC2498A4212
:10CA900004D1401CC0B2FF2C00D11C465B1CDBB291
:10CAA0009E42F0D86146002909D100280BD0002D04
:10CAB00007D0B84949788E4203D2401EC0B2002840
:10CAC00001D071460C70F0BD70B5B24C8D000023E2
:10CAD0002D19615C09E0EC695E00A45B844202D11F
:10CAE0001370012070BD5B1CDBB29942F3D80020AB
:10CAF00070BDFEB51C4617460D46060008D0002D39
:10CB000006D0F01C80088000B04203D01020FEBD8B
:10CB10000E20FEBD002F03D0002C01D0A74201D96A
:10CB20000720FEBD0094234622463946002001948A
:10CB3000FFF762FF2988814207D0814201D2042198
:10CB400000E0092128800846FEBD009423462246C5
:10CB5000394630460194FFF74FFF28800020FEBD84
:10CB600010B5044600F0C5F8002801D0E0B210BDB1
:10CB7000FF2010BDFFB50546874881B01E460C4614
:10CB8000854204D0052C02D20398022802D300204B
:10CB900005B0F0BD002769460F7028466A46214659
:10CBA000FFF792FF00280ED068460178204600F07B
:10CBB000A8F8002EECD00028EAD1284600F099F819
:10CBC000002809D103E03846002EF6D1E0E7FF2027
:10CBD00072A15C3009F027FC21462846039A00F038
:10CBE0009CF8D5E7F8B505460C4600206A4E694624
:10CBF0006E4F0870B5423BD0052C01D30720F8BD1D
:10CC00000A4621462846FFF75FFF002830D06846D5
:10CC10000178204600F075F8230009F0F5FC0504C2
:10CC2000090C11161B0001462846FEF7D5FA15E03F
:10CC3000FDF7E0FA12E001462846FFF74CFC0DE054
:10CC400001462846F6F7B5FF08E001462846F8F702
:10CC500012FC03E056A17B2009F0E5FB4D4A684633
:10CC6000A10000788918C96940000E520020F8BD63
:10CC70003846F8BD524A1268914201D210207047DE
:10CC8000052801D3072070470872002048727047BA
:10CC9000F8B504464A480068844201D21020F8BD25
:10CCA000207A3C4A83009B18617A3B4D125C11E06C
:10CCB000DE694F00F65BAE420AD04A1C6272DA6946
:10CCC0004B00D25A228000F01CF860600020F8BDB2
:10CCD000491CC9B28A42EBD861720520F8BD0EB575
:10CCE000384B40000ECB0091029301926946085ADE
:10CCF0000EBD28494978814201D9012070470020A2
:10CD0000704770B50C460546FFF7E9FF214AA900B8
:10CD1000891889686043401870BDF8B50C4606460E
:10CD200000206946134608706A4619462046FFF7F8
:10CD30009EFE002500282BD0164A6846A1000078E8
:10CD40008918C96940000E52684601782046FFF7ED
:10CD5000D8FF0546230009F057FC0504090C0F1401
:10CD6000170029463046FEF713FA11E0FDF720FAC6
:10CD70000EE0FFF78FFB0BE029463046F6F7E0FEAA
:10CD800006E0F8F771FB03E009A1622009F04BFB14
:10CD90002846F8BD100C0020FFFF00007372635C92
:10CDA000686F73745F636D2E6300000002300000D3
:10CDB0007372635C686F73745F636D2E6300000051
:10CDC000280000206C67010010B5014620220948A8
:10CDD00009F0ABF907490020C877084610BD06499D
:10CDE000012048610548064A0168914201D10021AD
:10CDF00001607047400C00200005004078000020D2
:10CE0000BEBAFECA8107C90E002808DA0007000F63
:10CE100008388008C24A80008018C06904E0800891
:10CE2000C04A800080180068C8400006800F704724
:10CE3000BD4948788978884201D3401A02E021220E
:10CE4000511A0818C0B27047B74923314878897819
:10CE5000884201D3401A02E02122511A0818C0B2B8
:10CE60007047B149463148788978884201D3401AE1
:10CE700002E02122511A0818C0B27047A94910B522
:10CE80000C310868FF22120290430122D2031043A2
:10CE90000860A54900202331487088702339487004
:10CEA0008870463148708870A04808F0C8F89F48DC
:10CEB000401C08F0C4F8F5F741FC00F028F910BD5B
:10CEC00020207047B4E770B50C4605460026FFF7F2
:10CED000AFFF9549A04214D30A46203A00232046CA
:10CEE000641EE4B200280BD08878105C2870887823
:10CEF0006D1C401CC0B288702128F0D18B70EEE709
:10CF0000012600F004F9304670BD202070479BE7F1
:10CF100070B50C4605460026FFF796FF824923317F
:10CF2000A04214D30A46203A00232046641EE4B2ED
:10CF300000280BD08878105C287088786D1C401C05
:10CF4000C0B288702128F0D18B70EEE7012600F086
:10CF5000DEF8304670BD202101700020704710B50A
:10CF60000446FFF77EFF2070002010BD70B50C4610
:10CF70000546FFF776FF6C494631A04215D30A46B5
:10CF8000203A00232046641EE4B200280BD08878A3
:10CF9000105C287088786D1C401CC0B288702128F5
:10CFA000F0D18B70EEE7002400E0614C00F0AFF8A8
:10CFB000204670BD70B50C460546212904D9FF20D6
:10CFC0005CA1473009F02FFA55484068103840B24C
:10CFD000FFF718FFC6B20D20FFF714FFC0B286425C
:10CFE00007D2FF2053A14D3009F01DFA01E0F5F7FB
:10CFF000E8FB21462846FFF766FF0028F7D070BD02
:10D00000F8B507464948484C401E474E007825462B
:10D0100046362335002806D1A9786878212200F009
:10D020006BF800280ED0A1786078212200F064F817
:10D03000002814D0B1787078212200F05DF8002823
:10D0400028D033E038496878C91C0F546878401CF0
:10D05000C0B26870212829D10020687026E03249CA
:10D06000607820390F546078401CC0B2607021286D
:10D0700001D1002060702D4F7F1E3878002815D018
:10D08000A1786078212200F037F800280ED0002027
:10D0900038700BE02449707826310F547078401CAA
:10D0A000C0B27070212801D100207070A978687812
:10D0B000212200F021F800281DD0A17860782122DB
:10D0C00000F01AF8002816D0B1787078212200F00C
:10D0D00013F800280FD0F5F756FB144807F0B7FFF8
:10D0E00001214903884203D016A1C12009F09BF910
:10D0F0000E4807F0C4FFF8BD401C884205D090429E
:10D1000001D1002901D0002070470120704710B5DF
:10D11000064807F09CFF002801D1F5F723FB10BD5E
:10D1200000ED00E000E400E0800C00207D00002025
:10D13000072000007372635C736F635F72616E64DB
:10D140002E6300007372635C736F635F72616E6461
:10D150002E6300000C4908784A78401CC0B2904207
:10D1600000D008707047094A074820BF40BF20BF61
:10D170004178037843701368002B02D103788B4207
:10D18000F3D00020704700007F00002000E200E0A4
:10D19000FEB5F34C07466068FF213E0181552178BA
:10D1A000FF2913D00901083141583246491E08327F
:10D1B00009020192090A805800F0C8F9002802D03B
:10D1C0002478254615E06168207888552770FEBDD3
:10D1D000E34842680198115828010090083010581F
:10D1E00000F0B4F9002806D1DD482C4641680098CB
:10D1F0000D5CFF2DECD1DA4821014068855547547C
:10D20000FEBD70B5D64A04460020157A53680AE080
:10D210000201561C9E5DA64203D10C329A588A42E6
:10D2200004D0401CC0B28542F2D8FF2070BDF8B5D2
:10D23000CB4F3E7801F013FE0146FF2E68D034013B
:10D24000254678680835405900F080F9022802D94F
:10D25000786840595AE0C2494868025D0A70A11CCA
:10D26000425C002A0CD0521E425441590122D20580
:10D2700089180902090A41513046FFF789FF30E059
:10D28000631CC25C0092221D94468258002A10D072
:10D2900001239B029A420FD99205920D43595703DD
:10D2A000DB191B021B0A43516346C3589A1A920AA0
:10D2B00009E0FF21C1540AE0435952039A181202AF
:10D2C000120A4251002242543046FFF761FFA4483F
:10D2D0000C344168C26800980959800012580098BF
:10D2E00090479F4C2078FF2812D001F0B8FD0146EE
:10D2F0002078626800010830105800F027F90128F2
:10D3000096D92078616800010830085801F09AFD2C
:10D31000F8BDF8B51C4615460E460746FF2B03D34D
:10D3200090A1D32009F07FF88D48FF21C7604560A8
:10D3300004720674017000224270104604E002017B
:10D34000521C401CA954C0B2A042F8D3F8BD70B51D
:10D35000834C06466578207C854203D381A1E62074
:10D3600009F061F8E068A90046506078401C6070E0
:10D37000284670BDFFB581B01D46FF2401F06FFD4A
:10D38000774F064679780198814203D875A1F42039
:10D3900009F049F872480021037A406810E00A0158
:10D3A0009446521C825CFF2A24D0019FBA4205D1C8
:10D3B00062460C328758029A97421DD0491CC9B266
:10D3C0008B42ECD8FF2C17D021014B1C019AC25480
:10D3D0000B33029AC250039B614F0022012B0ED0E7
:10D3E0000B1DC25001239B029D4216D9AA05920D26
:10D3F00008D008E00C46E1E7FF2005B0F0BD0B1DAA
:10D40000C550EFE71A4653039B190E461B02083618
:10D410001B0AAA1A8351920A09E0002D00D10125A6
:10D420006B039B191D022D0A0B460833C550891C3E
:10D4300042543D463E782046FFF7AAFE2878B04287
:10D4400015D001F00CFD014628786A68000108300B
:10D45000105800F07BF8012807D928786968000186
:10D460000830085801F0EEFC01E0FFF7E0FE0198FB
:10D47000C3E770B50C46054601F0F1FC06462146AF
:10D480002846FFF7BEFEFF2817D0354D0401204681
:10D49000696808300858314600F058F8012109033E
:10D4A00040186968A41C095D400B002901D089025D
:10D4B0000818002800D1012070BD002070BDF3B510
:10D4C00081B00F460198FFF79CFEFF282AD0244D1B
:10D4D0002E7869683246344604E0844205D02646F8
:10D4E0002301CC5CFF2CF8D11CE0FF2C1AD0A64203
:10D4F0001FD11001085C2870FF2818D001F0AFFC84
:10D500002A780146120168680832805800F01EF837
:10D51000012809D92878696800010830085801F005
:10D5200091FC06E00020FEBDFFF781FE01E001F066
:10D5300091FC39460198FFF79CFF22016968FF239F
:10D54000541C0B558A5C3301CA54FEBD401A0002BC
:10D550000121000AC905884200D900207047000057
:10D56000CC0C00207372635C736F635F74696D65CC
:10D57000722E6300F0B500241C4A01211C4B0803E5
:10D58000546018601B4B1C601B4C20601B480469D6
:10D59000E443E406E617046910252C430461184CA3
:10D5A0006160184D2960761C00E020BF1F68002FC5
:10D5B000FBD0002E03D107691026B743076190689E
:10D5C0008005906801D5104A10436960A160002170
:10D5D00019600121084A09031160F0BD10B5044625
:10D5E000FFF7C8FF2060002010BD000000C500400C
:10D5F00080E100E000C1004080E200E000ED00E0DA
:10D6000000C3004000C0004000FCFFFF70B51F4990
:10D610000A68002A17D000231D4601244A68521CBC
:10D620004A60092A00D34D600E792246B2400E6846
:10D6300016420AD072B60B6893430B6062B6496813
:10D640000160002070BD052070BD5B1C092BE5D377
:10D650000FA1362008F0E7FEF5E70120104980050C
:10D6600008607047EFF31081CA07D20F72B601212C
:10D6700081400648036819430160002A00D162B660
:10D68000EBE7024800210160416070478400002000
:10D690007372635C736F635F6576742E6300000062
:10D6A00000E200E001208107086070470120810747
:10D6B000486070471048C068C00700D0012070471C
:10D6C0000D488068C00700D0012070470A484069B3
:10D6D000C00700D0012070470748C069704706495D
:10D6E0008A69D20306D589698907890F814201D1E8
:10D6F000012070470020704700040040F8B5F84C46
:10D70000207BE17A88421CD00126F64D0027E07A82
:10D71000215C14200A4642435019037C052B11D08A
:10D72000037C062B1CD0037C072B28D0437C012BC9
:10D7300033D0EDA1EF4808F076FE207BE17A8842F5
:10D74000E5D1F8BD0674E07A0A2807D0E07A401CDB
:10D75000E072491CC8B2AA5802210CE00020F7E789
:10D760000674E07A0A2808D0E07A401CE072491C6E
:10D77000C8B2AA5803219047DFE70020F6E70674F5
:10D78000E07A0A2807D0E07A401CE072491CC8B24F
:10D79000AA580821EFE70020F7E74774E07A0A2843
:10D7A00007D0E07A401CE072491CC8B2AA58072191
:10D7B000E1E70020F7E770B50024CF4E0620707235
:10D7C000CE4825464477047738300473C472CC4879
:10D7D00007F035FCCB480575F572CB49601E8860B3
:10D7E0007571B570F57035717570C848643905701C
:10D7F00045701420604340180574641CE4B2052C85
:10D80000F7D30120F5F764F80020F5F761F801205F
:10D81000B071F4F727FDBE48F4F736FDBD4C20701B
:10D82000BD48F4F731FD6070F4F7F2FF70BD10B53C
:10D83000F5F719F8B74C2078F4F744FD6078F4F761
:10D8400041FDAD4C207A002803D0F4F7CAFD00203A
:10D85000207210BD70B5A84CA079002804D0A2A1F8
:10D86000AE4808F0E0FD70BDE07A002803D19EA12B
:10D87000AB4808F0D8FD0126A6710025E572607A54
:10D88000042114225043974A801801749E488168ED
:10D89000491C04D0691E81600120F5F719F80020A9
:10D8A000F5F716F8F4F7FAFF07F00AFDF5F7FBF8BD
:10D8B0009C480560056001209B49C0030860F5F79E
:10D8C00071F992480078022804D0032804D1E07846
:10D8D000002801D0A67000E0A570F5F7D0F870BD63
:10D8E000034680490520142242435218203A127FF1
:10D8F000002A04D0401E0006000EF4D17047142206
:10D90000424351180A46803AD366012220390A77E9
:10D910007047012805D0032805D1002903D1002034
:10D9200070470029FBD010B4734C00236370774A12
:10D93000002890700CD002280AD007291AD20800BB
:10D9400078440079001887441505070D0F1113005E
:10D95000D37003E01B2000E03A20D07001206070FB
:10D9600010BC70475820F8E77720F6E79620F4E7D8
:10D97000B520F2E710BC0020704710B5634840782E
:10D98000F5F798F880B210BD411E1422504310B52F
:10D99000544A8418203C042902D8207F002803D14F
:10D9A00051A1624808F03FFD207F012804D0B32038
:10D9B0004DA1800008F037FD0020207710BD70B524
:10D9C0004E4C607F217F884201D1012500E0002577
:10D9D000F5F709F8F5F76EF8617F227F914201D1E2
:10D9E000012100E00021A942EBD170BDF7B5074647
:10D9F000481E84468EB0C0B2142205905043394A66
:10DA000085180495287C2D1D07282AD1344C002622
:10DA1000E07A227B824221D0235C059A934201D195
:10DA2000012601E0002E04D00A2811D0421CA25C7D
:10DA300022540A280ED0401C227BC0B28242EBD175
:10DA4000002E0BD0207B002806D0207B401E04E057
:10DA50000022ECE70020EFE70A202073049A01205F
:10DA600010746046244C042813D8142041431D48E8
:10DA700008182038007F00280BD00498007C01286B
:10DA80000BD00498007C012803D01098807A0128DC
:10DA900007D015A1264808F0C6FC1098807A012806
:10DAA0006FD104980F4B007C022845D00C4C207B92
:10DAB0000A2872D0207BE17A401C884203D10AA157
:10DAC0001C4808F0B0FC049901204874217B05989B
:10DAD0006054207B0A2864D0207B401C20731CE10A
:10DAE000D80D0020E80D00207372635C72656D2E06
:10DAF00063000000CF0500006C0E0020A00D002088
:10DB0000780E0020C00D00204C0E00208E0000205A
:10DB10002FD200008C000020FDD600007D02000006
:10DB20005E02000000F5004080E200E0CB02000051
:10DB30001503000022030000607A059A0146904216
:10DB400006D0014614267043C018807C9042F8D15C
:10DB5000627A824208D1617A14225143C918897CC1
:10DB600061720121A17207E014224243D2181426E7
:10DB70007143927CC9188A74142206215043C0183C
:10DB800081741098007A062819D201007944097925
:10DB900049188F440812100E0C0AE07A00288ED023
:10DBA00091E700209AE700200FE0B4200DE07320F9
:10DBB0000BE0322009E00A2007E0062005E0FF2004
:10DBC000FDA1E03008F02FFC0020029010980168C1
:10DBD0000298081A28601099097A002912D00221A7
:10DBE000401A0102090A296010980268406810185A
:10DBF0000002000A68601098807A0228109803D00A
:10DC0000007B74E00421EBE7007A002813D00222A5
:10DC1000029810188446109842686046083016181A
:10DC2000E848029A4078904202D9E278002A04D06B
:10DC30003046083005E00422EAE7029A801A80198B
:10DC40000830627A062A1CD0627A14235A43DE4BCB
:10DC5000D2185268914214D0DC4B0793617A142297
:10DC60005143D94A89184A688968D21BC91B1202D4
:10DC70000902120A090A90423AD89A4238D89942BF
:10DC800036D83818801B0002000A286010996044BA
:10DC9000CF4AC9680002000A9446421A01239B0534
:10DCA00007929A4201D2104614E00A1A09929A4247
:10DCB00001D207980EE0079A6346624503D9591AC4
:10DCC0000818401C06E0099A624506D9181A40183F
:10DCD000401C4042002860DC03E0B7A1BD4808F0CA
:10DCE000A2FB286880190002000A686000202872E0
:10DCF0006868082608300002000A68601098407AB8
:10DD0000A8721098007A687203280ED200280CD0EE
:10DD1000FFF7D0FC002803D007E0002011B0F0BDD1
:10DD200002983A210E1A32200290A6480178012961
:10DD300001D0032909D141780298814205D9E078C0
:10DD4000002802D10298081A861928689F4AC01B29
:10DD5000844601026868090AC01B03021B0A029379
:10DD60008E421AD81346914217D80299994214D874
:10DD7000617A062915D0667A6146062203920092DE
:10DD80001422914B7243D2189368DB1B8B4216D836
:10DD90000396967C062EF3D177E0059801F055F9AD
:10DDA000BBE70499022205980A74627A062A00D019
:10DDB000627A8A7460720120A07211B0F0BD062EE2
:10DDC00063D000223146944614227F4B4A43D21836
:10DDD0005368DB1B834229D2917BAB7A99421FD8CF
:10DDE00004980521059C01747B4D287B0A2811D0DD
:10DDF000287BE97A401C884203D16FA1774808F05C
:10DE000012FB287B2C54287B0A2807D0287B401C37
:10DE1000287382E7E87A0028EFD0F2E70020F7E7DE
:10DE200001218C46917C0629CED102E06046002873
:10DE30002AD03546009114202A46424362480621E2
:10DE4000171839741038007B0A28634816D0017BF4
:10DE5000C07A491C814203D157A1614808F0E3FA16
:10DE60005D48017B4554017B0A290BD0017B491C8D
:10DE70000173BD7C0098A842DDD106E0C07A00287D
:10DE8000EAD0EDE70021F3E70096049902204E4D19
:10DE90000874607AB04207D1049900988874059894
:10DEA00060720120A07221E00398062E0FD0062890
:10DEB00003D141A14B4808F0B6FA0398142250430D
:10DEC0004019059981740499009888740EE0062819
:10DED00003D139A1444808F0A6FA0398142250430C
:10DEE000401905998174049906208874012011B0A5
:10DEF000F0BD70B50D463D4A441900210B46101A7D
:10DF00008B4103D22CA13A4808F08DFA394885425A
:10DF100003DD29A1384808F086FA3848854203DA3B
:10DF200025A1374808F07FFA3648844205DA002CEC
:10DF300001DB204670BD334800E03348201870BD37
:10DF4000401E70B5C0B2142148431F494418607B7D
:10DF5000062813D201007944097949188F44020C2C
:10DF60000A080604002068E0B42010E073200EE0E8
:10DF700032200CE00A200AE0062008E0FF200EA173
:10DF8000E03008F050FA617B0020002955D00221D2
:10DF90004018616840180002000AF4F78BFD0C2558
:10DFA0006557124A441900210B46101A8B412FD293
:10DFB00001A10F482AE000007372635C72656D2E48
:10DFC000630000008E000020E80D0020FFFF3F00EE
:10DFD000FFFFFF000E070000D80D00200702000021
:10DFE000C5030000DD030000E3030000FF7F841E83
:10DFF000F50300000020A107F603000000E05EF832
:10E00000F70300000080841E00807BE108F00BFA1B
:10E01000FB48854203DDFB49FB4808F004FAFB4856
:10E02000854203DAF749FA4808F0FDF9F9488442D5
:10E0300007DA002C03DB204670BD0421A8E7F54871
:10E0400000E0F548201870BDF0B5064683B0F348EF
:10E050000190457A029534687068001B0702F04809
:10E060003F0A001B0090062D2DD014202946414365
:10E07000EC480122081884464168E9489205864622
:10E08000081B904210D3631A93420DD30246704688
:10E09000724503D900984018401C05E073450ED91D
:10E0A000411A0819401C404200280CDA60460295CB
:10E0B000857C0198C0790028D5D003B0F0BDD14946
:10E0C000D94808F0B0F90298854226D01421484377
:10E0D000D4490123401802908068D1499B058C46A1
:10E0E000011B8646994210D3221A9A420DD36346E9
:10E0F000614503D900997144491C06E019466245FF
:10E100002DD9091A0819401C4142002905DD029841
:10E11000B17A807B814200D37446062D15D0C14967
:10E120001420454368184268121B1202120ABA42B0
:10E130000BD2B37A827B934200D38468857C0198AA
:10E14000C0790028B9D1062DEAD13068A042B4D0F8
:10E15000E0190002000A3460706003B0F0BDA94904
:10E16000B14808F060F9D8E7F0B5B049044648680E
:10E1700085B0C005C00D1CD0103840B200280CDAA4
:10E180000207120F083A920892005118C9698007D5
:10E19000C00EC1400806800F09E08108A44A89002A
:10E1A000891809688007C00EC1400806800F002842
:10E1B00008D000272078002806D0012804D00020AD
:10E1C00005B0F0BD0127F5E72079062813D201003C
:10E1D0007944097949188F44020C0A080604002082
:10E1E00018E0B42010E073200EE032200CE00A208A
:10E1F0000AE0062008E0FF208249E03008F013F929
:10E2000021790020002905D002214618834D002FD6
:10E2100002D003E00421F8E70020E871694602AA71
:10E22000A068F4F751FC694608228A56E06801A903
:10E2300080180122C01C1F2801DA019209E003AAFC
:10E24000F4F742FC6846007B002802D00198401C8D
:10E25000019000990198401808300002000A0190CE
:10E26000881B0002000A0090607969468872009855
:10E270000390F4F7B8FB009A019B121A181A6D4923
:10E2800012020002120A000A8A4216D8884214D8E2
:10E290006846FFF7D9FE00990398814205D0881996
:10E2A0000002000AF4F706FCA0600120E9790029C9
:10E2B00086D0002FB0D005B0F0BD0020F6E7F3B552
:10E2C0008FB05D480C460B9006F0C1FE5B4A0F997B
:10E2D000524F56185A4D203E00280BD05948007D09
:10E2E000002803D058A15B4808F09DF82078012849
:10E2F0007ED060E1687F0A280CD0687F297F401CAF
:10E30000884203D150A1544808F08DF820780128A4
:10E3100004D00CE0287F0028F4D0F7E7F07F002835
:10E3200003D049A14D4808F07EF80120F077697FBD
:10E330000F9814224A4E51438919087420780228F4
:10E3400022D0687F14214843861920793072607981
:10E35000707232460C323146A068F4F7B5FB0C20DF
:10E3600030560F2804DD1F3830733068401C306091
:10E370000C217156301DE26801905018C01C1F28F6
:10E3800070DA01200199FDE028494868C005C00DF8
:10E3900021D0103840B200280CDA0207120F083AD8
:10E3A000920892005118C9698007C00EC140080642
:10E3B000800F09E081081E4A8900891809688007D2
:10E3C000C00EC1400806800F002804D105201EA100
:10E3D000000208F028F8687F1421484386190021BC
:10E3E000E0686A460691117006A9F4F76DFB00E03B
:10E3F000D7E06A46002010560F2834DD012033E0B4
:10E400000020A107B8DF0000F603000000E05EF87E
:10E41000F70300000080841E00807BE16C0E00206A
:10E42000FFFFFF00E80D00200E07000000ED00E0F8
:10E4300000E400E0FFFF3F00780E00209200002083
:10E44000A00D0020C00D00207372635C72656D2EFC
:10E450006300000011050000EF040000F404000058
:10E46000E00C002082E0002006994018079002206E
:10E47000B0722079307260797072A068311DC01C52
:10E4800006911F2801DA012009E0F4F71DFB684618
:10E490000078002804D0069806990068401C08609F
:10E4A000307A062813D201007944097949188F443B
:10E4B000020C0A08060400200FE0B4200DE07320CF
:10E4C0000BE0322009E00A2007E0062005E0FF20EB
:10E4D000FD49E03007F0A7FF00202179002943D053
:10E4E00002214018069071680830081807990890B2
:10E4F00009180698081A0C900020F871F4F773FABE
:10E5000004463060079820180002000AF060787A0C
:10E51000062825D0797A14204143EC480818406831
:10E520000899029040180002000A0390707A694628
:10E53000887402A8FFF788FD0299039A091B121B31
:10E5400009021202E24B090A120A0C98994207D8F2
:10E55000824205D80299069808180002000A306025
:10E56000F8790028C8D110E00421BAE704AA01997B
:10E57000F4F7AAFA6846007C002804D001980199B3
:10E580000068401C08602078B072687F0A2806D0B6
:10E59000687F401C68770B9806F071FD47E000200B
:10E5A000F8E7F07F002804D0A320CAA1C00007F03C
:10E5B0003AFF0120F077CA490F98087420780228A2
:10E5C00003D1C4A1C74807F02EFFC54E2079307291
:10E5D0006079707232460C323146A068F4F774FAF2
:10E5E0000C2030560F2804DD1F3830733068401C73
:10E5F00030600C22B256301DE16801908818C01CB2
:10E600001F2802DA012001990BE003AA0199F4F70F
:10E610005BFA6846007B002804D0019801990068E5
:10E62000401C08602078B072AD4901200875687FF1
:10E63000297F884224D07C7A062C23D0F4F7D3F9A2
:10E6400014214C43A14961180A7C042A18D00A7C81
:10E65000032A15D04B6889681B1A081A1B0200028E
:10E660009B4A1B0A000A082B0AD31146934207D87B
:10E67000884205D8687F297F884201D0F4F7FFF9E6
:10E6800011B0F0BD687F297F8842F7D111B0F0BD8D
:10E6900010B50020F4F709F910BD10B50120F4F70A
:10E6A00004F910BDF1B5009802281ED08E4C607A96
:10E6B000062803D187A18D4807F0B5FE0026A67174
:10E6C0000125E572607A03211422804F5043C0195E
:10E6D0000174F4F7D9F9009800280BD0012829D04B
:10E6E000032879D07BA1824844E082480078F3F780
:10E6F000EFFDF8BD8048007F002803D075A17F485A
:10E7000007F091FE65717C4D00202E60F4F7E0F873
:10E71000A968481C04D0012300221846F4F70EF91A
:10E72000607A617A401CC0B2142251437A580121A8
:10E730009047F8BD0120F4F7CBF8607900280DD0A0
:10E740006D488068401C09D0607A617A401CC0B274
:10E75000142251437A5806219047F8BD6648007F3D
:10E7600001280AD0022812D0032822D0042834D04D
:10E7700058A1634807F057FEF8BD2079002803D060
:10E780002671F4F786F9E5705B480677F8BD207AC4
:10E79000002802D1F3F7FCFD2572607A617A401CF3
:10E7A000C0B2142251437A5800219047524806774C
:10E7B000F8BD514F0123397B78680022411A184671
:10E7C000F4F7BCF82079002803D02671F4F761F93A
:10E7D000E57002203877F8BD19E0474E217870685F
:10E7E0000123411A00221846F4F7A8F8207A0028DD
:10E7F00002D1F3F7CDFD2572607A617A401CC0B278
:10E80000142251437A58002190473577F8BD607A39
:10E81000617A401CC0B2142251437A5805219047B6
:10E82000F8BD10B5304C607A062803D129A13548CF
:10E8300007F0F9FD607A617A401CC0B2142251439E
:10E84000224A52580421904710BDF0B583B00620EB
:10E850000290F4F7C8F8244C0090617A2A4801909D
:10E86000062920D0617A1420414318480918097CF0
:10E87000042918D0617A142251430818007C032817
:10E880007BD0019900980B6849681B1A081A1B0273
:10E8900000020F4A1B0A000A082B6ED3114693424E
:10E8A0006BD8884269D814488068401C03D009A1FD
:10E8B000164807F0B8FD00206071607A06282CD158
:10E8C0006078002829D023E0B8DF0000E80D0020A0
:10E8D000FFFF3F007372635C72656D2E6300000082
:10E8E000C00D00201E0500006C0E00204F0500002A
:10E8F000A20500008C0000204C0E00205B050000EB
:10E9000096050000A90500005C0E0020E50500004A
:10E91000FE48C178417081780170607A062815D070
:10E92000607A1421FA4A48438018007C04280DD1EB
:10E93000607A0290607A0121142358438018017490
:10E94000607A58438018807C6072A172F14D687FB4
:10E95000297FF14F884233D0F04E287F142148435D
:10E960008019007CC05D0128287F07D048438019AA
:10E97000007CC05D02282FD044E0FDE11421484313
:10E980008019807A01280AD0287F0221142250435E
:10E990008019007CC155287F0A2808D009E0287F0B
:10E9A0000021142250438019007CC1552AE0002028
:10E9B00001E0287F401C2877687F297F8842CCD1DE
:10E9C000D74D287D00284CD0287CC15D012928D056
:10E9D000C05D022830D03AE0287F142148438019D6
:10E9E000807A012803D0CFA1D14807F01CFD297FF0
:10E9F00000201422514389198872297F51438919B3
:10EA0000097CC855287F142148438219287F484330
:10EA10008019017C0098FEF7E9FF287F0A28C8D1F9
:10EA2000C5E7A97A012904D00221C1550020287523
:10EA30000DE00021C1550AE0A87A012803D0B9A150
:10EA4000BC4807F0F0FC0020A872297CC855287D3E
:10EA5000002806D0297CB24A0098FEF7C7FF0020A4
:10EA60002875029806281ED014214843A84940184A
:10EA7000017C012917D107210174AF4D287B0A2899
:10EA80003CD0287BE97A401C884203D1A5A1AB4841
:10EA900007F0C9FC297B02986854287B0A2831D0EA
:10EAA000287B401C2873607A06287DD0A07A002835
:10EAB0007BD00020A072617A1420414394480E1844
:10EAC0009F49B56873680A46F6687C32CB679660E2
:10EAD00055609C4D697E002916D00226617A142269
:10EAE0008B4851430818407B06281BD2010079440B
:10EAF000097949188F440A1412100E0CE87A00287C
:10EB0000C4D0C7E70020CDE70426E7E700210FE0E7
:10EB1000B4210DE073210BE0322109E00A2107E066
:10EB2000062105E0FF208849E03007F07CFC002149
:10EB30002973687E022801D0012810D12869009A23
:10EB40004018821A1202120A3A2A08D932380321CE
:10EB500000026976000A28613220287308E0322911
:10EB600006D2207A00280AD1F3F712FC012005E032
:10EB7000207A002803D0F3F734FC00202072634988
:10EB80000822487820700978012901D0032906D18C
:10EB900001212171297B884201D9421A0832A378C8
:10EBA000002B00D0921C01E08DE09BE02179002930
:10EBB00001D1002B5DD09446644A00990092019ADD
:10EBC000176852687F1A511A3F0209023F0A090A60
:10EBD000BC451BD85D4A974218D8009A914215D877
:10EBE000297B884223D92B69421A9A1A1202120AE7
:10EBF000101880190002000A2A616860002914D0E8
:10EC0000032028770006000E3ED14CE00020207142
:10EC1000A070297B002925D028694018801900029E
:10EC2000000A6860022028772EE00120E9E781428F
:10EC30000BD92A69511889190902090A6960002843
:10EC400001D00420DDE70220DBE7002B03D135A152
:10EC50003F4807F0E8FB286980190002000A686055
:10EC6000002004E0296989190902090A69602877E6
:10EC700019E0287B00280FD02969081880190002A4
:10EC8000000A686002202877286901238119002280
:10EC90001846F3F753FE09E0286980190002000ABC
:10ECA0006860002028770120F3F712FE607A1421B3
:10ECB000484317490C2240188256012300206968F6
:10ECC000F3F73CFE0EE00120F3F702FE0020F3F71D
:10ECD000FFFDF3F7E3FD207A002803D0F3F781FB73
:10ECE00000202072A078002804D0F3F7D2FE002084
:10ECF000E070A0706078002804D00448C1784170AA
:10ED000081780170207900282BD023E08E0000202C
:10ED1000E80D0020A00D002091000020E00C002054
:10ED2000C00D00207372635C72656D2E630000007D
:10ED30000706000023060000D80D0020350600005D
:10ED4000E00D00204C0E0020B8DF0000FFFF3F0068
:10ED5000870600000020CF49E0700978002900D123
:10ED60002071CD48017BC07A814203D0CB484078E6
:10ED7000F3F7AEFA0120E07103B0F0BDF0B5C84C76
:10ED80000746607A83B0062803D1C6A1C84807F0B9
:10ED90004AFB607A1421C74E48438019007C03283F
:10EDA00003D0C0A1C44807F03EFBC44DA868401C76
:10EDB00003D0BCA1C24807F036FB607A1421484357
:10EDC00081190C20085600216A4600911171C01962
:10EDD00001AA6946F3F778FE6A46042010560F2808
:10EDE00001DD012000E0002000994018696840180A
:10EDF0000102090AA9606079002804D001230022D9
:10EE00001846F3F79BFD03B0F0BD70B5AE4CAD4AAC
:10EE10000B1AA34214D3451AA54211D3934203D926
:10EE2000101A43185B1C0BE0954204D9511A0818BC
:10EE3000401C434204E0A549A54807F0F4FA00232A
:10EE4000184670BD10B50146012300220220F3F7D9
:10EE500075FD10BD10B50220F3F73AFD10BD10B5D9
:10EE6000F3F7C1FD10BDF0B58D4D0446E87A83B0CF
:10EE7000002803D18BA1974807F0D5FA642C4DD315
:10EE8000954900200246091B824147D39348417FA0
:10EE9000007F814242D19248007D00283ED1687AAD
:10EEA0001421844F4843854EC519306801AA0019C2
:10EEB0006946F3F709FE694604200856002802DD7A
:10EEC0000098401C0090A96800986B680A18D21A34
:10EED0001202844B120A9A4220D8AA7C062A08D031
:10EEE00014235A43D2195268511A0902090A81425D
:10EEF00014D3B068401C05D00120F3F7E9FC0020D2
:10EF0000C043B060306800193060A86800994018AC
:10EF10000002000A7061012003B0F0BD002003B0C0
:10EF2000F0BDF8B50646401EC5B2142061496843DD
:10EF30004418207C002803D15AA16B4807F073FACB
:10EF40006648017F407F81420CD0684A14234B43BE
:10EF50009B181B7CB3420CD00A290CD0491CC9B2A7
:10EF60008142F3D15E48017D002964D0007CB0422B
:10EF700061D10020F8BD0021F1E7217C052905D0F1
:10EF8000217C062902D0217C072928D10121217466
:10EF9000C17A0023027B8A4221D00246565CAE42EF
:10EFA00001D1012301E0002B04D00A2911D04E1C0D
:10EFB000965D56540A290ED0491C167BC9B28E4262
:10EFC000ECD1002B0BD0117B002906D0117B491E00
:10EFD00004E00026ECE70021EFE70A211173617CD1
:10EFE00000292AD06774C17A0023027B8A4224D088
:10EFF000425CAA4201D1012301E0002B04D00A297E
:10F0000012D04A1C825C42540A290FD0491C027B50
:10F01000C9B28A42ECD1002B0FD0027B0146002AF4
:10F0200006D00A7B521E04E00022EBE70021EEE747
:10F030000A220A7301E018480027217C01299CD18B
:10F04000617C002999D10120F8BD70B505461420D6
:10F05000184A05216843801801740F4C207B0A2848
:10F0600011D0207BE17A401C884203D11749204807
:10F0700007F0D9F9207B2554207B0A2807D0207B74
:10F08000401C207370BDE07A0028EFD0F2E700202A
:10F09000F7E700008E000020D80D00208C00002033
:10F0A0006C0E00207372635C72656D2E630000004D
:10F0B000EA060000E80D0020EB0600004C0E0020E0
:10F0C000EC060000FF7F841E0020A107B8DF0000CF
:10F0D0000E0700002D070000FF1FA107A00D002054
:10F0E000C00D0020FFFF3F006A070000E00C002079
:10F0F0000702000070B5FF4D00246C702C70AC61ED
:10F1000000F0CEFC284620304470C473AC6214304A
:10F110002C6305F094FF002804D0FF20F6A14E30A8
:10F1200007F081F92C7770BD0B23DB4310B5C21AB1
:10F13000F54998421FD008DC1C3222D00A2A20D080
:10F14000142A1CD0182A08D117E0083011D004283E
:10F150000DD0082809D00C2805D0FF20E6A1753075
:10F1600007F061F910BD04200CE000200AE0FC204B
:10F1700008E0F82006E0F42004E0F02002E0EC20B3
:10F1800000E0D820C86010BD70B50125DF49022617
:10F190000E60DF490022CA63CD63DE49C96A0907F0
:10F1A0000ED4DC494031CB6ADB4A53620B6B93626D
:10F1B0004B6BD3628B6B1363C96BD30519435163DC
:10F1C000D14C002826D0012828D0FF20CAA1A13088
:10F1D00007F029F9D148A063FF200430606325635C
:10F1E00003202061C849962040314860C1491C2055
:10F1F0000856FFF799FFCB49C9488860C948CA49F2
:10F2000080304160C9490160C9480660C949102081
:10F21000486070BDC8486061C84803E0C848606184
:10F22000C648801FA061D5E770B50C46B14D0146B8
:10F230000622A81C06F079FF2C7270BDAD48203064
:10F2400040787047AB4A517010707047F8B504466B
:10F250000D465079117900020843690009190884A4
:10F260001F461646501C06F0C1FF317800020843C5
:10F27000A90060502846083001268640002F0ED095
:10F28000012F04D0FF209CA1E83007F0CCF8206BC0
:10F29000304301460120A84001432163F8BD206BA3
:10F2A000B043F6E770B50D460446082904D9FF209F
:10F2B00091A1F93007F0B7F80022A24809E09100C7
:10F2C000635809180B6053001B191B8C0B62521CEE
:10F2D000D2B2AA42F3D3206B9A494031086070BD84
:10F2E00010B50446FFF720FF8248047710BD81481F
:10F2F0002030007B704710B5834CC178616206F006
:10F3000075FF0002E06110BD252808D0262808D02E
:10F31000272808D041000A2807D8091D06E0022145
:10F3200005E01A2103E0502101E0891DC9B2764AA7
:10F33000916075494031486170476E4988617047F6
:10F3400070B5002818D002226A4C784B0320A272B4
:10F35000F0331860734D72486860002001262075F4
:10F3600000290BD0012910D002291BD0952062A1C1
:10F37000800007F058F870BD0122E5E77248012AC5
:10F3800001D0466070BD066070BD5A48012A006B0E
:10F3900005D00121490508432063696070BD012142
:10F3A0000905F8E7A069002803D153A1674807F0D1
:10F3B0003AF8A169A06A40186549886059486549CA
:10F3C0008030816060491031C1600120216BC00331
:10F3D00001432163686047482030C67370BD08B59B
:10F3E0000C20694608705148002110380161564AC6
:10F3F000012111610BE000BF00BF00BF00BF00BFD3
:10F4000000BF00BF00BF6A461178491E11706946EF
:10F410000978002902D001690029ECD068460078FB
:10F42000002804D1494834A1203006F0FCFF08BD73
:10F43000F8B53E4CF034206886083E48B600416876
:10F44000C906CD0F10218160002727603549344857
:10F450008860FFF7C4FF35481038076100F020FBD3
:10F460002660002D02D0334910204860F8BD10B549
:10F4700006F0BCFE00022449000AC86310BD2349FF
:10F48000022008602A49086070472049022080391C
:10F4900008607047304908707047164810B534301E
:10F4A00005F0D5FD002804D0284813A15A3006F0F5
:10F4B000BAFF10BD0F4810B5343005F0E0FD10BDA7
:10F4C00011494860704770B50A4D0446A86AA042C9
:10F4D00004D31E4808A16B3006F0A5FF0120287355
:10F4E0001C49002008392C6148601948446000F02C
:10F4F000DEFA70BD7C0E00207372635C68616C5F25
:10F500007263732E630000000015004080E100E08C
:10F51000C01F004080000010001700405B06000084
:10F520000040000400F50140408000401011004000
:10F5300080E200E000130040060102002500030203
:10F5400005010300001600400010004047020000C3
:10F5500040850040488100409700002010B5FF48DA
:10F5600002210173C6210161FD4A00215160806AB8
:10F57000FC49C630486000F09AFA10BD0121FA48F3
:10F5800089058160F548026B8A430021026301739B
:10F590007047F64801214160C160F1490020486090
:10F5A000F0494860ED4988627047F149402008629F
:10F5B000F0490A6802430A607047EE480168402239
:10F5C00091430160EA49002008627047E9480168F8
:10F5D000102291430160E849012088617047E749A2
:10F5E0000020C861E34801681022114301607047A0
:10F5F000E249CA69012A01D000207047DC4A9268BA
:10F600005206520E524202700020C861012070471B
:10F6100070B5D248D24D017B002902D0696801291A
:10F6200009D00024D5490A69012A06D00023807A2E
:10F63000012804D006E00124F4E74023F7E7CA6874
:10F64000012A04D000221A43012802D004E020221B
:10F65000F9E74B68012B05D000231343C84A022861
:10F6600002D007E01023F8E71668012E02D1CE6819
:10F67000012E04D000261E43022802D007E00826EF
:10F68000F9E71268002A02D1CA68012A04D00022D0
:10F690003243022802D005E00422F9E7002C01D011
:10F6A000022300E000231343022807D14868012801
:10F6B00004D16868012801D0012600E00026B14885
:10F6C0001E4302681206120E02D04A69012A00D0B7
:10F6D0000022A24C2034227300680006000E02D0E3
:10F6E0008869012800D000206073A148006A0028C2
:10F6F00003D000F0A8FA012800D00020A07300F089
:10F70000C7F9002068603046F3E670B50C00054686
:10F7100003D19D499D4806F086FEE00706D0012CE6
:10F7200004D06D209849C00006F07DFE002D0ED05B
:10F7300002218A4801294172C4728E4809D00229E7
:10F740000AD0924890491A3006F06DFED1E60121A8
:10F75000EFE70168042201E001680822114301601B
:10F76000C7E670B57D4C0022E37A990701D54107C1
:10F7700014D47A49DD062031002D05DA4D7B002DA9
:10F7800002D08D7B002D09D01D0702D50D78002DEC
:10F7900004D15B0703D54978002900D10122637A9F
:10F7A0007449002B06D00225284010430CD0FFF7E7
:10F7B0003FFE9EE66C4A76489060086880088000AC
:10F7C000086000F06DF994E6012B07D0022B0ED0F3
:10F7D0006E486D496B3006F026FE8AE60868042202
:10F7E0009043086000F05CF90120A07281E608688F
:10F7F00008229043086000F053F9A57279E6574952
:10F8000008757047F8B5554F544D2037FA7B564C64
:10F810000021286B002A31D00122D203A26090433C
:10F820002A46544D10632E685A4A102090600020DA
:10F8300028601014A060FFF7D2FD00F029F92E60B7
:10F84000281460605349102048604448817A4A482F
:10F8500001290DD002290ED04C484FA1801F06F07F
:10F86000E2FD0020F8733D48007D022874D0F8BD09
:10F8700001210160F5E701214160F2E73A4A906019
:10F880000E462963FFF7C4FE044636482E754168CC
:10F8900069620068A862AA7A022A0AD16A78002AF4
:10F8A00007D0334B403B5B681B7813402A789A4360
:10F8B00008D03E70E20708D0084603F04AFD012157
:10F8C000A86A09E001223A70F4E7A10601D50221F5
:10F8D00002E0A10702D5002103F04BFD2448403887
:10F8E00041680622A81C093106F0F2FB002809D164
:10F8F0001F48297A403840680078C009814201D108
:10F90000012000E0002078702046FFF72AFF2648FB
:10F91000007800280DD001284AD002285BD00328A7
:10F9200078D01DA1214806F07EFDA87A022870D06B
:10F93000A3E0A00701D502F0EDFB200702D50120CE
:10F9400002F020FC600702D5002002F01BFCA0069C
:10F95000EBD502F07CFBE8E793E000007C0E002092
:10F96000408100404085004000F50140008000409B
:10F9700040150040001200400010004000110040FF
:10F980000014004040160040F8F40000630300003B
:10F9900000400004001300407372635C68616C5F98
:10F9A0007263732E6300000097000020E6040000DD
:10F9B000A00701D504F0BBFF200702D5012004F009
:10F9C00021FF600702D5002004F01CFFA006ACD583
:10F9D00004F0A4FEA9E7A007BF27002802DA3C40F4
:10F9E000F3F702FB200703D53C400120F3F7FBFAB5
:10F9F000600703D53C400020F3F7F5FAA00602D5D6
:10FA00003C40F3F7EFFA60068FD5F3F7EEFA8CE798
:10FA100000E012E0A00701D5F3F7EAFA200702D5CB
:10FA20000120F3F7E4FA600702D50020F3F7DFFACC
:10FA3000A00690D5F3F7DAFA77E7287B00281CD0E8
:10FA40001F494E6002281FD0012803D01D491E48BF
:10FA500006F0E9FCA96A2869884204D81A481949BD
:10FA6000401C06F0E0FC2969184841600120296B20
:10FA700080050143296316494860287D012800D08C
:10FA8000F5E6F3F7C5FAF8BD2969A86A4118EBE76E
:10FA900010480021C160016141604161816170478E
:10FAA0000D480021417281720121C17270470A48DC
:10FAB0000121026B89050A430263054841607047D2
:10FAC0004081004098F90000FB04000040850040A0
:10FAD00000F50140001100407C0E00202E4800215E
:10FAE00001704170704770B5064614460D460120FE
:10FAF000F1F758FC28490120284B08709E60DC6013
:10FB00001D6170BDF8B504460120F1F74BFC224998
:10FB10000120087021494C60214900264E600321D4
:10FB2000204D0906A960204F002C0AD0012C03D0DB
:10FB30001EA1412006F077FC3E60032000066860AD
:10FB4000F8BD386001200006F9E710B512480178C9
:10FB500000290ED00321134A0906916010494A6812
:10FB60000021002A03D0154A1268427000E041705B
:10FB700001700020F1F716FC10BD0748017800293C
:10FB800007D007484068002802D00C480068C0B27F
:10FB900070474078704700009800002000F5004052
:10FBA00000F1004000F5014000F200407372635C18
:10FBB00068616C5F63636D2E6300000000F40040B9
:10FBC0003A4800210170417010218170704770B572
:10FBD000064614460D460220F1F7E4FB01203349A6
:10FBE000334A0870E41E14619660556070BD10B50C
:10FBF0000220F1F7D7FB2D49012008702D48002184
:10FC000001604160816001202B49C005486010BD42
:10FC100010B5264C2078002811D001202649C005B7
:10FC2000886000F034F80021002804D001206070C2
:10FC30002248006801E061701020A070217000204F
:10FC4000F1F7B0FB10BD10B51848017800290BD0B2
:10FC500018480068002805D000F019F8002800D0E6
:10FC6000012010BD022010BD407810BD10B50F4816
:10FC70000178002909D000F00AF8002803D00F48C5
:10FC80000068C0B210BD102010BD807810BD0948BA
:10FC90000168002905D04168002902D08068002849
:10FCA00001D0002070470120704700009A0000201A
:10FCB00000F5004000F1004000F5014000F4004074
:10FCC000FFB593B0044600201D9E049015981C9D1E
:10FCD0001027082806D0E06901F014F8002809D0A0
:10FCE0003770CCE028880921384328801F980227E4
:10FCF000017016E0E169012088710521E269C902FD
:10FD00009180E1698872E169F9480881E169002020
:10FD10008873288820210843288011211F980427F0
:10FD200001701F980225801C0390307810900A20E3
:10FD30003070204618301190F6F76BFC00206FE011
:10FD40001598102809D1022D07D06846828A049997
:10FD50000398401A8270110AC1706846C08A1699C9
:10FD6000884203D9E349097A149106E0884204D114
:10FD70001099002901D0317021E003990870000A20
:10FD800048701E980088401BC01B83B2FF20C01B18
:10FD9000984200D203460398149AC0190CA9009205
:10FDA000019002912020015D6846C08A0022F6F78A
:10FDB000A5FC3070002806D0C0B2832862D0684607
:10FDC000C08A208345E00F98002805D0C948006804
:10FDD00000790A2830D33CE06846008EC119C9B2C8
:10FDE0000491022D0FD01F99049A4978914203D1B2
:10FDF0006A46128C824209D0BE480491006801789C
:10FE0000032909D027E008461F994870B9480068BF
:10FE10000178042906D008E000790A281BD20120C5
:10FE20000F9009E06946C98A8180039904980818EF
:10FE300003900498281885B205AA14991198F6F72A
:10FE4000EBFB002805D11E980088401BB84200DB60
:10FE500076E7022D0ED01598102807D1049A039941
:10FE60006846808A891A8870000AC8701E980580C2
:10FE7000002030709F4800680078032802D00020DE
:10FE800017B0F0BD0220FBE7F8B50446406B002632
:10FE9000134600282BD0491F8DB2618F2A460832A5
:10FEA000278F8A18BA4221D89A7840185F781102B1
:10FEB00039430170090A41701A79DF781102394318
:10FEC0008170090AC1700571290A41712A46591DBC
:10FED000801D06F02AF9608FAD1D401980B2608741
:10FEE000626B002110180170417000E00926304655
:10FEF000F8BD30B50B88048F9C4212D9446BE018D2
:10FF00004478057824022C430BD0447905792402E7
:10FF10002C436404640CA41D1B190B80106000208A
:10FF200030BD822030BDF7B588B000256846058217
:10FF300005275DE00398417802780E021643417967
:10FF4000027908021043000452D40A980123068063
:10FF500005A802905B02002200970195304609999E
:10FF6000F6F7CCFB04004AD16846018A0183039866
:10FF70004179027909021143437802781C02144343
:10FF8000B4421ED10A041CD44B0401215B0C89032A
:10FF900000950B4301970295C17880780A020243CD
:10FFA00020460999F6F7C6F9040011D1039948795A
:10FFB0000A79000210430122D20310430871000A9B
:10FFC000487103AA06A90898FFF793FF0400CED052
:10FFD0000399009501970295487809780002084333
:10FFE00069468B8A00220999F6F7A4F9822C06D17A
:10FFF00003AA04A90898FFF77CFF04009AD068467A
:020000040001F9
:10000000058209E003984179027909021143490404
:10001000490C0171090A417103AA04A90898FFF764
:1000200068FF0028EED0822C02D020460BB0F0BD35
:100030000020FBE730B50446406B002597B0002850
:100040000DD00B2268460270228F0281606B0391F3
:10005000019000216846F3F7E2FA6846057065638F
:100060006587258717B030BDF8B50F460546696B23
:100070000020069E144600290FD0012B0DD13246D8
:1000800039462846FFF74FFF002806D1002C04D040
:1000900032463946284600F044FEF8BD0022028070
:1000A000C262831D0263C3614263428702872030BC
:1000B0000170704710B50022D24302800420FDF782
:1000C000FEF910BD10B596B00446FFF7B3FF208EC1
:1000D000002808D0012069460870E06A01900021DC
:1000E0006846F3F79CFA0020E062206316B010BD6A
:1000F00001280000B40E00200146098800200A07EC
:1001000000D501200A06120F01D002221043CA05B1
:1001100001D5042210438A0501D510221043490558
:1001200001D5202108437047FFB5A9B00600329DD4
:10013000359C2B981F46229016D0007841060FD48C
:100140008106890E1E2909D021884A05520E0BD13D
:100150003A88172A08D3FE4A914205D0C10906D031
:100160008006800E122802D003202DB0F0BD20465C
:100170002C302690F7492A980872002018AA03907C
:1001800010726A46107404AA0A60339A4A6020AA60
:10019000908090812298007801908106681C1C90C4
:1001A000701F1D902B98890EC21C2492224620326B
:1001B0001B92083A401C02920B0006F025FA1FFD24
:1001C000FD11FD1FFD8EFDFCFDFBFDFAFDF9FDFCA3
:1001D000FDF8FDFDFDF7FDF6FDFDFDFDFDF5FD0066
:1001E000032E76D102E018A9087219E303202870C3
:1001F0001C9917220A7000224A70CFE2052EF0D116
:100200004178027808021043208320A98880249A2C
:100210005178127809021143618300287ED0884208
:100220007CD800202072E080401E60840298F6F79F
:10023000F0F905202870A81C0190022000901BAA4C
:100240002A990298F6F7E8F9002868D118A8807C66
:10025000012803D002206870102002E0012068709D
:1002600002202490002225A91CA8F2F746FD0028B0
:100270002BD120A8007D2499814226D13A8800996B
:10028000801C511A814220DB10A8C18D0198017099
:10029000090A417001991CA8891C01910099019AD1
:1002A000891C009125A9F2F728FD20A8007D01995D
:1002B0001BAA091801910099081880B200902A9988
:1002C0000298F6F7A9F90028CCD00098022826D089
:1002D00064E272E018A9087261E2072E6DD34178DA
:1002E0000346027808021043208320A98880249ABC
:1002F0005178127809021143618300280ED0884298
:100300000CD8012020725879197900020843E08046
:1003100000202073E06900F0F5FC01E098E0A9E01E
:1003200000280ED1E169012088710521E269C90226
:100330009180E1698872E16987480881E16900205C
:100340008873F01F60842298C01D60620298F6F7DF
:1003500060F907202870681C00900120019000209F
:1003600010A9C8852FE00198012814D0E069807990
:10037000012830D000981E38417F007F09020143D8
:1003800000980170090A41700098801C0090019843
:10039000801C80B2019010A8C18D00980170090ADC
:1003A00041700098801C09E00AE296E13BE1DFE041
:1003B00004E29BE077E036E016E2AFE000900198BF
:1003C000801C80B201901BAA2A990298F6F724F9A2
:1003D000002803D007E010A8818DD1E73988019863
:1003E000081A0428BFDA0198012843D0E06980790F
:1003F000012804D010A8818D5548814206D110A84B
:10040000818D00980170090A417009E000981E383A
:10041000417F027F0802009910430870000A48706B
:100420000198801CBAE1072E01D0152E76D14178B3
:10043000027808021043208320A98880249A5178EA
:100440001278090211436183002801D0884201D942
:1004500001203FE7012020720020E0802073052E5C
:100460000AD01D982299E269C0B2491DF2F71FFC1B
:10047000002801D00A202DE70020C04360841AA87C
:10048000019023A9229802970395009100780023F8
:100490008206920E20462A99FFF712FC0390208BC9
:1004A00020A988807BE1032EC0D1402220A98A8127
:1004B0004178027808021043208320A988802A9975
:1004C0001EAB1C9A02930192009139880022491EAA
:1004D0008BB21B990978F6F711F918A90872002850
:1004E00033D10B20287010A8008F3FE0052E9DD13E
:1004F000802220A98A814178027808021043208353
:10050000249984464A78097812020A43628420A911
:1005100088801248824202D30720DBE6AFE03F200A
:100520008002024362842A981FAB1C9902930191B6
:1005300000903888401E83B21B9801786046F6F719
:10054000DDF818A9087200280CD08328AAD107E08A
:10055000FFFF0000B40E002001280000010200008F
:100560000220B8E00D20287010A8808F401C15E1F3
:1005700001990C22C9095143C91CB14204D90198FF
:1005800040067CD5002009E1427803781002184328
:1005900020AA9080844622980078400609D505203C
:1005A0006A46107422980078C00905D000201074A3
:1005B0001DE106206A46107424981F902A9A009024
:1005C0000023701A029383B21E9001921B9800229E
:1005D00001786046F5F7AEFE18A908720022694658
:1005E0000A74832801D102200390229800784006E3
:1005F0000DD52088C00506D520A9208B8988884282
:1006000001D100206062002018A90872C6E0FF2115
:10061000013120A88181808820831E9860841F98E2
:1006200060621320B8E0052E29D3417802780802D1
:10063000104320A98880218F002902D0FE4A9142D0
:1006400006D10A216A4611740121C943218702E0BB
:1006500007216A46117422992A9A491D0192009134
:1006600001221D990023D203029311438BB22499D6
:100670004A78097812020A431B99097800E0C9E018
:10068000F5F758FE18A90872002269460A7401227B
:10069000520220A98A81832808D0002809D0218FFE
:1006A000E54881427ED10020208778E08888208339
:1006B0004DE7606B002808D031462046229AFFF7AC
:1006C000E3FB18A90872002869D12B463A46304648
:1006D000229900F056FB039061E02298022E4078A8
:1006E00001907DD1002801D0012879D108206946E8
:1006F00008740198087521A800901B9800220178C1
:100700002046019BFFF7B0FC6946002248758A75B8
:10071000002802D10198012809D0208F002806D096
:10072000002008740120800220A988810EE004A81E
:100730003399F2F774FF0390002069460874012092
:10074000800220A988810398022807D0BB4800684E
:100750008079002805D018A908722BE00198208321
:100760001DE00398002803D0812018A9087240E0FA
:1007700021A800901B98012201782046019BFFF7D9
:1007800073FC18A9087220463499FFF753FC18A986
:10079000087A002803D11920287001203880684683
:1007A000007C00E03CE0002804D004A83399F2F774
:1007B00036FF0390039800282ED01AE0062012E599
:1007C0002078000713D5012E11D109216846017444
:1007D000A188818204203499FCF771FE082100E091
:1007E00005E020A88181CDE60198400612D50320BE
:1007F000039020A9208889890843208020A988891E
:100800004005400E04D026992B98086026988680D3
:100810000398AAE40420E6E418A8007A00280ED081
:100820000120287022980078687020A88088A8701D
:10083000000AE87018A8007A28710520388020A9DD
:100840002088898988432080E2E7FFB50746A1B068
:1008500000201C903A7801209040794A7C68104032
:1008600010AA1087744B22885B1C9A4203D0002880
:1008700004D0100702D5012025B0F0BD249E002031
:10088000307023980025028810A8028518A80575E5
:100890006A4B68461972057404A8186020462C300B
:1008A0001B902A985860249E94463878721C052123
:1008B000039201282DD0022808D003287DD130785A
:1008C000800980011D303070B889A08038780228F6
:1008D00004D13078800980011B303070F01C1FAAD1
:1008E00001900292009110A8008D0022C01E83B2D8
:1008F0002020015DB889F5F701FF0028DED10398BB
:10090000B9890170090A417010A9888FC01C088537
:1009100028E1787B18AA10753A7B012A02D0022AB6
:10092000CCD1FCE022887F231B011A4010AB1A8730
:10093000802A4AD006DC102A10D0202A0ED0402A65
:100940000AD124E0FF3A013A65D0FF3A013A79D062
:10095000FF3AFF3A022A76D00525A2E02078C006A9
:1009600001D5082000E010201C9004206A46107475
:10097000002090821AA81DAA1EAB03960192029035
:1009800000933B8A20461C9AFFF79AF984E0228B59
:100990003B8A9646934268D10A221C92002839D19C
:1009A000039801906046401E1FAA83B20292202045
:1009B0000091015D0022704600E0BAE0F5F79EFE6E
:1009C000014618A801750B201AE0228B3B8A964637
:1009D00093424AD10C221C92002862D103980190C4
:1009E00060461FAA401E0292009183B22020015D42
:1009F000628C7046F5F782FE014618A801750D203D
:100A0000307010A8818F491C01850421684601744B
:100A1000218B818245E0238B3A8A9C469A4224D1DD
:100A200012221C9200283CD1606A002813D00022B8
:100A30006B4607C3638C07E0FEFF0000B40E002086
:100A400009F800000DE04BE02020015D6046F5F75D
:100A500071FC18A9087513203070012010A90885B1
:100A60001FE0398A228B914201D00425B6E016217D
:100A70001C91002815D11B98818802682046FFF739
:100A800003FA18A9087500280BD11B983346016892
:100A900080881AAA00F075F9054602281BD0042D9B
:100AA00019D01B988088002811D06846007C002847
:100AB00004D004A82A99F2F7B2FD05460120694640
:100AC00008741B981B990068059000208880002DF1
:100AD00048D0052D2ED06846007C032878D07DE0D4
:100AE00018211C91002806D0388A20832046B96836
:100AF000FFF7A0FAD5E72046183000902020015DCE
:100B0000237E01222046FFF7AFFA18A908750028B6
:100B1000ECD119203070012010A90885E6E7208863
:100B200001214902084010A90887FF38FF38022830
:100B300006D0052510A92088098F884320804DE024
:100B4000208F9849884290D116201C90386900283F
:100B500005D06063B88A20870020608702E000200B
:100B6000C043208710A8008F7F21090102468A43D5
:100B70000DD0782300220420B968FCF7FBFB3878FD
:100B8000A07010A92088098F0843208002E02188E6
:100B9000814321806846007C002805D08248416856
:100BA00004A8F2F73CFD054618A8007D002815D0E2
:100BB0001C98707001203070208BB070000AF070AB
:100BC00018A8007D3071052110A8018506E0FFE717
:100BD0007548416804A8F2F722FD05467248017A7B
:100BE00020884005400E22D11B98808800281ED006
:100BF000239A0026138810AA1385249A2A9B6F46ED
:100C00004CC71B9A039412681AABFFF78DFA05467E
:100C100002280CD00120694608741B982A990068A4
:100C2000059004A8F2F7FBFC05461B98868010A8E7
:100C3000018D2398018028461EE600B597B0042850
:100C400007D102206A461070019100216846F2F730
:100C5000E6FC17B000BD10B5534C037800222168A4
:100C6000012B02D0022B42D126E00B78002B01D0C1
:100C7000042B03D10A712268032111702168838833
:100C80000A79D200921D8B5221680A79D20008326B
:100C90008918C2880A80216803890A79D2000A3239
:100CA0008B52428920680179C9000C314252216877
:100CB0000879401C08711EE00A7482888A802168C5
:100CC000C288CA80226801891181226841895181C4
:100CD000C1682068C1606168F2F7A1FC0146022882
:100CE00007D02068007C002802D1002903D0812091
:100CF00010BD832010BD002010BD406B002800D027
:100D0000012070478178012909D100880521C90295
:100D1000884202D0491C884201D10020704705203A
:100D20007047F7B586B00024684615460F468481A3
:100D300005261AE0049841780278090211432980B7
:100D4000811D019602940091417902790B021343AF
:100D5000C178827809020A43417800780902084381
:100D60003946F5F7E7FA002806D104AA03A9069840
:100D7000FFF7BFF80028DDD0822800D1002009B09D
:100D8000F0BD10B51488844201D2052010BD17248F
:100D90001C701080421E581C491C05F0C6F900202A
:100DA00010BD0000FEFF0000B40E002010B540484A
:100DB00004F04DF9002801D00C2010BDFF211131A5
:100DC0003C4805F011FA3B4901200870002048809A
:100DD000E03188718874887520310871344804F0D6
:100DE0004EF9002010BD10B5314804F028F9002854
:100DF00003D031A1312005F016FBFFF7D7FF002803
:100E000003D02DA1382005F00EFB10BD10B504460F
:100E1000274804F01CF9002801D00C2010BD2549FA
:100E20000878002807D0002008702148216004F0CD
:100E300026F9002010BD1E4804F021F91F2010BD26
:100E400070B505460C461A4804F001F9002801D097
:100E50000C2070BD174A5088A84202D11078002893
:100E600004D0134804F00BF9122070BD1048226022
:100E700004F005F9002070BD10B504460C4804F0DC
:100E8000E6F8002801D00C2010BD0A48017800299E
:100E900007D00020C0432080054804F0F0F812205D
:100EA00010BD40882080024804F0E9F8002010BD01
:100EB0009D000020C00E00207372635C6C6C5F6448
:100EC000622E630010B5282105F08CF910BD70B5B5
:100ED000054600780A0700090001120F1043287028
:100EE0000B0005F091FB07050705070509050B0039
:100EF000062408E00C2406E0222404E00024F2A1E9
:100F0000572005F090FA68788009800120436870C6
:100F100070BD00780007000F704710B50622C01C96
:100F200005F003F910BD10B50622093005F0FDF8F3
:100F300010BD0278BF23C9071A40490E0A43027048
:100F4000704702785206520EC9010A430270704778
:100F500070B515460E4604461F2A03D9DAA1A8200B
:100F600005F061FA20462A463146093005F0DDF8E1
:100F70006078AD1D80098001A906890E0843607064
:100F800070BD70B515460E4604461F2A03D9CEA182
:100F9000CC2005F048FA20462A463146093005F0B3
:100FA000C4F86078AD1D80098001A906890E084348
:100FB000607070BD70B501780907090F03292ED044
:100FC000052931D1411C827E0C46437E1102194312
:100FD000037FC27D1D02037EC67E1B021343827DFA
:100FE000407835438006800E22281DD106291BD368
:100FF0001920C001814217D8FF26F436B54213D814
:10100000002A11D0082A0FD88A420DD28B420BD861
:10101000617F227F09021143814207D904E04078B1
:101020008006800E0C2801D0002070BD012070BD0C
:1010300000210A464254491C2229FBDB704710B5A7
:1010400002788B07920892009B0F1A430270427835
:10105000520952014270012908D0022906D0032901
:1010600005D0FF2098A1EE3005F0DDF910BD01217B
:101070000A43427010BD10B502788B0792089200A7
:101080009B0F1A43027042785209520142700129A3
:1010900007D0022905D0032904D08BA18E4805F082
:1010A000C2F910BD01210A43427010BD00788007CB
:1010B000800F70470278EF23C9071A40C90E0A4310
:1010C0000270704770B50546C1700B0005F09CFAC0
:1010D0000E080A0C0E1012120C14141212160C1810
:1010E0000C2413E0082411E002240FE017240DE083
:1010F0000D240BE0012409E0092407E0062405E0A3
:101100007548002470A1A03005F08DF96878400979
:1011100040012043687070BDC0787047017AC27981
:10112000080210437047817A427A080210437047E0
:10113000017BC27A08021043704781794279080224
:101140001043704700797047817B427B080210434F
:10115000704770B5017AC37909021943431C857A37
:101160001C46467A2B023343657926792C02344398
:10117000C21C5A4E00798D1FB54214D8FF25F43594
:10118000AB4210D800280ED008280CD888420AD2CA
:101190008C4208D8507A117A00020843B11D884267
:1011A00001D8012070BD002070BD0B4610B5011D97
:1011B0000522184604F0B9FF10BD817A427A080270
:1011C0001043704701717047007970470B4610B5A6
:1011D000011D0822184604F0A8FF10BD027B0A700A
:1011E000407B487070470B46014610B508220E310F
:1011F000184604F09AFF10BD0B46014610B50422B4
:101200001631184604F091FF10BD10B50822001DDC
:1012100004F08BFF10BD10B504220C3004F085FFE4
:1012200010BD017170474171090A81717047C17128
:10123000090A017270470079704781794279080282
:1012400010437047017AC279080210437047017158
:101250007047017170470B4610B5011D08221846F2
:1012600004F063FF10BD10B50822001D04F05DFFFF
:1012700010BD70B515460E4604461B2A03D912A1AF
:10128000174805F0D0F82A463146E01C04F04DFF1F
:101290006078E90640094001C90E0843607070BDDE
:1012A00070B5054640780E46C406E40E1B2C04D9E2
:1012B0000B4805A10C3005F0B6F82246E91C304673
:1012C00004F033FF204670BD7372635C756C5F7011
:1012D00064752E6300000000070200007A0C000015
:1012E000F7030000C1074008C207C90FD20F511809
:1012F0004008C207D20F51184008C207D20F511838
:101300004008C207D20F51184208D007C00F40183A
:101310005208D107C90F0918500840187047002219
:1013200002808271C271C2720273427382738270D0
:10133000C270027142714276828303464284203336
:101340009A7102859A72C2750276C2730274DA7259
:101350001A739A7319750284FF21603081709A752F
:10136000704770B504460020A083208C1E46484379
:101370001546114604F061FF2084F000294604F070
:101380004EFF401C80B20146192269439202E0835D
:10139000914201DD401EE0837D202946000204F0D9
:1013A0003EFF401CA08470BD70B50546087B0E460C
:1013B000C006C00E08730020A87504463019007AD4
:1013C000FFF790FF29194874A97D641C0818E4B23E
:1013D000A875052CF2D3C0B2252803D979A18A209B
:1013E00005F021F870BDF8B5044630302646274692
:1013F0002546C036A03780350090032909D0002942
:101400001AD0012924D0022902D1A11CFFF7CCFF58
:10141000F8BD1146FFF783FF002028836883A88367
:10142000E883288468847871E88538732621085514
:10143000A08430703071F8BD0020E885B871A188B3
:1014400023890A460098FFF78CFFA11C0098DDE76E
:101450000020E885B38A328AA1880098FFF781FFCF
:10146000F8BD70B5867D0D460446002E01D0252EB0
:1014700001D9122070BD002A18D0287EE17D50438A
:101480000818252104F0CBFE0846E1754207520FEB
:10149000C908504B69189A5C097A8A4368D031466A
:1014A00004F0BDFE491CCAB2002007E0002070BD58
:1014B000002803D02118097C511ACAB22118497C8E
:1014C00091423AD32918097AC943CB07DB17D21ABC
:1014D000521E1206120E35D08B07DB17D21A521E7F
:1014E0001206120E30D04B07DB17D21A521E12060C
:1014F000120E2CD00B07DB17D21A521E1206120E38
:1015000028D0CB06DB17D21A521E1206120E24D098
:101510008B06DB17D21A521E1206120E20D04B0673
:10152000DB17D21A521E1206120E1CD00906C9175A
:10153000511A491E0A06120E18D0401C0528B7DBA6
:101540001F2070BDC00013E0C000401C10E0C000B0
:10155000801C0DE0C000C01C0AE0C000001D07E0B8
:10156000C000401D04E0C000801D01E0C000C01D9F
:1015700020769BE738B505460C466846FEF738F8F6
:1015800000281ED0694600200856207209216156A5
:101590000022411A00D5494220356B798B420FDC7D
:1015A000FF2B0DD0A17A491CC9B2A172AB79994227
:1015B00002D8617A7F2903D160720020A0720122D3
:1015C000104638BD7372635C6C6C5F7574696C2E09
:1015D000630000007667010010B5040004D0FF200E
:1015E000FAA1AB3004F01FFFFB4821464143FB4802
:1015F000FF230918FF330022581C5A544254C81DB7
:10160000FF30FA3002704270F448001FC378A342E2
:1016100002D18270FF23C370EF48EF4BC01E081841
:101620009B1EC91802700A7010BD70B5EB480026E9
:10163000001F8670FF24C47035462846FFF7CCFF94
:101640006D1C2D062D0EF8D00020E4490B229201CE
:10165000E14B43435B189B181E74401C0006000EB0
:10166000F6D0DF48FFF7E4FC0021DD48FFF722FD5C
:101670000121DB48FFF7E3FCDA4804704470847012
:10168000C4700471447170BDCFE71B20704730B542
:101690000021D24A0B239B01CF4C4C43A418E418E1
:1016A000247C002C05D0491C0906090EF4D000202A
:1016B00030BDC94C01254C43A218D21815740170D5
:1016C000284630BD10B5044600F0D0F900280CD0F3
:1016D0002046FFF781FFC0490B224C43BF49002041
:1016E0006118920189180874012010BD10B50446D4
:1016F00000F0BCF9002802D0BA484471012010BDA6
:10170000034610B5B748B44940794843B349421835
:101710001046FF30E130C17F807F04F0D5FF10BD5F
:1017200010B5B048AC4940790F224843AB49401846
:10173000A949D239095CFF30FF3004F09FFF10BD8A
:1017400010B5044600F092F9002802D0A5480471B3
:10175000012010BD034610B5A2489F4900794843B7
:101760009E4942181046FF30E130C17F807F04F06F
:1017700098FF10BD70B59B4C97492079974D484311
:101780004019C11DFF31F931FF30E130807F0F2258
:1017900004F064FF002813D020798F494843401992
:1017A000FF30FF3002300178491C01700178407829
:1017B000814204D1884885A1773804F034FE0120A5
:1017C00070BD884884490079484384494018FF30F7
:1017D000E130C17F807F814201D10120704700202C
:1017E000704770B57F487C49007948437B49401871
:1017F000FF30E130867FC57F0F242946304604F054
:1018000026FF002801D0204670BD70066906400EF4
:10181000490E884201D3401A01E0081A201AC0B2CA
:1018200070BD0F20704770B50C46054600F01EF9DC
:1018300000280ED0002020706748454367482818CC
:10184000FF30FF300230017842788A1A22704170EE
:10185000012070BD70B50C46054600F007F9002860
:101860000BD05D4845435D482818FF30FF300230FB
:1018700001784078081A2070012070BD5849016035
:10188000704710B5044600F0F1F8002802D0554822
:101890000470012010BD5149091FCA78FF2A02D0E7
:1018A0000021016007E08A784C492439012A02D0DE
:1018B000016001207047002070474848801E017871
:1018C000012908D001210170464801784348001FD2
:1018D000C170012070470020704710B5044600F029
:1018E000C5F8002802D03F484470012010BD3B4994
:1018F0003C4B091FCA785B789A4206D18A78203916
:10190000002A02D001600120704700207047334850
:10191000344A001FC1785278914209D1FF21C17029
:10192000801C0178002903D000210170012070473C
:101930000020704729482B4A001FC17852789142F5
:1019400004D18078002801D0002070470120704722
:1019500010B5044600F08AF8002802D02148C4706F
:10196000012010BD034610B51E481B49C0784843EE
:101970001A494018C21DFF320B21FC328901401860
:10198000C17B807B04F0A0FE10BD10B51548124944
:10199000C0784843114940180B2189014118C97B7F
:1019A0000D4AD21E8018062204F068FE10BD0D48B4
:1019B0000949C0784843094941180B20800108189B
:1019C000C17B807B81420FD1012070477372635CC1
:1019D000646D5F712E630000D1020000F40F0020DF
:1019E000C51200209E0000200020EEE710B504463E
:1019F00000F03CF8002802D021488470012010BD7E
:101A0000034610B51E481F49807848431E494018B8
:101A1000C21DFF320B21FC3289014018C17B807B43
:101A200004F03FFE10BD10B51548164980780B2212
:101A300048431549920140181249891E41188018DF
:101A4000807B062204F00AFE10BD0D480D49807807
:101A500048430D4941180B2080010818C17B807B49
:101A6000814201D10120B0E70020AEE7002805D176
:101A70000648007C002801D00120A6E70020A4E74A
:101A80009E000020D1020000F40F0020B4120020BC
:101A9000F8B5FF4E0446B079002500280AD0002989
:101AA0002DD1657010202070F079A070307AE07030
:101AB000B57124E0F64F203F387A012804D0707ABF
:101AC000012810D00020F8BD002918D1657013201E
:101AD000EF4920701C221639A01C04F026FB0120BF
:101AE000A0713D720BE0002909D165701420E8490E
:101AF000207008220A31A01C04F017FB7572012027
:101B0000F8BDF8B5E3480178002902D00C2630462C
:101B1000F8BD0026DE4D3446403D2E756E75EE75DF
:101B20002E76AE75294620396E730F464E734037B8
:101B30007E717F218170687E002804D0FDF73DFD15
:101B4000FEF766F86C763C72D14884711430FFF76A
:101B5000B9F9CF483C30FFF7B5F9D8E710B5CD4B10
:101B600000221A70CA4B203B1A711A46603A11665D
:101B7000D065FFF7C6FF002804D0FF20C6A187303C
:101B800004F051FC10BDC2484038007D7047C04988
:101B900010B54039C87B897B42078307D20FDB0F22
:101BA000D218C007C00F101840000B0004F02CFD25
:101BB000050B060B04080F00BB4906E0BB4810BD2F
:101BC000B949083101E0B8490839085A10BDFF2069
:101BD000B1A1A73004F027FC002010BDAC48B449E7
:101BE0004038008A48437047F8B5A94C0646407B08
:101BF000403CE07337791346A773012F26D0308815
:101C00002082A348B27B203882710546603D29704E
:101C100006221946681C04F088FAB0796873062217
:101C2000F11DE81D04F081FA607B0126002800D038
:101C3000667597486038407B002800D0A6753B0049
:101C400004F0E2FC0506082549084B000020D7E710
:101C500000211DE08E4801211430FFF738F98C482F
:101C6000E91D1430FFF75FF9687B002807D00128D1
:101C700007D0FF2088A1EE3004F0D5FB0CE0002156
:101C800000E0012182481430FFF75BF904E00621EF
:101C90007F481430FFF71BF90020E07520767C4860
:101CA000691C1430FFF739F9794829781430FFF7A7
:101CB00040F9774804213C30FFF709F97448691C62
:101CC0003C30FFF72AF9724829783C30FFF731F9A8
:101CD00026750020F8BD0221DAE7FF206EA1F8305A
:101CE000CAE770B56A4C0125403C0346257620467C
:101CF0002030007A002801D03A2070BD64480022CC
:101D0000803806789E4206D1E2750622401C04F017
:101D10000CFAE57500E02276002070BD70B504462F
:101D20005B4D0020403DA87528462246323804F01D
:101D3000FCF92846203844730120A87570BD544929
:101D400020390871704710B5514C0022403C627533
:101D5000607302462046123804F0E7F901206075EE
:101D600010BD4B49203948717047F8B500F0A4FB0D
:101D7000474C0025403C607E002804D0FDF71DFC48
:101D8000FDF746FF6576434F3D70FDF793FBA07B63
:101D9000012804D00021084601F0A6FAF8BD002170
:101DA000022001F0A1FA3A4C203C207A002809D008
:101DB000374881790029F1D11321C17105720121C0
:101DC0008171F8BD78780028FBD0314E0622803E24
:101DD000707BE0733078A0753046F11D703004F0F0
:101DE000A4F930460622711C773004F09EF93C209D
:101DF000A072012020727D70F8BD10B5244C403CCB
:101E0000E17BA07CCA0701D0C2070BD08A070FD59F
:101E100082070DD42620FDF777FAA07C0221084323
:101E2000A07410BD2520FDF76FFAA07C0121F6E714
:101E30004907F6D54007F4D42720FDF765FAA07CC2
:101E40000421ECE770B5134E3078002872D1104CA5
:101E5000403C207D00286DD0FDF71FFB0025A574B8
:101E6000E57475702846FDF715FB0020FDF78CF929
:101E70000D480D38FDF73FFA0B481038FDF7F7FA1B
:101E8000FDF76CFBFFF7B9FFFDF7FFFA012111E049
:101E900068130020A40000207372635C6C6C5F61A7
:101EA00064762E63000000008E6701009A8913009B
:101EB000710200000020FDF743FA0F210520FDF715
:101EC000C1F92646403E3178701CFDF7ADF9A07B84
:101ED00001280CD004280AD0607D002807D02146B4
:101EE00012390846627B6630FFF732F86575A07DCF
:101EF000002807D0FE480146427B12399C30FFF78C
:101F000040F8A575306E0178002903D00178001DD6
:101F1000FDF7C8F9F06D0178002906D0F44A401C9D
:101F2000C732FDF754FE01206076FDF7C3FA0020AA
:101F300070BDFFE70C20FBE7EE494860704770B5C5
:101F4000050001D0FFF759FFE94C2034E07C002860
:101F50000AD0A07B012804D19920E749C00004F0F1
:101F600062FAFFF702FFE3E7002D0DD00221002007
:101F7000FDF7E6F9DE4840300079032801D001285A
:101F800002D10220FDF73BFCE07D002600280DD0A9
:101F9000D74D203D2846691C9430FEF7BEFF2846E9
:101FA000691CBC30FEF7B9FFE6752676D048743060
:101FB000FDF786FAA07B030004F026FB0504040469
:101FC0000D04090001210846FDF79FFB03E0CA4903
:101FD000CA4804F028FAE17BA07C81430120002953
:101FE00003D1A17B012903D0E074C24908709FE7A7
:101FF000A674FAE710B5FDF750FABE48007800283D
:1020000018D1BB482030007D002813D00020FFF7F6
:1020100096FFB74840300079002809D001280FD03A
:10202000022805D003280BD0B349B54804F0FBF9CA
:10203000002010BD00F040FAFDF73CFA0C2010BD66
:10204000F0F7E6FFF4E7AB49012048707047F8B5B8
:10205000002400F0E0FF002824D0FF202D30FDF701
:102060006CF9A44D2878A24F403701281DD00228D2
:1020700001D0032834D0A2489F496B3004F0D3F933
:10208000287800280DD0387900280AD0012808D0F7
:10209000022838D0032836D099489749803004F078
:1020A000C2F9F8BDFFF761FEF8BD914E2036B07B56
:1020B000032815D0707E002803D0FDF798FDFDF7AA
:1020C00074FA8B48C430FDF7FBF9B07B012812D0BD
:1020D000042810D0B879012806D0032804D004E0E1
:1020E0000120FFF72CFFCBE7102421460E200143EF
:1020F0000020FDF70AFB7879012801D1FDF76FFA7E
:1021000002202870BCE728780228CDD10120FDF7F5
:1021100076FBF8BD70B5764840304079012801D192
:1021200000F0D4F9724C2034607E002803D0FDF713
:1021300044FAFDF76DFD00F06EFF00280CD06D4DE8
:102140002878022804D06E486B49A33004F06BF95C
:10215000A07B012803D006E0FFF707FEE8E6992000
:102160008000FDF7EAF80120FFF7E9FE2878002853
:10217000F4D028780128F1D039205F49000104F01B
:1021800052F9D5E6F0B5074689B000200690FDF774
:10219000AEF800900020019056480078022804D044
:1021A00057485549F03004F03EF9514D40356879B3
:1021B000012801D100F08AF94D48C430FEF7A9FE8C
:1021C0004B4E04462036002F70D03046A430FEF728
:1021D000F1FE0028F8D0FDF731F80028F4D0707E29
:1021E00000280AD005277F1EFFB2FDF72CFD02282C
:1021F0000FD0012800D0002001903D492046C43175
:102200000C46643C030004F0FFF906A4A4A40CA44B
:1022100056A4002FE7D177203AA1C00004F003F9BB
:10222000E9E7B07B012841D004283FD0019A00980B
:10223000104304D1A879002801D0022836D168794A
:1022400001281DD1607A00281AD101206072087817
:1022500006224006C00FA0722548C91C6B3003F04F
:1022600064FF244C224FA07871377F2804D1A92025
:1022700024A1C00004F0D7F8A07838707F20A070A7
:102280001B489C30FDF71CF91A480321017028797E
:10229000002860D001280AD002285CD0032806D08C
:1022A000164818A1E03804F0BEF854E051E00120CF
:1022B000FDF7A5FA4FE00E480F462038C978C079DF
:1022C000814230D10A4839792038027A91422AD1A4
:1022D0007979427A914226D1B979827A914222D192
:1022E000F979C27A91421ED1397A027B914211E08A
:1022F00008130020A4000020981E0100F60400002E
:10230000DE0200007372635C6C6C5F6164762E6346
:102310000000000007D13978407B4906C90F81428F
:1023200001D1012100E00021B07B012801D0042867
:1023300001D100290AD100280BD101990098084346
:1023400004D1A879002801D0012802D1307E0028CC
:102350001FD001200690707E002803D0FDF72DF9D4
:10236000FDF756FC0698002802D00120FFF7E7FD94
:102370005D48017800290AD00178012907D000784A
:10238000032804D095205949C00004F04CF809B046
:10239000F0BD55480422406855490F3003F0C5FE92
:1023A000387806224006C10F4F4840680177F91C73
:1023B0001D3003F0BAFE4C484D4940680322091D08
:1023C000133003F0B2FE4848494A4068B97D817530
:1023D0000F3A117ED37D09021943018311468B7E8A
:1023E0004F7E1B023B438380137FD77E1A023A4302
:1023F000C2808A7F4B7F1102194301813C4905222B
:1024000010310A3003F091FE3948374A1130017912
:102410005768C906C90EB97600794009F876287A56
:10242000002809D0A07900283AD11320E0710020BB
:1024300020720120A07133E00020A8727888B08556
:10244000387FE8732A48394606221D31833803F065
:102450006CFE27490622F3390878A87508467730BC
:10246000491C03F062FEB888F087F888208038891C
:102470006080F87E20710198002860790BD00121DE
:1024800008436071FDF7F2FB61794000C907C90F8D
:102490000143617102E04008400060710120287230
:1024A000114C0020207000F007F8FDF703F8012020
:1024B000616800F019FF4EE710B5FDF76AF8FDF707
:1024C0005DF8FCF7B5FFFCF7DAFF10BD064810B564
:1024D000801CFDF78DF8002802D103497F20887009
:1024E000FDF774F810BD0000A400002004230100D3
:1024F000DB1300208107C90E002808DA0007000F4F
:1025000008388008F74A80008018C06904E0800815
:10251000F54A800080180068C8400006800F7047A8
:1025200010B500F03BFF10BD70B5F04C0546626879
:10253000002908D0002A04D0FF20EDA10C3003F0C0
:1025400072FF656070BD002A04D1FF20E8A112303F
:1025500003F069FF0020606070BDE948C07E7047ED
:10256000E7482830C07E704738B5E04C20680168E5
:102570004978012925D001216846FAF7C9FC684647
:102580000078E049000203F04AFE2068426AC06811
:1025900012685118FBF7ADFC2168C860D84A206862
:1025A00028320321904218D0028B002A15D0012234
:1025B0004272017200210171021D017F00F0FBFED9
:1025C00038BD7D21C068C900FBF793FC2168C86055
:1025D000FFF7DDFA21680861E0E7028B521C0283F5
:1025E0004172E6E7FFB5C64E85B0706A346805688B
:1025F00060680190306A0390298E0798401A80B273
:1026000002900898002804D02746383720464830E2
:1026100002E0371D2846A830009003203871059845
:10262000002820D001287DD002285ED003287AD04F
:10263000AFA1B54803F0F7FE0898002807D0387915
:10264000032804D0B048AAA1093003F0ECFEA16A27
:102650007069FBF74EFCB860616A206A88427DD9D8
:10266000009801601FE1306A002804D1A648A0A1AB
:102670007A3803F0D8FEA449288B373948434018EC
:10268000069900F0A6FEA0619F49A8883739484303
:10269000069900F09EFEE061316A9B48891CA162A8
:1026A0002A8B37384243A069974B121AE63BD2185F
:1026B0005118A162944BAA7D373B5A4340008018C1
:1026C000FF30193020626062306A081AED21FF384D
:1026D000C90015388842AFD28C49884204D28A4852
:1026E00083A15D3803F09FFEB6E0874A288B373A16
:1026F000E16850430818069900F06BFEA06182491A
:10270000A88837394843069900F063FEE061306AD3
:10271000002804D17C4876A1553803F084FEAE2011
:10272000405B01E02CE05AE00028288B784AE16801
:102730001DD050430818A169401AA0622169A06801
:10274000734A4843A1694018A97D4000514340188D
:10275000FF3017302062A888504300E0A1E0E16913
:10276000411A6F20C000081A6062A06A34E050432A
:102770000818A169401A3168D63849684018DCE762
:10278000284680300190C08D002802D0306A002891
:1027900004D15F4856A1401F03F045FEA8885C495C
:1027A000E3694843C01AA06201999C46CA8D216919
:1027B000A368521A4B43A169591863465343C91879
:1027C000AA7D534B49005A438918FF3117312162C2
:1027D0006F21C900411A6162316A401A35E00898D8
:1027E000002803D03420005D002878D1A88848490B
:1027F0004843E169401A02994843A0622846803064
:102800000490C08D0028019829D0002804D03E48AB
:1028100037A1163803F007FE04983D4AC18D02988F
:102820000818E16948434000FF3017302062A8884B
:102830005043411A6F20C000081A606200F0AEFDDC
:1028400000281CD0A16A0398081AED21FF38C9009E
:102850005538884200D3EFE601203871ECE60028B5
:1028600002D00398002804D1294821A11A3003F08E
:10287000DAFD0198A16AD6380818A062CCE7FBF708
:102880009EF8726901461046FCF7BFFAA16A081A61
:10289000ED21FF38C90050388842DCD2012009B050
:1028A000F0BD0099086000981A4900688035081842
:1028B000F860298B0798081A00B2002804DD0598F3
:1028C000022801D0032000E00120787108983870B8
:1028D0000898002820D03420005D00281CD0022059
:1028E000DDE7000000ED00E000E400E0B4000020BF
:1028F0007372635C6C6C5F6C6D2E73302E630000C2
:10290000F413002010270000190500002902000020
:10291000E20400004B1700000898012148402034D1
:102920006075317F3A46304600F045FD0020B6E73D
:1029300010B5FE4900280A68516A096807D0126874
:102940008988FB4BD2695943891A03F068FC10BD92
:10295000F8B5F64F38680468416A26460D68203697
:10296000717D00290AD0618E2A8E914206D1407A6B
:10297000012803D1EF49F04803F055FDFBF71FF89C
:10298000014638684069FCF740FAFFF7D1FF2A8E0C
:10299000618E1318994202DB491C618602E0401CDB
:1029A00010186086B07D002806D19C21608E495B9E
:1029B000884201D1401C6086DC480168088B0328EE
:1029C00002D2401C088302E0618E982041532846C1
:1029D00040300646C1898089081A298E401E401859
:1029E00087B218E0D148EB7E00685B00406A00794E
:1029F0004100D248415AC05A401881B2207D00237C
:102A0000FFF7F0FD00280FD001280ED0CA48C949B1
:102A10003A3003F008FD628EB81A00B20028E1DAFD
:102A20000820B07200F010FEF8BD608E401C608679
:102A3000F1E770B5BD4D002168680162C27E1300E8
:102A400003F0E2FD045656034A56426A14680268CF
:102A500011700268516000682030407D002808D164
:102A6000FAF7ADFF69680968096CFCF7CEF9002830
:102A700018DC6868228E0168498E914206D1214691
:102A800080318B8B9A1ACA83238605E0891A9E228D
:102A900011530168498E21860268C1681164C168BA
:102AA000416111E068680168098E228E8B1A224606
:102AB0008032D3830168098E218601680B6CC36064
:102AC0000B6C4361886C9062204601F0D8FC0028B2
:102AD0000DD098499A4808E0C1684161FFF7B2F902
:102AE000002804D096489349801D03F09CFC70BDDB
:102AF000934890490D30F8E710B58C4A0B001268E6
:102B000003F082FD0906090F1F0C2E2E082B2E0044
:102B1000FFF78FFF10BD00F068FC10BDFCF772FEE0
:102B200010BDD07E022806D0D07E032806D0FF201C
:102B30008049A3300EE0FFF70BFF10BDFFF714FD37
:102B400010BDD07E0228F6D0D07E0328F6D0FF201C
:102B50007849AE3003F067FCF0E7FAF715FF10BDD7
:102B6000FF207449BC3003F05EFC10BDF3B581B0AA
:102B70000E4601276D4D734C0B0003F045FD090611
:102B80002F39392F40403939400001216D48FFF776
:102B9000CBFC31460198FFF7AFFFE07E022826D13B
:102BA00068680568406A0668FAF7E7FEB188604A17
:102BB0005143EA69891AD639E962B72802D26248D4
:102BC000081803E0081A6049B7314018E8625F4806
:102BD000E96A814200D80846E86205E00198FFF7FB
:102BE0008BFFE07E022802D1206820300775FEBDF1
:102BF0002C600198FFF780FF00202860FEBDFF20B9
:102C00004C495C3003F00FFCFEBD70B50C46064627
:102C10000B0003F0F9FC09060D10100D1A1A101024
:102C20001A00484801212830FFF77EFC2146304633
:102C3000FFF762FF70BD43483C4D283028603046A6
:102C4000FFF75AFF0020286070BDFF20394982300D
:102C500003F0E9FB70BDF0B5344C0020216885B06D
:102C600003258D76CA7E0746032A03D0C97E002934
:102C700029D029E0087F002803D12E49344803F0E9
:102C8000D2FB2068067F684605714571FAF797FE0A
:102C90000290FF20F53003900121684601706946DB
:102CA0003046FBF70CFB00E020BF2068007FFCF7FC
:102CB00038F90028F8D02068007FFAF765FE206810
:102CC000077700F072FB012021688F7605B0F0BD18
:102CD00016490A68907600E020BF0A68D07E002876
:102CE00003D0D07E937E9842F6D0D07E002803D0C9
:102CF00000200021917670470120FAE770B5114954
:102D00000024CA7E094D032A03D02831CA7E032A33
:102D10002ED12960002827D0012821D00C48054950
:102D2000973003F080FB0020296813E0B4000020F6
:102D3000E2040000F0280100F70500009E67010092
:102D4000A1030000F4130020C4F8FFFF38120000B4
:102D500072020000086048622860002C08D070BD34
:102D60000320FFF7B5FF01E0FFF775FF0446DAE740
:102D70000C2070BDF8B5F94F04461F25E67E3300E0
:102D800003F042FC042920031B20F548844204D0B0
:102D9000FF20F449FC3003F046FB02203C60FFF7C3
:102DA00097FF002805D03968002008604862386025
:102DB00011E00C25002038600AE00120FFF79EFF9B
:102DC000054603E0E749E84803F02DFB002D02D05B
:102DD000E07EB042D2D1E07E002804D0E248E14952
:102DE000801D03F020FBF8BD10B5DD48FFF7C2FFE2
:102DF000DB482830FFF7BEFFD94900205031087565
:102E0000D649C91F4870D64948610A4628325061E0
:102E100088769076D1494860086010BD70B5044648
:102E20000120FFF767FBC5B20B20FFF763FBC0B2C1
:102E3000854204D0FF20CB49C63003F0F4FA0120CC
:102E4000FFF758FBC5B21820FFF754FBC0B285420C
:102E500004D0FF20C349C73003F0E5FA0420C04383
:102E6000FFF748FBC5B21920FFF744FBC0B285420B
:102E700004D0FF20BB49C83003F0D5FAB748B849A1
:102E8000083804700020C87688760A462832D07642
:102E90009076B24B012408331C711860486250626E
:102EA00008601060FFF7A0FF70BDAC4908310871E1
:102EB0007047FEB5AA49CA7E08462830A74C002AAA
:102EC00002D1C27E002A03D0C97E022903D005E0C8
:102ED000A648216006E0C17E002901D00C20FEBD7D
:102EE0002060A348FAF7FCFC216808779B4920681A
:102EF000C91F0160C91C4162007F002804D1AD20B8
:102F00009849800003F08FFAFAF737FD9949884213
:102F100000D20846FF30C83086B220680325C57647
:102F2000FEF735FE21680861FEF758FE00270028ED
:102F300027D0FEF753FE21684A6A10600968012015
:102F4000087001466846F9F7E3FF684600788A4949
:102F5000000203F064F90191FAF731FD019971184B
:102F6000FAF7C7FF2168C8602068057245720771CB
:102F7000021D017F00F01FFA2068078300202760F0
:102F8000FEBDFAF71CFD3146FAF7B3FF2168C860B1
:102F900008680770096801204870E5E77047F8B5D0
:102FA0006F4EF17E002904D131462831C97E0029B7
:102FB00001D00C20F8BD0221F176694C674F5034E6
:102FC0000837776234600025386025753979C07E0E
:102FD0004A006A4940008A5A085A2B46101881B2A2
:102FE0002A462846FFF7FEFA002804D0CF205D4984
:102FF000800003F018FA25610120A5602075658620
:1030000025865748703085753968088E401E0886B9
:1030100035830020F8BD10B5504801244068817EFA
:1030200003290CD001684978002906D0006A544968
:10303000884202D90024FFF706F8204610BD00247C
:10304000FBE74648406802681178491C1170016A24
:103050000068C26A914204D8007D012801D0012095
:1030600070470020704700207047F8B53B4C3C4843
:103070002060416A00680D68002634210E54A621A4
:10308000495D00294BD1007D032848D1FAF797FC10
:10309000014620684069FBF7B8FE00283FDDFFF7D6
:1030A00047FC298E401C4118206802681186006880
:1030B000018E9C22525B511A09B200292FDD012199
:1030C0002030817528464030C1898089081A298EB0
:1030D000401E401887B21BE0496A09794A00274917
:1030E0008B5A028E007D9446EA7E5200895AC91896
:1030F00089B201236246FFF775FA00280FD0012834
:103100000FD002280BD01B481649193803F08BF951
:1031100021680868028EBA1A12B2002ADCDA266028
:10312000F8BD20680068018E491C0186F0E7F8B5FB
:103130000A4D00266A680128516A0C6853D1087943
:103140000E4940000B5A1068077D032F1AD0027DEC
:10315000022A24D0007D012834D044E0B4000020AD
:10316000F4130020F0280100070200006D2B01007D
:103170000B2C0100F6050000102700009E670100DF
:10318000D98213000661106886609C20025BE07E95
:103190004000085AC01881B2002303201BE02246D9
:1031A0008032D78D0761E07E928B4000085AC018AC
:1031B00081B200230220FFF715FA6A680121126824
:1031C00011750AE09C20025BE07E4000085AC0189E
:1031D00081B200230120FFF705FA002803D09C49A3
:1031E0009C4803F020F9FAF735FB9B480078EFF78D
:1031F0006FF8686806830268218E51860068203067
:103200008675F8BD38B5944C0021083460680D46C9
:1032100000684278002A01D045701FE0007800283D
:1032200009D001216846F9F773FE684600788B499A
:10323000000202F0F4FF6068426AC0681268511828
:10324000FAF757FE01466068C160057103214172BB
:10325000021D017F00F0AFF860680583FAF7FAFA03
:103260007D480078EFF734F838BD7B4A10B5014649
:10327000083250680B0003F0C7F9060D1504081753
:103280000C31012100F0D1F807E00021106800F0B6
:10329000CCF810BD0120FFF74AFF00210846FFF7D8
:1032A00043F910BD032116E0416A02680968D36939
:1032B00093608A886A4B5A430368DA600A46C032D0
:1032C000D3890B83137B8B75138A8B80538ACB80B6
:1032D000928A0A8102210068017510BD5D485C492F
:1032E000913003F0A0F810BD70B500280BD05A4CF7
:1032F000083401280ED002281ED056485449B43054
:1033000003F091F870BDFFF77DFF00210846FFF73D
:103310000BF970BD6068002501684D7000F045F83C
:103320000320F5F7B8FEFAF795FA4B486560007888
:10333000EEF7CEFF656070BDFFF764FF606800F0D8
:1033400034F800210846FFF7EFF80420F5F7A3FE54
:1033500070BD414908314968CA7E022A08D10A680D
:103360001378002B04D150600968CA6A1018C8622B
:103370007047394A10B50832526800290CD001292B
:1033800007D0022907D033483149D93003F04BF830
:1033900010BD801E00E0401F106210BD2E48083096
:1033A0004068002800D0012070470021C176817656
:1033B00001604162704710B50B46C17E847EA14218
:1033C00004D011461846FAF77AFF10BDFFF7EDFF5B
:1033D00010BD024610B50020002905D00846504314
:1033E000204902F01CFF401C10BD1B4810B50830DE
:1033F0004068C07E030003F007F9041515030B15A0
:1034000001F05EF900280CD00F2017A1800106E022
:10341000FEF7F0FD002804D0F12013A1800003F096
:1034200002F810BD10A11448F9E710B504460029B0
:1034300003D00020FFF77BFE03E007480078EEF79B
:1034400047FF2046FFF7B1FF0020F5F724FE10BD2F
:10345000F028010092060000AC00002010270000B8
:10346000E204000040420F007372635C6C6C5F6C9E
:103470006D2E73302E630000CB030000F8B5FEF70D
:10348000B0F90446FEF756FAF84E0546706920304A
:10349000407D002809D0012827D002282AD00328FF
:1034A00032D0FF20F2A19A3037E0F0481830FEF712
:1034B0001EFA002801D003200FE0EC481830FEF778
:1034C00049F9002804D070695B21095C002908D003
:1034D000E6481830FEF7D2F90120716920314875AD
:1034E0001DE002212030417519E0E0481830FEF758
:1034F000C5F914E0DD481830FEF72CF900280ED18C
:10350000FF20DBA18C3008E0D8481830FEF7EFF937
:10351000002804D1FF20D6A1943002F084FFB069C6
:10352000F72201781140017072692032937DDB0728
:103530001B0F1943FB2319400170D37DDB075B0F81
:1035400019430170577DEF23022F04D0012F07D0BC
:10355000032F07D00CE0012C06D8002D04D007E083
:103560006D1E2C43002C03D019401023194300E09A
:1035700019400170D17F002916D0517D012913D047
:10358000BF48FBF79DFFBE480021283001767269D5
:10359000916ED26E42610161B949B269FCF7A3FA3A
:1035A0000020FCF7AFFA03E0FBF78AFFFCF7CDFA47
:1035B000B0690078C00606D4F0690078C00602D46D
:1035C000F079002806D0B079002803D101210846FF
:1035D000FCF79BF8032030703079002803D1FBF70B
:1035E000BDFF01203071F8BD70B5A0481C30FEF75A
:1035F000B9F901259D4C002802D00020607002E03E
:1036000065709F48E061606940300078002802D012
:103610006078002805D0E069FBF752FFFCF795FAC7
:1036200070BD9748FBF74CFF9548283005766269D6
:10363000116F526F42610161914AE169FCF753FADF
:103640000120FCF75FFA70BD10B588490023486976
:1036500002462030C3768377012049239854A03254
:103660009279002A03D008700021022001E0002195
:103670000320FFF7FAFD10BD70B57C4C6079C206DF
:103680002046406901468031002A01DA002202E02A
:10369000CA8DCB8BD218CA850246C0321379002B53
:1036A00005D0034640331D8AC98B69181982617A97
:1036B000002903D03D2001F051F94AE003462033B0
:1036C000D97E042945D0217A002913D0480701D496
:1036D000C80601D51E2030E0080701D53D202CE0AA
:1036E000C80705D1880703D461A1664802F09BFE94
:1036F0002A2022E04030817D002905D0418A4D1CDE
:103700004582858AA9420FD2517A062902D0117AC0
:10371000062905D1018B4A1C0283828A914203D279
:10372000028AC1898A4201D3222006E09A7F8089D9
:10373000002A0AD088420FD3082001F00FF96069EF
:103740002030C07E042804D006E0062804D33E20A2
:10375000F3E7FFF779FF70BD0120207000210846D4
:10376000FFF783FD70BD10B5404840690146203128
:103770008A7F002A29D0012A27D0022A06D0032ACC
:1037800004D03BA1404802F04EFE10BDC97E032983
:103790000FD0082919D001464031CA898989511AA8
:1037A000891E89B2032900D303218030828B5118EE
:1037B00009E0014640318A89032A06D3028EC9896D
:1037C00080305118491C018310BD8030818BFAE78D
:1037D00000B5030002F018FF0604070B0F121217C2
:1037E00000290ED00FE0891E02290AD90BE0891F9B
:1037F000012906D907E0082903D004E00B390C2978
:1038000001D8012000BD002000BDFEB505461748C7
:103810001830FEF740F8002804D11B4814A1D13815
:1038200002F001FE114CA069FDF702FC0321A06922
:10383000FDF721FCA069EF220178114001702946B3
:10384000FDF740FC002601272B0002F0DDFE0E5C98
:103850005C085C2C6060255C4C5C603C375C60699B
:103860006521095C002911D0062111E0C400002067
:103870007372635C6C6C5F736C6176652E630000C1
:1038800090140020430200005C080000C030417921
:10389000A069FDF797FC3AE060698030417CA0693F
:1038A000FDF7D7FC33E06169A069B831FDF7ADFCE5
:1038B0006169A0698C31FDF7AEFC28E00621A069A2
:1038C000FDF7C5FC23E020690178A069FDF7A9FC9C
:1038D00020698188A069FDF7A6FC20694188A0695C
:1038E000FDF7A5FC13E00096019660696030007951
:1038F000002803D069460878384308706946A069F3
:10390000FDF7B1FC03E0F949F94802F08CFDFDF741
:10391000D4FF002804D1F648F449801D02F083FD4D
:103920000C2D06D0072D03D0606940304682877584
:10393000FEBD606940300683FEBDF0B5ED4CC82089
:1039400061698DB0405C04280AD0052835D15C201F
:10395000405C00282AD0012060314871022026E016
:1039600010226846D63101F030F86169102204A8AF
:10397000B03101F02AF8684601F0DFFB08AE8DCEC9
:10398000616984250E4678360DC66F5000250D6797
:103990004D67012540267554D74D88318DC5284681
:1039A0000822093002F0C1FB052000E00D20FFF7DE
:1039B0002CFF61690020C03108720DB0F0BDF8B570
:1039C000CC481830FDF767FF002848D0C94C207A52
:1039D000002844D16069C421095C002500290ED06B
:1039E0002030C17E0120FFF7F3FE002807D1606977
:1039F0002030C17E0420FFF7EBFE002806D060696E
:103A0000C921095C0126062907D00DE06069502113
:103A10000D526030457102204EE02030C17E0420FE
:103A2000FFF7D6FE002813D0616908462030C27E19
:103A3000921E130002F0E8FD166262621D6262626D
:103A400060621F6262622843626262626262466210
:103A500060695E21095CC90702D0C0304572F8BDBB
:103A60000C20FFF7D2FE60694030817F31438177BF
:103A7000F8BD072020E0FDF79AFF0028F8D0606924
:103A8000403005700B2017E0F9F741FA0C28EFD30E
:103A900060690821B830F9F73BFA002806D0606960
:103AA00004218C30F9F734FA002804D1C72093A1FF
:103AB000C00002F0B8FC0420FFF7A7FEF8BDFFF736
:103AC0003CFFF8BD00228A66CA66C6770A4678318E
:103AD000C8C9894878322838D26842632830C8C0BB
:103AE00008220D30091D02F020FB0620FFF78DFE95
:103AF000606940308575F8BD0920DDE700F036FFCC
:103B0000F8BD70B57B4C3B216069095C08292FD159
:103B10000146028EC0314B89521C9A4228D1227A2A
:103B2000002A25D10A8A83889A4207D14B8AC58800
:103B3000AB4203D18B8A0589AB4209D043884B85C0
:103B40008A854A8ACA858A8A0A860122E6210A5417
:103B500001221146FDF747FC00210420FFF785FBF9
:103B600060690021C92211542030C1760321817778
:103B700070BD70B55F4C60692030C07E172803D0DF
:103B80005EA1624802F04FFC616900220B4640339F
:103B9000DA7608469A75E030867D0B240125002EE2
:103BA00006D0837C002B14D1C4740275857410E098
:103BB0001E7F002E07D01A774C88FA235C520276BB
:103BC0000C23837505E04E88FA235E520276057752
:103BD00084752031CA7670BD70B5464CA0798007D7
:103BE00036D5207A002833D160692030C17E01208B
:103BF000FFF7EEFD00282BD1A0690126C078002533
:103C0000030002F001FD0E8585088537465F0A85B1
:103C1000168526625285032152E060692030C07EFD
:103C2000052804D0394835A1333802F0FCFB60691F
:103C30000CE060692030C07E092804D033482FA1F1
:103C40002D3802F0F0FB606956210D542030C57606
:103C500070BD60692030C07E0B2804D02B4827A19E
:103C6000263802F0E0FB60695B210E540C21203005
:103C7000C17670BD60692030C07E0F2804D0234813
:103C80001EA11F3802F0CFFB60695B210E5410218A
:103C9000EDE760692030C07E102804D01B4817A1D2
:103CA000183802F0C0FB12210AE060692030C07EA3
:103CB000102804D0154811A1123802F0B4FB1421C9
:103CC0006069D4E7FFF755FF70BD60690146C030F9
:103CD000027A062A04D14031897F890700D505720E
:103CE000417A0629F0D1457270BD0000703801009C
:103CF000CD070000C4000020B81400207372635C7C
:103D00006C6C5F736C6176652E6300004C0500007F
:103D1000FD49FE4802F087FBE6E710B5FC4C606900
:103D20002030C17E0020FFF753FD002803D1207A08
:103D3000012108432072207A002808D1E069FDF7AC
:103D4000EBF961699122505405202031C87610BDED
:103D500010B5EF4C60690146C0314A7A002A06D09E
:103D6000097A062903D0217A012211432172217A8E
:103D7000002928D14030807F800715D4E069FDF705
:103D80005AFA61694031C877E069FDF756FA61690E
:103D900040310884E069FDF755FA6169022240313B
:103DA0004884887F10438877606900220146C031CB
:103DB0000B7A062B00D10A724030837FDB0702D1D9
:103DC00006234B72028310BDF8B5D14C60692030D8
:103DD000C17E0020FFF7FCFC0125002807D16069A7
:103DE0004030007F002802D1207A28432072207AB8
:103DF000002830D160690026014640304682857532
:103E0000B031E069FDF7EFF96169E0698831FDF7EC
:103E1000F3F960690146E030827D0827002A06D068
:103E2000817C002913D1C774067585740FE04A8818
:103E3000F8204252FA31E069FDF7C8F96169E0699A
:103E4000FF310331FDF7CAF96069E03087756069B9
:103E50000F212030C176F8BD10B5AD4C606920301F
:103E6000C17E0020FFF7B4FC002803D1207A012195
:103E700008432072207A002812D1E069FDF769F921
:103E800000280ED0E069FDF75FF96169CA2250523F
:103E9000098E00F0D6FD002806D0282000F05EFD37
:103EA00010BDFFF73AFF10BDE069FDF74BF96169FE
:103EB000C0310873E069FDF740F96169C031C8811C
:103EC000E069FDF72BF96169C0310882E069FDF70F
:103ED0002AF96169C0314882E069FDF729F9616911
:103EE000D422505208202031C87610BDF8B5884C35
:103EF000A079C00776D0207A002873D1606920307D
:103F0000C17E0120FFF764FC002863D1E069002531
:103F1000C178022701260B0002F076FB0D1613086C
:103F2000415A5A445C575A192F545A00FDF74CF91C
:103F30006169C62250543B20475440314D828E75F2
:103F400048E000F093FD45E0FFF786FF42E060693E
:103F50002030C17E0020FFF73BFC002802D1207AF0
:103F600030432072207A002834D160690146403104
:103F70004D828E750B2120300FE0606901462030A4
:103F8000C27E0C2A02D0227A3A432272227A002A76
:103F900020D1C57740310E770D21C1761AE0FFF7A9
:103FA00013FF17E0606901462030C27E122A02D05A
:103FB000227A3A432272227A002A0BD140318D753F
:103FC0001721EAE7FFF7C4FE04E000F00DFD01E071
:103FD000FFF7A3FE62690023106F516F401C594127
:103FE00051671067F8BDF8B5494C05466069203047
:103FF0008079012801D1FBF7E9FA012D14D160691C
:104000004021095C002903D12030C07F002801D065
:10401000FBF79BFDFBF7BDFAFBF7B0FAFBF708FADD
:10402000FBF72DFAFBF746FA60790225C107012656
:10403000002901D180070ED560692030817F0029D9
:1040400002D0032902D006E0867700E085770021C0
:104050000120FFF70AF960692030817F012903D12F
:104060006179090700D58577607A002803D100F0CF
:1040700027FDFFF7A4FC207900250028606902D005
:104080008030058403E08030018C491C0184607914
:10409000C00705D06069AC210D544030858104E033
:1040A000616940318889401C8881E079002806D008
:1040B0006169A031087B022806D8401C087360693A
:1040C000A030007B022806D9606901468030058453
:1040D0004584A0310D7360692030C17E0020FFF758
:1040E00077FB002804D160692030C07E072855D1B5
:1040F00060690146C0310A7A062A4FD0497A0629FA
:104100004CD03E21095C05E0FC3C0100BA050000F2
:10411000C4000020022941D1A030007B00283DD1FD
:10412000FDF74FFB002839D0FDF704FC002835D0FF
:1041300061690A468032508B01282FD90846A03089
:10414000844646716038C7898389B81E834201DB83
:10415000012002E0F81A401E80B2138CA789BB42EE
:1041600001D3012302E0FB1A5B1C9BB2984200D9E9
:104170001846012801D163465D71C0310B78002BD0
:1041800010D0528C49888A4201D3012102E0891A59
:10419000491C89B2884205D9084603E061690120BB
:1041A000A0314D7161690A8E803110188883FFF744
:1041B000DAFAFFF761FAFEF756FF002809D06069C6
:1041C0000146FF3001300279002A02D14988C180BE
:1041D00006716069A0308571F8BD70B5F84C6069F2
:1041E0002030407D00283ED0022810D1FDF7C2FAD1
:1041F000002804D17120F349000102F014F962692A
:104200000023916ED06E491C58419166D06660695A
:10421000002520304575017D012904D10575A1795E
:1042200010221143A171C17C012915D1C574A07957
:1042300008210843A071FDF76AFB002804D1E5209E
:10424000E049C00002F0EFF860690023816EC26EA1
:10425000491C5A41C266816660692030817D01290E
:1042600002D0012181753FE585753DE570B5D44CDF
:104270000026E169012508788207920F0420012AAF
:1042800015D0022A13D0032A03D0217A01432172C8
:104290002AE560780028FBD1606920308574A17917
:1042A0002943A17122E0C6751EE5C5751CE5497854
:1042B000CA0624D06278002AEAD1C906C90E1B2991
:1042C00018D8617901436171FDF75FFB002804D1C3
:1042D0003B20BC49400102F0A6F860690023016F51
:1042E000426F491C5A41426701672030C17D012954
:1042F000DBD1D8E7207A102108432072F4E460690A
:10430000F3E77CB504460020C0436946888001A8D5
:10431000FCF7B2FD00287AD169468888FCF790FD49
:10432000002803D0A749A84802F07DF8009801466C
:10433000E030827C0025002A08D0657010212170B1
:10434000C17CA170017DE170857472E082799C4E20
:10435000002A13D065700720207008E07169E620FC
:104360008D8445540A22A01CE83101F0DEFE00983D
:10437000E03080790028F1D1A5705AE0827D002AD2
:1043800038D0827D130002F03FF90D2F2F2F2F2FF1
:104390002F2F2F112F2F24082F0065700C21217033
:1043A000017EA17071694988A18010E065700820C4
:1043B00020707069082240886080201DFA3101F069
:1043C000B4FEFF2100980331095AA181E0308575C0
:1043D0002FE065700B212170017EA1707169498801
:1043E000A180017FA171F2E7774876495D3002F044
:1043F0001AF81EE0C81DF9300279002A08D01122EF
:1044000065702270811C89886180057111E012E05D
:10441000027A002A0FD012226570FF312270033118
:1044200004E005720A8962804A89A280027A002A21
:10443000F7D101207CBD00207CBD614800780128B7
:1044400001D00C2070470020704770B55C4C0546C9
:104450002078002804D05C485A49933001F0E3FFEB
:1044600000202561A07201202070FFF7E6FF0028E0
:1044700004D0554853499E3001F0D5FF34E4F8B5D7
:104480004F4F3978012901D00C20F8BD0126A62113
:1044900078610E548030807CFDF752F900282FD0CF
:1044A00078698030807CFDF753FA002828D078693D
:1044B0008030807CFDF7E5F9002821D078698030D4
:1044C000807CFDF70AFA00281AD0FAF7E6FF78692F
:1044D00000258030408B002827D039481830FDF760
:1044E000DAF9002821D07869C421095C00291CD0A0
:1044F0002030C17E0120FFF76BF9002802D014E0C4
:104500001220F8BD78692030C17E0420FFF760F9E1
:1045100000280AD1786950210D526030457102207F
:10452000FFF773F97869A03045717869E621095C75
:10453000002903D1818CC288914200D8C188B981F9
:1045400001468031CA8B521E93B20A8CD21892B2A5
:104550000A8494460246A0321479002C02D04D847D
:10456000157102E04C8CE4184C8404464034A78951
:10457000FF18A7814C8B012C01D8641C4C83002BA5
:1045800000D015732030C07E0D4C04281ED0507909
:1045900000281DD0A1898C451AD2FDF712F90028F8
:1045A00016D060690146C0310A78002A10D08030E8
:1045B000408C498888420BD3A570E6700AE0000061
:1045C000C4000020FC3C010081080000A67001E04E
:1045D000A570E5706069A5210D543B21095C062991
:1045E00001D0072918D1CA21028E095A511A09B2DD
:1045F000002911DB01460522CC310A3001F095FD7E
:10460000012202216069FCF7EEFE6069C9210D54A8
:104610003B210D546030867160699E210A5A811CCD
:104620003030FCF71EFFA07800283DD16069C02122
:10463000095C002901D0803045840120FAF7A4FDEF
:1046400060691330FAF713FF60690F30FAF753FE11
:104650000120FAF71FFF61694020405C002803D168
:104660003F20405C00280DD00A467831C8C9F9487F
:104670007832D26842632830C8C008220D30091D44
:1046800001F053FDFAF701FF01210846FAF758FE41
:1046900060698030806AFAF716FFFEF7A5FF60694F
:1046A0004030007AFAF730FE6571E571A571257228
:1046B0006572257102202070FAF7FCFE0020F8BD1B
:1046C00010B5E54C2078022801D00C2010BDA07850
:1046D000002803D00020FFF786FC17E0FAF7DDFE84
:1046E00000F033F9606920308079012801D1FAF7B0
:1046F00076FFA07A002809D0012807D0022807D029
:10470000032805D0D549D64801F08DFE002010BD04
:10471000EEF77EFCFAE7D0498872704710B5CE4CB0
:104720002078032804D0CE48CC49293001F07BFE04
:10473000606901212030827C002A06D00022827428
:104740000175A27904231A43A271A2691378DB438D
:104750009B0707D1C37C002B04D1C174A07902212F
:104760000843A0711078C00606D4E0690078C0063E
:1047700002D4E07900280CD06078002809D1A07913
:10478000002806D1FEF75DFC002802D0207A002820
:1047900003D00120FFF727FC03E0FEF725FF00F020
:1047A000D4F8207801280DD0A07A00280AD001285A
:1047B00008D0022807D0032805D0A948A7496830A7
:1047C00001F031FE10BD0120FBF719F810BD10B546
:1047D000A14C606920308079012812D1FAF7F6FEE9
:1047E0006169881C3031FCF7C5FE002809D060697A
:1047F000C21D4388F93253812030007E107301209E
:10480000107210BD70B5944C05462078042804D071
:1048100093489249803001F006FE617910200143EF
:104820006171002D50D0FBF7A8F96178012508438C
:10483000002811D160694021095C00290CD0E16990
:104840004A78D20608D0097820300907C07DC90F00
:10485000814201D165724EE0E078002809D0E0691C
:104860004178C90605D10078C00602D4FFF7AFFF32
:1048700041E0FFF7ACFFE06900784007C10F6069D5
:104880002030807D814205D0FFF7A7FC60790821A8
:1048900008436071E06900780007C10F606920304B
:1048A000C07D814201D1FFF7E1FC6079284360714E
:1048B0000020E071A079000704D560692030C07E37
:1048C000032818D0207A14E0022001436171E079B6
:1048D000401CC0B2E07101280DD8606940300078FA
:1048E00000280CD05B484078C106C90E052906D2C5
:1048F000C006002803D00120FFF775FB01E0FEF79A
:10490000BDFD207801280DD0A07A00280AD001280A
:1049100009D0022806D0032805D051484F49E2307B
:1049200001F081FD9FE40120FAF769FF9BE410B5D7
:1049300049480078042804D049484849EA3001F041
:1049400072FD0120FFF74FFB10BD10B501210020C3
:10495000FAF7DBFE40490420087010BD3E494A22A8
:104960004969505404202031C876704710B53A4C3C
:10497000C8206169405C00281CD0062806D0203180
:10498000C97E0020FEF724FF002813D0606901468D
:10499000C0310A7A130001F037FE070D0D0D0D0D21
:1049A0000D050D004030807FC20704D0C043800752
:1049B00000D1087210BD0C20FEF727FF60690122AC
:1049C0004030817F1143817710BD10B5002A0AD095
:1049D000002306E0D41A6418203CE47FC4545B1C16
:1049E000DBB29342F6D310BD7CB51B4C606920301E
:1049F000C17E0020FEF7ECFE0125002802D1207ABE
:104A000028432072207A00281AD16946E069FCF711
:104A100022FC684600780022C107C90F6846017071
:104A20006069002902D06030057101E060300271D8
:104A30006069014640304282857509202031C87680
:104A40007CBD401A074900B2884201DC00280BDC1B
:104A50000120704790140020C4000020FC3C01009D
:104A6000F4090000FE7F00000020F2E710B5534C6F
:104A700060692030C17E0020FEF7AAFE0028207A5F
:104A800010D000280DD1E069FCF797FB6169CA22BC
:104A90005052098EFFF7D5FF002807D02820FFF7D6
:104AA0005DFF10BD01210843207210BD6169E069FE
:104AB000CC31FCF77AFB606906212030C17610BD4D
:104AC00010B500F04EF83D4C607940070BD5606999
:104AD0002030C17E0520FEF77BFE002803D0207A1F
:104AE000082108432072FFF701FA00F018F8FFF7D9
:104AF00073F8A079C0060FD5207A00280CD1606920
:104B00002030C17E0B0001F07FFD07070707070774
:104B1000070507000721C176FEF7F3FF10BD10B5AA
:104B200026488179490715D5017A002912D14069B3
:104B30003B21095C891E0B0001F066FD07050C0C8A
:104B40000C0D0C0F0C00002256210A54C030807945
:104B5000FFF704FF10BD012100E00221C0304172C7
:104B600010BD10B515488179090720D5017A0029B3
:104B70001DD1406902462032D47EA41E230001F0DC
:104B800043FD13160B1616161616161616161616BF
:104B90001616161616171600562211546030407954
:104BA000002801D0062000E01620FFF7D7FE10BD38
:104BB0004030C1768175D17610BD0000C400002060
:104BC00030B50346002002460DE09C5C2546303D92
:104BD0000A2D02D30020C04330BD0A256843303877
:104BE0002018521CD2B28A42EFD330BD70B50D46A8
:104BF000144608E00A2101F012FB2A193031203A4C
:104C0000641ED177E4B2002CF4D170BD10B500233E
:104C100010E0040A00020443A0B2CC5C4440200629
:104C2000000F60400407240C44402006C00C604084
:104C30005B1C9BB29342ECD310BD000010B572B662
:104C400000F0DCF800280BD0ECF72AFBF8F7EFFDBA
:104C500000F0A5FD6E490020C86288626D490860B9
:104C600062B6002010BDF3B5002501200007C06A20
:104C700081B0C0430006000E04D167480068401CA4
:104C800000D1012572B600F0B9F8002802D062B652
:104C90000820FEBDECF75AFAECF706FB5F4B604EBE
:104CA00000211A68CA40D2071FD00246CA40D20764
:104CB00018D14AB2002A07DA1407240F083CA408C6
:104CC000A400A419E46904E09408564FA400E41970
:104CD00024689207D20ED4402206920F012A04D0F3
:104CE000032A02D062B65048FEBD491C2029D8D301
:104CF0000198030001F088FC14212323232323239C
:104D000023230B0D0F11131F1517191B1D2E002424
:104D100016E0012414E0022412E0032410E004242D
:104D20000EE008240CE009240AE00A2408E00B2421
:104D300006E00C2404E0052402E0072400E0062439
:104D4000F06901210002000AC9070843F061002D43
:104D500004D009E062B601200003FEBD2C4D3348AB
:104D6000E862ECF7A1FAA8622A49314808603149A3
:104D700002980860ECF798FA214600F0F7FCF8F783
:104D80001AFD00F0FDFE00F073FD0198ECF756FAF5
:104D9000040062B603D0FFF751FF2046FEBD00209D
:104DA000FEBD10B5044600F029F8002800D001200F
:104DB0002070002010BD204908600020704710B509
:104DC0000C46102808D011280BD012280CD013281C
:104DD0000ED00120086010BD03CC083CFFF743FF54
:104DE0000AE0FFF72BFF07E02068FFF7DAFF03E098
:104DF0001149206808600020206010BD05480C495A
:104E00000068884201D101207047002070470000EF
:104E100000050040780000200010001000E100E0D4
:104E200000ED00E000E400E00110000000190000C7
:104E3000BEBAFECAE40000200400002010B52038ED
:104E40000C46030001F0E0FB33A6AAAEB2B8BCC02A
:104E5000C5E0DBE41B1F23272C31373C41474D5075
:104E600054585C606D71656974787C8084888C901E
:104E700094989C9FA2CACFE9F0F3D3D7F80020689A
:104E800000F0DDF8D6E0206800F0E1F8D2E020681C
:104E900000F0F5F8CEE0207840B200F0D7FAC9E093
:104EA000207840B200F0F5FAC4E02078616840B2A2
:104EB00000F008FBBEE0207840B200F018FBB9E03B
:104EC000207840B200F023FBB4E02078217940B292
:104ED00000F02EFBAEE02078616840B200F058FB95
:104EE000A8E000F064FBA5E0206800F068FBA1E00A
:104EF000207800F07DFB9DE02068F8F72CF899E021
:104F00002068F8F72CF895E021792068F8F72EF85A
:104F100090E0206800F0E6F98CE0206800F0E7F906
:104F200088E0207800F0E7F984E000F0F1F981E012
:104F3000207800F0F3F97DE0207800F005FA79E0C0
:104F4000206800F01EFA75E0206800F020FA71E099
:104F5000206800F022FA6DE0206800F023FA69E092
:104F6000206800F025FA65E0206800F027FA61E08B
:104F7000206800F028FA5DE00846ECF7FFF859E0F9
:104F8000EDF719FA56E0EDF746FA53E02068EDF731
:104F90004EFA4FE0206800F0E1F84BE0206800F0A6
:104FA000E9F847E0206800F0F0F843E02078A268D4
:104FB000616800F0F5F83DE0207800F006F939E08E
:104FC000207800F017F935E02078616800F027F9C3
:104FD00030E02078616800F03AF92BE02179207800
:104FE00000F016FC26E0206800F06BF822E0206854
:104FF000F8F70CFB1EE02068F8F7F0FA1AE007CC8F
:105000000C3C00F0FFFC15E0206800F052FD11E0C0
:1050100003CC083C00F07DFD0CE0206800F06EFF42
:1050200008E009E003E0FFE700F080FF02E020680D
:1050300000F0B8FF206010BD0120086010BD002105
:105040000170084670470146002008707047EFF372
:105050001081C907C90F72B60278012A01D0012256
:1050600000E0002201230370002900D162B6002A6B
:1050700001D000207047012040037047E7E7EFF3BD
:105080001081C907C90F72B600220270002900D131
:1050900062B600207047F2E710B52848FFF7CFFF4F
:1050A000002803D026A11D2001F0BDF92348401C93
:1050B000FFF7C5FF002803D021A1212001F0B3F99B
:1050C00010BDF1B5224D6F6801261C48FFF7BFFFE8
:1050D0001A4C002803D10026601CFFF7D0FF1D4AA0
:1050E0001D490120506000BF00BF00BF00BF00BFCE
:1050F00000230B604B60009B6B60106000BF00BF23
:1051000000BF00BF00BF0868002802D1486800281F
:10511000F9D048680028E4D1002E04D06F60601CEC
:10512000FFF795FF07E0601CFFF791FF0028D3D140
:105130000248FFF7A4FF0020F8BDC2E7E800002006
:105140007372635C736F635F6563622E630000005C
:1051500000E5004000E0004000E100405A495B4BA0
:105160000A685B499A42096801D18904890C016087
:10517000002070475449554B0A6855499A4201D15D
:105180008004800C4860002070474F494F4B0A68EC
:105190004F499A4201D18004800C886000207047FA
:1051A00030B5494B494D1C684A4BAC4202D01028DF
:1051B00002D203E00E2801D3184630BDC300444894
:1051C000181801614261002030BD3F493F4B0A6819
:1051D0004049491C9A4202D0042802D203E0022826
:1051E00001D3084670473C4A0121C0008018016085
:1051F000002070473449354B0A683649491C9A42A9
:1052000002D0042802D203E0022801D308467047E6
:10521000314A0121C000801841600020704770B5FC
:10522000294A2C4B14682D4E284D82005B1C921984
:10523000AC4203D0042803D2116006E0022801D357
:10524000184670BD8804800C1060002070BD70B5D9
:105250001D4A204B1468214E1C4D82005B1C921984
:10526000AC4203D0042803D2106806E0022801D320
:10527000184670BD10688004800C0860002070BD66
:1052800010B5134A164890600E200021C3009B18E9
:1052900019615961401C1028F8D300200F4A05E01D
:1052A000022803D383009B18196005E083009B1834
:1052B0001C68A404A40C1C60401C0428F0D310BD7E
:1052C000034907488860704778000020BEBAFECACC
:1052D00000F501400820000000F0014000F8014006
:1052E00000C0FFFF47490968016000207047454939
:1052F0000860002070470121434A002803D001289C
:1053000003D042487047916300E0D16300207047AA
:105310003F49012008603D48801C704704223D4BF6
:105320003B49002805D05A600869012210430861F2
:1053300008E008694008400008619A60324900208E
:10534000C03188600020704731490622002808D00B
:10535000012809D002280DD003280FD02B48401C6B
:1053600070470869904302E008699043801C086117
:105370000020704708699043001DF8E70869104352
:10538000F5E723494A6A02434A62002070472049F0
:105390004A6A82434A62002070471D49496A016097
:1053A000002070471A49CA690243CA610020704749
:1053B0001749CA698243CA61002070471449C96904
:1053C0000160002070471249024600204031002A47
:1053D00003D0012A01D0072070478A6370470D4926
:1053E0000420886008490020C03188600A480168AC
:1053F0008022090A0902114301600849012008605E
:1054000070470000000400404000004004200000FD
:10541000000500400003004000E400E000E100E07F
:105420008107C90E002808DA0007000F0838800835
:10543000814A80008018C06904E080087F4A8000AB
:1054400080180068C8400006800F704710B50446F9
:1054500000F0DBF8002813D02046FFF7E1FFC0B2D0
:1054600000F0E1F800280DD07549E2060B78D20E65
:1054700001209040002B08D04A681043486006E0A5
:10548000704810BD6F48401C10BD6F490860002077
:1054900010BD10B5044600F0B8F800280BD06849DC
:1054A000E2060B78D20E01209040002B05D04A680E
:1054B00082434A6004E0634810BD6349803108605C
:1054C000002010BD70B50D46044600F09EF800287F
:1054D0000BD05E480068E206D20E012191400840E0
:1054E00000D001202860002070BD564870BD10B566
:1054F000044600F08AF8002807D0E106C90E012012
:10550000884052490860002010BD4E4810BD10B5BB
:10551000044600F07AF8002808D0E106C90E012000
:1055200088404A4980310860002010BD454810BDC0
:1055300070B50D46044600F068F8002819D02846DA
:1055400000F071F8002816D0A007C10EFF228A4093
:10555000A807000E8840002C10DA2107090F08392F
:105560008B0835499B005B18D96991430143D96188
:105570000CE0344870BD3348401C70BDA3082F496F
:105580009B005B181968914301431960002070BDAE
:1055900070B50C46054600F038F8002805D02846BE
:1055A000FFF73EFF2070002070BD264870BDBFF39E
:1055B0004F8F21492648C860BFF34F8FFEE770B573
:1055C0001F4C05462178012000290ED1207072B6AB
:1055D00000F0F4F81C4E803631688143616000F0C1
:1055E000EDF8C043306062B600202870002070BD26
:1055F00013490A78002A06D0002804D1124A4868C4
:105600001060002008700020704710B50446202864
:1056100007DA00F0D3F80121A140084201D10120AE
:1056200010BD002010BD012803D0032801D00020A8
:10563000704701207047000000ED00E000E400E04A
:10564000EC0000200120000000E100E000E200E0AA
:105650000400FA05F8B50446800700250126002855
:1056600004DA5848C563C66302208443E00404D5C5
:105670005548C563C66380148443600003D553480E
:10568000456080058443E00504D55148C563C66381
:1056900080158443A00404D54E48C563C6634014F6
:1056A000844360042704C00FF90F884203D04AA145
:1056B000612000F0B8FEB80F0AD04C49CD634C48C9
:1056C000C563C563CE63C663C6630320800384439A
:1056D00020050AD5474FFD632F20EBF765FDFE63DC
:1056E0002F20EBF761FDF8148443FFF7C9FD424812
:1056F000044203D038A18D2000F095FEF8BDF0B52E
:1057000000210A46FF230446CC40E4072AD04CB2CD
:10571000E606F60E0125B540384E3560384E356048
:10572000002C11DA25072D0F083DAE08354DB600C7
:105730007719FD69A407E60E1C46B440A54314463C
:10574000B4402543FD610DE0A6082F4DB600761943
:105750003568A407E70E1C46BC40A5431446BC4070
:1057600025433560491C2029CDD3F0BD70B5274CA9
:105770000D462060FFF76EFF2068FFF7C0FF284648
:10578000ECF7EAFEFFF788FCF7F778FBFFF778FD08
:10579000FFF725FEECF766FD00F06AF870BD10B566
:1057A0001A4C2068FFF756FF2068FFF7A8FFFFF7A5
:1057B00067FDECF74BFF0020206010BD1348006828
:1057C00070470000C01F0040C0CF004000E501400E
:1057D000C08F0040C0DF00407372635C736F635F13
:1057E000636F6E6669672E6300000000C0EF0040C3
:1057F000C0FF0040C0BF0040FEFF0FFC80E100E0A2
:1058000080E200E000ED00E000E400E0F4000020B1
:1058100070B5002402460D4620462146002A1ED0BF
:10582000012A04D0022A04D0032A1ED103E0012059
:1058300002E0022013E003202B0000F0E5FE071633
:105840000507090B0D0F1600012108E0022106E0F3
:10585000032104E0042102E0052100E00621F8F71D
:1058600058F8002801D0204670BD0724FBE700004F
:10587000B348002101708170704770B5B14D0123AC
:105880006B60B14B1C68002CFCD0002407E00E6854
:1058900006601E68002EFCD0001D091D641C944289
:1058A000F5D30020686018680028FCD070BD70B582
:1058B000A34C0E466178884203D0A4A16F2000F06B
:1058C000B2FD0325330000F09FFE09520624245246
:1058D0005252524952002078022803D09BA17320D3
:1058E00000F0A1FD2570A078022802D0012804D084
:1058F00008E0A06800F0D2FB04E02046083007C8AA
:10590000FFF7BBFF0020A070F7F7A4FF0420207072
:1059100070BDF8F754F801466068F9F776FA064664
:105920002078022803D089A1872000F07CFD8B4AD3
:105930008B498C48964205D86269032A02D2521CD0
:10594000626102E0864207D84D71801BC8608449BD
:105950006078F8F7B4FC70BD032003E0A07800285D
:10596000FAD10220F7F77EFE00F0E1F870BD77A1D2
:10597000B12000F058FD70BD70B50546F8F71FF86E
:105980006F4C60602078012803D070A1B82000F02F
:105990004AFD73490220087000220A718D600422BA
:1059A0004A71704ACA6020706078F8F788FC70BD50
:1059B00010B5634CA078002802D12078002801D0CF
:1059C000112010BD6848F7F78BFF607060780028E1
:1059D00004D0012020700020606110BD032010BDA4
:1059E00010B50124020B64040121604BA04202D2D5
:1059F0009140186802E0203A58689140084000D071
:105A0000012010BDF8B50E46910005464F19144609
:105A10003F1F009100F053FB009980028919091F74
:105A2000B14201D2012200E00022002C03D0FF216C
:105A300001318C4201D90920F8BD4D498D4219D35D
:105A4000AF4217D3854205D2874203D2284630435E
:105A5000800701D01020F8BD8E420BD3002A09D157
:105A60002846FFF7BDFF002804D13846FFF7B8FFEE
:105A7000002801D00F20F8BD3E483F490068884209
:105A800005D0224631462846FFF7F7FE0FE0FFF724
:105A90008FFF0028EFD12A480121C660856004618C
:105AA00081702046302148431830FFF765FF002001
:105AB000F8BD10B504462E48800A84420BD300F08E
:105AC000FEFAA04201D8102010BDA0020446FFF744
:105AD00087FF002801D00F2010BD26482649006806
:105AE000884203D0204600F0D9FA0AE0FFF760FFB1
:105AF0000028F1D112480221846081701F48FFF70D
:105B00003BFF002010BD1A48010B01208840401EB9
:105B1000704700B50B460246FFF7F5FF104201D073
:105B20000F2000BD114802604360002000BD10B589
:105B3000034C6078F7F728FF00202070A07010BD9C
:105B4000F800002000E5014000E401407372635C4E
:105B5000736F635F666C6173682E6300307500005D
:105B6000E0140020D0FB0100AF5801000006004007
:105B70000080010078000020BEBAFECA3A5600003C
:105B8000F74805218170002101704170C17081606A
:105B9000704710B5F3490A78022A07D0CA6810186E
:105BA000C860C8689638F9F7E9F810BD8A68101817
:105BB00088608868F6E70378EB49EC4A002B02D04E
:105BC000012B10D014E00379002B01D0012B0FD151
:105BD0004379002B01D0012B0AD18368643B8B42AF
:105BE00006D2C06810E00379002B03D0012B01D04E
:105BF000002070474379002B01D0012BF8D1C368F6
:105C0000643B8B42F4D280689042F1D80120704707
:105C1000F8B504460226F8F740FD0068002803D0D6
:105C2000D3A1BD2000F0FFFB0127CD4D002C08D0F3
:105C30002078002817D0012805D0022811D0032889
:105C400013D02F710DE06068C82808D3F9F70BF95D
:105C5000002804D06068FFF79CFF012603E00026BF
:105C600001E000F0F9F93046F8BD28780028F8D1B5
:105C70006068FFF7A0FF0028E3D060680078002884
:105C800026D0A878042803D0B9A1F72000F0CBFBD8
:105C9000B44F0020387060680079012800D00020DF
:105CA000387160684079002837D0042078716068C6
:105CB0008168E868F8F71DF9B8606068C0689630D8
:105CC000F8600320A870A749E878F8F7F8FAC8E761
:105CD000A4480221017061680979012919D00021C5
:105CE000017161684979002915D004214171616809
:105CF0008968963181606168C968C160C068984CE4
:105D000014346060F7F75BFE20606F700220A870AB
:105D1000A7E70321E4E70321E8E70320C6E7F8B596
:105D20008F4C0D46E178884204D0FF2090A11930B5
:105D300000F079FB28468A4F00250126143703001E
:105D400000F062FC090612375A7C8D97C4A0C4008B
:105D5000A078032807D0A078022804D0FF2084A1CF
:105D60001D3000F060FBF8BDA078032807D0A078B4
:105D7000022804D0FF207EA1213000F054FB042033
:105D8000A07025712078002810D1FFF702FFE0787D
:105D9000F8F7D6F8E0607D49886A7D4A02402261C2
:105DA0007B4AD24310408862002050E000F054F952
:105DB000F8BDA078032807D0A078022804D0FF20DF
:105DC0006BA1423000F02FFB2078002802D000F0B9
:105DD0004FF9F8BDA07803281FD104202AE0091A42
:105DE0006048C1600146E078F8F769FAF8BD042020
:105DF000F7F738FCA570F8BDA078032807D0A07885
:105E0000022804D0FF205AA1633000F00CFB207858
:105E10000028DCD1A07803280BD0F7F7D0FD01468D
:105E20003868F8F7F2FF0028E1DB79688142DEDBB1
:105E3000D5E70520F7F716FCA670F8BDA078042872
:105E400004D0FF204AA1843000F0EDFA0220A168BE
:105E50008847FFF7DDFEFF260546BD3642E0A07805
:105E6000042804D0FF2042A1893000F0DCFA012090
:105E7000EDE7A078042899D0FF203DA18E3000F0F6
:105E8000D2FA93E7A07804280AD06078002802D0DC
:105E9000A078022804D0FF2035A1933000F0C3FA87
:105EA0002078002893D12079002804D00620F7F725
:105EB000D9FB2571C0E76078002805D02949E07832
:105EC000F8F7FDF96570F8BD0720B3E7FF2028A1BA
:105ED000AE3046E7002D0AD0012D06D024A1304671
:105EE00000F0A1FA022DF5D1F8BD042000E0032056
:105EF000A1688847FFF78CFE0546F3E770B50500FB
:105F000005D0174CA078052803D0112070BD1020B3
:105F100070BD2048F7F7E4FCE070E078002803D07B
:105F2000A5600020A07070BD032070BD10B50C48A6
:105F30000178002901D0112010BD817805292BD0CE
:105F4000817801292AD08178002927D00121017088
:105F50008178012922D0807800281FD020E000001D
:105F600010010020F01400203D860100FF1FA10752
:105F70007372635C736F635F726164696F5F74698E
:105F80006D65736C6F742E630000000000050040A7
:105F9000028100001F5D01000F2010BD00F068F8B5
:105FA000002010BDF8B5394E0446B078002801D065
:105FB00001280DD1002C0DD02046FFF7FCFD002854
:105FC0000AD02078324D002808D0B078012823D09C
:105FD0000F20F8BD1020F8BD0720F8BD02272F7054
:105FE0002079012814D0002028716079002811D070
:105FF00004206871A0689630A860E068E860E868EE
:10600000224C14346060F7F7DAFC2060B77019E0B6
:106010000320E9E70320ECE700202870207901281D
:1060200016D0002028716079002813D004206871F0
:10603000A168F068F7F75DFFA860E0689630E86057
:106040000320B0701249F078F8F739F90020F8BD54
:106050000320E7E70320EAE710B50E48816A0E4AFD
:1060600011400A4A126911438162F7F7F3FB10BD30
:1060700010B5064CE078F7F787FC0820F7F7F2FA3E
:106080000520A07000202070607010BD100100205D
:10609000F014002000050040FD7EFFFF0A4A0221A7
:1060A00051600A490B68002BFCD0906008680028FA
:1060B000FCD00020506008680028FCD07047012008
:1060C000000740697047000000E5014000E401401E
:1060D000034610B50B439B070FD1042A0DD308C804
:1060E00010C9121FA342F8D018BA21BA884201D9A8
:1060F000012010BD0020C04310BD002A03D0D307EB
:1061000003D0521C07E0002010BD03780C78401C1F
:10611000491C1B1B07D103780C78401C491C1B1B16
:1061200001D1921EF1D1184610BDF8B5042A2CD326
:10613000830712D00B78491C0370401C521E830742
:106140000BD00B78491C0370401C521E830704D0EF
:106150000B78491C0370401C521E8B079B0F05D007
:10616000C91ADF002023DE1B08C90AE0EBF72CF870
:10617000F8BD1D4608C9FD401C46B4402C4310C064
:10618000121F042AF5D2F308C91A521EF0D40B7854
:10619000491C0370401C521EEAD40B78491C037042
:1061A000401C012AE4D409780170F8BD01E004C064
:1061B000091F0429FBD28B0701D50280801CC90767
:1061C00000D00270704700290BD0C30702D00270C4
:1061D000401C491E022904D3830702D50280801C7B
:1061E000891EE3E70022EEE70022DFE70378C278AA
:1061F0001946437812061B0219438378C0781B04A2
:10620000194311430902090A000608437047020AAC
:1062100008704A70020C8A70020ECA707047002221
:1062200003098B4273D3030A8B4258D3030B8B426F
:106230003CD3030C8B4221D312E003460B437FD4A3
:10624000002243088B4274D303098B425FD3030AB5
:106250008B4244D3030B8B4228D3030C8B420DD3C8
:10626000FF22090212BA030C8B4202D31212090256
:1062700065D0030B8B4219D300E0090AC30B8B4294
:1062800001D3CB03C01A5241830B8B4201D38B0342
:10629000C01A5241430B8B4201D34B03C01A5241E7
:1062A000030B8B4201D30B03C01A5241C30A8B422A
:1062B00001D3CB02C01A5241830A8B4201D38B0215
:1062C000C01A5241430A8B4201D34B02C01A5241B9
:1062D000030A8B4201D30B02C01A5241CDD2C3092B
:1062E0008B4201D3CB01C01A524183098B4201D3A7
:1062F0008B01C01A524143098B4201D34B01C01A92
:10630000524103098B4201D30B01C01A5241C30809
:106310008B4201D3CB00C01A524183088B4201D378
:106320008B00C01A524143088B4201D34B00C01A64
:106330005241411A00D201465241104670475DE079
:10634000CA0F00D04942031000D3404253400022FC
:106350009C4603098B422DD3030A8B4212D3FC22A5
:10636000890112BA030A8B420CD3890192118B4224
:1063700008D3890192118B4204D389013AD092113A
:1063800000E08909C3098B4201D3CB01C01A5241F5
:1063900083098B4201D38B01C01A524143098B42BE
:1063A00001D34B01C01A524103098B4201D30B01A7
:1063B000C01A5241C3088B4201D3CB00C01A5241CC
:1063C00083088B4201D38B00C01A5241D9D24308B3
:1063D0008B4201D34B00C01A5241411A00D20146F0
:1063E000634652415B10104601D34042002B00D55A
:1063F0004942704763465B1000D3404201B500201C
:10640000C046C04602BD70477047704710B500F0E7
:106410003BF810BD012308CB134B1860134B1960D8
:10642000134B1A607047134A134B13607246053AB8
:10643000F0E7114A0F4B1B689A420ED10D4B00201A
:10644000186001980D4B04B598470CBC9E46024657
:10645000029800990A4B1B68184706980599094B42
:106460001B68DB6818470000340100203801002059
:106470003C0100202C010020EFBEADDEC9CD0000A4
:10648000E4000020040000201D481E497047FFF76B
:10649000FBFFEAF753FE00BD01200007C06AC0B24F
:1064A000FF2804D1184819490968884202D01848C1
:1064B00018490160184819490968884203D1184AE7
:1064C00013605B68184700BD20BFFDE71248134901
:1064D000096888420ED1134B18680B498842F3D0E3
:1064E00080F308881049884204DD104802680221C0
:1064F0000A4302600E4880470E4880470E48004716
:106500000015002000150020FFFFFFFF0010001005
:106510002C050040080000000010000000000020D2
:10652000040000200080010000200020240500401D
:10653000DFCD000099640100156401001348704527
:1065400002D1EFF3098101E0EFF308818869023895
:106550000078102814DB202810DB2B280BDB0C4ADA
:1065600012680C4B9A4203D1602804DB0A4A104798
:10657000022008607047094A10470000084A104787
:10658000084A12682C32126810470000FDFFFFFF16
:1065900078000020BEBAFECAAD1200003D4E0100D8
:1065A000BF4D0100040000200D4B0E4908470E4B63
:1065B0000C4908470D4B0B4908470D4B0949084743
:1065C0000C4B084908470C4B064908470B4B05493B
:1065D00008470B4B034908470A4B0249084700008C
:1065E00079250000192200009D2B00003F2A0000A1
:1065F000ED2900009F270000B912000013140000CD
:10660000012B00000F23000030B47446641E25786F
:10661000641CAB4200D21D46635D5B00E31830BCD6
:10662000184703B5684600784006400E401C884273
:1066300005D269460878401CC0B208700CBD684697
:106640000078000601D500200CBD80200CBD414023
:10665000802901D0002070470120704737B50878A5
:106660000C4669460978884206D020781146FFF723
:10667000D8FF207001203EBD00203EBD37B5044646
:106680000078154669460979FFF7E1FF002801D037
:1066900000203EBD20782946FFF7C3FF207001206F
:1066A0003EBD0FB568460179007881420AD0684640
:1066B000007922214006400E4843801818600120CE
:1066C00004B000BD0020FBE77FB5684601791C4699
:1066D00015460078FFF7BBFF002802D0002004B069
:1066E00070BD6846007822214006400E484340199C
:1066F00020600120F3E70000FFFFFFFF0000FFFF25
:106700000100030000000100000000000000000084
:1067100000000000000000008700000000000000F2
:10672000000000000000000000000001020304005F
:106730000D0E0F100000000033690000516B0000C7
:10674000196C0000736C0000C76C00002F6D000016
:106750008D690000456A0000D16D0000DF790000FE
:10676000100110013A0200001A02000004013C006E
:10677000230044000E0001020408102040805555FB
:1067800055D6BE898E0000007006120DB4130000AD
:1067900014035A06A00900006004F208840DF401F5
:1067A000FA00960064004B0032001E001400000046
:1067B000E067010008000020100000000411000044
:1067C000F0670100180000202801000004110000FB
:1067D0001869010040010020C013000020110000D2
:1067E0000249022208681042FCD0704700E200E033
:1067F0000000000000000000000000000000000099
:106800000000000000000000000000000000000088
:106810000000000000000000000000000000000078
:10682000000000000100010054000020FB349B5FC9
:106830008000008000100000000000000000000048
:106840000000000000000000000000000000000048
:106850000000000001000000000000000000000037
:106860000000000000000000000000000000000028
:106870000000000000000000000000000000000018
:106880000000000000000000000000000000000008
:1068900000000000000000000000000000000000F8
:1068A00000000000000000000000000000000000E8
:1068B00000000000000000000000000000000000D8
:1068C00000000000000000000000000000000000C8
:1068D00000000000000000000000000000000000B8
:1068E00000000000000000000000000000000000A8
:1068F0000000000000000000000000000000000098
:106900000000000000000000196401000000000009
:0869100000000000000000007F
:10800000004000204D570200895702008B570200A4
:108010000000000000000000000000000000000060
:108020000000000000000000000000008D5702006A
:1080300000000000000000008F570200915702006E
:108040009357020015E001000962020093570200F5
:108050009357020000000000555802009357020099
:1080600093570200796702003D5E020093570200B9
:108070009357020093570200935702009357020050
:108080009357020093570200935702009357020040
:1080900093570200715102000553020093570200EA
:1080A00093570200935702000000000000000000F8
:1080B00000000000000000000000000000000000C0
:1080C00010B5064C2378002B07D1054B002B02D0AE
:1080D000044800E000BF0123237010BDA02200204F
:1080E00000000000D46F0300084B10B5002B03D034
:1080F0000749084800E000BF07480368002B00D18B
:1081000010BD064B002BFBD09847F9E7000000009C
:10811000A4220020D46F0300782200200000000079
:10812000164B002B00D1144B9D46402292029A1A06
:10813000924600218B460F461348144A121A1CF02F
:1081400003FE0F4B002B00D098470E4B002B00D0A6
:1081500098470020002104000D000D48002802D09F
:108160000C4800E000BF16F013FB200029001CF0B3
:1081700082FB16F0F7FAC04600000800004000201D
:10818000000000000000000078220020082B0020E2
:10819000000000000000000010B50400034B416027
:1081A0000360080018F0A3FE200010BDC8550300AE
:1081B00070B50500082002F069FA041E05D0044BD2
:1081C00045600360280018F092FE200070BDC04694
:1081D000C85503001FB50C00416803A803F09EFDBD
:1081E000002362420193009303A9034805F068F855
:1081F00003A818F036FD1FBD0424002030B585B05B
:108200000C00416803A8150003F088FD00236242BA
:10821000009303A90195044805F052F803A818F04B
:1082200020FD05B030BDC0460424002030B585B027
:108230000D00416802A8140003F070FD02A903A814
:1082400018F01CFD00230193FF3B220003A90093BB
:1082500005482B0005F0F0F803A818F002FD02A86D
:1082600018F0FFFC05B030BD0424002010B50AB2A0
:10827000FF2301B2014803F069FD10BD78240020FE
:10828000F8B5FF2304000D0016009A420CDC002311
:108290009A4209DDFF339A4206D0094F380019F09F
:1082A000D5FB012807D133002AB2DBB221B2054841
:1082B00003F04CFDF8BD0121380019F0A9FBF2E7ED
:1082C000042400207824002010B50AB2002301B253
:1082D000014803F03BFD10BD7824002010B50AB220
:1082E00001B2024803F048FD10BDC04678240020CA
:1082F00010B5024819F0ACFB10BDC04604240020A4
:1083000010B50100014805F0C5F810BD0424002097
:1083100010B5024804F01AFF10BDC0460424002026
:1083200010B5C1B2014819F073FB10BD0424002040
:1083300010B5024819F08AFB10BDC0460424002085
:10834000030010B50448002B02D019F0C5FB01E072
:1083500019F0C7FB10BDC0460424002037B50C49F6
:1083600001A819F0C8FB01A803F0E8FC050001A86A
:1083700018F077FC082002F089F9041E02D02900C9
:10838000FFF70AFF280018F0BCFD20003EBDC046E4
:1083900004240020F8B504000E00082809D1E425C3
:1083A000134F6D0078590368DB699847022819DD7F
:1083B00003E00300093B012B06D932001023210002
:1083C0000D2002F00FFCF8BDE425094F6D0078592F
:1083D0000368DB6998470528EFDC785908210368B2
:1083E0009B6903E00421785903689B699847E4E797
:1083F0001423002070B5E424064D640006002859BB
:1084000018F04EFE285918F07AFE801B434258415E
:10841000C0B270BD14230020030010B50948012B21
:1084200002D0022B03D1084818F077FE05E00020A7
:10843000032B05D1054819F09CFE431E9841C0B29C
:1084400010BDC0467C240020A4240020CC240020A1
:10845000F7B5E422214B5200985818F021FE11F094
:1084600005FAE4221D4B5200040098580D0018F044
:108470001EFE11F0FBF9E422184B5200060098583A
:108480000F0018F01BFE11F0F1F92200009001918D
:108490002B002000290010F0C5FB32003B00040037
:1084A0000D003000390010F0BDFB02000B00200071
:1084B00029000FF067FC009A019B0D0004001900D1
:1084C000100010F0AFFB02000B00200029000FF09D
:1084D00059FC12F0E7FE11F093F9FEBD14230020C1
:1084E000030010B50020032B1BD818000EF056FA1D
:1084F00002091017E4230B4A5B00D05818F0D0FD96
:108500000FE0E423074A5B00D05818F0D0FD08E0E4
:10851000E423044A5B00D05818F0D0FD01E0FFF7D7
:1085200097FF10BD1423002010B5024819F0EFFA90
:1085300010BDC04604240020E62310B5024A5B00AB
:10854000D05804F05BFA10BD1423002010B5024887
:108550001AF011F810BDC046F424002010B5002810
:1085600008D001280DD1E423074A5B00D05803F05E
:10857000ABFF07E0E423044A5B00D05803F08EFF12
:1085800000E0002010BDC0461423002010B50328D1
:1085900018D8E623104A5B000EF000FA02060A0E15
:1085A000D05818F09AFE0AE0D05818F09DFE06E068
:1085B000D05818F0A0FE02E0D05818F051FE11F08B
:1085C00055F901E0002000210022044B0FF006FFC6
:1085D00000F0CEFA10BDC0461423002000408F40AA
:1085E000E62310B5024A5B00D05804F009F910BD2B
:1085F00014230020E423044A5B0010B50100D05886
:1086000002689269904710BD1423002013B504231B
:10861000C25E811D684603F023FB02236A4601A85F
:10862000084905F0F5FF01980223C15E043016F0F9
:1086300043FD040001A818F057FA684618F054FAF0
:10864000200016BD1823002013B50E4C200019F091
:1086500093FE021E05D101000B4816F02DFD04000B
:108660000EE00023210001A819F0C8FE01980223A2
:10867000C15E043016F020FD040001A818F034FAA1
:10868000200016BD182300208E6A030037B50D00A8
:108690000423C25E811D01A803F0E2FA094C01A97E
:1086A0000022200005F0E6FD01A818F01DFA2A00BE
:1086B000102301210C2002F095FA0021200005F082
:1086C00025FF37BD1823002007B500280DD004234F
:1086D000C25E811D01A803F0C3FA022201A903486A
:1086E00019F083FE01A818F0FFF907BD1823002038
:1086F00010B5002806D00100426808310223024864
:1087000005F094FE10BDC046182300200223F7B5E3
:10871000051E124F019305DC380019F02DFE0023D1
:10872000050001932900002000F0F4F80400260061
:10873000083602F095F831003800019B626805F0B8
:1087400007FF27000100854203D0300000F0E2F867
:108750000700200017F0A4FE3800FEBD18230020FB
:108760000C4B10B50C00984206D00B4B984207D129
:1087700019230B70183B0BE018230B70173B07E015
:1087800001F0FCF8031E03D00E23C356237001230F
:10879000180010BDE9030000EA030000F0B585B041
:1087A00002AB9E1D0F0031000192FFF7D9FF0C4C68
:1087B000002807D002ABDD1D29003800FFF7D0FFED
:1087C000002805D10199200005F0D4FC05B0F0BDCA
:1087D00000220021AA567156200006F01DF8F1E78C
:1087E0001823002010B50100014805F0C3FC10BD9E
:1087F0001823002010B5064C19221821200006F07D
:108800000BF8E1212000490205F0B4FC10BDC04680
:108810001823002010B50100014805F0E1FF10BD4C
:108820001823002010B50100014805F05FFD10BDC0
:1088300018230020034B000C84B00138186004B0EA
:108840007047C0460420002037B500250C4B30206F
:108850001D601CF028FA10230400009309490A4BFC
:108860002A0018F0BDF82100084804F0D7FFA842FC
:1088700005D0200018F0EEF820001CF010FA37BDEB
:10888000042000204D04000035880100E42300206E
:10889000074B10B51B680400002B01DAFFF7D4FF6B
:1088A000102322000021034802F09CF910BDC046AD
:1088B000042000204D040000044B10B51A681C0071
:1088C000002A01DAFFF7C0FF206810BD0420002055
:1088D00070B506000D1E02DA1CF076FA05000B4892
:1088E000002D12D0E81D01F0D1FE041E01D0084B6E
:1088F0000360A580002E04D0A01D2A0031001CF0CA
:1089000005FA002320006519AB7170BD8C56030079
:108910001057030070B506000D1E0B4813DD08004C
:10892000083001F0B3FE041E01D0084B03602000A4
:10893000656008302A00311E02D01CF0E7F901E022
:108940001CF002FA200070BD505603005C56030074
:10895000014B18607047C04608200020034B044AB2
:1089600058431368584010607047C046CB5725CA1B
:1089700008200020F7B5050001260F490B6801917A
:108980002C000020DF0FBC4661469F094F405F402E
:1089900019095A084F409B087B405340DB0713439B
:1089A0001A004000324010436408EBD18542E7D3FF
:1089B000019A1360FEBDC0460820002000487047A1
:1089C0008C560300F7B504000D0000280AD0154BA3
:1089D000002922D008009C4223D0124B20009D4247
:1089E00004D11EE0104C0029F7D12500A688AF88DD
:1089F0000020B919FFF76CFF030006330090A11D9A
:108A00003200180001931CF081F9019BA91D9819EF
:108A10003A001CF07BF9009803E0034D28009C42CB
:108A2000E4D1FEBD8C560300F8550300F0B57F225B
:108A3000040087B00591237819000939042903D966
:108A400019001140202901D10134F4E72B3B5A428F
:108A50005341E41823782D2B03D101340026314FE4
:108A600001E00026304F00230022039302930023ED
:108A7000009201932578002D30D02B00303B0493D9
:108A8000092B1ED8009801990022284B10F0CAF833
:108A900000900191049810F0E9FE009A019B0FF0FC
:108AA00071F901230393029B00900191002B13D0D5
:108AB0003000390000221D4B0FF090FC06000F0023
:108AC00008E0029B002B03D0039B002B06D125E07E
:108AD0002E2DF9D1012302930134CBE7009A019B9B
:108AE0003000390010F09EF8202306000F009D434F
:108AF000452D10D10599601C0A2215F04BFF0B493A
:108B0000020000200EF062F902000B003000390074
:108B100010F088F804E0059B1C6001E00020044987
:108B200007B0F0BD0000F0BF0000F03F000024409F
:108B30000000F87F70B50B0004000C48002A14DD1B
:108B4000A588002903DA6B18D943C9170B40E91A25
:108B5000914200DD11000548002906DD00209D42FC
:108B600001D90634E018FFF7B3FE70BD8C56030040
:108B700070B50A0005000C000600002902D1012092
:108B8000002D4CD0630026495B0D59181D2908D9CA
:108B90001E2931D1002E2FD1224B9A422CD12248AE
:108BA0003DE014290EDC002E26D120481B182000A1
:108BB000984021D18020E302000618431F23591A50
:108BC000C84010E01A481B182800984014D1802093
:108BD000E302000618431F235B1AD8403423591AB6
:108BE0002B00CB4018430123002A02DA4042984070
:108BF00000E04000184312D123002A002800210081
:108C000010F0DEFD03000E20002B08D1023801F029
:108C10003DFD002801D0074B03604560846070BDB6
:108C200001FCFFFF0000D0C1010000800DFCFFFF30
:108C3000EDFBFFFFA056030073B5063001A9FFF757
:108C4000F5FE04000E0000220023200031000EF08B
:108C500035F8002827D1012275006D085242144BC7
:108C60002000290010F0ACFD00281AD10122104B81
:108C70005242200029000EF03BF8002811D1802339
:108C800000225B032000290010F09AFD002808D183
:108C9000802300225B03200029000EF015F8002835
:108CA00001D00024034E31002000FFF761FF76BDA4
:108CB000FFFFEF7F0000F87F10B516F085FA040083
:108CC00006480E2C09D0E30703D5601016F0F8F91A
:108CD00003E0034801F0A0FEF7E710BD8C56030047
:108CE00071030000064B10B5984203D801234000E1
:108CF000184303E010F0FCFDFFF73AFF10BDC0463B
:108D0000FFFFFF3FF0B5002385B0150000220600ED
:108D10000C000DF0D9FF002805D02D232B708023E7
:108D20001B06E418013500220023300021000DF05D
:108D3000C5FF002804D030232B7000236B70BAE0ED
:108D40003000210012F0AEF910F05AFD5B4A070026
:108D50005B4B300021000DF0B7FF002807D1594AC6
:108D6000594B300021000DF0C3FF00281FD0002F09
:108D70000BDA7A42002055490EF028F802000B0069
:108D8000300021000FF04EFF0AE03A0000204F496A
:108D90000EF01CF802000B00300021000FF01EFB4B
:108DA0000123029706000C00002701931BE001231A
:108DB0000293FB1801930E2F15DD0E3F3A000020A1
:108DC000424903970EF002F802000B003000210028
:108DD0000FF004FB00223E4B0EF0D4FF0EF072F8B1
:108DE00006000F0015E00E220020D21B37490DF0BF
:108DF000EDFF02000B00300021000FF013FF344B99
:108E000000220EF0BFFF0EF05DF8002306000F00F9
:108E10000393019B002B04DD2E4A012394462E244C
:108E20001EE02E23302201996B70AB1C2A705D1A54
:108E30009D42F1D01A700133FAE7B94217D0361AC1
:108E40008F410132B942F8D92A703200691C3A4385
:108E500014D1019A9A420DDD0133102B0AD00D0076
:108E60006146DA008A1A906FD16F3022EAE7B04289
:108E7000E5D9E9E7039BCF18302305E0019A9A4230
:108E8000EAD1A91C6C70E7E78F4202D00B70013168
:108E9000FAE7029B012B0CD065233B70029B791CE7
:108EA000002B02DD2B23B91C7B70029802F0AEF878
:108EB00001E000233B7005B0F0BDC0468DEDB5A0CC
:108EC000F7C6B03E50EFE2D6E41A4B44000024400F
:108ED0000000E03F90540300012070B54042FFF7CE
:108EE00049FD04000D48FFF745FD0600200010F085
:108EF000FFFC00220A4B0FF095FE040030000D002D
:108F000010F0F6FC074A084B0FF068FA02000B005D
:108F1000200029000EF036FF70BDC046FFFFFF00A5
:108F20000000F03D0000E0DFFFFF6F43024B1B68D5
:108F3000588CC0007047C046D4220020184B70B532
:108F40001B6805000C00002B05D1164B164A19684A
:108F5000914210D15B685A6A002A0CD00023990014
:108F60005158A94203D101339B009B5816E00029B8
:108F700001D00233F3E716F084F9230000280DD066
:108F800000239A008258954203D101339B001B585D
:108F900004E0002A01D00233F3E72300180070BD7B
:108FA000D4220020604F03001042000070B505007D
:108FB0000C00160000290CDB8388994209DAA40012
:108FC0002C19E368002B09D00B21064817F0AAF9E9
:108FD00004E00A21034817F0A5F9F0E72800E6604D
:108FE00070BDC04686030000031E03D0024A9042B3
:108FF00000D10023180070478C5603001B4BF7B5B7
:109000001B680600DB6A1A1D01921A689B68551ED0
:10901000984204D3019AAB009B58984201D901278A
:109020001AE00123AB421CDC581940100199820060
:109030005258964218D001D9431CF3E7451EF1E778
:109040007C196410019AA3003100985816F042F878
:10905000002808D003DA671CAF42F1DD01E0651E8D
:10906000FAE7002000E02000FEBDC046D422002028
:10907000044B10B51B680131DB6A8900C95816F032
:1090800021F910BDD4220020044B10B51B6801311A
:10909000DB6A8900C95816F024F910BDD4220020DB
:1090A000014B18687047C046D022002010B504005C
:1090B00015F0FAFF002806D0201E1BD00123022045
:1090C0001C4217D108E00122236804209343DA7878
:1090D000F92A0FD198780DE00E2C0BD01800422CF5
:1090E00008D00A2C06D00420062C03D0024801F038
:1090F00093FC042010BDC0462103000010B50400FD
:109100000E2819D0002817D015F0CEFF002805D062
:10911000200000F017F810F0A9FB0FE02000FFF787
:10912000C5FF022802D16068A16807E0032803D1C7
:109130002000FFF781FDE2E70020014910BDC04695
:109140000000F87F70B54210C30752D4830704D5DE
:1091500080110200531E9A414BE0002842D0FFF7D5
:10916000CDFF012205004C0064080E005242224B44
:109170002800210010F024FB002833D101221E4BCF
:109180005242280021000DF0B3FD00282AD180238F
:1091900000225B032800210010F012FB002821D1DF
:1091A000802300225B03280021000DF08DFD0028A4
:1091B00018D12800310011F0C9FB00220F4B11F02B
:1091C0007DFE0022002304000D000DF07DFD00282F
:1091D0000AD0200029000022084B0EF0D3FD040025
:1091E0000D0001E0002204E0200029000DF04CFEFB
:1091F0000200100070BDC046FFFFEF7F0000F0418D
:1092000010B504000E2811D000280FD015F04CFF27
:10921000002805D02000FFF795FF0EF02DFD06E099
:109220002000FFF76BFF10F0EFFB00E0004810BDDF
:109230000000C07FF7B50E000190FFF75FFF04004C
:1092400030000D00FFF75AFF06000F0010F0B6FFC8
:1092500002000B00300039000DF030FD002809D06D
:109260003900300010F0CCFA2900020020000DF087
:10927000ADFD2BE000220023200029000DF038FD79
:1092800000280CD02000290011F084FE02000B0001
:10929000300039000FF0C6FC11F08EFD16E0002200
:1092A0000023200029000DF009FD00280AD000222B
:1092B0000023300039000DF007FD002809D0002000
:1092C000054903E02000290011F064FEFFF750FC7F
:1092D00000E00198FEBDC0460000F07F10B5FFF72A
:1092E0000DFF0022034B0EF04DFD10F067FFFFF75E
:1092F0003FFC10BD0000E03FF8B5040015F0D4FEBF
:1093000000280ED00A2C01D100252CE0002CFBD027
:109310000E2CF9D0062CF7D0013C25006C1EA5417F
:1093200021E02000FFF7C2FE032804D10F4B0125E6
:109330009C4218D1E8E70125022814D12000FFF74C
:10934000DDFE02000B0006000F0010F039FA0028C5
:10935000DAD100230022300039000DF0AFFC434287
:109360005841404205402800F8BDC0468C560300D5
:1093700070B590B00400FFF799FE03002000032BA6
:1093800056D0022B06D1E30718D56010694601F0CC
:109390003DFE31E02748052B4AD02748002C47D016
:1093A00026480A2C44D026480E2C41D02548422C71
:1093B0003ED02548062C3BD0244839E00E2C2BD03B
:1093C0002000FFF79BFE01224E0076080D0052425E
:1093D0001F4B3100040010F0F3F9002812D02200D6
:1093E0002B002000290010F0EBF9002814D16A4668
:1093F00020002900FFF786FC012168464942FFF75B
:1094000067FA15E00122124B5242200031000DF0A4
:1094100065FC0028E3D101E0094809E000230022AF
:10942000200029000DF050FC031E0A4800D10A4814
:1094300010B070BD6C570300E05603009456030053
:109440004057030034560300F8550300D05603007C
:10945000FFFFEF7F045603001456030010B504000D
:10946000FFF724FE042804D1002C0FD0A3070DD150
:1094700003E02000FFF77CFF08E0012322689A4305
:109480005369034A934201D02000984710BDC0465B
:109490005D94010010B5FFF709FE05280ED80DF008
:1094A0007DFA12030507090B08480DE008480BE098
:1094B000084809E0084807E0084805E0084801F0C6
:1094C000ABFA002000E0074810BDC0465C5703001F
:1094D000005703004C570300F056030040560300AA
:1094E000220300002456030010B5062805D0FFF71C
:1094F000DDFDF5239B00C01800E0024801F08CFA66
:1095000010BDC046DD03000070B501F0E3FA046948
:109510000500002C02D1044801F07EFA23682000E7
:109520002B6101F09FF870BD53030000F0B587B0C8
:10953000070001F0CFFA04690600002C05D13800BD
:10954000FFF78CFF0B4801F067FA220023683361B4
:1095500002AB019323CA23C3126820001A6001F0F2
:1095600081F8054B77611B6831009B6B0198984728
:1095700007B0F0BDE7030000D422002010B501F0D1
:10958000A9FA1223446943619C4202D1024801F0C6
:1095900043FA200010BDC0465303000010B503007D
:1095A0004118054C05488B4204D060431A780133BA
:1095B0005040F8E710BDC04693010001C59D1C81D5
:1095C00070B50400436800205900FFF781F90F26A9
:1095D0002200094D6168131B013299420ADDD179DD
:1095E0005B000911695CC3189971D1793140695CDC
:1095F000D971EFE770BDC046C465030010B50028FF
:1096000002D0024801F008FA10BDC0469F030000D6
:1096100010B5024801F000FA10BDC0469F030000DB
:1096200010B5024801F0F8F910BDC0469F030000D4
:1096300010B5024801F0F0F9002010BD9F030000B2
:1096400010B5024801F0E8F910BDC0469F030000C4
:1096500010B5024801F0E0F910BDC0469F030000BC
:1096600010B5024801F0D8F9002010BD9F0300009A
:1096700070B50B4C0E002368002B0AD11C201BF088
:1096800012FBDD230500074A9B00D15800F0F0FAD9
:109690002560B288B11D0023206800F083FB70BDF7
:1096A000C42200201423002010B514201BF0FBFA64
:1096B000E422DD21034B520089009A58595806F0E4
:1096C000BDF810BD1423002010B50C201BF0EBFAE0
:1096D000DD23034A9B00D15806F0E6FF10BDC046CB
:1096E0001423002010B558201BF0DDFADD230349B8
:1096F0009B00034AC95807F08DFC10BD14230020BD
:109700000C25002010B580201BF0CDFADD23034985
:109710009B00034AC95807F0A5FD10BD1423002083
:109720000424002010B510201BF0BDFADD230349EE
:109730009B00034AC95808F00DF810BD14230020FF
:10974000F424002010B51C201BF0ADFAE622DD2128
:10975000034B520089009A58595807F0BFFE10BDBC
:109760001423002070B5094C2368002B0DD11C2058
:109770001BF099FADD2105000548890041583C237A
:109780003D22280008F0F0F8256070BDC0220020BE
:109790001423002037B50400FFF7E4FF084BA11D98
:1097A0001D6801A80423E25E02F05AFA022201A910
:1097B000280019F01BFE01A817F096F937BDC04626
:1097C000C022002037B50400FFF7CCFF0E4BA11DCF
:1097D0001D6868460423E25E02F042FA02236A46EC
:1097E000290001A808F094F901980223C15E043011
:1097F00015F062FC040001A817F076F9684617F02E
:1098000073F920003EBDC046C022002010B5040000
:10981000FFF7A8FF210004480831022362680068AE
:1098200008F098FA10BDC046C022002070B5FFF7BE
:1098300099FF124D286819F0CFFD01000020FFF7B5
:1098400069F804002600083601F00AF83100022306
:109850006268286808F038FA011E02DA0021080060
:1098600004E063682500984203D03000FFF752F807
:109870000500200016F014FE280070BDC022002054
:1098800073B504000D00FFF76DFF0C4BA11D1E68A2
:1098900001A80423E25E02F0E3F901A900223000EE
:1098A00008F020F901A817F01FF996202A001023CC
:1098B0000121C00001F096F973BDC046C02200200E
:1098C000F0B5160085B00724072902DCCC43E41765
:1098D0000C400D4B811D1D570423C25E03A802F0EE
:1098E000BFF9C823094F5B002A0003A90093380081
:1098F000330019F0BBF803A817F0F6F82100380080
:1099000006F034FB05B0F0BDD56503003C26002011
:10991000436813B51400102B13D1072901DD07216B
:1099200002E0CB43DB171940064B02005B560100F7
:10993000C82040000190123208310094024819F00A
:109940009EF813BDD56503003C26002010B501002C
:10995000072801DD072102E0C343DB171940024855
:1099600006F004FB10BDC0463C26002010B502489E
:1099700019F043F810BDC0463C2600200300643BAC
:109980000020142B02D8024A9B0098587047C0460A
:1099900080570300014B98687047C046782200202A
:1099A00010B50C00FFF7EAFF002805D0FA22034BA0
:1099B000D200210004F01EFA10BDC046DC050000F4
:1099C00010B5FFF7DBFF014B186010BDCC22002063
:1099D00070B504000D1E03DD0B4B1B78002B04D16A
:1099E0000021200004F074F90CE001215B11994082
:1099F00004F06EF9290005480DF064F8010020001C
:109A000004F024FA70BDC0464822002040420F00F6
:109A100010B5002801DA002002E0FF2800DDFF2059
:109A20000B4B18700B4B1B78002B0FD0002188427A
:109A300002D0401101318140074B1868002805D041
:109A4000064B1B78002B01D104F042F910BDC04633
:109A5000482200202B2A0020CC2200202A2A002085
:109A6000014B18787047C0464822002070B5134C4F
:109A70000E002368002B01D1114B23600123114DEF
:109A80002B702368002B08D00F4A1278002A04D1CB
:109A9000010032001800FFF79BFF002E0DDD3000A3
:109AA00001F0B0FE2068002805D0074B1978002986
:109AB00001D104F00DF900232B7070BDCC220020E1
:109AC0000C2500202B2A00202A2A0020F7B50400AC
:109AD00008000E00170016F0A4FA02000500009717
:109AE000330008326100024803F0DEFC2800FEBDAE
:109AF000CC230020130007B50A00400000934B68F8
:109B000008320100014803F0DFFC0EBDCC23002029
:109B100037B5094C2368002B0CD11C201BF0C3F86F
:109B2000012305005B4200931622183315210BF028
:109B300061FD256020683EBDC8220020F7B5050004
:109B40000C00002805D1002929D1184800F064FF35
:109B500025E0002906D06B686268934202D0134862
:109B600000F05AFFFFF7D4FF06006B682A002700B9
:109B70000832E31800920193019B9F4214D033688E
:109B8000291E1B6801D0009A117830009847002CDC
:109B900000D03872009B013701330093ECE7FFF7E8
:109BA000B7FF63680600E1E7F7BDC0468D0300001C
:109BB000F0B5164C0700206885B00E00150000288F
:109BC00004D003689B689847002323603800FFF7A0
:109BD000D5FE0E23C356300003930E26FFF7CEFEAC
:109BE00086572800FFF7CAFE0E27C7571C201BF018
:109BF0005AF801235B42009332003B0003990500B1
:109C00000BF0F8FC256005B0F0BDC046C82200206E
:109C100001235840014B18707047C0462A2A002083
:109C200010B5024800F0F8FE10BDC0469F030000CA
:109C300010B5022000F012FC014800F0EDFE10BD4E
:109C400093030000014B18607047C046BC220020FF
:109C5000024B40001B6818187047C046D4220020F1
:109C600010B5024800F0D8FE10BDC0469F030000AA
:109C7000F0B506000024A9B00291316021000BABC1
:109C80001A1901345170102CFAD1012241481A706E
:109C90001A1B013C015D5174002CF9D19A7B597B50
:109CA00012020A434527311D039125211B7813AD6C
:109CB0002B7002ABFF18C9186A82380010221BF003
:109CC00025F8331D10226B611423FA7746222B836B
:109CD000012302A95218D3772B771DAB1C706D237B
:109CE0005B181C706E230C225B181EA821001C70D0
:109CF0006C83EC836C621BF027F8274B0C2221004D
:109D000023A8AB63EC631BF01FF8244B2100142243
:109D1000301DEB642C651BF017F82100059506AB90
:109D20001A1901345170102CFAD101221C481A70F2
:109D30001A1B013C015D5174002CF9D19A7B597BAF
:109D400012020A43252011211B780BAF3B7002AB96
:109D5000C9187A82C01810221AF0D8FF012302987D
:109D60003B7505ABBB61BC8308F0CCFC03683900D4
:109D70001B689847EB8B3068338308F0C3FC03689B
:109D80000094DC68318B1423039AA047300029B07B
:109D9000F0BDC046DF650300C9000300BB0003003F
:109DA000EF650300F0B5050085B000681C00039165
:109DB000019219F005FC836D9B0726D5002C01D07C
:109DC000134B00E0134B00271B785BB20293019BFF
:109DD0009F421ADADC1B132C00DD13242E00029B99
:109DE000220023432B71039B681DD9191AF08EFFA3
:109DF00001CE08F087FC036832005B69298B9C4622
:109E000014236646B0473F19E1E705B0F0BDC046F0
:109E1000DD650300DE650300030010B50420002BA0
:109E200011D058003F2B0EDD074A934205DC052078
:109E3000032158430CF046FE05E0581C034BFF304D
:109E4000984200D9024810BDFF010000FEFF00004B
:109E5000FFFF0000012370B50A6805009A431389CB
:109E60000E00042B02D00D4800F0D6FD3000002D6E
:109E700012D0A8000C3000F009FC041E01D0084BE1
:109E800003602000B368AAB2A580A36092000C30E2
:109E900000211AF059FF200070BDC0468503000064
:109EA000045803000B4B026970B505009A4203D0B9
:109EB000E220800000F0B0FD288800F0E7FB041EDF
:109EC00000D005602A88201D043A00211AF03CFFCA
:109ED000200070BD930103001C4BF7B505000E0078
:109EE000994232D8C488A14223D92000FFF794FFB9
:109EF0000700B04200DA3700B80001F077FDA30098
:109F000000900193002C03D01A0029681AF0FEFE7D
:109F10000099019B8C463A1B634418009200002173
:109F20001AF012FF286801F097FD009BEF802B606C
:109F30000AE08288914207D22B68521A8800920068
:109F4000181800211AF000FFAE80F7BDFFFF0000D7
:109F5000084B70B505000C001600994208D883889C
:109F6000994202D30131FFF7B7FF2B68A400E650F6
:109F700070BDC046FEFF0000C38870B505000C0030
:109F800016008B4206D8084B99420BD8013189B292
:109F900016F01DF92A68A3009E50AB889C4201D39D
:109FA0000134AC8070BDC046FEFF0000034B03606F
:109FB00000234360038143817047C046D4570300A8
:109FC000024B0360002343607047C04634580300CF
:109FD000044B03600023436003814381C360038219
:109FE0004382704764580300014B1B68186970472F
:109FF000D4220020014B1B6898697047D4220020AE
:10A00000014B1B68188C7047D4220020014B1B6841
:10A01000D86B7047D42200201B4B026870B5060035
:10A020009A4200D0FEE74368184D194A19682B6020
:10A03000914203D1174800F0EFFC23E0188C800018
:10A0400016F020FA2B68144C1A8C00219200206024
:10A050001AF07AFE23681C602C68104B22689A4222
:10A0600003D1B36822699A4200D0FEE716F09DFA48
:10A070002B6820001C6B002340301A001900A047F9
:10A0800016F085FA70BDC04610420000D4220020B0
:10A09000718E3B929F030000D0220020708E3B9275
:10A0A00010B50248FFF7B8FF10BDC046604F03006F
:10A0B00070B506000C2000F0E9FA041E05D0104B24
:10A0C00003600023436003814381300016F043F8AE
:10A0D0000C4B984211D13589002D0ED0200000F094
:10A0E000BFFB201D290016F09EF8AA007168606869
:10A0F0001AF00CFE200016F0D3F9200070BDC04607
:10A10000D45703006458030070B504000D0016F026
:10A1100022F80B4B984202D00A4800F07DFC29003F
:10A12000200016F0D8F8051E08DB2900201D16F0C7
:10A1300093F8200029000C3016F08EF8422070BDF4
:10A14000645803009B030000014B58887047C046C9
:10A1500078220020014B98687047C0467822002082
:10A1600010B50121014814F0A7FF10BDFF650300E1
:10A1700010B508210148FEF7CDFB10BD60000010AE
:10A18000024B1A68501C18607047C0460C20002013
:10A190000148C000C008704700400020074B1B6802
:10A1A000002B09D01A0008328242F8D85968521898
:10A1B0009042F4D2012000E018007047E022002015
:10A1C0000C4A536891680133536043680830C918DA
:10A1D0009160094AD91C0A40802109060A4302609D
:10A1E000064A9B08116841601060054AC318136055
:10A1F0007047C046E4220020FCFFFF7F10230020B0
:10A2000004230020084A1368002B01D0834205D99B
:10A210000360106007E0904203D313001A68002A1D
:10A22000F9D1026018607047E0220020032370B566
:10A23000046805009C43A30F002C03D10C4800F0D8
:10A24000EBFB04E0002B02D02501AD0903E0280060
:10A25000E36998470500002D04D0064B9D4204D9C0
:10A26000002C02DB044800F0D7FB280070BDC0467C
:10A2700051030000CA08000049030000104A70B5ED
:10A2800091880600013910688B00C3180D0010007A
:10A290006A1C0FD01C00043B5A68B24208D18D42A0
:10A2A00002D115F086FF09E015F083FF206005E07C
:10A2B000013DEDE7D220800000F0AEFB70BDC0464E
:10A2C000D822002010B518210148FEF723FB10BD4D
:10A2D000E422002010B5041F2368DB0702D50848DC
:10A2E00000F09AFB2000FFF759FF002802D1054833
:10A2F00000F092FB012322681343236010BDC04687
:10A300004F0300004A03000010B5040016F06CF87B
:10A31000002816D123680B4A134212D1DB78F92B9F
:10A320000FD12000FFF73AFF002802D1064800F0C5
:10A3300073FB01232268210013432360034816F0B6
:10A340005EF810BD030000404A030000082300200F
:10A35000F7B50E0000240190B44230D0019AA3005A
:10A36000D5580134280016F03FF80028F4D12B68A6
:10A37000134A1342F0D1DB78F92BEDD12800FFF717
:10A380000DFF002802D10F4800F046FB01232A6888
:10A390000D4F13432B602900380016F030F8BB88AE
:10A3A000642BD9D90C2001F021FB084A01991368CC
:10A3B00010600360A300CB18341B43608460F7BDBA
:10A3C000030000404A03000008230020FC22002074
:10A3D00070B5040016F008F8002836D123681B4A2F
:10A3E000134232D1DB78F92B2FD12000FFF7D6FEB4
:10A3F000002802D1164800F00FFB012223681A43FF
:10A400002260032293439B69002B01D020009847D0
:10A41000032410488388002B08D015F0CAFE036877
:10A42000A3439B69002BF4D09847F2E70A4B1868C6
:10A4300000280AD00268866845681A6001F00CFBA3
:10A4400031002800FFF784FFE3E770BD0300004000
:10A450004A03000008230020FC220020F0B5764CBF
:10A4600087B0237806009B0703D5D220800000F038
:10A47000D3FA0222237801251343237000246F4B63
:10A480001A689F880192A7420AD9019AA300D0585E
:10A49000284201D0A8430068FFF79AFF0134F2E791
:10A4A000300000F025FB664E3368002B11D0654B61
:10A4B0001B685C8DFFF7A4FD33680026051BA40014
:10A4C0001C19B54205D0B300E058FFF781FF0136F3
:10A4D000F7E700245C4B1D685C4B1E78A64205D94B
:10A4E000A300E858FFF774FF0134F7E70022584B48
:10A4F00058491A600B68019201330B60564B049265
:10A500001F6802920392002F61D03C007B680834E0
:10A510009B089A00A2180592049AD3180493059BED
:10A52000A34252D901222368134203D11A0F2500F6
:10A53000062A1BD10122934323602000FFF776FEF9
:10A54000850065192C00EAE7012213421CD11A0F7D
:10A55000062A19D08022D20513420BD02800FFF71B
:10A5600065FE059B80002D18AB420DD92B68002B92
:10A57000EADAF3E7DB78F92B02D0384800F04CFA3E
:10A58000280015F00AFEE9E7029B2E1BB6109B1966
:10A590000293019B9E4200DD0196B200FF21200044
:10A5A0001AF0D2FB8023B2001B0613432360012E56
:10A5B000C8DD00236360039B002B02D1244B1C6089
:10A5C00001E0039B5C600394BCE73F689BE7244881
:10A5D0000368002B14D0029B5C081D4B19683B00DC
:10A5E00000290DD00A6812019209D218944204D2AF
:10A5F000E31A9B00C918016002E049681300EFE705
:10A60000049A14499000019A029B92000A614A69D7
:10A610009B00CB60002A01D0934200D24B610A22FA
:10A620005343984201D315F0CFFE0221024A13781A
:10A630008B43137007B0F0BD2C2A0020D8220020D5
:10A64000D0220020D4220020002300202D2A002028
:10A6500010230020E4220020E02200204903000013
:10A660000423002070B5041F236805005B0F032B33
:10A6700002D0054800F0D0F9802322681B0613435E
:10A680002800236070BDC04649030000F0B5C31C1C
:10A690009B0885B00293404B984202DD162000F0E3
:10A6A000BBF93E4B3E4E5B68DB0569D133781B0737
:10A6B00066D1012233781343337000F00BFA00287F
:10A6C00005D04368002B02D1364800F0A5F90027D9
:10A6D0000022354B01921D680393002D40D0002FBE
:10A6E00003D1324B1B689D423CD8280015F07CFEFC
:10A6F000002802D02E4800F08FF92C68002C02DBD5
:10A700002C4800F089F9029B2401A409E41A6B6823
:10A7100023D40BD08020029AA10092000006AA1830
:10A7200001431160012C01D053601300019A002AEB
:10A7300001D0536001E0039A136000222A60934223
:10A7400022D0586890421FD015F04EFE00281BD032
:10A75000D420800000F060F916E001951D00BCE7F0
:10A76000002F03D10020FFF779FE07E0012F02D16F
:10A7700015F02AFE02E0152000F04EF90137A7E798
:10A780000D4800F049F994E70122280033789343FB
:10A79000337005B0F0BDC0462823000000ED00E096
:10A7A0002C2A00204E030000102300200423002048
:10A7B000510300004B03000092030000032310B577
:10A7C000C41C9C43201DFFF761FF044B07341C4051
:10A7D0008023DB051C4310C010BDC046FCFFFFBF3B
:10A7E0001A4B70B55B6806000D00DB0502D01848F7
:10A7F00000F012F900F06EF9164B04001D60164BC4
:10A80000751BAD101D701D0000280AD00C2015F01E
:10A8100039FE63680360A3684360E3688360E060B7
:10A820000DE0182015F02EFE0C4B12221B68426121
:10A8300003600023C3600361040000F053F90023A8
:10A84000A6602B702000636070BDC04600ED00E084
:10A8500092030000002300202D2A0020D022002097
:10A8600010B5040015F0C0FD002803D121000248F6
:10A8700015F0C5FD10BDC046D82200200023044AB3
:10A8800013609380D380034A13609380D380704712
:10A89000D8220020082300201FB50C00010003A8C7
:10A8A00001F03CFA002203A900921300019403482E
:10A8B00002F006FD03A816F0D4F91FBD0424002001
:10A8C00037B50C1E00DC0124124D002802D082880E
:10A8D000002A07D1280017F009F90520604300F08D
:10A8E00091FF15E0012A0DD0811D12B201A801F0DF
:10A8F000B7F9220001A9280002F03EFD01A816F0D8
:10A90000F3F805E0052281796243280002F0B6FCE5
:10A9100037BDC0460424002010B5024816F0C5F922
:10A9200010BDC046782400201FB50C00010003A80C
:10A9300001F0F4F9002322000193009303A90533E9
:10A94000034802F079FD03A816F08BF91FBDC0463D
:10A95000042400201FB5010002A801F0DFF902A9BC
:10A9600003A816F08BF9002203A9019200921300AC
:10A97000054802F0A5FC03A816F073F902A816F02A
:10A9800070F905B000BDC04604240020044B10B58A
:10A990001B681C6B00231A001900A04710BDC0469D
:10A9A000D42200201FB50090019102926946102226
:10A9B000084803931AF0AAF96B46588814F0EAFB8A
:10A9C000054B01001B6806981C6B00231A00A0476A
:10A9D0001FBDC04678220020D422002010B50400FC
:10A9E000034B0360403016F07FF8200010BDC046D6
:10A9F0009C580300064B10B51B780A00002B05D1AC
:10AA0000010004480233043003F010FD10BDC046BD
:10AA10002E2A00201423002010B5040003481AF049
:10AA200018F8200000F06CFB10BDC046E093040055
:10AA300010B5034800F018FCFDF78AFF10BDC046B2
:10AA4000FFFFFF7F10B5084800F0C2F9012000F0B9
:10AA5000BBFF064B984206D9012000F0B5FF044B1E
:10AA6000C01815F0E5FC10BD1423002004040000FC
:10AA700000FCFFFF10B5041E06D0FFF7F1FE034AED
:10AA80002100034815F004FF10BDC046CF080300A5
:10AA90006B05030010B5041E06D0FFF7E1FE034A64
:10AAA0002100034815F0F4FE10BDC0465F05030009
:10AAB0008DA90100054B10B51C68FEF737FA044B51
:10AAC000E4182018800A800210BDC046D42200205D
:10AAD000FF030000024B1B68181E00D0D86D7047A2
:10AAE00098260020014B1B68D865704798260020E7
:10AAF000F0B51A4B85B01A680193002A07D10120DE
:10AB000000F074FF0390039800F0A6FF23E000F02C
:10AB1000BBFC0400002C1ED0E36D1E1D002B04D1D5
:10AB2000A46DF7E7B668002EFAD0019B35681A6865
:10AB3000944203D0636CE16B5B1AED187768944222
:10AB400003D0636CE26B9B1AFF18BD42EAD201CDC1
:10AB5000FFF73EFCF9E705B0F0BDC046982600209F
:10AB600010B5064C200000F07BF8054A054920008E
:10AB70001AF08EF8044816F046F810BD1423002091
:10AB8000002000208DAB010078220020CA23144A47
:10AB90009B0010B5C2501C330400C01815F0A4FF70
:10ABA000D0239B00E01815F09FFF20009130FF306C
:10ABB00001F0A0FC20006930FF3001F09BFC200078
:10ABC000F03002F0A7F92000D03002F09FFE200004
:10ABD00064300AF0D5FC201DFFF700FF200010BDF7
:10ABE000385D0300F0B593B0059383B2039310234F
:10ABF00001930023184F8EB20492009332003B0061
:10AC0000039906A815F007FF144D06A9D0352800B2
:10AC100002F0B8FD06A815F01DFF30201AF043F829
:10AC20006B4604009B8A03990193049B32000093B6
:10AC30003B0015F0F0FE2100280002F0EFFD002897
:10AC400005D0200015F006FF20001AF028F804981F
:10AC5000FFF706FE13B0F0BDA5A9010014230020E4
:10AC60001423F0B5040093B0192200931821043086
:10AC700003F08AFA23002500260064331800B43557
:10AC800013211093B8360AF087FC280017F01BFC3C
:10AC900000221E21300016F04EFF2000D03002F0BE
:10ACA00055FE2300F033474A07211800119302F0A4
:10ACB00055F920000027012369301A00009711215F
:10ACC000FF3001F093FC2000913000970123022215
:10ACD0001A21FF3001F08AFC2000B9300222012144
:10ACE0000323FF3002F006FF300001F0E7F9E42310
:10ACF0005B00E050300001F0D5FCE6235B00E05043
:10AD00000100E42220005200D130119BA25800958E
:10AD1000FF3002F033F82000E13029000822FF3034
:10AD200003F03CFF782320000F93013B0E93033B7D
:10AD30000D93013B0C93013B0B93013B0A93013BA9
:10AD40000993013B0893013B0793013B0693013BA9
:10AD50000593013B0493013B0393013B0293013BA9
:10AD60000193F930013B652200936421013BFF30E0
:10AD700016F002FFCA239B00E018290005F0BAF87C
:10AD8000D3239B00E018092103F0DEF8DD239B00AC
:10AD9000E75010982770032119F076FC2300220059
:10ADA000200009499C33A0321C6011605760074A9B
:10ADB00080305A61022101220AF0FEFD200013B00A
:10ADC000F0BDC046A4580300D5060300C106030029
:10ADD0000123F0B505788DB007001D4000D0EFE0ED
:10ADE0000300D0331800039300F09AFB00F066FADA
:10ADF000302019F058FF0400103015F004FF200037
:10AE0000243015F07EFD6F4B65802380182019F0EB
:10AE10004AFF06006C4B80C60290102229003000C9
:10AE20000A930B9519F090FF08220AA9300019F037
:10AE30006DFF664B029AE56053611223A260A38006
:10AE40002562E5622100039802F0E8FC002805D0A5
:10AE5000200015F0FFFD200019F021FF01223B78B2
:10AE60005B4913433B703B00B4331800049317F065
:10AE700030FB002657490500049817F02AFB3400E0
:10AE80000590642000F0BEFC02963B006933FF335E
:10AE90001800069316F041F9002802D1002D0ED1BA
:10AEA0000AE038009130FF3016F037F90028F5D06D
:10AEB000029B182B03DDF1E7059B002B5AD03800CD
:10AEC000653021B2FF2332B2FF3000F03FFF322065
:10AED00000F098FC029B01340133E4B20293052C8C
:10AEE00002D100240136F6B2029B192B02D0002DAC
:10AEF00002D1CAE7002D03D03549049803F0E2FDE2
:10AF0000280019F0CCFE059819F0C9FE3249080056
:10AF100000F02CFDDD239B00FB580793002B20D174
:10AF200000F0B4F8010008A800F08AFE09A815F0A6
:10AF300046FCCA200123800009AA08A900933818FA
:10AF4000039B05F02BF809A815F0CEFD08A815F015
:10AF5000CBFDCC239B00FB580793DD23079A9B0076
:10AF6000FA50CA2339009B00069AF031F81805F010
:10AF700009FA8AE7DD241849A400080000F0F6FC6D
:10AF80003B59002B1CD100F081F8010008A800F00B
:10AF900057FE09A815F013FCCA239B00F818059B5F
:10AFA00009AA08A90093039B04F0F8FF09A815F06B
:10AFB0009BFD08A815F098FDCC239B00FB583B5146
:10AFC0000DB0F0BDFD0300004907030009070300B1
:10AFD00045660300506603000020002010B5041EE3
:10AFE0000DD019F0F1FE230001382018834208D259
:10AFF0001A7801780138197042700133F6E7024877
:10B0000000E0002010BDC04617FCFFFFF0B585B082
:10B0100001900C1E28D00027C217161A56407D1C1E
:10B02000631902933000013B0A2103930BF030FEB9
:10B03000CB17C9185940039B3031197030000A21D1
:10B040000BF040FD061E01D02F00E8E7019B002B0E
:10B0500003DA2D23029ABD1C1370002620006655CA
:10B06000FFF7BCFF300000E0014805B0F0BDC0466E
:10B0700017FCFFFFBFF34F8F024A034BDA60BFF3A9
:10B080004F8FFEE70400FA0500ED00E0F0B58DB04B
:10B0900005AF19221549380019F038FE0022144B6B
:10B0A00005245A7180225205566E01222500019412
:10B0B00002920393019930000BF000FD0800029901
:10B0C0000BF076FC019B03996B430193029B361AAC
:10B0D0006B430293631E2C1B6C433C19225C1C1EA9
:10B0E000CA54E7D108000DB0F0BDC0466066030049
:10B0F0002F2A0020014B18607047C0468C26002084
:10B10000F0B595B01822002106000EA819F01CFE1B
:10B1100013210EA819F019FC03210EA819F0ABFC9D
:10B1200001224A4B00921B68002B01D0DBB2009336
:10B130000123474A002109A80AF0AEFD454B9E4273
:10B1400000D9002672B6444B1022002105A81D68C4
:10B1500019F0FAFD414B64213000059305240BF0F2
:10B16000B1FC60435030281806900A2130000BF0E3
:10B17000A9FC0A210BF08CFD61435031691807913D
:10B1800030000A210BF084FD4C43210050316C1833
:10B19000802608940024B601009B002B3CD004AD0F
:10B1A0000027032C02D180260024B6016B682C4AAC
:10B1B000029363000133D318002201921021581E1C
:10B1C00000780141039119788C4660460299095C28
:10B1D0000398014204D0012090400199014301915C
:10B1E00001320633092AE9D1019B2A68D9431D4B54
:10B1F00009011940029B934203D1312F01DC002148
:10B2000000E0314309A819F003FDFA23139A0F99BE
:10B21000DB001068014201D1FFF72CFF013B002B3E
:10B22000F7D1FA23013401377600E4B25B009F4284
:10B23000B7D1043508ABAB42B2D1044B1B68002B2D
:10B24000AAD0009B013BDBB20093A5E78C2600202F
:10B25000F0FF0000E703000010200020AF660300AD
:10B2600079660300F01F0000F7B500281FDD0126F6
:10B27000104C421E2368019415000020DF0FBC46CD
:10B2800064469F0967405F401C09590867409B0856
:10B290007B404B40DB070B43190040003140084323
:10B2A0006D08EBD18242E7D3019A136000E00248B7
:10B2B000FEBDC0469026002017FCFFFFF8B5002316
:10B2C000144C236015F09CFA2500002808D00421B6
:10B2D000200015F091FA00281BD00F4B236018E0D6
:10B2E0000122A12704210D4B0D4E1A602368FF0097
:10B2F0000B4A7060944662465268084C002AFAD0A5
:10B30000E2591B02013913430029F1D12B600123BB
:10B310006360F8BD90260020ED5EBC0B00D00040BD
:10B32000FCD00040F0B585B01F000AAB1B880600BA
:10B33000029115000393002F1AD0302019F0B3FCAE
:10B340006B4604001989039BAAB200933B0015F0D9
:10B3500047FB336821005B6830009847002808D01D
:10B36000200015F077FB200019F099FC024800E05E
:10B37000024805B0F0BDC04616FCFFFF17FCFFFFFA
:10B380000B4B70B51C68002C11D0656D00F014FCDF
:10B39000A36C002903D1834201D92C00F3E72000DC
:10B3A00015F05FFA0349200015F04AFAF5E770BD81
:10B3B000B8260020C4260020F0B5040095B00793FD
:10B3C000230C0293294B04901C68294B05911E689D
:10B3D000069285B20027002E46D0002C30D0636D37
:10B3E00024480393A36C9AB21B0C99B2854216D1E0
:10B3F0002148824213D1002B04D0029B994201D0F4
:10B40000039CEAE7002F01D00127F9E7200015F09F
:10B4100028FA1A49200015F013FA0137F0E7002A3C
:10B4200001D09542ECD1002B02D0029B9942E7D18A
:10B43000200015F016FA1149200015F001FADFE797
:10B440000F4BEB18012B0FD91023029A0093290000
:10B450000C4B08A815F0C4FA336808A99B683000A3
:10B46000984708A815F0F6FA15B0F0BDB4260020EC
:10B47000C8260020FE030000FF030000C4260020B1
:10B4800002FCFFFFB9B30100014B18687047C046CA
:10B49000C026002010B572B60E4B1C68002C03D0DD
:10B4A000200015F0DEF908E062B6602019F0FBFB21
:10B4B00060220021040019F047FC0023064AE364DF
:10B4C000E263E36572B6054B1A681C60A26562B65A
:10B4D000200010BD9426002000400020C02600203F
:10B4E000094B10B51C68E36CDB070AD5FFF7D2FFE8
:10B4F000064B1860002804D0E36DC3650023E365A4
:10B500000400200010BDC04698260020BC26002064
:10B51000024B1878012318407047C046352A002096
:10B52000F7B50600FFF7F4FF051E33D11A4C26606D
:10B53000FFF7B0FF194B1A49186015F081F9FFF7B2
:10B54000A9FF184B1860184B4363184B836320689E
:10B5500000280ED0C027164E2A0033001549009748
:10B56000FFF7E0FE009733002A0013492068FFF739
:10B57000D9FE0C2019F097FB0023838083710F4BB9
:10B5800003600F4B836000F02FFB01210D4A1378FD
:10B590000B431370F7BDC046C82600209826002034
:10B5A000C4260020CC260020FC3F0020F708030022
:10B5B000B9B30100FF030000FE030000C4580300FC
:10B5C00081B30100352A0020F7B5134F04003B6812
:10B5D0000E00002B03D0FFF79BFF002801D10F487E
:10B5E00018E0FFF77DFF050033042343836415F063
:10B5F00038F90B49280015F023F90A4BE318012B01
:10B6000007D9C02300933200074B21003868FFF7A9
:10B6100089FE0020FEBDC046C826002016FCFFFFA4
:10B62000B426002002FCFFFFB9B30100F7B5060005
:10B630000D0017000193002801D1002015E000291A
:10B64000FBD0FFF727FF041EF7D0084B019A436396
:10B65000066045608760064B002A00D0054B20003D
:10B66000A363054915F0ECF82000FEBDFC3F002067
:10B67000C1080300DF080300C4260020F8B5050058
:10B68000EFF30884C36B006C1C1B6B6C1B1A9C4291
:10B6900010D91F23084F20343E689C433D6000288A
:10B6A00001D000F0D9F9200000F0A0F9286420189A
:10B6B00068643E60F8BDC04698260020024B1868BA
:10B6C000434258417047C046C4260020002310B5AD
:10B6D00004499C006258002A01D00133F9E7605008
:10B6E000100010BD9C260020002310B5044A9900CC
:10B6F0008C58844201D00133F9E70020885010BDF6
:10B700009C26002010B50024074BE058002802D0EA
:10B7100003685B6898470434182CF5D1034B1B6809
:10B72000002B00D120BF10BD9C260020C426002085
:10B73000F8B5FFF7EDFE002856D02C4E34683500E2
:10B74000E36CDA0718D502273B43E364284B1D68F6
:10B750000423EA6C28001343EB64636BEB63FFF78D
:10B760008DFF2800696C06F068FE3068C36C3B42B0
:10B770003AD006F09CFE37E01E4F1F4E3A68002A72
:10B7800001D1326808E0216DB94205D1616D00290F
:10B7900000D11100296000E02A602A6831688A42DD
:10B7A00008D11B0706D52C60FFF7ACFF3B68002BC8
:10B7B000FAD02B6029688C4216D03368994204D1A4
:10B7C0000E4B4B630E4B8B6305E09C4203D1002272
:10B7D0004B6C100006E02000FFF750FF20002968A6
:10B7E000626C4B6C06F0E8FDF8BDC0469826002060
:10B7F000BC260020C4260020CC260020FC3F0020D0
:10B80000F708030070B50500FFF782FE002803D19A
:10B81000280019F029F90FE0FFF762FE040000F09C
:10B82000CBF92818A064200015F01BF8034920006C
:10B8300015F006F8FFF77CFF70BDC046B826002063
:10B84000F8B5FFF765FE002831D00026184D2868AE
:10B8500015F007F8174C2368002B02D001365B6DFA
:10B86000FAE7032E0ADD2768013E7B6D386C236002
:10B8700000F0F2F8380000F0EFF8F2E72100286855
:10B8800014F0DEFF72B60C492A680B68934206D1A9
:10B890009B6D0B6008E0996D8A4203D00B00002B72
:10B8A000F9D101E0926D9A6562B6FFF741FFF8BDEC
:10B8B0009826002094260020C0260020F7B5070017
:10B8C0000D00002830D0FFF723FE00282ED0194E9F
:10B8D0003068C36C5B0703D1C36D0193002B06D0A6
:10B8E000154A2900380014F0D3FF00241FE0022479
:10B8F00006F0C5FD3268D36C1C4003D003218B4396
:10B90000D364F2E701210B43D3642800B8473368BE
:10B910000120DA6CDC6511008143D964530706D538
:10B92000280014F0D4FF02E0044C00E0044C200096
:10B93000FEBDC04698260020CF08030017FCFFFF7D
:10B9400016FCFFFF020010B5014B12CB12C210BD56
:10B95000D0260020034A044B12681A607E225A60E7
:10B960007047C04610200020D026002070B5124E2F
:10B9700005003278022A1AD081421AD90C1A072CF3
:10B9800017D9080003232843034012D172B60B488D
:10B99000D2001550821851608022A4081206144368
:10B9A0002C6032780132327062B6180002E004482E
:10B9B00000E0044870BDC046362A0020D82600208A
:10B9C00013FCFFFF17FCFFFF064B1A78002382428F
:10B9D00005D9054AC00013185B6880581B1A180067
:10B9E0007047C046362A0020D826002070B5051EB4
:10B9F00024D0134A134E13781400002B0CD1124993
:10BA000012483370FFF7B2FF114B984202D11E204B
:10BA1000FFF776FB01232370002433789C4209DA78
:10BA20000C49E300C918280014F06FFF002805D165
:10BA30000134F2E71420FFF763FB002070BDC0461D
:10BA4000372A0020362A0020003B0020082B002047
:10BA500017FCFFFFD826002070B500281FD0104B20
:10BA600010491C780023A34216DADA005558A84280
:10BA700010D98A18526890420CD2041F2368002BF8
:10BA800002DC1E20FFF73CFB802322681B061343C9
:10BA9000236004E00133E6E71E20FFF731FB70BDB1
:10BAA000362A0020D826002070B5051E15DD0C4B67
:10BAB0000C4E1A681C00002A02D0306818F05FFE95
:10BAC000FA21256000243068074B89008361C46235
:10BAD000694318F05CFE200000E0044870BDC046D9
:10BAE00018270020E826002095BB010017FCFFFF67
:10BAF000F8B5114F06003D68002D0AD1302019F02D
:10BB0000D2F8040009F0F4FD0C4BA5612360E56256
:10BB10003C600B4D2B68002B09D1102019F0C3F8A5
:10BB2000040018F081FE20002C6018F057FE300051
:10BB3000FFF7BAFFF8BDC046E82600200C610300FD
:10BB400014270020014B18687047C04618270020B2
:10BB500070B50D4C2368002B03D00C4B1B68002BD9
:10BB600002D10620FFF7C4FF206818F04EFE020045
:10BB70000749C3170D684E685219734120680A605F
:10BB80004B6018F048FE70BD14270020E826002006
:10BB90008822002010B5FFF7DBFF0024054BE0589A
:10BBA000002802D003681B6898470434282CF5D17C
:10BBB00010BDC046EC26002010B5FFF7C9FFFA22E1
:10BBC000034B92001868596800230BF0DFF810BD92
:10BBD0008822002010B5FFF7BBFF024B1868596898
:10BBE00010BDC046882200200B4B10B51B68040016
:10BBF000002B03D0094B1B68002B02D10620FFF756
:10BC000077FF0023064A99008858002801D00133A5
:10BC1000F9E78C5010BDC04614270020E82600200C
:10BC2000EC260020002310B5044A99008C58844269
:10BC300001D00133F9E70020885010BDEC26002028
:10BC400010B50400002902D00B78002B02D1034B61
:10BC5000236001E014F04FFF200010BDD458030012
:10BC6000F8B505000E00140000290AD00B78002B4F
:10BC700007D0002A05D0080097B219F0A5F887422E
:10BC800002D90B4B2B6010E0601DFFF7AFFE286060
:10BC900015F026F92868220047803100043019F099
:10BCA00035F82B681C19002323712800F8BDC04605
:10BCB000D4580300014B03607047C046D4580300BA
:10BCC00010B50548054C206015F011F9044A0549E6
:10BCD000200018F0DDFF10BDD45803001C27002001
:10BCE00000200020E90A0300084B73B51C6805001A
:10BCF000002C0AD00100266808310822684619F095
:10BD000005F80CCD31682000884773BD202700203E
:10BD1000014B03607047C046DC58030010B50400B7
:10BD2000002902D1044B036003E00160080015F014
:10BD3000DEF8200010BDC046DC5803000300024AB4
:10BD400000681A607047C046DC58030030B50468CC
:10BD50006088814206DAA588AA4203DA002901DB5D
:10BD6000002A01DA034804E0424360188018837116
:10BD7000002030BD17FCFFFF10B5006843889942D2
:10BD800006DA8488A24203DA002901DB002A01DAFC
:10BD9000034803E05A4343189B18987910BDC046E6
:10BDA00017FCFFFFF0B5070085B00E001D0000294D
:10BDB00021DD002A1FDD002B1DD00468638803935A
:10BDC0008B4200DD0391A3880293934200DD02922F
:10BDD000002306340193019B029A93420DDA290055
:10BDE0002000039A18F092FF3B68AD195B88E418B5
:10BDF000019B0133EEE7024800E0002005B0F0BDF2
:10BE000017FCFFFFF8B504000D0016001F00002905
:10BE100001DB002A02DA0D4B236016E010004843D4
:10BE20000630FFF7E3FD206015F05AF823685D80C7
:10BE30009E80002F06D03B00320029002000FFF733
:10BE4000B1FF02E0200014F030FFF8BDDC58030021
:10BE5000F7B505000C1E05D000200F00060001906C
:10BE6000010015E0224B03603FE03022524294462D
:10BE70009C446246092A14D90A2B0DD1019B36181D
:10BE800001330193B14200DA31000020060001378E
:10BE90003B78002BE9D106E00028F8D001360020DD
:10BEA000F5E70120F3E76A46928809B212B228004A
:10BEB000FFF7A8FF2B680A26991D01235B42207813
:10BEC000002812D00200303A092A06D8DA43D217E5
:10BED000134073431B18303B05E0002B03DB0B7052
:10BEE000012301315B420134E9E72800FEBDC04671
:10BEF000DC580300F0B5040087B004A815001E004C
:10BF00000F00FFF71FFD23685A88954208DA9B88C7
:10BF1000B34205DD1F2F03D9059B00939F4201DD2E
:10BF200018482DE0052300217B430093049B0193D7
:10BF3000009B019ACB18A03BD35C0022029373189C
:10BF40009C465319276803937888834202DABB889A
:10BF50009C4507DB0132052AF3D101310529E7D1E0
:10BF600000200DE0634658435319FB181027174172
:10BF70001B1802980740781E87417F429F71E9E7AE
:10BF800007B0F0BD17FCFFFFF7B5036806009C1D66
:10BF90005B880D005A1A0192002918DD002799428A
:10BFA00002DB14F082FE14E033689B889F4210DAB3
:10BFB0006119019A200018F0A9FE019B2900E018E0
:10BFC00014F056FE336801375B88E418ECE702484A
:10BFD00000E00020FEBDC04617FCFFFF10B505487D
:10BFE000054C206014F083FF044A0549200018F036
:10BFF0004FFE10BDDC580300242700200020002045
:10C00000630C030010B5054C0121200014F05FFF04
:10C01000034A0449200018F03BFE10BD28270020E9
:10C02000002000208D0E03000388074A10B5012070
:10C03000934208D0834202D00020DB0703D41E20A5
:10C04000FFF75EF8002010BDFFFF000000487047BA
:10C0500016FCFFFF10B53220FFF752F8004810BD64
:10C0600016FCFFFF8280142210B5134C02810834A5
:10C070000200002304604162040002213032837117
:10C080008172C360036143618361C36103623634BB
:10C09000137053704386838622788A43F1310A40B5
:10C0A0002270020040321370021DD3870133438790
:10C0B0008387C38710BDC046FC580300F0B5544FBA
:10C0C00097B03B6806000593002B00D094E006ACC7
:10C0D0000B331C228221200001F044FD0EAD0B2306
:10C0E0001D2283210AA801F03DFD0B231B22842180
:10C0F000280001F037FD082018F0D5FD0122059B2E
:10C100001100049017F0E0F93A21300016F090FA8F
:10C1100000281CD0A38812ADAB80A3795C20AB7142
:10C120003C4B1293A3681493237B2B73637B6B7339
:10C13000A37BAB7318F0B7FD052301933533009350
:10C140002A00049B3100040003F0C4F853E03221BC
:10C15000300016F09BFA00281CD0A38812ADAB80EB
:10C16000A3795C20AB712B4B1293A3681493237BB0
:10C170002B73637B6B73A37BAB7318F094FD052368
:10C1800001932D3300932A00049B3100040003F037
:10C190003FFA30E03C21300016F033FA002822D07C
:10C1A000AB8812ACA380AB79A420A371194B129376
:10C1B000AB6814932B7B23736B7B6373AB7BA37391
:10C1C00018F071FD062305000293013B01933733FC
:10C1D00000932200049B310002F098FF0E4B3D605B
:10C1E00044351D6008E0442018F05DFD05220499E7
:10C1F0000400FFF737FF3C60074B054C1868002828
:10C2000002D0216815F009F8206817B0F0BDC046CB
:10C210002C270020EC58030030270020F0B560499F
:10C22000C56885B08D4206DA030036331A780223DA
:10C2300013400BD117E0C82200235200954212DDB3
:10C24000030036331A78002392070CD4012306002A
:10C250001F00363632785408A7433C0002279C4022
:10C26000BA432243327004698C4205DA0200363246
:10C270001278520709D415E0C8225200944211DD09
:10C2800002003632127852070CD4060001223636EC
:10C2900033789F08BA439700042293431A0001237E
:10C2A0003A433270426901920200019E40328E424E
:10C2B00005DA01003631097809070AD415E0C821EA
:10C2C000019E49008E4210DD0100363109780907D0
:10C2D0000BD40600012136363378DF08B94308272E
:10C2E000C900BB430B43337001E0002B18D0137817
:10C2F000032B15D80133DBB21370012B03D10021BE
:10C30000031DD9870CE0042B0AD10200012136322B
:10C31000137804300B4313700023C3870B333CE0C6
:10C3200013780293002B1BD006000127011DCB8F31
:10C33000363601339BB2CB8703963678BC463740FE
:10C3400008D01D2B0CD963469E43039B1E7000230F
:10C35000CB8704E0092B03D9029BCF87013B1370E5
:10C3600014F007FE0F4A0723904216D90E49043BEA
:10C370008D4212DBC8220133920095420DDC023B54
:10C380008C420ADB013B944207DC0198043388426B
:10C3900003DB0133904200DC0023180005B0F0BD40
:10C3A00070FEFFFFFF700200E0FCFFFFF0B504002D
:10C3B00089B0C0680DF05AFA0090019120690DF023
:10C3C00055FA0690079160690DF050FA020002904C
:10C3D000802000060B180391009801990EF004FCD0
:10C3E0000DF012FBE0620DF0BBFA06000F000EF03C
:10C3F000BDF904900591300039000DF095FE049AC6
:10C40000059B06000F00009801990CF00BFC320010
:10C41000009001913B00029803990CF003FC02008C
:10C420000B00009801990CF077FE02000B000698B3
:10C4300007990EF0D9FB0DF0E7FA0022051C002346
:10C44000029803990AF054FC002801D1A56219E072
:10C450000021281C0AF086FC0D4E002801D10D4F4A
:10C4600000E00D4F281C0DF07BFA02000B0030009D
:10C4700039000CF051FE32003B000BF083FC0DF054
:10C48000C3FAA0620222A3791343A37109B0F0BDDD
:10C49000EA2E4454FB21F9BFFB21F93F10B514F0FB
:10C4A00014FE06490BF02CF90DF05AFA044A054B1C
:10C4B0000BF094FF0DF0A4F910BDC0460000B4438A
:10C4C000EA2E4454FB21194010B514F00BFE064926
:10C4D0000BF016F90DF044FA044A054B0BF07EFF01
:10C4E0000DF08EF910BDC0460000B443EA2E44544E
:10C4F000FB21194010B50400034B08330360FFF71C
:10C5000091FB200010BDC0463059030070B5C369CF
:10C51000C2681B688AB00400451D1A4250D0EB7FE8
:10C52000002B01D0013BEB77EB7F082B0DD90122CB
:10C53000A379134209D11343A371A188130006A85C
:10C5400014F06CFBFFF738FB2062EB7F012B26D841
:10C550000123A2791A4222D00025A188A5710222C6
:10C5600002A814F05BFBA31DDE7F012E17D1FFF79D
:10C5700023FB2B00226A801A994100900191019BB4
:10C58000A188AB4203D1174B009A9A4202D90123EA
:10C59000042201E03300032206A814F03FFB03232A
:10C5A000A2791340012B1AD1FFF706FB0023226A60
:10C5B000801A9941994208D10B4B984205D80EE058
:10C5C000EB7F0B2BB0D80133ADE70222A379A18812
:10C5D0001343A3710332012306A814F01FFB0AB012
:10C5E00070BDC046E7030000DB050000F0B50700A2
:10C5F00000250E0085B002930AAB1B780837039321
:10C60000104B040008330360019285808571290076
:10C610001822380018F098FB039A3100380018F0FF
:10C6200099F96B466A469B88127AA380A31DE6712E
:10C63000DA77631D25622000DD77FFF7D5FA200049
:10C6400005B0F0BD305903000048704716FCFFFFED
:10C6500010B53320FEF754FD004810BD16FCFFFF57
:10C66000002310B50400838083710D4821640830D5
:10C6700020608020C000A061E0612062E3602000B3
:10C68000236163616362A362E36223636363A36301
:10C69000E3636364110014F086FD200010BDC04602
:10C6A00048590300F0B5534F97B03B680600059317
:10C6B000002B00D094E00B331C22822106A80AAC88
:10C6C00001F050FA0EAD0B231D228321200001F052
:10C6D00049FA0B231B228421280001F043FA082089
:10C6E00018F0E1FA0122059B1100049016F0ECFE0F
:10C6F0001D21300015F0B3FF00281CD0A38812AD17
:10C70000AB80A3796020AB713B4B1293A368149369
:10C71000237B2B73637B6B73A37BAB7318F0C3FA20
:10C7200006230193173300932A00049B3100040071
:10C7300002F0A4FE53E03C21300015F0BEFF0028BB
:10C740001CD0A38812ADAB80A3796020AB712A4BBB
:10C750001293A3681493237B2B73637B6B73A37B6C
:10C76000AB7318F0A0FA06230193363300932A0026
:10C77000049B3100040002F0EDFF30E03C2130006A
:10C7800015F03FFF002822D0AB8812ACA380AB7914
:10C79000A420A371184B1293AB6814932B7B2373C3
:10C7A0006B7B6373AB7BA37318F07DFA06230500E4
:10C7B0000293013B0193373300932200049B310025
:10C7C00002F0A4FC0D4B1D6044353D6008E048209C
:10C7D00018F069FA062204990400FFF741FF3C6053
:10C7E000064B1A68034B002A01D019684A6418687E
:10C7F00017B0F0BD30270020EC5803002C27002094
:10C800007FB50426040080793040051E18D12368C6
:10C810002000DB699847200014F0F0FCA379032284
:10C820003343A371A1880123684614F0F7F9A37973
:10C8300028001A00B243A2719B0702D4024800E00C
:10C84000024804B070BDC04614FCFFFF15FCFFFF9A
:10C85000F0B504008BB0406C14F044FC061C606C16
:10C8600014F033FC02222100051C07A814F0D7FCA9
:10C8700008980BF001FA041C09980BF0FDF90090E0
:10C88000301C0DF06DF806000F000DF06FFF0DF07D
:10C89000BBF83900019030000DF046FC0DF0B4F803
:10C8A0000290281C0DF05CF806000F000DF05EFFF2
:10C8B0000DF0AAF83900039030000DF035FC0600A9
:10C8C0000F00009801990AF01BFF0299051C201C1B
:10C8D0000AF016FF011C281C0BF026F80DF040F89A
:10C8E0000490059107980BF0C7F93900051C30003A
:10C8F0000DF08AF8011C281C0AF002FF0399051CA0
:10C90000201C0AF0FDFE01990AF0FAFE011C281C09
:10C910000AF0B6FB0399041C00980AF0F1FE029994
:10C920000AF0EEFE011C201C0AF0AAFB0DF018F81C
:10C93000049A059B0EF058F900220E4B0CF072F988
:10C940000D4A0E4B0BF04AFD0DF05EF8011C0C4831
:10C950000AF0EAFF0021041C0AF0F0F9002804D0D4
:10C96000201C08490AF08CFB041C201C0BF062F907
:10C970000BB0F0BD00807640EA2E4454FB211940F4
:10C980000000B4420000B44330B585B0012201007C
:10C9900001A814F044FC02980BF06EF90CF0E0FFD3
:10C9A00004000D0001980BF067F90CF0D9FF22008C
:10C9B0002B000EF019F900220C4B0CF033F90C4A45
:10C9C0000C4B0BF00BFD0DF01FF80021041C0AF0BE
:10C9D000B5F9002804D0201C07490AF051FB041CBB
:10C9E000201C0BF027F905B030BDC0460080664022
:10C9F000EA2E4454FB2109400000B44310B583796A
:10CA000004005A070DD49B0701D4FFF7F9FE636CAD
:10CA10002000002B02D0FFF71BFF03E0FFF7B4FF5D
:10CA200000E0014810BDC04615FCFFFF82B0F0B524
:10CA30000400EBB064207193709218F015F8052291
:10CA40000EA8110014F03AF997490FA8FFF700FA61
:10CA5000002396251A001FA86D001A50C1180C3328
:10CA60004A608A60AB42F8D11922002111A818F05F
:10CA70006BF9A06814F0ECFF00260990FF21A06874
:10CA800000F008FD894FA06800F060FB079608964B
:10CA9000864B9F4202D0864B9F4212DAA06815F067
:10CAA00025F8A568834918A8FFF7CAF8782218A9BD
:10CAB000280000F037FC18A814F016F87B4F002669
:10CAC00006E0002F01D00F2E02D1A06800F03EFB3F
:10CAD0000322089B606801331A40089214F0E0FAC0
:10CAE0000500606814F0E3FA0022734B06929D4241
:10CAF00010DB013206922A00C8320BDBAA22042185
:10CB000092000691954205DC03220692C82D01DCB5
:10CB1000013A069200220492984210DB012304930A
:10CB20000300C8330BDBAA2304329B000492984213
:10CB300005DC03230493C82801DC013B04930EA801
:10CB400014F0B3F8002511ABEB5C012B08D15B4965
:10CB50006B00CA185278C95C0EA8FF23FFF7F6F8DD
:10CB60000135192DEFD16B4610229A5E6B460EA847
:10CB70001821595E089BFFF7E9F8002F01DB0F2E03
:10CB800007D90023A068009374301A000EA914F08E
:10CB9000A2F800230593059B484A5B00995C069820
:10CBA000814227D1D3185B78049A934222D12C2258
:10CBB00006AB9B18059A9B5C012B1BD00C23079A94
:10CBC000216853431D0000220AA814F028FB1FAA65
:10CBD0002B0094460AAA634423CA23C32C2206AB23
:10CBE00005999B182B3A5A54079B0133DBB20793E4
:10CBF000731CDEB2059B01330593192BCBD1642046
:10CC000017F032FF3B00643B1FB2079B182B00D884
:10CC10003EE71A001FA918A814F06EFD6A461BAB68
:10CC200023CB23C21B6813601899199A1A9B20689A
:10CC300014F0CAFAE568002D0CD0214910A8FEF7BF
:10CC4000FFFF1C2318AA10A9280015F075FC10A8D6
:10CC500013F04AFFA06814F049FF0FA910A8A568B7
:10CC600014F00CF80022174B009210A90193280031
:10CC7000130000F0D7FA10A813F0F3FFFA20800099
:10CC800017F0F2FEA06814F031FF0999A06800F0D7
:10CC900001FC0FA813F0E5FF0EA813F0E2FF6BB044
:10CCA000F0BC08BC02B01847C16803008C3C00000F
:10CCB000D18AFFFF0669030058FDFFFF8F6803005C
:10CCC0001B690300DC050000F0B587B001930EABD3
:10CCD0001B88060003930D9B0D000093019B02929D
:10CCE0000C9F002B41D0002F02D1009BDB073CD5CD
:10CCF000302017F0D8FF0400103013F084FF20001C
:10CD0000243013F0FEFD6B461B89182025806380BC
:10CD100017F0C9FF049707000500009B1022059338
:10CD2000019B002108C7380018F00EF8082204A95A
:10CD3000380017F0EBFF0E4B02226B6100230399C2
:10CD4000E3602362E36233680A43A560A2805B6804
:10CD5000210030009847002808D0200013F07AFE08
:10CD6000200017F09CFF034800E0034807B0F0BD27
:10CD70000513030016FCFFFF17FCFFFF70B58CB016
:10CD80008360109B01604260C36004001849180072
:10CD900015F09FFB051E14D001001C22103105A8C0
:10CDA00017F0B4FF6A4608AB43CB43C21B6813605D
:10CDB00020680599069A079B14F006FA280017F0D8
:10CDC0006EFF0C4B186800280ED00B4A05AB05927D
:10CDD00000220692C03202926A4622CB22C223006F
:10CDE00003220621FFF770FF20000CB070BDC04683
:10CDF0001B690300202700202DCA0100F0B50400A4
:10CE000085B0637A9C46002B03D1200014F091FC7E
:10CE100069E0A37A266F01931023019AF356002547
:10CE20009B1801229A402900F36802920393039B06
:10CE30009D4231DAB368019A6B439B1872695B00BB
:10CE4000E77AD3181A785878E379012F04D15F1E56
:10CE50003F1A10003A000EE0022F05D15F1EBA1AE9
:10CE6000277A013F381A06E0032F04D1277A013FC1
:10CE7000BF1A020038005B004343606F8218D3186A
:10CE80009B79634500DD6346627B1A4202D0012331
:10CE9000AB4019430135CAE71123C943F356606C0F
:10CEA000994023691940029B194317F0B1FEA37BF7
:10CEB000072B18D8627B581C520062730B499A00EA
:10CEC000A073022B03D8885817F0C3FD99E7084BCD
:10CED0002000236300236363064B8958E4622364C4
:10CEE000143017F054FC05B0F0BDC0468C59030057
:10CEF000FDCD01001F17030010B50400044B0360B3
:10CF000017F03DFC200008F009FC200010BDC046D1
:10CF10000C61030010B504000E4B08330360FEF7EC
:10CF200081FE2000743013F09CFE2000603013F06E
:10CF300098FE2000583013F0D7FD2000503013F039
:10CF4000D3FD2000044B14306361FFF7D5FF2000B0
:10CF500010BDC0467459030020610300F8B50025D8
:10CF60000400324B8580083303608571143016004D
:10CF70000F0008F0BDFB20002D4BE56263612564C6
:10CF80005030FEF797FE20005830FEF793FE200049
:10CF90006030FEF7BDFE20000423F25E3368266792
:10CFA000590009B2743013F089FE3378226FE371AF
:10CFB0007368012623721023E572A572A78025618C
:10CFC000D356916859188B4204DA300098400133E7
:10CFD0000543F8E711230120D356D16859188B4235
:10CFE00006DA02009A402669013332432261F6E7ED
:10CFF000142017F058FE226900212A43012306005D
:10D0000008F04AFEFF226272220000230125483206
:10D0100066646573A373237320001370A366FEF721
:10D02000E3FDA37920002B43A371F8BD74590300DD
:10D0300020610300F0B5437A85B00400002B03D1D2
:10D04000200014F076FB66E00122837A11009C46F2
:10D050001023066F0025F356039263449940019113
:10D060002900F3680293029B9D422CDAB36872692F
:10D070006B4363445B00E77AD3181A785878E379F6
:10D08000012F04D15F1E3F1A10003A000EE0022F5C
:10D0900005D15F1EBA1A277A013F381A06E0032F1E
:10D0A00004D1277A013FBF1A020038005B004343D6
:10D0B000606F8218D3189B79002B02D0039BAB4082
:10D0C00019430135CFE71123C943F356606C9940EA
:10D0D00023691940019B194317F09AFD667AB31E24
:10D0E000DBB2FC2B14D8FEF72DFD0C4B050023639F
:10D0F00000230B4863630B4BFF21E46223647043FE
:10D1000009F0E0FC290041432000143017F03FFBF8
:10D11000637A012B94D905B0F0BDC04633170300E4
:10D12000B60300001F1703001FB5012381881A00F2
:10D13000684613F073FD012303491A00684613F093
:10D140006DFD05B000BDC046FE0300001FB5030025
:10D1500048331A780400002A0DD000221A700123E7
:10D1600081881A00684613F059FD012304491A000A
:10D17000684613F053FD2000743013F096FD1FBD78
:10D18000FF03000010B50400230048331A78002A7A
:10D1900007D01B78012B04D00121024813F087FB34
:10D1A000F2E710BDFF03000010B5012104000720C5
:10D1B00013F07DFB064B984209D1230048331A78BF
:10D1C000002A04D01B78012B01D020BFF5E710BD49
:10D1D00016FCFFFF70B50500141E09DB060048367B
:10D1E0003378002B06D03378012B03D00B4813E0A3
:10D1F0000B4811E0002328001A007430FEF77AFE75
:10D200000020844207D02B004A331C8007234C3572
:10D210002880337000E0200070BDC04612FCFFFF84
:10D2200017FCFFFF73B5079C0500002C09DB060007
:10D2300048363078002806D03078012803D00D48D1
:10D2400016E00D4814E006981BB2C0B2009028000A
:10D2500012B2743013F03FFD0020844207D02B003F
:10D260004A331C8007234C352880337000E02000AF
:10D2700076BDC04612FCFFFF17FCFFFFF8B50500A6
:10D280000F00161E13DBFFF77DFF2B0048331C78C1
:10D29000E4B2002C0DD1320039002800FFF79AFFCC
:10D2A000301E07D02800FFF77FFF200002E0024871
:10D2B00000E00248F8BDC04617FCFFFF11FCFFFF6D
:10D2C000F0B587B00D9E05000F0002920393002E6B
:10D2D0001EDBFFF757FF2B0048331C78E4B2002C0D
:10D2E00018D1390005A813F0C9FC0C9B029A0093D1
:10D2F00005A9039B01962800FFF794FF05A813F0EA
:10D30000B0FC301E07D02800FFF74EFF200002E0DF
:10D31000024800E0024807B0F0BDC04617FCFFFF1E
:10D3200011FCFFFFF8B50400171E09DD06004836A2
:10D330003378002B06D03378012B03D00C4816E04D
:10D340000C4814E02200E3795632013B13702300AD
:10D350000025200054331D80503013F022FC2300A0
:10D360004A331F80022328004C3425803370F8BDD7
:10D3700012FCFFFF17FCFFFFF7B505000F00161E9C
:10D3800018DDFFF7FFFE2B0048331878C4B2002CDD
:10D3900012D1390001A813F0FCFB320001A92800CA
:10D3A000FFF7C0FF01A813F09FFB2800FFF7FCFE6A
:10D3B000200002E0014800E00148FEBD17FCFFFF2D
:10D3C00011FCFFFFF8B50400161E09DD0700483701
:10D3D0003A78002A06D03A78012A03D0144826E089
:10D3E000144824E05D42069BFF3301D16B1D00E031
:10D3F000069B22001BB26432138023002000663398
:10D400001D70603013F042FC220000236C32137058
:10D410009D4200D0B3B222004A321380079B002005
:10D420005A1E9341013E4C34053326803B70F8BDB3
:10D4300012FCFFFF17FCFFFFF0B587B005000F00DF
:10D44000161E03931DDDFFF79DFE2B0048331C784D
:10D45000E4B2002C17D1390005A813F00FFC0D9B86
:10D46000320001930C9B05A900932800039BFFF752
:10D47000A9FF05A813F0F5FB2800FFF795FE200093
:10D4800002E0024800E0024807B0F0BD17FCFFFFD1
:10D4900011FCFFFFFF2902D84172002000E0014883
:10D4A0007047C04617FCFFFF13B5040004A80078BE
:10D4B0000090200017F0C0F8002801D1207500E08E
:10D4C000004816BD0EFCFFFF13B5040004A8007849
:10D4D0000090200017F098F8002801D1207500E096
:10D4E000004816BD0EFCFFFF7FB50D0011000F2296
:10D4F0006A4404001E1E117015D0089B002B12DD1B
:10D50000012329000093FFF7DFFF002801D007481F
:10D510000AE00090089B320029002000FFF7C4FFBA
:10D52000002801D0F3E7024804B070BD0EFCFFFFF5
:10D5300017FCFFFF30B5040087B0057B006C08F0D6
:10D5400051F9A02200210E4BAD00D2002851995074
:10D550000C4A14319950636C6846597C237BC91876
:10D5600049B214F0BDFB039B019A03211A60207B92
:10D570000130C0B209F0A2FA217307B030BDC04635
:10D58000007000400405000082B070B50400002562
:10D5900088B00C920D93636C9A6895420ADA197CF4
:10D5A00002A8491949B214F09BFB069B039A013566
:10D5B0001A60F0E75D7C237B02A8ED186DB22900AC
:10D5C00014F08EFB039A059B01921A600021182229
:10D5D00002A817F0B9FB02A80022290017F0BAF937
:10D5E000206C002801D017F05AFB082017F05BFBD5
:10D5F0002900060008F0CEF8094B2000E362002362
:10D60000FA212363074B2664A462E3631030090107
:10D6100017F0BDF808B070BC08BC02B01847C0468F
:10D6200035D501008D1C0300F0B5040085B00093D2
:10D630000CAB1B8810300E001500019313F0E3FAB9
:10D640002000243013F05DF926806580182017F043
:10D650002AFB070002AE33003D000AAA03CA03C337
:10D66000009B102208C50021280017F06DFB310037
:10D670000822280017F04AFB064B02227B6120009B
:10D6800000230199A7600A43E360A2802362E3625A
:10D6900005B0F0BDA11C030070B5050004001035F5
:10D6A0000E00302286B00021280017F04DFB280024
:10D6B00008F01EF80023194A66642261184AA36222
:10D6C0001668E363237323606360A3609E421FD0E8
:10D6D000144A30200492059317F0E5FAC0230500A0
:10D6E0006A46029304AB03CB03C223000721022244
:10D6F0002800FFF799FF336829005B6830009847DE
:10D70000002805D0280013F0A5F9280017F0C7FA63
:10D7100000232000236406B070BDC04620610300D2
:10D720002027002089D5010030B5134B93B01D6828
:10D730000400002D17D0114B6A4604930023059373
:10D740001033029304AB03CB03C223000222072150
:10D7500006A8FFF769FF2B6806A99B682800984771
:10D7600006A813F077F92000054B10302361FFF76E
:10D77000C3FB200013B030BD2027002089D5010055
:10D7800020610300F7B507000D1E27D000230226F5
:10D7900004690193002C1DD0AA88A388534033420A
:10D7A00016D1324203D1AB88334207D010E0A968CA
:10D7B000A06815F06EFE002804D1F4E7A368AA68FB
:10D7C000934205D12B88002B0AD022889A4207D099
:10D7D000E46ADFE7019B2000002B1ADC0D4818E00B
:10D7E0006B88002B02D062889A42F1D1EB68E26824
:10D7F000934201D0002BEBD17B68002B01D020009D
:10D800009847A388044A1343A380019B01330193E3
:10D81000DEE7FEBD17FCFFFF0080FFFFF0B506004E
:10D8200085B00D1E5CD001270469002C1DD002219B
:10D83000AA8800230A4202D0A3885B083B402268E2
:10D8400029688A4257D1002B0AD0A968A06815F030
:10D8500020FE00284FD0EB68E26893424BD141E0B4
:10D86000A368AA68934246D1F5E731692A880F0078
:10D870000B1E0CD1356101232149684613F0CEF906
:10D8800020003AE0D86A1F00002812D00300188850
:10D890009042F7D318003B000488944209D147888E
:10D8A0006C88A74205D8C46A0300002C01D0200070
:10D8B000F2E799420AD10888824204D306D14C8803
:10D8C0006888844202D9E962356102E0D96AE96276
:10D8D000DD6201230A49684613F0A0F900200CE03C
:10D8E00008480AE0A3881AB2002A02DA5B045B0C3B
:10D8F000A380054801E0E46A97E705B0F0BDC046A3
:10D90000FD03000017FCFFFF16FCFFFF064B10B5E0
:10D910001A00040008322C33026083600830FDF7DF
:10D92000E3FE200010BDC046AC59030008B4024B12
:10D930009C46083808BC60470DD9010008B4024B6A
:10D940009C46083808BC6047471D03000C4A00236A
:10D9500011002C32083110B54360838183738260DB
:10D960000361436183618383016004000830FDF734
:10D97000ADFE044B1A68002A00D11C60200010BDC7
:10D98000AC5903002027002082B0F7B501254027BD
:10D9900009930CAB1B78046908920193002C37D0D3
:10D9A00008AA238812889A4201D0002B2AD108AAFB
:10D9B000638852889A4201D0002B23D1FDF7A8FD3D
:10D9C0000123002806D0A288BF331340C03B5A422F
:10D9D0005341DBB2019A934213D1A68833B2002B94
:10D9E0000FDB102208A9A01817F090F93E420BD1C6
:10D9F000FDF78EFD002807D021000848FDF75EFFE7
:10DA000000E00025E46AC9E7200014F0A5F9F9E771
:10DA10002800FEBC08BC02B01847C046591D0300D0
:10DA200008B4024B9C46083808BC6047F51E03004A
:10DA300010B5024813F0E7F810BDC0469022002050
:10DA4000F0B587B001930EAB1B88060003930D9BC6
:10DA50000D000093019B02920C9F002B41D0002FE0
:10DA600002D1009BDB073CD5302017F01CF90400E5
:10DA7000103013F0C8F82000243012F042FF6B463B
:10DA80001B8918202580638017F00DF90497070083
:10DA90000500009B10220593019B002108C7380058
:10DAA00017F052F9082204A9380017F02FF90E4B8D
:10DAB00002226B6100230399E3602362E36233680F
:10DAC0000A43A560A2805B682100300098470028C7
:10DAD00008D0200012F0BEFF200017F0E0F8034845
:10DAE00000E0034807B0F0BD351F030016FCFFFF40
:10DAF00017FCFFFFF0B50400160000258380164ACE
:10DB0000164B85710260218146810573186889B0C2
:10DB10008C46A8421DD0124A05950492C02202925A
:10DB20006A4604AB82CB82C2614623002A00FFF71B
:10DB300087FF0B4A094B0692C022186802926A4678
:10DB400006AB079582CB82C223002A003100FFF783
:10DB500077FF200009B0F0BDF05903002027002016
:10DB60005F20030030B5002403730123034D84714B
:10DB70000560818082734373846030BDEC5803007C
:10DB800070B583790400DB0702D5806817F087F849
:10DB9000A3799B0702D5A06817F081F8A3795B07EA
:10DBA00007D5A0230021144ADB00D150A06817F04C
:10DBB00076F8A3791B0708D5A568002D05D02800A5
:10DBC00015F0DEFC280017F06AF8A379DB0605D50E
:10DBD000A068002802D00368DB6898476023A27918
:10DBE0001A4205D0A068002802D003685B689847F5
:10DBF0000023A360A37170BD00700040F7B502223E
:10DC0000037B04000F00134224D0012924D8857916
:10DC1000154015D1FFF7B4FF182017F044F80E2374
:10DC20000600E35618222900019317F08DF8019998
:10DC3000300016F0A1FE0222A379A6601343A3715F
:10DC4000A3685A68002F03D0DB681A60002004E044
:10DC50001B69FAE7014800E00148FEBD16FCFFFF22
:10DC600017FCFFFFF7B50126037B040033422BD0DE
:10DC7000612385791D4017D1FFF782FF182017F027
:10DC800012F80E230700E35618220093637B290045
:10DC9000019317F059F8019A0099380016F05AFECE
:10DCA000A379A7603343A3716023A2791A4203D0FA
:10DCB000A06816F0E2FC08E0A268536950681B688F
:10DCC0001840431E984100E00048FEBD16FCFFFFCF
:10DCD00070B5037B04000D001B0713D50B4B994255
:10DCE00012D814F057FA0300002083420DD1280007
:10DCF00009F0C2FF064909F039FB011CA06804F0D5
:10DD0000FFFB02E0034800E0034870BDFF03000092
:10DD100000C07F4416FCFFFF17FCFFFF70B5042511
:10DD2000037B04002B4214D083792B420DD1FFF7E3
:10DD300027FF082016F0B7FF0E210600615607F0F6
:10DD400029FDA379A6602B43A371A06807F04AFDC3
:10DD500000E0014870BDC04616FCFFFFF7B5012783
:10DD6000037B04003B4219D0102385791D4011D15B
:10DD7000FFF706FF282016F096FF0E21A2883B0031
:10DD8000615600950600FEF731FC1022A379A660CB
:10DD90001343A371A06813F0C0F900E00048FEBD72
:10DDA00016FCFFFF70B5037B05000E001B0713D5A3
:10DDB000002913DB14F0EEF9041E11D1A86804F059
:10DDC000B3FB0949884202D0A86804F0B3FB3100D4
:10DDD000A86808F067F804E0044C02E0044C00E096
:10DDE0000024200070BDC046204E000016FCFFFF3E
:10DDF00017FCFFFFF8B51400027B070012071CD5C3
:10DE000000291CDB002C1ADD002B18DDB42900DDF5
:10DE1000B421FA26B600714365100800B4215D1BD9
:10DE200008F050FE754360433100281808F04AFEA0
:10DE300001003800FFF7B6FF02E0024800E00248A8
:10DE4000F8BDC04616FCFFFF17FCFFFF10B5837935
:10DE50001B0703D5806804F06DFB00E0004810BD8F
:10DE600016FCFFFF10B50124837941731C4004D0D8
:10DE7000806816F000FE002007E06022134203D005
:10DE8000806816F001FCF6E7004810BD16FCFFFFA5
:10DE9000F8B56023867904000D001E4025D1FFF7F8
:10DEA0006FFE582016F0FFFE0E210700615600F0AD
:10DEB000EBFE3800A760617B16F0E6FB0122A0684C
:10DEC000104B114F436204628662476311001C309D
:10DED00007F072FDA0680D4B8463C3630664C764DA
:10DEE00001221C30022107F067FD6022A3799343D1
:10DEF000403A022D02D0032D01D1402213430020CD
:10DF0000A371F8BD17220300812103003B22030007
:10DF100010B50300042912D8080008F03FFD0C10CA
:10DF2000030307001800FFF7B3FF02E01800FFF734
:10DF300015FF002004E0180014F091F9F9E70148FA
:10DF400010BDC04617FCFFFF70B5040000250D4B47
:10DF50000E0008338580857103602100183014F0AD
:10DF6000B5F920002100203014F0D3F9064BA6802B
:10DF7000A571E5712572E5602561656120001C6071
:10DF800070BDC046005A0300342700208379DB07A8
:10DF900002D5C160002000E00048704716FCFFFF7A
:10DFA0008379DB0701D5C06800E001487047C046AF
:10DFB00016FCFFFF70B545690400002D21D0037ADF
:10DFC000032B20D8FFF7ECFFA8622C2016F06BFE85
:10DFD0002C220021050016F0B7FE0023626953626F
:10DFE0002369002B01D1226105E0596A002901D083
:10DFF0000B00FAE75A62237A65610133237200202D
:10E0000002E0024800E0024870BDC04617FCFFFF76
:10E0100013FCFFFF154B70B55A68154D002A03D04D
:10E0200000225A600132AA601B69114E002B1CD0DD
:10E0300000210E4B0F4C19618023DB00F358012B9C
:10E040000ED1A923DB00F15820684942FFF79EFF5B
:10E050002068FFF7AFFF23685A69074BF25002E0D0
:10E060002068FFF793FF0123AB6070BDFC100040F8
:10E070000010004034270020040500000300006960
:10E08000002809D00221054AD167426A1A611A7A2A
:10E09000013A1A72024B19607047C04604E100E071
:10E0A00000E100E0F0B585B0040016F00DFB204B58
:10E0B0001B785B073AD50025236CC6B20227DF5FC9
:10E0C000BD420EDA200029B2403012F08FFD8642A8
:10E0D00005D101230C211A00684612F09FFD01357D
:10E0E000EEE7250023004E3528884C33197801309F
:10E0F00008F0CEFD230050331B8889B28B420FD02D
:10E100002B88A26CD654636C2980002B0EDB2A88E6
:10E1100093420BD101235B4263640222023301E08C
:10E12000012303220C21684612F078FD05B0F0BDF2
:10E13000382A00200121024A13780B4313707047DC
:10E14000382A00200221024A13780B4313707047CB
:10E15000382A00200121024A13788B43137070473C
:10E16000382A00200221024A13788B43137070472B
:10E17000382A002010B5002903DB024B196016F085
:10E18000D4FA10BD3827002070B504001E0004AB7F
:10E190001D7807F025FA20000E4B40302360FDF774
:10E1A00089FD230001364C33013522001E701D739A
:10E1B0000023E1214E32A364636513805380938171
:10E1C000D381013B200063644902FFF7D3FF2000A5
:10E1D00070BDC0469C58030070B505001400012AAC
:10E1E00010D003004E331888023B4018197808F00D
:10E1F0004FFD69640025022C05D121000C2012F08E
:10E2000056FB00E0014D280070BDC04617FCFFFF23
:10E2100070B5050004000A005035002907D103003D
:10E220004E331B882A889A4212D111481FE00129D7
:10E2300006D101002A884E310B889A42FCD007E0B3
:10E24000022905D103004E331B88298899420AD040
:10E25000A36C28884C341E5C2178013008F018FD2E
:10E260003000298003E00121FFF7B6FFF0E770BD21
:10E270000CFCFFFF70B51500012A0AD0403012F0E7
:10E2800090FC0024022D05D101210C2012F00FFB7F
:10E2900000E0014C200070BD17FCFFFFF8B5114DE8
:10E2A00004002B781B0705D5012114F098F8606D48
:10E2B000FDF7D2FB082723002E785833BE432E707B
:10E2C0001878FDF793FB6065002808D02300002034
:10E2D0005A335C343E4318802E70208000E00248A0
:10E2E000F8BDC046382A002013FCFFFF70B50B4B69
:10E2F00005001B780C009B070ED4FFF723FF2B00B3
:10E30000013458331C702800FFF7C8FF04002800B0
:10E31000FFF728FF200000E0014870BD382A0020E8
:10E320000DFCFFFFF0B5060007005C365A37338856
:10E330003A8885B004009A421ED0104B1B781B0708
:10E340001AD53388426DD15C16F0C2F923003088AB
:10E3500058331978013008F09BFC3B888DB2AB42F2
:10E3600009D1074901230222684612F057FC012116
:10E37000200014F034F8358005B0F0BD382A0020B4
:10E38000FF03000073B50D0006A9040009780430EE
:10E39000002A01D1DE070DD5002D0BD00C3426004C
:10E3A00018244C433419A360044B626025606361F8
:10E3B000012200E0002207F059FF73BD3D23030056
:10E3C000F0B507000400002589B00391049205937D
:10E3D0005A37049B9D4213DA23003E88583319783C
:10E3E000701C08F055FC23005C331B8889B29942ED
:10E3F00006D0039B626D5B5D013593553980E8E77C
:10E40000059B012B03D002210648FDF7DDF801230F
:10E4100020000093044A00232100FFF7B3FF2800E7
:10E4200009B0F0BDFF03000025E30100F7B5194C6A
:10E430001F0023780500019116009B0725D4002AB0
:10E4400025DD002923D0FFF77DFE23781B0701D5AA
:10E45000002407E02800FFF721FF0028F8D017E08C
:10E46000A6420DDD019B321B191928003B00FFF766
:10E47000A7FF39002418280013F0A2FF002FEFD1C6
:10E480002800FFF76FFE200002E0034800E0034889
:10E49000FEBDC046382A00200DFCFFFF17FCFFFF21
:10E4A000F0B5174E87B0337805005B0705D500211E
:10E4B00013F095FFA86CFDF7CFFA04273378BB4320
:10E4C00003936B461B7B33702B004C331878FDF79E
:10E4D0008DFAA864002810D02B0000244E331C8035
:10E4E0005C80039B28001F433770064A009423007A
:10E4F0002900FFF747FF200000E0034807B0F0BD08
:10E50000382A0020A5E0010013FCFFFF70B50E4C77
:10E51000050023780E00DB0714D4FFF70BFE2378E9
:10E520005B0709D531002800FFF772FE04002800C0
:10E53000FFF710FE200006E02800FFF7B1FF0028DB
:10E54000F0D000E0014870BD382A00200DFCFFFF2C
:10E55000F7B52C4C0193237805000F001600DB075C
:10E560004DD4FFF7E7FD23785B0703D5019B1C1E05
:10E570000AD011E02800FFF793FF0028F6D03FE013
:10E58000B44237DA3855013400212800FFF740FE45
:10E590001D4B9842F4D12DE0019B012B0AD13C0088
:10E5A000E31BB3421BDA01212800FFF731FE207084
:10E5B0000134F5E7019B0024022B1BD1280013F046
:10E5C000DEFE864207DD280013F0D9FE019A311ADB
:10E5D0002800FFF701FE3C00E31B9E4203DCF443EE
:10E5E000E417344006E002212800FFF711FE2070F6
:10E5F0000134F1E72800FFF7ADFD200000E00348FB
:10E60000FEBDC046382A00200CFCFFFF0DFCFFFFBA
:10E61000F0B58BB002AF7B60704BB8601B780C001C
:10E620001500DA072CD45B0708D40800FFF738FF81
:10E63000011E03D0B86812F073FACAE02000FFF799
:10E6400079FD230050331B88FB603B6101235B4253
:10E650007B6126004E3633883A699A4203D07B6943
:10E66000013300D197E07B68012B21D07B68022B1E
:10E670002FD07B69002B50DA2000FFF76BFDB868C4
:10E68000FDF718FBA5E0138839699942FBD00026F5
:10E69000A36C5B5C7B602B6802229B5E9E420DDB61
:10E6A000230038694C331978013008F0F1FA3961E8
:10E6B0007B690133DDD122004E32E4E731B228001C
:10E6C00012F094FA7B68834201D13B697B61013689
:10E6D000E1E77B690133CCD11C232900F81812F043
:10E6E00058FA1C237A68F9182000FFF7C3FD1C2391
:10E6F000F81812F0F9F93388013B7B611C23F818F4
:10E70000FDF7D8FA1C232000F918403012F049FA1E
:10E710001C23F81812F0E8F9ABE76B46FA687B6047
:10E720007B699D1A934205DA23004C331D787B697F
:10E73000AD1AED182B0069460833DB08DB00CB1A55
:10E740009D4602AE6A1C0021300016F0FDFA23003F
:10E750004C333B611A78BB8A20000193FB6800931D
:10E76000A16C330013F0F4FD230050337B61188853
:10E770003B6901301978401908F08AFA7B6920005A
:10E780001980FFF7E7FC2AB23100B868FDF768FA94
:10E790007B689D461DE00026A36C3A699B5C3B604C
:10E7A0002B6802229B5E9E420ADA31B2280012F0E8
:10E7B0001DFA3B68834201D13B697B610136EFE77B
:10E7C000230038694C331978013008F061FA396157
:10E7D0003FE7BD46B86809B0F0BDC046382A002002
:10E7E00070B50B4B05001B780C00DB070ED4FFF750
:10E7F000A1FC2B0001344C331C702800FFF750FEA5
:10E8000004002800FFF7A6FC200000E0014870BDCE
:10E81000382A00200DFCFFFF70B5224B86B01B7814
:10E8200004000D0016009B0701D01F4837E0FFF7DA
:10E8300089FC2000FFF77EFC200013F0B0FD0028CB
:10E8400003DD0121200013F0CAFD0021200013F098
:10E85000C6FD29000025201D320007F069FC2000BC
:10E860000095124A2B002100FFF78CFD200013F0C9
:10E8700096FDA84207DD01230D4A009321002B00DD
:10E880002000FFF77FFD0B4B20001968FFF772FC9B
:10E890002000FFF75FFC2000FFF764FC002006B0BB
:10E8A00070BDC046382A00200DFCFFFFA5E0010026
:10E8B00025E3010038270020F7B580277F053D6953
:10E8C0007C690822113C6C4306002100684616F062
:10E8D0001DFA104B009A9A4219D00093002301931D
:10E8E000796930001339694313F0AEFD019A00993C
:10E8F000300013F0C1FD2100300013F0A5FD79694F
:10E90000AB08133969432200300013F0A7FD0198CA
:10E91000FEBDC046FECA0000F0B50D00ABB00D92C2
:10E9200000213022060012A80B9316F00DFA2800E1
:10E9300016F04AFA431C0C93102B00DDB6E00B9B3B
:10E94000202B00D9B2E02900300013F0C2FD071ED1
:10E9500029D129000C9A12A816F0D8F90D990B9A12
:10E9600016A816F0D3F980235B051F695A69300099
:10E97000113A7A435D690D92FFF79EFF0D9B30229D
:10E980000833002104001EA80F9316F0DDF92900BA
:10E9900013397943300013F057FD0F9B0B9300237D
:10E9A0000C930E9335E010300B9A0D9916F09FF9E9
:10E9B0000400380016F073F9002C7AD0C9E70B99DF
:10E9C00030221EA816F0A2F912A91EA816F0F2F91C
:10E9D000002822D13849300022001091119413F000
:10E9E0004BFD6A460B9B099315AB23CB23C223CB6C
:10E9F00023C223CB23C23000149B1299139A13F025
:10EA000049FD01230E930B9B30330B930C9B013379
:10EA10000C930C9BA342D2DB10E06A460B9B09933C
:10EA200021AB23CB23C223CB23C223CB23C2300071
:10EA30001E991F9A209B13F02DFDE4E7E54330213A
:10EA4000ED1725404D430F9B5D190E9B002B1BD1ED
:10EA5000B81E07F0ADFF84422AD0174901343000B8
:10EA600022001091119413F007FD6A46099515AB29
:10EA700023CB23C223CB23C223CB23C23000129942
:10EA8000139A149B13F006FD0D99300013F0DCFC73
:10EA900080235B0559690C2363431339023379439F
:10EAA0000D9A300013F0DAFC002402E0034C00E081
:10EAB000034C20002BB0F0BDFECA000017FCFFFF86
:10EAC00013FCFFFF8023F0B55B051A6995B0029235
:10EAD0005A6905910299113A51435C69029B133CB2
:10EAE000050003915C43FFF7E7FE061E4ED00027AA
:10EAF000039B302208330021083408A8019316F044
:10EB000023F92100280013F09FFC0497B74220DA74
:10EB10000199302208A816F0F9F8059908A816F00E
:10EB200049F9002809D11B49721E28000691079255
:10EB300013F0A2FC0123049306E022000C230199A8
:10EB4000280013F08BFC3034019B013730330193E4
:10EB5000DCE7049B002B05D10E493200280013F09E
:10EB60008BFC13E00399280013F06EFC80235B05F7
:10EB700059690C23029A13394A4373431100280040
:10EB80000233039A13F06AFC002000E0024815B03B
:10EB9000F0BDC046FECA00000CFCFFFF70B50400CB
:10EBA000A280FA22002308000C499200083121605B
:10EBB000A3716061E260A3606382094913F089FC7C
:10EBC000051E09D00100200010310222123016F07B
:10EBD0009DF8280016F063F8200070BD185A030055
:10EBE0002669030030B50225837987B004002B42E3
:10EBF00004D1FCF76BFDA3792B43A371200013F024
:10EC0000ACFC00282DD06B46DD1C280013F09CFCCA
:10EC10002B78002B03D001A813F094FC0FE0012205
:10EC2000114B1A60114A5368002BFCD000220F4B85
:10EC30005A600F4B01321B6801930B4B5A60032241
:10EC4000019BD9170A40D3189B102382FCF7B4FF0D
:10EC5000E368A18818180123A0601A0002A811F027
:10EC6000DDFF002007B030BD00C00040FCC0004008
:10EC700008C5004010B50400024B036006F080FC9C
:10EC8000200010BD385A030010B5040006F084FCC3
:10EC9000034B00222360002320002265636510BD22
:10ECA000385A0300022802D10122014B1A70704722
:10ECB000392A002070B5064C05002378002B04D1BA
:10ECC000044804F0FDF801232370280070BDC046FD
:10ECD0003A2A0020A5EC010070B50C0011F090FD5F
:10ECE000002811D0164B0022A50A1C001A7028001B
:10ECF00013F069FC002803D00A2015F0B5FEF6E7F2
:10ED00002378002BFCD019E0022180250D4B0E4A00
:10ED1000ED00995080205959C0000029FAD0A12156
:10ED2000084DC9006C5019580029FCD00020054935
:10ED300088508021C9005A58002AFCD070BDC046B6
:10ED4000392A002000E0014004050000F8B50C005D
:10ED500015001E0011F054FD002812D0194B00229E
:10ED60001F001A7032002900200013F02AFC00282E
:10ED700003D00A2015F078FEF4E73B78002BFCD096
:10ED80001EE00121104A114B944699508021C90080
:10ED90005A58002AFCD080270022FF008021C90099
:10EDA000964207DD910068586050D9590029FCD07F
:10EDB0000132F3E7002260461A505A58002AFCD06C
:10EDC000F8BDC046392A00200405000000E00140DB
:10EDD000F0B589B00E9D06000F000592002D05D1FB
:10EDE000802252055569314AAD18AD02AC05A40D1B
:10EDF00057D1BA0A92020192BA05920D0292D21824
:10EE0000049205993A00300013F0DFFB00280AD184
:10EE1000FF2403223900049BA400043393432140C0
:10EE20000393019D14E0002D3BD029003000FFF733
:10EE300053FF8023019A5B0029003000FFF786FF13
:10EE400001993000FFF748FF80232100DB00039386
:10EE500000230793039B8B4225DD0322029B0A407C
:10EE6000D200994207DB049B994204DA059B029881
:10EE70001B1A5B5C00E06B5C93400327079A4C1CF9
:10EE800013430793274001D02100E3E7019B89103A
:10EE90008900591807AA01233000FFF757FF079789
:10EEA000F2E7034800E0002009B0F0BDEDFF3F00AD
:10EEB00017FCFFFF08B4024B9C46443808BC60476F
:10EEC000E7250300F8B5FA230189DB000400594364
:10EED000324814F0F4FAFA21890007F069FD304F46
:10EEE0002081A17A380014F0EAFA230026002500D8
:10EEF00022894C33A072A0361A808C3531780023D9
:10EF00002A22286812F01FFE002801D0254844E07C
:10EF100031781F235B22286812F015FE0028F5D1F6
:10EF2000317820235C22286812F00DFE0028EDD1F4
:10EF3000317801232C22286812F005FE0028E5D143
:10EF4000317801232D22286812F0FDFD0028DDD143
:10EF5000317801232E22286812F0F5FD0028D5D142
:10EF6000A17A380014F0A6FA3178C3B20E222868CC
:10EF700012F0E9FD0028C9D1FA2321899B005943E9
:10EF8000064814F097FA01231843C3B231782A22B5
:10EF9000286812F0D8FD0028B8D1F8BD005B030046
:10EFA000805A03000EFCFFFF08B4024B9C46443815
:10EFB00008BC6047C5EE0100074B10B51A000400FD
:10EFC00008323C3302604364443012F0BAF8200047
:10EFD00011F0C8FF200010BDA05A030008B4024B76
:10EFE0009C46443808BC6047B9EF010008B4024BA6
:10EFF0009C46443808BC6047F1250300F0B5042561
:10F0000083798BB004002B4204D1FCF75FFBA3791A
:10F010002B43A37120009030FEF724FE061E66D11C
:10F020002300A033197820000C2307AD00938C3007
:10F030002B0001220068FEF757FA002801D02E4E5F
:10F0400056E00A2304AA9B182A785A706A781A7024
:10F050000022995EAA785A70EA781A7000201A5E27
:10F060000392287958706879187000201F5EA8797B
:10F070005870E87918700022985E0490287A5870C9
:10F08000687A18700022985E0590A87A5870E87A1D
:10F0900018701F2000229B5E039A9C46A37A52425E
:10F0A0005A435943D5177B430540AA185211A26110
:10F0B000DF17CA1702403840C3185B11236264236C
:10F0C0005118059A5B4253434911A3676423E161D8
:10F0D0006146049A20005A434B43E267221DD367DE
:10F0E00011F0B0FF2000443012F032F800E00026AA
:10F0F00030000BB0F0BDC0460EFCFFFF08B4024B61
:10F100009C46443808BC6047FDEF0100F7B51E007F
:10F11000040008AB1B881500019309AB00911A8805
:10F1200031000AAB1F88FCF79DFF20003A00310038
:10F130004430FDF795FA144B20001A003C33636409
:10F14000230008322260009A8C331A60AB8890301A
:10F150008380AB796A4683710C4B92880360AB68FD
:10F16000032183602B7B03736B7B43730E23EB566E
:10F1700083732300A0331A80FEF774FE2000FFF78C
:10F18000A1FE2000FEBDC046A05A0300EC580300BB
:10F19000F8B5FA260189B60004007143264814F038
:10F1A0008EF9310007F004FC244F2081A17A380049
:10F1B00014F085F92500A0725835297800232A22F9
:10F1C000606C12F0C0FC002801D01D4832E02978A4
:10F1D00010232B22606C12F0B6FC0028F5D12978A0
:10F1E00001232D22606C12F0AEFC0028EDD12978AD
:10F1F00001232E22606C12F0A6FC0028E5D1A17A32
:10F20000380014F057F92978C3B20E22606C12F05E
:10F210009AFC0028D9D121890748714314F04AF992
:10F2200001231843C3B229782A22606C12F08BFCA8
:10F230000028CAD1F8BDC0469C5B0300485B0300B0
:10F240000EFCFFFF10B50400034B0833036011F000
:10F2500089FE200010BDC046685B03007FB5042511
:10F26000837904002B4204D1FCF730FAA3792B43B5
:10F27000A37120004830FEF7F5FC051E24D12300C1
:10F2800058331978062302AE009301223300606CD4
:10F29000FEF72AF9002801D00D4D16E004230220C4
:10F2A0000022A17AF3563056B2564B43C0004A436F
:10F2B00040424143DB0023622368D200A161E26146
:10F2C0009B6A2000984700E00025280004B070BD2C
:10F2D0000EFCFFFFF8B50400150006AA168807AA61
:10F2E0000F0012881900FCF7BDFE0F4B676408334E
:10F2F00023602300AA8848339A80AA7920009A7153
:10F300000A4AA264AA6822652A7B1A736A7B5A7326
:10F310000E22AA569A730023A371230058331E802D
:10F32000FFF736FF2000F8BD685B0300EC580300D0
:10F3300010B50400034B0833036011F002FF2000F6
:10F3400010BDC046A45B030070B50825837986B064
:10F3500004002B4204D1FCF7B9F9A3792B43A37124
:10F3600020004C30FEF77EFC002830D023005C33B8
:10F370001978062304AE009301223300A06CFEF737
:10F38000B3F8051E01D0134821E00E2332786B44F8
:10F390005A70727820001A700022995E64224A43E3
:10F3A000A263B2785A70F2781A700022995E6422D1
:10F3B000524251436163317959707179197000215A
:10F3C0005B5E5A432368E2631B6A9847280006B0D5
:10F3D00070BDC0460EFCFFFFF0B507005C3787B07C
:10F3E0000400397800231022806C12F0ACFB032655
:10F3F000002807D01F483AE02B78334211D0642010
:10F40000FCF700FA0F2502ABED180123397808222A
:10F410000093A06C2B00FEF767F8164B9842EBD1D7
:10F42000E8E7FA252189144EAD006943300014F055
:10F4300046F8290007F0BCFA20813978A023112270
:10F44000A06C12F080FB0028D4D1A36C2189039317
:10F45000694330003F7814F02DF801231843C3B2FC
:10F4600010223900039812F06EFB0028C2D107B0B9
:10F47000F0BDC0460EFCFFFF285C0300F8B5040099
:10F48000150006AA168807AA0F0012881900FDF7B2
:10F49000E7F80D4BA764083323602300AA884C3398
:10F4A0009A80AA7920009A71084AE264AA68626583
:10F4B0002A7B1A736A7B5A730E22AA561E829A738B
:10F4C000FFF78AFF2000F8BDA45B0300EC5803009F
:10F4D000F7B5FA250189204FAD00040069433800D3
:10F4E00013F0EDFF290007F063FAA17A20811B4891
:10F4F00013F0E5FF2600636CA07200932189583653
:10F50000337869433800019313F0D4FF072318437D
:10F51000C3B220220199009812F015FB002801D0F7
:10F520000F4818E0317810232222606C12F00BFB98
:10F530000028F5D1A17A0948656C377813F0BAFF35
:10F5400080235B421843C3B223223900280012F003
:10F55000FAFA0028E4D1FEBDD45C0300AC5C0300E1
:10F560000EFCFFFF10B50400034B0833036011F0DD
:10F57000F9FC200010BDC046305C0300F0B5042546
:10F58000837985B004002B4204D1FCF79FF8A3795E
:10F590002B43A37120004830FEF764FB002832D0D3
:10F5A000230058331978062302AE0093A8223300B3
:10F5B000606CFDF799FF051E01D0144823E01F2061
:10F5C0000023F25ED31703409B180222B15E5B1149
:10F5D000CA17024052180427F15F3380CF17384012
:10F5E00040184111A07A5B4243435211728052424B
:10F5F0004243B1804143E3612368A26121629B6A77
:10F6000020009847280005B0F0BDC0460EFCFFFF63
:10F61000F8B50400150006AA168807AA0F0012887C
:10F620001900FCF71FFD0F4B6764083323602300AC
:10F63000AA8848339A80AA7920009A710A4AA2645B
:10F64000AA6822652A7B1A736A7B5A730E22AA560D
:10F650009A730023A371230058331E80FFF738FFED
:10F660002000F8BD305C0300EC580300F7B5FA2524
:10F6700004000189134EAD006943300013F01FFFF1
:10F68000290007F095F92700A36C208100935C37CF
:10F690003B7881B269433000019313F00BFF602285
:10F6A000C3B20199009812F04EFA002801D0064822
:10F6B00007E0397801236222A06C12F044FA002896
:10F6C000F5D1FEBD285D03000EFCFFFF10B5040060
:10F6D000034B0833036011F034FD200010BDC04619
:10F6E000DC5C03007FB50825837904002B4204D13C
:10F6F000FBF7ECFFA3792B43A37120004C30FEF7FE
:10F70000B1FA002822D023005C331978062302AE18
:10F710000093E8223300A06CFDF7E6FE051E01D041
:10F720000B4813E00223F25E96235B425A43626366
:10F730000021725E20005343A3630423F25E9623EC
:10F740005343E36323681B6A9847280004B070BDE5
:10F750000EFCFFFFF8B50400150006AA168807AADC
:10F760000F0012881900FCF77BFF0D4BA7640833CC
:10F7700023602300AA884C339A80AA7920009A71CA
:10F78000084AE264AA6862652A7B1A736A7B5A7324
:10F790000E22AA561E829A73FFF768FF2000F8BD5A
:10F7A000DC5C0300EC580300F0B585B001930AABB4
:10F7B0001E880BAB1B78451C02930EAB1B78040014
:10F7C00003930B78170003704B8A10224382013198
:10F7D000280015F09BFA6B469B88268363836B4653
:10F7E0001B7B002623776B4601221B7A6761E68329
:10F7F000EB77A31CDA770C9B0C25636223002000B7
:10F800000D9A28331A705E709E702A0031002C30D9
:10F8100015F09AFA2000074BE663A3632A00310033
:10F82000403015F091FA2000034B2665E36405B0E3
:10F83000F0BDC046C9000300BB000300F0B50700DF
:10F84000C5B0016042606D4900222FA812F0BAFFD6
:10F850003B000833069312230024012601930C3B3E
:10F8600012AD04960093069A23002FA903940294E4
:10F870001AA8FFF799FF22006149280012F0A2FFA1
:10F880003B000E3307930A230193083B2900079A94
:10F89000049600930394230002942FA8FFF784FF9B
:10F8A00078683C8103687C815B69BC8198476223EE
:10F8B00002AA9B18DE77B6239B18DE770DAE1AAB33
:10F8C000F881099322002FAB4E4930000A9312F0C1
:10F8D00079FF2D214120337810222B70738A6B829F
:10F8E00002ABC918C01815F011FA022338682B753D
:10F8F00009ABAB61AC8302F005FF036829001B680C
:10F9000098477E2202AB9B181B8854323B8202AB85
:10F910009B181B8838687B8202F0F4FE0368398AE2
:10F920000094DD68069A0623A847386802F0EAFECC
:10F930000368798A0094079ADD680223A84738682B
:10F9400002F0E0FE0600142015F0ADF905000C22CF
:10F95000210015F0F9F928002B4B2C61082280C0FA
:10F960000BA90B930C9415F0D1F9284BEB60B369FC
:10F97000A34200D02B61264BB5611E68002E3AD001
:10F98000302015F090F90400103011F03CF92000FF
:10F99000243010F0B6FF05232380043B6380182039
:10F9A00015F081F91B4B05000D93002380C519004C
:10F9B0000690102228000E9315F0C6F908220DA912
:10F9C000280015F0A3F9144B069A21005361002377
:10F9D000E360C233A3800023A2602362E362336842
:10F9E00030005B689847002805D0200011F032F8FD
:10F9F000200015F054F9380045B0F0BD3E69030011
:10FA00002E6903004E69030037270300CD2603004B
:10FA1000202700207B270300F726030010B50400F1
:10FA2000054B083303601C3011F05EF820001830DD
:10FA300011F05AF8200010BD305D0300FF23F0B52F
:10FA40002B4C8DB02370002305006946008800937D
:10FA500004F0B6FD002802D16B469B782370254E3A
:10FA60003368DB68002B06D1002328881A001900B0
:10FA700012F0CEFE3AE02378032BF5D81E4901A8F8
:10FA8000FCF7DEF8336801A9DE6804A811F081F8FC
:10FA900004A9300012F04AFD060004A811F024F871
:10FAA000371E1ED031002022103104A815F02EF987
:10FAB000300015F0F4F8217804ABC9005918082279
:10FAC00002A815F023F928880123082202A912F0C0
:10FAD0009FFE0127002804D12888084A0C2112F033
:10FAE00095FE01A811F000F8002FBDD00DB0F0BDBB
:10FAF000492200203C270020E1690300FFFF0000AD
:10FB0000F0B5837991B004005B071BD5FCF754F87E
:10FB100000232269801A9941994203D1F423FF33CB
:10FB200098420FD9A068002808D0364B1D8802F0F3
:10FB3000D9FD036815221B6A290098470422A3797E
:10FB40009343A371A3799B075AD52F4D2B68DB688C
:10FB5000002B51D02D4B1A780193032A4CD8294BF6
:10FB60002B491B8804A80093FCF76AF82B6804A9AA
:10FB7000DE6808A811F00DF808A9300012F0D6FCD4
:10FB8000070008A810F0B0FF02AB9E1D082332004A
:10FB9000338006A9073B009812F03CFE002F08D0E6
:10FBA00039002022103108A815F0B0F8380015F0FF
:10FBB00076F8019B32881B7806A9DE0008AB9E19F7
:10FBC000300015F094F8002813D0082206A9300060
:10FBD00015F09CF82B6804A9DD6805A810F0D9FF82
:10FBE000202308AA05A9280012F0A6FC05A810F0F9
:10FBF0007BFF04A810F078FF0222A3799343A3713E
:10FC000011B0F0BDDC2900203C2700204922002053
:10FC1000E1690300F7B5040000250192C77FAF42F8
:10FC200054D966197078884202D1152927D804E082
:10FC3000605D2D180135EDB2F1E701228A402648BA
:10FC400002421CD0D91901201F2943DCE1193718C1
:10FC5000B94210D80021C8B2834205D9019A701860
:10FC6000575C01318770F6E7625D9A186255E27F52
:10FC70009B18E37728E00878C8540139E8E7655D08
:10FC8000013DEDB2AB4209D10021C8B283421BD97C
:10FC9000019A7018545C01318470F6E7FF187F1BDD
:10FCA00001201F2F16DC0227A81C7F4236187F1B5D
:10FCB000E07F2218964203D23078F0550136F7E7FC
:10FCC000451B023DE57701E0002003E0019A20009A
:10FCD00012F0D3FDFEBDC046FC00200070B50D0043
:10FCE00002F000FD04000368002D02D15B69984713
:10FCF00008E09B689847854204D2236820009B68EF
:10FD000098470500FA2080006843024906F050FE3B
:10FD1000E08070BD71020000F0B507001600A1B0D0
:10FD200002C704006B4918A81D0012F0D8FD331E4D
:10FD300003D0300015F048F883B20122049200226B
:10FD400003920292023201920093320018A9380005
:10FD5000FFF72AFD23006049583318A8079312F0D3
:10FD6000BEFD2B1E03D0280015F02EF883B2012211
:10FD700004920022039202920232019200932A001E
:10FD800018A90798FFF710FD23005449AC3318A8B1
:10FD9000089312F0A4FD269B002B03D0180015F049
:10FDA00013F883B2012204920022039202920232DB
:10FDB00001920093269A18A90898FFF7F5FC631C96
:10FDC000FF33474918A8099312F089FD279B002BA0
:10FDD00003D0180014F0F8FF83B20122049200222D
:10FDE000601C03920292023201920093279A18A992
:10FDF000FF30FFF7D9FC23005533FF33394918A8EA
:10FE0000099312F06CFD289B002B03D0180014F00E
:10FE1000DBFF83B20122049200220392029202329B
:10FE200001920093289A18A90998FFF7BDFC2300B6
:10FE3000A933FF332C4918A80A9312F050FD299BCF
:10FE4000002B03D0180014F0BFFF83B201220492EC
:10FE5000002218AD03920292023201920093299A75
:10FE600029000A98FFF7A0FC204B1B780B93002B6E
:10FE70002DD1079B12971393089B0DAF1493631C0E
:10FE8000FF331593099B1A4916930A9B3800179361
:10FE900012F025FD1D2149203B7810222B707B8A12
:10FEA00012AE6B8206ABC918C01814F02FFF0623E0
:10FEB0002B756B469B8D2068AB83AE6102F022FCF4
:10FEC000036829001B6898470122084B1A7020001C
:10FED00021B0F0BD292A0000242A0000252A0000B4
:10FEE000272A0000262A0000282A00003B2A00209A
:10FEF0000A18000070B5002504000B4B85800833FC
:10FF000085710360C1601830FBF7D4FE20001C30FF
:10FF1000FBF7D0FE0123621CD377044AA56065611C
:10FF200020001460A37170BD305D03003C270020E9
:10FF3000FA2130B585B00500012302228900684608
:10FF400010F06CFE074C2068002809D012F011FD5B
:10FF50002988054B22681980022193790B439371FC
:10FF600005B030BD3C270020DC29002010B50C0076
:10FF700007290BD8806802F0B5FB054B19570368B9
:10FF80005B6C9847002802D0024800E0024810BD90
:10FF9000DD6A030016FCFFFF17FCFFFFF0B5A04C65
:10FFA0000D00A5440400059396AB1B789D4908A855
:10FFB00007930692FBF744FE200029001C3010F046
:10FFC000F0FD994909A8FBF73BFE98490AA8FBF701
:10FFD00037FE0CAE09AA08A90BA810F0F1FD2A0003
:10FFE000300011AD0BA910F0EBFD0AAA310028007A
:10FFF00010F0E6FD290008A810F0D3FD280010F04D
:020000040002F8
:1000000073FD300010F070FD0BA810F06DFDE020C6
:10001000C00002F04BFF082014F045FE070000214D
:1000200002F028FB0C22A7600021300014F08CFEA7
:100030002B0007CE07C37E4B2900EB60002338005E
:100040002B6113F0A6FAA06802F04CFB0C220021F1
:100050000490280014F078FE142014F024FE754B50
:100060002A0011930300C2CAC2C3734B049FC3602A
:100070000023A43703613B68002B00D00361386084
:10008000A06802F03FFB0C2200210490280014F02D
:100090005BFE142014F007FE684B2A001193030046
:1000A000C2CAC2C3664BC36000230361049B1B6BBF
:1000B000002B00D00361049B11AE1863A06802F00E
:1000C00011FB0C2200210490300014F03DFE14209E
:1000D00014F0E9FD5B4B1193030086CE86C35A4BA7
:1000E000049FC3600023983703613B68002B00D056
:1000F00003613860012004AB1B7F04AA03430BA9F2
:10010000137712F089FBA06802F00CFB03684F49DB
:100110005B6A9847A06802F005FB03684C499B693D
:100120009847A06802F0FEFA0021036800911E685B
:100130000A000B00B047079B002B0AD0200012F0EA
:1001400021FC032805DDA06802F0ECFA0368DB68F7
:10015000984706212000FFF709FF182014F0A3FD9F
:10016000A16800F04BFB542014F09DFD059AA16896
:1001700001F030FF374B384A1B68A1680393374BB7
:1001800028001B680CAD0293354B00261B680193B9
:10019000069B1B6804330093324B12681B68FFF701
:1001A000BBFD302014F07FFD059AA16800F0A2FC91
:1001B000A06802F097FA036829009B6A9847082311
:1001C000A0682B80DB186B80AE8002F08BFA03688E
:1001D0002900DB6A98470621A06812F08CFB089A78
:1001E00009219378A068043212F098FBA06802F00D
:1001F00079FA32210671A068FFF770FDA06802F05D
:1002000071FA12F062FB0AA810F06EFC09A810F057
:100210006BFC08A810F068FC91239B009D44F0BD86
:10022000BCFDFFFFED6903000A6A0300FB690300E0
:100230001D28030031FF01002B2803003DFA0100B7
:1002400039280300672803004728030069020200D9
:100250009D02020044270020402700201820002093
:10026000482700201420002013B506226846FBF71B
:10027000F7FC094B1C68002C0AD0694601A810F055
:1002800088FC200001A912F09DFB01A810F02CFCB5
:10029000684610F029FC13BD3C270020002373B5ED
:1002A00001AE0C0031000500019304F089F900282B
:1002B00002D1B278064B1A70064B1868002806D097
:1002C00061426141044BC9B21D8012F083FB73BDD2
:1002D000492200203C270020DC29002030B5284C92
:1002E000A9B06A220D000DA8210014F00FFD0DA980
:1002F00003A8FBF713FD03A906A810F0BFFC012318
:100300000193013BFF3B00930533FF33642206A9B1
:100310002800FDF791F806A810F0A3FC210019228F
:100320006A3106A814F0F2FC05220024110006AB85
:1003300004A810F0CAFC04A905A810F09FFC0194C1
:1003400000942300220005A92800FCF7B9FF05A8A6
:1003500010F087FC21002800FDF79CF805340520EB
:10036000FBF750FAFF2CF5D1FA208000FBF74AFA90
:1003700004A810F076FC03A810F073FC29B030BD7F
:100380005E690300F0B5854B8DB005921A680823AD
:1003900004000D00D16C07A80B43D3648049FBF720
:1003A0004FFC804908A8FBF74BFC220000261C32BA
:1003B00007A90BA810F004FC08AA0BA909A810F0C3
:1003C000FFFB0BA810F090FB631CDE77A06802F027
:1003D00089F90368FF275B699847A06812F0B8FAAB
:1003E0000621A06812F087FA099A09219378A0687B
:1003F000043212F093FAA06802F074F9C821067171
:10040000A068FFF76BFCA06802F06CF90681A06899
:1004100002F068F912F059FA2800FCF797FE200064
:10042000FBF754F929002000FFF758FF29002000AE
:1004300012F05DFB049603966369DB0736D55A49D3
:100440000AA8FBF705FD0AA90BA810F017FC00226B
:100450000BA91300019200922800FCF731FF0BA8B2
:1004600010F0FFFB049B002B01D1043F00E0043798
:10047000282F03DD0023FE2F06DC06E0280011F004
:1004800035FB0123002F00DC0493059810F045FE96
:10049000002806D0012362699A4313000422134303
:1004A00063610AA810F0DDFB002303930422636953
:1004B00013422BD0FF212800FCF7ECFF0026A36994
:1004C00002229B5E9E421BDA200031B2183010F0EF
:1004D0008DFB0023010028001A007430FBF70AFD91
:1004E000C8208000FBF78EF9280011F0FFFAC82021
:1004F000FBF788F902226369134201D10136DEE776
:10050000FA208000FBF77EF900230393022263693F
:10051000134234D008261E401BD024490AA8FBF7FA
:1005200097FC0AA90BA810F0A9FB00220BA9130045
:10053000019200922800FCF7C3FE0BA810F091FB7B
:100540001B48FBF75FF90AA810F08BFB194B0393CC
:1005500015E019490AA8FBF77BFC0AA90BA810F0C3
:100560008DFB330032000BA9019600962800FCF7A2
:10057000A7FE0BA810F075FB0AA810F072FB642010
:10058000FBF740F9039B01330393039A0B4B9A4209
:1005900000DC51E710F046F94EE7C04698260020EF
:1005A000FD690300FB6903000D6A0300526A030042
:1005B000983A00008C0A00008F6A03008B0A000042
:1005C00073B50B4E05003100C06811F082FF041EA8
:1005D0000AD16B46DA1D107004233100E868FEF77B
:1005E0009BF9200014F05BFB10F01CF973BDC046B2
:1005F00045660300F0B587B001930EAB1B8806007B
:1006000003930D9B0D000093019B02920C9F002B06
:1006100041D0002F02D1009BDB073CD5302014F0E5
:1006200042FB0400103010F0EEFA2000243010F0ED
:1006300068F96B461B8918202580638014F033FB12
:10064000049707000500009B10220593019B0021E1
:1006500008C7380014F078FB082204A9380014F009
:1006600055FB0E4B02226B6100230399E36023626A
:10067000E36233680A43A560A2805B682100300012
:100680009847002808D0200010F0E4F9200014F06A
:1006900006FB034800E0034807B0F0BD572B0300FA
:1006A00016FCFFFF17FCFFFF0300F0B5C5B0050007
:1006B00002C300224B492FA800241227079312F0EF
:1006C00081F8012312AE049301970093079A230047
:1006D0002FA9039402941AA8FFF766F82200424952
:1006E000300012F06FF8012331000493019700935A
:1006F0006A1D2300039402942FA8FFF755F8622384
:1007000002AA9B180122DA77B62302AA9B180122BB
:10071000DA771AAB099322002FAB34492C716C7134
:100720000DA80A9312F04EF82C222D21412002AB85
:100730009B181B781C3A337002ABDB8F09AF7382B6
:1007400002ABC918C01814F0E1FA02232868337507
:10075000B761B48301F0D6FF036831001B68984786
:100760007E2202AB9B181B885432EB8002AB9B1895
:100770001B8828682B8101F0C5FF03680094E98875
:10078000DE68079A0123B047286801F0BBFF0368C1
:100790000094DE68298901236A1DB047144F386828
:1007A000A0421CD0134A0C940B92C02202926A46BB
:1007B0000BAB42CB42C201212B002200FFF71AFFF4
:1007C0000D4B38680D93C02302936B460E940DAA0F
:1007D00042CA42C32B0022000221FFF70BFF280070
:1007E00045B0F0BDE56A0300056B0300F56A030040
:1007F00020270020A12B0300FD2B0300F0B50500EE
:100800000024564BA9B0083303600391A96021006E
:100810000BAB1A1901345170102CFAD10122504837
:100820001A701A1B013C015D5174002CF9D19A7B9E
:10083000597B12020A43290045270C3102912521D8
:100840001B7813AE337002ABFF18C91872823800E0
:10085000102214F05BFA029B0A227361012302A9A1
:10086000FA773C325218D377338333771DAB1C7041
:100870006D235B181C706E230C225B18748321009F
:10088000F4831EA81C70746214F05EFA354B0C22BF
:10089000B363F463210023A814F056FA2200324B0C
:1008A0003465F3642C73059606AF3B1901345A7016
:1008B000102CFAD101232D493B703B1B013C0A5DF2
:1008C0005A74002CF9D111212520BB7B7A7B1B02A5
:1008D0000BAE13433A78738202ABC9183270C0185A
:1008E000102214F013FA01230398337505ABB3619A
:1008F000B48301F007FF036831001B68984713AB0E
:10090000DB8BA868AB8201F0FDFE03680094A98A26
:10091000029ADE680123B047A86801F0F3FE029056
:10092000142014F0C0F906000C22210014F00CFA77
:10093000300001233461082220C039000793069457
:1009400014F0E4F90A4BF360029B9B69002B00D082
:1009500033612800029B9E6129B0F0BD485D030011
:10096000256B0300C9000300BB000300156B0300E7
:10097000552C030010B5054C2368002B03D1012032
:1009800014F091F92060206810BDC0464C2700206B
:10099000F0B591B0140001911222002105A8039333
:1009A00014F0D2F9002C5ED02378002B5BD0002508
:1009B0002E4AAB009F58380014F006FA39000600A2
:1009C0000200200014F007FA002804D104AB1D71C6
:1009D000A41901230DE00135042DE9D1002308E01D
:1009E00001360E2E0DD16946097805AA6B1C5155AA
:1009F00001341D0023780093002B16D0112D14DC38
:100A000000261B4AB3009F58380014F0DDF9390066
:100A100002900200200014F0DEF90028E0D105ABBE
:100A2000EE54029B0135E418E4E7AA230AAC2370D4
:100A300054336370EE3BA3706B461B7B2A0005A901
:100A40000BA8E37014F062F902230A4A032101980B
:100A500011F064FF2B1DDBB222001621019811F06A
:100A60005DFF002000E0044811B0F0BD54200020DC
:100A70001C200020AE6B030017FCFFFFF0B58DB00B
:100A80001D0012AB1B780F005BB2111E01932AD020
:100A9000002D28D003AC0A22200014F037F90E20D4
:100AA00002AB29000622C01814F030F9AA2307AEC1
:100AB0003370543373706B4600251B79B570F37037
:100AC00008AB07CC07C3226803211A603800022351
:100AD000064A11F023FF142332001621380011F0CA
:100AE0001DFF280000E002480DB0F0BDAE6B030012
:100AF00017FCFFFFF0B500260400764BDDB008338D
:100B000003608160C260868086713200724947A8A6
:100B100011F058FE2300143308931223012501938A
:100B20000E3B04950093089A330047A9039602965A
:100B30001DA8FEF739FE3200684947A811F042FEB1
:100B40000C2322000193083B15AF1032049500934B
:100B500047A933000396029632A8FEF725FE32001D
:100B60005F49380011F02EFE23001C33099308233F
:100B70000193043B390004950093099A33000396CE
:100B8000029647A8FEF710FE32005649380011F0D1
:100B900019FE542014F087F823001833079312230A
:100BA00001930E3B390004950093079A3300039696
:100BB00002960690FEF7F8FD069B0822A3624A4BB8
:100BC0000AA90A93069B0B961800DC62303014F0D9
:100BD0009DF8069A454B268293631300668229335B
:100BE0001D7023690422E3610999079814F08EF8B7
:100BF00004220799089814F089F8662304AA9B1820
:100C0000DD77BA239B18DD7787235B009B18DD77A0
:100C1000069B32000233DD771DAB0C9332AB0D9394
:100C200047AB0E93069B3249A68510A80F9311F08F
:100C3000C9FD30223121452004AB9B181B781232AC
:100C40003B7004AB9B181B88323A7B8204ABC918FB
:100C5000C01814F05BF804230CADA0683B75BD61AF
:100C6000BE8301F04FFD036839001B68984782225C
:100C700004AB9B181B885432238404AB9B181B883D
:100C80005432A38404AB9B181B88A068638401F0D2
:100C900039FD0700142014F006F805000C2231007D
:100CA00014F052F82800134B2E61082210C010A92E
:100CB0001093119614F02AF80F4BEB60BB69B34206
:100CC00000D02B61BD612000FAF700FD20005DB06F
:100CD000F0BDC046545D0300C06B0300F06B030021
:100CE000E06B0300B06B0300672D0300D32C0300FF
:100CF000D06B03006D0D0200FD2C0300F0B5040065
:100D000085B000930CAB1B8810300E0015000193CA
:100D10000FF079FF200024300FF0F3FD268065806E
:100D2000182013F0C0FF070002AE33003D000AAAEE
:100D300003CA03C3009B102208C50021280014F039
:100D400003F831000822280013F0E0FF064B0222CE
:100D50007B61200000230199A7600A43E360A28021
:100D60002362E36205B0F0BD272D0300F0B50B89C7
:100D70008DB00593CB68050004934B88828C9A4212
:100D80000ED1049C059B049A1B1BD318032B39DD41
:100D900062882188012308A80FF040FF0434F1E79E
:100DA000428C9A422ED1049C059B049A1B1BD3189B
:100DB000032B27DD2388302006936388EF68079391
:100DC000114B08930023099313F06DFFC0236A466B
:100DD0000600029308AB03CB03C22B000699079AC7
:100DE0003000FFF78BFF3B6831005B6838009847A5
:100DF000002805D030000FF02DFE300013F04FFF1B
:100E00000434D1E70DB0F0BD952D030070B504009A
:100E100092B0806811F0BFFE0223010019401AD180
:100E2000A38D002B17D00D4B6A4604931023E56861
:100E3000A1850591029304AB41CB41C20A00230076
:100E400006A8FFF75BFF2B6806A99B682800984758
:100E500006A80FF0FFFD12B070BDC046952D03002F
:100E6000F0B5060050364A88338885B004000D007E
:100E70009A4206D026004E366A8833889A4243D179
:100E800025E00B89032BF5D9CB681B68436180688B
:100E900001F038FC31880026220003680096DF68E4
:100EA00014320423B8470127B74023693B4203D1DA
:100EB00063693B4200D091E023693B4203D0636900
:100EC0003B4200D090E00136132EECD1D2E72B89C3
:100ED000032B19D9EB68A0681B68236101F012FC91
:100EE00031880026220003680096DF681032042350
:100EF000B8470127B74023693B420CD023693B42E6
:100F00000DD10136132EF4D1230052336A881B8889
:100F10009A423CD107E063693B426BD1EEE76369DB
:100F20003B426DD1EDE72F89002F6FD007213800AC
:100F300005F0C4FD89B2002968D10731380005F0F9
:100F400037FD0723C0B25843EE6833180293029B63
:100F5000B3421CD03379F1781B020B431A0073792A
:100F600037781B041343B2793F0112061A430392E8
:100F7000B178737809021943E3680736D819FCF78A
:100F8000A7FEE3680399D819FCF760FFDFE7636DFC
:100F90006A88DB8B9A4239D12E89ED68012E35D9CA
:100FA00001222B789A409446614662690A4211D127
:100FB00067461801E2682369697810183B4202D13C
:100FC000FCF71CFE06E0FF2901D0890000E0104973
:100FD000FCF77EFE023E0235B6B2DFE7E368300181
:100FE0001818FCF73FFE67E7E36830011818FCF7B4
:100FF00095FE68E7E36830011818FCF733FE7DE7DB
:10100000E36830011818FCF789FE7AE705B0F0BDF7
:10101000FF030000F0B500240500884BDDB0083365
:1010200003608160C260848084712200844947A883
:1010300011F0C8FB2B00103301270A260893042364
:10104000019604970093089A230047A903940294F9
:101050001DA8FEF7A9FB22007A4947A811F0B2FBB0
:101060002B001433099304230196049715AE0093C3
:10107000099A230047A90394029432A8FEF794FB2F
:1010800022007149300011F09DFB2B0018330793AB
:10109000082301930633310004970093079A230035
:1010A0000394029447A8FEF77FFB220067493000B3
:1010B00011F088FB542013F0F6FD1A232A00019347
:1010C000063B3100263204970093039423000294D8
:1010D0000690FEF769FB069B08226B655C4B0AA92C
:1010E0000A93069B0B941800DD62303013F00EFE5D
:1010F000069A584B28009363130029331F7013225C
:1011000021002C616C613A3013F01EFE0E2221008A
:10111000079813F019FE662304AA9B18DF77BA23F9
:101120009B18DF7787235B009B18DF77069B2200E5
:101130000233DF771DAB0C9332AB0D9347AB0E93AD
:10114000069B454910A80F9311F03CFB302231213A
:10115000452004AB9B181B781232337004AB9B18EC
:101160001B88323A738204ABC918C01813F0CEFD45
:1011700004230CAFA8683375B761B48301F0C2FAD9
:10118000036831001B68984782222F002E0004ABB1
:101190009B181B884E373B80543204AB9B181B882E
:1011A000503633802B0052330693543204AB9B18D5
:1011B0001B88069AA868138001F0A4FA036839888E
:1011C0000094DF68089A0423B847A86801F09AFAE7
:1011D000036831880094DE68099A0423B047A86840
:1011E00001F090FA069B079A198803680094DE685C
:1011F0000E23B047A86801F085FA0700142013F009
:1012000052FD06000C22210013F09EFD3000134B0E
:101210003461082220C010A91093119413F076FDB8
:101220000F4BF360BB69A34200D03361BE6128005D
:10123000FAF74CFA28005DB0F0BDC0466C5D0300C3
:10124000406C0300006C0300206C0300106C030072
:10125000A92E0300DD2D0300306C0300610E020097
:10126000072E03000300F0B50400C7B00160426020
:101270002C330022644931A8089311F0A3FA23000B
:10128000083307930A23002501270193053B0497A0
:101290000093079A2B0031A9039502950898FEF751
:1012A00083FA2A00594931A811F08CFA0823220048
:1012B00001930C3314AE10320497009331A92B0024
:1012C000039502951CA8FEF76FFA2A0050493000DA
:1012D00011F078FA23000E3309930A230193083B97
:1012E000310004970093099A2B000395029531A8C9
:1012F000FEF75AFA05222900079813F025FD7823F6
:101300002000E381434B08220AA92574A4655C30C0
:101310000A930B9513F0FAFC3F4B04AA6366230073
:1013200055331F70083B1F7062239B18DF77B6236D
:101330009B18DF77089B2A000C931CAB0D93374951
:1013400031AB0FA80E9311F03DFA2C222D21412034
:1013500004AB9B181B781C3A337004ABDB8F0CAFCB
:10136000738204ABC918C01813F0D0FC03232068A3
:101370003375B761B58301F0C5F9036831001B68A7
:10138000984723007E224A331B882068A38404AB3D
:101390009B181B885432E38404AB9B181B8823855D
:1013A00001F0B0F903680095218DDE68099A0223E7
:1013B000B047206801F0A6F903680095A18C079A50
:1013C000DE680523B047206801F09CF9070014206F
:1013D00013F069FC06000C22290013F0B5FC300064
:1013E0000F4B3561082210C00FA90F93109513F011
:1013F0008DFC0C4BF360BB69AB4200D03361200025
:10140000BE6147B0F0BDC046706C0300506C030075
:10141000606C0300CF2F0300D72E0300806C030005
:101420002B2F0300012F0300F0B587B001930EAB03
:101430001B88060003930D9B0D000093019B0292F5
:101440000C9F002B41D0002F02D1009BDB073CD525
:10145000302013F028FC040010300FF0D4FB2000E3
:1014600024300FF04EFA6B461B89182025806380CC
:1014700013F019FC049707000500009B1022059348
:10148000019B002108C7380013F05EFC082204A964
:10149000380013F03BFC0E4B02226B6100230399D2
:1014A000E3602362E36233680A43A560A2805B685D
:1014B000210030009847002808D020000FF0CAFA19
:1014C000200013F0ECFB034800E0034807B0F0BD38
:1014D0005D30030016FCFFFF17FCFFFFF0B50700AF
:1014E000F7B0016042609249002261A811F06AF9E8
:1014F0003B0008330024012612250693062301959C
:1015000004960093069A230061A90394029422A8EA
:10151000FEF74AF92200874961A811F053F93B0010
:101520000E3307930223019504960093079A230034
:1015300061A90394029437A8FEF736F922007E4988
:1015400061A811F03FF93B00103308930A2301937F
:10155000083B1AAD04960093089A230061A90394EE
:1015600002944CA8FEF720F922007449280011F0DB
:1015700029F93B001233099318232900099A04968C
:101580000193009623000394029461A8FEF70CF9DE
:1015900078683C8103687C819B69BC81FC819847A9
:1015A0007A2304AA9B18DE77CE239B18DE7791233B
:1015B0005B009B18DE77BB235B009B18DE7722ABBA
:1015C000119337AB12934CAB38821393220061AB6B
:1015D0005B49BC7415A8149311F0F4F8442245211A
:1015E000592004AB9B181B7812322B7004AB9B184C
:1015F0001B88463A6B8204ABC918C01813F086FBEF
:10160000042338682B7511ABAB61AC8301F07AF819
:10161000036829001B689847962204AB9B181B8817
:101620005432BB8204AB9B181B885432FB8204AB40
:101630009B181B8854323B8304AB9B181B8838686B
:101640007B8301F05FF80368B98A5D69069A062317
:10165000A847386801F056F80368F98A5D69079A67
:101660000223A847386801F04DF80368398B0094CD
:10167000DD68089A0223A847386801F043F8036838
:10168000798B0094099ADD683300A847386801F027
:1016900039F80600142013F006FB05000C22210087
:1016A00013F052FB2800274B2C61082280C015A99B
:1016B0001593169413F02AFB234BEB60B369A342F6
:1016C00000D02B61B561214E33689C46002B2BD096
:1016D000C022002402926A461D4D0C940B950BAB60
:1016E00003CB03C206213B0001226046FFF79CFEAC
:1016F000102202926A460E940D950DAB03CB03C2E5
:1017000006213B0002223068FFF78EFE102230686F
:1017100002926A460FAB0F95109412CB12C23B0097
:1017200004220621FFF780FE380077B0F0BDC046E6
:10173000B06C0300D06C0300A06C0300C06C03000D
:10174000906C03009D3003003330030020270020FD
:10175000C1310300F0B50700C5B0016042606D49BA
:1017600000222FA811F02EF83B0008330024012698
:101770000693122312AD0496019300962300069A55
:101780002FA9039402941AA8FEF70EF822006249CA
:10179000280011F017F83B000A3307930A2301933E
:1017A000083B2900079A04960093039423000294AF
:1017B0002FA8FDF7F9FF3C72786810F0F1FE622364
:1017C00002AA9B18DE77B6239B18DE771AAB7881C6
:1017D000099322002FAB51490DA80A9310F0F2FF94
:1017E0002C222D21412002AB9B181B781C3A2B7018
:1017F00002ABDB8F6B8202ABC918C01813F086FAFC
:10180000022338682B7509ABAB61AC8300F07AFF1B
:10181000036829001B6898477E2202AB9B181B882F
:101820005432BB8102AB9B181B883868FB8100F0E7
:1018300069FF0368B9890094DD68069A3300A847F8
:10184000386800F05FFF0368F9890094079ADD6843
:101850000223A847386800F055FF0600142013F053
:1018600022FA05000C22210013F06EFA28002C4BFE
:101870002C61082280C00BA90B930C9413F046FA3C
:10188000284BEB60B369A34200D02B61264BB561B6
:101890001E68002E3AD0302013F005FA04001030F4
:1018A0000FF0B1F9200024300FF02BF8082323802B
:1018B00001231820638013F0F6F91C4B05000D93EB
:1018C000002380C519000690102228000E9313F003
:1018D0003BFA08220DA9280013F018FA144B069AB7
:1018E000210053610023E360C233A3800023A26080
:1018F0002362E362336830005B689847002805D0B4
:1019000020000FF0A7F8200013F0C9F9380045B007
:10191000F0BDC046E06C0300F06C0300006D0300F6
:1019200059320300EF3103002027002099320300D1
:10193000193203001FB5084B1B68DB8B834209D1AA
:10194000064B07491A78074B68461A700123032291
:101950000FF064F905B000BD502700203D2A00209B
:10196000FF0300003C2A0020F0B505001C00AFB0CA
:1019700029610134143017000691FAF79BF9E3B29C
:1019800018000793FAF732F800240137FFB26860B5
:101990003800FAF72BF8494B11AE1C70484B286001
:1019A0001C706B461B7FAF72EB7222004549300002
:1019B0002C726C7210F006FF012304930B3331007C
:1019C000019300970B3B2A680394029419A8FDF732
:1019D000EBFE22003C49300010F0F4FE542013F0DE
:1019E00062F90123070004931F330193079B310021
:1019F00000936A68012303940294FDF7D5FE334BEC
:101A000022001F60324919AB0CA80897099310F007
:101A1000D9FE282229213D2002AB9B181B78183AB9
:101A2000337002AB5B8F738202ABC918C01813F01E
:101A30006DF902230698337508ABB361B48300F0E7
:101A400061FE036831001B6898477A2202AB9B183D
:101A50001B880698EB6000F055FE0700142013F079
:101A600022F906000C22210013F06EF93000194B08
:101A70003461082220C00AA90A930B9413F046F996
:101A8000154BF360BB69A34200D03361BE61069879
:101A900000F038FE040000210C220CA813F054F9C9
:101AA0000E4B0CAA0C9323006C3343CA43C30C4B5C
:101AB0002800A3670023E3672FB0F0BD3D2A002074
:101AC0003C2A0020776D0300676D0300502700203B
:101AD000576D03000B330300E13203003519020098
:101AE000D332030070B51500012A0BD014300FF06B
:101AF00058F80024022D06D196200121C0000EF0D6
:101B0000D6FE00E0014C200070BDC04617FCFFFF70
:101B1000F0B58BB002AFB8600C0015007B60012BF4
:101B200003D147490EF0FCFF85E04B7A3B611E0074
:101B300001235B427B61237A9E421FD07B69013384
:101B400042D123689B5D3B600023FB602B6802222F
:101B50009B5EFA689A420BDA0C23F95E28000FF0BC
:101B600045F83B68834200D17E61FB680133ECE7B6
:101B7000701CA17A05F08CF80E00DCE77B68022B64
:101B800022D17B6901331FD11C232900F8180FF0E3
:101B900000F81C237A68F9182000FFF7A3FF1C2324
:101BA000F8180EF0A1FF237A013B7B611C23F81883
:101BB000FAF780F81C232000F91814300EF0F1FF1A
:101BC0001C23F8180EF090FF7B69002B30DB6B466E
:101BD0003A69FB607B699D1A934203DAA57A7B69B7
:101BE000AD1AED182B0069460833DB08DB00CB1A71
:101BF0009D4602AE6A1C0021300013F0A5F8BB8A96
:101C0000A27A01933B69200000932168330011F010
:101C1000CFFB607AA17A0130401905F039F82AB279
:101C20006172B8683100FAF71BF8FB689D4602E064
:101C3000B868FAF73FF8BD46B86809B0F0BDC046CD
:101C400017FCFFFF70B505001400012A0ED0007AC2
:101C50004018A97A05F01CF8A9610025022C06D1CC
:101C600096202100C0000EF022FE00E0014D280069
:101C700070BDC04617FCFFFF70B50A0004000129C3
:101C800016D0437A002904D1027A9A4206D10C4830
:101C900014E0022902D1017A8B420BD0607A2368CA
:101CA000A17A1D5C013004F0F3FF2800617205E0A9
:101CB000044803E00121FFF7C5FFEFE770BDC04610
:101CC0000CFCFFFF17FCFFFFF8B506000F00150026
:101CD0001C00012B28D0002B0AD1AC4226DA0021AF
:101CE0003000FFF7C9FF002820DB38550134F4E746
:101CF0000020022B1BD1300011F06EFB854204DD69
:101D0000291A22003000FFF79DFF3C00E31B9D4293
:101D100003DCE843C017284009E002213000FFF748
:101D2000ABFF20700134F1E7014800E02000F8BD6E
:101D300017FCFFFF054B01001A78054B1B78981A1A
:101D40009A4202D9C87AC318981A70473C2A0020D0
:101D50003D2A0020F0B58DB002AF04003960BA61B1
:101D60007B61002A00DC99E07B69012B00D195E0C2
:101D700027230025FB1800691D7000F0C3FC2722F3
:101D800003684A499B69BA1809689847206910F0A6
:101D900002FF02231840A84206D12533FB181B7806
:101DA000AB427DD0F86100E0FD61206910F0F3FEE8
:101DB0000223184276D02533FB181B78FB60002BDA
:101DC00070D06B46BB603A4BFD691E78394B1B786F
:101DD0007B6000233B61BB699D4212DA701CE17A93
:101DE00004F056FF7B68994209D03B6862685B5DEE
:101DF0009355FB69CEB20133FB61FB683B61013552
:101E0000E9E73B69002B01D0294B1E702000FFF74A
:101E100091FF6A46C31DDB08DB00D31A9D4602AB67
:101E200002000021050018003B6112F08DFF204BDD
:101E3000E27A1B78200001937B6800933B6961681C
:101E400011F0B6FA7B69022B03D103211A48F9F786
:101E5000BBFB206900F056FC0026ABB2134D2A688C
:101E6000D18B02680096D6683A69B0477B69022B2D
:101E700011D1F9F75DFC206900F044FC27220368CA
:101E8000BA189B6929689847BB68BA699D46FB697F
:101E900093428ADB06E0BB689D4603E0074802E008
:101EA000074800E0F869BD460BB0F0BD50270020A0
:101EB0003D2A00203C2A0020FF03000017FCFFFF02
:101EC00016FCFFFF82B0F0B587B0040003A80D93A5
:101ED0000C92FCF7EFFE0CAB5D88022D34D0FF2D89
:101EE00062D0012D64D104A810F0EDFA334904A8A2
:101EF00010F0EFFA05AE071E06D12B0032002F4975
:101F000004A83570FCF708FD380012F0C8FE256DF6
:101F1000AB0503D1290003A8FCF7DEFE2200102345
:101F2000290003A80C32FCF711FF022224493000DB
:101F300012F0ECFE206800F0E5FB03682189320016
:101F40005C690223A04733E02200256D102329009D
:101F50000C3203A8FCF7FAFE80235B01EC18802505
:101F60006D056B69174A9B189B029C4212D2164B57
:101F700022689A420CD1154B62689A4208D100231C
:101F800005AA13702100009303A80133FCF720FF7A
:101F90000834E6E705A810F096FA084905A8FCF70A
:101FA00091FD0EF03FFC03E0094B1868FEF708FBBB
:101FB00007B0F0BC08BC02B01847C046506603002A
:101FC000106D0300EDFF3F00EF401104BBA22FB8DE
:101FD0003C270020F0B5002504000300216042608A
:101FE0002A00A9B04C338572C5721D7002AB0091F6
:101FF0000565DD700BAF7B1901355A70102DFAD1D4
:10200000012366493B707B1B013D4A5D5A74002DDC
:10201000F9D12521BB7B7A7B1B0213AE134373825C
:1020200002ABC91845233A7802A81B183270180071
:10203000102212F06BFE6420142202AB0333736192
:10204000012302A909180A70328302A932325218F8
:10205000D377738333771DAB1D706D235B181D70B1
:102060006E230C225B18F58329001EA81D70756273
:1020700012F06AFE4A4B2900B363F5630C2223A8D1
:1020800012F062FE2900474B3565F364039606ABF8
:102090005A1901355170102DFAD1012242481A7097
:1020A0005A1B013D415D5174002DF9D19A7B597B3A
:1020B00012020A43252011211B787A823B7002AB61
:1020C0001022C918C01812F021FE012300983B7598
:1020D00003ABBB61BD8300F015FB036839001B68CF
:1020E0009847F38B2068238100F00CFB0700142035
:1020F00012F0D9FD06000C22290012F025FE300056
:102100002A4B3561082210C004A90493059512F0EA
:10211000FDFD274BF360BB69002B00D03361BE612E
:1021200063683020019312F0BEFD050010300EF000
:102130006AFD280024300EF0E4FB0026C8236E80E0
:102140002B80182012F0AFFD07001A4B10C700902B
:102150001022310038000693079612F0F5FD082290
:1021600006A9380012F0D2FD134B009AEE605361BD
:102170001223AB80019BAA601B682E62EE625B6833
:10218000290001989847B04205D028000EF062FC63
:10219000280012F084FD200029B0F0BD146D03006A
:1021A000C9000300BB000300246D03008522020068
:1021B000FF330300C51E0200293403007FB5CB782E
:1021C000827A04000D00934226D006D2D31A07214A
:1021D0000022DD0F9942554104E09B1A0125F82B9E
:1021E00000DC0025EDB2002D49D1022224496846C9
:1021F000891812F08BFD206800F084FA03682189A9
:102200005E696A460223B047E37A0433DBB2E372C5
:10221000A3724C34257032E0060001338372230030
:102220004C3630780C33000118180431102212F0AB
:102230006DFD3378012B16D0002B0DD0032B1CD154
:102240000123C8211A0068460EF0E8FC0023337011
:10225000E37A0433E37212E06B78AA781B0213432B
:10226000236501230AE06B781A06AB781B0413433D
:10227000226D13432365022300E0013333707FBDD9
:10228000106D0300F0B54A88038997B007009A42A1
:1022900000D08DE00B89002B00D189E0CD682C782F
:1022A000022C00D17EE008D8002C0BD0012C00D0ED
:1022B0007EE02900FFF782FF7AE0EE2C52D0FF2C5F
:1022C00068D075E006A800F089F9142101AE3470D9
:1022D0006B7806AA73706B780E204B43D3189B68FB
:1022E00068441B0EB3706B784B43D3189B681B0C70
:1022F000F3706B784B43D3189B681B0A33716B7870
:102300004B43D3189B6873716B784B43D318DB68CE
:102310001B0EB3716B784B43D318DB681B0CF37146
:102320006B784B43D318DB681B0A33726B784B43D3
:10233000D318DB6873726B78594351181031082237
:1023400012F0E4FC386800F0DDF9036839895D6952
:1023500032001223A8473B004C33BC72FC721C7045
:102360003C6525E006AD03220021280012F0ECFCBC
:1023700001236B700F4B2C70186810F0E9FBA870EC
:10238000386800F0BFF9036839895C692A000323C3
:10239000A0470DE06B78002B04D0012B08D10EF084
:1023A00041FA05E001232200C82106A80EF036FC00
:1023B00017B0F0BD3C270020002815D00060416018
:1023C0008260C360046145618661C76144460462FE
:1023D0004C464462544684625C46C462644604636C
:1023E0006E46466374468463002A06D0C46B043C80
:1023F000043A25681560B442F9D18C6BA6464E6B41
:10240000B546002B06D0CC6B043C043B1D68256010
:10241000B442F9D10C6BA446CC6AA3468C6AA2469E
:102420004C6AA1460C6AA046CF698E694D690C6959
:10243000CB688A68086849687047006041608260BC
:10244000C360046145618661C761444604624C46CD
:102450004462544684625C46C462644604636E46C9
:10246000466374468463C46B043C043925680D607C
:10247000B442F9D1C769866945690469704700604B
:1024800041608260C360046145618661C761444602
:1024900004624C464462544684625C46C4626446AC
:1024A00004636C4644637446846304697047846BB8
:1024B000A646446BA546046BA446C46AA346846A38
:1024C000A246446AA146046AA046C769866945696E
:1024D0000469C36882680068416870470CC807488F
:1024E00010B51B18DB00D3181800934205D31C68E5
:1024F0008C4202D31800083BF7E710BDFFFFFF1F17
:1025000070B50D1C06000021281C04F017FC041EE9
:1025100006D13000291C03F081FD7560200000E029
:10252000004870BD17FCFFFF014B18687047C0469C
:102530006420002070B504000D0003F083FD616885
:102540002000FFF7DDFF024B00201D6070BDC0467C
:1025500064200020F8B51B4C0500A3059B0D03D09B
:102560008022D200A418E41A80235B05164A5B6916
:1025700016499B181648174A174E9B029C421FD2B9
:102580002768974218D167688F4215D1A76887429C
:1025900012D1E768B7420FD128002100082210317C
:1025A000243012F0B3FB2800210038301831082203
:1025B00012F0ACFB2C6303E08027FF00E419DDE799
:1025C000F8BDC046E06F0300EDFF3F00C615A8410F
:1025D000C49866C9708E3B9275EE5197F8B500238A
:1025E000070004000370061D4037002530003570D9
:1025F0007560B5600C3008222900143612F0A4FB77
:10260000BE42F2D12278032A09D01423C0215343B9
:102610004902E31801329D60D96022701D71217852
:10262000124B03290AD01422C0204A434002A218A8
:1026300001319060D3602170012111718022D2009C
:1026400099189B0522789B0DC91A032A09D01423D7
:102650005343E318996006490132D960227002227F
:102660001A712000FFF776FF2000F8BDE06F03002D
:10267000FFBB0300002370B5040001604360994272
:102680000AD1064D2B68002B02D111F0ADF928605C
:1026900023689B00EB586360200070BD602700201A
:1026A00070B500280DD10C4C2668002E07D10830DB
:1026B00012F0F9FA05003100FFF7DCFF2560206811
:1026C00008E00122054906480B68134002D1026068
:1026D00043600A6070BDC046542700206427002074
:1026E00058270020436810B50400002B02D104488D
:1026F00012F002F9606803681B69984710BDC04674
:10270000346D0300436810B50400002B02D1044867
:1027100012F0F2F8606803689B69984710BDC046E4
:10272000346D0300436810B50400002B02D1044847
:1027300012F0E2F8606803685B6A984710BDC04613
:10274000346D030000487047FFFF0000F0B597B0FC
:102750000593036807AD1B680491039311002B00D8
:10276000060091C991C30024D36821000C220CA853
:10277000EB602C6112F0E8FA21000B4B10940F93E0
:1027800011AB1C701A1901345170102CFAD10022AF
:102790005A820193059B2A00009304990CAB3000E8
:1027A000039CA04717B0F0BDD1360300FC3070B5D4
:1027B000046C0500002C0DD1242012F074FA064B95
:1027C00044608361054B8460C46004614461C461FA
:1027D00003602864286C70BD585E0300405F0300EE
:1027E000FC3070B5C56B0600002D16D1342012F0F8
:1027F0005AFA04003422290012F0A6FA084BA56008
:102800006360084B65612361074B2562E361074BF9
:10281000E562A362064BF4632360F06B70BDC046B3
:10282000885E0300785E0300E85E0300F85E030044
:10283000085F03007FB503791548002B26D0154D9E
:10284000154C2B782000002B20D102AE300010F068
:1028500023FF002814D17388592B11D13378B28803
:10286000D91F012902D800920C4A01E000920C4ABB
:10287000202120000BF0CEFF01232B70200005E06B
:1028800020220849200012F0B8FAF7E704B070BD22
:10289000876D03003E2A00203F2A0020A16D03001F
:1028A000BE6D0300E36D030010B50400024B08C0C9
:1028B00010F07DFF200010BDF85E030010B504008D
:1028C000024B08C010F073FF200010BD985E03009B
:1028D00010B50400024B08C010F069FF200010BDC5
:1028E000885E030010B50400024B08C010F05FFFC3
:1028F000200010BD785E030010B50400024B08C034
:1029000010F055FF200010BD685E030010B50400F4
:10291000024B08C010F04BFF200010BDA85E030062
:1029200010B50400024B08C010F041FF200010BD9C
:10293000585E030010B50400024B08C010F037FFCA
:10294000200010BDAC5D030010B50400024B08C0B0
:1029500010F02DFF200010BD9C5D030010B5040099
:10296000024B08C010F023FF200010BD8C5D030057
:1029700010B50400024B08C010F019FF200010BD74
:10298000BC5D030010B50400024B08C010F00FFF3F
:10299000200010BDE85E0300FC3070B5046C05003B
:1029A000002C0DD1242012F07EF9064B4460836187
:1029B000054B8460C46004614461C46103602864A1
:1029C000286C70BD585E0300405F0300104B10B5CB
:1029D000083303600F4B0400C36080230E4A5B0082
:1029E000C250C018FAF788FA20000C4BB830E360E8
:1029F000FFF7BEFF2000AC30FFF79CFF2000A030A7
:102A0000FFF7A2FF20006C30FFF7A8FF200010BDE9
:102A10006C5F0300B45F030020610300CC5D030022
:102A2000F0B50500040087B0AC356B68AB60AE68EC
:102A3000002E08D0F368210030009847AB68002BC7
:102A4000F3D01B69F2E72000B03010F0B0FE220096
:102A5000FC235832117820000B40137023005C33A4
:102A60001E700A3010F0B7FF2000343010F0B3FFB2
:102A70002000643010F09BFE2000983010F097FE8C
:102A8000200001ADA43010F092FE31000C2228008D
:102A900012F05AF923002A006C3383CA83C3094B0E
:102AA000E667A3670C223100280012F04DF92300DD
:102AB000803307CD07C33000034A90341A60266084
:102AC00007B0F0BDC3360300B5360300454AF0B584
:102AD0000600C260A022444B163608330360010092
:102AE000002342820400320085B0037183600374C6
:102AF000838235311370013200259142FAD180274B
:102B000080222000D201BF001100F57737842B000E
:102B10000095383000F024FF230021004033039358
:102B20001A002B005F311370013200258A42FAD15E
:102B3000039B2200DD77230060331F80FC23643277
:102B4000117820000B401370230068331D70274B51
:102B50002900E36625670C22783012F0F5F823008F
:102B6000270088331D60224B0837FB678437290014
:102B70000C22380012F0E8F81E4B1F4AFB602300BD
:102B8000A0333D611A601D4A5D60DA601C4A1D6118
:102B90009A61DD61300010F01EFF039810F01BFFFA
:102BA000184B601CE3602300C4331D705D709D7082
:102BB000FF3002F09DFD8C235B00E55023001933AC
:102BC000FF335D618023104A5B00E2502300012245
:102BD0002000FE3352425A86023B9D63DD631D6432
:102BE00005B0F0BDCC5D03006C5F03008C5D03009D
:102BF000C3360300B53603009C5D0300AC5D0300E3
:102C0000BC5D0300B45F03002061030070B5074C96
:102C10002368002B07D1A020400012F044F80500E3
:102C2000FFF754FF2560206870BDC046682700206C
:102C300070B50C220D000021040012F085F800236D
:102C40002361024B25602000E36070BDD332030096
:102C500070B500250400264B05710360254B4571B6
:102C60008360254BC5604361244B85610362244B1F
:102C70004562C362234B05638363C5632900443007
:102C8000FFF7D6FF200029005830FFF7D1FF2000C2
:102C900029006C30FFF7CCFF1B4B22002360230080
:102CA000F832803320C39342FCD126001D00E93660
:102CB000FF36280008220021083512F045F8AE4200
:102CC000F7D18E22330000209200A11801C3002208
:102CD0009942FBD18E239B00E2540C490C4B6118A6
:102CE000E3181A8002339942FBD1200070BDC04620
:102CF000B85E0300685E0300785E0300885E030030
:102D0000985E0300A85E03004060030062020000BA
:102D10003A02000010B5040002F020F8034B1B68D3
:102D2000002B01D02000984710BDC0466C27002022
:102D3000F0B58DB0050001F083FA0020FFF766FFC3
:102D4000036807001B6998473B6804009B693800CB
:102D500098473B6806005B6A38009847030028885C
:102D600010380B2800D998E003F018FE063D97971D
:102D7000975A979797619773AF882000390011F0A1
:102D80004CF822006B7B583201931378A879190014
:102D90000223194306AB11701F80012306AA93700A
:102DA000D07013006A461279E91D9A722B00062230
:102DB000163307A80B9311F0A9FF29000B2006ABCF
:102DC00006220E31C01811F0A1FF94346368A3608D
:102DD000A068002861D0C36806A99847A368002BA3
:102DE000F4D01B69F3E720002F49AF8811F015F8E4
:102DF0002200022058321378A9798343137006AB5E
:102E00001F809970A0346368A360A068002844D034
:102E1000C36806A99847A368002BF4D01B69F3E7A1
:102E20005B69A91D002B38D0A888984735E0636EF0
:102E3000AF79002B31D0A366A06E00282DD0C368D7
:102E400039009847A36E002B01D1636EF3E71B692D
:102E5000F1E701220D27AB7BE91D1A4001925A07C9
:102E6000920FDB08029206A80622EF57049311F096
:102E70004DFF6A46127906ABDA716A46127A9F7183
:102E80001A726A46127C20005A722B008C340F335F
:102E900009938030236806A998472900300011F073
:102EA000AFF80DB0F0BDC046FFFF00000723D728E4
:102EB00002D9024B186000231800704770270020C9
:102EC000014B18607047C0466C2700201FB5A32334
:102ED0008022DB00D205D3580820DB0700D4053060
:102EE0001E4B48221E4902F0C9F900280AD080B2C0
:102EF000002807D1BFF34F8F1A4A1B4BDA60BFF38C
:102F00004F8FFEE702AC08220021200011F01CFFC9
:102F100001232370154B20001B68636010F0DCFD5B
:102F2000002801D0072017E0684610F0D3FD0028E4
:102F3000F8D1694610F0CCFD0028F3D10C4802F01E
:102F4000CDF980B2002807D10A4802F0D1F980B249
:102F5000002801D100F082FC04B010BDDF3A03006C
:102F6000742700200400FA0500ED00E0702700201F
:102F7000312D0200152D020080B2002807D1BFF3C9
:102F80004F8F034A034BDA60BFF34F8FFEE7704762
:102F90000400FA0500ED00E070B500200C00FFF71A
:102FA00035FE03685B6A98472378142B17D002D844
:102FB000132B05D03FE0152B18D0222B35D03AE04B
:102FC00064680122A37819005D0811402A40456811
:102FD000DB065B0F002D2ED02088A8472BE08368EE
:102FE000002B28D06268917810881CE06468A27871
:102FF00013091207120F012A02D0022A08D00DE08D
:10300000013BDBB20021022B09D80C4AD15C06E05F
:103010000421012B03D00131022B00D00021C36811
:10302000002B08D02088984705E00369002B02D0C8
:10303000626810889847002070BDC046EB6D0300A1
:10304000014B18787047C046602A0020F0B51E007A
:103050002F4B87B0009201931A78002305000C00D3
:103060009A4252D101F0ACFE002801D00B234CE073
:10307000002E0ED003A92220039610F038FD002860
:1030800007D00623082840D0113843424341043377
:103090003BE0002302AA1000137000F095FE011E11
:1030A000E4D101261B4F35403A783440B2432A43DD
:1030B0006300022514000720009AAC4302401C4321
:1030C0001C23AA409C4314433C7003AC0C222000F8
:1030D00011F03AFE0920104B3900039302AB052290
:1030E000C018257111F012FE21000C4800F0D8FE26
:1030F000002807D00723042807D0013B082804D064
:10310000053302E0019B1E700300180007B0F0BDFC
:10311000602A00204A220020992F02005F2A002006
:1031200010B5074800F086FF0023984206D0073309
:10313000042803D0013B082800D00533180010BD37
:103140005F2A0020002373B501930F4B01AD1B785C
:103150000E0029002B7001F033FA041E04D0042362
:1031600005280FD007330DE03100280000F0D2FE13
:103170002300002806D00723042803D0013B082899
:1031800000D00533180076BD5F2A002073B5104CBF
:103190000E00050005222100684611F0B7FD012E42
:1031A00006D0022E11D1012223781343B34303E04A
:1031B00002222378B343934369462800237010F01A
:1031C00094FC031E02D00B2300E00223180076BDFE
:1031D0004A220020094B10B51A7801000923002A61
:1031E00009D0074800F0CEFE0023984203D00333F5
:1031F0000E2800D00333180010BDC046602A0020FE
:103200005F2A0020024B0B60092313607047C04601
:10321000EE6D030010B504000020FFF7F7FC036813
:103220001B6998470300F3331C7086235B00C05072
:1032300003000021044AFC335A61044A99615A622E
:10324000F43011F0A4FA10BDDD3C0300EF3C0300A4
:10325000012110B5044A080001F09AFF031E00D0B6
:103260000B23180010BDC04615320200F0B593B014
:10327000019000200C00FFF7C9FC03685B6A9847C7
:10328000FFF7DEFE06AB00280DD000221A7105AA5A
:103290000692082218001A730AAA9A60FFF79AFF8A
:1032A000002802D052E01871187300231F00237306
:1032B0002371019BBA331B78BB4246D907237B435A
:1032C000019AD218BB321278022A31D1002506AEFB
:1032D000337BAB4236D907207843AB000293019B86
:1032E000AA001818089BBB30995810F002FC00285F
:1032F0001BD0B368AA009A58237BA1689B005A5040
:10330000237B01332373337B5A1E954208D0104927
:10331000B2685B189B009B5803930399029BD150A2
:1033200006AA137B013B13730CE00135EDB2CEE727
:1033300001992279CB182168BB339200535023792D
:10334000013323717B1CDFB2B3E7002013B0F0BD63
:10335000FFFFFF3FF0B59DB01F006B4605001A70E0
:10336000581C0622229E02AC11F0D0FC002F07D080
:103370003B8823807B886380BB88A380FB8806E032
:1033800032232380DB186380F533A780FF33E3808B
:103390000CAB04A9049314AB8B602F000023B93746
:1033A0000B710B733B78002B17D101203B78022760
:1033B00008A903405A000B78BB4304AF4F60134386
:1033C000002E10D0B2798343024013430B70338830
:1033D0000B8173884B81B38811E02800FFF746FF0B
:1033E0000028E2D029E02A003232127883430240DA
:1033F00013430B70AB8D0B81EB8D4B812B8E220019
:1034000068468B8110F0A3FB03000020834214D098
:103410000630082B11D005D80130042B0DD0834283
:1034200008D109E00520112B07D0054A934203D0AB
:10343000102B01D00B2000E004201DB0F0BDC046D1
:1034400002320000F0B50A7804009BB00D000220A3
:10345000012A44D04B88032A06D1A03B21499BB2C4
:1034600010008B423BD805E0203B1F4A9BB2032053
:10347000934234D81D4BAA8803209A422FD80AAB16
:10348000009312AB02936A46002326001371137354
:10349000B8363378002B05D069462000FFF7E6FEEA
:1034A00000281CD104AF18220021380011F04CFC78
:1034B0002B7838003B7033783B726B46FB606B882F
:1034C0003B82AB887B8210F02CFB02000320002A99
:1034D00005D101211000583423780B4323701BB011
:1034E000F0BDC046603F0000E03F0000FF3F00002D
:1034F00013B504680093A46813000A000149A047AB
:1035000016BDC046FFFF000037B506AC257804683D
:1035100001950093246913000A000149A0473EBDAC
:10352000FFFF0000F0B589B0019307000FAB0D005D
:1035300016000021082202A81C7811F005FC0EAB31
:103540001B8802AA1380019B0393002C06D0310034
:10355000280010F06AFC002841D154E03B007A7941
:10356000F833A2423DD90833190008390988B1421D
:1035700008D130222034A400E3590133DB7F134209
:1035800002D12EE00134ECE702220020DB06DB0F43
:1035900004ACD31AA370019B2680E3600EABA3603A
:1035A0001A4BA0809D4207D1FFF730FB03681B69CF
:1035B000984710F035FC05002100280010F039FC78
:1035C00080B200281FD011281CD013D8082817D08B
:1035D00002AA3100280010F028FC002812D0032095
:1035E00011E002AA3100280010F01FFC0028F6D1DB
:1035F000063008E0064B984204D0064B9842E7D1CB
:10360000062000E0052009B0F0BDC046FFFF000025
:103610000330000001340000F0B5050097B0080049
:103620002E240B9100F046F904ABE4181090220010
:1036300010A9012010F0F7FB002801D00320D4E0EE
:1036400023880B9A0A9093830B9B0A9A1B7D9342C3
:1036500050D96B791D2B01D90720C6E00B9B9B69C4
:103660000C930A9B0C9A9B009C586369002B46D1D3
:10367000638B002B43D1631CDB7F022B3FD134E0F3
:103680006979A31C1F31C9006918621CDB7FD27FD6
:10369000089121002A310978002007912100293161
:1036A000097806910D9905910C990491217F039158
:1036B000218B0291618B01916169009110A910F039
:1036C000E0FD0028BAD16B7907001A002032920081
:1036D0001F335451DB005B5BE3836B7901336B7108
:1036E000230028331B78BB4237D80A980130C3B275
:1036F0000A93A9E72B79002001332B7175E0200094
:1037000000F0D8F8002610900D960C962300283370
:103710001B78B342B4D9626AB3009F58342204AB19
:103720009B1800221A700023002111AAD21801331D
:103730005170102BF8D1462204AB9B182C4A11A9CA
:1037400038001A8010F0F8FB002803D07B690C9336
:103750007B8B0D93731CDEB2D8E78E239B00EB5C52
:10376000132B00D978E7626ABB009E58002318002B
:1037700011A90B70CA1801335070102BFAD11C4BD1
:1037800030004B8210F0D8FB0C9000282AD130007A
:1037900000F090F88E229200AA5C738B1D32FF32EB
:1037A0005200AA1802320292327F10900192328B9C
:1037B00010A9009272690C9810F040FE002800D009
:1037C0003CE78E238E219B00EA5C8900531CDBB210
:1037D0006B541D337A32FF3392005B005651EB1865
:1037E0005B88F383781CC7B27AE717B0F0BDC04698
:1037F0000129000070B5050010F01BF9041E1CD152
:10380000280078222100803011F09EFA2800E9304B
:1038100050222100FF3011F097FA280008222100E1
:10382000F83011F091FA064B2822E818210011F027
:103830008BFA8E239B00EC5400E00624200070BD20
:103840003A0200000B68002B01D1036002E0024B3A
:103850000360002343607047DD3A03001FB502ACEC
:1038600008220021200011F06FFA282323806933F9
:10387000FF336380E380803B01A8FF3B05220C49B6
:10388000037010F0DFFC80B200280FD18020800090
:1038900010F0D4FC80B2002808D1200010F0D0FC39
:1038A00080B2002802D110F0C7FC80B204B010BD75
:1038B000F76D0300F0B5438A87B0029303780400E4
:1038C0000126002B3ED0244B24491A680393112370
:1038D00001929C4600228519019B934214D06746B1
:1038E00000235743CF19981E012803D9FE5CE85CDA
:1038F000864207D10133102BF5D111235A43891881
:103900000E7C1FE00132E7E7280010F0A3FC2378CB
:1039100007000600002B01D112342500019B042B67
:1039200010D011245C430D4B10221C1929002000DB
:1039300011F0ECF90023A370E370019B039A0133AB
:103940002774136005AB9E705888029B00040343E4
:10395000180007B0F0BDC046BC270020612A002037
:10396000F7B5FA26B6007143009308AB1B78040044
:10397000080015491700019303F01AF885B23000CA
:1039800025807843104903F013F86B461B8880B2FA
:10399000A3806B461B796080A371032D01D804239B
:1039A000238080232288DB019A4200D923800328C8
:1039B00001D80422628062889A4202D98023DB0106
:1039C00063802000FEBDC04671020000F0B58BB0E0
:1039D00004AB9C1D0E230C220390019123804B7895
:1039E00006A95343234AD31818892200032310F051
:1039F00062FD00283AD11827019B1F4D5B7826886D
:103A00005F4300933B000833EB18320006A918000F
:103A1000029311F06CF92C0000280DD10C22009BB0
:103A20005343144AD318997A022319401ED1E81936
:103A3000182211F089F919E0E81943680F4F002B9B
:103A400000D10F4F18250322009B06A96B43E250BB
:103A5000E3185E603200029811F058F9019B2A00C9
:103A600059780398694338236118B84700200BB090
:103A7000F0BDC046DE29002084280020D54F02007A
:103A8000594F0200F0B585B004000E0002AA8178FB
:103A9000214801F03BFA00283CD10C2361781F4AF1
:103AA0004B43D3189B7A01921D4F5B0605D4022E1F
:103AB00003D01C4F012E00D01B4F1C25A1781B4B9F
:103AC00069432A00591802A80023B847002813D1D7
:103AD000022E1FD00C234021627802A85343019A82
:103AE000D3189A7A8A439A726178114B69432A00F3
:103AF00059182B00B84701E0022E0BD00C23227876
:103B0000210053430B4A02A8D3189B7A0A4A9B0010
:103B10009B58984705B0F0BDAC280020DE29002056
:103B2000D54F0200594F0200BB440300C0270020BC
:103B3000682800209C28002078600300F7B5182230
:103B40000190437826485A4381184C68254F002C31
:103B50000FD00C2159437918897A4DB2002D07DA1C
:103B6000490605D415000835A6B24519145802E0D7
:103B70000024260025000C225343FB18188932002C
:103B80002300290010F095FC0B2816D10C22019B74
:103B900029005B785343FB1818893200012310F089
:103BA00088FC0C21019B104A5B784B43FF18388935
:103BB00010F07DFC002806D111E0002800D00B4851
:103BC000012C0CD1EDE70222094BC318934305D019
:103BD000082803D0112801D0002000E00348FEBDD2
:103BE00084280020DE290020FFFF00004180000023
:103BF000FECFFFFFF8B507004878182403006343A1
:103C0000084D0E00E81822003823390001F020FA90
:103C1000002806D173785C432C196368013300D106
:103C20006060F8BD8428002070B51C2444430D4E0C
:103C300005003019062234190021113011F084F8E2
:103C400010220021200011F07FF8FF232374A376B7
:103C5000013BFF3B23830233AB40034A1168994386
:103C6000116070BDC0270020A828002037B581B2A0
:103C700005006A46074801F049F9041E08D154219D
:103C8000684601F031FA041E02D12800FFF7CCFF8C
:103C900020003EBDAC280020F0B51D00434B93B082
:103CA0001B6801900F001600002B7CD0189B542B32
:103CB00079D8FF22002403AB5A709A70DA701C7016
:103CC00002AB1C74189B0B950A93A1B204AA384846
:103CD00001F01CF9002809D1082204A9019811F06B
:103CE00006F8002802D103AB9C7002E00134062CD8
:103CF000EBD103ACA178FF2955D0032F0AD1189A34
:103D000006AB542A01D1343A00E040221A701A78E6
:103D100003213AE0274BEB1AA72B10D8264B002E95
:103D200004D101228A40186810423CD001228A4006
:103D3000196891432022196006AB1A7020E01F4BCE
:103D4000EB1A1B2B09D8202206AB1A7000236370D4
:103D50000CAB0B9318230A9312E019482D1A172D58
:103D600021D8302302AA1374002363700133E37057
:103D7000144B997A0223194002D1182210F0E4FF63
:103D800006AB022F0CD101211A780A431A7009AB35
:103D90000793064B32001B6806A92000984702E0F3
:103DA0001A780221F1E713B0F0BDC0469C2800202C
:103DB000AC280020C0270020A82800206828002068
:103DC00084280020DE290020F0B5040085B00028FA
:103DD00052D000252A4B2B481D605D729D72012335
:103DE0008372023B072229000381C37210F0ACFFEB
:103DF00018222900244810F0A7FF28000135FFF7FA
:103E000013FF062DF9D154236A46204F9380204B8F
:103E100039006846D580009301F014F800282CD1B1
:103E200001231C4D24782B70002C1BD11C27A1B220
:103E300002AA164801F06AF8061E0CD13B00634343
:103E400015481C22C01802A9330001F001F900280E
:103E500004D02E7011E000232B700EE00134062CEC
:103E6000E5D10AE06B466A469B88D1883800594301
:103E700089B201F039F900E0084805B0F0BDC0464C
:103E80009C280020DE29002084280020AC28002067
:103E9000993C0200A52A0020C02700200E800000C7
:103EA000F8B5174B06001B780F00002B22D0002816
:103EB00022D0002920D00B68002B1DD0114D2C687A
:103EC000002C1BD12800053108C0052210F01EFF70
:103ED0003B790220AB72012304212A7A9A430243E0
:103EE0008A432A72EA79134303438B43EB71200020
:103EF000347004E0044802E0044800E00448F8BDDF
:103F0000A52A00209C280020088000000E800000C8
:103F100004800000154B1B78002B22D000281ED0F7
:103F200000291CD00378002B1BD1114B1B68002BE0
:103F300017D04278002A16D10E4B9B7A012B12D053
:103F40002420184003D0012310000B700CE05BB25A
:103F5000002B02DA02230B7006E0087004E006482A
:103F600002E0064800E006487047C046A52A002047
:103F70009C280020DE2900200E8000000880000020
:103F800010800000254BF0B51B78002B26D00028B0
:103F900022D0002920D00B68002B1DD08B68002B6D
:103FA0001AD00378002B19D11D4A1268002A15D0A7
:103FB0001C0018001B4A10321B4DEF7A9F420FD194
:103FC000AF7A02252F420BD001331C32062BF3D1DE
:103FD00008710C7300201FE014481DE014481BE01A
:103FE0000F7BBC420CD20325977A2F40022F07D1BA
:103FF000133DAC46944466468D68A7007E5101345B
:104000000F79B842E0D20225977A2F42DCD10D68B1
:1040100087007A510130D7E7F0BDC046A52A0020BD
:104020009C280020C0270020DE2900200E800000F0
:1040300008800000104B70B51B78002B1AD00028A8
:1040400016D00478002C15D10C4B1B68002B11D016
:1040500020001C252B006343094AD3189B7EFF2BAD
:1040600002D02000FFF702FE0134062CF2D102E05C
:10407000044800E0044870BDA52A00209C280020C8
:10408000C02700200E800000088000000048704714
:1040900091800000194A0300127810B50800002A28
:1040A00028D0002B24D0002922D01C78002C21D12C
:1040B000134A1268002A1DD09978FF290AD159782D
:1040C000FF2919D00C2359430E4B59188B7A9B07A3
:1040D00012D508E01C2359430B4B591802238C7E40
:1040E0001C4009D11031072210F010FE200004E01E
:1040F000064802E0064800E0064810BDA52A002058
:104100009C280020DE290020C02700200E8000000F
:104110000880000005800000F0B5244B8BB01B78B0
:1041200006000C00002B3CD0002838D0002936D0E7
:104130000278002A35D11E4B1B68002B31D08378C2
:10414000052B30D81C256B431A49CB189B7EFF2BBF
:1041500029D0E260837803AF6B43CB182361164B01
:104160006261A26063602760817801AA134800F051
:10417000CDFE002818D12B002A0001A9380000F03C
:1041800067FF002810D1E060B37860615D43094BA0
:10419000A0605D19084B25616360276004E0084852
:1041A00002E0084800E008480BB0F0BDA52A002056
:1041B0009C280020C0270020A62A0020AC28002030
:1041C0000E800000088000001080000013B504007D
:1041D00081786A460B4800F099FE002810D11C2215
:1041E0006078094B504369461818130000F030FFFF
:1041F000064B074A9B7A21009B009B5868469847CC
:1042000013BDC046AC280020682800209C28002050
:104210008860030070B5050000241C26330063434A
:1042200006492800C91810F0CCF9002804D101343F
:10423000062CF3D1FF3000E0200070BDC027002025
:10424000FF23F0B5BD4A8FB0127805000393002A12
:1042500000D1AEE1BA4A11680192002900D1A8E16B
:1042600004AF7B70BB70FB70031D06932A230026EE
:1042700002AA938203883E70B24C102B0AD0A67A11
:10428000B2075ED58288B0498A4207D0218991421F
:1042900057D103E0A37ADB0705D48AE1E27ABA704A
:1042A00000227A704DE0112302AA13737E70838876
:1042B0000635238102230722A3722900200010F073
:1042C00025FD2800FFF7A6FF0390FF282DD11C2015
:1042D00070439E4B103018180722290010F007FD7C
:1042E000002801D1039620E00136062EEFD102E02E
:1042F000EB7903423DD10022019B05AC1B682100F4
:10430000380098472378122B00D052E18D48837AE9
:10431000012B00D14DE101238372023B0381C37263
:104320000722002110F010FD43E10821A27A039B2F
:104330000A43DBB2E372A2723800BB70FFF746FF9C
:10434000D9E7172B46D1012204201424019B01999F
:104350005B7A864393434B727A4B05A90C709E722D
:10436000AC791900002CC3D0D87AFFF77FFCAA796A
:10437000C2E7BB78FF2BBED008200643E87A8E72D6
:10438000800706D51C205843704C2018847E944327
:104390008476CA7AFF2AAED01C2208786B4C5A4326
:1043A00002280AD0A41820000722103010F0AEFC1A
:1043B0000222A37E9343A37607E00121A318644A57
:1043C000528A1A839A7E8A439A7601213800FFF72F
:1043D00059FB90E7172B00D9A0E0132B59D102AA63
:1043E000137304231E43A672A81DFFF713FF039047
:1043F000FF2802D0C0B2B870E072E37AFF2B21D15F
:104400000026E33B18007043504A1018827EFF2AB2
:1044100013D12378022B07D0FD23F83A83762100AD
:10442000103010F073FC01E0FE23837603AB1E70A6
:10443000039BDBB2BB70E37211E00136062EE1D1C3
:10444000444C0DE01623444802AA137300210E22A7
:10445000083010F079FC4022A37A1343A3720024A1
:104460000021384B0B91DA7A1C235343374A0D91C4
:10447000D3180C93364B09910893019B0A911A1D8E
:10448000A88808AB10F00FF8002800D091E02200B7
:1044900032E7142B26D1E37AFF2B18D11C220023FC
:1044A0009446E98962465A4328488218128B8A4208
:1044B0000AD1082203931643DBB2E372A6723800D6
:1044C000BB70FFF783FE02E00133062BEAD1E37AEB
:1044D0001F49FF2B00D10021A88800231B4A0FF0A1
:1044E000E4FF66E0112B64D1022332009A431300EB
:1044F000A272320707D55BB2002B0BDA002138001D
:10450000FFF7C0FA06E0B878FF2803D0FFF78CFB6E
:10451000FF23BB701023A372023302E01C2B03D1D4
:10452000132302AA1373E6E6522B19D1019B0B4AFF
:104530009B7A38009B009B5898473AE0A52A0020B8
:104540009C280020DE290020FFFF0000C02700205B
:104550006828002043800000842800206860030051
:10456000182B26D1AB79112B14D1330712D5124851
:104570000E220021083010F0E7FB162302AA137365
:1045800002224A331E43019BA6725B7A1343019AAF
:104590005372B0E680235B421E4302AA9533137325
:1045A000019BA6729B7A054A9B009B58380098474E
:1045B000A1E60FB0F0BDC04684280020686003006B
:1045C00030B5002912D00A78002A11D10A4B1B6895
:1045D000002B0DD0FF23094C8B702589FA3B8542B7
:1045E00007D14A70E37A8B70130002E0044B00E0BD
:1045F000044B180030BDC0469C280020DE29002056
:104600000E8000000880000010B5064B586980231A
:104610005B05421C04D0196989B202F0C9F900E0B7
:10462000586910BD00100010034B10B51B78034AE9
:104630009B009B58984710BDBD2A0020986003003E
:104640000B0037B50C24020018009D6809786C43F4
:10465000044D08302D680095034D1B696459A0472F
:1046600037BDC046FC280020E828002080225205E3
:104670001169142210B50E4889B203785343C31848
:104680001A69501EDA881B898018C01802F090F948
:10469000084B02001B6801209A4207D800209A426A
:1046A00004D1054B1B6858425841C0B210BDC046EA
:1046B000B4280020E0280020E4280020082310B5BA
:1046C000034A116899431160FFF7AEFF10BDC04661
:1046D000F4280020094A10B5136819070AD499076D
:1046E00002D501210B4313600222054B1A70FFF71C
:1046F0009BFF01E0FFF7E2FF10BDC046F428002059
:10470000BD2A0020064B10B51B681B0705D40122EB
:10471000044B1A70FFF788FF01E0FFF7CFFF10BDD1
:10472000F4280020BD2A002010B5002814D011283C
:1047300005D10823094A11680B4313600CE01423C8
:10474000074A1178594351180431FFF779FF0422C1
:10475000044B1A7000F092F810BDC046F4280020F7
:10476000B4280020BE2A0020F8B514238025124A60
:104770006D051478114E5C432B691419E2889BB2C5
:10478000278920699A420ED92B6961699BB2D31A95
:104790002A69381892B2C918C01892080FF0ABFEF7
:1047A0002B699BB205E09208381861690FF0A3FEEF
:1047B000E3883360F8BDC046B428002008290020F3
:1047C00070B58025094B6D052A691C68631E94B27B
:1047D0005C43FFF719FF2B69411E9BB25943044B01
:1047E00020001A680FF087FE70BDC046E028002048
:1047F00004290020142270B580260E4976050B7816
:104800005343CB181A89DC881B69A4183169E41852
:10481000200089B202F052F90D00FFF7F5FE33696E
:10482000411E9BB25943044B49191A6820000FF0EE
:1048300062FE70BDB4280020E428002010B5FFF708
:10484000E3FE8022074C520513691169126924683E
:104850009BB292B289B201389208614358430FF07B
:104860004AFE10BDE028002010B5034B18680FF079
:1048700040FEFFF759FF10BDE0280020F0B52B4B9C
:1048800085B0187803284ED802F088F8020E114B34
:104890000023274A1360274A1360274B5B78002BBD
:1048A00041D000F0F9F83EE0FFF75EFF3BE0234C1B
:1048B000802723687F0501930123019A9A431423DB
:1048C000226002921C4A3969157889B25D435519F4
:1048D0002B691800039302F06BF8194B039A1860C8
:1048E0003969EB880600501E181889B202F060F88A
:1048F000864203D10223029A134303E00323019A61
:104900009A43130023600F4B1A680F4B002A03D100
:1049100021680232114200D000221A70FFF784FE93
:1049200001E0FFF7A1FF05B0F0BDC046BE2A0020A0
:104930000029002008290020B4280020F4280020A5
:10494000E028002004290020BD2A00201422F0B510
:1049500080254B494B480B7885B05343CB18DF6813
:10496000083A7A43821814895089526860436D0569
:10497000821829691C890192DA881E6913199B190A
:10498000009300230292404A89B21360300002F083
:1049900095F83D4B2A00039300290BD12B6902990E
:1049A0009BB2994208D0019B00998B424FD1002CB9
:1049B00059D101E0022F08D11169300089B201F00C
:1049C000F7FF324B186003233BE02969301989B2A5
:1049D00002F074F82E4B89081960009A019B29692E
:1049E00093422DD089B2009802F068F8002927D0B0
:1049F00080246B4664052169988889B21F8801F07C
:104A0000D7FF26690500B1B2380001F0D1FFADB281
:104A100080B2854208D16B466A469B8812889B1AF1
:104A2000039A9B0813600BE023692169380089B25F
:104A30009CB202F043F889B2641A039BA4081C607C
:104A40000223144A1370FFF719FF05B0F0BD022FBF
:104A5000B2D02969301989B202F030F80C4B8908BC
:104A600019602969BEE7022FA6D02969301989B2D9
:104A700002F024F8064B890819602B69E0E7C0466C
:104A8000B4280020E8280020E4280020E0280020A6
:104A900004290020BE2A0020142210B50A490B78F0
:104AA0005343CB18D988094A1B791160032B08D0CE
:104AB000042B06D0012B06D1054A1370FFF7DEFE4A
:104AC00001E0FFF743FF10BDB4280020FC280020C0
:104AD000BE2A0020F7B5124D01936E7808AC2788E6
:104AE0000424022E1AD02C78A419012C00DD023CDB
:104AF00014235C432C196261220020710C3209C915
:104B000009C26B469B882781E3800024054B013650
:104B10001B786E70A34201D1FFF7BEFF2000FEBDDF
:104B2000B4280020BE2A002070B51424114D0020A6
:104B30002978614369180431FFF782FD23000022C0
:104B4000012029784B43EB181A71DA80D8601A617A
:104B50005A611A816B780918013B6B70CBB2022B3A
:104B600001D02B7000E02A70034B1A70FFF786FE0D
:104B700070BDC046B4280020BE2A0020142210B503
:104B800007490B785343CB181B79042B02D0FFF74E
:104B9000CBFF04E00122034B1A70FFF76FFE10BD3C
:104BA000B4280020BE2A0020F8B508241D4F3D6817
:104BB0002C4022D180235B0519691B4B1E68002EF7
:104BC0001ED01422194889B203785343C3181A69B6
:104BD000501EDA881B898018C01801F0E9FE144BBA
:104BE0001B6898420CD1134B1C6001231D43124BD0
:104BF0003D601C70FFF718FD13E0FFF75FFD10E04C
:104C0000FFF734FD002804D000220A4B1A6002325C
:104C100002E0002E03D00322074B1A70EAE7FFF7E9
:104C2000ADFFF8BDF4280020E4280020B4280020BF
:104C3000E028002004290020BD2A0020054B10B5E3
:104C40001B681B0702D4FFF799FF01E0FFF736FD51
:104C500010BDC046F428002070B5154D2C68230700
:104C600023D4144A136801331360134B04221B68C6
:104C7000002B04D1FFF7FAFC002802D002220F4BD0
:104C80000CE00F4B1B68002B0CD0012122000B4BBA
:104C90000A4002D10C432C6000E003221A70FFF797
:104CA000C3FC04E0FFF76AFF01E0FFF707FD70BDFA
:104CB000F4280020E028002004290020BD2A00203C
:104CC000E42800201E4B10B51B78022B30D0032B9C
:104CD00019D0012B32D108211A4A13680B4222D174
:104CE000142319490A785A43184B8A181968D3882B
:104CF0005B1A9BB2D380002B02D1FFF715FF1DE09A
:104D0000FFF732FD1AE008210E4A13680B420AD160
:104D10000F4A136801331360FFF7A8FC002804D181
:104D2000FFF72CFF0AE08B431360FFF7A7FD05E0B8
:104D3000084B094A1B789B009B58984710BDC046FA
:104D4000BE2A0020F4280020B428002008290020D2
:104D5000E0280020BD2A0020AC60030070B5144C90
:104D6000042522781300AB4321D002281DD003284C
:104D70001DD1104B1B681B0717D40F490B6801335B
:104D80000B60032B04D0022A0CD1FFF74DFC0EE080
:104D900014230A4A0D201178594351180431FFF7A2
:104DA0004FFC2570FFF76AFD01E0FFF78BFF70BD38
:104DB000BE2A0020F428002000290020B42800206A
:104DC00010B501220024164B1C705C701C71DC8035
:104DD000DA601C615C611C811C765C831A625C6217
:104DE0009C629C830F4B1C80FFF70EFC80230422E7
:104DF0005B051B6902389BB258430B4B18600B4B89
:104E000020001C600A4B1C601C815C81094B1C70DB
:104E1000094B1C60094B1C60094B1A6010BDC04651
:104E2000B4280020EA290020F8280020E0280020EB
:104E3000E8280020BE2A00200029002008290020A0
:104E4000F4280020F7B504222C4B04001B680E0048
:104E50000820134251D00630002C4ED000294CD0EF
:104E60002368002B49D080277F053A69A38892B236
:104E7000934201D9072040E00F2BFBD9E288002A9A
:104E8000F8D01F4953430D685B190093FFF7BCFB33
:104E90003B6901389BB25843194B0193009B8342F5
:104EA000E8D8A3889C469B07E4D1164B04201F88B2
:104EB000012F22D00C237B43134A2068D11898502D
:104EC00063468020376075604D600B81E288400545
:104ED00003694A8101690469604650439BB2C01866
:104EE000013889B201F0EEFDA4B2604345190020FB
:104EF000019B01371D60034B1F80FEBDF42800207D
:104F0000F8280020EA290020E8280020104B30B5BE
:104F10001C680823640719D50633002816D0002A18
:104F200014D00368002B10D10A4D2C68002C0CD033
:104F30002C894068614309186889444368682418CB
:104F4000A14202D21360516000E00723180030BD77
:104F5000F4280020E8280020F0B504001B4885B0A4
:104F6000056808206D072ED5063000292BD0002CAF
:104F700029D025680738002D25D1154D2E68002E23
:104F800021D0666803962E896F896D687743BC4689
:104F9000039F6544AF4216D2002A14D0964212D322
:104FA000D518AE420FDB0325093029420BD12E0064
:104FB0002B4208D1374206D100930F3813000A0064
:104FC0002100FFF787FD05B0F0BDC046F4280020A2
:104FD000E8280020F0B504001B4885B005680820CB
:104FE0006D072ED5063000292BD0002C29D025683E
:104FF0000738002D25D1154D2E68002E21D066686A
:1050000003962E896F896D687743BC46039F65447C
:10501000AF4216D2002A14D0964212D3D518AE420F
:105020000FDB0325093029420BD12E002B4208D17A
:10503000374206D100930C3813000A002100FFF715
:1050400049FD05B0F0BDC046F4280020E828002046
:10505000F0B51700224A85B0126802900E009C46F7
:105060000824530739D50634002936D0002834D017
:105070000C68002C2ED11B4D2A68002A2AD04A68C1
:10508000688929896B684843C018824222D2002F60
:1050900020D0B9421ED36346F81881421ADB03219F
:1050A000029B0B4218D163460B4215D1114003916C
:1050B00012D16244110002983A000FF027FE0C232F
:1050C0003268009753430221ED58039A029B300047
:1050D000A84702E0072400E01024200005B0F0BD3E
:1050E000F4280020E8280020F0B51F4B85B01B688D
:1050F00005000E0008245B0733D50634002830D0A5
:105100000368073C002B2CD1184B1A68002A28D0C2
:105110001A894768029258685B8953431B180393A6
:105120009F421ED20934BB071BD1381A110001F06F
:10513000C5FC093C002914D10299300001F0BEFCE5
:1051400089B200290DD1002E0BD0039AF3199A428F
:1051500007D300223300009229000320FFF7BAFC96
:105160000400200005B0F0BDF4280020E82800204D
:105170000120054A10B513785840044B10701B6885
:10518000002B00D0984710BDBF2A00200C2900201A
:105190000C4B70B5050015200C001A600FF0C5F916
:1051A00000280ED1290015300FF0C1F9002808D1D0
:1051B00015300FF0B8F9002803D1210003300FF0AB
:1051C000B8F970BD0C290020F0B5274B85B01B78CD
:1051D000002B47D0254D264E2B6834685A42534148
:1051E000DBB2009363425C41E4B2009B002B37D1F9
:1051F00003A80FF0A2F905280AD0002804D0002245
:105200001100FDF7B9FE05E003982B68984701E00F
:1052100001230093002C1FD1164B03A91B880124E6
:105220000B80154B1B68180001930FF08CF90700D9
:1052300005280BD0002805D000221100FDF79CFEA8
:10524000002403E00198336898473C00009B002B42
:10525000CED0002CC9D005E0009B002BC8D001E0C7
:10526000002CD9D005B0F0BDC02A002014290020A0
:1052700018290020EC2900201029002070B5040016
:105280000720002913D08D0711D109480160094971
:1052900020000A80084A094913600FF050F90028DD
:1052A00005D10122064B16301A700FF044F970BD7B
:1052B00010290020EC2900201C2900204B45030068
:1052C000C02A002010B50FF03CF903005A1E93418C
:1052D000014ADBB2137010BDC02A00200E23002843
:1052E00002D0024B186000231800704718290020D4
:1052F0000E23002802D0024B1860002318007047CC
:1053000014290020074B10B51B68002B07D09847C5
:10531000002806D000221100FDF72EFE01E0FFF765
:1053200053FF10BD1C290020F0B50E788FB0002E61
:1053300000D097E0514C02AB9A1D2100082305884C
:1053400013803431073B28000FF005F94C4B1B68E4
:105350009847B1200FF001F9002803D03200310046
:10536000FDF70AFE0FF0FBF8002803D00022110021
:10537000FDF702FE434E70690FF0F3F80196002826
:1053800003D000221100FDF7F7FD00233E4E280058
:1053900031000493FFF714F9051E4CD108A93A48CF
:1053A000FEF7BAFE071E33D10C9D0722290020000C
:1053B00010310FF0ABFC29001022E01D0FF0A6FC0D
:1053C0002000089D1122290018300FF09FFC2000BA
:1053D00029002A3012310A220FF098FC20000FF029
:1053E000C2F8002803D03A003900FDF7C5FD0123BB
:1053F000002404930333069305A904AB22480793C2
:105400000594FEF743FEA04215D02200210010E0D3
:1054100021003000FEF73EFE002803D02A002900BC
:10542000FDF7AAFD20000FF09EF8002803D000220F
:105430001100FDF7A1FD8021C022144BC9035200C9
:105440009950196801200023114C02009A40114222
:1054500000D0E2670133202BF7D1019B586900F09F
:105460004BF809E00322012100F014F8002803D0D2
:1054700000221100FDF780FD0FB0F0BDEE290020E5
:105480006820002000100010C12A002000E100E088
:1054900004E100E0F0B5060087B00E20002E22D017
:1054A0003788124B06389F421DD0114B1B78002BBA
:1054B00019D0104D102369706846032102ACC180D9
:1054C000AA7000211A0020002B700FF03DFC338AD7
:1054D000210023800123A3706B4638000633A360AC
:1054E000E5600FF08FF807B0F0BDC046FFFF000089
:1054F000C52A0020C62A0020F0B50300186880F3F2
:1055000008885868FF2464B2EFF30585002D01D1A7
:10551000A6460047251C061C21273FBAF0B40024EC
:10552000002500260027F0B4F92040B20047C0460D
:10553000F0BDC04670B504000D0016000021102219
:105540000FF002FC054B320023612900200000F01F
:10555000FBFA034B20001C6070BDC046A086010012
:105560002029002070B5054D04002B68834203D02C
:10557000016900F0A3FA2C6070BDC046202900200C
:1055800010B50400034B083303601C3000F00CFA24
:10559000200010BDC060030070B5050004000E4B74
:1055A0000E00083308C52800182200210FF0CCFB9C
:1055B000002320003100E36123626363A363E3649B
:1055C000064A23001C3000F0BFF9280031000FF01C
:1055D000BCF9200070BDC046C0600300B3460300A4
:1055E00010B5040000F058F8014B2000236010BDF6
:1055F000D8600300F7B50027040008A8C7570E4875
:10560000002508302060082020610C48261D6560B8
:10561000A56025736561A0610097300000F0F2FE7F
:105620002B0030006269216900F072FE3000A16930
:1056300000F0A6FE2000FEBDE060030040420F0027
:1056400070B5094D04002B6883420BD0061D4269DA
:1056500001690023300000F05BFEA169300000F01A
:105660008FFE2C6070BDC0462429002042610022BC
:1056700010B5034B01611A60FFF7E2FF10BDC04691
:1056800024290020002210B5024B81611A60FFF727
:10569000D7FF10BD242900200C4B70B503600023F8
:1056A00043608360C36003624362836396230400A4
:1056B0009B01051DC363280000F03AFD280022006D
:1056C000034900F0C7FD200070BDC046FC60030028
:1056D000FB46030010B50400044B03600FF04FF8C5
:1056E000200000F01BF8200010BDC0460C61030034
:1056F000084B10B508330360002343608360C36028
:10570000040000F017F8044920610FF03AF9200076
:1057100010BDC0462C6103004548030010B50400CD
:10572000034B083303600FF09AF8200010BDC04609
:105730002C610300004870475461030010B5024813
:105740000FF028F910BDC0465461030008480268F4
:1057500003210A4302600749074A084B9B1A03DDED
:10576000043BC858D050FBDC05488047054800473B
:1057700024050040E06F0300002000207822002074
:10578000E168020021810100FEE7FEE7FEE7FEE797
:10579000FEE7FEE770B50E000F4C0500210030005B
:1057A00001F08EF8210028600023CB565A1C05D04A
:1057B0009E4201D18B6802E00C31F5E70023A02165
:1057C0000120064AC9002B7150506A211B020B436D
:1057D0000349535070BDC0465C6103000070004037
:1057E000040500000C4B0D4A10B50D499C58214092
:1057F000995001799C580902214399508020012237
:10580000C0001A6019581142FCD1A123024ADB00E2
:10581000D05880B210BDC0460070004004050000A2
:10582000FF00FFFF01704B1C0AD001238B40436037
:10583000044BC360044B0361044B4361044B83601E
:105840007047C046080500500C0500501005005078
:1058500014050050F7B5A223A022DB00D205D358CF
:10586000BE220193314B5200995800295DD0C121CD
:1058700089005958002958DA0024E025C0269C5098
:10588000ED00B6022A4BA700F85800284AD0294B51
:10589000E35C002B30D0019B0121E3400B4212D08E
:1058A0002300A022C133FF339B00D2059B589B03EA
:1058B0009B0F032B07D0204B1B68E3400B4202D009
:1058C0001E4B1B6817E0019B0122E340134213D1DA
:1058D0002300A021C133FF339B00C9055B589B0304
:1058E0009B0F032B08D1164B1B68E340134203D0D8
:1058F0000221124B1B689847A023DB05FB185A595D
:1059000032420FD059590F4A0A405A51019AE24087
:10591000D20702D55A59324303E080215A598902ED
:105920000A435A5101341F2CACD1F7BD006000402E
:1059300034290020CD2A0020B02900203029002061
:10594000B4290020FFFFFCFF30B5040008004D1C07
:105950001CD00F482160BE24026000200D4A640064
:1059600010510D4C8D002B5101240C4B5C54C12166
:10597000802389001B065350094A0A4B5458234080
:10598000C0242404234353504023136030BDC04639
:10599000302900200060004034290020CD2A00205A
:1059A00000E100E0FFFF00FF00210368014A9B00C7
:1059B000995070473429002070B5A024E025006874
:1059C000E40583001B19ED005E59204C34405C5106
:1059D0001F4D0124002A0ED0A14204D181402A6823
:1059E0001143296015E0022913D18440194A116836
:1059F0000C4314600DE0012904D181402A688A43D8
:105A00002A6006E0022904D1844012490A68A243B0
:105A10000A602A680121C2400A4204D10D4A126874
:105A2000C2400A4211D0A222A021D200C905895841
:105A3000F132C140FF32C90702D59958C02001E0B8
:105A40008020995880020143995070BDFFFFFCFFF0
:105A5000B0290020B42900200368074A9950074A5A
:105A6000FC33196A002904D1013A002AF9D1012036
:105A700001E00020186270471C050000A1860100AB
:105A800010B50368002A03D08022022092009850AB
:105A900001221C001A62084AFC34E068002804D184
:105AA000013A002AF9D1012005E00020A322E0609C
:105AB000D2009B580B7010BDA186010010B50B4C95
:105AC00002680B4BA14204DC0A498160CC214904E5
:105AD0000AE0094CA14203DC08498160802102E010
:105AE00007498160CD21C904D15010BD8FD003007A
:105AF00024050000A08601007F1A060090D0030054
:105B0000801A060070B504001000A025C026C13020
:105B1000FF30F600ED05800046510800C130FF302F
:105B200080004651A1252068ED004251054A815070
:105B300019002000FFF7C2FFA02305212268DB0027
:105B4000D15070BD0C050000F8B50E001500040022
:105B500000F0B0FD2648F2B203780100DBB2012B61
:105B600006D14778974203D18778E8B2874211D0AF
:105B70002048EFB20378012B05D14378934202D13C
:105B80008078B84211D00878002806D101230B7024
:105B90004A708F706373184B15E0164B1978002903
:105BA00007D1013119705A709F7002236373134B30
:105BB00009E013480EF0A0FE0023FC22236065716B
:105BC00026719362FFDE19000022FC3123606571AB
:105BD00026718A62A021C9005A500A4920005A50F1
:105BE00001325A502A003100074BFFF78BFFF8BDF6
:105BF000EC2A0020F02A0020003000400040004045
:105C0000FD6D0300FC0F0000A08601000368002268
:105C10001900FC3110B58A62A021C9005A5006490A
:105C20005A5001325A500522042182564156836847
:105C3000FFF768FF10BDC046FC0F0000036800219D
:105C40001A00FC3210B5916001315961074B91681F
:105C5000002904D1013B002BF9D1012004E00024EC
:105C60000473FFF7D3FF200010BDC046A1860100DA
:105C7000036810B51900FC318A6A0020012A08D196
:105C8000044C1C5988625A610238A40701D40120CF
:105C9000404210BDC40400000261064A10B54260D3
:105CA000054A01738260054A190002600EF08CFFFC
:105CB00010BDC046040500501005005000070050FC
:105CC00000210C4A0300515681420BD0012151564C
:105CD000814209D001209278404252B29A4207D1C3
:105CE000033002E0002000E00120034B187040B2B6
:105CF0007047C04650220020F42A00200022134B97
:105D000030B59A56824209D001229A56824207D073
:105D100002229A560221824217D102E0002100E0BD
:105D200001210A0045320A4C0A48FF329200145001
:105D3000012215004800441CA5408240A120064CC9
:105D40002A43C0002250FF225A5430BD5022002066
:105D5000031F02000060004000F001400022F8B57F
:105D6000124F0600BA563B00114D013209D00122F4
:105D7000BA56013207D00222BA560220013207D1A8
:105D800002E0002000E001201E54287040B20BE029
:105D900028780321013000F07BFF0C007856297031
:105DA000FFF7ACFF3E5560B2F8BDC0465022002060
:105DB000F42A0020012370B51E000200A0258640B1
:105DC000C132FF32ED0592005351134A0002AE502A
:105DD000A226124A4C001043114A89008D18F60081
:105DE000E4B2A851C046C046C0460E48E2001218B0
:105DF0000D482B6015500D48091891510C490D485C
:105E00005550043950501900E2189140A3400A4AF5
:105E10000B4304498B5070BD0C05000003001300B8
:105E20000060004000F001401405000040A1004067
:105E30001C0500004CA1004004050000A820012121
:105E400010B5124A124B1488C00059601C50548877
:105E500010481C509088A922D20098508022082017
:105E600092009850802009320003FF3298500A4A6D
:105E70001078A222D2009850084A1088084A9850F8
:105E800000221960FC331A6510BDC0464222002072
:105E900000A00040440500004F22002040220020C6
:105EA0004C05000070B5012545570E002800FFF78E
:105EB00007FF0400431C0ED12800FFF74FFF03002B
:105EC00051331D49FF331D4A9B0004009950C1B254
:105ED0002800FFF76FFF1A4BA200D6503200194B73
:105EE00064001B78043BDA40174BE252002E03D0CB
:105EF000164B1B689E420ED32800FFF7FFFE0123BE
:105F0000A022AB40D205002E02D0A121C90000E0A2
:105F10000F4953500EE072B600210E4A074B11652F
:105F20008021C1220903920099500B49053AFF3A9A
:105F3000995062B670BDC046FFFF000000A000404F
:105F4000B82900204F220020422200206C2000208F
:105F50000C050000FCA0004008080000F8B5254B27
:105F600006001A780D00002A28D10121224B23486F
:105F700059601A5019502248C2271A5004301A503A
:105F8000204ABF001078A222D20098508022082018
:105F9000920098501C4A10881C4A98501C48C259BC
:105FA000944664461B4A22408024E4032243C251A3
:105FB0008022D200026019600E4B19702800FFF792
:105FC0007FFE0400431C0ED12800FFF7C7FE03002C
:105FD00051331149FF33084A9B0004009950C1B264
:105FE0002800FFF7E7FE7570347030000021FFF7DE
:105FF00059FFF8BDF52A002000A00040FC0F00006A
:10600000040500004F220020402200204C05000023
:1060100000E100E0FFFF00FFFFFF0000084B70B54C
:106020000D1C0400186801F06FFE291C01F068FBCC
:1060300001F000FE01002000FFF734FF70BDC046F4
:106040006C200020F0B5254B85B01F680D001A00AC
:106050008F4240D0802104234902A9420ED3092B4C
:1060600039DC15602A001E4903AE0B70043BDA4090
:106070001C4B00241A80FF23337007E0132B2AD017
:1060800049000133E9E70134032C24D0164B6200A8
:10609000D25A164B9A42F6D0154BA200E35C7370AD
:1060A000144BD05801F030FE0090280001F0E4FDC0
:1060B0000190380001F028FE011C019801F056F90A
:1060C000011C009801F01CFB00F0C6FE010030002E
:1060D000FFF7E8FED7E705B0F0BDC0466C20002012
:1060E0004F2200204022002042220020FFFF00001B
:1060F00050220020B8290020012310B50A4ADC00F4
:10610000A4588C4207DD013BDB00D3185A680168B4
:10611000064BCA5007E00133112BF0D180210268F1
:10612000024B4905D15010BDB061030024050000A9
:10613000F8B50F000121254BB9400360A023244C82
:10614000DB0516001A5905000A4380211A511A5915
:1061500009060A430121B1401A511A598A4396216E
:106160001A511A598901520052081A51FFF7C4FFF7
:10617000002204202B6817495A506C3958500121CD
:10618000996019601900FC31CA6013495A506A605D
:1061900014391F325A5011495F5009185A501E5174
:1061A0007B1C03D0032138000EF0ECFC731C03D0E1
:1061B000032130000EF0E6FC0122094B29001A6091
:1061C000084807320EF0A2FDF8BDC046002000408E
:1061D000140500006C0500001C0500000C05000003
:1061E000C4290020FC2A0020962310B5DB00994228
:1061F00002DDFFF781FF04E09E210268014BC90226
:10620000D15010BD24050000C1230E4A9B00D15877
:1062100010B5090603D50C49096A002908D1D358DD
:106220005B070DD5084B0021DB68002B01D107E08F
:106230000121064B1868002802D0054B1B689847BF
:1062400010BDC04600200040FC200040C8290020AE
:10625000CC290020034B1960436803499B005A5026
:106260007047C046CC290020C829002000681E4B7A
:1062700030B5C3185C4263415B00002A1AD0002984
:1062800003D0012905D1802100E00421C122920020
:106290008150FF20C024DD00A8401449A4000A5901
:1062A00082431000C022AA4002430A5101229A40B0
:1062B0000A6018E0002908D0012914D1C2228024E4
:1062C000920084508258920806E0C2220421920073
:1062D000815082580339D209914304D001229A4057
:1062E0001300034AD36730BD00E0FFBF00E100E0C8
:1062F00004E100E003681A00FC32106A0128FCD1B6
:1063000000201062014AC9B2995070471C05000074
:1063100070B51D00A02304001600DB00002D03D083
:1063200000224068C25001E00268D550082902D01E
:1063300010480EF0E1FA032E0AD8300000F02EFBD0
:106340000B020406022307E0042305E0062303E012
:1063500009480EF0D1FA0023A0220848D200002DEF
:1063600003D061680B50022302E021680B50012327
:106370008B5070BD0E6E0300276E030054050000A5
:10638000036810B55A1C2ED0A0220020164CD20053
:1063900098501000154AA14202DC802189041FE0B8
:1063A000134CA14202DC8021C90419E0114CA14226
:1063B00002DC8021090513E00F4CA14202DC8021A0
:1063C00049050DE00D4CA14202DC8021890507E062
:1063D0000B4CA14202DC8021C90501E080210906A5
:1063E000995001221A5010BD8FD0030024050000DF
:1063F0001FA107003F420F007F841E00FF083D00E1
:10640000FF117A00F7B5009308AB1B7805005BB26B
:106410000F0016000193013329D1624B1A78022A2A
:1064200010D15978FAB291420CD19978F2B29142D6
:1064300008D1DA786B461B789A4203D101235A4C73
:1064400003723BE0594A1378DBB2022B0FD150782C
:10645000F9B288420BD19078F1B2884207D1D17855
:106460006A461278914202D12B72514C26E04F4B72
:106470001A78002A0BD10232F9B21A705970F1B2AF
:106480009970694609782A72D970494C13E0454BD6
:106490001A78002A0CD102321A70FAB25A70F2B28B
:1064A0009A706A461278404CDA7001232B7202E02F
:1064B00040480EF021FA019B01332ED10123002226
:1064C00001205B426B6039003B4B2C60E250E05096
:1064D000A023C131FF31DB058900C850374967501F
:1064E0000099C131FF318900C850A1210098C9002D
:1064F00060503100C131FF318900CA50A223DB0056
:10650000E650FC342800E26013000821FFF700FF8A
:106510002B492800FFF734FF42E0012300225B42B1
:106520002B60254B6C60E2500123234938006350F7
:10653000A021C130FF30C905800042503000C13079
:10654000FF30800042500098C130FF308000425040
:106550000198C130FF3080004250A221C90067502D
:1065600016490098665004396050164901986050E9
:106570002100FC318A60CA62A721C9006350103132
:1065800063501148114960501149124860508021F0
:10659000042089006050F939FF392800FFF7B8FE60
:1065A000F7BDC046EC2A002000300040F02A002051
:1065B00000400040386E0300FC0F00000C05000096
:1065C00040420F0014050000F72A00204405000097
:1065D00034050000F62A002003681A00FC32D06857
:1065E0000028FCD105481950D1680129FCD10021AF
:1065F000D160A322D20098587047C0461C05000005
:10660000A023F0B5284FDB00FA5885B00192002294
:10661000A024FA50E023254AE405DB00E658E250C6
:106620007833E15801250291E250A1238022DB005A
:10663000D205E2500420E5500EF005FBA222D20064
:10664000A35803979B0F2B4205D0A35813242B422A
:1066500002D0012018E01324A0250127ED05013CFC
:10666000002C10D0124B0420EF500EF0ECFAA123B6
:10667000DB00EF5004200EF0E6FAA223DB00EB581B
:106680005B00ECD5E5E72000A023E0220299DB05C2
:10669000D2009E5078329950A023039A0199DB00D2
:1066A000D15005B0F0BDC046004000400D060000CE
:1066B0000C050000A023E021134ADB05C90010B53A
:1066C0005A5078315A50114B00221900FC31CA60DF
:1066D0000A62A1211E20C9005A500D4A0D4C985043
:1066E000CC200D4A40049850A2200C4AC0001450FF
:1066F0000B4C0C48145001205050A0220521D20010
:106700009950FFF77DFF10BD0C06000000400040CF
:106710000C050000384100402405000000F0014055
:106720001C4000401405000001230E4A10B593647C
:1067300080230D499B00CB670C491400086D0C4A5F
:10674000002804D000200865116801311160094952
:106750000B60A923DB001068E358010C9BB2000416
:10676000184310BD0090004004E100E0FC900040A0
:10677000D429002000E100E0F8B50F4C636C002B39
:106780000FD000270D4E67643378BB4209D00C4B05
:106790001D68FFF7C9FF2D1ABD4202DC3770FEF7F6
:1067A000CDFF236D002B06D0064A1368013313601A
:1067B0000022014B1A65F8BDFC900040F92A002028
:1067C000D0290020D42900201B4970B50C78002C5A
:1067D00030D10120194B1A4A586054608024E405D6
:1067E000206050680028FCD00022012404251548B0
:1067F0001A500C30DC601D5008381A501248C2255F
:106800001A50C1228020920000039850802040023C
:1068100098500E48AD0046590D4A3240C026360207
:10682000324342518022893D9200FF3D4251026035
:106830001C600C7070BDC046F82A0020009000401B
:10684000FC000040040500004C05000000E100E0F1
:10685000FF00FFFF044B10B51B78002B01D1FFF7A1
:10686000B3FFFFF761FF10BDF82A0020104B70B591
:106870001B780400002B01D1FFF7A6FF0D4D0E4E33
:106880002B78002B02D033689C4210D0FFF74CFFCE
:10689000201A0A2803DCFFF747FF0A30040001230F
:1068A0002B70A823054A3460DB00A4B2D45070BD1D
:1068B000F82A0020F92A0020D0290020009000406A
:1068C00010B50400431C07D00EF0D6F90400431C99
:1068D00002D102480EF010F8200010BD6B6E0300CC
:1068E000234A10B513781100012B19D1214B1B68D5
:1068F0001B0715D1204BE0241A68F0231000184024
:1069000022420BD11D4A12681A4209D11C4A1D4B62
:106910001A6080221C4B12021A6001E03028F1D06C
:106920000B68DBB2012B0DD1124A1268120709D194
:10693000F021114A12680A40402A03D10F4A126816
:106940000A420DD08022A3230021D205DB00D150C2
:106950000E4B9960013191609A68002AFCD005E0E5
:10696000C1228021D200C9058B50EBE710BDC04683
:10697000E00F00F0E40F00F0E80F00F0EC0F00F083
:10698000DFFF07C004050040186C0040FC00004019
:10699000014B18687047C046D829002002B47146E0
:1069A00049084900095C49008E4402BC7047C04652
:1069B000002243088B4274D303098B425FD3030A3E
:1069C0008B4244D3030B8B4228D3030C8B420DD351
:1069D000FF22090212BA030C8B4202D312120902DF
:1069E00065D0030B8B4219D300E0090AC30B8B421D
:1069F00001D3CB03C01A5241830B8B4201D38B03CB
:106A0000C01A5241430B8B4201D34B03C01A52416F
:106A1000030B8B4201D30B03C01A5241C30A8B42B2
:106A200001D3CB02C01A5241830A8B4201D38B029D
:106A3000C01A5241430A8B4201D34B02C01A524141
:106A4000030A8B4201D30B02C01A5241CDD2C309B3
:106A50008B4201D3CB01C01A524183098B4201D32F
:106A60008B01C01A524143098B4201D34B01C01A1A
:106A7000524103098B4201D30B01C01A5241C30892
:106A80008B4201D3CB00C01A524183088B4201D301
:106A90008B00C01A524143088B4201D34B00C01AED
:106AA0005241411A00D20146524110467047FFE759
:106AB00001B5002000F0F0F802BDC0460029F7D073
:106AC00076E7704703460B437FD4002243088B428E
:106AD00074D303098B425FD3030A8B4244D3030B65
:106AE0008B4228D3030C8B420DD3FF22090212BA2A
:106AF000030C8B4202D31212090265D0030B8B42A6
:106B000019D300E0090AC30B8B4201D3CB03C01A8F
:106B10005241830B8B4201D38B03C01A5241430B6A
:106B20008B4201D34B03C01A5241030B8B4201D35A
:106B30000B03C01A5241C30A8B4201D3CB02C01AC5
:106B40005241830A8B4201D38B02C01A5241430A3D
:106B50008B4201D34B02C01A5241030A8B4201D32C
:106B60000B02C01A5241CDD2C3098B4201D3CB01D3
:106B7000C01A524183098B4201D38B01C01A524182
:106B800043098B4201D34B01C01A524103098B4286
:106B900001D30B01C01A5241C3088B4201D3CB0071
:106BA000C01A524183088B4201D38B00C01A524154
:106BB00043088B4201D34B00C01A5241411A00D204
:106BC00001465241104670475DE0CA0F00D049426D
:106BD000031000D34042534000229C4603098B42DD
:106BE0002DD3030A8B4212D3FC22890112BA030A65
:106BF0008B420CD3890192118B4208D389019211E7
:106C00008B4204D389013AD0921100E08909C3096B
:106C10008B4201D3CB01C01A524183098B4201D36D
:106C20008B01C01A524143098B4201D34B01C01A58
:106C3000524103098B4201D30B01C01A5241C308D0
:106C40008B4201D3CB00C01A524183088B4201D33F
:106C50008B00C01A5241D9D243088B4201D34B005A
:106C6000C01A5241411A00D20146634652415B109C
:106C7000104601D34042002B00D54942704763467D
:106C80005B1000D3404201B5002000F005F802BDC2
:106C90000029F8D016E770477047C0468446101C9C
:106CA00062468C46191C634600E0C0461FB501F0E1
:106CB0004FFF002801D40021C8421FBD10B501F0CC
:106CC000A3FE4042013010BD10B501F041FF002885
:106CD00001DB002010BD012010BDC04610B501F041
:106CE00037FF002801DD002010BD012010BDC04687
:106CF00010B501F0C9FE002801DC002010BD012004
:106D000010BDC04610B501F0BFFE002801DA00201A
:106D100010BD012010BDC0468446081C6146FFE737
:106D20001FB500F0A9FC002801D40021C8421FBDF6
:106D300010B500F035FC4042013010BD10B500F038
:106D40009BFC002801DB002010BD012010BDC046C7
:106D500010B500F091FC002801DD002010BD0120DD
:106D600010BDC04610B500F043FC002801DC002037
:106D700010BD012010BDC04610B500F039FC002840
:106D800001DA002010BD012010BDC046002B11D13A
:106D9000002A0FD1002900D1002802D00021C943C8
:106DA000081C07B4024802A14018029003BDC04667
:106DB000E9FEFFFF03B4684601B5029800F0A0F8B1
:106DC000019B9E4602B00CBC7047C0461300F0B554
:106DD00045464E4657469146D2179B185340E0B45D
:106DE00004000D009846DB0730D506000F00012394
:106DF0009A4643465B08984618D022002B00200094
:106E0000290001F00FFF5346424604000D001342D3
:106E1000EFD00B0002003900300001F003FF4346C1
:106E20005B0806000F009846002BE6D14B46300069
:106E30003900002B05DA32003B000020054901F043
:106E4000CDFA1CBC90469946A246F0BD0026014FE3
:106E5000CDE7C0460000F03F9E2110B5C905041CD7
:106E6000FFF78AFF002803D1201C00F0E3FE10BDCD
:106E70009E21201CC90500F057FD00F0DBFE802399
:106E80001B069C466044F2E770B500220C4B0400E0
:106E90000D00FFF737FF002804D12000290002F081
:106EA000AFFC70BD064B00222000290002F034F92F
:106EB00002F0A6FC80231B069C466044F1E7C04616
:106EC0000000E04170B500220B4B0D00040001F002
:106ED000A9FEFFF7D9FF060002F00AFD0022074BCA
:106EE00001F0A0FE02000B002000290002F014F9BE
:106EF000FFF7CAFF310070BD0000F03D0000F04117
:106F0000F0B54D46564644465F46F0B4924683B0CF
:106F100004000D0099468B422FD82CD0494650468C
:106F200002F01CFE29000600200002F017FE331AB2
:106F30009846203B9B4600D574E053465A46934002
:106F40001F005346424693401E00AF4229D826D028
:106F50005B46A41BBD41002B00DA79E00022002330
:106F60000092019301235A46934001930123424624
:106F70009340009319E08242D0D90022002300926E
:106F800001930C9B002B01D01C605D60009801995F
:106F900003B03CBC90469946A246AB46F0BDA34226
:106FA000D6D900220023009201934346002BE8D05B
:106FB000FB0772081A4346467B080EE0AB4201D13C
:106FC000A2420CD8A41A9D41012024196D41002130
:106FD000013E24184D41002E06D0AB42EED9013EB1
:106FE00024196D41002EF8D15B46009801990019D3
:106FF0006941002B22DB2B005A46D3402A0044462D
:10700000E2401C005B461500002B2CDB26009E4056
:10701000330026004746BE403200801A9941009056
:107020000191AEE7424620239B1A5246DA40414680
:1070300013004A468A4017001F4382E74246202336
:107040009B1A2A0046469A402300F3401343D5E793
:107050004246202300219B1A002200910192012226
:10706000DA40019282E74246202326009B1ADE4046
:107070002F00B446974066463B003343C9E7C046FD
:10708000F8B54A02430244004E00C50F240E280002
:107090009B09360EC90F92098D4259D0A01B0028BA
:1070A00000DC8DE0002E1AD1002A00D079E05A07CA
:1070B00004D00F221A40042A00D004335A0138D5D4
:1070C0000134FF2C00D189E028009B015B0AE4B267
:1070D0005B02E4055B0A2343C0071843F8BDFF2C9D
:1070E000E5D08021C9040A431B2800DD89E0160091
:1070F0002021C640081A8240511E8A4132439B1A01
:107100005A0114D59B019E09300002F009FD053893
:107110008640844265DC041B330020200134E340B8
:10712000041BA640721E964100243343BFE75A0752
:10713000BFD1DF082800FF2C2FD1002F00D187E01E
:107140008022D20313003B435B025B0AFF24BFE7AC
:10715000A11B002949DD002E29D0FF2CA7D08026B5
:10716000F60432431B2900DD8DE017002026CF40B6
:10717000711A8A40511E8A413A439B185A01D6D54A
:107180000134FF2C64D0012276491A405B080B4081
:1071900013438CE7031ECAD100207B025B0AE4B2D2
:1071A00096E701380028AAD0FF2C9DD17FE7002A5E
:1071B00000D17CE701390029DFD0FF2CD2D176E75E
:1071C000002820D1601CC0B2012853DD80279E1A00
:1071D000FF0437402FD0D61A0D0095E72800002372
:1071E00076E7614B241A334061E700294DD1611CD9
:1071F000CEB2012E2FDDFF292AD09B185B080C0090
:1072000055E701227BE7002C1BD1002B5BD0C0434C
:1072100000280CD0FF2E7ED01B2800DD92E01D0040
:107220002024C540201A8340581E83412B43D31A83
:1072300034000D0064E7002E00D065E70020002434
:10724000ABE7FF2E67D08024E40440422343E3E70A
:10725000FF2400233CE7002C61D1002B7ED0002AC4
:1072600000D124E79B185A0100D460E73E4A0C0085
:1072700013401CE7002C1ED1002B2FD1002A66D012
:1072800013000D0013E7012277E7002C1FD1002B1C
:107290005AD0C94300290BD0FF2E50D01B295FDCE8
:1072A0001F002024CF40611A8B40591E8B413B4365
:1072B0009B18340062E7002B1CD1002A4AD013002F
:1072C0000D00FF24F3E6130034000D00EFE6FF2E5F
:1072D00035D08024E40449422343DFE7002A00D16B
:1072E000E5E68027981AFF04074000D152E7D31A39
:1072F0000D00DCE6FF24002A00D1D8E68020DB0860
:10730000C003034204D0D208024201D113000D0091
:10731000DB00FF24CBE61300FF240D00C7E6002BA3
:107320000DD0FF24002A00D1C1E68021DB08C9036B
:107330000B42EDD0D2080A42EAD11300E8E713006D
:10734000FF24B4E6012372E713003400AFE6002700
:10735000002022E780270020FF03F1E61300A6E6C5
:107360000123A5E7FFFFFF7DFFFFFFFBF0B55646BA
:1073700044465F464D46F0B444024600C70F83B012
:107380008846650A360EBA463DD0FF2E22D000232D
:10739000EC00802599469B46ED0425437F3E4346FD
:1073A0005C025800DB0F640A000E984636D0FF28B6
:1073B00030D080230021E400DB041C437F38301AE6
:1073C0000190484642460843724E800030587A4049
:1073D00013008746002D44D108239946063B9B465F
:1073E000DDE70122FF2000241A406402C305640A7D
:1073F000D2071C431443200003B03CBC904699467E
:10740000A246AB46F0BD002D20D104239946033B94
:107410009B46C4E7002C17D1022102E0002C0AD1C0
:107420000121321A01924A4643460A435A489200C1
:1074300082587B409746200002F072FB431F763053
:107440009C4040420021BAE70321B8E7280002F03F
:1074500067FB431F9D4000237630464299469B467A
:107460009DE70C239946093B9B4698E78024002220
:10747000E403FF20B9E70024C2468B465A46534630
:10748000022AAED0032A7DD0012A31D10122002068
:107490001A400024A9E70122101A1B2856DD1A40C1
:1074A00000200024A1E78023DB031D424BD1802371
:1074B000DB032B435C02640A3A00FF2095E76D0171
:1074C0006001854230D2019A0024013A01921B22C8
:1074D0000127290064006D00002901DBA84201D8C2
:1074E0002D1A3C43013A002AF3D16A1E95412C43E0
:1074F00001987F300028CEDD620704D00F222240A1
:10750000042A00D00434220103D5244A01981440EF
:107510008030FE2800DD64E70122A401640AC0B2C5
:107520001A4062E72C00A9E72D1A1A220124CFE79E
:107530006B02BCD500248023DB031C436402640A75
:107540004246FF2051E71C42B3D1F4E7210020223C
:10755000C140101A8440621E94410C43620704D05B
:107560000F222240042A00D00434620104D50122F3
:1075700001201A40002438E70122A401640A1A40BD
:10758000002032E78023DB031C436402640A524676
:10759000FF202AE73862030078620300FFFFFFF74D
:1075A000430270B542004C005D0AC30F4802120E40
:1075B000460A240EC90FFF2A0FD0FF2C11D001203C
:1075C000A24200D070BDB542FCD18B420DD0002A42
:1075D000F8D12800431E9841F4E70120002DF1D195
:1075E000EBE70120002EEDD1E9E70020EAE7C046F5
:1075F0004302F0B542005D0AC30F4802440A480046
:10760000120E000EC90FFF2A1FD0FF2822D0002A19
:1076100009D16E426E4100280FD1002C0DD10020FF
:10762000002D09D005E0002801D1002C01D08B42AB
:1076300013D0584201231843F0BD002EF7D0484222
:107640004141012049420843F6E7002DDDD00220E8
:107650004042F1E7002CDAD0F9E78242E9DC04DBB2
:10766000A542E6D80020A542E6D258424341012077
:107670005B421843E0E7C0464302F0B542004C00CD
:107680005E0AC30F4802120E450A240EC90FFF2AD4
:1076900017D0FF2C19D0002A0BD170427041002C5A
:1076A00017D0002807D048424141012049420843F1
:1076B000F0BD002C13D08B4214D058420123184344
:1076C000F6E70220002EF3D1E3E70220002DEFD1F0
:1076D000E1E7002DE5D10020002EE9D0EDE7002DF7
:1076E000E9D1EAE7A242E8DC04DBAE42E5D80020BB
:1076F000AE42DDD25842434101205B421843D7E7F6
:10770000F0B557464E4645464300E0B4460288462B
:10771000760A1F0EC40F002F47D0FF2F25D000235D
:1077200080259A469946F600ED042E437F3F434656
:1077300042465D02D20F5B006D0A1B0E904640D0A0
:10774000FF2B39D080220020ED00D20415437F3B6F
:10775000FB1842465746591C62408C4607430F2F80
:107760005CD86F49BF00C9598F46002E45D1082308
:107770009A46063B9946DAE7424602282DD003286E
:1077800000D1C3E0012800D0A2E00025002602407D
:10779000D4B27602ED05760A2E43E4072643300084
:1077A0001CBC90469946A246F0BD002E1AD1042377
:1077B0009A46033B9946BAE72A00511E8A41901C1B
:1077C000C6E70120002DC3D0280002F0A9F9431F0D
:1077D00076309D4043420020BAE70124FF25144043
:1077E0000026D6E7300002F09BF9431F9E4000239D
:1077F000763047429A46994699E70C239A46093BC8
:10780000994694E780260024F603FF25C1E735005A
:107810004846B2E7350022004846AEE72904090C85
:107820000800370C3604360C2C0C79437043674340
:107830007443060C64183619B14203D980214902F9
:10784000884647440004000C310409188D01681E65
:107850008541890E2943350CED19AD010D432901F0
:1078600004D5012369081D4063460D4319007F318B
:10787000002925DD680704D00F202840042800D007
:107880000435280103D5274980330D401900FE290E
:10789000A3DC0124AD016E0A1440CDB279E780204B
:1078A000C003064207D0054205D128434602760AA6
:1078B0004446FF256DE706437602760AFF2568E712
:1078C0000124611A1B2905DD14400025002660E70C
:1078D0006346CBE72E002023CE40591A8D406B1E05
:1078E0009D412E43730704D00F233340042B00D057
:1078F0000436730104D5012401251440002648E70D
:107900000124B601760A1440002542E780260124AE
:10791000F6032E437602760A1440FF2539E7C04667
:10792000B8620300FFFFFFF7F8B54A024E004302BA
:107930004400240EC50F9B09360EC90F9209FF2E75
:1079400000D183E001204140A01BA9425CD0002867
:1079500000DC95E0002E1CD1002A00D081E05A07FF
:1079600004D00F221A40042A00D004335A013BD518
:107970000134FF2C00D191E001209B015B0AE4B2AD
:1079800005405B02E4055B0AED0723432B43180027
:10799000F8BDFF2CE3D08021C9040A431B2800DD79
:1079A00090E016002021C640081A8240511E8A41EC
:1079B00032439B1A5A0115D59B019E09300002F0F3
:1079C000AFF80538864084426CDC041B330020206D
:1079D0000134E340041BA640721E96410024334349
:1079E000BDE70D005A07BCD1DF0801231D40FF2C65
:1079F00033D1002F00D190E08022D20313003B430B
:107A00005B025B0AFF24BCE700284FDD002E2ED06E
:107A1000FF2CA4D08025ED042A431B2800DD97E02D
:107A200016002025C640281A8240501E824132434B
:107A30009B185A01D5D50134FF2C6DD001227B480B
:107A40001A405B08034013430D0088E7002A00D06A
:107A50007AE777E7031EC5D100257B025B0AE4B213
:107A60008FE701380028A4D0FF2C97D177E7002AB0
:107A700000D174E701380028DAD0FF2CCDD16EE7B1
:107A8000002821D1601CC0B2012858DD80279E1A31
:107A9000FF0437402FD0D61A0D008FE701231D4079
:107AA00000236EE7624B241A334058E7002851D177
:107AB000601CC6B2012E33DDFF282DD09B185B0859
:107AC00004004CE7012274E7002C1AD0FF2E1FD0CF
:107AD0008024E404404223431B2800DD96E01D007F
:107AE0002024C540201A8340581E83412B43D31ABB
:107AF00034000D005EE7002E00D05FE70025002473
:107B0000ABE7002B44D0C0430028F0D0FF2EE3D1D8
:107B10001300FF240D0022E70D00FF24002330E7AF
:107B2000002C5DD1002B7DD0002A00D117E79B18D7
:107B30005A0100D456E73E4A040013400FE7002CD8
:107B40001ED1002B2FD1002A65D013000D0006E7AF
:107B500001226DE7002C1FD1002B59D0C043002813
:107B60000BD0FF2E4FD01B285EDC1D002024C5400B
:107B7000201A8340581E83412B439B18340058E73A
:107B8000002B1CD1002A49D013000D00FF24E6E68B
:107B9000130034000D00E2E6FF2E34D08024E4040C
:107BA00040422343DFE7002A00D1D8E68027981A15
:107BB000FF04074000D14DE7D31A0D00CFE6FF24A4
:107BC000002A00D1CBE68020DB08C003034204D0AA
:107BD000D208024201D113000D00DB00FF24BEE6F3
:107BE000002B10D0FF24002A00D1B8E68020DB084B
:107BF000C003034203D0D208024200D11300DB00CD
:107C00000D00FF24ABE61300FF24A8E601236EE776
:107C100013003400A3E6002700251EE78027002577
:107C2000FF03E9E613009AE60123A6E7FFFFFF7DC5
:107C3000FFFFFFFB4302590A4300C20F1B0E002047
:107C40007E2B0EDD9D2B0DDC802000040143952B47
:107C50000BDC9620C31AD9400B005842002A00D1F1
:107C600018007047034BD018FBE7963B99400B0078
:107C7000F3E7C046FFFFFF7F70B5002830D0C31781
:107C8000C5185D40C40F280001F04AFF9E231B1A4F
:107C9000962B0DDC9622D21A95406A02520AD8B26F
:107CA0005202C005520AE40702432243100070BD8D
:107CB000992B19DC9922D21A9540124A2A40690759
:107CC00004D00F210D40042D00D00432510103D502
:107CD0000C4B1A409F231B1A9201520AD8B2DFE7BD
:107CE000002400200022DBE705222E00121AB92111
:107CF000D6402A00C91A8A40551EAA4135001543AC
:107D0000DBE7C046FFFFFFFB70B5041E28D001F083
:107D100007FF9E231B1A962B0ADC9622D21A944048
:107D20006202520AD8B25202520AC005104370BD14
:107D3000992B18DC9922D21A9440114A22406107EB
:107D400004D00F210C40042C00D00432510103D583
:107D50000B4B1A409F231B1A9201520AD8B2E2E73A
:107D600000200022DFE705222500121AB921D540A4
:107D70002200C91A8A40541EA2412C001443DCE799
:107D8000FFFFFFFBF8B556465F464D464446F0B44C
:107D90000F00FD0FAA4609037C002E005F00450F6F
:107DA000490A7F0D2943C5001803BC46400A570FF6
:107DB000640DDB0F3843D2009A4500D1AAE0664635
:107DC000A61B002E00DCFFE06346002B39D1030028
:107DD000134300D0D9E06B0709D00F232B40042BAD
:107DE00005D02B1DAB42AD416D4249191D000B0260
:107DF00000D482E0CA4B01349C4200D1FEE00A006C
:107E00005646C84BED081A40500764055202054318
:107E1000120B640D002112030B0D1B056405120BE0
:107E20001A436308C04CF60714401C4364006408FE
:107E30003443280021003CBC90469946A246AB46FC
:107E4000F8BDB74B9C42C6D080231B041843382E84
:107E500000DDEBE01F2E00DD1EE120239B1B9C4676
:107E600003006746BB40984613004746F3403B4338
:107E70006746BA40571EBA4113430200F240EB1A5C
:107E80009D42B6411D008A1A7642911B0B0231D5E4
:107E90004A02560A002E00D1B4E0300001F040FE44
:107EA0000300083B1F2B00DDB5E020222900D21A79
:107EB000D1409E400A009D4032439C4200DDB1E02B
:107EC0001C1B631C1F2B00DDD5E0202114002800A3
:107ED000C91A8C40D8408D400443DA40681E854161
:107EE00011002543002476E74146314300D134E2B6
:107EF000310045466B0700D06FE756464807ED084E
:107F0000C9080543864B9C4235D00A036405120B11
:107F1000640D7FE76346E31A9B46002B00DC8BE091
:107F20006746002F3CD07E4FBC4200D153E78027EC
:107F30003F0438435B46382B00DCF7E00243501E19
:107F400082410020D2B253194218AB4289411D0030
:107F5000494289180B02CDD5714B01349C4200D1A6
:107F60003DE101206F4A6B080A4028401843D507BD
:107F7000054351082FE72B000B4300D1CBE18023B1
:107F80001B030B431A03120B44E7013E002E6DD175
:107F9000AE1AB5429B41091A5B42C91A350075E712
:107FA0000700174300D116E701235B429C46E344D8
:107FB0005B46002B00D0E0E0AA18AA429B410918BA
:107FC0005B4259181500C5E7002E75D1661C760571
:107FD000760D012E00DCF3E0AE1AB0464545BF41F8
:107FE0000E1A7F42F61B370200D48FE0551BAA42BF
:107FF000B641411A76428E1B9A464BE756460022FE
:10800000002507E7280001F08BFD20300300083B26
:108010001F2B00DC49E72A002838824000259C42BB
:1080200000DC4DE73F49E41A1140D4E60243501EFC
:108030008241D3B2002222E7002B00D0F3E0631C80
:108040009C465B055B0D012B00DC9FE0344B9C459F
:1080500000D1C3E0AA180918AA4280414042411841
:10806000CD075208154349086446B4E62C4B9C42A0
:1080700000D0ECE6AFE611001F3CE1400C00202BE5
:1080800000D17FE04021CB1A9A4015436A1E9541EA
:108090000021254300242DE733000700203BDF406B
:1080A0003B00202E70D04027BE1BB0400243501E24
:1080B000824113430022E2E6002C4FD0184CA44525
:1080C00000D1ABE08024240476422143382E00DD29
:1080D000DFE01F2E00DD43E12027BC1BA1460C0082
:1080E0004F46BC40A0462C004746F4403C434F4618
:1080F000BD406F1EBD41F1402C43151BAA42924169
:10810000411A5242891A64469A46BFE6414645469C
:10811000314300D0BEE6002600240025F2E6C0462A
:10812000FF070000FFFF7FFFFFFF0F801F2B59DCC1
:108130002027FF1ABC46070063469F405B46B946AE
:108140001700DF40B8464F4643461F4363469A40F8
:10815000531E9A415B463A43D840F4E60C002C4348
:108160005CD0F643002E55D1551BAA42A441411ABA
:108170006442091B9A46644688E6964FBC4200D08A
:10818000D8E628E6002280E700208FE70B002B438B
:10819000002C00D0C2E0002B00D101E1030013430A
:1081A00000D118E6AB18AB42B641091876427118F7
:1081B0000A0200D409E1884A1D00114064460AE61B
:1081C000002C5BD10E002E4300D08AE00100114349
:1081D00000D1C2E0010015009A46FCE5644600218A
:1081E00000258FE620235B429C46DC446346070063
:1081F000DF405B46BC46202B00D1ACE040235F460D
:10820000DB1B98400243501E8241634613431A0011
:10821000002098E66F4CA44500D057E701001500F8
:1082200064469A46D7E5002C39D10C002C436ED019
:10823000DB43002B1AD0674CA44568D0382B00DDF7
:10824000A4E01F2B00DDAEE020240F00E41AA740BD
:10825000B9462F00DF40B846A3464F464446274361
:108260005C46A5406C1EA541D9403D43AD189542E2
:108270009B4109185B42591864466BE60C002C437D
:1082800015D1010011437BD0010015009A46514CD5
:10829000A1E50D43691E8D410021ECB22DE74D4C47
:1082A000A44534D0802424045B422143C6E7040063
:1082B00014434ED0ED084C072C438025C9082D03EC
:1082C000294208D0C6082E4205D1D20841071143E1
:1082D0000C009A463100620FC900E50011433D4C85
:1082E00079E50600164300D175E5AE1AB04645455E
:1082F000BF410E1A7F42F61B370200D4F4E5551B2E
:10830000AA42B641411A7642891B9A4663E50100AA
:10831000150064465FE5002200257BE5002B3BD07D
:108320000300134315D0ED084B072B438025C908E4
:108330002D03294207D0C4082C4204D141070B0069
:108340002100D2081343C9005A0F1143DD00214C0C
:1083500041E5204C3FE5002054E700260025D1E50B
:1083600034000F00203CE7403C00202E2BD040275B
:10837000BE1BB1400D43691E8D4100212C43BCE65C
:10838000802100260903134C0025BBE50D43691E1F
:108390008D410021EDB269E7010015000D4C1AE591
:1083A0000100150017E51C000F00203CE7403C00D1
:1083B000202B0CD04027FB1A99400D43691E8D419C
:1083C0000021254352E70021D4E71D0092E500215A
:1083D000F3E7C046FF070000FFFF7FFFF0B55646FA
:1083E0004D4644465F46F0B41D000E034C00CB0FD3
:1083F00087B0070092468146360B640D98466AD0D6
:108400006D4B9C4235D08022430F12041343F6007B
:108410001E43C3009946694B00279C4600236444D1
:1084200002932B0368001B0BED0F51469B46400D3A
:10843000009500D178E0604B98426CD05B46DA0042
:108440004B0F802109040B4313439B465346D9002D
:108450005A4B9C46002360444246201A6A4092468A
:1084600001901F430F2F00D9B0E05548BF00C059FD
:108470008746374300D088E0002399460233082717
:1084800000260293CDE74346B34649460093029B3C
:10849000009A9246022B00D0BFE1002153460122F0
:1084A000002689461A40444B002136030C0D240552
:1084B000360B2643434C1B0526401E437600D2074D
:1084C000760816434846310007B03CBC90469946B2
:1084D000A246AB46F0BD330003434FD0002E00D17F
:1084E000BCE1300001F01CFB03000B3B1C2B00DD4A
:1084F000ADE11D220100D31A08393A008F408E40A9
:10850000DA40B9461643304B00279C4600236044AE
:108510004442029385E753465A4613432CD1002325
:1085200000219B46023397E70B4320D05B46002B8C
:1085300000D19EE1584601F0F3FA03000B3B1C2BDF
:1085400000DD8FE102005946083A91408B461D211B
:10855000CB1A5146D9400B0059460B4351469B4616
:108560009140194B9C4660444042002374E700232D
:1085700000219B4601336FE703236DE700239946F3
:1085800001330427002602934BE703230C270293B1
:1085900047E70122D51A382D00DCB0E153461A40D6
:1085A00000210023002689467EE700238026994685
:1085B00000223603004B77E7FF07000001FCFFFFB6
:1085C000F8620300FFFF0F80F30300005E4500D94F
:1085D00072E100D16DE1019B4D46013B0193002307
:1085E000340002935B461E020B0E1E430B020393E4
:1085F000330C994633041B0C494620000093FEF7C8
:10860000D7F9009B370043430600494620009846AF
:10861000FEF754FA2C0C09040C43A04509D9E419BF
:10862000731EA74200D95CE1A04500D859E1023E83
:10863000E4194346E41A49462000FEF7B9F903005D
:10864000009A80465343494620009B46FEF736FA7F
:108650002A040904120C0A4393450DD94346D21942
:10866000013B974200D93AE1934500D837E1022314
:108670005B429C46D219E0445B46D21A434636041C
:1086800033439B460399180C0B0C1D0005930904FA
:108690005B46090C0C001B041B0C4443049159431A
:1086A0006B4368431B190D0CEB189C4203D98024C3
:1086B0006402A44660441C0C09041B04090C201825
:1086C0005D18824200D2DEE000D1D7E0161A029B8C
:1086D0009C465D1BAC459B415B42F61AB74200D1FC
:1086E00006E149463000FEF763F9009B040043436E
:1086F000494630009846FEF7E1F92E0C09040E4376
:10870000B04509D9F619631EB74200D9F3E0B04568
:1087100000D8F0E0023CF6194346F31A4946180027
:108720000293FEF745F9009B060043434946029831
:108730009846FEF7C3F92D0409042D0C0D43A845F6
:1087400009D9ED19731EAF4200D9D6E0A84500D86B
:10875000D3E0023EED192404210043463143049E38
:10876000059A3000ED1A0B040C0C1B0C58436643A1
:10877000534354439A19030C9B189E4203D98022F9
:108780005202944664441A0C00041B04000C141991
:108790001B18A54250D34DD001231943964A019B83
:1087A00094466344002B00DCF3E64A0709D00F220D
:1087B0000A40042A05D00A1D8A42894149428B4455
:1087C00011005A46D20108D55A468C4B1A4093469E
:1087D0008022D2009446019B6344894A934200DD83
:1087E0005BE65A46C9085007084356025146012223
:1087F0005B058146360B5B0D0A4055E680231B0363
:108800001E4211D05A461A420ED15E461E4336030E
:10881000360B2A0089467B4B46E6032B00D1E1E06C
:10882000012BBBD11A40BBE61E433603360B424632
:10883000744B39E6002BB1D07D194A1EAF4252D994
:108840001100A542A8D1039A9A42A5D1A6E7030038
:108850003E00283B9E400023994654E601F060F913
:10886000203041E603005246283B9A4000219346BF
:1088700077E6504601F054F920305EE6029B002670
:10888000AB4200D323E7039E0299B4466144884675
:10889000B045B6415B467642F619B218013B0291EB
:1088A000974213D290424FD800D18EE0161A9B46C1
:1088B0000DE7894500D28EE674084B46F607350071
:1088C0005B081D434B46DB0702938BE69742EDD1D5
:1088D0000399029CA142E5D93E1A9B46F7E69846C9
:1088E000CAE61E00A5E6AC423ED874D0110053E79C
:1088F0000121494252E71C000EE71E002BE71F2D05
:108900003CDC20230A0058465B1B9840EA40994013
:108910000243481E81415E461143EE404B0709D099
:108920000F230B40042B05D00B00191D99429B41CE
:108930005B42F61833023CD55346012200211A400F
:10894000002601238946AFE502235B429C46039C37
:10895000E344A446029B63449846A045B641764250
:10896000F6190293B218B1E603988A1E41008142BB
:10897000B6417642F619AD19039161E71F225242C2
:10898000D31A5A46DA401300202D29D040225846E7
:10899000551BA8400143481E814107200B43184046
:1089A0000026002809D00F2200261A401900042AA8
:1089B000BBD10B0070077602360BDB0803439946E8
:1089C000012253461A4000236EE502998D42BBD81E
:1089D0009B4600267BE603989842C5D3110032E7F8
:1089E0000020D7E780265B4636031E433603360B4E
:1089F000009A8946034B57E5FF030000FFFFFFFE87
:108A0000FE070000FF070000F0B55F4656464D46E2
:108A10004446F0B41F035C00DB0F9A46194B0E036B
:108A20004D00C90F8046360B6D0D8B4691463F0BAE
:108A3000640D9D4219D0134B9C421BD00123A542CB
:108A400006D018003CBC90469946A246AB46F0BD05
:108A5000BE42F6D1C845F4D1D34510D0002DF0D197
:108A6000304303005A1E9341EBE7310001230143D9
:108A7000E7D1E0E73A430123002AE2D1DEE7002311
:108A8000DFE7C046FF070000F0B55F4644465646A4
:108A90004D46F0B41F033C0B2C4F0E034D00A34674
:108AA0005C008446360B6D0DC90F9046640DDB0FDC
:108AB000BD422BD0254FBC422ED0002D0ED13043CD
:108AC0000700814678427841002C17D15F463A432F
:108AD00014D14B460020002B0AD006E0002C02D116
:108AE0005846024301D099421AD001234842184304
:108AF0003CBC90469946A246AB46F0BD0028F2D059
:108B000058425841012240421043F1E737000743E1
:108B1000D0D002204042EBE75F461743CDD0F8E7C4
:108B2000A542E2DC05DB5E45DFD808D000205E45CB
:108B3000DED248424841012340421843D8E7C445A9
:108B4000D3D80020C445F4D3D2E7C046FF070000C5
:108B5000F0B55F464D4644465646F0B41C03240B20
:108B6000A4462F4C0F034D005E00C90F80463F0BFB
:108B70006D0D8B469146760DDB0FA54220D0284C1B
:108B8000A64222D0002D12D1384344424441002E47
:108B900020D0002C0DD05C42634101245B421C4379
:108BA00020003CBC90469946A246AB46F0BD002E44
:108BB00017D05B4519D05B465C4201231C43EFE7AD
:108BC000390002240143EBD1D9E761460224114365
:108BD000E6D1D7E761460A43DBD100240028DFD085
:108BE000E9E761460A43E4D1E5E7B54203DD012246
:108BF0005C421443D4E7B542CDDB6745DBD809D0EE
:108C000000246745CCD259464C4261410124494277
:108C10000C43C5E7C845CED80024C845F3D3BFE709
:108C2000FF070000F0B55F4656464D464446F0B497
:108C30000D0399464E002B0B87B0070092468046E5
:108C40009B46760DCC0F002E69D06D4B9E4235D0E1
:108C50005B468022DD001204430F13432B439B46E7
:108C6000C3009846674B00279C4600236644019347
:108C70004A4615035000D20F53462D0B400D914626
:108C800000D176E05E4A90426CD080225B0F1204E5
:108C900013435C4AED0094461D4353460022DB001B
:108CA000604449463618701C6140029017430F2FEC
:108CB00000D9AFE05448BF00C759BF465B461F43C9
:108CC00000D088E000239B46984602330827019392
:108CD000CEE74946022A6AD0032A00D109E2012AD6
:108CE00000D0BBE111400022002300259046CCB209
:108CF00000212D030A0D12052D0B1543434A1B05B8
:108D000015401D436D00E4076D08254340462900CA
:108D100007B03CBC90469946A246AB46F0BD034323
:108D200052D05B46002B00D18AE1584600F0F8FE95
:108D300003000B3B1C2B00DD7BE11D22D31A3A0004
:108D400001005D46DA4008398D4013008F402B4307
:108D50009B46B8462E4B00279C4600236044464263
:108D6000019385E752462A432CD100250023022295
:108D700097E752462A4321D0002D00D154E1280024
:108D800000F0CEFE03000B3B1C2B00DD46E11D2155
:108D9000CB1A51460200D9405346083A95409340B9
:108DA0000D431B4A944660444042002279E7012467
:108DB00000220C40124B0025904699E70025002325
:108DC00001226EE703226CE700239B46984601339D
:108DD000042701934CE703230C27019348E7002362
:108DE0008025984600242D03054B81E75D464346C8
:108DF000019A6FE75D4643462100019A6AE7C04643
:108E0000FF07000001FCFFFF38630300FFFF0F8036
:108E1000F30300004246120C91461A0C9446424657
:108E200017044A461B041B0C5A43604690464A46A8
:108E300042431000039262461C003F0C7A437C437D
:108E400042440192220C9246019A5244904506D91E
:108E50008246802040028046C24450460390100C57
:108E6000049048462404240C1204121905922A0C7A
:108E70002D042D0C68432C00824648467C43504309
:108E80008146200C8046574357444744BA4503D98E
:108E9000802040028046C144380C3F04B846484414
:108EA0002404240C01900498A044404404905846A3
:108EB000000C814658460404200C824607004846B0
:108EC0005F434C4643436046604364468346504696
:108ED0004443380C8446E4186444A34203D98023F5
:108EE0005B029C46E34448463F04230C3F0C2404A9
:108EF000E419574668436F4384464D4650465543F0
:108F00004243380C814662444A445B44944503D949
:108F1000802040028446654403983F0483460498B9
:108F20003F0C8446E344C3458041404282461004DE
:108F300084460198674484466744A344BC46A345DD
:108F4000A4419946D44464428742BF41D4458041FC
:108F5000E144A04699459B417F424042C8440743B3
:108F6000120CBA18A045A4415F423B00644223435F
:108F7000D71843467D19DB0D6D021D435B465A022F
:108F8000059B1A43531E9A415B46DB0D1A43434629
:108F90005B021343EA0107D501225C081340234317
:108FA000EA07029E13436D08574AB218002A4BDDA8
:108FB000580709D00F201840042805D0181D9842E2
:108FC0009B415B42ED180300E80104D54F4A154070
:108FD0008022D200B2184E48824200DDE7E601242A
:108FE000DB08680718436D02530580462D0B5B0DA7
:108FF0000C407DE6802259461203114208D01542EA
:1090000006D115432D0398462D0B4C46414B6FE678
:109010005D4615432D032D0B3E4B69E60300554677
:10902000283B9D400023BCE6504600F079FD2030EF
:10903000A8E60300283B9F400023BB46984689E6EC
:1090400000F06EFD203073E60124A61A382E07DDED
:1090500000220C4000230025904649E6029EA3E72B
:109060001F2E20DC20222C001800921BF040944080
:1090700093400443581E83411C43F540630709D0C5
:109080000F232340042B05D023001C1D9C4292413A
:109090005242AD182B021FD5012400220C4001239F
:1090A0000025904624E61F202C004042821AD4401E
:1090B000202E1CD04022961BB5402B43581E8341C6
:1090C0000720234318400025002809D00F2200253F
:1090D0001A401C00042AD8D1230068076D022D0B0A
:1090E0000124DB08034398460C40002300E60025DA
:1090F000E3E780220124120315432D0398462D0B2C
:109100000C40044BF4E5C046FF030000FFFFFFFEE8
:10911000FE070000FF070000F0B557464E464546E3
:10912000E0B40E001100F20F9246C500420F180382
:1091300037037400400A4E0F7F0A3043CF4E174367
:109140005A00640D520DDB0FC900B24200D1E5E0B8
:1091500001267340A61AB446534500D1AFE0002E55
:1091600000DC0DE1002A3AD103000B4300D0E4E01B
:109170006B0709D00F232B40042B05D02B1DAB42CE
:10918000AD416D427F191D003B0200D488E0BB4B0E
:1091900001349C4200D110E13A00B94B51461A40CB
:1091A00001235007ED08520264050543120B640DBC
:1091B0000B400021280012030D0D120B64052D0534
:1091C00015436208AF4CDB072C401443640064086D
:1091D0001C4321001CBC90469946A246F0BDA74BFB
:1091E0009C42C5D080231B0418436346382B00DD06
:1091F000FDE01F2B00DD30E1624620239B1A0200B8
:109200009A40664690460A009940F24046464B1EF8
:1092100099413243114363460200DA40691A8D4294
:109220009B410D00BA1A5B42D71A3B0235D57A0230
:10923000530A98464346002B00D1C4E0404600F054
:109240006FFC0300083B1F2B00DDC5E02022290036
:10925000D21A4746D1409F400A009D403A439C4263
:1092600000DDC0E01C1B631C1F2B00DDE4E020219F
:1092700014002800C91AD8408C408D400443DA40BD
:10928000681E854117002543002471E74246634666
:109290001A4300D14CE2674645466B0700D069E7A8
:1092A000012351467807ED08FA080B40054373493E
:1092B0008C4238D012036405120B640D79E7002E3E
:1092C00000DC9AE0002A47D06C4A944200D14FE774
:1092D0008022120410436246382A00DC08E1014370
:1092E000481E81410022C9B24919D219A942BF4181
:1092F0000D007F42BF183A0200D442E15F4A0134B8
:10930000944200D14EE101205D4A69083A4028406C
:109310000843D507054357089A4629E706000E4338
:1093200000D017E714E72900114300D1F9E18021AB
:1093300009030A431203120B3BE701235B429846E1
:10934000C4446346002B72D1691A8D429B413F1A77
:109350005B42FF1A0D0068E702000A4300D107E7ED
:10936000012252429046C4446246002A00D0E6E000
:109370006918A942B6413F187642F7190D00BAE7BD
:10938000002E00D080E0621C5205520D012A00DC44
:10939000F9E06A1A91464D45B6413A1A7642921B57
:1093A0009046120200D499E04D1BA9428941C71B87
:1093B00049427A1A90469A463CE7524601230025D4
:1093C00013400022F5E6280000F0AAFB203003003D
:1093D000083B1F2B00DC39E72A0028388240002593
:1093E0009C4200DC3EE7264FE41A1740C0E60143EA
:1093F000481E81410022C9B210E7002E00D0F1E0E2
:10940000621C94465205520D012A00DCA0E01B4A62
:10941000944500D1C5E06918A94292413F185242D3
:10942000D2194908D5070D4357086446A0E6134BE7
:109430009C4200D0D9E69BE611001F3CE1400C00A5
:10944000202B00D180E04021CB1A9A4015436A1EA0
:1094500095410027254300241FE763460200203B77
:10946000DA406346202B71D0402366469B1B984010
:109470000143481E814111430022CFE6FF0700004F
:10948000FFFF7FFFFFFF0F80002C48D0CA4CA24295
:1094900000D1A2E07442A1468024240427434C4614
:1094A000382C00DDDBE01F2C00DD44E14E4620249B
:1094B000A41B3E00A640A246B0464C462E00E64005
:1094C000B4464646644626435446A5406C1EA54114
:1094D00034002C434D46EF400D1B28E04A464346DE
:1094E0004D461A4300D0A5E6002300240025DEE601
:1094F0001F2A5ADC66462022921B0600964091469F
:10950000B04662460E00D640424616434A46914057
:109510004A1E9141020060463143C240E4E63C00ED
:109520002C435AD0F443A146002C52D14D1BA942E2
:109530008941C71B49427F1A14009A4675E69E4A24
:10954000944200D0C7E613E600227FE700208FE7B1
:10955000002C00D0C8E03B002B4300D10FE10300FA
:109560000B4300D104E66918A9429B413F185B42B6
:10957000DF193B0200D41AE1904B0D001F406446F6
:10958000F6E59A4689E63A002A43002C5CD1002A87
:1095900075D102000A4300D1CAE007000D009A46C7
:1095A000E6E564460022002581E662460600203A90
:1095B000D6406246B046202A00D1B7E04022664637
:1095C000921B904001434246481E814111430022B4
:1095D0008AE6794CA24200D061E707000D00140032
:1095E0009A46C5E5002C41D13C002C4378D0F44389
:1095F000A146002C20D0704CA24271D04C46382C91
:1096000000DDB2E01F2C00DDBCE02026341BA246AA
:109610003C005646B4404E46A0462C00F440A446BA
:10962000444666463443A4465446A54064466E1EEE
:10963000B54125434C46E7406D188D4289413F189E
:109640004942CF19140056E6002A2FD102000A43DE
:1096500000D184E007000D009A46574C88E53D4351
:109660006F1EBD41ECB200270D1B60E7524CA242B9
:1096700036D0744280263604A1463743BEE7020046
:109680000A4300D174E56A1A90464545B6413A1A34
:109690007642921B9446120200D4F7E54D1BA94274
:1096A0008941C71B49427F1A9A4661E502000A4375
:1096B0003AD0ED087C072C438025FA082D032A4276
:1096C00008D0C7082F4205D145072C003A009A461A
:1096D000C9080C43670FD200E5001743364C47E535
:1096E00007000D00140043E53A002A4343D002006E
:1096F0000A4319D0ED087C072C438025FA082D0376
:109700002A4207D0C6082E4204D147073C00320047
:10971000C9080C43D700620FE50017439A46264C50
:1097200026E50022002544E5234C21E5002049E7F9
:1097300000230025BBE54C463E00203CE6404C465D
:10974000B446202C31D040244E46A61BB7403D43A2
:109750006C1EA54164462C4300270D1BE7E68022C2
:1097600000231203144C0025A1E53D436F1EBD41AB
:109770000027EDB260E707000D000F4CF8E407008A
:109780000D00F5E44E463C00203EF440A0464C4619
:10979000202C0ED040244E46A41BA7403D436F1EF4
:1097A000BD4144460027254346E70027CFE70D008B
:1097B00073E50027F2E7C046FF070000FFFF7FFFC9
:1097C00070B50E4E0C031D0349005B00240B490DC0
:1097D0002D0B5B0DB14204D0084900208B4208D00C
:1097E00070BD04430120002CFAD1044900208B42B3
:1097F000F6D115432800451EA841F1E7FF070000F8
:109800000B0330B5134D1A0B4B005B0DC90F002431
:10981000AB4211DD104CA34210DC802464032243D0
:109820000E4CE41A1F2C0CDD0D48C31ADA4013004D
:109830005C42002900D11C00200030BD094BCC182F
:10984000FAE7E040084CA44663449A4013000343FF
:10985000EEE7C046FE0300001D04000033040000D4
:1098600013040000FFFFFF7FEDFBFFFF70B5002832
:1098700030D0C317C4185C40C50F200000F050F969
:10988000174B184A1B1AD21A1F2A18DD164AD21A69
:109890009440002224035B05240B5B0D0021100083
:1098A00024030A0D1205240B1443104A1B0514400F
:1098B0001C436400ED0764082C43210070BD2100A7
:1098C00091400A000B21081AC4405B052403240BB5
:1098D0005B0DE3E70025002300240022DEE7C046FD
:1098E0001E0400003304000013040000FFFF0F807B
:1098F00070B5051E28D000F013F9154B154A1B1A38
:10990000D21A1F2A16DD2C00134A0025D21A9440C1
:109910005A052403240B520D002124030B0D240BA4
:109920001B0523430D4C1205234013435B00280005
:10993000590870BD0B212C00081AC440954024031F
:109940005A05240B520DE7E700220024E4E7C04645
:109950001E0400003304000013040000FFFF0F800A
:109960004200120E511C4302C9B270B55D0AC40F09
:10997000012915DDE02189008C466D071B0B62442F
:10998000002128000D0D2D052B431C4D52052B40A9
:10999000520813435B00E4075B082343190070BDC2
:1099A000002A15D1002D1FD0280000F0B9F80A2890
:1099B0001DDC0B232A001B1ADA40130002001532AB
:1099C00095400F4A1B03121A52051B0B520DD7E785
:1099D000002D06D080221B0B120313436D07094A8A
:1099E000CEE7084A0023CBE700220023C8E70300A4
:1099F0000B3B9D402B000025E3E7C046FFFF0F8097
:109A000089030000FF0700004B0070B55E0D0C03DA
:109A1000751C640A420F6D052243C90FC4006D0D09
:109A2000012D2ADD3B4BF318FE2B1ADC002B42DD07
:109A30008001451EA841D2001043620F0243500727
:109A400004D00F201040042800D004328020C0042D
:109A5000104021D00133FF2B03D09201520ADBB218
:109A600001E0FF2300225202520ADB0513435B0090
:109A7000C9075B080B43180070BD002E07D01443C4
:109A8000EFD08020D20080040243FF23D7E7224397
:109A90000023002A03D00522D208FF2B03D0520254
:109AA000520ADBB2DFE7002A32D08020C003024333
:109AB0005202520AD7E71800173014DB8020000446
:109AC00002431E20C01A1F280FDC2500124BF3187A
:109AD0009D406E1EB5419A402B0013432200C240A8
:109AE0001A430023ABE70023D5E702256D42EB1AAA
:109AF0001500DD40202809D0084BF3189A40144384
:109B0000621E9441220000232A4398E70022F6E7D0
:109B10000022A8E780FCFFFF82FCFFFFA2FCFFFF02
:109B20001C2101231B04984201D3000C10391B0A8D
:109B3000984201D3000A08391B09984201D3000951
:109B4000043902A2105C40187047C04604030202A8
:109B500001010101000000000000000010B5002913
:109B600003D1FFF7DDFF203002E0081CFFF7D8FF2C
:109B700010BDC046F0B54746494A4B0080B40600C8
:109B80000F0088465B0893424BDC464A93420FDC49
:109B9000454A464BFEF7F6F8454B0022FDF7A8F87C
:109BA0003B00002854D03000190004BC9046F0BDA2
:109BB000404A93423CDC8022D205934248DD00F0CB
:109BC000F9FA320004000D003B0030003900FFF7C5
:109BD00029F80022364BFEF7D5F803F01DFA0200F3
:109BE0000B0020002900FEF7CDF802000B0000203A
:109BF0002F49FEF7F3FB220006000F002B00200088
:109C00002900FEF7BFF802000B0030003900FEF714
:109C1000B9F802F095FC43460600002B14DD0B005A
:109C2000C1E70B000200FEF7ADF806000B00BAE733
:109C300000F0C0FA02F084FC1F4B204AFEF7A2F8A5
:109C400043460600002BEADC80231B06CB18AAE75C
:109C500032003B0030003900FEF7E4FF04000D0045
:109C60003000390000F0A6FA002206000F00104B69
:109C700020002900FEF786F803F0CEF900220C4BF5
:109C8000FEF780F802000B0020002900FEF7A6FB7B
:109C900032003B00FEF776F800F028FBBBE7C04639
:109CA000FFFFEF7FFFFF2F3E9C7500883CE4377E6F
:109CB0000000F03F0000B041422EE63FEF39FAFECF
:109CC000F8B556464D4644465F46A54BF0B44E00A7
:109CD000804689468A4676089E420CDDA14B9E420C
:109CE00000DDA0E000D19BE05346002B00DCE3E068
:109CF0009D4B9E4A9FE09E4B9E4200DDB1E09D4BF6
:109D00009E4200DC9FE001235B429B4642464B465D
:109D100040464946FEF786FF02000B0006000F0092
:109D2000FEF780FF04000D00934A944BFEF77AFF84
:109D3000934A944BFEF726F822002B00FEF772FFA1
:109D4000914A924BFEF71EF822002B00FEF76AFFA5
:109D50008F4A904BFEF716F822002B00FEF762FFA9
:109D60008D4A8E4BFEF70EF822002B00FEF75AFFAD
:109D70008B4A8C4BFEF706F832003B00FEF752FF91
:109D8000894A8A4B06000F0020002900FEF74AFF8F
:109D9000874A884BFFF7C0F922002B00FEF742FFED
:109DA000854A864BFFF7B8F922002B00FEF73AFFF1
:109DB000834A844BFFF7B0F922002B00FEF732FFF5
:109DC000814A824BFFF7A8F922002B00FEF72AFFF9
:109DD0000B0059460200013100D170E059463000B5
:109DE000CC003900FDF7CEFF42464B46FEF71AFF86
:109DF000774D784B2D191C1922686368FFF78CF991
:109E000042464B46FFF788F902000B002868696854
:109E1000FFF782F953460A00002B48DB03000AE0F3
:109E2000002800D160E742464B4640464946FDF7D0
:109E3000A9FF03000A00180011003CBC9046994697
:109E4000A246AB46F8BD644A644BFDF79BFF002277
:109E5000634BFCF74DFF002800D154E743464A46C8
:109E6000E9E700F0A7F95F4B04000D009E4237DCE4
:109E70005D4B9E425DDC02000B00FDF783FF00227C
:109E8000574BFFF749F9802306000F000022DB053E
:109E900020002900FDF776FF0B000200390030009A
:109EA000FEF79CFA0023804689469B462EE78022D7
:109EB000120603008A18BEE72B4B4C4ABBE7300062
:109EC0003900FDF75FFF42464B46FEF7ABFE02004E
:109ED0000B0040464946FFF71FF903000A00AAE7B6
:109EE000434B9E421ADC0022424BFFF715F9002239
:109EF00006000F003F4B20002900FEF793FE0022D2
:109F0000374BFDF73FFF0B00020039003000FEF732
:109F100065FA0223804689469B46F7E60B0002005D
:109F200035490020FEF75AFA0323804689469B46AE
:109F3000ECE600222A4BFFF7EFF8002206000F00A4
:109F4000274B20002900FDF71DFF0B000200390000
:109F50003000FEF743FA0123804689469B46D5E64A
:109F6000FFFF0F440000F07F182D4454FB21F93F00
:109F7000FFFFDB3FFFFF1F3E11DA22E33AAD903FC8
:109F8000EB0D76244B7BA93F513DD0A0660DB13F30
:109F90006E204CC5CD45B73FFF8300922449C23F98
:109FA0000D5555555555D53F2F6C6A2C44B4A2BF5D
:109FB0009AFDDE522DDEAD3F6D9A74AFF2B0B33F25
:109FC000711623FEC671BC3FC4EB98999999C93F9D
:109FD00028550300085503009C7500883CE4377E33
:109FE0000000F03FFFFFF23FFFFFE53FFB21F9BF1D
:109FF000FF7F03400000F83F0000F0BF444AF8B57F
:10A00000564692464B005B0D9A4444465F464D4689
:10A010005246F0B4884605000C000E000700132AD3
:10A0200027DC002A59DB52463A4B134199460B0074
:10A030004A461340034316D0374A384BFDF7A2FE79
:10A0400000220023FCF754FE00280AD0002C04DD77
:10A05000802352465B031341984446464B460027F3
:10A060009E43380031003CBC90469946A246AB4620
:10A07000F8BD5246332A08DD8023DB009A45F2D131
:10A0800002000B00FDF77EFEEDE7254A9446012213
:10A0900063445242DA4093460242E4D01E4A1F4BC8
:10A0A000FDF770FE00220023FCF722FE0028D8D026
:10A0B000002C0CDD5346142B26D0342352460127A6
:10A0C0009B1A9F407F19AF429B415B4298445B467D
:10A0D00046469F4338003100C5E70F4A0F4BFDF756
:10A0E00051FE00220023FCF703FE0028B9D0002C0B
:10A0F00006DB2C4300270026002CB2D0094EB0E727
:10A10000802600273606ACE7133B9C46E044DEE79A
:10A1100001FCFFFFFFFF0F009C7500883CE4377EC9
:10A12000EDFBFFFF0000F03F30B5204A4B0087B049
:10A130005B0893421CDD1E4A934205DD02000B00C2
:10A14000FEF7EAFF07B030BD02AA02F08FFC03233E
:10A150001840049A059B012818D002280DD0002829
:10A160001ED0029803990124009403F0B7FDE9E79B
:10A170000022002303F046F8E4E70298039903F075
:10A1800041F880231B069C466144DBE7009002985F
:10A19000039903F0A3FD80231B069C466144D1E78D
:10A1A0000298039903F02EF8CCE7C046FB21E93F63
:10A1B000FFFFEF7F49004B0819007047454AF8B58B
:10A1C000564692464B005B0D9A444D465F464446C8
:10A1D0005246F0B4894605000C000E000700132A11
:10A1E00022DC002A47DB52463B4B134198460B00CA
:10A1F00042461340034311D0384A394BFDF7C2FDA4
:10A2000000220023FCF774FD002805D0002C41DB60
:10A210004E46434600279E43380031003CBC9046E2
:10A220009946A246AB46F8BD5246332A08DD802344
:10A23000DB009A45F2D102000B00FDF7A3FDEDE72C
:10A24000284A9446012263445242DA40934602422D
:10A25000E4D0224A224BFDF795FD00220023FCF7B3
:10A2600047FD0028D8D0002C1ADB5B464E469F43A2
:10A2700038003100D2E7194A194BFDF783FD00225F
:10A280000023FCF735FD0028C6D0002C16DB002784
:10A290000026C1E7802352465B0313419944B7E788
:10A2A0005346142B12D03423524601279B1A9F4049
:10A2B0007F19AF429B415B429944D6E76400640832
:10A2C00025430027002DA7D0074EA5E7133B9C464A
:10A2D000E144CAE701FCFFFFFFFF0F009C75008807
:10A2E0003CE4377EEDFBFFFF0000F0BFF0B54F46CA
:10A2F0004646C0B4CA4A8BB004000D000B00914220
:10A3000012DCC84A4E00760896421BDD0022C64B7E
:10A31000FCF7D4FC002800D181E0002200230020BB
:10A32000C249FEF75BF808E0C14A914236DD2200DF
:10A330002B0020002900FDF725FD0BB00CBC90463A
:10A340009946F0BDBB4A964274DDBB4A94466344CD
:10A35000934200D98FE00022B84B20002900FDF77E
:10A3600011FDB74A0B15914699444B4680460F00A4
:10A370000E00002B00DCD7E122002B00FEF7CCFE04
:10A3800002000B000020AD49FEF7C6FE42463B002E
:10A39000FEF724F84446029003910BE0A94A934249
:10A3A000D9DDA74A1E0091461B15994400220023BF
:10A3B0000292039333031B0B9846A34B984500DD91
:10A3C000EDE042469D4B20001A43110000229B4BBA
:10A3D000FEF7A2FE04000D0000229C4B06000F00B9
:10A3E000FEF720FC22002B00FEF71CFC0B000200F5
:10A3F00004920593009201934346002B49D1002219
:10A40000002320002900FCF759FC002800D1D5E0EA
:10A410004B46002B00D06BE1002000218DE722008D
:10A420002B0020002900FEF777FE02000B00FDF74D
:10A43000D5FF82E70022864BFDF7A4FC0022002313
:10A44000FCF756FC002805D0824B200029009E42D4
:10A4500000DC72E722002B0020002900FEF7E2FB5F
:10A4600000227A4BFEF7DEFB02000B0020002900E1
:10A47000FEF752FE61E70022744BFEF7D3FB2B0080
:10A480002200FEF7CFFB002326002F009946009004
:10A49000019180230022DB0530003900FDF772FCBA
:10A4A00002000B0030003900FDF798FF02000B009E
:10A4B00004900591FEF7B6FB04000D00664A674B59
:10A4C000FEF7B0FB664A674BFDF75CFC22002B00F1
:10A4D000FEF7A8FB644A654BFDF754FC22002B00F5
:10A4E000FEF7A0FB624A634BFDF74CFC22002B00F9
:10A4F000FEF798FB604A614BFDF744FC22002B00FD
:10A50000FEF790FB5E4A5F4BFDF73CFC22002B0000
:10A51000FEF788FB5C4A5D4BFDF734FC2B00220004
:10A52000FEF780FB4B4604000D00002B62D048462E
:10A53000FFF79CF9564A574B06900791FEF772FBBE
:10A54000009A019B0890099120002900FDF71AFC50
:10A55000049A059BFEF766FB4F4A04000D0006981F
:10A5600007994E4BFEF75EFB029A039BFDF70AFC30
:10A5700002000B0020002900FDF704FC02000B0084
:10A5800000980199FEF7C8FD32003B00FEF7C4FDBC
:10A5900002000B0008980999FEF7BEFDCDE60123E5
:10A5A00042469C46294BE1441A438023110042460F
:10A5B0005B039B1A9B102000984607E7384A334BF1
:10A5C00020002900FEF72EFB02000B0000201B4993
:10A5D000FEF7A2FD049A059BFEF724FB4B460600FE
:10A5E0000F00002B5ED102000B0020002900FEF7B7
:10A5F00093FDA2E6009A019BFDF7C4FB049A059B1C
:10A60000FEF710FB02000B0000980199FEF784FD95
:10A6100002000B0030003900FEF77EFD8DE6C046DB
:10A620007982DA3FFFFFEF3F0000F0BF000050C328
:10A63000FFFFEF7FFFFF1F3E3C412D400000F03F3A
:10A6400001FCFFFFFFFF3F439DA006000000E03F2D
:10A6500000005043FFFF8F3C44523EDF12F1C23FE7
:10A660009FC678D0099AC33FDE03CB966446C73FA6
:10A67000AF788E1DC571CC3F599322942449D23FA7
:10A6800004FA97999999D93F935555555555E53FF2
:10A690000000E0FE422EE63F763C7935EF39EA3D98
:10A6A000555555554846FFF7E1F8254A254B00908A
:10A6B0000191FEF7B7FA244A049005910098019998
:10A6C000224BFEF7AFFA029A039BFDF75BFB0200F9
:10A6D0000B0030003900FEF71FFD22002B00FEF7B3
:10A6E0001BFD02000B0004980599FEF715FD24E6FA
:10A6F0004846FFF7BBF8144A144B04000D00FEF760
:10A7000091FA029A039BFDF73DFB0D4A06000F00EC
:10A710000C4B20002900FEF785FA02000B003000E8
:10A720003900FDF72FFB08E60022094BFEF7F4FC89
:10A7300002000B0020002900FEF7EEFC26E6C046D2
:10A740000000E0FE422EE63F763C7935EF39EA3DE7
:10A750000000F03F10B500F01DFC024A024BFDF76F
:10A760003DFE10BDEF39FAFE422EE63F30B5214ADC
:10A770004B0087B05B0893421EDD1F4A934205DD04
:10A7800002000B00FEF7C8FC07B030BD02AA02F0C1
:10A790006DF903231840049A059B01281ED0022856
:10A7A00011D000281FD00298039902F02BFD8023BE
:10A7B0001B069C466144E7E7002300220093002328
:10A7C00003F08CFAE0E7012402980399009403F067
:10A7D00085FA80231B069C466144D5E702980399BD
:10A7E00002F010FDD0E7012402980399009403F0D1
:10A7F00075FAC9E7FB21E93FFFFFEF7F30B5134A48
:10A800004B0087B05B08934218DD114A934205DD87
:10A8100002000B00FEF780FC07B030BD02AA02F078
:10A8200025F9049A059B0221400008400139081AC5
:10A8300000900298039903F001FBEDE70123002249
:10A840000093002303F0FAFAE6E7C046FB21E93F54
:10A85000FFFFEF7F384AF8B54B0005000C000E00F3
:10A860005B0893420EDD02000B0000203349002CF0
:10A8700036DBFDF7B3FD314B0022FDF783FA030011
:10A880001800F8BD2E4A934209DD00202B49030031
:10A89000002EF5DA8022120694466144F0E7294A38
:10A8A000934225DD284A93422CDDFFF783FC02000A
:10A8B0000B00FDF767FA03F087FC80230022DB051D
:10A8C000FDF760FA0B0080210200C9050020FDF7AA
:10A8D00085FD02000B0000201849FEF71DFCD6E79D
:10A8E000FDF77CFD154B0022FEF716FC0300C7E7C1
:10A8F0000022124BFDF746FA23002A00FEF792F9D8
:10A900000300BDE7FFF756FCC02300221B06FEF73D
:10A9100089F903F059FC80231B06CF1880230022FD
:10A92000DB050400FDF72EFA02000B0020003900C1
:10A93000FDF754FDABE7C046FFFFEF7F0000F03F9F
:10A94000FFFF3540FFFF7F3CFFFFEF3F4B00134A07
:10A950005B0D9A1870B5132A0ADCCB0FDB07002AAF
:10A9600019DB0F480024104181432000194370BDBA
:10A97000332A08DD8023DB009A42F8D102000B0065
:10A98000FDF700FAF3E7074A944601226344524276
:10A99000DA409043EBE700201900E8E701FCFFFFF5
:10A9A000FFFF0F00EDFBFFFFF0B546464F46C0B47A
:10A9B0008DB004000D0000F0D5FC284B0600984631
:10A9C0001B780F005BB2013332D022002B00200035
:10A9D0002900FEF7F5FE8146002829D12000290034
:10A9E000FFF7E8FB00221E4BFCF782F900281FD07E
:10A9F000012302931B4B1C4803934B460694079577
:10AA00000A930494059503F023FE43461B780890AF
:10AA100009915BB2022B12D002A803F017FE0028A6
:10AA20000DD00A9B0193002B11D10898099901E0E0
:10AA3000300039000DB00CBC90469946F0BD03F0D3
:10AA40008BFE212303600A9B0193002BEDD003F0C2
:10AA500083FE0A9B01930360E7E7C0465322002070
:10AA60000000F03F78630300A8630300F0B546469A
:10AA70004F46C0B48DB004000D0000F069FE264BB7
:10AA800006001B780F005BB29846013310D02200FD
:10AA90002B0020002900FEF793FE8146002807D1F5
:10AAA00000221E4B20002900FCF70EF9002806D1D9
:10AAB000300039000DB00CBC90469946F0BD012322
:10AAC0000293174B002203934B460A930023100076
:10AAD00019000694079504940595FDF77FFC4346FD
:10AAE00008900991022B0BD002A803F0AFFD0028BB
:10AAF00006D00A9B0193002B07D108980999D9E742
:10AB000003F02AFE21230360F3E703F025FE0A9BEE
:10AB100001930360F1E7C046532200200000F03F9C
:10AB200080630300F0B546464F46C0B48DB00400C4
:10AB30000D0000F095FE284B060098461B780F008C
:10AB40005BB2013332D022002B0020002900FEF737
:10AB500037FE8146002829D120002900FFF72AFB73
:10AB600000221E4BFCF7C4F800281FD001230293DB
:10AB70001B4B1C4803934B46069407950A93049479
:10AB8000059503F065FD43461B78089009915BB27B
:10AB9000022B12D002A803F059FD00280DD00A9B09
:10ABA0000193002B11D10898099901E03000390078
:10ABB0000DB00CBC90469946F0BD03F0CDFD2123AD
:10ABC00003600A9B0193002BEDD003F0C5FD0A9BA7
:10ABD00001930360E7E7C046532200200000F03FE6
:10ABE00088630300A863030010B501F01FF810BDCF
:10ABF000F0B546464F46C0B48DB004000D0001F0DC
:10AC0000D1F8344B0090019198461B785BB2013328
:10AC100043D022002B0020002900FEF7D1FD814601
:10AC200000283AD120002900FFF7C4FA00222A4B5D
:10AC300006000F00FCF766F800282ED03000002236
:10AC4000254B3900FCF754F802AE002834D001231C
:10AC50000293224B002273604B46336200231000A4
:10AC6000190034617561B460F560FDF7B7FB4346C8
:10AC70001B78B061F1615BB2022B11D0300003F0A0
:10AC8000E5FC00280CD0336A002B10D1B069F169C3
:10AC90000DB00CBC90469946F0BD00980199F7E7BD
:10ACA00003F05AFD21230360336A002BEED003F03A
:10ACB00053FD336A0360E9E702230293074B3062D6
:10ACC000736034617561B460F56000220023200078
:10ACD0002900CAE7532200200000F03F90630300E0
:10ACE000F0B546464F46C0B48DB004000D0001F0EB
:10ACF000E1F82B4B060098461B780F005BB201333E
:10AD000032D022002B0020002900FEF759FD814699
:10AD1000002829D120002900FFF74CFA214A224BB4
:10AD2000FBF7E6FF00281FD0032302931F4B069476
:10AD3000079503934B460A9343461B780494059565
:10AD40005BB2002B17D1E022194B1206089209932F
:10AD500002A803F07BFC002813D00A9B0193002B70
:10AD600017D10898099901E0300039000DB00CBCEA
:10AD700090469946F0BD00200E4908900991022B9B
:10AD8000E6D103F0E9FC222303600A9B0193002B28
:10AD9000E7D003F0E1FC0A9B01930360E1E7C046C2
:10ADA000532200207DF8B98FCE338640986303008C
:10ADB000FFFFEF470000F07FF0B546464F46C0B4B6
:10ADC0008BB004000D0001F01FF9344B06009846CB
:10ADD0001B780F005BB2013338D02000290003F04C
:10ADE0002BFC002832D02E4A2E4B20002900FBF7E6
:10ADF0007FFF8146002830D12B4A2C4B20002900B0
:10AE0000FBF762FF002821D004230093284B002287
:10AE100001934B46089300230692079343461B7801
:10AE20006E465BB20494059502940395022B30D0D4
:10AE3000300003F00BFC00282BD0336A002B03D02A
:10AE400003F08AFC336A0360F769B66930003900A1
:10AE50000BB00CBC90469946F0BD03230093144BF5
:10AE60006E4601930023089343461B78049405958E
:10AE70005BB202940395002B05D1E0220D4B120624
:10AE800006920793D4E700200B4906900791022B06
:10AE9000CED103F061FC22230360CEE753220020D1
:10AEA000EF39FAFE422E864051302DD5104987C029
:10AEB000A0630300FFFFEF470000F07FF0B54646B8
:10AEC0004F46C0B48DB01D0006000F00140001F005
:10AED0000DFA2E4B009001911B785BB2984601331E
:10AEE00033D022002B0020002900FEF769FC002847
:10AEF0002BD132003B0030003900FEF761FC814667
:10AF0000002822D10022002320002900FBF7D6FED2
:10AF100000281AD0012302931D4B04960597039332
:10AF20004B460A93434606940795002B14D1089686
:10AF3000099702A803F08AFB002818D00A9B009307
:10AF4000002B1CD10898099901E0009801990DB0D7
:10AF50000CBC90469946F0BD002300221900100059
:10AF6000FDF73CFA434608900991022BE1D103F02A
:10AF7000F3FB212303600A9B0093002BE2D003F034
:10AF8000EBFB0A9B00930360DCE7C04653220020E2
:10AF9000A4630300F0B5474680B48CB004000D00F4
:10AFA00001F0CEFA3A4B06001B780F005BB29846D0
:10AFB00001330FD022002B0020002900FEF700FCF7
:10AFC000002807D10022002320002900FBF790FE73
:10AFD000002805D0300039000CB004BC9046F0BD0C
:10AFE0002C4B0A90039343460494059506940795C9
:10AFF000002B1AD1E022284B120608920993200058
:10B00000002200232900FBF759FE002838D0022334
:10B01000029302A803F01AFB002817D00A9B0193A1
:10B02000002B18D1089E099FD4E700221B4B20005B
:10B0300008920993290000220023FBF73FFE002815
:10B040000FD0022302934346022BE2D103F084FB8C
:10B0500022230360E2E703F07FFB0A9B0193036076
:10B06000E0E7012302934346022B0BD103F074FB6C
:10B07000212303600A4803F0EBFA08900991CDE719
:10B080000123029302A803F0E1FA0028F2D1EDE7D0
:10B0900053220020AC630300FFFFEFC70000F0FF66
:10B0A000A8630300F0B546464F46C0B48DB0040017
:10B0B0000D0001F047FC3C4B06001B780F005BB213
:10B0C0009846013310D022002B0020002900FEF703
:10B0D00077FB8146002807D10022002320002900A9
:10B0E000FBF7FCFD002806D1300039000DB00CBC88
:10B0F00090469946F0BD2D4B0494059503934B461D
:10B100000A93434606940795002B1AD1E022284B58
:10B110001206089209932000002200232900FBF761
:10B12000CDFD002838D00223029302A803F08EFA46
:10B13000002817D00A9B0193002B18D10898099971
:10B14000D4E700221B4B200008920993290000221B
:10B150000023FBF7B3FD00280FD0022302934346E0
:10B16000022BE2D103F0F8FA22230360E2E703F0B6
:10B17000F3FA0A9B01930360E0E70123029343463D
:10B18000022B0BD103F0E8FA212303600A4803F0F5
:10B190005FFA08900991CDE70123029302A803F01A
:10B1A00055FA0028F2D1EDE753220020B0630300E6
:10B1B000FFFFEFC70000F0FFA8630300F0B54646AD
:10B1C0004F46C0B48DB006000F0001F055FE2F4B66
:10B1D000040098461B780D005BB2013307D003F0E2
:10B1E0002BFA81464B4620002900002B04D00DB0DD
:10B1F0000CBC90469946F0BD3900300003F01CFAB3
:10B20000290003002000002BF1D003230293204BE0
:10B21000002403934B460A9343461C570696079710
:10B22000049605970022002330003900002C14D129
:10B23000FBF75EFDE0221206002823D0154B089292
:10B24000099302A803F002FA002810D00A9B019388
:10B25000002B11D108980999C9E7FBF749FD002295
:10B26000002811D00C4B08920993022CE9D103F06D
:10B2700073FA22230360E9E703F06EFA0A9B019355
:10B280000360E7E7054BDAE7054BECE753220020C4
:10B29000B8630300FFFFEF470000F07FFFFFEFC739
:10B2A0000000F0FFF0B546464F46C0B48DB0040034
:10B2B0000D0001F0B1FE294B009001911B785BB2AB
:10B2C0009846013312D022002B0020002900FEF7FF
:10B2D00077FA8146002809D10026002732003B007A
:10B2E00020002900FBF7F0FC002806D10098019906
:10B2F0000DB00CBC90469946F0BD01230293184B4B
:10B300000694079503934B460A9343460494059588
:10B31000002B15D03B00320030003900FDF75EF8FD
:10B32000434608900991022B0CD103F015FA212312
:10B3300003600A9B0093002B0AD108980999D7E76C
:10B340000896099702A803F081F90028F1D1ECE7EB
:10B3500003F002FA0A9B00930360EEE753220020F9
:10B36000C0630300F0B5DB4A4B0085B007000E0058
:10B370005B0893420CDDD84A94466344034300D0F3
:10B38000ACE0002900DC25E10020002105B0F0BD83
:10B39000D24A934200DC9BE0002900DA1DE1020062
:10B3A0000B000020CE49FDF7B7FE0022CD4BFDF784
:10B3B00039FC04000D0001F02FFECB4A0F00009075
:10B3C0000191CA4B20002900FDF72CFCC84AC94B4B
:10B3D000FCF7D8FC22002B00FDF724FCC64AC74B23
:10B3E000FDF79AFE22002B00FDF71CFCC44AC54B5A
:10B3F000FCF7C8FC22002B00FDF714FCC24AC34B2B
:10B40000FDF78AFE22002B00FDF70CFCC04AC14B61
:10B41000FCF7B8FC22002B00FDF704FCBE4A0290AA
:10B420000391BE4B20002900FDF7FCFBBC4ABD4B3D
:10B43000FDF772FE22002B00FDF7F4FBBA4ABB4B6E
:10B44000FCF7A0FC22002B00FDF7ECFBB84AB94B3F
:10B45000FDF762FE22002B00FDF7E4FB0022A04B6B
:10B46000FCF790FC02000B0002980399FCF7B6FF72
:10B47000009A019BFDF7D6FB002602900391320053
:10B480003B0030003900FDF7CDFB02000B0020002F
:10B490002900FDF741FE320004000D0000980199DB
:10B4A0003B00FCF76FFC02000B0020002900FCF7BA
:10B4B00095FF02000B0002980399FCF763FC320031
:10B4C0003B00FCF75FFC02000B00FCF75BFC5DE758
:10B4D000994A93420BDC9948994957E702000B00BF
:10B4E000FDF71AFE02000B00FCF778FF4EE70200A2
:10B4F0000B00FDF797FB04000D007B4A7B4BFDF72B
:10B5000091FB7B4A7B4BFCF73DFC22002B00FDF7B7
:10B5100089FB794A794BFDF7FFFD22002B00FDF7EF
:10B5200081FB774A774BFCF72DFC22002B00FDF7BF
:10B5300079FB754A754BFDF7EFFD22002B00FDF7F7
:10B5400071FB734A734BFCF71DFC22002B00FDF7C7
:10B5500069FB714A00900191704B20002900FDF7B2
:10B5600061FB6F4A6F4BFDF7D7FD22002B00FDF703
:10B5700059FB6D4A6D4BFCF705FC22002B00FDF7D3
:10B5800051FB6B4A6B4BFDF7C7FD22002B00FDF70B
:10B5900049FB0022524BFCF7F5FB02000B00009820
:10B5A0000199FCF71BFF3A003300FDF73BFB02005B
:10B5B0000B0064486449FDF7AFFD02000B00380042
:10B5C0003100FDF7A9FD02000B005C485C49FDF766
:10B5D000A3FDDBE659485D49D8E60022404BFCF765
:10B5E000D1FB00223F4BFDF71DFB04000D003E4A3E
:10B5F0003E4BFDF717FB3E4A3E4BFCF7C3FB2200D8
:10B600002B00FDF70FFB3C4A3C4BFDF785FD22006C
:10B610002B00FDF707FB3A4A3A4BFCF7B3FB22003D
:10B620002B00FDF7FFFA384A384BFDF775FD220075
:10B630002B00FDF7F7FA364A364BFCF7A3FB220046
:10B640002B00FDF7EFFA009001912000290001F096
:10B65000E3FC314A06000F00304B20002900FDF7C3
:10B66000E1FA2F4A2F4BFDF757FD22002B00FDF783
:10B67000D9FA2D4A2D4BFCF785FB22002B00FDF754
:10B68000D1FA2B4A2B4BFDF747FD22002B00FDF78B
:10B69000C9FA0022124BFCF775FB02000B00009860
:10B6A0000199FCF79BFE32003B00FDF7BBFA254AEF
:10B6B000254BFDF731FD32003B00FCF763FB020038
:10B6C0000B00FCF75FFB02000B001C481F49FDF755
:10B6D00023FD5BE6FFFFEF3F000010C0FFFFDF3FF1
:10B6E0000000F03F0000E03F09F7FD0DE13D023FA3
:10B6F00088B20175E0EF493F3B8F68B52882A43FCF
:10B700005544880E55C1C93F7D6FEB0312D6D43F17
:10B71000555555555555C53F82922EB1C5B8B33FC5
:10B7200059018D1B6C06E63FC88A599CE52A0040EA
:10B730004B2D8A1C273A03400000603C182D4454CE
:10B74000FB21F93F075C143326A6913CFB210940FD
:10B75000F0B53C4A83B005000C00914236DD3A4A10
:10B76000914208DD394A91423CDD02000B00FCF7B2
:10B7700009FB03B0F0BD364A8A1802432FD080225D
:10B78000D205914235DC0022324BFDF7C5FC0200A8
:10B790000B0004000D00FCF7F5FA220006000F0074
:10B7A0002B0020002900FDF73DFA02000B003000BD
:10B7B0003900FCF7E7FA01F02FFC02000B00200033
:10B7C0002900FCF7DFFAFEF791FDD2E702000B003B
:10B7D000FDF7A2FC02000B00FCF700FEC9E7002009
:10B7E0000021C6E700F0ACFE1B4A1C4BFCF7CAFA6E
:10B7F000BFE702000B00FDF715FA0022154BFDF71D
:10B800008BFC01F009FC2A0006000F002300280031
:10B810002100FCF7B7FA3200009001913B002800AC
:10B820002100FCF7AFFA02000B0000200949FCF7E9
:10B83000D5FD02000B0000980199FDF76DFC00F0AA
:10B840007FFE96E7FFFFEF3FFFFFAF41FFFFEF7F78
:10B85000000010C00000F03FEF39FAFE422EE63F34
:10B86000F0B557464E464B005B089A46C0B4CD4BE8
:10B8700087B006000F0089469A4512DDCA4B534433
:10B88000034322D002000B00FDF746FC0B00020030
:10B89000FCF7A4FD0300180007B00CBC91469A46C3
:10B8A000F0BDC24B9A4524DCC14B9A4500DD0CE14A
:10B8B000C04AC14BFCF766FA0022C04BFBF718FAEE
:10B8C000002816D033003900E5E7BD4ABD4BFDF72F
:10B8D000A9F9BD4A04000D00BC4B30003900FDF74A
:10B8E000A1F90B00020029002000FCF74BFA03002D
:10B8F000D1E730003900FEF75DFC02000B000020AC
:10B90000AE49FDF709FC0022B14BFDF78BF90400AD
:10B910000D00B04AB04BFDF785F9B04AB04BFCF7CB
:10B9200031FA22002B00FDF77DF9AE4AAE4BFDF750
:10B93000F3FB22002B00FDF775F9AC4AAC4BFCF78A
:10B9400021FA22002B00FDF76DF9AA4AAA4BFDF758
:10B95000E3FB22002B00FDF765F9A84AA84BFCF792
:10B9600011FA22002B00FDF75DF9A64A029003911F
:10B97000A54B20002900FDF755F9A44AA44BFDF77B
:10B98000CBFB22002B00FDF74DF9A24AA24BFCF79E
:10B99000F9F922002B00FDF745F9A04AA04BFDF76D
:10B9A000BBFB22002B00FDF73DF9844B0022FCF786
:10B9B000E9F9049005912000290001F02DFB994B35
:10B9C00006000F009A4563DC0B00029803990022E1
:10B9D00000920193049A059BFCF700FD320002904F
:10B9E00003913B0030003900FCF7CCF902000B005A
:10B9F00002980399FDF716F90290039100980199B6
:10BA000002000B00FDF70EF902000B0020002900D8
:10BA1000FDF782FB009A019B04000D003000390005
:10BA2000FCF7B0F902000B0020002900FCF7D6FC5F
:10BA300002000B00FCF7A6F902000B006248634904
:10BA4000FDF76AFB02000B0002980399FDF764FB07
:10BA500004000D000098019902000B00FCF792F918
:10BA600002000B0056487049FDF756FB02000B0020
:10BA700020002900FDF750FB02000B0050486A49E6
:10BA8000FDF74AFB4B46002B00DC84E0030002E795
:10BA9000049A059B02980399FCF7A0FC32003B0036
:10BAA000FDF7C0F832003B00FCF76CF902000B0018
:10BAB000FCF768F9444A454BFDF72EFB02000B00EA
:10BAC0003F484049FDF728FBDCE702000B00FDF78B
:10BAD000A9F804000D003F4A3F4BFDF7A3F83F4A89
:10BAE0003F4BFCF74FF922002B00FDF79BF83D4A36
:10BAF0003D4BFDF711FB22002B00FDF793F83B4A6D
:10BB00003B4BFCF73FF922002B00FDF78BF8394A3D
:10BB1000394BFDF701FB22002B00FDF783F8374A74
:10BB2000374BFCF72FF922002B00FDF77BF8354A45
:10BB300000900191344B20002900FDF773F8334A3F
:10BB4000334BFDF7E9FA22002B00FDF76BF8314A81
:10BB5000314BFCF717F922002B00FDF763F82F4A51
:10BB60002F4BFDF7D9FA22002B00FDF75BF80022DE
:10BB7000124BFCF707F902000B0000980199FCF743
:10BB80002DFC32003B00FDF74DF83B003200FCF786
:10BB9000F9F803007FE68022120694460300614410
:10BBA00079E6C046FFFFEF3F000010C0FFFFDF3F18
:10BBB000FFFF3F3E9C7500883CE4377E0000F03F6D
:10BBC000182D4454FB21F93F075C143326A6913C01
:10BBD0000000E03F09F7FD0DE13D023F88B201752D
:10BBE000E0EF493F3B8F68B52882A43F5544880E5B
:10BBF00055C1C93F7D6FEB0312D6D43F55555555FE
:10BC00005555C53F82922EB1C5B8B33F59018D1B22
:10BC10006C06E63FC88A599CE52A00404B2D8A1CD9
:10BC2000273A03403233EF3FFB21E93FF8B51500D7
:10BC30004F4646465A001C006B42C0B42B434B4F44
:10BC40005208DB0F88461343BB423AD84B005B08CF
:10BC500099464E4643420343DB0F3343BB4230D841
:10BC6000434BE3182B4343D00226A3171E40CB0FB0
:10BC70001E434B4603432ED013002B4332D0BA420F
:10BC800041D0B9452ED04B469A1A12153C2A32DCC7
:10BC9000002C55DB2A002300FCF7A0FBFEF78AFAF4
:10BCA000FEF70EF8012E46D0022E39D0002E0ED00F
:10BCB000304A314BFDF730FA304A314BFDF72CFA60
:10BCC00005E002000B0028002100FCF75BF80CBC2B
:10BCD00090469946F8BD022E10D0032EF7D1274882
:10BCE0002849F4E743462548002B0ADB2649EEE7BE
:10BCF000FDF7E6FFEBE721482349D3E71F4820493A
:10BD0000E5E72249E3E791451FD0022EF6D0032E46
:10BD1000E5D000200021012ED9D180210906D6E7E7
:10BD2000144A154BFDF7F8F902000B0013481449AB
:10BD3000FDF7F2F9CBE7802424060B191900C6E7BA
:10BD40003C32A7DA00200021ACE7022E06D0032EF9
:10BD500009D00A48012E04D00D49B8E70D480E4914
:10BD6000B5E70E49B3E70B480D49B0E70000F07F97
:10BD7000000010C0075C143326A6A13C182D4454C3
:10BD8000FB210940FB2109C0FB21F93FFB21F9BF41
:10BD9000FB21E93FD221337F7CD90240FB21E9BF5F
:10BDA0007CD902C0F0B5474680B443424E000343FD
:10BDB0003A4A7608DB0F82B004000D00070088467F
:10BDC0003343934214D8964242D0354B9E4219DCFD
:10BDD000344A354BFBF7D6FF00220023FAF788FFE1
:10BDE000290000283AD0380002B004BC9046F0BDCB
:10BDF00002000B00FDF790F902000B00FCF7EEFAD1
:10BE00000700F0E7294B35009E4228DD3300020091
:10BE10003100FBF7B7FF220006000F002B000020C7
:10BE20001E49FDF779F902000B0030003900FCF7DC
:10BE3000D5FAFEF75BFA1E4B0022FCF7F3FE4346F1
:10BE40000700002BCFDA80231B069C466144CAE71B
:10BE500000220023FCF7C2FA0700C4E735002200E5
:10BE60002B0020002900FBF78DFF22002B0006008D
:10BE70000F00FCF7D7FE2200009001912B0000205C
:10BE80000649FDF749F902000B0000980199FCF7FB
:10BE9000A5FA32003B00FBF775FFCAE70000F03F50
:10BEA000FFFF2F3E9C7500883CE4377EFFFFDF3F9D
:10BEB0000000E03FF0B54B005E08474B83B09E4268
:10BEC00018DC464B9E421FDD454B9E425EDD454BD6
:10BED0009E4200DC75E0444B9E4242DD434B9E4255
:10BEE0003CD0434A434B10001900FCF79BFE040072
:10BEF0000D0005E002000B00FCF794FE04000D00AD
:10BF00002000290003B0F0BDFEF754F902F05CF9FF
:10BF1000394B002200900191FBF734FF374B0400AE
:10BF20000D009E42ECDD009A019B10001900FCF709
:10BF300079FE22002B0006000F0020002900FBF7ED
:10BF400021FF02000B0030003900FCF747FA002205
:10BF5000294BFBF717FF04000D00D1E7284B98424F
:10BF6000BFD8FEF727F90022264BFCF75BFE00F056
:10BF70004BF804000D000022224BFCF753FE220078
:10BF80002B00FCF74FFE04000D00B9E7FEF712F995
:10BF900000F03AF800221B4B04000D00FCF742FEB3
:10BFA00022002B0006000F0000201649FCF716FAAD
:10BFB00002000B0030003900FBF7E4FE04000D0026
:10BFC0009EE7FEF7F7F800F01FF800220D4BFCF794
:10BFD00029FE04000D0093E7FFFFEF7F422ED63FBE
:10BFE000FFFF3540412E8640CD338640CE3386401C
:10BFF0009C7500883CE4377E0000F03FFFFF7F3CEB
:10C000007DF8B98F0000E03FF0B5574680B44B0093
:10C010000E00CC0F954984B007005B088B420ED907
:10C0200093498B4200D884E03203120B024300D0C4
:10C03000F7E03100002C78D00020002175E08D4A17
:10C04000934200D9B6E08C4A934200D8CAE000235C
:10C050009A463A00330038003100FCF7E3FD040053
:10C060000D00864A864BFCF7DDFD864A864BFDF7C0
:10C0700053F822002B00FCF7D5FD844A844BFBF7D4
:10C0800081FE22002B00FCF7CDFD824A824BFDF79A
:10C0900043F822002B00FCF7C5FD804A804BFBF7DC
:10C0A00071FE22002B00FCF7BDFD02000B003800E2
:10C0B0003100FDF731F8534604000D000200002B5B
:10C0C00000D1B4E00B0038003100FCF7ABFD0F00ED
:10C0D0008021060022002B000020C905FDF71CF876
:10C0E00002000B0030003900FCF778F902000B0069
:10C0F00002980399FDF710F8009A019BFDF70CF8E0
:10C100000B00020067490020FDF706F8664B9A45D0
:10C1100000DB7AE0FA24A4005444240563181900D3
:10C12000B82300225B04FCF77DFD04B004BC9246FA
:10C13000F0BD5E4A5E4B3100FAF7DAFD002869D1A6
:10C140005C4A5D4B38003100FAF7BEFD002800D094
:10C1500072E75A4BE4001C19594A5A4B3800310017
:10C16000FCF760FD22686368FBF70CFEFDF748FBF7
:10C170008246FDF77BFB544A544B04000D00FCF74C
:10C1800051FD02000B0038003100FCF7C5FF504A9A
:10C19000009001914F4B20002900FCF743FD0290D5
:10C1A0000391029A039B00980199FCF7B5FF0700E1
:10C1B0000E004EE7484A9342CBD8484BE5005B1946
:10C1C0001A685B683100FCF7A7FF454B00900191AE
:10C1D0005D192A686B680292039301231B1B1B1BCA
:10C1E0009A46DEE73F4A404B3100FBF7CBFD002289
:10C1F0002C4BFAF77DFD002800D128E70022294BBF
:10C2000038003100FBF7BEFD8FE754462405631864
:10C2100019008AE7334A344B10001900FCF702FD7D
:10C2200083E7020033003100FBF7ACFD7DE70B0034
:10C2300038003100FCF7F6FC8023009001910022C9
:10C24000DB0520002900FCF767FF02000B000098C7
:10C250000199FCF7C3F83A003300FCF75DFF0200D8
:10C260000B0000200F49FCF757FF5EE7412E864088
:10C27000FFFFEF7F422ED63FFFFF2F3ED0A4BE72BE
:10C280006937663EF16BD2C541BDBB3E2CDE25AFA2
:10C290006A56113F93BDBE166CC1663F3E5555555B
:10C2A0005555C53F0000F03F03FCFFFFEF39FAFE94
:10C2B000422E864051302DD5104987C04855030085
:10C2C000FE822B654715F73F0000E0FE422EE63F59
:10C2D000763C7935EF39EA3DB1A2F03F685503006D
:10C2E000585503009C7500883CE4377EF8B55646E7
:10C2F00044465F464D4698465B005B08F0B41E001E
:10C300008246040015001700164326D0CE0FF6070C
:10C31000B3464E40B146804EB1451EDC56421643F0
:10C32000F60F1E43B4467D4EB44516D8994504DC3D
:10C3300084461ADB904218D35FD0794989451BDCCB
:10C340004946002900D0AAE056467649002E18DD5D
:10C3500001397600002EFBDC13E04346FCF762FC5B
:10C3600002000B00FCF73AF8844660463CBC90465D
:10C370009946A246AB46F8BD6B4E4946B4460915F0
:10C380006144674EB3420ADC002B00D09EE0654E4C
:10C39000002D07DD013E6D00002DFBDC02E0624E4A
:10C3A0001D15AE19614DA94267DB48460503802083
:10C3B0002D0B400305435D4886424FDB43468022F8
:10C3C0001B031B0B52031343881BEA1A00281DD0C2
:10C3D000BC4289414942521A09D41100E41B21434D
:10C3E0000BD0E50F5200551964000138EDE7E10F5D
:10C3F0006A00551864000138E7E75B46DE0F4C4BD6
:10C40000F6009E19336871689C46AEE7BC429B41BA
:10C410005B42D21A6CD4E41B13002343EDD0404B93
:10C4200018009A4206DCE10F53005A186400013EDE
:10C430008242F8DD3D498E424FDA891B142959DCCE
:10C44000202023001400401ACB4084401C431300DA
:10C450000B415A461A431100A44686E7801B8446C6
:10C460001F282DDC20273F1A1000F84007006046E7
:10C47000834082403B431700A6E76C1AA4461F2C5A
:10C4800018DC20252D1B0400EC404D46A2466446D6
:10C49000A540544625436446A04004008BE7494626
:10C4A000CE022249002E00DC6BE701397600002E17
:10C4B000FBDC66E71F4C641AA040002405007AE705
:10C4C0001C4B00279B1B9A4013007DE7174EDD0293
:10C4D000013E6D00002DFBDC64E7174BA446D3182A
:10C4E0005A461343154AB5182D052B4319003CE74E
:10C4F0002A0091E71F2908DC23002020CB40411AA5
:10C500008A4014001C435B46A3E70A4B9B1B1A415D
:10C510005B4614009DE7C046FFFFEF7F0000F07F01
:10C52000FFFF0F00EDFBFFFF01FCFFFF02FCFFFF21
:10C5300078550300E2FBFFFF0000F0FFFF0300005F
:10C54000F0B557464E464546E0B4DA4A88B00B008F
:10C55000914255DC4A005208024300D1EFE0002925
:10C5600000DA79E1D44B0022FCF75CFB3625D34C92
:10C570000B006D42A34247DC1A151B031B0B9846A8
:10C58000CF4C8023A446CF4C5B0344442340CE4C85
:10C59000624452195C4045461B1599462543CA4BD7
:10C5A000290091440022FCF7B7FD434602331B03E8
:10C5B00006000F001B0B0022022B2FDC0023FAF7D2
:10C5C0007DFB002800D1C1E04B46002B00D14CE19F
:10C5D0004846FDF74BF9BD4ABD4B04000D00FCF782
:10C5E00021FBBC4A06000F00BB4B20002900FCF7D2
:10C5F00019FB02000B0030003900FBF7C3FB07E01A
:10C60000AE4C0025A342B7DD02000B00FBF7BAFBDE
:10C6100008B01CBC90469946A246F0BD8023DB05BD
:10C62000FBF7B0FB02000B0030003900FBF7D6FE31
:10C63000040048460D00FDF719F92200029003910D
:10C640002B002000290004940595FCF7EBFA040068
:10C650000D00A24B020043449A460B000094019542
:10C66000FCF7E0FA04000D009D4A9E4BFCF7DAFA55
:10C670009D4A9E4BFBF786FB22002B00FCF7D2FA6B
:10C680009B4A9C4BFBF77EFB22002B00FCF7CAFA6F
:10C69000994A9A4BFBF776FB009A019BFCF7C2FA8A
:10C6A000974A00900191974B20002900FCF7BAFAB5
:10C6B000954A964BFBF766FB22002B00FCF7B2FA7B
:10C6C000934A944BFBF75EFB22002B00FCF7AAFA7F
:10C6D0000B00020000980199FBF754FB0D00414646
:10C6E0008D4B04005B1A51460B43002B54DD002296
:10C6F0008A4B30003900FCF795FA32003B00FCF71A
:10C7000091FA4B460A00010000910192002B72D170
:10C710001300290002002000FBF734FB049A059B5C
:10C72000FCF780FA02000B0000980199FCF7F4FC7A
:10C7300002000B0030003900FCF7EEFC68E7002235
:10C74000002300207649FBF749FE61E7754A764BE6
:10C7500030003900FCF766FA02000B0000206F4938
:10C76000FCF7DAFC320004000D003B003000390019
:10C77000FCF758FA0B00020029002000FCF752FADF
:10C780004B4604000D00002B72D102000B0030005C
:10C790003900FCF7C1FC3BE74B46002B00D1C5E05C
:10C7A00002980399494A4A4BFCF73CFA2200009050
:10C7B00001912B0030003900FCF7AEFC049A059B78
:10C7C000FCF730FA434A04000D0002980399424BEB
:10C7D000FCF728FA02000B0020002900FCF79CFC63
:10C7E00032003B00FCF798FC02000B000098019916
:10C7F000FCF792FC0CE7354A354B02980399FCF79D
:10C8000011FA009A019B0690079120002900FBF77E
:10C81000B9FA049A059BFCF705FA2E4A04000D00AC
:10C82000029803992C4BFCF7FDF902000B00200045
:10C830002900FBF7A7FA02000B0000980199FCF70A
:10C840006BFC32003B00FCF767FC02000B00069813
:10C850000799FCF761FCDBE602000B00FCF75CFCCF
:10C8600000220023FBF7BAFDD2E600200021CFE62C
:10C870004846FCF7FBFF154A154B00900191FCF769
:10C88000D1F9144A0290039100980199124BFCF7D8
:10C89000C9F902000B0020002900FCF73DFC320022
:10C8A0003B00FCF739FC02000B0002980399FCF7EF
:10C8B00033FCADE6FFFF0F0000005043FFFFEF7FAA
:10C8C00001FCFFFF645F09000000F03F0000E0FE94
:10C8D000422EE63F763C7935EF39EA3D86EBF9FFAB
:10C8E00044523EDF12F1C23FDE03CB966446C73F9F
:10C8F000599322942449D23F935555555555E53FB8
:10C900009FC678D0099AC33FAF788E1DC571CC3FC2
:10C9100004FA97999999D93F51B806000000E03F71
:10C92000000050C3555555555555D53F22002B0095
:10C9300030003900FCF7F0FB049A059BFCF772F914
:10C94000F6E6C046F0B54F464646C0B43B4A83B013
:10C9500004000D000B0091421CDC4A005208024307
:10C960005BD0002960DB0022354BFCF75BF93622F7
:10C970000D000B003349040052428B420EDD2200B1
:10C980002B0020002900FBF7FDF903B00CBC9046FA
:10C990009946F0BD2B4900228B42F0DC2A4918153C
:10C9A0008C4660448218D10F89461B034A441B0BF6
:10C9B00010009846FCF75AFF4A46244B06009B1A83
:10C9C00042461B051A430F0020001100FFF7B8FD77
:10C9D0001F4A04000D001F4B30003900FCF722F9FC
:10C9E0001D4A009001911D4B20002900FCF71AF907
:10C9F00002000B0000980199FBF7C4F9184A0400E3
:10CA00000D00184B30003900FCF70CF902000B0048
:10CA100020002900FBF7B6F9B7E700220023002029
:10CA20001149FBF7DBFCB0E702000B00FCF774FBDD
:10CA300000220023FBF7D2FCA7E7C046FFFF0F0050
:10CA400000005043FFFFEF7F01FCFFFFFF030000EA
:10CA5000362BF111F3FE593D0EE526157BCBDB3F5E
:10CA600000609F501344D33F000050C3F0B54E46C2
:10CA700057464546E0B4DC4B4E0090B0170089465F
:10CA800076089E4200DC81E0D84B9E4220DCD84AEA
:10CA9000002900DC89E1D74BFCF73EFBD54B0400B5
:10CAA0000D009E4200D18AE0D34AD44BFCF734FB00
:10CAB00002000B0020003A607B602900FCF72CFB91
:10CAC000CD4ACE4BFCF728FBB860F960012066E048
:10CAD000CB4B9E4200DC8DE0CA4B9E4265DCCA49CE
:10CAE00032158A46924453461B05F51A2900040064
:10CAF000FCF786FEFCF7BAFE02000B0020002900BE
:10CB00000A920B93FCF708FB0022C04BFCF78AF853
:10CB100002900391FCF774FEFCF7A8FE04000D00E0
:10CB200002000B00029803990C940D95FCF7F4FA9F
:10CB30000022B64BFCF776F8002200230E900F91EE
:10CB4000FAF7BCF8002800D14CE1002300222000B5
:10CB50002900FAF7B3F80222431E9841131AAC4A8F
:10CB60003900019202220AA80092524600F064FCA9
:10CB70004B46002B13DA8022120694467B68404213
:10CB800063447B60FB686344FB6008E002000B00C9
:10CB90003A607B60002200230020BA60FB6010B086
:10CBA0001CBC90469946A246F0BD02000B00FCF763
:10CBB000B3FAB860F960386079600020EFE7D322FB
:10CBC0008E4B5205FCF7A8FA924A934B04000D00D5
:10CBD000FCF7A2FA02000B0020003A607B602900FB
:10CBE000FCF79AFA8B4A8C4BFCF796FAB860F9601E
:10CBF0000120D4E7FDF7DEFA884A894B04000D00D6
:10CC0000FCF710F80022874BFBF7BCF8FCF7F8FDA7
:10CC10008046FCF72BFE764A764B06900791FCF790
:10CC200001F802000B0020002900FCF775FA734B95
:10CC300002900391069807996F4AFBF7F3FF43466A
:10CC400004000D00049405951F2B30DC013B764A4F
:10CC50009B009B589E422AD002000B000298039929
:10CC6000FCF75AFA02000B0005000C003A607B60EA
:10CC7000029803992A002300FCF74EFA049A059BB8
:10CC8000FCF74AFA06000B003200BA60FB604B4624
:10CC90004046002B00DB82E780231B069C46644451
:10CCA00061443D607C60BE60F960404277E7049A71
:10CCB000059B02980399FCF72FFA0B0002003A60DB
:10CCC0007B604B0036155B0D05000C00F31A102B32
:10CCD000CEDD06980799D322484B5205FBF7A2FFF9
:10CCE00004000D0002000B0002980399FCF714FAEF
:10CCF00002000B000298039908920993FCF70CFAC2
:10CD000022002B00FCF708FA04000D000698079992
:10CD1000404A414BFBF786FF22002B00FCF7FCF951
:10CD200002000B000490059108980999FCF7F4F9AA
:10CD300002000B003A607B604B005B0DF61A0500A9
:10CD4000089A099B0C0002920393312E90DD0698FD
:10CD50000799B822304B9205FBF764FF04000D00E1
:10CD600002000B0002980399FCF7D6F90A000100B3
:10CD7000130002910392020008980999FCF7CCF97C
:10CD800022002B00FCF7C8F904000D000698079953
:10CD9000264A274BFBF746FF22002B00FCF7BCF985
:10CDA00002000B000492059358E7124BFAF7EAFFD2
:10CDB000104B04000D009E423CD00F4A0F4BFAF777
:10CDC000E1FF02000B0020003A607B602900FCF7C5
:10CDD000A3F9094A094BFAF7D5FFB860F9600120B9
:10CDE0004042DCE60323BAE6FB21E93F7BD902405F
:10CDF00000004054FB21F93F3163621A61B4D03D19
:10CE0000FB213941FFFFEF7FEAFBFFFF000070418C
:10CE1000486403007370032E8A19A33B83C8C96D4D
:10CE2000305FE43F0000E03FC8630300C1492025B4
:10CE30009A837B39D3220D4B5205FAF7A3FF0C4A94
:10CE40000C4B04000D00FAF79DFF02000B002000C0
:10CE50003A607B602900FCF75FF9054A054BFAF759
:10CE600091FFB860F9600120404298E661B4D03D7E
:10CE70007370032E8A19A33BF0B54B005C08594B25
:10CE800085B007000E009C421DDC002930DB00222B
:10CE9000554B00920193554B9C4219DC544B9C42DC
:10CEA00000DD73E0534A544B38003100FAF76AFF53
:10CEB000524B0022F9F71CFF310003003800002B11
:10CEC0001BD005B0F0BD02000B00FAF75BFFF8E7DE
:10CED0004B4B9C4278DD4B4B9C4240DD4A4B9C4285
:10CEE0003AD0444A444B38003100FBF79BFEE8E758
:10CEF0000022464B00920193CDE738003100FDF748
:10CF000059F901F061F906000F0032003B003000D2
:10CF10003900FAF737FF320004000D003B00300003
:10CF20003900FBF77FFE002202900391334B300063
:10CF30003900FAF727FF02000B0002980399FBF76C
:10CF40004DFA02000B0020002900FCF7E5F8009ADA
:10CF5000019BFBF767FEB4E72D4B9F42C1D8380019
:10CF60003100FDF727F900221F4BFBF75BFEFFF7AF
:10CF70004BF806000F0002000B0000980199FBF728
:10CF800051FE32003B00FBF74DFE9AE738003100BE
:10CF9000FDF710F901F018F91E4B06000F009C4236
:10CFA000B3DD0022154BFAF7EDFE02000B00300056
:10CFB0003900FBF713FA32003B00FAF7E3FE009A60
:10CFC000019BFBF72FFE7CE738003100FDF7F2F8FC
:10CFD000FFF71AF802000B0000980199FBF722FEF8
:10CFE0006FE7C046FFFFEF7F0000E03FFFFF3540E7
:10CFF000FFFF2F3E3374AC3C1F7BAC7F0000F03F43
:10D00000412E8640CD338640CE3386400000E0BFBF
:10D010007DF8B98FFFFFEF3FF0B556464D464446C9
:10D020005F46754BF0B40A000D00190083B006008E
:10D0300004002940994200D1BAE0002D00DC94E0C0
:10D040002D1500D1A3E06D4B12039C468023120BDB
:10D050005B0365441A43EB0700D581E06B109846EB
:10D06000E30F9B189B1880221621002600276400DE
:10D070009203B818984202DC87181B1AB618E00F02
:10D080005B0001391B18640052080029F1D100220D
:10D0900001929446802212062020914609E09F4288
:10D0A00041D0E10FC9180138CB186400520800289C
:10D0B0001ED0614651189F42F1DA8D18AC46CD0F53
:10D0C000ED07BA464D4539D0DB1B8C42BF417F424C
:10D0D000DB1B641A019901388B4693445946019130
:10D0E000E10FC9185746CB18640052080028E0D158
:10D0F00023432BD1019B5B08414972108C4662444B
:10D10000F10702D5802109060B43414609058D1818
:10D110001E002F003000390003B03CBC90469946F9
:10D12000A246AB46F0BDA1420ED88D18AC46CD0F3D
:10D13000ED074D4548D09A460023CAE76546002DC5
:10D14000C2DB7D1CAA46BFE73B00AAE7019B013377
:10D150003ED0019A01239446134063445B08CBE719
:10D16000E30F52009A18640078E76B005B080343F2
:10D170002F00002BCED00025002A31D1E20A153D28
:10D180006405002AFAD080235B031A4223D1802051
:10D190000023400300E00B005200591C0242FAD069
:10D1A0002020401AED1A2300C3408C401A434AE75E
:10D1B00002002B002900FBF735FD32002B00FAF7A7
:10D1C000E1FD06000F00A5E76546002DB9DAB2E7DC
:10D1D0000136002390E7012320205B420021E1E794
:10D1E0003B0002003900FBF797FF02000B00FBF742
:10D1F000F5F806000F008DE70000F07F01FCFFFF4F
:10D200000000E03FF0B54F464646C0B487B00092FC
:10D210000193754B4F00814688467F089F4263DC2F
:10D22000FCF7EEFA002800D1DAE04A4643464846C9
:10D230004146FBF7F7FC04000D006C4A6C4BFBF712
:10D24000F1FC6C4A6C4BFAF79DFD22002B00FBF7BA
:10D25000E9FC6A4A6A4BFBF75FFF22002B00FBF7F1
:10D26000E1FC684A684BFAF78DFD22002B00FBF7C2
:10D27000D9FC664A664BFBF74FFF22002B00FBF7F9
:10D28000D1FC644A644BFAF77DFD22002B00FBF7CA
:10D29000C9FC029003910022604B20002900FBF79B
:10D2A000C1FC029A039B06000F0020002900FBF737
:10D2B000B9FC009A019B04000D0048464146FBF76B
:10D2C000B1FC02000B0020002900FBF725FF020043
:10D2D0000B0030003900FBF71FFF02000B0000209D
:10D2E0004F49FBF719FF70E002000B00FBF79AFCB7
:10D2F00004000D003D4A3E4BFBF794FC3D4A3E4B7B
:10D30000FAF740FD22002B00FBF78CFC3B4A3C4B1C
:10D31000FBF702FF22002B00FBF784FC394A3A4B53
:10D32000FAF730FD22002B00FBF77CFC374A384B24
:10D33000FBF7F2FE22002B00FBF774FC354A364B5C
:10D34000FAF720FD2B002200FBF76CFC354B029016
:10D3500003919F429FDD344B00229F423ADC3349C8
:10D3600000207B182E4916001F00FBF7D5FE049005
:10D3700005910022294B20002900FBF753FC3200C5
:10D380003B00FBF7C9FE029A039B06000F0020003A
:10D390002900FBF747FC009A019B04000D0048465A
:10D3A0004146FBF73FFC02000B0020002900FBF781
:10D3B000B3FE02000B0030003900FBF7ADFE0200A7
:10D3C0000B0004980599FBF7A7FE07B00CBC90462C
:10D3D0009946F0BD164B002604920593154FC8E7F9
:10D3E00000200F49F1E7C046FFFF3F3ED43888BE1A
:10D3F000E9FAA8BDC4B1B4BD9EEE213EAD529C80F9
:10D400004F7E923E9015CB19A001FA3E7751C1167E
:10D410006CC1563F4C5555555555A53F0000E03F52
:10D420000000F03F3233D33F0000E93F0000E0FF4F
:10D430000000E73F0000D23FF0B556464D46444657
:10D440005F46F0B4904CA544099119001400A89AC5
:10D450000B938E4B9200D2580B000290013BE01EC2
:10D4600018211D00160008920093F9F72BFBC34307
:10D470000200DB171A401300110001330E929A00CC
:10D480009B1ADB001B1906934C1B761918D4A99B19
:10D49000A5009C46361926AF6544013607E028688A
:10D4A000FCF7E4F9013403C70435B44208D0002C7A
:10D4B000F5DA00200021013403C70435B442F6D167
:10D4C000089B002B01DA00F0FDFB76AB0A939A462D
:10D4D000009B0B9A9946089B94469B46D300E344D5
:10D4E0009C46029A059362449046009B002B00DA0A
:10D4F000BBE14B46DC0026AB9C4600260027029D84
:10D5000064442268636803CDFBF78CFB02000B00C8
:10D5100030003900FAF736FC083C06000F0045459C
:10D52000EFD15346C0C39A4601239C46E144D945F6
:10D53000DBD1089A564913008C4663449B0012A81D
:10D54000844619000298614484460D91059904337C
:10D5500061448B4612A98C4663440F930592059A49
:10D560000A98D30019000C938C46030063441E688C
:10D570005F68002A34DD12AB99461300454A8046A5
:10D5800094466344DB00984474AB9A460022424BB5
:10D5900030003900FBF746FBFCF732F9FCF766F97F
:10D5A00000223E4B04000D00FBF73CFB02000B0089
:10D5B00030003900FBF7B0FDFCF722F94B4601C300
:10D5C0009946434620001A685B682900FAF7DAFB9F
:10D5D00008235B429C46E04406000F00D045D5D1AD
:10D5E000069B30001A003900994601F037F8FF23F6
:10D5F00000229B0504000D00FBF714FBFCF7DEFD89
:10D600000022274BFBF70EFB02000B002000290035
:10D61000FBF782FD04000D00FCF7F2F88046FCF7F2
:10D6200025F902000B0020002900FBF775FD4C4690
:10D6300006000F00002C00DCF8E0059B18205A1EA5
:10D64000920012AB9B58001B190001418844814095
:10D650005B1A12A98B501722121B13410793079BC9
:10D66000002B4BDD01239C46059BE044002B00DC96
:10D67000F2E280251096119712AB00210024094890
:10D680006D04059F19E0C04684FDFFFF506503004F
:10D69000FEFFFF3FFFFFFF1F0000703E00007041D4
:10D6A00000002040FFFFFF00002A02D0AA1A1A60E3
:10D6B0000134013104338F4209DD1A68002CF3D0A4
:10D6C000821A01311A60012404338F42F5DC109E66
:10D6D000119F069B002B0EDD012B00D1B1E0022B28
:10D6E00009D1059B12A95A1E920012AB9B581093A8
:10D6F0009B029B0A8B50079B022B7ED000230022AB
:10D7000030003900F9F7DAFA059B002800D16BE206
:10D7100008995A1E914210DCBF490F988C4612A9F5
:10D7200063448C4600219B0063441C68043B2143F6
:10D730008342FAD1002900D0B5E0089B12AA013B30
:10D740009B00D358002B00D084E201220D9B043BA8
:10D75000596801320029FAD005990B008C46013333
:10D7600062440792934242DC0E9A9446A99A63441B
:10D7700092460B9A9B00944626AA90469A44059B93
:10D780000A9A6344DB0098440C9B94469946079B95
:10D79000E144DB006344059353461868FCF766F8E0
:10D7A000434618605960009B002B23DB444600264B
:10D7B0000027029D2268636803CDFBF733FA02005D
:10D7C0000B0030003900FAF7DDFA083C06000F00C4
:10D7D0005D45EFD14B469E60DF6004239C460433D9
:10D7E000E2449C46059BE144E0449945D4D1079B23
:10D7F0000593B4E600260027ECE732003B0000204A
:10D800008649FBF789FC06000F00002C00D175E764
:10D81000069A0020814900F021FF02000B00300031
:10D820003900FBF779FC06000F0067E7069B002B29
:10D8300012D1059B12AA013B9B00D558EB1507930B
:10D840000DE7059B12A95A1E920012AB9B5810932C
:10D850005B025B0A8B504EE70022714BF9F752FADC
:10D8600000280ED10023079348E7534600260027DF
:10D87000C0C39A4601239C46E144D94500D034E612
:10D8800057E601239C4601330793059BE044002B98
:10D8900000DDEEE632003B0000206049FBF73CFC77
:10D8A00006000F002AE743460B93069B12A8183B7D
:10D8B000190006939300C3580092002B0FD15648CD
:10D8C0001300844612A8634484469B006344043BCF
:10D8D0005868013A18390028F9D000920691069A42
:10D8E00000204E4900F0BAFE009B04000D00002B02
:10D8F00000DAB3E112AA94469F00DB0067449C461D
:10D900000A9A05936244934616003868FBF7AEFF07
:10D9100022002B00FBF786F9424B30607160002239
:10D9200020002900FBF77EF9083E74AB04000D00CF
:10D93000043FB342E9D100239A464EAB0293089BC1
:10D9400099464B4600260027002B21DB8020364BD2
:10D950005D469846C005354900260027002408E0AA
:10D9600008239C460835E044A24511DB434618686D
:10D9700059682A686B68FBF755F902000B00300004
:10D980003900FAF7FFF9013406000F00A145E7DA84
:10D99000029A53469446DB0063441E605F60012395
:10D9A0009C46093BE2449C4674ABE3449B45C8D18A
:10D9B000029B9946A89B022B00DD82E0002B37DCFE
:10D9C0001DD1059B00254B441E000024326873685E
:10D9D00028002100FAF7D6F9009B05000C00083E4C
:10D9E0005A1E0092F2D2079B002B03D080231B0605
:10D9F0009C4664442A00230009990A604B60072072
:10DA00000B9B18409F239B009D443CBC904699462D
:10DA1000A246AB46F0BDC046FFFFFF3F0000F03F0F
:10DA20000000E03F0000703E88550300FB21F93FF5
:10DA3000059B00204B441E0000214CAF32687368E8
:10DA4000083EFAF79FF9BE42F8D1079B002B24D07D
:10DA50008023099A1B06CB18106053600B0002004C
:10DA60004E984F99FBF758FB009B002B0BDD0124D0
:10DA700050AD0CCDFAF786F9009B0134A342F8DAD9
:10DA8000079B002B03D080231B069C4661440B00A0
:10DA9000020009998A60CB60B1E702000B00099C83
:10DAA000226063600B0002004E984F99FBF734FB35
:10DAB000009B002BDBDC0B00020009998A60CB6025
:10DAC0009DE7A89B032B9AD1009B002B00DCE3E091
:10DAD0007F4A059B94464B441E685F68009B6344E5
:10DAE0009A46DB004B4498464CAB9B4643465C68E9
:10DAF0001B681800210032003B0002900391FAF7E6
:10DB000041F904000D0002000B0002980399FBF795
:10DB100003FB3B003200FAF735F943469860D960C1
:10DB20001C605D6008235B429C46E04426002F0099
:10DB3000C345DBD1009B012B00DCADE0059BC84653
:10DB40004B441E685F685346DB009B46D8444346FF
:10DB500030005C681B683900009301941A002300B0
:10DB6000FAF710F904000D0002000B00009801996B
:10DB7000FBF7D2FA3B003200FAF704F9434698600B
:10DB8000D9601C605D6008235B429C46E04426002F
:10DB90002F00C145DBD15D460027002408354D44E8
:10DBA00050AE2A686B6838002100FAF7EBF8083DA0
:10DBB00007000C00AE42F4D1079B002B71D08021EE
:10DBC000099A4E9B090613604B468C465B68644479
:10DBD000634453604B469B68176193604B46DB6818
:10DBE00054616344D3600AE7994643460B93069B0E
:10DBF00030005A42390000F031FD0022354B04005C
:10DC00000D00F9F77FF8002832D0334B00222000B6
:10DC10002900FBF707F8FBF7F3FD4A4606009700DB
:10DC2000FBF724FE00222B4BFAF7FCFF02000B004F
:10DC300020002900FBF770FAFBF7E2FD12AAD05191
:10DC40004A46069B0132183300920693930012AAAB
:10DC5000D65044E601227FE500243AE5A89B022B3A
:10DC600014DC002B0FDC00D0C9E600250024BAE646
:10DC70004B46200029009E00FBF7C2FD12AB9851D5
:10DC80004B4600932BE600200021DEE64EAB994682
:10DC9000A89B032B00D0B2E6079B00270024002B93
:10DCA0008DD14E9A4F9B09990A604B604B469A68FA
:10DCB000DB68009201938A60CB603A0023000A611E
:10DCC0004B619CE676AB0A930B9BDB00059330E43B
:10DCD000FFFFFF1F000070410000703EF0B54F468F
:10DCE0004646C0B487B000920193464A4B00814635
:10DCF00088465B08934205DCFBF782FD4146031E24
:10DD0000484666D04A46434648464146FAF78AFFA7
:10DD100004000D0002000B0048464146FAF782FF5E
:10DD2000394A3A4B06000F0020002900FAF77AFF23
:10DD3000374A384BFBF7F0F922002B00FAF772FF55
:10DD4000354A364BFAF71EF822002B00FAF76AFF25
:10DD5000334A344BFBF7E0F922002B00FAF762FF5D
:10DD6000314B324AFAF70EF80E9B02900391002BCA
:10DD700034D00098019900222D4BFAF753FF029AF4
:10DD8000039B0490059130003900FAF74BFF020025
:10DD90000B0004980599FBF7BFF922002B00FAF756
:10DDA00041FF009A019BFBF7B7F9224A04000D00DE
:10DDB000214B30003900FAF735FF02000B0020003C
:10DDC0002900F9F7DFFF02000B0048464146FBF748
:10DDD000A3F907B00CBC90469946F0BD02000B00B9
:10DDE00020002900FAF71EFF124A134BFBF794F9A3
:10DDF00032003B00FAF716FF4A464346F9F7C2FFE6
:10DE0000E7E7C046FFFF3F3E7CD5CF5A3AD9E53D14
:10DE1000EB9C2B8AE6E55A3E7DFEB157E31DC73EDB
:10DE2000D561C119A0012A3F1111813FA6F8101137
:10DE30000000E03F495555555555C53FF0B55F4683
:10DE400056464D464446F0B489B000934B005B08FB
:10DE50009A46BB4B8146884602928B469A4516DC11
:10DE6000FBF7CEFC00282FD14B4652461A43129B9B
:10DE70000133134300D148E1129B012B00D15BE138
:10DE80004A4643460020AF49FAF7A8FAF8E0AE4BFD
:10DE90009A4519DD002900DA42E14A464346AB487B
:10DEA000AB49FBF739F904000D00029A009BA94821
:10DEB000A949FBF731F92B002200F9F763FF002392
:10DEC00081468846029300934A4643464846414667
:10DED000FAF7A8FE02000B0006000F00FAF7A2FEF8
:10DEE000320004000D003B0048464146FAF79AFE16
:10DEF0009A4A049005919A4B20002900FAF792FE65
:10DF0000984A994BF9F73EFF22002B00FAF78AFE58
:10DF1000964A974BF9F736FF22002B00FAF782FE5C
:10DF2000944A954BF9F72EFF22002B00FAF77AFE60
:10DF3000924A934BF9F726FF22002B00FAF772FE64
:10DF4000904A914BF9F71EFF32003B00FAF76AFE48
:10DF50008E4A069007918E4B20002900FAF762FE48
:10DF60008C4A8D4BF9F70EFF22002B00FAF75AFE70
:10DF70008A4A8B4BF9F706FF22002B00FAF752FE74
:10DF8000884A894BF9F7FEFE22002B00FAF74AFE79
:10DF9000864A874BF9F7F6FE22002B00FAF742FE7D
:10DFA000844A854BF9F7EEFE02000B0006980799AC
:10DFB000F9F7E8FE049A059BFAF734FE029D009CEF
:10DFC0002A002300F9F7DEFE32003B00FAF72AFEB2
:10DFD00002000B0028002100F9F7D4FE04000D0018
:10DFE00004980599754A764BFAF71CFE22002B001F
:10DFF000F9F7C8FE0B000200414648460092019323
:10E00000F9F7C0FE504B04000D009A453FDC129B0F
:10E01000012B35D00F0002000B0000204949FAF710
:10E02000DDF900260D00029003914A464346300078
:10E030003900FBF771F8002402000B0000980199E9
:10E04000FBF76AF822002B00FAF7ECFD22000090A3
:10E0500001912B0030003900FAF7E4FD0022594B02
:10E06000F9F790FE02000B0000980199F9F78AFE7B
:10E07000029A039BFAF7D6FD22002B00F9F782FEE5
:10E0800009B03CBC90469946A246AB46F0BD1298FA
:10E09000FBF7ECFB220006000F002B0020002900FC
:10E0A000FAF7C0FD3200029003913B0020002900E6
:10E0B000F9F768FE02000B0002980399FAF78EF94F
:10E0C000009A019BFBF728F802000B0048464146E6
:10E0D000FBF722F802000B00F9F754FE02000B00D8
:10E0E00030003900FBF718F85B460400981702234C
:10E0F0001840013B181A0D00FBF7B8FB02000B009B
:10E1000020002900FAF78EFDBAE748464146FCF7A1
:10E1100051F802000B0000202A49FAF75FF9AFE737
:10E120008022802112069446009B090641446344E4
:10E13000814688460093B0E648464146A0E7C0467F
:10E14000FFFF2F3E0000F0BF2794E53F182D4454F9
:10E15000FB21E93F075C143326A6813CD47ABF74C7
:10E16000702AFB3EE9A7F0320FB8123F68108D1AF3
:10E17000F726303F1583E0FEC8DB573F93846EE9F6
:10E18000E326823FFE41B31BBAA1AB3F735360DB72
:10E19000CB75F3BEA69237A0887E143F0165F2F2DC
:10E1A000D844433F280356C9226D6D3F37D60684B5
:10E1B000F464963F7AFE10111111C13F6355555515
:10E1C0005555D53F0000F03FF0B54E464546574601
:10E1D000E0B4DF4ACC0F4B0084B081468846E407A8
:10E1E0005B0893424FD9DB4A934200D9F9E0002CF7
:10E1F00000D17BE1D84AD94B48464146F9F7C2FDE8
:10E2000000220023F8F760FD002800D0F4E0D44A93
:10E21000D44B48464146FAF705FD02000B000020AA
:10E22000D149F9F7AFFDFBF7EBFA8246FBF71EFB8E
:10E23000CE4ACF4B06000F00FAF7F4FC02000B00A9
:10E2400048464146FAF768FFCA4A04000D0030000C
:10E250003900C94BFAF7E6FC06000F0032003B001C
:10E2600020002900FAF758FF02000B00814688467B
:10E2700020002900FAF750FF32003B00FAF74CFF6C
:10E280000290039109E0BD4A934200D9DBE00021EE
:10E29000BB4A8A46934200D805E10022B94B484662
:10E2A0004146FAF7BFFC04000D0002000B0048468F
:10E2B0004146FAF7B7FC06000F00B34AB34BFAF732
:10E2C000B1FCB34AB34BF9F75DFD32003B00FAF7FE
:10E2D000A9FCB14AB14BFAF71FFF32003B00FAF735
:10E2E000A1FCAF4AAF4BF9F74DFD32003B00FAF706
:10E2F00099FCAD4AAD4BFAF70FFF32003B00FAF73D
:10E3000091FC0022AA4BF9F73DFD0090019102001B
:10E310000B0020002900FAF785FC02000B0000200A
:10E32000A449FAF7F9FE02000B0004000D00009862
:10E330000199FAF7F1FE2200009001912B00484666
:10E340004146FAF76FFC02000B0000209A49FAF7E9
:10E35000E3FE02000B0000980199FAF73FF83B003A
:10E360003200FAF75FFC5346002B48D0029C039D15
:10E3700022002B00FAF7D0FE4A464346FAF752FC39
:10E3800022002B00FAF7C8FE3B003200FAF7C4FE69
:10E39000534604000D00013300D1B2E05346012B77
:10E3A00000D188E053460133392B5ED85346132BF6
:10E3B00000DCB5E081490022C91A0B0520002900C4
:10E3C000F9F7E0FC02000B0048464146FAF7A4FECC
:10E3D000774B0022F9F7D6FC53461B055D18290040
:10E3E0001DE0774A934220D90903090B014300D06D
:10E3F00013E14146002C12D0002072490FE00200C8
:10E400000B0048464146FAF70DFC32003B00FAF794
:10E4100083FE02000B0048464146FAF77DFE04B039
:10E420001CBC90469946A246F0BD674A674BF8F778
:10E430005FFC002800D1DAE6654A664B100019003F
:10E44000FAF7F0FBEBE7644A934200D9CAE0474A87
:10E45000474B002C1ED0F9F795FC01235B420400CA
:10E460000D009A46434E5D4FF8E64A464346FAF79A
:10E4700053FE02000B0000204D49FAF74DFE5446B2
:10E4800002002005431819001000494B0022FAF73A
:10E4900043FEC4E7FAF740FE012304000D009A464C
:10E4A000344E354FDAE64A4A4A4B4146F9F76AFCA0
:10E4B00002000B00ABE70022494B48464146F8F703
:10E4C00003FC002800D199E000222E4B484641462B
:10E4D000F9F758FC02000B0020002900FAF71CFE97
:10E4E000C02300221B06FAF79DFB98E71C4A1D4B30
:10E4F00048464146FAF796FB02000B0000202149EE
:10E500008FE602000B0048464146FAF705FE00225E
:10E510001C4BFAF787FB00221A4BFAF7FDFD7EE74A
:10E52000802352469B031341214A0026D71A4A46AC
:10E530004346FAF7F1FD02000B0030003900FAF70C
:10E54000EBFD54460200200543181900100066E751
:10E5500079684340412E864059F3F8C21F6EA501E9
:10E56000FE822B654715F73F0000E0BF0000E0FE8C
:10E57000422EE63F763C7935EF39EA3D422ED63FD2
:10E58000FFFF8F3C0000E03F2DC3096EB7FD8ABE40
:10E590003952E686CACFD03EB7DBAA9E19CE143FC9
:10E5A0008555FE19A0015A3FF41011111111A13F18
:10E5B0000000F03F0000084000001840FF0300008A
:10E5C000FFFFEF7F0000F0BFEF39FAFE422E8640DA
:10E5D0009C7500883CE4377EB1A2F03FEF39EABD7C
:10E5E0000000D0BF104A114BFAF71CFB02000B00D1
:10E5F0000020002C00D013E60D4912E622002B006B
:10E6000048464146FAF788FD02000B00F9F7BAFBCD
:10E610000022084BF9F7B6FB01E7020043464146EA
:10E62000F9F7B0FBFBE6C046FE822B654715F73FC6
:10E630000000E03F0000F03F034B48009C464008CC
:10E640006044C00F7047C046000010800020704733
:10E65000002001497047C0460000F87F4B0070B5AC
:10E660005B0D14000A00002B1AD14B005B0803431A
:10E6700015D00022224BFAF7D5FA224B0A009C4211
:10E6800022DB4B005B0D363B1F4DE318AB4220DC19
:10E69000002B0DDD1D4C1B0522401A43110070BDDF
:10E6A0001B4DAB42F0D102000B00F9F76BFBF6E714
:10E6B0001D00353518DA174B02009C420ADC0B00AE
:10E6C0001548164900F032F8134A144BFAF7AAFA23
:10E6D000E5E702000B001248124900F027F8104A43
:10E6E000104BFAF79FFADAE7084C363322401B0545
:10E6F0001343190000220C4BFAF794FACFE7C046F7
:10E7000000005043B03CFFFFFE070000FFFF0F80FA
:10E71000FF07000050C3000059F3F8C21F6EA501A7
:10E720009C7500883CE4377E0000903C30B54A0080
:10E73000DB0FDB0752081A43110030BD70B5054CE2
:10E7400005001300201E04D00A000220290000E06A
:10E7500000BF70BD00000000014B18687047C04644
:10E76000D0200020084B10B50400002B02D000215F
:10E7700000E000BF054B1868836A002B00D0984763
:10E78000200006F080F8C04600000000C0650300CD
:10E790000E4B70B500251E000D4CE41AA410A542C6
:10E7A00004D0AB00F35898470135F8E706F0C8FBF2
:10E7B000084B00251E00084CE41AA410A54204D002
:10E7C000AB00F35898470135F8E770BD542200209C
:10E7D00054220020542200207422002010B5034B44
:10E7E0000100186806F0B8FA10BDC046D02000201D
:10E7F000002370B5064C050008001100236000F0EE
:10E8000067FB431C03D12368002B00D02B6070BD35
:10E81000042B00200CB430B5164B9DB00C1E1D68A7
:10E8200004DA8B2301202B6040421DE0822302A9E1
:10E830009B008B810023029008619C4200D0631EE4
:10E840008B604B6101235B42CB81209A21AB280076
:10E85000019300F015F9431C01DA8B232B60002C87
:10E8600002D00023029A13701DB030BC08BC02B065
:10E870001847C046D0200020F0B51F000E0087B01A
:10E880000590039102920C98347806F0C9FA082397
:10E8900000194078751C184001D02E00F3E72D2C8C
:10E8A00004D1073BB51C7478019304E001902B2C34
:10E8B00001D17478B51C002F02D0102F0AD162E06C
:10E8C000302C5ED120222B789343582B54D1102723
:10E8D0006C780235019E3900731E9E412C4BF61850
:10E8E0003000F8F7EBF8300004913900F8F760F8E1
:10E8F00000230200180021003039092901D80C003A
:10E900000AE021004139192901D8373C04E02100EF
:10E910006139192914D8573CA74211DD591C0CD074
:10E92000824208D302D1049BA34203DB7843012334
:10E93000201802E0100001235B422C780135DAE751
:10E940005A1C0BD10198124B471EB841C018222304
:10E95000059A1360029B002B0AD117E0019A002A46
:10E9600000D04042029A002A10D0039A002B00D017
:10E970006A1E029B1A6009E03024002FAAD10827E2
:10E98000A8E70A27A6E7302C9CD0A3E707B0F0BD84
:10E99000FFFFFF7F37B51300064A05001068046AC1
:10E9A000002C00D1044C0A0000942900FFF764FFFA
:10E9B0003EBDC046D0200020D4200020F0B58E6897
:10E9C00085B007000C00039201939E4243D8902328
:10E9D0008A89DB001A423ED0032509692368019821
:10E9E0005B1A029363695D43EB0F5D19029B6D1027
:10E9F00001331B18AB4200D91D00530510D5290067
:10EA0000380001F0DDFF061E14D0029A216906F0DD
:10EA10007DF9A289194B134080221343A38112E090
:10EA20002A00380001F0D6FF061E0CD121693800FB
:10EA300001F0CBFF0C23402201203B60A389404220
:10EA40001343A38117E0029B2661F61826606561D7
:10EA5000019EED1AA560019BB34200D21E00320058
:10EA60000399206806F05BF90020A3689B1BA36054
:10EA700023689E19266005B0F0BDC0467FFBFFFFEE
:10EA8000F0B59FB0029005938B890F0016001B060E
:10EA900010D50B69002B0DD1402101F091FF38609A
:10EAA0003861002804D10C23029A01381360D8E0A1
:10EAB00040237B61002306AD6B6120336B761033FE
:10EAC000AB7634002378002B03D1A31B049312D020
:10EAD00003E0252BF9D00134F4E7A31B3200390001
:10EAE0000298FFF76BFF431C00D1B4E06A69049BF6
:10EAF000944663446B612378002B00D1ABE0012284
:10EB0000002352426A6002A95432521801342B6029
:10EB1000EB60AB601370AB65534E2178052230007B
:10EB200006F0DAF8002807D00123801B83402A680A
:10EB3000013413432B60EFE72B68DA0604D5532228
:10EB4000202102A8121811701A0704D553222B2174
:10EB500002A81218117022782A2A03D0099B0020DB
:10EB60000A210EE0059A111D12680591002A01DBA9
:10EB7000099204E05242EA60022213432B600134FE
:10EB80000BE02278303A092A04D84B4301349B1811
:10EB90000120F6E7002800D0099323782E2B1ED100
:10EBA00063782A2B0AD1059B02341A1D1B68059233
:10EBB000002B01DA01235B42079310E000230A20B7
:10EBC0001A0001346B6021783039092904D8424396
:10EBD000013452180123F6E7002B00D00792234E90
:10EBE00021780322300006F077F8002806D0402371
:10EBF000801B83402A68013413432B60217806224E
:10EC00001B48661C297606F067F8002812D0194BBD
:10EC1000002B06D10722059B073393430833059346
:10EC200014E005AB00933A00134B2900029800E072
:10EC300000BF07E005AB00933A000F4B2900029894
:10EC400000F01CF80390039B013304D06B69039A16
:10EC50009B186B6135E7BB890B985B0601D50120DA
:10EC600040421FB0F0BDC046AF6E0300B56E03005A
:10EC7000B96E030000000000BDE90200F0B58BB0E2
:10EC800006920A0043320793059004920A7E0C0014
:10EC9000109B6E2A00D1ABE011D8632A22D009D88C
:10ECA000002A00D1B5E0582A00D0C5E045310A70ED
:10ECB000814A4FE0642A1DD0692A1BD0BCE0732A28
:10ECC00000D1AAE009D86F2A29D0702A00D0B3E079
:10ECD000202209680A43226037E0752A1FD0782A6B
:10ECE00033D0A9E00E001A684236111D196013686E
:10ECF0003370A4E021681A68080606D4490604D5D2
:10ED0000111D19600023D55E02E0111D1960156800
:10ED1000002D3BDA2D23049A6D42137036E02168F2
:10ED20001A68080606D4490604D51568111D19602D
:10ED3000ADB202E0111D196015685F4B227E03938E
:10ED400008276F2A1DD00A271BE0220078214532B0
:10ED500011705A4A19680392081D226818600D68DC
:10ED6000100602D4500600D5ADB2D30702D5202339
:10ED70001A4322601027002D03D1202322689A43D2
:10ED800022602300002243331A7002E00A274A4B14
:10ED900003936368A360002B09DB0422216891437D
:10EDA0002160002D05D1049E002B11D07BE0002DA9
:10EDB00079D0049E28003900F7F780FE039B013EBE
:10EDC0005B5C280033703900F7F7F2FD051EF1D1C6
:10EDD000082F09D12368DB0706D5636822699342AF
:10EDE00002DC3023013E3370049B9B1B23612BE02C
:10EDF00009681A68080607D4490605D5111D196067
:10EE00001368A28A1A8004E0111D196013686269F0
:10EE10001A600023049E236116E01A68111D196010
:10EE2000166800216268300005F056FF002801D006
:10EE3000801B6060636803E0260042363270012365
:10EE400023610023049A1370079B09AA00932100F1
:10EE5000069B059805F0F9FF431C02D101204042B2
:10EE600027E02369320006990598079DA847431CAF
:10EE7000F4D0236800259B070FD4099BE0689842D3
:10EE800017DA180015E022000123193206990598B7
:10EE9000079EB047431CE1D00135E368099A9B1AED
:10EEA0009D42F0DBE9E72600039B42361B78337076
:10EEB0008EE70BB0F0BDC046C06E0300C465030012
:10EEC00058220120014B40421A607047042B002059
:10EED00058220120014B40421A607047042B002049
:10EEE00070470220704710B5406802F00AF810BD64
:10EEF000704713B50400406801F0F5FF002811D0F9
:10EF000061686846ECF70AFF694601A801F0B1FFA5
:10EF100001A8ECF713FF606001A801F0A2FE6846AB
:10EF200001F09FFE13BD10B5E9F742F910BD0300D3
:10EF3000203B13B5040000205E2B0AD86846ECF78E
:10EF400001FD05214C432000009BA0381818E9F76B
:10EF5000E1FC16BD10B543689B885943E9F73AF9BF
:10EF600010BD13B50400FFF7C4FF616801A8ECF7FA
:10EF7000D5FE01A801F099FE01A801F072FE13BDB3
:10EF8000F7B5070015001E000C00FFF7B2FF796807
:10EF900001A8ECF7C3FEF3B22AB221B201A8ECF744
:10EFA000D5FE01A801F05DFEF7BD37B515000C00D8
:10EFB000416801A8ECF7B2FE2AB221B201A8ECF731
:10EFC000DBFE040001A801F04CFEE043C017204026
:10EFD0003EBD43685888704743689888704710B5AD
:10EFE0005C1EA3415B42DBB2FFF7CAFF10BD10B548
:10EFF000FFF7DBFFC317181AC00F10BD10B5436829
:10F000009B885943E9F7FAF810BD10B50A001023A0
:10F010000321EBF7E7FD10BD70B504000D00EAF722
:10F02000ADFC002807D0EEF799FE10232A0003213B
:10F030002000EBF7D7FD70BD70B504000D00EAF7B6
:10F040009DFC002807D0EEF789FE10232A0002213C
:10F050002000EBF7C7FD70BD10B5EAF78FFC031E6B
:10F0600004D0EEF77BFE431E9841C3B2180010BDDA
:10F0700070477047704780880A3080087047704733
:10F0800006307047808870478288030000208A42DB
:10F0900001D30633581870470320704740680B307F
:10F0A00080087047808870470123820702D143425D
:10F0B0005841C3B21800704710B5E9F709FC10BDFC
:10F0C00007B5002201AB1A80012118701800E9F77A
:10F0D000FFFB0EBD030030B500208B4214D08D1D08
:10F0E0009A888988981D914200D911000022835C7A
:10F0F000AC5CA34204D0A3429B410120184303E02F
:10F1000001328A42F3D9002030BD80887047F0B5C3
:10F1100085B000282AD0002928D0D343DB171A4015
:10F120008388871D00259A4200D2BD18EA1B9B1ACE
:10F1300001938E88002D19D0B34217D32C008B1D5C
:10F1400003938B7902932378029A934208D1320079
:10F150000399200005F0CBFD002801D1E01B07E05A
:10F16000019B01341B1BEB18B342ECD2012040423F
:10F1700005B0F0BD10B5FFF7CAFF0130431E98413E
:10F1800010BD01235840704710B5FAF7E9FBE9F7C5
:10F19000EFFC10BD430010B55A10904202D101207F
:10F1A000184303E0FAF762FBE9F7E2FC10BD030045
:10F1B00010B50E20002906DB9A88914203DA59180F
:10F1C0008879FFF7E7FF10BD10B50E23002802D0A5
:10F1D000FFF7EDFF0300180010BD4223002800D107
:10F1E000383B180070470023062806D00333422816
:10F1F00003D0023B0A2800D003001800704710B566
:10F20000E9F76AFEE9F7B4FC10BD4843704710B552
:10F21000F7F758FC10BD10B50C20EBF737FA041EB9
:10F2200001D0EAF7C3FE200010BD0089704710B579
:10F23000043000F0F8FF10BD10B50A0004308188DA
:10F24000EAF79AFE10BD10B5043000F0F7FF10BDCC
:10F2500002890023914202D243688900CB581800EA
:10F26000704710B50430EAF787FE10BD10B50430C2
:10F2700000F0F2FF10BD10B5043001F00BF810BD26
:10F28000704700207047406870474160704710B574
:10F290000820EBF7FBF9041E01D0EAF791FE2000ED
:10F2A00010BD10B5EBF7B8FB10BD431E9841704779
:10F2B00010B51420EBF7EAF9041E01D0EAF788FE36
:10F2C000200010BD10B5040001F005F8002398429D
:10F2D00005DB228A904202D2E3688000C3581800FE
:10F2E00010BDF8B504000F001600250000F0F3FF74
:10F2F0000C35011E05DA2189201D3A00EAF73CFE93
:10F30000218A32002800EAF737FEF8BD704710B5B1
:10F31000E9F718FF10BD70B50D00E9F713FF040001
:10F320002800E9F70FFF1F23184084402000FFF753
:10F3300031FF70BD70B50D00E9F704FF040028002F
:10F34000E9F700FF1F23184004412000FFF722FFC8
:10F3500070BD70B50D00E9F7F5FE04002800E9F76F
:10F36000F1FE6040FFF716FF70BD70B50D00E9F7C4
:10F37000E9FE04002800E9F7E5FE2043FFF70AFF55
:10F3800070BD10B5E9F7DEFEC043FFF703FF10BD07
:10F3900070B50D00E9F7D6FE04002800E9F7D2FEAB
:10F3A0002040FFF7F7FE70BD70B50D00E9F7CAFE0B
:10F3B00004002800E9F7C6FE1F231840C4402000BF
:10F3C000E9F790FC70BDD0B50C000100214300238B
:10F3D000890720D1032A05D12100FFF77BFE434294
:10F3E000434117E0022A12D1E9F788FE0600200007
:10F3F0000F00E9F783FE02000B0030003900012402
:10F40000F7F75CFC002800D1041CE3B203E0031B07
:10F4100058424341DBB21800D0BD70B50E00E9F789
:10F420006DFE040030000D00E9F768FE02000B00DD
:10F4300020002900F8F7A6FCE9F79AFB70BD70B52B
:10F440000E00E9F75BFE040030000D00E9F756FE00
:10F4500002000B0020002900F9F75EFEE9F788FBA7
:10F4600070BD0B000340D0B50C00DB0703D5C31300
:10F470000133012B0FD9E9F741FE060020000F00F0
:10F48000E9F73CFE02000B0030003900F9F7CAFB37
:10F49000E9F76EFB08E0E3130133012BEBD84010D2
:10F4A00064106043FFF776FED0BDD0B503000C00BA
:10F4B00003290FD0E9F722FE060020000F00E9F72C
:10F4C0001DFE0B00020039003000F8F787FFE9F756
:10F4D0004FFB03001800D0BDF8B501230C00184203
:10F4E00001D019420FD1E9F709FE060020000F00F4
:10F4F000E9F704FE02000B0030003900FBF7DEFCE8
:10F50000E9F736FB0EE04B10EDD0E9F71BFE0500E6
:10F510002000E9F717FE01002800F7F7B9FB080003
:10F52000FFF738FEF8BD0123F7B50C00184201D0F3
:10F53000194236D1E9F7E2FD060020000F00E9F795
:10F54000DDFD04000D0002000B0030003900F7F76C
:10F55000CFFB002805D122002B0034003D0016000F
:10F560001F0032003B0020002900F7F7A7FB00280E
:10F5700002D02000290011E0E9F7AEFC2200009043
:10F5800001912B0030003900F9F7C6FD009A019B6C
:10F59000F9F748FB22002B00F8F7F4FBE9F7E8FA4B
:10F5A00010E040106410844206DB230004001800C1
:10F5B0009C4201D1200003E0001BE9F7DBF9201891
:10F5C000FFF7E8FDFEBD10B5E9F798FDFBF7E2FC9B
:10F5D000E9F7CEFA10BD10B5E9F790FDFBF762FD33
:10F5E000E9F7C6FA10BD10B5E9F788FDFAF7E6FDB0
:10F5F000E9F7BEFA10BD10B5E9F780FDFAF7FEFC99
:10F60000E9F7B6FA10BD10B5E9F778FDFBF79EF9FA
:10F61000E9F7AEFA10BD70B504000D000E2801D157
:10F62000002016E00E29FBD0012318008C4210D0D8
:10F630000B401C42F4D12000E9F738FD06002800F9
:10F64000E9F734FD8642EBD1320029002000FFF7B4
:10F65000BAFE70BD10B5FFF7DEFF4223002800D1CF
:10F66000383B180010BD10B5FFF7D5FF4223002826
:10F6700000D0383B180010BDF7B504000D000E286F
:10F6800001D1002051E00E29FBD0FFF7ACFD0600B0
:10F690002800FFF7A8FD01230190019A1800964267
:10F6A00043D02B401C42ECD12000E9F7FFFC009036
:10F6B00007002800E9F7FAFC0300032F01D1022814
:10F6C00003D0032815D1022F29D12000E9F716FD18
:10F6D000060028000F00E9F711FD02000B003000C2
:10F6E00039000124F7F7EAFA002800D1041CE0B23F
:10F6F0001BE0012F09D0012801D0019500E0022371
:10F70000009A26009342BCD103E0012809D10223CC
:10F710000093009A01993000FFF755FE05E0012F94
:10F72000EBD1022234000092E7E7FEBD10B5FFF7EF
:10F73000A3FF10BD10B5FFF79FFF4223002800D1A3
:10F74000383B180010BD10B5FFF796FF4223002884
:10F7500000D0383B180010BDF8B50F0000244668F3
:10F760000589AC420AD2A3003900F058FFF784FFA4
:10F77000002801D0200003E00134F2E701204042DC
:10F78000F8BD10B500220400FFF7E6FF01000020DD
:10F79000814203DB201D00F05FFD012010BD10B58C
:10F7A0000123422805D000230A2802D0E9F7A4FD4E
:10F7B0000300180010BDF8B504000E000E2801D19A
:10F7C000022042E00E29FBD0E9F770FC0500300072
:10F7D000E9F76CFC032D06D1032804D13100200089
:10F7E000FFF778FC32E00020B4422FD02000E9F788
:10F7F00085FC040030000D00E9F780FC22000600C3
:10F800000F002B0020002900F9F7DAFF0028D7D1DC
:10F8100032003B0030003900F9F7D2FF0028CFD189
:10F8200032003B0020002900F7F74EFA00280BD1E8
:10F830003B00320020002900F7F75AFA431E984196
:10F8400001234042184001E001204042F8BD10B5BC
:10F8500001230C001C40044004D0884200DB00233C
:10F86000D8B206E0FFF7A7FF0300C00F023300D1B4
:10F87000200010BD0B00034010B5DB0709D4FFF7D3
:10F880009AFF831C01D10A2006E00028FBDC4220FD
:10F8900002E08842FBDDF6E710BD0B00034010B527
:10F8A000DB0709D4FFF787FF831C01D10A2006E09C
:10F8B0000028FBDA422002E08842FBDBF6E710BDBD
:10F8C0000B00034010B5DB0705D4FFF774FF0028D9
:10F8D00003DA0A2002E08842FBDB422010BD0B0065
:10F8E000034010B5DB0705D4FFF765FF002803DCF4
:10F8F0000A2002E08842FBDD422010BDE42010B562
:10F900008000EBF789F810BD10B5EBF7E3F80400C1
:10F91000102000F0B7FD23690360206110BD10B511
:10F92000EBF7D8F84369122B03D0E9F727FEE9F784
:10F93000FDFD10BD70B50E00E9F7E0FB04003000DE
:10F940000D00E9F7DBFB02000B0020002900FBF7AC
:10F950004BF9E9F70DF970BD10B5E9F7CFFBFAF7F0
:10F960004DFFE9F705F910BD10B5E9F7C7FBFAF748
:10F97000FDFEE9F7FDF810BD10B5E9F7BFFBFAF79A
:10F98000D3FBE9F7F5F810BD10B5E9F7B7FBFAF7C7
:10F9900097F9E9F7EDF810BD10B5E9F7AFFBFBF704
:10F9A000C1F8E9F7E5F810BD10B5E9F7A7FBFAF7DC
:10F9B000FBFFE9F7DDF810BD10B5E9F79FFBFBF79A
:10F9C00071FCE9F7D5F810BD10B5029C94421FDB1D
:10F9D000002B09D00B0080185C1A94421BDA1C78AB
:10F9E000013804700133F7E7042A06D103230340EA
:10F9F0000BD10A68026018000EE0022A05D101232B
:10FA0000034002D10A88028005E005F07FF902E098
:10FA10000120404200E0002010BD10B504000800A5
:10FA20000299914205DA002105F08EF90120404249
:10FA300020E0002B09D00300A418191A914218DA0B
:10FA4000013C217819700133F7E7042A05D103231B
:10FA500023400BD12268026006E0022A06D101236E
:10FA6000234003D122880280180003E0210005F022
:10FA70004DF9002010BD08307047031E07D0002349
:10FA8000994204DB4268914201DA41180B7A18006E
:10FA90007047002806D0002904DB4368994201DA48
:10FAA00041180A72704710B5FFF7E7FF10BD012338
:10FAB000820705D1002803D0000F43425841C3B24A
:10FAC0001800704710B5FFF7E4FF10BD70B50C00CB
:10FAD0001600002B1CDB00291ADB41688C4217DC66
:10FAE0005268091BD21A8A4200DD0A00002A0FDB85
:10FAF00035000835864204D1E918281905F00FF9B8
:10FB000004E008300019E91805F000F9002001E0D0
:10FB10000120404270BD4068704710B5002A0EDBDE
:10FB20004468A2420BDC002B00DA2300A41A9C429A
:10FB300000DD1C0008308018220005F005F910BD1A
:10FB4000436810B51C008B4200DD0C00002A00DA6F
:10FB50001A00191B914200DD110008300019E8F766
:10FB6000D9FE10BD70B50D00002B01DA43689B1A59
:10FB7000002A2EDB44689918A1422ADC8A4228DC3C
:10FB8000002B26D0690024D059428D4201DDAB42C2
:10FB900006DC0022012311005B42FFF7BEFF18E0E4
:10FBA00008308618002D09DA6C425A1931003019D4
:10FBB00005F0B5F822000021300008E05C1B711947
:10FBC0002200300005F0ABF82A000021301905F0C2
:10FBD000BBF870BD030010B508305968FFF76CFA28
:10FBE00010BD70B50400160008001D1E01DA636820
:10FBF0009D1A002E2BDB6268AB19934227DC9E42D4
:10FC000025DC002D23D0430021D0002801DA2B026F
:10FC1000C0182900F7F73CF8002900DA491922003A
:10FC20000832921951180B0055199A420FD01478C6
:10FC30001E780132501E0670581C1C70854202D17D
:10FC400008000300F1E79142FBD10100F9E770BD24
:10FC5000012307B55B4200930023FFF737FF07BD81
:10FC60000300002010B50C0081420DDD180059681A
:10FC70000830E9F793FC1F2C06DC0300E3405840F2
:10FC80000123A340013B184010BD10B50100002026
:10FC9000E8F740FE10BD10B581880630E8F73AFE5F
:10FCA00010BD30B50400501E85B00D000F2869D876
:10FCB000F6F774FE080C14141C25252E2E37203B55
:10FCC000404F475C1800FFF722FB03E01800FFF7E6
:10FCD0001EFBC0B2002D55DD207053E01800FFF769
:10FCE00016FB02A908800023009518E01800FFF712
:10FCF0000EFB02E01800E9F725FA02901EE018005A
:10FD0000FFF705FB012302A908701A00009536E0F1
:10FD10001800FFF7FCFA012302A9088000950222CF
:10FD20002DE01800FFF7F3FA02E01800E9F70AFAED
:10FD300002900AE01800E9F763FA029000950023A8
:10FD400005E01800E9F75CFA02900123009504220F
:10FD500014E01800E9F7D2F902900391072D11DDA4
:10FD6000082202A9200004F0D1FF0BE01800E9F7F7
:10FD7000C5F90123082202900391009502A92000F1
:10FD8000FFF722FE05B030BD10B50C00002A06DBDF
:10FD900041680830891A80182200FFF782FF10BDE1
:10FDA00030B5013A050085B000200F2A68D8100050
:10FDB00002AC0091F6F7F2FD080B1517191D262964
:10FDC000323A1B424C584E5A0023012213E00023C2
:10FDD000012221002800FFF720FE2078FFF7DAF942
:10FDE0004EE0002312E0002319E000231FE000236F
:10FDF00025E001231A0021002800FFF70EFE002055
:10FE00002056EBE701231A00E3E701230222210039
:10FE10002800FFF702FE0023E05EDFE70123022255
:10FE200021002800FFF7F9FD2088D7E701230422ED
:10FE300021002800FFF7F1FD0298CFE701230422FB
:10FE400021002800FFF7E9FD0298E8F74BFF17E0D3
:10FE5000002300E00123042221002800FFF7DDFD3C
:10FE60000298FFF791F90BE0002300E00123210045
:10FE700008222800FFF7D1FD02980399E8F778FEE1
:10FE800005B030BD10B5002A03DA0020FFF782F973
:10FE900007E0436808309B1A80180A001900FFF732
:10FEA0007FFF10BD10B5E9F7B3FD10BD10B5E9F740
:10FEB000D7FD10BD70470200FA2010B510230121B4
:10FEC0008000EAF78FFE10BD0200FA2010B5102363
:10FED00002218000EAF786FE10BD10B5E9F74EFD5D
:10FEE00010BD10B5E9F74AFD002801D0EDF7BAFEC4
:10FEF00010BD10B50C00E9F741FD002802D021002B
:10FF0000EDF77CFE10BD10B5E9F738FD002801D0F3
:10FF1000EDF704FF10BD10B50C00E9F72FFD002828
:10FF200002D02100EDF7D4FE10BD10B50C00E9F7AA
:10FF300025FD002802D02100EDF788FF10BD70B527
:10FF400004000D001600E9F719FD002808D0032170
:10FF5000EDF7DEFF1023320029002000EAF742FE11
:10FF600070BDF0B585B00C001500E9F707FD061E61
:10FF700001D1002030E0EBF72DFE00900191043C10
:10FF800067426741EC173000EDF76CFEB8420BD0CA
:10FF9000EBF720FE009A019B801A9941A142E8D814
:10FFA000F1D18542EFD2E4E7EBF714FE0390300085
:10FFB000EDF758FEB8420BD1EBF70CFE009A019B0F
:10FFC000801A9941A142D4D8F1D18542EFD2D0E72D
:10FFD000EBF700FE039BC01A05B0F0BD704710B5EB
:10FFE0000C00E9F7CBFC002802D02100EDF7DAFE87
:10FFF00010BD10B50124002903D00234012900D01E
:020000040003F7
:100000000024E9F7BBFC002802D02100EDF72AFF0D
:1000100010BD10B50C00E9F7B1FC2100EDF778FF39
:1000200010BD10B501000020E8F774FC10BD70474A
:1000300010B50400E9F76CFD036821001B689847C0
:1000400010BD10B50400E9F763FD2100F5F71AFBB8
:1000500010BD70B50D000400E9F75AFD2A0021001B
:10006000F5F704FB70BD37B504000E25E9F786FCF3
:100070004557282004F017FE032329000093A2B25D
:10008000023BECF7B3FA37BD10B5E9F799FC10BDA8
:1000900010B5EAF7D7FCEAF703F8002010BD704767
:1000A00010B50120EAF7DAF910BD7047002070475B
:1000B0007047704770477047704710B50368002B52
:1000C00001D00800984710BD10B50368002B01D07F
:1000D0000800984710BD10B5E9F710F8FAF73AFB99
:1000E000E8F746FD10BD10B5E9F708F8FAF764FE29
:1000F000E8F73EFD10BD10B5E9F700F8FAF7AAFBE6
:10010000E8F736FD10BD10B5E8F7F8FFFBF756F835
:10011000E8F72EFD10BD10B5E8F7F0FFFAF7E0FDA7
:10012000E8F726FD10BD10B5E8F7E8FFFAF760FD27
:10013000E8F71EFD10BD10B5E8F7E0FFF9F71AFD6E
:10014000E8F716FD10BD10B5E8F7D8FFFAF78EFCFA
:10015000E8F70EFD10BD031E0BD003220240002065
:10016000002A06D1186801239843C378F92B00D0E0
:1001700010007047002343810381436070470023D0
:1001800043810381436043820382C36070477047A9
:1001900070477047704770477047012310B5026879
:1001A0009A431369984710BD10B5FFF7F6FF10BDCD
:1001B000704783880200181E08D0013B9BB29380D1
:1001C00012689B00D318002218681A607047F8B5AF
:1001D000C688050030000F00E9F71EFE041C80B23F
:1001E000B84200D23C1CA4B2A64214D2A000EAF746
:1001F000E5FAEA880600002A03D09200296804F094
:1002000085FDE8880021221A80009200301804F051
:100210009BFD2E60EC80F8BDC38810B58B4201D8E1
:10022000FFF7D5FF10BDC38870B504000D008B42E9
:1002300002D289B2FFF7F0FFA58070BD838802006B
:10024000181E08D0013B9BB2938012689B00D31804
:10025000002218681A607047F8B5838804000020EF
:100260008B4216D927688E00B8194A1C056893423C
:1002700006D9013B5A1A311D9200791804F04FFD3E
:1002800000212800A3882268013B9BB2A3809B0029
:100290009950F8BDF8B50D00818804001600A942F8
:1002A00014D9013189B2FFF7B7FFA288681C23680F
:1002B0008000071F521BD9191818920004F02FFD57
:1002C0002368DE51A3880133A38002E02900E9F707
:1002D00053FEF8BD7047F7B5068947680020B04265
:1002E00005D28300FB588B421AD00130F7E7002477
:1002F0008B1D8D880193B4420CD2A300F9588B88D2
:100300009D420AD106312A00019804F0F0FC002831
:1003100003D104E00120404202E00134EBE7200079
:10032000FEBD704710B5EAF777FB10BD10B5FFF7BB
:1003300012FF002804D00089063843425841C0B259
:1003400010BD10B5EBF738FC10BD10B5EBF742FC53
:100350008000800810BD10B5EAF79CFB10BD10B5F9
:1003600000F01DF910BD10B500F05CFA10BD70472B
:1003700010B5C11700F00FF910BD1FB5D3B28AB286
:1003800081B2684600F04AFC05B000BD10B5002BF4
:1003900000D11033EAF726FC10BD10B5EAF776FE5F
:1003A00001214942FEF788FE10BD10B500F036FA73
:1003B00010BD704710B5081E03D08988063000F0C4
:1003C000FBF810BD70477047802010B54000EBF778
:1003D0000DFBF8234360002304008361E9F7F0FE7E
:1003E0002000E9F70FFF10BD0123820705D1002887
:1003F00003D0000F43425841C3B21800704710B5F4
:100400000A008188E9F7A4FD10BD01220368934327
:1004100018888010704770B504680500002C06D05D
:100420002000E9F757FFA9882000E9F791FF70BD88
:1004300070B50400EBF7DAFA083C05004460A30746
:1004400003D0D2208000EAF7E7FA2800E9F7B8FEE7
:100450002800E9F7D7FE70BD10B5002811D0C46898
:10046000002C09D02368436063688360A368C3607D
:100470002000EAF7F7F804E0EAF7F4F82000EAF7DA
:1004800031FB10BD10B5031E08D0EAF797F98023A1
:10049000021F11689B050B4313600300180010BD79
:1004A00010B50400FFF7A0FF002802D12000E9F7F3
:1004B000E5FE10BD10B50430FFF7ADFF10BD10B55F
:1004C00081880C30E9F744FF10BD10B54068E9F7AA
:1004D0001BFF10BD10B504000430FFF79CFF200087
:1004E0000C30FFF798FF10BD012210B508C89343E8
:1004F000198804398908E9F72BFF10BD03207047DC
:10050000808880000F3080087047022070470520E7
:10051000704710B5EAF7AEFA10BD10B5EBF772F9F7
:1005200010BD70477047704770477047704710B5EF
:10053000040004F0B4FB200010BD10B5040004F06A
:10054000AEFB200010BD10B5040004F0A8FB200095
:1005500010BD10B5040004F0A2FB200010BD10B5C2
:10056000FFF79EFFEBF76CF910BD10B504002000FB
:10057000EAF70CFA1420EBF745F9F8E710B5040098
:10058000EAF72CFA200004F08AFB200010BD10B519
:10059000EBF756F910BD10B504F05BFA10BD10B5BD
:1005A00089B280B200F083F910BD10B50420EAF7DB
:1005B000A1FDEAF73DFA10BD10B5EAF71BFA10BD30
:1005C000F8B50D00002116001F000400EDF716FB22
:1005D0009620400004F03DFA72B63B00320029003C
:1005E000200000F050F862B6F8BD70B50D00002193
:1005F00016000400EDF702FB9620400004F029FAF3
:1006000072B632002900200000F024F862B670BDF6
:1006100010B5041E0AD04368002B07D00800E9F784
:10062000ADF9210062680831FFF7DFFF10BD70B53A
:100630000400150000280BD04368002B08D00800E8
:10064000E9F79CF921002B0008316268FFF7B8FF39
:1006500070BD7047F0B50C46154680684168026968
:10066000C36808E01960064200D11160760807D11E
:100670000134013D05D38026C04611602078F1E7A2
:10068000FBE71160F0BDF0B50C4615461F468068CB
:1006900041680269C36808E01960064200D1116030
:1006A00076080AD10134013D08D3802620787843AA
:1006B000000A1160C046C046EEE7FAE71160F0BDDF
:1006C00010B518C96210E10701D58158CB588018C0
:1006D000984710BD70B5DD24A4000500005900281E
:1006E00004D002F06DFF836D9B0702D400F09AF8EE
:1006F00070BD2859F1F7F6FF036813215B6A98472C
:10070000642004F0B1F9F1E782B030B585B0089209
:100710000500082202A8099304F0F8FA039B029C42
:100720005810DB0701D52B581C592D180AA908228F
:10073000684604F0EBFA089A099B2800A04705B028
:1007400030BC08BC02B0184782B01FB50400100CC2
:100750000338069207930A282DD8F6F71FF9062CBE
:1007600020192C272C2C2C2C200020006930FF3045
:10077000002100F0CFFC20009130FF30002100F07C
:10078000C9FC2000B930FF30012101F0F0FC12E07B
:10079000E6235B00E15801A800F054FD0BE0E423E0
:1007A0005B00E15801A800F06DFC04E02000E1309E
:1007B000FF30EEF717FA1FBC08BC02B0184773B53C
:1007C000060000F02BF8050000F028F80400A9B29C
:1007D000684600F0A5F9210C01A800F0A1F901AAD2
:1007E0006946300000F0ECF901A800F07DF9684698
:1007F00000F07AF9300076BD3ADF704712DF7047BB
:1008000013B56B46DC1D002320002370FFF7F6FFB5
:100810002078013843425841C0B216BD80235B05A1
:10082000586E704710B5EAF725FC10B583689847F5
:1008300010BD704710B5040004F031FA200010BD5F
:1008400072B601650B68002B02D14365086006E0B3
:100850005A6D002A01D01300FAE75865426562B666
:100860007047036D002B12D072B6026D1368984268
:1008700002D1436D136006E05A6D904201D013001F
:10088000FAE7426D5A6500234365036562B6704717
:1008900070B504000E001500EAF73AFE002805D0F6
:1008A0000123320029002000EAF7C0FE70BD10B518
:1008B000EAF78AFE041E01D1EAF73AFF200010BDD4
:1008C00010B50C008047A047EAF7BAFF10BD10B57D
:1008D000EAF71EFE002801D0EAF7B2FF10BD70B59E
:1008E0001400030010000D0098472000A8472000C6
:1008F000FFF7EDFF70BD10B5EAF704FFEAF718FF48
:10090000FAE700234360037070470300F0B58208E4
:10091000980702D1181E01D137E00132541C72B67B
:10092000802621C93606A84217D20368002B11DAA7
:100930005B005B08990041180F68002F08DAA94294
:1009400006D231007F007F08DB1919430160F1E70F
:10095000A34205D29B00C018E5E762B6002014E070
:100960000232934203D992008218954204D8036858
:100970005B005B08036006E080211B1B0906043A4C
:100980000B431360046062B60430F0BD70B5040020
:1009900008000E00EBF72AF80500002C0ED0002806
:1009A0000CD0231F1A689200B24200DD32002100F1
:1009B000280004F0ABF92000EBF74EF8280070BDDA
:1009C00010B50800EBF712F810BD10B50800EBF7F2
:1009D00043F810BD10B508001100FFF7D7FF10BD98
:1009E000F7B504001D0008AB1B88103016000F007F
:1009F000019300F008F920002430FFF782FF6A46D7
:100A00000023928827806680A5602000E360A28092
:100A1000E3622362FEBDF7B504001D0008AB1600BB
:100A200004CB10301B880F000092019300F0EBF80C
:100A300020002430FFF765FF009B019AE36001234B
:100A40001343A380002327806680A5602000E36213
:100A50002362FEBD10B5838804009B0702D5806821
:100A600004F01DF9200010BD82B030B5046A87B0D3
:100A70000B9305000A920123002C14D110220AA91D
:100A800002A804F043F9182004F00DF9040008222C
:100A900004A9684604F03AF9029A039B200000F08A
:100AA000CDF82C621BE02269002A02D00133140029
:100AB000F9E7092B13DC10220AA902A804F026F991
:100AC000182004F0F0F80500082204A9684604F094
:100AD0001DF9029A039B280000F0B0F8256107B0C9
:100AE00030BC08BC02B0184710B50400006800F024
:100AF00008FA200010BD70B5060008000D0004F0D3
:100B000063F904000530EAF771FF306000F0E8F99E
:100B1000306829004480621C043004F0F7F870BD8E
:100B20001FB50400080001A9EAF770FA200001A926
:100B3000FFF7E1FF200004B010BDF8B50B68170007
:100B400002241C5F1368050002229B5E0E00E4185D
:100B5000601DEAF74BFF286000F0C2F92868316891
:100B600044800223CA5E0430043104F0CFF82B68BD
:100B70003968181D336802229B5EC0180223CA5EC2
:100B8000043104F0C3F82B6828001C1900232371DA
:100B9000F8BD10B504000868206000F0A8F9200036
:100BA00010BD70B50B68040000680D00984205D0B8
:100BB00000F0A7F92868206000F099F9200070BDC6
:100BC00070B5136804005D880868002D01D12060AD
:100BD00004E04088002804D11800236000F087F961
:100BE00002E02000FFF7A9FF200070BD002399421A
:100BF00007DB02680223D05E0023884201DD511822
:100C00000B7918007047002310B50380438004005F
:100C1000EAF7E0FFA060E160200010BD70B5018040
:100C2000428004001D00EAF7D5FFA060E160002DBE
:100C300002D02000EBF758F8200070BD82B010B54C
:100C4000040003930292FFF7DEFF102202A92000A6
:100C500004F05CF800232000236110BC08BC02B043
:100C6000184710B50400006800F04BF9200010BDD3
:100C700010B50A00002104F067F810BD10B504009B
:100C80000868206000F033F9200010BD70B50B68D3
:100C9000040000680D00984205D000F032F9286881
:100CA000206000F024F9200070BD10B50068418874
:100CB000838806305943FFF7DBFF10BD10B50400F1
:100CC0000023EBF79FF8200010BD10B50400EBF7F0
:100CD00099F8200010BDF0B587B004910CA90978EF
:100CE00007000591016800200391498801918A421B
:100CF00077DA039989888B4273DA049C2468A446C6
:100D000064881519029485426BDD6446A4881E1917
:100D1000864266DD002A03DA00952800019D03E083
:100D20000198029D801A0090A84200DD0095002BDA
:100D300003DA8E4205DD0E0003E0CE1AA64200DD86
:100D4000260060460024D117554206302940A342B0
:100D500002DA029C64425C43641804190398111C73
:100D60000630002A00DA0021002509B2AB4201DD7D
:100D7000019D5D43059B69184518002B27D0002273
:100D80001000B2422DDA002300998B4206DAE15CB2
:100D9000002901D0E95401300133F5E7049B013209
:100DA0001B6801935B88E4183B685B88ED18E8E7F3
:100DB00021002800009A03F0A9FF049B1B680293FE
:100DC0005B88E4183B685B88ED18019B0133019355
:100DD000019BB342ECDBF043009BC0173040434320
:100DE000180007B0F0BDF0B587B000AF09687B61AF
:100DF0003B6BB8603961D418786B7B6949881B18E4
:100E00008C4201DA002C00DC0C0038698688B34281
:100E100002DA002B00DD1E0033006846634307330F
:100E2000DB08DB00C31A9D4678697B6041433B6960
:100E3000891806335D186B46FB607B699E420EDDA8
:100E400029002200F86803F061FF3B695B88ED1818
:100E5000FB689B19FB607B6901337B61EDE7B86838
:100E600032B221B27B68EAF7CDFFBD46B86807B061
:100E7000F0BD10B50400096804200A5E8B1D022035
:100E8000095E2000EAF7BEFF200010BD10B5040087
:100E9000006800F036F8200010BDF8B5D443E41720
:100EA0001440070020000C301E000D00EAF79EFDE4
:100EB000386000F015F83B681C7238684660002DF9
:100EC00004D009302200290003F020FFF8BD0023E0
:100ED00010B504000A001900FFF7DFFF200010BD65
:100EE00003230380704710B5EBF79EF810BD10B5D3
:100EF0000400EBF799F8002802D1238802332380FD
:100F000010BD10B50400EBF78FF8002809D1238835
:100F1000023B9BB2012B01D0238002E02000EAF7C4
:100F20009BFD10BD036870B5040001811B6A9847E2
:100F3000236805005B69200098472081280070BD68
:100F400000897047036870B5040081721B6A984776
:100F500023680500DB6920009847A072280070BD57
:100F6000807A7047704710B5040003F098FE2000A7
:100F700010BD0C300EC8494352435B438818C0185B
:100F800070477FB50400FFF7F4FF250090230600AB
:100F90001B04313598422AD9638F002B07D10133C6
:100FA00008220D216846FFF739FE0123638790234D
:100FB0009B049E4219D9A38F002B07D1013309222C
:100FC0000D216846FFF72AFE0123A3878023DB0457
:100FD0009E420AD9E38F002B07D101330A220D214B
:100FE0006846FFF71BFE0123E38700232B702B7855
:100FF000042B02D801332B7003E00023E387A3877F
:1010000063872000EBF70AF902000B2813D02300B6
:10101000A18E3033814204D11A78042A04D80132D7
:1010200001E00022A0861A70A28E618E914208D043
:101030001B78042B05D9628601230D216846FFF732
:10104000EDFD7FBD30B50400036A8BB0009302ADA7
:10105000416A8269C369280002F079FA23000C33DF
:1010600007CD07C30222A37920009343A371FFF7A2
:1010700088FF0123A1881A0006A8FFF7CFFD0020F2
:101080000BB030BD70B50C0005000B6808005B6A42
:10109000984721002B000C3115C915C3280070BDDD
:1010A00010B5040003685B6A9847E06810BD10B58E
:1010B000040003685B6A9847206910BD10B50400FE
:1010C00003685B6A9847606910BD10B50400036847
:1010D0005B6A9847A3799B0702D42000EBF766F977
:1010E000A06A10BD10B5040003685B6A9847A37935
:1010F0009B0702D42000EBF759F9E06A10BD408E3F
:10110000704710B50400EBF7F5F9200003F0C7FDB8
:10111000200010BD0630C177704701238079184048
:101120007047036870B5040001811B699847236804
:1011300005009B69200098472081280070BD008928
:101140007047704710B5040003F0A9FD200010BDE2
:1011500030B50400436BC26801699A1A83698BB089
:101160005A43836B92125B1AC16942634B439B12D1
:101170008363C16B406902AD091A206A4143891239
:10118000E16300912800216C02F0E1F9230028338B
:1011900007CD07C30123A1881A0006A8FFF73EFD6B
:1011A00000200BB030BD002310B583716433038180
:1011B0000368040081801B6998470222A379934346
:1011C000013A1343A37110BD84B030B506930300F8
:1011D0000491059204AC0C3326CC26C326CC26C33E
:1011E00022681A60022283791343837130BC08BCE1
:1011F00004B01847022380791840704780220023EA
:10120000D2008261C26102620222C3600361436153
:10121000436283799343837170474164704773B528
:101220000C00050016000B680800DB699847E36BAB
:10123000280001960093626BA36B216C02F048F9C1
:10124000280076BD70B50C0005000B680800DB694E
:10125000984721002B00283115C915C3280070BDFF
:10126000F0B587B0010003A8FFF7ECFF0398F8F78B
:10127000FDFA040004980D00F8F7F8FA0600059846
:101280000F00F8F7F3FA2200009001912B002000E4
:101290002900F7F7C7FC320004000D003B003000C6
:1012A0003900F7F7BFFC02000B0020002900F6F719
:1012B00069FD009A019B04000D0010001900F7F76A
:1012C000B1FC02000B0020002900F6F75BFDF9F7E6
:1012D000E9FFF8F795FA07B0F0BD10B50400036810
:1012E000DB699847A06A10BD10B504000368DB698C
:1012F0009847E06A10BD10B504000368DB699847A1
:10130000206B10BD82B030B585B008920500082270
:1013100002A8099303F0FAFC039B029C5810DB0718
:1013200001D52B581C592D180AA90822684603F02C
:10133000EDFC089A099B2800A04705B030BC08BC0A
:1013400002B01847F8B50A6803680E000700981A3B
:10135000F6F792FC72687B68051C981AF6F78CFC0D
:10136000BB68041CB068181AF6F786FC291C061C1A
:10137000281CF6F7C5F9211C051C201CF6F7C0F93E
:10138000011C281CF5F77CFE311C041C301CF6F7F0
:10139000B7F9011C201CF5F773FEF8BDF0B585B058
:1013A000019002910392FFF7CDFF0127041C061C58
:1013B000039B9F4217DA0C217943029B019859182D
:1013C000FFF7C0FF051C011C201CF5F7CBFC002813
:1013D00000D02C1C291C301CF5F7B0FC002800D0D4
:1013E0002E1C0137E4E7211C301CF6F79DFA05B0EE
:1013F000F0BDF0B58BB009938023DB000025C360FE
:1014000003614361002304000C27079108920560E3
:101410004560856085610293119B9D4218DA390011
:101420006943109B07A85918FFF78CFFF8F798FA43
:10143000F9F738FFF8F7E4F9F6F71EFC061C011C73
:101440000298F5F77BFC002800D002960135E3E70F
:1014500000260023109D059301960096371C059BDE
:10146000119A93425EDA290007A8FFF76BFFF8F79D
:1014700077FAF9F717FFF8F7C7FA011C03900298FB
:10148000F5F774FFFE218905F6F74EFA0490381C33
:10149000F6F7D0FB07000498F6F7CCFB874200DA9A
:1014A00007003800F6F7E8FB2B68079A071C981A24
:1014B000F6F7E2FB0399F5F759FF4000049940085D
:1014C000F6F71EF9011C0098F5F7DAFD089B00906D
:1014D0000693069A6B68981AF6F7CEFB0399F5F710
:1014E00045FF400004994008F6F70AF9011C0198ED
:1014F000F5F7C6FDAB68019009980C35181AF6F798
:10150000BBFB0399F5F732FF400004994008F6F75A
:10151000F7F8011C301CF5F7B3FD059B061C0133E1
:1015200005939CE70099081CF6F7EAF80199051C59
:10153000081CF6F7E5F8011C281CF5F7A1FD311C85
:10154000051C301CF6F7DCF8011C281CF5F798FD8B
:10155000F8F706FAF9F7A6FEF8F756FA051C011C8B
:101560000098F5F703FF391CF6F7CAF8FE21890544
:10157000F5F786FD8921C905F6F7C2F8F6F75AFB9B
:10158000291CE0600198F5F7F1FE391CF6F7B8F870
:10159000FE218905F5F774FD8921C905F6F7B0F834
:1015A000F6F748FB291C2061301CF5F7DFFE391CDB
:1015B000F6F7A6F8FE218905F5F762FD8921C90530
:1015C000F6F79EF8F6F736FB079B60612360089BF1
:1015D000029800936360099BA360F6F72BFBA06160
:1015E00020000BB0F0BDF0B50025040017000B0083
:1015F0002E0028002A0091B00791BA4208DA196833
:10160000013240185968761899680C336D18F4E760
:101610003900F5F757FA390020603000F5F752FA33
:10162000390060602800F5F74DFA3A00A06007998C
:101630002000FFF7B3FE00260DAB08900696059636
:101640000393C8235B420493C8235B420293C823DD
:101650005B4201932200039B23CA23C32268049B9D
:101660009446039A6344136062681D009446029B8B
:10167000039A63445360A26809939446019B039ABA
:101680006344936007993A0003980A93FFF786FE34
:101690000B90011C0898F5F765FB002805D0099B05
:1016A0000A9E06930B9B05950893019BC8330193F3
:1016B0001A00C8235B009A42CCD1029BC833029324
:1016C0009342C4D1049B029AC83304939342BBD182
:1016D000059B2268934206D16368069A934202D121
:1016E000A368B34205D0059BA6602360069B636098
:1016F000A7E7200011B0F0BD70B504000D00160082
:1017000086B003A8FFF76FFF2000019600950399AC
:10171000049A059BFFF76DFE200006B070BD10B562
:1017200018C96210E10701D58158CB588018984735
:1017300010BD10B50021406C03F06AFA10BD10B561
:101740000400EBF7E7FB200003F0A9FA200010BD2E
:1017500010B50400EBF7D0FB200003F0A0FA200046
:1017600010BD70B505000400743501212800EAF7AA
:101770000BFC2200563213780133DBB21370E1798F
:1017800001318B4225D1002326001370226D54367F
:101790000221525E33882021934205DA200019B2DB
:1017A0005030FFF723FA0100E27900232800EAF71E
:1017B000A1FB226D33880221525E934207DD230094
:1017C000002248331A702000EBF7AEFC01E0013331
:1017D000338070BD70B505000600826D5C35022156
:1017E000525E2B88040074362021934204DA19B229
:1017F0005830FFF7FBF90100002330001A00EAF728
:1018000079FBA26D2B880221525E934207DB2300F5
:10181000002248331A702000EBF786FC01E0013308
:101820002B8070BD73B504000600250074363000AF
:101830006435FFF73AFA0023EA5E210000236031A5
:1018400000933000FFF747FA002804D123006C33DF
:101850001B78002B05D1230066331B785BB2002B6D
:1018600007D12300002248331A702000EBF75CFCFC
:1018700005E02A886C34D3182B800123237073BDB4
:10188000F0B506000021050004006636006E7156B2
:10189000408864350023EA5E4B1D1B1A200085B08A
:1018A0006C3003909A4202DC0378002B24D127008D
:1018B0007437002A04DD494209B23800EAF764FBB4
:1018C0000023EA5E21000023603100933800FFF717
:1018D00002FA0023F356002B05D122004832137080
:1018E0002000EBF721FC0123039A137000222B88C0
:1018F000B256D3182B800DE0250048352B78062BE7
:1019000003D120007430FFF7D0F9002320002B70A2
:10191000EBF70AFC05B0F0BD70B5050048352B7833
:101920000400002B33D0EAF70DF923004C331A885A
:101930001018220080B218804A321288824226D8BB
:1019400000221A802B78022B02D12000FFF709FF1A
:101950002B78032B02D12000FFF73CFF2B78042BC0
:1019600002D12000FFF75EFF2B78052B0BD02B78E0
:10197000062B08D02B78072B09D1002320002B70D1
:10198000EBF7D2FB03E02000FFF77AFFF2E770BD30
:101990001FB5036F827A9B68040001339A4207D116
:1019A0008188012302226846FFF738F9002306E008
:1019B000EBF740FB2000FFF7AFFFA37A0133A372E0
:1019C0001FBD10B583790400DB0720D5027B022AF6
:1019D00002D1FFF7DDFF1AE0837A016F0133DBB23A
:1019E000837289688B4201D100238372002A02D15D
:1019F0002000EBF71FFB237B012B05D16373002332
:101A00002000A373EBF7FAF92000FFF785FF10BD64
:101A100070B504000D00022906D1EAF793F80528F5
:101A200002D00520EAF740F8237B022B0CD1022DCF
:101A30000AD0A66E002E05D03000EBF775FE300000
:101A400003F02DF90023A366257370BD007B70475A
:101A5000407A7047F0B5837987B004000D00DB074A
:101A600002D5002902D035E0002933D01021002210
:101A70000127206F41568368CB188B4204DD3E005E
:101A80008E4001313243F8E71121002301274156EE
:101A9000C0680818884204DD3E008E40013133439F
:101AA000F8E71A43002D08D00123002101A8F4F71C
:101AB000F3F80122A37913430BE02B00290001A8BE
:101AC000F4F7EAF8290001A803F06CF80122A379E1
:101AD0009343A37107B0F0BD10B50121FFF7BAFF22
:101AE00010BD10B50021FFF7B5FF10BD10B5743063
:101AF000FFF7DBF810BD052313B501930093002316
:101B0000040074311A00FFF76EF9200016BD70B59D
:101B1000037B0400022B0AD00221FFF779FF482043
:101B200003F0C1F80500216FEBF7B6FDA566A06EC6
:101B300000F0E3F870BD10B50400F3F7FBFC0023E0
:101B40002000237510BD1FB503AC63700023227005
:101B5000009322000233EBF7B7FC04B010BD1FB5B1
:101B60000F2401236C4400932300EBF7BDFC0028F5
:101B700000D1207804B010BD70B5040016001D001F
:101B800003220F23EBF7EEFF200031000F23022288
:101B90001030EBF7E7FF200029000F23012220304F
:101BA000EBF7E0FF200004990F2304223030EBF71D
:101BB000D9FF200005990F2305224030EBF7D2FF13
:101BC000200006990B2311225030EBF7CBFF2000A9
:101BD00007990B230C226030EBF7C4FF0B23200086
:101BE0001A0008997030EBF7BDFF200009990B230C
:101BF00012228030EBF7B6FF20000A990B230A224D
:101C00009030EBF7AFFF20000B990F230622A03096
:101C1000EBF7A8FF20000C990B231A22B030EBF74A
:101C2000A1FF20000D990B231422C030EBF79AFF7F
:101C300020000E990B231722D030EBF793FF2000E2
:101C40000F990B231622E030EBF78CFF2000109940
:101C50000B231522F030EBF785FF601C11990B2345
:101C60001022FF30EBF77EFF2000113012990B237A
:101C70000022FF30EBF776FF200021300B231E22DD
:101C80001399FF30EBF76EFF200070BD10B518C937
:101C90006210E10701D58158CB588018984710BDD4
:101CA00082B030B585B008920500082202A80993D9
:101CB00003F02CF8039B029C5810DB0701D52B582E
:101CC0001C592D180AA90822684603F01FF8089A23
:101CD000099B2800A04705B030BC08BC02B01847DB
:101CE00070B504000D001822002103F02DF8290022
:101CF000200002F041FE200070BD0368426803210D
:101D00009A18836810B5D018F4F7DCFE5221A92385
:101D1000FF315B001A00884204DC083AFF3A904227
:101D200000DD0200FF2008219B1A5843FF31F4F721
:101D3000C9FE10BD0069002904DD002802D0013968
:101D4000C06AF8E7704710B50400EBF7DFFD20002C
:101D500002F0A5FF200010BDF7B5838804005A07E4
:101D60000FD59A0648D4DA060BD50100082218319F
:101D7000684602F0CBFF226963692000FEF774FE1B
:101D80003AE00422022601271343A380A3883342AA
:101D90000BD0210008221831684602F0B7FF2269F3
:101DA0006369A06801F060FB10E03B4208D0E36883
:101DB000206900936169A269E369A568A84705E005
:101DC00020696169A269E369A568A8471022A38810
:101DD00013420ED0256A002D0BD02900A01802F066
:101DE00095FF2B692800236202F059FFE9F7A0FC58
:101DF000CCE704229343A380F7BD030072B6406989
:101E0000002807D002695A61002A00D19A619A8B92
:101E1000013A9A8362B67047F7B5002507002E0095
:101E20000469002C1BD0A288E36A11B2002914DADD
:101E300004210A4211D1002E01D13B6100E0F3627E
:101E4000E36A20000193FEF705FE200002F027FF61
:101E5000340001352600019CE3E70193FAE72800EE
:101E6000FEBD70B501230D00040088B0866908220C
:101E700008316846029302F049FF2A686B68200027
:101E8000EBF782FD002827D1A38B092B24D829004A
:101E9000102204A802F03AFF182002F004FF050007
:101EA00006A90822684602F031FF049A059B280023
:101EB000FEF7C4FE72B6002E03D1636965612B6123
:101EC00002E033692B6135612B69002B00D1A561DC
:101ED000A38B0133A38362B608B070BD82B010B586
:101EE00002A902920393FFF7BCFF002010BC08BCBC
:101EF00002B0184730B585B00500FFF78DFF280008
:101F0000FFF77BFF041E13D00100002308310822D5
:101F10006846029302F0FAFE226863682800EBF735
:101F200033FD200002F0BBFEE9F7C8FB0028E6D134
:101F300005B030BD82B030B585B0089205000822EA
:101F400002A8099302F0E2FE039B029C5810DB07F3
:101F500001D52B581C592D180AA90822684602F0F1
:101F6000D5FE089A099B2800A04705B030BC08BCE4
:101F700002B01847028903008A4202D18079012306
:101F800005E0428900208A4202D198790223184054
:101F90007047028903008A4202D18079042305E058
:101FA000428900208A4202D198790823184070475C
:101FB000028903008A4202D18079102305E0428918
:101FC00000208A4202D19879202318407047038963
:101FD00010B58B4207D183790124002A01D0234315
:101FE00000E0A343837143898B4207D183790221A7
:101FF000002A01D00B4300E08B43837110BD03899D
:1020000010B58B4207D183790424002A01D02343E1
:1020100000E0A343837143898B4207D18379082170
:10202000002A01D00B4300E08B43837110BD03896C
:1020300010B58B4207D183791024002A01D02343A5
:1020400000E0A343837143898B4207D18379202128
:10205000002A01D00B4300E08B43837110BD82B096
:10206000F0B589B00E920F93078995B20400BD4276
:1020700000D147890EAB5E88022E23D0052E0FD0EB
:10208000012E6FD1290020003200FFF7A0FF390098
:102090002000FFF76FFF002864D0A18833000CE018
:1020A000290020000122FFF7AAFF39002000FFF7D6
:1020B00070FF002856D00123A188320004A8FEF743
:1020C000ADFD4FE039002000FFF754FF002815D088
:1020D0003200A18801236846FEF7A0FD29002000F8
:1020E000FFF757FFA68800282DD039002000FFF702
:1020F00050FF002827D00123042226E029002000D9
:10210000FFF756FF00280ED1267B012E0BD12900A8
:102110002000FFF73EFF002821D0330004222900D1
:1021200004A8FEF77BFD290020000022FFF74FFFE7
:10213000290020000022FFF762FF00222900200072
:10214000FFF775FF0EE001230322310004A8FEF71C
:1021500065FD012239002000FFF769FFE3E7330046
:102160000322DCE709B0F0BC08BC02B018470173D9
:102170007047032380791840033843425841704721
:1021800010B518C96210E10701D58158CB588018E5
:10219000984710BD70B5837904001B0706D5806889
:1021A00001F0F4F90E23E35683420FD02000EBF741
:1021B000E7FC082002F077FD0E216156050001F0D2
:1021C000D9F90822A379A5601343A371002070BD3B
:1021D000D0B5040086B08AB20023818802A8FEF739
:1021E0001DFD049E059FA06800F0E8F903000B4365
:1021F0000AD0049A059B00920193121A8B4102A8FF
:1022000004920593E9F770FD32003B00A06800F0EE
:10221000D2F906B0D0BD1FB5837904005B0602D5A4
:102220000521FFF7D5FFA3799B0605D5A1880123DA
:1022300002226846FEF7F2FC1FBD1FB58379040039
:102240005B0602D50421FFF7C3FFA3799B0605D5E2
:10225000A188012303226846FEF7E0FC1FBD70231E
:1022600010B582791A4201D0EBF78AFC002010BD2C
:10227000704710B5040002F012FD200010BD30B50B
:10228000040085B02569002D1ED0EA78012A06D009
:10229000022A09D12000203000F03FF80AE0200097
:1022A000183000F017F805E092B201230A216846C1
:1022B000FEF7B4FC23699D42E4D12000EBF7DEFE7B
:1022C000280002F0ECFCDDE705B030BD0023016022
:1022D000436070471FB504000068EBF7CFFE002392
:1022E000626843629A4201D160600BE0516A002942
:1022F00002D001330A00F9E7032B02DD02F0CFFC24
:1023000006E05062012309211A006846FEF786FCA8
:102310001FBD002341600370704770B50400406822
:10232000EBF7ACFE0123050023700430E9F7DCFC79
:1023300000232800237002F0B2FC70BD10B518C94C
:102340006210E10701D58158CB588018984710BD1D
:10235000F8B50E001C00150006AA108807AA1788F9
:10236000B84208D0335C290023700130F4F790FCA8
:10237000013488B2F4E7F8BD4C30007870470300B0
:10238000020050334E321B8811888B4204D91188C9
:10239000023A1078401800E01088C01A7047020016
:1023A00003005C325A3311881B88994205D9118881
:1023B000043A1078C318581A01E01088181A7047A8
:1023C00010B50400012905D12000FFF7E8FF00281F
:1023D000FADC03E0022901D1E9F7AAF910BD10B532
:1023E00004300022F3F742FF10BD10B50968130056
:1023F00002240A5F0431ECF719F810BDF7B5150097
:1024000000AF7B602B000E0069460833DB08DB0061
:10241000CB1A9D46013200210400684602F094FC6C
:102420007B682A0069463000ECF792F8002803DC4C
:102430002000E9F73FFC04E002B269462000E9F71A
:102440000FFCBD462000FEBD13B50C0001A8ECF743
:1024500031FC210001A8ECF73FFC13BD73B50D0062
:1024600014001E0001A8ECF725FC33002A0021000F
:1024700001A8ECF76BFC73BD07B5019280220091B7
:102480005205136952696946133A5A430223FFF70A
:10249000E5FF07BD84B010B5049280220391059337
:1024A0005205116953695269113B133A4A43594322
:1024B0000F9B5B1AD21803A90C23FFF7CFFF10BCA8
:1024C00008BC04B0184710B50400ECF7F5F920007B
:1024D00010BD8023F7B55B051A695D690191113D57
:1024E0005543ECF7E9F9061E1FD0302002F0DBFB64
:1024F000302200210400002702F026FC0835B742F4
:102500000DDA29003022200002F000FC21000198A1
:1025100002F050FC002802D030350137EFE72000F0
:10252000B74202D102F0BBFB0020FEBD10B5096826
:102530000431FFF7CEFF10BD10B509680431ECF788
:10254000EBF910BD52DF704712DF7047704710B5CE
:10255000040002F0A4FB200010BD10B50400E9F750
:102560002BFB0022A46801238A4202D1844200D9B5
:102570001300180010BD10B50400ECF733FB102257
:10258000A35E1222A05E181A10BD10B5ECF72AFB4C
:1025900010BD70B50D000400ECF724FBE56070BDC4
:1025A000C068704710B50400ECF764FB200002F02F
:1025B00076FB200010BD026543657047416D006DDC
:1025C000704729DF704728DF7047002030B51C1A9C
:1025D000002C06DD155C0C5C0130AC43F7D001200B
:1025E00000E0002030BD10B503685B6A984710BD5D
:1025F00010B50400ECF7E0FC200002F050FB2000D6
:1026000010BD10B5C9B20D22FFF7A9FAC738434271
:10261000584110BD10B503685B6A984710BD10B5EE
:102620000400ECF70FFE200002F039FB200010BD83
:1026300010B5C9B20D22FFF792FA5A3843425841F9
:1026400010BD10B50368DB69984710BD10B50400D4
:10265000ECF76EFE200002F022FB200010BD10B54A
:10266000C9B20722FFF77BFAC4384342584110BD74
:1026700010B503685B6A984710BD10B50400ECF70D
:1026800071FF200002F00BFB200010BD10B5C9B295
:102690000F22FFF764FA33384342584110BD10B59A
:1026A0000368DB69984710BD10B50400EDF70EF81C
:1026B000200002F0F4FA200010BD10B5C9B24F227C
:1026C000FFF74DFA40384342584110BD37B5046812
:1026D0000D00002C0ED0011D0822684602F016FBEA
:1026E000019A009B5010D20701D52258D3582018C8
:1026F0002900984737BD82B030B585B008920500F3
:10270000082202A8099302F001FB039B029C5810C7
:10271000DB0701D52B581C592D180AA90822684639
:1027200002F0F4FA089A099B2800A04705B030BCD3
:1027300008BC02B0184713B54A88438A04009A427D
:102740001AD10B89012B17D9CB681988C181406830
:1027500003681B699847606803685B699847E08174
:102760002068EFF7CFFF2200618A002403680094FD
:10277000DC680E320223A04713BD82B010B50400FE
:1027800000680393029200F01BFF836D9B0715D531
:102790006068FEF785FC20816068FEF788FC608138
:1027A0006068FEF78BFCA0812068EFF7ABFF22008A
:1027B0000368218A08325C690623A04710BC08BC64
:1027C00002B0184770B50400013025000300002650
:1027D00011351E7001339D42FBD10023638201330A
:1027E0002370002A08D10B001033994207D0013B17
:1027F0001A7802700130F8E7102202F090FAA37BF9
:10280000627B1B0213432000638270BDA7DF704709
:10281000A9DF7047AADF704768DF704710B503680B
:10282000002B01D00800984710BD10B50368002B9D
:1028300001D00800984710BD10B50368002B01D0E7
:102840000800984710BD10B50368002B01D00800A0
:10285000984710BD10B50400EDF7E0F8200002F035
:102860001EFA200010BD1FB50123FA211A008900AD
:102870006846FEF7D3F905B000BD70B51D000E0027
:102880001100C27F0400931C5B1901201F2B12DC76
:102890002B18A354E37F2A001B18DBB2E377E6541E
:1028A000E07F0130C0B2E077201802F02FFA00205C
:1028B000E37FED18E57770BD0200010010B50368F5
:1028C00034320A319B6F984710BD10B50400FFF7F2
:1028D000F3FF2368211DDB6F2000984710BD10B562
:1028E000002204000270431C11341A700133A34209
:1028F000FBD1418210BD37B50D00EFF7F3FE6B46FB
:10290000DA1D0123040019000A301570EDF782F971
:10291000002802D12000FFF7CFFF3EBDF8B50D0023
:1029200016001F00EFF7DEFE0400092D03D1036837
:1029300031005B6B984720003B00320029000A30D1
:10294000EDF768F9002802D12000FFF7B5FFF8BDC8
:1029500070B5EFF7C7FE05000A3504001F220021FD
:10296000280002F0F1F900232000EB77FFF7A4FF25
:1029700070BD806810B5002803D0EFF7B3FEFFF7F5
:10298000A4FF10BD10B513232F2400218AB06B447F
:102990006C44DA1F11709A1F117001329A42FBD1F8
:1029A000D31D9C42F5D103AB0193042301AC806895
:1029B0006371EFF7B7FE036821001B699847A079A0
:1029C0000AB010BD10B504001830FEF7EAF8012374
:1029D000636110BD022370B5436104000D00E9F787
:1029E000EBF82061002D07D008236269134304220D
:1029F0006361A3791343A37170BD10B58068EFF7CD
:102A000071FE03685B69984710BDF7B5009308AB8A
:102A10001B88040080680E0017000193EFF762FE28
:102A2000002503685B699847A068FFF791FF009B4A
:102A3000A068AB4200D10335EFF754FE0199057150
:102A4000A068EDF74BF90621A068FFF754FFEDF7FA
:102A500091FF3B003200A168EDF79AFF0500A068E6
:102A6000EFF740FEFFF731FF2800FEBD13B504ACC1
:102A70002488096800940431FFF7C7FF16BDF0B53C
:102A800087B003930CAB1B78040004930DAB1B8839
:102A900080680E0017000593EFF724FE00250368F9
:102AA0005B699847A068FFF753FF049BA068AB429F
:102AB00000D10335EFF716FE05990571A068EDF713
:102AC0000DF90621A068FFF716FFEDF753FF039BF2
:102AD0003200A16800933B00EDF7D0FF0500A0682D
:102AE000EFF700FEFFF7F1FE280007B0F0BD8023EE
:102AF000F0B55B0585B008005F6E0291FEF7F6FF4A
:102B0000012304240525019329003800F3F7D6FF9B
:102B100008000199F3F74CFF0523052200265D43C9
:102B2000019B039053433F1A0193039B01339E4241
:102B30000ADA042302989A1B12B221B2FB337430D2
:102B4000E9F704F90136F0E7013CDDD205B0F0BD4C
:102B50000130C07F704782B030B585B00892050063
:102B6000082202A8099302F0D1F8039B029C581096
:102B7000DB0701D52B581C592D180AA908226846D5
:102B800002F0C4F8089A099B2800A04705B030BCA1
:102B900008BC02B0184710B500F012FD806D10BDE2
:102BA00082B070B50400006805930492150CFFF71D
:102BB000F2FF022318421DD09D4201D100230EE0F6
:102BC000012D0AD12600257101CEEFF79BFD036888
:102BD000E18832005C692B000BE0052D0AD125004D
:102BE000237101CDEFF78EFD0368E1882A005C694F
:102BF0000123A04770BC08BC02B0184782B070B572
:102C00000400006805930492150CFFF7C4FF02232B
:102C100018421BD09D4201D100230DE0012D09D1A6
:102C200065712068EFF76EFD0368621D21895C699C
:102C30002B000AE0052D09D163712068EFF762FDD2
:102C40000368621D21895C690123A04770BC08BC30
:102C500002B0184737B504680D00002C0ED0011DD6
:102C60000822684602F052F8019A009B5010D207E1
:102C700001D52258D35820182900984737BD10B5E0
:102C80004A88838A90B00C009A4219D10B89002B94
:102C900016D0CB681B78012B12D18068EFF722FD8C
:102CA000036815215B6A9847FA20800001F0DCFE7A
:102CB000238804A80380002301A90B70F2F734FBDA
:102CC00010B010BD704710B5040001F0E8FF2000FF
:102CD00010BD37B504680D00002C0ED0011D082270
:102CE000684602F013F8019A009B5010D20701D5F4
:102CF0002258D35820182900984737BD37B50468A3
:102D00000D00002C0ED0011D0822684601F0FEFFC8
:102D1000019A009B5010D20701D52258D358201891
:102D20002900984737BD82B030B585B008920500BC
:102D3000082202A8099301F0E9FF039B029C5810A6
:102D4000DB0701D52B581C592D180AA90822684603
:102D500001F0DCFF089A099B2800A04705B030BCB1
:102D600008BC02B0184713B5836A4A88DB8B04009D
:102D70009A420ED1838D013383858068EFF7C2FCC0
:102D8000A36A2200D98B0023046800931832E468F8
:102D9000A04713BD82B010B504008068039302926F
:102DA000FFF7F9FE83070ED502AB1A88A068A2824E
:102DB0005B88E382EFF7A6FC22000368218C1432C3
:102DC0005C690423A04710BC08BC02B018477047D8
:102DD00010B5040001F063FF200010BD37B5046892
:102DE0000D00002C0ED0011D0822684601F08EFF58
:102DF000019A009B5010D20701D52258D3582018B1
:102E00002900984737BD37B504680D00002C0ED057
:102E1000011D0822684601F079FF019A009B5010BD
:102E2000D20701D52258D35820182900984737BD1A
:102E3000F7B5002607000500340001913A3701225A
:102E4000B2406B6913421CD0EB6829693001181835
:102E5000114202D1EAF706FF02E0EAF75FFF8010B5
:102E6000019BC0B2002B02D13B78834209D06300A2
:102E7000EB18DA1D013408333870D677D877092C6F
:102E800005DC01360137132ED9D1002C0BD0A868F0
:102E9000EFF738FC2A006400A3B2696D046826329B
:102EA000C98B6469A047F7BD10B5436D4A88DB8BB9
:102EB0009A4202D10121FFF7BBFF10BD10B50400FB
:102EC000806800F07DFB836D9B0703D50021200007
:102ED000FFF7AEFF10BD37B504680D00002C0ED013
:102EE000011D0822684601F011FF019A009B501055
:102EF000D20701D52258D35820182900984737BD4A
:102F000037B504680D00002C0ED0011D082268465C
:102F100001F0FCFE019A009B5010D20701D5225807
:102F2000D35820182900984737BDF0B5CB6885B035
:102F300001934B88828C04000D009A421FD10A89AC
:102F4000013A042A1BD84068EAF700F900262B89C9
:102F50009E423ADA00270422019BD21B9B5D6068E7
:102F60001341012213405B4239B2DBB232B27430FA
:102F70000137E8F7EBFE052FEDD10136E7E7E28CEC
:102F80009A4219D10823EA5E019902A8E8F768FE7F
:102F90006068EAF7DBF8656802A903A8FDF7F9FDA8
:102FA000E28903A92800EAF7BDF903A8FDF79CFD13
:102FB00002A8FDF799FD08E0228D9A4205D12B89E0
:102FC000012B02D9019B1B88E38105B0F0BDF0B550
:102FD0004A88838C85B005009A4228D10600431D9B
:102FE00003930024771B34723FB2686821B27430B7
:102FF0003A00E8F7C1FE002806D0042301221B1B7B
:103000009A40337A134333720134052CEDD1039B7C
:1030100001369E42E5D12868EFF774FB2A00A98C9F
:10302000002503680095DD6808322300A84705B035
:10303000F0BD37B504680D00002C0ED0011D08222C
:10304000684601F063FE019A009B5010D20701D53B
:103050002258D35820182900984737BD82B030B580
:1030600085B008920500082202A8099301F04EFEDF
:10307000039B029C5810DB0701D52B581C592D18B7
:103080000AA90822684601F041FE089A099B280017
:10309000A04705B030BC08BC02B018471FB54B882C
:1030A000028B9A4208D10A89012A05D9CB680222EB
:1030B0001B88038201230BE0428B9A420CD10B89BF
:1030C000002B09D0CB681B788374012B04D1042218
:1030D00006216846FDF7A2FD05B000BD10B504004D
:1030E0004068E9F78DFB0223002800D00323A37476
:1030F0002068EFF707FB22000368618B12325C69DE
:103100000123A04710BD73B50400006800F058FA11
:103110000225836D2B4239D06068FEF7DEF82081EE
:103120006068FEF7E1F860816068FEF7E4F8A0816E
:10313000606803689B69984720822068EFF7E2FA8D
:103140000022218B036800922200DE6810322B00DF
:10315000B0472068EFF7D6FA22000368A18A5E69BB
:1031600008320623B0476068FEF744F800280DD007
:103170006068E9F743FCE0812068EFF7C3FA2200BA
:103180000368E18A0E325C692B00A04773BD13B55A
:1031900004004068218A03685B6998476068036897
:1031A0009B69984720822068EFF7ACFA218B2200B8
:1031B000002403680094DC6810320223A04713BD8A
:1031C00082B010B502920393120C012A02D1FFF7CC
:1031D0009AFF08E0022A02D1FFF7D9FF03E0042A90
:1031E00001D1FFF77BFF10BC08BC02B0184737B510
:1031F00004680D00002C0ED0011D0822684601F065
:1032000085FD019A009B5010D20701D52258D35852
:1032100020182900984737BD82B030B585B0089294
:103220000500082202A8099301F070FD039B029C8F
:103230005810DB0701D52B581C592D180AA9082254
:10324000684601F063FD089A099B2800A04705B075
:1032500030BC08BC02B0184713B54A88C3890400C3
:103260009A4218D10B89012B15D9CB681988418155
:103270004068FFF78EF96068FFF792F96081206877
:10328000EFF740FA2200E189002403680094DC682B
:103290000A320223A04713BD82B010B504000068B3
:1032A0000393029200F08CF9836D9B070DD5606843
:1032B000FFF761F920722068EFF724FA2200036813
:1032C000A18908325C690123A04710BC08BC02B088
:1032D000184710B50368002B01D00800984710BDAF
:1032E00037B504680D00002C0ED0011D0822684679
:1032F00001F00CFD019A009B5010D20701D5225815
:10330000D35820182900984737BDF0B5C2684B88BC
:1033100089B004000F00934248D10B890293002327
:103320000093009A029B934240DD207AA17A0130FB
:10333000F3F7AEFC637A0D0099422DD00026009A77
:10334000FB689B5C0193636902229B5E0393039B72
:10335000B34210DD200031B21430FDF747FC019B71
:10336000834206D1012396211A00C90004A8FDF763
:1033700055FC0136EBE76946237A22680979D15476
:10338000FF2325721D40A369AB420CD101235B4290
:10339000A3610222023301E001230322962104A843
:1033A000C900FDF73BFC009B0133B9E709B0F0BD54
:1033B000F8B50E001C00150006AA108807AA178889
:1033C000B84208D0335C290023700130F3F760FC69
:1033D000013488B2F4E7F8BD427A037A0100981A02
:1033E0009A4202D9887AC318981A704710B50968AA
:1033F000130002240A5F0431EEF7ACFC10BD37B5B0
:1034000004680D00002C0ED0011D0822684601F052
:103410007DFC019A009B5010D20701D52258D35849
:1034200020182900984737BD82B030B585B0089282
:103430000500082202A8099301F068FC039B029C86
:103440005810DB0701D52B581C592D180AA9082242
:10345000684601F05BFC089A099B2800A04705B06C
:1034600030BC08BC02B0184782B073B50400061D1A
:10347000069208A908226846079301F047FC65698F
:103480003100069A079B2068A84773BC08BC02B0AD
:103490001847026810B594460A680023944507D17E
:1034A00004310430102201F022FC43424341DBB2DC
:1034B000180010BD10B5EFF711F8406810BD10B539
:1034C000EFF70CF8006810BD017042704360704760
:1034D00082B0F0B505920200069308AB1B7805ACEC
:1034E000E0CCE0C2002B2ED04A78002A05D0069A04
:1034F00052424260079A524282604A68022A08D0C9
:10350000032A0DD0012A10D102684168524201609D
:1035100004E002685242026042685242426004E0A3
:1035200042680168524202604160012B04D0022BC4
:1035300009D143685B4202E042680368026043606D
:1035400083685B428360F0BC08BC02B0184782B05D
:1035500037B50400180007930B7806920193089B77
:10356000009303002000FFF7B3FF20003EBC08BC1F
:1035700002B0184710B50400F2F7F0FC200010BDAF
:1035800010B5040001F04CFB200010BD407840B2A3
:10359000704702000B00F0B5126889B0019203AACF
:1035A00015001E004068016809688C4692CE92C5DD
:1035B000DB680199D36000231361E04709B0F0BDD7
:1035C00010B5EFF78FF810BD02207047022070474A
:1035D000002070470020704702207047022070478B
:1035E0000220704702207047022070470220704777
:1035F0000220704702207047022070470220704767
:103600000220704702207047022070470023136099
:103610007047002070470220704702207047022048
:10362000704702207047022070470020704700203A
:1036300070470020704702207047022070474160A9
:10364000704781607047C160704701617047416198
:103650007047022070470220704702207047022006
:1036600070470220704702207047022070470220F6
:1036700070470020704702207047022070470020EA
:103680007047704702207047022070477047022041
:10369000704700207047704766DF704748DF70470B
:1036A000007970470C3070470C30704710B5FFF749
:1036B000F5FF10BD10B50368002B01D00800984736
:1036C00010BD10B50368002B01D00800984710BD4D
:1036D00010B50368002B01D00800984710BD0823DF
:1036E000F0B597B002AA137106AA029202AA137348
:1036F00010000EAB04930C00EFF76CFD00230600E6
:10370000984202D02371A37136E00500072702AB6F
:103710001B7BA37102AB1B79AB4213D96379AB421C
:1037200001D8257128E03800684323681818029BE7
:103730000193019AAB0099580135072201F0E6FA8E
:10374000EDB2E7E725710727002502AB21791B7B46
:103750006918AB420FD9637999420CDA794323682F
:103760005918049B0193019AAB009858013500F059
:10377000C4F9EDB2E9E72171300017B0F0BD10B522
:10378000EFF7CEFC10BD10B508001100EFF7FEFCFE
:1037900010BD10B508001100EFF7D4FC10BD10B536
:1037A000080011001A00029BEFF750FC10BD70B525
:1037B00004000068002804D0056901F070FA2800B0
:1037C000F8E7206070BD10B50400EFF76DF8200039
:1037D00001F065FA200010BD10B50400EFF76EF897
:1037E000200001F05CFA200010BD10B50400EFF7D6
:1037F0006FF8200001F053FA200010BD10B504004E
:10380000EFF770F8200001F04AFA200010BD10B563
:103810000400EFF771F8200001F041FA200010BD1C
:1038200010B50400EFF772F8200001F038FA20001C
:1038300010BD10B50400EFF773F8200001F02FFA67
:10384000200010BD70B50400E3692362256A002DD5
:1038500008D0EB68210028009847236A002BF3D09A
:103860001B69F2E720001C30FFF7A1FF280065600C
:10387000A560E5602561656170BD10B5FFF7E2FFE9
:10388000002800D0062010BD10B50400EFF752F854
:10389000200001F004FA200010BD10B50400EFF77D
:1038A00053F8200001F0FBF9200010BD10B5040012
:1038B000EFF754F8200001F0F2F9200010BD10B528
:1038C0000400EFF755F8200001F0E9F9200010BDE1
:1038D00010B50400EFF756F8200001F0E0F92000E1
:1038E00010BD70B50400E36A2363256B002D08D07A
:1038F000EB68210028009847236B002BF3D01B694D
:10390000F2E720002C30FFF752FF20000830FFF7CD
:103910004EFF20001430FFF74AFF20002030FFF751
:1039200046FF280070BD70B5037904000920002B04
:1039300020D0F1F7C7FC03000520002B1AD1250089
:10394000FC35A86B002803D1286C002806D10AE0BA
:1039500003685B6A98470028F6D00BE003689B6A0F
:103960009847002806D120000C3000F043FA0028C8
:1039700000D1207170BDF7B5037907000E00140067
:10398000002B08D008220021684601F0DDF90A2545
:103990006B461D710CE0EFF799FA05000C20002D25
:1039A0000FD1012308223B712900684601F0CCF9B0
:1039B0003000EEF775FEE3680090694620009847F6
:1039C0002800FEBD10B50400EFF700F8200001F05C
:1039D00066F9200010BD10B51F220021040001F07F
:1039E000B3F90023E37710BD10B50020EFF70EF90F
:1039F00010BDFC30836B70B50400002B07D19920FB
:103A0000800001F050F90500EFF722F9A563A06BE3
:103A100070BDFC30836B70B50400002B07D199207A
:103A2000800001F040F90500EFF712F9A563A06BE3
:103A300070BDF0B5040087B0E36B2364266C002EE4
:103A400008D0F368210030009847236C002BF3D096
:103A50001B69F2E720003C30FFF7A9FE2000267129
:103A600066710C30FFF7A3FE20001830FFF79FFEB1
:103A700020002430FFF79BFE200001AD3030FFF71F
:103A800096FE31002800EFF7D3F823002A004433D4
:103A900083CA83C3EB683100236566652800EFF7AE
:103AA000C7F823002A00583383CA83C3EB68310068
:103AB0006366A6662800EFF7BBF823002A006C3384
:103AC00083CA83C33000EB68E667A36707B0F0BD25
:103AD00070DF704771DF704760DF7047704710B567
:103AE000F1F772FB002010BD70477EDF704768DF82
:103AF000704710B500F065FD10BD022310B50B70C6
:103B00008C330B713F3B4B712D338B714A1C04314D
:103B100000F02EFD10BD70DF704771DF704772DF5F
:103B2000704773DF704774DF704775DF704776DF6B
:103B3000704777DF704778DF704779DF70477ADF4B
:103B400070477BDF70477CDF70477DDF704788DF21
:103B500070471420704764207047A0208001704790
:103B600010B50400FFF7DFFF0323002806D1230070
:103B7000012158331A788A431A700300180010BDC7
:103B800003000800FC21583310B51C78214019703F
:103B90003B218A4200D02839FFF7C9FF03005A1E93
:103BA000934103205B42184010BD030010B5FE3363
:103BB0000A00D98C03681B6A984710BD10B508002D
:103BC000FFF7BFFF03005A1E934103205B421840DA
:103BD00010BD10B50800FFF7B2FF03005A1E934155
:103BE00003205B42184010BD080010B51100FFF71C
:103BF0009CFF031E00D00323180010BD13B50C005A
:103C00001100012C06D86B460622581C01F07EF8E4
:103C1000002005E0A31E012B01D9032007E00120AD
:103C20006B4669461C70FFF776FF0028F5D116BD7C
:103C300037B568460D001400FFF76FFF0323002817
:103C40000DD1002D02D06B461B782B70231E06D0A1
:103C50006B460622591C200001F058F8002318007A
:103C60003EBD080010B51100FFF76FFF031E00D026
:103C70000323180010BD10B50800FFF75CFF031EFA
:103C800000D00323180010BD10B50800FFF755FF42
:103C9000031E00D00323180010BD10B50800FFF765
:103CA00048FF0023984203D00533112800D0023B7F
:103CB000180010BD08207047B83001700020704710
:103CC000B93001700020704702207047B83000788A
:103CD0007047B93000787047002070470200030039
:103CE00010B5F33211786C309B6F984710BD10B54A
:103CF00018C96210E10701D58158CB588018984740
:103D000010BD112337B5080001AC23700D0001F080
:103D10005BF8290082B22000FFF715FF031E00D0D8
:103D2000032318003EBDF8B506000D000024072748
:103D30003300BA331B78A3420ED96B79A3420BD957
:103D4000390061432B68072258187118BB310134C0
:103D500000F0DCFFE4B2EBE72C710020F8BD10B5F9
:103D60000C00C97F01201F290ED8002901D1032092
:103D70000AE0D37F2000FFF7D2FE0028F7D1208C85
:103D8000FFF7D9FE0028F2D110BDF8B5036807008F
:103D9000DB6C0D000C7998470323844228D800235C
:103DA00007212879DAB2904208D90A005A432C68D0
:103DB0000133125D032AF5D1042319E03E000024EB
:103DC000BA3634702B79A34211D907231900307801
:103DD000614358432B6838185918BB30072200F04C
:103DE00095FF3378013401333370E4B2EAE70023FE
:103DF0001800F8BD10B50400EEF712FE00280AD135
:103E000023000122FE335242DA84BA34463B187052
:103E10005870207000E0062010BDFE30C18470474D
:103E2000FE30C08C7047A0DF7047A4DF7047A5DF6D
:103E30007047A6DF7047A8DF7047F7B50D00160082
:103E40000021082268461F00089C00F07DFF6A469A
:103E500023883100280013800197FFF7E8FF032330
:103E6000002803D16B461B88238003001800FEBD89
:103E700070B586B015006A4600200E00941DD380F0
:103E8000EEF7C4FE03681B699847FFF7C9FF0123DB
:103E900002A98B7000230E808B80CD608C60FFF7B1
:103EA000C8FF83B2181E00D0052006B070BDF8B55B
:103EB000040000200D001600EEF7A8FE03681B6941
:103EC00098472368DF69FFF7ABFF330001002A0042
:103ED0002000B847F8BDF0B5D48B02001E000023C7
:103EE000457985B0F8329D4223D908321700083F42
:103EF0003F88A74210D11F33DB00C3180E249A88D5
:103F000002236C442380036803AD00949F682B0058
:103F1000B847021E02D00DE00133E4E723880620F3
:103F2000022B07D12B8810009B0703D0012333708D
:103F300000E0042005B0F0BD10B50278002A09D1D8
:103F40000C781300002C13D1438A488A1B1A58425C
:103F500043410CE00023012A0AD10A78012A07D143
:103F6000013101300F3200F0C2FE43424341DBB267
:103F7000180010BD70B504000D006368A360A06850
:103F8000002807D0C36829009847A368002BF4D005
:103F90001B69F3E770BD10B5C368984710BD30B515
:103FA000150087B004290ED0052917D0032925D183
:103FB00044300100040004A8EFF744FC049B002BEC
:103FC00018D1059B14E05830010004006846EFF753
:103FD00039FC009B002B0DD1019B09E06C300100E6
:103FE000040002A8EFF72EFC029B002B02D1039BDA
:103FF000DB0703D529002000FFF7CDFF07B030BD58
:10400000F0B50B888FB005000C00502B0ED004D8F3
:10401000012B25D0182B32D00CE1522B2FD03FD3BF
:10402000532B00D006E1CE88052146E00200002394
:10403000CE884179FC3299423ED9083210000838C6
:104040000088B0420AD1302120339B005A59531CBA
:10405000DB7F0B4200D0D2E02E392EE00133EAE7BD
:104060000C7AEB682B612869002800D1E2E0C36874
:10407000210098472B69002BF3D01B69F2E7A38836
:104080000AAE33802B6B6B63686B002800D1D1E0E4
:10409000C368310098476B6B002BF3D01B69F2E7C4
:1040A0008B79012B05D0022B00D0C3E00E890721AC
:1040B00003E00E89062100E002212B0000206A792E
:1040C000F83300900098824200D8B3E0083318001B
:1040D00008380088B04214D1062958D0072913D0D7
:1040E0003200022900D096E0A3880AA90B804E80F6
:1040F000237A0B71A38BCB80E38B20340B81CC60B4
:1041000040E000980130DCE71022002102A800F016
:104110001BFEA38802AA13805680E38B06AF938010
:10412000238C0021D38023001022223338000193F6
:10413000049300F009FE02233B70009B20339B0098
:104140005B591A002A3211780022914206D01800D9
:1041500002A9DB6C4030984702AB9A89A0883900ED
:10416000BA80FFF768FEBB88002B63D1A3880AA939
:104170000B804E80A37A0B71E38BCB80238C0B8159
:10418000019BCB6028001430FFF7F4FE52E006AF2D
:1041900010220021380000F0D7FDA3887E803B80EC
:1041A000A38B0AAE102200213000BB8000F0CCFDB2
:1041B00001233370009B20339B005B591A00293286
:1041C00011780022914205D0180039002C309B6BE9
:1041D0009847BA89B280BB89002B0BD1BA68002AF4
:1041E00008D00121B3790B43B371BB883381FB88BD
:1041F000F2607381A0883100FFF71DFE1AE0A11C58
:10420000C97F0134E07F09020843990607D50321DD
:10421000840704D5D28B2800FFF7C1FE0AE00421F1
:10422000DB06F7D50123010019400B005942594123
:104230000331EFE70FB0F0BD77DF704778DF7047ED
:104240007ADF70477CDF7047A2DF7047A3DF7047DB
:1042500063DF704710B586B06B46DC1D002323700A
:10426000C15C02AA99540133102BF9D1210010002E
:10427000FFF7EEFF0023984200D12378180006B024
:1042800010BDF0B51600302499B001931EAB04CBDD
:1042900002901B880391059320AB1B880492069320
:1042A00021AB1B783440079323AB1F8824AB1B78CA
:1042B000089325AB1B780993002C33D003220021EF
:1042C0000AA800F041FD012502230AAA93701021DB
:1042D0002A000AA80A430270019A0D33501E0AAA46
:1042E00052789A43042818D8F2F758FB0305070CB4
:1042F0001100012107E001210AE001210A431340D6
:10430000302208E002210A431340102203E0022178
:104310000A4313402022134302E02A4313400B4375
:104320000AAA537011AD1C220021280000F00CFDD8
:10433000621E94410AAB644223402E706B61002FD1
:1043400005D0229B002B02D06B602F816F810BACBC
:1043500003220021200000F0F7FC0120089B099AAD
:1043600003400240DB001101DBB20B431A00079B44
:1043700003401800022313430343A37032231E4259
:104380001FD0019B581E04281BD80F22237893436B
:10439000F2F704FB0305070C1100012107E00121DE
:1043A0000AE001210B431340302208E002210B43B5
:1043B0001340102203E002210B4313402022134339
:1043C00023700C231E421FD00198013804281BD8EB
:1043D0000F2263789343F2F7E1FA0305070C11000B
:1043E000012107E001210AE001210B4313403022A3
:1043F00008E002210B431340102203E002210B438B
:1044000013402022134363700CAD142200212800B6
:1044100000F09AFC039B2A000C936B469B8A11A91F
:104420002B816B461B8B0298AB81049B6C602B61CC
:10443000269BFFF709FF80B219B0F0BDF0B589B037
:1044400000930EAB1B8805000F001600019303229A
:104450000FAB002102A81C7800F076FC0123022299
:104460001C40144302AA94701900102202A81143A0
:10447000020003AC0170517020001422002100F0F2
:1044800063FC02AB63606B461B88109A23816B460A
:104490009B88210028000397A3812661FFF7D6FEA1
:1044A00080B209B0F0BD7FDF704782DF7047A7DFC1
:1044B0007047A9DF7047AADF7047002070470020CF
:1044C00070470020704710B5EFF780FA10BD10B5A7
:1044D000EFF734FB10BD10B5EFF78CFB10BD0020DB
:1044E000704700207047002070470020704729DF88
:1044F000704728DF704710B5FFF7F9FFF0F714F9A0
:1045000010BD10B5F0F780F88022520513691169CB
:104510009BB20138584389B2F2F74AFAFFF7E9FF34
:10452000F0F702F910BD2EDF704732DF704733DF3E
:1045300070474CDF70472EDF704751DF704710DF48
:10454000704711DF704761DF704710B50800110038
:10455000FFF7CAFA10BDAADF704744DF704711DFCA
:10456000704713DF704700DF704770474DDF7047BB
:1045700030B500230D0014008DB06946C21AD27BFD
:104580005A540133102BF8D100210D2204A800F059
:10459000DBFB6A462B786846D3776B789377AB78EA
:1045A0005377FFF7E3FF2F236B441B7823702E23F1
:1045B0006B441B7863702D236B441B78A3700DB084
:1045C00030BD30B50378040085B00D000020022B0B
:1045D00016D1611C032201A800F098FB211D0322C3
:1045E00003A800F093FB02AA03A92800FFF7C0FF6D
:1045F000032202A901A800F07AFB43425841C0B24D
:1046000005B030BDA6DF7047F0B585B01C000AAB21
:104610000600039117001D78F0F7A4FF01235D4009
:10462000009523003A000399300000F07AFA201A2E
:10463000441EA04105B0F0BDF0B585B01C000AAB2A
:104640000600039117001D78F0F78CFF01235D40F1
:10465000009523003A000399300000F01FFA201A59
:10466000441EA04105B0F0BD10B50400F0F788FF6E
:10467000200000F014FB200010BD836980681B68D7
:104680001840431E9841704710B5043000F0F3F90C
:1046900010BD436910B50100002B04D10368002B45
:1046A00006D0984704E00068002801D004319847FC
:1046B00010BD10B5012903D0022904D1383000E023
:1046C0002030FFF7E6FF10BD10B500F036F810BD42
:1046D00010B500F037F810BD704710B5040000F0B9
:1046E000DEFA200010BD70B50D000400F0F7A8FF41
:1046F0002900201DF1F770FF70BD18234A1C5A4392
:104700008218926810B55943002A05D14118CB6828
:10471000002B09D0984707E04318DB68002B03D033
:10472000411810311800904710BD70B50D000400FD
:104730000430F1F759FDE56370BD10B5043000F0A9
:1047400075FA10BD10B50C000430F1F7D3FD200050
:1047500010BD10B5040043684269991800F077F85D
:10476000E36A002B04D1A369002B07D0984705E02A
:10477000A069002802D021001C31984710BD10B557
:10478000040000F06CF80023A361E36210BD70B573
:104790000D00040000F063F86561206900F054F931
:1047A0002918200000F053F870BDC36A10B501004D
:1047B000002B04D18369002B06D0984704E0806960
:1047C000002801D01C31984710BD10B50400F0F747
:1047D00081FF200000F063FA200010BD036810B5CF
:1047E0000400002B05D1C06800F02EF901236060A1
:1047F000236010BD10B504000068002804D0E068F4
:1048000000F022F96368C01A10BD10B58468FFF784
:10481000F1FF201810BD10B50400C06800F014F9B5
:1048200000236060A36010BD002310B503604360E7
:1048300083600400F0F77EFFE0602000FFF7EBFFED
:10484000200010BD10B503689B68984710BD10B5D7
:104850000A000300011D006900F0BEF810BD10B58C
:10486000011D006900F0D4F810BD10B50120F9F762
:1048700079FF7047704710B5FFF7FCFFFFF7F9FFAE
:10488000FBF706FC10BD10B5002801D000F001F8C0
:10489000FEE700B59BB0032102A800F06DF80221ED
:1048A00008A800F069F801210EA800F065F81021B1
:1048B00014A800F061F8059B039A96201A60099AE3
:1048C0000C9B1A600F9A129B1A60159A179B019203
:1048D0001A6000F0C9F8069B039A96201A60099A9C
:1048E0000B9B1A600F9A119B01921A60159A189BE4
:1048F0001A6000F0B9F8DEE70FB4012010B5F9F73F
:1049000031FF70B50D0004001600F0F78BFF6B1C33
:1049100007D00021200000F0B4F83100200000F0A2
:10492000AAF870BD70B5436804000D00002A01D0DC
:10493000C26800E0026913602000012100F0A1F8C4
:104940002900200000F097F870BD10B50322FFF792
:10495000D8FF10BD10B5FFF7D4FF10BD70B50D0026
:1049600004001600F0F75EFF6B1C04D0320000213B
:104970002000FFF7D7FF70BD10B50022FFF7EEFF54
:1049800010BD70B504000D0003681B68984763688C
:104990001D6070BD036870B5DB68040098476368EC
:1049A0005A682368002A02D19B68984713E05B6825
:1049B0001568984763682D1A5A68002D07DC9168BE
:1049C00059601B68002BEAD050689847E7E72368D6
:1049D00010681B69984770BD70B50D0072B64B60CA
:1049E000002346680A607468002C05D02168511ABB
:1049F00002D42300A468F7E7002B05D10368756093
:104A00001B691000984700E09D60AC6062B670BD05
:104A100010B572B6426853688B420CD19B685360E4
:104A20000268002B02D1936898470BE0126918685E
:104A3000904707E01300002B04D09A689142F9D107
:104A40008A689A6062B610BD10B503685B689847C3
:104A500010BD70B50400F1F7FDFE0500F1F7FAFE98
:104A6000401BA042FAD370BDFA2310B59B005843F7
:104A7000FFF7EFFF10BD10B5007840B200F082F8EC
:104A800010BD002901D0012907D10023A022C3565F
:104A9000D205C133FF339B0099507047F7B501929F
:104AA000B1221F0003684910D200995080210122D1
:104AB00089005A50190000240600FC31CC601A60AD
:104AC0007D1E019BAC4213DA191900223000F0F769
:104AD000D7FF00280AD03000F1F7CAF807003000ED
:104AE000F1F794F83D1E1ADB250018E00134E7E7E2
:104AF000591901223000F0F7C3FF002803D030001D
:104B0000F1F784F80BE0089B3D00002B07D03368D9
:104B1000FC339A68002AFCD000223D009A602800ED
:104B2000FEBDF8B51700B1221D000368D200491080
:104B300099508022002492009C50012206009A6025
:104B4000AC4211DA395D3000F0F786FF002809D059
:104B50003000F1F75BF83000F1F78AF8031E0FDB45
:104B600023000DE00134EBE7069B002B04D030005E
:104B7000F1F764F8002801D12B0001E001235B422A
:104B80001800F8BDA0238000DB05C018E02310B595
:104B90000C24DB00C2588900A243C250C258114302
:104BA000C15010BDF8B505000E00002401273B00E0
:104BB000A3402A691A4203D060B23100FFF7E2FF36
:104BC00001341F2CF3D1F8BD30B5002903D00129E1
:104BD0001DD1002311E001220C0013008B40056958
:104BE0001D4203D005688B00EB181C6001311F29A2
:104BF000F3D10CE001331F2B09D00A009A4004695D
:104C00001442F7D004689A00A2181160F2E730BD90
:104C1000426800691368594001405940116070476B
:104C200010B5407840B2F1F769F810BD03681A007A
:104C3000FC32D1680129FCD10021D160A322D2002D
:104C40009858C0B2704782B00190C046C046C04676
:104C5000C046C046C046C046C046C046C046C04624
:104C6000C046C046C046019B013B0193002BECD1DE
:104C700002B07047704770470023CB565A1C05D0CE
:104C8000834201D1486802E00C31F5E71800704713
:104C90000B0010B501001800F9F750FD10BD10B55C
:104CA000E6F7DAFE10BD10B5041E00D10134200075
:104CB000E6F79CFE002807D1F1F76AFE002801D133
:104CC00000F003F88047F2E710BD10B50620F9F7B1
:104CD00085FD0120FFF7D7FDC9B28218904204D0AC
:104CE00003788B4202D00130F8E70020704730B5DE
:104CF0000024A24208D0035D651C0C5DA34201D0D4
:104D0000181B02E02C00F4E7002030BD002310B592
:104D10009A4203D0CC5CC4540133F9E710BD10B5FE
:104D2000884202D98B18984201D3002305E09B1AD0
:104D3000013A08D3995C8154FAE7934203D0CC5CE2
:104D4000C4540133F9E710BD03008218934202D026
:104D500019700133FAE7704770B504000D001F2980
:104D600004D916230360012040421EE0426C002A51
:104D700004D08B00D2181368002B08D1200000F05B
:104D800015F82A0001002000F9F732FD0DE000209F
:104D9000012B0AD0591C03D117332360013004E0E2
:104DA0000024280014609847200070BD10B5FAF761
:104DB00087F810BD02780B78002A03D0013001314A
:104DC0009A42F7D0D01A70470023C25C0133002A00
:104DD000FBD1581E7047002330B59A420BD0013AE0
:104DE000C45CCD5CAC4205D19A4202D00133002CA8
:104DF000F6D12500631B180030BD030030B5002A32
:104E00000DD00C7801335D1E013A2C700131002C5D
:104E1000F5D19A189A4202D01C700133FAE730BDDE
:104E2000EC300068704782B0002900D101A9101E43
:104E300009D0002B05D013780B601078431E9841E1
:104E400001E00220404202B07047F7B5170001931D
:104E50008A680B6900900C00934200DA130022006C
:104E60003B6043321278002A01D001333B60236853
:104E70009B0602D53B6802333B60062523681D4034
:104E80001ED0230043331B785A1E9341226892069A
:104E90001CD53020E1184331087021005A1C4531DF
:104EA0000978A2184332023311700FE02200012367
:104EB000193201990098089EB047431C0ED0013565
:104EC000E3683A689B1A9D42F0DBDAE72200019919
:104ED00043320098089DA847431C02D1012040425C
:104EE00020E006232068E1683A6803400025042B8F
:104EF00003D18D1AEB43DB171D40A368226993424F
:104F000001DD9B1AED180027BD420AD022000123C3
:104F10001A3201990098089EB047431CDED0013731
:104F2000F2E70020FEBD0B1E07D0FF2A03D98A231B
:104F300003608B3B01E001230A70180070470000FA
:104F4000F8B5C046F8BC08BC9E467047F8B5C046E8
:104F5000F8BC08BC9E46704700000000000000003E
:104F60000108010842424242010801083ED8E98D89
:104F700071960100A9960100C9960100E59601000D
:104F800005970100259701004597010065970100ED
:104F900095970100C59701000D9801002D9801001B
:104FA00081980100B7FE0200C9FE0200C19801000D
:104FB000119901004D9901006D990100B5AA0100F8
:104FC00073F00200559E0100E99F0100F59F01006A
:104FD0000DA001002D8F010001A00100A59E010080
:104FE000230303005D9401003D8F01000FF30200D5
:104FF00045910100FD90010001920100718B0100BB
:1050000089F1020095F10200E58C0100DBF102005C
:1050100079F6020017F60200E9940100FDF802009B
:10502000B1000300B3000300105703005C560300F7
:10503000A05603000458030093010300B1010300CC
:10504000E90403000B040300B9000300B5000300EA
:10505000B700030071930100F99201009FF702006D
:10506000B1F20200C5F20200FD8F01007190010053
:10507000E3F2020089900100D5F0020017F202006D
:105080002BF202002FF2020039F2020047F2020076
:1050900051F2020063F202006DF2020077F20200A8
:1050A00059F7020083F70200A90103002D03030052
:1050B000B1A0010009A10100518901005D89010031
:1050C000BD890100C1F00200C9F10200B98C0100E4
:1050D000C58901000BF10200398C0100358B0100FC
:1050E0000FF1020075F1020083F102002DF70200BA
:1050F0001BF402003FF4020063F40200ABF4020070
:10510000D9F4020017F30200A9F3020035F30200FC
:1051100053F302006BF3020083F3020091F30200E9
:105120004FF8020075F802009BF80200C1F8020077
:10513000DFF8020035F7020047F7020055F60200DB
:1051400067F6020035920100FFF1020027F5020028
:10515000C7F50200D7F50200E7F50200F7F50200F7
:1051600007F60200DD9201000BF202000FF20200CE
:10517000519C01002D8F010081F202003D8F010042
:1051800087F202008BF202008FF20200AD8F010065
:10519000A3F20200E98F0100ABF20200A19001002E
:1051A0000DF30200AD9001009594010009F9020091
:1051B000099501002D9501007D9501001FF9020060
:1051C000C5A2010059040300E1A70100857D02008A
:1051D000C96C0200F16C020019910200DD8302002B
:1051E000258C0200B5AA0100B181010027EF020061
:1051F0002FEF0200D5810100FD81010055EF020073
:105200002D82010063EF020081EF0200ABEF02008C
:10521000D3EF0200D9EF0200DFEF0200EFEF020050
:10522000FDEF020099A80100C1A8010019A9010021
:1052300029A9010055A90100130503001B0503005E
:105240000BF0020095830100F583010019F00200C4
:1052500039F002001984010059F00200E1840100D4
:1052600029850100398501004D8501005D8501001A
:105270008D850100E1850100F585010043030300F0
:105280004B030300570303005F030300670303009E
:105290006F030300710303007B0303008D0303000E
:1052A00049A1010055A101009B03030061A1010078
:1052B000AB03030071A10100B3030300B5030300B6
:1052C00081A10100C5030300C703030091A10100F0
:1052D000A1000300319C0100459C0100AB000300CC
:1052E000AD0003006D82010081820100C9820100CE
:1052F000DD820100F18201000183010011830100C0
:105300002183010031830100418301005D8301009D
:10531000A5FE0200ADFE0200FD9501001196010000
:10532000B5FE0200DBFE0200E3FE0200F3FE020017
:1053300007FF020017FF02002BFF02003FFF0200E1
:105340009599010063FF0200A1990100DDFF0200B1
:10535000DFFF0200C1990100119A0100619A01006A
:105360006D9A0100F3FF0200130003002300030005
:105370002F000300CD9A0100F59A010031000300CF
:105380003D9B01004300030053000300B19B01005B
:105390006700030089000300119C01000D860100D5
:1053A000498601008D860100C9860100F186010051
:1053B0000D8701009D870100E5870100F587010049
:1053C000158801002588010071F0020077FA0200BB
:1053D0007BFA020093FA0200A7FA0200AFFA020079
:1053E000C5FA020089FD020085FE020017FB0200DB
:1053F0001BFB020041FB020065FB0200D5FB020023
:10540000C1950100E3FB020051FC020061FC0200B7
:105410008BFC020097FC0200D7000300E7000300AA
:10542000F700030007010300170103002701030031
:10543000370103004701030035F9020059F9020062
:1054400069F9020079F9020089F9020099F902006C
:10545000A9F90200B9F90200110603002F060300A2
:10546000530603005196010061960100619C010002
:10547000219C01009F000300B98801009188010070
:1054800021960100319601004196010000000000C4
:1054900001000000000000000A0000000000000001
:1054A0006400000000000000E803000000000000AD
:1054B0001027000000000000A0860100000000008E
:1054C00040420F000000000080969800000000009D
:1054D00000E1F5050000000000CA9A3B0000000052
:1054E00000E40B540200000000E8764817000000BA
:1054F0000010A5D4E800000000A0724E18090000BA
:1055000000407A10F35A0000E2652F227F2B7A3C8C
:10551000075C143326A6813CBDCBF07A8807703C2B
:10552000075C143326A6913C4FBB610567ACDD3F99
:10553000182D4454FB21E93F9BF681D20B73EF3FBA
:10554000182D4454FB21F93F000000000000E03F0B
:10555000000000000000E0BF763C7935EF39EA3DFD
:10556000763C7935EF39EABD0000E0FE422EE63F99
:105570000000E0FE422EE6BF000000000000000038
:10558000000000000000008000000040FB21F93F07
:10559000000000002D44743E000000809846F83C56
:1055A0000000006051CC783B00000080831BF03984
:1055B0000000004020257A38000000802282E33677
:1055C000000000001DF36935080004F90000000028
:1055D0000900000000000000E7EE0200F1EE02000A
:1055E000E1EE0200E3EE0200000000000000000017
:1055F00000000000000000001057030004006E755A
:105600006C6C00001057030009002D496E66696E2E
:1056100069747900105703000800496E66696E6965
:1056200074790000105703000900756E646566699F
:105630006E65640010570300040074727565000005
:1056400010570300080066756E6374696F6E000082
:105650005C5603000000000000000000080004F990
:1056600000000000030000000000000075F00200D0
:105670005D940100000000009DF0020000000000A9
:1056800000000000000000000000000010570300B0
:105690000000000010570300050066616C73650090
:1056A0000C0002F9000000000200000000000000F1
:1056B00075F002005D9401000000000099F0020006
:1056C00000000000000000000000000000000000DA
:1056D0001057030008005B4F626A6563745D000049
:1056E000105703000900756E646566696E65640095
:1056F0001057030006006F626A65637400000000C3
:105700001057030006006E756D62657200000000A0
:10571000080003F900000000010000000000000084
:1057200075F002005D9401007FF0020077F0020046
:1057300081F00200A5F0020085F0020089F002006D
:105740001057030003004E614E0000001057030085
:105750000600737472696E67000000001057030042
:105760000700626F6F6C65616E00000010570300E8
:105770000A005B46756E6374696F6E5D0000000021
:105780000C2500201C2500202C2500203C25002075
:105790004C2500205C2500206C2500207C25002065
:1057A0008C2500209C250020AC250020BC25002055
:1057B000CC250020DC250020EC250020FC25002045
:1057C0000C26002000000000000000001C26002025
:1057D0002C2600200C0004F9000000000600000048
:1057E0000000000075010300D5020300B5040300AA
:1057F000FD040300000000000000000000000000A5
:10580000000000000C0005F900000000040000008A
:10581000000000009101030095010300BF04030094
:10582000010503000000000000000000000000006F
:1058300000000000080004F900000000070000005C
:10584000000000009901030097010300CB0403004E
:105850000B05030000000000000000000000000035
:1058600000000000140004F900000000080000001F
:10587000000000007F0103008F010300D504030036
:105880000F05030000000000000000000000000001
:10589000000000000000000000000000DDA9010081
:1058A0007D05030005000000050000000300000066
:1058B000090000000D0400000F6603000000000056
:1058C000000000002B080300270503003308030035
:1058D00035080300FFFF000000000000FFFF01008B
:1058E000010000000000000000000000250503008A
:1058F000270503002D0503002F050300000000000D
:10590000000000002505030027050300650F0300C4
:10591000670F0300250F0300410F0300450F03002D
:10592000610F03004DC0010055C001004510030088
:1059300000000000000000000DC501002705030065
:10594000F5C4010003110300000000000000000086
:10595000250503002705030043110300451103003B
:1059600049C60100231103003F11030051C6010085
:10597000511103000000000000000000C3190300E3
:105980002705030015CF01003F17030001000000A9
:105990001700000046000000A30000005F010000A7
:1059A000D6020000C4050000A00B000000000000AB
:1059B00000000000DD1E03001DD8010085D7010096
:1059C000351D03000DD90100471D0300F51E03001E
:1059D000F8FFFFFF000000002505030021DA0100A9
:1059E0002DD901003DD90100000000000000000099
:1059F00025050300270503002B0503003B050300D5
:105A00000000000000000000250503007F220300C5
:105A10007122030073220300000000000000000058
:105A2000250503008B2503004D2503004F250300AA
:105A3000000000000000000075EC0100A525030037
:105A4000C4090000000000008813000008000000E6
:105A50001027000010000000204E00001800000079
:105A600080380100200000000071020028000000C2
:105A700000E204003000000000881300380000003D
:105A8000885A03000300000002000000000000002C
:105A900004000000010000000800000002000000F7
:105AA000000000000000000025050300E7250300BA
:105AB000B9EF0100F1250300250F0300410F03009A
:105AC000450F0300610F0300C5EE0100FDEF01006B
:105AD00045100300BCFFFFFF000000002505030088
:105AE000B5EE0100DDEF0100EDEF0100A9EF0100CF
:105AF000231103003F110300FDF0010051110300C9
:105B0000405A030008000000E2040000000000000A
:105B1000C409000008000000881300001000000005
:105B20001027000018000000204E00002000000098
:105B300080380100280000000071020030000000E1
:105B400000C4090038000000505B0300030000009F
:105B5000020000000000000004000000010000003E
:105B6000080000000200000000000000000000002B
:105B7000250503001526030045F201001F2603003A
:105B8000250F0300410F0300450F0300610F0300C1
:105B900091F101005DF2010045100300085B030074
:105BA00008000000000000000000000025050300C0
:105BB0004326030031F301004D260300D9F3010011
:105BC000231103003F11030049F3010051110300A9
:105BD000D430000000000000A86100002000000098
:105BE00050C3000040000000A086010060000000DB
:105BF000400D030080000000801A060088000000AD
:105C000000350C0090000000006A1800B000000091
:105C100000D43000D000000000A86100F0000000B7
:105C20000050C300F8000000D05B03000B00000030
:105C3000000000000000000025050300712603009D
:105C400065F501007B260300250F0300410F0300CB
:105C5000450F0300610F0300D1F401007DF5010041
:105C6000451003006902000080000000E802000007
:105C700090000000C40900007000000088130000BC
:105C8000600000001027000050000000204E0000BF
:105C900040000000409C000030000000A086010091
:105CA0002000000040420F0010000000B45C030020
:105CB00004000000020000000000000004000000DA
:105CC000100000000800000020000000100000008C
:105CD00030000000645C03000900000000000000C8
:105CE00000000000250503009F260300CDF60100FB
:105CF000A92603006DF60100231103003F110300E4
:105D0000E5F6010051110300102700000C0000000F
:105D1000204E00000800000050C3000004000000F6
:105D2000A086010000000000085D030004000000E0
:105D300000000000000000002505030001FB010039
:105D40001DFA0100552803000000000000000000BB
:105D50007F2C030000000000000000002505030068
:105D60000D0E0200C52C0300C72C0300000000002C
:105D70000000000025050300BD2E0300CF2D030009
:105D8000D12D030000000000000000005D2902008A
:105D9000AD380300000000000000000049290200A7
:105DA0009B380300000000000000000035290200BD
:105DB0008938030000000000000000007129020083
:105DC000BF3803000000000000000000C9350300D8
:105DD000CD350300D1350300D5350300452702003A
:105DE000D9350300DD350300E1350300E535030057
:105DF000E9350300ED350300F1350300F535030007
:105E0000F9350300FD3503000136030005360300B4
:105E1000093603000D36030013360300173603005E
:105E20001B3603001F36030023360300273603000A
:105E30002B3603002F3603003336030037360300BA
:105E40003B3603006B4803006B480300212A020025
:105E50000000000000000000212902003338030088
:105E60000000000000000000F92802000F380300C5
:105E70000000000000000000E5280200FD370300DC
:105E80000000000000000000D1280200EB370300F2
:105E90000000000000000000BD280200D937030008
:105EA00000000000000000000D290200213803005E
:105EB00000000000000000005336030057360300C6
:105EC0005B3603005F36030063360300673603006A
:105ED0006B3603006F36030073360300333A03005A
:105EE000000000000000000085290200D1380300F6
:105EF0000000000000000000A9280200C7370300CE
:105F00000000000000000000773603004D2702006B
:105F10007B3603007F36030083360300853603009B
:105F2000893603008D3603008F3603009336030055
:105F300097360300E3380300000000000000000073
:105F40009F37030093370300873703007F37030031
:105F5000DF3603003F3603004336030047360300B5
:105F60004B3603004F3603007B380300000000006F
:105F70000000000077390300A13603002739030031
:105F800035280200A5360300A9360300133A0300A2
:105F9000F3390300E127020099290200AD2702002E
:105FA000AD360300CD290200C53903000000000012
:105FB00000000000FD3B0300313C0300533B0300A5
:105FC000573B03005B3B0300613B0300DD350300EF
:105FD00055330200813B0300AB3B0300BD3B030094
:105FE000D33B0300E93B0300033D0300633C030094
:105FF000773C0300893C03009B3C03000532020010
:10600000B53C0300273D03008B3D0300B93C030072
:10601000C13C0300C93C0300CD3C0300D33C03005A
:10602000D93C030037360300513202005F3D0300C4
:1060300045340200F53D03000000000000000000B0
:1060400019360200F13402003B3E0300093502001C
:1060500025350200713E0300AF3E0300D73E03002A
:1060600073360300F5370200EB4403003D3B0200AA
:10607000C3440300CF440300E3440300CD390200CE
:10608000E7440300C7440300DF440300F53B02007C
:10609000BF440300D7440300034503003D4802000A
:1060A00069480200F5470200C147020005470200A7
:1060B000D5460200594C02003D4C0200A94B02009B
:1060C0000000000000000000815502006946030046
:1060D0000000000000000000290503004705030040
:1060E0000000000000000000E7460300D94603005E
:1060F000DB46030000000000000000002305030051
:10610000530503000000000000000000F9CE01006C
:106110005117030053470300000000000000000077
:10612000D5560200CB470300AB4703000000000038
:106130000000000000000000000000006B480300A9
:10614000C967020055680200754C0300774C0300D4
:106150006D68020040610300282900200100000052
:1061600000700040040000000200000000700040C9
:106170000800000003000000007000401000000054
:106180000400000000700040200000000500000036
:106190000070004040000000060000000070004059
:1061A00080000000FF000000FFFFFFFF0000000074
:1061B000B004000000F004006009000000D00900F5
:1061C000C012000000B0130080250000005027001E
:1061D0004038000000003B00004B000000A04E00D3
:1061E0008070000000F07500127A0000000080004E
:1061F0000096000000509D0000E1000000F0EB0060
:10620000002C010000903A0100C2010000E0D7011B
:106210000084030000B0AF0390D00300000000042E
:106220000008070000705F0700100E00A4DFBE0E1C
:1062300040420F0000000010BE740200E273020032
:10624000A074020078740200A07402006C74020052
:10625000A074020078740200E2730200E27302008C
:106260006C74020078740200247502002475020028
:1062700024750200A6740200E2730200E2730200B9
:106280008C740200767402008C7402006C7402003C
:106290008C74020076740200E2730200E273020062
:1062A0006C740200767402002475020024750200EA
:1062B00024750200307502001C7802007A77020013
:1062C0007A770200787702000E7802000E780200DA
:1062D00004780200787702000E7802000478020049
:1062E0000E78020078770200147802001478020019
:1062F000147802009E780200CC8502009A84020085
:10630000A085020090840200A0850200AA850200F8
:10631000A0850200908402009A8402009A84020000
:10632000AA8502009084020086840200868402000E
:1063300086840200FC870200148E0200D48C0200C6
:10634000D48C0200D28C0200EC8D0200EC8D020095
:10635000DE8D0200D28C0200EC8D0200DE8D020088
:10636000EC8D0200D28C0200F48D0200F48D02004C
:10637000F48D0200F48F020061636F73000000006F
:1063800061636F73680000006173696E0000000054
:106390006174616E68000000636F73680000000044
:1063A00065787000666D6F64000000006C6F6700B8
:1063B0006C6F67313000000073696E680000000088
:1063C0007371727400000000FB21F93FFB2109404A
:1063D0007CD91240FB2119407A6A1F407CD92240A7
:1063E000BBFD2540FB2129403A462C407A6A2F40CC
:1063F0005C4731407CD932409C6B3440BBFD35401A
:10640000DB8F3740FB2139401BB43A403A463C40D1
:106410005AD83D407A6A3F404C7E40405C474140FC
:106420006C1042407CD942408CA243409C6B44405B
:10643000AC344540BBFD4540CBC64640DB8F4740B2
:10644000EB584840FB21494083F9A200444E6E00BE
:10645000FC291500D1572700DD34F50062DBC000B0
:106460003C999500419043006351FE00BBDEAB00B8
:10647000B761C5003A6E2400D24D42004906E000E3
:1064800009EA2E001C92D100EB1DFE0029B11C0070
:10649000E83EA700F535820044BB2E009CE984004D
:1064A000B4267000417E5F00D691390053833900D5
:1064B0009CF439008B5F840028F9BD00F81F3B0075
:1064C000DEFF97000F980500112FEF000A5A8B008E
:1064D0006D1F6D00CF7E360009CB2700464FB700F9
:1064E0009E663F002DEA5F00BA277500E5EBC70006
:1064F0003D7BF100F739070092528A00FB6BEA00FE
:106500001FB15F00085D8D00300356007BFC460024
:10651000F0AB6B0020BCCF0036F49A00E3A91D005D
:106520005E619100081BE60085996500A0145F007C
:106530008D40680080D8FF0027734D0006063100AB
:10654000CA561500C9A873007BE260006B8CC000BE
:10655000020000000300000004000000060000002C
:10656000000000000000000000000000000000002B
:10657000000000000000000000000000000000001B
:10658000000000000000000000000000000000000B
:1065900000000000000000000000000000000000FB
:1065A00000000000000000000000000000000000EB
:1065B00000000000000000000000000000000000DB
:1065C000702000203031323334353637383961624B
:1065D0006364656600CFDBDFE4E7ECF1F680C0B111
:1065E00012F5E6267930DAA26E0273B604384AB1A3
:1065F00012F5E6267930DAA26E0273B60438493114
:106600002E5800322E3000322E3200322E5800002A
:10661000000402020402000002040404000202005A
:10662000040403010000010303030001010203034A
:10663000040201010301040301000300000401013D
:1066400002000003025265626F6F744D6F64650053
:10665000666C617368496E636F6D706C657465001C
:106660007A76677074756F6965617A76677074752C
:106670006F6965617A766770740000040202040233
:1066800000000204040400020200040403010000EC
:1066900001030303000101020303040201010301DA
:1066A0000403010003000004010102000003021BB7
:1066B0001B000E11000000000008080800080A4A2C
:1066C0004000000A5FEA5FEA0ED92ED36E19324409
:1066D00089330C924C924D08080000000488080889
:1066E000040804848488000A448A4000048EC4801C
:1066F000000000048800000EC00000000008000137
:10670000224488100C9252524C048C84848E1C8239
:106710004C901E1EC244924C06CA525FE21FF01EED
:10672000C13E02448ED12E1FE24488100ED12ED1DC
:106730002E0ED12EC48800080008000004800488B2
:106740000244880482000EC00EC008048244880EF1
:10675000D126C0040ED135B36C0C925ED2521C927D
:106760005C925C0ED010100E1C9252525C1ED01C1B
:10677000901E1ED01C90100ED013712E12525ED29D
:10678000521C8808081C1FE242524C125498149262
:10679000101010101E113B75B131113935B3710C49
:1067A0009252524C1C925C90100C92524C861C924D
:1067B0005C92510ED00C825C1FE48484841252528D
:1067C000524C1131312A44113135BB7112524C9265
:1067D00052112A4484841EC488101E0EC808080E54
:1067E00010080482410EC242424E048A400000005A
:1067F0000000001F0804800000000ED2524F10104D
:106800001C925C000ED0100E02424ED24E0C925CD6
:10681000900E06C81C88080ED24EC24C10101C9256
:10682000520800080808024002424C1014981492C2
:106830000808080806001B75B131001C925252006E
:106840000C92524C001C925C90000ED24EC2000E74
:10685000D010100006C8049808080EC8070012528D
:10686000524F0011312A4400113135BB00124C8CBB
:106870009200112A4498001EC4881E06C48C848687
:10688000080808080818080C881800000C83600025
:1068900000010002000300040000010101020103E5
:1068A00001040100020102020203020402000301CA
:1068B00003020303030403000401040204030404A9
:1068C00004302C3235352C302C3235352C300A3012
:1068D0002C3235352C302C3235352C300A302C30DA
:1068E0002C302C302C300A3235352C302C302C30DA
:1068F0002C3235350A302C3235352C3235352C32A8
:1069000035352C300A0054494C5420544F20464908
:106910004C4C2053435245454E2000636F6D7061CF
:10692000737343616C0074656D7043616C00E95D65
:10693000FB24251D470AA062FA1922DFA9A8E95DF8
:10694000CA4B251D470AA062FA1922DFA9A8E95DF2
:106950000753251D470AA062FA1922DFA9A8FFFFE5
:1069600014000500FFFFFFFFFFFFFFFFFFFFFFFF1A
:1069700000FFFFFF000000FFFFFFFFFFFFFFFF0022
:10698000FFFFFF000000FF0000000000FFFF00FF0E
:10699000FFFF000000FF00000000000000000000FA
:1069A000FFFFFFFFFFFFFF00FFFFFF000000FF00F2
:1069B00000000000FFFFFFFFFFFFFFFFFFFFFFFFE3
:1069C00000FFFFFF000000FF0000FFFF00FF00FFCF
:1069D00000FF00FFFFFF00FF00FF00FF0000FFFFC0
:1069E00000626C6553797341747472730042424360
:1069F000206D6963726F3A626974005D00424243C0
:106A0000206D6963726F3A626974205B00302C30CC
:106A10002C3235352C302C300A302C3235352C3098
:106A20002C302C300A3235352C3235352C32353578
:106A30002C3235352C3235350A302C3235352C3068
:106A40002C302C300A302C302C3235352C302C3078
:106A50000A00302C302C302C302C300A302C302CCA
:106A6000302C302C3235350A302C302C302C32354D
:106A7000352C300A3235352C302C3235352C302C33
:106A8000300A302C3235352C302C302C300A003284
:106A900035352C302C302C302C3235350A302C3218
:106AA00035352C302C3235352C300A302C302C3208
:106AB00035352C302C300A302C3235352C302C32F8
:106AC00035352C300A3235352C302C302C302C32E8
:106AD00035350A00322E312E312D2D6700E2ECF0D3
:106AE000F4F8FC0004E95DDA90251D470AA062FA7B
:106AF0001922DFA9A8E95D9882251D470AA062FA3C
:106B00001922DFA9A8E95DDA91251D470AA062FADA
:106B10001922DFA9A8E95D93B0251D470AA062FAF2
:106B20001922DFA9A8E95D93B1251D470AA062FAE1
:106B30001922DFA9A82E636F6D2F002E6F72672FA9
:106B4000002E6564752F002E6E65742F002E696E01
:106B5000666F2F002E62697A2F002E676F762F00E6
:106B60002E636F6D002E6F7267002E656475002EA8
:106B70006E6574002E696E666F002E62697A002E53
:106B8000676F7600687474703A2F2F7777772E00CE
:106B900068747470733A2F2F7777772E0068747447
:106BA000703A2F2F0068747470733A2F2F00AAFE6A
:106BB000E95DB84C251D470AA062FA1922DFA9A891
:106BC000E95D9775251D470AA062FA1922DFA9A879
:106BD000E95D93AF251D470AA062FA1922DFA9A833
:106BE000E95D23C4251D470AA062FA1922DFA9A87E
:106BF000E95D5404251D470AA062FA1922DFA9A8FD
:106C0000E95DB9FE251D470AA062FA1922DFA9A88D
:106C1000E95D8D00251D470AA062FA1922DFA9A8A7
:106C2000E95DD822251D470AA062FA1922DFA9A82A
:106C3000E95D127B251D470AA062FA1922DFA9A887
:106C4000E95D5899251D470AA062FA1922DFA9A813
:106C5000E95D93EE251D470AA062FA1922DFA9A873
:106C6000E95D0D2D251D470AA062FA1922DFA9A8AA
:106C7000E95D7B77251D470AA062FA1922DFA9A8E2
:106C8000E95DD91D251D470AA062FA1922DFA9A8CE
:106C9000E95DF2D8251D470AA062FA1922DFA9A8EA
:106CA000E95D386C251D470AA062FA1922DFA9A800
:106CB000E95DFB11251D470AA062FA1922DFA9A888
:106CC000E95DB358251D470AA062FA1922DFA9A879
:106CD000E95D9715251D470AA062FA1922DFA9A8C8
:106CE000E95D9250251D470AA062FA1922DFA9A882
:106CF000E95D1B25251D470AA062FA1922DFA9A814
:106D0000E95D6100251D470AA062FA1922DFA9A8E2
:106D100001FF01AAE97D3B10251D470AA062FA196F
:106D200022DFA9A8E97DD91D251D470AA062FA190D
:106D300022DFA9A86261642068616E646C652074BA
:106D40006F20756E6465726C79696E67207472610C
:106D50006E73706F7274006E400001B5A3F393E020
:106D6000A9E50E24DCCA9E6E400002B5A3F393E0B1
:106D7000A9E50E24DCCA9E6E400003B5A3F393E0A0
:106D8000A9E50E24DCCA9E494E495449414C495A52
:106D90004154494F4E5F494E434F4D504C45544529
:106DA000004E6F7264696320424C45342E31207668
:106DB00065723A25752066773A25303478004E6F33
:106DC0007264696320287370656320756E6B6E6FE3
:106DD000776E29207665723A25752066773A2530D8
:106DE000347800756E6B6E6F776E00010203D8E227
:106DF000ECF0F4F8FC00046E52463578004E6F203B
:106E0000617661696C61626C6520493243004F6E46
:106E10006C792038626974732053504920737570FF
:106E2000706F727465640053504920666F726D61B3
:106E300074206572726F72004E6F20617661696CAA
:106E400061626C652053504900636F756C64206EFD
:106E50006F742070696E6F75740070696E6D61700B
:106E6000206D69732D6D617463680070696E6D616A
:106E700070206E6F7420666F756E6420666F72206E
:106E80007065726970686572616C0070696E6D61C1
:106E900070206E6F7420666F756E6420666F72204E
:106EA00066756E6374696F6E00504F5349580023C6
:106EB0002D302B2000686C4C006566674546470006
:106EC0003031323334353637383941424344454620
:106ED00000002020202020202020202828282828CA
:106EE00020202020202020202020202020202020A2
:106EF00020208810101010101010101010101010FA
:106F000010100404040404040404040410101010F9
:106F100010101041414141414101010101010101B4
:106F20000101010101010101010101010110101024
:106F30001010104242424242420202020202020287
:106F400002020202020202020202020202101010F7
:106F50001020000000000000000000000000000001
:106F60000000000000000000000000000000000021
:106F70000000000000000000000000000000000011
:106F80000000000000000000000000000000000001
:106F900000000000000000000000000000000000F1
:106FA00000000000000000000000000000000000E1
:106FB00000000000000000000000000000000000D1
:106FC00000000000000000000000000000000000C1
:106FD00000000000000000004811FE7F01000000DA
:106FE00000000000FFFFFFFFA10D0C0000040000E7
:106FF000B4660300ED690300D46A0300356B030037
:107000003B6B0300416B0300476B03004D6B0300B8
:10701000546B03005A6B0300606B0300656B030045
:107020006A6B03006F6B0300746B03007A6B0300E1
:107030007F6B0300846B0300906B03009D6B030068
:10704000A56B0300204E00006B450300204E00009E
:10705000000000006065030080650300A065030078
:107060000000000000000000000000000000000020
:107070000000000000000000000000000000000010
:107080000000000000000000000000000000000000
:1070900000000000000000000000000000000000F0
:1070A00000000000000000000000000000000000E0
:1070B00070200020430000000000000000000000DD
:1070C00000000000000000000000000000000000C0
:1070D000000000004300000000000000000000006D
:1070E00000000000000000000000000000000000A0
:1070F000000000004300000000000000000000004D
:10710000000000000000000000000000000000007F
:10711000000000004300000000000000000000002C
:10712000000000000000000000000000000000005F
:10713000000000004300000000000000000000000C
:10714000000000000000000000000000000000003F
:1071500000000000430000000000000000000000EC
:10716000000000000000000000000000000000001F
:1071700000000000430000000000000000000000CC
:1071800000000000000000000000000000000000FF
:1071900000000000274F0300274E030000000000FE
:1071A000D16E03008E6B03008E6A03008E6A0300AB
:1071B0008E6A03008E6A03008E6A03008E6A0300E3
:1071C0008E6A03008E6A03008E6A0300FFFFFFFFD2
:1071D000FFFFFFFFFFFFFFFFFFFF00000100415324
:1071E00043494900000000000000000000000000CA
:1071F00000000000000000000000000000004153FB
:1072000043494900000000000000000000000000A9
:10721000000000000000000000000000000000006E
:10722000204EFFFF00000000FFFF0F1010070004BA
:10723000FF000001E98001007DA8010061AB0100B1
:1072400055B90100C1BC0100DDBF010005C001004E
:1072500031DA0100C18001000000000000000000E0
:10C00000903C002061DC030073DC030075DC03005E
:10C010000000000000000000000000000000000020
:10C0200000000000000000000000000069C10300E3
:10C03000000000000000000079DC03007BDC03004E
:10C040007DDC03007DDC03007DDC03007DDC030080
:10C050007DDC0300000000007DDC03007DDC0300CC
:10C060007DDC03007DDC03007DDC03007DDC030060
:10C070007DDC03007DDC03007DDC03007DDC030050
:10C080007DDC0300B3D703007DDC03007DDC03000F
:10C09000C9D703007DDC0300A9F303007DDC0300A6
:10C0A0007DDC03007DDC03000000000000000000D8
:10C0B0000000000000000000000000000000000080
:10C0C00000F002F800F040F80CA030C8083824183E
:10C0D0002D18A246671EAB4654465D46AC4201D1C0
:10C0E00000F032F87E460F3E0FCCB64601263342B2
:10C0F00000D0FB1AA246AB46334318476C3600000B
:10C100008C360000103A02D378C878C1FAD85207AA
:10C1100001D330C830C101D504680C6070470000FD
:10C120000023002400250026103A01D378C1FBD853
:10C13000520700D330C100D50B6070471FB5C04611
:10C14000C0461FBD10B510BD03F091FA1146FFF7B0
:10C15000F5FF00F0D3F803F0A9FA03B4FFF7F2FFFC
:10C1600003BC03F0ADFA00000648704502D1EFF3BE
:10C17000098101E0EFF30881886902380078024AFA
:10C1800010470000FDFFFFFF95D40300401E00BFD5
:10C1900000BF00BF00BF00BF00BF00BF00BF00BFA7
:10C1A00000BF00BF00BFF1D170470000401E00BFBC
:10C1B00000BF00BF00BF00BF00BF00BF00BF00BF87
:10C1C00000BF00BF00BFF1D170470000401E00BF9C
:10C1D00000BF00BF00BF00BF00BF00BF00BF00BF67
:10C1E00000BF00BF00BFF1D170470000056885F3B4
:10C1F000088846680A4AEFF305839A42304602D11E
:10C20000084CA6463047074C064D0646064FF0B48C
:10C21000034C034D024E024FF0B4044800470000A7
:10C2200000000000FFFFFFFF00000021F9FFFFFFFB
:10C2300070B505460C46164602E00FCC0FC5103E01
:10C24000102EFAD2082E02D303CC03C5083E042ECA
:10C2500007D301CC01C5361F03E021782970641C87
:10C260006D1C761EF9D270BD0A4610B501466648AF
:10C2700003F012F810BD10B502F026FC10BD10B589
:10C28000624C86B01ECC03946C460EC4002807D0C6
:10C29000684618DF002803D00022114602F0FCFF98
:10C2A0000F20800313DF002803D00022114602F084
:10C2B000F3FF574B48225749092003F051F8002853
:10C2C00003D00022114602F0E7FF00200490059001
:10C2D00001206946087404A860DF002803D000220A
:10C2E000114602F0D9FF4C4803F056F8002803D05D
:10C2F0000022114602F0D0FF06B010BD08B5474835
:10C30000C169B12943D0002445480F214069890300
:10C31000884204D000221146104602F0BDFF0120E1
:10C320000007006901218902884204D000221146D9
:10C33000104602F0B1FF3B4800903B4B0522032121
:10C34000002001F068FA002803D00022114602F014
:10C35000A3FF00F015FC00F058FC012500281AD0BE
:10C3600000F062FC002803D00022114602F094FF86
:10C3700020466840FFF783FF00F038F800F07AFCB1
:10C3800000280ED00022114602F086FF09E00124A9
:10C390000021C161B8E720466840FFF770FF00F058
:10C3A00025F803252D03002C04D1A86800F03EFBDE
:10C3B000002807D100F0F5FB002803D00022114629
:10C3C00002F06AFFA86800F031FB002806D000F0F8
:10C3D0001CFC002802D1A86800F0EFFBBFF34F8FD0
:10C3E00013491248C860BFF34F8FFEE7094A10B5E2
:10C3F00048321421082002F0B9FE002803D00022A0
:10C40000114602F049FF10BDEFBEADDEE8F60300B5
:10C41000C7F203002C2B002077C203000005004068
:10C42000001000104BDC0300EC2800200400FA058B
:10C4300000ED00E070B5FF4C1E46A06815460229CD
:10C4400002D0042916D108E0052813D1A369002BD6
:10C4500010D03246294604200BE002280AD1F648C3
:10C46000406880470320A060A369002B02D03246B9
:10C4700029469847280003D00022114602F00CFFFD
:10C4800070BD4CB5EB4E0120307005200195009435
:10C4900000F006FB4CBD10B5E64C2078002801D01A
:10C4A000082010BD206901F0A2FA002803D0002264
:10C4B000114602F0F1FE0F2100228904206901F0EB
:10C4C00059FA040003D00022114602F0E5FE20468E
:10C4D00010BDD84910B5D7481C3141610221816097
:10C4E000C1681C3002F007FD002803D0002211466D
:10C4F00002F0D2FE10BD00B589B01822CF4902A8C3
:10C50000FFF796FE069807990090019102A80FC8C0
:10C5100000F0C6FA09B000BD00B5C64987B0498829
:10C520006A4611810321090389680691C2490120E5
:10C5300050394A6803928A680492C9680591069A3C
:10C540000091019202A90EC900F0AAFA002007B0DA
:10C5500000BD10B588B0182102A802F0C5FF002464
:10C56000B4480294408869468881B3480799503896
:10C57000C06806900191009003A90EC9204600F002
:10C580008FFA204608B010BD00B5AA4987B0498887
:10C590006A461181A849032050394A6803928A6883
:10C5A0000492C9680591069A0091019202A90EC9E8
:10C5B00000F076FA0020CAE73EB5A04A6B46183272
:10C5C00007CA07C39B4D00246C7029466C801C3140
:10C5D000684602F044FC002801D0AC603EBD032058
:10C5E0009449000380681C3148609248944A0021B5
:10C5F000103001F063F9002803D00022114602F048
:10C600004BFE0F2100228904286901F0B3F90028AC
:10C6100003D00022114602F03FFE01206C60A860AA
:10C6200000203EBD83498861704770B542688248EA
:10C630001468536891685038D26804604360C260DF
:10C6400081600078440701D5840705D19C0703D198
:10C650008C0701D1940701D0062070BD5B189A1891
:10C66000744D0F239B02EA60994207D80321090306
:10C6700089687723DB02591A914201D20C2070BDE0
:10C680006D4C7049216070496160C10701D06F48ED
:10C6900004E0800701D56E4800E06E48A060A868FD
:10C6A000012802D00826304670BDFFF7F4FE0600D0
:10C6B000FAD12168E8688847F5E770B5050004D02D
:10C6C000287A800703D0102070BD0E2070BD594C11
:10C6D000A068032805D0042801D0052803D008202D
:10C6E00070BD0520A0606868E168860060688019F8
:10C6F000884204D90020C04360600C2070BDFFF761
:10C70000CAFE0028FAD1A96832466368606902F05F
:10C71000C2FB0028F2D1616889196160E268914228
:10C72000ECD0092070BD10B5424C0820616800298A
:10C7300000D010BDA1680429FBD13F486178403882
:10C7400002F010FC002802D00021617010BD05210C
:10C75000A16010BDF8B5374C0746A068032804D087
:10C76000042804D008252846F8BD0420A06060688D
:10C77000002801D00820F8BDFFF78DFE0500FAD192
:10C780007868860060788119402901D90920F8BDB0
:10C79000294AB968403A1018324602F046FE6078DD
:10C7A00080196070DFE710B5224CA068052813D10E
:10C7B000E168606888420FD10620A060FFF76BFE39
:10C7C000002808D16069E168406802F005FC002893
:10C7D00001D10721A16010BD082010BD10B515487A
:10C7E0008168072901D0082010BD006901F0FFF819
:10C7F000002803D00022114602F04EFD0E4880684A
:10C80000804710BD1CB506200195009400F048F942
:10C810001CBDF8B51C4617460D46064600F0CEF87E
:10C8200000282AD00120000385421AD9291B301B79
:10C83000234611E000280020142D0020F8F6030004
:10C8400083C40300D3C40300F7C4030019C5030065
:10C8500089C5030053C503001A46FFF7DAFF002815
:10C860000BD13A462946304600F0B3F8002804D1EF
:10C870003A462946304600F0A1F8F8BDF0B589B037
:10C88000684600F00BFA049800282AD00121090319
:10C89000079A4018904226D9501A45081046049A23
:10C8A0000C468718024668001618001908900320E5
:10C8B00000038068049988420DD261190846042259
:10C8C00000F087F800280CD121460422084600F029
:10C8D00080F8002805D1BA1B2B4630460899FFF78F
:10C8E00098FF09B0F0BD049A079800F072F8F8E7D5
:10C8F00000B58DB004A800F0D1F9099800280DD03A
:10C90000089800280CD008990B9840180190002135
:10C910000998009180080290684618DF0DB000BDAC
:10C92000032000038068F1E700B58DB004A800F093
:10C93000B5F909980028F1D0089800280ED0089978
:10C940000B984018032100910F2102908903099848
:10C95000019180080390684618DFDFE70320000399
:10C960008068EFE730B591B0684600F097F9049819
:10C97000002814D001210903079A4018904214D9C5
:10C98000501A43081046049A5C0082180019611876
:10C9900003242403A468049DAC4202D20E2011B0EB
:10C9A00030BD121AFFF735FFF9E703200CAB07C3C0
:10C9B000049880080F900CA818DFF0E71FB5032338
:10C9C00001909008039000930291684618DF04B02C
:10C9D00010BD1FB5012301909008039000930291B0
:10C9E000684618DFF3E7000010B5BB480368012B69
:10C9F00002D1022900D10160100003D000221146AB
:10CA000002F04AFC10BD10B5B34C48DF002803D03B
:10CA10000022114602F040FC02F0FCFB20680228D4
:10CA200003D0032801D00428EFD110BD38B5006829
:10CA3000401C19D00024684600F058F9009801689D
:10CA4000012910D1818800290AD0C1680320000380
:10CA50008068002202F0CEFA00998988814201D1D3
:10CA6000012400E00024204638BD10B504469A4851
:10CA70002021001D02F0B9F9002803D00022114640
:10CA800002F00AFC9448002320222146001D02F0F7
:10CA90001BF9002803D00022114602F0FDFB10BD57
:10CAA0000FB4F8B5684600F021F96846818B069D01
:10CAB0000122894CFF238948002D13D0012D17D066
:10CAC000032D2BD00021022D37D02A46052D46D02C
:10CAD000042D4ED0062A01D104202060F8BC08BCE9
:10CAE00004B0184781800A9983600260C16010E039
:10CAF0008180099D089949190A9D4919C160A5219C
:10CB000083600160089901610999856141610B9910
:10CB1000C16122607148FFF7A8FFDFE700990B6849
:10CB200003608B888380C968C160AA2181600899ED
:10CB30000161099941610A990BE0009D2E68A52EBB
:10CB400009D00660AE888680ED68C56001618360AB
:10CB500041618161DDE781800360C160F6E700F03B
:10CB600085F9002803D00022114602F095FB03202E
:10CB7000B3E781800360C160009989688160C9E77B
:10CB80000EB557480090202001900120029002F03D
:10CB900001F8002804D150496846091D02F023F825
:10CBA0000EBD10B5FFF708FD002805D100F02FFBE2
:10CBB0000446FFF728FF204610BD70B511DF00289E
:10CBC00003D00022114602F067FB464900200B68A3
:10CBD000444C012180340A4682401A4204D0C506E2
:10CBE000ED0E0A46AA402260401C2028F3D30324FD
:10CBF0002403A06813DF002803D00022114602F0AE
:10CC00004BFBA06802F0F2F970BD08B5684600F071
:10CC10006DF800980168A52904D08068AA2801D081
:10CC2000002008BD012008BD10B5FFF79BFE0028BD
:10CC300003D1FFF779FE00281BD0642001F0F2FD3C
:10CC4000FFF71CFE002803D00022114602F024FB4F
:10CC5000FFF788FE002803D00022114602F01CFBDB
:10CC6000FFF746FE040003D00022114602F014FB39
:10CC7000204610BD00B589B018221B4902A8FFF755
:10CC8000D7FA069807990090019102A80FC8FFF7FC
:10CC900007FFFFF7B8FE002009B000BD10B50E4930
:10CCA00088B0044600232022091D684602F04FF890
:10CCB0000098206068468088A0800398E060029811
:10CCC000A06004982061059860610698A0610798AB
:10CCD000E06108B010BD000024280020202D0020B5
:10CCE000E9C9030000E100E01CF70300014901600D
:10CCF0007047000000FC030008280CD004DC00286A
:10CD000007D006280FD108E00B280AD00C280AD13A
:10CD100005E001207047022070470320704704207F
:10CD20007047042901D0062070470520704770B570
:10CD300015460A46032823D0042820D1FE4C00299A
:10CD400006D0E088FD49884219D0132176DF10E033
:10CD5000284602F0A3F9002803D00022114602F071
:10CD60009BFAE069A8420AD101220321F44801F0AC
:10CD700003F8002803D00022114602F08DFA70BD9E
:10CD800001211046FFF7B8FF02460121EEE7F0B59A
:10CD9000054608790E4685B081070CD0032211465E
:10CDA000284600F0E9FF002803D00022114602F0D7
:10CDB00073FA05B0F0BDE0490090183102F047F970
:10CDC000010011D1DC4CB168009AA06902F02DFB82
:10CDD000009802F097F9010006D120466946183004
:10CDE00002F09CF9010003D0284600F0AFFAE0E71A
:10CDF00004200190009880080290A069039001A887
:10CE0000FFF75BFC07000BD0092F10D0A06902F0E0
:10CE100045F9010002D0284600F098FA3946E3E7C8
:10CE20003079616940186061A069E061C1E73079DB
:10CE300061694118616160780028BAD06089401E3C
:10CE40000004000C6081B4D1284601F0E9F8002804
:10CE500003D00022114602F01FFA20896081A8E762
:10CE600010B50022114602F017FA10BD10B5B24CF1
:10CE700001202070E088B149884208D0132176DF74
:10CE8000002810D00022114602F006FA0BE0A0782C
:10CE9000002808D074DF002803D00022114602F0D9
:10CEA000FBF90020A07001F034FC002803D0002220
:10CEB000114602F0F1F9002010BD70B50D6804466E
:10CEC00001209D4A2B0002F002FC0A2B304306137E
:10CED00020575C466012FFF766FC0421FFF70CFF49
:10CEE000024604212EE00022114602F0D5F970BD61
:10CEF000FFF7BCFF002803D00022114602F0CCF956
:10CF0000FFF76CFC002808D170BDFFF7AFFF0028C9
:10CF100003D00022114602F0BFF9FFF773FC70BD89
:10CF2000106188680078107170BD022010618868F7
:10CF300000780128F8D1FFF7F6FB0221FFF7DCFEAD
:10CF400002460221204600F017FF0028CBD170BD19
:10CF50000320106170BD12692046012A06D0022A02
:10CF600007D0032AF6D1FFF712FF70BD00F001FAD7
:10CF700070BD00F03BFA70BD507088881081508100
:10CF800070BD00205070108170BD2046516901F0C5
:10CF900010F8DAE710B5044669488EB08179684622
:10CFA000817068490180342101A802F09DFA0220B5
:10CFB000019000216846417284720121018205902E
:10CFC000002101A801F03FFA002803D000221146F9
:10CFD00002F062F90EB010BDF0B5574C8BB0A078DE
:10CFE00000283AD156481821183802F07DFA204618
:10CFF000534CC078183C00250126002837D027461E
:10D00000483700950195029510226946F81D039551
:10D0100002F0DEF9002822D0F81D08900997684632
:10D02000067509A804906846067708A806900420AB
:10D03000FFF7B0FF25700220207204A8E0602820CE
:10D0400020823F486582183873DF002803D0002211
:10D05000114602F021F9384886700BB0F0BD05206A
:10D06000FFF798FF2670676025722582E9E70620A2
:10D07000FFF790FF257065602572E0E770B52E4CD4
:10D0800001880022E588A6B017290AD01EDC1129E4
:10D090003FD008DC022977D0102902D18088E080B7
:10D0A000A27026B070BD264C30342646183613299F
:10D0B00051D01429F5D1C289638D00219A4200D143
:10D0C000314600238088E21D82DF1BE0512970D0A9
:10D0D0000EDC18296CD01929E3D180790028E0D121
:10D0E000A270E068401EE0604FD0FFF775FFD8E700
:10D0F000522976D05529D4D180790028D1D1132155
:10D10000284676DF0028CCD00022114602F0C4F871
:10D11000C7E78020694688803220E060012301AAA9
:10D1200006A92846AADF002803D00022114602F0F3
:10D13000B3F82078002807E030280020FFFF000027
:10D14000582D00203015000001D1FFF745FF0020C9
:10D15000C043E080A5E70722C14910A802F065F9A5
:10D160001022E11D0CA802F060F91C22314612A821
:10D1700002F05BF90CA80A9012A8099006ABB94A14
:10D18000852128467FDFBDE70DE01822B64906A8B5
:10D19000FFF74EF80A980B990090019106A80FC866
:10D1A000FFF77EFC7DE70021284667DFAAE700E065
:10D1B00017E0817900299AD0807A042803D00628C4
:10D1C00001D0052893D1022909D0012069460872AF
:10D1D000FF208330888102A92846A8DF92E7022039
:10D1E000F4E700F08DF88DE710B5044601F0C2FABF
:10D1F0009B482146303800F09AFE2046FFF73EFF5C
:10D2000010BD10B50022114602F046F810BD30B531
:10D21000944D87B00024203D2C7094482C6102F07E
:10D22000B3F800286AD19248FFF7FCF901F000FF3B
:10D23000002863D18A4800F059F9002801D1012063
:10D24000E87011206946087207228AA102A87CDFD3
:10D25000002803D00022114602F01EF800940C2191
:10D2600068460194018018214180FF21848091311A
:10D27000C1807ADF002803D00022114602F00CF8AA
:10D2800004206946009408807C4801907C48029004
:10D290007348303800F00BFE002803D000221146FE
:10D2A00001F0FAFF1C21684602F01EF97548019052
:10D2B0000120800302900094032168460173C48119
:10D2C0000474714806900594684601F0FEF9002840
:10D2D00003D00022114601F0DFFF6249E122087805
:10D2E0004008400010400C30DF221040087007203A
:10D2F000487010208870FFF76FFE002007B030BD27
:10D3000070B5584C614D203CE088A84201D10820FE
:10D3100070BDE178002914D051490123082234312D
:10D32000A9DF0028F4D12A460C21E088A7DF58495C
:10D33000884204D0082802D0891C8842E8D1002005
:10D3400070BD00231A461946A9DF70BD10B50A4604
:10D35000044603211046FFF7CFFC02460321204676
:10D3600000F00AFD002803D00022114601F094FFCE
:10D3700010BD30B5054687B00020009001900290A6
:10D38000039038486A46203800791070364A0C3AC3
:10D3900010689268049068460692059008790C28F7
:10D3A00006D003221BE00022114601F075FFA5E71D
:10D3B0008C68204600F049F80190201D00F045F8E7
:10D3C00002902046083000F040F8039004A8FFF7D0
:10D3D0002CF9002892D00121FFF78EFC0246012192
:10D3E000284600F0C9FC0028DDD187E7FEB50446D9
:10D3F000087982070ED08207920F04239B1A00221D
:10D40000154604E08E683554401CC0B2521C9A4246
:10D41000F8D308710120009088680290087980088C
:10D4200001906846FFF796F900280DD00221FFF71A
:10D4300063FC02460221204600F09EFC002803D037
:10D440000022114601F028FFFEBD10B5044602F08F
:10D450004DF80002E178000A0906084310BD0000FB
:10D46000882D00205028002040F70300E9D1030058
:10D470002FCD03004466755461726700BBCE030074
:10D4800003D20300CD0C000061CE0300FFFF0000BB
:10D490000230000010B50C46002802D001200860C0
:10D4A00010BD2168002911D01C48421A814212D0B7
:10D4B0003C2A0DD23C303C3101220B7803701346DC
:10D4C000491E401E521C3C2BF7D904E00E200BE0F5
:10D4D0003C2201F0AAFF00223C21104801F08AFD05
:10D4E0000E49891E08800020206010BD70B50546D9
:10D4F00000223C21094801F07DFD084CA41E218832
:10D50000884201D00B2070BD3C220449284601F01E
:10D510008CFF2088401C2080002070BD823F0020AE
:10D520008307FF22DB0E9A408907090E99400028E5
:10D530000BDA0007000F08388308FA489B001B1815
:10D54000D86990430843D86170478308F6489B0028
:10D550001B181868904308431860704770B5012481
:10D56000F24960040860F24940108860F04940398F
:10D570008860F04D6C602F20FEF708FEAC60EE4D29
:10D5800000242F206C61FEF701FE2C7170BDF0B5F8
:10D59000E94F2821BC6841430D1939694A1C09D05B
:10D5A00028224A431619AB68B268934204D8D21AAB
:10D5B000B26069623861F0BD0A4602E00A46796AE3
:10D5C0009B1B4E1C0BD028264E433719BE689E422B
:10D5D000F4D328264E433619B768FF1AB760AB60FC
:10D5E000696228214A4311194862F0BD70B5D24CD6
:10D5F0002269A5681346114606E0814207D00A4613
:10D60000282671434919496A4E1CF6D170BD002E77
:10D61000FCD08A420CD1282043435819406A20612B
:10D62000401C05D1C34B01209860002363616071E9
:10D63000282041434819282381685A43406A5219D7
:10D640005062421CE2D0282250434019826851188F
:10D65000816070BDF8B5B84C2569681C35D0B748F5
:10D66000002640686169401A07023F0A19E0282035
:10D670004543A0682A189068B84214D8A3693F1A95
:10D680008619556A002B09D0116AD069984700287D
:10D6900007D00022114601F0FFFD02E0D169106AB7
:10D6A0008847681CE3D1A178E078814206D1401C0C
:10D6B000C0B2E070022801D10020E0709E4900064F
:10D6C000800D1C310E5000F0BAF9F8BDF8B50446D3
:10D6D000994800270169009146785CE09648F1007E
:10D6E000C2688D1851E0601C07D0934A28209268C8
:10D6F000604321468018446A24E028781821414379
:10D700006A68401CC0B252182870A978884200D1BB
:10D710002F70894B516828209B684843C0181368B4
:10D72000012B34D1037E002B31D19368C360D368C1
:10D73000036113694361526902627F4A5279002A88
:10D7400000D0C7607C4BC2685B6996469C46D31A82
:10D750001A027B4B120A9A4202D20369D21808E0DD
:10D76000724663469A1A12020369120A934202D958
:10D770009A1A826000E08760C76001220761027622
:10D78000921E42620846FFF702FF601CABD1287868
:10D7900069788842A7D13046761EF6B200289DD11E
:10D7A000654801690098814201D00120F8BD002040
:10D7B000F8BD64490020086048608860C86061491D
:10D7C00040390860486045E7FEB50020C0435A4D27
:10D7D00002906869019068462E6900F035F90746A5
:10D7E00000F04FF90446002F08D002AA01990098D2
:10D7F00000F08FF90298FFF769FF06E00298FFF743
:10D8000065FF002801D1002C02D0304600F0AAF9B3
:10D8100000206871FEBDFFB59807002481B01E4648
:10D8200015460F4600280BD1002E09D0FFF796FEB3
:10D8300041490A9888610F70324600208E6008E0E6
:10D84000072005B0F0BD28234343D4509B181C7615
:10D85000401CB842F7DB28204743BB19032048701F
:10D860000F461846CB6019461830002218232E4662
:10D870005E43D3005B181C705C709D70586030185C
:10D88000521C032AF5DB0020C0433861BC70FC70D9
:10D8900001242D482405046003211420FFF740FED5
:10D8A000224880380460254C0198A0600321112093
:10D8B000FFF736FE606878610020C2E770B51E4C45
:10D8C000A568002D06D0002A06D0002804D0002329
:10D8D000247809E0082070BD072070BD28265E432B
:10D8E000AE59002E04D05B1CA342F7DB042070BDB0
:10D8F000282401265C432E516419E26161600360B3
:10D90000002070BD07494868C005C00D2CD01038F4
:10D910001CD50207120F083A920892005118C969E3
:10D9200019E0000000ED00E000E400E080E100E02C
:10D93000401301400010014058280020001501400C
:10D94000FFFF7F004011014080E200E08108B14A02
:10D950008900891809688007C00EC1400806800F39
:10D96000012803D0032803D002207047002070470D
:10D9700001207047FEB50446A748174682680D4649
:10D98000002A0CD001788C4201D2052D01D207204B
:10D99000FEBD2146282359435358012B01D00820AE
:10D9A000FEBD8818406801281DD00026FFF7AAFF99
:10D9B000C00099490190C9684018694600F018F9FB
:10D9C000002812D001214460016094494968083060
:10D9D000E2C091490198C96841180098487000F068
:10D9E0002EF80020FEBD2E46E0E70420FEBDF8B56F
:10D9F000894D0446A868002809D029788C4201D3B3
:10DA00000720F8BD282161434058012801D0082093
:10DA1000F8BDFFF777FFC600E8686946301800F0E8
:10DA2000E7F8002809D0022112C0E86831180098F0
:10DA3000487000F004F80020F8BD0420F8BD012073
:10DA4000774900050860704710B5734900238A784C
:10DA5000CC78A24212D0521CD2B28A70022A00D1D3
:10DA60008B708A786C4B92001C339A58026048691C
:10DA700010180002000A4861012010BD0360002058
:10DA800010BDF8B5644801690091457833E06248FB
:10DA9000E900C0680E1834782AE0182060437168E5
:10DAA000641C0818B178E4B2A14200D100240168D6
:10DAB000022902D003291BD113E0574A40682821CC
:10DAC000926841438F18397E002911D0FFF78EFDEF
:10DAD000002038760CE028277843C0180276406A88
:10DAE00003E04D4900228B680869471CF3D10861A7
:10DAF0007078A042D1D128466D1EEDB20028C6D163
:10DB0000454801690098814201D00120F8BD0020FC
:10DB1000F8BDF7B5404C0025A76823691EE0282111
:10DB20005943C9198E68864202D9301A886017E0B5
:10DB3000801B751900268E600E764E699C464B6AD6
:10DB4000B646002E0AD0019E76193602360ACE60FD
:10DB500076460E6116684E6261461160591CDED130
:10DB60002361FEBDF8B52C4801694A1C3DD028222E
:10DB70005143826889188E6828494C684769007942
:10DB8000E11B0D022D0AED1C002815D10120254AAC
:10DB900000045060234A403A5060214940008031DF
:10DBA0000860214908602149012008602F20FEF704
:10DBB000EDFA194901200871B54200D23546E8193D
:10DBC00000021649000A4031086014494968001BE8
:10DBD000091B0902090A0002C91C000A814203D973
:10DBE00001200F4940040860F8BDFFF7B7FCF8BDFD
:10DBF00042788378521C934200D1002203789342EA
:10DC000001D1002070470A604168407818225043D3
:10DC10000818704700E400E0582800200015014073
:10DC200000E200E04013014000E100E0001001408C
:10DC300010B50446082904D000221146104601F010
:10DC40002BFB21686068884710BD1CB501910090CE
:10DC5000024A0821684601F09DFA1CBD31DC030030
:10DC60000A48026803210A430260094880470948BC
:10DC70000047FEE7FEE7FEE7FEE7FEE7FEE70000FF
:10DC800005480649064A074B704700002405004036
:10DC9000A9DC0300C1C0030090300020903C0020AC
:10DCA0009034002090340020F8B500F035F82B4E69
:10DCB000002804D02A4870602A49F01388612A4855
:10DCC0000124018CC9B201290DD1818C09070AD127
:10DCD000018D0906090F042905D1808D0006000F6A
:10DCE00001D1224884600027B461214D6F60A805EE
:10DCF0008460686800280ED1C820FEF757FA1D48D6
:10DD00007F1C8742F5D30020B0610120800784602A
:10DD100068680028FCD0F8BD1348018CC9B20129FD
:10DD200017D1818C090714D1018D09060A0F03D17F
:10DD3000828D1206120F0ED0090F012903D1828D98
:10DD40001206120F07D0032903D1808D0006000FA1
:10DD500001D00020704701207047000000050040FE
:10DD6000DFFF07C0006C0040C00F00F0000600405D
:10DD7000000100408813000030B585B0002822D093
:10DD80000388FE4CA34220D0FD4B1B78002B1CD0F7
:10DD9000FB4B10255B1C1D705970002401259A70E7
:10DDA000032269460A820094019402940394028A31
:10DDB0000A808D708C8004A90291039300886946C3
:10DDC000A6DF05B030BD0E20FBE70820F9E7F0B56F
:10DDD0008BB004460227684607730026099687849D
:10DDE000C68408A80A900D46A18A208809AAA5DF42
:10DDF000002804D0E16A00291AD0884718E0684654
:10DE0000008CC007C00F13D068460682208803A983
:10DE1000A8DF002813D1A97E28461B3001220B0061
:10DE200001F055FC09430F1B202224263E28430005
:10DE3000FF20FE3069460882208803A9A8DF0BB0C6
:10DE4000F0BD00960AE0062219E069460A710290C8
:10DE500022E0204690470020F1E700922B8B022B16
:10DE6000F3D2F0E700971DE003201AE0042018E049
:10DE7000052016E0298B032905D20322082120461C
:10DE8000FFF77AFFDBE74178027808021043694622
:10DE9000888003D006200090A26ADAE70720FAE71C
:10DEA000092000906946A26AD3E70322E7E730B56C
:10DEB00085B00D46040038D0002D36D068680028A3
:10DEC00033D00020C043AF4B20800FCB049301AB75
:10DED00007C3AD4869460880891C01A863DF002894
:10DEE00022D1221D69460120A0DF00281CD16846EE
:10DEF0008078A071204600F0CEF8002814D120468A
:10DF000000F055F900280FD12946204600F002F90B
:10DF1000002809D16868A062A868002800D0E062E3
:10DF200097490120087000204BE70E2049E73EB5D5
:10DF3000002828D0002926D0826A002A23D00A8807
:10DF4000102A21D0112A30D0502A1FD0512A1AD19C
:10DF500004460846891D0A78022A14D14A88238A71
:10DF60009A4210D1807A04280DD006280BD00528BB
:10DF700009D0891C2046FFF72AFF002803D0E16A58
:10DF8000002900D088473EBD898810E0CA880389EF
:10DF90009A42F8D1082200928A7F6B461A7120318A
:10DFA0000291826A694690473EBD0021C9430180C3
:10DFB0003EBDF0B585B00A4605002DD028886F49D2
:10DFC00088422BD06E480078002827D06C4C102057
:10DFD000641C2070072060700127A7700321684629
:10DFE00001820026E11C104600F04CF8014668460C
:10DFF000008A0918684601820096019602960396E7
:10E00000298A01808770868004A80394029028885A
:10E010006946A6DF05B0F0BD0E20FBE70820F9E752
:10E02000F0B585B00A46050028D0288853498842B3
:10E0300026D053480078002822D0514C1120641C6F
:10E0400020700127684607820026611C104600F0F8
:10E0500019F801466846008A091868460182009648
:10E06000019602960396298A01808770868004A80B
:10E070000394029028886946A6DFCBE70E20C9E703
:10E080000820C7E70870020A4A70020C8A70000E66
:10E09000C8700420704730B58FB005461C21684613
:10E0A00001F022FA6946087804210843694608709D
:10E0B000002401940394049405940694A87908A973
:10E0C000887031486946801C0884601C00070794EA
:10E0D000000F0C77103048778A7FF9200240921C9D
:10E0E000E7200240012002438A77142109A801F0A9
:10E0F000FBF908A8099007A80A9069468C851420A6
:10E10000CC8508860D942B46A888083309AAA2DF7F
:10E110000FB030BDF0B58FB00F4605461C216846E4
:10E1200001F0E2F9684601780226314301700024CB
:10E1300001940394049405940694A97908A8817025
:10E1400011496846091D0184601C0107090F10313F
:10E150006846079401770020014668464177817F31
:10E16000F9200140891CE720014001200143684655
:10E170008177142109A801F0B7F907E0FFFF00003B
:10E180008028002058F703003015000008A80990E7
:10E1900007A80A9068468685C48506860D972B4693
:10E1A000A888203309AA6946A2DF0FB0F0BD30B5B8
:10E1B0008FB005461C21684601F096F9694608783B
:10E1C0000821084310221043694608700024019476
:10E1D0000394049405940694A87908A988701448B7
:10E1E00069460884601C00070794000F0C77103004
:10E1F0004877887FF9210840801CF72108401043A8
:10E200000121084369468877142109A801F06CF9B7
:10E2100008A8099007A80A9069468C851720CC8524
:10E2200008860D942B46A888103309AAA2DF6FE751
:10E2300031150000FFB583B0074600200C9C8646D0
:10E24000267805463AE07868A90041180A886846A9
:10E2500082804988C1800022694601A865DF0028C4
:10E2600010D1684601780598814226D17046002871
:10E2700001D0002200E002222078891841181F29CD
:10E2800002D90C2007B0F0BD7146002908D1401C0E
:10E29000C0B2411C069B049A21701A540120864684
:10E2A000217806980A18694601A865DF0028E9D197
:10E2B000694620780978401820706D1C3888A8427B
:10E2C000C1DC7046002804D020780699801B401ECF
:10E2D00088550020D6E7F8B51546069C1E46074629
:10E2E00002220094FFF7A6FF002806D13346102231
:10E2F000294638460094FFF79DFFF8BDF7B582B078
:10E3000000260546167000681446002805D02846E9
:10E31000039900F0CAF8060008D1687900281ED0D9
:10E320002078039F001D1F2802D90C2005B0F0BDE6
:10E33000684679DF0028F9D121780322481C207033
:10E340007A5421781922481C20707A542078C119F7
:10E350006846008800F0A4F8217840182070A87959
:10E360000223002810D02078039A411C21701354F6
:10E3700020780399471C012227700A542078AA7933
:10E38000471C039927700A54A868002815D000215B
:10E39000415620788C460246C01C03991F28C4D8D9
:10E3A000501C20708B5422780A23501C20708B54F0
:10E3B00020786246431C23700A54A889002809D09B
:10E3C00028460094062202210C30039BFFF783FFAE
:10E3D0000600ABD1A88A002809D02846009407225D
:10E3E00003211430039BFFF776FF06009ED1A88B14
:10E3F000002809D028460094152214211C30039BC4
:10E40000FFF769FF060091D1686A002805D022460F
:10E41000039900F07FF8060088D1A86A002805D08B
:10E420002246039900F0B5F8060084D13020405D03
:10E43000002806D022462846039900F0DCF80600A2
:10E44000C7D1304672E770B50C4692B000216A46DB
:10E45000117007251171002809D0817949070CD561
:10E4600002A9FFF74BFF002808D102AE00E000260A
:10E47000002C0ED0A079002802D0284612B070BD22
:10E4800001AA0AA92046FFF739FF0028F6D10AAAF7
:10E4900000E00022684603790178304672DFEDE73C
:10E4A0000870000A487002207047F8B514780746D3
:10E4B000A01C15460E461F2803D83879801C1F283B
:10E4C00001D90C20F8BD1D20001B80B2694686468C
:10E4D00008803019801C7DDF0028F3D138680228BD
:10E4E00005D168460088704501D8092107E03879D0
:10E4F0000821002801D0704501D968460088421CD7
:10E500003255641CE2B2B1542978801C0818287076
:10E510000020F8BDF8B50D4611780646881D144652
:10E520001F2801D90C20F8BD33880720062BFAD309
:10E530001927FF01BB4202D94D4A9342F3D1728899
:10E54000062AF0D3BA4202D9494FBA42EBD1484F1A
:10E55000BB4203D0BA4201D09342E4D8481C052202
:10E5600020706A5420781222411C21702A5420788D
:10E5700041193088FFF794FF21784018C0B220700D
:10E5800041197088FFF78CFF217840182070002017
:10E59000F8BD70B5054600790E46801C1446C0B221
:10E5A0001178821C8A181F2A01D90C2070BD0A46D6
:10E5B000491C401C2170B0542078FF22411C21705E
:10E5C0003254207881192888FFF76AFF2178401893
:10E5D000C0B22070AA88002A09D0A968002908D0F2
:10E5E000801900F022FF207829794018207000203F
:10E5F00070BD072070BDF7B582B002981446C06A9E
:10E600000F46002832D0029800252030009028E0E4
:10E610000298C16A0C2068430E18217830794A1C90
:10E62000C01C2270785421781622481C20707A541D
:10E630002078C1193088FFF733FF21784018C0B225
:10E640002070B288002A09D0B16800290ED0C01904
:10E6500000F0EBFE20783179401820706D1C009896
:10E66000EDB2007CA842D3D800205FE607205DE62B
:10E67000FFFF000038B56749674A488890420FD0CD
:10E680004A78664C521CD2B24A70237B934208D31C
:10E69000083175DF002803D0A169002900D0884720
:10E6A00038BD00254D70217C002907D03B2176DF45
:10E6B000002803D0A169002900D08847616900299A
:10E6C000EED068460095884738BD70B505460146CE
:10E6D0001C225248FDF7ACFD4E4C002626702968DE
:10E6E000002907D00822A01800F09FFE204608301D
:10E6F0007ADF02E0474808307BDF002808D1401E5F
:10E70000608044486670464A0021001DFFF7D6F835
:10E7100070BD10B53F484068FFF769F910BDF8B506
:10E720003C48103000F069F800263A4D3B4C002878
:10E7300006D06169002919D001200090684614E0D4
:10E740002878002804D0616900290FD00096F5E7E9
:10E75000687800280CD0A16800226868FFF70AF9E1
:10E76000002803D0A169002900D088472E70F8BD89
:10E770006168F1E7F8B5294C02880027254DE68944
:10E78000102A18D029464968112A21D0122A2DD0E2
:10E79000502A0FD1801D0288B2420BD1028B022A6F
:10E7A00008D1C27E837E10021843C007C00F13D069
:10E7B000FFF7B5FFF8BD818869800146154808223A
:10E7C0001631103000F031FE6F70002EF0D0F8BD21
:10E7D0000020C04368806F700846FFF708F90028E2
:10E7E000F5D0A1690029F2D08847F8BD811D0948FC
:10E7F0000822103000F019FEDAE741880548083099
:10E800000288914204D34088814201D80120704798
:10E810000020704788280020FFFF0000C42D002042
:10E8200075E6030031B5054C04E0401E009020461B
:10E83000FDF7CCFC00980028F7D138BDE7030000B5
:10E8400018225043FE4A0021801801718160416105
:10E85000012281610261C1607047FFB581B0F94C4E
:10E86000049B039A054626691A4303200092002E52
:10E8700003D1002A0ED0012222612769039A0126C2
:10E88000360792003B0000F022FF072707162940B9
:10E89000526127000222EFE77069326992B2504359
:10E8A000326933691204920C9BB2594329DF002864
:10E8B00012D102210FE0084628DF00280CD103996D
:10E8C000002901D0032106E00499002916D12978F6
:10E8D000042946D017E0216105B0F0BD70693269A6
:10E8E00092B25043326993B24B4301461846039AA1
:10E8F00029DF0028F0D10499002901D00421EAE79A
:10E900002978042920D00521E5E773693069366943
:10E9100080B2434368681B189B18B6B24E43301848
:10E9200080181946049A29DF0028E9D0D4E7306915
:10E9300080B24843696880188A08696929DF00281D
:10E94000CAD1009900290CD00621C4E77069316949
:10E9500089B24843316989B200F0D9FD28DF002827
:10E96000BAD10721B7E7F8B5B54918230A780F20BF
:10E970005A435418241DB34922782669CF68022AC5
:10E980001BD001252D07042A2AD0052A5BD128692E
:10E9900081B2304600F0BBFD0146A36828699A1990
:10E9A00080B24843101A82086068181886192869CE
:10E9B0004B1C80B25843801B34E0B8026268616926
:10E9C000121A0918A3683018181801239B029A42DA
:10E9D00002D2920829DF31E0FF22013229DF2DE047
:10E9E000E268974914205043F4314018001D0BC8C9
:10E9F000B04203D160685943814218D0022A16D030
:10EA0000286981B2304600F082FD0146286980B253
:10EA10004843301A820828694B1C80B25843636807
:10EA20009B19C01A83082046FFF717FF06E02869E4
:10EA300081B2304600F06BFDC01928DF002802D1FA
:10EA40007F4901228A70F8BDF8B57D4C069E657835
:10EA50000A2D1DD027787D19EDB20A2D01D30A3D6C
:10EA6000EDB218277D432D192871AA6103C9EE6004
:10EA7000AB6069612861A1780020002904D1FFF70B
:10EA800072FF112800D100206178491C6170F8BD27
:10EA90000420F8BD38B50246694818230178594367
:10EAA000081803690179022B0AD014246343644CCB
:10EAB000F434E4588368009383691030A04738BD6C
:10EAC000604B14331C68F5E7F8B55D4B9978012964
:10EAD00014D100255B499D700A69082A05D00228D7
:10EAE0000FD003280AD10D2006E0022807D00D70B0
:10EAF00000F025FA002801D0FFF7CCFFF8BD0D612A
:10EB0000F6E74F48182403784E496343CC68181839
:10EB1000641C001DCC600378022B05D14668A1025D
:10EB2000B14201D3012700E00027052B01D1072ABC
:10EB300003D00021042B02D003E00121FAE7072AC9
:10EB400003D00026042B02D007E00126FAE7406834
:10EB5000A302834201D3002A1AD00020314301438B
:10EB60003943C5D0374E28463561FFF793FF344C03
:10EB70002078FFF765FEF5606078401E60702078B1
:10EB8000401CC0B220700A28B2D30A382070AFE708
:10EB90000120E3E770B500252A4C2948E56025618E
:10EBA0000570457085702E463046FFF749FE761C8D
:10EBB0000A2EF9D3012212076560516928461269AD
:10EBC000491E92B25143E560A1601D49F4310D60C8
:10EBD0008D600D61CD601B4914310D60888001216D
:10EBE0002170206170BDF8B5164A044610780E46B3
:10EBF000002830D0002C30D0002E2ED020680028E5
:10EC00002BD0012000076768016989B28F4228D89C
:10EC1000102F26D3A168002923D095687943436932
:10EC20004A19006980B243439A421AD8012000076A
:10EC3000006980B2814212D901200007006903E017
:10EC4000E02D0020A028002080B2394600F05FFCB3
:10EC5000002906D103E00820F8BD0E20F8BDB80752
:10EC600001D00720F8BDBD49486801281CD00F46D7
:10EC70001421BB4A21C641438E1875602368535046
:10EC80006168B160A168F160A268616800235143C6
:10EC9000012212075B1C14699BB2A4B28C4205D2FC
:10ECA0001469A4B2091B02E00420F8BD0021146914
:10ECB000A4B265191469A4B28C42EBD9BD60401CA2
:10ECC000336178600020F8BDF8B50446A3481E46BD
:10ECD000007815460F46002807D0002F07D0002CDB
:10ECE00005D02068002817D103E00820F8BD0E20C9
:10ECF000F8BD9B48016800290ED0C2688168406851
:10ED00004A4310186268904206D9002D04D0A942E7
:10ED100002D3A819884201D90720F8BD384600F06F
:10ED200008F9002811D0304600F003F900280CD073
:10ED3000606800F0FEF8002807D02B463A462146CE
:10ED400002200096FFF780FEF8BD1020F8BDFFB549
:10ED5000824881B000781F4616460D46002808D02C
:10ED6000002D08D00198002805D02868002817D168
:10ED700003E00820B0E50E20AEE5794C20680028BD
:10ED80000ED0E168A0686268414389186A689142C0
:10ED900006D9002E04D0B04202D3F119814201D924
:10EDA000072099E5019800F0C4F800281BD03846E8
:10EDB00000F0BFF8002816D0686800F0BAF8002804
:10EDC00011D068683246C119019800F02EFB0096F8
:10EDD0002868142148432458002203212846019B17
:10EDE000A047002078E5102076E5F8B505465B4899
:10EDF0000F460078002805D0002D05D0286800288F
:10EE000021D103E00820F8BD0E20F8BD544C0026A7
:10EE10002068002817D0A168E0684843616841185D
:10EE2000686881420FD900F084F800280DD0296865
:10EE300014225143091968684A688968801A00F0E9
:10EE400066FB002903D00720F8BD1020F8BD3B4623
:10EE50000022294604200096FFF7F6FDF8BD3F4A40
:10EE60001278002A0DD000280DD000290BD002689E
:10EE7000002A08D0394A14321368002B05D0042028
:10EE80007047082070470E20704702230B6000680F
:10EE9000106000207047F8B5044630481E460078E0
:10EEA00017460D46002807D0002D07D0002C05D0AE
:10EEB000206802281BD103E00820F8BD0E20F8BD11
:10EEC000264814300068002811D0084600F031F8B8
:10EED00000280ED0304600F02CF8002809D03B4620
:10EEE0002A46214602200096FFF7AEFDF8BD072016
:10EEF000F8BD1020F8BD08B5184A1278002A05D0D0
:10EF0000002805D00268022A11D103E0082008BDBC
:10EF10000E2008BD114A14321268002A07D00B4691
:10EF20000022014604200092FFF78EFD08BD072055
:10EF300008BD800701D000207047012070470849B4
:10EF400010B5F43949780020002906D0FFF70BFDF1
:10EF5000002802D0112800D1002010BDA0280020D8
:10EF6000D42E002070B500250C290ED3044643187A
:10EF7000008941000919581A0A38C2B21748022AF2
:10EF8000027002D30A318B4201D2092070BD1448AD
:10EF900000F04BFA134914480A88824202D02388B1
:10EFA000934217D14988814202D06088884211D1AA
:10EFB0000D4A0323521E20891B03A8420AD9690067
:10EFC00009194989914203D09E896D1CB142F4D13F
:10EFD000002070BD0B2070BD00207047BC280020B1
:10EFE000E82E002080100010FFFF000010B5FDF794
:10EFF000FDF810BD10B50446002A02D0108800228A
:10F0000010E00A48FBE7030A00020343A05C5840F3
:10F0100003061B0F43401803584083B21806C00C68
:10F020005840521C8A42EED310BD0000FFFF000082
:10F030004B48002101704C484A4A02608160C1601F
:10F04000016108224161426081610846704710B544
:10F0500000291DD000220A60434A5368002B1BD0B0
:10F06000202817D85B1E5360D0682423401CD06032
:10F07000106914684343E3180B60012383409169CE
:10F08000401C19434007400F91611061002010BDE2
:10F090000E2010BD0C2010BD042010BDF0B5324A6A
:10F0A0000646916800292BD057691020791A490724
:10F0B000490F14680B4624254D436519B54206D106
:10F0C000012495698C4065400020956104E0491C4D
:10F0D0004907490F8F42EED1491C4E07760F9569BB
:10F0E00001210C469C402B4623420AD19368002BF9
:10F0F00007D05B1E936053685B1C53603346F0E798
:10F100000420F0BD184A2423117C1268491E4907C7
:10F11000490F5943203150500020704770B50028E6
:10F120001AD0002918D0104AD368002B16D05B1EC5
:10F13000D360936824265B1C9360536915681C4652
:10F140007343EE1820330660E858641C08606007BB
:10F15000400F5061002070BD0E2070BD042070BDB6
:10F16000BD280020F42E00201430002030B5CB0044
:10F1700008339DB293070024002B01D0072030BD37
:10F180003B4B9A605219DA605C701C705880998011
:10F19000002030BDF7B5364C0E466088814237D826
:10F1A000344F00F069F822786078A188884201DA4B
:10F1B000401C00E00020C0B2904202D100F062F892
:10F1C00024E065786078884201DA401C00E0002085
:10F1D000607000F057F8BD4218D0A068EF000299A7
:10F1E000C151009900290CD0002E0AD06088324607
:10F1F0004543E068281800F018F9A06838188680A0
:10F2000002E00021381881800020FEBD0420FEBDF0
:10F210000920FEBD0EB504E068468188029A009878
:10F22000904702AA01A9684600F003F80028F3D02D
:10F230000EBD70B50E4B05241D785E78AE4215D01C
:10F240001D781C789E88B44201DA641C00E000241A
:10F250001C705C88DE686C43A41904609B68E8003D
:10F26000C418A4880C80185800241060204670BD73
:10F27000C4280020FFFF000072B606480168491C40
:10F280000160704703490868401E086000D162B6FB
:10F2900070470000D4280020BFF34F8F0349024875
:10F2A000C860BFF34F8FFEE70400FA0500ED00E0F1
:10F2B00010B5002904D0002211461046FFF7ECFFDC
:10F2C00000F010F810BD10B50021024A0846FFF703
:10F2D00061FF10BDB1F2030010B508461146FCF7FE
:10F2E000C3FF10BDF8B5384C2078002837D020690E
:10F2F000002807D00026E068002805D00025002E51
:10F3000004D013E00126F6E70125F8E7684651DF4F
:10F31000052806D0002806D000221146FFF7BCFFC2
:10F3200004E0012602E0216900988847002D12D1EF
:10F33000608869460880A06861DF052806D000283B
:10F3400006D000221146FFF7A7FF04E0012502E0E6
:10F35000E168A0688847002ED8D0002DCFD0F8BD36
:10F3600070B5002901D08C0701D0072070BD164C64
:10F370000125A16062801549636010DF0028F5D186
:10F38000257016202EDF70BD002803D00E49C860FE
:10F39000002070470E207047002803D00A490861FA
:10F3A000002070470E20704710B5074840680028BD
:10F3B00007D08047002803D000221146FFF76CFFDA
:10F3C00010BDFFF78FFF10BDD8280020D9F2030031
:10F3D000034610B50B439B070FD1042A0DD308C871
:10F3E00010C9121FA342F8D018BA21BA884201D915
:10F3F000012010BD0020C04310BD002A03D0D30758
:10F4000003D0521C07E0002010BD03780C78401C8C
:10F41000491C1B1B07D103780C78401C491C1B1B83
:10F4200001D1921EF1D1184610BDF8B5042A2CD393
:10F43000830712D00B78491C0370401C521E8307AF
:10F440000BD00B78491C0370401C521E830704D05C
:10F450000B78491C0370401C521E8B079B0F05D074
:10F46000C91ADF002023DE1B08C90AE0FCF7E0FE12
:10F47000F8BD1D4608C9FD401C46B4402C4310C0D1
:10F48000121F042AF5D2F308C91A521EF0D40B78C1
:10F49000491C0370401C521EEAD40B78491C0370AF
:10F4A000401C521EE4D409780170F8BD01E004C08C
:10F4B000091F0429FBD28B0701D50280801CC907D4
:10F4C00000D00270704700290BD0C30702D0027031
:10F4D000401C491E022904D3830702D50280801CE8
:10F4E000891EE3E70022EEE70022DFE70378C27817
:10F4F0001946437812061B0219438378C0781B040F
:10F50000194311430902090A000608437047002203
:10F5100003098B422CD3030A8B4211D300239C4650
:10F520004EE003460B433CD4002243088B4231D3C8
:10F5300003098B421CD3030A8B4201D394463FE05C
:10F54000C3098B4201D3CB01C01A524183098B42BC
:10F5500001D38B01C01A524143098B4201D34B01A5
:10F56000C01A524103098B4201D30B01C01A524108
:10F57000C3088B4201D3CB00C01A524183088B428F
:10F5800001D38B00C01A524143088B4201D34B0078
:10F59000C01A5241411A00D20146524110467047EA
:10F5A0005DE0CA0F00D04942031000D340425340EF
:10F5B00000229C4603098B422DD3030A8B4212D3AF
:10F5C000FC22890112BA030A8B420CD389019211E1
:10F5D0008B4208D3890192118B4204D389013AD01E
:10F5E000921100E08909C3098B4201D3CB01C01AF3
:10F5F000524183098B4201D38B01C01A5241430906
:10F600008B4201D34B01C01A524103098B4201D3F3
:10F610000B01C01A5241C3088B4201D3CB00C01A60
:10F62000524183088B4201D38B00C01A5241D9D278
:10F6300043088B4201D34B00C01A5241411A00D2F9
:10F640000146634652415B10104601D34042002BF5
:10F6500000D54942704763465B1000D3404201B574
:10F660000020C046C04602BD7047704770477546CF
:10F6700000F022F8AE46050069465346C008C000B7
:10F68000854618B020B5FEF7FBFA60BC0027490894
:10F69000B6460026C0C5C0C5C0C5C0C5C0C5C0C52A
:10F6A000C0C5C0C5403D49008D4670470446C046B0
:10F6B000C0462046FCF751FD00487047303000201E
:10F6C00001491820ABBEFEE726000200704730B4A7
:10F6D0007446641E2578641CAB4200D21D46635DEF
:10F6E0005B00E31830BC1847020000000000000077
:10F6F0000000000000000000040000000000000006
:10F7000000000000000000000000000000000000F9
:10F7100035C40300000000000000000002000000EB
:10F7200000000000000000000000000000000000D9
:10F7300000000000030000000000000000000000C6
:10F7400005000000000000000000000000000000B4
:10F75000000000000000000023D1BCEA5F78231500
:10F76000DEEF12120000000088F7030000280020DE
:10F77000EC00000004C1030074F80300EC28002032
:10F78000A413000020C103000000000000000000DE
:10F790000000000000000000000000000000000069
:10F7A0000000000000000000000000000000000059
:10F7B0000000000000000000000000000000FFFF4B
:10F7C0000000000032000000000000000000000007
:10F7D0000000000000000000000000000000000029
:10F7E0000000000000000000000000000000000019
:10F7F0000000000000000000000000000000000009
:10F80000000000000024F4000000000000000000E0
:10F8100000000000000000000000000000000000E8
:10F8200000000000000000000000000000000000D8
:10F8300000000000000000000000000000000000C8
:10F8400000000000000000000000000000000000B8
:10F8500000000000000000000000000000000000A8
:10F860000000000000000000000000000000000098
:04F870000000000094
:10FC00000100000000000000FE00000000000000F5
:10FC100000000000000000000000000000000000E4
:020000041000EA
:0410140000C0030015
:040000050003C0C173
:00000001FF
